break_id,reconciliation_id,business_date,break_type,mismatch_type,root_cause,source_system,comparison_system,source_record_id,comparison_record_id,source_value,target_value,difference,breaking_fields,severity,status,age,counterparty,client,corporate_action_type,needs_evidence_bundle,split
BRK00001,RECON-DAILY,2026-08-10,CASH,CASH_WRONG_AMOUNT,Cash amount posted differs from expected trade value by a non-round amount,INTERNAL_BOOK,CUSTODIAN_CONFIRM,TRD100000,TRD100000,389282.0,354246.62,,amount,P1,OPEN,0,HDFC-CUST,EQ-CORE-02,,False,TRAIN
BRK00002,RECON-DAILY,2026-08-18,POSITION,POS_MISSING_BOOKING,Missing upstream booking - position never reflected externally,INTERNAL_BOOK,CUSTODIAN_CONFIRM,TRD100002,TRD100002,200,0,,actual_quantity,P0,OPEN,0,MORGANSTANLEY-BROKER,EQ-CORE-01,,False,TEST
BRK00003,RECON-DAILY,2026-08-20,SETTLEMENT,SETL_LATE_COUNTERPARTY,Counterparty has not settled by the expected date,INTERNAL_BOOK,CUSTODIAN_CONFIRM,TRD100003,TRD100003,2026-08-20,2026-08-25,,"settlement_date,settlement_status",P1,OPEN,0,KOTAK-CUST,EQ-CORE-01,,True,TRAIN
BRK00004,RECON-DAILY,2026-08-06,CASH,CASH_FX_INPUT_DIFFERENCE,Cash posted in a different currency / at a stale or incorrect FX rate,INTERNAL_BOOK,CUSTODIAN_CONFIRM,TRD100004,TRD100004,914055.0,978038.85,,"amount,currency",P2,OPEN,0,HDFC-CUST,EQ-ALPHA-03,,False,TEST
BRK00005,RECON-DAILY,2026-08-14,POSITION,CA_MANDATORY_NOT_REFLECTED,"Mandatory corporate action (split/bonus) not yet reflected externally - mechanical, auto-correctable",INTERNAL_BOOK,CUSTODIAN_CONFIRM,TRD100008,TRD100008,1000,500,,actual_quantity,P1,OPEN,0,KOTAK-CUST,EQ-INDEX-04,MANDATORY,True,TEST
BRK00006,RECON-DAILY,2026-08-10,SETTLEMENT,SETL_LATE_COUNTERPARTY,Counterparty has not settled by the expected date,INTERNAL_BOOK,CUSTODIAN_CONFIRM,TRD100009,TRD100009,2026-08-10,2026-08-12,,"settlement_date,settlement_status",P1,OPEN,0,NOMURA-BROKER,EQ-CORE-01,,True,TRAIN
BRK00007,RECON-DAILY,2026-08-20,POSITION,CA_INCORRECT_ENTITLEMENT,Corporate action entitlement calculated incorrectly (wrong ratio applied),INTERNAL_BOOK,CUSTODIAN_CONFIRM,TRD100012,TRD100012,1500,1350,,actual_quantity,P1,OPEN,0,NOMURA-BROKER,EQ-ALPHA-03,MANDATORY,True,TRAIN
BRK00008,RECON-DAILY,2026-08-06,POSITION,CA_MANDATORY_NOT_REFLECTED,"Mandatory corporate action (split/bonus) not yet reflected externally - mechanical, auto-correctable",INTERNAL_BOOK,CUSTODIAN_CONFIRM,TRD100016,TRD100016,300,100,,actual_quantity,P1,OPEN,0,NOMURA-BROKER,EQ-CORE-02,MANDATORY,True,TEST
BRK00009,RECON-DAILY,2026-08-19,TRADE,TRADE_COUNTERPARTY_ID_MISMATCH,Confirmed counterparty identifier differs from booked counterparty,INTERNAL_BOOK,EXTERNAL_CONFIRMATION,TRD100018,TRD100018,KOTAK-CUST,DEUTSCHE-BROKER,,counterparty,P1,OPEN,0,KOTAK-CUST,EQ-ALPHA-03,,True,TRAIN
BRK00010,RECON-DAILY,2026-08-02,POSITION,POS_TIMING_DIFFERENCE,"Timing difference - quantities agree, as-of dates don't (expected to self-resolve)",INTERNAL_BOOK,CUSTODIAN_CONFIRM,TRD100019,TRD100019,2026-08-02,2026-08-03,,as_of_date,P2,OPEN,0,NOMURA-BROKER,EQ-ALPHA-03,,False,TRAIN
BRK00011,RECON-DAILY,2026-08-11,TRADE,TRADE_QUANTITY_MISMATCH,Confirmed quantity differs from booked quantity,INTERNAL_BOOK,EXTERNAL_CONFIRMATION,TRD100020,TRD100020,200,150,,quantity,P1,OPEN,0,NOMURA-BROKER,EQ-CORE-02,,True,TRAIN
BRK00012,RECON-DAILY,2026-08-17,TRADE,TRADE_DATE_MISMATCH,Confirmed trade date differs from booked trade date,INTERNAL_BOOK,EXTERNAL_CONFIRMATION,TRD100023,TRD100023,2026-08-16,2026-08-17,,trade_date,P2,OPEN,0,ICICI-CUST,EQ-CORE-02,,True,TRAIN
BRK00013,RECON-DAILY,2026-08-07,SETTLEMENT,SETL_WRONG_SSI,Settlement instruction references the wrong SSI/beneficiary account - the payment-failure flagship scenario,INTERNAL_BOOK,CUSTODIAN_CONFIRM,TRD100024,TRD100024,SSI-IN-0203,SSI-US-7742,,ssi_code,P0,OPEN,0,KOTAK-CUST,EQ-INDEX-04,,True,TEST
BRK00014,RECON-DAILY,2026-08-02,TRADE,TRADE_QUANTITY_MISMATCH,Confirmed quantity differs from booked quantity,INTERNAL_BOOK,EXTERNAL_CONFIRMATION,TRD100027,TRD100027,500,700,,quantity,P1,OPEN,0,ICICI-CUST,EQ-CORE-01,,True,TRAIN
BRK00015,RECON-DAILY,2026-08-06,SETTLEMENT,SETL_INCORRECT_DATE,Settlement recorded against the wrong date (holiday-calendar-style off-by-one),INTERNAL_BOOK,CUSTODIAN_CONFIRM,TRD100029,TRD100029,2026-08-06,2026-08-07,,settlement_date,P2,OPEN,0,NOMURA-BROKER,EQ-INDEX-04,,True,TRAIN
BRK00016,RECON-DAILY,2026-08-08,POSITION,CA_INCORRECT_ENTITLEMENT,Corporate action entitlement calculated incorrectly (wrong ratio applied),INTERNAL_BOOK,CUSTODIAN_CONFIRM,TRD100030,TRD100030,3000,3400,,actual_quantity,P1,OPEN,0,ICICI-CUST,EQ-CORE-01,MANDATORY,True,TRAIN
BRK00017,RECON-DAILY,2026-08-03,TRADE,TRADE_QUANTITY_MISMATCH,Confirmed quantity differs from booked quantity,INTERNAL_BOOK,EXTERNAL_CONFIRMATION,TRD100031,TRD100031,1500,1700,,quantity,P1,OPEN,0,NOMURA-BROKER,EQ-CORE-01,,True,TRAIN
BRK00018,RECON-DAILY,2026-08-19,SETTLEMENT,SETL_WRONG_SSI,Settlement instruction references the wrong SSI/beneficiary account - the payment-failure flagship scenario,INTERNAL_BOOK,CUSTODIAN_CONFIRM,TRD100034,TRD100034,SSI-IN-0091,SSI-DE-5510,,ssi_code,P0,OPEN,0,ICICI-CUST,EQ-CORE-01,,True,TRAIN
BRK00019,RECON-DAILY,2026-08-02,TRADE,CONF_DISAGREEMENT,External confirmation received but disagrees with the booking on multiple fields,INTERNAL_BOOK,EXTERNAL_CONFIRMATION,TRD100036,TRD100036,"qty=100,price=171.87","qty=175,price=174.04",,"quantity,price",P1,OPEN,0,DEUTSCHE-BROKER,EQ-ALPHA-03,,True,TEST
BRK00020,RECON-DAILY,2026-08-19,TRADE,TRADE_DATE_MISMATCH,Confirmed trade date differs from booked trade date,INTERNAL_BOOK,EXTERNAL_CONFIRMATION,TRD100037,TRD100037,2026-08-18,2026-08-19,,trade_date,P2,OPEN,0,NOMURA-BROKER,EQ-INDEX-04,,True,TEST
BRK00021,RECON-DAILY,2026-08-18,CASH,CASH_WRONG_AMOUNT,Cash amount posted differs from expected trade value by a non-round amount,INTERNAL_BOOK,CUSTODIAN_CONFIRM,TRD100039,TRD100039,285290.0,316671.9,,amount,P1,OPEN,0,MORGANSTANLEY-BROKER,EQ-CORE-02,,False,TRAIN
BRK00022,RECON-DAILY,2026-08-20,SETTLEMENT,SETL_WRONG_SSI,Settlement instruction references the wrong SSI/beneficiary account - the payment-failure flagship scenario,INTERNAL_BOOK,CUSTODIAN_CONFIRM,TRD100041,TRD100041,SSI-IN-0147,SSI-DE-5510,,ssi_code,P0,OPEN,0,HDFC-CUST,EQ-CORE-01,,True,TRAIN
BRK00023,RECON-DAILY,2026-08-19,TRADE,TRADE_COUNTERPARTY_ID_MISMATCH,Confirmed counterparty identifier differs from booked counterparty,INTERNAL_BOOK,EXTERNAL_CONFIRMATION,TRD100046,TRD100046,NOMURA-BROKER,MORGANSTANLEY-BROKER,,counterparty,P1,OPEN,0,NOMURA-BROKER,EQ-ALPHA-03,,True,TEST
BRK00024,RECON-DAILY,2026-08-05,POSITION,CA_INCORRECT_ENTITLEMENT,Corporate action entitlement calculated incorrectly (wrong ratio applied),INTERNAL_BOOK,CUSTODIAN_CONFIRM,TRD100047,TRD100047,1125,975,,actual_quantity,P1,OPEN,0,HDFC-CUST,EQ-ALPHA-03,MANDATORY,True,TRAIN
BRK00025,RECON-DAILY,2026-08-06,CASH,CASH_DUPLICATE_ENTRY,Same cash movement posted twice,INTERNAL_BOOK,CUSTODIAN_CONFIRM,TRD100048,TRD100048,34574.0,69148.0,,"amount,cash_id",P1,OPEN,0,KOTAK-CUST,EQ-ALPHA-03,,False,TRAIN
BRK00026,RECON-DAILY,2026-08-15,SETTLEMENT,SETL_MISSING_INSTRUCTION,No settlement instruction was ever issued,INTERNAL_BOOK,CUSTODIAN_CONFIRM,TRD100050,TRD100050,INSTRUCTED,MISSING,,instruction_status,P0,OPEN,0,KOTAK-CUST,EQ-CORE-01,,True,TRAIN
BRK00027,RECON-DAILY,2026-08-09,SETTLEMENT,SETL_WRONG_SSI,Settlement instruction references the wrong SSI/beneficiary account - the payment-failure flagship scenario,INTERNAL_BOOK,CUSTODIAN_CONFIRM,TRD100054,TRD100054,SSI-JP-3389,SSI-IN-0147,,ssi_code,P0,OPEN,0,NOMURA-BROKER,EQ-CORE-01,,True,TRAIN
BRK00028,RECON-DAILY,2026-08-06,TRADE,CONF_DISAGREEMENT,External confirmation received but disagrees with the booking on multiple fields,INTERNAL_BOOK,EXTERNAL_CONFIRMATION,TRD100055,TRD100055,"qty=1500,price=2758.61","qty=1425,price=2789.43",,"quantity,price",P1,OPEN,0,HDFC-CUST,EQ-CORE-02,,True,TRAIN
BRK00029,RECON-DAILY,2026-08-12,CASH,CASH_WRONG_AMOUNT,Cash amount posted differs from expected trade value by a non-round amount,INTERNAL_BOOK,CUSTODIAN_CONFIRM,TRD100056,TRD100056,257445.0,285763.95,,amount,P1,OPEN,0,DEUTSCHE-BROKER,EQ-CORE-02,,False,TEST
BRK00030,RECON-DAILY,2026-08-09,POSITION,CA_VOLUNTARY_DECISION,"Voluntary corporate action (tender/conversion) pending an election - requires a human business decision, always escalated",INTERNAL_BOOK,CUSTODIAN_CONFIRM,TRD100058,TRD100058,6000,2000,,actual_quantity,P1,OPEN,0,HDFC-CUST,EQ-CORE-01,VOLUNTARY,True,TRAIN
BRK00031,RECON-DAILY,2026-08-05,TRADE,TRADE_QUANTITY_MISMATCH,Confirmed quantity differs from booked quantity,INTERNAL_BOOK,EXTERNAL_CONFIRMATION,TRD100060,TRD100060,1000,1050,,quantity,P1,OPEN,0,KOTAK-CUST,EQ-CORE-02,,True,TRAIN
BRK00032,RECON-DAILY,2026-08-12,CASH,CASH_DUPLICATE_ENTRY,Same cash movement posted twice,INTERNAL_BOOK,CUSTODIAN_CONFIRM,TRD100064,TRD100064,339598.0,679196.0,,"amount,cash_id",P1,OPEN,0,MORGANSTANLEY-BROKER,EQ-ALPHA-03,,True,TRAIN
BRK00033,RECON-DAILY,2026-08-08,CASH,CASH_WRONG_AMOUNT,Cash amount posted differs from expected trade value by a non-round amount,INTERNAL_BOOK,CUSTODIAN_CONFIRM,TRD100067,TRD100067,168708.0,200762.52,,amount,P1,OPEN,0,DEUTSCHE-BROKER,EQ-ALPHA-03,,True,TRAIN
BRK00034,RECON-DAILY,2026-08-18,POSITION,CA_VOLUNTARY_DECISION,"Voluntary corporate action (tender/conversion) pending an election - requires a human business decision, always escalated",INTERNAL_BOOK,CUSTODIAN_CONFIRM,TRD100068,TRD100068,4000,2000,,actual_quantity,P1,OPEN,0,DEUTSCHE-BROKER,EQ-CORE-02,VOLUNTARY,True,TRAIN
BRK00035,RECON-DAILY,2026-08-09,POSITION,POS_MISSING_BOOKING,Missing upstream booking - position never reflected externally,INTERNAL_BOOK,CUSTODIAN_CONFIRM,TRD100069,TRD100069,1000,0,,actual_quantity,P0,OPEN,0,NOMURA-BROKER,EQ-ALPHA-03,,False,TRAIN
BRK00036,RECON-DAILY,2026-08-20,TRADE,TRADE_PRICE_MISMATCH,Confirmed price differs from booked price,INTERNAL_BOOK,EXTERNAL_CONFIRMATION,TRD100071,TRD100071,470.71,460.15,,price,P2,OPEN,0,HDFC-CUST,EQ-INDEX-04,,True,TRAIN
BRK00037,RECON-DAILY,2026-08-02,TRADE,TRADE_QUANTITY_MISMATCH,Confirmed quantity differs from booked quantity,INTERNAL_BOOK,EXTERNAL_CONFIRMATION,TRD100072,TRD100072,500,550,,quantity,P1,OPEN,0,ICICI-CUST,EQ-INDEX-04,,True,TRAIN
BRK00038,RECON-DAILY,2026-08-09,TRADE,TRADE_COUNTERPARTY_ID_MISMATCH,Confirmed counterparty identifier differs from booked counterparty,INTERNAL_BOOK,EXTERNAL_CONFIRMATION,TRD100073,TRD100073,ICICI-CUST,HDFC-CUST,,counterparty,P1,OPEN,0,ICICI-CUST,EQ-INDEX-04,,True,TRAIN
BRK00039,RECON-DAILY,2026-08-19,TRADE,TRADE_COUNTERPARTY_ID_MISMATCH,Confirmed counterparty identifier differs from booked counterparty,INTERNAL_BOOK,EXTERNAL_CONFIRMATION,TRD100074,TRD100074,MORGANSTANLEY-BROKER,HDFC-CUST,,counterparty,P1,OPEN,0,MORGANSTANLEY-BROKER,EQ-ALPHA-03,,True,TRAIN
BRK00040,RECON-DAILY,2026-08-19,SETTLEMENT,SETL_INCORRECT_DATE,Settlement recorded against the wrong date (holiday-calendar-style off-by-one),INTERNAL_BOOK,CUSTODIAN_CONFIRM,TRD100075,TRD100075,2026-08-19,2026-08-20,,settlement_date,P2,OPEN,0,DEUTSCHE-BROKER,EQ-CORE-02,,True,TEST
BRK00041,RECON-DAILY,2026-08-11,TRADE,TRADE_QUANTITY_MISMATCH,Confirmed quantity differs from booked quantity,INTERNAL_BOOK,EXTERNAL_CONFIRMATION,TRD100077,TRD100077,2000,2200,,quantity,P1,OPEN,0,HDFC-CUST,EQ-ALPHA-03,,True,TRAIN
BRK00042,RECON-DAILY,2026-08-20,CASH,CASH_MISSING_ENTRY,Expected cash movement never posted,INTERNAL_BOOK,CUSTODIAN_CONFIRM,TRD100080,TRD100080,2510025.0,,,amount,P0,OPEN,0,NOMURA-BROKER,EQ-CORE-01,,False,TRAIN
BRK00043,RECON-DAILY,2026-08-16,POSITION,POS_WRONG_QUANTITY,Wrong quantity - external position differs by a non-round amount,INTERNAL_BOOK,CUSTODIAN_CONFIRM,TRD100083,TRD100083,1500,1860,,actual_quantity,P1,OPEN,0,HDFC-CUST,EQ-CORE-01,,False,TRAIN
BRK00044,RECON-DAILY,2026-08-15,POSITION,CA_VOLUNTARY_DECISION,"Voluntary corporate action (tender/conversion) pending an election - requires a human business decision, always escalated",INTERNAL_BOOK,CUSTODIAN_CONFIRM,TRD100086,TRD100086,3000,1500,,actual_quantity,P1,OPEN,0,KOTAK-CUST,EQ-CORE-01,VOLUNTARY,True,TRAIN
BRK00045,RECON-DAILY,2026-08-13,POSITION,POS_MISSING_BOOKING,Missing upstream booking - position never reflected externally,INTERNAL_BOOK,CUSTODIAN_CONFIRM,TRD100087,TRD100087,100,0,,actual_quantity,P0,OPEN,0,HDFC-CUST,EQ-CORE-01,,True,TRAIN
BRK00046,RECON-DAILY,2026-08-08,CASH,CASH_MISSING_ENTRY,Expected cash movement never posted,INTERNAL_BOOK,CUSTODIAN_CONFIRM,TRD100088,TRD100088,275794.0,,,amount,P0,OPEN,0,ICICI-CUST,EQ-CORE-02,,False,TRAIN
BRK00047,RECON-DAILY,2026-08-11,TRADE,TRADE_DATE_MISMATCH,Confirmed trade date differs from booked trade date,INTERNAL_BOOK,EXTERNAL_CONFIRMATION,TRD100091,TRD100091,2026-08-10,2026-08-11,,trade_date,P2,OPEN,0,MORGANSTANLEY-BROKER,EQ-INDEX-04,,True,TRAIN
BRK00048,RECON-DAILY,2026-08-09,TRADE,TRADE_QUANTITY_MISMATCH,Confirmed quantity differs from booked quantity,INTERNAL_BOOK,EXTERNAL_CONFIRMATION,TRD100097,TRD100097,750,800,,quantity,P1,OPEN,0,ICICI-CUST,EQ-ALPHA-03,,True,TRAIN
BRK00049,RECON-DAILY,2026-08-14,TRADE,TRADE_COUNTERPARTY_ID_MISMATCH,Confirmed counterparty identifier differs from booked counterparty,INTERNAL_BOOK,EXTERNAL_CONFIRMATION,TRD100098,TRD100098,KOTAK-CUST,HDFC-CUST,,counterparty,P1,OPEN,0,KOTAK-CUST,EQ-CORE-01,,True,TRAIN
BRK00050,RECON-DAILY,2026-08-18,POSITION,CA_INCORRECT_ENTITLEMENT,Corporate action entitlement calculated incorrectly (wrong ratio applied),INTERNAL_BOOK,CUSTODIAN_CONFIRM,TRD100100,TRD100100,1125,1275,,actual_quantity,P1,OPEN,0,HDFC-CUST,EQ-CORE-01,MANDATORY,True,TRAIN
BRK00051,RECON-DAILY,2026-08-08,POSITION,CA_MANDATORY_NOT_REFLECTED,"Mandatory corporate action (split/bonus) not yet reflected externally - mechanical, auto-correctable",INTERNAL_BOOK,CUSTODIAN_CONFIRM,TRD100106,TRD100106,1500,750,,actual_quantity,P1,OPEN,0,KOTAK-CUST,EQ-CORE-02,MANDATORY,True,TEST
BRK00052,RECON-DAILY,2026-08-19,POSITION,CA_MANDATORY_NOT_REFLECTED,"Mandatory corporate action (split/bonus) not yet reflected externally - mechanical, auto-correctable",INTERNAL_BOOK,CUSTODIAN_CONFIRM,TRD100107,TRD100107,1500,750,,actual_quantity,P1,OPEN,0,HDFC-CUST,EQ-ALPHA-03,MANDATORY,True,TRAIN
BRK00053,RECON-DAILY,2026-08-06,TRADE,CONF_MISSING,External confirmation never received,INTERNAL_BOOK,EXTERNAL_CONFIRMATION,TRD100108,TRD100108,TRD100108,,,confirmation,P0,OPEN,0,NOMURA-BROKER,EQ-INDEX-04,,True,TRAIN
BRK00054,RECON-DAILY,2026-08-17,SETTLEMENT,SETL_MISSING_INSTRUCTION,No settlement instruction was ever issued,INTERNAL_BOOK,CUSTODIAN_CONFIRM,TRD100109,TRD100109,INSTRUCTED,MISSING,,instruction_status,P0,OPEN,0,DEUTSCHE-BROKER,EQ-INDEX-04,,True,TRAIN
BRK00055,RECON-DAILY,2026-08-15,TRADE,CONF_DISAGREEMENT,External confirmation received but disagrees with the booking on multiple fields,INTERNAL_BOOK,EXTERNAL_CONFIRMATION,TRD100112,TRD100112,"qty=500,price=4105.03","qty=425,price=4166.78",,"quantity,price",P1,OPEN,0,MORGANSTANLEY-BROKER,EQ-CORE-02,,True,TRAIN
BRK00056,RECON-DAILY,2026-08-20,TRADE,CONF_MISSING,External confirmation never received,INTERNAL_BOOK,EXTERNAL_CONFIRMATION,TRD100113,TRD100113,TRD100113,,,confirmation,P0,OPEN,0,DEUTSCHE-BROKER,EQ-ALPHA-03,,True,TRAIN
BRK00057,RECON-DAILY,2026-08-08,CASH,CASH_DUPLICATE_ENTRY,Same cash movement posted twice,INTERNAL_BOOK,CUSTODIAN_CONFIRM,TRD100114,TRD100114,237106.0,474212.0,,"amount,cash_id",P1,OPEN,0,NOMURA-BROKER,EQ-CORE-02,,True,TEST
BRK00058,RECON-DAILY,2026-08-07,SETTLEMENT,SETL_WRONG_SSI,Settlement instruction references the wrong SSI/beneficiary account - the payment-failure flagship scenario,INTERNAL_BOOK,CUSTODIAN_CONFIRM,TRD100115,TRD100115,SSI-US-7742,SSI-IN-0147,,ssi_code,P0,OPEN,0,MORGANSTANLEY-BROKER,EQ-CORE-01,,True,TRAIN
BRK00059,RECON-DAILY,2026-08-21,SETTLEMENT,SETL_WRONG_SSI,Settlement instruction references the wrong SSI/beneficiary account - the payment-failure flagship scenario,INTERNAL_BOOK,CUSTODIAN_CONFIRM,TRD100116,TRD100116,SSI-DE-5510,SSI-JP-3389,,ssi_code,P0,OPEN,0,DEUTSCHE-BROKER,EQ-ALPHA-03,,True,TRAIN
BRK00060,RECON-DAILY,2026-08-19,SETTLEMENT,SETL_LATE_COUNTERPARTY,Counterparty has not settled by the expected date,INTERNAL_BOOK,CUSTODIAN_CONFIRM,TRD100118,TRD100118,2026-08-19,2026-08-24,,"settlement_date,settlement_status",P1,OPEN,0,HDFC-CUST,EQ-CORE-02,,True,TRAIN
BRK00061,RECON-DAILY,2026-08-12,SETTLEMENT,SETL_LATE_COUNTERPARTY,Counterparty has not settled by the expected date,INTERNAL_BOOK,CUSTODIAN_CONFIRM,TRD100121,TRD100121,2026-08-12,2026-08-15,,"settlement_date,settlement_status",P1,OPEN,0,MORGANSTANLEY-BROKER,EQ-ALPHA-03,,True,TRAIN
BRK00062,RECON-DAILY,2026-08-17,SETTLEMENT,SETL_MISSING_INSTRUCTION,No settlement instruction was ever issued,INTERNAL_BOOK,CUSTODIAN_CONFIRM,TRD100124,TRD100124,INSTRUCTED,MISSING,,instruction_status,P0,OPEN,0,ICICI-CUST,EQ-INDEX-04,,True,TRAIN
BRK00063,RECON-DAILY,2026-08-05,CASH,CASH_WRONG_AMOUNT,Cash amount posted differs from expected trade value by a non-round amount,INTERNAL_BOOK,CUSTODIAN_CONFIRM,TRD100125,TRD100125,1687380.0,1383651.6,,amount,P1,OPEN,0,HDFC-CUST,EQ-ALPHA-03,,False,TRAIN
BRK00064,RECON-DAILY,2026-08-14,SETTLEMENT,SETL_LATE_COUNTERPARTY,Counterparty has not settled by the expected date,INTERNAL_BOOK,CUSTODIAN_CONFIRM,TRD100126,TRD100126,2026-08-14,2026-08-19,,"settlement_date,settlement_status",P1,OPEN,0,MORGANSTANLEY-BROKER,EQ-CORE-01,,True,TEST
BRK00065,RECON-DAILY,2026-08-13,TRADE,TRADE_COUNTERPARTY_ID_MISMATCH,Confirmed counterparty identifier differs from booked counterparty,INTERNAL_BOOK,EXTERNAL_CONFIRMATION,TRD100128,TRD100128,MORGANSTANLEY-BROKER,KOTAK-CUST,,counterparty,P1,OPEN,0,MORGANSTANLEY-BROKER,EQ-INDEX-04,,True,TRAIN
BRK00066,RECON-DAILY,2026-08-19,SETTLEMENT,SETL_LATE_COUNTERPARTY,Counterparty has not settled by the expected date,INTERNAL_BOOK,CUSTODIAN_CONFIRM,TRD100129,TRD100129,2026-08-19,2026-08-22,,"settlement_date,settlement_status",P1,OPEN,0,HDFC-CUST,EQ-ALPHA-03,,True,TRAIN
BRK00067,RECON-DAILY,2026-08-22,TRADE,TRADE_DATE_MISMATCH,Confirmed trade date differs from booked trade date,INTERNAL_BOOK,EXTERNAL_CONFIRMATION,TRD100130,TRD100130,2026-08-21,2026-08-22,,trade_date,P2,OPEN,0,MORGANSTANLEY-BROKER,EQ-CORE-02,,True,TRAIN
BRK00068,RECON-DAILY,2026-08-04,TRADE,CONF_DISAGREEMENT,External confirmation received but disagrees with the booking on multiple fields,INTERNAL_BOOK,EXTERNAL_CONFIRMATION,TRD100131,TRD100131,"qty=100,price=1241.45","qty=175,price=1255.72",,"quantity,price",P1,OPEN,0,HDFC-CUST,EQ-CORE-01,,True,TEST
BRK00069,RECON-DAILY,2026-08-09,POSITION,CA_INCORRECT_ENTITLEMENT,Corporate action entitlement calculated incorrectly (wrong ratio applied),INTERNAL_BOOK,CUSTODIAN_CONFIRM,TRD100133,TRD100133,6000,6400,,actual_quantity,P1,OPEN,0,DEUTSCHE-BROKER,EQ-CORE-02,MANDATORY,True,TEST
BRK00070,RECON-DAILY,2026-08-10,CASH,CASH_FX_INPUT_DIFFERENCE,Cash posted in a different currency / at a stale or incorrect FX rate,INTERNAL_BOOK,CUSTODIAN_CONFIRM,TRD100134,TRD100134,420325.0,435036.37,,"amount,currency",P2,OPEN,0,DEUTSCHE-BROKER,EQ-ALPHA-03,,False,TRAIN
BRK00071,RECON-DAILY,2026-08-11,SETTLEMENT,SETL_MISSING_INSTRUCTION,No settlement instruction was ever issued,INTERNAL_BOOK,CUSTODIAN_CONFIRM,TRD100135,TRD100135,INSTRUCTED,MISSING,,instruction_status,P0,OPEN,0,MORGANSTANLEY-BROKER,EQ-INDEX-04,,True,TRAIN
BRK00072,RECON-DAILY,2026-08-19,POSITION,CA_VOLUNTARY_DECISION,"Voluntary corporate action (tender/conversion) pending an election - requires a human business decision, always escalated",INTERNAL_BOOK,CUSTODIAN_CONFIRM,TRD100136,TRD100136,3000,2000,,actual_quantity,P1,OPEN,0,MORGANSTANLEY-BROKER,EQ-INDEX-04,VOLUNTARY,True,TEST
BRK00073,RECON-DAILY,2026-08-17,TRADE,CONF_DISAGREEMENT,External confirmation received but disagrees with the booking on multiple fields,INTERNAL_BOOK,EXTERNAL_CONFIRMATION,TRD100138,TRD100138,"qty=1500,price=12920.77","qty=1575,price=13140.25",,"quantity,price",P1,OPEN,0,NOMURA-BROKER,EQ-INDEX-04,,True,TRAIN
BRK00074,RECON-DAILY,2026-08-10,TRADE,TRADE_COUNTERPARTY_ID_MISMATCH,Confirmed counterparty identifier differs from booked counterparty,INTERNAL_BOOK,EXTERNAL_CONFIRMATION,TRD100141,TRD100141,KOTAK-CUST,ICICI-CUST,,counterparty,P1,OPEN,0,KOTAK-CUST,EQ-INDEX-04,,True,TRAIN
BRK00075,RECON-DAILY,2026-08-19,CASH,CASH_WRONG_AMOUNT,Cash amount posted differs from expected trade value by a non-round amount,INTERNAL_BOOK,CUSTODIAN_CONFIRM,TRD100142,TRD100142,13025730.0,11853414.3,,amount,P1,OPEN,0,DEUTSCHE-BROKER,EQ-ALPHA-03,,False,TRAIN
BRK00076,RECON-DAILY,2026-08-05,SETTLEMENT,SETL_INCORRECT_DATE,Settlement recorded against the wrong date (holiday-calendar-style off-by-one),INTERNAL_BOOK,CUSTODIAN_CONFIRM,TRD100144,TRD100144,2026-08-05,2026-08-06,,settlement_date,P2,OPEN,0,NOMURA-BROKER,EQ-CORE-01,,True,TRAIN
BRK00077,RECON-DAILY,2026-08-03,TRADE,CONF_MISSING,External confirmation never received,INTERNAL_BOOK,EXTERNAL_CONFIRMATION,TRD100145,TRD100145,TRD100145,,,confirmation,P0,OPEN,0,KOTAK-CUST,EQ-CORE-01,,True,TEST
BRK00078,RECON-DAILY,2026-08-09,POSITION,CA_VOLUNTARY_DECISION,"Voluntary corporate action (tender/conversion) pending an election - requires a human business decision, always escalated",INTERNAL_BOOK,CUSTODIAN_CONFIRM,TRD100146,TRD100146,3000,1000,,actual_quantity,P1,OPEN,0,MORGANSTANLEY-BROKER,EQ-INDEX-04,VOLUNTARY,True,TRAIN
BRK00079,RECON-DAILY,2026-08-22,SETTLEMENT,SETL_INCORRECT_DATE,Settlement recorded against the wrong date (holiday-calendar-style off-by-one),INTERNAL_BOOK,CUSTODIAN_CONFIRM,TRD100148,TRD100148,2026-08-22,2026-08-23,,settlement_date,P2,OPEN,0,KOTAK-CUST,EQ-INDEX-04,,True,TEST
BRK00080,RECON-DAILY,2026-08-11,SETTLEMENT,SETL_MISSING_INSTRUCTION,No settlement instruction was ever issued,INTERNAL_BOOK,CUSTODIAN_CONFIRM,TRD100150,TRD100150,INSTRUCTED,MISSING,,instruction_status,P0,OPEN,0,NOMURA-BROKER,EQ-INDEX-04,,True,TRAIN
BRK00081,RECON-DAILY,2026-08-11,POSITION,POS_MISSING_BOOKING,Missing upstream booking - position never reflected externally,INTERNAL_BOOK,CUSTODIAN_CONFIRM,TRD100152,TRD100152,1000,0,,actual_quantity,P0,OPEN,0,ICICI-CUST,EQ-INDEX-04,,True,TEST
BRK00082,RECON-DAILY,2026-08-13,SETTLEMENT,SETL_INCORRECT_DATE,Settlement recorded against the wrong date (holiday-calendar-style off-by-one),INTERNAL_BOOK,CUSTODIAN_CONFIRM,TRD100155,TRD100155,2026-08-13,2026-08-14,,settlement_date,P2,OPEN,0,NOMURA-BROKER,EQ-CORE-02,,True,TRAIN
BRK00083,RECON-DAILY,2026-08-12,TRADE,TRADE_PRICE_MISMATCH,Confirmed price differs from booked price,INTERNAL_BOOK,EXTERNAL_CONFIRMATION,TRD100158,TRD100158,2752.37,2800.92,,price,P2,OPEN,0,ICICI-CUST,EQ-INDEX-04,,True,TEST
BRK00084,RECON-DAILY,2026-08-22,TRADE,TRADE_DATE_MISMATCH,Confirmed trade date differs from booked trade date,INTERNAL_BOOK,EXTERNAL_CONFIRMATION,TRD100161,TRD100161,2026-08-21,2026-08-22,,trade_date,P2,OPEN,0,KOTAK-CUST,EQ-CORE-01,,True,TEST
BRK00085,RECON-DAILY,2026-08-19,TRADE,TRADE_PRICE_MISMATCH,Confirmed price differs from booked price,INTERNAL_BOOK,EXTERNAL_CONFIRMATION,TRD100162,TRD100162,469.46,481.68,,price,P2,OPEN,0,KOTAK-CUST,EQ-CORE-02,,True,TEST
BRK00086,RECON-DAILY,2026-08-11,POSITION,CA_MANDATORY_NOT_REFLECTED,"Mandatory corporate action (split/bonus) not yet reflected externally - mechanical, auto-correctable",INTERNAL_BOOK,CUSTODIAN_CONFIRM,TRD100164,TRD100164,200,100,,actual_quantity,P1,OPEN,0,DEUTSCHE-BROKER,EQ-CORE-01,MANDATORY,True,TRAIN
BRK00087,RECON-DAILY,2026-08-17,TRADE,TRADE_PRICE_MISMATCH,Confirmed price differs from booked price,INTERNAL_BOOK,EXTERNAL_CONFIRMATION,TRD100166,TRD100166,172.72,167.72,,price,P2,OPEN,0,MORGANSTANLEY-BROKER,EQ-INDEX-04,,True,TRAIN
BRK00088,RECON-DAILY,2026-08-22,TRADE,TRADE_QUANTITY_MISMATCH,Confirmed quantity differs from booked quantity,INTERNAL_BOOK,EXTERNAL_CONFIRMATION,TRD100168,TRD100168,1000,1200,,quantity,P1,OPEN,0,KOTAK-CUST,EQ-CORE-01,,True,TRAIN
BRK00089,RECON-DAILY,2026-08-09,SETTLEMENT,SETL_LATE_COUNTERPARTY,Counterparty has not settled by the expected date,INTERNAL_BOOK,CUSTODIAN_CONFIRM,TRD100171,TRD100171,2026-08-09,2026-08-11,,"settlement_date,settlement_status",P1,OPEN,0,KOTAK-CUST,EQ-CORE-02,,True,TRAIN
BRK00090,RECON-DAILY,2026-08-15,POSITION,POS_WRONG_QUANTITY,Wrong quantity - external position differs by a non-round amount,INTERNAL_BOOK,CUSTODIAN_CONFIRM,TRD100174,TRD100174,750,878,,actual_quantity,P1,OPEN,0,MORGANSTANLEY-BROKER,EQ-CORE-01,,False,TRAIN
BRK00091,RECON-DAILY,2026-08-18,SETTLEMENT,SETL_LATE_COUNTERPARTY,Counterparty has not settled by the expected date,INTERNAL_BOOK,CUSTODIAN_CONFIRM,TRD100175,TRD100175,2026-08-18,2026-08-21,,"settlement_date,settlement_status",P1,OPEN,0,MORGANSTANLEY-BROKER,EQ-CORE-01,,True,TRAIN
BRK00092,RECON-DAILY,2026-08-03,CASH,CASH_FX_INPUT_DIFFERENCE,Cash posted in a different currency / at a stale or incorrect FX rate,INTERNAL_BOOK,CUSTODIAN_CONFIRM,TRD100176,TRD100176,1848270.0,1912959.45,,"amount,currency",P2,OPEN,0,NOMURA-BROKER,EQ-ALPHA-03,,False,TRAIN
BRK00093,RECON-DAILY,2026-08-20,SETTLEMENT,SETL_LATE_COUNTERPARTY,Counterparty has not settled by the expected date,INTERNAL_BOOK,CUSTODIAN_CONFIRM,TRD100179,TRD100179,2026-08-20,2026-08-22,,"settlement_date,settlement_status",P1,OPEN,0,MORGANSTANLEY-BROKER,EQ-ALPHA-03,,True,TRAIN
BRK00094,RECON-DAILY,2026-08-21,POSITION,CA_INCORRECT_ENTITLEMENT,Corporate action entitlement calculated incorrectly (wrong ratio applied),INTERNAL_BOOK,CUSTODIAN_CONFIRM,TRD100180,TRD100180,1125,1350,,actual_quantity,P1,OPEN,0,DEUTSCHE-BROKER,EQ-CORE-01,MANDATORY,True,TRAIN
BRK00095,RECON-DAILY,2026-08-15,CASH,CASH_FX_INPUT_DIFFERENCE,Cash posted in a different currency / at a stale or incorrect FX rate,INTERNAL_BOOK,CUSTODIAN_CONFIRM,TRD100185,TRD100185,390792.0,363436.56,,"amount,currency",P2,OPEN,0,NOMURA-BROKER,EQ-CORE-01,,False,TEST
BRK00096,RECON-DAILY,2026-08-20,SETTLEMENT,SETL_WRONG_SSI,Settlement instruction references the wrong SSI/beneficiary account - the payment-failure flagship scenario,INTERNAL_BOOK,CUSTODIAN_CONFIRM,TRD100186,TRD100186,SSI-US-7742,SSI-IN-0203,,ssi_code,P0,OPEN,0,MORGANSTANLEY-BROKER,EQ-CORE-02,,True,TRAIN
BRK00097,RECON-DAILY,2026-08-15,CASH,CASH_FX_INPUT_DIFFERENCE,Cash posted in a different currency / at a stale or incorrect FX rate,INTERNAL_BOOK,CUSTODIAN_CONFIRM,TRD100188,TRD100188,2060722.5,2163758.62,,"amount,currency",P2,OPEN,0,MORGANSTANLEY-BROKER,EQ-CORE-01,,False,TRAIN
BRK00098,RECON-DAILY,2026-08-11,POSITION,POS_TIMING_DIFFERENCE,"Timing difference - quantities agree, as-of dates don't (expected to self-resolve)",INTERNAL_BOOK,CUSTODIAN_CONFIRM,TRD100189,TRD100189,2026-08-11,2026-08-12,,as_of_date,P2,OPEN,0,KOTAK-CUST,EQ-ALPHA-03,,False,TRAIN
BRK00099,RECON-DAILY,2026-08-14,TRADE,TRADE_DATE_MISMATCH,Confirmed trade date differs from booked trade date,INTERNAL_BOOK,EXTERNAL_CONFIRMATION,TRD100190,TRD100190,2026-08-13,2026-08-14,,trade_date,P2,OPEN,0,ICICI-CUST,EQ-CORE-02,,True,TEST
BRK00100,RECON-DAILY,2026-08-20,SETTLEMENT,SETL_INCORRECT_DATE,Settlement recorded against the wrong date (holiday-calendar-style off-by-one),INTERNAL_BOOK,CUSTODIAN_CONFIRM,TRD100192,TRD100192,2026-08-20,2026-08-21,,settlement_date,P2,OPEN,0,MORGANSTANLEY-BROKER,EQ-CORE-01,,True,TEST
BRK00101,RECON-DAILY,2026-08-21,SETTLEMENT,SETL_INCORRECT_DATE,Settlement recorded against the wrong date (holiday-calendar-style off-by-one),INTERNAL_BOOK,CUSTODIAN_CONFIRM,TRD100196,TRD100196,2026-08-21,2026-08-22,,settlement_date,P2,OPEN,0,ICICI-CUST,EQ-CORE-01,,True,TRAIN
BRK00102,RECON-DAILY,2026-08-03,POSITION,CA_MANDATORY_NOT_REFLECTED,"Mandatory corporate action (split/bonus) not yet reflected externally - mechanical, auto-correctable",INTERNAL_BOOK,CUSTODIAN_CONFIRM,TRD100199,TRD100199,3000,1000,,actual_quantity,P1,OPEN,0,DEUTSCHE-BROKER,EQ-CORE-01,MANDATORY,True,TRAIN
BRK00103,RECON-DAILY,2026-08-09,SETTLEMENT,SETL_WRONG_SSI,Settlement instruction references the wrong SSI/beneficiary account - the payment-failure flagship scenario,INTERNAL_BOOK,CUSTODIAN_CONFIRM,TRD100203,TRD100203,SSI-IN-0203,SSI-IN-0091,,ssi_code,P0,OPEN,0,KOTAK-CUST,EQ-CORE-02,,True,TRAIN
BRK00104,RECON-DAILY,2026-08-08,POSITION,POS_WRONG_QUANTITY,Wrong quantity - external position differs by a non-round amount,INTERNAL_BOOK,CUSTODIAN_CONFIRM,TRD100204,TRD100204,200,174,,actual_quantity,P1,OPEN,0,KOTAK-CUST,EQ-ALPHA-03,,False,TRAIN
BRK00105,RECON-DAILY,2026-08-20,POSITION,POS_WRONG_QUANTITY,Wrong quantity - external position differs by a non-round amount,INTERNAL_BOOK,CUSTODIAN_CONFIRM,TRD100206,TRD100206,2000,2480,,actual_quantity,P1,OPEN,0,MORGANSTANLEY-BROKER,EQ-INDEX-04,,False,TRAIN
BRK00106,RECON-DAILY,2026-08-13,SETTLEMENT,SETL_INCORRECT_DATE,Settlement recorded against the wrong date (holiday-calendar-style off-by-one),INTERNAL_BOOK,CUSTODIAN_CONFIRM,TRD100209,TRD100209,2026-08-13,2026-08-14,,settlement_date,P2,OPEN,0,KOTAK-CUST,EQ-CORE-01,,True,TEST
BRK00107,RECON-DAILY,2026-08-17,POSITION,CA_MANDATORY_NOT_REFLECTED,"Mandatory corporate action (split/bonus) not yet reflected externally - mechanical, auto-correctable",INTERNAL_BOOK,CUSTODIAN_CONFIRM,TRD100211,TRD100211,750,500,,actual_quantity,P1,OPEN,0,MORGANSTANLEY-BROKER,EQ-CORE-02,MANDATORY,True,TEST
BRK00108,RECON-DAILY,2026-08-16,POSITION,POS_MISSING_BOOKING,Missing upstream booking - position never reflected externally,INTERNAL_BOOK,CUSTODIAN_CONFIRM,TRD100213,TRD100213,500,0,,actual_quantity,P0,OPEN,0,MORGANSTANLEY-BROKER,EQ-CORE-02,,False,TRAIN
BRK00109,RECON-DAILY,2026-08-12,POSITION,POS_TIMING_DIFFERENCE,"Timing difference - quantities agree, as-of dates don't (expected to self-resolve)",INTERNAL_BOOK,CUSTODIAN_CONFIRM,TRD100214,TRD100214,2026-08-12,2026-08-13,,as_of_date,P2,OPEN,0,NOMURA-BROKER,EQ-CORE-01,,False,TEST
BRK00110,RECON-DAILY,2026-08-06,POSITION,CA_MANDATORY_NOT_REFLECTED,"Mandatory corporate action (split/bonus) not yet reflected externally - mechanical, auto-correctable",INTERNAL_BOOK,CUSTODIAN_CONFIRM,TRD100216,TRD100216,600,200,,actual_quantity,P1,OPEN,0,KOTAK-CUST,EQ-ALPHA-03,MANDATORY,True,TRAIN
BRK00111,RECON-DAILY,2026-08-08,TRADE,TRADE_PRICE_MISMATCH,Confirmed price differs from booked price,INTERNAL_BOOK,EXTERNAL_CONFIRMATION,TRD100219,TRD100219,842.9,819.34,,price,P2,OPEN,0,KOTAK-CUST,EQ-INDEX-04,,True,TRAIN
BRK00112,RECON-DAILY,2026-08-11,SETTLEMENT,SETL_WRONG_SSI,Settlement instruction references the wrong SSI/beneficiary account - the payment-failure flagship scenario,INTERNAL_BOOK,CUSTODIAN_CONFIRM,TRD100220,TRD100220,SSI-IN-0091,SSI-US-7742,,ssi_code,P0,OPEN,0,ICICI-CUST,EQ-CORE-01,,True,TEST
BRK00113,RECON-DAILY,2026-08-13,TRADE,CONF_DISAGREEMENT,External confirmation received but disagrees with the booking on multiple fields,INTERNAL_BOOK,EXTERNAL_CONFIRMATION,TRD100222,TRD100222,"qty=2000,price=607.56","qty=1925,price=616.79",,"quantity,price",P1,OPEN,0,NOMURA-BROKER,EQ-CORE-02,,True,TRAIN
BRK00114,RECON-DAILY,2026-08-16,SETTLEMENT,SETL_LATE_COUNTERPARTY,Counterparty has not settled by the expected date,INTERNAL_BOOK,CUSTODIAN_CONFIRM,TRD100223,TRD100223,2026-08-16,2026-08-19,,"settlement_date,settlement_status",P1,OPEN,0,HDFC-CUST,EQ-CORE-02,,True,TEST
BRK00115,RECON-DAILY,2026-08-08,POSITION,POS_MISSING_BOOKING,Missing upstream booking - position never reflected externally,INTERNAL_BOOK,CUSTODIAN_CONFIRM,TRD100224,TRD100224,2000,0,,actual_quantity,P0,OPEN,0,KOTAK-CUST,EQ-INDEX-04,,False,TEST
BRK00116,RECON-DAILY,2026-08-04,CASH,CASH_WRONG_AMOUNT,Cash amount posted differs from expected trade value by a non-round amount,INTERNAL_BOOK,CUSTODIAN_CONFIRM,TRD100230,TRD100230,1685930.0,1871382.3,,amount,P1,OPEN,0,KOTAK-CUST,EQ-CORE-02,,True,TRAIN
BRK00117,RECON-DAILY,2026-08-02,CASH,CASH_MISSING_ENTRY,Expected cash movement never posted,INTERNAL_BOOK,CUSTODIAN_CONFIRM,TRD100233,TRD100233,47080.0,,,amount,P0,OPEN,0,KOTAK-CUST,EQ-CORE-02,,True,TRAIN
BRK00118,RECON-DAILY,2026-08-11,CASH,CASH_WRONG_AMOUNT,Cash amount posted differs from expected trade value by a non-round amount,INTERNAL_BOOK,CUSTODIAN_CONFIRM,TRD100234,TRD100234,5498760.0,6103623.6,,amount,P1,OPEN,0,HDFC-CUST,EQ-ALPHA-03,,False,TRAIN
BRK00119,RECON-DAILY,2026-08-21,TRADE,TRADE_COUNTERPARTY_ID_MISMATCH,Confirmed counterparty identifier differs from booked counterparty,INTERNAL_BOOK,EXTERNAL_CONFIRMATION,TRD100235,TRD100235,DEUTSCHE-BROKER,NOMURA-BROKER,,counterparty,P1,OPEN,0,DEUTSCHE-BROKER,EQ-CORE-01,,True,TRAIN
BRK00120,RECON-DAILY,2026-08-13,SETTLEMENT,SETL_MISSING_INSTRUCTION,No settlement instruction was ever issued,INTERNAL_BOOK,CUSTODIAN_CONFIRM,TRD100238,TRD100238,INSTRUCTED,MISSING,,instruction_status,P0,OPEN,0,ICICI-CUST,EQ-CORE-01,,True,TRAIN
BRK00121,RECON-DAILY,2026-08-22,POSITION,CA_INCORRECT_ENTITLEMENT,Corporate action entitlement calculated incorrectly (wrong ratio applied),INTERNAL_BOOK,CUSTODIAN_CONFIRM,TRD100241,TRD100241,2000,2200,,actual_quantity,P1,OPEN,0,HDFC-CUST,EQ-INDEX-04,MANDATORY,True,TRAIN
BRK00122,RECON-DAILY,2026-08-19,TRADE,TRADE_COUNTERPARTY_ID_MISMATCH,Confirmed counterparty identifier differs from booked counterparty,INTERNAL_BOOK,EXTERNAL_CONFIRMATION,TRD100244,TRD100244,DEUTSCHE-BROKER,NOMURA-BROKER,,counterparty,P1,OPEN,0,DEUTSCHE-BROKER,EQ-ALPHA-03,,True,TRAIN
BRK00123,RECON-DAILY,2026-08-17,POSITION,CA_MANDATORY_NOT_REFLECTED,"Mandatory corporate action (split/bonus) not yet reflected externally - mechanical, auto-correctable",INTERNAL_BOOK,CUSTODIAN_CONFIRM,TRD100247,TRD100247,375,250,,actual_quantity,P1,OPEN,0,KOTAK-CUST,EQ-ALPHA-03,MANDATORY,True,TEST
BRK00124,RECON-DAILY,2026-08-22,TRADE,TRADE_PRICE_MISMATCH,Confirmed price differs from booked price,INTERNAL_BOOK,EXTERNAL_CONFIRMATION,TRD100251,TRD100251,1235.53,1269.48,,price,P2,OPEN,0,DEUTSCHE-BROKER,EQ-ALPHA-03,,True,TRAIN
BRK00125,RECON-DAILY,2026-08-09,POSITION,POS_MISSING_BOOKING,Missing upstream booking - position never reflected externally,INTERNAL_BOOK,CUSTODIAN_CONFIRM,TRD100255,TRD100255,1000,0,,actual_quantity,P0,OPEN,0,ICICI-CUST,EQ-CORE-01,,True,TRAIN
BRK00126,RECON-DAILY,2026-08-16,CASH,CASH_FX_INPUT_DIFFERENCE,Cash posted in a different currency / at a stale or incorrect FX rate,INTERNAL_BOOK,CUSTODIAN_CONFIRM,TRD100258,TRD100258,2594756.0,2646651.12,,"amount,currency",P2,OPEN,0,ICICI-CUST,EQ-ALPHA-03,,False,TRAIN
BRK00127,RECON-DAILY,2026-08-05,CASH,CASH_MISSING_ENTRY,Expected cash movement never posted,INTERNAL_BOOK,CUSTODIAN_CONFIRM,TRD100260,TRD100260,2745840.0,,,amount,P0,OPEN,0,HDFC-CUST,EQ-CORE-02,,False,TEST
BRK00128,RECON-DAILY,2026-08-19,POSITION,CA_VOLUNTARY_DECISION,"Voluntary corporate action (tender/conversion) pending an election - requires a human business decision, always escalated",INTERNAL_BOOK,CUSTODIAN_CONFIRM,TRD100261,TRD100261,3000,2000,,actual_quantity,P1,OPEN,0,MORGANSTANLEY-BROKER,EQ-ALPHA-03,VOLUNTARY,True,TRAIN
BRK00129,RECON-DAILY,2026-08-04,TRADE,CONF_MISSING,External confirmation never received,INTERNAL_BOOK,EXTERNAL_CONFIRMATION,TRD100262,TRD100262,TRD100262,,,confirmation,P0,OPEN,0,ICICI-CUST,EQ-ALPHA-03,,True,TRAIN
BRK00130,RECON-DAILY,2026-08-15,TRADE,TRADE_COUNTERPARTY_ID_MISMATCH,Confirmed counterparty identifier differs from booked counterparty,INTERNAL_BOOK,EXTERNAL_CONFIRMATION,TRD100263,TRD100263,MORGANSTANLEY-BROKER,KOTAK-CUST,,counterparty,P1,OPEN,0,MORGANSTANLEY-BROKER,EQ-CORE-01,,True,TRAIN
BRK00131,RECON-DAILY,2026-08-18,POSITION,CA_VOLUNTARY_DECISION,"Voluntary corporate action (tender/conversion) pending an election - requires a human business decision, always escalated",INTERNAL_BOOK,CUSTODIAN_CONFIRM,TRD100264,TRD100264,600,200,,actual_quantity,P1,OPEN,0,KOTAK-CUST,EQ-CORE-02,VOLUNTARY,True,TEST
BRK00132,RECON-DAILY,2026-08-03,POSITION,POS_WRONG_QUANTITY,Wrong quantity - external position differs by a non-round amount,INTERNAL_BOOK,CUSTODIAN_CONFIRM,TRD100265,TRD100265,250,292,,actual_quantity,P1,OPEN,0,ICICI-CUST,EQ-CORE-02,,False,TRAIN
BRK00133,RECON-DAILY,2026-08-09,POSITION,CA_MANDATORY_NOT_REFLECTED,"Mandatory corporate action (split/bonus) not yet reflected externally - mechanical, auto-correctable",INTERNAL_BOOK,CUSTODIAN_CONFIRM,TRD100266,TRD100266,750,250,,actual_quantity,P1,OPEN,0,KOTAK-CUST,EQ-ALPHA-03,MANDATORY,True,TRAIN
BRK00134,RECON-DAILY,2026-08-19,CASH,CASH_WRONG_AMOUNT,Cash amount posted differs from expected trade value by a non-round amount,INTERNAL_BOOK,CUSTODIAN_CONFIRM,TRD100267,TRD100267,621240.0,565328.4,,amount,P1,OPEN,0,KOTAK-CUST,EQ-CORE-02,,False,TRAIN
BRK00135,RECON-DAILY,2026-08-07,POSITION,POS_MISSING_BOOKING,Missing upstream booking - position never reflected externally,INTERNAL_BOOK,CUSTODIAN_CONFIRM,TRD100268,TRD100268,200,0,,actual_quantity,P0,OPEN,0,MORGANSTANLEY-BROKER,EQ-CORE-02,,True,TRAIN
BRK00136,RECON-DAILY,2026-08-03,CASH,CASH_MISSING_ENTRY,Expected cash movement never posted,INTERNAL_BOOK,CUSTODIAN_CONFIRM,TRD100272,TRD100272,2471000.0,,,amount,P0,OPEN,0,HDFC-CUST,EQ-INDEX-04,,False,TRAIN
BRK00137,RECON-DAILY,2026-08-21,SETTLEMENT,SETL_INCORRECT_DATE,Settlement recorded against the wrong date (holiday-calendar-style off-by-one),INTERNAL_BOOK,CUSTODIAN_CONFIRM,TRD100273,TRD100273,2026-08-21,2026-08-22,,settlement_date,P2,OPEN,0,HDFC-CUST,EQ-ALPHA-03,,True,TRAIN
BRK00138,RECON-DAILY,2026-08-21,TRADE,TRADE_QUANTITY_MISMATCH,Confirmed quantity differs from booked quantity,INTERNAL_BOOK,EXTERNAL_CONFIRMATION,TRD100276,TRD100276,750,850,,quantity,P1,OPEN,0,DEUTSCHE-BROKER,EQ-CORE-02,,True,TRAIN
BRK00139,RECON-DAILY,2026-08-12,TRADE,TRADE_PRICE_MISMATCH,Confirmed price differs from booked price,INTERNAL_BOOK,EXTERNAL_CONFIRMATION,TRD100277,TRD100277,13036.3,12888.08,,price,P2,OPEN,0,HDFC-CUST,EQ-CORE-02,,True,TRAIN
BRK00140,RECON-DAILY,2026-08-22,SETTLEMENT,SETL_WRONG_SSI,Settlement instruction references the wrong SSI/beneficiary account - the payment-failure flagship scenario,INTERNAL_BOOK,CUSTODIAN_CONFIRM,TRD100280,TRD100280,SSI-JP-3389,SSI-IN-0203,,ssi_code,P0,OPEN,0,NOMURA-BROKER,EQ-INDEX-04,,True,TRAIN
BRK00141,RECON-DAILY,2026-08-18,SETTLEMENT,SETL_LATE_COUNTERPARTY,Counterparty has not settled by the expected date,INTERNAL_BOOK,CUSTODIAN_CONFIRM,TRD100283,TRD100283,2026-08-18,2026-08-22,,"settlement_date,settlement_status",P1,OPEN,0,DEUTSCHE-BROKER,EQ-ALPHA-03,,True,TEST
BRK00142,RECON-DAILY,2026-08-03,POSITION,CA_VOLUNTARY_DECISION,"Voluntary corporate action (tender/conversion) pending an election - requires a human business decision, always escalated",INTERNAL_BOOK,CUSTODIAN_CONFIRM,TRD100285,TRD100285,4500,1500,,actual_quantity,P1,OPEN,0,ICICI-CUST,EQ-CORE-02,VOLUNTARY,True,TRAIN
BRK00143,RECON-DAILY,2026-08-06,TRADE,TRADE_PRICE_MISMATCH,Confirmed price differs from booked price,INTERNAL_BOOK,EXTERNAL_CONFIRMATION,TRD100286,TRD100286,2746.13,2708.98,,price,P2,OPEN,0,MORGANSTANLEY-BROKER,EQ-CORE-02,,True,TRAIN
BRK00144,RECON-DAILY,2026-08-11,TRADE,CONF_DISAGREEMENT,External confirmation received but disagrees with the booking on multiple fields,INTERNAL_BOOK,EXTERNAL_CONFIRMATION,TRD100288,TRD100288,"qty=2000,price=3687.83","qty=2075,price=3730.0",,"quantity,price",P1,OPEN,0,DEUTSCHE-BROKER,EQ-CORE-01,,True,TRAIN
BRK00145,RECON-DAILY,2026-08-20,CASH,CASH_MISSING_ENTRY,Expected cash movement never posted,INTERNAL_BOOK,CUSTODIAN_CONFIRM,TRD100289,TRD100289,169932.0,,,amount,P0,OPEN,0,KOTAK-CUST,EQ-CORE-01,,False,TRAIN
BRK00146,RECON-DAILY,2026-08-19,CASH,CASH_DUPLICATE_ENTRY,Same cash movement posted twice,INTERNAL_BOOK,CUSTODIAN_CONFIRM,TRD100294,TRD100294,211315.0,422630.0,,"amount,cash_id",P1,OPEN,0,KOTAK-CUST,EQ-ALPHA-03,,False,TRAIN
BRK00147,RECON-DAILY,2026-08-09,CASH,CASH_DUPLICATE_ENTRY,Same cash movement posted twice,INTERNAL_BOOK,CUSTODIAN_CONFIRM,TRD100295,TRD100295,2353240.0,4706480.0,,"amount,cash_id",P1,OPEN,0,KOTAK-CUST,EQ-ALPHA-03,,False,TEST
BRK00148,RECON-DAILY,2026-08-17,SETTLEMENT,SETL_MISSING_INSTRUCTION,No settlement instruction was ever issued,INTERNAL_BOOK,CUSTODIAN_CONFIRM,TRD100296,TRD100296,INSTRUCTED,MISSING,,instruction_status,P0,OPEN,0,KOTAK-CUST,EQ-INDEX-04,,True,TRAIN
BRK00149,RECON-DAILY,2026-08-10,TRADE,TRADE_QUANTITY_MISMATCH,Confirmed quantity differs from booked quantity,INTERNAL_BOOK,EXTERNAL_CONFIRMATION,TRD100300,TRD100300,500,450,,quantity,P1,OPEN,0,MORGANSTANLEY-BROKER,EQ-ALPHA-03,,True,TEST
BRK00150,RECON-DAILY,2026-08-18,TRADE,TRADE_DATE_MISMATCH,Confirmed trade date differs from booked trade date,INTERNAL_BOOK,EXTERNAL_CONFIRMATION,TRD100301,TRD100301,2026-08-17,2026-08-18,,trade_date,P2,OPEN,0,HDFC-CUST,EQ-CORE-02,,True,TRAIN
BRK00151,RECON-DAILY,2026-08-17,CASH,CASH_DUPLICATE_ENTRY,Same cash movement posted twice,INTERNAL_BOOK,CUSTODIAN_CONFIRM,TRD100302,TRD100302,6170640.0,12341280.0,,"amount,cash_id",P1,OPEN,0,ICICI-CUST,EQ-CORE-02,,False,TEST
BRK00152,RECON-DAILY,2026-08-04,TRADE,CONF_MISSING,External confirmation never received,INTERNAL_BOOK,EXTERNAL_CONFIRMATION,TRD100304,TRD100304,TRD100304,,,confirmation,P0,OPEN,0,NOMURA-BROKER,EQ-CORE-02,,True,TEST
BRK00153,RECON-DAILY,2026-08-19,POSITION,POS_WRONG_QUANTITY,Wrong quantity - external position differs by a non-round amount,INTERNAL_BOOK,CUSTODIAN_CONFIRM,TRD100307,TRD100307,2000,2580,,actual_quantity,P1,OPEN,0,MORGANSTANLEY-BROKER,EQ-INDEX-04,,False,TEST
BRK00154,RECON-DAILY,2026-08-02,CASH,CASH_MISSING_ENTRY,Expected cash movement never posted,INTERNAL_BOOK,CUSTODIAN_CONFIRM,TRD100309,TRD100309,1469985.0,,,amount,P0,OPEN,0,NOMURA-BROKER,EQ-ALPHA-03,,False,TRAIN
BRK00155,RECON-DAILY,2026-08-07,POSITION,CA_INCORRECT_ENTITLEMENT,Corporate action entitlement calculated incorrectly (wrong ratio applied),INTERNAL_BOOK,CUSTODIAN_CONFIRM,TRD100311,TRD100311,4500,4200,,actual_quantity,P1,OPEN,0,HDFC-CUST,EQ-INDEX-04,MANDATORY,True,TRAIN
BRK00156,RECON-DAILY,2026-08-20,POSITION,POS_MISSING_BOOKING,Missing upstream booking - position never reflected externally,INTERNAL_BOOK,CUSTODIAN_CONFIRM,TRD100313,TRD100313,750,0,,actual_quantity,P0,OPEN,0,ICICI-CUST,EQ-ALPHA-03,,True,TRAIN
BRK00157,RECON-DAILY,2026-08-05,CASH,CASH_WRONG_AMOUNT,Cash amount posted differs from expected trade value by a non-round amount,INTERNAL_BOOK,CUSTODIAN_CONFIRM,TRD100314,TRD100314,303840.0,361569.6,,amount,P1,OPEN,0,DEUTSCHE-BROKER,EQ-ALPHA-03,,False,TRAIN
BRK00158,RECON-DAILY,2026-08-22,SETTLEMENT,SETL_LATE_COUNTERPARTY,Counterparty has not settled by the expected date,INTERNAL_BOOK,CUSTODIAN_CONFIRM,TRD100315,TRD100315,2026-08-22,2026-08-27,,"settlement_date,settlement_status",P1,OPEN,0,KOTAK-CUST,EQ-ALPHA-03,,True,TRAIN
BRK00159,RECON-DAILY,2026-08-16,POSITION,CA_INCORRECT_ENTITLEMENT,Corporate action entitlement calculated incorrectly (wrong ratio applied),INTERNAL_BOOK,CUSTODIAN_CONFIRM,TRD100316,TRD100316,500,450,,actual_quantity,P1,OPEN,0,NOMURA-BROKER,EQ-ALPHA-03,MANDATORY,True,TRAIN
BRK00160,RECON-DAILY,2026-08-20,CASH,CASH_WRONG_AMOUNT,Cash amount posted differs from expected trade value by a non-round amount,INTERNAL_BOOK,CUSTODIAN_CONFIRM,TRD100318,TRD100318,3664620.0,3004988.4,,amount,P1,OPEN,0,ICICI-CUST,EQ-CORE-01,,False,TEST
BRK00161,RECON-DAILY,2026-08-18,SETTLEMENT,SETL_LATE_COUNTERPARTY,Counterparty has not settled by the expected date,INTERNAL_BOOK,CUSTODIAN_CONFIRM,TRD100320,TRD100320,2026-08-18,2026-08-20,,"settlement_date,settlement_status",P1,OPEN,0,DEUTSCHE-BROKER,EQ-CORE-01,,True,TRAIN
BRK00162,RECON-DAILY,2026-08-04,POSITION,POS_TIMING_DIFFERENCE,"Timing difference - quantities agree, as-of dates don't (expected to self-resolve)",INTERNAL_BOOK,CUSTODIAN_CONFIRM,TRD100323,TRD100323,2026-08-04,2026-08-05,,as_of_date,P2,OPEN,0,MORGANSTANLEY-BROKER,EQ-CORE-01,,False,TRAIN
BRK00163,RECON-DAILY,2026-08-15,POSITION,CA_INCORRECT_ENTITLEMENT,Corporate action entitlement calculated incorrectly (wrong ratio applied),INTERNAL_BOOK,CUSTODIAN_CONFIRM,TRD100324,TRD100324,4000,4400,,actual_quantity,P1,OPEN,0,HDFC-CUST,EQ-CORE-02,MANDATORY,True,TRAIN
BRK00164,RECON-DAILY,2026-08-09,TRADE,CONF_MISSING,External confirmation never received,INTERNAL_BOOK,EXTERNAL_CONFIRMATION,TRD100331,TRD100331,TRD100331,,,confirmation,P0,OPEN,0,MORGANSTANLEY-BROKER,EQ-CORE-02,,True,TRAIN
BRK00165,RECON-DAILY,2026-08-20,TRADE,CONF_DISAGREEMENT,External confirmation received but disagrees with the booking on multiple fields,INTERNAL_BOOK,EXTERNAL_CONFIRMATION,TRD100332,TRD100332,"qty=750,price=1885.27","qty=675,price=1916.11",,"quantity,price",P1,OPEN,0,KOTAK-CUST,EQ-ALPHA-03,,True,TEST
BRK00166,RECON-DAILY,2026-08-18,SETTLEMENT,SETL_INCORRECT_DATE,Settlement recorded against the wrong date (holiday-calendar-style off-by-one),INTERNAL_BOOK,CUSTODIAN_CONFIRM,TRD100333,TRD100333,2026-08-18,2026-08-19,,settlement_date,P2,OPEN,0,HDFC-CUST,EQ-INDEX-04,,True,TRAIN
BRK00167,RECON-DAILY,2026-08-10,CASH,CASH_MISSING_ENTRY,Expected cash movement never posted,INTERNAL_BOOK,CUSTODIAN_CONFIRM,TRD100338,TRD100338,422127.5,,,amount,P0,OPEN,0,HDFC-CUST,EQ-ALPHA-03,,True,TEST
BRK00168,RECON-DAILY,2026-08-04,POSITION,CA_INCORRECT_ENTITLEMENT,Corporate action entitlement calculated incorrectly (wrong ratio applied),INTERNAL_BOOK,CUSTODIAN_CONFIRM,TRD100339,TRD100339,4000,3600,,actual_quantity,P1,OPEN,0,MORGANSTANLEY-BROKER,EQ-CORE-02,MANDATORY,True,TRAIN
BRK00169,RECON-DAILY,2026-08-12,SETTLEMENT,SETL_MISSING_INSTRUCTION,No settlement instruction was ever issued,INTERNAL_BOOK,CUSTODIAN_CONFIRM,TRD100341,TRD100341,INSTRUCTED,MISSING,,instruction_status,P0,OPEN,0,KOTAK-CUST,EQ-CORE-01,,True,TRAIN
BRK00170,RECON-DAILY,2026-08-05,SETTLEMENT,SETL_INCORRECT_DATE,Settlement recorded against the wrong date (holiday-calendar-style off-by-one),INTERNAL_BOOK,CUSTODIAN_CONFIRM,TRD100342,TRD100342,2026-08-05,2026-08-06,,settlement_date,P2,OPEN,0,NOMURA-BROKER,EQ-INDEX-04,,True,TRAIN
BRK00171,RECON-DAILY,2026-08-13,POSITION,CA_MANDATORY_NOT_REFLECTED,"Mandatory corporate action (split/bonus) not yet reflected externally - mechanical, auto-correctable",INTERNAL_BOOK,CUSTODIAN_CONFIRM,TRD100344,TRD100344,3000,2000,,actual_quantity,P1,OPEN,0,KOTAK-CUST,EQ-ALPHA-03,MANDATORY,True,TRAIN
BRK00172,RECON-DAILY,2026-08-17,SETTLEMENT,SETL_LATE_COUNTERPARTY,Counterparty has not settled by the expected date,INTERNAL_BOOK,CUSTODIAN_CONFIRM,TRD100345,TRD100345,2026-08-17,2026-08-21,,"settlement_date,settlement_status",P1,OPEN,0,KOTAK-CUST,EQ-CORE-02,,True,TEST
BRK00173,RECON-DAILY,2026-08-22,SETTLEMENT,SETL_INCORRECT_DATE,Settlement recorded against the wrong date (holiday-calendar-style off-by-one),INTERNAL_BOOK,CUSTODIAN_CONFIRM,TRD100349,TRD100349,2026-08-22,2026-08-23,,settlement_date,P2,OPEN,0,NOMURA-BROKER,EQ-INDEX-04,,True,TEST
BRK00174,RECON-DAILY,2026-08-19,POSITION,CA_VOLUNTARY_DECISION,"Voluntary corporate action (tender/conversion) pending an election - requires a human business decision, always escalated",INTERNAL_BOOK,CUSTODIAN_CONFIRM,TRD100350,TRD100350,1500,1000,,actual_quantity,P1,OPEN,0,DEUTSCHE-BROKER,EQ-CORE-02,VOLUNTARY,True,TRAIN
BRK00175,RECON-DAILY,2026-08-04,TRADE,TRADE_COUNTERPARTY_ID_MISMATCH,Confirmed counterparty identifier differs from booked counterparty,INTERNAL_BOOK,EXTERNAL_CONFIRMATION,TRD100351,TRD100351,NOMURA-BROKER,KOTAK-CUST,,counterparty,P1,OPEN,0,NOMURA-BROKER,EQ-CORE-01,,True,TRAIN
BRK00176,RECON-DAILY,2026-08-15,POSITION,POS_MISSING_BOOKING,Missing upstream booking - position never reflected externally,INTERNAL_BOOK,CUSTODIAN_CONFIRM,TRD100354,TRD100354,100,0,,actual_quantity,P0,OPEN,0,ICICI-CUST,EQ-CORE-01,,False,TRAIN
BRK00177,RECON-DAILY,2026-08-21,TRADE,TRADE_QUANTITY_MISMATCH,Confirmed quantity differs from booked quantity,INTERNAL_BOOK,EXTERNAL_CONFIRMATION,TRD100356,TRD100356,250,350,,quantity,P1,OPEN,0,MORGANSTANLEY-BROKER,EQ-ALPHA-03,,True,TEST
BRK00178,RECON-DAILY,2026-08-03,POSITION,POS_TIMING_DIFFERENCE,"Timing difference - quantities agree, as-of dates don't (expected to self-resolve)",INTERNAL_BOOK,CUSTODIAN_CONFIRM,TRD100359,TRD100359,2026-08-03,2026-08-04,,as_of_date,P2,OPEN,0,NOMURA-BROKER,EQ-CORE-01,,False,TRAIN
BRK00179,RECON-DAILY,2026-08-22,TRADE,TRADE_PRICE_MISMATCH,Confirmed price differs from booked price,INTERNAL_BOOK,EXTERNAL_CONFIRMATION,TRD100360,TRD100360,4134.98,4217.92,,price,P2,OPEN,0,KOTAK-CUST,EQ-CORE-01,,True,TEST
BRK00180,RECON-DAILY,2026-08-20,POSITION,CA_INCORRECT_ENTITLEMENT,Corporate action entitlement calculated incorrectly (wrong ratio applied),INTERNAL_BOOK,CUSTODIAN_CONFIRM,TRD100364,TRD100364,400,460,,actual_quantity,P1,OPEN,0,HDFC-CUST,EQ-INDEX-04,MANDATORY,True,TRAIN
BRK00181,RECON-DAILY,2026-08-04,TRADE,CONF_MISSING,External confirmation never received,INTERNAL_BOOK,EXTERNAL_CONFIRMATION,TRD100365,TRD100365,TRD100365,,,confirmation,P0,OPEN,0,MORGANSTANLEY-BROKER,EQ-ALPHA-03,,True,TRAIN
BRK00182,RECON-DAILY,2026-08-16,POSITION,POS_MISSING_BOOKING,Missing upstream booking - position never reflected externally,INTERNAL_BOOK,CUSTODIAN_CONFIRM,TRD100367,TRD100367,750,0,,actual_quantity,P0,OPEN,0,DEUTSCHE-BROKER,EQ-CORE-02,,True,TRAIN
BRK00183,RECON-DAILY,2026-08-20,CASH,CASH_WRONG_AMOUNT,Cash amount posted differs from expected trade value by a non-round amount,INTERNAL_BOOK,CUSTODIAN_CONFIRM,TRD100368,TRD100368,5516460.0,5019978.6,,amount,P1,OPEN,0,NOMURA-BROKER,EQ-INDEX-04,,False,TRAIN
BRK00184,RECON-DAILY,2026-08-12,CASH,CASH_FX_INPUT_DIFFERENCE,Cash posted in a different currency / at a stale or incorrect FX rate,INTERNAL_BOOK,CUSTODIAN_CONFIRM,TRD100370,TRD100370,423612.5,393959.62,,"amount,currency",P2,OPEN,0,KOTAK-CUST,EQ-CORE-01,,False,TRAIN
BRK00185,RECON-DAILY,2026-08-10,SETTLEMENT,SETL_LATE_COUNTERPARTY,Counterparty has not settled by the expected date,INTERNAL_BOOK,CUSTODIAN_CONFIRM,TRD100371,TRD100371,2026-08-10,2026-08-12,,"settlement_date,settlement_status",P1,OPEN,0,ICICI-CUST,EQ-CORE-02,,True,TRAIN
BRK00186,RECON-DAILY,2026-08-19,POSITION,POS_MISSING_BOOKING,Missing upstream booking - position never reflected externally,INTERNAL_BOOK,CUSTODIAN_CONFIRM,TRD100372,TRD100372,1500,0,,actual_quantity,P0,OPEN,0,MORGANSTANLEY-BROKER,EQ-INDEX-04,,False,TRAIN
BRK00187,RECON-DAILY,2026-08-10,TRADE,TRADE_PRICE_MISMATCH,Confirmed price differs from booked price,INTERNAL_BOOK,EXTERNAL_CONFIRMATION,TRD100376,TRD100376,1884.01,1913.2,,price,P2,OPEN,0,DEUTSCHE-BROKER,EQ-ALPHA-03,,True,TRAIN
BRK00188,RECON-DAILY,2026-08-02,POSITION,POS_WRONG_QUANTITY,Wrong quantity - external position differs by a non-round amount,INTERNAL_BOOK,CUSTODIAN_CONFIRM,TRD100378,TRD100378,200,248,,actual_quantity,P1,OPEN,0,DEUTSCHE-BROKER,EQ-ALPHA-03,,False,TRAIN
BRK00189,RECON-DAILY,2026-08-15,POSITION,POS_MISSING_BOOKING,Missing upstream booking - position never reflected externally,INTERNAL_BOOK,CUSTODIAN_CONFIRM,TRD100379,TRD100379,1000,0,,actual_quantity,P0,OPEN,0,NOMURA-BROKER,EQ-CORE-02,,False,TRAIN
BRK00190,RECON-DAILY,2026-08-07,TRADE,TRADE_QUANTITY_MISMATCH,Confirmed quantity differs from booked quantity,INTERNAL_BOOK,EXTERNAL_CONFIRMATION,TRD100380,TRD100380,500,700,,quantity,P1,OPEN,0,DEUTSCHE-BROKER,EQ-ALPHA-03,,True,TRAIN
BRK00191,RECON-DAILY,2026-08-20,SETTLEMENT,SETL_LATE_COUNTERPARTY,Counterparty has not settled by the expected date,INTERNAL_BOOK,CUSTODIAN_CONFIRM,TRD100382,TRD100382,2026-08-20,2026-08-25,,"settlement_date,settlement_status",P1,OPEN,0,HDFC-CUST,EQ-CORE-02,,True,TRAIN
BRK00192,RECON-DAILY,2026-08-08,TRADE,TRADE_PRICE_MISMATCH,Confirmed price differs from booked price,INTERNAL_BOOK,EXTERNAL_CONFIRMATION,TRD100383,TRD100383,613.05,606.21,,price,P2,OPEN,0,DEUTSCHE-BROKER,EQ-ALPHA-03,,True,TRAIN
BRK00193,RECON-DAILY,2026-08-06,TRADE,CONF_DISAGREEMENT,External confirmation received but disagrees with the booking on multiple fields,INTERNAL_BOOK,EXTERNAL_CONFIRMATION,TRD100384,TRD100384,"qty=1500,price=13002.45","qty=1575,price=13164.74",,"quantity,price",P1,OPEN,0,NOMURA-BROKER,EQ-ALPHA-03,,True,TRAIN
BRK00194,RECON-DAILY,2026-08-15,CASH,CASH_FX_INPUT_DIFFERENCE,Cash posted in a different currency / at a stale or incorrect FX rate,INTERNAL_BOOK,CUSTODIAN_CONFIRM,TRD100386,TRD100386,1770990.0,1832974.65,,"amount,currency",P2,OPEN,0,MORGANSTANLEY-BROKER,EQ-CORE-01,,False,TRAIN
BRK00195,RECON-DAILY,2026-08-09,TRADE,CONF_MISSING,External confirmation never received,INTERNAL_BOOK,EXTERNAL_CONFIRMATION,TRD100387,TRD100387,TRD100387,,,confirmation,P0,OPEN,0,NOMURA-BROKER,EQ-ALPHA-03,,True,TRAIN
BRK00196,RECON-DAILY,2026-08-22,POSITION,CA_MANDATORY_NOT_REFLECTED,"Mandatory corporate action (split/bonus) not yet reflected externally - mechanical, auto-correctable",INTERNAL_BOOK,CUSTODIAN_CONFIRM,TRD100388,TRD100388,300,100,,actual_quantity,P1,OPEN,0,NOMURA-BROKER,EQ-INDEX-04,MANDATORY,True,TRAIN
BRK00197,RECON-DAILY,2026-08-05,TRADE,TRADE_PRICE_MISMATCH,Confirmed price differs from booked price,INTERNAL_BOOK,EXTERNAL_CONFIRMATION,TRD100389,TRD100389,2734.78,2676.08,,price,P2,OPEN,0,KOTAK-CUST,EQ-CORE-02,,True,TRAIN
BRK00198,RECON-DAILY,2026-08-08,POSITION,CA_MANDATORY_NOT_REFLECTED,"Mandatory corporate action (split/bonus) not yet reflected externally - mechanical, auto-correctable",INTERNAL_BOOK,CUSTODIAN_CONFIRM,TRD100392,TRD100392,1125,750,,actual_quantity,P1,OPEN,0,MORGANSTANLEY-BROKER,EQ-INDEX-04,MANDATORY,True,TEST
BRK00199,RECON-DAILY,2026-08-16,TRADE,TRADE_QUANTITY_MISMATCH,Confirmed quantity differs from booked quantity,INTERNAL_BOOK,EXTERNAL_CONFIRMATION,TRD100393,TRD100393,200,150,,quantity,P1,OPEN,0,KOTAK-CUST,EQ-CORE-01,,True,TEST
BRK00200,RECON-DAILY,2026-08-19,TRADE,TRADE_DATE_MISMATCH,Confirmed trade date differs from booked trade date,INTERNAL_BOOK,EXTERNAL_CONFIRMATION,TRD100395,TRD100395,2026-08-18,2026-08-19,,trade_date,P2,OPEN,0,HDFC-CUST,EQ-ALPHA-03,,True,TRAIN
BRK00201,RECON-DAILY,2026-08-20,TRADE,TRADE_PRICE_MISMATCH,Confirmed price differs from booked price,INTERNAL_BOOK,EXTERNAL_CONFIRMATION,TRD100400,TRD100400,1181.56,1153.86,,price,P2,OPEN,0,ICICI-CUST,EQ-ALPHA-03,,True,TRAIN
BRK00202,RECON-DAILY,2026-08-05,TRADE,TRADE_COUNTERPARTY_ID_MISMATCH,Confirmed counterparty identifier differs from booked counterparty,INTERNAL_BOOK,EXTERNAL_CONFIRMATION,TRD100402,TRD100402,HDFC-CUST,NOMURA-BROKER,,counterparty,P1,OPEN,0,HDFC-CUST,EQ-ALPHA-03,,True,TRAIN
BRK00203,RECON-DAILY,2026-08-06,POSITION,POS_WRONG_QUANTITY,Wrong quantity - external position differs by a non-round amount,INTERNAL_BOOK,CUSTODIAN_CONFIRM,TRD100403,TRD100403,1500,1755,,actual_quantity,P1,OPEN,0,MORGANSTANLEY-BROKER,EQ-INDEX-04,,False,TRAIN
BRK00204,RECON-DAILY,2026-08-22,CASH,CASH_MISSING_ENTRY,Expected cash movement never posted,INTERNAL_BOOK,CUSTODIAN_CONFIRM,TRD100404,TRD100404,3785720.0,,,amount,P0,OPEN,0,HDFC-CUST,EQ-CORE-02,,False,TEST
BRK00205,RECON-DAILY,2026-08-14,POSITION,CA_MANDATORY_NOT_REFLECTED,"Mandatory corporate action (split/bonus) not yet reflected externally - mechanical, auto-correctable",INTERNAL_BOOK,CUSTODIAN_CONFIRM,TRD100406,TRD100406,4000,2000,,actual_quantity,P1,OPEN,0,MORGANSTANLEY-BROKER,EQ-INDEX-04,MANDATORY,True,TRAIN
BRK00206,RECON-DAILY,2026-08-16,CASH,CASH_DUPLICATE_ENTRY,Same cash movement posted twice,INTERNAL_BOOK,CUSTODIAN_CONFIRM,TRD100407,TRD100407,3908100.0,7816200.0,,"amount,cash_id",P1,OPEN,0,DEUTSCHE-BROKER,EQ-CORE-02,,True,TRAIN
BRK00207,RECON-DAILY,2026-08-16,CASH,CASH_FX_INPUT_DIFFERENCE,Cash posted in a different currency / at a stale or incorrect FX rate,INTERNAL_BOOK,CUSTODIAN_CONFIRM,TRD100409,TRD100409,1252230.0,1339886.1,,"amount,currency",P2,OPEN,0,MORGANSTANLEY-BROKER,EQ-INDEX-04,,True,TRAIN
BRK00208,RECON-DAILY,2026-08-05,SETTLEMENT,SETL_MISSING_INSTRUCTION,No settlement instruction was ever issued,INTERNAL_BOOK,CUSTODIAN_CONFIRM,TRD100411,TRD100411,INSTRUCTED,MISSING,,instruction_status,P0,OPEN,0,NOMURA-BROKER,EQ-CORE-02,,True,TRAIN
BRK00209,RECON-DAILY,2026-08-20,CASH,CASH_FX_INPUT_DIFFERENCE,Cash posted in a different currency / at a stale or incorrect FX rate,INTERNAL_BOOK,CUSTODIAN_CONFIRM,TRD100413,TRD100413,1368815.0,1272997.95,,"amount,currency",P2,OPEN,0,NOMURA-BROKER,EQ-ALPHA-03,,True,TRAIN
BRK00210,RECON-DAILY,2026-08-08,TRADE,TRADE_PRICE_MISMATCH,Confirmed price differs from booked price,INTERNAL_BOOK,EXTERNAL_CONFIRMATION,TRD100414,TRD100414,1895.68,1946.97,,price,P2,OPEN,0,ICICI-CUST,EQ-ALPHA-03,,True,TRAIN
BRK00211,RECON-DAILY,2026-08-09,CASH,CASH_FX_INPUT_DIFFERENCE,Cash posted in a different currency / at a stale or incorrect FX rate,INTERNAL_BOOK,CUSTODIAN_CONFIRM,TRD100417,TRD100417,419685.0,449062.95,,"amount,currency",P2,OPEN,0,NOMURA-BROKER,EQ-INDEX-04,,False,TRAIN
BRK00212,RECON-DAILY,2026-08-11,TRADE,TRADE_PRICE_MISMATCH,Confirmed price differs from booked price,INTERNAL_BOOK,EXTERNAL_CONFIRMATION,TRD100422,TRD100422,468.07,480.39,,price,P2,OPEN,0,KOTAK-CUST,EQ-CORE-02,,True,TRAIN
BRK00213,RECON-DAILY,2026-08-03,SETTLEMENT,SETL_MISSING_INSTRUCTION,No settlement instruction was ever issued,INTERNAL_BOOK,CUSTODIAN_CONFIRM,TRD100423,TRD100423,INSTRUCTED,MISSING,,instruction_status,P0,OPEN,0,ICICI-CUST,EQ-CORE-01,,True,TEST
BRK00214,RECON-DAILY,2026-08-07,CASH,CASH_DUPLICATE_ENTRY,Same cash movement posted twice,INTERNAL_BOOK,CUSTODIAN_CONFIRM,TRD100424,TRD100424,572548.0,1145096.0,,"amount,cash_id",P1,OPEN,0,DEUTSCHE-BROKER,EQ-INDEX-04,,False,TRAIN
BRK00215,RECON-DAILY,2026-08-13,TRADE,TRADE_COUNTERPARTY_ID_MISMATCH,Confirmed counterparty identifier differs from booked counterparty,INTERNAL_BOOK,EXTERNAL_CONFIRMATION,TRD100426,TRD100426,KOTAK-CUST,ICICI-CUST,,counterparty,P1,OPEN,0,KOTAK-CUST,EQ-CORE-01,,True,TRAIN
BRK00216,RECON-DAILY,2026-08-22,POSITION,CA_INCORRECT_ENTITLEMENT,Corporate action entitlement calculated incorrectly (wrong ratio applied),INTERNAL_BOOK,CUSTODIAN_CONFIRM,TRD100427,TRD100427,375,300,,actual_quantity,P1,OPEN,0,KOTAK-CUST,EQ-CORE-02,MANDATORY,True,TRAIN
BRK00217,RECON-DAILY,2026-08-16,TRADE,CONF_DISAGREEMENT,External confirmation received but disagrees with the booking on multiple fields,INTERNAL_BOOK,EXTERNAL_CONFIRMATION,TRD100429,TRD100429,"qty=500,price=1890.67","qty=575,price=1912.5",,"quantity,price",P1,OPEN,0,ICICI-CUST,EQ-CORE-01,,True,TEST
BRK00218,RECON-DAILY,2026-08-15,SETTLEMENT,SETL_MISSING_INSTRUCTION,No settlement instruction was ever issued,INTERNAL_BOOK,CUSTODIAN_CONFIRM,TRD100430,TRD100430,INSTRUCTED,MISSING,,instruction_status,P0,OPEN,0,NOMURA-BROKER,EQ-CORE-02,,True,TRAIN
BRK00219,RECON-DAILY,2026-08-05,SETTLEMENT,SETL_WRONG_SSI,Settlement instruction references the wrong SSI/beneficiary account - the payment-failure flagship scenario,INTERNAL_BOOK,CUSTODIAN_CONFIRM,TRD100431,TRD100431,SSI-IN-0091,SSI-IN-0203,,ssi_code,P0,OPEN,0,ICICI-CUST,EQ-ALPHA-03,,True,TRAIN
BRK00220,RECON-DAILY,2026-08-07,POSITION,CA_MANDATORY_NOT_REFLECTED,"Mandatory corporate action (split/bonus) not yet reflected externally - mechanical, auto-correctable",INTERNAL_BOOK,CUSTODIAN_CONFIRM,TRD100433,TRD100433,150,100,,actual_quantity,P1,OPEN,0,DEUTSCHE-BROKER,EQ-ALPHA-03,MANDATORY,True,TRAIN
BRK00221,RECON-DAILY,2026-08-09,TRADE,TRADE_QUANTITY_MISMATCH,Confirmed quantity differs from booked quantity,INTERNAL_BOOK,EXTERNAL_CONFIRMATION,TRD100436,TRD100436,1000,900,,quantity,P1,OPEN,0,KOTAK-CUST,EQ-CORE-01,,True,TEST
BRK00222,RECON-DAILY,2026-08-17,POSITION,POS_TIMING_DIFFERENCE,"Timing difference - quantities agree, as-of dates don't (expected to self-resolve)",INTERNAL_BOOK,CUSTODIAN_CONFIRM,TRD100439,TRD100439,2026-08-17,2026-08-18,,as_of_date,P2,OPEN,0,NOMURA-BROKER,EQ-CORE-01,,False,TRAIN
BRK00223,RECON-DAILY,2026-08-20,POSITION,CA_MANDATORY_NOT_REFLECTED,"Mandatory corporate action (split/bonus) not yet reflected externally - mechanical, auto-correctable",INTERNAL_BOOK,CUSTODIAN_CONFIRM,TRD100440,TRD100440,3000,1000,,actual_quantity,P1,OPEN,0,DEUTSCHE-BROKER,EQ-ALPHA-03,MANDATORY,True,TEST
BRK00224,RECON-DAILY,2026-08-19,TRADE,TRADE_DATE_MISMATCH,Confirmed trade date differs from booked trade date,INTERNAL_BOOK,EXTERNAL_CONFIRMATION,TRD100443,TRD100443,2026-08-18,2026-08-19,,trade_date,P2,OPEN,0,MORGANSTANLEY-BROKER,EQ-CORE-02,,True,TRAIN
BRK00225,RECON-DAILY,2026-08-06,SETTLEMENT,SETL_WRONG_SSI,Settlement instruction references the wrong SSI/beneficiary account - the payment-failure flagship scenario,INTERNAL_BOOK,CUSTODIAN_CONFIRM,TRD100447,TRD100447,SSI-JP-3389,SSI-IN-0147,,ssi_code,P0,OPEN,0,NOMURA-BROKER,EQ-CORE-01,,True,TEST
BRK00226,RECON-DAILY,2026-08-10,CASH,CASH_MISSING_ENTRY,Expected cash movement never posted,INTERNAL_BOOK,CUSTODIAN_CONFIRM,TRD100448,TRD100448,469010.0,,,amount,P0,OPEN,0,HDFC-CUST,EQ-ALPHA-03,,False,TEST
BRK00227,RECON-DAILY,2026-08-20,SETTLEMENT,SETL_WRONG_SSI,Settlement instruction references the wrong SSI/beneficiary account - the payment-failure flagship scenario,INTERNAL_BOOK,CUSTODIAN_CONFIRM,TRD100450,TRD100450,SSI-JP-3389,SSI-IN-0203,,ssi_code,P0,OPEN,0,NOMURA-BROKER,EQ-CORE-01,,True,TRAIN
BRK00228,RECON-DAILY,2026-08-20,SETTLEMENT,SETL_INCORRECT_DATE,Settlement recorded against the wrong date (holiday-calendar-style off-by-one),INTERNAL_BOOK,CUSTODIAN_CONFIRM,TRD100451,TRD100451,2026-08-20,2026-08-21,,settlement_date,P2,OPEN,0,HDFC-CUST,EQ-ALPHA-03,,True,TRAIN
BRK00229,RECON-DAILY,2026-08-05,CASH,CASH_WRONG_AMOUNT,Cash amount posted differs from expected trade value by a non-round amount,INTERNAL_BOOK,CUSTODIAN_CONFIRM,TRD100452,TRD100452,249138.0,296474.22,,amount,P1,OPEN,0,HDFC-CUST,EQ-CORE-01,,False,TRAIN
BRK00230,RECON-DAILY,2026-08-17,TRADE,TRADE_PRICE_MISMATCH,Confirmed price differs from booked price,INTERNAL_BOOK,EXTERNAL_CONFIRMATION,TRD100453,TRD100453,12946.84,13293.7,,price,P2,OPEN,0,KOTAK-CUST,EQ-INDEX-04,,True,TRAIN
BRK00231,RECON-DAILY,2026-08-22,CASH,CASH_MISSING_ENTRY,Expected cash movement never posted,INTERNAL_BOOK,CUSTODIAN_CONFIRM,TRD100454,TRD100454,189130.0,,,amount,P0,OPEN,0,DEUTSCHE-BROKER,EQ-CORE-02,,True,TEST
BRK00232,RECON-DAILY,2026-08-18,POSITION,CA_VOLUNTARY_DECISION,"Voluntary corporate action (tender/conversion) pending an election - requires a human business decision, always escalated",INTERNAL_BOOK,CUSTODIAN_CONFIRM,TRD100456,TRD100456,150,100,,actual_quantity,P1,OPEN,0,ICICI-CUST,EQ-INDEX-04,VOLUNTARY,True,TEST
BRK00233,RECON-DAILY,2026-08-20,POSITION,CA_MANDATORY_NOT_REFLECTED,"Mandatory corporate action (split/bonus) not yet reflected externally - mechanical, auto-correctable",INTERNAL_BOOK,CUSTODIAN_CONFIRM,TRD100458,TRD100458,3000,1000,,actual_quantity,P1,OPEN,0,KOTAK-CUST,EQ-CORE-02,MANDATORY,True,TEST
BRK00234,RECON-DAILY,2026-08-08,TRADE,TRADE_PRICE_MISMATCH,Confirmed price differs from booked price,INTERNAL_BOOK,EXTERNAL_CONFIRMATION,TRD100459,TRD100459,849.81,868.29,,price,P2,OPEN,0,NOMURA-BROKER,EQ-CORE-02,,True,TRAIN
BRK00235,RECON-DAILY,2026-08-06,SETTLEMENT,SETL_MISSING_INSTRUCTION,No settlement instruction was ever issued,INTERNAL_BOOK,CUSTODIAN_CONFIRM,TRD100462,TRD100462,INSTRUCTED,MISSING,,instruction_status,P0,OPEN,0,NOMURA-BROKER,EQ-ALPHA-03,,True,TRAIN
BRK00236,RECON-DAILY,2026-08-18,SETTLEMENT,SETL_LATE_COUNTERPARTY,Counterparty has not settled by the expected date,INTERNAL_BOOK,CUSTODIAN_CONFIRM,TRD100464,TRD100464,2026-08-18,2026-08-20,,"settlement_date,settlement_status",P1,OPEN,0,HDFC-CUST,EQ-INDEX-04,,True,TEST
BRK00237,RECON-DAILY,2026-08-06,POSITION,POS_TIMING_DIFFERENCE,"Timing difference - quantities agree, as-of dates don't (expected to self-resolve)",INTERNAL_BOOK,CUSTODIAN_CONFIRM,TRD100465,TRD100465,2026-08-06,2026-08-07,,as_of_date,P2,OPEN,0,HDFC-CUST,EQ-ALPHA-03,,True,TRAIN
BRK00238,RECON-DAILY,2026-08-16,TRADE,TRADE_COUNTERPARTY_ID_MISMATCH,Confirmed counterparty identifier differs from booked counterparty,INTERNAL_BOOK,EXTERNAL_CONFIRMATION,TRD100469,TRD100469,KOTAK-CUST,HDFC-CUST,,counterparty,P1,OPEN,0,KOTAK-CUST,EQ-CORE-01,,True,TRAIN
BRK00239,RECON-DAILY,2026-08-14,TRADE,TRADE_COUNTERPARTY_ID_MISMATCH,Confirmed counterparty identifier differs from booked counterparty,INTERNAL_BOOK,EXTERNAL_CONFIRMATION,TRD100472,TRD100472,DEUTSCHE-BROKER,NOMURA-BROKER,,counterparty,P1,OPEN,0,DEUTSCHE-BROKER,EQ-CORE-02,,True,TRAIN
BRK00240,RECON-DAILY,2026-08-06,TRADE,CONF_MISSING,External confirmation never received,INTERNAL_BOOK,EXTERNAL_CONFIRMATION,TRD100473,TRD100473,TRD100473,,,confirmation,P0,OPEN,0,ICICI-CUST,EQ-CORE-01,,True,TRAIN
BRK00241,RECON-DAILY,2026-08-04,TRADE,TRADE_DATE_MISMATCH,Confirmed trade date differs from booked trade date,INTERNAL_BOOK,EXTERNAL_CONFIRMATION,TRD100475,TRD100475,2026-08-03,2026-08-04,,trade_date,P2,OPEN,0,HDFC-CUST,EQ-INDEX-04,,True,TRAIN
BRK00242,RECON-DAILY,2026-08-17,TRADE,CONF_DISAGREEMENT,External confirmation received but disagrees with the booking on multiple fields,INTERNAL_BOOK,EXTERNAL_CONFIRMATION,TRD100479,TRD100479,"qty=500,price=2854.7","qty=425,price=2896.02",,"quantity,price",P1,OPEN,0,DEUTSCHE-BROKER,EQ-INDEX-04,,True,TRAIN
BRK00243,RECON-DAILY,2026-08-15,SETTLEMENT,SETL_WRONG_SSI,Settlement instruction references the wrong SSI/beneficiary account - the payment-failure flagship scenario,INTERNAL_BOOK,CUSTODIAN_CONFIRM,TRD100480,TRD100480,SSI-IN-0147,SSI-JP-3389,,ssi_code,P0,OPEN,0,HDFC-CUST,EQ-CORE-02,,True,TEST
BRK00244,RECON-DAILY,2026-08-21,TRADE,TRADE_QUANTITY_MISMATCH,Confirmed quantity differs from booked quantity,INTERNAL_BOOK,EXTERNAL_CONFIRMATION,TRD100482,TRD100482,250,350,,quantity,P1,OPEN,0,HDFC-CUST,EQ-CORE-01,,True,TEST
BRK00245,RECON-DAILY,2026-08-20,POSITION,CA_VOLUNTARY_DECISION,"Voluntary corporate action (tender/conversion) pending an election - requires a human business decision, always escalated",INTERNAL_BOOK,CUSTODIAN_CONFIRM,TRD100485,TRD100485,375,250,,actual_quantity,P1,OPEN,0,KOTAK-CUST,EQ-ALPHA-03,VOLUNTARY,True,TRAIN
BRK00246,RECON-DAILY,2026-08-17,SETTLEMENT,SETL_WRONG_SSI,Settlement instruction references the wrong SSI/beneficiary account - the payment-failure flagship scenario,INTERNAL_BOOK,CUSTODIAN_CONFIRM,TRD100488,TRD100488,SSI-IN-0091,SSI-US-7742,,ssi_code,P0,OPEN,0,ICICI-CUST,EQ-ALPHA-03,,True,TEST
BRK00247,RECON-DAILY,2026-08-07,TRADE,TRADE_COUNTERPARTY_ID_MISMATCH,Confirmed counterparty identifier differs from booked counterparty,INTERNAL_BOOK,EXTERNAL_CONFIRMATION,TRD100489,TRD100489,KOTAK-CUST,NOMURA-BROKER,,counterparty,P1,OPEN,0,KOTAK-CUST,EQ-CORE-01,,True,TRAIN
BRK00248,RECON-DAILY,2026-08-18,SETTLEMENT,SETL_INCORRECT_DATE,Settlement recorded against the wrong date (holiday-calendar-style off-by-one),INTERNAL_BOOK,CUSTODIAN_CONFIRM,TRD100490,TRD100490,2026-08-18,2026-08-19,,settlement_date,P2,OPEN,0,KOTAK-CUST,EQ-CORE-01,,True,TRAIN
BRK00249,RECON-DAILY,2026-08-21,POSITION,CA_INCORRECT_ENTITLEMENT,Corporate action entitlement calculated incorrectly (wrong ratio applied),INTERNAL_BOOK,CUSTODIAN_CONFIRM,TRD100495,TRD100495,3000,3200,,actual_quantity,P1,OPEN,0,HDFC-CUST,EQ-CORE-01,MANDATORY,True,TRAIN
BRK00250,RECON-DAILY,2026-08-16,POSITION,POS_TIMING_DIFFERENCE,"Timing difference - quantities agree, as-of dates don't (expected to self-resolve)",INTERNAL_BOOK,CUSTODIAN_CONFIRM,TRD100499,TRD100499,2026-08-16,2026-08-17,,as_of_date,P2,OPEN,0,NOMURA-BROKER,EQ-INDEX-04,,True,TRAIN
BRK00251,RECON-DAILY,2026-08-14,POSITION,CA_MANDATORY_NOT_REFLECTED,"Mandatory corporate action (split/bonus) not yet reflected externally - mechanical, auto-correctable",INTERNAL_BOOK,CUSTODIAN_CONFIRM,TRD100500,TRD100500,4500,1500,,actual_quantity,P1,OPEN,0,KOTAK-CUST,EQ-INDEX-04,MANDATORY,True,TRAIN
BRK00252,RECON-DAILY,2026-08-20,SETTLEMENT,SETL_INCORRECT_DATE,Settlement recorded against the wrong date (holiday-calendar-style off-by-one),INTERNAL_BOOK,CUSTODIAN_CONFIRM,TRD100501,TRD100501,2026-08-20,2026-08-21,,settlement_date,P2,OPEN,0,NOMURA-BROKER,EQ-CORE-02,,True,TEST
BRK00253,RECON-DAILY,2026-08-03,POSITION,CA_INCORRECT_ENTITLEMENT,Corporate action entitlement calculated incorrectly (wrong ratio applied),INTERNAL_BOOK,CUSTODIAN_CONFIRM,TRD100502,TRD100502,600,540,,actual_quantity,P1,OPEN,0,KOTAK-CUST,EQ-CORE-01,MANDATORY,True,TEST
BRK00254,RECON-DAILY,2026-08-07,CASH,CASH_FX_INPUT_DIFFERENCE,Cash posted in a different currency / at a stale or incorrect FX rate,INTERNAL_BOOK,CUSTODIAN_CONFIRM,TRD100503,TRD100503,247104.0,259459.2,,"amount,currency",P2,OPEN,0,DEUTSCHE-BROKER,EQ-CORE-02,,False,TRAIN
BRK00255,RECON-DAILY,2026-08-21,SETTLEMENT,SETL_LATE_COUNTERPARTY,Counterparty has not settled by the expected date,INTERNAL_BOOK,CUSTODIAN_CONFIRM,TRD100504,TRD100504,2026-08-21,2026-08-23,,"settlement_date,settlement_status",P1,OPEN,0,DEUTSCHE-BROKER,EQ-CORE-01,,True,TRAIN
BRK00256,RECON-DAILY,2026-08-15,SETTLEMENT,SETL_LATE_COUNTERPARTY,Counterparty has not settled by the expected date,INTERNAL_BOOK,CUSTODIAN_CONFIRM,TRD100505,TRD100505,2026-08-15,2026-08-20,,"settlement_date,settlement_status",P1,OPEN,0,HDFC-CUST,EQ-CORE-01,,True,TEST
BRK00257,RECON-DAILY,2026-08-13,TRADE,TRADE_PRICE_MISMATCH,Confirmed price differs from booked price,INTERNAL_BOOK,EXTERNAL_CONFIRMATION,TRD100513,TRD100513,1882.47,1838.23,,price,P2,OPEN,0,MORGANSTANLEY-BROKER,EQ-INDEX-04,,True,TRAIN
BRK00258,RECON-DAILY,2026-08-18,POSITION,CA_MANDATORY_NOT_REFLECTED,"Mandatory corporate action (split/bonus) not yet reflected externally - mechanical, auto-correctable",INTERNAL_BOOK,CUSTODIAN_CONFIRM,TRD100514,TRD100514,300,100,,actual_quantity,P1,OPEN,0,DEUTSCHE-BROKER,EQ-INDEX-04,MANDATORY,True,TRAIN
BRK00259,RECON-DAILY,2026-08-03,TRADE,TRADE_COUNTERPARTY_ID_MISMATCH,Confirmed counterparty identifier differs from booked counterparty,INTERNAL_BOOK,EXTERNAL_CONFIRMATION,TRD100515,TRD100515,MORGANSTANLEY-BROKER,HDFC-CUST,,counterparty,P1,OPEN,0,MORGANSTANLEY-BROKER,EQ-CORE-02,,True,TRAIN
BRK00260,RECON-DAILY,2026-08-15,POSITION,POS_WRONG_QUANTITY,Wrong quantity - external position differs by a non-round amount,INTERNAL_BOOK,CUSTODIAN_CONFIRM,TRD100517,TRD100517,1500,1860,,actual_quantity,P1,OPEN,0,HDFC-CUST,EQ-CORE-02,,True,TRAIN
BRK00261,RECON-DAILY,2026-08-02,POSITION,CA_MANDATORY_NOT_REFLECTED,"Mandatory corporate action (split/bonus) not yet reflected externally - mechanical, auto-correctable",INTERNAL_BOOK,CUSTODIAN_CONFIRM,TRD100519,TRD100519,3000,2000,,actual_quantity,P1,OPEN,0,NOMURA-BROKER,EQ-INDEX-04,MANDATORY,True,TEST
BRK00262,RECON-DAILY,2026-08-19,POSITION,CA_INCORRECT_ENTITLEMENT,Corporate action entitlement calculated incorrectly (wrong ratio applied),INTERNAL_BOOK,CUSTODIAN_CONFIRM,TRD100521,TRD100521,300,360,,actual_quantity,P1,OPEN,0,KOTAK-CUST,EQ-INDEX-04,MANDATORY,True,TRAIN
BRK00263,RECON-DAILY,2026-08-14,CASH,CASH_FX_INPUT_DIFFERENCE,Cash posted in a different currency / at a stale or incorrect FX rate,INTERNAL_BOOK,CUSTODIAN_CONFIRM,TRD100523,TRD100523,423100.0,437908.5,,"amount,currency",P2,OPEN,0,ICICI-CUST,EQ-INDEX-04,,False,TRAIN
BRK00264,RECON-DAILY,2026-08-16,TRADE,CONF_DISAGREEMENT,External confirmation received but disagrees with the booking on multiple fields,INTERNAL_BOOK,EXTERNAL_CONFIRMATION,TRD100526,TRD100526,"qty=750,price=1899.26","qty=825,price=1918.53",,"quantity,price",P1,OPEN,0,KOTAK-CUST,EQ-ALPHA-03,,True,TRAIN
BRK00265,RECON-DAILY,2026-08-08,TRADE,TRADE_DATE_MISMATCH,Confirmed trade date differs from booked trade date,INTERNAL_BOOK,EXTERNAL_CONFIRMATION,TRD100527,TRD100527,2026-08-07,2026-08-08,,trade_date,P2,OPEN,0,DEUTSCHE-BROKER,EQ-INDEX-04,,True,TRAIN
BRK00266,RECON-DAILY,2026-08-07,TRADE,TRADE_DATE_MISMATCH,Confirmed trade date differs from booked trade date,INTERNAL_BOOK,EXTERNAL_CONFIRMATION,TRD100528,TRD100528,2026-08-06,2026-08-07,,trade_date,P2,OPEN,0,ICICI-CUST,EQ-ALPHA-03,,True,TRAIN
BRK00267,RECON-DAILY,2026-08-08,POSITION,POS_MISSING_BOOKING,Missing upstream booking - position never reflected externally,INTERNAL_BOOK,CUSTODIAN_CONFIRM,TRD100529,TRD100529,100,0,,actual_quantity,P0,OPEN,0,ICICI-CUST,EQ-CORE-02,,False,TRAIN
BRK00268,RECON-DAILY,2026-08-05,CASH,CASH_MISSING_ENTRY,Expected cash movement never posted,INTERNAL_BOOK,CUSTODIAN_CONFIRM,TRD100531,TRD100531,5527695.0,,,amount,P0,OPEN,0,NOMURA-BROKER,EQ-CORE-01,,False,TRAIN
BRK00269,RECON-DAILY,2026-08-08,SETTLEMENT,SETL_INCORRECT_DATE,Settlement recorded against the wrong date (holiday-calendar-style off-by-one),INTERNAL_BOOK,CUSTODIAN_CONFIRM,TRD100534,TRD100534,2026-08-08,2026-08-09,,settlement_date,P2,OPEN,0,HDFC-CUST,EQ-CORE-02,,True,TRAIN
BRK00270,RECON-DAILY,2026-08-12,CASH,CASH_MISSING_ENTRY,Expected cash movement never posted,INTERNAL_BOOK,CUSTODIAN_CONFIRM,TRD100539,TRD100539,248114.0,,,amount,P0,OPEN,0,KOTAK-CUST,EQ-ALPHA-03,,False,TEST
BRK00271,RECON-DAILY,2026-08-02,POSITION,POS_WRONG_QUANTITY,Wrong quantity - external position differs by a non-round amount,INTERNAL_BOOK,CUSTODIAN_CONFIRM,TRD100541,TRD100541,1000,1290,,actual_quantity,P1,OPEN,0,NOMURA-BROKER,EQ-INDEX-04,,False,TRAIN
BRK00272,RECON-DAILY,2026-08-11,SETTLEMENT,SETL_WRONG_SSI,Settlement instruction references the wrong SSI/beneficiary account - the payment-failure flagship scenario,INTERNAL_BOOK,CUSTODIAN_CONFIRM,TRD100546,TRD100546,SSI-DE-5510,SSI-IN-0147,,ssi_code,P0,OPEN,0,DEUTSCHE-BROKER,EQ-ALPHA-03,,True,TRAIN
BRK00273,RECON-DAILY,2026-08-14,CASH,CASH_MISSING_ENTRY,Expected cash movement never posted,INTERNAL_BOOK,CUSTODIAN_CONFIRM,TRD100548,TRD100548,234450.0,,,amount,P0,OPEN,0,MORGANSTANLEY-BROKER,EQ-ALPHA-03,,True,TRAIN
BRK00274,RECON-DAILY,2026-08-07,POSITION,POS_WRONG_QUANTITY,Wrong quantity - external position differs by a non-round amount,INTERNAL_BOOK,CUSTODIAN_CONFIRM,TRD100550,TRD100550,1000,1170,,actual_quantity,P1,OPEN,0,ICICI-CUST,EQ-INDEX-04,,False,TEST
BRK00275,RECON-DAILY,2026-08-07,POSITION,CA_VOLUNTARY_DECISION,"Voluntary corporate action (tender/conversion) pending an election - requires a human business decision, always escalated",INTERNAL_BOOK,CUSTODIAN_CONFIRM,TRD100552,TRD100552,750,250,,actual_quantity,P1,OPEN,0,DEUTSCHE-BROKER,EQ-CORE-01,VOLUNTARY,True,TRAIN
BRK00276,RECON-DAILY,2026-08-14,TRADE,TRADE_QUANTITY_MISMATCH,Confirmed quantity differs from booked quantity,INTERNAL_BOOK,EXTERNAL_CONFIRMATION,TRD100553,TRD100553,1500,1550,,quantity,P1,OPEN,0,DEUTSCHE-BROKER,EQ-INDEX-04,,True,TEST
BRK00277,RECON-DAILY,2026-08-13,POSITION,CA_INCORRECT_ENTITLEMENT,Corporate action entitlement calculated incorrectly (wrong ratio applied),INTERNAL_BOOK,CUSTODIAN_CONFIRM,TRD100554,TRD100554,300,330,,actual_quantity,P1,OPEN,0,ICICI-CUST,EQ-ALPHA-03,MANDATORY,True,TRAIN
BRK00278,RECON-DAILY,2026-08-09,SETTLEMENT,SETL_MISSING_INSTRUCTION,No settlement instruction was ever issued,INTERNAL_BOOK,CUSTODIAN_CONFIRM,TRD100555,TRD100555,INSTRUCTED,MISSING,,instruction_status,P0,OPEN,0,HDFC-CUST,EQ-ALPHA-03,,True,TRAIN
BRK00279,RECON-DAILY,2026-08-20,CASH,CASH_MISSING_ENTRY,Expected cash movement never posted,INTERNAL_BOOK,CUSTODIAN_CONFIRM,TRD100556,TRD100556,377620.0,,,amount,P0,OPEN,0,KOTAK-CUST,EQ-CORE-02,,False,TEST
BRK00280,RECON-DAILY,2026-08-09,POSITION,CA_INCORRECT_ENTITLEMENT,Corporate action entitlement calculated incorrectly (wrong ratio applied),INTERNAL_BOOK,CUSTODIAN_CONFIRM,TRD100559,TRD100559,2250,1950,,actual_quantity,P1,OPEN,0,NOMURA-BROKER,EQ-CORE-02,MANDATORY,True,TRAIN
BRK00281,RECON-DAILY,2026-08-21,CASH,CASH_FX_INPUT_DIFFERENCE,Cash posted in a different currency / at a stale or incorrect FX rate,INTERNAL_BOOK,CUSTODIAN_CONFIRM,TRD100561,TRD100561,1271242.5,1315735.99,,"amount,currency",P2,OPEN,0,ICICI-CUST,EQ-CORE-01,,True,TRAIN
BRK00282,RECON-DAILY,2026-08-16,POSITION,POS_TIMING_DIFFERENCE,"Timing difference - quantities agree, as-of dates don't (expected to self-resolve)",INTERNAL_BOOK,CUSTODIAN_CONFIRM,TRD100570,TRD100570,2026-08-16,2026-08-17,,as_of_date,P2,OPEN,0,KOTAK-CUST,EQ-ALPHA-03,,False,TRAIN
BRK00283,RECON-DAILY,2026-08-03,POSITION,CA_MANDATORY_NOT_REFLECTED,"Mandatory corporate action (split/bonus) not yet reflected externally - mechanical, auto-correctable",INTERNAL_BOOK,CUSTODIAN_CONFIRM,TRD100571,TRD100571,600,200,,actual_quantity,P1,OPEN,0,KOTAK-CUST,EQ-ALPHA-03,MANDATORY,True,TRAIN
BRK00284,RECON-DAILY,2026-08-15,POSITION,CA_INCORRECT_ENTITLEMENT,Corporate action entitlement calculated incorrectly (wrong ratio applied),INTERNAL_BOOK,CUSTODIAN_CONFIRM,TRD100578,TRD100578,3000,2600,,actual_quantity,P1,OPEN,0,DEUTSCHE-BROKER,EQ-CORE-01,MANDATORY,True,TRAIN
BRK00285,RECON-DAILY,2026-08-16,SETTLEMENT,SETL_MISSING_INSTRUCTION,No settlement instruction was ever issued,INTERNAL_BOOK,CUSTODIAN_CONFIRM,TRD100587,TRD100587,INSTRUCTED,MISSING,,instruction_status,P0,OPEN,0,KOTAK-CUST,EQ-ALPHA-03,,True,TEST
BRK00286,RECON-DAILY,2026-08-12,POSITION,POS_TIMING_DIFFERENCE,"Timing difference - quantities agree, as-of dates don't (expected to self-resolve)",INTERNAL_BOOK,CUSTODIAN_CONFIRM,TRD100588,TRD100588,2026-08-12,2026-08-13,,as_of_date,P2,OPEN,0,MORGANSTANLEY-BROKER,EQ-INDEX-04,,False,TRAIN
BRK00287,RECON-DAILY,2026-08-09,CASH,CASH_FX_INPUT_DIFFERENCE,Cash posted in a different currency / at a stale or incorrect FX rate,INTERNAL_BOOK,CUSTODIAN_CONFIRM,TRD100589,TRD100589,1215980.0,1276779.0,,"amount,currency",P2,OPEN,0,ICICI-CUST,EQ-ALPHA-03,,False,TEST
BRK00288,RECON-DAILY,2026-08-15,CASH,CASH_WRONG_AMOUNT,Cash amount posted differs from expected trade value by a non-round amount,INTERNAL_BOOK,CUSTODIAN_CONFIRM,TRD100591,TRD100591,43110.0,54749.7,,amount,P1,OPEN,0,ICICI-CUST,EQ-ALPHA-03,,False,TRAIN
BRK00289,RECON-DAILY,2026-08-14,POSITION,POS_TIMING_DIFFERENCE,"Timing difference - quantities agree, as-of dates don't (expected to self-resolve)",INTERNAL_BOOK,CUSTODIAN_CONFIRM,TRD100592,TRD100592,2026-08-14,2026-08-15,,as_of_date,P2,OPEN,0,HDFC-CUST,EQ-INDEX-04,,True,TRAIN
BRK00290,RECON-DAILY,2026-08-15,TRADE,CONF_DISAGREEMENT,External confirmation received but disagrees with the booking on multiple fields,INTERNAL_BOOK,EXTERNAL_CONFIRMATION,TRD100593,TRD100593,"qty=1000,price=607.96","qty=1075,price=618.0",,"quantity,price",P1,OPEN,0,ICICI-CUST,EQ-CORE-01,,True,TRAIN
BRK00291,RECON-DAILY,2026-08-07,TRADE,TRADE_DATE_MISMATCH,Confirmed trade date differs from booked trade date,INTERNAL_BOOK,EXTERNAL_CONFIRMATION,TRD100595,TRD100595,2026-08-06,2026-08-07,,trade_date,P2,OPEN,0,NOMURA-BROKER,EQ-CORE-02,,True,TRAIN
BRK00292,RECON-DAILY,2026-08-12,TRADE,TRADE_DATE_MISMATCH,Confirmed trade date differs from booked trade date,INTERNAL_BOOK,EXTERNAL_CONFIRMATION,TRD100597,TRD100597,2026-08-11,2026-08-12,,trade_date,P2,OPEN,0,KOTAK-CUST,EQ-INDEX-04,,True,TRAIN
BRK00293,RECON-DAILY,2026-08-11,POSITION,CA_INCORRECT_ENTITLEMENT,Corporate action entitlement calculated incorrectly (wrong ratio applied),INTERNAL_BOOK,CUSTODIAN_CONFIRM,TRD100599,TRD100599,1500,1650,,actual_quantity,P1,OPEN,0,NOMURA-BROKER,EQ-ALPHA-03,MANDATORY,True,TRAIN
BRK00294,RECON-DAILY,2026-08-22,POSITION,CA_INCORRECT_ENTITLEMENT,Corporate action entitlement calculated incorrectly (wrong ratio applied),INTERNAL_BOOK,CUSTODIAN_CONFIRM,TRD100600,TRD100600,375,300,,actual_quantity,P1,OPEN,0,KOTAK-CUST,EQ-CORE-01,MANDATORY,True,TRAIN
BRK00295,RECON-DAILY,2026-08-15,POSITION,POS_WRONG_QUANTITY,Wrong quantity - external position differs by a non-round amount,INTERNAL_BOOK,CUSTODIAN_CONFIRM,TRD100601,TRD100601,2000,2580,,actual_quantity,P1,OPEN,0,NOMURA-BROKER,EQ-ALPHA-03,,False,TEST
BRK00296,RECON-DAILY,2026-08-02,CASH,CASH_FX_INPUT_DIFFERENCE,Cash posted in a different currency / at a stale or incorrect FX rate,INTERNAL_BOOK,CUSTODIAN_CONFIRM,TRD100602,TRD100602,274622.0,280114.44,,"amount,currency",P2,OPEN,0,DEUTSCHE-BROKER,EQ-CORE-02,,False,TRAIN
BRK00297,RECON-DAILY,2026-08-22,POSITION,POS_WRONG_QUANTITY,Wrong quantity - external position differs by a non-round amount,INTERNAL_BOOK,CUSTODIAN_CONFIRM,TRD100608,TRD100608,2000,2480,,actual_quantity,P1,OPEN,0,NOMURA-BROKER,EQ-ALPHA-03,,True,TRAIN
BRK00298,RECON-DAILY,2026-08-07,SETTLEMENT,SETL_INCORRECT_DATE,Settlement recorded against the wrong date (holiday-calendar-style off-by-one),INTERNAL_BOOK,CUSTODIAN_CONFIRM,TRD100609,TRD100609,2026-08-07,2026-08-08,,settlement_date,P2,OPEN,0,NOMURA-BROKER,EQ-CORE-01,,True,TEST
BRK00299,RECON-DAILY,2026-08-15,POSITION,CA_MANDATORY_NOT_REFLECTED,"Mandatory corporate action (split/bonus) not yet reflected externally - mechanical, auto-correctable",INTERNAL_BOOK,CUSTODIAN_CONFIRM,TRD100610,TRD100610,400,200,,actual_quantity,P1,OPEN,0,KOTAK-CUST,EQ-ALPHA-03,MANDATORY,True,TRAIN
BRK00300,RECON-DAILY,2026-08-12,SETTLEMENT,SETL_WRONG_SSI,Settlement instruction references the wrong SSI/beneficiary account - the payment-failure flagship scenario,INTERNAL_BOOK,CUSTODIAN_CONFIRM,TRD100613,TRD100613,SSI-US-7742,SSI-JP-3389,,ssi_code,P0,OPEN,0,MORGANSTANLEY-BROKER,EQ-CORE-02,,True,TEST
BRK00301,RECON-DAILY,2026-08-07,TRADE,TRADE_QUANTITY_MISMATCH,Confirmed quantity differs from booked quantity,INTERNAL_BOOK,EXTERNAL_CONFIRMATION,TRD100614,TRD100614,200,250,,quantity,P1,OPEN,0,DEUTSCHE-BROKER,EQ-INDEX-04,,True,TEST
BRK00302,RECON-DAILY,2026-08-12,CASH,CASH_FX_INPUT_DIFFERENCE,Cash posted in a different currency / at a stale or incorrect FX rate,INTERNAL_BOOK,CUSTODIAN_CONFIRM,TRD100615,TRD100615,424420.0,432908.4,,"amount,currency",P2,OPEN,0,KOTAK-CUST,EQ-ALPHA-03,,False,TRAIN
BRK00303,RECON-DAILY,2026-08-05,CASH,CASH_MISSING_ENTRY,Expected cash movement never posted,INTERNAL_BOOK,CUSTODIAN_CONFIRM,TRD100618,TRD100618,1953380.0,,,amount,P0,OPEN,0,DEUTSCHE-BROKER,EQ-ALPHA-03,,False,TRAIN
BRK00304,RECON-DAILY,2026-08-18,POSITION,CA_MANDATORY_NOT_REFLECTED,"Mandatory corporate action (split/bonus) not yet reflected externally - mechanical, auto-correctable",INTERNAL_BOOK,CUSTODIAN_CONFIRM,TRD100619,TRD100619,1500,1000,,actual_quantity,P1,OPEN,0,DEUTSCHE-BROKER,EQ-INDEX-04,MANDATORY,True,TRAIN
BRK00305,RECON-DAILY,2026-08-04,TRADE,TRADE_QUANTITY_MISMATCH,Confirmed quantity differs from booked quantity,INTERNAL_BOOK,EXTERNAL_CONFIRMATION,TRD100620,TRD100620,500,550,,quantity,P1,OPEN,0,ICICI-CUST,EQ-CORE-02,,True,TEST
BRK00306,RECON-DAILY,2026-08-04,POSITION,POS_WRONG_QUANTITY,Wrong quantity - external position differs by a non-round amount,INTERNAL_BOOK,CUSTODIAN_CONFIRM,TRD100622,TRD100622,1500,1170,,actual_quantity,P1,OPEN,0,NOMURA-BROKER,EQ-CORE-02,,True,TRAIN
BRK00307,RECON-DAILY,2026-08-02,TRADE,CONF_MISSING,External confirmation never received,INTERNAL_BOOK,EXTERNAL_CONFIRMATION,TRD100625,TRD100625,TRD100625,,,confirmation,P0,OPEN,0,DEUTSCHE-BROKER,EQ-CORE-01,,True,TRAIN
BRK00308,RECON-DAILY,2026-08-11,CASH,CASH_MISSING_ENTRY,Expected cash movement never posted,INTERNAL_BOOK,CUSTODIAN_CONFIRM,TRD100627,TRD100627,34418.0,,,amount,P0,OPEN,0,MORGANSTANLEY-BROKER,EQ-CORE-01,,False,TRAIN
BRK00309,RECON-DAILY,2026-08-02,POSITION,CA_INCORRECT_ENTITLEMENT,Corporate action entitlement calculated incorrectly (wrong ratio applied),INTERNAL_BOOK,CUSTODIAN_CONFIRM,TRD100630,TRD100630,3000,2800,,actual_quantity,P1,OPEN,0,MORGANSTANLEY-BROKER,EQ-CORE-02,MANDATORY,True,TRAIN
BRK00310,RECON-DAILY,2026-08-22,CASH,CASH_WRONG_AMOUNT,Cash amount posted differs from expected trade value by a non-round amount,INTERNAL_BOOK,CUSTODIAN_CONFIRM,TRD100632,TRD100632,1670370.0,2121369.9,,amount,P1,OPEN,0,MORGANSTANLEY-BROKER,EQ-CORE-02,,True,TRAIN
BRK00311,RECON-DAILY,2026-08-08,POSITION,CA_VOLUNTARY_DECISION,"Voluntary corporate action (tender/conversion) pending an election - requires a human business decision, always escalated",INTERNAL_BOOK,CUSTODIAN_CONFIRM,TRD100635,TRD100635,600,200,,actual_quantity,P1,OPEN,0,NOMURA-BROKER,EQ-INDEX-04,VOLUNTARY,True,TRAIN
BRK00312,RECON-DAILY,2026-08-22,POSITION,CA_MANDATORY_NOT_REFLECTED,"Mandatory corporate action (split/bonus) not yet reflected externally - mechanical, auto-correctable",INTERNAL_BOOK,CUSTODIAN_CONFIRM,TRD100639,TRD100639,1500,500,,actual_quantity,P1,OPEN,0,DEUTSCHE-BROKER,EQ-ALPHA-03,MANDATORY,True,TEST
BRK00313,RECON-DAILY,2026-08-22,CASH,CASH_DUPLICATE_ENTRY,Same cash movement posted twice,INTERNAL_BOOK,CUSTODIAN_CONFIRM,TRD100642,TRD100642,86020.0,172040.0,,"amount,cash_id",P1,OPEN,0,ICICI-CUST,EQ-CORE-01,,False,TEST
BRK00314,RECON-DAILY,2026-08-20,SETTLEMENT,SETL_LATE_COUNTERPARTY,Counterparty has not settled by the expected date,INTERNAL_BOOK,CUSTODIAN_CONFIRM,TRD100643,TRD100643,2026-08-20,2026-08-25,,"settlement_date,settlement_status",P1,OPEN,0,DEUTSCHE-BROKER,EQ-CORE-02,,True,TEST
BRK00315,RECON-DAILY,2026-08-19,TRADE,TRADE_QUANTITY_MISMATCH,Confirmed quantity differs from booked quantity,INTERNAL_BOOK,EXTERNAL_CONFIRMATION,TRD100644,TRD100644,750,650,,quantity,P1,OPEN,0,DEUTSCHE-BROKER,EQ-CORE-02,,True,TRAIN
BRK00316,RECON-DAILY,2026-08-20,TRADE,TRADE_COUNTERPARTY_ID_MISMATCH,Confirmed counterparty identifier differs from booked counterparty,INTERNAL_BOOK,EXTERNAL_CONFIRMATION,TRD100645,TRD100645,NOMURA-BROKER,MORGANSTANLEY-BROKER,,counterparty,P1,OPEN,0,NOMURA-BROKER,EQ-ALPHA-03,,True,TRAIN
BRK00317,RECON-DAILY,2026-08-07,POSITION,CA_MANDATORY_NOT_REFLECTED,"Mandatory corporate action (split/bonus) not yet reflected externally - mechanical, auto-correctable",INTERNAL_BOOK,CUSTODIAN_CONFIRM,TRD100647,TRD100647,375,250,,actual_quantity,P1,OPEN,0,MORGANSTANLEY-BROKER,EQ-CORE-02,MANDATORY,True,TRAIN
BRK00318,RECON-DAILY,2026-08-03,CASH,CASH_WRONG_AMOUNT,Cash amount posted differs from expected trade value by a non-round amount,INTERNAL_BOOK,CUSTODIAN_CONFIRM,TRD100650,TRD100650,941380.0,771931.6,,amount,P1,OPEN,0,NOMURA-BROKER,EQ-ALPHA-03,,False,TRAIN
BRK00319,RECON-DAILY,2026-08-10,CASH,CASH_WRONG_AMOUNT,Cash amount posted differs from expected trade value by a non-round amount,INTERNAL_BOOK,CUSTODIAN_CONFIRM,TRD100651,TRD100651,459292.5,376619.85,,amount,P1,OPEN,0,MORGANSTANLEY-BROKER,EQ-CORE-02,,False,TRAIN
BRK00320,RECON-DAILY,2026-08-12,POSITION,CA_MANDATORY_NOT_REFLECTED,"Mandatory corporate action (split/bonus) not yet reflected externally - mechanical, auto-correctable",INTERNAL_BOOK,CUSTODIAN_CONFIRM,TRD100656,TRD100656,1000,500,,actual_quantity,P1,OPEN,0,NOMURA-BROKER,EQ-CORE-01,MANDATORY,True,TRAIN
BRK00321,RECON-DAILY,2026-08-08,CASH,CASH_MISSING_ENTRY,Expected cash movement never posted,INTERNAL_BOOK,CUSTODIAN_CONFIRM,TRD100660,TRD100660,129915.0,,,amount,P0,OPEN,0,DEUTSCHE-BROKER,EQ-INDEX-04,,False,TRAIN
BRK00322,RECON-DAILY,2026-08-21,POSITION,CA_MANDATORY_NOT_REFLECTED,"Mandatory corporate action (split/bonus) not yet reflected externally - mechanical, auto-correctable",INTERNAL_BOOK,CUSTODIAN_CONFIRM,TRD100664,TRD100664,300,200,,actual_quantity,P1,OPEN,0,MORGANSTANLEY-BROKER,EQ-CORE-01,MANDATORY,True,TRAIN
BRK00323,RECON-DAILY,2026-08-21,TRADE,CONF_MISSING,External confirmation never received,INTERNAL_BOOK,EXTERNAL_CONFIRMATION,TRD100665,TRD100665,TRD100665,,,confirmation,P0,OPEN,0,MORGANSTANLEY-BROKER,EQ-CORE-01,,True,TRAIN
BRK00324,RECON-DAILY,2026-08-03,POSITION,CA_VOLUNTARY_DECISION,"Voluntary corporate action (tender/conversion) pending an election - requires a human business decision, always escalated",INTERNAL_BOOK,CUSTODIAN_CONFIRM,TRD100666,TRD100666,3000,1500,,actual_quantity,P1,OPEN,0,NOMURA-BROKER,EQ-INDEX-04,VOLUNTARY,True,TRAIN
BRK00325,RECON-DAILY,2026-08-09,TRADE,TRADE_QUANTITY_MISMATCH,Confirmed quantity differs from booked quantity,INTERNAL_BOOK,EXTERNAL_CONFIRMATION,TRD100668,TRD100668,750,950,,quantity,P1,OPEN,0,ICICI-CUST,EQ-ALPHA-03,,True,TRAIN
BRK00326,RECON-DAILY,2026-08-02,TRADE,CONF_DISAGREEMENT,External confirmation received but disagrees with the booking on multiple fields,INTERNAL_BOOK,EXTERNAL_CONFIRMATION,TRD100669,TRD100669,"qty=500,price=1234.66","qty=425,price=1258.29",,"quantity,price",P1,OPEN,0,MORGANSTANLEY-BROKER,EQ-CORE-01,,True,TRAIN
BRK00327,RECON-DAILY,2026-08-10,CASH,CASH_FX_INPUT_DIFFERENCE,Cash posted in a different currency / at a stale or incorrect FX rate,INTERNAL_BOOK,CUSTODIAN_CONFIRM,TRD100671,TRD100671,2839755.0,2939146.42,,"amount,currency",P2,OPEN,0,KOTAK-CUST,EQ-INDEX-04,,False,TRAIN
BRK00328,RECON-DAILY,2026-08-14,TRADE,TRADE_DATE_MISMATCH,Confirmed trade date differs from booked trade date,INTERNAL_BOOK,EXTERNAL_CONFIRMATION,TRD100672,TRD100672,2026-08-13,2026-08-14,,trade_date,P2,OPEN,0,HDFC-CUST,EQ-INDEX-04,,True,TRAIN
BRK00329,RECON-DAILY,2026-08-18,POSITION,CA_VOLUNTARY_DECISION,"Voluntary corporate action (tender/conversion) pending an election - requires a human business decision, always escalated",INTERNAL_BOOK,CUSTODIAN_CONFIRM,TRD100675,TRD100675,500,250,,actual_quantity,P1,OPEN,0,DEUTSCHE-BROKER,EQ-ALPHA-03,VOLUNTARY,True,TRAIN
BRK00330,RECON-DAILY,2026-08-16,CASH,CASH_MISSING_ENTRY,Expected cash movement never posted,INTERNAL_BOOK,CUSTODIAN_CONFIRM,TRD100679,TRD100679,687362.5,,,amount,P0,OPEN,0,ICICI-CUST,EQ-CORE-02,,True,TRAIN
BRK00331,RECON-DAILY,2026-08-22,CASH,CASH_MISSING_ENTRY,Expected cash movement never posted,INTERNAL_BOOK,CUSTODIAN_CONFIRM,TRD100681,TRD100681,195296.0,,,amount,P0,OPEN,0,ICICI-CUST,EQ-CORE-02,,True,TEST
BRK00332,RECON-DAILY,2026-08-08,POSITION,POS_TIMING_DIFFERENCE,"Timing difference - quantities agree, as-of dates don't (expected to self-resolve)",INTERNAL_BOOK,CUSTODIAN_CONFIRM,TRD100684,TRD100684,2026-08-08,2026-08-09,,as_of_date,P2,OPEN,0,DEUTSCHE-BROKER,EQ-INDEX-04,,False,TRAIN
BRK00333,RECON-DAILY,2026-08-10,TRADE,TRADE_DATE_MISMATCH,Confirmed trade date differs from booked trade date,INTERNAL_BOOK,EXTERNAL_CONFIRMATION,TRD100686,TRD100686,2026-08-09,2026-08-10,,trade_date,P2,OPEN,0,MORGANSTANLEY-BROKER,EQ-ALPHA-03,,True,TRAIN
BRK00334,RECON-DAILY,2026-08-13,CASH,CASH_WRONG_AMOUNT,Cash amount posted differs from expected trade value by a non-round amount,INTERNAL_BOOK,CUSTODIAN_CONFIRM,TRD100689,TRD100689,2743200.0,2249424.0,,amount,P1,OPEN,0,MORGANSTANLEY-BROKER,EQ-CORE-01,,True,TRAIN
BRK00335,RECON-DAILY,2026-08-12,SETTLEMENT,SETL_MISSING_INSTRUCTION,No settlement instruction was ever issued,INTERNAL_BOOK,CUSTODIAN_CONFIRM,TRD100690,TRD100690,INSTRUCTED,MISSING,,instruction_status,P0,OPEN,0,ICICI-CUST,EQ-CORE-02,,True,TEST
BRK00336,RECON-DAILY,2026-08-20,TRADE,TRADE_COUNTERPARTY_ID_MISMATCH,Confirmed counterparty identifier differs from booked counterparty,INTERNAL_BOOK,EXTERNAL_CONFIRMATION,TRD100691,TRD100691,KOTAK-CUST,HDFC-CUST,,counterparty,P1,OPEN,0,KOTAK-CUST,EQ-CORE-02,,True,TEST
BRK00337,RECON-DAILY,2026-08-09,POSITION,CA_MANDATORY_NOT_REFLECTED,"Mandatory corporate action (split/bonus) not yet reflected externally - mechanical, auto-correctable",INTERNAL_BOOK,CUSTODIAN_CONFIRM,TRD100692,TRD100692,1000,500,,actual_quantity,P1,OPEN,0,KOTAK-CUST,EQ-CORE-02,MANDATORY,True,TRAIN
BRK00338,RECON-DAILY,2026-08-12,CASH,CASH_MISSING_ENTRY,Expected cash movement never posted,INTERNAL_BOOK,CUSTODIAN_CONFIRM,TRD100695,TRD100695,25926560.0,,,amount,P0,OPEN,0,DEUTSCHE-BROKER,EQ-ALPHA-03,,False,TRAIN
BRK00339,RECON-DAILY,2026-08-20,POSITION,POS_TIMING_DIFFERENCE,"Timing difference - quantities agree, as-of dates don't (expected to self-resolve)",INTERNAL_BOOK,CUSTODIAN_CONFIRM,TRD100696,TRD100696,2026-08-20,2026-08-21,,as_of_date,P2,OPEN,0,HDFC-CUST,EQ-CORE-01,,False,TRAIN
BRK00340,RECON-DAILY,2026-08-21,TRADE,TRADE_DATE_MISMATCH,Confirmed trade date differs from booked trade date,INTERNAL_BOOK,EXTERNAL_CONFIRMATION,TRD100699,TRD100699,2026-08-20,2026-08-21,,trade_date,P2,OPEN,0,KOTAK-CUST,EQ-CORE-02,,True,TRAIN
BRK00341,RECON-DAILY,2026-08-13,TRADE,CONF_DISAGREEMENT,External confirmation received but disagrees with the booking on multiple fields,INTERNAL_BOOK,EXTERNAL_CONFIRMATION,TRD100701,TRD100701,"qty=1500,price=467.54","qty=1425,price=474.59",,"quantity,price",P1,OPEN,0,KOTAK-CUST,EQ-INDEX-04,,True,TEST
BRK00342,RECON-DAILY,2026-08-20,POSITION,CA_MANDATORY_NOT_REFLECTED,"Mandatory corporate action (split/bonus) not yet reflected externally - mechanical, auto-correctable",INTERNAL_BOOK,CUSTODIAN_CONFIRM,TRD100702,TRD100702,500,250,,actual_quantity,P1,OPEN,0,NOMURA-BROKER,EQ-CORE-02,MANDATORY,True,TRAIN
BRK00343,RECON-DAILY,2026-08-19,POSITION,POS_TIMING_DIFFERENCE,"Timing difference - quantities agree, as-of dates don't (expected to self-resolve)",INTERNAL_BOOK,CUSTODIAN_CONFIRM,TRD100703,TRD100703,2026-08-19,2026-08-20,,as_of_date,P2,OPEN,0,DEUTSCHE-BROKER,EQ-INDEX-04,,False,TRAIN
BRK00344,RECON-DAILY,2026-08-02,POSITION,POS_TIMING_DIFFERENCE,"Timing difference - quantities agree, as-of dates don't (expected to self-resolve)",INTERNAL_BOOK,CUSTODIAN_CONFIRM,TRD100704,TRD100704,2026-08-02,2026-08-03,,as_of_date,P2,OPEN,0,HDFC-CUST,EQ-INDEX-04,,False,TRAIN
BRK00345,RECON-DAILY,2026-08-10,TRADE,TRADE_COUNTERPARTY_ID_MISMATCH,Confirmed counterparty identifier differs from booked counterparty,INTERNAL_BOOK,EXTERNAL_CONFIRMATION,TRD100706,TRD100706,DEUTSCHE-BROKER,NOMURA-BROKER,,counterparty,P1,OPEN,0,DEUTSCHE-BROKER,EQ-CORE-01,,True,TRAIN
BRK00346,RECON-DAILY,2026-08-13,SETTLEMENT,SETL_LATE_COUNTERPARTY,Counterparty has not settled by the expected date,INTERNAL_BOOK,CUSTODIAN_CONFIRM,TRD100707,TRD100707,2026-08-13,2026-08-17,,"settlement_date,settlement_status",P1,OPEN,0,MORGANSTANLEY-BROKER,EQ-ALPHA-03,,True,TRAIN
BRK00347,RECON-DAILY,2026-08-21,POSITION,CA_MANDATORY_NOT_REFLECTED,"Mandatory corporate action (split/bonus) not yet reflected externally - mechanical, auto-correctable",INTERNAL_BOOK,CUSTODIAN_CONFIRM,TRD100708,TRD100708,3000,1500,,actual_quantity,P1,OPEN,0,HDFC-CUST,EQ-CORE-02,MANDATORY,True,TRAIN
BRK00348,RECON-DAILY,2026-08-04,POSITION,POS_TIMING_DIFFERENCE,"Timing difference - quantities agree, as-of dates don't (expected to self-resolve)",INTERNAL_BOOK,CUSTODIAN_CONFIRM,TRD100711,TRD100711,2026-08-04,2026-08-05,,as_of_date,P2,OPEN,0,ICICI-CUST,EQ-CORE-02,,False,TRAIN
BRK00349,RECON-DAILY,2026-08-13,SETTLEMENT,SETL_MISSING_INSTRUCTION,No settlement instruction was ever issued,INTERNAL_BOOK,CUSTODIAN_CONFIRM,TRD100713,TRD100713,INSTRUCTED,MISSING,,instruction_status,P0,OPEN,0,NOMURA-BROKER,EQ-INDEX-04,,True,TRAIN
BRK00350,RECON-DAILY,2026-08-06,CASH,CASH_WRONG_AMOUNT,Cash amount posted differs from expected trade value by a non-round amount,INTERNAL_BOOK,CUSTODIAN_CONFIRM,TRD100714,TRD100714,474250.0,526417.5,,amount,P1,OPEN,0,NOMURA-BROKER,EQ-CORE-02,,False,TRAIN
BRK00351,RECON-DAILY,2026-08-14,POSITION,CA_VOLUNTARY_DECISION,"Voluntary corporate action (tender/conversion) pending an election - requires a human business decision, always escalated",INTERNAL_BOOK,CUSTODIAN_CONFIRM,TRD100715,TRD100715,300,200,,actual_quantity,P1,OPEN,0,ICICI-CUST,EQ-CORE-01,VOLUNTARY,True,TRAIN
BRK00352,RECON-DAILY,2026-08-02,TRADE,TRADE_QUANTITY_MISMATCH,Confirmed quantity differs from booked quantity,INTERNAL_BOOK,EXTERNAL_CONFIRMATION,TRD100716,TRD100716,2000,2100,,quantity,P1,OPEN,0,DEUTSCHE-BROKER,EQ-CORE-01,,True,TEST
BRK00353,RECON-DAILY,2026-08-14,TRADE,TRADE_COUNTERPARTY_ID_MISMATCH,Confirmed counterparty identifier differs from booked counterparty,INTERNAL_BOOK,EXTERNAL_CONFIRMATION,TRD100717,TRD100717,KOTAK-CUST,HDFC-CUST,,counterparty,P1,OPEN,0,KOTAK-CUST,EQ-CORE-02,,True,TRAIN
BRK00354,RECON-DAILY,2026-08-19,TRADE,CONF_DISAGREEMENT,External confirmation received but disagrees with the booking on multiple fields,INTERNAL_BOOK,EXTERNAL_CONFIRMATION,TRD100720,TRD100720,"qty=2000,price=3666.72","qty=1925,price=3734.2",,"quantity,price",P1,OPEN,0,HDFC-CUST,EQ-INDEX-04,,True,TRAIN
BRK00355,RECON-DAILY,2026-08-10,POSITION,POS_MISSING_BOOKING,Missing upstream booking - position never reflected externally,INTERNAL_BOOK,CUSTODIAN_CONFIRM,TRD100722,TRD100722,750,0,,actual_quantity,P0,OPEN,0,HDFC-CUST,EQ-ALPHA-03,,True,TEST
BRK00356,RECON-DAILY,2026-08-17,POSITION,CA_MANDATORY_NOT_REFLECTED,"Mandatory corporate action (split/bonus) not yet reflected externally - mechanical, auto-correctable",INTERNAL_BOOK,CUSTODIAN_CONFIRM,TRD100723,TRD100723,375,250,,actual_quantity,P1,OPEN,0,MORGANSTANLEY-BROKER,EQ-CORE-01,MANDATORY,True,TRAIN
BRK00357,RECON-DAILY,2026-08-19,POSITION,POS_MISSING_BOOKING,Missing upstream booking - position never reflected externally,INTERNAL_BOOK,CUSTODIAN_CONFIRM,TRD100725,TRD100725,1000,0,,actual_quantity,P0,OPEN,0,DEUTSCHE-BROKER,EQ-INDEX-04,,False,TRAIN
BRK00358,RECON-DAILY,2026-08-09,POSITION,POS_WRONG_QUANTITY,Wrong quantity - external position differs by a non-round amount,INTERNAL_BOOK,CUSTODIAN_CONFIRM,TRD100726,TRD100726,1500,1755,,actual_quantity,P1,OPEN,0,KOTAK-CUST,EQ-CORE-01,,True,TEST
BRK00359,RECON-DAILY,2026-08-21,SETTLEMENT,SETL_MISSING_INSTRUCTION,No settlement instruction was ever issued,INTERNAL_BOOK,CUSTODIAN_CONFIRM,TRD100727,TRD100727,INSTRUCTED,MISSING,,instruction_status,P0,OPEN,0,NOMURA-BROKER,EQ-ALPHA-03,,True,TRAIN
BRK00360,RECON-DAILY,2026-08-19,CASH,CASH_WRONG_AMOUNT,Cash amount posted differs from expected trade value by a non-round amount,INTERNAL_BOOK,CUSTODIAN_CONFIRM,TRD100730,TRD100730,84266.0,100276.54,,amount,P1,OPEN,0,ICICI-CUST,EQ-CORE-02,,False,TRAIN
BRK00361,RECON-DAILY,2026-08-16,TRADE,TRADE_PRICE_MISMATCH,Confirmed price differs from booked price,INTERNAL_BOOK,EXTERNAL_CONFIRMATION,TRD100731,TRD100731,1236.15,1273.08,,price,P2,OPEN,0,NOMURA-BROKER,EQ-CORE-01,,True,TRAIN
BRK00362,RECON-DAILY,2026-08-16,SETTLEMENT,SETL_WRONG_SSI,Settlement instruction references the wrong SSI/beneficiary account - the payment-failure flagship scenario,INTERNAL_BOOK,CUSTODIAN_CONFIRM,TRD100733,TRD100733,SSI-JP-3389,SSI-IN-0147,,ssi_code,P0,OPEN,0,NOMURA-BROKER,EQ-CORE-01,,True,TRAIN
BRK00363,RECON-DAILY,2026-08-03,CASH,CASH_DUPLICATE_ENTRY,Same cash movement posted twice,INTERNAL_BOOK,CUSTODIAN_CONFIRM,TRD100736,TRD100736,5477320.0,10954640.0,,"amount,cash_id",P1,OPEN,0,HDFC-CUST,EQ-INDEX-04,,False,TRAIN
BRK00364,RECON-DAILY,2026-08-22,SETTLEMENT,SETL_WRONG_SSI,Settlement instruction references the wrong SSI/beneficiary account - the payment-failure flagship scenario,INTERNAL_BOOK,CUSTODIAN_CONFIRM,TRD100738,TRD100738,SSI-IN-0203,SSI-JP-3389,,ssi_code,P0,OPEN,0,KOTAK-CUST,EQ-CORE-02,,True,TRAIN
BRK00365,RECON-DAILY,2026-08-10,POSITION,POS_TIMING_DIFFERENCE,"Timing difference - quantities agree, as-of dates don't (expected to self-resolve)",INTERNAL_BOOK,CUSTODIAN_CONFIRM,TRD100740,TRD100740,2026-08-10,2026-08-11,,as_of_date,P2,OPEN,0,MORGANSTANLEY-BROKER,EQ-CORE-01,,True,TRAIN
BRK00366,RECON-DAILY,2026-08-03,CASH,CASH_MISSING_ENTRY,Expected cash movement never posted,INTERNAL_BOOK,CUSTODIAN_CONFIRM,TRD100741,TRD100741,1366060.0,,,amount,P0,OPEN,0,MORGANSTANLEY-BROKER,EQ-INDEX-04,,False,TRAIN
BRK00367,RECON-DAILY,2026-08-06,CASH,CASH_MISSING_ENTRY,Expected cash movement never posted,INTERNAL_BOOK,CUSTODIAN_CONFIRM,TRD100745,TRD100745,4269690.0,,,amount,P0,OPEN,0,KOTAK-CUST,EQ-CORE-01,,False,TEST
BRK00368,RECON-DAILY,2026-08-19,CASH,CASH_FX_INPUT_DIFFERENCE,Cash posted in a different currency / at a stale or incorrect FX rate,INTERNAL_BOOK,CUSTODIAN_CONFIRM,TRD100746,TRD100746,1221420.0,1264169.7,,"amount,currency",P2,OPEN,0,NOMURA-BROKER,EQ-INDEX-04,,False,TRAIN
BRK00369,RECON-DAILY,2026-08-19,SETTLEMENT,SETL_MISSING_INSTRUCTION,No settlement instruction was ever issued,INTERNAL_BOOK,CUSTODIAN_CONFIRM,TRD100751,TRD100751,INSTRUCTED,MISSING,,instruction_status,P0,OPEN,0,DEUTSCHE-BROKER,EQ-CORE-02,,True,TRAIN
BRK00370,RECON-DAILY,2026-08-06,TRADE,TRADE_PRICE_MISMATCH,Confirmed price differs from booked price,INTERNAL_BOOK,EXTERNAL_CONFIRMATION,TRD100753,TRD100753,4101.95,4001.1,,price,P2,OPEN,0,HDFC-CUST,EQ-CORE-01,,True,TRAIN
BRK00371,RECON-DAILY,2026-08-03,POSITION,CA_INCORRECT_ENTITLEMENT,Corporate action entitlement calculated incorrectly (wrong ratio applied),INTERNAL_BOOK,CUSTODIAN_CONFIRM,TRD100754,TRD100754,6000,5600,,actual_quantity,P1,OPEN,0,MORGANSTANLEY-BROKER,EQ-INDEX-04,MANDATORY,True,TRAIN
BRK00372,RECON-DAILY,2026-08-04,CASH,CASH_DUPLICATE_ENTRY,Same cash movement posted twice,INTERNAL_BOOK,CUSTODIAN_CONFIRM,TRD100758,TRD100758,122478.0,244956.0,,"amount,cash_id",P1,OPEN,0,HDFC-CUST,EQ-CORE-01,,False,TRAIN
BRK00373,RECON-DAILY,2026-08-08,POSITION,CA_VOLUNTARY_DECISION,"Voluntary corporate action (tender/conversion) pending an election - requires a human business decision, always escalated",INTERNAL_BOOK,CUSTODIAN_CONFIRM,TRD100759,TRD100759,1000,500,,actual_quantity,P1,OPEN,0,HDFC-CUST,EQ-CORE-02,VOLUNTARY,True,TRAIN
BRK00374,RECON-DAILY,2026-08-22,CASH,CASH_FX_INPUT_DIFFERENCE,Cash posted in a different currency / at a stale or incorrect FX rate,INTERNAL_BOOK,CUSTODIAN_CONFIRM,TRD100760,TRD100760,5533815.0,5727498.52,,"amount,currency",P2,OPEN,0,MORGANSTANLEY-BROKER,EQ-ALPHA-03,,False,TRAIN
BRK00375,RECON-DAILY,2026-08-21,SETTLEMENT,SETL_LATE_COUNTERPARTY,Counterparty has not settled by the expected date,INTERNAL_BOOK,CUSTODIAN_CONFIRM,TRD100762,TRD100762,2026-08-21,2026-08-25,,"settlement_date,settlement_status",P1,OPEN,0,DEUTSCHE-BROKER,EQ-ALPHA-03,,True,TRAIN
BRK00376,RECON-DAILY,2026-08-15,CASH,CASH_DUPLICATE_ENTRY,Same cash movement posted twice,INTERNAL_BOOK,CUSTODIAN_CONFIRM,TRD100763,TRD100763,3692840.0,7385680.0,,"amount,cash_id",P1,OPEN,0,NOMURA-BROKER,EQ-INDEX-04,,True,TRAIN
BRK00377,RECON-DAILY,2026-08-08,POSITION,POS_TIMING_DIFFERENCE,"Timing difference - quantities agree, as-of dates don't (expected to self-resolve)",INTERNAL_BOOK,CUSTODIAN_CONFIRM,TRD100764,TRD100764,2026-08-08,2026-08-09,,as_of_date,P2,OPEN,0,DEUTSCHE-BROKER,EQ-ALPHA-03,,False,TRAIN
BRK00378,RECON-DAILY,2026-08-11,POSITION,CA_MANDATORY_NOT_REFLECTED,"Mandatory corporate action (split/bonus) not yet reflected externally - mechanical, auto-correctable",INTERNAL_BOOK,CUSTODIAN_CONFIRM,TRD100766,TRD100766,300,100,,actual_quantity,P1,OPEN,0,ICICI-CUST,EQ-ALPHA-03,MANDATORY,True,TEST
BRK00379,RECON-DAILY,2026-08-17,POSITION,POS_WRONG_QUANTITY,Wrong quantity - external position differs by a non-round amount,INTERNAL_BOOK,CUSTODIAN_CONFIRM,TRD100770,TRD100770,200,156,,actual_quantity,P1,OPEN,0,HDFC-CUST,EQ-INDEX-04,,False,TRAIN
BRK00380,RECON-DAILY,2026-08-20,SETTLEMENT,SETL_MISSING_INSTRUCTION,No settlement instruction was ever issued,INTERNAL_BOOK,CUSTODIAN_CONFIRM,TRD100771,TRD100771,INSTRUCTED,MISSING,,instruction_status,P0,OPEN,0,DEUTSCHE-BROKER,EQ-CORE-01,,True,TRAIN
BRK00381,RECON-DAILY,2026-08-15,SETTLEMENT,SETL_MISSING_INSTRUCTION,No settlement instruction was ever issued,INTERNAL_BOOK,CUSTODIAN_CONFIRM,TRD100772,TRD100772,INSTRUCTED,MISSING,,instruction_status,P0,OPEN,0,DEUTSCHE-BROKER,EQ-CORE-01,,True,TRAIN
BRK00382,RECON-DAILY,2026-08-14,POSITION,CA_INCORRECT_ENTITLEMENT,Corporate action entitlement calculated incorrectly (wrong ratio applied),INTERNAL_BOOK,CUSTODIAN_CONFIRM,TRD100775,TRD100775,150,180,,actual_quantity,P1,OPEN,0,DEUTSCHE-BROKER,EQ-CORE-01,MANDATORY,True,TRAIN
BRK00383,RECON-DAILY,2026-08-06,CASH,CASH_FX_INPUT_DIFFERENCE,Cash posted in a different currency / at a stale or incorrect FX rate,INTERNAL_BOOK,CUSTODIAN_CONFIRM,TRD100776,TRD100776,1271430.0,1220572.8,,"amount,currency",P2,OPEN,0,HDFC-CUST,EQ-ALPHA-03,,False,TRAIN
BRK00384,RECON-DAILY,2026-08-18,POSITION,CA_VOLUNTARY_DECISION,"Voluntary corporate action (tender/conversion) pending an election - requires a human business decision, always escalated",INTERNAL_BOOK,CUSTODIAN_CONFIRM,TRD100779,TRD100779,1000,500,,actual_quantity,P1,OPEN,0,HDFC-CUST,EQ-CORE-02,VOLUNTARY,True,TRAIN
BRK00385,RECON-DAILY,2026-08-16,SETTLEMENT,SETL_WRONG_SSI,Settlement instruction references the wrong SSI/beneficiary account - the payment-failure flagship scenario,INTERNAL_BOOK,CUSTODIAN_CONFIRM,TRD100782,TRD100782,SSI-US-7742,SSI-DE-5510,,ssi_code,P0,OPEN,0,MORGANSTANLEY-BROKER,EQ-CORE-02,,True,TRAIN
BRK00386,RECON-DAILY,2026-08-13,POSITION,POS_MISSING_BOOKING,Missing upstream booking - position never reflected externally,INTERNAL_BOOK,CUSTODIAN_CONFIRM,TRD100783,TRD100783,500,0,,actual_quantity,P0,OPEN,0,HDFC-CUST,EQ-CORE-01,,False,TRAIN
BRK00387,RECON-DAILY,2026-08-21,POSITION,POS_WRONG_QUANTITY,Wrong quantity - external position differs by a non-round amount,INTERNAL_BOOK,CUSTODIAN_CONFIRM,TRD100784,TRD100784,100,124,,actual_quantity,P1,OPEN,0,HDFC-CUST,EQ-ALPHA-03,,True,TRAIN
BRK00388,RECON-DAILY,2026-08-17,CASH,CASH_MISSING_ENTRY,Expected cash movement never posted,INTERNAL_BOOK,CUSTODIAN_CONFIRM,TRD100785,TRD100785,168790.0,,,amount,P0,OPEN,0,ICICI-CUST,EQ-ALPHA-03,,True,TEST
BRK00389,RECON-DAILY,2026-08-18,POSITION,CA_VOLUNTARY_DECISION,"Voluntary corporate action (tender/conversion) pending an election - requires a human business decision, always escalated",INTERNAL_BOOK,CUSTODIAN_CONFIRM,TRD100786,TRD100786,1500,500,,actual_quantity,P1,OPEN,0,KOTAK-CUST,EQ-INDEX-04,VOLUNTARY,True,TRAIN
BRK00390,RECON-DAILY,2026-08-18,SETTLEMENT,SETL_MISSING_INSTRUCTION,No settlement instruction was ever issued,INTERNAL_BOOK,CUSTODIAN_CONFIRM,TRD100787,TRD100787,INSTRUCTED,MISSING,,instruction_status,P0,OPEN,0,ICICI-CUST,EQ-ALPHA-03,,True,TRAIN
BRK00391,RECON-DAILY,2026-08-22,TRADE,CONF_MISSING,External confirmation never received,INTERNAL_BOOK,EXTERNAL_CONFIRMATION,TRD100790,TRD100790,TRD100790,,,confirmation,P0,OPEN,0,DEUTSCHE-BROKER,EQ-CORE-02,,True,TEST
BRK00392,RECON-DAILY,2026-08-17,TRADE,CONF_MISSING,External confirmation never received,INTERNAL_BOOK,EXTERNAL_CONFIRMATION,TRD100791,TRD100791,TRD100791,,,confirmation,P0,OPEN,0,MORGANSTANLEY-BROKER,EQ-CORE-01,,True,TRAIN
BRK00393,RECON-DAILY,2026-08-18,POSITION,POS_MISSING_BOOKING,Missing upstream booking - position never reflected externally,INTERNAL_BOOK,CUSTODIAN_CONFIRM,TRD100794,TRD100794,750,0,,actual_quantity,P0,OPEN,0,KOTAK-CUST,EQ-CORE-01,,False,TRAIN
BRK00394,RECON-DAILY,2026-08-06,TRADE,CONF_DISAGREEMENT,External confirmation received but disagrees with the booking on multiple fields,INTERNAL_BOOK,EXTERNAL_CONFIRMATION,TRD100796,TRD100796,"qty=1000,price=1897.81","qty=1075,price=1920.14",,"quantity,price",P1,OPEN,0,ICICI-CUST,EQ-INDEX-04,,True,TRAIN
BRK00395,RECON-DAILY,2026-08-06,TRADE,CONF_DISAGREEMENT,External confirmation received but disagrees with the booking on multiple fields,INTERNAL_BOOK,EXTERNAL_CONFIRMATION,TRD100798,TRD100798,"qty=250,price=3669.36","qty=175,price=3726.46",,"quantity,price",P1,OPEN,0,MORGANSTANLEY-BROKER,EQ-CORE-02,,True,TRAIN
BRK00396,RECON-DAILY,2026-08-06,CASH,CASH_DUPLICATE_ENTRY,Same cash movement posted twice,INTERNAL_BOOK,CUSTODIAN_CONFIRM,TRD100799,TRD100799,309982.5,619965.0,,"amount,cash_id",P1,OPEN,0,NOMURA-BROKER,EQ-CORE-02,,False,TRAIN
BRK00397,RECON-DAILY,2026-08-07,TRADE,CONF_DISAGREEMENT,External confirmation received but disagrees with the booking on multiple fields,INTERNAL_BOOK,EXTERNAL_CONFIRMATION,TRD100802,TRD100802,"qty=500,price=2734.8","qty=425,price=2763.94",,"quantity,price",P1,OPEN,0,ICICI-CUST,EQ-ALPHA-03,,True,TEST
BRK00398,RECON-DAILY,2026-08-13,POSITION,CA_INCORRECT_ENTITLEMENT,Corporate action entitlement calculated incorrectly (wrong ratio applied),INTERNAL_BOOK,CUSTODIAN_CONFIRM,TRD100804,TRD100804,6000,6600,,actual_quantity,P1,OPEN,0,HDFC-CUST,EQ-INDEX-04,MANDATORY,True,TRAIN
BRK00399,RECON-DAILY,2026-08-15,POSITION,CA_MANDATORY_NOT_REFLECTED,"Mandatory corporate action (split/bonus) not yet reflected externally - mechanical, auto-correctable",INTERNAL_BOOK,CUSTODIAN_CONFIRM,TRD100808,TRD100808,4000,2000,,actual_quantity,P1,OPEN,0,DEUTSCHE-BROKER,EQ-CORE-01,MANDATORY,True,TRAIN
BRK00400,RECON-DAILY,2026-08-20,POSITION,CA_MANDATORY_NOT_REFLECTED,"Mandatory corporate action (split/bonus) not yet reflected externally - mechanical, auto-correctable",INTERNAL_BOOK,CUSTODIAN_CONFIRM,TRD100809,TRD100809,2000,1000,,actual_quantity,P1,OPEN,0,MORGANSTANLEY-BROKER,EQ-CORE-01,MANDATORY,True,TRAIN
BRK00401,RECON-DAILY,2026-08-07,POSITION,POS_MISSING_BOOKING,Missing upstream booking - position never reflected externally,INTERNAL_BOOK,CUSTODIAN_CONFIRM,TRD100815,TRD100815,1000,0,,actual_quantity,P0,OPEN,0,DEUTSCHE-BROKER,EQ-CORE-02,,False,TRAIN
BRK00402,RECON-DAILY,2026-08-22,TRADE,TRADE_QUANTITY_MISMATCH,Confirmed quantity differs from booked quantity,INTERNAL_BOOK,EXTERNAL_CONFIRMATION,TRD100817,TRD100817,200,150,,quantity,P1,OPEN,0,KOTAK-CUST,EQ-CORE-01,,True,TRAIN
BRK00403,RECON-DAILY,2026-08-14,SETTLEMENT,SETL_WRONG_SSI,Settlement instruction references the wrong SSI/beneficiary account - the payment-failure flagship scenario,INTERNAL_BOOK,CUSTODIAN_CONFIRM,TRD100818,TRD100818,SSI-IN-0091,SSI-JP-3389,,ssi_code,P0,OPEN,0,ICICI-CUST,EQ-CORE-02,,True,TRAIN
BRK00404,RECON-DAILY,2026-08-19,SETTLEMENT,SETL_INCORRECT_DATE,Settlement recorded against the wrong date (holiday-calendar-style off-by-one),INTERNAL_BOOK,CUSTODIAN_CONFIRM,TRD100822,TRD100822,2026-08-19,2026-08-20,,settlement_date,P2,OPEN,0,ICICI-CUST,EQ-INDEX-04,,True,TRAIN
BRK00405,RECON-DAILY,2026-08-16,TRADE,TRADE_COUNTERPARTY_ID_MISMATCH,Confirmed counterparty identifier differs from booked counterparty,INTERNAL_BOOK,EXTERNAL_CONFIRMATION,TRD100823,TRD100823,ICICI-CUST,HDFC-CUST,,counterparty,P1,OPEN,0,ICICI-CUST,EQ-CORE-01,,True,TRAIN
BRK00406,RECON-DAILY,2026-08-19,POSITION,POS_WRONG_QUANTITY,Wrong quantity - external position differs by a non-round amount,INTERNAL_BOOK,CUSTODIAN_CONFIRM,TRD100824,TRD100824,750,968,,actual_quantity,P1,OPEN,0,HDFC-CUST,EQ-CORE-01,,False,TRAIN
BRK00407,RECON-DAILY,2026-08-03,POSITION,POS_MISSING_BOOKING,Missing upstream booking - position never reflected externally,INTERNAL_BOOK,CUSTODIAN_CONFIRM,TRD100825,TRD100825,100,0,,actual_quantity,P0,OPEN,0,HDFC-CUST,EQ-CORE-01,,False,TEST
BRK00408,RECON-DAILY,2026-08-14,CASH,CASH_MISSING_ENTRY,Expected cash movement never posted,INTERNAL_BOOK,CUSTODIAN_CONFIRM,TRD100828,TRD100828,2055555.0,,,amount,P0,OPEN,0,ICICI-CUST,EQ-INDEX-04,,False,TRAIN
BRK00409,RECON-DAILY,2026-08-22,TRADE,TRADE_DATE_MISMATCH,Confirmed trade date differs from booked trade date,INTERNAL_BOOK,EXTERNAL_CONFIRMATION,TRD100835,TRD100835,2026-08-21,2026-08-22,,trade_date,P2,OPEN,0,HDFC-CUST,EQ-CORE-01,,True,TRAIN
BRK00410,RECON-DAILY,2026-08-03,TRADE,TRADE_PRICE_MISMATCH,Confirmed price differs from booked price,INTERNAL_BOOK,EXTERNAL_CONFIRMATION,TRD100840,TRD100840,470.91,457.2,,price,P2,OPEN,0,MORGANSTANLEY-BROKER,EQ-ALPHA-03,,True,TRAIN
BRK00411,RECON-DAILY,2026-08-12,SETTLEMENT,SETL_MISSING_INSTRUCTION,No settlement instruction was ever issued,INTERNAL_BOOK,CUSTODIAN_CONFIRM,TRD100841,TRD100841,INSTRUCTED,MISSING,,instruction_status,P0,OPEN,0,KOTAK-CUST,EQ-CORE-01,,True,TRAIN
BRK00412,RECON-DAILY,2026-08-14,TRADE,TRADE_QUANTITY_MISMATCH,Confirmed quantity differs from booked quantity,INTERNAL_BOOK,EXTERNAL_CONFIRMATION,TRD100842,TRD100842,100,1,,quantity,P1,OPEN,0,NOMURA-BROKER,EQ-CORE-02,,True,TRAIN
BRK00413,RECON-DAILY,2026-08-09,POSITION,POS_WRONG_QUANTITY,Wrong quantity - external position differs by a non-round amount,INTERNAL_BOOK,CUSTODIAN_CONFIRM,TRD100844,TRD100844,1500,1035,,actual_quantity,P1,OPEN,0,KOTAK-CUST,EQ-INDEX-04,,False,TRAIN
BRK00414,RECON-DAILY,2026-08-13,TRADE,TRADE_PRICE_MISMATCH,Confirmed price differs from booked price,INTERNAL_BOOK,EXTERNAL_CONFIRMATION,TRD100845,TRD100845,1669.76,1693.19,,price,P2,OPEN,0,ICICI-CUST,EQ-CORE-02,,True,TRAIN
BRK00415,RECON-DAILY,2026-08-18,POSITION,POS_TIMING_DIFFERENCE,"Timing difference - quantities agree, as-of dates don't (expected to self-resolve)",INTERNAL_BOOK,CUSTODIAN_CONFIRM,TRD100847,TRD100847,2026-08-18,2026-08-19,,as_of_date,P2,OPEN,0,KOTAK-CUST,EQ-ALPHA-03,,True,TRAIN
BRK00416,RECON-DAILY,2026-08-18,CASH,CASH_DUPLICATE_ENTRY,Same cash movement posted twice,INTERNAL_BOOK,CUSTODIAN_CONFIRM,TRD100848,TRD100848,550888.0,1101776.0,,"amount,cash_id",P1,OPEN,0,NOMURA-BROKER,EQ-CORE-02,,False,TRAIN
BRK00417,RECON-DAILY,2026-08-18,POSITION,CA_VOLUNTARY_DECISION,"Voluntary corporate action (tender/conversion) pending an election - requires a human business decision, always escalated",INTERNAL_BOOK,CUSTODIAN_CONFIRM,TRD100849,TRD100849,200,100,,actual_quantity,P1,OPEN,0,ICICI-CUST,EQ-CORE-01,VOLUNTARY,True,TRAIN
BRK00418,RECON-DAILY,2026-08-21,POSITION,POS_WRONG_QUANTITY,Wrong quantity - external position differs by a non-round amount,INTERNAL_BOOK,CUSTODIAN_CONFIRM,TRD100850,TRD100850,100,124,,actual_quantity,P1,OPEN,0,ICICI-CUST,EQ-ALPHA-03,,False,TRAIN
BRK00419,RECON-DAILY,2026-08-07,POSITION,CA_VOLUNTARY_DECISION,"Voluntary corporate action (tender/conversion) pending an election - requires a human business decision, always escalated",INTERNAL_BOOK,CUSTODIAN_CONFIRM,TRD100855,TRD100855,2250,750,,actual_quantity,P1,OPEN,0,ICICI-CUST,EQ-ALPHA-03,VOLUNTARY,True,TEST
BRK00420,RECON-DAILY,2026-08-14,SETTLEMENT,SETL_LATE_COUNTERPARTY,Counterparty has not settled by the expected date,INTERNAL_BOOK,CUSTODIAN_CONFIRM,TRD100857,TRD100857,2026-08-14,2026-08-19,,"settlement_date,settlement_status",P1,OPEN,0,HDFC-CUST,EQ-INDEX-04,,True,TEST
BRK00421,RECON-DAILY,2026-08-19,CASH,CASH_DUPLICATE_ENTRY,Same cash movement posted twice,INTERNAL_BOOK,CUSTODIAN_CONFIRM,TRD100858,TRD100858,1244740.0,2489480.0,,"amount,cash_id",P1,OPEN,0,ICICI-CUST,EQ-INDEX-04,,False,TEST
BRK00422,RECON-DAILY,2026-08-11,POSITION,POS_TIMING_DIFFERENCE,"Timing difference - quantities agree, as-of dates don't (expected to self-resolve)",INTERNAL_BOOK,CUSTODIAN_CONFIRM,TRD100859,TRD100859,2026-08-11,2026-08-12,,as_of_date,P2,OPEN,0,NOMURA-BROKER,EQ-INDEX-04,,True,TRAIN
BRK00423,RECON-DAILY,2026-08-17,CASH,CASH_WRONG_AMOUNT,Cash amount posted differs from expected trade value by a non-round amount,INTERNAL_BOOK,CUSTODIAN_CONFIRM,TRD100862,TRD100862,8209600.0,9112656.0,,amount,P1,OPEN,0,DEUTSCHE-BROKER,EQ-CORE-02,,False,TRAIN
BRK00424,RECON-DAILY,2026-08-06,TRADE,TRADE_PRICE_MISMATCH,Confirmed price differs from booked price,INTERNAL_BOOK,EXTERNAL_CONFIRMATION,TRD100863,TRD100863,2748.47,2697.99,,price,P2,OPEN,0,MORGANSTANLEY-BROKER,EQ-CORE-01,,True,TRAIN
BRK00425,RECON-DAILY,2026-08-09,POSITION,POS_WRONG_QUANTITY,Wrong quantity - external position differs by a non-round amount,INTERNAL_BOOK,CUSTODIAN_CONFIRM,TRD100865,TRD100865,1500,1035,,actual_quantity,P1,OPEN,0,MORGANSTANLEY-BROKER,EQ-CORE-02,,False,TRAIN
BRK00426,RECON-DAILY,2026-08-18,TRADE,CONF_MISSING,External confirmation never received,INTERNAL_BOOK,EXTERNAL_CONFIRMATION,TRD100873,TRD100873,TRD100873,,,confirmation,P0,OPEN,0,DEUTSCHE-BROKER,EQ-CORE-02,,True,TRAIN
BRK00427,RECON-DAILY,2026-08-03,POSITION,CA_VOLUNTARY_DECISION,"Voluntary corporate action (tender/conversion) pending an election - requires a human business decision, always escalated",INTERNAL_BOOK,CUSTODIAN_CONFIRM,TRD100874,TRD100874,1500,1000,,actual_quantity,P1,OPEN,0,ICICI-CUST,EQ-ALPHA-03,VOLUNTARY,True,TRAIN
BRK00428,RECON-DAILY,2026-08-09,POSITION,POS_MISSING_BOOKING,Missing upstream booking - position never reflected externally,INTERNAL_BOOK,CUSTODIAN_CONFIRM,TRD100875,TRD100875,750,0,,actual_quantity,P0,OPEN,0,DEUTSCHE-BROKER,EQ-INDEX-04,,True,TRAIN
BRK00429,RECON-DAILY,2026-08-14,TRADE,CONF_DISAGREEMENT,External confirmation received but disagrees with the booking on multiple fields,INTERNAL_BOOK,EXTERNAL_CONFIRMATION,TRD100877,TRD100877,"qty=250,price=467.44","qty=175,price=472.61",,"quantity,price",P1,OPEN,0,KOTAK-CUST,EQ-INDEX-04,,True,TRAIN
BRK00430,RECON-DAILY,2026-08-04,TRADE,CONF_DISAGREEMENT,External confirmation received but disagrees with the booking on multiple fields,INTERNAL_BOOK,EXTERNAL_CONFIRMATION,TRD100878,TRD100878,"qty=250,price=1236.26","qty=175,price=1254.67",,"quantity,price",P1,OPEN,0,NOMURA-BROKER,EQ-CORE-01,,True,TRAIN
BRK00431,RECON-DAILY,2026-08-06,CASH,CASH_WRONG_AMOUNT,Cash amount posted differs from expected trade value by a non-round amount,INTERNAL_BOOK,CUSTODIAN_CONFIRM,TRD100879,TRD100879,1222620.0,1002548.4,,amount,P1,OPEN,0,ICICI-CUST,EQ-CORE-02,,False,TRAIN
BRK00432,RECON-DAILY,2026-08-21,SETTLEMENT,SETL_INCORRECT_DATE,Settlement recorded against the wrong date (holiday-calendar-style off-by-one),INTERNAL_BOOK,CUSTODIAN_CONFIRM,TRD100880,TRD100880,2026-08-21,2026-08-22,,settlement_date,P2,OPEN,0,DEUTSCHE-BROKER,EQ-CORE-02,,True,TRAIN
BRK00433,RECON-DAILY,2026-08-20,TRADE,TRADE_DATE_MISMATCH,Confirmed trade date differs from booked trade date,INTERNAL_BOOK,EXTERNAL_CONFIRMATION,TRD100882,TRD100882,2026-08-19,2026-08-20,,trade_date,P2,OPEN,0,DEUTSCHE-BROKER,EQ-CORE-02,,True,TRAIN
BRK00434,RECON-DAILY,2026-08-04,CASH,CASH_MISSING_ENTRY,Expected cash movement never posted,INTERNAL_BOOK,CUSTODIAN_CONFIRM,TRD100884,TRD100884,8279560.0,,,amount,P0,OPEN,0,HDFC-CUST,EQ-ALPHA-03,,False,TRAIN
BRK00435,RECON-DAILY,2026-08-21,POSITION,POS_WRONG_QUANTITY,Wrong quantity - external position differs by a non-round amount,INTERNAL_BOOK,CUSTODIAN_CONFIRM,TRD100885,TRD100885,200,234,,actual_quantity,P1,OPEN,0,ICICI-CUST,EQ-CORE-02,,False,TEST
BRK00436,RECON-DAILY,2026-08-02,TRADE,CONF_MISSING,External confirmation never received,INTERNAL_BOOK,EXTERNAL_CONFIRMATION,TRD100887,TRD100887,TRD100887,,,confirmation,P0,OPEN,0,DEUTSCHE-BROKER,EQ-INDEX-04,,True,TRAIN
BRK00437,RECON-DAILY,2026-08-11,TRADE,CONF_DISAGREEMENT,External confirmation received but disagrees with the booking on multiple fields,INTERNAL_BOOK,EXTERNAL_CONFIRMATION,TRD100888,TRD100888,"qty=1000,price=1179.32","qty=925,price=1194.75",,"quantity,price",P1,OPEN,0,KOTAK-CUST,EQ-CORE-02,,True,TRAIN
BRK00438,RECON-DAILY,2026-08-20,POSITION,POS_MISSING_BOOKING,Missing upstream booking - position never reflected externally,INTERNAL_BOOK,CUSTODIAN_CONFIRM,TRD100889,TRD100889,750,0,,actual_quantity,P0,OPEN,0,KOTAK-CUST,EQ-CORE-01,,False,TRAIN
BRK00439,RECON-DAILY,2026-08-04,POSITION,POS_WRONG_QUANTITY,Wrong quantity - external position differs by a non-round amount,INTERNAL_BOOK,CUSTODIAN_CONFIRM,TRD100891,TRD100891,200,258,,actual_quantity,P1,OPEN,0,KOTAK-CUST,EQ-ALPHA-03,,False,TEST
BRK00440,RECON-DAILY,2026-08-13,TRADE,CONF_MISSING,External confirmation never received,INTERNAL_BOOK,EXTERNAL_CONFIRMATION,TRD100896,TRD100896,TRD100896,,,confirmation,P0,OPEN,0,ICICI-CUST,EQ-ALPHA-03,,True,TRAIN
BRK00441,RECON-DAILY,2026-08-15,TRADE,TRADE_DATE_MISMATCH,Confirmed trade date differs from booked trade date,INTERNAL_BOOK,EXTERNAL_CONFIRMATION,TRD100900,TRD100900,2026-08-14,2026-08-15,,trade_date,P2,OPEN,0,MORGANSTANLEY-BROKER,EQ-ALPHA-03,,True,TRAIN
BRK00442,RECON-DAILY,2026-08-20,CASH,CASH_MISSING_ENTRY,Expected cash movement never posted,INTERNAL_BOOK,CUSTODIAN_CONFIRM,TRD100902,TRD100902,1376015.0,,,amount,P0,OPEN,0,HDFC-CUST,EQ-ALPHA-03,,True,TRAIN
BRK00443,RECON-DAILY,2026-08-04,TRADE,TRADE_QUANTITY_MISMATCH,Confirmed quantity differs from booked quantity,INTERNAL_BOOK,EXTERNAL_CONFIRMATION,TRD100905,TRD100905,100,50,,quantity,P1,OPEN,0,ICICI-CUST,EQ-CORE-02,,True,TEST
BRK00444,RECON-DAILY,2026-08-10,POSITION,CA_MANDATORY_NOT_REFLECTED,"Mandatory corporate action (split/bonus) not yet reflected externally - mechanical, auto-correctable",INTERNAL_BOOK,CUSTODIAN_CONFIRM,TRD100907,TRD100907,300,200,,actual_quantity,P1,OPEN,0,KOTAK-CUST,EQ-INDEX-04,MANDATORY,True,TRAIN
BRK00445,RECON-DAILY,2026-08-03,POSITION,POS_MISSING_BOOKING,Missing upstream booking - position never reflected externally,INTERNAL_BOOK,CUSTODIAN_CONFIRM,TRD100909,TRD100909,200,0,,actual_quantity,P0,OPEN,0,DEUTSCHE-BROKER,EQ-INDEX-04,,False,TRAIN
BRK00446,RECON-DAILY,2026-08-10,TRADE,TRADE_PRICE_MISMATCH,Confirmed price differs from booked price,INTERNAL_BOOK,EXTERNAL_CONFIRMATION,TRD100910,TRD100910,2863.49,2921.86,,price,P2,OPEN,0,HDFC-CUST,EQ-INDEX-04,,True,TRAIN
BRK00447,RECON-DAILY,2026-08-07,SETTLEMENT,SETL_INCORRECT_DATE,Settlement recorded against the wrong date (holiday-calendar-style off-by-one),INTERNAL_BOOK,CUSTODIAN_CONFIRM,TRD100911,TRD100911,2026-08-07,2026-08-08,,settlement_date,P2,OPEN,0,NOMURA-BROKER,EQ-INDEX-04,,True,TRAIN
BRK00448,RECON-DAILY,2026-08-22,CASH,CASH_FX_INPUT_DIFFERENCE,Cash posted in a different currency / at a stale or incorrect FX rate,INTERNAL_BOOK,CUSTODIAN_CONFIRM,TRD100912,TRD100912,2827470.0,2714371.2,,"amount,currency",P2,OPEN,0,ICICI-CUST,EQ-INDEX-04,,False,TEST
BRK00449,RECON-DAILY,2026-08-22,SETTLEMENT,SETL_LATE_COUNTERPARTY,Counterparty has not settled by the expected date,INTERNAL_BOOK,CUSTODIAN_CONFIRM,TRD100914,TRD100914,2026-08-22,2026-08-24,,"settlement_date,settlement_status",P1,OPEN,0,ICICI-CUST,EQ-CORE-01,,True,TRAIN
BRK00450,RECON-DAILY,2026-08-14,CASH,CASH_FX_INPUT_DIFFERENCE,Cash posted in a different currency / at a stale or incorrect FX rate,INTERNAL_BOOK,CUSTODIAN_CONFIRM,TRD100915,TRD100915,310820.0,317036.4,,"amount,currency",P2,OPEN,0,MORGANSTANLEY-BROKER,EQ-CORE-01,,False,TRAIN
BRK00451,RECON-DAILY,2026-08-04,SETTLEMENT,SETL_WRONG_SSI,Settlement instruction references the wrong SSI/beneficiary account - the payment-failure flagship scenario,INTERNAL_BOOK,CUSTODIAN_CONFIRM,TRD100916,TRD100916,SSI-US-7742,SSI-IN-0203,,ssi_code,P0,OPEN,0,MORGANSTANLEY-BROKER,EQ-CORE-02,,True,TEST
BRK00452,RECON-DAILY,2026-08-19,SETTLEMENT,SETL_MISSING_INSTRUCTION,No settlement instruction was ever issued,INTERNAL_BOOK,CUSTODIAN_CONFIRM,TRD100917,TRD100917,INSTRUCTED,MISSING,,instruction_status,P0,OPEN,0,KOTAK-CUST,EQ-ALPHA-03,,True,TRAIN
BRK00453,RECON-DAILY,2026-08-22,CASH,CASH_DUPLICATE_ENTRY,Same cash movement posted twice,INTERNAL_BOOK,CUSTODIAN_CONFIRM,TRD100918,TRD100918,169264.0,338528.0,,"amount,cash_id",P1,OPEN,0,ICICI-CUST,EQ-ALPHA-03,,True,TRAIN
BRK00454,RECON-DAILY,2026-08-08,POSITION,POS_MISSING_BOOKING,Missing upstream booking - position never reflected externally,INTERNAL_BOOK,CUSTODIAN_CONFIRM,TRD100920,TRD100920,100,0,,actual_quantity,P0,OPEN,0,KOTAK-CUST,EQ-INDEX-04,,False,TRAIN
BRK00455,RECON-DAILY,2026-08-19,SETTLEMENT,SETL_MISSING_INSTRUCTION,No settlement instruction was ever issued,INTERNAL_BOOK,CUSTODIAN_CONFIRM,TRD100925,TRD100925,INSTRUCTED,MISSING,,instruction_status,P0,OPEN,0,HDFC-CUST,EQ-CORE-02,,True,TEST
BRK00456,RECON-DAILY,2026-08-02,SETTLEMENT,SETL_MISSING_INSTRUCTION,No settlement instruction was ever issued,INTERNAL_BOOK,CUSTODIAN_CONFIRM,TRD100926,TRD100926,INSTRUCTED,MISSING,,instruction_status,P0,OPEN,0,DEUTSCHE-BROKER,EQ-CORE-01,,True,TRAIN
BRK00457,RECON-DAILY,2026-08-22,SETTLEMENT,SETL_INCORRECT_DATE,Settlement recorded against the wrong date (holiday-calendar-style off-by-one),INTERNAL_BOOK,CUSTODIAN_CONFIRM,TRD100927,TRD100927,2026-08-22,2026-08-23,,settlement_date,P2,OPEN,0,ICICI-CUST,EQ-ALPHA-03,,True,TRAIN
BRK00458,RECON-DAILY,2026-08-04,TRADE,CONF_DISAGREEMENT,External confirmation received but disagrees with the booking on multiple fields,INTERNAL_BOOK,EXTERNAL_CONFIRMATION,TRD100928,TRD100928,"qty=250,price=470.47","qty=175,price=475.29",,"quantity,price",P1,OPEN,0,ICICI-CUST,EQ-CORE-01,,True,TRAIN
BRK00459,RECON-DAILY,2026-08-08,SETTLEMENT,SETL_WRONG_SSI,Settlement instruction references the wrong SSI/beneficiary account - the payment-failure flagship scenario,INTERNAL_BOOK,CUSTODIAN_CONFIRM,TRD100929,TRD100929,SSI-DE-5510,SSI-IN-0147,,ssi_code,P0,OPEN,0,DEUTSCHE-BROKER,EQ-ALPHA-03,,True,TRAIN
BRK00460,RECON-DAILY,2026-08-20,TRADE,CONF_DISAGREEMENT,External confirmation received but disagrees with the booking on multiple fields,INTERNAL_BOOK,EXTERNAL_CONFIRMATION,TRD100931,TRD100931,"qty=500,price=13014.3","qty=425,price=13255.98",,"quantity,price",P1,OPEN,0,HDFC-CUST,EQ-ALPHA-03,,True,TRAIN
BRK00461,RECON-DAILY,2026-08-03,TRADE,TRADE_PRICE_MISMATCH,Confirmed price differs from booked price,INTERNAL_BOOK,EXTERNAL_CONFIRMATION,TRD100933,TRD100933,470.9,477.12,,price,P2,OPEN,0,HDFC-CUST,EQ-CORE-01,,True,TRAIN
BRK00462,RECON-DAILY,2026-08-20,TRADE,CONF_MISSING,External confirmation never received,INTERNAL_BOOK,EXTERNAL_CONFIRMATION,TRD100935,TRD100935,TRD100935,,,confirmation,P0,OPEN,0,KOTAK-CUST,EQ-INDEX-04,,True,TRAIN
BRK00463,RECON-DAILY,2026-08-03,CASH,CASH_FX_INPUT_DIFFERENCE,Cash posted in a different currency / at a stale or incorrect FX rate,INTERNAL_BOOK,CUSTODIAN_CONFIRM,TRD100937,TRD100937,419262.5,433936.69,,"amount,currency",P2,OPEN,0,MORGANSTANLEY-BROKER,EQ-CORE-02,,False,TRAIN
BRK00464,RECON-DAILY,2026-08-11,CASH,CASH_WRONG_AMOUNT,Cash amount posted differs from expected trade value by a non-round amount,INTERNAL_BOOK,CUSTODIAN_CONFIRM,TRD100938,TRD100938,236350.0,215078.5,,amount,P1,OPEN,0,KOTAK-CUST,EQ-INDEX-04,,False,TRAIN
BRK00465,RECON-DAILY,2026-08-08,TRADE,TRADE_COUNTERPARTY_ID_MISMATCH,Confirmed counterparty identifier differs from booked counterparty,INTERNAL_BOOK,EXTERNAL_CONFIRMATION,TRD100940,TRD100940,ICICI-CUST,MORGANSTANLEY-BROKER,,counterparty,P1,OPEN,0,ICICI-CUST,EQ-CORE-02,,True,TEST
BRK00466,RECON-DAILY,2026-08-03,POSITION,CA_INCORRECT_ENTITLEMENT,Corporate action entitlement calculated incorrectly (wrong ratio applied),INTERNAL_BOOK,CUSTODIAN_CONFIRM,TRD100941,TRD100941,375,325,,actual_quantity,P1,OPEN,0,ICICI-CUST,EQ-ALPHA-03,MANDATORY,True,TRAIN
BRK00467,RECON-DAILY,2026-08-09,POSITION,CA_MANDATORY_NOT_REFLECTED,"Mandatory corporate action (split/bonus) not yet reflected externally - mechanical, auto-correctable",INTERNAL_BOOK,CUSTODIAN_CONFIRM,TRD100944,TRD100944,300,200,,actual_quantity,P1,OPEN,0,NOMURA-BROKER,EQ-INDEX-04,MANDATORY,True,TRAIN
BRK00468,RECON-DAILY,2026-08-15,TRADE,TRADE_DATE_MISMATCH,Confirmed trade date differs from booked trade date,INTERNAL_BOOK,EXTERNAL_CONFIRMATION,TRD100946,TRD100946,2026-08-14,2026-08-15,,trade_date,P2,OPEN,0,HDFC-CUST,EQ-INDEX-04,,True,TRAIN
BRK00469,RECON-DAILY,2026-08-03,POSITION,CA_VOLUNTARY_DECISION,"Voluntary corporate action (tender/conversion) pending an election - requires a human business decision, always escalated",INTERNAL_BOOK,CUSTODIAN_CONFIRM,TRD100947,TRD100947,6000,2000,,actual_quantity,P1,OPEN,0,DEUTSCHE-BROKER,EQ-CORE-02,VOLUNTARY,True,TEST
BRK00470,RECON-DAILY,2026-08-13,TRADE,CONF_MISSING,External confirmation never received,INTERNAL_BOOK,EXTERNAL_CONFIRMATION,TRD100948,TRD100948,TRD100948,,,confirmation,P0,OPEN,0,HDFC-CUST,EQ-INDEX-04,,True,TEST
BRK00471,RECON-DAILY,2026-08-18,CASH,CASH_WRONG_AMOUNT,Cash amount posted differs from expected trade value by a non-round amount,INTERNAL_BOOK,CUSTODIAN_CONFIRM,TRD100952,TRD100952,587685.0,652330.35,,amount,P1,OPEN,0,DEUTSCHE-BROKER,EQ-CORE-02,,True,TRAIN
BRK00472,RECON-DAILY,2026-08-15,TRADE,TRADE_PRICE_MISMATCH,Confirmed price differs from booked price,INTERNAL_BOOK,EXTERNAL_CONFIRMATION,TRD100953,TRD100953,12951.34,12753.45,,price,P2,OPEN,0,NOMURA-BROKER,EQ-CORE-02,,True,TRAIN
BRK00473,RECON-DAILY,2026-08-20,TRADE,TRADE_COUNTERPARTY_ID_MISMATCH,Confirmed counterparty identifier differs from booked counterparty,INTERNAL_BOOK,EXTERNAL_CONFIRMATION,TRD100954,TRD100954,HDFC-CUST,ICICI-CUST,,counterparty,P1,OPEN,0,HDFC-CUST,EQ-CORE-01,,True,TEST
BRK00474,RECON-DAILY,2026-08-09,TRADE,CONF_DISAGREEMENT,External confirmation received but disagrees with the booking on multiple fields,INTERNAL_BOOK,EXTERNAL_CONFIRMATION,TRD100956,TRD100956,"qty=200,price=468.68","qty=125,price=475.52",,"quantity,price",P1,OPEN,0,ICICI-CUST,EQ-CORE-01,,True,TRAIN
BRK00475,RECON-DAILY,2026-08-09,CASH,CASH_FX_INPUT_DIFFERENCE,Cash posted in a different currency / at a stale or incorrect FX rate,INTERNAL_BOOK,CUSTODIAN_CONFIRM,TRD100957,TRD100957,418207.5,388932.98,,"amount,currency",P2,OPEN,0,NOMURA-BROKER,EQ-CORE-01,,False,TRAIN
BRK00476,RECON-DAILY,2026-08-21,SETTLEMENT,SETL_MISSING_INSTRUCTION,No settlement instruction was ever issued,INTERNAL_BOOK,CUSTODIAN_CONFIRM,TRD100961,TRD100961,INSTRUCTED,MISSING,,instruction_status,P0,OPEN,0,MORGANSTANLEY-BROKER,EQ-CORE-02,,True,TRAIN
BRK00477,RECON-DAILY,2026-08-20,TRADE,CONF_MISSING,External confirmation never received,INTERNAL_BOOK,EXTERNAL_CONFIRMATION,TRD100965,TRD100965,TRD100965,,,confirmation,P0,OPEN,0,NOMURA-BROKER,EQ-CORE-02,,True,TRAIN
BRK00478,RECON-DAILY,2026-08-16,POSITION,CA_INCORRECT_ENTITLEMENT,Corporate action entitlement calculated incorrectly (wrong ratio applied),INTERNAL_BOOK,CUSTODIAN_CONFIRM,TRD100967,TRD100967,400,360,,actual_quantity,P1,OPEN,0,DEUTSCHE-BROKER,EQ-CORE-01,MANDATORY,True,TRAIN
BRK00479,RECON-DAILY,2026-08-13,TRADE,TRADE_PRICE_MISMATCH,Confirmed price differs from booked price,INTERNAL_BOOK,EXTERNAL_CONFIRMATION,TRD100968,TRD100968,610.06,600.74,,price,P2,OPEN,0,NOMURA-BROKER,EQ-CORE-01,,True,TRAIN
BRK00480,RECON-DAILY,2026-08-19,TRADE,CONF_MISSING,External confirmation never received,INTERNAL_BOOK,EXTERNAL_CONFIRMATION,TRD100971,TRD100971,TRD100971,,,confirmation,P0,OPEN,0,HDFC-CUST,EQ-INDEX-04,,True,TRAIN
BRK00481,RECON-DAILY,2026-08-18,SETTLEMENT,SETL_WRONG_SSI,Settlement instruction references the wrong SSI/beneficiary account - the payment-failure flagship scenario,INTERNAL_BOOK,CUSTODIAN_CONFIRM,TRD100973,TRD100973,SSI-JP-3389,SSI-IN-0147,,ssi_code,P0,OPEN,0,NOMURA-BROKER,EQ-ALPHA-03,,True,TRAIN
BRK00482,RECON-DAILY,2026-08-11,TRADE,CONF_DISAGREEMENT,External confirmation received but disagrees with the booking on multiple fields,INTERNAL_BOOK,EXTERNAL_CONFIRMATION,TRD100975,TRD100975,"qty=250,price=1245.74","qty=175,price=1264.96",,"quantity,price",P1,OPEN,0,HDFC-CUST,EQ-ALPHA-03,,True,TRAIN
BRK00483,RECON-DAILY,2026-08-03,SETTLEMENT,SETL_INCORRECT_DATE,Settlement recorded against the wrong date (holiday-calendar-style off-by-one),INTERNAL_BOOK,CUSTODIAN_CONFIRM,TRD100976,TRD100976,2026-08-03,2026-08-04,,settlement_date,P2,OPEN,0,HDFC-CUST,EQ-ALPHA-03,,True,TRAIN
BRK00484,RECON-DAILY,2026-08-07,CASH,CASH_WRONG_AMOUNT,Cash amount posted differs from expected trade value by a non-round amount,INTERNAL_BOOK,CUSTODIAN_CONFIRM,TRD100977,TRD100977,117365.0,96239.3,,amount,P1,OPEN,0,NOMURA-BROKER,EQ-ALPHA-03,,True,TRAIN
BRK00485,RECON-DAILY,2026-08-05,SETTLEMENT,SETL_WRONG_SSI,Settlement instruction references the wrong SSI/beneficiary account - the payment-failure flagship scenario,INTERNAL_BOOK,CUSTODIAN_CONFIRM,TRD100978,TRD100978,SSI-IN-0091,SSI-IN-0147,,ssi_code,P0,OPEN,0,ICICI-CUST,EQ-ALPHA-03,,True,TRAIN
BRK00486,RECON-DAILY,2026-08-19,TRADE,CONF_MISSING,External confirmation never received,INTERNAL_BOOK,EXTERNAL_CONFIRMATION,TRD100980,TRD100980,TRD100980,,,confirmation,P0,OPEN,0,HDFC-CUST,EQ-ALPHA-03,,True,TRAIN
BRK00487,RECON-DAILY,2026-08-19,CASH,CASH_DUPLICATE_ENTRY,Same cash movement posted twice,INTERNAL_BOOK,CUSTODIAN_CONFIRM,TRD100982,TRD100982,189919.0,379838.0,,"amount,cash_id",P1,OPEN,0,MORGANSTANLEY-BROKER,EQ-ALPHA-03,,True,TRAIN
BRK00488,RECON-DAILY,2026-08-20,POSITION,POS_TIMING_DIFFERENCE,"Timing difference - quantities agree, as-of dates don't (expected to self-resolve)",INTERNAL_BOOK,CUSTODIAN_CONFIRM,TRD100983,TRD100983,2026-08-20,2026-08-21,,as_of_date,P2,OPEN,0,NOMURA-BROKER,EQ-CORE-02,,True,TRAIN
BRK00489,RECON-DAILY,2026-08-03,CASH,CASH_DUPLICATE_ENTRY,Same cash movement posted twice,INTERNAL_BOOK,CUSTODIAN_CONFIRM,TRD100984,TRD100984,169512.0,339024.0,,"amount,cash_id",P1,OPEN,0,HDFC-CUST,EQ-CORE-01,,False,TRAIN
BRK00490,RECON-DAILY,2026-08-08,SETTLEMENT,SETL_LATE_COUNTERPARTY,Counterparty has not settled by the expected date,INTERNAL_BOOK,CUSTODIAN_CONFIRM,TRD100986,TRD100986,2026-08-08,2026-08-11,,"settlement_date,settlement_status",P1,OPEN,0,MORGANSTANLEY-BROKER,EQ-CORE-02,,True,TEST
BRK00491,RECON-DAILY,2026-08-16,POSITION,CA_VOLUNTARY_DECISION,"Voluntary corporate action (tender/conversion) pending an election - requires a human business decision, always escalated",INTERNAL_BOOK,CUSTODIAN_CONFIRM,TRD100987,TRD100987,300,100,,actual_quantity,P1,OPEN,0,NOMURA-BROKER,EQ-CORE-01,VOLUNTARY,True,TRAIN
BRK00492,RECON-DAILY,2026-08-21,POSITION,POS_MISSING_BOOKING,Missing upstream booking - position never reflected externally,INTERNAL_BOOK,CUSTODIAN_CONFIRM,TRD100988,TRD100988,2000,0,,actual_quantity,P0,OPEN,0,MORGANSTANLEY-BROKER,EQ-CORE-01,,True,TEST
BRK00493,RECON-DAILY,2026-08-15,SETTLEMENT,SETL_MISSING_INSTRUCTION,No settlement instruction was ever issued,INTERNAL_BOOK,CUSTODIAN_CONFIRM,TRD100989,TRD100989,INSTRUCTED,MISSING,,instruction_status,P0,OPEN,0,KOTAK-CUST,EQ-INDEX-04,,True,TRAIN
BRK00494,RECON-DAILY,2026-08-11,POSITION,POS_TIMING_DIFFERENCE,"Timing difference - quantities agree, as-of dates don't (expected to self-resolve)",INTERNAL_BOOK,CUSTODIAN_CONFIRM,TRD100990,TRD100990,2026-08-11,2026-08-12,,as_of_date,P2,OPEN,0,DEUTSCHE-BROKER,EQ-CORE-01,,False,TRAIN
BRK00495,RECON-DAILY,2026-08-15,SETTLEMENT,SETL_MISSING_INSTRUCTION,No settlement instruction was ever issued,INTERNAL_BOOK,CUSTODIAN_CONFIRM,TRD100991,TRD100991,INSTRUCTED,MISSING,,instruction_status,P0,OPEN,0,DEUTSCHE-BROKER,EQ-ALPHA-03,,True,TRAIN
BRK00496,RECON-DAILY,2026-08-11,POSITION,CA_INCORRECT_ENTITLEMENT,Corporate action entitlement calculated incorrectly (wrong ratio applied),INTERNAL_BOOK,CUSTODIAN_CONFIRM,TRD100996,TRD100996,1500,1350,,actual_quantity,P1,OPEN,0,DEUTSCHE-BROKER,EQ-INDEX-04,MANDATORY,True,TRAIN
BRK00497,RECON-DAILY,2026-08-04,CASH,CASH_WRONG_AMOUNT,Cash amount posted differs from expected trade value by a non-round amount,INTERNAL_BOOK,CUSTODIAN_CONFIRM,TRD100999,TRD100999,3090345.0,2812213.95,,amount,P1,OPEN,0,MORGANSTANLEY-BROKER,EQ-ALPHA-03,,False,TEST
BRK00498,RECON-DAILY,2026-08-07,TRADE,CONF_MISSING,External confirmation never received,INTERNAL_BOOK,EXTERNAL_CONFIRMATION,TRD101001,TRD101001,TRD101001,,,confirmation,P0,OPEN,0,MORGANSTANLEY-BROKER,EQ-CORE-01,,True,TRAIN
BRK00499,RECON-DAILY,2026-08-06,POSITION,POS_MISSING_BOOKING,Missing upstream booking - position never reflected externally,INTERNAL_BOOK,CUSTODIAN_CONFIRM,TRD101002,TRD101002,2000,0,,actual_quantity,P0,OPEN,0,KOTAK-CUST,EQ-CORE-02,,True,TRAIN
BRK00500,RECON-DAILY,2026-08-11,CASH,CASH_DUPLICATE_ENTRY,Same cash movement posted twice,INTERNAL_BOOK,CUSTODIAN_CONFIRM,TRD101005,TRD101005,3693860.0,7387720.0,,"amount,cash_id",P1,OPEN,0,KOTAK-CUST,EQ-ALPHA-03,,False,TRAIN
BRK00501,RECON-DAILY,2026-08-02,POSITION,POS_WRONG_QUANTITY,Wrong quantity - external position differs by a non-round amount,INTERNAL_BOOK,CUSTODIAN_CONFIRM,TRD101006,TRD101006,1000,690,,actual_quantity,P1,OPEN,0,HDFC-CUST,EQ-ALPHA-03,,False,TRAIN
BRK00502,RECON-DAILY,2026-08-07,SETTLEMENT,SETL_MISSING_INSTRUCTION,No settlement instruction was ever issued,INTERNAL_BOOK,CUSTODIAN_CONFIRM,TRD101007,TRD101007,INSTRUCTED,MISSING,,instruction_status,P0,OPEN,0,ICICI-CUST,EQ-CORE-02,,True,TRAIN
BRK00503,RECON-DAILY,2026-08-16,CASH,CASH_DUPLICATE_ENTRY,Same cash movement posted twice,INTERNAL_BOOK,CUSTODIAN_CONFIRM,TRD101010,TRD101010,1236320.0,2472640.0,,"amount,cash_id",P1,OPEN,0,MORGANSTANLEY-BROKER,EQ-ALPHA-03,,False,TRAIN
BRK00504,RECON-DAILY,2026-08-08,TRADE,CONF_MISSING,External confirmation never received,INTERNAL_BOOK,EXTERNAL_CONFIRMATION,TRD101012,TRD101012,TRD101012,,,confirmation,P0,OPEN,0,HDFC-CUST,EQ-CORE-01,,True,TRAIN
BRK00505,RECON-DAILY,2026-08-17,TRADE,TRADE_DATE_MISMATCH,Confirmed trade date differs from booked trade date,INTERNAL_BOOK,EXTERNAL_CONFIRMATION,TRD101013,TRD101013,2026-08-16,2026-08-17,,trade_date,P2,OPEN,0,DEUTSCHE-BROKER,EQ-CORE-01,,True,TRAIN
BRK00506,RECON-DAILY,2026-08-11,SETTLEMENT,SETL_INCORRECT_DATE,Settlement recorded against the wrong date (holiday-calendar-style off-by-one),INTERNAL_BOOK,CUSTODIAN_CONFIRM,TRD101015,TRD101015,2026-08-11,2026-08-12,,settlement_date,P2,OPEN,0,NOMURA-BROKER,EQ-CORE-01,,True,TRAIN
BRK00507,RECON-DAILY,2026-08-21,CASH,CASH_MISSING_ENTRY,Expected cash movement never posted,INTERNAL_BOOK,CUSTODIAN_CONFIRM,TRD101018,TRD101018,212150.0,,,amount,P0,OPEN,0,HDFC-CUST,EQ-CORE-01,,False,TRAIN
BRK00508,RECON-DAILY,2026-08-08,CASH,CASH_WRONG_AMOUNT,Cash amount posted differs from expected trade value by a non-round amount,INTERNAL_BOOK,CUSTODIAN_CONFIRM,TRD101019,TRD101019,1298374.0,1648934.98,,amount,P1,OPEN,0,KOTAK-CUST,EQ-CORE-02,,False,TRAIN
BRK00509,RECON-DAILY,2026-08-05,TRADE,TRADE_QUANTITY_MISMATCH,Confirmed quantity differs from booked quantity,INTERNAL_BOOK,EXTERNAL_CONFIRMATION,TRD101021,TRD101021,250,450,,quantity,P1,OPEN,0,HDFC-CUST,EQ-ALPHA-03,,True,TRAIN
BRK00510,RECON-DAILY,2026-08-15,SETTLEMENT,SETL_INCORRECT_DATE,Settlement recorded against the wrong date (holiday-calendar-style off-by-one),INTERNAL_BOOK,CUSTODIAN_CONFIRM,TRD101022,TRD101022,2026-08-15,2026-08-16,,settlement_date,P2,OPEN,0,ICICI-CUST,EQ-ALPHA-03,,True,TRAIN
BRK00511,RECON-DAILY,2026-08-17,POSITION,POS_TIMING_DIFFERENCE,"Timing difference - quantities agree, as-of dates don't (expected to self-resolve)",INTERNAL_BOOK,CUSTODIAN_CONFIRM,TRD101023,TRD101023,2026-08-17,2026-08-18,,as_of_date,P2,OPEN,0,KOTAK-CUST,EQ-ALPHA-03,,False,TRAIN
BRK00512,RECON-DAILY,2026-08-14,POSITION,POS_WRONG_QUANTITY,Wrong quantity - external position differs by a non-round amount,INTERNAL_BOOK,CUSTODIAN_CONFIRM,TRD101024,TRD101024,1000,690,,actual_quantity,P1,OPEN,0,KOTAK-CUST,EQ-INDEX-04,,False,TRAIN
BRK00513,RECON-DAILY,2026-08-14,POSITION,CA_VOLUNTARY_DECISION,"Voluntary corporate action (tender/conversion) pending an election - requires a human business decision, always escalated",INTERNAL_BOOK,CUSTODIAN_CONFIRM,TRD101027,TRD101027,6000,2000,,actual_quantity,P1,OPEN,0,DEUTSCHE-BROKER,EQ-CORE-01,VOLUNTARY,True,TRAIN
BRK00514,RECON-DAILY,2026-08-21,TRADE,TRADE_COUNTERPARTY_ID_MISMATCH,Confirmed counterparty identifier differs from booked counterparty,INTERNAL_BOOK,EXTERNAL_CONFIRMATION,TRD101029,TRD101029,DEUTSCHE-BROKER,KOTAK-CUST,,counterparty,P1,OPEN,0,DEUTSCHE-BROKER,EQ-CORE-01,,True,TRAIN
BRK00515,RECON-DAILY,2026-08-03,CASH,CASH_DUPLICATE_ENTRY,Same cash movement posted twice,INTERNAL_BOOK,CUSTODIAN_CONFIRM,TRD101033,TRD101033,486625.0,973250.0,,"amount,cash_id",P1,OPEN,0,ICICI-CUST,EQ-INDEX-04,,False,TRAIN
BRK00516,RECON-DAILY,2026-08-12,CASH,CASH_MISSING_ENTRY,Expected cash movement never posted,INTERNAL_BOOK,CUSTODIAN_CONFIRM,TRD101034,TRD101034,2838420.0,,,amount,P0,OPEN,0,HDFC-CUST,EQ-ALPHA-03,,False,TRAIN
BRK00517,RECON-DAILY,2026-08-05,POSITION,CA_INCORRECT_ENTITLEMENT,Corporate action entitlement calculated incorrectly (wrong ratio applied),INTERNAL_BOOK,CUSTODIAN_CONFIRM,TRD101037,TRD101037,150,130,,actual_quantity,P1,OPEN,0,DEUTSCHE-BROKER,EQ-INDEX-04,MANDATORY,True,TRAIN
BRK00518,RECON-DAILY,2026-08-03,POSITION,CA_MANDATORY_NOT_REFLECTED,"Mandatory corporate action (split/bonus) not yet reflected externally - mechanical, auto-correctable",INTERNAL_BOOK,CUSTODIAN_CONFIRM,TRD101038,TRD101038,3000,1500,,actual_quantity,P1,OPEN,0,ICICI-CUST,EQ-CORE-02,MANDATORY,True,TEST
BRK00519,RECON-DAILY,2026-08-06,SETTLEMENT,SETL_MISSING_INSTRUCTION,No settlement instruction was ever issued,INTERNAL_BOOK,CUSTODIAN_CONFIRM,TRD101039,TRD101039,INSTRUCTED,MISSING,,instruction_status,P0,OPEN,0,KOTAK-CUST,EQ-INDEX-04,,True,TRAIN
BRK00520,RECON-DAILY,2026-08-17,POSITION,CA_INCORRECT_ENTITLEMENT,Corporate action entitlement calculated incorrectly (wrong ratio applied),INTERNAL_BOOK,CUSTODIAN_CONFIRM,TRD101040,TRD101040,400,460,,actual_quantity,P1,OPEN,0,NOMURA-BROKER,EQ-INDEX-04,MANDATORY,True,TRAIN
BRK00521,RECON-DAILY,2026-08-14,POSITION,CA_INCORRECT_ENTITLEMENT,Corporate action entitlement calculated incorrectly (wrong ratio applied),INTERNAL_BOOK,CUSTODIAN_CONFIRM,TRD101041,TRD101041,375,425,,actual_quantity,P1,OPEN,0,KOTAK-CUST,EQ-INDEX-04,MANDATORY,True,TRAIN
BRK00522,RECON-DAILY,2026-08-11,POSITION,POS_MISSING_BOOKING,Missing upstream booking - position never reflected externally,INTERNAL_BOOK,CUSTODIAN_CONFIRM,TRD101042,TRD101042,1000,0,,actual_quantity,P0,OPEN,0,KOTAK-CUST,EQ-CORE-01,,False,TRAIN
BRK00523,RECON-DAILY,2026-08-13,POSITION,POS_WRONG_QUANTITY,Wrong quantity - external position differs by a non-round amount,INTERNAL_BOOK,CUSTODIAN_CONFIRM,TRD101044,TRD101044,200,234,,actual_quantity,P1,OPEN,0,DEUTSCHE-BROKER,EQ-ALPHA-03,,False,TRAIN
BRK00524,RECON-DAILY,2026-08-14,POSITION,CA_VOLUNTARY_DECISION,"Voluntary corporate action (tender/conversion) pending an election - requires a human business decision, always escalated",INTERNAL_BOOK,CUSTODIAN_CONFIRM,TRD101048,TRD101048,150,100,,actual_quantity,P1,OPEN,0,MORGANSTANLEY-BROKER,EQ-INDEX-04,VOLUNTARY,True,TRAIN
BRK00525,RECON-DAILY,2026-08-05,CASH,CASH_DUPLICATE_ENTRY,Same cash movement posted twice,INTERNAL_BOOK,CUSTODIAN_CONFIRM,TRD101049,TRD101049,236778.0,473556.0,,"amount,cash_id",P1,OPEN,0,NOMURA-BROKER,EQ-CORE-02,,True,TRAIN
BRK00526,RECON-DAILY,2026-08-14,POSITION,CA_VOLUNTARY_DECISION,"Voluntary corporate action (tender/conversion) pending an election - requires a human business decision, always escalated",INTERNAL_BOOK,CUSTODIAN_CONFIRM,TRD101052,TRD101052,1500,750,,actual_quantity,P1,OPEN,0,HDFC-CUST,EQ-CORE-01,VOLUNTARY,True,TRAIN
BRK00527,RECON-DAILY,2026-08-20,SETTLEMENT,SETL_WRONG_SSI,Settlement instruction references the wrong SSI/beneficiary account - the payment-failure flagship scenario,INTERNAL_BOOK,CUSTODIAN_CONFIRM,TRD101053,TRD101053,SSI-US-7742,SSI-DE-5510,,ssi_code,P0,OPEN,0,MORGANSTANLEY-BROKER,EQ-INDEX-04,,True,TRAIN
BRK00528,RECON-DAILY,2026-08-22,TRADE,TRADE_COUNTERPARTY_ID_MISMATCH,Confirmed counterparty identifier differs from booked counterparty,INTERNAL_BOOK,EXTERNAL_CONFIRMATION,TRD101054,TRD101054,KOTAK-CUST,HDFC-CUST,,counterparty,P1,OPEN,0,KOTAK-CUST,EQ-ALPHA-03,,True,TRAIN
BRK00529,RECON-DAILY,2026-08-22,SETTLEMENT,SETL_MISSING_INSTRUCTION,No settlement instruction was ever issued,INTERNAL_BOOK,CUSTODIAN_CONFIRM,TRD101057,TRD101057,INSTRUCTED,MISSING,,instruction_status,P0,OPEN,0,MORGANSTANLEY-BROKER,EQ-INDEX-04,,True,TEST
BRK00530,RECON-DAILY,2026-08-03,SETTLEMENT,SETL_MISSING_INSTRUCTION,No settlement instruction was ever issued,INTERNAL_BOOK,CUSTODIAN_CONFIRM,TRD101062,TRD101062,INSTRUCTED,MISSING,,instruction_status,P0,OPEN,0,HDFC-CUST,EQ-CORE-02,,True,TRAIN
BRK00531,RECON-DAILY,2026-08-10,POSITION,CA_VOLUNTARY_DECISION,"Voluntary corporate action (tender/conversion) pending an election - requires a human business decision, always escalated",INTERNAL_BOOK,CUSTODIAN_CONFIRM,TRD101063,TRD101063,200,100,,actual_quantity,P1,OPEN,0,NOMURA-BROKER,EQ-CORE-02,VOLUNTARY,True,TRAIN
BRK00532,RECON-DAILY,2026-08-03,TRADE,TRADE_DATE_MISMATCH,Confirmed trade date differs from booked trade date,INTERNAL_BOOK,EXTERNAL_CONFIRMATION,TRD101064,TRD101064,2026-08-02,2026-08-03,,trade_date,P2,OPEN,0,ICICI-CUST,EQ-ALPHA-03,,True,TRAIN
BRK00533,RECON-DAILY,2026-08-15,POSITION,POS_TIMING_DIFFERENCE,"Timing difference - quantities agree, as-of dates don't (expected to self-resolve)",INTERNAL_BOOK,CUSTODIAN_CONFIRM,TRD101065,TRD101065,2026-08-15,2026-08-16,,as_of_date,P2,OPEN,0,KOTAK-CUST,EQ-CORE-01,,True,TEST
BRK00534,RECON-DAILY,2026-08-20,TRADE,TRADE_DATE_MISMATCH,Confirmed trade date differs from booked trade date,INTERNAL_BOOK,EXTERNAL_CONFIRMATION,TRD101066,TRD101066,2026-08-19,2026-08-20,,trade_date,P2,OPEN,0,NOMURA-BROKER,EQ-CORE-01,,True,TEST
BRK00535,RECON-DAILY,2026-08-08,CASH,CASH_WRONG_AMOUNT,Cash amount posted differs from expected trade value by a non-round amount,INTERNAL_BOOK,CUSTODIAN_CONFIRM,TRD101068,TRD101068,1378780.0,1254689.8,,amount,P1,OPEN,0,HDFC-CUST,EQ-CORE-01,,True,TRAIN
BRK00536,RECON-DAILY,2026-08-10,TRADE,TRADE_QUANTITY_MISMATCH,Confirmed quantity differs from booked quantity,INTERNAL_BOOK,EXTERNAL_CONFIRMATION,TRD101069,TRD101069,750,650,,quantity,P1,OPEN,0,MORGANSTANLEY-BROKER,EQ-CORE-01,,True,TRAIN
BRK00537,RECON-DAILY,2026-08-06,SETTLEMENT,SETL_MISSING_INSTRUCTION,No settlement instruction was ever issued,INTERNAL_BOOK,CUSTODIAN_CONFIRM,TRD101071,TRD101071,INSTRUCTED,MISSING,,instruction_status,P0,OPEN,0,KOTAK-CUST,EQ-INDEX-04,,True,TEST
BRK00538,RECON-DAILY,2026-08-05,SETTLEMENT,SETL_MISSING_INSTRUCTION,No settlement instruction was ever issued,INTERNAL_BOOK,CUSTODIAN_CONFIRM,TRD101077,TRD101077,INSTRUCTED,MISSING,,instruction_status,P0,OPEN,0,HDFC-CUST,EQ-ALPHA-03,,True,TEST
BRK00539,RECON-DAILY,2026-08-08,SETTLEMENT,SETL_WRONG_SSI,Settlement instruction references the wrong SSI/beneficiary account - the payment-failure flagship scenario,INTERNAL_BOOK,CUSTODIAN_CONFIRM,TRD101080,TRD101080,SSI-JP-3389,SSI-IN-0203,,ssi_code,P0,OPEN,0,NOMURA-BROKER,EQ-ALPHA-03,,True,TRAIN
BRK00540,RECON-DAILY,2026-08-15,SETTLEMENT,SETL_LATE_COUNTERPARTY,Counterparty has not settled by the expected date,INTERNAL_BOOK,CUSTODIAN_CONFIRM,TRD101083,TRD101083,2026-08-15,2026-08-19,,"settlement_date,settlement_status",P1,OPEN,0,KOTAK-CUST,EQ-CORE-02,,True,TEST
BRK00541,RECON-DAILY,2026-08-16,POSITION,POS_WRONG_QUANTITY,Wrong quantity - external position differs by a non-round amount,INTERNAL_BOOK,CUSTODIAN_CONFIRM,TRD101085,TRD101085,500,345,,actual_quantity,P1,OPEN,0,HDFC-CUST,EQ-ALPHA-03,,True,TRAIN
BRK00542,RECON-DAILY,2026-08-09,TRADE,CONF_DISAGREEMENT,External confirmation received but disagrees with the booking on multiple fields,INTERNAL_BOOK,EXTERNAL_CONFIRMATION,TRD101091,TRD101091,"qty=500,price=1242.26","qty=425,price=1260.07",,"quantity,price",P1,OPEN,0,KOTAK-CUST,EQ-INDEX-04,,True,TRAIN
BRK00543,RECON-DAILY,2026-08-12,SETTLEMENT,SETL_INCORRECT_DATE,Settlement recorded against the wrong date (holiday-calendar-style off-by-one),INTERNAL_BOOK,CUSTODIAN_CONFIRM,TRD101092,TRD101092,2026-08-12,2026-08-13,,settlement_date,P2,OPEN,0,NOMURA-BROKER,EQ-INDEX-04,,True,TRAIN
BRK00544,RECON-DAILY,2026-08-21,POSITION,CA_VOLUNTARY_DECISION,"Voluntary corporate action (tender/conversion) pending an election - requires a human business decision, always escalated",INTERNAL_BOOK,CUSTODIAN_CONFIRM,TRD101093,TRD101093,2250,1500,,actual_quantity,P1,OPEN,0,KOTAK-CUST,EQ-CORE-01,VOLUNTARY,True,TRAIN
BRK00545,RECON-DAILY,2026-08-14,POSITION,POS_TIMING_DIFFERENCE,"Timing difference - quantities agree, as-of dates don't (expected to self-resolve)",INTERNAL_BOOK,CUSTODIAN_CONFIRM,TRD101095,TRD101095,2026-08-14,2026-08-15,,as_of_date,P2,OPEN,0,KOTAK-CUST,EQ-INDEX-04,,True,TRAIN
BRK00546,RECON-DAILY,2026-08-12,POSITION,CA_INCORRECT_ENTITLEMENT,Corporate action entitlement calculated incorrectly (wrong ratio applied),INTERNAL_BOOK,CUSTODIAN_CONFIRM,TRD101097,TRD101097,6000,5400,,actual_quantity,P1,OPEN,0,NOMURA-BROKER,EQ-INDEX-04,MANDATORY,True,TEST
BRK00547,RECON-DAILY,2026-08-06,POSITION,CA_VOLUNTARY_DECISION,"Voluntary corporate action (tender/conversion) pending an election - requires a human business decision, always escalated",INTERNAL_BOOK,CUSTODIAN_CONFIRM,TRD101098,TRD101098,300,200,,actual_quantity,P1,OPEN,0,DEUTSCHE-BROKER,EQ-ALPHA-03,VOLUNTARY,True,TRAIN
BRK00548,RECON-DAILY,2026-08-10,SETTLEMENT,SETL_INCORRECT_DATE,Settlement recorded against the wrong date (holiday-calendar-style off-by-one),INTERNAL_BOOK,CUSTODIAN_CONFIRM,TRD101099,TRD101099,2026-08-10,2026-08-11,,settlement_date,P2,OPEN,0,MORGANSTANLEY-BROKER,EQ-ALPHA-03,,True,TRAIN
BRK00549,RECON-DAILY,2026-08-17,POSITION,POS_TIMING_DIFFERENCE,"Timing difference - quantities agree, as-of dates don't (expected to self-resolve)",INTERNAL_BOOK,CUSTODIAN_CONFIRM,TRD101100,TRD101100,2026-08-17,2026-08-18,,as_of_date,P2,OPEN,0,HDFC-CUST,EQ-INDEX-04,,False,TRAIN
BRK00550,RECON-DAILY,2026-08-05,POSITION,CA_VOLUNTARY_DECISION,"Voluntary corporate action (tender/conversion) pending an election - requires a human business decision, always escalated",INTERNAL_BOOK,CUSTODIAN_CONFIRM,TRD101103,TRD101103,3000,2000,,actual_quantity,P1,OPEN,0,NOMURA-BROKER,EQ-CORE-02,VOLUNTARY,True,TEST
BRK00551,RECON-DAILY,2026-08-11,TRADE,TRADE_PRICE_MISMATCH,Confirmed price differs from booked price,INTERNAL_BOOK,EXTERNAL_CONFIRMATION,TRD101104,TRD101104,843.09,867.75,,price,P2,OPEN,0,HDFC-CUST,EQ-CORE-02,,True,TRAIN
BRK00552,RECON-DAILY,2026-08-17,TRADE,TRADE_COUNTERPARTY_ID_MISMATCH,Confirmed counterparty identifier differs from booked counterparty,INTERNAL_BOOK,EXTERNAL_CONFIRMATION,TRD101106,TRD101106,NOMURA-BROKER,ICICI-CUST,,counterparty,P1,OPEN,0,NOMURA-BROKER,EQ-CORE-01,,True,TRAIN
BRK00553,RECON-DAILY,2026-08-05,POSITION,CA_INCORRECT_ENTITLEMENT,Corporate action entitlement calculated incorrectly (wrong ratio applied),INTERNAL_BOOK,CUSTODIAN_CONFIRM,TRD101107,TRD101107,1125,1350,,actual_quantity,P1,OPEN,0,DEUTSCHE-BROKER,EQ-ALPHA-03,MANDATORY,True,TEST
BRK00554,RECON-DAILY,2026-08-02,SETTLEMENT,SETL_MISSING_INSTRUCTION,No settlement instruction was ever issued,INTERNAL_BOOK,CUSTODIAN_CONFIRM,TRD101109,TRD101109,INSTRUCTED,MISSING,,instruction_status,P0,OPEN,0,KOTAK-CUST,EQ-CORE-01,,True,TRAIN
BRK00555,RECON-DAILY,2026-08-03,TRADE,TRADE_COUNTERPARTY_ID_MISMATCH,Confirmed counterparty identifier differs from booked counterparty,INTERNAL_BOOK,EXTERNAL_CONFIRMATION,TRD101110,TRD101110,NOMURA-BROKER,HDFC-CUST,,counterparty,P1,OPEN,0,NOMURA-BROKER,EQ-ALPHA-03,,True,TRAIN
BRK00556,RECON-DAILY,2026-08-14,POSITION,CA_INCORRECT_ENTITLEMENT,Corporate action entitlement calculated incorrectly (wrong ratio applied),INTERNAL_BOOK,CUSTODIAN_CONFIRM,TRD101112,TRD101112,1500,1650,,actual_quantity,P1,OPEN,0,ICICI-CUST,EQ-CORE-01,MANDATORY,True,TRAIN
BRK00557,RECON-DAILY,2026-08-20,POSITION,CA_INCORRECT_ENTITLEMENT,Corporate action entitlement calculated incorrectly (wrong ratio applied),INTERNAL_BOOK,CUSTODIAN_CONFIRM,TRD101123,TRD101123,4000,3600,,actual_quantity,P1,OPEN,0,KOTAK-CUST,EQ-ALPHA-03,MANDATORY,True,TRAIN
BRK00558,RECON-DAILY,2026-08-03,TRADE,CONF_DISAGREEMENT,External confirmation received but disagrees with the booking on multiple fields,INTERNAL_BOOK,EXTERNAL_CONFIRMATION,TRD101125,TRD101125,"qty=250,price=2755.01","qty=175,price=2791.16",,"quantity,price",P1,OPEN,0,ICICI-CUST,EQ-INDEX-04,,True,TEST
BRK00559,RECON-DAILY,2026-08-04,POSITION,CA_VOLUNTARY_DECISION,"Voluntary corporate action (tender/conversion) pending an election - requires a human business decision, always escalated",INTERNAL_BOOK,CUSTODIAN_CONFIRM,TRD101127,TRD101127,750,250,,actual_quantity,P1,OPEN,0,NOMURA-BROKER,EQ-ALPHA-03,VOLUNTARY,True,TRAIN
BRK00560,RECON-DAILY,2026-08-05,CASH,CASH_MISSING_ENTRY,Expected cash movement never posted,INTERNAL_BOOK,CUSTODIAN_CONFIRM,TRD101128,TRD101128,168205.0,,,amount,P0,OPEN,0,ICICI-CUST,EQ-CORE-02,,True,TRAIN
BRK00561,RECON-DAILY,2026-08-14,TRADE,TRADE_PRICE_MISMATCH,Confirmed price differs from booked price,INTERNAL_BOOK,EXTERNAL_CONFIRMATION,TRD101130,TRD101130,1182.5,1163.38,,price,P2,OPEN,0,KOTAK-CUST,EQ-CORE-01,,True,TRAIN
BRK00562,RECON-DAILY,2026-08-02,POSITION,POS_TIMING_DIFFERENCE,"Timing difference - quantities agree, as-of dates don't (expected to self-resolve)",INTERNAL_BOOK,CUSTODIAN_CONFIRM,TRD101131,TRD101131,2026-08-02,2026-08-03,,as_of_date,P2,OPEN,0,NOMURA-BROKER,EQ-CORE-02,,False,TRAIN
BRK00563,RECON-DAILY,2026-08-18,POSITION,POS_MISSING_BOOKING,Missing upstream booking - position never reflected externally,INTERNAL_BOOK,CUSTODIAN_CONFIRM,TRD101137,TRD101137,2000,0,,actual_quantity,P0,OPEN,0,MORGANSTANLEY-BROKER,EQ-INDEX-04,,False,TRAIN
BRK00564,RECON-DAILY,2026-08-05,CASH,CASH_FX_INPUT_DIFFERENCE,Cash posted in a different currency / at a stale or incorrect FX rate,INTERNAL_BOOK,CUSTODIAN_CONFIRM,TRD101139,TRD101139,1868445.0,1999236.15,,"amount,currency",P2,OPEN,0,DEUTSCHE-BROKER,EQ-ALPHA-03,,False,TRAIN
BRK00565,RECON-DAILY,2026-08-11,POSITION,CA_VOLUNTARY_DECISION,"Voluntary corporate action (tender/conversion) pending an election - requires a human business decision, always escalated",INTERNAL_BOOK,CUSTODIAN_CONFIRM,TRD101143,TRD101143,375,250,,actual_quantity,P1,OPEN,0,NOMURA-BROKER,EQ-CORE-01,VOLUNTARY,True,TRAIN
BRK00566,RECON-DAILY,2026-08-19,SETTLEMENT,SETL_INCORRECT_DATE,Settlement recorded against the wrong date (holiday-calendar-style off-by-one),INTERNAL_BOOK,CUSTODIAN_CONFIRM,TRD101145,TRD101145,2026-08-19,2026-08-20,,settlement_date,P2,OPEN,0,ICICI-CUST,EQ-CORE-01,,True,TRAIN
BRK00567,RECON-DAILY,2026-08-09,TRADE,TRADE_QUANTITY_MISMATCH,Confirmed quantity differs from booked quantity,INTERNAL_BOOK,EXTERNAL_CONFIRMATION,TRD101147,TRD101147,1500,1550,,quantity,P1,OPEN,0,ICICI-CUST,EQ-CORE-02,,True,TRAIN
BRK00568,RECON-DAILY,2026-08-16,CASH,CASH_DUPLICATE_ENTRY,Same cash movement posted twice,INTERNAL_BOOK,CUSTODIAN_CONFIRM,TRD101149,TRD101149,2601358.0,5202716.0,,"amount,cash_id",P1,OPEN,0,DEUTSCHE-BROKER,EQ-CORE-01,,False,TRAIN
BRK00569,RECON-DAILY,2026-08-03,POSITION,CA_INCORRECT_ENTITLEMENT,Corporate action entitlement calculated incorrectly (wrong ratio applied),INTERNAL_BOOK,CUSTODIAN_CONFIRM,TRD101150,TRD101150,600,560,,actual_quantity,P1,OPEN,0,MORGANSTANLEY-BROKER,EQ-CORE-01,MANDATORY,True,TEST
BRK00570,RECON-DAILY,2026-08-08,SETTLEMENT,SETL_INCORRECT_DATE,Settlement recorded against the wrong date (holiday-calendar-style off-by-one),INTERNAL_BOOK,CUSTODIAN_CONFIRM,TRD101153,TRD101153,2026-08-08,2026-08-09,,settlement_date,P2,OPEN,0,DEUTSCHE-BROKER,EQ-INDEX-04,,True,TRAIN
BRK00571,RECON-DAILY,2026-08-15,TRADE,TRADE_QUANTITY_MISMATCH,Confirmed quantity differs from booked quantity,INTERNAL_BOOK,EXTERNAL_CONFIRMATION,TRD101156,TRD101156,1500,1550,,quantity,P1,OPEN,0,DEUTSCHE-BROKER,EQ-ALPHA-03,,True,TRAIN
BRK00572,RECON-DAILY,2026-08-07,TRADE,CONF_DISAGREEMENT,External confirmation received but disagrees with the booking on multiple fields,INTERNAL_BOOK,EXTERNAL_CONFIRMATION,TRD101158,TRD101158,"qty=1500,price=849.68","qty=1425,price=859.94",,"quantity,price",P1,OPEN,0,DEUTSCHE-BROKER,EQ-CORE-01,,True,TRAIN
BRK00573,RECON-DAILY,2026-08-19,TRADE,TRADE_QUANTITY_MISMATCH,Confirmed quantity differs from booked quantity,INTERNAL_BOOK,EXTERNAL_CONFIRMATION,TRD101160,TRD101160,1500,1450,,quantity,P1,OPEN,0,KOTAK-CUST,EQ-ALPHA-03,,True,TRAIN
BRK00574,RECON-DAILY,2026-08-21,TRADE,TRADE_COUNTERPARTY_ID_MISMATCH,Confirmed counterparty identifier differs from booked counterparty,INTERNAL_BOOK,EXTERNAL_CONFIRMATION,TRD101161,TRD101161,HDFC-CUST,ICICI-CUST,,counterparty,P1,OPEN,0,HDFC-CUST,EQ-INDEX-04,,True,TRAIN
BRK00575,RECON-DAILY,2026-08-21,POSITION,POS_TIMING_DIFFERENCE,"Timing difference - quantities agree, as-of dates don't (expected to self-resolve)",INTERNAL_BOOK,CUSTODIAN_CONFIRM,TRD101162,TRD101162,2026-08-21,2026-08-22,,as_of_date,P2,OPEN,0,MORGANSTANLEY-BROKER,EQ-INDEX-04,,False,TRAIN
BRK00576,RECON-DAILY,2026-08-11,SETTLEMENT,SETL_INCORRECT_DATE,Settlement recorded against the wrong date (holiday-calendar-style off-by-one),INTERNAL_BOOK,CUSTODIAN_CONFIRM,TRD101163,TRD101163,2026-08-11,2026-08-12,,settlement_date,P2,OPEN,0,ICICI-CUST,EQ-CORE-01,,True,TRAIN
BRK00577,RECON-DAILY,2026-08-22,SETTLEMENT,SETL_LATE_COUNTERPARTY,Counterparty has not settled by the expected date,INTERNAL_BOOK,CUSTODIAN_CONFIRM,TRD101165,TRD101165,2026-08-22,2026-08-27,,"settlement_date,settlement_status",P1,OPEN,0,HDFC-CUST,EQ-CORE-01,,True,TRAIN
BRK00578,RECON-DAILY,2026-08-10,POSITION,CA_INCORRECT_ENTITLEMENT,Corporate action entitlement calculated incorrectly (wrong ratio applied),INTERNAL_BOOK,CUSTODIAN_CONFIRM,TRD101167,TRD101167,200,220,,actual_quantity,P1,OPEN,0,NOMURA-BROKER,EQ-ALPHA-03,MANDATORY,True,TRAIN
BRK00579,RECON-DAILY,2026-08-20,SETTLEMENT,SETL_INCORRECT_DATE,Settlement recorded against the wrong date (holiday-calendar-style off-by-one),INTERNAL_BOOK,CUSTODIAN_CONFIRM,TRD101169,TRD101169,2026-08-20,2026-08-21,,settlement_date,P2,OPEN,0,MORGANSTANLEY-BROKER,EQ-CORE-02,,True,TRAIN
BRK00580,RECON-DAILY,2026-08-20,TRADE,TRADE_PRICE_MISMATCH,Confirmed price differs from booked price,INTERNAL_BOOK,EXTERNAL_CONFIRMATION,TRD101170,TRD101170,1242.87,1227.9,,price,P2,OPEN,0,NOMURA-BROKER,EQ-CORE-02,,True,TEST
BRK00581,RECON-DAILY,2026-08-18,POSITION,POS_TIMING_DIFFERENCE,"Timing difference - quantities agree, as-of dates don't (expected to self-resolve)",INTERNAL_BOOK,CUSTODIAN_CONFIRM,TRD101174,TRD101174,2026-08-18,2026-08-19,,as_of_date,P2,OPEN,0,DEUTSCHE-BROKER,EQ-ALPHA-03,,False,TRAIN
BRK00582,RECON-DAILY,2026-08-17,SETTLEMENT,SETL_WRONG_SSI,Settlement instruction references the wrong SSI/beneficiary account - the payment-failure flagship scenario,INTERNAL_BOOK,CUSTODIAN_CONFIRM,TRD101175,TRD101175,SSI-JP-3389,SSI-IN-0203,,ssi_code,P0,OPEN,0,NOMURA-BROKER,EQ-INDEX-04,,True,TRAIN
BRK00583,RECON-DAILY,2026-08-07,POSITION,POS_WRONG_QUANTITY,Wrong quantity - external position differs by a non-round amount,INTERNAL_BOOK,CUSTODIAN_CONFIRM,TRD101177,TRD101177,2000,1380,,actual_quantity,P1,OPEN,0,MORGANSTANLEY-BROKER,EQ-ALPHA-03,,True,TRAIN
BRK00584,RECON-DAILY,2026-08-13,TRADE,TRADE_COUNTERPARTY_ID_MISMATCH,Confirmed counterparty identifier differs from booked counterparty,INTERNAL_BOOK,EXTERNAL_CONFIRMATION,TRD101178,TRD101178,MORGANSTANLEY-BROKER,DEUTSCHE-BROKER,,counterparty,P1,OPEN,0,MORGANSTANLEY-BROKER,EQ-ALPHA-03,,True,TRAIN
BRK00585,RECON-DAILY,2026-08-11,POSITION,CA_VOLUNTARY_DECISION,"Voluntary corporate action (tender/conversion) pending an election - requires a human business decision, always escalated",INTERNAL_BOOK,CUSTODIAN_CONFIRM,TRD101179,TRD101179,500,250,,actual_quantity,P1,OPEN,0,KOTAK-CUST,EQ-ALPHA-03,VOLUNTARY,True,TRAIN
BRK00586,RECON-DAILY,2026-08-08,SETTLEMENT,SETL_WRONG_SSI,Settlement instruction references the wrong SSI/beneficiary account - the payment-failure flagship scenario,INTERNAL_BOOK,CUSTODIAN_CONFIRM,TRD101181,TRD101181,SSI-IN-0147,SSI-IN-0091,,ssi_code,P0,OPEN,0,HDFC-CUST,EQ-INDEX-04,,True,TRAIN
BRK00587,RECON-DAILY,2026-08-03,SETTLEMENT,SETL_INCORRECT_DATE,Settlement recorded against the wrong date (holiday-calendar-style off-by-one),INTERNAL_BOOK,CUSTODIAN_CONFIRM,TRD101182,TRD101182,2026-08-03,2026-08-04,,settlement_date,P2,OPEN,0,DEUTSCHE-BROKER,EQ-INDEX-04,,True,TRAIN
BRK00588,RECON-DAILY,2026-08-16,POSITION,CA_VOLUNTARY_DECISION,"Voluntary corporate action (tender/conversion) pending an election - requires a human business decision, always escalated",INTERNAL_BOOK,CUSTODIAN_CONFIRM,TRD101184,TRD101184,6000,2000,,actual_quantity,P1,OPEN,0,HDFC-CUST,EQ-ALPHA-03,VOLUNTARY,True,TEST
BRK00589,RECON-DAILY,2026-08-07,SETTLEMENT,SETL_INCORRECT_DATE,Settlement recorded against the wrong date (holiday-calendar-style off-by-one),INTERNAL_BOOK,CUSTODIAN_CONFIRM,TRD101186,TRD101186,2026-08-07,2026-08-08,,settlement_date,P2,OPEN,0,NOMURA-BROKER,EQ-CORE-01,,True,TRAIN
BRK00590,RECON-DAILY,2026-08-02,CASH,CASH_WRONG_AMOUNT,Cash amount posted differs from expected trade value by a non-round amount,INTERNAL_BOOK,CUSTODIAN_CONFIRM,TRD101188,TRD101188,5491340.0,4997119.4,,amount,P1,OPEN,0,ICICI-CUST,EQ-CORE-02,,True,TEST
BRK00591,RECON-DAILY,2026-08-02,POSITION,POS_WRONG_QUANTITY,Wrong quantity - external position differs by a non-round amount,INTERNAL_BOOK,CUSTODIAN_CONFIRM,TRD101190,TRD101190,100,87,,actual_quantity,P1,OPEN,0,KOTAK-CUST,EQ-INDEX-04,,False,TRAIN
BRK00592,RECON-DAILY,2026-08-12,SETTLEMENT,SETL_MISSING_INSTRUCTION,No settlement instruction was ever issued,INTERNAL_BOOK,CUSTODIAN_CONFIRM,TRD101191,TRD101191,INSTRUCTED,MISSING,,instruction_status,P0,OPEN,0,DEUTSCHE-BROKER,EQ-ALPHA-03,,True,TRAIN
BRK00593,RECON-DAILY,2026-08-03,POSITION,CA_INCORRECT_ENTITLEMENT,Corporate action entitlement calculated incorrectly (wrong ratio applied),INTERNAL_BOOK,CUSTODIAN_CONFIRM,TRD101194,TRD101194,3000,3300,,actual_quantity,P1,OPEN,0,KOTAK-CUST,EQ-INDEX-04,MANDATORY,True,TRAIN
BRK00594,RECON-DAILY,2026-08-02,TRADE,TRADE_DATE_MISMATCH,Confirmed trade date differs from booked trade date,INTERNAL_BOOK,EXTERNAL_CONFIRMATION,TRD101198,TRD101198,2026-08-01,2026-08-02,,trade_date,P2,OPEN,0,DEUTSCHE-BROKER,EQ-CORE-02,,True,TRAIN
BRK00595,RECON-DAILY,2026-08-19,TRADE,CONF_DISAGREEMENT,External confirmation received but disagrees with the booking on multiple fields,INTERNAL_BOOK,EXTERNAL_CONFIRMATION,TRD101199,TRD101199,"qty=200,price=1237.65","qty=275,price=1254.2",,"quantity,price",P1,OPEN,0,NOMURA-BROKER,EQ-CORE-02,,True,TRAIN
BRK00596,RECON-DAILY,2026-08-10,TRADE,TRADE_COUNTERPARTY_ID_MISMATCH,Confirmed counterparty identifier differs from booked counterparty,INTERNAL_BOOK,EXTERNAL_CONFIRMATION,TRD101203,TRD101203,NOMURA-BROKER,HDFC-CUST,,counterparty,P1,OPEN,0,NOMURA-BROKER,EQ-INDEX-04,,True,TRAIN
BRK00597,RECON-DAILY,2026-08-16,POSITION,POS_TIMING_DIFFERENCE,"Timing difference - quantities agree, as-of dates don't (expected to self-resolve)",INTERNAL_BOOK,CUSTODIAN_CONFIRM,TRD101207,TRD101207,2026-08-16,2026-08-17,,as_of_date,P2,OPEN,0,KOTAK-CUST,EQ-CORE-02,,False,TRAIN
BRK00598,RECON-DAILY,2026-08-21,POSITION,CA_VOLUNTARY_DECISION,"Voluntary corporate action (tender/conversion) pending an election - requires a human business decision, always escalated",INTERNAL_BOOK,CUSTODIAN_CONFIRM,TRD101208,TRD101208,1500,500,,actual_quantity,P1,OPEN,0,KOTAK-CUST,EQ-CORE-01,VOLUNTARY,True,TRAIN
BRK00599,RECON-DAILY,2026-08-02,CASH,CASH_DUPLICATE_ENTRY,Same cash movement posted twice,INTERNAL_BOOK,CUSTODIAN_CONFIRM,TRD101209,TRD101209,195783.0,391566.0,,"amount,cash_id",P1,OPEN,0,ICICI-CUST,EQ-CORE-02,,False,TRAIN
BRK00600,RECON-DAILY,2026-08-19,POSITION,CA_INCORRECT_ENTITLEMENT,Corporate action entitlement calculated incorrectly (wrong ratio applied),INTERNAL_BOOK,CUSTODIAN_CONFIRM,TRD101210,TRD101210,3000,3400,,actual_quantity,P1,OPEN,0,ICICI-CUST,EQ-CORE-01,MANDATORY,True,TRAIN
BRK00601,RECON-DAILY,2026-08-13,TRADE,CONF_DISAGREEMENT,External confirmation received but disagrees with the booking on multiple fields,INTERNAL_BOOK,EXTERNAL_CONFIRMATION,TRD101211,TRD101211,"qty=2000,price=172.75","qty=2075,price=174.87",,"quantity,price",P1,OPEN,0,DEUTSCHE-BROKER,EQ-ALPHA-03,,True,TRAIN
BRK00602,RECON-DAILY,2026-08-22,CASH,CASH_MISSING_ENTRY,Expected cash movement never posted,INTERNAL_BOOK,CUSTODIAN_CONFIRM,TRD101215,TRD101215,233295.0,,,amount,P0,OPEN,0,DEUTSCHE-BROKER,EQ-CORE-01,,False,TEST
BRK00603,RECON-DAILY,2026-08-06,TRADE,CONF_DISAGREEMENT,External confirmation received but disagrees with the booking on multiple fields,INTERNAL_BOOK,EXTERNAL_CONFIRMATION,TRD101217,TRD101217,"qty=250,price=1183.15","qty=325,price=1200.67",,"quantity,price",P1,OPEN,0,KOTAK-CUST,EQ-CORE-02,,True,TEST
BRK00604,RECON-DAILY,2026-08-19,SETTLEMENT,SETL_LATE_COUNTERPARTY,Counterparty has not settled by the expected date,INTERNAL_BOOK,CUSTODIAN_CONFIRM,TRD101218,TRD101218,2026-08-19,2026-08-22,,"settlement_date,settlement_status",P1,OPEN,0,MORGANSTANLEY-BROKER,EQ-ALPHA-03,,True,TRAIN
BRK00605,RECON-DAILY,2026-08-18,POSITION,CA_MANDATORY_NOT_REFLECTED,"Mandatory corporate action (split/bonus) not yet reflected externally - mechanical, auto-correctable",INTERNAL_BOOK,CUSTODIAN_CONFIRM,TRD101220,TRD101220,2250,1500,,actual_quantity,P1,OPEN,0,DEUTSCHE-BROKER,EQ-INDEX-04,MANDATORY,True,TEST
BRK00606,RECON-DAILY,2026-08-14,SETTLEMENT,SETL_INCORRECT_DATE,Settlement recorded against the wrong date (holiday-calendar-style off-by-one),INTERNAL_BOOK,CUSTODIAN_CONFIRM,TRD101230,TRD101230,2026-08-14,2026-08-15,,settlement_date,P2,OPEN,0,DEUTSCHE-BROKER,EQ-CORE-01,,True,TRAIN
BRK00607,RECON-DAILY,2026-08-12,CASH,CASH_WRONG_AMOUNT,Cash amount posted differs from expected trade value by a non-round amount,INTERNAL_BOOK,CUSTODIAN_CONFIRM,TRD101232,TRD101232,195480.0,248259.6,,amount,P1,OPEN,0,MORGANSTANLEY-BROKER,EQ-CORE-02,,True,TRAIN
BRK00608,RECON-DAILY,2026-08-19,CASH,CASH_MISSING_ENTRY,Expected cash movement never posted,INTERNAL_BOOK,CUSTODIAN_CONFIRM,TRD101236,TRD101236,3673200.0,,,amount,P0,OPEN,0,HDFC-CUST,EQ-CORE-02,,True,TRAIN
BRK00609,RECON-DAILY,2026-08-02,TRADE,CONF_DISAGREEMENT,External confirmation received but disagrees with the booking on multiple fields,INTERNAL_BOOK,EXTERNAL_CONFIRMATION,TRD101237,TRD101237,"qty=1000,price=1238.21","qty=925,price=1257.87",,"quantity,price",P1,OPEN,0,MORGANSTANLEY-BROKER,EQ-CORE-02,,True,TEST
BRK00610,RECON-DAILY,2026-08-08,POSITION,POS_TIMING_DIFFERENCE,"Timing difference - quantities agree, as-of dates don't (expected to self-resolve)",INTERNAL_BOOK,CUSTODIAN_CONFIRM,TRD101238,TRD101238,2026-08-08,2026-08-09,,as_of_date,P2,OPEN,0,HDFC-CUST,EQ-CORE-02,,True,TRAIN
BRK00611,RECON-DAILY,2026-08-16,SETTLEMENT,SETL_INCORRECT_DATE,Settlement recorded against the wrong date (holiday-calendar-style off-by-one),INTERNAL_BOOK,CUSTODIAN_CONFIRM,TRD101239,TRD101239,2026-08-16,2026-08-17,,settlement_date,P2,OPEN,0,MORGANSTANLEY-BROKER,EQ-ALPHA-03,,True,TRAIN
BRK00612,RECON-DAILY,2026-08-07,TRADE,TRADE_QUANTITY_MISMATCH,Confirmed quantity differs from booked quantity,INTERNAL_BOOK,EXTERNAL_CONFIRMATION,TRD101240,TRD101240,750,950,,quantity,P1,OPEN,0,ICICI-CUST,EQ-INDEX-04,,True,TRAIN
BRK00613,RECON-DAILY,2026-08-22,TRADE,CONF_DISAGREEMENT,External confirmation received but disagrees with the booking on multiple fields,INTERNAL_BOOK,EXTERNAL_CONFIRMATION,TRD101241,TRD101241,"qty=500,price=470.87","qty=425,price=478.89",,"quantity,price",P1,OPEN,0,HDFC-CUST,EQ-CORE-02,,True,TRAIN
BRK00614,RECON-DAILY,2026-08-08,TRADE,TRADE_QUANTITY_MISMATCH,Confirmed quantity differs from booked quantity,INTERNAL_BOOK,EXTERNAL_CONFIRMATION,TRD101248,TRD101248,200,100,,quantity,P1,OPEN,0,KOTAK-CUST,EQ-INDEX-04,,True,TRAIN
BRK00615,RECON-DAILY,2026-08-06,CASH,CASH_WRONG_AMOUNT,Cash amount posted differs from expected trade value by a non-round amount,INTERNAL_BOOK,CUSTODIAN_CONFIRM,TRD101250,TRD101250,1034130.0,1313345.1,,amount,P1,OPEN,0,HDFC-CUST,EQ-CORE-02,,True,TRAIN
BRK00616,RECON-DAILY,2026-08-11,CASH,CASH_DUPLICATE_ENTRY,Same cash movement posted twice,INTERNAL_BOOK,CUSTODIAN_CONFIRM,TRD101252,TRD101252,1377665.0,2755330.0,,"amount,cash_id",P1,OPEN,0,HDFC-CUST,EQ-ALPHA-03,,False,TRAIN
BRK00617,RECON-DAILY,2026-08-16,POSITION,POS_TIMING_DIFFERENCE,"Timing difference - quantities agree, as-of dates don't (expected to self-resolve)",INTERNAL_BOOK,CUSTODIAN_CONFIRM,TRD101255,TRD101255,2026-08-16,2026-08-17,,as_of_date,P2,OPEN,0,HDFC-CUST,EQ-ALPHA-03,,False,TRAIN
BRK00618,RECON-DAILY,2026-08-08,POSITION,CA_VOLUNTARY_DECISION,"Voluntary corporate action (tender/conversion) pending an election - requires a human business decision, always escalated",INTERNAL_BOOK,CUSTODIAN_CONFIRM,TRD101257,TRD101257,200,100,,actual_quantity,P1,OPEN,0,DEUTSCHE-BROKER,EQ-CORE-02,VOLUNTARY,True,TRAIN
BRK00619,RECON-DAILY,2026-08-14,CASH,CASH_MISSING_ENTRY,Expected cash movement never posted,INTERNAL_BOOK,CUSTODIAN_CONFIRM,TRD101258,TRD101258,1255455.0,,,amount,P0,OPEN,0,MORGANSTANLEY-BROKER,EQ-CORE-02,,False,TRAIN
BRK00620,RECON-DAILY,2026-08-04,CASH,CASH_WRONG_AMOUNT,Cash amount posted differs from expected trade value by a non-round amount,INTERNAL_BOOK,CUSTODIAN_CONFIRM,TRD101259,TRD101259,247252.0,202746.64,,amount,P1,OPEN,0,KOTAK-CUST,EQ-INDEX-04,,False,TRAIN
BRK00621,RECON-DAILY,2026-08-19,POSITION,CA_INCORRECT_ENTITLEMENT,Corporate action entitlement calculated incorrectly (wrong ratio applied),INTERNAL_BOOK,CUSTODIAN_CONFIRM,TRD101266,TRD101266,500,550,,actual_quantity,P1,OPEN,0,KOTAK-CUST,EQ-CORE-01,MANDATORY,True,TRAIN
BRK00622,RECON-DAILY,2026-08-14,TRADE,TRADE_QUANTITY_MISMATCH,Confirmed quantity differs from booked quantity,INTERNAL_BOOK,EXTERNAL_CONFIRMATION,TRD101267,TRD101267,1000,1100,,quantity,P1,OPEN,0,DEUTSCHE-BROKER,EQ-CORE-01,,True,TRAIN
BRK00623,RECON-DAILY,2026-08-09,POSITION,POS_MISSING_BOOKING,Missing upstream booking - position never reflected externally,INTERNAL_BOOK,CUSTODIAN_CONFIRM,TRD101268,TRD101268,250,0,,actual_quantity,P0,OPEN,0,HDFC-CUST,EQ-CORE-02,,True,TEST
BRK00624,RECON-DAILY,2026-08-16,POSITION,CA_VOLUNTARY_DECISION,"Voluntary corporate action (tender/conversion) pending an election - requires a human business decision, always escalated",INTERNAL_BOOK,CUSTODIAN_CONFIRM,TRD101269,TRD101269,4000,2000,,actual_quantity,P1,OPEN,0,KOTAK-CUST,EQ-CORE-01,VOLUNTARY,True,TRAIN
BRK00625,RECON-DAILY,2026-08-15,CASH,CASH_MISSING_ENTRY,Expected cash movement never posted,INTERNAL_BOOK,CUSTODIAN_CONFIRM,TRD101270,TRD101270,6485380.0,,,amount,P0,OPEN,0,HDFC-CUST,EQ-INDEX-04,,True,TRAIN
BRK00626,RECON-DAILY,2026-08-15,CASH,CASH_DUPLICATE_ENTRY,Same cash movement posted twice,INTERNAL_BOOK,CUSTODIAN_CONFIRM,TRD101272,TRD101272,468150.0,936300.0,,"amount,cash_id",P1,OPEN,0,DEUTSCHE-BROKER,EQ-INDEX-04,,True,TRAIN
BRK00627,RECON-DAILY,2026-08-03,CASH,CASH_MISSING_ENTRY,Expected cash movement never posted,INTERNAL_BOOK,CUSTODIAN_CONFIRM,TRD101273,TRD101273,84617.0,,,amount,P0,OPEN,0,HDFC-CUST,EQ-CORE-02,,False,TRAIN
BRK00628,RECON-DAILY,2026-08-08,TRADE,TRADE_QUANTITY_MISMATCH,Confirmed quantity differs from booked quantity,INTERNAL_BOOK,EXTERNAL_CONFIRMATION,TRD101274,TRD101274,1500,1550,,quantity,P1,OPEN,0,DEUTSCHE-BROKER,EQ-CORE-01,,True,TRAIN
BRK00629,RECON-DAILY,2026-08-20,POSITION,POS_TIMING_DIFFERENCE,"Timing difference - quantities agree, as-of dates don't (expected to self-resolve)",INTERNAL_BOOK,CUSTODIAN_CONFIRM,TRD101275,TRD101275,2026-08-20,2026-08-21,,as_of_date,P2,OPEN,0,DEUTSCHE-BROKER,EQ-ALPHA-03,,False,TRAIN
BRK00630,RECON-DAILY,2026-08-07,CASH,CASH_FX_INPUT_DIFFERENCE,Cash posted in a different currency / at a stale or incorrect FX rate,INTERNAL_BOOK,CUSTODIAN_CONFIRM,TRD101276,TRD101276,378722.0,386296.44,,"amount,currency",P2,OPEN,0,ICICI-CUST,EQ-INDEX-04,,False,TEST
BRK00631,RECON-DAILY,2026-08-05,CASH,CASH_WRONG_AMOUNT,Cash amount posted differs from expected trade value by a non-round amount,INTERNAL_BOOK,CUSTODIAN_CONFIRM,TRD101279,TRD101279,1267020.0,1406392.2,,amount,P1,OPEN,0,HDFC-CUST,EQ-INDEX-04,,True,TEST
BRK00632,RECON-DAILY,2026-08-08,POSITION,POS_TIMING_DIFFERENCE,"Timing difference - quantities agree, as-of dates don't (expected to self-resolve)",INTERNAL_BOOK,CUSTODIAN_CONFIRM,TRD101280,TRD101280,2026-08-08,2026-08-09,,as_of_date,P2,OPEN,0,HDFC-CUST,EQ-CORE-02,,False,TEST
BRK00633,RECON-DAILY,2026-08-20,CASH,CASH_MISSING_ENTRY,Expected cash movement never posted,INTERNAL_BOOK,CUSTODIAN_CONFIRM,TRD101281,TRD101281,3369260.0,,,amount,P0,OPEN,0,KOTAK-CUST,EQ-CORE-02,,True,TRAIN
BRK00634,RECON-DAILY,2026-08-06,SETTLEMENT,SETL_MISSING_INSTRUCTION,No settlement instruction was ever issued,INTERNAL_BOOK,CUSTODIAN_CONFIRM,TRD101282,TRD101282,INSTRUCTED,MISSING,,instruction_status,P0,OPEN,0,DEUTSCHE-BROKER,EQ-CORE-01,,True,TRAIN
BRK00635,RECON-DAILY,2026-08-20,TRADE,TRADE_COUNTERPARTY_ID_MISMATCH,Confirmed counterparty identifier differs from booked counterparty,INTERNAL_BOOK,EXTERNAL_CONFIRMATION,TRD101283,TRD101283,DEUTSCHE-BROKER,MORGANSTANLEY-BROKER,,counterparty,P1,OPEN,0,DEUTSCHE-BROKER,EQ-INDEX-04,,True,TRAIN
BRK00636,RECON-DAILY,2026-08-11,TRADE,TRADE_PRICE_MISMATCH,Confirmed price differs from booked price,INTERNAL_BOOK,EXTERNAL_CONFIRMATION,TRD101284,TRD101284,1183.05,1158.36,,price,P2,OPEN,0,NOMURA-BROKER,EQ-INDEX-04,,True,TRAIN
BRK00637,RECON-DAILY,2026-08-07,CASH,CASH_MISSING_ENTRY,Expected cash movement never posted,INTERNAL_BOOK,CUSTODIAN_CONFIRM,TRD101286,TRD101286,258570.0,,,amount,P0,OPEN,0,NOMURA-BROKER,EQ-CORE-01,,False,TEST
BRK00638,RECON-DAILY,2026-08-15,POSITION,POS_WRONG_QUANTITY,Wrong quantity - external position differs by a non-round amount,INTERNAL_BOOK,CUSTODIAN_CONFIRM,TRD101288,TRD101288,500,435,,actual_quantity,P1,OPEN,0,MORGANSTANLEY-BROKER,EQ-CORE-01,,False,TRAIN
BRK00639,RECON-DAILY,2026-08-16,SETTLEMENT,SETL_LATE_COUNTERPARTY,Counterparty has not settled by the expected date,INTERNAL_BOOK,CUSTODIAN_CONFIRM,TRD101290,TRD101290,2026-08-16,2026-08-21,,"settlement_date,settlement_status",P1,OPEN,0,ICICI-CUST,EQ-CORE-01,,True,TRAIN
BRK00640,RECON-DAILY,2026-08-06,POSITION,POS_MISSING_BOOKING,Missing upstream booking - position never reflected externally,INTERNAL_BOOK,CUSTODIAN_CONFIRM,TRD101292,TRD101292,200,0,,actual_quantity,P0,OPEN,0,KOTAK-CUST,EQ-INDEX-04,,False,TEST
BRK00641,RECON-DAILY,2026-08-09,POSITION,CA_VOLUNTARY_DECISION,"Voluntary corporate action (tender/conversion) pending an election - requires a human business decision, always escalated",INTERNAL_BOOK,CUSTODIAN_CONFIRM,TRD101293,TRD101293,400,200,,actual_quantity,P1,OPEN,0,NOMURA-BROKER,EQ-INDEX-04,VOLUNTARY,True,TRAIN
BRK00642,RECON-DAILY,2026-08-13,SETTLEMENT,SETL_INCORRECT_DATE,Settlement recorded against the wrong date (holiday-calendar-style off-by-one),INTERNAL_BOOK,CUSTODIAN_CONFIRM,TRD101296,TRD101296,2026-08-13,2026-08-14,,settlement_date,P2,OPEN,0,HDFC-CUST,EQ-CORE-02,,True,TRAIN
BRK00643,RECON-DAILY,2026-08-03,TRADE,CONF_MISSING,External confirmation never received,INTERNAL_BOOK,EXTERNAL_CONFIRMATION,TRD101297,TRD101297,TRD101297,,,confirmation,P0,OPEN,0,NOMURA-BROKER,EQ-CORE-01,,True,TRAIN
BRK00644,RECON-DAILY,2026-08-21,SETTLEMENT,SETL_MISSING_INSTRUCTION,No settlement instruction was ever issued,INTERNAL_BOOK,CUSTODIAN_CONFIRM,TRD101298,TRD101298,INSTRUCTED,MISSING,,instruction_status,P0,OPEN,0,ICICI-CUST,EQ-CORE-01,,True,TEST
BRK00645,RECON-DAILY,2026-08-13,CASH,CASH_FX_INPUT_DIFFERENCE,Cash posted in a different currency / at a stale or incorrect FX rate,INTERNAL_BOOK,CUSTODIAN_CONFIRM,TRD101299,TRD101299,1378685.0,1406258.7,,"amount,currency",P2,OPEN,0,HDFC-CUST,EQ-CORE-02,,False,TRAIN
BRK00646,RECON-DAILY,2026-08-02,TRADE,CONF_MISSING,External confirmation never received,INTERNAL_BOOK,EXTERNAL_CONFIRMATION,TRD101300,TRD101300,TRD101300,,,confirmation,P0,OPEN,0,KOTAK-CUST,EQ-CORE-02,,True,TRAIN
BRK00647,RECON-DAILY,2026-08-12,CASH,CASH_DUPLICATE_ENTRY,Same cash movement posted twice,INTERNAL_BOOK,CUSTODIAN_CONFIRM,TRD101302,TRD101302,339148.0,678296.0,,"amount,cash_id",P1,OPEN,0,MORGANSTANLEY-BROKER,EQ-CORE-02,,False,TRAIN
BRK00648,RECON-DAILY,2026-08-14,TRADE,TRADE_PRICE_MISMATCH,Confirmed price differs from booked price,INTERNAL_BOOK,EXTERNAL_CONFIRMATION,TRD101304,TRD101304,842.84,855.72,,price,P2,OPEN,0,NOMURA-BROKER,EQ-ALPHA-03,,True,TRAIN
BRK00649,RECON-DAILY,2026-08-15,POSITION,CA_INCORRECT_ENTITLEMENT,Corporate action entitlement calculated incorrectly (wrong ratio applied),INTERNAL_BOOK,CUSTODIAN_CONFIRM,TRD101306,TRD101306,600,540,,actual_quantity,P1,OPEN,0,KOTAK-CUST,EQ-INDEX-04,MANDATORY,True,TRAIN
BRK00650,RECON-DAILY,2026-08-20,TRADE,CONF_MISSING,External confirmation never received,INTERNAL_BOOK,EXTERNAL_CONFIRMATION,TRD101309,TRD101309,TRD101309,,,confirmation,P0,OPEN,0,DEUTSCHE-BROKER,EQ-INDEX-04,,True,TRAIN
BRK00651,RECON-DAILY,2026-08-21,POSITION,POS_WRONG_QUANTITY,Wrong quantity - external position differs by a non-round amount,INTERNAL_BOOK,CUSTODIAN_CONFIRM,TRD101311,TRD101311,1500,1305,,actual_quantity,P1,OPEN,0,ICICI-CUST,EQ-CORE-01,,True,TEST
BRK00652,RECON-DAILY,2026-08-08,TRADE,TRADE_DATE_MISMATCH,Confirmed trade date differs from booked trade date,INTERNAL_BOOK,EXTERNAL_CONFIRMATION,TRD101315,TRD101315,2026-08-07,2026-08-08,,trade_date,P2,OPEN,0,MORGANSTANLEY-BROKER,EQ-CORE-01,,True,TEST
BRK00653,RECON-DAILY,2026-08-14,POSITION,CA_INCORRECT_ENTITLEMENT,Corporate action entitlement calculated incorrectly (wrong ratio applied),INTERNAL_BOOK,CUSTODIAN_CONFIRM,TRD101316,TRD101316,1500,1350,,actual_quantity,P1,OPEN,0,MORGANSTANLEY-BROKER,EQ-ALPHA-03,MANDATORY,True,TRAIN
BRK00654,RECON-DAILY,2026-08-06,TRADE,TRADE_DATE_MISMATCH,Confirmed trade date differs from booked trade date,INTERNAL_BOOK,EXTERNAL_CONFIRMATION,TRD101318,TRD101318,2026-08-05,2026-08-06,,trade_date,P2,OPEN,0,ICICI-CUST,EQ-CORE-02,,True,TRAIN
BRK00655,RECON-DAILY,2026-08-17,TRADE,CONF_MISSING,External confirmation never received,INTERNAL_BOOK,EXTERNAL_CONFIRMATION,TRD101321,TRD101321,TRD101321,,,confirmation,P0,OPEN,0,ICICI-CUST,EQ-ALPHA-03,,True,TRAIN
BRK00656,RECON-DAILY,2026-08-14,CASH,CASH_DUPLICATE_ENTRY,Same cash movement posted twice,INTERNAL_BOOK,CUSTODIAN_CONFIRM,TRD101323,TRD101323,25835340.0,51670680.0,,"amount,cash_id",P1,OPEN,0,DEUTSCHE-BROKER,EQ-CORE-01,,True,TRAIN
BRK00657,RECON-DAILY,2026-08-19,POSITION,CA_INCORRECT_ENTITLEMENT,Corporate action entitlement calculated incorrectly (wrong ratio applied),INTERNAL_BOOK,CUSTODIAN_CONFIRM,TRD101325,TRD101325,4000,3400,,actual_quantity,P1,OPEN,0,MORGANSTANLEY-BROKER,EQ-INDEX-04,MANDATORY,True,TEST
BRK00658,RECON-DAILY,2026-08-08,TRADE,CONF_MISSING,External confirmation never received,INTERNAL_BOOK,EXTERNAL_CONFIRMATION,TRD101326,TRD101326,TRD101326,,,confirmation,P0,OPEN,0,HDFC-CUST,EQ-CORE-02,,True,TRAIN
BRK00659,RECON-DAILY,2026-08-17,TRADE,CONF_DISAGREEMENT,External confirmation received but disagrees with the booking on multiple fields,INTERNAL_BOOK,EXTERNAL_CONFIRMATION,TRD101330,TRD101330,"qty=1000,price=1240.92","qty=925,price=1254.06",,"quantity,price",P1,OPEN,0,NOMURA-BROKER,EQ-ALPHA-03,,True,TRAIN
BRK00660,RECON-DAILY,2026-08-19,POSITION,CA_INCORRECT_ENTITLEMENT,Corporate action entitlement calculated incorrectly (wrong ratio applied),INTERNAL_BOOK,CUSTODIAN_CONFIRM,TRD101336,TRD101336,2250,2100,,actual_quantity,P1,OPEN,0,NOMURA-BROKER,EQ-INDEX-04,MANDATORY,True,TRAIN
BRK00661,RECON-DAILY,2026-08-04,SETTLEMENT,SETL_INCORRECT_DATE,Settlement recorded against the wrong date (holiday-calendar-style off-by-one),INTERNAL_BOOK,CUSTODIAN_CONFIRM,TRD101337,TRD101337,2026-08-04,2026-08-05,,settlement_date,P2,OPEN,0,ICICI-CUST,EQ-ALPHA-03,,True,TEST
BRK00662,RECON-DAILY,2026-08-14,SETTLEMENT,SETL_LATE_COUNTERPARTY,Counterparty has not settled by the expected date,INTERNAL_BOOK,CUSTODIAN_CONFIRM,TRD101338,TRD101338,2026-08-14,2026-08-16,,"settlement_date,settlement_status",P1,OPEN,0,NOMURA-BROKER,EQ-ALPHA-03,,True,TEST
BRK00663,RECON-DAILY,2026-08-07,POSITION,POS_TIMING_DIFFERENCE,"Timing difference - quantities agree, as-of dates don't (expected to self-resolve)",INTERNAL_BOOK,CUSTODIAN_CONFIRM,TRD101341,TRD101341,2026-08-07,2026-08-08,,as_of_date,P2,OPEN,0,MORGANSTANLEY-BROKER,EQ-CORE-01,,False,TEST
BRK00664,RECON-DAILY,2026-08-03,CASH,CASH_DUPLICATE_ENTRY,Same cash movement posted twice,INTERNAL_BOOK,CUSTODIAN_CONFIRM,TRD101342,TRD101342,588270.0,1176540.0,,"amount,cash_id",P1,OPEN,0,NOMURA-BROKER,EQ-CORE-02,,False,TEST
BRK00665,RECON-DAILY,2026-08-21,TRADE,CONF_DISAGREEMENT,External confirmation received but disagrees with the booking on multiple fields,INTERNAL_BOOK,EXTERNAL_CONFIRMATION,TRD101343,TRD101343,"qty=1500,price=1240.06","qty=1425,price=1255.11",,"quantity,price",P1,OPEN,0,ICICI-CUST,EQ-CORE-02,,True,TEST
BRK00666,RECON-DAILY,2026-08-09,TRADE,TRADE_PRICE_MISMATCH,Confirmed price differs from booked price,INTERNAL_BOOK,EXTERNAL_CONFIRMATION,TRD101348,TRD101348,849.82,859.2,,price,P2,OPEN,0,KOTAK-CUST,EQ-INDEX-04,,True,TRAIN
BRK00667,RECON-DAILY,2026-08-12,TRADE,TRADE_QUANTITY_MISMATCH,Confirmed quantity differs from booked quantity,INTERNAL_BOOK,EXTERNAL_CONFIRMATION,TRD101349,TRD101349,100,150,,quantity,P1,OPEN,0,ICICI-CUST,EQ-CORE-01,,True,TEST
BRK00668,RECON-DAILY,2026-08-06,CASH,CASH_WRONG_AMOUNT,Cash amount posted differs from expected trade value by a non-round amount,INTERNAL_BOOK,CUSTODIAN_CONFIRM,TRD101350,TRD101350,19513845.0,16001352.9,,amount,P1,OPEN,0,ICICI-CUST,EQ-CORE-01,,False,TRAIN
BRK00669,RECON-DAILY,2026-08-21,TRADE,CONF_MISSING,External confirmation never received,INTERNAL_BOOK,EXTERNAL_CONFIRMATION,TRD101351,TRD101351,TRD101351,,,confirmation,P0,OPEN,0,NOMURA-BROKER,EQ-INDEX-04,,True,TRAIN
BRK00670,RECON-DAILY,2026-08-22,TRADE,TRADE_DATE_MISMATCH,Confirmed trade date differs from booked trade date,INTERNAL_BOOK,EXTERNAL_CONFIRMATION,TRD101352,TRD101352,2026-08-21,2026-08-22,,trade_date,P2,OPEN,0,KOTAK-CUST,EQ-CORE-01,,True,TRAIN
BRK00671,RECON-DAILY,2026-08-12,POSITION,CA_INCORRECT_ENTITLEMENT,Corporate action entitlement calculated incorrectly (wrong ratio applied),INTERNAL_BOOK,CUSTODIAN_CONFIRM,TRD101353,TRD101353,300,280,,actual_quantity,P1,OPEN,0,NOMURA-BROKER,EQ-INDEX-04,MANDATORY,True,TRAIN
BRK00672,RECON-DAILY,2026-08-19,TRADE,TRADE_COUNTERPARTY_ID_MISMATCH,Confirmed counterparty identifier differs from booked counterparty,INTERNAL_BOOK,EXTERNAL_CONFIRMATION,TRD101357,TRD101357,DEUTSCHE-BROKER,MORGANSTANLEY-BROKER,,counterparty,P1,OPEN,0,DEUTSCHE-BROKER,EQ-CORE-02,,True,TEST
BRK00673,RECON-DAILY,2026-08-10,SETTLEMENT,SETL_LATE_COUNTERPARTY,Counterparty has not settled by the expected date,INTERNAL_BOOK,CUSTODIAN_CONFIRM,TRD101360,TRD101360,2026-08-10,2026-08-12,,"settlement_date,settlement_status",P1,OPEN,0,NOMURA-BROKER,EQ-INDEX-04,,True,TRAIN
BRK00674,RECON-DAILY,2026-08-20,SETTLEMENT,SETL_INCORRECT_DATE,Settlement recorded against the wrong date (holiday-calendar-style off-by-one),INTERNAL_BOOK,CUSTODIAN_CONFIRM,TRD101362,TRD101362,2026-08-20,2026-08-21,,settlement_date,P2,OPEN,0,MORGANSTANLEY-BROKER,EQ-CORE-01,,True,TRAIN
BRK00675,RECON-DAILY,2026-08-06,CASH,CASH_WRONG_AMOUNT,Cash amount posted differs from expected trade value by a non-round amount,INTERNAL_BOOK,CUSTODIAN_CONFIRM,TRD101365,TRD101365,122158.0,155140.66,,amount,P1,OPEN,0,KOTAK-CUST,EQ-INDEX-04,,True,TRAIN
BRK00676,RECON-DAILY,2026-08-16,POSITION,CA_VOLUNTARY_DECISION,"Voluntary corporate action (tender/conversion) pending an election - requires a human business decision, always escalated",INTERNAL_BOOK,CUSTODIAN_CONFIRM,TRD101369,TRD101369,750,500,,actual_quantity,P1,OPEN,0,HDFC-CUST,EQ-ALPHA-03,VOLUNTARY,True,TRAIN
BRK00677,RECON-DAILY,2026-08-17,TRADE,TRADE_DATE_MISMATCH,Confirmed trade date differs from booked trade date,INTERNAL_BOOK,EXTERNAL_CONFIRMATION,TRD101374,TRD101374,2026-08-16,2026-08-17,,trade_date,P2,OPEN,0,KOTAK-CUST,EQ-INDEX-04,,True,TRAIN
BRK00678,RECON-DAILY,2026-08-08,CASH,CASH_FX_INPUT_DIFFERENCE,Cash posted in a different currency / at a stale or incorrect FX rate,INTERNAL_BOOK,CUSTODIAN_CONFIRM,TRD101375,TRD101375,3083835.0,3299703.45,,"amount,currency",P2,OPEN,0,NOMURA-BROKER,EQ-INDEX-04,,False,TRAIN
BRK00679,RECON-DAILY,2026-08-16,TRADE,CONF_DISAGREEMENT,External confirmation received but disagrees with the booking on multiple fields,INTERNAL_BOOK,EXTERNAL_CONFIRMATION,TRD101377,TRD101377,"qty=250,price=1957.21","qty=175,price=1985.72",,"quantity,price",P1,OPEN,0,NOMURA-BROKER,EQ-INDEX-04,,True,TEST
BRK00680,RECON-DAILY,2026-08-06,CASH,CASH_FX_INPUT_DIFFERENCE,Cash posted in a different currency / at a stale or incorrect FX rate,INTERNAL_BOOK,CUSTODIAN_CONFIRM,TRD101379,TRD101379,122288.0,128402.4,,"amount,currency",P2,OPEN,0,DEUTSCHE-BROKER,EQ-INDEX-04,,False,TRAIN
BRK00681,RECON-DAILY,2026-08-17,TRADE,TRADE_COUNTERPARTY_ID_MISMATCH,Confirmed counterparty identifier differs from booked counterparty,INTERNAL_BOOK,EXTERNAL_CONFIRMATION,TRD101380,TRD101380,HDFC-CUST,NOMURA-BROKER,,counterparty,P1,OPEN,0,HDFC-CUST,EQ-CORE-01,,True,TRAIN
BRK00682,RECON-DAILY,2026-08-06,POSITION,CA_INCORRECT_ENTITLEMENT,Corporate action entitlement calculated incorrectly (wrong ratio applied),INTERNAL_BOOK,CUSTODIAN_CONFIRM,TRD101381,TRD101381,1500,1800,,actual_quantity,P1,OPEN,0,NOMURA-BROKER,EQ-INDEX-04,MANDATORY,True,TRAIN
BRK00683,RECON-DAILY,2026-08-04,TRADE,TRADE_PRICE_MISMATCH,Confirmed price differs from booked price,INTERNAL_BOOK,EXTERNAL_CONFIRMATION,TRD101384,TRD101384,842.39,864.7,,price,P2,OPEN,0,ICICI-CUST,EQ-INDEX-04,,True,TRAIN
BRK00684,RECON-DAILY,2026-08-08,TRADE,TRADE_PRICE_MISMATCH,Confirmed price differs from booked price,INTERNAL_BOOK,EXTERNAL_CONFIRMATION,TRD101394,TRD101394,1950.56,1989.55,,price,P2,OPEN,0,HDFC-CUST,EQ-ALPHA-03,,True,TRAIN
BRK00685,RECON-DAILY,2026-08-10,CASH,CASH_MISSING_ENTRY,Expected cash movement never posted,INTERNAL_BOOK,CUSTODIAN_CONFIRM,TRD101395,TRD101395,946015.0,,,amount,P0,OPEN,0,HDFC-CUST,EQ-INDEX-04,,False,TRAIN
BRK00686,RECON-DAILY,2026-08-06,POSITION,POS_MISSING_BOOKING,Missing upstream booking - position never reflected externally,INTERNAL_BOOK,CUSTODIAN_CONFIRM,TRD101397,TRD101397,750,0,,actual_quantity,P0,OPEN,0,MORGANSTANLEY-BROKER,EQ-CORE-02,,False,TRAIN
BRK00687,RECON-DAILY,2026-08-22,POSITION,POS_TIMING_DIFFERENCE,"Timing difference - quantities agree, as-of dates don't (expected to self-resolve)",INTERNAL_BOOK,CUSTODIAN_CONFIRM,TRD101398,TRD101398,2026-08-22,2026-08-23,,as_of_date,P2,OPEN,0,HDFC-CUST,EQ-ALPHA-03,,True,TRAIN
BRK00688,RECON-DAILY,2026-08-09,TRADE,TRADE_DATE_MISMATCH,Confirmed trade date differs from booked trade date,INTERNAL_BOOK,EXTERNAL_CONFIRMATION,TRD101402,TRD101402,2026-08-08,2026-08-09,,trade_date,P2,OPEN,0,DEUTSCHE-BROKER,EQ-CORE-01,,True,TRAIN
BRK00689,RECON-DAILY,2026-08-07,POSITION,CA_VOLUNTARY_DECISION,"Voluntary corporate action (tender/conversion) pending an election - requires a human business decision, always escalated",INTERNAL_BOOK,CUSTODIAN_CONFIRM,TRD101408,TRD101408,2250,1500,,actual_quantity,P1,OPEN,0,DEUTSCHE-BROKER,EQ-ALPHA-03,VOLUNTARY,True,TRAIN
BRK00690,RECON-DAILY,2026-08-15,SETTLEMENT,SETL_WRONG_SSI,Settlement instruction references the wrong SSI/beneficiary account - the payment-failure flagship scenario,INTERNAL_BOOK,CUSTODIAN_CONFIRM,TRD101409,TRD101409,SSI-US-7742,SSI-IN-0203,,ssi_code,P0,OPEN,0,MORGANSTANLEY-BROKER,EQ-CORE-02,,True,TRAIN
BRK00691,RECON-DAILY,2026-08-15,TRADE,CONF_MISSING,External confirmation never received,INTERNAL_BOOK,EXTERNAL_CONFIRMATION,TRD101410,TRD101410,TRD101410,,,confirmation,P0,OPEN,0,KOTAK-CUST,EQ-CORE-01,,True,TRAIN
BRK00692,RECON-DAILY,2026-08-19,POSITION,CA_VOLUNTARY_DECISION,"Voluntary corporate action (tender/conversion) pending an election - requires a human business decision, always escalated",INTERNAL_BOOK,CUSTODIAN_CONFIRM,TRD101413,TRD101413,4000,2000,,actual_quantity,P1,OPEN,0,NOMURA-BROKER,EQ-CORE-01,VOLUNTARY,True,TRAIN
BRK00693,RECON-DAILY,2026-08-02,SETTLEMENT,SETL_WRONG_SSI,Settlement instruction references the wrong SSI/beneficiary account - the payment-failure flagship scenario,INTERNAL_BOOK,CUSTODIAN_CONFIRM,TRD101414,TRD101414,SSI-JP-3389,SSI-IN-0091,,ssi_code,P0,OPEN,0,NOMURA-BROKER,EQ-INDEX-04,,True,TEST
BRK00694,RECON-DAILY,2026-08-07,CASH,CASH_WRONG_AMOUNT,Cash amount posted differs from expected trade value by a non-round amount,INTERNAL_BOOK,CUSTODIAN_CONFIRM,TRD101415,TRD101415,167700.0,199563.0,,amount,P1,OPEN,0,NOMURA-BROKER,EQ-CORE-02,,False,TRAIN
BRK00695,RECON-DAILY,2026-08-18,POSITION,POS_WRONG_QUANTITY,Wrong quantity - external position differs by a non-round amount,INTERNAL_BOOK,CUSTODIAN_CONFIRM,TRD101416,TRD101416,1000,1290,,actual_quantity,P1,OPEN,0,KOTAK-CUST,EQ-CORE-01,,False,TRAIN
BRK00696,RECON-DAILY,2026-08-10,SETTLEMENT,SETL_WRONG_SSI,Settlement instruction references the wrong SSI/beneficiary account - the payment-failure flagship scenario,INTERNAL_BOOK,CUSTODIAN_CONFIRM,TRD101418,TRD101418,SSI-IN-0147,SSI-IN-0203,,ssi_code,P0,OPEN,0,HDFC-CUST,EQ-CORE-01,,True,TRAIN
BRK00697,RECON-DAILY,2026-08-22,CASH,CASH_FX_INPUT_DIFFERENCE,Cash posted in a different currency / at a stale or incorrect FX rate,INTERNAL_BOOK,CUSTODIAN_CONFIRM,TRD101419,TRD101419,1261792.5,1173467.03,,"amount,currency",P2,OPEN,0,MORGANSTANLEY-BROKER,EQ-CORE-01,,False,TRAIN
BRK00698,RECON-DAILY,2026-08-02,SETTLEMENT,SETL_LATE_COUNTERPARTY,Counterparty has not settled by the expected date,INTERNAL_BOOK,CUSTODIAN_CONFIRM,TRD101420,TRD101420,2026-08-02,2026-08-06,,"settlement_date,settlement_status",P1,OPEN,0,MORGANSTANLEY-BROKER,EQ-INDEX-04,,True,TRAIN
BRK00699,RECON-DAILY,2026-08-17,POSITION,CA_MANDATORY_NOT_REFLECTED,"Mandatory corporate action (split/bonus) not yet reflected externally - mechanical, auto-correctable",INTERNAL_BOOK,CUSTODIAN_CONFIRM,TRD101422,TRD101422,150,100,,actual_quantity,P1,OPEN,0,HDFC-CUST,EQ-CORE-01,MANDATORY,True,TRAIN
BRK00700,RECON-DAILY,2026-08-13,POSITION,CA_VOLUNTARY_DECISION,"Voluntary corporate action (tender/conversion) pending an election - requires a human business decision, always escalated",INTERNAL_BOOK,CUSTODIAN_CONFIRM,TRD101424,TRD101424,4500,1500,,actual_quantity,P1,OPEN,0,DEUTSCHE-BROKER,EQ-CORE-02,VOLUNTARY,True,TRAIN
BRK00701,RECON-DAILY,2026-08-16,TRADE,CONF_MISSING,External confirmation never received,INTERNAL_BOOK,EXTERNAL_CONFIRMATION,TRD101425,TRD101425,TRD101425,,,confirmation,P0,OPEN,0,HDFC-CUST,EQ-CORE-02,,True,TRAIN
BRK00702,RECON-DAILY,2026-08-08,POSITION,POS_TIMING_DIFFERENCE,"Timing difference - quantities agree, as-of dates don't (expected to self-resolve)",INTERNAL_BOOK,CUSTODIAN_CONFIRM,TRD101426,TRD101426,2026-08-08,2026-08-09,,as_of_date,P2,OPEN,0,ICICI-CUST,EQ-CORE-02,,False,TEST
BRK00703,RECON-DAILY,2026-08-14,TRADE,TRADE_COUNTERPARTY_ID_MISMATCH,Confirmed counterparty identifier differs from booked counterparty,INTERNAL_BOOK,EXTERNAL_CONFIRMATION,TRD101429,TRD101429,HDFC-CUST,NOMURA-BROKER,,counterparty,P1,OPEN,0,HDFC-CUST,EQ-CORE-01,,True,TRAIN
BRK00704,RECON-DAILY,2026-08-05,CASH,CASH_MISSING_ENTRY,Expected cash movement never posted,INTERNAL_BOOK,CUSTODIAN_CONFIRM,TRD101434,TRD101434,3357320.0,,,amount,P0,OPEN,0,NOMURA-BROKER,EQ-CORE-02,,False,TRAIN
BRK00705,RECON-DAILY,2026-08-06,POSITION,POS_TIMING_DIFFERENCE,"Timing difference - quantities agree, as-of dates don't (expected to self-resolve)",INTERNAL_BOOK,CUSTODIAN_CONFIRM,TRD101435,TRD101435,2026-08-06,2026-08-07,,as_of_date,P2,OPEN,0,DEUTSCHE-BROKER,EQ-CORE-01,,False,TRAIN
BRK00706,RECON-DAILY,2026-08-02,TRADE,CONF_DISAGREEMENT,External confirmation received but disagrees with the booking on multiple fields,INTERNAL_BOOK,EXTERNAL_CONFIRMATION,TRD101440,TRD101440,"qty=100,price=842.91","qty=175,price=854.25",,"quantity,price",P1,OPEN,0,ICICI-CUST,EQ-ALPHA-03,,True,TRAIN
BRK00707,RECON-DAILY,2026-08-21,TRADE,CONF_MISSING,External confirmation never received,INTERNAL_BOOK,EXTERNAL_CONFIRMATION,TRD101441,TRD101441,TRD101441,,,confirmation,P0,OPEN,0,ICICI-CUST,EQ-INDEX-04,,True,TRAIN
BRK00708,RECON-DAILY,2026-08-11,SETTLEMENT,SETL_LATE_COUNTERPARTY,Counterparty has not settled by the expected date,INTERNAL_BOOK,CUSTODIAN_CONFIRM,TRD101442,TRD101442,2026-08-11,2026-08-16,,"settlement_date,settlement_status",P1,OPEN,0,ICICI-CUST,EQ-CORE-01,,True,TRAIN
BRK00709,RECON-DAILY,2026-08-14,TRADE,CONF_MISSING,External confirmation never received,INTERNAL_BOOK,EXTERNAL_CONFIRMATION,TRD101444,TRD101444,TRD101444,,,confirmation,P0,OPEN,0,ICICI-CUST,EQ-CORE-01,,True,TRAIN
BRK00710,RECON-DAILY,2026-08-19,SETTLEMENT,SETL_LATE_COUNTERPARTY,Counterparty has not settled by the expected date,INTERNAL_BOOK,CUSTODIAN_CONFIRM,TRD101446,TRD101446,2026-08-19,2026-08-22,,"settlement_date,settlement_status",P1,OPEN,0,MORGANSTANLEY-BROKER,EQ-ALPHA-03,,True,TEST
BRK00711,RECON-DAILY,2026-08-10,CASH,CASH_WRONG_AMOUNT,Cash amount posted differs from expected trade value by a non-round amount,INTERNAL_BOOK,CUSTODIAN_CONFIRM,TRD101448,TRD101448,944375.0,774387.5,,amount,P1,OPEN,0,MORGANSTANLEY-BROKER,EQ-ALPHA-03,,False,TEST
BRK00712,RECON-DAILY,2026-08-04,TRADE,TRADE_QUANTITY_MISMATCH,Confirmed quantity differs from booked quantity,INTERNAL_BOOK,EXTERNAL_CONFIRMATION,TRD101449,TRD101449,200,150,,quantity,P1,OPEN,0,DEUTSCHE-BROKER,EQ-INDEX-04,,True,TRAIN
BRK00713,RECON-DAILY,2026-08-14,POSITION,CA_MANDATORY_NOT_REFLECTED,"Mandatory corporate action (split/bonus) not yet reflected externally - mechanical, auto-correctable",INTERNAL_BOOK,CUSTODIAN_CONFIRM,TRD101451,TRD101451,750,500,,actual_quantity,P1,OPEN,0,DEUTSCHE-BROKER,EQ-CORE-01,MANDATORY,True,TRAIN
BRK00714,RECON-DAILY,2026-08-14,POSITION,POS_WRONG_QUANTITY,Wrong quantity - external position differs by a non-round amount,INTERNAL_BOOK,CUSTODIAN_CONFIRM,TRD101452,TRD101452,1500,1305,,actual_quantity,P1,OPEN,0,DEUTSCHE-BROKER,EQ-ALPHA-03,,False,TEST
BRK00715,RECON-DAILY,2026-08-09,POSITION,CA_MANDATORY_NOT_REFLECTED,"Mandatory corporate action (split/bonus) not yet reflected externally - mechanical, auto-correctable",INTERNAL_BOOK,CUSTODIAN_CONFIRM,TRD101455,TRD101455,1500,500,,actual_quantity,P1,OPEN,0,KOTAK-CUST,EQ-CORE-01,MANDATORY,True,TRAIN
BRK00716,RECON-DAILY,2026-08-10,TRADE,CONF_DISAGREEMENT,External confirmation received but disagrees with the booking on multiple fields,INTERNAL_BOOK,EXTERNAL_CONFIRMATION,TRD101456,TRD101456,"qty=750,price=173.19","qty=825,price=175.06",,"quantity,price",P1,OPEN,0,ICICI-CUST,EQ-CORE-02,,True,TRAIN
BRK00717,RECON-DAILY,2026-08-13,TRADE,CONF_DISAGREEMENT,External confirmation received but disagrees with the booking on multiple fields,INTERNAL_BOOK,EXTERNAL_CONFIRMATION,TRD101457,TRD101457,"qty=200,price=3661.8","qty=125,price=3728.75",,"quantity,price",P1,OPEN,0,NOMURA-BROKER,EQ-ALPHA-03,,True,TEST
BRK00718,RECON-DAILY,2026-08-09,SETTLEMENT,SETL_INCORRECT_DATE,Settlement recorded against the wrong date (holiday-calendar-style off-by-one),INTERNAL_BOOK,CUSTODIAN_CONFIRM,TRD101461,TRD101461,2026-08-09,2026-08-10,,settlement_date,P2,OPEN,0,KOTAK-CUST,EQ-ALPHA-03,,True,TEST
BRK00719,RECON-DAILY,2026-08-07,TRADE,CONF_DISAGREEMENT,External confirmation received but disagrees with the booking on multiple fields,INTERNAL_BOOK,EXTERNAL_CONFIRMATION,TRD101464,TRD101464,"qty=2000,price=1682.63","qty=2075,price=1712.63",,"quantity,price",P1,OPEN,0,NOMURA-BROKER,EQ-ALPHA-03,,True,TRAIN
BRK00720,RECON-DAILY,2026-08-14,POSITION,POS_TIMING_DIFFERENCE,"Timing difference - quantities agree, as-of dates don't (expected to self-resolve)",INTERNAL_BOOK,CUSTODIAN_CONFIRM,TRD101465,TRD101465,2026-08-14,2026-08-15,,as_of_date,P2,OPEN,0,NOMURA-BROKER,EQ-CORE-02,,False,TRAIN
BRK00721,RECON-DAILY,2026-08-16,TRADE,TRADE_PRICE_MISMATCH,Confirmed price differs from booked price,INTERNAL_BOOK,EXTERNAL_CONFIRMATION,TRD101466,TRD101466,1888.91,1921.87,,price,P2,OPEN,0,NOMURA-BROKER,EQ-INDEX-04,,True,TRAIN
BRK00722,RECON-DAILY,2026-08-02,SETTLEMENT,SETL_INCORRECT_DATE,Settlement recorded against the wrong date (holiday-calendar-style off-by-one),INTERNAL_BOOK,CUSTODIAN_CONFIRM,TRD101468,TRD101468,2026-08-02,2026-08-03,,settlement_date,P2,OPEN,0,NOMURA-BROKER,EQ-CORE-01,,True,TRAIN
BRK00723,RECON-DAILY,2026-08-12,POSITION,POS_TIMING_DIFFERENCE,"Timing difference - quantities agree, as-of dates don't (expected to self-resolve)",INTERNAL_BOOK,CUSTODIAN_CONFIRM,TRD101470,TRD101470,2026-08-12,2026-08-13,,as_of_date,P2,OPEN,0,NOMURA-BROKER,EQ-CORE-01,,False,TRAIN
BRK00724,RECON-DAILY,2026-08-19,TRADE,CONF_MISSING,External confirmation never received,INTERNAL_BOOK,EXTERNAL_CONFIRMATION,TRD101472,TRD101472,TRD101472,,,confirmation,P0,OPEN,0,NOMURA-BROKER,EQ-ALPHA-03,,True,TEST
BRK00725,RECON-DAILY,2026-08-15,SETTLEMENT,SETL_LATE_COUNTERPARTY,Counterparty has not settled by the expected date,INTERNAL_BOOK,CUSTODIAN_CONFIRM,TRD101474,TRD101474,2026-08-15,2026-08-20,,"settlement_date,settlement_status",P1,OPEN,0,DEUTSCHE-BROKER,EQ-CORE-02,,True,TRAIN
BRK00726,RECON-DAILY,2026-08-14,POSITION,CA_MANDATORY_NOT_REFLECTED,"Mandatory corporate action (split/bonus) not yet reflected externally - mechanical, auto-correctable",INTERNAL_BOOK,CUSTODIAN_CONFIRM,TRD101475,TRD101475,1500,750,,actual_quantity,P1,OPEN,0,NOMURA-BROKER,EQ-CORE-01,MANDATORY,True,TEST
BRK00727,RECON-DAILY,2026-08-15,SETTLEMENT,SETL_INCORRECT_DATE,Settlement recorded against the wrong date (holiday-calendar-style off-by-one),INTERNAL_BOOK,CUSTODIAN_CONFIRM,TRD101478,TRD101478,2026-08-15,2026-08-16,,settlement_date,P2,OPEN,0,HDFC-CUST,EQ-ALPHA-03,,True,TEST
BRK00728,RECON-DAILY,2026-08-17,POSITION,CA_INCORRECT_ENTITLEMENT,Corporate action entitlement calculated incorrectly (wrong ratio applied),INTERNAL_BOOK,CUSTODIAN_CONFIRM,TRD101479,TRD101479,400,360,,actual_quantity,P1,OPEN,0,NOMURA-BROKER,EQ-ALPHA-03,MANDATORY,True,TRAIN
BRK00729,RECON-DAILY,2026-08-06,TRADE,TRADE_DATE_MISMATCH,Confirmed trade date differs from booked trade date,INTERNAL_BOOK,EXTERNAL_CONFIRMATION,TRD101480,TRD101480,2026-08-05,2026-08-06,,trade_date,P2,OPEN,0,NOMURA-BROKER,EQ-CORE-02,,True,TEST
BRK00730,RECON-DAILY,2026-08-12,POSITION,POS_TIMING_DIFFERENCE,"Timing difference - quantities agree, as-of dates don't (expected to self-resolve)",INTERNAL_BOOK,CUSTODIAN_CONFIRM,TRD101482,TRD101482,2026-08-12,2026-08-13,,as_of_date,P2,OPEN,0,HDFC-CUST,EQ-CORE-02,,False,TRAIN
BRK00731,RECON-DAILY,2026-08-17,TRADE,TRADE_DATE_MISMATCH,Confirmed trade date differs from booked trade date,INTERNAL_BOOK,EXTERNAL_CONFIRMATION,TRD101483,TRD101483,2026-08-16,2026-08-17,,trade_date,P2,OPEN,0,NOMURA-BROKER,EQ-INDEX-04,,True,TRAIN
BRK00732,RECON-DAILY,2026-08-15,SETTLEMENT,SETL_LATE_COUNTERPARTY,Counterparty has not settled by the expected date,INTERNAL_BOOK,CUSTODIAN_CONFIRM,TRD101485,TRD101485,2026-08-15,2026-08-19,,"settlement_date,settlement_status",P1,OPEN,0,MORGANSTANLEY-BROKER,EQ-CORE-02,,True,TRAIN
BRK00733,RECON-DAILY,2026-08-02,TRADE,CONF_MISSING,External confirmation never received,INTERNAL_BOOK,EXTERNAL_CONFIRMATION,TRD101486,TRD101486,TRD101486,,,confirmation,P0,OPEN,0,KOTAK-CUST,EQ-INDEX-04,,True,TRAIN
BRK00734,RECON-DAILY,2026-08-19,POSITION,CA_VOLUNTARY_DECISION,"Voluntary corporate action (tender/conversion) pending an election - requires a human business decision, always escalated",INTERNAL_BOOK,CUSTODIAN_CONFIRM,TRD101488,TRD101488,500,250,,actual_quantity,P1,OPEN,0,DEUTSCHE-BROKER,EQ-CORE-02,VOLUNTARY,True,TEST
BRK00735,RECON-DAILY,2026-08-15,CASH,CASH_WRONG_AMOUNT,Cash amount posted differs from expected trade value by a non-round amount,INTERNAL_BOOK,CUSTODIAN_CONFIRM,TRD101490,TRD101490,61155.0,55651.05,,amount,P1,OPEN,0,KOTAK-CUST,EQ-CORE-01,,False,TEST
BRK00736,RECON-DAILY,2026-08-21,POSITION,POS_TIMING_DIFFERENCE,"Timing difference - quantities agree, as-of dates don't (expected to self-resolve)",INTERNAL_BOOK,CUSTODIAN_CONFIRM,TRD101491,TRD101491,2026-08-21,2026-08-22,,as_of_date,P2,OPEN,0,HDFC-CUST,EQ-CORE-01,,False,TRAIN
BRK00737,RECON-DAILY,2026-08-04,POSITION,POS_TIMING_DIFFERENCE,"Timing difference - quantities agree, as-of dates don't (expected to self-resolve)",INTERNAL_BOOK,CUSTODIAN_CONFIRM,TRD101492,TRD101492,2026-08-04,2026-08-05,,as_of_date,P2,OPEN,0,ICICI-CUST,EQ-INDEX-04,,False,TRAIN
BRK00738,RECON-DAILY,2026-08-06,POSITION,POS_WRONG_QUANTITY,Wrong quantity - external position differs by a non-round amount,INTERNAL_BOOK,CUSTODIAN_CONFIRM,TRD101493,TRD101493,250,322,,actual_quantity,P1,OPEN,0,NOMURA-BROKER,EQ-ALPHA-03,,False,TEST
BRK00739,RECON-DAILY,2026-08-22,CASH,CASH_FX_INPUT_DIFFERENCE,Cash posted in a different currency / at a stale or incorrect FX rate,INTERNAL_BOOK,CUSTODIAN_CONFIRM,TRD101494,TRD101494,1689450.0,1571188.5,,"amount,currency",P2,OPEN,0,NOMURA-BROKER,EQ-CORE-01,,False,TRAIN
BRK00740,RECON-DAILY,2026-08-16,CASH,CASH_MISSING_ENTRY,Expected cash movement never posted,INTERNAL_BOOK,CUSTODIAN_CONFIRM,TRD101496,TRD101496,4289970.0,,,amount,P0,OPEN,0,MORGANSTANLEY-BROKER,EQ-ALPHA-03,,False,TRAIN
BRK00741,RECON-DAILY,2026-08-07,TRADE,TRADE_QUANTITY_MISMATCH,Confirmed quantity differs from booked quantity,INTERNAL_BOOK,EXTERNAL_CONFIRMATION,TRD101497,TRD101497,500,600,,quantity,P1,OPEN,0,KOTAK-CUST,EQ-CORE-01,,True,TRAIN
BRK00742,RECON-DAILY,2026-08-16,CASH,CASH_WRONG_AMOUNT,Cash amount posted differs from expected trade value by a non-round amount,INTERNAL_BOOK,CUSTODIAN_CONFIRM,TRD101499,TRD101499,2604218.0,2135458.76,,amount,P1,OPEN,0,DEUTSCHE-BROKER,EQ-ALPHA-03,,True,TRAIN
BRK00743,RECON-DAILY,2026-08-13,TRADE,CONF_DISAGREEMENT,External confirmation received but disagrees with the booking on multiple fields,INTERNAL_BOOK,EXTERNAL_CONFIRMATION,TRD101500,TRD101500,"qty=1500,price=12936.49","qty=1575,price=13187.16",,"quantity,price",P1,OPEN,0,NOMURA-BROKER,EQ-INDEX-04,,True,TRAIN
BRK00744,RECON-DAILY,2026-08-05,TRADE,TRADE_PRICE_MISMATCH,Confirmed price differs from booked price,INTERNAL_BOOK,EXTERNAL_CONFIRMATION,TRD101502,TRD101502,1669.55,1640.49,,price,P2,OPEN,0,ICICI-CUST,EQ-CORE-02,,True,TRAIN
BRK00745,RECON-DAILY,2026-08-20,POSITION,POS_MISSING_BOOKING,Missing upstream booking - position never reflected externally,INTERNAL_BOOK,CUSTODIAN_CONFIRM,TRD101504,TRD101504,200,0,,actual_quantity,P0,OPEN,0,ICICI-CUST,EQ-INDEX-04,,False,TRAIN
BRK00746,RECON-DAILY,2026-08-14,TRADE,TRADE_QUANTITY_MISMATCH,Confirmed quantity differs from booked quantity,INTERNAL_BOOK,EXTERNAL_CONFIRMATION,TRD101506,TRD101506,500,550,,quantity,P1,OPEN,0,NOMURA-BROKER,EQ-ALPHA-03,,True,TRAIN
BRK00747,RECON-DAILY,2026-08-18,SETTLEMENT,SETL_LATE_COUNTERPARTY,Counterparty has not settled by the expected date,INTERNAL_BOOK,CUSTODIAN_CONFIRM,TRD101507,TRD101507,2026-08-18,2026-08-22,,"settlement_date,settlement_status",P1,OPEN,0,ICICI-CUST,EQ-CORE-02,,True,TRAIN
BRK00748,RECON-DAILY,2026-08-07,SETTLEMENT,SETL_LATE_COUNTERPARTY,Counterparty has not settled by the expected date,INTERNAL_BOOK,CUSTODIAN_CONFIRM,TRD101510,TRD101510,2026-08-07,2026-08-11,,"settlement_date,settlement_status",P1,OPEN,0,MORGANSTANLEY-BROKER,EQ-ALPHA-03,,True,TRAIN
BRK00749,RECON-DAILY,2026-08-13,TRADE,CONF_DISAGREEMENT,External confirmation received but disagrees with the booking on multiple fields,INTERNAL_BOOK,EXTERNAL_CONFIRMATION,TRD101511,TRD101511,"qty=250,price=2741.18","qty=325,price=2769.01",,"quantity,price",P1,OPEN,0,MORGANSTANLEY-BROKER,EQ-INDEX-04,,True,TRAIN
BRK00750,RECON-DAILY,2026-08-02,POSITION,CA_INCORRECT_ENTITLEMENT,Corporate action entitlement calculated incorrectly (wrong ratio applied),INTERNAL_BOOK,CUSTODIAN_CONFIRM,TRD101513,TRD101513,6000,5600,,actual_quantity,P1,OPEN,0,HDFC-CUST,EQ-ALPHA-03,MANDATORY,True,TEST
BRK00751,RECON-DAILY,2026-08-07,POSITION,POS_MISSING_BOOKING,Missing upstream booking - position never reflected externally,INTERNAL_BOOK,CUSTODIAN_CONFIRM,TRD101514,TRD101514,200,0,,actual_quantity,P0,OPEN,0,KOTAK-CUST,EQ-CORE-02,,False,TRAIN
BRK00752,RECON-DAILY,2026-08-21,SETTLEMENT,SETL_INCORRECT_DATE,Settlement recorded against the wrong date (holiday-calendar-style off-by-one),INTERNAL_BOOK,CUSTODIAN_CONFIRM,TRD101518,TRD101518,2026-08-21,2026-08-22,,settlement_date,P2,OPEN,0,KOTAK-CUST,EQ-ALPHA-03,,True,TRAIN
BRK00753,RECON-DAILY,2026-08-19,SETTLEMENT,SETL_INCORRECT_DATE,Settlement recorded against the wrong date (holiday-calendar-style off-by-one),INTERNAL_BOOK,CUSTODIAN_CONFIRM,TRD101520,TRD101520,2026-08-19,2026-08-20,,settlement_date,P2,OPEN,0,ICICI-CUST,EQ-CORE-02,,True,TRAIN
BRK00754,RECON-DAILY,2026-08-13,SETTLEMENT,SETL_WRONG_SSI,Settlement instruction references the wrong SSI/beneficiary account - the payment-failure flagship scenario,INTERNAL_BOOK,CUSTODIAN_CONFIRM,TRD101522,TRD101522,SSI-DE-5510,SSI-IN-0091,,ssi_code,P0,OPEN,0,DEUTSCHE-BROKER,EQ-INDEX-04,,True,TRAIN
BRK00755,RECON-DAILY,2026-08-16,CASH,CASH_WRONG_AMOUNT,Cash amount posted differs from expected trade value by a non-round amount,INTERNAL_BOOK,CUSTODIAN_CONFIRM,TRD101525,TRD101525,1216000.0,1106560.0,,amount,P1,OPEN,0,ICICI-CUST,EQ-CORE-02,,True,TRAIN
BRK00756,RECON-DAILY,2026-08-03,TRADE,CONF_MISSING,External confirmation never received,INTERNAL_BOOK,EXTERNAL_CONFIRMATION,TRD101526,TRD101526,TRD101526,,,confirmation,P0,OPEN,0,MORGANSTANLEY-BROKER,EQ-INDEX-04,,True,TEST
BRK00757,RECON-DAILY,2026-08-14,TRADE,TRADE_COUNTERPARTY_ID_MISMATCH,Confirmed counterparty identifier differs from booked counterparty,INTERNAL_BOOK,EXTERNAL_CONFIRMATION,TRD101529,TRD101529,ICICI-CUST,NOMURA-BROKER,,counterparty,P1,OPEN,0,ICICI-CUST,EQ-ALPHA-03,,True,TRAIN
BRK00758,RECON-DAILY,2026-08-10,POSITION,CA_INCORRECT_ENTITLEMENT,Corporate action entitlement calculated incorrectly (wrong ratio applied),INTERNAL_BOOK,CUSTODIAN_CONFIRM,TRD101530,TRD101530,2250,2700,,actual_quantity,P1,OPEN,0,HDFC-CUST,EQ-CORE-01,MANDATORY,True,TEST
BRK00759,RECON-DAILY,2026-08-07,POSITION,CA_INCORRECT_ENTITLEMENT,Corporate action entitlement calculated incorrectly (wrong ratio applied),INTERNAL_BOOK,CUSTODIAN_CONFIRM,TRD101532,TRD101532,6000,5400,,actual_quantity,P1,OPEN,0,NOMURA-BROKER,EQ-INDEX-04,MANDATORY,True,TEST
BRK00760,RECON-DAILY,2026-08-12,SETTLEMENT,SETL_WRONG_SSI,Settlement instruction references the wrong SSI/beneficiary account - the payment-failure flagship scenario,INTERNAL_BOOK,CUSTODIAN_CONFIRM,TRD101535,TRD101535,SSI-IN-0091,SSI-DE-5510,,ssi_code,P0,OPEN,0,ICICI-CUST,EQ-INDEX-04,,True,TRAIN
BRK00761,RECON-DAILY,2026-08-06,CASH,CASH_MISSING_ENTRY,Expected cash movement never posted,INTERNAL_BOOK,CUSTODIAN_CONFIRM,TRD101536,TRD101536,369812.0,,,amount,P0,OPEN,0,NOMURA-BROKER,EQ-INDEX-04,,True,TRAIN
BRK00762,RECON-DAILY,2026-08-11,TRADE,CONF_MISSING,External confirmation never received,INTERNAL_BOOK,EXTERNAL_CONFIRMATION,TRD101539,TRD101539,TRD101539,,,confirmation,P0,OPEN,0,MORGANSTANLEY-BROKER,EQ-CORE-01,,True,TRAIN
BRK00763,RECON-DAILY,2026-08-13,POSITION,POS_WRONG_QUANTITY,Wrong quantity - external position differs by a non-round amount,INTERNAL_BOOK,CUSTODIAN_CONFIRM,TRD101541,TRD101541,250,292,,actual_quantity,P1,OPEN,0,HDFC-CUST,EQ-CORE-02,,False,TRAIN
BRK00764,RECON-DAILY,2026-08-02,POSITION,POS_MISSING_BOOKING,Missing upstream booking - position never reflected externally,INTERNAL_BOOK,CUSTODIAN_CONFIRM,TRD101543,TRD101543,200,0,,actual_quantity,P0,OPEN,0,MORGANSTANLEY-BROKER,EQ-INDEX-04,,True,TRAIN
BRK00765,RECON-DAILY,2026-08-13,SETTLEMENT,SETL_MISSING_INSTRUCTION,No settlement instruction was ever issued,INTERNAL_BOOK,CUSTODIAN_CONFIRM,TRD101546,TRD101546,INSTRUCTED,MISSING,,instruction_status,P0,OPEN,0,DEUTSCHE-BROKER,EQ-INDEX-04,,True,TRAIN
BRK00766,RECON-DAILY,2026-08-22,TRADE,TRADE_COUNTERPARTY_ID_MISMATCH,Confirmed counterparty identifier differs from booked counterparty,INTERNAL_BOOK,EXTERNAL_CONFIRMATION,TRD101551,TRD101551,DEUTSCHE-BROKER,HDFC-CUST,,counterparty,P1,OPEN,0,DEUTSCHE-BROKER,EQ-CORE-02,,True,TRAIN
BRK00767,RECON-DAILY,2026-08-15,TRADE,CONF_MISSING,External confirmation never received,INTERNAL_BOOK,EXTERNAL_CONFIRMATION,TRD101552,TRD101552,TRD101552,,,confirmation,P0,OPEN,0,HDFC-CUST,EQ-CORE-01,,True,TRAIN
BRK00768,RECON-DAILY,2026-08-14,SETTLEMENT,SETL_MISSING_INSTRUCTION,No settlement instruction was ever issued,INTERNAL_BOOK,CUSTODIAN_CONFIRM,TRD101553,TRD101553,INSTRUCTED,MISSING,,instruction_status,P0,OPEN,0,NOMURA-BROKER,EQ-ALPHA-03,,True,TRAIN
BRK00769,RECON-DAILY,2026-08-02,TRADE,CONF_MISSING,External confirmation never received,INTERNAL_BOOK,EXTERNAL_CONFIRMATION,TRD101555,TRD101555,TRD101555,,,confirmation,P0,OPEN,0,NOMURA-BROKER,EQ-CORE-02,,True,TRAIN
BRK00770,RECON-DAILY,2026-08-22,POSITION,POS_WRONG_QUANTITY,Wrong quantity - external position differs by a non-round amount,INTERNAL_BOOK,CUSTODIAN_CONFIRM,TRD101556,TRD101556,1000,870,,actual_quantity,P1,OPEN,0,HDFC-CUST,EQ-ALPHA-03,,True,TRAIN
BRK00771,RECON-DAILY,2026-08-14,SETTLEMENT,SETL_MISSING_INSTRUCTION,No settlement instruction was ever issued,INTERNAL_BOOK,CUSTODIAN_CONFIRM,TRD101557,TRD101557,INSTRUCTED,MISSING,,instruction_status,P0,OPEN,0,KOTAK-CUST,EQ-CORE-01,,True,TEST
BRK00772,RECON-DAILY,2026-08-11,TRADE,TRADE_COUNTERPARTY_ID_MISMATCH,Confirmed counterparty identifier differs from booked counterparty,INTERNAL_BOOK,EXTERNAL_CONFIRMATION,TRD101559,TRD101559,KOTAK-CUST,MORGANSTANLEY-BROKER,,counterparty,P1,OPEN,0,KOTAK-CUST,EQ-CORE-02,,True,TRAIN
BRK00773,RECON-DAILY,2026-08-17,CASH,CASH_FX_INPUT_DIFFERENCE,Cash posted in a different currency / at a stale or incorrect FX rate,INTERNAL_BOOK,CUSTODIAN_CONFIRM,TRD101561,TRD101561,274323.0,288039.15,,"amount,currency",P2,OPEN,0,NOMURA-BROKER,EQ-CORE-01,,False,TRAIN
BRK00774,RECON-DAILY,2026-08-21,SETTLEMENT,SETL_MISSING_INSTRUCTION,No settlement instruction was ever issued,INTERNAL_BOOK,CUSTODIAN_CONFIRM,TRD101564,TRD101564,INSTRUCTED,MISSING,,instruction_status,P0,OPEN,0,MORGANSTANLEY-BROKER,EQ-CORE-01,,True,TEST
BRK00775,RECON-DAILY,2026-08-13,TRADE,TRADE_PRICE_MISMATCH,Confirmed price differs from booked price,INTERNAL_BOOK,EXTERNAL_CONFIRMATION,TRD101566,TRD101566,3669.71,3572.77,,price,P2,OPEN,0,ICICI-CUST,EQ-CORE-02,,True,TRAIN
BRK00776,RECON-DAILY,2026-08-14,POSITION,POS_MISSING_BOOKING,Missing upstream booking - position never reflected externally,INTERNAL_BOOK,CUSTODIAN_CONFIRM,TRD101569,TRD101569,2000,0,,actual_quantity,P0,OPEN,0,HDFC-CUST,EQ-ALPHA-03,,False,TRAIN
BRK00777,RECON-DAILY,2026-08-10,CASH,CASH_WRONG_AMOUNT,Cash amount posted differs from expected trade value by a non-round amount,INTERNAL_BOOK,CUSTODIAN_CONFIRM,TRD101574,TRD101574,17324.0,22001.48,,amount,P1,OPEN,0,MORGANSTANLEY-BROKER,EQ-INDEX-04,,False,TRAIN
BRK00778,RECON-DAILY,2026-08-05,TRADE,TRADE_PRICE_MISMATCH,Confirmed price differs from booked price,INTERNAL_BOOK,EXTERNAL_CONFIRMATION,TRD101575,TRD101575,1179.05,1197.71,,price,P2,OPEN,0,HDFC-CUST,EQ-ALPHA-03,,True,TEST
BRK00779,RECON-DAILY,2026-08-12,SETTLEMENT,SETL_INCORRECT_DATE,Settlement recorded against the wrong date (holiday-calendar-style off-by-one),INTERNAL_BOOK,CUSTODIAN_CONFIRM,TRD101577,TRD101577,2026-08-12,2026-08-13,,settlement_date,P2,OPEN,0,NOMURA-BROKER,EQ-CORE-01,,True,TRAIN
BRK00780,RECON-DAILY,2026-08-21,CASH,CASH_MISSING_ENTRY,Expected cash movement never posted,INTERNAL_BOOK,CUSTODIAN_CONFIRM,TRD101582,TRD101582,823760.0,,,amount,P0,OPEN,0,KOTAK-CUST,EQ-INDEX-04,,False,TRAIN
BRK00781,RECON-DAILY,2026-08-14,TRADE,TRADE_DATE_MISMATCH,Confirmed trade date differs from booked trade date,INTERNAL_BOOK,EXTERNAL_CONFIRMATION,TRD101584,TRD101584,2026-08-13,2026-08-14,,trade_date,P2,OPEN,0,ICICI-CUST,EQ-CORE-01,,True,TRAIN
BRK00782,RECON-DAILY,2026-08-03,POSITION,POS_WRONG_QUANTITY,Wrong quantity - external position differs by a non-round amount,INTERNAL_BOOK,CUSTODIAN_CONFIRM,TRD101588,TRD101588,200,258,,actual_quantity,P1,OPEN,0,ICICI-CUST,EQ-CORE-02,,False,TRAIN
BRK00783,RECON-DAILY,2026-08-04,POSITION,CA_VOLUNTARY_DECISION,"Voluntary corporate action (tender/conversion) pending an election - requires a human business decision, always escalated",INTERNAL_BOOK,CUSTODIAN_CONFIRM,TRD101595,TRD101595,1125,750,,actual_quantity,P1,OPEN,0,KOTAK-CUST,EQ-CORE-02,VOLUNTARY,True,TRAIN
BRK00784,RECON-DAILY,2026-08-14,TRADE,TRADE_DATE_MISMATCH,Confirmed trade date differs from booked trade date,INTERNAL_BOOK,EXTERNAL_CONFIRMATION,TRD101597,TRD101597,2026-08-13,2026-08-14,,trade_date,P2,OPEN,0,HDFC-CUST,EQ-INDEX-04,,True,TRAIN
BRK00785,RECON-DAILY,2026-08-18,CASH,CASH_DUPLICATE_ENTRY,Same cash movement posted twice,INTERNAL_BOOK,CUSTODIAN_CONFIRM,TRD101598,TRD101598,424130.0,848260.0,,"amount,cash_id",P1,OPEN,0,MORGANSTANLEY-BROKER,EQ-ALPHA-03,,True,TRAIN
BRK00786,RECON-DAILY,2026-08-18,POSITION,POS_TIMING_DIFFERENCE,"Timing difference - quantities agree, as-of dates don't (expected to self-resolve)",INTERNAL_BOOK,CUSTODIAN_CONFIRM,TRD101599,TRD101599,2026-08-18,2026-08-19,,as_of_date,P2,OPEN,0,ICICI-CUST,EQ-CORE-02,,False,TRAIN
BRK00787,RECON-DAILY,2026-08-16,TRADE,CONF_DISAGREEMENT,External confirmation received but disagrees with the booking on multiple fields,INTERNAL_BOOK,EXTERNAL_CONFIRMATION,TRD101600,TRD101600,"qty=1000,price=172.25","qty=925,price=175.62",,"quantity,price",P1,OPEN,0,MORGANSTANLEY-BROKER,EQ-CORE-02,,True,TRAIN
BRK00788,RECON-DAILY,2026-08-07,POSITION,CA_INCORRECT_ENTITLEMENT,Corporate action entitlement calculated incorrectly (wrong ratio applied),INTERNAL_BOOK,CUSTODIAN_CONFIRM,TRD101601,TRD101601,600,560,,actual_quantity,P1,OPEN,0,NOMURA-BROKER,EQ-ALPHA-03,MANDATORY,True,TEST
BRK00789,RECON-DAILY,2026-08-05,SETTLEMENT,SETL_WRONG_SSI,Settlement instruction references the wrong SSI/beneficiary account - the payment-failure flagship scenario,INTERNAL_BOOK,CUSTODIAN_CONFIRM,TRD101602,TRD101602,SSI-IN-0147,SSI-JP-3389,,ssi_code,P0,OPEN,0,HDFC-CUST,EQ-CORE-01,,True,TRAIN
BRK00790,RECON-DAILY,2026-08-18,TRADE,TRADE_PRICE_MISMATCH,Confirmed price differs from booked price,INTERNAL_BOOK,EXTERNAL_CONFIRMATION,TRD101603,TRD101603,1881.39,1842.08,,price,P2,OPEN,0,DEUTSCHE-BROKER,EQ-ALPHA-03,,True,TRAIN
BRK00791,RECON-DAILY,2026-08-15,POSITION,POS_MISSING_BOOKING,Missing upstream booking - position never reflected externally,INTERNAL_BOOK,CUSTODIAN_CONFIRM,TRD101606,TRD101606,1500,0,,actual_quantity,P0,OPEN,0,HDFC-CUST,EQ-ALPHA-03,,False,TRAIN
BRK00792,RECON-DAILY,2026-08-13,CASH,CASH_DUPLICATE_ENTRY,Same cash movement posted twice,INTERNAL_BOOK,CUSTODIAN_CONFIRM,TRD101611,TRD101611,419997.5,839995.0,,"amount,cash_id",P1,OPEN,0,NOMURA-BROKER,EQ-ALPHA-03,,False,TEST
BRK00793,RECON-DAILY,2026-08-18,TRADE,TRADE_PRICE_MISMATCH,Confirmed price differs from booked price,INTERNAL_BOOK,EXTERNAL_CONFIRMATION,TRD101612,TRD101612,607.87,598.17,,price,P2,OPEN,0,NOMURA-BROKER,EQ-INDEX-04,,True,TEST
BRK00794,RECON-DAILY,2026-08-10,POSITION,POS_WRONG_QUANTITY,Wrong quantity - external position differs by a non-round amount,INTERNAL_BOOK,CUSTODIAN_CONFIRM,TRD101615,TRD101615,100,129,,actual_quantity,P1,OPEN,0,ICICI-CUST,EQ-CORE-02,,False,TRAIN
BRK00795,RECON-DAILY,2026-08-20,POSITION,POS_TIMING_DIFFERENCE,"Timing difference - quantities agree, as-of dates don't (expected to self-resolve)",INTERNAL_BOOK,CUSTODIAN_CONFIRM,TRD101616,TRD101616,2026-08-20,2026-08-21,,as_of_date,P2,OPEN,0,ICICI-CUST,EQ-INDEX-04,,False,TRAIN
BRK00796,RECON-DAILY,2026-08-02,POSITION,POS_MISSING_BOOKING,Missing upstream booking - position never reflected externally,INTERNAL_BOOK,CUSTODIAN_CONFIRM,TRD101617,TRD101617,200,0,,actual_quantity,P0,OPEN,0,MORGANSTANLEY-BROKER,EQ-ALPHA-03,,True,TRAIN
BRK00797,RECON-DAILY,2026-08-19,POSITION,POS_MISSING_BOOKING,Missing upstream booking - position never reflected externally,INTERNAL_BOOK,CUSTODIAN_CONFIRM,TRD101619,TRD101619,2000,0,,actual_quantity,P0,OPEN,0,KOTAK-CUST,EQ-INDEX-04,,False,TRAIN
BRK00798,RECON-DAILY,2026-08-13,POSITION,CA_INCORRECT_ENTITLEMENT,Corporate action entitlement calculated incorrectly (wrong ratio applied),INTERNAL_BOOK,CUSTODIAN_CONFIRM,TRD101620,TRD101620,6000,5600,,actual_quantity,P1,OPEN,0,KOTAK-CUST,EQ-ALPHA-03,MANDATORY,True,TEST
BRK00799,RECON-DAILY,2026-08-22,TRADE,CONF_DISAGREEMENT,External confirmation received but disagrees with the booking on multiple fields,INTERNAL_BOOK,EXTERNAL_CONFIRMATION,TRD101621,TRD101621,"qty=750,price=4128.41","qty=825,price=4199.0",,"quantity,price",P1,OPEN,0,ICICI-CUST,EQ-CORE-02,,True,TRAIN
BRK00800,RECON-DAILY,2026-08-18,SETTLEMENT,SETL_LATE_COUNTERPARTY,Counterparty has not settled by the expected date,INTERNAL_BOOK,CUSTODIAN_CONFIRM,TRD101624,TRD101624,2026-08-18,2026-08-22,,"settlement_date,settlement_status",P1,OPEN,0,HDFC-CUST,EQ-ALPHA-03,,True,TRAIN
BRK00801,RECON-DAILY,2026-08-15,TRADE,TRADE_PRICE_MISMATCH,Confirmed price differs from booked price,INTERNAL_BOOK,EXTERNAL_CONFIRMATION,TRD101625,TRD101625,172.26,168.92,,price,P2,OPEN,0,KOTAK-CUST,EQ-ALPHA-03,,True,TRAIN
BRK00802,RECON-DAILY,2026-08-05,SETTLEMENT,SETL_LATE_COUNTERPARTY,Counterparty has not settled by the expected date,INTERNAL_BOOK,CUSTODIAN_CONFIRM,TRD101626,TRD101626,2026-08-05,2026-08-08,,"settlement_date,settlement_status",P1,OPEN,0,DEUTSCHE-BROKER,EQ-INDEX-04,,True,TEST
BRK00803,RECON-DAILY,2026-08-17,SETTLEMENT,SETL_INCORRECT_DATE,Settlement recorded against the wrong date (holiday-calendar-style off-by-one),INTERNAL_BOOK,CUSTODIAN_CONFIRM,TRD101627,TRD101627,2026-08-17,2026-08-18,,settlement_date,P2,OPEN,0,NOMURA-BROKER,EQ-CORE-02,,True,TRAIN
BRK00804,RECON-DAILY,2026-08-11,TRADE,CONF_MISSING,External confirmation never received,INTERNAL_BOOK,EXTERNAL_CONFIRMATION,TRD101629,TRD101629,TRD101629,,,confirmation,P0,OPEN,0,ICICI-CUST,EQ-INDEX-04,,True,TRAIN
BRK00805,RECON-DAILY,2026-08-05,TRADE,CONF_DISAGREEMENT,External confirmation received but disagrees with the booking on multiple fields,INTERNAL_BOOK,EXTERNAL_CONFIRMATION,TRD101630,TRD101630,"qty=750,price=1680.65","qty=825,price=1697.56",,"quantity,price",P1,OPEN,0,ICICI-CUST,EQ-INDEX-04,,True,TEST
BRK00806,RECON-DAILY,2026-08-02,TRADE,TRADE_COUNTERPARTY_ID_MISMATCH,Confirmed counterparty identifier differs from booked counterparty,INTERNAL_BOOK,EXTERNAL_CONFIRMATION,TRD101631,TRD101631,ICICI-CUST,DEUTSCHE-BROKER,,counterparty,P1,OPEN,0,ICICI-CUST,EQ-ALPHA-03,,True,TRAIN
BRK00807,RECON-DAILY,2026-08-18,POSITION,CA_VOLUNTARY_DECISION,"Voluntary corporate action (tender/conversion) pending an election - requires a human business decision, always escalated",INTERNAL_BOOK,CUSTODIAN_CONFIRM,TRD101632,TRD101632,1125,750,,actual_quantity,P1,OPEN,0,NOMURA-BROKER,EQ-CORE-02,VOLUNTARY,True,TEST
BRK00808,RECON-DAILY,2026-08-08,POSITION,POS_MISSING_BOOKING,Missing upstream booking - position never reflected externally,INTERNAL_BOOK,CUSTODIAN_CONFIRM,TRD101633,TRD101633,750,0,,actual_quantity,P0,OPEN,0,DEUTSCHE-BROKER,EQ-CORE-01,,False,TRAIN
BRK00809,RECON-DAILY,2026-08-08,TRADE,CONF_DISAGREEMENT,External confirmation received but disagrees with the booking on multiple fields,INTERNAL_BOOK,EXTERNAL_CONFIRMATION,TRD101637,TRD101637,"qty=250,price=1239.76","qty=325,price=1252.89",,"quantity,price",P1,OPEN,0,KOTAK-CUST,EQ-ALPHA-03,,True,TRAIN
BRK00810,RECON-DAILY,2026-08-18,POSITION,POS_TIMING_DIFFERENCE,"Timing difference - quantities agree, as-of dates don't (expected to self-resolve)",INTERNAL_BOOK,CUSTODIAN_CONFIRM,TRD101639,TRD101639,2026-08-18,2026-08-19,,as_of_date,P2,OPEN,0,NOMURA-BROKER,EQ-ALPHA-03,,False,TRAIN
BRK00811,RECON-DAILY,2026-08-19,POSITION,CA_VOLUNTARY_DECISION,"Voluntary corporate action (tender/conversion) pending an election - requires a human business decision, always escalated",INTERNAL_BOOK,CUSTODIAN_CONFIRM,TRD101642,TRD101642,2000,1000,,actual_quantity,P1,OPEN,0,MORGANSTANLEY-BROKER,EQ-ALPHA-03,VOLUNTARY,True,TRAIN
BRK00812,RECON-DAILY,2026-08-22,POSITION,POS_TIMING_DIFFERENCE,"Timing difference - quantities agree, as-of dates don't (expected to self-resolve)",INTERNAL_BOOK,CUSTODIAN_CONFIRM,TRD101644,TRD101644,2026-08-22,2026-08-23,,as_of_date,P2,OPEN,0,ICICI-CUST,EQ-ALPHA-03,,False,TRAIN
BRK00813,RECON-DAILY,2026-08-12,SETTLEMENT,SETL_INCORRECT_DATE,Settlement recorded against the wrong date (holiday-calendar-style off-by-one),INTERNAL_BOOK,CUSTODIAN_CONFIRM,TRD101645,TRD101645,2026-08-12,2026-08-13,,settlement_date,P2,OPEN,0,ICICI-CUST,EQ-CORE-01,,True,TRAIN
BRK00814,RECON-DAILY,2026-08-19,SETTLEMENT,SETL_MISSING_INSTRUCTION,No settlement instruction was ever issued,INTERNAL_BOOK,CUSTODIAN_CONFIRM,TRD101646,TRD101646,INSTRUCTED,MISSING,,instruction_status,P0,OPEN,0,NOMURA-BROKER,EQ-INDEX-04,,True,TRAIN
BRK00815,RECON-DAILY,2026-08-11,CASH,CASH_MISSING_ENTRY,Expected cash movement never posted,INTERNAL_BOOK,CUSTODIAN_CONFIRM,TRD101647,TRD101647,417965.0,,,amount,P0,OPEN,0,NOMURA-BROKER,EQ-CORE-01,,False,TRAIN
BRK00816,RECON-DAILY,2026-08-02,CASH,CASH_WRONG_AMOUNT,Cash amount posted differs from expected trade value by a non-round amount,INTERNAL_BOOK,CUSTODIAN_CONFIRM,TRD101648,TRD101648,587850.0,482037.0,,amount,P1,OPEN,0,HDFC-CUST,EQ-CORE-01,,False,TRAIN
BRK00817,RECON-DAILY,2026-08-02,POSITION,CA_MANDATORY_NOT_REFLECTED,"Mandatory corporate action (split/bonus) not yet reflected externally - mechanical, auto-correctable",INTERNAL_BOOK,CUSTODIAN_CONFIRM,TRD101649,TRD101649,750,500,,actual_quantity,P1,OPEN,0,MORGANSTANLEY-BROKER,EQ-INDEX-04,MANDATORY,True,TEST
BRK00818,RECON-DAILY,2026-08-21,SETTLEMENT,SETL_LATE_COUNTERPARTY,Counterparty has not settled by the expected date,INTERNAL_BOOK,CUSTODIAN_CONFIRM,TRD101651,TRD101651,2026-08-21,2026-08-24,,"settlement_date,settlement_status",P1,OPEN,0,ICICI-CUST,EQ-INDEX-04,,True,TRAIN
BRK00819,RECON-DAILY,2026-08-22,SETTLEMENT,SETL_LATE_COUNTERPARTY,Counterparty has not settled by the expected date,INTERNAL_BOOK,CUSTODIAN_CONFIRM,TRD101656,TRD101656,2026-08-22,2026-08-26,,"settlement_date,settlement_status",P1,OPEN,0,NOMURA-BROKER,EQ-INDEX-04,,True,TRAIN
BRK00820,RECON-DAILY,2026-08-07,SETTLEMENT,SETL_WRONG_SSI,Settlement instruction references the wrong SSI/beneficiary account - the payment-failure flagship scenario,INTERNAL_BOOK,CUSTODIAN_CONFIRM,TRD101661,TRD101661,SSI-US-7742,SSI-IN-0147,,ssi_code,P0,OPEN,0,MORGANSTANLEY-BROKER,EQ-ALPHA-03,,True,TRAIN
BRK00821,RECON-DAILY,2026-08-14,TRADE,CONF_DISAGREEMENT,External confirmation received but disagrees with the booking on multiple fields,INTERNAL_BOOK,EXTERNAL_CONFIRMATION,TRD101665,TRD101665,"qty=250,price=172.84","qty=325,price=175.13",,"quantity,price",P1,OPEN,0,DEUTSCHE-BROKER,EQ-CORE-01,,True,TRAIN
BRK00822,RECON-DAILY,2026-08-16,TRADE,TRADE_DATE_MISMATCH,Confirmed trade date differs from booked trade date,INTERNAL_BOOK,EXTERNAL_CONFIRMATION,TRD101672,TRD101672,2026-08-15,2026-08-16,,trade_date,P2,OPEN,0,DEUTSCHE-BROKER,EQ-INDEX-04,,True,TRAIN
BRK00823,RECON-DAILY,2026-08-10,POSITION,CA_MANDATORY_NOT_REFLECTED,"Mandatory corporate action (split/bonus) not yet reflected externally - mechanical, auto-correctable",INTERNAL_BOOK,CUSTODIAN_CONFIRM,TRD101675,TRD101675,1125,750,,actual_quantity,P1,OPEN,0,DEUTSCHE-BROKER,EQ-ALPHA-03,MANDATORY,True,TRAIN
BRK00824,RECON-DAILY,2026-08-04,SETTLEMENT,SETL_INCORRECT_DATE,Settlement recorded against the wrong date (holiday-calendar-style off-by-one),INTERNAL_BOOK,CUSTODIAN_CONFIRM,TRD101676,TRD101676,2026-08-04,2026-08-05,,settlement_date,P2,OPEN,0,MORGANSTANLEY-BROKER,EQ-CORE-02,,True,TRAIN
BRK00825,RECON-DAILY,2026-08-15,TRADE,TRADE_COUNTERPARTY_ID_MISMATCH,Confirmed counterparty identifier differs from booked counterparty,INTERNAL_BOOK,EXTERNAL_CONFIRMATION,TRD101678,TRD101678,KOTAK-CUST,ICICI-CUST,,counterparty,P1,OPEN,0,KOTAK-CUST,EQ-CORE-02,,True,TRAIN
BRK00826,RECON-DAILY,2026-08-19,SETTLEMENT,SETL_LATE_COUNTERPARTY,Counterparty has not settled by the expected date,INTERNAL_BOOK,CUSTODIAN_CONFIRM,TRD101679,TRD101679,2026-08-19,2026-08-22,,"settlement_date,settlement_status",P1,OPEN,0,NOMURA-BROKER,EQ-ALPHA-03,,True,TRAIN
BRK00827,RECON-DAILY,2026-08-20,POSITION,CA_VOLUNTARY_DECISION,"Voluntary corporate action (tender/conversion) pending an election - requires a human business decision, always escalated",INTERNAL_BOOK,CUSTODIAN_CONFIRM,TRD101680,TRD101680,4000,2000,,actual_quantity,P1,OPEN,0,MORGANSTANLEY-BROKER,EQ-CORE-01,VOLUNTARY,True,TRAIN
BRK00828,RECON-DAILY,2026-08-09,TRADE,CONF_DISAGREEMENT,External confirmation received but disagrees with the booking on multiple fields,INTERNAL_BOOK,EXTERNAL_CONFIRMATION,TRD101683,TRD101683,"qty=2000,price=1687.08","qty=1925,price=1711.54",,"quantity,price",P1,OPEN,0,ICICI-CUST,EQ-CORE-01,,True,TRAIN
BRK00829,RECON-DAILY,2026-08-14,SETTLEMENT,SETL_MISSING_INSTRUCTION,No settlement instruction was ever issued,INTERNAL_BOOK,CUSTODIAN_CONFIRM,TRD101684,TRD101684,INSTRUCTED,MISSING,,instruction_status,P0,OPEN,0,NOMURA-BROKER,EQ-CORE-01,,True,TRAIN
BRK00830,RECON-DAILY,2026-08-21,SETTLEMENT,SETL_WRONG_SSI,Settlement instruction references the wrong SSI/beneficiary account - the payment-failure flagship scenario,INTERNAL_BOOK,CUSTODIAN_CONFIRM,TRD101686,TRD101686,SSI-IN-0203,SSI-IN-0147,,ssi_code,P0,OPEN,0,KOTAK-CUST,EQ-ALPHA-03,,True,TRAIN
BRK00831,RECON-DAILY,2026-08-05,CASH,CASH_MISSING_ENTRY,Expected cash movement never posted,INTERNAL_BOOK,CUSTODIAN_CONFIRM,TRD101691,TRD101691,2834850.0,,,amount,P0,OPEN,0,NOMURA-BROKER,EQ-CORE-01,,False,TRAIN
BRK00832,RECON-DAILY,2026-08-09,CASH,CASH_WRONG_AMOUNT,Cash amount posted differs from expected trade value by a non-round amount,INTERNAL_BOOK,CUSTODIAN_CONFIRM,TRD101693,TRD101693,636540.0,579251.4,,amount,P1,OPEN,0,MORGANSTANLEY-BROKER,EQ-ALPHA-03,,False,TEST
BRK00833,RECON-DAILY,2026-08-15,POSITION,CA_MANDATORY_NOT_REFLECTED,"Mandatory corporate action (split/bonus) not yet reflected externally - mechanical, auto-correctable",INTERNAL_BOOK,CUSTODIAN_CONFIRM,TRD101694,TRD101694,600,200,,actual_quantity,P1,OPEN,0,NOMURA-BROKER,EQ-INDEX-04,MANDATORY,True,TRAIN
BRK00834,RECON-DAILY,2026-08-06,SETTLEMENT,SETL_INCORRECT_DATE,Settlement recorded against the wrong date (holiday-calendar-style off-by-one),INTERNAL_BOOK,CUSTODIAN_CONFIRM,TRD101696,TRD101696,2026-08-06,2026-08-07,,settlement_date,P2,OPEN,0,ICICI-CUST,EQ-CORE-02,,True,TRAIN
BRK00835,RECON-DAILY,2026-08-21,CASH,CASH_FX_INPUT_DIFFERENCE,Cash posted in a different currency / at a stale or incorrect FX rate,INTERNAL_BOOK,CUSTODIAN_CONFIRM,TRD101702,TRD101702,274123.0,279605.46,,"amount,currency",P2,OPEN,0,DEUTSCHE-BROKER,EQ-INDEX-04,,True,TEST
BRK00836,RECON-DAILY,2026-08-11,CASH,CASH_DUPLICATE_ENTRY,Same cash movement posted twice,INTERNAL_BOOK,CUSTODIAN_CONFIRM,TRD101703,TRD101703,549412.0,1098824.0,,"amount,cash_id",P1,OPEN,0,MORGANSTANLEY-BROKER,EQ-INDEX-04,,False,TEST
BRK00837,RECON-DAILY,2026-08-10,POSITION,CA_INCORRECT_ENTITLEMENT,Corporate action entitlement calculated incorrectly (wrong ratio applied),INTERNAL_BOOK,CUSTODIAN_CONFIRM,TRD101705,TRD101705,200,170,,actual_quantity,P1,OPEN,0,ICICI-CUST,EQ-CORE-02,MANDATORY,True,TRAIN
BRK00838,RECON-DAILY,2026-08-02,CASH,CASH_MISSING_ENTRY,Expected cash movement never posted,INTERNAL_BOOK,CUSTODIAN_CONFIRM,TRD101708,TRD101708,3243177.5,,,amount,P0,OPEN,0,DEUTSCHE-BROKER,EQ-CORE-01,,False,TRAIN
BRK00839,RECON-DAILY,2026-08-18,CASH,CASH_FX_INPUT_DIFFERENCE,Cash posted in a different currency / at a stale or incorrect FX rate,INTERNAL_BOOK,CUSTODIAN_CONFIRM,TRD101713,TRD101713,410774.0,418989.48,,"amount,currency",P2,OPEN,0,DEUTSCHE-BROKER,EQ-ALPHA-03,,True,TRAIN
BRK00840,RECON-DAILY,2026-08-13,POSITION,CA_MANDATORY_NOT_REFLECTED,"Mandatory corporate action (split/bonus) not yet reflected externally - mechanical, auto-correctable",INTERNAL_BOOK,CUSTODIAN_CONFIRM,TRD101715,TRD101715,200,100,,actual_quantity,P1,OPEN,0,ICICI-CUST,EQ-CORE-01,MANDATORY,True,TRAIN
BRK00841,RECON-DAILY,2026-08-06,POSITION,CA_MANDATORY_NOT_REFLECTED,"Mandatory corporate action (split/bonus) not yet reflected externally - mechanical, auto-correctable",INTERNAL_BOOK,CUSTODIAN_CONFIRM,TRD101721,TRD101721,200,100,,actual_quantity,P1,OPEN,0,DEUTSCHE-BROKER,EQ-CORE-01,MANDATORY,True,TRAIN
BRK00842,RECON-DAILY,2026-08-20,TRADE,CONF_DISAGREEMENT,External confirmation received but disagrees with the booking on multiple fields,INTERNAL_BOOK,EXTERNAL_CONFIRMATION,TRD101722,TRD101722,"qty=500,price=172.56","qty=425,price=174.45",,"quantity,price",P1,OPEN,0,NOMURA-BROKER,EQ-INDEX-04,,True,TRAIN
BRK00843,RECON-DAILY,2026-08-12,TRADE,TRADE_COUNTERPARTY_ID_MISMATCH,Confirmed counterparty identifier differs from booked counterparty,INTERNAL_BOOK,EXTERNAL_CONFIRMATION,TRD101725,TRD101725,NOMURA-BROKER,HDFC-CUST,,counterparty,P1,OPEN,0,NOMURA-BROKER,EQ-CORE-01,,True,TRAIN
BRK00844,RECON-DAILY,2026-08-13,SETTLEMENT,SETL_INCORRECT_DATE,Settlement recorded against the wrong date (holiday-calendar-style off-by-one),INTERNAL_BOOK,CUSTODIAN_CONFIRM,TRD101726,TRD101726,2026-08-13,2026-08-14,,settlement_date,P2,OPEN,0,MORGANSTANLEY-BROKER,EQ-CORE-01,,True,TRAIN
BRK00845,RECON-DAILY,2026-08-15,POSITION,CA_MANDATORY_NOT_REFLECTED,"Mandatory corporate action (split/bonus) not yet reflected externally - mechanical, auto-correctable",INTERNAL_BOOK,CUSTODIAN_CONFIRM,TRD101728,TRD101728,1000,500,,actual_quantity,P1,OPEN,0,NOMURA-BROKER,EQ-CORE-02,MANDATORY,True,TRAIN
BRK00846,RECON-DAILY,2026-08-05,CASH,CASH_WRONG_AMOUNT,Cash amount posted differs from expected trade value by a non-round amount,INTERNAL_BOOK,CUSTODIAN_CONFIRM,TRD101729,TRD101729,2055937.5,2611040.62,,amount,P1,OPEN,0,ICICI-CUST,EQ-INDEX-04,,True,TRAIN
BRK00847,RECON-DAILY,2026-08-22,POSITION,POS_TIMING_DIFFERENCE,"Timing difference - quantities agree, as-of dates don't (expected to self-resolve)",INTERNAL_BOOK,CUSTODIAN_CONFIRM,TRD101730,TRD101730,2026-08-22,2026-08-23,,as_of_date,P2,OPEN,0,HDFC-CUST,EQ-CORE-02,,False,TEST
BRK00848,RECON-DAILY,2026-08-10,TRADE,TRADE_COUNTERPARTY_ID_MISMATCH,Confirmed counterparty identifier differs from booked counterparty,INTERNAL_BOOK,EXTERNAL_CONFIRMATION,TRD101731,TRD101731,MORGANSTANLEY-BROKER,ICICI-CUST,,counterparty,P1,OPEN,0,MORGANSTANLEY-BROKER,EQ-INDEX-04,,True,TRAIN
BRK00849,RECON-DAILY,2026-08-12,POSITION,CA_MANDATORY_NOT_REFLECTED,"Mandatory corporate action (split/bonus) not yet reflected externally - mechanical, auto-correctable",INTERNAL_BOOK,CUSTODIAN_CONFIRM,TRD101734,TRD101734,1500,750,,actual_quantity,P1,OPEN,0,MORGANSTANLEY-BROKER,EQ-CORE-01,MANDATORY,True,TRAIN
BRK00850,RECON-DAILY,2026-08-15,POSITION,CA_MANDATORY_NOT_REFLECTED,"Mandatory corporate action (split/bonus) not yet reflected externally - mechanical, auto-correctable",INTERNAL_BOOK,CUSTODIAN_CONFIRM,TRD101735,TRD101735,3000,1000,,actual_quantity,P1,OPEN,0,NOMURA-BROKER,EQ-INDEX-04,MANDATORY,True,TRAIN
BRK00851,RECON-DAILY,2026-08-13,POSITION,POS_WRONG_QUANTITY,Wrong quantity - external position differs by a non-round amount,INTERNAL_BOOK,CUSTODIAN_CONFIRM,TRD101737,TRD101737,100,87,,actual_quantity,P1,OPEN,0,NOMURA-BROKER,EQ-INDEX-04,,False,TRAIN
BRK00852,RECON-DAILY,2026-08-20,SETTLEMENT,SETL_INCORRECT_DATE,Settlement recorded against the wrong date (holiday-calendar-style off-by-one),INTERNAL_BOOK,CUSTODIAN_CONFIRM,TRD101739,TRD101739,2026-08-20,2026-08-21,,settlement_date,P2,OPEN,0,MORGANSTANLEY-BROKER,EQ-INDEX-04,,True,TRAIN
BRK00853,RECON-DAILY,2026-08-21,POSITION,POS_MISSING_BOOKING,Missing upstream booking - position never reflected externally,INTERNAL_BOOK,CUSTODIAN_CONFIRM,TRD101741,TRD101741,750,0,,actual_quantity,P0,OPEN,0,KOTAK-CUST,EQ-CORE-01,,False,TRAIN
BRK00854,RECON-DAILY,2026-08-10,CASH,CASH_MISSING_ENTRY,Expected cash movement never posted,INTERNAL_BOOK,CUSTODIAN_CONFIRM,TRD101742,TRD101742,309017.5,,,amount,P0,OPEN,0,DEUTSCHE-BROKER,EQ-INDEX-04,,False,TRAIN
BRK00855,RECON-DAILY,2026-08-08,CASH,CASH_MISSING_ENTRY,Expected cash movement never posted,INTERNAL_BOOK,CUSTODIAN_CONFIRM,TRD101744,TRD101744,1461510.0,,,amount,P0,OPEN,0,MORGANSTANLEY-BROKER,EQ-CORE-02,,False,TEST
BRK00856,RECON-DAILY,2026-08-19,SETTLEMENT,SETL_MISSING_INSTRUCTION,No settlement instruction was ever issued,INTERNAL_BOOK,CUSTODIAN_CONFIRM,TRD101745,TRD101745,INSTRUCTED,MISSING,,instruction_status,P0,OPEN,0,MORGANSTANLEY-BROKER,EQ-CORE-02,,True,TRAIN
BRK00857,RECON-DAILY,2026-08-11,TRADE,CONF_DISAGREEMENT,External confirmation received but disagrees with the booking on multiple fields,INTERNAL_BOOK,EXTERNAL_CONFIRMATION,TRD101746,TRD101746,"qty=100,price=468.29","qty=25,price=475.57",,"quantity,price",P1,OPEN,0,MORGANSTANLEY-BROKER,EQ-INDEX-04,,True,TRAIN
BRK00858,RECON-DAILY,2026-08-11,TRADE,TRADE_DATE_MISMATCH,Confirmed trade date differs from booked trade date,INTERNAL_BOOK,EXTERNAL_CONFIRMATION,TRD101747,TRD101747,2026-08-10,2026-08-11,,trade_date,P2,OPEN,0,ICICI-CUST,EQ-CORE-01,,True,TRAIN
BRK00859,RECON-DAILY,2026-08-09,TRADE,TRADE_DATE_MISMATCH,Confirmed trade date differs from booked trade date,INTERNAL_BOOK,EXTERNAL_CONFIRMATION,TRD101749,TRD101749,2026-08-08,2026-08-09,,trade_date,P2,OPEN,0,NOMURA-BROKER,EQ-CORE-01,,True,TRAIN
BRK00860,RECON-DAILY,2026-08-18,TRADE,TRADE_PRICE_MISMATCH,Confirmed price differs from booked price,INTERNAL_BOOK,EXTERNAL_CONFIRMATION,TRD101751,TRD101751,172.34,168.99,,price,P2,OPEN,0,KOTAK-CUST,EQ-CORE-02,,True,TRAIN
BRK00861,RECON-DAILY,2026-08-04,SETTLEMENT,SETL_WRONG_SSI,Settlement instruction references the wrong SSI/beneficiary account - the payment-failure flagship scenario,INTERNAL_BOOK,CUSTODIAN_CONFIRM,TRD101754,TRD101754,SSI-US-7742,SSI-IN-0147,,ssi_code,P0,OPEN,0,MORGANSTANLEY-BROKER,EQ-CORE-02,,True,TRAIN
BRK00862,RECON-DAILY,2026-08-21,TRADE,TRADE_QUANTITY_MISMATCH,Confirmed quantity differs from booked quantity,INTERNAL_BOOK,EXTERNAL_CONFIRMATION,TRD101755,TRD101755,200,400,,quantity,P1,OPEN,0,HDFC-CUST,EQ-CORE-02,,True,TRAIN
BRK00863,RECON-DAILY,2026-08-22,SETTLEMENT,SETL_WRONG_SSI,Settlement instruction references the wrong SSI/beneficiary account - the payment-failure flagship scenario,INTERNAL_BOOK,CUSTODIAN_CONFIRM,TRD101756,TRD101756,SSI-US-7742,SSI-DE-5510,,ssi_code,P0,OPEN,0,MORGANSTANLEY-BROKER,EQ-CORE-02,,True,TRAIN
BRK00864,RECON-DAILY,2026-08-17,TRADE,TRADE_COUNTERPARTY_ID_MISMATCH,Confirmed counterparty identifier differs from booked counterparty,INTERNAL_BOOK,EXTERNAL_CONFIRMATION,TRD101761,TRD101761,DEUTSCHE-BROKER,NOMURA-BROKER,,counterparty,P1,OPEN,0,DEUTSCHE-BROKER,EQ-INDEX-04,,True,TRAIN
BRK00865,RECON-DAILY,2026-08-16,POSITION,CA_MANDATORY_NOT_REFLECTED,"Mandatory corporate action (split/bonus) not yet reflected externally - mechanical, auto-correctable",INTERNAL_BOOK,CUSTODIAN_CONFIRM,TRD101763,TRD101763,3000,1000,,actual_quantity,P1,OPEN,0,DEUTSCHE-BROKER,EQ-INDEX-04,MANDATORY,True,TRAIN
BRK00866,RECON-DAILY,2026-08-19,SETTLEMENT,SETL_LATE_COUNTERPARTY,Counterparty has not settled by the expected date,INTERNAL_BOOK,CUSTODIAN_CONFIRM,TRD101767,TRD101767,2026-08-19,2026-08-21,,"settlement_date,settlement_status",P1,OPEN,0,ICICI-CUST,EQ-CORE-01,,True,TRAIN
BRK00867,RECON-DAILY,2026-08-12,TRADE,CONF_DISAGREEMENT,External confirmation received but disagrees with the booking on multiple fields,INTERNAL_BOOK,EXTERNAL_CONFIRMATION,TRD101769,TRD101769,"qty=250,price=2756.87","qty=175,price=2805.41",,"quantity,price",P1,OPEN,0,DEUTSCHE-BROKER,EQ-CORE-02,,True,TRAIN
BRK00868,RECON-DAILY,2026-08-18,CASH,CASH_FX_INPUT_DIFFERENCE,Cash posted in a different currency / at a stale or incorrect FX rate,INTERNAL_BOOK,CUSTODIAN_CONFIRM,TRD101770,TRD101770,286035.0,274593.6,,"amount,currency",P2,OPEN,0,ICICI-CUST,EQ-INDEX-04,,False,TEST
BRK00869,RECON-DAILY,2026-08-20,POSITION,POS_WRONG_QUANTITY,Wrong quantity - external position differs by a non-round amount,INTERNAL_BOOK,CUSTODIAN_CONFIRM,TRD101774,TRD101774,250,310,,actual_quantity,P1,OPEN,0,DEUTSCHE-BROKER,EQ-CORE-02,,False,TRAIN
BRK00870,RECON-DAILY,2026-08-22,CASH,CASH_DUPLICATE_ENTRY,Same cash movement posted twice,INTERNAL_BOOK,CUSTODIAN_CONFIRM,TRD101776,TRD101776,334250.0,668500.0,,"amount,cash_id",P1,OPEN,0,MORGANSTANLEY-BROKER,EQ-INDEX-04,,False,TRAIN
BRK00871,RECON-DAILY,2026-08-15,POSITION,CA_VOLUNTARY_DECISION,"Voluntary corporate action (tender/conversion) pending an election - requires a human business decision, always escalated",INTERNAL_BOOK,CUSTODIAN_CONFIRM,TRD101777,TRD101777,3000,1500,,actual_quantity,P1,OPEN,0,MORGANSTANLEY-BROKER,EQ-ALPHA-03,VOLUNTARY,True,TEST
BRK00872,RECON-DAILY,2026-08-17,POSITION,POS_MISSING_BOOKING,Missing upstream booking - position never reflected externally,INTERNAL_BOOK,CUSTODIAN_CONFIRM,TRD101778,TRD101778,500,0,,actual_quantity,P0,OPEN,0,NOMURA-BROKER,EQ-INDEX-04,,False,TRAIN
BRK00873,RECON-DAILY,2026-08-05,CASH,CASH_FX_INPUT_DIFFERENCE,Cash posted in a different currency / at a stale or incorrect FX rate,INTERNAL_BOOK,CUSTODIAN_CONFIRM,TRD101780,TRD101780,468790.0,435974.7,,"amount,currency",P2,OPEN,0,NOMURA-BROKER,EQ-ALPHA-03,,False,TRAIN
BRK00874,RECON-DAILY,2026-08-17,TRADE,TRADE_QUANTITY_MISMATCH,Confirmed quantity differs from booked quantity,INTERNAL_BOOK,EXTERNAL_CONFIRMATION,TRD101782,TRD101782,250,300,,quantity,P1,OPEN,0,MORGANSTANLEY-BROKER,EQ-CORE-02,,True,TRAIN
BRK00875,RECON-DAILY,2026-08-11,POSITION,POS_MISSING_BOOKING,Missing upstream booking - position never reflected externally,INTERNAL_BOOK,CUSTODIAN_CONFIRM,TRD101783,TRD101783,2000,0,,actual_quantity,P0,OPEN,0,NOMURA-BROKER,EQ-ALPHA-03,,False,TRAIN
BRK00876,RECON-DAILY,2026-08-21,TRADE,TRADE_DATE_MISMATCH,Confirmed trade date differs from booked trade date,INTERNAL_BOOK,EXTERNAL_CONFIRMATION,TRD101784,TRD101784,2026-08-20,2026-08-21,,trade_date,P2,OPEN,0,DEUTSCHE-BROKER,EQ-CORE-01,,True,TEST
BRK00877,RECON-DAILY,2026-08-17,SETTLEMENT,SETL_MISSING_INSTRUCTION,No settlement instruction was ever issued,INTERNAL_BOOK,CUSTODIAN_CONFIRM,TRD101786,TRD101786,INSTRUCTED,MISSING,,instruction_status,P0,OPEN,0,MORGANSTANLEY-BROKER,EQ-CORE-01,,True,TEST
BRK00878,RECON-DAILY,2026-08-02,TRADE,TRADE_PRICE_MISMATCH,Confirmed price differs from booked price,INTERNAL_BOOK,EXTERNAL_CONFIRMATION,TRD101787,TRD101787,1688.3,1655.8,,price,P2,OPEN,0,HDFC-CUST,EQ-CORE-01,,True,TRAIN
BRK00879,RECON-DAILY,2026-08-11,TRADE,TRADE_DATE_MISMATCH,Confirmed trade date differs from booked trade date,INTERNAL_BOOK,EXTERNAL_CONFIRMATION,TRD101790,TRD101790,2026-08-10,2026-08-11,,trade_date,P2,OPEN,0,NOMURA-BROKER,EQ-ALPHA-03,,True,TEST
BRK00880,RECON-DAILY,2026-08-10,TRADE,TRADE_QUANTITY_MISMATCH,Confirmed quantity differs from booked quantity,INTERNAL_BOOK,EXTERNAL_CONFIRMATION,TRD101792,TRD101792,1000,950,,quantity,P1,OPEN,0,DEUTSCHE-BROKER,EQ-INDEX-04,,True,TRAIN
BRK00881,RECON-DAILY,2026-08-17,SETTLEMENT,SETL_MISSING_INSTRUCTION,No settlement instruction was ever issued,INTERNAL_BOOK,CUSTODIAN_CONFIRM,TRD101794,TRD101794,INSTRUCTED,MISSING,,instruction_status,P0,OPEN,0,ICICI-CUST,EQ-CORE-01,,True,TRAIN
BRK00882,RECON-DAILY,2026-08-05,CASH,CASH_MISSING_ENTRY,Expected cash movement never posted,INTERNAL_BOOK,CUSTODIAN_CONFIRM,TRD101795,TRD101795,304255.0,,,amount,P0,OPEN,0,MORGANSTANLEY-BROKER,EQ-INDEX-04,,False,TRAIN
BRK00883,RECON-DAILY,2026-08-21,TRADE,TRADE_QUANTITY_MISMATCH,Confirmed quantity differs from booked quantity,INTERNAL_BOOK,EXTERNAL_CONFIRMATION,TRD101796,TRD101796,100,1,,quantity,P1,OPEN,0,HDFC-CUST,EQ-CORE-01,,True,TRAIN
BRK00884,RECON-DAILY,2026-08-11,POSITION,CA_VOLUNTARY_DECISION,"Voluntary corporate action (tender/conversion) pending an election - requires a human business decision, always escalated",INTERNAL_BOOK,CUSTODIAN_CONFIRM,TRD101798,TRD101798,3000,1500,,actual_quantity,P1,OPEN,0,KOTAK-CUST,EQ-INDEX-04,VOLUNTARY,True,TRAIN
BRK00885,RECON-DAILY,2026-08-06,CASH,CASH_MISSING_ENTRY,Expected cash movement never posted,INTERNAL_BOOK,CUSTODIAN_CONFIRM,TRD101799,TRD101799,1832300.0,,,amount,P0,OPEN,0,ICICI-CUST,EQ-CORE-02,,False,TRAIN
BRK00886,RECON-DAILY,2026-08-06,TRADE,CONF_DISAGREEMENT,External confirmation received but disagrees with the booking on multiple fields,INTERNAL_BOOK,EXTERNAL_CONFIRMATION,TRD101800,TRD101800,"qty=750,price=1891.5","qty=825,price=1917.72",,"quantity,price",P1,OPEN,0,MORGANSTANLEY-BROKER,EQ-INDEX-04,,True,TRAIN
BRK00887,RECON-DAILY,2026-08-12,TRADE,TRADE_DATE_MISMATCH,Confirmed trade date differs from booked trade date,INTERNAL_BOOK,EXTERNAL_CONFIRMATION,TRD101803,TRD101803,2026-08-11,2026-08-12,,trade_date,P2,OPEN,0,ICICI-CUST,EQ-CORE-01,,True,TRAIN
BRK00888,RECON-DAILY,2026-08-21,SETTLEMENT,SETL_WRONG_SSI,Settlement instruction references the wrong SSI/beneficiary account - the payment-failure flagship scenario,INTERNAL_BOOK,CUSTODIAN_CONFIRM,TRD101806,TRD101806,SSI-IN-0147,SSI-US-7742,,ssi_code,P0,OPEN,0,HDFC-CUST,EQ-CORE-02,,True,TEST
BRK00889,RECON-DAILY,2026-08-13,CASH,CASH_MISSING_ENTRY,Expected cash movement never posted,INTERNAL_BOOK,CUSTODIAN_CONFIRM,TRD101809,TRD101809,2860630.0,,,amount,P0,OPEN,0,NOMURA-BROKER,EQ-INDEX-04,,False,TRAIN
BRK00890,RECON-DAILY,2026-08-18,CASH,CASH_DUPLICATE_ENTRY,Same cash movement posted twice,INTERNAL_BOOK,CUSTODIAN_CONFIRM,TRD101812,TRD101812,4137880.0,8275760.0,,"amount,cash_id",P1,OPEN,0,ICICI-CUST,EQ-ALPHA-03,,False,TRAIN
BRK00891,RECON-DAILY,2026-08-14,TRADE,TRADE_COUNTERPARTY_ID_MISMATCH,Confirmed counterparty identifier differs from booked counterparty,INTERNAL_BOOK,EXTERNAL_CONFIRMATION,TRD101813,TRD101813,ICICI-CUST,MORGANSTANLEY-BROKER,,counterparty,P1,OPEN,0,ICICI-CUST,EQ-ALPHA-03,,True,TRAIN
BRK00892,RECON-DAILY,2026-08-06,SETTLEMENT,SETL_LATE_COUNTERPARTY,Counterparty has not settled by the expected date,INTERNAL_BOOK,CUSTODIAN_CONFIRM,TRD101816,TRD101816,2026-08-06,2026-08-11,,"settlement_date,settlement_status",P1,OPEN,0,NOMURA-BROKER,EQ-CORE-02,,True,TRAIN
BRK00893,RECON-DAILY,2026-08-05,CASH,CASH_DUPLICATE_ENTRY,Same cash movement posted twice,INTERNAL_BOOK,CUSTODIAN_CONFIRM,TRD101817,TRD101817,6201780.0,12403560.0,,"amount,cash_id",P1,OPEN,0,ICICI-CUST,EQ-INDEX-04,,False,TRAIN
BRK00894,RECON-DAILY,2026-08-03,TRADE,CONF_DISAGREEMENT,External confirmation received but disagrees with the booking on multiple fields,INTERNAL_BOOK,EXTERNAL_CONFIRMATION,TRD101820,TRD101820,"qty=1500,price=1954.06","qty=1575,price=1982.66",,"quantity,price",P1,OPEN,0,ICICI-CUST,EQ-CORE-02,,True,TRAIN
BRK00895,RECON-DAILY,2026-08-04,TRADE,TRADE_DATE_MISMATCH,Confirmed trade date differs from booked trade date,INTERNAL_BOOK,EXTERNAL_CONFIRMATION,TRD101824,TRD101824,2026-08-03,2026-08-04,,trade_date,P2,OPEN,0,HDFC-CUST,EQ-ALPHA-03,,True,TEST
BRK00896,RECON-DAILY,2026-08-08,TRADE,CONF_MISSING,External confirmation never received,INTERNAL_BOOK,EXTERNAL_CONFIRMATION,TRD101825,TRD101825,TRD101825,,,confirmation,P0,OPEN,0,NOMURA-BROKER,EQ-ALPHA-03,,True,TRAIN
BRK00897,RECON-DAILY,2026-08-22,POSITION,CA_MANDATORY_NOT_REFLECTED,"Mandatory corporate action (split/bonus) not yet reflected externally - mechanical, auto-correctable",INTERNAL_BOOK,CUSTODIAN_CONFIRM,TRD101826,TRD101826,1000,500,,actual_quantity,P1,OPEN,0,HDFC-CUST,EQ-CORE-02,MANDATORY,True,TEST
BRK00898,RECON-DAILY,2026-08-10,CASH,CASH_FX_INPUT_DIFFERENCE,Cash posted in a different currency / at a stale or incorrect FX rate,INTERNAL_BOOK,CUSTODIAN_CONFIRM,TRD101828,TRD101828,848035.0,907397.45,,"amount,currency",P2,OPEN,0,HDFC-CUST,EQ-CORE-02,,False,TRAIN
BRK00899,RECON-DAILY,2026-08-07,POSITION,CA_VOLUNTARY_DECISION,"Voluntary corporate action (tender/conversion) pending an election - requires a human business decision, always escalated",INTERNAL_BOOK,CUSTODIAN_CONFIRM,TRD101830,TRD101830,4000,2000,,actual_quantity,P1,OPEN,0,ICICI-CUST,EQ-INDEX-04,VOLUNTARY,True,TRAIN
BRK00900,RECON-DAILY,2026-08-15,CASH,CASH_FX_INPUT_DIFFERENCE,Cash posted in a different currency / at a stale or incorrect FX rate,INTERNAL_BOOK,CUSTODIAN_CONFIRM,TRD101831,TRD101831,1849160.0,1886143.2,,"amount,currency",P2,OPEN,0,KOTAK-CUST,EQ-ALPHA-03,,True,TRAIN
BRK00901,RECON-DAILY,2026-08-08,SETTLEMENT,SETL_WRONG_SSI,Settlement instruction references the wrong SSI/beneficiary account - the payment-failure flagship scenario,INTERNAL_BOOK,CUSTODIAN_CONFIRM,TRD101832,TRD101832,SSI-IN-0203,SSI-DE-5510,,ssi_code,P0,OPEN,0,KOTAK-CUST,EQ-CORE-02,,True,TRAIN
BRK00902,RECON-DAILY,2026-08-18,POSITION,CA_MANDATORY_NOT_REFLECTED,"Mandatory corporate action (split/bonus) not yet reflected externally - mechanical, auto-correctable",INTERNAL_BOOK,CUSTODIAN_CONFIRM,TRD101833,TRD101833,200,100,,actual_quantity,P1,OPEN,0,NOMURA-BROKER,EQ-CORE-02,MANDATORY,True,TEST
BRK00903,RECON-DAILY,2026-08-13,POSITION,CA_VOLUNTARY_DECISION,"Voluntary corporate action (tender/conversion) pending an election - requires a human business decision, always escalated",INTERNAL_BOOK,CUSTODIAN_CONFIRM,TRD101834,TRD101834,3000,2000,,actual_quantity,P1,OPEN,0,MORGANSTANLEY-BROKER,EQ-INDEX-04,VOLUNTARY,True,TRAIN
BRK00904,RECON-DAILY,2026-08-02,TRADE,CONF_MISSING,External confirmation never received,INTERNAL_BOOK,EXTERNAL_CONFIRMATION,TRD101835,TRD101835,TRD101835,,,confirmation,P0,OPEN,0,HDFC-CUST,EQ-INDEX-04,,True,TRAIN
BRK00905,RECON-DAILY,2026-08-02,POSITION,CA_MANDATORY_NOT_REFLECTED,"Mandatory corporate action (split/bonus) not yet reflected externally - mechanical, auto-correctable",INTERNAL_BOOK,CUSTODIAN_CONFIRM,TRD101837,TRD101837,6000,2000,,actual_quantity,P1,OPEN,0,DEUTSCHE-BROKER,EQ-INDEX-04,MANDATORY,True,TRAIN
BRK00906,RECON-DAILY,2026-08-09,POSITION,CA_VOLUNTARY_DECISION,"Voluntary corporate action (tender/conversion) pending an election - requires a human business decision, always escalated",INTERNAL_BOOK,CUSTODIAN_CONFIRM,TRD101838,TRD101838,4500,1500,,actual_quantity,P1,OPEN,0,KOTAK-CUST,EQ-ALPHA-03,VOLUNTARY,True,TRAIN
BRK00907,RECON-DAILY,2026-08-21,POSITION,CA_MANDATORY_NOT_REFLECTED,"Mandatory corporate action (split/bonus) not yet reflected externally - mechanical, auto-correctable",INTERNAL_BOOK,CUSTODIAN_CONFIRM,TRD101841,TRD101841,375,250,,actual_quantity,P1,OPEN,0,NOMURA-BROKER,EQ-CORE-02,MANDATORY,True,TRAIN
BRK00908,RECON-DAILY,2026-08-07,POSITION,CA_INCORRECT_ENTITLEMENT,Corporate action entitlement calculated incorrectly (wrong ratio applied),INTERNAL_BOOK,CUSTODIAN_CONFIRM,TRD101843,TRD101843,3000,2700,,actual_quantity,P1,OPEN,0,DEUTSCHE-BROKER,EQ-CORE-01,MANDATORY,True,TEST
BRK00909,RECON-DAILY,2026-08-06,SETTLEMENT,SETL_MISSING_INSTRUCTION,No settlement instruction was ever issued,INTERNAL_BOOK,CUSTODIAN_CONFIRM,TRD101845,TRD101845,INSTRUCTED,MISSING,,instruction_status,P0,OPEN,0,NOMURA-BROKER,EQ-ALPHA-03,,True,TRAIN
BRK00910,RECON-DAILY,2026-08-02,POSITION,CA_VOLUNTARY_DECISION,"Voluntary corporate action (tender/conversion) pending an election - requires a human business decision, always escalated",INTERNAL_BOOK,CUSTODIAN_CONFIRM,TRD101851,TRD101851,1500,1000,,actual_quantity,P1,OPEN,0,MORGANSTANLEY-BROKER,EQ-INDEX-04,VOLUNTARY,True,TRAIN
BRK00911,RECON-DAILY,2026-08-08,SETTLEMENT,SETL_INCORRECT_DATE,Settlement recorded against the wrong date (holiday-calendar-style off-by-one),INTERNAL_BOOK,CUSTODIAN_CONFIRM,TRD101852,TRD101852,2026-08-08,2026-08-09,,settlement_date,P2,OPEN,0,ICICI-CUST,EQ-CORE-02,,True,TRAIN
BRK00912,RECON-DAILY,2026-08-17,TRADE,TRADE_QUANTITY_MISMATCH,Confirmed quantity differs from booked quantity,INTERNAL_BOOK,EXTERNAL_CONFIRMATION,TRD101854,TRD101854,750,950,,quantity,P1,OPEN,0,ICICI-CUST,EQ-ALPHA-03,,True,TRAIN
BRK00913,RECON-DAILY,2026-08-02,TRADE,TRADE_DATE_MISMATCH,Confirmed trade date differs from booked trade date,INTERNAL_BOOK,EXTERNAL_CONFIRMATION,TRD101857,TRD101857,2026-08-01,2026-08-02,,trade_date,P2,OPEN,0,DEUTSCHE-BROKER,EQ-INDEX-04,,True,TEST
BRK00914,RECON-DAILY,2026-08-10,TRADE,TRADE_COUNTERPARTY_ID_MISMATCH,Confirmed counterparty identifier differs from booked counterparty,INTERNAL_BOOK,EXTERNAL_CONFIRMATION,TRD101858,TRD101858,NOMURA-BROKER,MORGANSTANLEY-BROKER,,counterparty,P1,OPEN,0,NOMURA-BROKER,EQ-CORE-01,,True,TRAIN
BRK00915,RECON-DAILY,2026-08-20,POSITION,POS_MISSING_BOOKING,Missing upstream booking - position never reflected externally,INTERNAL_BOOK,CUSTODIAN_CONFIRM,TRD101861,TRD101861,1000,0,,actual_quantity,P0,OPEN,0,KOTAK-CUST,EQ-CORE-02,,False,TRAIN
BRK00916,RECON-DAILY,2026-08-13,POSITION,POS_WRONG_QUANTITY,Wrong quantity - external position differs by a non-round amount,INTERNAL_BOOK,CUSTODIAN_CONFIRM,TRD101863,TRD101863,100,124,,actual_quantity,P1,OPEN,0,KOTAK-CUST,EQ-INDEX-04,,False,TRAIN
BRK00917,RECON-DAILY,2026-08-16,POSITION,CA_INCORRECT_ENTITLEMENT,Corporate action entitlement calculated incorrectly (wrong ratio applied),INTERNAL_BOOK,CUSTODIAN_CONFIRM,TRD101865,TRD101865,1500,1200,,actual_quantity,P1,OPEN,0,KOTAK-CUST,EQ-ALPHA-03,MANDATORY,True,TRAIN
BRK00918,RECON-DAILY,2026-08-07,POSITION,CA_MANDATORY_NOT_REFLECTED,"Mandatory corporate action (split/bonus) not yet reflected externally - mechanical, auto-correctable",INTERNAL_BOOK,CUSTODIAN_CONFIRM,TRD101874,TRD101874,200,100,,actual_quantity,P1,OPEN,0,NOMURA-BROKER,EQ-ALPHA-03,MANDATORY,True,TRAIN
BRK00919,RECON-DAILY,2026-08-20,CASH,CASH_FX_INPUT_DIFFERENCE,Cash posted in a different currency / at a stale or incorrect FX rate,INTERNAL_BOOK,CUSTODIAN_CONFIRM,TRD101881,TRD101881,169312.0,172698.24,,"amount,currency",P2,OPEN,0,ICICI-CUST,EQ-INDEX-04,,False,TRAIN
BRK00920,RECON-DAILY,2026-08-18,SETTLEMENT,SETL_MISSING_INSTRUCTION,No settlement instruction was ever issued,INTERNAL_BOOK,CUSTODIAN_CONFIRM,TRD101882,TRD101882,INSTRUCTED,MISSING,,instruction_status,P0,OPEN,0,KOTAK-CUST,EQ-ALPHA-03,,True,TRAIN
BRK00921,RECON-DAILY,2026-08-06,POSITION,POS_MISSING_BOOKING,Missing upstream booking - position never reflected externally,INTERNAL_BOOK,CUSTODIAN_CONFIRM,TRD101885,TRD101885,1500,0,,actual_quantity,P0,OPEN,0,DEUTSCHE-BROKER,EQ-CORE-01,,True,TRAIN
BRK00922,RECON-DAILY,2026-08-05,POSITION,POS_WRONG_QUANTITY,Wrong quantity - external position differs by a non-round amount,INTERNAL_BOOK,CUSTODIAN_CONFIRM,TRD101886,TRD101886,500,620,,actual_quantity,P1,OPEN,0,MORGANSTANLEY-BROKER,EQ-ALPHA-03,,False,TEST
BRK00923,RECON-DAILY,2026-08-14,TRADE,TRADE_QUANTITY_MISMATCH,Confirmed quantity differs from booked quantity,INTERNAL_BOOK,EXTERNAL_CONFIRMATION,TRD101887,TRD101887,250,200,,quantity,P1,OPEN,0,MORGANSTANLEY-BROKER,EQ-INDEX-04,,True,TRAIN
BRK00924,RECON-DAILY,2026-08-22,CASH,CASH_WRONG_AMOUNT,Cash amount posted differs from expected trade value by a non-round amount,INTERNAL_BOOK,CUSTODIAN_CONFIRM,TRD101889,TRD101889,391782.0,497563.14,,amount,P1,OPEN,0,NOMURA-BROKER,EQ-ALPHA-03,,False,TRAIN
BRK00925,RECON-DAILY,2026-08-16,SETTLEMENT,SETL_INCORRECT_DATE,Settlement recorded against the wrong date (holiday-calendar-style off-by-one),INTERNAL_BOOK,CUSTODIAN_CONFIRM,TRD101890,TRD101890,2026-08-16,2026-08-17,,settlement_date,P2,OPEN,0,KOTAK-CUST,EQ-INDEX-04,,True,TRAIN
BRK00926,RECON-DAILY,2026-08-02,CASH,CASH_WRONG_AMOUNT,Cash amount posted differs from expected trade value by a non-round amount,INTERNAL_BOOK,CUSTODIAN_CONFIRM,TRD101891,TRD101891,43070.0,51253.3,,amount,P1,OPEN,0,MORGANSTANLEY-BROKER,EQ-ALPHA-03,,False,TRAIN
BRK00927,RECON-DAILY,2026-08-05,SETTLEMENT,SETL_INCORRECT_DATE,Settlement recorded against the wrong date (holiday-calendar-style off-by-one),INTERNAL_BOOK,CUSTODIAN_CONFIRM,TRD101892,TRD101892,2026-08-05,2026-08-06,,settlement_date,P2,OPEN,0,DEUTSCHE-BROKER,EQ-INDEX-04,,True,TRAIN
BRK00928,RECON-DAILY,2026-08-12,SETTLEMENT,SETL_INCORRECT_DATE,Settlement recorded against the wrong date (holiday-calendar-style off-by-one),INTERNAL_BOOK,CUSTODIAN_CONFIRM,TRD101894,TRD101894,2026-08-12,2026-08-13,,settlement_date,P2,OPEN,0,MORGANSTANLEY-BROKER,EQ-CORE-02,,True,TRAIN
BRK00929,RECON-DAILY,2026-08-09,POSITION,POS_MISSING_BOOKING,Missing upstream booking - position never reflected externally,INTERNAL_BOOK,CUSTODIAN_CONFIRM,TRD101896,TRD101896,250,0,,actual_quantity,P0,OPEN,0,HDFC-CUST,EQ-INDEX-04,,False,TRAIN
BRK00930,RECON-DAILY,2026-08-02,CASH,CASH_FX_INPUT_DIFFERENCE,Cash posted in a different currency / at a stale or incorrect FX rate,INTERNAL_BOOK,CUSTODIAN_CONFIRM,TRD101897,TRD101897,210962.5,215181.75,,"amount,currency",P2,OPEN,0,HDFC-CUST,EQ-INDEX-04,,False,TRAIN
BRK00931,RECON-DAILY,2026-08-04,SETTLEMENT,SETL_LATE_COUNTERPARTY,Counterparty has not settled by the expected date,INTERNAL_BOOK,CUSTODIAN_CONFIRM,TRD101899,TRD101899,2026-08-04,2026-08-07,,"settlement_date,settlement_status",P1,OPEN,0,ICICI-CUST,EQ-CORE-01,,True,TEST
BRK00932,RECON-DAILY,2026-08-04,POSITION,CA_INCORRECT_ENTITLEMENT,Corporate action entitlement calculated incorrectly (wrong ratio applied),INTERNAL_BOOK,CUSTODIAN_CONFIRM,TRD101900,TRD101900,6000,5400,,actual_quantity,P1,OPEN,0,DEUTSCHE-BROKER,EQ-ALPHA-03,MANDATORY,True,TRAIN
BRK00933,RECON-DAILY,2026-08-03,POSITION,POS_MISSING_BOOKING,Missing upstream booking - position never reflected externally,INTERNAL_BOOK,CUSTODIAN_CONFIRM,TRD101901,TRD101901,100,0,,actual_quantity,P0,OPEN,0,KOTAK-CUST,EQ-INDEX-04,,False,TRAIN
BRK00934,RECON-DAILY,2026-08-18,TRADE,CONF_MISSING,External confirmation never received,INTERNAL_BOOK,EXTERNAL_CONFIRMATION,TRD101902,TRD101902,TRD101902,,,confirmation,P0,OPEN,0,NOMURA-BROKER,EQ-INDEX-04,,True,TRAIN
BRK00935,RECON-DAILY,2026-08-10,TRADE,CONF_DISAGREEMENT,External confirmation received but disagrees with the booking on multiple fields,INTERNAL_BOOK,EXTERNAL_CONFIRMATION,TRD101903,TRD101903,"qty=200,price=2734.72","qty=275,price=2782.98",,"quantity,price",P1,OPEN,0,MORGANSTANLEY-BROKER,EQ-CORE-01,,True,TRAIN
BRK00936,RECON-DAILY,2026-08-04,SETTLEMENT,SETL_MISSING_INSTRUCTION,No settlement instruction was ever issued,INTERNAL_BOOK,CUSTODIAN_CONFIRM,TRD101905,TRD101905,INSTRUCTED,MISSING,,instruction_status,P0,OPEN,0,DEUTSCHE-BROKER,EQ-INDEX-04,,True,TEST
BRK00937,RECON-DAILY,2026-08-22,POSITION,CA_MANDATORY_NOT_REFLECTED,"Mandatory corporate action (split/bonus) not yet reflected externally - mechanical, auto-correctable",INTERNAL_BOOK,CUSTODIAN_CONFIRM,TRD101916,TRD101916,3000,2000,,actual_quantity,P1,OPEN,0,ICICI-CUST,EQ-CORE-02,MANDATORY,True,TRAIN
BRK00938,RECON-DAILY,2026-08-22,POSITION,POS_WRONG_QUANTITY,Wrong quantity - external position differs by a non-round amount,INTERNAL_BOOK,CUSTODIAN_CONFIRM,TRD101919,TRD101919,250,218,,actual_quantity,P1,OPEN,0,HDFC-CUST,EQ-CORE-02,,False,TEST
BRK00939,RECON-DAILY,2026-08-10,TRADE,CONF_DISAGREEMENT,External confirmation received but disagrees with the booking on multiple fields,INTERNAL_BOOK,EXTERNAL_CONFIRMATION,TRD101920,TRD101920,"qty=100,price=1899.36","qty=25,price=1928.4",,"quantity,price",P1,OPEN,0,MORGANSTANLEY-BROKER,EQ-ALPHA-03,,True,TRAIN
BRK00940,RECON-DAILY,2026-08-08,TRADE,TRADE_QUANTITY_MISMATCH,Confirmed quantity differs from booked quantity,INTERNAL_BOOK,EXTERNAL_CONFIRMATION,TRD101924,TRD101924,2000,1950,,quantity,P1,OPEN,0,ICICI-CUST,EQ-CORE-02,,True,TRAIN
BRK00941,RECON-DAILY,2026-08-05,CASH,CASH_DUPLICATE_ENTRY,Same cash movement posted twice,INTERNAL_BOOK,CUSTODIAN_CONFIRM,TRD101925,TRD101925,124181.0,248362.0,,"amount,cash_id",P1,OPEN,0,NOMURA-BROKER,EQ-INDEX-04,,True,TRAIN
BRK00942,RECON-DAILY,2026-08-10,TRADE,TRADE_QUANTITY_MISMATCH,Confirmed quantity differs from booked quantity,INTERNAL_BOOK,EXTERNAL_CONFIRMATION,TRD101926,TRD101926,2000,2050,,quantity,P1,OPEN,0,DEUTSCHE-BROKER,EQ-ALPHA-03,,True,TRAIN
BRK00943,RECON-DAILY,2026-08-19,POSITION,POS_TIMING_DIFFERENCE,"Timing difference - quantities agree, as-of dates don't (expected to self-resolve)",INTERNAL_BOOK,CUSTODIAN_CONFIRM,TRD101928,TRD101928,2026-08-19,2026-08-20,,as_of_date,P2,OPEN,0,MORGANSTANLEY-BROKER,EQ-ALPHA-03,,False,TRAIN
BRK00944,RECON-DAILY,2026-08-12,POSITION,CA_MANDATORY_NOT_REFLECTED,"Mandatory corporate action (split/bonus) not yet reflected externally - mechanical, auto-correctable",INTERNAL_BOOK,CUSTODIAN_CONFIRM,TRD101929,TRD101929,750,250,,actual_quantity,P1,OPEN,0,MORGANSTANLEY-BROKER,EQ-INDEX-04,MANDATORY,True,TRAIN
BRK00945,RECON-DAILY,2026-08-15,TRADE,TRADE_QUANTITY_MISMATCH,Confirmed quantity differs from booked quantity,INTERNAL_BOOK,EXTERNAL_CONFIRMATION,TRD101930,TRD101930,250,300,,quantity,P1,OPEN,0,NOMURA-BROKER,EQ-ALPHA-03,,True,TRAIN
BRK00946,RECON-DAILY,2026-08-18,POSITION,POS_MISSING_BOOKING,Missing upstream booking - position never reflected externally,INTERNAL_BOOK,CUSTODIAN_CONFIRM,TRD101932,TRD101932,500,0,,actual_quantity,P0,OPEN,0,KOTAK-CUST,EQ-ALPHA-03,,True,TRAIN
BRK00947,RECON-DAILY,2026-08-15,SETTLEMENT,SETL_LATE_COUNTERPARTY,Counterparty has not settled by the expected date,INTERNAL_BOOK,CUSTODIAN_CONFIRM,TRD101935,TRD101935,2026-08-15,2026-08-18,,"settlement_date,settlement_status",P1,OPEN,0,NOMURA-BROKER,EQ-ALPHA-03,,True,TRAIN
BRK00948,RECON-DAILY,2026-08-12,TRADE,TRADE_COUNTERPARTY_ID_MISMATCH,Confirmed counterparty identifier differs from booked counterparty,INTERNAL_BOOK,EXTERNAL_CONFIRMATION,TRD101937,TRD101937,DEUTSCHE-BROKER,ICICI-CUST,,counterparty,P1,OPEN,0,DEUTSCHE-BROKER,EQ-ALPHA-03,,True,TRAIN
BRK00949,RECON-DAILY,2026-08-10,TRADE,TRADE_QUANTITY_MISMATCH,Confirmed quantity differs from booked quantity,INTERNAL_BOOK,EXTERNAL_CONFIRMATION,TRD101939,TRD101939,250,200,,quantity,P1,OPEN,0,ICICI-CUST,EQ-CORE-02,,True,TRAIN
BRK00950,RECON-DAILY,2026-08-13,CASH,CASH_DUPLICATE_ENTRY,Same cash movement posted twice,INTERNAL_BOOK,CUSTODIAN_CONFIRM,TRD101940,TRD101940,1463767.5,2927535.0,,"amount,cash_id",P1,OPEN,0,ICICI-CUST,EQ-ALPHA-03,,True,TRAIN
BRK00951,RECON-DAILY,2026-08-19,SETTLEMENT,SETL_INCORRECT_DATE,Settlement recorded against the wrong date (holiday-calendar-style off-by-one),INTERNAL_BOOK,CUSTODIAN_CONFIRM,TRD101941,TRD101941,2026-08-19,2026-08-20,,settlement_date,P2,OPEN,0,NOMURA-BROKER,EQ-CORE-02,,True,TEST
BRK00952,RECON-DAILY,2026-08-06,POSITION,CA_VOLUNTARY_DECISION,"Voluntary corporate action (tender/conversion) pending an election - requires a human business decision, always escalated",INTERNAL_BOOK,CUSTODIAN_CONFIRM,TRD101946,TRD101946,1125,750,,actual_quantity,P1,OPEN,0,NOMURA-BROKER,EQ-CORE-01,VOLUNTARY,True,TEST
BRK00953,RECON-DAILY,2026-08-06,TRADE,TRADE_PRICE_MISMATCH,Confirmed price differs from booked price,INTERNAL_BOOK,EXTERNAL_CONFIRMATION,TRD101947,TRD101947,2754.5,2833.93,,price,P2,OPEN,0,MORGANSTANLEY-BROKER,EQ-ALPHA-03,,True,TRAIN
BRK00954,RECON-DAILY,2026-08-12,POSITION,POS_MISSING_BOOKING,Missing upstream booking - position never reflected externally,INTERNAL_BOOK,CUSTODIAN_CONFIRM,TRD101948,TRD101948,200,0,,actual_quantity,P0,OPEN,0,MORGANSTANLEY-BROKER,EQ-ALPHA-03,,False,TRAIN
BRK00955,RECON-DAILY,2026-08-22,TRADE,CONF_MISSING,External confirmation never received,INTERNAL_BOOK,EXTERNAL_CONFIRMATION,TRD101952,TRD101952,TRD101952,,,confirmation,P0,OPEN,0,DEUTSCHE-BROKER,EQ-INDEX-04,,True,TRAIN
BRK00956,RECON-DAILY,2026-08-04,TRADE,CONF_DISAGREEMENT,External confirmation received but disagrees with the booking on multiple fields,INTERNAL_BOOK,EXTERNAL_CONFIRMATION,TRD101955,TRD101955,"qty=1000,price=1181.84","qty=1075,price=1203.5",,"quantity,price",P1,OPEN,0,MORGANSTANLEY-BROKER,EQ-CORE-01,,True,TEST
BRK00957,RECON-DAILY,2026-08-04,CASH,CASH_WRONG_AMOUNT,Cash amount posted differs from expected trade value by a non-round amount,INTERNAL_BOOK,CUSTODIAN_CONFIRM,TRD101956,TRD101956,922785.0,756683.7,,amount,P1,OPEN,0,MORGANSTANLEY-BROKER,EQ-INDEX-04,,False,TRAIN
BRK00958,RECON-DAILY,2026-08-15,TRADE,CONF_MISSING,External confirmation never received,INTERNAL_BOOK,EXTERNAL_CONFIRMATION,TRD101957,TRD101957,TRD101957,,,confirmation,P0,OPEN,0,KOTAK-CUST,EQ-INDEX-04,,True,TRAIN
BRK00959,RECON-DAILY,2026-08-04,TRADE,TRADE_PRICE_MISMATCH,Confirmed price differs from booked price,INTERNAL_BOOK,EXTERNAL_CONFIRMATION,TRD101958,TRD101958,172.71,169.05,,price,P2,OPEN,0,HDFC-CUST,EQ-ALPHA-03,,True,TEST
BRK00960,RECON-DAILY,2026-08-12,TRADE,TRADE_PRICE_MISMATCH,Confirmed price differs from booked price,INTERNAL_BOOK,EXTERNAL_CONFIRMATION,TRD101961,TRD101961,1241.85,1207.87,,price,P2,OPEN,0,MORGANSTANLEY-BROKER,EQ-INDEX-04,,True,TRAIN
BRK00961,RECON-DAILY,2026-08-12,SETTLEMENT,SETL_WRONG_SSI,Settlement instruction references the wrong SSI/beneficiary account - the payment-failure flagship scenario,INTERNAL_BOOK,CUSTODIAN_CONFIRM,TRD101964,TRD101964,SSI-IN-0203,SSI-DE-5510,,ssi_code,P0,OPEN,0,KOTAK-CUST,EQ-CORE-02,,True,TEST
BRK00962,RECON-DAILY,2026-08-16,POSITION,POS_WRONG_QUANTITY,Wrong quantity - external position differs by a non-round amount,INTERNAL_BOOK,CUSTODIAN_CONFIRM,TRD101966,TRD101966,250,195,,actual_quantity,P1,OPEN,0,ICICI-CUST,EQ-INDEX-04,,False,TRAIN
BRK00963,RECON-DAILY,2026-08-04,TRADE,TRADE_QUANTITY_MISMATCH,Confirmed quantity differs from booked quantity,INTERNAL_BOOK,EXTERNAL_CONFIRMATION,TRD101970,TRD101970,500,700,,quantity,P1,OPEN,0,MORGANSTANLEY-BROKER,EQ-ALPHA-03,,True,TRAIN
BRK00964,RECON-DAILY,2026-08-17,TRADE,TRADE_PRICE_MISMATCH,Confirmed price differs from booked price,INTERNAL_BOOK,EXTERNAL_CONFIRMATION,TRD101975,TRD101975,3666.91,3566.92,,price,P2,OPEN,0,ICICI-CUST,EQ-CORE-01,,True,TRAIN
BRK00965,RECON-DAILY,2026-08-07,SETTLEMENT,SETL_MISSING_INSTRUCTION,No settlement instruction was ever issued,INTERNAL_BOOK,CUSTODIAN_CONFIRM,TRD101977,TRD101977,INSTRUCTED,MISSING,,instruction_status,P0,OPEN,0,KOTAK-CUST,EQ-CORE-01,,True,TRAIN
BRK00966,RECON-DAILY,2026-08-14,CASH,CASH_DUPLICATE_ENTRY,Same cash movement posted twice,INTERNAL_BOOK,CUSTODIAN_CONFIRM,TRD101978,TRD101978,5684120.0,11368240.0,,"amount,cash_id",P1,OPEN,0,NOMURA-BROKER,EQ-ALPHA-03,,False,TRAIN
BRK00967,RECON-DAILY,2026-08-03,TRADE,CONF_DISAGREEMENT,External confirmation received but disagrees with the booking on multiple fields,INTERNAL_BOOK,EXTERNAL_CONFIRMATION,TRD101980,TRD101980,"qty=250,price=2862.29","qty=325,price=2896.49",,"quantity,price",P1,OPEN,0,MORGANSTANLEY-BROKER,EQ-INDEX-04,,True,TRAIN
BRK00968,RECON-DAILY,2026-08-09,TRADE,TRADE_PRICE_MISMATCH,Confirmed price differs from booked price,INTERNAL_BOOK,EXTERNAL_CONFIRMATION,TRD101981,TRD101981,1881.13,1936.52,,price,P2,OPEN,0,ICICI-CUST,EQ-INDEX-04,,True,TRAIN
BRK00969,RECON-DAILY,2026-08-15,TRADE,TRADE_PRICE_MISMATCH,Confirmed price differs from booked price,INTERNAL_BOOK,EXTERNAL_CONFIRMATION,TRD101982,TRD101982,4119.28,4056.8,,price,P2,OPEN,0,MORGANSTANLEY-BROKER,EQ-INDEX-04,,True,TRAIN
BRK00970,RECON-DAILY,2026-08-05,POSITION,POS_WRONG_QUANTITY,Wrong quantity - external position differs by a non-round amount,INTERNAL_BOOK,CUSTODIAN_CONFIRM,TRD101984,TRD101984,1000,1290,,actual_quantity,P1,OPEN,0,DEUTSCHE-BROKER,EQ-INDEX-04,,False,TEST
BRK00971,RECON-DAILY,2026-08-06,CASH,CASH_FX_INPUT_DIFFERENCE,Cash posted in a different currency / at a stale or incorrect FX rate,INTERNAL_BOOK,CUSTODIAN_CONFIRM,TRD101985,TRD101985,945290.0,879119.7,,"amount,currency",P2,OPEN,0,HDFC-CUST,EQ-CORE-01,,False,TRAIN
BRK00972,RECON-DAILY,2026-08-09,SETTLEMENT,SETL_MISSING_INSTRUCTION,No settlement instruction was ever issued,INTERNAL_BOOK,CUSTODIAN_CONFIRM,TRD101990,TRD101990,INSTRUCTED,MISSING,,instruction_status,P0,OPEN,0,HDFC-CUST,EQ-INDEX-04,,True,TRAIN
BRK00973,RECON-DAILY,2026-08-13,SETTLEMENT,SETL_WRONG_SSI,Settlement instruction references the wrong SSI/beneficiary account - the payment-failure flagship scenario,INTERNAL_BOOK,CUSTODIAN_CONFIRM,TRD101991,TRD101991,SSI-IN-0147,SSI-IN-0203,,ssi_code,P0,OPEN,0,HDFC-CUST,EQ-INDEX-04,,True,TRAIN
BRK00974,RECON-DAILY,2026-08-07,CASH,CASH_FX_INPUT_DIFFERENCE,Cash posted in a different currency / at a stale or incorrect FX rate,INTERNAL_BOOK,CUSTODIAN_CONFIRM,TRD101993,TRD101993,1952520.0,1991570.4,,"amount,currency",P2,OPEN,0,KOTAK-CUST,EQ-ALPHA-03,,False,TRAIN
BRK00975,RECON-DAILY,2026-08-12,POSITION,CA_INCORRECT_ENTITLEMENT,Corporate action entitlement calculated incorrectly (wrong ratio applied),INTERNAL_BOOK,CUSTODIAN_CONFIRM,TRD101994,TRD101994,6000,5400,,actual_quantity,P1,OPEN,0,MORGANSTANLEY-BROKER,EQ-ALPHA-03,MANDATORY,True,TRAIN
BRK00976,RECON-DAILY,2026-08-15,POSITION,POS_TIMING_DIFFERENCE,"Timing difference - quantities agree, as-of dates don't (expected to self-resolve)",INTERNAL_BOOK,CUSTODIAN_CONFIRM,TRD101997,TRD101997,2026-08-15,2026-08-16,,as_of_date,P2,OPEN,0,MORGANSTANLEY-BROKER,EQ-CORE-01,,False,TRAIN
BRK00977,RECON-DAILY,2026-08-09,POSITION,POS_MISSING_BOOKING,Missing upstream booking - position never reflected externally,INTERNAL_BOOK,CUSTODIAN_CONFIRM,TRD101998,TRD101998,500,0,,actual_quantity,P0,OPEN,0,ICICI-CUST,EQ-CORE-02,,False,TRAIN
BRK00978,RECON-DAILY,2026-08-18,POSITION,POS_MISSING_BOOKING,Missing upstream booking - position never reflected externally,INTERNAL_BOOK,CUSTODIAN_CONFIRM,TRD102000,TRD102000,500,0,,actual_quantity,P0,OPEN,0,HDFC-CUST,EQ-ALPHA-03,,False,TRAIN
BRK00979,RECON-DAILY,2026-08-21,POSITION,CA_VOLUNTARY_DECISION,"Voluntary corporate action (tender/conversion) pending an election - requires a human business decision, always escalated",INTERNAL_BOOK,CUSTODIAN_CONFIRM,TRD102001,TRD102001,375,250,,actual_quantity,P1,OPEN,0,HDFC-CUST,EQ-CORE-02,VOLUNTARY,True,TRAIN
BRK00980,RECON-DAILY,2026-08-14,POSITION,CA_INCORRECT_ENTITLEMENT,Corporate action entitlement calculated incorrectly (wrong ratio applied),INTERNAL_BOOK,CUSTODIAN_CONFIRM,TRD102002,TRD102002,750,900,,actual_quantity,P1,OPEN,0,KOTAK-CUST,EQ-INDEX-04,MANDATORY,True,TRAIN
BRK00981,RECON-DAILY,2026-08-11,TRADE,TRADE_PRICE_MISMATCH,Confirmed price differs from booked price,INTERNAL_BOOK,EXTERNAL_CONFIRMATION,TRD102004,TRD102004,4129.34,4224.77,,price,P2,OPEN,0,HDFC-CUST,EQ-CORE-01,,True,TRAIN
BRK00982,RECON-DAILY,2026-08-14,POSITION,POS_TIMING_DIFFERENCE,"Timing difference - quantities agree, as-of dates don't (expected to self-resolve)",INTERNAL_BOOK,CUSTODIAN_CONFIRM,TRD102006,TRD102006,2026-08-14,2026-08-15,,as_of_date,P2,OPEN,0,MORGANSTANLEY-BROKER,EQ-CORE-02,,False,TRAIN
BRK00983,RECON-DAILY,2026-08-10,TRADE,TRADE_COUNTERPARTY_ID_MISMATCH,Confirmed counterparty identifier differs from booked counterparty,INTERNAL_BOOK,EXTERNAL_CONFIRMATION,TRD102007,TRD102007,HDFC-CUST,MORGANSTANLEY-BROKER,,counterparty,P1,OPEN,0,HDFC-CUST,EQ-INDEX-04,,True,TRAIN
BRK00984,RECON-DAILY,2026-08-05,SETTLEMENT,SETL_WRONG_SSI,Settlement instruction references the wrong SSI/beneficiary account - the payment-failure flagship scenario,INTERNAL_BOOK,CUSTODIAN_CONFIRM,TRD102010,TRD102010,SSI-US-7742,SSI-JP-3389,,ssi_code,P0,OPEN,0,MORGANSTANLEY-BROKER,EQ-INDEX-04,,True,TRAIN
BRK00985,RECON-DAILY,2026-08-21,POSITION,POS_WRONG_QUANTITY,Wrong quantity - external position differs by a non-round amount,INTERNAL_BOOK,CUSTODIAN_CONFIRM,TRD102013,TRD102013,200,156,,actual_quantity,P1,OPEN,0,MORGANSTANLEY-BROKER,EQ-ALPHA-03,,False,TRAIN
BRK00986,RECON-DAILY,2026-08-15,POSITION,POS_WRONG_QUANTITY,Wrong quantity - external position differs by a non-round amount,INTERNAL_BOOK,CUSTODIAN_CONFIRM,TRD102014,TRD102014,2000,2580,,actual_quantity,P1,OPEN,0,DEUTSCHE-BROKER,EQ-CORE-01,,False,TRAIN
BRK00987,RECON-DAILY,2026-08-15,SETTLEMENT,SETL_INCORRECT_DATE,Settlement recorded against the wrong date (holiday-calendar-style off-by-one),INTERNAL_BOOK,CUSTODIAN_CONFIRM,TRD102017,TRD102017,2026-08-15,2026-08-16,,settlement_date,P2,OPEN,0,NOMURA-BROKER,EQ-ALPHA-03,,True,TEST
BRK00988,RECON-DAILY,2026-08-20,POSITION,CA_INCORRECT_ENTITLEMENT,Corporate action entitlement calculated incorrectly (wrong ratio applied),INTERNAL_BOOK,CUSTODIAN_CONFIRM,TRD102018,TRD102018,6000,5600,,actual_quantity,P1,OPEN,0,DEUTSCHE-BROKER,EQ-INDEX-04,MANDATORY,True,TRAIN
BRK00989,RECON-DAILY,2026-08-22,POSITION,POS_TIMING_DIFFERENCE,"Timing difference - quantities agree, as-of dates don't (expected to self-resolve)",INTERNAL_BOOK,CUSTODIAN_CONFIRM,TRD102019,TRD102019,2026-08-22,2026-08-23,,as_of_date,P2,OPEN,0,ICICI-CUST,EQ-CORE-01,,False,TRAIN
BRK00990,RECON-DAILY,2026-08-21,POSITION,CA_INCORRECT_ENTITLEMENT,Corporate action entitlement calculated incorrectly (wrong ratio applied),INTERNAL_BOOK,CUSTODIAN_CONFIRM,TRD102020,TRD102020,1500,1400,,actual_quantity,P1,OPEN,0,DEUTSCHE-BROKER,EQ-INDEX-04,MANDATORY,True,TRAIN
BRK00991,RECON-DAILY,2026-08-20,POSITION,CA_MANDATORY_NOT_REFLECTED,"Mandatory corporate action (split/bonus) not yet reflected externally - mechanical, auto-correctable",INTERNAL_BOOK,CUSTODIAN_CONFIRM,TRD102021,TRD102021,6000,2000,,actual_quantity,P1,OPEN,0,MORGANSTANLEY-BROKER,EQ-CORE-01,MANDATORY,True,TRAIN
BRK00992,RECON-DAILY,2026-08-02,CASH,CASH_MISSING_ENTRY,Expected cash movement never posted,INTERNAL_BOOK,CUSTODIAN_CONFIRM,TRD102022,TRD102022,19502925.0,,,amount,P0,OPEN,0,HDFC-CUST,EQ-CORE-02,,False,TRAIN
BRK00993,RECON-DAILY,2026-08-15,TRADE,CONF_MISSING,External confirmation never received,INTERNAL_BOOK,EXTERNAL_CONFIRMATION,TRD102023,TRD102023,TRD102023,,,confirmation,P0,OPEN,0,ICICI-CUST,EQ-INDEX-04,,True,TRAIN
BRK00994,RECON-DAILY,2026-08-09,SETTLEMENT,SETL_WRONG_SSI,Settlement instruction references the wrong SSI/beneficiary account - the payment-failure flagship scenario,INTERNAL_BOOK,CUSTODIAN_CONFIRM,TRD102024,TRD102024,SSI-IN-0203,SSI-IN-0091,,ssi_code,P0,OPEN,0,KOTAK-CUST,EQ-INDEX-04,,True,TRAIN
BRK00995,RECON-DAILY,2026-08-22,SETTLEMENT,SETL_LATE_COUNTERPARTY,Counterparty has not settled by the expected date,INTERNAL_BOOK,CUSTODIAN_CONFIRM,TRD102025,TRD102025,2026-08-22,2026-08-26,,"settlement_date,settlement_status",P1,OPEN,0,KOTAK-CUST,EQ-CORE-02,,True,TRAIN
BRK00996,RECON-DAILY,2026-08-09,TRADE,CONF_MISSING,External confirmation never received,INTERNAL_BOOK,EXTERNAL_CONFIRMATION,TRD102027,TRD102027,TRD102027,,,confirmation,P0,OPEN,0,KOTAK-CUST,EQ-ALPHA-03,,True,TEST
BRK00997,RECON-DAILY,2026-08-12,TRADE,CONF_DISAGREEMENT,External confirmation received but disagrees with the booking on multiple fields,INTERNAL_BOOK,EXTERNAL_CONFIRMATION,TRD102028,TRD102028,"qty=200,price=172.69","qty=125,price=175.88",,"quantity,price",P1,OPEN,0,MORGANSTANLEY-BROKER,EQ-INDEX-04,,True,TRAIN
BRK00998,RECON-DAILY,2026-08-17,TRADE,TRADE_COUNTERPARTY_ID_MISMATCH,Confirmed counterparty identifier differs from booked counterparty,INTERNAL_BOOK,EXTERNAL_CONFIRMATION,TRD102029,TRD102029,KOTAK-CUST,ICICI-CUST,,counterparty,P1,OPEN,0,KOTAK-CUST,EQ-ALPHA-03,,True,TEST
BRK00999,RECON-DAILY,2026-08-22,POSITION,POS_TIMING_DIFFERENCE,"Timing difference - quantities agree, as-of dates don't (expected to self-resolve)",INTERNAL_BOOK,CUSTODIAN_CONFIRM,TRD102031,TRD102031,2026-08-22,2026-08-23,,as_of_date,P2,OPEN,0,MORGANSTANLEY-BROKER,EQ-ALPHA-03,,True,TRAIN
BRK01000,RECON-DAILY,2026-08-14,SETTLEMENT,SETL_INCORRECT_DATE,Settlement recorded against the wrong date (holiday-calendar-style off-by-one),INTERNAL_BOOK,CUSTODIAN_CONFIRM,TRD102033,TRD102033,2026-08-14,2026-08-15,,settlement_date,P2,OPEN,0,HDFC-CUST,EQ-INDEX-04,,True,TRAIN
BRK01001,RECON-DAILY,2026-08-04,TRADE,TRADE_DATE_MISMATCH,Confirmed trade date differs from booked trade date,INTERNAL_BOOK,EXTERNAL_CONFIRMATION,TRD102034,TRD102034,2026-08-03,2026-08-04,,trade_date,P2,OPEN,0,KOTAK-CUST,EQ-CORE-02,,True,TEST
BRK01002,RECON-DAILY,2026-08-09,TRADE,TRADE_QUANTITY_MISMATCH,Confirmed quantity differs from booked quantity,INTERNAL_BOOK,EXTERNAL_CONFIRMATION,TRD102041,TRD102041,250,450,,quantity,P1,OPEN,0,MORGANSTANLEY-BROKER,EQ-CORE-02,,True,TRAIN
BRK01003,RECON-DAILY,2026-08-06,POSITION,POS_MISSING_BOOKING,Missing upstream booking - position never reflected externally,INTERNAL_BOOK,CUSTODIAN_CONFIRM,TRD102045,TRD102045,1000,0,,actual_quantity,P0,OPEN,0,ICICI-CUST,EQ-ALPHA-03,,False,TRAIN
BRK01004,RECON-DAILY,2026-08-08,SETTLEMENT,SETL_MISSING_INSTRUCTION,No settlement instruction was ever issued,INTERNAL_BOOK,CUSTODIAN_CONFIRM,TRD102047,TRD102047,INSTRUCTED,MISSING,,instruction_status,P0,OPEN,0,NOMURA-BROKER,EQ-INDEX-04,,True,TRAIN
BRK01005,RECON-DAILY,2026-08-20,TRADE,CONF_MISSING,External confirmation never received,INTERNAL_BOOK,EXTERNAL_CONFIRMATION,TRD102048,TRD102048,TRD102048,,,confirmation,P0,OPEN,0,MORGANSTANLEY-BROKER,EQ-INDEX-04,,True,TRAIN
BRK01006,RECON-DAILY,2026-08-21,POSITION,CA_VOLUNTARY_DECISION,"Voluntary corporate action (tender/conversion) pending an election - requires a human business decision, always escalated",INTERNAL_BOOK,CUSTODIAN_CONFIRM,TRD102049,TRD102049,2000,1000,,actual_quantity,P1,OPEN,0,ICICI-CUST,EQ-ALPHA-03,VOLUNTARY,True,TEST
BRK01007,RECON-DAILY,2026-08-18,POSITION,POS_TIMING_DIFFERENCE,"Timing difference - quantities agree, as-of dates don't (expected to self-resolve)",INTERNAL_BOOK,CUSTODIAN_CONFIRM,TRD102050,TRD102050,2026-08-18,2026-08-19,,as_of_date,P2,OPEN,0,DEUTSCHE-BROKER,EQ-CORE-02,,False,TRAIN
BRK01008,RECON-DAILY,2026-08-02,SETTLEMENT,SETL_LATE_COUNTERPARTY,Counterparty has not settled by the expected date,INTERNAL_BOOK,CUSTODIAN_CONFIRM,TRD102051,TRD102051,2026-08-02,2026-08-04,,"settlement_date,settlement_status",P1,OPEN,0,NOMURA-BROKER,EQ-INDEX-04,,True,TRAIN
BRK01009,RECON-DAILY,2026-08-12,CASH,CASH_WRONG_AMOUNT,Cash amount posted differs from expected trade value by a non-round amount,INTERNAL_BOOK,CUSTODIAN_CONFIRM,TRD102053,TRD102053,3368580.0,4278096.6,,amount,P1,OPEN,0,HDFC-CUST,EQ-CORE-01,,False,TRAIN
BRK01010,RECON-DAILY,2026-08-13,POSITION,CA_VOLUNTARY_DECISION,"Voluntary corporate action (tender/conversion) pending an election - requires a human business decision, always escalated",INTERNAL_BOOK,CUSTODIAN_CONFIRM,TRD102055,TRD102055,3000,1500,,actual_quantity,P1,OPEN,0,NOMURA-BROKER,EQ-CORE-01,VOLUNTARY,True,TRAIN
BRK01011,RECON-DAILY,2026-08-02,CASH,CASH_FX_INPUT_DIFFERENCE,Cash posted in a different currency / at a stale or incorrect FX rate,INTERNAL_BOOK,CUSTODIAN_CONFIRM,TRD102056,TRD102056,93802.0,100368.14,,"amount,currency",P2,OPEN,0,MORGANSTANLEY-BROKER,EQ-CORE-01,,False,TRAIN
BRK01012,RECON-DAILY,2026-08-02,SETTLEMENT,SETL_MISSING_INSTRUCTION,No settlement instruction was ever issued,INTERNAL_BOOK,CUSTODIAN_CONFIRM,TRD102057,TRD102057,INSTRUCTED,MISSING,,instruction_status,P0,OPEN,0,MORGANSTANLEY-BROKER,EQ-CORE-01,,True,TRAIN
BRK01013,RECON-DAILY,2026-08-20,POSITION,POS_TIMING_DIFFERENCE,"Timing difference - quantities agree, as-of dates don't (expected to self-resolve)",INTERNAL_BOOK,CUSTODIAN_CONFIRM,TRD102058,TRD102058,2026-08-20,2026-08-21,,as_of_date,P2,OPEN,0,MORGANSTANLEY-BROKER,EQ-ALPHA-03,,False,TRAIN
BRK01014,RECON-DAILY,2026-08-17,POSITION,POS_WRONG_QUANTITY,Wrong quantity - external position differs by a non-round amount,INTERNAL_BOOK,CUSTODIAN_CONFIRM,TRD102066,TRD102066,100,87,,actual_quantity,P1,OPEN,0,NOMURA-BROKER,EQ-CORE-01,,True,TRAIN
BRK01015,RECON-DAILY,2026-08-20,CASH,CASH_WRONG_AMOUNT,Cash amount posted differs from expected trade value by a non-round amount,INTERNAL_BOOK,CUSTODIAN_CONFIRM,TRD102067,TRD102067,1963750.0,2179762.5,,amount,P1,OPEN,0,MORGANSTANLEY-BROKER,EQ-INDEX-04,,True,TRAIN
BRK01016,RECON-DAILY,2026-08-08,CASH,CASH_DUPLICATE_ENTRY,Same cash movement posted twice,INTERNAL_BOOK,CUSTODIAN_CONFIRM,TRD102068,TRD102068,1236280.0,2472560.0,,"amount,cash_id",P1,OPEN,0,KOTAK-CUST,EQ-INDEX-04,,False,TRAIN
BRK01017,RECON-DAILY,2026-08-02,SETTLEMENT,SETL_WRONG_SSI,Settlement instruction references the wrong SSI/beneficiary account - the payment-failure flagship scenario,INTERNAL_BOOK,CUSTODIAN_CONFIRM,TRD102069,TRD102069,SSI-DE-5510,SSI-IN-0203,,ssi_code,P0,OPEN,0,DEUTSCHE-BROKER,EQ-CORE-01,,True,TRAIN
BRK01018,RECON-DAILY,2026-08-03,CASH,CASH_WRONG_AMOUNT,Cash amount posted differs from expected trade value by a non-round amount,INTERNAL_BOOK,CUSTODIAN_CONFIRM,TRD102072,TRD102072,61056.0,50065.92,,amount,P1,OPEN,0,KOTAK-CUST,EQ-INDEX-04,,False,TRAIN
BRK01019,RECON-DAILY,2026-08-15,SETTLEMENT,SETL_MISSING_INSTRUCTION,No settlement instruction was ever issued,INTERNAL_BOOK,CUSTODIAN_CONFIRM,TRD102073,TRD102073,INSTRUCTED,MISSING,,instruction_status,P0,OPEN,0,NOMURA-BROKER,EQ-CORE-02,,True,TRAIN
BRK01020,RECON-DAILY,2026-08-08,TRADE,CONF_MISSING,External confirmation never received,INTERNAL_BOOK,EXTERNAL_CONFIRMATION,TRD102075,TRD102075,TRD102075,,,confirmation,P0,OPEN,0,DEUTSCHE-BROKER,EQ-CORE-02,,True,TRAIN
BRK01021,RECON-DAILY,2026-08-14,TRADE,TRADE_DATE_MISMATCH,Confirmed trade date differs from booked trade date,INTERNAL_BOOK,EXTERNAL_CONFIRMATION,TRD102077,TRD102077,2026-08-13,2026-08-14,,trade_date,P2,OPEN,0,HDFC-CUST,EQ-ALPHA-03,,True,TRAIN
BRK01022,RECON-DAILY,2026-08-02,POSITION,POS_TIMING_DIFFERENCE,"Timing difference - quantities agree, as-of dates don't (expected to self-resolve)",INTERNAL_BOOK,CUSTODIAN_CONFIRM,TRD102081,TRD102081,2026-08-02,2026-08-03,,as_of_date,P2,OPEN,0,NOMURA-BROKER,EQ-INDEX-04,,False,TRAIN
BRK01023,RECON-DAILY,2026-08-19,CASH,CASH_WRONG_AMOUNT,Cash amount posted differs from expected trade value by a non-round amount,INTERNAL_BOOK,CUSTODIAN_CONFIRM,TRD102083,TRD102083,3764220.0,4479421.8,,amount,P1,OPEN,0,KOTAK-CUST,EQ-CORE-02,,False,TRAIN
BRK01024,RECON-DAILY,2026-08-05,CASH,CASH_WRONG_AMOUNT,Cash amount posted differs from expected trade value by a non-round amount,INTERNAL_BOOK,CUSTODIAN_CONFIRM,TRD102086,TRD102086,188971.0,239993.17,,amount,P1,OPEN,0,ICICI-CUST,EQ-CORE-02,,True,TEST
BRK01025,RECON-DAILY,2026-08-18,TRADE,CONF_DISAGREEMENT,External confirmation received but disagrees with the booking on multiple fields,INTERNAL_BOOK,EXTERNAL_CONFIRMATION,TRD102091,TRD102091,"qty=250,price=1697.95","qty=175,price=1730.03",,"quantity,price",P1,OPEN,0,ICICI-CUST,EQ-CORE-02,,True,TRAIN
BRK01026,RECON-DAILY,2026-08-11,SETTLEMENT,SETL_LATE_COUNTERPARTY,Counterparty has not settled by the expected date,INTERNAL_BOOK,CUSTODIAN_CONFIRM,TRD102093,TRD102093,2026-08-11,2026-08-14,,"settlement_date,settlement_status",P1,OPEN,0,MORGANSTANLEY-BROKER,EQ-CORE-02,,True,TRAIN
BRK01027,RECON-DAILY,2026-08-04,TRADE,CONF_MISSING,External confirmation never received,INTERNAL_BOOK,EXTERNAL_CONFIRMATION,TRD102094,TRD102094,TRD102094,,,confirmation,P0,OPEN,0,DEUTSCHE-BROKER,EQ-CORE-01,,True,TRAIN
BRK01028,RECON-DAILY,2026-08-06,SETTLEMENT,SETL_MISSING_INSTRUCTION,No settlement instruction was ever issued,INTERNAL_BOOK,CUSTODIAN_CONFIRM,TRD102095,TRD102095,INSTRUCTED,MISSING,,instruction_status,P0,OPEN,0,ICICI-CUST,EQ-CORE-02,,True,TRAIN
BRK01029,RECON-DAILY,2026-08-04,SETTLEMENT,SETL_INCORRECT_DATE,Settlement recorded against the wrong date (holiday-calendar-style off-by-one),INTERNAL_BOOK,CUSTODIAN_CONFIRM,TRD102097,TRD102097,2026-08-04,2026-08-05,,settlement_date,P2,OPEN,0,ICICI-CUST,EQ-INDEX-04,,True,TEST
BRK01030,RECON-DAILY,2026-08-07,POSITION,POS_MISSING_BOOKING,Missing upstream booking - position never reflected externally,INTERNAL_BOOK,CUSTODIAN_CONFIRM,TRD102100,TRD102100,750,0,,actual_quantity,P0,OPEN,0,DEUTSCHE-BROKER,EQ-ALPHA-03,,False,TRAIN
BRK01031,RECON-DAILY,2026-08-16,CASH,CASH_WRONG_AMOUNT,Cash amount posted differs from expected trade value by a non-round amount,INTERNAL_BOOK,CUSTODIAN_CONFIRM,TRD102103,TRD102103,2545320.0,3232556.4,,amount,P1,OPEN,0,NOMURA-BROKER,EQ-INDEX-04,,False,TRAIN
BRK01032,RECON-DAILY,2026-08-12,SETTLEMENT,SETL_INCORRECT_DATE,Settlement recorded against the wrong date (holiday-calendar-style off-by-one),INTERNAL_BOOK,CUSTODIAN_CONFIRM,TRD102104,TRD102104,2026-08-12,2026-08-13,,settlement_date,P2,OPEN,0,NOMURA-BROKER,EQ-INDEX-04,,True,TEST
BRK01033,RECON-DAILY,2026-08-08,CASH,CASH_WRONG_AMOUNT,Cash amount posted differs from expected trade value by a non-round amount,INTERNAL_BOOK,CUSTODIAN_CONFIRM,TRD102105,TRD102105,304400.0,362236.0,,amount,P1,OPEN,0,MORGANSTANLEY-BROKER,EQ-CORE-02,,False,TRAIN
BRK01034,RECON-DAILY,2026-08-15,SETTLEMENT,SETL_WRONG_SSI,Settlement instruction references the wrong SSI/beneficiary account - the payment-failure flagship scenario,INTERNAL_BOOK,CUSTODIAN_CONFIRM,TRD102106,TRD102106,SSI-IN-0203,SSI-US-7742,,ssi_code,P0,OPEN,0,KOTAK-CUST,EQ-ALPHA-03,,True,TEST
BRK01035,RECON-DAILY,2026-08-08,CASH,CASH_FX_INPUT_DIFFERENCE,Cash posted in a different currency / at a stale or incorrect FX rate,INTERNAL_BOOK,CUSTODIAN_CONFIRM,TRD102108,TRD102108,257520.0,275546.4,,"amount,currency",P2,OPEN,0,KOTAK-CUST,EQ-CORE-02,,False,TRAIN
BRK01036,RECON-DAILY,2026-08-07,CASH,CASH_MISSING_ENTRY,Expected cash movement never posted,INTERNAL_BOOK,CUSTODIAN_CONFIRM,TRD102115,TRD102115,2359920.0,,,amount,P0,OPEN,0,KOTAK-CUST,EQ-ALPHA-03,,False,TRAIN
BRK01037,RECON-DAILY,2026-08-04,POSITION,CA_VOLUNTARY_DECISION,"Voluntary corporate action (tender/conversion) pending an election - requires a human business decision, always escalated",INTERNAL_BOOK,CUSTODIAN_CONFIRM,TRD102121,TRD102121,3000,1000,,actual_quantity,P1,OPEN,0,KOTAK-CUST,EQ-CORE-01,VOLUNTARY,True,TRAIN
BRK01038,RECON-DAILY,2026-08-17,SETTLEMENT,SETL_INCORRECT_DATE,Settlement recorded against the wrong date (holiday-calendar-style off-by-one),INTERNAL_BOOK,CUSTODIAN_CONFIRM,TRD102123,TRD102123,2026-08-17,2026-08-18,,settlement_date,P2,OPEN,0,ICICI-CUST,EQ-INDEX-04,,True,TRAIN
BRK01039,RECON-DAILY,2026-08-10,CASH,CASH_FX_INPUT_DIFFERENCE,Cash posted in a different currency / at a stale or incorrect FX rate,INTERNAL_BOOK,CUSTODIAN_CONFIRM,TRD102126,TRD102126,702210.0,653055.3,,"amount,currency",P2,OPEN,0,NOMURA-BROKER,EQ-INDEX-04,,False,TRAIN
BRK01040,RECON-DAILY,2026-08-21,TRADE,TRADE_COUNTERPARTY_ID_MISMATCH,Confirmed counterparty identifier differs from booked counterparty,INTERNAL_BOOK,EXTERNAL_CONFIRMATION,TRD102127,TRD102127,ICICI-CUST,KOTAK-CUST,,counterparty,P1,OPEN,0,ICICI-CUST,EQ-CORE-01,,True,TRAIN
BRK01041,RECON-DAILY,2026-08-14,SETTLEMENT,SETL_INCORRECT_DATE,Settlement recorded against the wrong date (holiday-calendar-style off-by-one),INTERNAL_BOOK,CUSTODIAN_CONFIRM,TRD102128,TRD102128,2026-08-14,2026-08-15,,settlement_date,P2,OPEN,0,DEUTSCHE-BROKER,EQ-CORE-01,,True,TRAIN
BRK01042,RECON-DAILY,2026-08-18,CASH,CASH_MISSING_ENTRY,Expected cash movement never posted,INTERNAL_BOOK,CUSTODIAN_CONFIRM,TRD102129,TRD102129,914025.0,,,amount,P0,OPEN,0,DEUTSCHE-BROKER,EQ-INDEX-04,,False,TRAIN
BRK01043,RECON-DAILY,2026-08-05,POSITION,POS_WRONG_QUANTITY,Wrong quantity - external position differs by a non-round amount,INTERNAL_BOOK,CUSTODIAN_CONFIRM,TRD102132,TRD102132,250,172,,actual_quantity,P1,OPEN,0,HDFC-CUST,EQ-CORE-01,,True,TRAIN
BRK01044,RECON-DAILY,2026-08-12,TRADE,TRADE_QUANTITY_MISMATCH,Confirmed quantity differs from booked quantity,INTERNAL_BOOK,EXTERNAL_CONFIRMATION,TRD102135,TRD102135,2000,2050,,quantity,P1,OPEN,0,NOMURA-BROKER,EQ-CORE-01,,True,TEST
BRK01045,RECON-DAILY,2026-08-04,POSITION,POS_TIMING_DIFFERENCE,"Timing difference - quantities agree, as-of dates don't (expected to self-resolve)",INTERNAL_BOOK,CUSTODIAN_CONFIRM,TRD102136,TRD102136,2026-08-04,2026-08-05,,as_of_date,P2,OPEN,0,HDFC-CUST,EQ-CORE-01,,False,TRAIN
BRK01046,RECON-DAILY,2026-08-20,TRADE,TRADE_DATE_MISMATCH,Confirmed trade date differs from booked trade date,INTERNAL_BOOK,EXTERNAL_CONFIRMATION,TRD102139,TRD102139,2026-08-19,2026-08-20,,trade_date,P2,OPEN,0,ICICI-CUST,EQ-INDEX-04,,True,TRAIN
BRK01047,RECON-DAILY,2026-08-08,CASH,CASH_FX_INPUT_DIFFERENCE,Cash posted in a different currency / at a stale or incorrect FX rate,INTERNAL_BOOK,CUSTODIAN_CONFIRM,TRD102140,TRD102140,366468.0,340815.24,,"amount,currency",P2,OPEN,0,KOTAK-CUST,EQ-CORE-02,,False,TEST
BRK01048,RECON-DAILY,2026-08-22,POSITION,CA_MANDATORY_NOT_REFLECTED,"Mandatory corporate action (split/bonus) not yet reflected externally - mechanical, auto-correctable",INTERNAL_BOOK,CUSTODIAN_CONFIRM,TRD102142,TRD102142,1000,500,,actual_quantity,P1,OPEN,0,MORGANSTANLEY-BROKER,EQ-ALPHA-03,MANDATORY,True,TRAIN
BRK01049,RECON-DAILY,2026-08-10,POSITION,POS_TIMING_DIFFERENCE,"Timing difference - quantities agree, as-of dates don't (expected to self-resolve)",INTERNAL_BOOK,CUSTODIAN_CONFIRM,TRD102143,TRD102143,2026-08-10,2026-08-11,,as_of_date,P2,OPEN,0,KOTAK-CUST,EQ-CORE-02,,False,TRAIN
BRK01050,RECON-DAILY,2026-08-07,CASH,CASH_FX_INPUT_DIFFERENCE,Cash posted in a different currency / at a stale or incorrect FX rate,INTERNAL_BOOK,CUSTODIAN_CONFIRM,TRD102144,TRD102144,1463572.5,1566022.58,,"amount,currency",P2,OPEN,0,ICICI-CUST,EQ-CORE-01,,False,TRAIN
BRK01051,RECON-DAILY,2026-08-04,TRADE,CONF_DISAGREEMENT,External confirmation received but disagrees with the booking on multiple fields,INTERNAL_BOOK,EXTERNAL_CONFIRMATION,TRD102146,TRD102146,"qty=2000,price=1946.16","qty=2075,price=1977.29",,"quantity,price",P1,OPEN,0,KOTAK-CUST,EQ-ALPHA-03,,True,TRAIN
BRK01052,RECON-DAILY,2026-08-13,TRADE,TRADE_COUNTERPARTY_ID_MISMATCH,Confirmed counterparty identifier differs from booked counterparty,INTERNAL_BOOK,EXTERNAL_CONFIRMATION,TRD102149,TRD102149,DEUTSCHE-BROKER,MORGANSTANLEY-BROKER,,counterparty,P1,OPEN,0,DEUTSCHE-BROKER,EQ-INDEX-04,,True,TRAIN
BRK01053,RECON-DAILY,2026-08-16,SETTLEMENT,SETL_INCORRECT_DATE,Settlement recorded against the wrong date (holiday-calendar-style off-by-one),INTERNAL_BOOK,CUSTODIAN_CONFIRM,TRD102150,TRD102150,2026-08-16,2026-08-17,,settlement_date,P2,OPEN,0,DEUTSCHE-BROKER,EQ-CORE-02,,True,TRAIN
BRK01054,RECON-DAILY,2026-08-02,CASH,CASH_FX_INPUT_DIFFERENCE,Cash posted in a different currency / at a stale or incorrect FX rate,INTERNAL_BOOK,CUSTODIAN_CONFIRM,TRD102152,TRD102152,3241735.0,3112065.6,,"amount,currency",P2,OPEN,0,DEUTSCHE-BROKER,EQ-CORE-02,,False,TRAIN
BRK01055,RECON-DAILY,2026-08-11,SETTLEMENT,SETL_LATE_COUNTERPARTY,Counterparty has not settled by the expected date,INTERNAL_BOOK,CUSTODIAN_CONFIRM,TRD102158,TRD102158,2026-08-11,2026-08-16,,"settlement_date,settlement_status",P1,OPEN,0,NOMURA-BROKER,EQ-CORE-02,,True,TEST
BRK01056,RECON-DAILY,2026-08-15,TRADE,TRADE_QUANTITY_MISMATCH,Confirmed quantity differs from booked quantity,INTERNAL_BOOK,EXTERNAL_CONFIRMATION,TRD102159,TRD102159,750,700,,quantity,P1,OPEN,0,MORGANSTANLEY-BROKER,EQ-CORE-01,,True,TRAIN
BRK01057,RECON-DAILY,2026-08-13,POSITION,CA_MANDATORY_NOT_REFLECTED,"Mandatory corporate action (split/bonus) not yet reflected externally - mechanical, auto-correctable",INTERNAL_BOOK,CUSTODIAN_CONFIRM,TRD102160,TRD102160,2250,750,,actual_quantity,P1,OPEN,0,NOMURA-BROKER,EQ-CORE-02,MANDATORY,True,TRAIN
BRK01058,RECON-DAILY,2026-08-12,POSITION,POS_WRONG_QUANTITY,Wrong quantity - external position differs by a non-round amount,INTERNAL_BOOK,CUSTODIAN_CONFIRM,TRD102162,TRD102162,1000,1170,,actual_quantity,P1,OPEN,0,NOMURA-BROKER,EQ-INDEX-04,,False,TRAIN
BRK01059,RECON-DAILY,2026-08-12,SETTLEMENT,SETL_INCORRECT_DATE,Settlement recorded against the wrong date (holiday-calendar-style off-by-one),INTERNAL_BOOK,CUSTODIAN_CONFIRM,TRD102163,TRD102163,2026-08-12,2026-08-13,,settlement_date,P2,OPEN,0,NOMURA-BROKER,EQ-CORE-02,,True,TRAIN
BRK01060,RECON-DAILY,2026-08-21,POSITION,POS_MISSING_BOOKING,Missing upstream booking - position never reflected externally,INTERNAL_BOOK,CUSTODIAN_CONFIRM,TRD102164,TRD102164,500,0,,actual_quantity,P0,OPEN,0,HDFC-CUST,EQ-CORE-02,,True,TEST
BRK01061,RECON-DAILY,2026-08-09,POSITION,CA_INCORRECT_ENTITLEMENT,Corporate action entitlement calculated incorrectly (wrong ratio applied),INTERNAL_BOOK,CUSTODIAN_CONFIRM,TRD102168,TRD102168,150,170,,actual_quantity,P1,OPEN,0,NOMURA-BROKER,EQ-CORE-01,MANDATORY,True,TEST
BRK01062,RECON-DAILY,2026-08-10,CASH,CASH_FX_INPUT_DIFFERENCE,Cash posted in a different currency / at a stale or incorrect FX rate,INTERNAL_BOOK,CUSTODIAN_CONFIRM,TRD102169,TRD102169,1692240.0,1573783.2,,"amount,currency",P2,OPEN,0,KOTAK-CUST,EQ-INDEX-04,,False,TEST
BRK01063,RECON-DAILY,2026-08-22,SETTLEMENT,SETL_MISSING_INSTRUCTION,No settlement instruction was ever issued,INTERNAL_BOOK,CUSTODIAN_CONFIRM,TRD102170,TRD102170,INSTRUCTED,MISSING,,instruction_status,P0,OPEN,0,HDFC-CUST,EQ-CORE-01,,True,TEST
BRK01064,RECON-DAILY,2026-08-08,TRADE,TRADE_QUANTITY_MISMATCH,Confirmed quantity differs from booked quantity,INTERNAL_BOOK,EXTERNAL_CONFIRMATION,TRD102171,TRD102171,100,50,,quantity,P1,OPEN,0,MORGANSTANLEY-BROKER,EQ-ALPHA-03,,True,TRAIN
BRK01065,RECON-DAILY,2026-08-02,POSITION,CA_INCORRECT_ENTITLEMENT,Corporate action entitlement calculated incorrectly (wrong ratio applied),INTERNAL_BOOK,CUSTODIAN_CONFIRM,TRD102172,TRD102172,2250,1800,,actual_quantity,P1,OPEN,0,KOTAK-CUST,EQ-ALPHA-03,MANDATORY,True,TRAIN
BRK01066,RECON-DAILY,2026-08-22,SETTLEMENT,SETL_WRONG_SSI,Settlement instruction references the wrong SSI/beneficiary account - the payment-failure flagship scenario,INTERNAL_BOOK,CUSTODIAN_CONFIRM,TRD102173,TRD102173,SSI-JP-3389,SSI-IN-0147,,ssi_code,P0,OPEN,0,NOMURA-BROKER,EQ-INDEX-04,,True,TEST
BRK01067,RECON-DAILY,2026-08-06,SETTLEMENT,SETL_LATE_COUNTERPARTY,Counterparty has not settled by the expected date,INTERNAL_BOOK,CUSTODIAN_CONFIRM,TRD102174,TRD102174,2026-08-06,2026-08-11,,"settlement_date,settlement_status",P1,OPEN,0,DEUTSCHE-BROKER,EQ-INDEX-04,,True,TRAIN
BRK01068,RECON-DAILY,2026-08-22,POSITION,CA_INCORRECT_ENTITLEMENT,Corporate action entitlement calculated incorrectly (wrong ratio applied),INTERNAL_BOOK,CUSTODIAN_CONFIRM,TRD102178,TRD102178,2250,2550,,actual_quantity,P1,OPEN,0,DEUTSCHE-BROKER,EQ-ALPHA-03,MANDATORY,True,TRAIN
BRK01069,RECON-DAILY,2026-08-03,TRADE,TRADE_DATE_MISMATCH,Confirmed trade date differs from booked trade date,INTERNAL_BOOK,EXTERNAL_CONFIRMATION,TRD102179,TRD102179,2026-08-02,2026-08-03,,trade_date,P2,OPEN,0,NOMURA-BROKER,EQ-ALPHA-03,,True,TRAIN
BRK01070,RECON-DAILY,2026-08-03,SETTLEMENT,SETL_LATE_COUNTERPARTY,Counterparty has not settled by the expected date,INTERNAL_BOOK,CUSTODIAN_CONFIRM,TRD102180,TRD102180,2026-08-03,2026-08-05,,"settlement_date,settlement_status",P1,OPEN,0,NOMURA-BROKER,EQ-CORE-02,,True,TRAIN
BRK01071,RECON-DAILY,2026-08-12,TRADE,TRADE_COUNTERPARTY_ID_MISMATCH,Confirmed counterparty identifier differs from booked counterparty,INTERNAL_BOOK,EXTERNAL_CONFIRMATION,TRD102182,TRD102182,ICICI-CUST,NOMURA-BROKER,,counterparty,P1,OPEN,0,ICICI-CUST,EQ-INDEX-04,,True,TRAIN
BRK01072,RECON-DAILY,2026-08-04,POSITION,CA_MANDATORY_NOT_REFLECTED,"Mandatory corporate action (split/bonus) not yet reflected externally - mechanical, auto-correctable",INTERNAL_BOOK,CUSTODIAN_CONFIRM,TRD102184,TRD102184,750,250,,actual_quantity,P1,OPEN,0,HDFC-CUST,EQ-INDEX-04,MANDATORY,True,TEST
BRK01073,RECON-DAILY,2026-08-03,SETTLEMENT,SETL_MISSING_INSTRUCTION,No settlement instruction was ever issued,INTERNAL_BOOK,CUSTODIAN_CONFIRM,TRD102186,TRD102186,INSTRUCTED,MISSING,,instruction_status,P0,OPEN,0,HDFC-CUST,EQ-CORE-02,,True,TRAIN
BRK01074,RECON-DAILY,2026-08-12,TRADE,TRADE_PRICE_MISMATCH,Confirmed price differs from booked price,INTERNAL_BOOK,EXTERNAL_CONFIRMATION,TRD102187,TRD102187,12980.08,13366.6,,price,P2,OPEN,0,DEUTSCHE-BROKER,EQ-INDEX-04,,True,TRAIN
BRK01075,RECON-DAILY,2026-08-15,TRADE,CONF_MISSING,External confirmation never received,INTERNAL_BOOK,EXTERNAL_CONFIRMATION,TRD102188,TRD102188,TRD102188,,,confirmation,P0,OPEN,0,MORGANSTANLEY-BROKER,EQ-CORE-01,,True,TRAIN
BRK01076,RECON-DAILY,2026-08-22,TRADE,TRADE_PRICE_MISMATCH,Confirmed price differs from booked price,INTERNAL_BOOK,EXTERNAL_CONFIRMATION,TRD102191,TRD102191,1675.81,1707.27,,price,P2,OPEN,0,NOMURA-BROKER,EQ-ALPHA-03,,True,TRAIN
BRK01077,RECON-DAILY,2026-08-14,SETTLEMENT,SETL_WRONG_SSI,Settlement instruction references the wrong SSI/beneficiary account - the payment-failure flagship scenario,INTERNAL_BOOK,CUSTODIAN_CONFIRM,TRD102193,TRD102193,SSI-IN-0091,SSI-IN-0147,,ssi_code,P0,OPEN,0,ICICI-CUST,EQ-ALPHA-03,,True,TRAIN
BRK01078,RECON-DAILY,2026-08-05,CASH,CASH_DUPLICATE_ENTRY,Same cash movement posted twice,INTERNAL_BOOK,CUSTODIAN_CONFIRM,TRD102195,TRD102195,376328.0,752656.0,,"amount,cash_id",P1,OPEN,0,NOMURA-BROKER,EQ-CORE-02,,False,TEST
BRK01079,RECON-DAILY,2026-08-16,CASH,CASH_WRONG_AMOUNT,Cash amount posted differs from expected trade value by a non-round amount,INTERNAL_BOOK,CUSTODIAN_CONFIRM,TRD102199,TRD102199,704895.0,782433.45,,amount,P1,OPEN,0,DEUTSCHE-BROKER,EQ-CORE-02,,False,TRAIN
BRK01080,RECON-DAILY,2026-08-07,SETTLEMENT,SETL_LATE_COUNTERPARTY,Counterparty has not settled by the expected date,INTERNAL_BOOK,CUSTODIAN_CONFIRM,TRD102202,TRD102202,2026-08-07,2026-08-09,,"settlement_date,settlement_status",P1,OPEN,0,ICICI-CUST,EQ-CORE-01,,True,TEST
BRK01081,RECON-DAILY,2026-08-03,POSITION,CA_MANDATORY_NOT_REFLECTED,"Mandatory corporate action (split/bonus) not yet reflected externally - mechanical, auto-correctable",INTERNAL_BOOK,CUSTODIAN_CONFIRM,TRD102209,TRD102209,300,100,,actual_quantity,P1,OPEN,0,NOMURA-BROKER,EQ-CORE-01,MANDATORY,True,TRAIN
BRK01082,RECON-DAILY,2026-08-08,SETTLEMENT,SETL_MISSING_INSTRUCTION,No settlement instruction was ever issued,INTERNAL_BOOK,CUSTODIAN_CONFIRM,TRD102210,TRD102210,INSTRUCTED,MISSING,,instruction_status,P0,OPEN,0,KOTAK-CUST,EQ-CORE-01,,True,TRAIN
BRK01083,RECON-DAILY,2026-08-17,POSITION,POS_MISSING_BOOKING,Missing upstream booking - position never reflected externally,INTERNAL_BOOK,CUSTODIAN_CONFIRM,TRD102213,TRD102213,1000,0,,actual_quantity,P0,OPEN,0,MORGANSTANLEY-BROKER,EQ-CORE-02,,False,TRAIN
BRK01084,RECON-DAILY,2026-08-19,POSITION,CA_VOLUNTARY_DECISION,"Voluntary corporate action (tender/conversion) pending an election - requires a human business decision, always escalated",INTERNAL_BOOK,CUSTODIAN_CONFIRM,TRD102214,TRD102214,1500,1000,,actual_quantity,P1,OPEN,0,HDFC-CUST,EQ-ALPHA-03,VOLUNTARY,True,TRAIN
BRK01085,RECON-DAILY,2026-08-12,TRADE,CONF_DISAGREEMENT,External confirmation received but disagrees with the booking on multiple fields,INTERNAL_BOOK,EXTERNAL_CONFIRMATION,TRD102217,TRD102217,"qty=750,price=1184.79","qty=825,price=1198.9",,"quantity,price",P1,OPEN,0,KOTAK-CUST,EQ-INDEX-04,,True,TEST
BRK01086,RECON-DAILY,2026-08-19,CASH,CASH_WRONG_AMOUNT,Cash amount posted differs from expected trade value by a non-round amount,INTERNAL_BOOK,CUSTODIAN_CONFIRM,TRD102221,TRD102221,117736.0,140105.84,,amount,P1,OPEN,0,NOMURA-BROKER,EQ-CORE-02,,False,TRAIN
BRK01087,RECON-DAILY,2026-08-12,TRADE,TRADE_DATE_MISMATCH,Confirmed trade date differs from booked trade date,INTERNAL_BOOK,EXTERNAL_CONFIRMATION,TRD102222,TRD102222,2026-08-11,2026-08-12,,trade_date,P2,OPEN,0,NOMURA-BROKER,EQ-ALPHA-03,,True,TRAIN
BRK01088,RECON-DAILY,2026-08-13,TRADE,CONF_MISSING,External confirmation never received,INTERNAL_BOOK,EXTERNAL_CONFIRMATION,TRD102223,TRD102223,TRD102223,,,confirmation,P0,OPEN,0,NOMURA-BROKER,EQ-INDEX-04,,True,TRAIN
BRK01089,RECON-DAILY,2026-08-11,TRADE,TRADE_QUANTITY_MISMATCH,Confirmed quantity differs from booked quantity,INTERNAL_BOOK,EXTERNAL_CONFIRMATION,TRD102225,TRD102225,250,350,,quantity,P1,OPEN,0,HDFC-CUST,EQ-INDEX-04,,True,TRAIN
BRK01090,RECON-DAILY,2026-08-15,POSITION,POS_MISSING_BOOKING,Missing upstream booking - position never reflected externally,INTERNAL_BOOK,CUSTODIAN_CONFIRM,TRD102228,TRD102228,2000,0,,actual_quantity,P0,OPEN,0,KOTAK-CUST,EQ-INDEX-04,,False,TRAIN
BRK01091,RECON-DAILY,2026-08-13,SETTLEMENT,SETL_WRONG_SSI,Settlement instruction references the wrong SSI/beneficiary account - the payment-failure flagship scenario,INTERNAL_BOOK,CUSTODIAN_CONFIRM,TRD102229,TRD102229,SSI-IN-0147,SSI-JP-3389,,ssi_code,P0,OPEN,0,HDFC-CUST,EQ-ALPHA-03,,True,TRAIN
BRK01092,RECON-DAILY,2026-08-20,SETTLEMENT,SETL_WRONG_SSI,Settlement instruction references the wrong SSI/beneficiary account - the payment-failure flagship scenario,INTERNAL_BOOK,CUSTODIAN_CONFIRM,TRD102232,TRD102232,SSI-US-7742,SSI-IN-0147,,ssi_code,P0,OPEN,0,MORGANSTANLEY-BROKER,EQ-ALPHA-03,,True,TRAIN
BRK01093,RECON-DAILY,2026-08-22,POSITION,POS_WRONG_QUANTITY,Wrong quantity - external position differs by a non-round amount,INTERNAL_BOOK,CUSTODIAN_CONFIRM,TRD102234,TRD102234,200,156,,actual_quantity,P1,OPEN,0,ICICI-CUST,EQ-INDEX-04,,False,TRAIN
BRK01094,RECON-DAILY,2026-08-17,TRADE,CONF_DISAGREEMENT,External confirmation received but disagrees with the booking on multiple fields,INTERNAL_BOOK,EXTERNAL_CONFIRMATION,TRD102235,TRD102235,"qty=1000,price=608.77","qty=1075,price=617.2",,"quantity,price",P1,OPEN,0,ICICI-CUST,EQ-ALPHA-03,,True,TRAIN
BRK01095,RECON-DAILY,2026-08-15,SETTLEMENT,SETL_INCORRECT_DATE,Settlement recorded against the wrong date (holiday-calendar-style off-by-one),INTERNAL_BOOK,CUSTODIAN_CONFIRM,TRD102236,TRD102236,2026-08-15,2026-08-16,,settlement_date,P2,OPEN,0,ICICI-CUST,EQ-CORE-01,,True,TRAIN
BRK01096,RECON-DAILY,2026-08-16,SETTLEMENT,SETL_WRONG_SSI,Settlement instruction references the wrong SSI/beneficiary account - the payment-failure flagship scenario,INTERNAL_BOOK,CUSTODIAN_CONFIRM,TRD102237,TRD102237,SSI-IN-0091,SSI-JP-3389,,ssi_code,P0,OPEN,0,ICICI-CUST,EQ-CORE-02,,True,TRAIN
BRK01097,RECON-DAILY,2026-08-19,POSITION,CA_VOLUNTARY_DECISION,"Voluntary corporate action (tender/conversion) pending an election - requires a human business decision, always escalated",INTERNAL_BOOK,CUSTODIAN_CONFIRM,TRD102238,TRD102238,2250,1500,,actual_quantity,P1,OPEN,0,NOMURA-BROKER,EQ-CORE-01,VOLUNTARY,True,TRAIN
BRK01098,RECON-DAILY,2026-08-22,CASH,CASH_FX_INPUT_DIFFERENCE,Cash posted in a different currency / at a stale or incorrect FX rate,INTERNAL_BOOK,CUSTODIAN_CONFIRM,TRD102242,TRD102242,167331.0,155617.83,,"amount,currency",P2,OPEN,0,HDFC-CUST,EQ-INDEX-04,,False,TRAIN
BRK01099,RECON-DAILY,2026-08-20,POSITION,CA_VOLUNTARY_DECISION,"Voluntary corporate action (tender/conversion) pending an election - requires a human business decision, always escalated",INTERNAL_BOOK,CUSTODIAN_CONFIRM,TRD102243,TRD102243,750,250,,actual_quantity,P1,OPEN,0,DEUTSCHE-BROKER,EQ-CORE-02,VOLUNTARY,True,TRAIN
BRK01100,RECON-DAILY,2026-08-15,SETTLEMENT,SETL_LATE_COUNTERPARTY,Counterparty has not settled by the expected date,INTERNAL_BOOK,CUSTODIAN_CONFIRM,TRD102245,TRD102245,2026-08-15,2026-08-20,,"settlement_date,settlement_status",P1,OPEN,0,ICICI-CUST,EQ-ALPHA-03,,True,TRAIN
BRK01101,RECON-DAILY,2026-08-02,SETTLEMENT,SETL_INCORRECT_DATE,Settlement recorded against the wrong date (holiday-calendar-style off-by-one),INTERNAL_BOOK,CUSTODIAN_CONFIRM,TRD102251,TRD102251,2026-08-02,2026-08-03,,settlement_date,P2,OPEN,0,ICICI-CUST,EQ-ALPHA-03,,True,TEST
BRK01102,RECON-DAILY,2026-08-08,TRADE,TRADE_QUANTITY_MISMATCH,Confirmed quantity differs from booked quantity,INTERNAL_BOOK,EXTERNAL_CONFIRMATION,TRD102253,TRD102253,2000,1900,,quantity,P1,OPEN,0,ICICI-CUST,EQ-CORE-02,,True,TEST
BRK01103,RECON-DAILY,2026-08-09,POSITION,CA_INCORRECT_ENTITLEMENT,Corporate action entitlement calculated incorrectly (wrong ratio applied),INTERNAL_BOOK,CUSTODIAN_CONFIRM,TRD102255,TRD102255,400,360,,actual_quantity,P1,OPEN,0,NOMURA-BROKER,EQ-INDEX-04,MANDATORY,True,TRAIN
BRK01104,RECON-DAILY,2026-08-15,TRADE,TRADE_PRICE_MISMATCH,Confirmed price differs from booked price,INTERNAL_BOOK,EXTERNAL_CONFIRMATION,TRD102256,TRD102256,1673.63,1710.58,,price,P2,OPEN,0,ICICI-CUST,EQ-ALPHA-03,,True,TRAIN
BRK01105,RECON-DAILY,2026-08-04,CASH,CASH_FX_INPUT_DIFFERENCE,Cash posted in a different currency / at a stale or incorrect FX rate,INTERNAL_BOOK,CUSTODIAN_CONFIRM,TRD102259,TRD102259,885165.0,902868.3,,"amount,currency",P2,OPEN,0,DEUTSCHE-BROKER,EQ-CORE-01,,False,TRAIN
BRK01106,RECON-DAILY,2026-08-22,POSITION,POS_TIMING_DIFFERENCE,"Timing difference - quantities agree, as-of dates don't (expected to self-resolve)",INTERNAL_BOOK,CUSTODIAN_CONFIRM,TRD102261,TRD102261,2026-08-22,2026-08-23,,as_of_date,P2,OPEN,0,KOTAK-CUST,EQ-ALPHA-03,,False,TRAIN
BRK01107,RECON-DAILY,2026-08-17,SETTLEMENT,SETL_WRONG_SSI,Settlement instruction references the wrong SSI/beneficiary account - the payment-failure flagship scenario,INTERNAL_BOOK,CUSTODIAN_CONFIRM,TRD102262,TRD102262,SSI-US-7742,SSI-IN-0203,,ssi_code,P0,OPEN,0,MORGANSTANLEY-BROKER,EQ-INDEX-04,,True,TRAIN
BRK01108,RECON-DAILY,2026-08-10,SETTLEMENT,SETL_LATE_COUNTERPARTY,Counterparty has not settled by the expected date,INTERNAL_BOOK,CUSTODIAN_CONFIRM,TRD102264,TRD102264,2026-08-10,2026-08-13,,"settlement_date,settlement_status",P1,OPEN,0,KOTAK-CUST,EQ-ALPHA-03,,True,TRAIN
BRK01109,RECON-DAILY,2026-08-20,CASH,CASH_MISSING_ENTRY,Expected cash movement never posted,INTERNAL_BOOK,CUSTODIAN_CONFIRM,TRD102265,TRD102265,849040.0,,,amount,P0,OPEN,0,HDFC-CUST,EQ-ALPHA-03,,False,TRAIN
BRK01110,RECON-DAILY,2026-08-19,SETTLEMENT,SETL_INCORRECT_DATE,Settlement recorded against the wrong date (holiday-calendar-style off-by-one),INTERNAL_BOOK,CUSTODIAN_CONFIRM,TRD102268,TRD102268,2026-08-19,2026-08-20,,settlement_date,P2,OPEN,0,KOTAK-CUST,EQ-CORE-02,,True,TRAIN
BRK01111,RECON-DAILY,2026-08-11,TRADE,TRADE_COUNTERPARTY_ID_MISMATCH,Confirmed counterparty identifier differs from booked counterparty,INTERNAL_BOOK,EXTERNAL_CONFIRMATION,TRD102269,TRD102269,NOMURA-BROKER,HDFC-CUST,,counterparty,P1,OPEN,0,NOMURA-BROKER,EQ-CORE-02,,True,TRAIN
BRK01112,RECON-DAILY,2026-08-22,CASH,CASH_FX_INPUT_DIFFERENCE,Cash posted in a different currency / at a stale or incorrect FX rate,INTERNAL_BOOK,CUSTODIAN_CONFIRM,TRD102270,TRD102270,1176510.0,1258865.7,,"amount,currency",P2,OPEN,0,DEUTSCHE-BROKER,EQ-ALPHA-03,,True,TEST
BRK01113,RECON-DAILY,2026-08-20,POSITION,POS_TIMING_DIFFERENCE,"Timing difference - quantities agree, as-of dates don't (expected to self-resolve)",INTERNAL_BOOK,CUSTODIAN_CONFIRM,TRD102271,TRD102271,2026-08-20,2026-08-21,,as_of_date,P2,OPEN,0,DEUTSCHE-BROKER,EQ-ALPHA-03,,False,TRAIN
BRK01114,RECON-DAILY,2026-08-14,SETTLEMENT,SETL_INCORRECT_DATE,Settlement recorded against the wrong date (holiday-calendar-style off-by-one),INTERNAL_BOOK,CUSTODIAN_CONFIRM,TRD102272,TRD102272,2026-08-14,2026-08-15,,settlement_date,P2,OPEN,0,MORGANSTANLEY-BROKER,EQ-INDEX-04,,True,TRAIN
BRK01115,RECON-DAILY,2026-08-10,CASH,CASH_WRONG_AMOUNT,Cash amount posted differs from expected trade value by a non-round amount,INTERNAL_BOOK,CUSTODIAN_CONFIRM,TRD102273,TRD102273,2066805.0,1880792.55,,amount,P1,OPEN,0,DEUTSCHE-BROKER,EQ-INDEX-04,,True,TRAIN
BRK01116,RECON-DAILY,2026-08-03,SETTLEMENT,SETL_WRONG_SSI,Settlement instruction references the wrong SSI/beneficiary account - the payment-failure flagship scenario,INTERNAL_BOOK,CUSTODIAN_CONFIRM,TRD102274,TRD102274,SSI-DE-5510,SSI-US-7742,,ssi_code,P0,OPEN,0,DEUTSCHE-BROKER,EQ-INDEX-04,,True,TRAIN
BRK01117,RECON-DAILY,2026-08-05,TRADE,TRADE_QUANTITY_MISMATCH,Confirmed quantity differs from booked quantity,INTERNAL_BOOK,EXTERNAL_CONFIRMATION,TRD102275,TRD102275,1500,1550,,quantity,P1,OPEN,0,HDFC-CUST,EQ-CORE-02,,True,TRAIN
BRK01118,RECON-DAILY,2026-08-15,SETTLEMENT,SETL_INCORRECT_DATE,Settlement recorded against the wrong date (holiday-calendar-style off-by-one),INTERNAL_BOOK,CUSTODIAN_CONFIRM,TRD102277,TRD102277,2026-08-15,2026-08-16,,settlement_date,P2,OPEN,0,HDFC-CUST,EQ-CORE-01,,True,TRAIN
BRK01119,RECON-DAILY,2026-08-21,TRADE,TRADE_COUNTERPARTY_ID_MISMATCH,Confirmed counterparty identifier differs from booked counterparty,INTERNAL_BOOK,EXTERNAL_CONFIRMATION,TRD102281,TRD102281,ICICI-CUST,KOTAK-CUST,,counterparty,P1,OPEN,0,ICICI-CUST,EQ-CORE-02,,True,TEST
BRK01120,RECON-DAILY,2026-08-05,TRADE,CONF_MISSING,External confirmation never received,INTERNAL_BOOK,EXTERNAL_CONFIRMATION,TRD102282,TRD102282,TRD102282,,,confirmation,P0,OPEN,0,ICICI-CUST,EQ-CORE-02,,True,TRAIN
BRK01121,RECON-DAILY,2026-08-07,CASH,CASH_FX_INPUT_DIFFERENCE,Cash posted in a different currency / at a stale or incorrect FX rate,INTERNAL_BOOK,CUSTODIAN_CONFIRM,TRD102283,TRD102283,837260.0,895868.2,,"amount,currency",P2,OPEN,0,HDFC-CUST,EQ-CORE-02,,False,TRAIN
BRK01122,RECON-DAILY,2026-08-18,TRADE,TRADE_QUANTITY_MISMATCH,Confirmed quantity differs from booked quantity,INTERNAL_BOOK,EXTERNAL_CONFIRMATION,TRD102287,TRD102287,2000,2200,,quantity,P1,OPEN,0,KOTAK-CUST,EQ-ALPHA-03,,True,TRAIN
BRK01123,RECON-DAILY,2026-08-10,POSITION,POS_WRONG_QUANTITY,Wrong quantity - external position differs by a non-round amount,INTERNAL_BOOK,CUSTODIAN_CONFIRM,TRD102294,TRD102294,500,345,,actual_quantity,P1,OPEN,0,DEUTSCHE-BROKER,EQ-CORE-02,,False,TRAIN
BRK01124,RECON-DAILY,2026-08-07,CASH,CASH_WRONG_AMOUNT,Cash amount posted differs from expected trade value by a non-round amount,INTERNAL_BOOK,CUSTODIAN_CONFIRM,TRD102300,TRD102300,7392840.0,6062128.8,,amount,P1,OPEN,0,HDFC-CUST,EQ-CORE-01,,False,TEST
BRK01125,RECON-DAILY,2026-08-03,TRADE,TRADE_COUNTERPARTY_ID_MISMATCH,Confirmed counterparty identifier differs from booked counterparty,INTERNAL_BOOK,EXTERNAL_CONFIRMATION,TRD102304,TRD102304,DEUTSCHE-BROKER,HDFC-CUST,,counterparty,P1,OPEN,0,DEUTSCHE-BROKER,EQ-CORE-02,,True,TRAIN
BRK01126,RECON-DAILY,2026-08-14,TRADE,TRADE_QUANTITY_MISMATCH,Confirmed quantity differs from booked quantity,INTERNAL_BOOK,EXTERNAL_CONFIRMATION,TRD102307,TRD102307,100,1,,quantity,P1,OPEN,0,HDFC-CUST,EQ-CORE-01,,True,TEST
BRK01127,RECON-DAILY,2026-08-14,CASH,CASH_DUPLICATE_ENTRY,Same cash movement posted twice,INTERNAL_BOOK,CUSTODIAN_CONFIRM,TRD102308,TRD102308,939460.0,1878920.0,,"amount,cash_id",P1,OPEN,0,MORGANSTANLEY-BROKER,EQ-INDEX-04,,True,TEST
BRK01128,RECON-DAILY,2026-08-20,POSITION,POS_TIMING_DIFFERENCE,"Timing difference - quantities agree, as-of dates don't (expected to self-resolve)",INTERNAL_BOOK,CUSTODIAN_CONFIRM,TRD102309,TRD102309,2026-08-20,2026-08-21,,as_of_date,P2,OPEN,0,NOMURA-BROKER,EQ-INDEX-04,,False,TRAIN
BRK01129,RECON-DAILY,2026-08-05,CASH,CASH_DUPLICATE_ENTRY,Same cash movement posted twice,INTERNAL_BOOK,CUSTODIAN_CONFIRM,TRD102311,TRD102311,4134840.0,8269680.0,,"amount,cash_id",P1,OPEN,0,MORGANSTANLEY-BROKER,EQ-INDEX-04,,False,TRAIN
BRK01130,RECON-DAILY,2026-08-12,SETTLEMENT,SETL_INCORRECT_DATE,Settlement recorded against the wrong date (holiday-calendar-style off-by-one),INTERNAL_BOOK,CUSTODIAN_CONFIRM,TRD102312,TRD102312,2026-08-12,2026-08-13,,settlement_date,P2,OPEN,0,DEUTSCHE-BROKER,EQ-CORE-02,,True,TRAIN
BRK01131,RECON-DAILY,2026-08-06,CASH,CASH_MISSING_ENTRY,Expected cash movement never posted,INTERNAL_BOOK,CUSTODIAN_CONFIRM,TRD102313,TRD102313,2519715.0,,,amount,P0,OPEN,0,DEUTSCHE-BROKER,EQ-CORE-02,,True,TRAIN
BRK01132,RECON-DAILY,2026-08-09,TRADE,TRADE_DATE_MISMATCH,Confirmed trade date differs from booked trade date,INTERNAL_BOOK,EXTERNAL_CONFIRMATION,TRD102314,TRD102314,2026-08-08,2026-08-09,,trade_date,P2,OPEN,0,DEUTSCHE-BROKER,EQ-ALPHA-03,,True,TRAIN
BRK01133,RECON-DAILY,2026-08-13,TRADE,CONF_DISAGREEMENT,External confirmation received but disagrees with the booking on multiple fields,INTERNAL_BOOK,EXTERNAL_CONFIRMATION,TRD102315,TRD102315,"qty=2000,price=1694.0","qty=2075,price=1714.21",,"quantity,price",P1,OPEN,0,HDFC-CUST,EQ-INDEX-04,,True,TRAIN
BRK01134,RECON-DAILY,2026-08-06,CASH,CASH_FX_INPUT_DIFFERENCE,Cash posted in a different currency / at a stale or incorrect FX rate,INTERNAL_BOOK,CUSTODIAN_CONFIRM,TRD102316,TRD102316,168610.0,171982.2,,"amount,currency",P2,OPEN,0,NOMURA-BROKER,EQ-CORE-01,,True,TRAIN
BRK01135,RECON-DAILY,2026-08-19,TRADE,TRADE_DATE_MISMATCH,Confirmed trade date differs from booked trade date,INTERNAL_BOOK,EXTERNAL_CONFIRMATION,TRD102320,TRD102320,2026-08-18,2026-08-19,,trade_date,P2,OPEN,0,KOTAK-CUST,EQ-CORE-01,,True,TEST
BRK01136,RECON-DAILY,2026-08-12,CASH,CASH_DUPLICATE_ENTRY,Same cash movement posted twice,INTERNAL_BOOK,CUSTODIAN_CONFIRM,TRD102322,TRD102322,1688620.0,3377240.0,,"amount,cash_id",P1,OPEN,0,KOTAK-CUST,EQ-ALPHA-03,,True,TRAIN
BRK01137,RECON-DAILY,2026-08-14,TRADE,TRADE_DATE_MISMATCH,Confirmed trade date differs from booked trade date,INTERNAL_BOOK,EXTERNAL_CONFIRMATION,TRD102325,TRD102325,2026-08-13,2026-08-14,,trade_date,P2,OPEN,0,KOTAK-CUST,EQ-INDEX-04,,True,TRAIN
BRK01138,RECON-DAILY,2026-08-07,POSITION,POS_MISSING_BOOKING,Missing upstream booking - position never reflected externally,INTERNAL_BOOK,CUSTODIAN_CONFIRM,TRD102329,TRD102329,2000,0,,actual_quantity,P0,OPEN,0,NOMURA-BROKER,EQ-INDEX-04,,False,TRAIN
BRK01139,RECON-DAILY,2026-08-12,SETTLEMENT,SETL_LATE_COUNTERPARTY,Counterparty has not settled by the expected date,INTERNAL_BOOK,CUSTODIAN_CONFIRM,TRD102330,TRD102330,2026-08-12,2026-08-16,,"settlement_date,settlement_status",P1,OPEN,0,MORGANSTANLEY-BROKER,EQ-ALPHA-03,,True,TEST
BRK01140,RECON-DAILY,2026-08-14,TRADE,CONF_DISAGREEMENT,External confirmation received but disagrees with the booking on multiple fields,INTERNAL_BOOK,EXTERNAL_CONFIRMATION,TRD102333,TRD102333,"qty=750,price=845.59","qty=825,price=860.1",,"quantity,price",P1,OPEN,0,ICICI-CUST,EQ-ALPHA-03,,True,TRAIN
BRK01141,RECON-DAILY,2026-08-09,TRADE,CONF_DISAGREEMENT,External confirmation received but disagrees with the booking on multiple fields,INTERNAL_BOOK,EXTERNAL_CONFIRMATION,TRD102336,TRD102336,"qty=1000,price=1687.0","qty=1075,price=1716.52",,"quantity,price",P1,OPEN,0,HDFC-CUST,EQ-INDEX-04,,True,TRAIN
BRK01142,RECON-DAILY,2026-08-03,POSITION,CA_MANDATORY_NOT_REFLECTED,"Mandatory corporate action (split/bonus) not yet reflected externally - mechanical, auto-correctable",INTERNAL_BOOK,CUSTODIAN_CONFIRM,TRD102337,TRD102337,1500,1000,,actual_quantity,P1,OPEN,0,DEUTSCHE-BROKER,EQ-INDEX-04,MANDATORY,True,TRAIN
BRK01143,RECON-DAILY,2026-08-02,POSITION,CA_VOLUNTARY_DECISION,"Voluntary corporate action (tender/conversion) pending an election - requires a human business decision, always escalated",INTERNAL_BOOK,CUSTODIAN_CONFIRM,TRD102338,TRD102338,3000,1500,,actual_quantity,P1,OPEN,0,KOTAK-CUST,EQ-ALPHA-03,VOLUNTARY,True,TEST
BRK01144,RECON-DAILY,2026-08-04,TRADE,TRADE_QUANTITY_MISMATCH,Confirmed quantity differs from booked quantity,INTERNAL_BOOK,EXTERNAL_CONFIRMATION,TRD102341,TRD102341,1000,900,,quantity,P1,OPEN,0,ICICI-CUST,EQ-CORE-01,,True,TEST
BRK01145,RECON-DAILY,2026-08-04,CASH,CASH_DUPLICATE_ENTRY,Same cash movement posted twice,INTERNAL_BOOK,CUSTODIAN_CONFIRM,TRD102344,TRD102344,1958950.0,3917900.0,,"amount,cash_id",P1,OPEN,0,ICICI-CUST,EQ-CORE-02,,False,TRAIN
BRK01146,RECON-DAILY,2026-08-20,TRADE,CONF_MISSING,External confirmation never received,INTERNAL_BOOK,EXTERNAL_CONFIRMATION,TRD102345,TRD102345,TRD102345,,,confirmation,P0,OPEN,0,ICICI-CUST,EQ-CORE-01,,True,TRAIN
BRK01147,RECON-DAILY,2026-08-14,TRADE,TRADE_DATE_MISMATCH,Confirmed trade date differs from booked trade date,INTERNAL_BOOK,EXTERNAL_CONFIRMATION,TRD102346,TRD102346,2026-08-13,2026-08-14,,trade_date,P2,OPEN,0,DEUTSCHE-BROKER,EQ-CORE-01,,True,TRAIN
BRK01148,RECON-DAILY,2026-08-10,SETTLEMENT,SETL_LATE_COUNTERPARTY,Counterparty has not settled by the expected date,INTERNAL_BOOK,CUSTODIAN_CONFIRM,TRD102348,TRD102348,2026-08-10,2026-08-12,,"settlement_date,settlement_status",P1,OPEN,0,HDFC-CUST,EQ-CORE-01,,True,TRAIN
BRK01149,RECON-DAILY,2026-08-09,POSITION,POS_MISSING_BOOKING,Missing upstream booking - position never reflected externally,INTERNAL_BOOK,CUSTODIAN_CONFIRM,TRD102351,TRD102351,1500,0,,actual_quantity,P0,OPEN,0,KOTAK-CUST,EQ-ALPHA-03,,False,TRAIN
BRK01150,RECON-DAILY,2026-08-06,TRADE,TRADE_COUNTERPARTY_ID_MISMATCH,Confirmed counterparty identifier differs from booked counterparty,INTERNAL_BOOK,EXTERNAL_CONFIRMATION,TRD102352,TRD102352,ICICI-CUST,HDFC-CUST,,counterparty,P1,OPEN,0,ICICI-CUST,EQ-CORE-01,,True,TRAIN
BRK01151,RECON-DAILY,2026-08-16,SETTLEMENT,SETL_LATE_COUNTERPARTY,Counterparty has not settled by the expected date,INTERNAL_BOOK,CUSTODIAN_CONFIRM,TRD102353,TRD102353,2026-08-16,2026-08-20,,"settlement_date,settlement_status",P1,OPEN,0,HDFC-CUST,EQ-CORE-02,,True,TEST
BRK01152,RECON-DAILY,2026-08-20,CASH,CASH_WRONG_AMOUNT,Cash amount posted differs from expected trade value by a non-round amount,INTERNAL_BOOK,CUSTODIAN_CONFIRM,TRD102354,TRD102354,1243130.0,1479324.7,,amount,P1,OPEN,0,HDFC-CUST,EQ-INDEX-04,,False,TRAIN
BRK01153,RECON-DAILY,2026-08-15,TRADE,TRADE_COUNTERPARTY_ID_MISMATCH,Confirmed counterparty identifier differs from booked counterparty,INTERNAL_BOOK,EXTERNAL_CONFIRMATION,TRD102360,TRD102360,ICICI-CUST,MORGANSTANLEY-BROKER,,counterparty,P1,OPEN,0,ICICI-CUST,EQ-INDEX-04,,True,TRAIN
BRK01154,RECON-DAILY,2026-08-09,CASH,CASH_FX_INPUT_DIFFERENCE,Cash posted in a different currency / at a stale or incorrect FX rate,INTERNAL_BOOK,CUSTODIAN_CONFIRM,TRD102361,TRD102361,189756.0,196397.46,,"amount,currency",P2,OPEN,0,MORGANSTANLEY-BROKER,EQ-INDEX-04,,False,TRAIN
BRK01155,RECON-DAILY,2026-08-03,TRADE,CONF_DISAGREEMENT,External confirmation received but disagrees with the booking on multiple fields,INTERNAL_BOOK,EXTERNAL_CONFIRMATION,TRD102365,TRD102365,"qty=500,price=172.34","qty=575,price=174.42",,"quantity,price",P1,OPEN,0,DEUTSCHE-BROKER,EQ-ALPHA-03,,True,TRAIN
BRK01156,RECON-DAILY,2026-08-02,TRADE,TRADE_COUNTERPARTY_ID_MISMATCH,Confirmed counterparty identifier differs from booked counterparty,INTERNAL_BOOK,EXTERNAL_CONFIRMATION,TRD102369,TRD102369,MORGANSTANLEY-BROKER,DEUTSCHE-BROKER,,counterparty,P1,OPEN,0,MORGANSTANLEY-BROKER,EQ-CORE-02,,True,TRAIN
BRK01157,RECON-DAILY,2026-08-19,SETTLEMENT,SETL_INCORRECT_DATE,Settlement recorded against the wrong date (holiday-calendar-style off-by-one),INTERNAL_BOOK,CUSTODIAN_CONFIRM,TRD102371,TRD102371,2026-08-19,2026-08-20,,settlement_date,P2,OPEN,0,DEUTSCHE-BROKER,EQ-CORE-01,,True,TEST
BRK01158,RECON-DAILY,2026-08-20,POSITION,CA_VOLUNTARY_DECISION,"Voluntary corporate action (tender/conversion) pending an election - requires a human business decision, always escalated",INTERNAL_BOOK,CUSTODIAN_CONFIRM,TRD102372,TRD102372,300,100,,actual_quantity,P1,OPEN,0,HDFC-CUST,EQ-ALPHA-03,VOLUNTARY,True,TRAIN
BRK01159,RECON-DAILY,2026-08-14,CASH,CASH_MISSING_ENTRY,Expected cash movement never posted,INTERNAL_BOOK,CUSTODIAN_CONFIRM,TRD102373,TRD102373,6517625.0,,,amount,P0,OPEN,0,MORGANSTANLEY-BROKER,EQ-ALPHA-03,,False,TRAIN
BRK01160,RECON-DAILY,2026-08-15,CASH,CASH_WRONG_AMOUNT,Cash amount posted differs from expected trade value by a non-round amount,INTERNAL_BOOK,CUSTODIAN_CONFIRM,TRD102374,TRD102374,1831135.0,2179050.65,,amount,P1,OPEN,0,ICICI-CUST,EQ-ALPHA-03,,False,TRAIN
BRK01161,RECON-DAILY,2026-08-10,POSITION,POS_WRONG_QUANTITY,Wrong quantity - external position differs by a non-round amount,INTERNAL_BOOK,CUSTODIAN_CONFIRM,TRD102375,TRD102375,100,78,,actual_quantity,P1,OPEN,0,HDFC-CUST,EQ-ALPHA-03,,False,TEST
BRK01162,RECON-DAILY,2026-08-19,TRADE,CONF_MISSING,External confirmation never received,INTERNAL_BOOK,EXTERNAL_CONFIRMATION,TRD102377,TRD102377,TRD102377,,,confirmation,P0,OPEN,0,NOMURA-BROKER,EQ-CORE-01,,True,TRAIN
BRK01163,RECON-DAILY,2026-08-02,POSITION,POS_MISSING_BOOKING,Missing upstream booking - position never reflected externally,INTERNAL_BOOK,CUSTODIAN_CONFIRM,TRD102378,TRD102378,200,0,,actual_quantity,P0,OPEN,0,HDFC-CUST,EQ-CORE-01,,False,TRAIN
BRK01164,RECON-DAILY,2026-08-12,POSITION,CA_MANDATORY_NOT_REFLECTED,"Mandatory corporate action (split/bonus) not yet reflected externally - mechanical, auto-correctable",INTERNAL_BOOK,CUSTODIAN_CONFIRM,TRD102379,TRD102379,600,200,,actual_quantity,P1,OPEN,0,ICICI-CUST,EQ-INDEX-04,MANDATORY,True,TEST
BRK01165,RECON-DAILY,2026-08-13,SETTLEMENT,SETL_LATE_COUNTERPARTY,Counterparty has not settled by the expected date,INTERNAL_BOOK,CUSTODIAN_CONFIRM,TRD102380,TRD102380,2026-08-13,2026-08-17,,"settlement_date,settlement_status",P1,OPEN,0,ICICI-CUST,EQ-ALPHA-03,,True,TRAIN
BRK01166,RECON-DAILY,2026-08-10,CASH,CASH_FX_INPUT_DIFFERENCE,Cash posted in a different currency / at a stale or incorrect FX rate,INTERNAL_BOOK,CUSTODIAN_CONFIRM,TRD102381,TRD102381,845585.0,887864.25,,"amount,currency",P2,OPEN,0,NOMURA-BROKER,EQ-CORE-01,,False,TRAIN
BRK01167,RECON-DAILY,2026-08-14,SETTLEMENT,SETL_MISSING_INSTRUCTION,No settlement instruction was ever issued,INTERNAL_BOOK,CUSTODIAN_CONFIRM,TRD102383,TRD102383,INSTRUCTED,MISSING,,instruction_status,P0,OPEN,0,DEUTSCHE-BROKER,EQ-CORE-01,,True,TRAIN
BRK01168,RECON-DAILY,2026-08-22,CASH,CASH_WRONG_AMOUNT,Cash amount posted differs from expected trade value by a non-round amount,INTERNAL_BOOK,CUSTODIAN_CONFIRM,TRD102384,TRD102384,417502.5,463427.78,,amount,P1,OPEN,0,DEUTSCHE-BROKER,EQ-CORE-01,,True,TEST
BRK01169,RECON-DAILY,2026-08-08,POSITION,POS_MISSING_BOOKING,Missing upstream booking - position never reflected externally,INTERNAL_BOOK,CUSTODIAN_CONFIRM,TRD102386,TRD102386,100,0,,actual_quantity,P0,OPEN,0,ICICI-CUST,EQ-ALPHA-03,,False,TEST
BRK01170,RECON-DAILY,2026-08-15,CASH,CASH_FX_INPUT_DIFFERENCE,Cash posted in a different currency / at a stale or incorrect FX rate,INTERNAL_BOOK,CUSTODIAN_CONFIRM,TRD102387,TRD102387,1958610.0,2056540.5,,"amount,currency",P2,OPEN,0,NOMURA-BROKER,EQ-CORE-01,,False,TEST
BRK01171,RECON-DAILY,2026-08-05,SETTLEMENT,SETL_INCORRECT_DATE,Settlement recorded against the wrong date (holiday-calendar-style off-by-one),INTERNAL_BOOK,CUSTODIAN_CONFIRM,TRD102391,TRD102391,2026-08-05,2026-08-06,,settlement_date,P2,OPEN,0,ICICI-CUST,EQ-ALPHA-03,,True,TRAIN
BRK01172,RECON-DAILY,2026-08-06,TRADE,CONF_DISAGREEMENT,External confirmation received but disagrees with the booking on multiple fields,INTERNAL_BOOK,EXTERNAL_CONFIRMATION,TRD102392,TRD102392,"qty=750,price=612.28","qty=825,price=623.73",,"quantity,price",P1,OPEN,0,KOTAK-CUST,EQ-ALPHA-03,,True,TRAIN
BRK01173,RECON-DAILY,2026-08-12,SETTLEMENT,SETL_MISSING_INSTRUCTION,No settlement instruction was ever issued,INTERNAL_BOOK,CUSTODIAN_CONFIRM,TRD102394,TRD102394,INSTRUCTED,MISSING,,instruction_status,P0,OPEN,0,HDFC-CUST,EQ-CORE-01,,True,TRAIN
BRK01174,RECON-DAILY,2026-08-05,POSITION,POS_TIMING_DIFFERENCE,"Timing difference - quantities agree, as-of dates don't (expected to self-resolve)",INTERNAL_BOOK,CUSTODIAN_CONFIRM,TRD102395,TRD102395,2026-08-05,2026-08-06,,as_of_date,P2,OPEN,0,KOTAK-CUST,EQ-ALPHA-03,,True,TRAIN
BRK01175,RECON-DAILY,2026-08-08,CASH,CASH_DUPLICATE_ENTRY,Same cash movement posted twice,INTERNAL_BOOK,CUSTODIAN_CONFIRM,TRD102396,TRD102396,34380.0,68760.0,,"amount,cash_id",P1,OPEN,0,MORGANSTANLEY-BROKER,EQ-CORE-01,,False,TRAIN
BRK01176,RECON-DAILY,2026-08-03,TRADE,TRADE_COUNTERPARTY_ID_MISMATCH,Confirmed counterparty identifier differs from booked counterparty,INTERNAL_BOOK,EXTERNAL_CONFIRMATION,TRD102399,TRD102399,HDFC-CUST,MORGANSTANLEY-BROKER,,counterparty,P1,OPEN,0,HDFC-CUST,EQ-CORE-01,,True,TRAIN
BRK01177,RECON-DAILY,2026-08-17,SETTLEMENT,SETL_INCORRECT_DATE,Settlement recorded against the wrong date (holiday-calendar-style off-by-one),INTERNAL_BOOK,CUSTODIAN_CONFIRM,TRD102400,TRD102400,2026-08-17,2026-08-18,,settlement_date,P2,OPEN,0,ICICI-CUST,EQ-INDEX-04,,True,TRAIN
BRK01178,RECON-DAILY,2026-08-08,SETTLEMENT,SETL_LATE_COUNTERPARTY,Counterparty has not settled by the expected date,INTERNAL_BOOK,CUSTODIAN_CONFIRM,TRD102404,TRD102404,2026-08-08,2026-08-11,,"settlement_date,settlement_status",P1,OPEN,0,DEUTSCHE-BROKER,EQ-CORE-02,,True,TRAIN
BRK01179,RECON-DAILY,2026-08-14,CASH,CASH_MISSING_ENTRY,Expected cash movement never posted,INTERNAL_BOOK,CUSTODIAN_CONFIRM,TRD102405,TRD102405,846155.0,,,amount,P0,OPEN,0,HDFC-CUST,EQ-ALPHA-03,,False,TRAIN
BRK01180,RECON-DAILY,2026-08-15,SETTLEMENT,SETL_WRONG_SSI,Settlement instruction references the wrong SSI/beneficiary account - the payment-failure flagship scenario,INTERNAL_BOOK,CUSTODIAN_CONFIRM,TRD102406,TRD102406,SSI-US-7742,SSI-IN-0091,,ssi_code,P0,OPEN,0,MORGANSTANLEY-BROKER,EQ-ALPHA-03,,True,TRAIN
BRK01181,RECON-DAILY,2026-08-10,POSITION,CA_MANDATORY_NOT_REFLECTED,"Mandatory corporate action (split/bonus) not yet reflected externally - mechanical, auto-correctable",INTERNAL_BOOK,CUSTODIAN_CONFIRM,TRD102408,TRD102408,4500,1500,,actual_quantity,P1,OPEN,0,NOMURA-BROKER,EQ-CORE-02,MANDATORY,True,TEST
BRK01182,RECON-DAILY,2026-08-09,CASH,CASH_FX_INPUT_DIFFERENCE,Cash posted in a different currency / at a stale or incorrect FX rate,INTERNAL_BOOK,CUSTODIAN_CONFIRM,TRD102409,TRD102409,2608128.0,2660290.56,,"amount,currency",P2,OPEN,0,HDFC-CUST,EQ-CORE-01,,False,TRAIN
BRK01183,RECON-DAILY,2026-08-14,TRADE,TRADE_DATE_MISMATCH,Confirmed trade date differs from booked trade date,INTERNAL_BOOK,EXTERNAL_CONFIRMATION,TRD102410,TRD102410,2026-08-13,2026-08-14,,trade_date,P2,OPEN,0,HDFC-CUST,EQ-CORE-02,,True,TEST
BRK01184,RECON-DAILY,2026-08-17,POSITION,POS_MISSING_BOOKING,Missing upstream booking - position never reflected externally,INTERNAL_BOOK,CUSTODIAN_CONFIRM,TRD102418,TRD102418,1500,0,,actual_quantity,P0,OPEN,0,MORGANSTANLEY-BROKER,EQ-CORE-01,,False,TRAIN
BRK01185,RECON-DAILY,2026-08-14,POSITION,POS_MISSING_BOOKING,Missing upstream booking - position never reflected externally,INTERNAL_BOOK,CUSTODIAN_CONFIRM,TRD102421,TRD102421,500,0,,actual_quantity,P0,OPEN,0,HDFC-CUST,EQ-CORE-02,,False,TRAIN
BRK01186,RECON-DAILY,2026-08-05,TRADE,TRADE_COUNTERPARTY_ID_MISMATCH,Confirmed counterparty identifier differs from booked counterparty,INTERNAL_BOOK,EXTERNAL_CONFIRMATION,TRD102422,TRD102422,KOTAK-CUST,NOMURA-BROKER,,counterparty,P1,OPEN,0,KOTAK-CUST,EQ-ALPHA-03,,True,TRAIN
BRK01187,RECON-DAILY,2026-08-05,SETTLEMENT,SETL_LATE_COUNTERPARTY,Counterparty has not settled by the expected date,INTERNAL_BOOK,CUSTODIAN_CONFIRM,TRD102426,TRD102426,2026-08-05,2026-08-09,,"settlement_date,settlement_status",P1,OPEN,0,NOMURA-BROKER,EQ-ALPHA-03,,True,TRAIN
BRK01188,RECON-DAILY,2026-08-22,TRADE,TRADE_COUNTERPARTY_ID_MISMATCH,Confirmed counterparty identifier differs from booked counterparty,INTERNAL_BOOK,EXTERNAL_CONFIRMATION,TRD102427,TRD102427,DEUTSCHE-BROKER,NOMURA-BROKER,,counterparty,P1,OPEN,0,DEUTSCHE-BROKER,EQ-ALPHA-03,,True,TRAIN
BRK01189,RECON-DAILY,2026-08-19,POSITION,POS_TIMING_DIFFERENCE,"Timing difference - quantities agree, as-of dates don't (expected to self-resolve)",INTERNAL_BOOK,CUSTODIAN_CONFIRM,TRD102429,TRD102429,2026-08-19,2026-08-20,,as_of_date,P2,OPEN,0,KOTAK-CUST,EQ-INDEX-04,,False,TRAIN
BRK01190,RECON-DAILY,2026-08-15,TRADE,TRADE_PRICE_MISMATCH,Confirmed price differs from booked price,INTERNAL_BOOK,EXTERNAL_CONFIRMATION,TRD102431,TRD102431,1685.41,1709.59,,price,P2,OPEN,0,MORGANSTANLEY-BROKER,EQ-CORE-01,,True,TRAIN
BRK01191,RECON-DAILY,2026-08-09,TRADE,CONF_MISSING,External confirmation never received,INTERNAL_BOOK,EXTERNAL_CONFIRMATION,TRD102432,TRD102432,TRD102432,,,confirmation,P0,OPEN,0,NOMURA-BROKER,EQ-CORE-02,,True,TRAIN
BRK01192,RECON-DAILY,2026-08-02,POSITION,CA_INCORRECT_ENTITLEMENT,Corporate action entitlement calculated incorrectly (wrong ratio applied),INTERNAL_BOOK,CUSTODIAN_CONFIRM,TRD102436,TRD102436,1125,1350,,actual_quantity,P1,OPEN,0,DEUTSCHE-BROKER,EQ-CORE-02,MANDATORY,True,TRAIN
BRK01193,RECON-DAILY,2026-08-18,CASH,CASH_MISSING_ENTRY,Expected cash movement never posted,INTERNAL_BOOK,CUSTODIAN_CONFIRM,TRD102437,TRD102437,171760.0,,,amount,P0,OPEN,0,MORGANSTANLEY-BROKER,EQ-CORE-02,,False,TRAIN
BRK01194,RECON-DAILY,2026-08-20,TRADE,TRADE_DATE_MISMATCH,Confirmed trade date differs from booked trade date,INTERNAL_BOOK,EXTERNAL_CONFIRMATION,TRD102439,TRD102439,2026-08-19,2026-08-20,,trade_date,P2,OPEN,0,ICICI-CUST,EQ-ALPHA-03,,True,TRAIN
BRK01195,RECON-DAILY,2026-08-11,CASH,CASH_FX_INPUT_DIFFERENCE,Cash posted in a different currency / at a stale or incorrect FX rate,INTERNAL_BOOK,CUSTODIAN_CONFIRM,TRD102441,TRD102441,6470375.0,6017448.75,,"amount,currency",P2,OPEN,0,DEUTSCHE-BROKER,EQ-CORE-01,,False,TEST
BRK01196,RECON-DAILY,2026-08-08,POSITION,CA_VOLUNTARY_DECISION,"Voluntary corporate action (tender/conversion) pending an election - requires a human business decision, always escalated",INTERNAL_BOOK,CUSTODIAN_CONFIRM,TRD102442,TRD102442,375,250,,actual_quantity,P1,OPEN,0,KOTAK-CUST,EQ-ALPHA-03,VOLUNTARY,True,TRAIN
BRK01197,RECON-DAILY,2026-08-07,POSITION,POS_MISSING_BOOKING,Missing upstream booking - position never reflected externally,INTERNAL_BOOK,CUSTODIAN_CONFIRM,TRD102444,TRD102444,1000,0,,actual_quantity,P0,OPEN,0,NOMURA-BROKER,EQ-INDEX-04,,True,TEST
BRK01198,RECON-DAILY,2026-08-06,POSITION,POS_MISSING_BOOKING,Missing upstream booking - position never reflected externally,INTERNAL_BOOK,CUSTODIAN_CONFIRM,TRD102445,TRD102445,250,0,,actual_quantity,P0,OPEN,0,DEUTSCHE-BROKER,EQ-CORE-01,,False,TRAIN
BRK01199,RECON-DAILY,2026-08-15,TRADE,TRADE_DATE_MISMATCH,Confirmed trade date differs from booked trade date,INTERNAL_BOOK,EXTERNAL_CONFIRMATION,TRD102447,TRD102447,2026-08-14,2026-08-15,,trade_date,P2,OPEN,0,HDFC-CUST,EQ-INDEX-04,,True,TRAIN
BRK01200,RECON-DAILY,2026-08-20,CASH,CASH_FX_INPUT_DIFFERENCE,Cash posted in a different currency / at a stale or incorrect FX rate,INTERNAL_BOOK,CUSTODIAN_CONFIRM,TRD102449,TRD102449,3395240.0,3463144.8,,"amount,currency",P2,OPEN,0,ICICI-CUST,EQ-CORE-02,,False,TRAIN
BRK01201,RECON-DAILY,2026-08-09,POSITION,CA_VOLUNTARY_DECISION,"Voluntary corporate action (tender/conversion) pending an election - requires a human business decision, always escalated",INTERNAL_BOOK,CUSTODIAN_CONFIRM,TRD102451,TRD102451,750,250,,actual_quantity,P1,OPEN,0,HDFC-CUST,EQ-CORE-02,VOLUNTARY,True,TEST
BRK01202,RECON-DAILY,2026-08-19,CASH,CASH_MISSING_ENTRY,Expected cash movement never posted,INTERNAL_BOOK,CUSTODIAN_CONFIRM,TRD102452,TRD102452,734128.0,,,amount,P0,OPEN,0,ICICI-CUST,EQ-ALPHA-03,,False,TRAIN
BRK01203,RECON-DAILY,2026-08-06,CASH,CASH_WRONG_AMOUNT,Cash amount posted differs from expected trade value by a non-round amount,INTERNAL_BOOK,CUSTODIAN_CONFIRM,TRD102453,TRD102453,929040.0,1179880.8,,amount,P1,OPEN,0,HDFC-CUST,EQ-CORE-01,,False,TRAIN
BRK01204,RECON-DAILY,2026-08-22,TRADE,TRADE_DATE_MISMATCH,Confirmed trade date differs from booked trade date,INTERNAL_BOOK,EXTERNAL_CONFIRMATION,TRD102458,TRD102458,2026-08-21,2026-08-22,,trade_date,P2,OPEN,0,MORGANSTANLEY-BROKER,EQ-CORE-01,,True,TRAIN
BRK01205,RECON-DAILY,2026-08-13,TRADE,TRADE_QUANTITY_MISMATCH,Confirmed quantity differs from booked quantity,INTERNAL_BOOK,EXTERNAL_CONFIRMATION,TRD102460,TRD102460,100,300,,quantity,P1,OPEN,0,KOTAK-CUST,EQ-INDEX-04,,True,TRAIN
BRK01206,RECON-DAILY,2026-08-10,POSITION,POS_TIMING_DIFFERENCE,"Timing difference - quantities agree, as-of dates don't (expected to self-resolve)",INTERNAL_BOOK,CUSTODIAN_CONFIRM,TRD102461,TRD102461,2026-08-10,2026-08-11,,as_of_date,P2,OPEN,0,HDFC-CUST,EQ-CORE-01,,False,TRAIN
BRK01207,RECON-DAILY,2026-08-03,TRADE,TRADE_QUANTITY_MISMATCH,Confirmed quantity differs from booked quantity,INTERNAL_BOOK,EXTERNAL_CONFIRMATION,TRD102464,TRD102464,1500,1550,,quantity,P1,OPEN,0,MORGANSTANLEY-BROKER,EQ-CORE-01,,True,TRAIN
BRK01208,RECON-DAILY,2026-08-14,TRADE,CONF_MISSING,External confirmation never received,INTERNAL_BOOK,EXTERNAL_CONFIRMATION,TRD102466,TRD102466,TRD102466,,,confirmation,P0,OPEN,0,DEUTSCHE-BROKER,EQ-CORE-01,,True,TRAIN
BRK01209,RECON-DAILY,2026-08-07,TRADE,TRADE_QUANTITY_MISMATCH,Confirmed quantity differs from booked quantity,INTERNAL_BOOK,EXTERNAL_CONFIRMATION,TRD102468,TRD102468,100,50,,quantity,P1,OPEN,0,MORGANSTANLEY-BROKER,EQ-INDEX-04,,True,TRAIN
BRK01210,RECON-DAILY,2026-08-03,POSITION,POS_WRONG_QUANTITY,Wrong quantity - external position differs by a non-round amount,INTERNAL_BOOK,CUSTODIAN_CONFIRM,TRD102469,TRD102469,100,124,,actual_quantity,P1,OPEN,0,DEUTSCHE-BROKER,EQ-CORE-02,,False,TRAIN
BRK01211,RECON-DAILY,2026-08-02,CASH,CASH_FX_INPUT_DIFFERENCE,Cash posted in a different currency / at a stale or incorrect FX rate,INTERNAL_BOOK,CUSTODIAN_CONFIRM,TRD102470,TRD102470,3384800.0,3503268.0,,"amount,currency",P2,OPEN,0,MORGANSTANLEY-BROKER,EQ-CORE-02,,False,TRAIN
BRK01212,RECON-DAILY,2026-08-18,TRADE,CONF_DISAGREEMENT,External confirmation received but disagrees with the booking on multiple fields,INTERNAL_BOOK,EXTERNAL_CONFIRMATION,TRD102472,TRD102472,"qty=200,price=13030.65","qty=125,price=13199.82",,"quantity,price",P1,OPEN,0,NOMURA-BROKER,EQ-CORE-01,,True,TRAIN
BRK01213,RECON-DAILY,2026-08-14,TRADE,TRADE_PRICE_MISMATCH,Confirmed price differs from booked price,INTERNAL_BOOK,EXTERNAL_CONFIRMATION,TRD102474,TRD102474,172.48,176.57,,price,P2,OPEN,0,NOMURA-BROKER,EQ-CORE-02,,True,TRAIN
BRK01214,RECON-DAILY,2026-08-11,TRADE,TRADE_QUANTITY_MISMATCH,Confirmed quantity differs from booked quantity,INTERNAL_BOOK,EXTERNAL_CONFIRMATION,TRD102478,TRD102478,1500,1700,,quantity,P1,OPEN,0,KOTAK-CUST,EQ-CORE-01,,True,TRAIN
BRK01215,RECON-DAILY,2026-08-03,POSITION,CA_INCORRECT_ENTITLEMENT,Corporate action entitlement calculated incorrectly (wrong ratio applied),INTERNAL_BOOK,CUSTODIAN_CONFIRM,TRD102480,TRD102480,3000,2800,,actual_quantity,P1,OPEN,0,HDFC-CUST,EQ-INDEX-04,MANDATORY,True,TRAIN
BRK01216,RECON-DAILY,2026-08-07,POSITION,POS_WRONG_QUANTITY,Wrong quantity - external position differs by a non-round amount,INTERNAL_BOOK,CUSTODIAN_CONFIRM,TRD102481,TRD102481,1000,1170,,actual_quantity,P1,OPEN,0,KOTAK-CUST,EQ-CORE-02,,False,TRAIN
BRK01217,RECON-DAILY,2026-08-05,TRADE,TRADE_PRICE_MISMATCH,Confirmed price differs from booked price,INTERNAL_BOOK,EXTERNAL_CONFIRMATION,TRD102483,TRD102483,3690.16,3756.94,,price,P2,OPEN,0,KOTAK-CUST,EQ-CORE-02,,True,TRAIN
BRK01218,RECON-DAILY,2026-08-03,POSITION,POS_MISSING_BOOKING,Missing upstream booking - position never reflected externally,INTERNAL_BOOK,CUSTODIAN_CONFIRM,TRD102485,TRD102485,750,0,,actual_quantity,P0,OPEN,0,KOTAK-CUST,EQ-CORE-02,,True,TRAIN
BRK01219,RECON-DAILY,2026-08-08,CASH,CASH_DUPLICATE_ENTRY,Same cash movement posted twice,INTERNAL_BOOK,CUSTODIAN_CONFIRM,TRD102489,TRD102489,335478.0,670956.0,,"amount,cash_id",P1,OPEN,0,DEUTSCHE-BROKER,EQ-CORE-02,,False,TRAIN
BRK01220,RECON-DAILY,2026-08-12,SETTLEMENT,SETL_WRONG_SSI,Settlement instruction references the wrong SSI/beneficiary account - the payment-failure flagship scenario,INTERNAL_BOOK,CUSTODIAN_CONFIRM,TRD102491,TRD102491,SSI-DE-5510,SSI-IN-0091,,ssi_code,P0,OPEN,0,DEUTSCHE-BROKER,EQ-CORE-01,,True,TRAIN
BRK01221,RECON-DAILY,2026-08-18,CASH,CASH_WRONG_AMOUNT,Cash amount posted differs from expected trade value by a non-round amount,INTERNAL_BOOK,CUSTODIAN_CONFIRM,TRD102492,TRD102492,5535615.0,7030231.05,,amount,P1,OPEN,0,ICICI-CUST,EQ-CORE-01,,True,TEST
BRK01222,RECON-DAILY,2026-08-02,CASH,CASH_WRONG_AMOUNT,Cash amount posted differs from expected trade value by a non-round amount,INTERNAL_BOOK,CUSTODIAN_CONFIRM,TRD102493,TRD102493,168353.0,213808.31,,amount,P1,OPEN,0,MORGANSTANLEY-BROKER,EQ-CORE-01,,False,TRAIN
BRK01223,RECON-DAILY,2026-08-22,POSITION,POS_WRONG_QUANTITY,Wrong quantity - external position differs by a non-round amount,INTERNAL_BOOK,CUSTODIAN_CONFIRM,TRD102495,TRD102495,1500,1035,,actual_quantity,P1,OPEN,0,NOMURA-BROKER,EQ-INDEX-04,,False,TRAIN
BRK01224,RECON-DAILY,2026-08-15,SETTLEMENT,SETL_INCORRECT_DATE,Settlement recorded against the wrong date (holiday-calendar-style off-by-one),INTERNAL_BOOK,CUSTODIAN_CONFIRM,TRD102504,TRD102504,2026-08-15,2026-08-16,,settlement_date,P2,OPEN,0,DEUTSCHE-BROKER,EQ-CORE-01,,True,TRAIN
BRK01225,RECON-DAILY,2026-08-02,CASH,CASH_WRONG_AMOUNT,Cash amount posted differs from expected trade value by a non-round amount,INTERNAL_BOOK,CUSTODIAN_CONFIRM,TRD102505,TRD102505,1029430.0,1142667.3,,amount,P1,OPEN,0,ICICI-CUST,EQ-CORE-02,,True,TEST
BRK01226,RECON-DAILY,2026-08-19,TRADE,TRADE_COUNTERPARTY_ID_MISMATCH,Confirmed counterparty identifier differs from booked counterparty,INTERNAL_BOOK,EXTERNAL_CONFIRMATION,TRD102512,TRD102512,NOMURA-BROKER,ICICI-CUST,,counterparty,P1,OPEN,0,NOMURA-BROKER,EQ-CORE-02,,True,TRAIN
BRK01227,RECON-DAILY,2026-08-13,POSITION,POS_MISSING_BOOKING,Missing upstream booking - position never reflected externally,INTERNAL_BOOK,CUSTODIAN_CONFIRM,TRD102513,TRD102513,500,0,,actual_quantity,P0,OPEN,0,MORGANSTANLEY-BROKER,EQ-CORE-01,,False,TRAIN
BRK01228,RECON-DAILY,2026-08-11,TRADE,TRADE_DATE_MISMATCH,Confirmed trade date differs from booked trade date,INTERNAL_BOOK,EXTERNAL_CONFIRMATION,TRD102517,TRD102517,2026-08-10,2026-08-11,,trade_date,P2,OPEN,0,MORGANSTANLEY-BROKER,EQ-INDEX-04,,True,TRAIN
BRK01229,RECON-DAILY,2026-08-11,TRADE,CONF_DISAGREEMENT,External confirmation received but disagrees with the booking on multiple fields,INTERNAL_BOOK,EXTERNAL_CONFIRMATION,TRD102519,TRD102519,"qty=1000,price=1891.54","qty=925,price=1924.66",,"quantity,price",P1,OPEN,0,ICICI-CUST,EQ-ALPHA-03,,True,TEST
BRK01230,RECON-DAILY,2026-08-02,TRADE,TRADE_PRICE_MISMATCH,Confirmed price differs from booked price,INTERNAL_BOOK,EXTERNAL_CONFIRMATION,TRD102521,TRD102521,1688.84,1728.95,,price,P2,OPEN,0,MORGANSTANLEY-BROKER,EQ-INDEX-04,,True,TRAIN
BRK01231,RECON-DAILY,2026-08-09,POSITION,CA_VOLUNTARY_DECISION,"Voluntary corporate action (tender/conversion) pending an election - requires a human business decision, always escalated",INTERNAL_BOOK,CUSTODIAN_CONFIRM,TRD102523,TRD102523,1000,500,,actual_quantity,P1,OPEN,0,MORGANSTANLEY-BROKER,EQ-CORE-02,VOLUNTARY,True,TRAIN
BRK01232,RECON-DAILY,2026-08-18,POSITION,POS_WRONG_QUANTITY,Wrong quantity - external position differs by a non-round amount,INTERNAL_BOOK,CUSTODIAN_CONFIRM,TRD102524,TRD102524,1000,1170,,actual_quantity,P1,OPEN,0,HDFC-CUST,EQ-CORE-01,,False,TRAIN
BRK01233,RECON-DAILY,2026-08-10,CASH,CASH_MISSING_ENTRY,Expected cash movement never posted,INTERNAL_BOOK,CUSTODIAN_CONFIRM,TRD102527,TRD102527,919432.5,,,amount,P0,OPEN,0,ICICI-CUST,EQ-INDEX-04,,False,TEST
BRK01234,RECON-DAILY,2026-08-18,TRADE,TRADE_COUNTERPARTY_ID_MISMATCH,Confirmed counterparty identifier differs from booked counterparty,INTERNAL_BOOK,EXTERNAL_CONFIRMATION,TRD102529,TRD102529,KOTAK-CUST,HDFC-CUST,,counterparty,P1,OPEN,0,KOTAK-CUST,EQ-ALPHA-03,,True,TRAIN
BRK01235,RECON-DAILY,2026-08-10,TRADE,TRADE_DATE_MISMATCH,Confirmed trade date differs from booked trade date,INTERNAL_BOOK,EXTERNAL_CONFIRMATION,TRD102531,TRD102531,2026-08-09,2026-08-10,,trade_date,P2,OPEN,0,NOMURA-BROKER,EQ-CORE-01,,True,TRAIN
BRK01236,RECON-DAILY,2026-08-04,POSITION,POS_TIMING_DIFFERENCE,"Timing difference - quantities agree, as-of dates don't (expected to self-resolve)",INTERNAL_BOOK,CUSTODIAN_CONFIRM,TRD102535,TRD102535,2026-08-04,2026-08-05,,as_of_date,P2,OPEN,0,DEUTSCHE-BROKER,EQ-CORE-01,,False,TRAIN
BRK01237,RECON-DAILY,2026-08-22,CASH,CASH_FX_INPUT_DIFFERENCE,Cash posted in a different currency / at a stale or incorrect FX rate,INTERNAL_BOOK,CUSTODIAN_CONFIRM,TRD102537,TRD102537,705270.0,677059.2,,"amount,currency",P2,OPEN,0,MORGANSTANLEY-BROKER,EQ-CORE-02,,False,TRAIN
BRK01238,RECON-DAILY,2026-08-16,CASH,CASH_WRONG_AMOUNT,Cash amount posted differs from expected trade value by a non-round amount,INTERNAL_BOOK,CUSTODIAN_CONFIRM,TRD102540,TRD102540,420732.5,382866.58,,amount,P1,OPEN,0,HDFC-CUST,EQ-INDEX-04,,False,TRAIN
BRK01239,RECON-DAILY,2026-08-19,TRADE,TRADE_DATE_MISMATCH,Confirmed trade date differs from booked trade date,INTERNAL_BOOK,EXTERNAL_CONFIRMATION,TRD102543,TRD102543,2026-08-18,2026-08-19,,trade_date,P2,OPEN,0,KOTAK-CUST,EQ-CORE-01,,True,TEST
BRK01240,RECON-DAILY,2026-08-14,POSITION,POS_MISSING_BOOKING,Missing upstream booking - position never reflected externally,INTERNAL_BOOK,CUSTODIAN_CONFIRM,TRD102545,TRD102545,250,0,,actual_quantity,P0,OPEN,0,ICICI-CUST,EQ-INDEX-04,,False,TRAIN
BRK01241,RECON-DAILY,2026-08-05,POSITION,POS_MISSING_BOOKING,Missing upstream booking - position never reflected externally,INTERNAL_BOOK,CUSTODIAN_CONFIRM,TRD102547,TRD102547,250,0,,actual_quantity,P0,OPEN,0,HDFC-CUST,EQ-INDEX-04,,True,TRAIN
BRK01242,RECON-DAILY,2026-08-17,CASH,CASH_FX_INPUT_DIFFERENCE,Cash posted in a different currency / at a stale or incorrect FX rate,INTERNAL_BOOK,CUSTODIAN_CONFIRM,TRD102548,TRD102548,12932280.0,13837539.6,,"amount,currency",P2,OPEN,0,MORGANSTANLEY-BROKER,EQ-ALPHA-03,,False,TRAIN
BRK01243,RECON-DAILY,2026-08-07,TRADE,TRADE_COUNTERPARTY_ID_MISMATCH,Confirmed counterparty identifier differs from booked counterparty,INTERNAL_BOOK,EXTERNAL_CONFIRMATION,TRD102554,TRD102554,NOMURA-BROKER,DEUTSCHE-BROKER,,counterparty,P1,OPEN,0,NOMURA-BROKER,EQ-CORE-01,,True,TRAIN
BRK01244,RECON-DAILY,2026-08-08,CASH,CASH_DUPLICATE_ENTRY,Same cash movement posted twice,INTERNAL_BOOK,CUSTODIAN_CONFIRM,TRD102555,TRD102555,42940.0,85880.0,,"amount,cash_id",P1,OPEN,0,KOTAK-CUST,EQ-INDEX-04,,False,TRAIN
BRK01245,RECON-DAILY,2026-08-17,POSITION,CA_INCORRECT_ENTITLEMENT,Corporate action entitlement calculated incorrectly (wrong ratio applied),INTERNAL_BOOK,CUSTODIAN_CONFIRM,TRD102556,TRD102556,1500,1200,,actual_quantity,P1,OPEN,0,NOMURA-BROKER,EQ-INDEX-04,MANDATORY,True,TRAIN
BRK01246,RECON-DAILY,2026-08-09,TRADE,TRADE_QUANTITY_MISMATCH,Confirmed quantity differs from booked quantity,INTERNAL_BOOK,EXTERNAL_CONFIRMATION,TRD102557,TRD102557,1500,1600,,quantity,P1,OPEN,0,MORGANSTANLEY-BROKER,EQ-CORE-02,,True,TRAIN
BRK01247,RECON-DAILY,2026-08-12,POSITION,CA_INCORRECT_ENTITLEMENT,Corporate action entitlement calculated incorrectly (wrong ratio applied),INTERNAL_BOOK,CUSTODIAN_CONFIRM,TRD102558,TRD102558,375,450,,actual_quantity,P1,OPEN,0,DEUTSCHE-BROKER,EQ-CORE-01,MANDATORY,True,TRAIN
BRK01248,RECON-DAILY,2026-08-02,CASH,CASH_WRONG_AMOUNT,Cash amount posted differs from expected trade value by a non-round amount,INTERNAL_BOOK,CUSTODIAN_CONFIRM,TRD102559,TRD102559,3365800.0,3062878.0,,amount,P1,OPEN,0,DEUTSCHE-BROKER,EQ-INDEX-04,,False,TEST
BRK01249,RECON-DAILY,2026-08-18,TRADE,TRADE_COUNTERPARTY_ID_MISMATCH,Confirmed counterparty identifier differs from booked counterparty,INTERNAL_BOOK,EXTERNAL_CONFIRMATION,TRD102565,TRD102565,NOMURA-BROKER,DEUTSCHE-BROKER,,counterparty,P1,OPEN,0,NOMURA-BROKER,EQ-CORE-02,,True,TRAIN
BRK01250,RECON-DAILY,2026-08-19,CASH,CASH_WRONG_AMOUNT,Cash amount posted differs from expected trade value by a non-round amount,INTERNAL_BOOK,CUSTODIAN_CONFIRM,TRD102567,TRD102567,2515905.0,2289473.55,,amount,P1,OPEN,0,KOTAK-CUST,EQ-CORE-01,,True,TRAIN
BRK01251,RECON-DAILY,2026-08-11,TRADE,CONF_MISSING,External confirmation never received,INTERNAL_BOOK,EXTERNAL_CONFIRMATION,TRD102569,TRD102569,TRD102569,,,confirmation,P0,OPEN,0,NOMURA-BROKER,EQ-CORE-02,,True,TRAIN
BRK01252,RECON-DAILY,2026-08-21,CASH,CASH_WRONG_AMOUNT,Cash amount posted differs from expected trade value by a non-round amount,INTERNAL_BOOK,CUSTODIAN_CONFIRM,TRD102570,TRD102570,173050.0,141901.0,,amount,P1,OPEN,0,MORGANSTANLEY-BROKER,EQ-CORE-01,,True,TRAIN
BRK01253,RECON-DAILY,2026-08-19,POSITION,POS_WRONG_QUANTITY,Wrong quantity - external position differs by a non-round amount,INTERNAL_BOOK,CUSTODIAN_CONFIRM,TRD102571,TRD102571,1000,870,,actual_quantity,P1,OPEN,0,MORGANSTANLEY-BROKER,EQ-INDEX-04,,False,TRAIN
BRK01254,RECON-DAILY,2026-08-19,SETTLEMENT,SETL_LATE_COUNTERPARTY,Counterparty has not settled by the expected date,INTERNAL_BOOK,CUSTODIAN_CONFIRM,TRD102577,TRD102577,2026-08-19,2026-08-22,,"settlement_date,settlement_status",P1,OPEN,0,KOTAK-CUST,EQ-CORE-01,,True,TRAIN
BRK01255,RECON-DAILY,2026-08-12,SETTLEMENT,SETL_LATE_COUNTERPARTY,Counterparty has not settled by the expected date,INTERNAL_BOOK,CUSTODIAN_CONFIRM,TRD102581,TRD102581,2026-08-12,2026-08-14,,"settlement_date,settlement_status",P1,OPEN,0,KOTAK-CUST,EQ-ALPHA-03,,True,TRAIN
BRK01256,RECON-DAILY,2026-08-14,SETTLEMENT,SETL_INCORRECT_DATE,Settlement recorded against the wrong date (holiday-calendar-style off-by-one),INTERNAL_BOOK,CUSTODIAN_CONFIRM,TRD102582,TRD102582,2026-08-14,2026-08-15,,settlement_date,P2,OPEN,0,HDFC-CUST,EQ-CORE-02,,True,TRAIN
BRK01257,RECON-DAILY,2026-08-09,CASH,CASH_DUPLICATE_ENTRY,Same cash movement posted twice,INTERNAL_BOOK,CUSTODIAN_CONFIRM,TRD102583,TRD102583,9704400.0,19408800.0,,"amount,cash_id",P1,OPEN,0,NOMURA-BROKER,EQ-CORE-02,,False,TRAIN
BRK01258,RECON-DAILY,2026-08-20,TRADE,TRADE_DATE_MISMATCH,Confirmed trade date differs from booked trade date,INTERNAL_BOOK,EXTERNAL_CONFIRMATION,TRD102586,TRD102586,2026-08-19,2026-08-20,,trade_date,P2,OPEN,0,HDFC-CUST,EQ-INDEX-04,,True,TRAIN
BRK01259,RECON-DAILY,2026-08-14,SETTLEMENT,SETL_LATE_COUNTERPARTY,Counterparty has not settled by the expected date,INTERNAL_BOOK,CUSTODIAN_CONFIRM,TRD102589,TRD102589,2026-08-14,2026-08-16,,"settlement_date,settlement_status",P1,OPEN,0,MORGANSTANLEY-BROKER,EQ-ALPHA-03,,True,TRAIN
BRK01260,RECON-DAILY,2026-08-11,POSITION,POS_TIMING_DIFFERENCE,"Timing difference - quantities agree, as-of dates don't (expected to self-resolve)",INTERNAL_BOOK,CUSTODIAN_CONFIRM,TRD102590,TRD102590,2026-08-11,2026-08-12,,as_of_date,P2,OPEN,0,KOTAK-CUST,EQ-CORE-02,,False,TRAIN
BRK01261,RECON-DAILY,2026-08-05,TRADE,CONF_DISAGREEMENT,External confirmation received but disagrees with the booking on multiple fields,INTERNAL_BOOK,EXTERNAL_CONFIRMATION,TRD102591,TRD102591,"qty=750,price=1677.35","qty=675,price=1701.7",,"quantity,price",P1,OPEN,0,NOMURA-BROKER,EQ-CORE-01,,True,TRAIN
BRK01262,RECON-DAILY,2026-08-17,TRADE,CONF_MISSING,External confirmation never received,INTERNAL_BOOK,EXTERNAL_CONFIRMATION,TRD102596,TRD102596,TRD102596,,,confirmation,P0,OPEN,0,NOMURA-BROKER,EQ-CORE-01,,True,TRAIN
BRK01263,RECON-DAILY,2026-08-12,TRADE,TRADE_QUANTITY_MISMATCH,Confirmed quantity differs from booked quantity,INTERNAL_BOOK,EXTERNAL_CONFIRMATION,TRD102597,TRD102597,1500,1450,,quantity,P1,OPEN,0,ICICI-CUST,EQ-CORE-01,,True,TEST
BRK01264,RECON-DAILY,2026-08-22,POSITION,CA_INCORRECT_ENTITLEMENT,Corporate action entitlement calculated incorrectly (wrong ratio applied),INTERNAL_BOOK,CUSTODIAN_CONFIRM,TRD102598,TRD102598,375,425,,actual_quantity,P1,OPEN,0,ICICI-CUST,EQ-ALPHA-03,MANDATORY,True,TRAIN
BRK01265,RECON-DAILY,2026-08-18,SETTLEMENT,SETL_WRONG_SSI,Settlement instruction references the wrong SSI/beneficiary account - the payment-failure flagship scenario,INTERNAL_BOOK,CUSTODIAN_CONFIRM,TRD102601,TRD102601,SSI-US-7742,SSI-JP-3389,,ssi_code,P0,OPEN,0,MORGANSTANLEY-BROKER,EQ-ALPHA-03,,True,TEST
BRK01266,RECON-DAILY,2026-08-19,TRADE,TRADE_COUNTERPARTY_ID_MISMATCH,Confirmed counterparty identifier differs from booked counterparty,INTERNAL_BOOK,EXTERNAL_CONFIRMATION,TRD102602,TRD102602,DEUTSCHE-BROKER,ICICI-CUST,,counterparty,P1,OPEN,0,DEUTSCHE-BROKER,EQ-INDEX-04,,True,TRAIN
BRK01267,RECON-DAILY,2026-08-12,SETTLEMENT,SETL_MISSING_INSTRUCTION,No settlement instruction was ever issued,INTERNAL_BOOK,CUSTODIAN_CONFIRM,TRD102604,TRD102604,INSTRUCTED,MISSING,,instruction_status,P0,OPEN,0,MORGANSTANLEY-BROKER,EQ-ALPHA-03,,True,TRAIN
BRK01268,RECON-DAILY,2026-08-21,SETTLEMENT,SETL_INCORRECT_DATE,Settlement recorded against the wrong date (holiday-calendar-style off-by-one),INTERNAL_BOOK,CUSTODIAN_CONFIRM,TRD102606,TRD102606,2026-08-21,2026-08-22,,settlement_date,P2,OPEN,0,ICICI-CUST,EQ-CORE-01,,True,TRAIN
BRK01269,RECON-DAILY,2026-08-09,CASH,CASH_WRONG_AMOUNT,Cash amount posted differs from expected trade value by a non-round amount,INTERNAL_BOOK,CUSTODIAN_CONFIRM,TRD102608,TRD102608,2056575.0,2282798.25,,amount,P1,OPEN,0,MORGANSTANLEY-BROKER,EQ-CORE-02,,False,TRAIN
BRK01270,RECON-DAILY,2026-08-05,TRADE,TRADE_COUNTERPARTY_ID_MISMATCH,Confirmed counterparty identifier differs from booked counterparty,INTERNAL_BOOK,EXTERNAL_CONFIRMATION,TRD102609,TRD102609,KOTAK-CUST,DEUTSCHE-BROKER,,counterparty,P1,OPEN,0,KOTAK-CUST,EQ-ALPHA-03,,True,TRAIN
BRK01271,RECON-DAILY,2026-08-11,SETTLEMENT,SETL_WRONG_SSI,Settlement instruction references the wrong SSI/beneficiary account - the payment-failure flagship scenario,INTERNAL_BOOK,CUSTODIAN_CONFIRM,TRD102611,TRD102611,SSI-IN-0203,SSI-IN-0091,,ssi_code,P0,OPEN,0,KOTAK-CUST,EQ-ALPHA-03,,True,TEST
BRK01272,RECON-DAILY,2026-08-11,POSITION,POS_TIMING_DIFFERENCE,"Timing difference - quantities agree, as-of dates don't (expected to self-resolve)",INTERNAL_BOOK,CUSTODIAN_CONFIRM,TRD102614,TRD102614,2026-08-11,2026-08-12,,as_of_date,P2,OPEN,0,HDFC-CUST,EQ-CORE-01,,False,TRAIN
BRK01273,RECON-DAILY,2026-08-05,SETTLEMENT,SETL_INCORRECT_DATE,Settlement recorded against the wrong date (holiday-calendar-style off-by-one),INTERNAL_BOOK,CUSTODIAN_CONFIRM,TRD102615,TRD102615,2026-08-05,2026-08-06,,settlement_date,P2,OPEN,0,NOMURA-BROKER,EQ-CORE-02,,True,TRAIN
BRK01274,RECON-DAILY,2026-08-21,CASH,CASH_DUPLICATE_ENTRY,Same cash movement posted twice,INTERNAL_BOOK,CUSTODIAN_CONFIRM,TRD102616,TRD102616,2586298.0,5172596.0,,"amount,cash_id",P1,OPEN,0,HDFC-CUST,EQ-CORE-01,,False,TRAIN
BRK01275,RECON-DAILY,2026-08-02,CASH,CASH_MISSING_ENTRY,Expected cash movement never posted,INTERNAL_BOOK,CUSTODIAN_CONFIRM,TRD102617,TRD102617,235008.0,,,amount,P0,OPEN,0,ICICI-CUST,EQ-CORE-02,,True,TRAIN
BRK01276,RECON-DAILY,2026-08-19,TRADE,TRADE_COUNTERPARTY_ID_MISMATCH,Confirmed counterparty identifier differs from booked counterparty,INTERNAL_BOOK,EXTERNAL_CONFIRMATION,TRD102618,TRD102618,DEUTSCHE-BROKER,HDFC-CUST,,counterparty,P1,OPEN,0,DEUTSCHE-BROKER,EQ-ALPHA-03,,True,TRAIN
BRK01277,RECON-DAILY,2026-08-14,SETTLEMENT,SETL_LATE_COUNTERPARTY,Counterparty has not settled by the expected date,INTERNAL_BOOK,CUSTODIAN_CONFIRM,TRD102619,TRD102619,2026-08-14,2026-08-16,,"settlement_date,settlement_status",P1,OPEN,0,MORGANSTANLEY-BROKER,EQ-CORE-01,,True,TRAIN
BRK01278,RECON-DAILY,2026-08-17,TRADE,CONF_MISSING,External confirmation never received,INTERNAL_BOOK,EXTERNAL_CONFIRMATION,TRD102620,TRD102620,TRD102620,,,confirmation,P0,OPEN,0,DEUTSCHE-BROKER,EQ-ALPHA-03,,True,TRAIN
BRK01279,RECON-DAILY,2026-08-10,TRADE,CONF_DISAGREEMENT,External confirmation received but disagrees with the booking on multiple fields,INTERNAL_BOOK,EXTERNAL_CONFIRMATION,TRD102621,TRD102621,"qty=1000,price=610.73","qty=925,price=618.53",,"quantity,price",P1,OPEN,0,DEUTSCHE-BROKER,EQ-CORE-02,,True,TRAIN
BRK01280,RECON-DAILY,2026-08-21,CASH,CASH_WRONG_AMOUNT,Cash amount posted differs from expected trade value by a non-round amount,INTERNAL_BOOK,CUSTODIAN_CONFIRM,TRD102622,TRD102622,188700.0,154734.0,,amount,P1,OPEN,0,ICICI-CUST,EQ-INDEX-04,,False,TEST
BRK01281,RECON-DAILY,2026-08-14,POSITION,CA_VOLUNTARY_DECISION,"Voluntary corporate action (tender/conversion) pending an election - requires a human business decision, always escalated",INTERNAL_BOOK,CUSTODIAN_CONFIRM,TRD102623,TRD102623,1500,500,,actual_quantity,P1,OPEN,0,ICICI-CUST,EQ-CORE-02,VOLUNTARY,True,TRAIN
BRK01282,RECON-DAILY,2026-08-16,POSITION,CA_MANDATORY_NOT_REFLECTED,"Mandatory corporate action (split/bonus) not yet reflected externally - mechanical, auto-correctable",INTERNAL_BOOK,CUSTODIAN_CONFIRM,TRD102624,TRD102624,3000,2000,,actual_quantity,P1,OPEN,0,NOMURA-BROKER,EQ-CORE-02,MANDATORY,True,TRAIN
BRK01283,RECON-DAILY,2026-08-22,SETTLEMENT,SETL_LATE_COUNTERPARTY,Counterparty has not settled by the expected date,INTERNAL_BOOK,CUSTODIAN_CONFIRM,TRD102625,TRD102625,2026-08-22,2026-08-27,,"settlement_date,settlement_status",P1,OPEN,0,MORGANSTANLEY-BROKER,EQ-CORE-02,,True,TRAIN
BRK01284,RECON-DAILY,2026-08-20,SETTLEMENT,SETL_LATE_COUNTERPARTY,Counterparty has not settled by the expected date,INTERNAL_BOOK,CUSTODIAN_CONFIRM,TRD102626,TRD102626,2026-08-20,2026-08-24,,"settlement_date,settlement_status",P1,OPEN,0,MORGANSTANLEY-BROKER,EQ-CORE-02,,True,TRAIN
BRK01285,RECON-DAILY,2026-08-11,CASH,CASH_DUPLICATE_ENTRY,Same cash movement posted twice,INTERNAL_BOOK,CUSTODIAN_CONFIRM,TRD102629,TRD102629,1370330.0,2740660.0,,"amount,cash_id",P1,OPEN,0,KOTAK-CUST,EQ-INDEX-04,,False,TRAIN
BRK01286,RECON-DAILY,2026-08-20,TRADE,TRADE_PRICE_MISMATCH,Confirmed price differs from booked price,INTERNAL_BOOK,EXTERNAL_CONFIRMATION,TRD102631,TRD102631,1246.28,1271.59,,price,P2,OPEN,0,KOTAK-CUST,EQ-ALPHA-03,,True,TEST
BRK01287,RECON-DAILY,2026-08-12,POSITION,CA_INCORRECT_ENTITLEMENT,Corporate action entitlement calculated incorrectly (wrong ratio applied),INTERNAL_BOOK,CUSTODIAN_CONFIRM,TRD102635,TRD102635,6000,6400,,actual_quantity,P1,OPEN,0,HDFC-CUST,EQ-CORE-02,MANDATORY,True,TRAIN
BRK01288,RECON-DAILY,2026-08-05,SETTLEMENT,SETL_INCORRECT_DATE,Settlement recorded against the wrong date (holiday-calendar-style off-by-one),INTERNAL_BOOK,CUSTODIAN_CONFIRM,TRD102636,TRD102636,2026-08-05,2026-08-06,,settlement_date,P2,OPEN,0,HDFC-CUST,EQ-ALPHA-03,,True,TRAIN
BRK01289,RECON-DAILY,2026-08-16,POSITION,CA_INCORRECT_ENTITLEMENT,Corporate action entitlement calculated incorrectly (wrong ratio applied),INTERNAL_BOOK,CUSTODIAN_CONFIRM,TRD102638,TRD102638,6000,6600,,actual_quantity,P1,OPEN,0,MORGANSTANLEY-BROKER,EQ-INDEX-04,MANDATORY,True,TRAIN
BRK01290,RECON-DAILY,2026-08-13,CASH,CASH_DUPLICATE_ENTRY,Same cash movement posted twice,INTERNAL_BOOK,CUSTODIAN_CONFIRM,TRD102639,TRD102639,979740.0,1959480.0,,"amount,cash_id",P1,OPEN,0,NOMURA-BROKER,EQ-ALPHA-03,,False,TEST
BRK01291,RECON-DAILY,2026-08-07,SETTLEMENT,SETL_WRONG_SSI,Settlement instruction references the wrong SSI/beneficiary account - the payment-failure flagship scenario,INTERNAL_BOOK,CUSTODIAN_CONFIRM,TRD102642,TRD102642,SSI-IN-0147,SSI-IN-0203,,ssi_code,P0,OPEN,0,HDFC-CUST,EQ-CORE-01,,True,TRAIN
BRK01292,RECON-DAILY,2026-08-07,TRADE,TRADE_DATE_MISMATCH,Confirmed trade date differs from booked trade date,INTERNAL_BOOK,EXTERNAL_CONFIRMATION,TRD102643,TRD102643,2026-08-06,2026-08-07,,trade_date,P2,OPEN,0,NOMURA-BROKER,EQ-ALPHA-03,,True,TEST
BRK01293,RECON-DAILY,2026-08-10,SETTLEMENT,SETL_LATE_COUNTERPARTY,Counterparty has not settled by the expected date,INTERNAL_BOOK,CUSTODIAN_CONFIRM,TRD102644,TRD102644,2026-08-10,2026-08-15,,"settlement_date,settlement_status",P1,OPEN,0,NOMURA-BROKER,EQ-CORE-02,,True,TRAIN
BRK01294,RECON-DAILY,2026-08-20,TRADE,CONF_MISSING,External confirmation never received,INTERNAL_BOOK,EXTERNAL_CONFIRMATION,TRD102645,TRD102645,TRD102645,,,confirmation,P0,OPEN,0,DEUTSCHE-BROKER,EQ-INDEX-04,,True,TRAIN
BRK01295,RECON-DAILY,2026-08-05,POSITION,POS_WRONG_QUANTITY,Wrong quantity - external position differs by a non-round amount,INTERNAL_BOOK,CUSTODIAN_CONFIRM,TRD102646,TRD102646,2000,2480,,actual_quantity,P1,OPEN,0,HDFC-CUST,EQ-INDEX-04,,False,TEST
BRK01296,RECON-DAILY,2026-08-05,TRADE,TRADE_QUANTITY_MISMATCH,Confirmed quantity differs from booked quantity,INTERNAL_BOOK,EXTERNAL_CONFIRMATION,TRD102647,TRD102647,250,150,,quantity,P1,OPEN,0,HDFC-CUST,EQ-CORE-02,,True,TRAIN
BRK01297,RECON-DAILY,2026-08-06,POSITION,CA_MANDATORY_NOT_REFLECTED,"Mandatory corporate action (split/bonus) not yet reflected externally - mechanical, auto-correctable",INTERNAL_BOOK,CUSTODIAN_CONFIRM,TRD102648,TRD102648,3000,2000,,actual_quantity,P1,OPEN,0,ICICI-CUST,EQ-CORE-01,MANDATORY,True,TRAIN
BRK01298,RECON-DAILY,2026-08-20,TRADE,CONF_DISAGREEMENT,External confirmation received but disagrees with the booking on multiple fields,INTERNAL_BOOK,EXTERNAL_CONFIRMATION,TRD102651,TRD102651,"qty=500,price=1667.44","qty=425,price=1699.55",,"quantity,price",P1,OPEN,0,HDFC-CUST,EQ-INDEX-04,,True,TRAIN
BRK01299,RECON-DAILY,2026-08-07,POSITION,POS_WRONG_QUANTITY,Wrong quantity - external position differs by a non-round amount,INTERNAL_BOOK,CUSTODIAN_CONFIRM,TRD102652,TRD102652,500,585,,actual_quantity,P1,OPEN,0,DEUTSCHE-BROKER,EQ-ALPHA-03,,False,TRAIN
BRK01300,RECON-DAILY,2026-08-02,POSITION,POS_WRONG_QUANTITY,Wrong quantity - external position differs by a non-round amount,INTERNAL_BOOK,CUSTODIAN_CONFIRM,TRD102655,TRD102655,750,968,,actual_quantity,P1,OPEN,0,MORGANSTANLEY-BROKER,EQ-CORE-02,,False,TRAIN
BRK01301,RECON-DAILY,2026-08-04,POSITION,CA_MANDATORY_NOT_REFLECTED,"Mandatory corporate action (split/bonus) not yet reflected externally - mechanical, auto-correctable",INTERNAL_BOOK,CUSTODIAN_CONFIRM,TRD102656,TRD102656,2250,1500,,actual_quantity,P1,OPEN,0,NOMURA-BROKER,EQ-CORE-01,MANDATORY,True,TRAIN
BRK01302,RECON-DAILY,2026-08-10,TRADE,CONF_DISAGREEMENT,External confirmation received but disagrees with the booking on multiple fields,INTERNAL_BOOK,EXTERNAL_CONFIRMATION,TRD102658,TRD102658,"qty=2000,price=1668.81","qty=1925,price=1696.11",,"quantity,price",P1,OPEN,0,HDFC-CUST,EQ-INDEX-04,,True,TRAIN
BRK01303,RECON-DAILY,2026-08-04,CASH,CASH_FX_INPUT_DIFFERENCE,Cash posted in a different currency / at a stale or incorrect FX rate,INTERNAL_BOOK,CUSTODIAN_CONFIRM,TRD102660,TRD102660,1294876.0,1204234.68,,"amount,currency",P2,OPEN,0,NOMURA-BROKER,EQ-CORE-02,,True,TRAIN
BRK01304,RECON-DAILY,2026-08-10,POSITION,CA_MANDATORY_NOT_REFLECTED,"Mandatory corporate action (split/bonus) not yet reflected externally - mechanical, auto-correctable",INTERNAL_BOOK,CUSTODIAN_CONFIRM,TRD102662,TRD102662,750,500,,actual_quantity,P1,OPEN,0,ICICI-CUST,EQ-CORE-02,MANDATORY,True,TEST
BRK01305,RECON-DAILY,2026-08-20,TRADE,TRADE_QUANTITY_MISMATCH,Confirmed quantity differs from booked quantity,INTERNAL_BOOK,EXTERNAL_CONFIRMATION,TRD102663,TRD102663,200,400,,quantity,P1,OPEN,0,ICICI-CUST,EQ-INDEX-04,,True,TRAIN
BRK01306,RECON-DAILY,2026-08-18,TRADE,TRADE_DATE_MISMATCH,Confirmed trade date differs from booked trade date,INTERNAL_BOOK,EXTERNAL_CONFIRMATION,TRD102664,TRD102664,2026-08-17,2026-08-18,,trade_date,P2,OPEN,0,NOMURA-BROKER,EQ-CORE-01,,True,TRAIN
BRK01307,RECON-DAILY,2026-08-07,CASH,CASH_DUPLICATE_ENTRY,Same cash movement posted twice,INTERNAL_BOOK,CUSTODIAN_CONFIRM,TRD102665,TRD102665,637072.5,1274145.0,,"amount,cash_id",P1,OPEN,0,NOMURA-BROKER,EQ-CORE-01,,True,TEST
BRK01308,RECON-DAILY,2026-08-03,TRADE,TRADE_QUANTITY_MISMATCH,Confirmed quantity differs from booked quantity,INTERNAL_BOOK,EXTERNAL_CONFIRMATION,TRD102666,TRD102666,750,650,,quantity,P1,OPEN,0,ICICI-CUST,EQ-CORE-01,,True,TRAIN
BRK01309,RECON-DAILY,2026-08-20,POSITION,CA_VOLUNTARY_DECISION,"Voluntary corporate action (tender/conversion) pending an election - requires a human business decision, always escalated",INTERNAL_BOOK,CUSTODIAN_CONFIRM,TRD102667,TRD102667,3000,1500,,actual_quantity,P1,OPEN,0,NOMURA-BROKER,EQ-INDEX-04,VOLUNTARY,True,TEST
BRK01310,RECON-DAILY,2026-08-13,TRADE,TRADE_COUNTERPARTY_ID_MISMATCH,Confirmed counterparty identifier differs from booked counterparty,INTERNAL_BOOK,EXTERNAL_CONFIRMATION,TRD102668,TRD102668,DEUTSCHE-BROKER,KOTAK-CUST,,counterparty,P1,OPEN,0,DEUTSCHE-BROKER,EQ-ALPHA-03,,True,TRAIN
BRK01311,RECON-DAILY,2026-08-09,SETTLEMENT,SETL_INCORRECT_DATE,Settlement recorded against the wrong date (holiday-calendar-style off-by-one),INTERNAL_BOOK,CUSTODIAN_CONFIRM,TRD102669,TRD102669,2026-08-09,2026-08-10,,settlement_date,P2,OPEN,0,KOTAK-CUST,EQ-INDEX-04,,True,TRAIN
BRK01312,RECON-DAILY,2026-08-02,POSITION,POS_WRONG_QUANTITY,Wrong quantity - external position differs by a non-round amount,INTERNAL_BOOK,CUSTODIAN_CONFIRM,TRD102670,TRD102670,750,585,,actual_quantity,P1,OPEN,0,ICICI-CUST,EQ-CORE-01,,False,TRAIN
BRK01313,RECON-DAILY,2026-08-18,POSITION,POS_WRONG_QUANTITY,Wrong quantity - external position differs by a non-round amount,INTERNAL_BOOK,CUSTODIAN_CONFIRM,TRD102671,TRD102671,200,258,,actual_quantity,P1,OPEN,0,ICICI-CUST,EQ-CORE-01,,False,TRAIN
BRK01314,RECON-DAILY,2026-08-15,POSITION,POS_WRONG_QUANTITY,Wrong quantity - external position differs by a non-round amount,INTERNAL_BOOK,CUSTODIAN_CONFIRM,TRD102673,TRD102673,200,248,,actual_quantity,P1,OPEN,0,MORGANSTANLEY-BROKER,EQ-CORE-01,,False,TRAIN
BRK01315,RECON-DAILY,2026-08-13,CASH,CASH_WRONG_AMOUNT,Cash amount posted differs from expected trade value by a non-round amount,INTERNAL_BOOK,CUSTODIAN_CONFIRM,TRD102674,TRD102674,738328.0,671878.48,,amount,P1,OPEN,0,DEUTSCHE-BROKER,EQ-CORE-01,,False,TRAIN
BRK01316,RECON-DAILY,2026-08-05,SETTLEMENT,SETL_MISSING_INSTRUCTION,No settlement instruction was ever issued,INTERNAL_BOOK,CUSTODIAN_CONFIRM,TRD102675,TRD102675,INSTRUCTED,MISSING,,instruction_status,P0,OPEN,0,KOTAK-CUST,EQ-CORE-01,,True,TRAIN
BRK01317,RECON-DAILY,2026-08-20,POSITION,POS_WRONG_QUANTITY,Wrong quantity - external position differs by a non-round amount,INTERNAL_BOOK,CUSTODIAN_CONFIRM,TRD102679,TRD102679,500,435,,actual_quantity,P1,OPEN,0,DEUTSCHE-BROKER,EQ-CORE-02,,False,TRAIN
BRK01318,RECON-DAILY,2026-08-15,POSITION,CA_MANDATORY_NOT_REFLECTED,"Mandatory corporate action (split/bonus) not yet reflected externally - mechanical, auto-correctable",INTERNAL_BOOK,CUSTODIAN_CONFIRM,TRD102680,TRD102680,3000,1000,,actual_quantity,P1,OPEN,0,MORGANSTANLEY-BROKER,EQ-ALPHA-03,MANDATORY,True,TRAIN
BRK01319,RECON-DAILY,2026-08-02,SETTLEMENT,SETL_LATE_COUNTERPARTY,Counterparty has not settled by the expected date,INTERNAL_BOOK,CUSTODIAN_CONFIRM,TRD102681,TRD102681,2026-08-02,2026-08-05,,"settlement_date,settlement_status",P1,OPEN,0,KOTAK-CUST,EQ-CORE-02,,True,TRAIN
BRK01320,RECON-DAILY,2026-08-20,POSITION,CA_MANDATORY_NOT_REFLECTED,"Mandatory corporate action (split/bonus) not yet reflected externally - mechanical, auto-correctable",INTERNAL_BOOK,CUSTODIAN_CONFIRM,TRD102683,TRD102683,375,250,,actual_quantity,P1,OPEN,0,ICICI-CUST,EQ-CORE-02,MANDATORY,True,TRAIN
BRK01321,RECON-DAILY,2026-08-22,TRADE,CONF_DISAGREEMENT,External confirmation received but disagrees with the booking on multiple fields,INTERNAL_BOOK,EXTERNAL_CONFIRMATION,TRD102687,TRD102687,"qty=750,price=171.65","qty=675,price=173.52",,"quantity,price",P1,OPEN,0,KOTAK-CUST,EQ-CORE-02,,True,TRAIN
BRK01322,RECON-DAILY,2026-08-12,SETTLEMENT,SETL_WRONG_SSI,Settlement instruction references the wrong SSI/beneficiary account - the payment-failure flagship scenario,INTERNAL_BOOK,CUSTODIAN_CONFIRM,TRD102688,TRD102688,SSI-IN-0147,SSI-US-7742,,ssi_code,P0,OPEN,0,HDFC-CUST,EQ-CORE-01,,True,TRAIN
BRK01323,RECON-DAILY,2026-08-20,CASH,CASH_FX_INPUT_DIFFERENCE,Cash posted in a different currency / at a stale or incorrect FX rate,INTERNAL_BOOK,CUSTODIAN_CONFIRM,TRD102691,TRD102691,389962.0,417259.34,,"amount,currency",P2,OPEN,0,DEUTSCHE-BROKER,EQ-CORE-01,,False,TRAIN
BRK01324,RECON-DAILY,2026-08-19,POSITION,CA_VOLUNTARY_DECISION,"Voluntary corporate action (tender/conversion) pending an election - requires a human business decision, always escalated",INTERNAL_BOOK,CUSTODIAN_CONFIRM,TRD102697,TRD102697,4000,2000,,actual_quantity,P1,OPEN,0,HDFC-CUST,EQ-CORE-01,VOLUNTARY,True,TEST
BRK01325,RECON-DAILY,2026-08-02,SETTLEMENT,SETL_LATE_COUNTERPARTY,Counterparty has not settled by the expected date,INTERNAL_BOOK,CUSTODIAN_CONFIRM,TRD102698,TRD102698,2026-08-02,2026-08-04,,"settlement_date,settlement_status",P1,OPEN,0,NOMURA-BROKER,EQ-ALPHA-03,,True,TRAIN
BRK01326,RECON-DAILY,2026-08-16,CASH,CASH_DUPLICATE_ENTRY,Same cash movement posted twice,INTERNAL_BOOK,CUSTODIAN_CONFIRM,TRD102700,TRD102700,34346.0,68692.0,,"amount,cash_id",P1,OPEN,0,ICICI-CUST,EQ-ALPHA-03,,True,TEST
BRK01327,RECON-DAILY,2026-08-22,POSITION,CA_VOLUNTARY_DECISION,"Voluntary corporate action (tender/conversion) pending an election - requires a human business decision, always escalated",INTERNAL_BOOK,CUSTODIAN_CONFIRM,TRD102706,TRD102706,4500,1500,,actual_quantity,P1,OPEN,0,NOMURA-BROKER,EQ-CORE-01,VOLUNTARY,True,TRAIN
BRK01328,RECON-DAILY,2026-08-20,CASH,CASH_DUPLICATE_ENTRY,Same cash movement posted twice,INTERNAL_BOOK,CUSTODIAN_CONFIRM,TRD102707,TRD102707,7373140.0,14746280.0,,"amount,cash_id",P1,OPEN,0,KOTAK-CUST,EQ-CORE-02,,True,TRAIN
BRK01329,RECON-DAILY,2026-08-22,POSITION,POS_WRONG_QUANTITY,Wrong quantity - external position differs by a non-round amount,INTERNAL_BOOK,CUSTODIAN_CONFIRM,TRD102713,TRD102713,1500,1170,,actual_quantity,P1,OPEN,0,ICICI-CUST,EQ-INDEX-04,,True,TRAIN
BRK01330,RECON-DAILY,2026-08-05,POSITION,CA_MANDATORY_NOT_REFLECTED,"Mandatory corporate action (split/bonus) not yet reflected externally - mechanical, auto-correctable",INTERNAL_BOOK,CUSTODIAN_CONFIRM,TRD102716,TRD102716,375,250,,actual_quantity,P1,OPEN,0,DEUTSCHE-BROKER,EQ-CORE-02,MANDATORY,True,TRAIN
BRK01331,RECON-DAILY,2026-08-20,SETTLEMENT,SETL_WRONG_SSI,Settlement instruction references the wrong SSI/beneficiary account - the payment-failure flagship scenario,INTERNAL_BOOK,CUSTODIAN_CONFIRM,TRD102718,TRD102718,SSI-IN-0147,SSI-JP-3389,,ssi_code,P0,OPEN,0,HDFC-CUST,EQ-ALPHA-03,,True,TRAIN
BRK01332,RECON-DAILY,2026-08-18,TRADE,CONF_DISAGREEMENT,External confirmation received but disagrees with the booking on multiple fields,INTERNAL_BOOK,EXTERNAL_CONFIRMATION,TRD102720,TRD102720,"qty=250,price=471.2","qty=325,price=476.25",,"quantity,price",P1,OPEN,0,DEUTSCHE-BROKER,EQ-CORE-01,,True,TEST
BRK01333,RECON-DAILY,2026-08-04,CASH,CASH_DUPLICATE_ENTRY,Same cash movement posted twice,INTERNAL_BOOK,CUSTODIAN_CONFIRM,TRD102721,TRD102721,567758.0,1135516.0,,"amount,cash_id",P1,OPEN,0,HDFC-CUST,EQ-CORE-01,,True,TRAIN
BRK01334,RECON-DAILY,2026-08-08,TRADE,TRADE_DATE_MISMATCH,Confirmed trade date differs from booked trade date,INTERNAL_BOOK,EXTERNAL_CONFIRMATION,TRD102722,TRD102722,2026-08-07,2026-08-08,,trade_date,P2,OPEN,0,NOMURA-BROKER,EQ-INDEX-04,,True,TRAIN
BRK01335,RECON-DAILY,2026-08-15,CASH,CASH_WRONG_AMOUNT,Cash amount posted differs from expected trade value by a non-round amount,INTERNAL_BOOK,CUSTODIAN_CONFIRM,TRD102723,TRD102723,837390.0,996494.1,,amount,P1,OPEN,0,ICICI-CUST,EQ-ALPHA-03,,True,TEST
BRK01336,RECON-DAILY,2026-08-12,SETTLEMENT,SETL_WRONG_SSI,Settlement instruction references the wrong SSI/beneficiary account - the payment-failure flagship scenario,INTERNAL_BOOK,CUSTODIAN_CONFIRM,TRD102724,TRD102724,SSI-US-7742,SSI-JP-3389,,ssi_code,P0,OPEN,0,MORGANSTANLEY-BROKER,EQ-CORE-01,,True,TRAIN
BRK01337,RECON-DAILY,2026-08-05,POSITION,CA_VOLUNTARY_DECISION,"Voluntary corporate action (tender/conversion) pending an election - requires a human business decision, always escalated",INTERNAL_BOOK,CUSTODIAN_CONFIRM,TRD102726,TRD102726,1500,750,,actual_quantity,P1,OPEN,0,DEUTSCHE-BROKER,EQ-ALPHA-03,VOLUNTARY,True,TEST
BRK01338,RECON-DAILY,2026-08-10,SETTLEMENT,SETL_MISSING_INSTRUCTION,No settlement instruction was ever issued,INTERNAL_BOOK,CUSTODIAN_CONFIRM,TRD102727,TRD102727,INSTRUCTED,MISSING,,instruction_status,P0,OPEN,0,ICICI-CUST,EQ-INDEX-04,,True,TEST
BRK01339,RECON-DAILY,2026-08-22,CASH,CASH_FX_INPUT_DIFFERENCE,Cash posted in a different currency / at a stale or incorrect FX rate,INTERNAL_BOOK,CUSTODIAN_CONFIRM,TRD102732,TRD102732,296300.0,317041.0,,"amount,currency",P2,OPEN,0,DEUTSCHE-BROKER,EQ-ALPHA-03,,True,TRAIN
BRK01340,RECON-DAILY,2026-08-04,TRADE,TRADE_QUANTITY_MISMATCH,Confirmed quantity differs from booked quantity,INTERNAL_BOOK,EXTERNAL_CONFIRMATION,TRD102734,TRD102734,1500,1450,,quantity,P1,OPEN,0,KOTAK-CUST,EQ-ALPHA-03,,True,TRAIN
BRK01341,RECON-DAILY,2026-08-21,POSITION,POS_MISSING_BOOKING,Missing upstream booking - position never reflected externally,INTERNAL_BOOK,CUSTODIAN_CONFIRM,TRD102735,TRD102735,100,0,,actual_quantity,P0,OPEN,0,HDFC-CUST,EQ-CORE-02,,False,TRAIN
BRK01342,RECON-DAILY,2026-08-09,CASH,CASH_WRONG_AMOUNT,Cash amount posted differs from expected trade value by a non-round amount,INTERNAL_BOOK,CUSTODIAN_CONFIRM,TRD102736,TRD102736,26088420.0,33132293.4,,amount,P1,OPEN,0,NOMURA-BROKER,EQ-INDEX-04,,False,TEST
BRK01343,RECON-DAILY,2026-08-12,TRADE,TRADE_PRICE_MISMATCH,Confirmed price differs from booked price,INTERNAL_BOOK,EXTERNAL_CONFIRMATION,TRD102738,TRD102738,12941.99,12678.37,,price,P2,OPEN,0,HDFC-CUST,EQ-INDEX-04,,True,TEST
BRK01344,RECON-DAILY,2026-08-22,CASH,CASH_MISSING_ENTRY,Expected cash movement never posted,INTERNAL_BOOK,CUSTODIAN_CONFIRM,TRD102740,TRD102740,283695.0,,,amount,P0,OPEN,0,NOMURA-BROKER,EQ-ALPHA-03,,True,TRAIN
BRK01345,RECON-DAILY,2026-08-11,POSITION,CA_INCORRECT_ENTITLEMENT,Corporate action entitlement calculated incorrectly (wrong ratio applied),INTERNAL_BOOK,CUSTODIAN_CONFIRM,TRD102741,TRD102741,1500,1650,,actual_quantity,P1,OPEN,0,DEUTSCHE-BROKER,EQ-INDEX-04,MANDATORY,True,TRAIN
BRK01346,RECON-DAILY,2026-08-15,POSITION,POS_MISSING_BOOKING,Missing upstream booking - position never reflected externally,INTERNAL_BOOK,CUSTODIAN_CONFIRM,TRD102742,TRD102742,1500,0,,actual_quantity,P0,OPEN,0,ICICI-CUST,EQ-ALPHA-03,,False,TRAIN
BRK01347,RECON-DAILY,2026-08-11,CASH,CASH_DUPLICATE_ENTRY,Same cash movement posted twice,INTERNAL_BOOK,CUSTODIAN_CONFIRM,TRD102743,TRD102743,308692.5,617385.0,,"amount,cash_id",P1,OPEN,0,KOTAK-CUST,EQ-INDEX-04,,False,TEST
BRK01348,RECON-DAILY,2026-08-02,POSITION,POS_WRONG_QUANTITY,Wrong quantity - external position differs by a non-round amount,INTERNAL_BOOK,CUSTODIAN_CONFIRM,TRD102744,TRD102744,2000,2340,,actual_quantity,P1,OPEN,0,MORGANSTANLEY-BROKER,EQ-INDEX-04,,False,TRAIN
BRK01349,RECON-DAILY,2026-08-13,POSITION,CA_INCORRECT_ENTITLEMENT,Corporate action entitlement calculated incorrectly (wrong ratio applied),INTERNAL_BOOK,CUSTODIAN_CONFIRM,TRD102746,TRD102746,1500,1350,,actual_quantity,P1,OPEN,0,KOTAK-CUST,EQ-INDEX-04,MANDATORY,True,TRAIN
BRK01350,RECON-DAILY,2026-08-07,TRADE,TRADE_DATE_MISMATCH,Confirmed trade date differs from booked trade date,INTERNAL_BOOK,EXTERNAL_CONFIRMATION,TRD102747,TRD102747,2026-08-06,2026-08-07,,trade_date,P2,OPEN,0,DEUTSCHE-BROKER,EQ-ALPHA-03,,True,TEST
BRK01351,RECON-DAILY,2026-08-12,TRADE,TRADE_COUNTERPARTY_ID_MISMATCH,Confirmed counterparty identifier differs from booked counterparty,INTERNAL_BOOK,EXTERNAL_CONFIRMATION,TRD102748,TRD102748,MORGANSTANLEY-BROKER,NOMURA-BROKER,,counterparty,P1,OPEN,0,MORGANSTANLEY-BROKER,EQ-ALPHA-03,,True,TRAIN
BRK01352,RECON-DAILY,2026-08-16,CASH,CASH_FX_INPUT_DIFFERENCE,Cash posted in a different currency / at a stale or incorrect FX rate,INTERNAL_BOOK,CUSTODIAN_CONFIRM,TRD102750,TRD102750,471602.5,452738.4,,"amount,currency",P2,OPEN,0,DEUTSCHE-BROKER,EQ-INDEX-04,,False,TRAIN
BRK01353,RECON-DAILY,2026-08-10,TRADE,TRADE_DATE_MISMATCH,Confirmed trade date differs from booked trade date,INTERNAL_BOOK,EXTERNAL_CONFIRMATION,TRD102752,TRD102752,2026-08-09,2026-08-10,,trade_date,P2,OPEN,0,NOMURA-BROKER,EQ-CORE-01,,True,TRAIN
BRK01354,RECON-DAILY,2026-08-20,SETTLEMENT,SETL_MISSING_INSTRUCTION,No settlement instruction was ever issued,INTERNAL_BOOK,CUSTODIAN_CONFIRM,TRD102754,TRD102754,INSTRUCTED,MISSING,,instruction_status,P0,OPEN,0,MORGANSTANLEY-BROKER,EQ-INDEX-04,,True,TRAIN
BRK01355,RECON-DAILY,2026-08-06,SETTLEMENT,SETL_INCORRECT_DATE,Settlement recorded against the wrong date (holiday-calendar-style off-by-one),INTERNAL_BOOK,CUSTODIAN_CONFIRM,TRD102755,TRD102755,2026-08-06,2026-08-07,,settlement_date,P2,OPEN,0,HDFC-CUST,EQ-CORE-01,,True,TRAIN
BRK01356,RECON-DAILY,2026-08-07,SETTLEMENT,SETL_LATE_COUNTERPARTY,Counterparty has not settled by the expected date,INTERNAL_BOOK,CUSTODIAN_CONFIRM,TRD102757,TRD102757,2026-08-07,2026-08-09,,"settlement_date,settlement_status",P1,OPEN,0,NOMURA-BROKER,EQ-INDEX-04,,True,TRAIN
BRK01357,RECON-DAILY,2026-08-15,SETTLEMENT,SETL_MISSING_INSTRUCTION,No settlement instruction was ever issued,INTERNAL_BOOK,CUSTODIAN_CONFIRM,TRD102759,TRD102759,INSTRUCTED,MISSING,,instruction_status,P0,OPEN,0,KOTAK-CUST,EQ-INDEX-04,,True,TRAIN
BRK01358,RECON-DAILY,2026-08-05,TRADE,TRADE_QUANTITY_MISMATCH,Confirmed quantity differs from booked quantity,INTERNAL_BOOK,EXTERNAL_CONFIRMATION,TRD102761,TRD102761,250,300,,quantity,P1,OPEN,0,NOMURA-BROKER,EQ-CORE-02,,True,TRAIN
BRK01359,RECON-DAILY,2026-08-13,CASH,CASH_MISSING_ENTRY,Expected cash movement never posted,INTERNAL_BOOK,CUSTODIAN_CONFIRM,TRD102768,TRD102768,2606326.0,,,amount,P0,OPEN,0,NOMURA-BROKER,EQ-CORE-01,,False,TRAIN
BRK01360,RECON-DAILY,2026-08-14,SETTLEMENT,SETL_LATE_COUNTERPARTY,Counterparty has not settled by the expected date,INTERNAL_BOOK,CUSTODIAN_CONFIRM,TRD102769,TRD102769,2026-08-14,2026-08-16,,"settlement_date,settlement_status",P1,OPEN,0,HDFC-CUST,EQ-CORE-01,,True,TRAIN
BRK01361,RECON-DAILY,2026-08-14,POSITION,CA_INCORRECT_ENTITLEMENT,Corporate action entitlement calculated incorrectly (wrong ratio applied),INTERNAL_BOOK,CUSTODIAN_CONFIRM,TRD102772,TRD102772,300,260,,actual_quantity,P1,OPEN,0,DEUTSCHE-BROKER,EQ-INDEX-04,MANDATORY,True,TEST
BRK01362,RECON-DAILY,2026-08-13,POSITION,POS_MISSING_BOOKING,Missing upstream booking - position never reflected externally,INTERNAL_BOOK,CUSTODIAN_CONFIRM,TRD102773,TRD102773,200,0,,actual_quantity,P0,OPEN,0,HDFC-CUST,EQ-ALPHA-03,,True,TRAIN
BRK01363,RECON-DAILY,2026-08-15,TRADE,CONF_DISAGREEMENT,External confirmation received but disagrees with the booking on multiple fields,INTERNAL_BOOK,EXTERNAL_CONFIRMATION,TRD102774,TRD102774,"qty=1000,price=1237.84","qty=1075,price=1256.17",,"quantity,price",P1,OPEN,0,ICICI-CUST,EQ-CORE-02,,True,TRAIN
BRK01364,RECON-DAILY,2026-08-21,TRADE,TRADE_DATE_MISMATCH,Confirmed trade date differs from booked trade date,INTERNAL_BOOK,EXTERNAL_CONFIRMATION,TRD102775,TRD102775,2026-08-20,2026-08-21,,trade_date,P2,OPEN,0,HDFC-CUST,EQ-INDEX-04,,True,TRAIN
BRK01365,RECON-DAILY,2026-08-21,SETTLEMENT,SETL_MISSING_INSTRUCTION,No settlement instruction was ever issued,INTERNAL_BOOK,CUSTODIAN_CONFIRM,TRD102776,TRD102776,INSTRUCTED,MISSING,,instruction_status,P0,OPEN,0,ICICI-CUST,EQ-CORE-02,,True,TRAIN
BRK01366,RECON-DAILY,2026-08-14,CASH,CASH_MISSING_ENTRY,Expected cash movement never posted,INTERNAL_BOOK,CUSTODIAN_CONFIRM,TRD102777,TRD102777,2770440.0,,,amount,P0,OPEN,0,MORGANSTANLEY-BROKER,EQ-INDEX-04,,False,TEST
BRK01367,RECON-DAILY,2026-08-12,SETTLEMENT,SETL_WRONG_SSI,Settlement instruction references the wrong SSI/beneficiary account - the payment-failure flagship scenario,INTERNAL_BOOK,CUSTODIAN_CONFIRM,TRD102778,TRD102778,SSI-DE-5510,SSI-IN-0091,,ssi_code,P0,OPEN,0,DEUTSCHE-BROKER,EQ-CORE-02,,True,TRAIN
BRK01368,RECON-DAILY,2026-08-06,POSITION,POS_TIMING_DIFFERENCE,"Timing difference - quantities agree, as-of dates don't (expected to self-resolve)",INTERNAL_BOOK,CUSTODIAN_CONFIRM,TRD102779,TRD102779,2026-08-06,2026-08-07,,as_of_date,P2,OPEN,0,KOTAK-CUST,EQ-INDEX-04,,False,TRAIN
BRK01369,RECON-DAILY,2026-08-08,POSITION,CA_INCORRECT_ENTITLEMENT,Corporate action entitlement calculated incorrectly (wrong ratio applied),INTERNAL_BOOK,CUSTODIAN_CONFIRM,TRD102781,TRD102781,1125,1275,,actual_quantity,P1,OPEN,0,MORGANSTANLEY-BROKER,EQ-CORE-02,MANDATORY,True,TRAIN
BRK01370,RECON-DAILY,2026-08-19,SETTLEMENT,SETL_LATE_COUNTERPARTY,Counterparty has not settled by the expected date,INTERNAL_BOOK,CUSTODIAN_CONFIRM,TRD102784,TRD102784,2026-08-19,2026-08-24,,"settlement_date,settlement_status",P1,OPEN,0,HDFC-CUST,EQ-CORE-02,,True,TEST
BRK01371,RECON-DAILY,2026-08-18,POSITION,POS_TIMING_DIFFERENCE,"Timing difference - quantities agree, as-of dates don't (expected to self-resolve)",INTERNAL_BOOK,CUSTODIAN_CONFIRM,TRD102786,TRD102786,2026-08-18,2026-08-19,,as_of_date,P2,OPEN,0,DEUTSCHE-BROKER,EQ-INDEX-04,,False,TRAIN
BRK01372,RECON-DAILY,2026-08-02,TRADE,TRADE_PRICE_MISMATCH,Confirmed price differs from booked price,INTERNAL_BOOK,EXTERNAL_CONFIRMATION,TRD102787,TRD102787,1682.71,1644.71,,price,P2,OPEN,0,MORGANSTANLEY-BROKER,EQ-INDEX-04,,True,TEST
BRK01373,RECON-DAILY,2026-08-11,TRADE,CONF_MISSING,External confirmation never received,INTERNAL_BOOK,EXTERNAL_CONFIRMATION,TRD102788,TRD102788,TRD102788,,,confirmation,P0,OPEN,0,HDFC-CUST,EQ-ALPHA-03,,True,TEST
BRK01374,RECON-DAILY,2026-08-09,CASH,CASH_DUPLICATE_ENTRY,Same cash movement posted twice,INTERNAL_BOOK,CUSTODIAN_CONFIRM,TRD102789,TRD102789,547960.0,1095920.0,,"amount,cash_id",P1,OPEN,0,MORGANSTANLEY-BROKER,EQ-ALPHA-03,,True,TEST
BRK01375,RECON-DAILY,2026-08-10,POSITION,POS_WRONG_QUANTITY,Wrong quantity - external position differs by a non-round amount,INTERNAL_BOOK,CUSTODIAN_CONFIRM,TRD102794,TRD102794,1000,1240,,actual_quantity,P1,OPEN,0,KOTAK-CUST,EQ-INDEX-04,,False,TRAIN
BRK01376,RECON-DAILY,2026-08-03,TRADE,TRADE_DATE_MISMATCH,Confirmed trade date differs from booked trade date,INTERNAL_BOOK,EXTERNAL_CONFIRMATION,TRD102795,TRD102795,2026-08-02,2026-08-03,,trade_date,P2,OPEN,0,DEUTSCHE-BROKER,EQ-INDEX-04,,True,TRAIN
BRK01377,RECON-DAILY,2026-08-09,SETTLEMENT,SETL_LATE_COUNTERPARTY,Counterparty has not settled by the expected date,INTERNAL_BOOK,CUSTODIAN_CONFIRM,TRD102797,TRD102797,2026-08-09,2026-08-13,,"settlement_date,settlement_status",P1,OPEN,0,KOTAK-CUST,EQ-CORE-01,,True,TRAIN
BRK01378,RECON-DAILY,2026-08-06,CASH,CASH_FX_INPUT_DIFFERENCE,Cash posted in a different currency / at a stale or incorrect FX rate,INTERNAL_BOOK,CUSTODIAN_CONFIRM,TRD102800,TRD102800,1836290.0,1707749.7,,"amount,currency",P2,OPEN,0,DEUTSCHE-BROKER,EQ-INDEX-04,,False,TEST
BRK01379,RECON-DAILY,2026-08-18,POSITION,POS_WRONG_QUANTITY,Wrong quantity - external position differs by a non-round amount,INTERNAL_BOOK,CUSTODIAN_CONFIRM,TRD102801,TRD102801,2000,1560,,actual_quantity,P1,OPEN,0,HDFC-CUST,EQ-INDEX-04,,False,TEST
BRK01380,RECON-DAILY,2026-08-16,TRADE,TRADE_COUNTERPARTY_ID_MISMATCH,Confirmed counterparty identifier differs from booked counterparty,INTERNAL_BOOK,EXTERNAL_CONFIRMATION,TRD102803,TRD102803,ICICI-CUST,HDFC-CUST,,counterparty,P1,OPEN,0,ICICI-CUST,EQ-INDEX-04,,True,TRAIN
BRK01381,RECON-DAILY,2026-08-16,TRADE,CONF_DISAGREEMENT,External confirmation received but disagrees with the booking on multiple fields,INTERNAL_BOOK,EXTERNAL_CONFIRMATION,TRD102806,TRD102806,"qty=250,price=173.21","qty=175,price=176.61",,"quantity,price",P1,OPEN,0,KOTAK-CUST,EQ-ALPHA-03,,True,TRAIN
BRK01382,RECON-DAILY,2026-08-20,TRADE,TRADE_COUNTERPARTY_ID_MISMATCH,Confirmed counterparty identifier differs from booked counterparty,INTERNAL_BOOK,EXTERNAL_CONFIRMATION,TRD102809,TRD102809,DEUTSCHE-BROKER,HDFC-CUST,,counterparty,P1,OPEN,0,DEUTSCHE-BROKER,EQ-CORE-02,,True,TRAIN
BRK01383,RECON-DAILY,2026-08-19,POSITION,POS_WRONG_QUANTITY,Wrong quantity - external position differs by a non-round amount,INTERNAL_BOOK,CUSTODIAN_CONFIRM,TRD102812,TRD102812,250,292,,actual_quantity,P1,OPEN,0,KOTAK-CUST,EQ-ALPHA-03,,False,TRAIN
BRK01384,RECON-DAILY,2026-08-12,TRADE,TRADE_PRICE_MISMATCH,Confirmed price differs from booked price,INTERNAL_BOOK,EXTERNAL_CONFIRMATION,TRD102815,TRD102815,4109.19,4013.53,,price,P2,OPEN,0,DEUTSCHE-BROKER,EQ-ALPHA-03,,True,TRAIN
BRK01385,RECON-DAILY,2026-08-19,SETTLEMENT,SETL_WRONG_SSI,Settlement instruction references the wrong SSI/beneficiary account - the payment-failure flagship scenario,INTERNAL_BOOK,CUSTODIAN_CONFIRM,TRD102820,TRD102820,SSI-IN-0203,SSI-DE-5510,,ssi_code,P0,OPEN,0,KOTAK-CUST,EQ-CORE-01,,True,TRAIN
BRK01386,RECON-DAILY,2026-08-19,CASH,CASH_MISSING_ENTRY,Expected cash movement never posted,INTERNAL_BOOK,CUSTODIAN_CONFIRM,TRD102821,TRD102821,413255.0,,,amount,P0,OPEN,0,NOMURA-BROKER,EQ-CORE-01,,False,TRAIN
BRK01387,RECON-DAILY,2026-08-21,POSITION,CA_VOLUNTARY_DECISION,"Voluntary corporate action (tender/conversion) pending an election - requires a human business decision, always escalated",INTERNAL_BOOK,CUSTODIAN_CONFIRM,TRD102822,TRD102822,2000,1000,,actual_quantity,P1,OPEN,0,HDFC-CUST,EQ-INDEX-04,VOLUNTARY,True,TEST
BRK01388,RECON-DAILY,2026-08-15,POSITION,POS_TIMING_DIFFERENCE,"Timing difference - quantities agree, as-of dates don't (expected to self-resolve)",INTERNAL_BOOK,CUSTODIAN_CONFIRM,TRD102823,TRD102823,2026-08-15,2026-08-16,,as_of_date,P2,OPEN,0,ICICI-CUST,EQ-CORE-01,,False,TRAIN
BRK01389,RECON-DAILY,2026-08-15,POSITION,CA_VOLUNTARY_DECISION,"Voluntary corporate action (tender/conversion) pending an election - requires a human business decision, always escalated",INTERNAL_BOOK,CUSTODIAN_CONFIRM,TRD102825,TRD102825,6000,2000,,actual_quantity,P1,OPEN,0,MORGANSTANLEY-BROKER,EQ-ALPHA-03,VOLUNTARY,True,TRAIN
BRK01390,RECON-DAILY,2026-08-22,POSITION,POS_MISSING_BOOKING,Missing upstream booking - position never reflected externally,INTERNAL_BOOK,CUSTODIAN_CONFIRM,TRD102826,TRD102826,2000,0,,actual_quantity,P0,OPEN,0,ICICI-CUST,EQ-ALPHA-03,,True,TRAIN
BRK01391,RECON-DAILY,2026-08-15,POSITION,POS_WRONG_QUANTITY,Wrong quantity - external position differs by a non-round amount,INTERNAL_BOOK,CUSTODIAN_CONFIRM,TRD102828,TRD102828,500,435,,actual_quantity,P1,OPEN,0,KOTAK-CUST,EQ-CORE-02,,False,TEST
BRK01392,RECON-DAILY,2026-08-15,TRADE,CONF_DISAGREEMENT,External confirmation received but disagrees with the booking on multiple fields,INTERNAL_BOOK,EXTERNAL_CONFIRMATION,TRD102829,TRD102829,"qty=2000,price=1244.1","qty=1925,price=1263.93",,"quantity,price",P1,OPEN,0,NOMURA-BROKER,EQ-CORE-01,,True,TEST
BRK01393,RECON-DAILY,2026-08-19,POSITION,POS_MISSING_BOOKING,Missing upstream booking - position never reflected externally,INTERNAL_BOOK,CUSTODIAN_CONFIRM,TRD102830,TRD102830,500,0,,actual_quantity,P0,OPEN,0,ICICI-CUST,EQ-CORE-02,,False,TEST
BRK01394,RECON-DAILY,2026-08-06,TRADE,CONF_MISSING,External confirmation never received,INTERNAL_BOOK,EXTERNAL_CONFIRMATION,TRD102831,TRD102831,TRD102831,,,confirmation,P0,OPEN,0,KOTAK-CUST,EQ-INDEX-04,,True,TRAIN
BRK01395,RECON-DAILY,2026-08-11,SETTLEMENT,SETL_INCORRECT_DATE,Settlement recorded against the wrong date (holiday-calendar-style off-by-one),INTERNAL_BOOK,CUSTODIAN_CONFIRM,TRD102832,TRD102832,2026-08-11,2026-08-12,,settlement_date,P2,OPEN,0,HDFC-CUST,EQ-ALPHA-03,,True,TRAIN
BRK01396,RECON-DAILY,2026-08-06,TRADE,TRADE_QUANTITY_MISMATCH,Confirmed quantity differs from booked quantity,INTERNAL_BOOK,EXTERNAL_CONFIRMATION,TRD102833,TRD102833,500,450,,quantity,P1,OPEN,0,DEUTSCHE-BROKER,EQ-CORE-01,,True,TRAIN
BRK01397,RECON-DAILY,2026-08-12,TRADE,TRADE_PRICE_MISMATCH,Confirmed price differs from booked price,INTERNAL_BOOK,EXTERNAL_CONFIRMATION,TRD102837,TRD102837,172.52,177.13,,price,P2,OPEN,0,KOTAK-CUST,EQ-CORE-01,,True,TRAIN
BRK01398,RECON-DAILY,2026-08-13,TRADE,CONF_MISSING,External confirmation never received,INTERNAL_BOOK,EXTERNAL_CONFIRMATION,TRD102839,TRD102839,TRD102839,,,confirmation,P0,OPEN,0,DEUTSCHE-BROKER,EQ-CORE-02,,True,TRAIN
BRK01399,RECON-DAILY,2026-08-02,POSITION,CA_INCORRECT_ENTITLEMENT,Corporate action entitlement calculated incorrectly (wrong ratio applied),INTERNAL_BOOK,CUSTODIAN_CONFIRM,TRD102840,TRD102840,750,800,,actual_quantity,P1,OPEN,0,MORGANSTANLEY-BROKER,EQ-CORE-01,MANDATORY,True,TRAIN
BRK01400,RECON-DAILY,2026-08-02,CASH,CASH_MISSING_ENTRY,Expected cash movement never posted,INTERNAL_BOOK,CUSTODIAN_CONFIRM,TRD102843,TRD102843,4101705.0,,,amount,P0,OPEN,0,HDFC-CUST,EQ-ALPHA-03,,False,TEST
BRK01401,RECON-DAILY,2026-08-15,CASH,CASH_FX_INPUT_DIFFERENCE,Cash posted in a different currency / at a stale or incorrect FX rate,INTERNAL_BOOK,CUSTODIAN_CONFIRM,TRD102848,TRD102848,1291647.0,1336854.64,,"amount,currency",P2,OPEN,0,NOMURA-BROKER,EQ-CORE-01,,False,TEST
BRK01402,RECON-DAILY,2026-08-07,TRADE,TRADE_QUANTITY_MISMATCH,Confirmed quantity differs from booked quantity,INTERNAL_BOOK,EXTERNAL_CONFIRMATION,TRD102849,TRD102849,200,100,,quantity,P1,OPEN,0,KOTAK-CUST,EQ-ALPHA-03,,True,TRAIN
BRK01403,RECON-DAILY,2026-08-09,SETTLEMENT,SETL_WRONG_SSI,Settlement instruction references the wrong SSI/beneficiary account - the payment-failure flagship scenario,INTERNAL_BOOK,CUSTODIAN_CONFIRM,TRD102852,TRD102852,SSI-JP-3389,SSI-DE-5510,,ssi_code,P0,OPEN,0,NOMURA-BROKER,EQ-CORE-01,,True,TRAIN
BRK01404,RECON-DAILY,2026-08-21,TRADE,TRADE_QUANTITY_MISMATCH,Confirmed quantity differs from booked quantity,INTERNAL_BOOK,EXTERNAL_CONFIRMATION,TRD102853,TRD102853,1500,1450,,quantity,P1,OPEN,0,HDFC-CUST,EQ-ALPHA-03,,True,TRAIN
BRK01405,RECON-DAILY,2026-08-17,POSITION,POS_WRONG_QUANTITY,Wrong quantity - external position differs by a non-round amount,INTERNAL_BOOK,CUSTODIAN_CONFIRM,TRD102860,TRD102860,1500,1935,,actual_quantity,P1,OPEN,0,KOTAK-CUST,EQ-CORE-01,,False,TRAIN
BRK01406,RECON-DAILY,2026-08-13,POSITION,CA_VOLUNTARY_DECISION,"Voluntary corporate action (tender/conversion) pending an election - requires a human business decision, always escalated",INTERNAL_BOOK,CUSTODIAN_CONFIRM,TRD102862,TRD102862,1500,750,,actual_quantity,P1,OPEN,0,HDFC-CUST,EQ-CORE-01,VOLUNTARY,True,TRAIN
BRK01407,RECON-DAILY,2026-08-07,POSITION,POS_WRONG_QUANTITY,Wrong quantity - external position differs by a non-round amount,INTERNAL_BOOK,CUSTODIAN_CONFIRM,TRD102863,TRD102863,2000,2480,,actual_quantity,P1,OPEN,0,KOTAK-CUST,EQ-ALPHA-03,,False,TRAIN
BRK01408,RECON-DAILY,2026-08-02,POSITION,CA_VOLUNTARY_DECISION,"Voluntary corporate action (tender/conversion) pending an election - requires a human business decision, always escalated",INTERNAL_BOOK,CUSTODIAN_CONFIRM,TRD102864,TRD102864,500,250,,actual_quantity,P1,OPEN,0,ICICI-CUST,EQ-INDEX-04,VOLUNTARY,True,TRAIN
BRK01409,RECON-DAILY,2026-08-14,TRADE,TRADE_COUNTERPARTY_ID_MISMATCH,Confirmed counterparty identifier differs from booked counterparty,INTERNAL_BOOK,EXTERNAL_CONFIRMATION,TRD102865,TRD102865,HDFC-CUST,ICICI-CUST,,counterparty,P1,OPEN,0,HDFC-CUST,EQ-ALPHA-03,,True,TRAIN
BRK01410,RECON-DAILY,2026-08-03,SETTLEMENT,SETL_WRONG_SSI,Settlement instruction references the wrong SSI/beneficiary account - the payment-failure flagship scenario,INTERNAL_BOOK,CUSTODIAN_CONFIRM,TRD102866,TRD102866,SSI-JP-3389,SSI-IN-0091,,ssi_code,P0,OPEN,0,NOMURA-BROKER,EQ-CORE-02,,True,TRAIN
BRK01411,RECON-DAILY,2026-08-05,TRADE,CONF_MISSING,External confirmation never received,INTERNAL_BOOK,EXTERNAL_CONFIRMATION,TRD102867,TRD102867,TRD102867,,,confirmation,P0,OPEN,0,ICICI-CUST,EQ-CORE-01,,True,TEST
BRK01412,RECON-DAILY,2026-08-15,POSITION,CA_VOLUNTARY_DECISION,"Voluntary corporate action (tender/conversion) pending an election - requires a human business decision, always escalated",INTERNAL_BOOK,CUSTODIAN_CONFIRM,TRD102868,TRD102868,200,100,,actual_quantity,P1,OPEN,0,NOMURA-BROKER,EQ-CORE-01,VOLUNTARY,True,TRAIN
BRK01413,RECON-DAILY,2026-08-20,CASH,CASH_WRONG_AMOUNT,Cash amount posted differs from expected trade value by a non-round amount,INTERNAL_BOOK,CUSTODIAN_CONFIRM,TRD102872,TRD102872,344320.0,409740.8,,amount,P1,OPEN,0,MORGANSTANLEY-BROKER,EQ-INDEX-04,,False,TRAIN
BRK01414,RECON-DAILY,2026-08-20,POSITION,CA_INCORRECT_ENTITLEMENT,Corporate action entitlement calculated incorrectly (wrong ratio applied),INTERNAL_BOOK,CUSTODIAN_CONFIRM,TRD102873,TRD102873,750,800,,actual_quantity,P1,OPEN,0,NOMURA-BROKER,EQ-INDEX-04,MANDATORY,True,TRAIN
BRK01415,RECON-DAILY,2026-08-09,TRADE,TRADE_DATE_MISMATCH,Confirmed trade date differs from booked trade date,INTERNAL_BOOK,EXTERNAL_CONFIRMATION,TRD102874,TRD102874,2026-08-08,2026-08-09,,trade_date,P2,OPEN,0,DEUTSCHE-BROKER,EQ-CORE-02,,True,TRAIN
BRK01416,RECON-DAILY,2026-08-13,TRADE,TRADE_QUANTITY_MISMATCH,Confirmed quantity differs from booked quantity,INTERNAL_BOOK,EXTERNAL_CONFIRMATION,TRD102875,TRD102875,250,200,,quantity,P1,OPEN,0,MORGANSTANLEY-BROKER,EQ-CORE-02,,True,TRAIN
BRK01417,RECON-DAILY,2026-08-02,TRADE,TRADE_DATE_MISMATCH,Confirmed trade date differs from booked trade date,INTERNAL_BOOK,EXTERNAL_CONFIRMATION,TRD102876,TRD102876,2026-08-01,2026-08-02,,trade_date,P2,OPEN,0,NOMURA-BROKER,EQ-CORE-02,,True,TEST
BRK01418,RECON-DAILY,2026-08-13,TRADE,TRADE_DATE_MISMATCH,Confirmed trade date differs from booked trade date,INTERNAL_BOOK,EXTERNAL_CONFIRMATION,TRD102877,TRD102877,2026-08-12,2026-08-13,,trade_date,P2,OPEN,0,HDFC-CUST,EQ-CORE-02,,True,TRAIN
BRK01419,RECON-DAILY,2026-08-05,TRADE,CONF_MISSING,External confirmation never received,INTERNAL_BOOK,EXTERNAL_CONFIRMATION,TRD102880,TRD102880,TRD102880,,,confirmation,P0,OPEN,0,MORGANSTANLEY-BROKER,EQ-INDEX-04,,True,TRAIN
BRK01420,RECON-DAILY,2026-08-19,POSITION,CA_VOLUNTARY_DECISION,"Voluntary corporate action (tender/conversion) pending an election - requires a human business decision, always escalated",INTERNAL_BOOK,CUSTODIAN_CONFIRM,TRD102881,TRD102881,1500,1000,,actual_quantity,P1,OPEN,0,ICICI-CUST,EQ-ALPHA-03,VOLUNTARY,True,TRAIN
BRK01421,RECON-DAILY,2026-08-06,CASH,CASH_WRONG_AMOUNT,Cash amount posted differs from expected trade value by a non-round amount,INTERNAL_BOOK,CUSTODIAN_CONFIRM,TRD102884,TRD102884,5526225.0,6576207.75,,amount,P1,OPEN,0,MORGANSTANLEY-BROKER,EQ-INDEX-04,,False,TRAIN
BRK01422,RECON-DAILY,2026-08-11,TRADE,TRADE_QUANTITY_MISMATCH,Confirmed quantity differs from booked quantity,INTERNAL_BOOK,EXTERNAL_CONFIRMATION,TRD102885,TRD102885,750,850,,quantity,P1,OPEN,0,ICICI-CUST,EQ-CORE-01,,True,TEST
BRK01423,RECON-DAILY,2026-08-03,TRADE,CONF_DISAGREEMENT,External confirmation received but disagrees with the booking on multiple fields,INTERNAL_BOOK,EXTERNAL_CONFIRMATION,TRD102886,TRD102886,"qty=2000,price=1883.92","qty=1925,price=1903.97",,"quantity,price",P1,OPEN,0,HDFC-CUST,EQ-CORE-02,,True,TEST
BRK01424,RECON-DAILY,2026-08-02,POSITION,CA_MANDATORY_NOT_REFLECTED,"Mandatory corporate action (split/bonus) not yet reflected externally - mechanical, auto-correctable",INTERNAL_BOOK,CUSTODIAN_CONFIRM,TRD102890,TRD102890,750,250,,actual_quantity,P1,OPEN,0,HDFC-CUST,EQ-CORE-01,MANDATORY,True,TRAIN
BRK01425,RECON-DAILY,2026-08-06,CASH,CASH_DUPLICATE_ENTRY,Same cash movement posted twice,INTERNAL_BOOK,CUSTODIAN_CONFIRM,TRD102892,TRD102892,1220680.0,2441360.0,,"amount,cash_id",P1,OPEN,0,NOMURA-BROKER,EQ-CORE-01,,False,TRAIN
BRK01426,RECON-DAILY,2026-08-06,TRADE,TRADE_QUANTITY_MISMATCH,Confirmed quantity differs from booked quantity,INTERNAL_BOOK,EXTERNAL_CONFIRMATION,TRD102893,TRD102893,500,550,,quantity,P1,OPEN,0,MORGANSTANLEY-BROKER,EQ-CORE-01,,True,TRAIN
BRK01427,RECON-DAILY,2026-08-14,POSITION,POS_MISSING_BOOKING,Missing upstream booking - position never reflected externally,INTERNAL_BOOK,CUSTODIAN_CONFIRM,TRD102894,TRD102894,100,0,,actual_quantity,P0,OPEN,0,HDFC-CUST,EQ-CORE-01,,False,TRAIN
BRK01428,RECON-DAILY,2026-08-16,TRADE,TRADE_QUANTITY_MISMATCH,Confirmed quantity differs from booked quantity,INTERNAL_BOOK,EXTERNAL_CONFIRMATION,TRD102895,TRD102895,500,600,,quantity,P1,OPEN,0,DEUTSCHE-BROKER,EQ-INDEX-04,,True,TRAIN
BRK01429,RECON-DAILY,2026-08-04,SETTLEMENT,SETL_INCORRECT_DATE,Settlement recorded against the wrong date (holiday-calendar-style off-by-one),INTERNAL_BOOK,CUSTODIAN_CONFIRM,TRD102897,TRD102897,2026-08-04,2026-08-05,,settlement_date,P2,OPEN,0,DEUTSCHE-BROKER,EQ-CORE-01,,True,TRAIN
BRK01430,RECON-DAILY,2026-08-03,CASH,CASH_MISSING_ENTRY,Expected cash movement never posted,INTERNAL_BOOK,CUSTODIAN_CONFIRM,TRD102898,TRD102898,1867995.0,,,amount,P0,OPEN,0,HDFC-CUST,EQ-CORE-02,,False,TRAIN
BRK01431,RECON-DAILY,2026-08-19,TRADE,TRADE_COUNTERPARTY_ID_MISMATCH,Confirmed counterparty identifier differs from booked counterparty,INTERNAL_BOOK,EXTERNAL_CONFIRMATION,TRD102899,TRD102899,KOTAK-CUST,MORGANSTANLEY-BROKER,,counterparty,P1,OPEN,0,KOTAK-CUST,EQ-CORE-01,,True,TRAIN
BRK01432,RECON-DAILY,2026-08-13,SETTLEMENT,SETL_MISSING_INSTRUCTION,No settlement instruction was ever issued,INTERNAL_BOOK,CUSTODIAN_CONFIRM,TRD102901,TRD102901,INSTRUCTED,MISSING,,instruction_status,P0,OPEN,0,DEUTSCHE-BROKER,EQ-ALPHA-03,,True,TEST
BRK01433,RECON-DAILY,2026-08-18,SETTLEMENT,SETL_WRONG_SSI,Settlement instruction references the wrong SSI/beneficiary account - the payment-failure flagship scenario,INTERNAL_BOOK,CUSTODIAN_CONFIRM,TRD102903,TRD102903,SSI-DE-5510,SSI-IN-0091,,ssi_code,P0,OPEN,0,DEUTSCHE-BROKER,EQ-ALPHA-03,,True,TEST
BRK01434,RECON-DAILY,2026-08-10,CASH,CASH_FX_INPUT_DIFFERENCE,Cash posted in a different currency / at a stale or incorrect FX rate,INTERNAL_BOOK,CUSTODIAN_CONFIRM,TRD102904,TRD102904,2139607.5,2182399.65,,"amount,currency",P2,OPEN,0,KOTAK-CUST,EQ-CORE-01,,False,TRAIN
BRK01435,RECON-DAILY,2026-08-11,SETTLEMENT,SETL_INCORRECT_DATE,Settlement recorded against the wrong date (holiday-calendar-style off-by-one),INTERNAL_BOOK,CUSTODIAN_CONFIRM,TRD102905,TRD102905,2026-08-11,2026-08-12,,settlement_date,P2,OPEN,0,MORGANSTANLEY-BROKER,EQ-CORE-02,,True,TRAIN
BRK01436,RECON-DAILY,2026-08-11,TRADE,TRADE_DATE_MISMATCH,Confirmed trade date differs from booked trade date,INTERNAL_BOOK,EXTERNAL_CONFIRMATION,TRD102906,TRD102906,2026-08-10,2026-08-11,,trade_date,P2,OPEN,0,NOMURA-BROKER,EQ-INDEX-04,,True,TRAIN
BRK01437,RECON-DAILY,2026-08-07,POSITION,CA_VOLUNTARY_DECISION,"Voluntary corporate action (tender/conversion) pending an election - requires a human business decision, always escalated",INTERNAL_BOOK,CUSTODIAN_CONFIRM,TRD102907,TRD102907,1500,500,,actual_quantity,P1,OPEN,0,DEUTSCHE-BROKER,EQ-CORE-02,VOLUNTARY,True,TRAIN
BRK01438,RECON-DAILY,2026-08-15,TRADE,CONF_MISSING,External confirmation never received,INTERNAL_BOOK,EXTERNAL_CONFIRMATION,TRD102911,TRD102911,TRD102911,,,confirmation,P0,OPEN,0,HDFC-CUST,EQ-CORE-02,,True,TEST
BRK01439,RECON-DAILY,2026-08-09,TRADE,TRADE_QUANTITY_MISMATCH,Confirmed quantity differs from booked quantity,INTERNAL_BOOK,EXTERNAL_CONFIRMATION,TRD102913,TRD102913,500,400,,quantity,P1,OPEN,0,HDFC-CUST,EQ-ALPHA-03,,True,TEST
BRK01440,RECON-DAILY,2026-08-13,TRADE,TRADE_COUNTERPARTY_ID_MISMATCH,Confirmed counterparty identifier differs from booked counterparty,INTERNAL_BOOK,EXTERNAL_CONFIRMATION,TRD102914,TRD102914,MORGANSTANLEY-BROKER,HDFC-CUST,,counterparty,P1,OPEN,0,MORGANSTANLEY-BROKER,EQ-CORE-02,,True,TRAIN
BRK01441,RECON-DAILY,2026-08-14,POSITION,CA_VOLUNTARY_DECISION,"Voluntary corporate action (tender/conversion) pending an election - requires a human business decision, always escalated",INTERNAL_BOOK,CUSTODIAN_CONFIRM,TRD102918,TRD102918,3000,1000,,actual_quantity,P1,OPEN,0,MORGANSTANLEY-BROKER,EQ-ALPHA-03,VOLUNTARY,True,TRAIN
BRK01442,RECON-DAILY,2026-08-06,TRADE,TRADE_DATE_MISMATCH,Confirmed trade date differs from booked trade date,INTERNAL_BOOK,EXTERNAL_CONFIRMATION,TRD102921,TRD102921,2026-08-05,2026-08-06,,trade_date,P2,OPEN,0,ICICI-CUST,EQ-CORE-02,,True,TRAIN
BRK01443,RECON-DAILY,2026-08-07,CASH,CASH_WRONG_AMOUNT,Cash amount posted differs from expected trade value by a non-round amount,INTERNAL_BOOK,CUSTODIAN_CONFIRM,TRD102923,TRD102923,738346.0,605443.72,,amount,P1,OPEN,0,DEUTSCHE-BROKER,EQ-CORE-02,,False,TRAIN
BRK01444,RECON-DAILY,2026-08-14,POSITION,POS_TIMING_DIFFERENCE,"Timing difference - quantities agree, as-of dates don't (expected to self-resolve)",INTERNAL_BOOK,CUSTODIAN_CONFIRM,TRD102924,TRD102924,2026-08-14,2026-08-15,,as_of_date,P2,OPEN,0,KOTAK-CUST,EQ-INDEX-04,,True,TRAIN
BRK01445,RECON-DAILY,2026-08-10,TRADE,TRADE_PRICE_MISMATCH,Confirmed price differs from booked price,INTERNAL_BOOK,EXTERNAL_CONFIRMATION,TRD102925,TRD102925,4100.7,4165.7,,price,P2,OPEN,0,HDFC-CUST,EQ-CORE-02,,True,TRAIN
BRK01446,RECON-DAILY,2026-08-19,CASH,CASH_MISSING_ENTRY,Expected cash movement never posted,INTERNAL_BOOK,CUSTODIAN_CONFIRM,TRD102931,TRD102931,34344.0,,,amount,P0,OPEN,0,DEUTSCHE-BROKER,EQ-CORE-01,,False,TRAIN
BRK01447,RECON-DAILY,2026-08-22,CASH,CASH_DUPLICATE_ENTRY,Same cash movement posted twice,INTERNAL_BOOK,CUSTODIAN_CONFIRM,TRD102933,TRD102933,344080.0,688160.0,,"amount,cash_id",P1,OPEN,0,NOMURA-BROKER,EQ-INDEX-04,,False,TRAIN
BRK01448,RECON-DAILY,2026-08-16,TRADE,TRADE_DATE_MISMATCH,Confirmed trade date differs from booked trade date,INTERNAL_BOOK,EXTERNAL_CONFIRMATION,TRD102938,TRD102938,2026-08-15,2026-08-16,,trade_date,P2,OPEN,0,MORGANSTANLEY-BROKER,EQ-CORE-01,,True,TRAIN
BRK01449,RECON-DAILY,2026-08-13,POSITION,CA_MANDATORY_NOT_REFLECTED,"Mandatory corporate action (split/bonus) not yet reflected externally - mechanical, auto-correctable",INTERNAL_BOOK,CUSTODIAN_CONFIRM,TRD102946,TRD102946,3000,2000,,actual_quantity,P1,OPEN,0,HDFC-CUST,EQ-ALPHA-03,MANDATORY,True,TRAIN
BRK01450,RECON-DAILY,2026-08-06,TRADE,TRADE_COUNTERPARTY_ID_MISMATCH,Confirmed counterparty identifier differs from booked counterparty,INTERNAL_BOOK,EXTERNAL_CONFIRMATION,TRD102947,TRD102947,HDFC-CUST,KOTAK-CUST,,counterparty,P1,OPEN,0,HDFC-CUST,EQ-CORE-02,,True,TRAIN
BRK01451,RECON-DAILY,2026-08-21,POSITION,CA_MANDATORY_NOT_REFLECTED,"Mandatory corporate action (split/bonus) not yet reflected externally - mechanical, auto-correctable",INTERNAL_BOOK,CUSTODIAN_CONFIRM,TRD102948,TRD102948,750,500,,actual_quantity,P1,OPEN,0,MORGANSTANLEY-BROKER,EQ-CORE-02,MANDATORY,True,TRAIN
BRK01452,RECON-DAILY,2026-08-09,TRADE,TRADE_PRICE_MISMATCH,Confirmed price differs from booked price,INTERNAL_BOOK,EXTERNAL_CONFIRMATION,TRD102949,TRD102949,1245.18,1208.13,,price,P2,OPEN,0,KOTAK-CUST,EQ-CORE-02,,True,TEST
BRK01453,RECON-DAILY,2026-08-17,TRADE,CONF_DISAGREEMENT,External confirmation received but disagrees with the booking on multiple fields,INTERNAL_BOOK,EXTERNAL_CONFIRMATION,TRD102953,TRD102953,"qty=100,price=1683.62","qty=175,price=1702.61",,"quantity,price",P1,OPEN,0,ICICI-CUST,EQ-CORE-02,,True,TEST
BRK01454,RECON-DAILY,2026-08-22,CASH,CASH_WRONG_AMOUNT,Cash amount posted differs from expected trade value by a non-round amount,INTERNAL_BOOK,CUSTODIAN_CONFIRM,TRD102955,TRD102955,26003160.0,33024013.2,,amount,P1,OPEN,0,DEUTSCHE-BROKER,EQ-ALPHA-03,,False,TRAIN
BRK01455,RECON-DAILY,2026-08-22,POSITION,POS_MISSING_BOOKING,Missing upstream booking - position never reflected externally,INTERNAL_BOOK,CUSTODIAN_CONFIRM,TRD102959,TRD102959,250,0,,actual_quantity,P0,OPEN,0,HDFC-CUST,EQ-CORE-02,,False,TRAIN
BRK01456,RECON-DAILY,2026-08-21,CASH,CASH_DUPLICATE_ENTRY,Same cash movement posted twice,INTERNAL_BOOK,CUSTODIAN_CONFIRM,TRD102960,TRD102960,168832.0,337664.0,,"amount,cash_id",P1,OPEN,0,KOTAK-CUST,EQ-CORE-02,,False,TEST
BRK01457,RECON-DAILY,2026-08-09,CASH,CASH_MISSING_ENTRY,Expected cash movement never posted,INTERNAL_BOOK,CUSTODIAN_CONFIRM,TRD102961,TRD102961,196353.0,,,amount,P0,OPEN,0,NOMURA-BROKER,EQ-INDEX-04,,False,TRAIN
BRK01458,RECON-DAILY,2026-08-10,POSITION,POS_WRONG_QUANTITY,Wrong quantity - external position differs by a non-round amount,INTERNAL_BOOK,CUSTODIAN_CONFIRM,TRD102962,TRD102962,200,234,,actual_quantity,P1,OPEN,0,DEUTSCHE-BROKER,EQ-INDEX-04,,True,TRAIN
BRK01459,RECON-DAILY,2026-08-04,SETTLEMENT,SETL_MISSING_INSTRUCTION,No settlement instruction was ever issued,INTERNAL_BOOK,CUSTODIAN_CONFIRM,TRD102964,TRD102964,INSTRUCTED,MISSING,,instruction_status,P0,OPEN,0,HDFC-CUST,EQ-INDEX-04,,True,TRAIN
BRK01460,RECON-DAILY,2026-08-11,TRADE,CONF_MISSING,External confirmation never received,INTERNAL_BOOK,EXTERNAL_CONFIRMATION,TRD102965,TRD102965,TRD102965,,,confirmation,P0,OPEN,0,NOMURA-BROKER,EQ-INDEX-04,,True,TRAIN
BRK01461,RECON-DAILY,2026-08-14,TRADE,CONF_DISAGREEMENT,External confirmation received but disagrees with the booking on multiple fields,INTERNAL_BOOK,EXTERNAL_CONFIRMATION,TRD102966,TRD102966,"qty=2000,price=1182.1","qty=2075,price=1199.88",,"quantity,price",P1,OPEN,0,ICICI-CUST,EQ-ALPHA-03,,True,TRAIN
BRK01462,RECON-DAILY,2026-08-12,SETTLEMENT,SETL_WRONG_SSI,Settlement instruction references the wrong SSI/beneficiary account - the payment-failure flagship scenario,INTERNAL_BOOK,CUSTODIAN_CONFIRM,TRD102967,TRD102967,SSI-IN-0203,SSI-US-7742,,ssi_code,P0,OPEN,0,KOTAK-CUST,EQ-CORE-01,,True,TRAIN
BRK01463,RECON-DAILY,2026-08-15,TRADE,TRADE_PRICE_MISMATCH,Confirmed price differs from booked price,INTERNAL_BOOK,EXTERNAL_CONFIRMATION,TRD102968,TRD102968,172.22,174.72,,price,P2,OPEN,0,NOMURA-BROKER,EQ-ALPHA-03,,True,TRAIN
BRK01464,RECON-DAILY,2026-08-02,SETTLEMENT,SETL_WRONG_SSI,Settlement instruction references the wrong SSI/beneficiary account - the payment-failure flagship scenario,INTERNAL_BOOK,CUSTODIAN_CONFIRM,TRD102972,TRD102972,SSI-IN-0091,SSI-JP-3389,,ssi_code,P0,OPEN,0,ICICI-CUST,EQ-INDEX-04,,True,TEST
BRK01465,RECON-DAILY,2026-08-20,CASH,CASH_DUPLICATE_ENTRY,Same cash movement posted twice,INTERNAL_BOOK,CUSTODIAN_CONFIRM,TRD102974,TRD102974,258585.0,517170.0,,"amount,cash_id",P1,OPEN,0,NOMURA-BROKER,EQ-INDEX-04,,True,TEST
BRK01466,RECON-DAILY,2026-08-07,CASH,CASH_WRONG_AMOUNT,Cash amount posted differs from expected trade value by a non-round amount,INTERNAL_BOOK,CUSTODIAN_CONFIRM,TRD102975,TRD102975,5684780.0,7219670.6,,amount,P1,OPEN,0,DEUTSCHE-BROKER,EQ-INDEX-04,,False,TRAIN
BRK01467,RECON-DAILY,2026-08-05,CASH,CASH_MISSING_ENTRY,Expected cash movement never posted,INTERNAL_BOOK,CUSTODIAN_CONFIRM,TRD102980,TRD102980,2841430.0,,,amount,P0,OPEN,0,HDFC-CUST,EQ-CORE-01,,True,TRAIN
BRK01468,RECON-DAILY,2026-08-02,SETTLEMENT,SETL_LATE_COUNTERPARTY,Counterparty has not settled by the expected date,INTERNAL_BOOK,CUSTODIAN_CONFIRM,TRD102981,TRD102981,2026-08-02,2026-08-07,,"settlement_date,settlement_status",P1,OPEN,0,KOTAK-CUST,EQ-INDEX-04,,True,TRAIN
BRK01469,RECON-DAILY,2026-08-16,TRADE,TRADE_QUANTITY_MISMATCH,Confirmed quantity differs from booked quantity,INTERNAL_BOOK,EXTERNAL_CONFIRMATION,TRD102982,TRD102982,750,650,,quantity,P1,OPEN,0,KOTAK-CUST,EQ-INDEX-04,,True,TRAIN
BRK01470,RECON-DAILY,2026-08-15,POSITION,CA_VOLUNTARY_DECISION,"Voluntary corporate action (tender/conversion) pending an election - requires a human business decision, always escalated",INTERNAL_BOOK,CUSTODIAN_CONFIRM,TRD102983,TRD102983,200,100,,actual_quantity,P1,OPEN,0,MORGANSTANLEY-BROKER,EQ-INDEX-04,VOLUNTARY,True,TRAIN
BRK01471,RECON-DAILY,2026-08-15,SETTLEMENT,SETL_INCORRECT_DATE,Settlement recorded against the wrong date (holiday-calendar-style off-by-one),INTERNAL_BOOK,CUSTODIAN_CONFIRM,TRD102984,TRD102984,2026-08-15,2026-08-16,,settlement_date,P2,OPEN,0,DEUTSCHE-BROKER,EQ-INDEX-04,,True,TRAIN
BRK01472,RECON-DAILY,2026-08-03,POSITION,CA_VOLUNTARY_DECISION,"Voluntary corporate action (tender/conversion) pending an election - requires a human business decision, always escalated",INTERNAL_BOOK,CUSTODIAN_CONFIRM,TRD102986,TRD102986,1500,1000,,actual_quantity,P1,OPEN,0,KOTAK-CUST,EQ-ALPHA-03,VOLUNTARY,True,TRAIN
BRK01473,RECON-DAILY,2026-08-14,POSITION,CA_INCORRECT_ENTITLEMENT,Corporate action entitlement calculated incorrectly (wrong ratio applied),INTERNAL_BOOK,CUSTODIAN_CONFIRM,TRD102988,TRD102988,150,180,,actual_quantity,P1,OPEN,0,KOTAK-CUST,EQ-INDEX-04,MANDATORY,True,TRAIN
BRK01474,RECON-DAILY,2026-08-22,TRADE,CONF_MISSING,External confirmation never received,INTERNAL_BOOK,EXTERNAL_CONFIRMATION,TRD102989,TRD102989,TRD102989,,,confirmation,P0,OPEN,0,MORGANSTANLEY-BROKER,EQ-ALPHA-03,,True,TRAIN
BRK01475,RECON-DAILY,2026-08-18,SETTLEMENT,SETL_LATE_COUNTERPARTY,Counterparty has not settled by the expected date,INTERNAL_BOOK,CUSTODIAN_CONFIRM,TRD102993,TRD102993,2026-08-18,2026-08-23,,"settlement_date,settlement_status",P1,OPEN,0,MORGANSTANLEY-BROKER,EQ-ALPHA-03,,True,TRAIN
BRK01476,RECON-DAILY,2026-08-11,TRADE,TRADE_COUNTERPARTY_ID_MISMATCH,Confirmed counterparty identifier differs from booked counterparty,INTERNAL_BOOK,EXTERNAL_CONFIRMATION,TRD102995,TRD102995,NOMURA-BROKER,DEUTSCHE-BROKER,,counterparty,P1,OPEN,0,NOMURA-BROKER,EQ-CORE-02,,True,TRAIN
BRK01477,RECON-DAILY,2026-08-09,TRADE,CONF_DISAGREEMENT,External confirmation received but disagrees with the booking on multiple fields,INTERNAL_BOOK,EXTERNAL_CONFIRMATION,TRD102997,TRD102997,"qty=500,price=1183.24","qty=425,price=1203.4",,"quantity,price",P1,OPEN,0,NOMURA-BROKER,EQ-ALPHA-03,,True,TRAIN
BRK01478,RECON-DAILY,2026-08-03,POSITION,CA_VOLUNTARY_DECISION,"Voluntary corporate action (tender/conversion) pending an election - requires a human business decision, always escalated",INTERNAL_BOOK,CUSTODIAN_CONFIRM,TRD102999,TRD102999,375,250,,actual_quantity,P1,OPEN,0,MORGANSTANLEY-BROKER,EQ-ALPHA-03,VOLUNTARY,True,TRAIN
BRK01479,RECON-DAILY,2026-08-08,TRADE,TRADE_COUNTERPARTY_ID_MISMATCH,Confirmed counterparty identifier differs from booked counterparty,INTERNAL_BOOK,EXTERNAL_CONFIRMATION,TRD103000,TRD103000,MORGANSTANLEY-BROKER,NOMURA-BROKER,,counterparty,P1,OPEN,0,MORGANSTANLEY-BROKER,EQ-ALPHA-03,,True,TRAIN
BRK01480,RECON-DAILY,2026-08-06,CASH,CASH_MISSING_ENTRY,Expected cash movement never posted,INTERNAL_BOOK,CUSTODIAN_CONFIRM,TRD103004,TRD103004,1696280.0,,,amount,P0,OPEN,0,HDFC-CUST,EQ-CORE-01,,True,TEST
BRK01481,RECON-DAILY,2026-08-19,POSITION,POS_TIMING_DIFFERENCE,"Timing difference - quantities agree, as-of dates don't (expected to self-resolve)",INTERNAL_BOOK,CUSTODIAN_CONFIRM,TRD103012,TRD103012,2026-08-19,2026-08-20,,as_of_date,P2,OPEN,0,KOTAK-CUST,EQ-CORE-01,,True,TRAIN
BRK01482,RECON-DAILY,2026-08-15,CASH,CASH_DUPLICATE_ENTRY,Same cash movement posted twice,INTERNAL_BOOK,CUSTODIAN_CONFIRM,TRD103013,TRD103013,309240.0,618480.0,,"amount,cash_id",P1,OPEN,0,HDFC-CUST,EQ-CORE-02,,True,TRAIN
BRK01483,RECON-DAILY,2026-08-14,SETTLEMENT,SETL_LATE_COUNTERPARTY,Counterparty has not settled by the expected date,INTERNAL_BOOK,CUSTODIAN_CONFIRM,TRD103016,TRD103016,2026-08-14,2026-08-18,,"settlement_date,settlement_status",P1,OPEN,0,MORGANSTANLEY-BROKER,EQ-CORE-01,,True,TRAIN
BRK01484,RECON-DAILY,2026-08-22,TRADE,TRADE_PRICE_MISMATCH,Confirmed price differs from booked price,INTERNAL_BOOK,EXTERNAL_CONFIRMATION,TRD103018,TRD103018,2736.07,2672.67,,price,P2,OPEN,0,ICICI-CUST,EQ-INDEX-04,,True,TRAIN
BRK01485,RECON-DAILY,2026-08-10,TRADE,CONF_DISAGREEMENT,External confirmation received but disagrees with the booking on multiple fields,INTERNAL_BOOK,EXTERNAL_CONFIRMATION,TRD103019,TRD103019,"qty=750,price=171.7","qty=825,price=174.37",,"quantity,price",P1,OPEN,0,HDFC-CUST,EQ-CORE-01,,True,TRAIN
BRK01486,RECON-DAILY,2026-08-21,TRADE,TRADE_PRICE_MISMATCH,Confirmed price differs from booked price,INTERNAL_BOOK,EXTERNAL_CONFIRMATION,TRD103021,TRD103021,1896.26,1844.42,,price,P2,OPEN,0,KOTAK-CUST,EQ-INDEX-04,,True,TRAIN
BRK01487,RECON-DAILY,2026-08-12,POSITION,CA_MANDATORY_NOT_REFLECTED,"Mandatory corporate action (split/bonus) not yet reflected externally - mechanical, auto-correctable",INTERNAL_BOOK,CUSTODIAN_CONFIRM,TRD103022,TRD103022,500,250,,actual_quantity,P1,OPEN,0,NOMURA-BROKER,EQ-CORE-02,MANDATORY,True,TEST
BRK01488,RECON-DAILY,2026-08-06,POSITION,POS_TIMING_DIFFERENCE,"Timing difference - quantities agree, as-of dates don't (expected to self-resolve)",INTERNAL_BOOK,CUSTODIAN_CONFIRM,TRD103023,TRD103023,2026-08-06,2026-08-07,,as_of_date,P2,OPEN,0,MORGANSTANLEY-BROKER,EQ-CORE-02,,True,TRAIN
BRK01489,RECON-DAILY,2026-08-14,CASH,CASH_DUPLICATE_ENTRY,Same cash movement posted twice,INTERNAL_BOOK,CUSTODIAN_CONFIRM,TRD103024,TRD103024,188339.0,376678.0,,"amount,cash_id",P1,OPEN,0,MORGANSTANLEY-BROKER,EQ-CORE-01,,True,TRAIN
BRK01490,RECON-DAILY,2026-08-05,TRADE,CONF_DISAGREEMENT,External confirmation received but disagrees with the booking on multiple fields,INTERNAL_BOOK,EXTERNAL_CONFIRMATION,TRD103026,TRD103026,"qty=2000,price=466.87","qty=2075,price=475.15",,"quantity,price",P1,OPEN,0,NOMURA-BROKER,EQ-INDEX-04,,True,TRAIN
BRK01491,RECON-DAILY,2026-08-03,SETTLEMENT,SETL_INCORRECT_DATE,Settlement recorded against the wrong date (holiday-calendar-style off-by-one),INTERNAL_BOOK,CUSTODIAN_CONFIRM,TRD103028,TRD103028,2026-08-03,2026-08-04,,settlement_date,P2,OPEN,0,HDFC-CUST,EQ-ALPHA-03,,True,TEST
BRK01492,RECON-DAILY,2026-08-07,TRADE,TRADE_PRICE_MISMATCH,Confirmed price differs from booked price,INTERNAL_BOOK,EXTERNAL_CONFIRMATION,TRD103029,TRD103029,1668.13,1695.73,,price,P2,OPEN,0,HDFC-CUST,EQ-ALPHA-03,,True,TEST
BRK01493,RECON-DAILY,2026-08-10,SETTLEMENT,SETL_WRONG_SSI,Settlement instruction references the wrong SSI/beneficiary account - the payment-failure flagship scenario,INTERNAL_BOOK,CUSTODIAN_CONFIRM,TRD103030,TRD103030,SSI-JP-3389,SSI-US-7742,,ssi_code,P0,OPEN,0,NOMURA-BROKER,EQ-CORE-02,,True,TRAIN
BRK01494,RECON-DAILY,2026-08-06,CASH,CASH_WRONG_AMOUNT,Cash amount posted differs from expected trade value by a non-round amount,INTERNAL_BOOK,CUSTODIAN_CONFIRM,TRD103032,TRD103032,117762.5,149558.38,,amount,P1,OPEN,0,KOTAK-CUST,EQ-CORE-01,,False,TRAIN
BRK01495,RECON-DAILY,2026-08-17,POSITION,POS_MISSING_BOOKING,Missing upstream booking - position never reflected externally,INTERNAL_BOOK,CUSTODIAN_CONFIRM,TRD103034,TRD103034,2000,0,,actual_quantity,P0,OPEN,0,KOTAK-CUST,EQ-ALPHA-03,,False,TEST
BRK01496,RECON-DAILY,2026-08-03,POSITION,POS_MISSING_BOOKING,Missing upstream booking - position never reflected externally,INTERNAL_BOOK,CUSTODIAN_CONFIRM,TRD103035,TRD103035,250,0,,actual_quantity,P0,OPEN,0,DEUTSCHE-BROKER,EQ-ALPHA-03,,False,TRAIN
BRK01497,RECON-DAILY,2026-08-12,POSITION,POS_WRONG_QUANTITY,Wrong quantity - external position differs by a non-round amount,INTERNAL_BOOK,CUSTODIAN_CONFIRM,TRD103037,TRD103037,200,174,,actual_quantity,P1,OPEN,0,MORGANSTANLEY-BROKER,EQ-CORE-01,,False,TEST
BRK01498,RECON-DAILY,2026-08-11,TRADE,CONF_MISSING,External confirmation never received,INTERNAL_BOOK,EXTERNAL_CONFIRMATION,TRD103038,TRD103038,TRD103038,,,confirmation,P0,OPEN,0,NOMURA-BROKER,EQ-ALPHA-03,,True,TRAIN
BRK01499,RECON-DAILY,2026-08-03,SETTLEMENT,SETL_LATE_COUNTERPARTY,Counterparty has not settled by the expected date,INTERNAL_BOOK,CUSTODIAN_CONFIRM,TRD103040,TRD103040,2026-08-03,2026-08-06,,"settlement_date,settlement_status",P1,OPEN,0,ICICI-CUST,EQ-INDEX-04,,True,TRAIN
BRK01500,RECON-DAILY,2026-08-19,TRADE,TRADE_DATE_MISMATCH,Confirmed trade date differs from booked trade date,INTERNAL_BOOK,EXTERNAL_CONFIRMATION,TRD103041,TRD103041,2026-08-18,2026-08-19,,trade_date,P2,OPEN,0,DEUTSCHE-BROKER,EQ-CORE-01,,True,TRAIN
BRK01501,RECON-DAILY,2026-08-17,POSITION,POS_TIMING_DIFFERENCE,"Timing difference - quantities agree, as-of dates don't (expected to self-resolve)",INTERNAL_BOOK,CUSTODIAN_CONFIRM,TRD103042,TRD103042,2026-08-17,2026-08-18,,as_of_date,P2,OPEN,0,KOTAK-CUST,EQ-CORE-01,,False,TEST
BRK01502,RECON-DAILY,2026-08-05,TRADE,CONF_MISSING,External confirmation never received,INTERNAL_BOOK,EXTERNAL_CONFIRMATION,TRD103044,TRD103044,TRD103044,,,confirmation,P0,OPEN,0,DEUTSCHE-BROKER,EQ-CORE-01,,True,TRAIN
BRK01503,RECON-DAILY,2026-08-14,CASH,CASH_DUPLICATE_ENTRY,Same cash movement posted twice,INTERNAL_BOOK,CUSTODIAN_CONFIRM,TRD103045,TRD103045,474490.0,948980.0,,"amount,cash_id",P1,OPEN,0,NOMURA-BROKER,EQ-ALPHA-03,,False,TEST
BRK01504,RECON-DAILY,2026-08-02,TRADE,TRADE_QUANTITY_MISMATCH,Confirmed quantity differs from booked quantity,INTERNAL_BOOK,EXTERNAL_CONFIRMATION,TRD103046,TRD103046,2000,2100,,quantity,P1,OPEN,0,KOTAK-CUST,EQ-ALPHA-03,,True,TEST
BRK01505,RECON-DAILY,2026-08-14,TRADE,TRADE_PRICE_MISMATCH,Confirmed price differs from booked price,INTERNAL_BOOK,EXTERNAL_CONFIRMATION,TRD103047,TRD103047,1887.95,1852.67,,price,P2,OPEN,0,NOMURA-BROKER,EQ-ALPHA-03,,True,TRAIN
BRK01506,RECON-DAILY,2026-08-16,SETTLEMENT,SETL_WRONG_SSI,Settlement instruction references the wrong SSI/beneficiary account - the payment-failure flagship scenario,INTERNAL_BOOK,CUSTODIAN_CONFIRM,TRD103049,TRD103049,SSI-IN-0091,SSI-IN-0203,,ssi_code,P0,OPEN,0,ICICI-CUST,EQ-ALPHA-03,,True,TRAIN
BRK01507,RECON-DAILY,2026-08-16,TRADE,CONF_MISSING,External confirmation never received,INTERNAL_BOOK,EXTERNAL_CONFIRMATION,TRD103052,TRD103052,TRD103052,,,confirmation,P0,OPEN,0,DEUTSCHE-BROKER,EQ-ALPHA-03,,True,TRAIN
BRK01508,RECON-DAILY,2026-08-17,POSITION,CA_VOLUNTARY_DECISION,"Voluntary corporate action (tender/conversion) pending an election - requires a human business decision, always escalated",INTERNAL_BOOK,CUSTODIAN_CONFIRM,TRD103054,TRD103054,1500,750,,actual_quantity,P1,OPEN,0,DEUTSCHE-BROKER,EQ-ALPHA-03,VOLUNTARY,True,TRAIN
BRK01509,RECON-DAILY,2026-08-21,CASH,CASH_MISSING_ENTRY,Expected cash movement never posted,INTERNAL_BOOK,CUSTODIAN_CONFIRM,TRD103056,TRD103056,168514.0,,,amount,P0,OPEN,0,HDFC-CUST,EQ-CORE-01,,False,TRAIN
BRK01510,RECON-DAILY,2026-08-06,SETTLEMENT,SETL_INCORRECT_DATE,Settlement recorded against the wrong date (holiday-calendar-style off-by-one),INTERNAL_BOOK,CUSTODIAN_CONFIRM,TRD103058,TRD103058,2026-08-06,2026-08-07,,settlement_date,P2,OPEN,0,MORGANSTANLEY-BROKER,EQ-ALPHA-03,,True,TRAIN
BRK01511,RECON-DAILY,2026-08-09,SETTLEMENT,SETL_WRONG_SSI,Settlement instruction references the wrong SSI/beneficiary account - the payment-failure flagship scenario,INTERNAL_BOOK,CUSTODIAN_CONFIRM,TRD103059,TRD103059,SSI-DE-5510,SSI-IN-0203,,ssi_code,P0,OPEN,0,DEUTSCHE-BROKER,EQ-CORE-02,,True,TRAIN
BRK01512,RECON-DAILY,2026-08-05,TRADE,TRADE_DATE_MISMATCH,Confirmed trade date differs from booked trade date,INTERNAL_BOOK,EXTERNAL_CONFIRMATION,TRD103062,TRD103062,2026-08-04,2026-08-05,,trade_date,P2,OPEN,0,HDFC-CUST,EQ-CORE-01,,True,TRAIN
BRK01513,RECON-DAILY,2026-08-19,TRADE,CONF_MISSING,External confirmation never received,INTERNAL_BOOK,EXTERNAL_CONFIRMATION,TRD103067,TRD103067,TRD103067,,,confirmation,P0,OPEN,0,ICICI-CUST,EQ-INDEX-04,,True,TRAIN
BRK01514,RECON-DAILY,2026-08-02,CASH,CASH_MISSING_ENTRY,Expected cash movement never posted,INTERNAL_BOOK,CUSTODIAN_CONFIRM,TRD103068,TRD103068,311245.0,,,amount,P0,OPEN,0,ICICI-CUST,EQ-INDEX-04,,False,TRAIN
BRK01515,RECON-DAILY,2026-08-18,CASH,CASH_MISSING_ENTRY,Expected cash movement never posted,INTERNAL_BOOK,CUSTODIAN_CONFIRM,TRD103069,TRD103069,2359140.0,,,amount,P0,OPEN,0,DEUTSCHE-BROKER,EQ-CORE-02,,False,TRAIN
BRK01516,RECON-DAILY,2026-08-05,CASH,CASH_DUPLICATE_ENTRY,Same cash movement posted twice,INTERNAL_BOOK,CUSTODIAN_CONFIRM,TRD103080,TRD103080,2504970.0,5009940.0,,"amount,cash_id",P1,OPEN,0,ICICI-CUST,EQ-ALPHA-03,,True,TRAIN
BRK01517,RECON-DAILY,2026-08-15,POSITION,POS_MISSING_BOOKING,Missing upstream booking - position never reflected externally,INTERNAL_BOOK,CUSTODIAN_CONFIRM,TRD103083,TRD103083,1500,0,,actual_quantity,P0,OPEN,0,HDFC-CUST,EQ-INDEX-04,,False,TRAIN
BRK01518,RECON-DAILY,2026-08-07,TRADE,TRADE_DATE_MISMATCH,Confirmed trade date differs from booked trade date,INTERNAL_BOOK,EXTERNAL_CONFIRMATION,TRD103084,TRD103084,2026-08-06,2026-08-07,,trade_date,P2,OPEN,0,MORGANSTANLEY-BROKER,EQ-CORE-02,,True,TRAIN
BRK01519,RECON-DAILY,2026-08-17,CASH,CASH_FX_INPUT_DIFFERENCE,Cash posted in a different currency / at a stale or incorrect FX rate,INTERNAL_BOOK,CUSTODIAN_CONFIRM,TRD103085,TRD103085,975060.0,1043314.2,,"amount,currency",P2,OPEN,0,DEUTSCHE-BROKER,EQ-CORE-01,,True,TRAIN
BRK01520,RECON-DAILY,2026-08-19,TRADE,TRADE_COUNTERPARTY_ID_MISMATCH,Confirmed counterparty identifier differs from booked counterparty,INTERNAL_BOOK,EXTERNAL_CONFIRMATION,TRD103086,TRD103086,DEUTSCHE-BROKER,NOMURA-BROKER,,counterparty,P1,OPEN,0,DEUTSCHE-BROKER,EQ-CORE-02,,True,TEST
BRK01521,RECON-DAILY,2026-08-19,TRADE,TRADE_DATE_MISMATCH,Confirmed trade date differs from booked trade date,INTERNAL_BOOK,EXTERNAL_CONFIRMATION,TRD103087,TRD103087,2026-08-18,2026-08-19,,trade_date,P2,OPEN,0,KOTAK-CUST,EQ-CORE-01,,True,TRAIN
BRK01522,RECON-DAILY,2026-08-18,POSITION,CA_INCORRECT_ENTITLEMENT,Corporate action entitlement calculated incorrectly (wrong ratio applied),INTERNAL_BOOK,CUSTODIAN_CONFIRM,TRD103088,TRD103088,1000,850,,actual_quantity,P1,OPEN,0,HDFC-CUST,EQ-CORE-02,MANDATORY,True,TEST
BRK01523,RECON-DAILY,2026-08-21,TRADE,CONF_MISSING,External confirmation never received,INTERNAL_BOOK,EXTERNAL_CONFIRMATION,TRD103090,TRD103090,TRD103090,,,confirmation,P0,OPEN,0,NOMURA-BROKER,EQ-CORE-01,,True,TRAIN
BRK01524,RECON-DAILY,2026-08-10,POSITION,CA_INCORRECT_ENTITLEMENT,Corporate action entitlement calculated incorrectly (wrong ratio applied),INTERNAL_BOOK,CUSTODIAN_CONFIRM,TRD103093,TRD103093,300,240,,actual_quantity,P1,OPEN,0,HDFC-CUST,EQ-CORE-01,MANDATORY,True,TRAIN
BRK01525,RECON-DAILY,2026-08-14,POSITION,CA_INCORRECT_ENTITLEMENT,Corporate action entitlement calculated incorrectly (wrong ratio applied),INTERNAL_BOOK,CUSTODIAN_CONFIRM,TRD103097,TRD103097,2000,2300,,actual_quantity,P1,OPEN,0,MORGANSTANLEY-BROKER,EQ-INDEX-04,MANDATORY,True,TEST
BRK01526,RECON-DAILY,2026-08-05,CASH,CASH_WRONG_AMOUNT,Cash amount posted differs from expected trade value by a non-round amount,INTERNAL_BOOK,CUSTODIAN_CONFIRM,TRD103098,TRD103098,1181130.0,1405544.7,,amount,P1,OPEN,0,HDFC-CUST,EQ-ALPHA-03,,False,TRAIN
BRK01527,RECON-DAILY,2026-08-15,SETTLEMENT,SETL_MISSING_INSTRUCTION,No settlement instruction was ever issued,INTERNAL_BOOK,CUSTODIAN_CONFIRM,TRD103100,TRD103100,INSTRUCTED,MISSING,,instruction_status,P0,OPEN,0,NOMURA-BROKER,EQ-CORE-01,,True,TRAIN
BRK01528,RECON-DAILY,2026-08-20,TRADE,TRADE_COUNTERPARTY_ID_MISMATCH,Confirmed counterparty identifier differs from booked counterparty,INTERNAL_BOOK,EXTERNAL_CONFIRMATION,TRD103101,TRD103101,MORGANSTANLEY-BROKER,DEUTSCHE-BROKER,,counterparty,P1,OPEN,0,MORGANSTANLEY-BROKER,EQ-CORE-01,,True,TRAIN
BRK01529,RECON-DAILY,2026-08-21,SETTLEMENT,SETL_WRONG_SSI,Settlement instruction references the wrong SSI/beneficiary account - the payment-failure flagship scenario,INTERNAL_BOOK,CUSTODIAN_CONFIRM,TRD103102,TRD103102,SSI-DE-5510,SSI-JP-3389,,ssi_code,P0,OPEN,0,DEUTSCHE-BROKER,EQ-INDEX-04,,True,TRAIN
BRK01530,RECON-DAILY,2026-08-14,SETTLEMENT,SETL_MISSING_INSTRUCTION,No settlement instruction was ever issued,INTERNAL_BOOK,CUSTODIAN_CONFIRM,TRD103103,TRD103103,INSTRUCTED,MISSING,,instruction_status,P0,OPEN,0,DEUTSCHE-BROKER,EQ-CORE-01,,True,TRAIN
BRK01531,RECON-DAILY,2026-08-17,TRADE,TRADE_COUNTERPARTY_ID_MISMATCH,Confirmed counterparty identifier differs from booked counterparty,INTERNAL_BOOK,EXTERNAL_CONFIRMATION,TRD103104,TRD103104,KOTAK-CUST,DEUTSCHE-BROKER,,counterparty,P1,OPEN,0,KOTAK-CUST,EQ-ALPHA-03,,True,TRAIN
BRK01532,RECON-DAILY,2026-08-18,TRADE,TRADE_COUNTERPARTY_ID_MISMATCH,Confirmed counterparty identifier differs from booked counterparty,INTERNAL_BOOK,EXTERNAL_CONFIRMATION,TRD103105,TRD103105,HDFC-CUST,NOMURA-BROKER,,counterparty,P1,OPEN,0,HDFC-CUST,EQ-ALPHA-03,,True,TRAIN
BRK01533,RECON-DAILY,2026-08-16,POSITION,POS_TIMING_DIFFERENCE,"Timing difference - quantities agree, as-of dates don't (expected to self-resolve)",INTERNAL_BOOK,CUSTODIAN_CONFIRM,TRD103106,TRD103106,2026-08-16,2026-08-17,,as_of_date,P2,OPEN,0,MORGANSTANLEY-BROKER,EQ-ALPHA-03,,False,TRAIN
BRK01534,RECON-DAILY,2026-08-03,CASH,CASH_WRONG_AMOUNT,Cash amount posted differs from expected trade value by a non-round amount,INTERNAL_BOOK,CUSTODIAN_CONFIRM,TRD103109,TRD103109,210592.5,191639.18,,amount,P1,OPEN,0,HDFC-CUST,EQ-INDEX-04,,False,TRAIN
BRK01535,RECON-DAILY,2026-08-11,TRADE,TRADE_PRICE_MISMATCH,Confirmed price differs from booked price,INTERNAL_BOOK,EXTERNAL_CONFIRMATION,TRD103110,TRD103110,468.42,479.7,,price,P2,OPEN,0,MORGANSTANLEY-BROKER,EQ-CORE-01,,True,TRAIN
BRK01536,RECON-DAILY,2026-08-10,TRADE,CONF_DISAGREEMENT,External confirmation received but disagrees with the booking on multiple fields,INTERNAL_BOOK,EXTERNAL_CONFIRMATION,TRD103111,TRD103111,"qty=250,price=12950.22","qty=325,price=13145.13",,"quantity,price",P1,OPEN,0,KOTAK-CUST,EQ-CORE-01,,True,TRAIN
BRK01537,RECON-DAILY,2026-08-13,SETTLEMENT,SETL_LATE_COUNTERPARTY,Counterparty has not settled by the expected date,INTERNAL_BOOK,CUSTODIAN_CONFIRM,TRD103115,TRD103115,2026-08-13,2026-08-18,,"settlement_date,settlement_status",P1,OPEN,0,NOMURA-BROKER,EQ-INDEX-04,,True,TRAIN
BRK01538,RECON-DAILY,2026-08-17,POSITION,CA_INCORRECT_ENTITLEMENT,Corporate action entitlement calculated incorrectly (wrong ratio applied),INTERNAL_BOOK,CUSTODIAN_CONFIRM,TRD103118,TRD103118,150,170,,actual_quantity,P1,OPEN,0,NOMURA-BROKER,EQ-CORE-01,MANDATORY,True,TEST
BRK01539,RECON-DAILY,2026-08-05,CASH,CASH_WRONG_AMOUNT,Cash amount posted differs from expected trade value by a non-round amount,INTERNAL_BOOK,CUSTODIAN_CONFIRM,TRD103120,TRD103120,977145.0,1162802.55,,amount,P1,OPEN,0,ICICI-CUST,EQ-CORE-02,,False,TRAIN
BRK01540,RECON-DAILY,2026-08-10,SETTLEMENT,SETL_INCORRECT_DATE,Settlement recorded against the wrong date (holiday-calendar-style off-by-one),INTERNAL_BOOK,CUSTODIAN_CONFIRM,TRD103121,TRD103121,2026-08-10,2026-08-11,,settlement_date,P2,OPEN,0,HDFC-CUST,EQ-CORE-01,,True,TEST
BRK01541,RECON-DAILY,2026-08-15,TRADE,CONF_DISAGREEMENT,External confirmation received but disagrees with the booking on multiple fields,INTERNAL_BOOK,EXTERNAL_CONFIRMATION,TRD103122,TRD103122,"qty=750,price=469.67","qty=825,price=475.83",,"quantity,price",P1,OPEN,0,MORGANSTANLEY-BROKER,EQ-INDEX-04,,True,TRAIN
BRK01542,RECON-DAILY,2026-08-15,TRADE,CONF_MISSING,External confirmation never received,INTERNAL_BOOK,EXTERNAL_CONFIRMATION,TRD103124,TRD103124,TRD103124,,,confirmation,P0,OPEN,0,DEUTSCHE-BROKER,EQ-CORE-02,,True,TEST
BRK01543,RECON-DAILY,2026-08-22,TRADE,TRADE_COUNTERPARTY_ID_MISMATCH,Confirmed counterparty identifier differs from booked counterparty,INTERNAL_BOOK,EXTERNAL_CONFIRMATION,TRD103126,TRD103126,NOMURA-BROKER,MORGANSTANLEY-BROKER,,counterparty,P1,OPEN,0,NOMURA-BROKER,EQ-ALPHA-03,,True,TRAIN
BRK01544,RECON-DAILY,2026-08-04,TRADE,TRADE_COUNTERPARTY_ID_MISMATCH,Confirmed counterparty identifier differs from booked counterparty,INTERNAL_BOOK,EXTERNAL_CONFIRMATION,TRD103132,TRD103132,ICICI-CUST,KOTAK-CUST,,counterparty,P1,OPEN,0,ICICI-CUST,EQ-INDEX-04,,True,TRAIN
BRK01545,RECON-DAILY,2026-08-19,CASH,CASH_WRONG_AMOUNT,Cash amount posted differs from expected trade value by a non-round amount,INTERNAL_BOOK,CUSTODIAN_CONFIRM,TRD103134,TRD103134,2059942.5,1874547.68,,amount,P1,OPEN,0,NOMURA-BROKER,EQ-CORE-02,,False,TRAIN
BRK01546,RECON-DAILY,2026-08-13,CASH,CASH_MISSING_ENTRY,Expected cash movement never posted,INTERNAL_BOOK,CUSTODIAN_CONFIRM,TRD103136,TRD103136,1413052.5,,,amount,P0,OPEN,0,HDFC-CUST,EQ-ALPHA-03,,False,TRAIN
BRK01547,RECON-DAILY,2026-08-12,POSITION,CA_VOLUNTARY_DECISION,"Voluntary corporate action (tender/conversion) pending an election - requires a human business decision, always escalated",INTERNAL_BOOK,CUSTODIAN_CONFIRM,TRD103137,TRD103137,600,200,,actual_quantity,P1,OPEN,0,DEUTSCHE-BROKER,EQ-ALPHA-03,VOLUNTARY,True,TRAIN
BRK01548,RECON-DAILY,2026-08-03,SETTLEMENT,SETL_MISSING_INSTRUCTION,No settlement instruction was ever issued,INTERNAL_BOOK,CUSTODIAN_CONFIRM,TRD103138,TRD103138,INSTRUCTED,MISSING,,instruction_status,P0,OPEN,0,MORGANSTANLEY-BROKER,EQ-CORE-01,,True,TEST
BRK01549,RECON-DAILY,2026-08-13,CASH,CASH_DUPLICATE_ENTRY,Same cash movement posted twice,INTERNAL_BOOK,CUSTODIAN_CONFIRM,TRD103140,TRD103140,1677520.0,3355040.0,,"amount,cash_id",P1,OPEN,0,HDFC-CUST,EQ-ALPHA-03,,True,TRAIN
BRK01550,RECON-DAILY,2026-08-16,TRADE,CONF_DISAGREEMENT,External confirmation received but disagrees with the booking on multiple fields,INTERNAL_BOOK,EXTERNAL_CONFIRMATION,TRD103141,TRD103141,"qty=750,price=12929.66","qty=825,price=13063.81",,"quantity,price",P1,OPEN,0,ICICI-CUST,EQ-ALPHA-03,,True,TRAIN
BRK01551,RECON-DAILY,2026-08-04,POSITION,CA_MANDATORY_NOT_REFLECTED,"Mandatory corporate action (split/bonus) not yet reflected externally - mechanical, auto-correctable",INTERNAL_BOOK,CUSTODIAN_CONFIRM,TRD103144,TRD103144,750,500,,actual_quantity,P1,OPEN,0,NOMURA-BROKER,EQ-CORE-02,MANDATORY,True,TRAIN
BRK01552,RECON-DAILY,2026-08-03,TRADE,CONF_DISAGREEMENT,External confirmation received but disagrees with the booking on multiple fields,INTERNAL_BOOK,EXTERNAL_CONFIRMATION,TRD103145,TRD103145,"qty=250,price=12970.54","qty=325,price=13134.87",,"quantity,price",P1,OPEN,0,MORGANSTANLEY-BROKER,EQ-INDEX-04,,True,TRAIN
BRK01553,RECON-DAILY,2026-08-07,CASH,CASH_FX_INPUT_DIFFERENCE,Cash posted in a different currency / at a stale or incorrect FX rate,INTERNAL_BOOK,CUSTODIAN_CONFIRM,TRD103146,TRD103146,548310.0,559276.2,,"amount,currency",P2,OPEN,0,DEUTSCHE-BROKER,EQ-INDEX-04,,False,TRAIN
BRK01554,RECON-DAILY,2026-08-15,TRADE,TRADE_PRICE_MISMATCH,Confirmed price differs from booked price,INTERNAL_BOOK,EXTERNAL_CONFIRMATION,TRD103147,TRD103147,2859.83,2910.38,,price,P2,OPEN,0,HDFC-CUST,EQ-ALPHA-03,,True,TRAIN
BRK01555,RECON-DAILY,2026-08-11,SETTLEMENT,SETL_INCORRECT_DATE,Settlement recorded against the wrong date (holiday-calendar-style off-by-one),INTERNAL_BOOK,CUSTODIAN_CONFIRM,TRD103148,TRD103148,2026-08-11,2026-08-12,,settlement_date,P2,OPEN,0,DEUTSCHE-BROKER,EQ-ALPHA-03,,True,TRAIN
BRK01556,RECON-DAILY,2026-08-17,SETTLEMENT,SETL_LATE_COUNTERPARTY,Counterparty has not settled by the expected date,INTERNAL_BOOK,CUSTODIAN_CONFIRM,TRD103149,TRD103149,2026-08-17,2026-08-22,,"settlement_date,settlement_status",P1,OPEN,0,MORGANSTANLEY-BROKER,EQ-CORE-01,,True,TRAIN
BRK01557,RECON-DAILY,2026-08-04,POSITION,CA_INCORRECT_ENTITLEMENT,Corporate action entitlement calculated incorrectly (wrong ratio applied),INTERNAL_BOOK,CUSTODIAN_CONFIRM,TRD103152,TRD103152,4500,4200,,actual_quantity,P1,OPEN,0,KOTAK-CUST,EQ-CORE-02,MANDATORY,True,TEST
BRK01558,RECON-DAILY,2026-08-12,CASH,CASH_DUPLICATE_ENTRY,Same cash movement posted twice,INTERNAL_BOOK,CUSTODIAN_CONFIRM,TRD103154,TRD103154,2926575.0,5853150.0,,"amount,cash_id",P1,OPEN,0,ICICI-CUST,EQ-CORE-01,,True,TRAIN
BRK01559,RECON-DAILY,2026-08-15,SETTLEMENT,SETL_MISSING_INSTRUCTION,No settlement instruction was ever issued,INTERNAL_BOOK,CUSTODIAN_CONFIRM,TRD103157,TRD103157,INSTRUCTED,MISSING,,instruction_status,P0,OPEN,0,NOMURA-BROKER,EQ-ALPHA-03,,True,TEST
BRK01560,RECON-DAILY,2026-08-18,CASH,CASH_FX_INPUT_DIFFERENCE,Cash posted in a different currency / at a stale or incorrect FX rate,INTERNAL_BOOK,CUSTODIAN_CONFIRM,TRD103158,TRD103158,1416165.0,1465730.77,,"amount,currency",P2,OPEN,0,MORGANSTANLEY-BROKER,EQ-ALPHA-03,,False,TRAIN
BRK01561,RECON-DAILY,2026-08-19,POSITION,CA_VOLUNTARY_DECISION,"Voluntary corporate action (tender/conversion) pending an election - requires a human business decision, always escalated",INTERNAL_BOOK,CUSTODIAN_CONFIRM,TRD103159,TRD103159,2000,1000,,actual_quantity,P1,OPEN,0,KOTAK-CUST,EQ-INDEX-04,VOLUNTARY,True,TRAIN
BRK01562,RECON-DAILY,2026-08-06,POSITION,POS_TIMING_DIFFERENCE,"Timing difference - quantities agree, as-of dates don't (expected to self-resolve)",INTERNAL_BOOK,CUSTODIAN_CONFIRM,TRD103160,TRD103160,2026-08-06,2026-08-07,,as_of_date,P2,OPEN,0,MORGANSTANLEY-BROKER,EQ-CORE-01,,False,TRAIN
BRK01563,RECON-DAILY,2026-08-20,SETTLEMENT,SETL_LATE_COUNTERPARTY,Counterparty has not settled by the expected date,INTERNAL_BOOK,CUSTODIAN_CONFIRM,TRD103161,TRD103161,2026-08-20,2026-08-23,,"settlement_date,settlement_status",P1,OPEN,0,DEUTSCHE-BROKER,EQ-CORE-01,,True,TRAIN
BRK01564,RECON-DAILY,2026-08-16,SETTLEMENT,SETL_INCORRECT_DATE,Settlement recorded against the wrong date (holiday-calendar-style off-by-one),INTERNAL_BOOK,CUSTODIAN_CONFIRM,TRD103162,TRD103162,2026-08-16,2026-08-17,,settlement_date,P2,OPEN,0,ICICI-CUST,EQ-INDEX-04,,True,TRAIN
BRK01565,RECON-DAILY,2026-08-18,POSITION,POS_WRONG_QUANTITY,Wrong quantity - external position differs by a non-round amount,INTERNAL_BOOK,CUSTODIAN_CONFIRM,TRD103166,TRD103166,100,124,,actual_quantity,P1,OPEN,0,KOTAK-CUST,EQ-INDEX-04,,False,TRAIN
BRK01566,RECON-DAILY,2026-08-13,CASH,CASH_FX_INPUT_DIFFERENCE,Cash posted in a different currency / at a stale or incorrect FX rate,INTERNAL_BOOK,CUSTODIAN_CONFIRM,TRD103169,TRD103169,938520.0,985446.0,,"amount,currency",P2,OPEN,0,KOTAK-CUST,EQ-CORE-02,,False,TRAIN
BRK01567,RECON-DAILY,2026-08-02,POSITION,CA_MANDATORY_NOT_REFLECTED,"Mandatory corporate action (split/bonus) not yet reflected externally - mechanical, auto-correctable",INTERNAL_BOOK,CUSTODIAN_CONFIRM,TRD103172,TRD103172,750,250,,actual_quantity,P1,OPEN,0,NOMURA-BROKER,EQ-CORE-01,MANDATORY,True,TRAIN
BRK01568,RECON-DAILY,2026-08-04,POSITION,CA_VOLUNTARY_DECISION,"Voluntary corporate action (tender/conversion) pending an election - requires a human business decision, always escalated",INTERNAL_BOOK,CUSTODIAN_CONFIRM,TRD103173,TRD103173,1500,500,,actual_quantity,P1,OPEN,0,ICICI-CUST,EQ-CORE-02,VOLUNTARY,True,TEST
BRK01569,RECON-DAILY,2026-08-22,CASH,CASH_DUPLICATE_ENTRY,Same cash movement posted twice,INTERNAL_BOOK,CUSTODIAN_CONFIRM,TRD103174,TRD103174,25910000.0,51820000.0,,"amount,cash_id",P1,OPEN,0,KOTAK-CUST,EQ-ALPHA-03,,False,TRAIN
BRK01570,RECON-DAILY,2026-08-16,POSITION,POS_TIMING_DIFFERENCE,"Timing difference - quantities agree, as-of dates don't (expected to self-resolve)",INTERNAL_BOOK,CUSTODIAN_CONFIRM,TRD103178,TRD103178,2026-08-16,2026-08-17,,as_of_date,P2,OPEN,0,ICICI-CUST,EQ-CORE-02,,False,TRAIN
BRK01571,RECON-DAILY,2026-08-08,TRADE,TRADE_DATE_MISMATCH,Confirmed trade date differs from booked trade date,INTERNAL_BOOK,EXTERNAL_CONFIRMATION,TRD103179,TRD103179,2026-08-07,2026-08-08,,trade_date,P2,OPEN,0,KOTAK-CUST,EQ-CORE-02,,True,TRAIN
BRK01572,RECON-DAILY,2026-08-17,CASH,CASH_FX_INPUT_DIFFERENCE,Cash posted in a different currency / at a stale or incorrect FX rate,INTERNAL_BOOK,CUSTODIAN_CONFIRM,TRD103182,TRD103182,19419270.0,19807655.4,,"amount,currency",P2,OPEN,0,MORGANSTANLEY-BROKER,EQ-CORE-02,,False,TRAIN
BRK01573,RECON-DAILY,2026-08-11,CASH,CASH_WRONG_AMOUNT,Cash amount posted differs from expected trade value by a non-round amount,INTERNAL_BOOK,CUSTODIAN_CONFIRM,TRD103183,TRD103183,168446.0,138125.72,,amount,P1,OPEN,0,HDFC-CUST,EQ-INDEX-04,,False,TRAIN
BRK01574,RECON-DAILY,2026-08-09,TRADE,CONF_MISSING,External confirmation never received,INTERNAL_BOOK,EXTERNAL_CONFIRMATION,TRD103184,TRD103184,TRD103184,,,confirmation,P0,OPEN,0,DEUTSCHE-BROKER,EQ-INDEX-04,,True,TRAIN
BRK01575,RECON-DAILY,2026-08-19,SETTLEMENT,SETL_MISSING_INSTRUCTION,No settlement instruction was ever issued,INTERNAL_BOOK,CUSTODIAN_CONFIRM,TRD103185,TRD103185,INSTRUCTED,MISSING,,instruction_status,P0,OPEN,0,MORGANSTANLEY-BROKER,EQ-INDEX-04,,True,TRAIN
BRK01576,RECON-DAILY,2026-08-17,POSITION,CA_VOLUNTARY_DECISION,"Voluntary corporate action (tender/conversion) pending an election - requires a human business decision, always escalated",INTERNAL_BOOK,CUSTODIAN_CONFIRM,TRD103191,TRD103191,300,100,,actual_quantity,P1,OPEN,0,DEUTSCHE-BROKER,EQ-CORE-02,VOLUNTARY,True,TRAIN
BRK01577,RECON-DAILY,2026-08-18,SETTLEMENT,SETL_WRONG_SSI,Settlement instruction references the wrong SSI/beneficiary account - the payment-failure flagship scenario,INTERNAL_BOOK,CUSTODIAN_CONFIRM,TRD103195,TRD103195,SSI-DE-5510,SSI-IN-0091,,ssi_code,P0,OPEN,0,DEUTSCHE-BROKER,EQ-ALPHA-03,,True,TEST
BRK01578,RECON-DAILY,2026-08-10,CASH,CASH_FX_INPUT_DIFFERENCE,Cash posted in a different currency / at a stale or incorrect FX rate,INTERNAL_BOOK,CUSTODIAN_CONFIRM,TRD103197,TRD103197,25862200.0,26767377.0,,"amount,currency",P2,OPEN,0,HDFC-CUST,EQ-CORE-01,,False,TRAIN
BRK01579,RECON-DAILY,2026-08-18,CASH,CASH_WRONG_AMOUNT,Cash amount posted differs from expected trade value by a non-round amount,INTERNAL_BOOK,CUSTODIAN_CONFIRM,TRD103199,TRD103199,620960.0,738942.4,,amount,P1,OPEN,0,ICICI-CUST,EQ-INDEX-04,,True,TRAIN
BRK01580,RECON-DAILY,2026-08-13,SETTLEMENT,SETL_MISSING_INSTRUCTION,No settlement instruction was ever issued,INTERNAL_BOOK,CUSTODIAN_CONFIRM,TRD103200,TRD103200,INSTRUCTED,MISSING,,instruction_status,P0,OPEN,0,MORGANSTANLEY-BROKER,EQ-CORE-02,,True,TRAIN
BRK01581,RECON-DAILY,2026-08-17,CASH,CASH_FX_INPUT_DIFFERENCE,Cash posted in a different currency / at a stale or incorrect FX rate,INTERNAL_BOOK,CUSTODIAN_CONFIRM,TRD103201,TRD103201,2507370.0,2595127.95,,"amount,currency",P2,OPEN,0,DEUTSCHE-BROKER,EQ-CORE-01,,False,TRAIN
BRK01582,RECON-DAILY,2026-08-21,CASH,CASH_FX_INPUT_DIFFERENCE,Cash posted in a different currency / at a stale or incorrect FX rate,INTERNAL_BOOK,CUSTODIAN_CONFIRM,TRD103202,TRD103202,2064855.0,1982260.8,,"amount,currency",P2,OPEN,0,ICICI-CUST,EQ-CORE-01,,True,TRAIN
BRK01583,RECON-DAILY,2026-08-07,SETTLEMENT,SETL_WRONG_SSI,Settlement instruction references the wrong SSI/beneficiary account - the payment-failure flagship scenario,INTERNAL_BOOK,CUSTODIAN_CONFIRM,TRD103203,TRD103203,SSI-US-7742,SSI-IN-0091,,ssi_code,P0,OPEN,0,MORGANSTANLEY-BROKER,EQ-CORE-02,,True,TEST
BRK01584,RECON-DAILY,2026-08-09,CASH,CASH_WRONG_AMOUNT,Cash amount posted differs from expected trade value by a non-round amount,INTERNAL_BOOK,CUSTODIAN_CONFIRM,TRD103205,TRD103205,490697.5,446534.73,,amount,P1,OPEN,0,ICICI-CUST,EQ-CORE-01,,False,TEST
BRK01585,RECON-DAILY,2026-08-10,SETTLEMENT,SETL_INCORRECT_DATE,Settlement recorded against the wrong date (holiday-calendar-style off-by-one),INTERNAL_BOOK,CUSTODIAN_CONFIRM,TRD103206,TRD103206,2026-08-10,2026-08-11,,settlement_date,P2,OPEN,0,KOTAK-CUST,EQ-CORE-01,,True,TRAIN
BRK01586,RECON-DAILY,2026-08-09,POSITION,CA_MANDATORY_NOT_REFLECTED,"Mandatory corporate action (split/bonus) not yet reflected externally - mechanical, auto-correctable",INTERNAL_BOOK,CUSTODIAN_CONFIRM,TRD103208,TRD103208,3000,1000,,actual_quantity,P1,OPEN,0,MORGANSTANLEY-BROKER,EQ-CORE-01,MANDATORY,True,TRAIN
BRK01587,RECON-DAILY,2026-08-16,SETTLEMENT,SETL_WRONG_SSI,Settlement instruction references the wrong SSI/beneficiary account - the payment-failure flagship scenario,INTERNAL_BOOK,CUSTODIAN_CONFIRM,TRD103210,TRD103210,SSI-IN-0091,SSI-IN-0147,,ssi_code,P0,OPEN,0,ICICI-CUST,EQ-INDEX-04,,True,TRAIN
BRK01588,RECON-DAILY,2026-08-17,POSITION,CA_VOLUNTARY_DECISION,"Voluntary corporate action (tender/conversion) pending an election - requires a human business decision, always escalated",INTERNAL_BOOK,CUSTODIAN_CONFIRM,TRD103212,TRD103212,2000,1000,,actual_quantity,P1,OPEN,0,KOTAK-CUST,EQ-CORE-02,VOLUNTARY,True,TEST
BRK01589,RECON-DAILY,2026-08-21,SETTLEMENT,SETL_WRONG_SSI,Settlement instruction references the wrong SSI/beneficiary account - the payment-failure flagship scenario,INTERNAL_BOOK,CUSTODIAN_CONFIRM,TRD103214,TRD103214,SSI-IN-0091,SSI-IN-0203,,ssi_code,P0,OPEN,0,ICICI-CUST,EQ-CORE-01,,True,TEST
BRK01590,RECON-DAILY,2026-08-05,POSITION,POS_TIMING_DIFFERENCE,"Timing difference - quantities agree, as-of dates don't (expected to self-resolve)",INTERNAL_BOOK,CUSTODIAN_CONFIRM,TRD103215,TRD103215,2026-08-05,2026-08-06,,as_of_date,P2,OPEN,0,NOMURA-BROKER,EQ-INDEX-04,,True,TEST
BRK01591,RECON-DAILY,2026-08-19,TRADE,TRADE_PRICE_MISMATCH,Confirmed price differs from booked price,INTERNAL_BOOK,EXTERNAL_CONFIRMATION,TRD103216,TRD103216,2836.59,2778.93,,price,P2,OPEN,0,DEUTSCHE-BROKER,EQ-INDEX-04,,True,TRAIN
BRK01592,RECON-DAILY,2026-08-04,CASH,CASH_MISSING_ENTRY,Expected cash movement never posted,INTERNAL_BOOK,CUSTODIAN_CONFIRM,TRD103218,TRD103218,2541210.0,,,amount,P0,OPEN,0,MORGANSTANLEY-BROKER,EQ-ALPHA-03,,True,TEST
BRK01593,RECON-DAILY,2026-08-16,SETTLEMENT,SETL_WRONG_SSI,Settlement instruction references the wrong SSI/beneficiary account - the payment-failure flagship scenario,INTERNAL_BOOK,CUSTODIAN_CONFIRM,TRD103219,TRD103219,SSI-DE-5510,SSI-IN-0147,,ssi_code,P0,OPEN,0,DEUTSCHE-BROKER,EQ-ALPHA-03,,True,TRAIN
BRK01594,RECON-DAILY,2026-08-16,POSITION,POS_TIMING_DIFFERENCE,"Timing difference - quantities agree, as-of dates don't (expected to self-resolve)",INTERNAL_BOOK,CUSTODIAN_CONFIRM,TRD103221,TRD103221,2026-08-16,2026-08-17,,as_of_date,P2,OPEN,0,ICICI-CUST,EQ-CORE-02,,False,TRAIN
BRK01595,RECON-DAILY,2026-08-05,SETTLEMENT,SETL_WRONG_SSI,Settlement instruction references the wrong SSI/beneficiary account - the payment-failure flagship scenario,INTERNAL_BOOK,CUSTODIAN_CONFIRM,TRD103225,TRD103225,SSI-US-7742,SSI-DE-5510,,ssi_code,P0,OPEN,0,MORGANSTANLEY-BROKER,EQ-CORE-02,,True,TEST
BRK01596,RECON-DAILY,2026-08-11,POSITION,POS_MISSING_BOOKING,Missing upstream booking - position never reflected externally,INTERNAL_BOOK,CUSTODIAN_CONFIRM,TRD103226,TRD103226,100,0,,actual_quantity,P0,OPEN,0,HDFC-CUST,EQ-INDEX-04,,False,TEST
BRK01597,RECON-DAILY,2026-08-02,POSITION,POS_WRONG_QUANTITY,Wrong quantity - external position differs by a non-round amount,INTERNAL_BOOK,CUSTODIAN_CONFIRM,TRD103228,TRD103228,200,248,,actual_quantity,P1,OPEN,0,HDFC-CUST,EQ-ALPHA-03,,False,TRAIN
BRK01598,RECON-DAILY,2026-08-06,SETTLEMENT,SETL_LATE_COUNTERPARTY,Counterparty has not settled by the expected date,INTERNAL_BOOK,CUSTODIAN_CONFIRM,TRD103229,TRD103229,2026-08-06,2026-08-08,,"settlement_date,settlement_status",P1,OPEN,0,NOMURA-BROKER,EQ-CORE-01,,True,TRAIN
BRK01599,RECON-DAILY,2026-08-17,CASH,CASH_WRONG_AMOUNT,Cash amount posted differs from expected trade value by a non-round amount,INTERNAL_BOOK,CUSTODIAN_CONFIRM,TRD103230,TRD103230,2489000.0,3161030.0,,amount,P1,OPEN,0,HDFC-CUST,EQ-INDEX-04,,True,TRAIN
BRK01600,RECON-DAILY,2026-08-22,SETTLEMENT,SETL_MISSING_INSTRUCTION,No settlement instruction was ever issued,INTERNAL_BOOK,CUSTODIAN_CONFIRM,TRD103231,TRD103231,INSTRUCTED,MISSING,,instruction_status,P0,OPEN,0,KOTAK-CUST,EQ-ALPHA-03,,True,TRAIN
BRK01601,RECON-DAILY,2026-08-06,TRADE,TRADE_QUANTITY_MISMATCH,Confirmed quantity differs from booked quantity,INTERNAL_BOOK,EXTERNAL_CONFIRMATION,TRD103233,TRD103233,100,200,,quantity,P1,OPEN,0,KOTAK-CUST,EQ-ALPHA-03,,True,TRAIN
BRK01602,RECON-DAILY,2026-08-03,TRADE,TRADE_QUANTITY_MISMATCH,Confirmed quantity differs from booked quantity,INTERNAL_BOOK,EXTERNAL_CONFIRMATION,TRD103234,TRD103234,1000,1050,,quantity,P1,OPEN,0,HDFC-CUST,EQ-CORE-01,,True,TRAIN
BRK01603,RECON-DAILY,2026-08-14,SETTLEMENT,SETL_INCORRECT_DATE,Settlement recorded against the wrong date (holiday-calendar-style off-by-one),INTERNAL_BOOK,CUSTODIAN_CONFIRM,TRD103236,TRD103236,2026-08-14,2026-08-15,,settlement_date,P2,OPEN,0,NOMURA-BROKER,EQ-ALPHA-03,,True,TRAIN
BRK01604,RECON-DAILY,2026-08-18,CASH,CASH_WRONG_AMOUNT,Cash amount posted differs from expected trade value by a non-round amount,INTERNAL_BOOK,CUSTODIAN_CONFIRM,TRD103237,TRD103237,2482980.0,2756107.8,,amount,P1,OPEN,0,NOMURA-BROKER,EQ-INDEX-04,,True,TRAIN
BRK01605,RECON-DAILY,2026-08-14,POSITION,POS_TIMING_DIFFERENCE,"Timing difference - quantities agree, as-of dates don't (expected to self-resolve)",INTERNAL_BOOK,CUSTODIAN_CONFIRM,TRD103241,TRD103241,2026-08-14,2026-08-15,,as_of_date,P2,OPEN,0,MORGANSTANLEY-BROKER,EQ-CORE-02,,True,TEST
BRK01606,RECON-DAILY,2026-08-03,POSITION,POS_MISSING_BOOKING,Missing upstream booking - position never reflected externally,INTERNAL_BOOK,CUSTODIAN_CONFIRM,TRD103243,TRD103243,1500,0,,actual_quantity,P0,OPEN,0,MORGANSTANLEY-BROKER,EQ-CORE-02,,False,TRAIN
BRK01607,RECON-DAILY,2026-08-15,POSITION,POS_WRONG_QUANTITY,Wrong quantity - external position differs by a non-round amount,INTERNAL_BOOK,CUSTODIAN_CONFIRM,TRD103244,TRD103244,1500,1035,,actual_quantity,P1,OPEN,0,HDFC-CUST,EQ-CORE-02,,False,TRAIN
BRK01608,RECON-DAILY,2026-08-08,TRADE,TRADE_COUNTERPARTY_ID_MISMATCH,Confirmed counterparty identifier differs from booked counterparty,INTERNAL_BOOK,EXTERNAL_CONFIRMATION,TRD103245,TRD103245,NOMURA-BROKER,ICICI-CUST,,counterparty,P1,OPEN,0,NOMURA-BROKER,EQ-INDEX-04,,True,TRAIN
BRK01609,RECON-DAILY,2026-08-12,CASH,CASH_DUPLICATE_ENTRY,Same cash movement posted twice,INTERNAL_BOOK,CUSTODIAN_CONFIRM,TRD103246,TRD103246,1296173.0,2592346.0,,"amount,cash_id",P1,OPEN,0,ICICI-CUST,EQ-CORE-02,,True,TEST
BRK01610,RECON-DAILY,2026-08-14,TRADE,TRADE_DATE_MISMATCH,Confirmed trade date differs from booked trade date,INTERNAL_BOOK,EXTERNAL_CONFIRMATION,TRD103248,TRD103248,2026-08-13,2026-08-14,,trade_date,P2,OPEN,0,DEUTSCHE-BROKER,EQ-CORE-02,,True,TRAIN
BRK01611,RECON-DAILY,2026-08-18,TRADE,TRADE_PRICE_MISMATCH,Confirmed price differs from booked price,INTERNAL_BOOK,EXTERNAL_CONFIRMATION,TRD103249,TRD103249,1174.39,1149.78,,price,P2,OPEN,0,MORGANSTANLEY-BROKER,EQ-CORE-01,,True,TRAIN
BRK01612,RECON-DAILY,2026-08-02,POSITION,POS_WRONG_QUANTITY,Wrong quantity - external position differs by a non-round amount,INTERNAL_BOOK,CUSTODIAN_CONFIRM,TRD103250,TRD103250,200,248,,actual_quantity,P1,OPEN,0,ICICI-CUST,EQ-CORE-01,,False,TRAIN
BRK01613,RECON-DAILY,2026-08-06,CASH,CASH_WRONG_AMOUNT,Cash amount posted differs from expected trade value by a non-round amount,INTERNAL_BOOK,CUSTODIAN_CONFIRM,TRD103251,TRD103251,296007.5,375929.53,,amount,P1,OPEN,0,NOMURA-BROKER,EQ-INDEX-04,,True,TEST
BRK01614,RECON-DAILY,2026-08-20,TRADE,TRADE_QUANTITY_MISMATCH,Confirmed quantity differs from booked quantity,INTERNAL_BOOK,EXTERNAL_CONFIRMATION,TRD103252,TRD103252,2000,2100,,quantity,P1,OPEN,0,NOMURA-BROKER,EQ-INDEX-04,,True,TRAIN
BRK01615,RECON-DAILY,2026-08-12,CASH,CASH_WRONG_AMOUNT,Cash amount posted differs from expected trade value by a non-round amount,INTERNAL_BOOK,CUSTODIAN_CONFIRM,TRD103253,TRD103253,169111.0,138671.02,,amount,P1,OPEN,0,KOTAK-CUST,EQ-CORE-01,,False,TRAIN
BRK01616,RECON-DAILY,2026-08-04,SETTLEMENT,SETL_WRONG_SSI,Settlement instruction references the wrong SSI/beneficiary account - the payment-failure flagship scenario,INTERNAL_BOOK,CUSTODIAN_CONFIRM,TRD103256,TRD103256,SSI-IN-0203,SSI-US-7742,,ssi_code,P0,OPEN,0,KOTAK-CUST,EQ-CORE-01,,True,TRAIN
BRK01617,RECON-DAILY,2026-08-06,TRADE,TRADE_QUANTITY_MISMATCH,Confirmed quantity differs from booked quantity,INTERNAL_BOOK,EXTERNAL_CONFIRMATION,TRD103257,TRD103257,750,950,,quantity,P1,OPEN,0,MORGANSTANLEY-BROKER,EQ-ALPHA-03,,True,TRAIN
BRK01618,RECON-DAILY,2026-08-02,POSITION,POS_WRONG_QUANTITY,Wrong quantity - external position differs by a non-round amount,INTERNAL_BOOK,CUSTODIAN_CONFIRM,TRD103258,TRD103258,500,390,,actual_quantity,P1,OPEN,0,ICICI-CUST,EQ-ALPHA-03,,False,TEST
BRK01619,RECON-DAILY,2026-08-15,POSITION,CA_VOLUNTARY_DECISION,"Voluntary corporate action (tender/conversion) pending an election - requires a human business decision, always escalated",INTERNAL_BOOK,CUSTODIAN_CONFIRM,TRD103259,TRD103259,1500,500,,actual_quantity,P1,OPEN,0,ICICI-CUST,EQ-INDEX-04,VOLUNTARY,True,TEST
BRK01620,RECON-DAILY,2026-08-10,CASH,CASH_DUPLICATE_ENTRY,Same cash movement posted twice,INTERNAL_BOOK,CUSTODIAN_CONFIRM,TRD103260,TRD103260,1265055.0,2530110.0,,"amount,cash_id",P1,OPEN,0,DEUTSCHE-BROKER,EQ-INDEX-04,,False,TRAIN
BRK01621,RECON-DAILY,2026-08-19,POSITION,CA_INCORRECT_ENTITLEMENT,Corporate action entitlement calculated incorrectly (wrong ratio applied),INTERNAL_BOOK,CUSTODIAN_CONFIRM,TRD103261,TRD103261,150,130,,actual_quantity,P1,OPEN,0,HDFC-CUST,EQ-ALPHA-03,MANDATORY,True,TRAIN
BRK01622,RECON-DAILY,2026-08-19,SETTLEMENT,SETL_INCORRECT_DATE,Settlement recorded against the wrong date (holiday-calendar-style off-by-one),INTERNAL_BOOK,CUSTODIAN_CONFIRM,TRD103262,TRD103262,2026-08-19,2026-08-20,,settlement_date,P2,OPEN,0,ICICI-CUST,EQ-CORE-02,,True,TRAIN
BRK01623,RECON-DAILY,2026-08-18,SETTLEMENT,SETL_WRONG_SSI,Settlement instruction references the wrong SSI/beneficiary account - the payment-failure flagship scenario,INTERNAL_BOOK,CUSTODIAN_CONFIRM,TRD103264,TRD103264,SSI-IN-0203,SSI-IN-0147,,ssi_code,P0,OPEN,0,KOTAK-CUST,EQ-CORE-01,,True,TRAIN
BRK01624,RECON-DAILY,2026-08-04,TRADE,TRADE_COUNTERPARTY_ID_MISMATCH,Confirmed counterparty identifier differs from booked counterparty,INTERNAL_BOOK,EXTERNAL_CONFIRMATION,TRD103268,TRD103268,NOMURA-BROKER,HDFC-CUST,,counterparty,P1,OPEN,0,NOMURA-BROKER,EQ-CORE-02,,True,TEST
BRK01625,RECON-DAILY,2026-08-14,CASH,CASH_FX_INPUT_DIFFERENCE,Cash posted in a different currency / at a stale or incorrect FX rate,INTERNAL_BOOK,CUSTODIAN_CONFIRM,TRD103269,TRD103269,84380.0,81004.8,,"amount,currency",P2,OPEN,0,ICICI-CUST,EQ-CORE-01,,False,TRAIN
BRK01626,RECON-DAILY,2026-08-07,POSITION,CA_VOLUNTARY_DECISION,"Voluntary corporate action (tender/conversion) pending an election - requires a human business decision, always escalated",INTERNAL_BOOK,CUSTODIAN_CONFIRM,TRD103272,TRD103272,150,100,,actual_quantity,P1,OPEN,0,HDFC-CUST,EQ-CORE-02,VOLUNTARY,True,TEST
BRK01627,RECON-DAILY,2026-08-15,TRADE,TRADE_QUANTITY_MISMATCH,Confirmed quantity differs from booked quantity,INTERNAL_BOOK,EXTERNAL_CONFIRMATION,TRD103274,TRD103274,2000,1950,,quantity,P1,OPEN,0,KOTAK-CUST,EQ-CORE-02,,True,TRAIN
BRK01628,RECON-DAILY,2026-08-11,POSITION,POS_TIMING_DIFFERENCE,"Timing difference - quantities agree, as-of dates don't (expected to self-resolve)",INTERNAL_BOOK,CUSTODIAN_CONFIRM,TRD103275,TRD103275,2026-08-11,2026-08-12,,as_of_date,P2,OPEN,0,NOMURA-BROKER,EQ-CORE-02,,False,TRAIN
BRK01629,RECON-DAILY,2026-08-22,POSITION,POS_MISSING_BOOKING,Missing upstream booking - position never reflected externally,INTERNAL_BOOK,CUSTODIAN_CONFIRM,TRD103276,TRD103276,1500,0,,actual_quantity,P0,OPEN,0,KOTAK-CUST,EQ-INDEX-04,,False,TRAIN
BRK01630,RECON-DAILY,2026-08-07,TRADE,TRADE_PRICE_MISMATCH,Confirmed price differs from booked price,INTERNAL_BOOK,EXTERNAL_CONFIRMATION,TRD103284,TRD103284,470.45,481.67,,price,P2,OPEN,0,MORGANSTANLEY-BROKER,EQ-CORE-01,,True,TRAIN
BRK01631,RECON-DAILY,2026-08-05,POSITION,POS_WRONG_QUANTITY,Wrong quantity - external position differs by a non-round amount,INTERNAL_BOOK,CUSTODIAN_CONFIRM,TRD103285,TRD103285,100,124,,actual_quantity,P1,OPEN,0,MORGANSTANLEY-BROKER,EQ-ALPHA-03,,True,TRAIN
BRK01632,RECON-DAILY,2026-08-14,POSITION,CA_VOLUNTARY_DECISION,"Voluntary corporate action (tender/conversion) pending an election - requires a human business decision, always escalated",INTERNAL_BOOK,CUSTODIAN_CONFIRM,TRD103287,TRD103287,1500,750,,actual_quantity,P1,OPEN,0,MORGANSTANLEY-BROKER,EQ-CORE-02,VOLUNTARY,True,TRAIN
BRK01633,RECON-DAILY,2026-08-22,TRADE,TRADE_DATE_MISMATCH,Confirmed trade date differs from booked trade date,INTERNAL_BOOK,EXTERNAL_CONFIRMATION,TRD103288,TRD103288,2026-08-21,2026-08-22,,trade_date,P2,OPEN,0,DEUTSCHE-BROKER,EQ-ALPHA-03,,True,TRAIN
BRK01634,RECON-DAILY,2026-08-07,CASH,CASH_DUPLICATE_ENTRY,Same cash movement posted twice,INTERNAL_BOOK,CUSTODIAN_CONFIRM,TRD103289,TRD103289,1885700.0,3771400.0,,"amount,cash_id",P1,OPEN,0,ICICI-CUST,EQ-INDEX-04,,True,TRAIN
BRK01635,RECON-DAILY,2026-08-04,TRADE,CONF_MISSING,External confirmation never received,INTERNAL_BOOK,EXTERNAL_CONFIRMATION,TRD103291,TRD103291,TRD103291,,,confirmation,P0,OPEN,0,MORGANSTANLEY-BROKER,EQ-CORE-02,,True,TEST
BRK01636,RECON-DAILY,2026-08-15,SETTLEMENT,SETL_LATE_COUNTERPARTY,Counterparty has not settled by the expected date,INTERNAL_BOOK,CUSTODIAN_CONFIRM,TRD103292,TRD103292,2026-08-15,2026-08-18,,"settlement_date,settlement_status",P1,OPEN,0,HDFC-CUST,EQ-ALPHA-03,,True,TRAIN
BRK01637,RECON-DAILY,2026-08-10,TRADE,TRADE_QUANTITY_MISMATCH,Confirmed quantity differs from booked quantity,INTERNAL_BOOK,EXTERNAL_CONFIRMATION,TRD103296,TRD103296,1000,1050,,quantity,P1,OPEN,0,ICICI-CUST,EQ-CORE-02,,True,TRAIN
BRK01638,RECON-DAILY,2026-08-14,CASH,CASH_WRONG_AMOUNT,Cash amount posted differs from expected trade value by a non-round amount,INTERNAL_BOOK,CUSTODIAN_CONFIRM,TRD103297,TRD103297,1293048.0,1060299.36,,amount,P1,OPEN,0,ICICI-CUST,EQ-ALPHA-03,,False,TRAIN
BRK01639,RECON-DAILY,2026-08-09,TRADE,CONF_MISSING,External confirmation never received,INTERNAL_BOOK,EXTERNAL_CONFIRMATION,TRD103301,TRD103301,TRD103301,,,confirmation,P0,OPEN,0,ICICI-CUST,EQ-INDEX-04,,True,TRAIN
BRK01640,RECON-DAILY,2026-08-19,TRADE,TRADE_COUNTERPARTY_ID_MISMATCH,Confirmed counterparty identifier differs from booked counterparty,INTERNAL_BOOK,EXTERNAL_CONFIRMATION,TRD103302,TRD103302,DEUTSCHE-BROKER,ICICI-CUST,,counterparty,P1,OPEN,0,DEUTSCHE-BROKER,EQ-CORE-01,,True,TEST
BRK01641,RECON-DAILY,2026-08-06,POSITION,POS_WRONG_QUANTITY,Wrong quantity - external position differs by a non-round amount,INTERNAL_BOOK,CUSTODIAN_CONFIRM,TRD103303,TRD103303,1500,1755,,actual_quantity,P1,OPEN,0,KOTAK-CUST,EQ-CORE-01,,True,TEST
BRK01642,RECON-DAILY,2026-08-22,TRADE,TRADE_DATE_MISMATCH,Confirmed trade date differs from booked trade date,INTERNAL_BOOK,EXTERNAL_CONFIRMATION,TRD103304,TRD103304,2026-08-21,2026-08-22,,trade_date,P2,OPEN,0,DEUTSCHE-BROKER,EQ-ALPHA-03,,True,TRAIN
BRK01643,RECON-DAILY,2026-08-04,SETTLEMENT,SETL_MISSING_INSTRUCTION,No settlement instruction was ever issued,INTERNAL_BOOK,CUSTODIAN_CONFIRM,TRD103305,TRD103305,INSTRUCTED,MISSING,,instruction_status,P0,OPEN,0,HDFC-CUST,EQ-INDEX-04,,True,TRAIN
BRK01644,RECON-DAILY,2026-08-05,TRADE,TRADE_PRICE_MISMATCH,Confirmed price differs from booked price,INTERNAL_BOOK,EXTERNAL_CONFIRMATION,TRD103306,TRD103306,1675.7,1706.02,,price,P2,OPEN,0,ICICI-CUST,EQ-INDEX-04,,True,TRAIN
BRK01645,RECON-DAILY,2026-08-15,CASH,CASH_FX_INPUT_DIFFERENCE,Cash posted in a different currency / at a stale or incorrect FX rate,INTERNAL_BOOK,CUSTODIAN_CONFIRM,TRD103312,TRD103312,6460165.0,6783173.25,,"amount,currency",P2,OPEN,0,MORGANSTANLEY-BROKER,EQ-CORE-01,,True,TEST
BRK01646,RECON-DAILY,2026-08-19,CASH,CASH_FX_INPUT_DIFFERENCE,Cash posted in a different currency / at a stale or incorrect FX rate,INTERNAL_BOOK,CUSTODIAN_CONFIRM,TRD103313,TRD103313,1418392.5,1517679.98,,"amount,currency",P2,OPEN,0,KOTAK-CUST,EQ-ALPHA-03,,False,TEST
BRK01647,RECON-DAILY,2026-08-22,TRADE,CONF_DISAGREEMENT,External confirmation received but disagrees with the booking on multiple fields,INTERNAL_BOOK,EXTERNAL_CONFIRMATION,TRD103314,TRD103314,"qty=100,price=12917.01","qty=175,price=13073.59",,"quantity,price",P1,OPEN,0,KOTAK-CUST,EQ-ALPHA-03,,True,TRAIN
BRK01648,RECON-DAILY,2026-08-14,CASH,CASH_DUPLICATE_ENTRY,Same cash movement posted twice,INTERNAL_BOOK,CUSTODIAN_CONFIRM,TRD103315,TRD103315,684432.5,1368865.0,,"amount,cash_id",P1,OPEN,0,HDFC-CUST,EQ-CORE-02,,False,TRAIN
BRK01649,RECON-DAILY,2026-08-14,TRADE,TRADE_DATE_MISMATCH,Confirmed trade date differs from booked trade date,INTERNAL_BOOK,EXTERNAL_CONFIRMATION,TRD103316,TRD103316,2026-08-13,2026-08-14,,trade_date,P2,OPEN,0,MORGANSTANLEY-BROKER,EQ-INDEX-04,,True,TRAIN
BRK01650,RECON-DAILY,2026-08-09,POSITION,CA_VOLUNTARY_DECISION,"Voluntary corporate action (tender/conversion) pending an election - requires a human business decision, always escalated",INTERNAL_BOOK,CUSTODIAN_CONFIRM,TRD103325,TRD103325,150,100,,actual_quantity,P1,OPEN,0,ICICI-CUST,EQ-CORE-02,VOLUNTARY,True,TRAIN
BRK01651,RECON-DAILY,2026-08-13,TRADE,TRADE_COUNTERPARTY_ID_MISMATCH,Confirmed counterparty identifier differs from booked counterparty,INTERNAL_BOOK,EXTERNAL_CONFIRMATION,TRD103326,TRD103326,NOMURA-BROKER,MORGANSTANLEY-BROKER,,counterparty,P1,OPEN,0,NOMURA-BROKER,EQ-INDEX-04,,True,TRAIN
BRK01652,RECON-DAILY,2026-08-21,TRADE,TRADE_DATE_MISMATCH,Confirmed trade date differs from booked trade date,INTERNAL_BOOK,EXTERNAL_CONFIRMATION,TRD103327,TRD103327,2026-08-20,2026-08-21,,trade_date,P2,OPEN,0,KOTAK-CUST,EQ-CORE-02,,True,TRAIN
BRK01653,RECON-DAILY,2026-08-12,POSITION,CA_VOLUNTARY_DECISION,"Voluntary corporate action (tender/conversion) pending an election - requires a human business decision, always escalated",INTERNAL_BOOK,CUSTODIAN_CONFIRM,TRD103328,TRD103328,300,200,,actual_quantity,P1,OPEN,0,ICICI-CUST,EQ-CORE-01,VOLUNTARY,True,TRAIN
BRK01654,RECON-DAILY,2026-08-06,TRADE,TRADE_DATE_MISMATCH,Confirmed trade date differs from booked trade date,INTERNAL_BOOK,EXTERNAL_CONFIRMATION,TRD103329,TRD103329,2026-08-05,2026-08-06,,trade_date,P2,OPEN,0,DEUTSCHE-BROKER,EQ-INDEX-04,,True,TRAIN
BRK01655,RECON-DAILY,2026-08-17,POSITION,POS_TIMING_DIFFERENCE,"Timing difference - quantities agree, as-of dates don't (expected to self-resolve)",INTERNAL_BOOK,CUSTODIAN_CONFIRM,TRD103331,TRD103331,2026-08-17,2026-08-18,,as_of_date,P2,OPEN,0,KOTAK-CUST,EQ-CORE-01,,False,TRAIN
BRK01656,RECON-DAILY,2026-08-22,TRADE,CONF_MISSING,External confirmation never received,INTERNAL_BOOK,EXTERNAL_CONFIRMATION,TRD103333,TRD103333,TRD103333,,,confirmation,P0,OPEN,0,ICICI-CUST,EQ-INDEX-04,,True,TRAIN
BRK01657,RECON-DAILY,2026-08-11,TRADE,TRADE_DATE_MISMATCH,Confirmed trade date differs from booked trade date,INTERNAL_BOOK,EXTERNAL_CONFIRMATION,TRD103334,TRD103334,2026-08-10,2026-08-11,,trade_date,P2,OPEN,0,KOTAK-CUST,EQ-INDEX-04,,True,TRAIN
BRK01658,RECON-DAILY,2026-08-16,CASH,CASH_DUPLICATE_ENTRY,Same cash movement posted twice,INTERNAL_BOOK,CUSTODIAN_CONFIRM,TRD103335,TRD103335,2057610.0,4115220.0,,"amount,cash_id",P1,OPEN,0,DEUTSCHE-BROKER,EQ-CORE-02,,True,TRAIN
BRK01659,RECON-DAILY,2026-08-02,POSITION,CA_VOLUNTARY_DECISION,"Voluntary corporate action (tender/conversion) pending an election - requires a human business decision, always escalated",INTERNAL_BOOK,CUSTODIAN_CONFIRM,TRD103336,TRD103336,300,200,,actual_quantity,P1,OPEN,0,DEUTSCHE-BROKER,EQ-CORE-02,VOLUNTARY,True,TRAIN
BRK01660,RECON-DAILY,2026-08-17,POSITION,CA_MANDATORY_NOT_REFLECTED,"Mandatory corporate action (split/bonus) not yet reflected externally - mechanical, auto-correctable",INTERNAL_BOOK,CUSTODIAN_CONFIRM,TRD103338,TRD103338,300,100,,actual_quantity,P1,OPEN,0,KOTAK-CUST,EQ-ALPHA-03,MANDATORY,True,TEST
BRK01661,RECON-DAILY,2026-08-07,POSITION,POS_WRONG_QUANTITY,Wrong quantity - external position differs by a non-round amount,INTERNAL_BOOK,CUSTODIAN_CONFIRM,TRD103340,TRD103340,1000,1290,,actual_quantity,P1,OPEN,0,DEUTSCHE-BROKER,EQ-CORE-01,,False,TRAIN
BRK01662,RECON-DAILY,2026-08-14,POSITION,CA_INCORRECT_ENTITLEMENT,Corporate action entitlement calculated incorrectly (wrong ratio applied),INTERNAL_BOOK,CUSTODIAN_CONFIRM,TRD103341,TRD103341,500,450,,actual_quantity,P1,OPEN,0,NOMURA-BROKER,EQ-INDEX-04,MANDATORY,True,TEST
BRK01663,RECON-DAILY,2026-08-18,CASH,CASH_DUPLICATE_ENTRY,Same cash movement posted twice,INTERNAL_BOOK,CUSTODIAN_CONFIRM,TRD103342,TRD103342,343820.0,687640.0,,"amount,cash_id",P1,OPEN,0,KOTAK-CUST,EQ-CORE-01,,False,TEST
BRK01664,RECON-DAILY,2026-08-13,CASH,CASH_MISSING_ENTRY,Expected cash movement never posted,INTERNAL_BOOK,CUSTODIAN_CONFIRM,TRD103345,TRD103345,704700.0,,,amount,P0,OPEN,0,MORGANSTANLEY-BROKER,EQ-CORE-02,,False,TRAIN
BRK01665,RECON-DAILY,2026-08-13,POSITION,POS_WRONG_QUANTITY,Wrong quantity - external position differs by a non-round amount,INTERNAL_BOOK,CUSTODIAN_CONFIRM,TRD103348,TRD103348,100,87,,actual_quantity,P1,OPEN,0,HDFC-CUST,EQ-ALPHA-03,,True,TRAIN
BRK01666,RECON-DAILY,2026-08-21,TRADE,TRADE_PRICE_MISMATCH,Confirmed price differs from booked price,INTERNAL_BOOK,EXTERNAL_CONFIRMATION,TRD103349,TRD103349,847.18,862.85,,price,P2,OPEN,0,HDFC-CUST,EQ-INDEX-04,,True,TEST
BRK01667,RECON-DAILY,2026-08-12,CASH,CASH_WRONG_AMOUNT,Cash amount posted differs from expected trade value by a non-round amount,INTERNAL_BOOK,CUSTODIAN_CONFIRM,TRD103350,TRD103350,1774665.0,1969878.15,,amount,P1,OPEN,0,MORGANSTANLEY-BROKER,EQ-INDEX-04,,False,TRAIN
BRK01668,RECON-DAILY,2026-08-18,CASH,CASH_DUPLICATE_ENTRY,Same cash movement posted twice,INTERNAL_BOOK,CUSTODIAN_CONFIRM,TRD103352,TRD103352,47001.0,94002.0,,"amount,cash_id",P1,OPEN,0,MORGANSTANLEY-BROKER,EQ-INDEX-04,,True,TRAIN
BRK01669,RECON-DAILY,2026-08-07,TRADE,TRADE_PRICE_MISMATCH,Confirmed price differs from booked price,INTERNAL_BOOK,EXTERNAL_CONFIRMATION,TRD103354,TRD103354,1669.29,1702.84,,price,P2,OPEN,0,DEUTSCHE-BROKER,EQ-CORE-02,,True,TRAIN
BRK01670,RECON-DAILY,2026-08-05,POSITION,CA_MANDATORY_NOT_REFLECTED,"Mandatory corporate action (split/bonus) not yet reflected externally - mechanical, auto-correctable",INTERNAL_BOOK,CUSTODIAN_CONFIRM,TRD103356,TRD103356,375,250,,actual_quantity,P1,OPEN,0,ICICI-CUST,EQ-INDEX-04,MANDATORY,True,TRAIN
BRK01671,RECON-DAILY,2026-08-07,POSITION,CA_INCORRECT_ENTITLEMENT,Corporate action entitlement calculated incorrectly (wrong ratio applied),INTERNAL_BOOK,CUSTODIAN_CONFIRM,TRD103358,TRD103358,150,180,,actual_quantity,P1,OPEN,0,MORGANSTANLEY-BROKER,EQ-ALPHA-03,MANDATORY,True,TRAIN
BRK01672,RECON-DAILY,2026-08-14,POSITION,POS_TIMING_DIFFERENCE,"Timing difference - quantities agree, as-of dates don't (expected to self-resolve)",INTERNAL_BOOK,CUSTODIAN_CONFIRM,TRD103362,TRD103362,2026-08-14,2026-08-15,,as_of_date,P2,OPEN,0,KOTAK-CUST,EQ-INDEX-04,,False,TEST
BRK01673,RECON-DAILY,2026-08-04,POSITION,CA_MANDATORY_NOT_REFLECTED,"Mandatory corporate action (split/bonus) not yet reflected externally - mechanical, auto-correctable",INTERNAL_BOOK,CUSTODIAN_CONFIRM,TRD103363,TRD103363,2250,1500,,actual_quantity,P1,OPEN,0,DEUTSCHE-BROKER,EQ-INDEX-04,MANDATORY,True,TEST
BRK01674,RECON-DAILY,2026-08-16,TRADE,TRADE_PRICE_MISMATCH,Confirmed price differs from booked price,INTERNAL_BOOK,EXTERNAL_CONFIRMATION,TRD103366,TRD103366,1673.75,1716.93,,price,P2,OPEN,0,HDFC-CUST,EQ-ALPHA-03,,True,TRAIN
BRK01675,RECON-DAILY,2026-08-16,POSITION,POS_MISSING_BOOKING,Missing upstream booking - position never reflected externally,INTERNAL_BOOK,CUSTODIAN_CONFIRM,TRD103367,TRD103367,500,0,,actual_quantity,P0,OPEN,0,HDFC-CUST,EQ-ALPHA-03,,False,TRAIN
BRK01676,RECON-DAILY,2026-08-09,POSITION,CA_VOLUNTARY_DECISION,"Voluntary corporate action (tender/conversion) pending an election - requires a human business decision, always escalated",INTERNAL_BOOK,CUSTODIAN_CONFIRM,TRD103371,TRD103371,1000,500,,actual_quantity,P1,OPEN,0,HDFC-CUST,EQ-INDEX-04,VOLUNTARY,True,TRAIN
BRK01677,RECON-DAILY,2026-08-16,TRADE,TRADE_PRICE_MISMATCH,Confirmed price differs from booked price,INTERNAL_BOOK,EXTERNAL_CONFIRMATION,TRD103374,TRD103374,1894.43,1945.07,,price,P2,OPEN,0,DEUTSCHE-BROKER,EQ-ALPHA-03,,True,TRAIN
BRK01678,RECON-DAILY,2026-08-17,POSITION,POS_WRONG_QUANTITY,Wrong quantity - external position differs by a non-round amount,INTERNAL_BOOK,CUSTODIAN_CONFIRM,TRD103377,TRD103377,100,129,,actual_quantity,P1,OPEN,0,KOTAK-CUST,EQ-INDEX-04,,False,TEST
BRK01679,RECON-DAILY,2026-08-05,TRADE,CONF_MISSING,External confirmation never received,INTERNAL_BOOK,EXTERNAL_CONFIRMATION,TRD103378,TRD103378,TRD103378,,,confirmation,P0,OPEN,0,MORGANSTANLEY-BROKER,EQ-CORE-02,,True,TRAIN
BRK01680,RECON-DAILY,2026-08-03,TRADE,CONF_MISSING,External confirmation never received,INTERNAL_BOOK,EXTERNAL_CONFIRMATION,TRD103380,TRD103380,TRD103380,,,confirmation,P0,OPEN,0,MORGANSTANLEY-BROKER,EQ-CORE-02,,True,TRAIN
BRK01681,RECON-DAILY,2026-08-04,SETTLEMENT,SETL_INCORRECT_DATE,Settlement recorded against the wrong date (holiday-calendar-style off-by-one),INTERNAL_BOOK,CUSTODIAN_CONFIRM,TRD103382,TRD103382,2026-08-04,2026-08-05,,settlement_date,P2,OPEN,0,ICICI-CUST,EQ-CORE-02,,True,TRAIN
BRK01682,RECON-DAILY,2026-08-03,SETTLEMENT,SETL_WRONG_SSI,Settlement instruction references the wrong SSI/beneficiary account - the payment-failure flagship scenario,INTERNAL_BOOK,CUSTODIAN_CONFIRM,TRD103383,TRD103383,SSI-IN-0091,SSI-IN-0147,,ssi_code,P0,OPEN,0,ICICI-CUST,EQ-CORE-02,,True,TEST
BRK01683,RECON-DAILY,2026-08-03,POSITION,CA_MANDATORY_NOT_REFLECTED,"Mandatory corporate action (split/bonus) not yet reflected externally - mechanical, auto-correctable",INTERNAL_BOOK,CUSTODIAN_CONFIRM,TRD103384,TRD103384,3000,1000,,actual_quantity,P1,OPEN,0,HDFC-CUST,EQ-INDEX-04,MANDATORY,True,TRAIN
BRK01684,RECON-DAILY,2026-08-09,TRADE,CONF_DISAGREEMENT,External confirmation received but disagrees with the booking on multiple fields,INTERNAL_BOOK,EXTERNAL_CONFIRMATION,TRD103385,TRD103385,"qty=500,price=611.11","qty=575,price=618.4",,"quantity,price",P1,OPEN,0,HDFC-CUST,EQ-CORE-02,,True,TRAIN
BRK01685,RECON-DAILY,2026-08-04,POSITION,CA_INCORRECT_ENTITLEMENT,Corporate action entitlement calculated incorrectly (wrong ratio applied),INTERNAL_BOOK,CUSTODIAN_CONFIRM,TRD103388,TRD103388,1125,1350,,actual_quantity,P1,OPEN,0,HDFC-CUST,EQ-CORE-01,MANDATORY,True,TEST
BRK01686,RECON-DAILY,2026-08-14,POSITION,CA_INCORRECT_ENTITLEMENT,Corporate action entitlement calculated incorrectly (wrong ratio applied),INTERNAL_BOOK,CUSTODIAN_CONFIRM,TRD103389,TRD103389,2000,2300,,actual_quantity,P1,OPEN,0,KOTAK-CUST,EQ-CORE-02,MANDATORY,True,TRAIN
BRK01687,RECON-DAILY,2026-08-13,CASH,CASH_FX_INPUT_DIFFERENCE,Cash posted in a different currency / at a stale or incorrect FX rate,INTERNAL_BOOK,CUSTODIAN_CONFIRM,TRD103391,TRD103391,936000.0,954720.0,,"amount,currency",P2,OPEN,0,KOTAK-CUST,EQ-CORE-02,,False,TRAIN
BRK01688,RECON-DAILY,2026-08-21,TRADE,TRADE_PRICE_MISMATCH,Confirmed price differs from booked price,INTERNAL_BOOK,EXTERNAL_CONFIRMATION,TRD103392,TRD103392,172.25,174.68,,price,P2,OPEN,0,KOTAK-CUST,EQ-CORE-01,,True,TRAIN
BRK01689,RECON-DAILY,2026-08-05,TRADE,CONF_MISSING,External confirmation never received,INTERNAL_BOOK,EXTERNAL_CONFIRMATION,TRD103393,TRD103393,TRD103393,,,confirmation,P0,OPEN,0,MORGANSTANLEY-BROKER,EQ-CORE-02,,True,TEST
BRK01690,RECON-DAILY,2026-08-09,POSITION,POS_MISSING_BOOKING,Missing upstream booking - position never reflected externally,INTERNAL_BOOK,CUSTODIAN_CONFIRM,TRD103394,TRD103394,2000,0,,actual_quantity,P0,OPEN,0,ICICI-CUST,EQ-INDEX-04,,False,TRAIN
BRK01691,RECON-DAILY,2026-08-15,TRADE,CONF_MISSING,External confirmation never received,INTERNAL_BOOK,EXTERNAL_CONFIRMATION,TRD103395,TRD103395,TRD103395,,,confirmation,P0,OPEN,0,KOTAK-CUST,EQ-INDEX-04,,True,TRAIN
BRK01692,RECON-DAILY,2026-08-09,CASH,CASH_DUPLICATE_ENTRY,Same cash movement posted twice,INTERNAL_BOOK,CUSTODIAN_CONFIRM,TRD103397,TRD103397,8266940.0,16533880.0,,"amount,cash_id",P1,OPEN,0,ICICI-CUST,EQ-CORE-01,,False,TRAIN
BRK01693,RECON-DAILY,2026-08-06,POSITION,CA_MANDATORY_NOT_REFLECTED,"Mandatory corporate action (split/bonus) not yet reflected externally - mechanical, auto-correctable",INTERNAL_BOOK,CUSTODIAN_CONFIRM,TRD103398,TRD103398,2250,750,,actual_quantity,P1,OPEN,0,KOTAK-CUST,EQ-CORE-01,MANDATORY,True,TRAIN
BRK01694,RECON-DAILY,2026-08-09,CASH,CASH_MISSING_ENTRY,Expected cash movement never posted,INTERNAL_BOOK,CUSTODIAN_CONFIRM,TRD103399,TRD103399,376408.0,,,amount,P0,OPEN,0,KOTAK-CUST,EQ-ALPHA-03,,False,TEST
BRK01695,RECON-DAILY,2026-08-06,POSITION,CA_INCORRECT_ENTITLEMENT,Corporate action entitlement calculated incorrectly (wrong ratio applied),INTERNAL_BOOK,CUSTODIAN_CONFIRM,TRD103400,TRD103400,400,460,,actual_quantity,P1,OPEN,0,ICICI-CUST,EQ-CORE-01,MANDATORY,True,TRAIN
BRK01696,RECON-DAILY,2026-08-16,POSITION,POS_WRONG_QUANTITY,Wrong quantity - external position differs by a non-round amount,INTERNAL_BOOK,CUSTODIAN_CONFIRM,TRD103401,TRD103401,100,124,,actual_quantity,P1,OPEN,0,DEUTSCHE-BROKER,EQ-INDEX-04,,True,TEST
BRK01697,RECON-DAILY,2026-08-09,TRADE,TRADE_QUANTITY_MISMATCH,Confirmed quantity differs from booked quantity,INTERNAL_BOOK,EXTERNAL_CONFIRMATION,TRD103403,TRD103403,200,300,,quantity,P1,OPEN,0,NOMURA-BROKER,EQ-ALPHA-03,,True,TRAIN
BRK01698,RECON-DAILY,2026-08-02,POSITION,POS_TIMING_DIFFERENCE,"Timing difference - quantities agree, as-of dates don't (expected to self-resolve)",INTERNAL_BOOK,CUSTODIAN_CONFIRM,TRD103404,TRD103404,2026-08-02,2026-08-03,,as_of_date,P2,OPEN,0,KOTAK-CUST,EQ-INDEX-04,,False,TRAIN
BRK01699,RECON-DAILY,2026-08-20,POSITION,POS_WRONG_QUANTITY,Wrong quantity - external position differs by a non-round amount,INTERNAL_BOOK,CUSTODIAN_CONFIRM,TRD103406,TRD103406,500,645,,actual_quantity,P1,OPEN,0,MORGANSTANLEY-BROKER,EQ-INDEX-04,,True,TRAIN
BRK01700,RECON-DAILY,2026-08-19,CASH,CASH_FX_INPUT_DIFFERENCE,Cash posted in a different currency / at a stale or incorrect FX rate,INTERNAL_BOOK,CUSTODIAN_CONFIRM,TRD103409,TRD103409,306180.0,293932.8,,"amount,currency",P2,OPEN,0,HDFC-CUST,EQ-ALPHA-03,,False,TRAIN
BRK01701,RECON-DAILY,2026-08-13,TRADE,TRADE_DATE_MISMATCH,Confirmed trade date differs from booked trade date,INTERNAL_BOOK,EXTERNAL_CONFIRMATION,TRD103413,TRD103413,2026-08-12,2026-08-13,,trade_date,P2,OPEN,0,ICICI-CUST,EQ-CORE-01,,True,TRAIN
BRK01702,RECON-DAILY,2026-08-22,CASH,CASH_WRONG_AMOUNT,Cash amount posted differs from expected trade value by a non-round amount,INTERNAL_BOOK,CUSTODIAN_CONFIRM,TRD103415,TRD103415,1261185.0,1601704.95,,amount,P1,OPEN,0,ICICI-CUST,EQ-CORE-01,,False,TRAIN
BRK01703,RECON-DAILY,2026-08-10,POSITION,CA_MANDATORY_NOT_REFLECTED,"Mandatory corporate action (split/bonus) not yet reflected externally - mechanical, auto-correctable",INTERNAL_BOOK,CUSTODIAN_CONFIRM,TRD103416,TRD103416,375,250,,actual_quantity,P1,OPEN,0,ICICI-CUST,EQ-ALPHA-03,MANDATORY,True,TRAIN
BRK01704,RECON-DAILY,2026-08-21,SETTLEMENT,SETL_MISSING_INSTRUCTION,No settlement instruction was ever issued,INTERNAL_BOOK,CUSTODIAN_CONFIRM,TRD103417,TRD103417,INSTRUCTED,MISSING,,instruction_status,P0,OPEN,0,NOMURA-BROKER,EQ-INDEX-04,,True,TRAIN
BRK01705,RECON-DAILY,2026-08-15,CASH,CASH_WRONG_AMOUNT,Cash amount posted differs from expected trade value by a non-round amount,INTERNAL_BOOK,CUSTODIAN_CONFIRM,TRD103418,TRD103418,3763200.0,4177152.0,,amount,P1,OPEN,0,DEUTSCHE-BROKER,EQ-CORE-01,,False,TRAIN
BRK01706,RECON-DAILY,2026-08-03,POSITION,POS_TIMING_DIFFERENCE,"Timing difference - quantities agree, as-of dates don't (expected to self-resolve)",INTERNAL_BOOK,CUSTODIAN_CONFIRM,TRD103419,TRD103419,2026-08-03,2026-08-04,,as_of_date,P2,OPEN,0,MORGANSTANLEY-BROKER,EQ-ALPHA-03,,False,TEST
BRK01707,RECON-DAILY,2026-08-03,TRADE,CONF_DISAGREEMENT,External confirmation received but disagrees with the booking on multiple fields,INTERNAL_BOOK,EXTERNAL_CONFIRMATION,TRD103421,TRD103421,"qty=500,price=611.05","qty=425,price=618.57",,"quantity,price",P1,OPEN,0,NOMURA-BROKER,EQ-CORE-01,,True,TRAIN
BRK01708,RECON-DAILY,2026-08-04,TRADE,TRADE_DATE_MISMATCH,Confirmed trade date differs from booked trade date,INTERNAL_BOOK,EXTERNAL_CONFIRMATION,TRD103423,TRD103423,2026-08-03,2026-08-04,,trade_date,P2,OPEN,0,ICICI-CUST,EQ-CORE-02,,True,TRAIN
BRK01709,RECON-DAILY,2026-08-15,CASH,CASH_WRONG_AMOUNT,Cash amount posted differs from expected trade value by a non-round amount,INTERNAL_BOOK,CUSTODIAN_CONFIRM,TRD103424,TRD103424,1300529.0,1547629.51,,amount,P1,OPEN,0,ICICI-CUST,EQ-CORE-02,,True,TRAIN
BRK01710,RECON-DAILY,2026-08-15,CASH,CASH_MISSING_ENTRY,Expected cash movement never posted,INTERNAL_BOOK,CUSTODIAN_CONFIRM,TRD103426,TRD103426,1297663.0,,,amount,P0,OPEN,0,HDFC-CUST,EQ-INDEX-04,,False,TRAIN
BRK01711,RECON-DAILY,2026-08-04,CASH,CASH_MISSING_ENTRY,Expected cash movement never posted,INTERNAL_BOOK,CUSTODIAN_CONFIRM,TRD103428,TRD103428,942990.0,,,amount,P0,OPEN,0,DEUTSCHE-BROKER,EQ-INDEX-04,,False,TEST
BRK01712,RECON-DAILY,2026-08-10,TRADE,TRADE_DATE_MISMATCH,Confirmed trade date differs from booked trade date,INTERNAL_BOOK,EXTERNAL_CONFIRMATION,TRD103431,TRD103431,2026-08-09,2026-08-10,,trade_date,P2,OPEN,0,KOTAK-CUST,EQ-CORE-01,,True,TRAIN
BRK01713,RECON-DAILY,2026-08-07,CASH,CASH_FX_INPUT_DIFFERENCE,Cash posted in a different currency / at a stale or incorrect FX rate,INTERNAL_BOOK,CUSTODIAN_CONFIRM,TRD103437,TRD103437,151887.5,145812.0,,"amount,currency",P2,OPEN,0,KOTAK-CUST,EQ-CORE-02,,False,TRAIN
BRK01714,RECON-DAILY,2026-08-04,TRADE,TRADE_DATE_MISMATCH,Confirmed trade date differs from booked trade date,INTERNAL_BOOK,EXTERNAL_CONFIRMATION,TRD103438,TRD103438,2026-08-03,2026-08-04,,trade_date,P2,OPEN,0,DEUTSCHE-BROKER,EQ-CORE-02,,True,TRAIN
BRK01715,RECON-DAILY,2026-08-10,CASH,CASH_DUPLICATE_ENTRY,Same cash movement posted twice,INTERNAL_BOOK,CUSTODIAN_CONFIRM,TRD103442,TRD103442,945300.0,1890600.0,,"amount,cash_id",P1,OPEN,0,ICICI-CUST,EQ-CORE-01,,False,TRAIN
BRK01716,RECON-DAILY,2026-08-12,POSITION,CA_VOLUNTARY_DECISION,"Voluntary corporate action (tender/conversion) pending an election - requires a human business decision, always escalated",INTERNAL_BOOK,CUSTODIAN_CONFIRM,TRD103443,TRD103443,2000,1000,,actual_quantity,P1,OPEN,0,NOMURA-BROKER,EQ-ALPHA-03,VOLUNTARY,True,TRAIN
BRK01717,RECON-DAILY,2026-08-14,TRADE,TRADE_QUANTITY_MISMATCH,Confirmed quantity differs from booked quantity,INTERNAL_BOOK,EXTERNAL_CONFIRMATION,TRD103444,TRD103444,750,850,,quantity,P1,OPEN,0,NOMURA-BROKER,EQ-ALPHA-03,,True,TRAIN
BRK01718,RECON-DAILY,2026-08-03,POSITION,POS_TIMING_DIFFERENCE,"Timing difference - quantities agree, as-of dates don't (expected to self-resolve)",INTERNAL_BOOK,CUSTODIAN_CONFIRM,TRD103445,TRD103445,2026-08-03,2026-08-04,,as_of_date,P2,OPEN,0,MORGANSTANLEY-BROKER,EQ-CORE-02,,True,TRAIN
BRK01719,RECON-DAILY,2026-08-15,TRADE,TRADE_QUANTITY_MISMATCH,Confirmed quantity differs from booked quantity,INTERNAL_BOOK,EXTERNAL_CONFIRMATION,TRD103446,TRD103446,200,250,,quantity,P1,OPEN,0,ICICI-CUST,EQ-ALPHA-03,,True,TRAIN
BRK01720,RECON-DAILY,2026-08-11,POSITION,POS_TIMING_DIFFERENCE,"Timing difference - quantities agree, as-of dates don't (expected to self-resolve)",INTERNAL_BOOK,CUSTODIAN_CONFIRM,TRD103447,TRD103447,2026-08-11,2026-08-12,,as_of_date,P2,OPEN,0,HDFC-CUST,EQ-INDEX-04,,False,TEST
BRK01721,RECON-DAILY,2026-08-14,POSITION,POS_MISSING_BOOKING,Missing upstream booking - position never reflected externally,INTERNAL_BOOK,CUSTODIAN_CONFIRM,TRD103448,TRD103448,500,0,,actual_quantity,P0,OPEN,0,NOMURA-BROKER,EQ-INDEX-04,,True,TRAIN
BRK01722,RECON-DAILY,2026-08-13,POSITION,CA_INCORRECT_ENTITLEMENT,Corporate action entitlement calculated incorrectly (wrong ratio applied),INTERNAL_BOOK,CUSTODIAN_CONFIRM,TRD103449,TRD103449,4000,3400,,actual_quantity,P1,OPEN,0,DEUTSCHE-BROKER,EQ-ALPHA-03,MANDATORY,True,TRAIN
BRK01723,RECON-DAILY,2026-08-14,CASH,CASH_WRONG_AMOUNT,Cash amount posted differs from expected trade value by a non-round amount,INTERNAL_BOOK,CUSTODIAN_CONFIRM,TRD103450,TRD103450,25864300.0,30778517.0,,amount,P1,OPEN,0,HDFC-CUST,EQ-INDEX-04,,False,TRAIN
BRK01724,RECON-DAILY,2026-08-16,TRADE,TRADE_DATE_MISMATCH,Confirmed trade date differs from booked trade date,INTERNAL_BOOK,EXTERNAL_CONFIRMATION,TRD103453,TRD103453,2026-08-15,2026-08-16,,trade_date,P2,OPEN,0,NOMURA-BROKER,EQ-INDEX-04,,True,TEST
BRK01725,RECON-DAILY,2026-08-15,SETTLEMENT,SETL_LATE_COUNTERPARTY,Counterparty has not settled by the expected date,INTERNAL_BOOK,CUSTODIAN_CONFIRM,TRD103454,TRD103454,2026-08-15,2026-08-17,,"settlement_date,settlement_status",P1,OPEN,0,ICICI-CUST,EQ-ALPHA-03,,True,TRAIN
BRK01726,RECON-DAILY,2026-08-16,TRADE,CONF_DISAGREEMENT,External confirmation received but disagrees with the booking on multiple fields,INTERNAL_BOOK,EXTERNAL_CONFIRMATION,TRD103456,TRD103456,"qty=1500,price=2850.02","qty=1575,price=2894.38",,"quantity,price",P1,OPEN,0,NOMURA-BROKER,EQ-CORE-02,,True,TRAIN
BRK01727,RECON-DAILY,2026-08-05,TRADE,TRADE_QUANTITY_MISMATCH,Confirmed quantity differs from booked quantity,INTERNAL_BOOK,EXTERNAL_CONFIRMATION,TRD103457,TRD103457,1500,1550,,quantity,P1,OPEN,0,MORGANSTANLEY-BROKER,EQ-CORE-02,,True,TRAIN
BRK01728,RECON-DAILY,2026-08-17,CASH,CASH_MISSING_ENTRY,Expected cash movement never posted,INTERNAL_BOOK,CUSTODIAN_CONFIRM,TRD103458,TRD103458,152467.5,,,amount,P0,OPEN,0,MORGANSTANLEY-BROKER,EQ-ALPHA-03,,True,TRAIN
BRK01729,RECON-DAILY,2026-08-07,TRADE,TRADE_DATE_MISMATCH,Confirmed trade date differs from booked trade date,INTERNAL_BOOK,EXTERNAL_CONFIRMATION,TRD103461,TRD103461,2026-08-06,2026-08-07,,trade_date,P2,OPEN,0,NOMURA-BROKER,EQ-INDEX-04,,True,TRAIN
BRK01730,RECON-DAILY,2026-08-05,TRADE,TRADE_COUNTERPARTY_ID_MISMATCH,Confirmed counterparty identifier differs from booked counterparty,INTERNAL_BOOK,EXTERNAL_CONFIRMATION,TRD103463,TRD103463,NOMURA-BROKER,HDFC-CUST,,counterparty,P1,OPEN,0,NOMURA-BROKER,EQ-INDEX-04,,True,TEST
BRK01731,RECON-DAILY,2026-08-04,SETTLEMENT,SETL_MISSING_INSTRUCTION,No settlement instruction was ever issued,INTERNAL_BOOK,CUSTODIAN_CONFIRM,TRD103464,TRD103464,INSTRUCTED,MISSING,,instruction_status,P0,OPEN,0,MORGANSTANLEY-BROKER,EQ-INDEX-04,,True,TRAIN
BRK01732,RECON-DAILY,2026-08-07,CASH,CASH_MISSING_ENTRY,Expected cash movement never posted,INTERNAL_BOOK,CUSTODIAN_CONFIRM,TRD103465,TRD103465,4271085.0,,,amount,P0,OPEN,0,ICICI-CUST,EQ-CORE-01,,False,TEST
BRK01733,RECON-DAILY,2026-08-02,SETTLEMENT,SETL_WRONG_SSI,Settlement instruction references the wrong SSI/beneficiary account - the payment-failure flagship scenario,INTERNAL_BOOK,CUSTODIAN_CONFIRM,TRD103466,TRD103466,SSI-DE-5510,SSI-US-7742,,ssi_code,P0,OPEN,0,DEUTSCHE-BROKER,EQ-CORE-02,,True,TRAIN
BRK01734,RECON-DAILY,2026-08-12,SETTLEMENT,SETL_WRONG_SSI,Settlement instruction references the wrong SSI/beneficiary account - the payment-failure flagship scenario,INTERNAL_BOOK,CUSTODIAN_CONFIRM,TRD103468,TRD103468,SSI-IN-0147,SSI-IN-0091,,ssi_code,P0,OPEN,0,HDFC-CUST,EQ-CORE-02,,True,TRAIN
BRK01735,RECON-DAILY,2026-08-02,CASH,CASH_FX_INPUT_DIFFERENCE,Cash posted in a different currency / at a stale or incorrect FX rate,INTERNAL_BOOK,CUSTODIAN_CONFIRM,TRD103469,TRD103469,8261080.0,8674134.0,,"amount,currency",P2,OPEN,0,MORGANSTANLEY-BROKER,EQ-INDEX-04,,False,TRAIN
BRK01736,RECON-DAILY,2026-08-21,SETTLEMENT,SETL_LATE_COUNTERPARTY,Counterparty has not settled by the expected date,INTERNAL_BOOK,CUSTODIAN_CONFIRM,TRD103474,TRD103474,2026-08-21,2026-08-24,,"settlement_date,settlement_status",P1,OPEN,0,MORGANSTANLEY-BROKER,EQ-CORE-02,,True,TRAIN
BRK01737,RECON-DAILY,2026-08-09,SETTLEMENT,SETL_INCORRECT_DATE,Settlement recorded against the wrong date (holiday-calendar-style off-by-one),INTERNAL_BOOK,CUSTODIAN_CONFIRM,TRD103475,TRD103475,2026-08-09,2026-08-10,,settlement_date,P2,OPEN,0,ICICI-CUST,EQ-CORE-02,,True,TEST
BRK01738,RECON-DAILY,2026-08-05,TRADE,TRADE_COUNTERPARTY_ID_MISMATCH,Confirmed counterparty identifier differs from booked counterparty,INTERNAL_BOOK,EXTERNAL_CONFIRMATION,TRD103477,TRD103477,KOTAK-CUST,NOMURA-BROKER,,counterparty,P1,OPEN,0,KOTAK-CUST,EQ-CORE-01,,True,TEST
BRK01739,RECON-DAILY,2026-08-20,POSITION,CA_VOLUNTARY_DECISION,"Voluntary corporate action (tender/conversion) pending an election - requires a human business decision, always escalated",INTERNAL_BOOK,CUSTODIAN_CONFIRM,TRD103478,TRD103478,2250,750,,actual_quantity,P1,OPEN,0,NOMURA-BROKER,EQ-CORE-02,VOLUNTARY,True,TRAIN
BRK01740,RECON-DAILY,2026-08-11,SETTLEMENT,SETL_WRONG_SSI,Settlement instruction references the wrong SSI/beneficiary account - the payment-failure flagship scenario,INTERNAL_BOOK,CUSTODIAN_CONFIRM,TRD103480,TRD103480,SSI-IN-0091,SSI-IN-0203,,ssi_code,P0,OPEN,0,ICICI-CUST,EQ-INDEX-04,,True,TEST
BRK01741,RECON-DAILY,2026-08-07,POSITION,POS_WRONG_QUANTITY,Wrong quantity - external position differs by a non-round amount,INTERNAL_BOOK,CUSTODIAN_CONFIRM,TRD103482,TRD103482,1500,1935,,actual_quantity,P1,OPEN,0,MORGANSTANLEY-BROKER,EQ-INDEX-04,,True,TRAIN
BRK01742,RECON-DAILY,2026-08-18,SETTLEMENT,SETL_WRONG_SSI,Settlement instruction references the wrong SSI/beneficiary account - the payment-failure flagship scenario,INTERNAL_BOOK,CUSTODIAN_CONFIRM,TRD103483,TRD103483,SSI-IN-0203,SSI-DE-5510,,ssi_code,P0,OPEN,0,KOTAK-CUST,EQ-CORE-01,,True,TRAIN
BRK01743,RECON-DAILY,2026-08-20,POSITION,POS_MISSING_BOOKING,Missing upstream booking - position never reflected externally,INTERNAL_BOOK,CUSTODIAN_CONFIRM,TRD103484,TRD103484,250,0,,actual_quantity,P0,OPEN,0,KOTAK-CUST,EQ-CORE-02,,True,TRAIN
BRK01744,RECON-DAILY,2026-08-14,SETTLEMENT,SETL_LATE_COUNTERPARTY,Counterparty has not settled by the expected date,INTERNAL_BOOK,CUSTODIAN_CONFIRM,TRD103486,TRD103486,2026-08-14,2026-08-19,,"settlement_date,settlement_status",P1,OPEN,0,ICICI-CUST,EQ-CORE-02,,True,TRAIN
BRK01745,RECON-DAILY,2026-08-18,POSITION,CA_MANDATORY_NOT_REFLECTED,"Mandatory corporate action (split/bonus) not yet reflected externally - mechanical, auto-correctable",INTERNAL_BOOK,CUSTODIAN_CONFIRM,TRD103490,TRD103490,2250,750,,actual_quantity,P1,OPEN,0,NOMURA-BROKER,EQ-INDEX-04,MANDATORY,True,TEST
BRK01746,RECON-DAILY,2026-08-02,CASH,CASH_MISSING_ENTRY,Expected cash movement never posted,INTERNAL_BOOK,CUSTODIAN_CONFIRM,TRD103493,TRD103493,3345860.0,,,amount,P0,OPEN,0,HDFC-CUST,EQ-ALPHA-03,,False,TEST
BRK01747,RECON-DAILY,2026-08-14,CASH,CASH_DUPLICATE_ENTRY,Same cash movement posted twice,INTERNAL_BOOK,CUSTODIAN_CONFIRM,TRD103494,TRD103494,168617.0,337234.0,,"amount,cash_id",P1,OPEN,0,NOMURA-BROKER,EQ-INDEX-04,,True,TRAIN
BRK01748,RECON-DAILY,2026-08-12,TRADE,CONF_DISAGREEMENT,External confirmation received but disagrees with the booking on multiple fields,INTERNAL_BOOK,EXTERNAL_CONFIRMATION,TRD103495,TRD103495,"qty=750,price=1885.43","qty=825,price=1911.4",,"quantity,price",P1,OPEN,0,HDFC-CUST,EQ-ALPHA-03,,True,TRAIN
BRK01749,RECON-DAILY,2026-08-15,CASH,CASH_WRONG_AMOUNT,Cash amount posted differs from expected trade value by a non-round amount,INTERNAL_BOOK,CUSTODIAN_CONFIRM,TRD103496,TRD103496,843250.0,691465.0,,amount,P1,OPEN,0,KOTAK-CUST,EQ-CORE-01,,True,TRAIN
BRK01750,RECON-DAILY,2026-08-10,TRADE,TRADE_QUANTITY_MISMATCH,Confirmed quantity differs from booked quantity,INTERNAL_BOOK,EXTERNAL_CONFIRMATION,TRD103497,TRD103497,1000,1200,,quantity,P1,OPEN,0,NOMURA-BROKER,EQ-CORE-01,,True,TRAIN
BRK01751,RECON-DAILY,2026-08-10,POSITION,CA_MANDATORY_NOT_REFLECTED,"Mandatory corporate action (split/bonus) not yet reflected externally - mechanical, auto-correctable",INTERNAL_BOOK,CUSTODIAN_CONFIRM,TRD103498,TRD103498,4500,1500,,actual_quantity,P1,OPEN,0,MORGANSTANLEY-BROKER,EQ-CORE-02,MANDATORY,True,TRAIN
BRK01752,RECON-DAILY,2026-08-17,POSITION,POS_MISSING_BOOKING,Missing upstream booking - position never reflected externally,INTERNAL_BOOK,CUSTODIAN_CONFIRM,TRD103507,TRD103507,1000,0,,actual_quantity,P0,OPEN,0,DEUTSCHE-BROKER,EQ-INDEX-04,,False,TEST
BRK01753,RECON-DAILY,2026-08-18,POSITION,POS_WRONG_QUANTITY,Wrong quantity - external position differs by a non-round amount,INTERNAL_BOOK,CUSTODIAN_CONFIRM,TRD103510,TRD103510,1000,1290,,actual_quantity,P1,OPEN,0,NOMURA-BROKER,EQ-CORE-02,,True,TEST
BRK01754,RECON-DAILY,2026-08-09,POSITION,CA_VOLUNTARY_DECISION,"Voluntary corporate action (tender/conversion) pending an election - requires a human business decision, always escalated",INTERNAL_BOOK,CUSTODIAN_CONFIRM,TRD103513,TRD103513,2250,750,,actual_quantity,P1,OPEN,0,ICICI-CUST,EQ-ALPHA-03,VOLUNTARY,True,TRAIN
BRK01755,RECON-DAILY,2026-08-06,POSITION,CA_INCORRECT_ENTITLEMENT,Corporate action entitlement calculated incorrectly (wrong ratio applied),INTERNAL_BOOK,CUSTODIAN_CONFIRM,TRD103516,TRD103516,2250,2700,,actual_quantity,P1,OPEN,0,KOTAK-CUST,EQ-CORE-01,MANDATORY,True,TRAIN
BRK01756,RECON-DAILY,2026-08-15,SETTLEMENT,SETL_MISSING_INSTRUCTION,No settlement instruction was ever issued,INTERNAL_BOOK,CUSTODIAN_CONFIRM,TRD103518,TRD103518,INSTRUCTED,MISSING,,instruction_status,P0,OPEN,0,MORGANSTANLEY-BROKER,EQ-CORE-01,,True,TRAIN
BRK01757,RECON-DAILY,2026-08-06,POSITION,POS_MISSING_BOOKING,Missing upstream booking - position never reflected externally,INTERNAL_BOOK,CUSTODIAN_CONFIRM,TRD103522,TRD103522,1000,0,,actual_quantity,P0,OPEN,0,NOMURA-BROKER,EQ-ALPHA-03,,False,TRAIN
BRK01758,RECON-DAILY,2026-08-11,SETTLEMENT,SETL_WRONG_SSI,Settlement instruction references the wrong SSI/beneficiary account - the payment-failure flagship scenario,INTERNAL_BOOK,CUSTODIAN_CONFIRM,TRD103523,TRD103523,SSI-DE-5510,SSI-IN-0203,,ssi_code,P0,OPEN,0,DEUTSCHE-BROKER,EQ-ALPHA-03,,True,TEST
BRK01759,RECON-DAILY,2026-08-04,TRADE,TRADE_QUANTITY_MISMATCH,Confirmed quantity differs from booked quantity,INTERNAL_BOOK,EXTERNAL_CONFIRMATION,TRD103524,TRD103524,250,450,,quantity,P1,OPEN,0,NOMURA-BROKER,EQ-CORE-02,,True,TRAIN
BRK01760,RECON-DAILY,2026-08-05,SETTLEMENT,SETL_LATE_COUNTERPARTY,Counterparty has not settled by the expected date,INTERNAL_BOOK,CUSTODIAN_CONFIRM,TRD103525,TRD103525,2026-08-05,2026-08-07,,"settlement_date,settlement_status",P1,OPEN,0,ICICI-CUST,EQ-CORE-01,,True,TRAIN
BRK01761,RECON-DAILY,2026-08-16,POSITION,POS_WRONG_QUANTITY,Wrong quantity - external position differs by a non-round amount,INTERNAL_BOOK,CUSTODIAN_CONFIRM,TRD103529,TRD103529,2000,1740,,actual_quantity,P1,OPEN,0,ICICI-CUST,EQ-CORE-02,,True,TRAIN
BRK01762,RECON-DAILY,2026-08-09,POSITION,CA_VOLUNTARY_DECISION,"Voluntary corporate action (tender/conversion) pending an election - requires a human business decision, always escalated",INTERNAL_BOOK,CUSTODIAN_CONFIRM,TRD103532,TRD103532,2250,1500,,actual_quantity,P1,OPEN,0,KOTAK-CUST,EQ-CORE-01,VOLUNTARY,True,TRAIN
BRK01763,RECON-DAILY,2026-08-19,SETTLEMENT,SETL_INCORRECT_DATE,Settlement recorded against the wrong date (holiday-calendar-style off-by-one),INTERNAL_BOOK,CUSTODIAN_CONFIRM,TRD103534,TRD103534,2026-08-19,2026-08-20,,settlement_date,P2,OPEN,0,KOTAK-CUST,EQ-CORE-01,,True,TRAIN
BRK01764,RECON-DAILY,2026-08-07,POSITION,CA_VOLUNTARY_DECISION,"Voluntary corporate action (tender/conversion) pending an election - requires a human business decision, always escalated",INTERNAL_BOOK,CUSTODIAN_CONFIRM,TRD103535,TRD103535,1000,500,,actual_quantity,P1,OPEN,0,MORGANSTANLEY-BROKER,EQ-ALPHA-03,VOLUNTARY,True,TEST
BRK01765,RECON-DAILY,2026-08-21,TRADE,CONF_DISAGREEMENT,External confirmation received but disagrees with the booking on multiple fields,INTERNAL_BOOK,EXTERNAL_CONFIRMATION,TRD103538,TRD103538,"qty=2000,price=843.58","qty=1925,price=853.64",,"quantity,price",P1,OPEN,0,DEUTSCHE-BROKER,EQ-ALPHA-03,,True,TRAIN
BRK01766,RECON-DAILY,2026-08-03,TRADE,CONF_MISSING,External confirmation never received,INTERNAL_BOOK,EXTERNAL_CONFIRMATION,TRD103539,TRD103539,TRD103539,,,confirmation,P0,OPEN,0,NOMURA-BROKER,EQ-INDEX-04,,True,TRAIN
BRK01767,RECON-DAILY,2026-08-02,POSITION,CA_INCORRECT_ENTITLEMENT,Corporate action entitlement calculated incorrectly (wrong ratio applied),INTERNAL_BOOK,CUSTODIAN_CONFIRM,TRD103544,TRD103544,1125,900,,actual_quantity,P1,OPEN,0,NOMURA-BROKER,EQ-INDEX-04,MANDATORY,True,TRAIN
BRK01768,RECON-DAILY,2026-08-21,TRADE,CONF_MISSING,External confirmation never received,INTERNAL_BOOK,EXTERNAL_CONFIRMATION,TRD103545,TRD103545,TRD103545,,,confirmation,P0,OPEN,0,NOMURA-BROKER,EQ-ALPHA-03,,True,TRAIN
BRK01769,RECON-DAILY,2026-08-16,TRADE,TRADE_DATE_MISMATCH,Confirmed trade date differs from booked trade date,INTERNAL_BOOK,EXTERNAL_CONFIRMATION,TRD103548,TRD103548,2026-08-15,2026-08-16,,trade_date,P2,OPEN,0,KOTAK-CUST,EQ-ALPHA-03,,True,TRAIN
BRK01770,RECON-DAILY,2026-08-05,TRADE,CONF_MISSING,External confirmation never received,INTERNAL_BOOK,EXTERNAL_CONFIRMATION,TRD103550,TRD103550,TRD103550,,,confirmation,P0,OPEN,0,MORGANSTANLEY-BROKER,EQ-CORE-01,,True,TRAIN
BRK01771,RECON-DAILY,2026-08-19,TRADE,TRADE_COUNTERPARTY_ID_MISMATCH,Confirmed counterparty identifier differs from booked counterparty,INTERNAL_BOOK,EXTERNAL_CONFIRMATION,TRD103552,TRD103552,KOTAK-CUST,NOMURA-BROKER,,counterparty,P1,OPEN,0,KOTAK-CUST,EQ-ALPHA-03,,True,TRAIN
BRK01772,RECON-DAILY,2026-08-17,SETTLEMENT,SETL_LATE_COUNTERPARTY,Counterparty has not settled by the expected date,INTERNAL_BOOK,CUSTODIAN_CONFIRM,TRD103555,TRD103555,2026-08-17,2026-08-22,,"settlement_date,settlement_status",P1,OPEN,0,NOMURA-BROKER,EQ-CORE-01,,True,TRAIN
BRK01773,RECON-DAILY,2026-08-21,POSITION,POS_WRONG_QUANTITY,Wrong quantity - external position differs by a non-round amount,INTERNAL_BOOK,CUSTODIAN_CONFIRM,TRD103558,TRD103558,1500,1305,,actual_quantity,P1,OPEN,0,MORGANSTANLEY-BROKER,EQ-ALPHA-03,,False,TEST
BRK01774,RECON-DAILY,2026-08-17,CASH,CASH_MISSING_ENTRY,Expected cash movement never posted,INTERNAL_BOOK,CUSTODIAN_CONFIRM,TRD103559,TRD103559,884490.0,,,amount,P0,OPEN,0,DEUTSCHE-BROKER,EQ-INDEX-04,,False,TRAIN
BRK01775,RECON-DAILY,2026-08-06,POSITION,POS_WRONG_QUANTITY,Wrong quantity - external position differs by a non-round amount,INTERNAL_BOOK,CUSTODIAN_CONFIRM,TRD103561,TRD103561,500,435,,actual_quantity,P1,OPEN,0,NOMURA-BROKER,EQ-INDEX-04,,False,TRAIN
BRK01776,RECON-DAILY,2026-08-09,CASH,CASH_FX_INPUT_DIFFERENCE,Cash posted in a different currency / at a stale or incorrect FX rate,INTERNAL_BOOK,CUSTODIAN_CONFIRM,TRD103564,TRD103564,167346.0,170692.92,,"amount,currency",P2,OPEN,0,DEUTSCHE-BROKER,EQ-CORE-01,,False,TRAIN
BRK01777,RECON-DAILY,2026-08-22,CASH,CASH_FX_INPUT_DIFFERENCE,Cash posted in a different currency / at a stale or incorrect FX rate,INTERNAL_BOOK,CUSTODIAN_CONFIRM,TRD103565,TRD103565,714270.0,664271.1,,"amount,currency",P2,OPEN,0,ICICI-CUST,EQ-INDEX-04,,False,TRAIN
BRK01778,RECON-DAILY,2026-08-20,TRADE,TRADE_QUANTITY_MISMATCH,Confirmed quantity differs from booked quantity,INTERNAL_BOOK,EXTERNAL_CONFIRMATION,TRD103566,TRD103566,100,1,,quantity,P1,OPEN,0,ICICI-CUST,EQ-CORE-01,,True,TRAIN
BRK01779,RECON-DAILY,2026-08-07,POSITION,CA_MANDATORY_NOT_REFLECTED,"Mandatory corporate action (split/bonus) not yet reflected externally - mechanical, auto-correctable",INTERNAL_BOOK,CUSTODIAN_CONFIRM,TRD103567,TRD103567,300,100,,actual_quantity,P1,OPEN,0,ICICI-CUST,EQ-CORE-02,MANDATORY,True,TEST
BRK01780,RECON-DAILY,2026-08-21,CASH,CASH_MISSING_ENTRY,Expected cash movement never posted,INTERNAL_BOOK,CUSTODIAN_CONFIRM,TRD103568,TRD103568,1883410.0,,,amount,P0,OPEN,0,KOTAK-CUST,EQ-ALPHA-03,,False,TRAIN
BRK01781,RECON-DAILY,2026-08-16,POSITION,POS_WRONG_QUANTITY,Wrong quantity - external position differs by a non-round amount,INTERNAL_BOOK,CUSTODIAN_CONFIRM,TRD103569,TRD103569,500,390,,actual_quantity,P1,OPEN,0,KOTAK-CUST,EQ-INDEX-04,,False,TEST
BRK01782,RECON-DAILY,2026-08-07,CASH,CASH_WRONG_AMOUNT,Cash amount posted differs from expected trade value by a non-round amount,INTERNAL_BOOK,CUSTODIAN_CONFIRM,TRD103570,TRD103570,335290.0,398995.1,,amount,P1,OPEN,0,DEUTSCHE-BROKER,EQ-CORE-01,,False,TRAIN
BRK01783,RECON-DAILY,2026-08-11,SETTLEMENT,SETL_INCORRECT_DATE,Settlement recorded against the wrong date (holiday-calendar-style off-by-one),INTERNAL_BOOK,CUSTODIAN_CONFIRM,TRD103575,TRD103575,2026-08-11,2026-08-12,,settlement_date,P2,OPEN,0,KOTAK-CUST,EQ-ALPHA-03,,True,TRAIN
BRK01784,RECON-DAILY,2026-08-21,SETTLEMENT,SETL_LATE_COUNTERPARTY,Counterparty has not settled by the expected date,INTERNAL_BOOK,CUSTODIAN_CONFIRM,TRD103576,TRD103576,2026-08-21,2026-08-23,,"settlement_date,settlement_status",P1,OPEN,0,NOMURA-BROKER,EQ-ALPHA-03,,True,TRAIN
BRK01785,RECON-DAILY,2026-08-03,CASH,CASH_FX_INPUT_DIFFERENCE,Cash posted in a different currency / at a stale or incorrect FX rate,INTERNAL_BOOK,CUSTODIAN_CONFIRM,TRD103577,TRD103577,8251100.0,8539888.5,,"amount,currency",P2,OPEN,0,KOTAK-CUST,EQ-INDEX-04,,False,TRAIN
BRK01786,RECON-DAILY,2026-08-14,SETTLEMENT,SETL_MISSING_INSTRUCTION,No settlement instruction was ever issued,INTERNAL_BOOK,CUSTODIAN_CONFIRM,TRD103580,TRD103580,INSTRUCTED,MISSING,,instruction_status,P0,OPEN,0,ICICI-CUST,EQ-CORE-02,,True,TRAIN
BRK01787,RECON-DAILY,2026-08-13,POSITION,CA_VOLUNTARY_DECISION,"Voluntary corporate action (tender/conversion) pending an election - requires a human business decision, always escalated",INTERNAL_BOOK,CUSTODIAN_CONFIRM,TRD103581,TRD103581,600,200,,actual_quantity,P1,OPEN,0,ICICI-CUST,EQ-CORE-01,VOLUNTARY,True,TRAIN
BRK01788,RECON-DAILY,2026-08-09,TRADE,CONF_DISAGREEMENT,External confirmation received but disagrees with the booking on multiple fields,INTERNAL_BOOK,EXTERNAL_CONFIRMATION,TRD103582,TRD103582,"qty=100,price=1667.96","qty=25,price=1699.3",,"quantity,price",P1,OPEN,0,NOMURA-BROKER,EQ-CORE-01,,True,TEST
BRK01789,RECON-DAILY,2026-08-03,TRADE,TRADE_PRICE_MISMATCH,Confirmed price differs from booked price,INTERNAL_BOOK,EXTERNAL_CONFIRMATION,TRD103583,TRD103583,468.04,478.53,,price,P2,OPEN,0,KOTAK-CUST,EQ-INDEX-04,,True,TRAIN
BRK01790,RECON-DAILY,2026-08-11,CASH,CASH_MISSING_ENTRY,Expected cash movement never posted,INTERNAL_BOOK,CUSTODIAN_CONFIRM,TRD103584,TRD103584,210722.5,,,amount,P0,OPEN,0,ICICI-CUST,EQ-CORE-02,,False,TRAIN
BRK01791,RECON-DAILY,2026-08-12,TRADE,TRADE_COUNTERPARTY_ID_MISMATCH,Confirmed counterparty identifier differs from booked counterparty,INTERNAL_BOOK,EXTERNAL_CONFIRMATION,TRD103586,TRD103586,NOMURA-BROKER,KOTAK-CUST,,counterparty,P1,OPEN,0,NOMURA-BROKER,EQ-INDEX-04,,True,TRAIN
BRK01792,RECON-DAILY,2026-08-19,CASH,CASH_DUPLICATE_ENTRY,Same cash movement posted twice,INTERNAL_BOOK,CUSTODIAN_CONFIRM,TRD103589,TRD103589,1273290.0,2546580.0,,"amount,cash_id",P1,OPEN,0,HDFC-CUST,EQ-CORE-02,,False,TRAIN
BRK01793,RECON-DAILY,2026-08-07,SETTLEMENT,SETL_INCORRECT_DATE,Settlement recorded against the wrong date (holiday-calendar-style off-by-one),INTERNAL_BOOK,CUSTODIAN_CONFIRM,TRD103591,TRD103591,2026-08-07,2026-08-08,,settlement_date,P2,OPEN,0,HDFC-CUST,EQ-INDEX-04,,True,TEST
BRK01794,RECON-DAILY,2026-08-09,SETTLEMENT,SETL_LATE_COUNTERPARTY,Counterparty has not settled by the expected date,INTERNAL_BOOK,CUSTODIAN_CONFIRM,TRD103592,TRD103592,2026-08-09,2026-08-12,,"settlement_date,settlement_status",P1,OPEN,0,ICICI-CUST,EQ-CORE-01,,True,TRAIN
BRK01795,RECON-DAILY,2026-08-15,TRADE,TRADE_PRICE_MISMATCH,Confirmed price differs from booked price,INTERNAL_BOOK,EXTERNAL_CONFIRMATION,TRD103593,TRD103593,1892.26,1837.51,,price,P2,OPEN,0,DEUTSCHE-BROKER,EQ-CORE-02,,True,TEST
BRK01796,RECON-DAILY,2026-08-21,TRADE,TRADE_QUANTITY_MISMATCH,Confirmed quantity differs from booked quantity,INTERNAL_BOOK,EXTERNAL_CONFIRMATION,TRD103594,TRD103594,250,200,,quantity,P1,OPEN,0,NOMURA-BROKER,EQ-INDEX-04,,True,TRAIN
BRK01797,RECON-DAILY,2026-08-07,POSITION,POS_MISSING_BOOKING,Missing upstream booking - position never reflected externally,INTERNAL_BOOK,CUSTODIAN_CONFIRM,TRD103596,TRD103596,250,0,,actual_quantity,P0,OPEN,0,DEUTSCHE-BROKER,EQ-INDEX-04,,False,TRAIN
BRK01798,RECON-DAILY,2026-08-16,CASH,CASH_MISSING_ENTRY,Expected cash movement never posted,INTERNAL_BOOK,CUSTODIAN_CONFIRM,TRD103597,TRD103597,294350.0,,,amount,P0,OPEN,0,DEUTSCHE-BROKER,EQ-CORE-02,,False,TRAIN
BRK01799,RECON-DAILY,2026-08-02,CASH,CASH_FX_INPUT_DIFFERENCE,Cash posted in a different currency / at a stale or incorrect FX rate,INTERNAL_BOOK,CUSTODIAN_CONFIRM,TRD103599,TRD103599,568682.0,580055.64,,"amount,currency",P2,OPEN,0,ICICI-CUST,EQ-INDEX-04,,False,TRAIN
BRK01800,RECON-DAILY,2026-08-11,SETTLEMENT,SETL_MISSING_INSTRUCTION,No settlement instruction was ever issued,INTERNAL_BOOK,CUSTODIAN_CONFIRM,TRD103600,TRD103600,INSTRUCTED,MISSING,,instruction_status,P0,OPEN,0,HDFC-CUST,EQ-CORE-02,,True,TRAIN
BRK01801,RECON-DAILY,2026-08-08,TRADE,TRADE_QUANTITY_MISMATCH,Confirmed quantity differs from booked quantity,INTERNAL_BOOK,EXTERNAL_CONFIRMATION,TRD103606,TRD103606,2000,2050,,quantity,P1,OPEN,0,HDFC-CUST,EQ-CORE-01,,True,TEST
BRK01802,RECON-DAILY,2026-08-19,TRADE,CONF_DISAGREEMENT,External confirmation received but disagrees with the booking on multiple fields,INTERNAL_BOOK,EXTERNAL_CONFIRMATION,TRD103608,TRD103608,"qty=2000,price=171.59","qty=2075,price=173.87",,"quantity,price",P1,OPEN,0,KOTAK-CUST,EQ-CORE-01,,True,TRAIN
BRK01803,RECON-DAILY,2026-08-12,SETTLEMENT,SETL_WRONG_SSI,Settlement instruction references the wrong SSI/beneficiary account - the payment-failure flagship scenario,INTERNAL_BOOK,CUSTODIAN_CONFIRM,TRD103609,TRD103609,SSI-IN-0147,SSI-US-7742,,ssi_code,P0,OPEN,0,HDFC-CUST,EQ-ALPHA-03,,True,TRAIN
BRK01804,RECON-DAILY,2026-08-18,SETTLEMENT,SETL_WRONG_SSI,Settlement instruction references the wrong SSI/beneficiary account - the payment-failure flagship scenario,INTERNAL_BOOK,CUSTODIAN_CONFIRM,TRD103614,TRD103614,SSI-JP-3389,SSI-US-7742,,ssi_code,P0,OPEN,0,NOMURA-BROKER,EQ-ALPHA-03,,True,TEST
BRK01805,RECON-DAILY,2026-08-04,TRADE,CONF_DISAGREEMENT,External confirmation received but disagrees with the booking on multiple fields,INTERNAL_BOOK,EXTERNAL_CONFIRMATION,TRD103615,TRD103615,"qty=750,price=173.22","qty=675,price=176.55",,"quantity,price",P1,OPEN,0,KOTAK-CUST,EQ-INDEX-04,,True,TRAIN
BRK01806,RECON-DAILY,2026-08-08,TRADE,CONF_DISAGREEMENT,External confirmation received but disagrees with the booking on multiple fields,INTERNAL_BOOK,EXTERNAL_CONFIRMATION,TRD103616,TRD103616,"qty=2000,price=846.83","qty=2075,price=856.87",,"quantity,price",P1,OPEN,0,ICICI-CUST,EQ-CORE-02,,True,TRAIN
BRK01807,RECON-DAILY,2026-08-02,SETTLEMENT,SETL_LATE_COUNTERPARTY,Counterparty has not settled by the expected date,INTERNAL_BOOK,CUSTODIAN_CONFIRM,TRD103618,TRD103618,2026-08-02,2026-08-07,,"settlement_date,settlement_status",P1,OPEN,0,KOTAK-CUST,EQ-CORE-02,,True,TRAIN
BRK01808,RECON-DAILY,2026-08-10,TRADE,TRADE_QUANTITY_MISMATCH,Confirmed quantity differs from booked quantity,INTERNAL_BOOK,EXTERNAL_CONFIRMATION,TRD103620,TRD103620,500,600,,quantity,P1,OPEN,0,DEUTSCHE-BROKER,EQ-CORE-01,,True,TRAIN
BRK01809,RECON-DAILY,2026-08-20,SETTLEMENT,SETL_WRONG_SSI,Settlement instruction references the wrong SSI/beneficiary account - the payment-failure flagship scenario,INTERNAL_BOOK,CUSTODIAN_CONFIRM,TRD103621,TRD103621,SSI-JP-3389,SSI-US-7742,,ssi_code,P0,OPEN,0,NOMURA-BROKER,EQ-CORE-01,,True,TEST
BRK01810,RECON-DAILY,2026-08-16,CASH,CASH_DUPLICATE_ENTRY,Same cash movement posted twice,INTERNAL_BOOK,CUSTODIAN_CONFIRM,TRD103623,TRD103623,568290.0,1136580.0,,"amount,cash_id",P1,OPEN,0,DEUTSCHE-BROKER,EQ-CORE-02,,False,TRAIN
BRK01811,RECON-DAILY,2026-08-17,SETTLEMENT,SETL_WRONG_SSI,Settlement instruction references the wrong SSI/beneficiary account - the payment-failure flagship scenario,INTERNAL_BOOK,CUSTODIAN_CONFIRM,TRD103626,TRD103626,SSI-IN-0091,SSI-US-7742,,ssi_code,P0,OPEN,0,ICICI-CUST,EQ-CORE-02,,True,TRAIN
BRK01812,RECON-DAILY,2026-08-10,POSITION,POS_TIMING_DIFFERENCE,"Timing difference - quantities agree, as-of dates don't (expected to self-resolve)",INTERNAL_BOOK,CUSTODIAN_CONFIRM,TRD103629,TRD103629,2026-08-10,2026-08-11,,as_of_date,P2,OPEN,0,MORGANSTANLEY-BROKER,EQ-ALPHA-03,,False,TRAIN
BRK01813,RECON-DAILY,2026-08-16,SETTLEMENT,SETL_INCORRECT_DATE,Settlement recorded against the wrong date (holiday-calendar-style off-by-one),INTERNAL_BOOK,CUSTODIAN_CONFIRM,TRD103631,TRD103631,2026-08-16,2026-08-17,,settlement_date,P2,OPEN,0,MORGANSTANLEY-BROKER,EQ-ALPHA-03,,True,TEST
BRK01814,RECON-DAILY,2026-08-21,TRADE,TRADE_COUNTERPARTY_ID_MISMATCH,Confirmed counterparty identifier differs from booked counterparty,INTERNAL_BOOK,EXTERNAL_CONFIRMATION,TRD103632,TRD103632,DEUTSCHE-BROKER,HDFC-CUST,,counterparty,P1,OPEN,0,DEUTSCHE-BROKER,EQ-CORE-02,,True,TRAIN
BRK01815,RECON-DAILY,2026-08-19,POSITION,POS_MISSING_BOOKING,Missing upstream booking - position never reflected externally,INTERNAL_BOOK,CUSTODIAN_CONFIRM,TRD103633,TRD103633,200,0,,actual_quantity,P0,OPEN,0,ICICI-CUST,EQ-CORE-02,,True,TRAIN
BRK01816,RECON-DAILY,2026-08-02,CASH,CASH_DUPLICATE_ENTRY,Same cash movement posted twice,INTERNAL_BOOK,CUSTODIAN_CONFIRM,TRD103634,TRD103634,6174990.0,12349980.0,,"amount,cash_id",P1,OPEN,0,ICICI-CUST,EQ-INDEX-04,,False,TRAIN
BRK01817,RECON-DAILY,2026-08-13,POSITION,CA_INCORRECT_ENTITLEMENT,Corporate action entitlement calculated incorrectly (wrong ratio applied),INTERNAL_BOOK,CUSTODIAN_CONFIRM,TRD103636,TRD103636,2250,1950,,actual_quantity,P1,OPEN,0,DEUTSCHE-BROKER,EQ-ALPHA-03,MANDATORY,True,TEST
BRK01818,RECON-DAILY,2026-08-15,POSITION,CA_MANDATORY_NOT_REFLECTED,"Mandatory corporate action (split/bonus) not yet reflected externally - mechanical, auto-correctable",INTERNAL_BOOK,CUSTODIAN_CONFIRM,TRD103638,TRD103638,4000,2000,,actual_quantity,P1,OPEN,0,MORGANSTANLEY-BROKER,EQ-CORE-02,MANDATORY,True,TRAIN
BRK01819,RECON-DAILY,2026-08-15,POSITION,CA_VOLUNTARY_DECISION,"Voluntary corporate action (tender/conversion) pending an election - requires a human business decision, always escalated",INTERNAL_BOOK,CUSTODIAN_CONFIRM,TRD103639,TRD103639,300,100,,actual_quantity,P1,OPEN,0,DEUTSCHE-BROKER,EQ-ALPHA-03,VOLUNTARY,True,TEST
BRK01820,RECON-DAILY,2026-08-10,SETTLEMENT,SETL_INCORRECT_DATE,Settlement recorded against the wrong date (holiday-calendar-style off-by-one),INTERNAL_BOOK,CUSTODIAN_CONFIRM,TRD103640,TRD103640,2026-08-10,2026-08-11,,settlement_date,P2,OPEN,0,KOTAK-CUST,EQ-ALPHA-03,,True,TRAIN
BRK01821,RECON-DAILY,2026-08-21,CASH,CASH_DUPLICATE_ENTRY,Same cash movement posted twice,INTERNAL_BOOK,CUSTODIAN_CONFIRM,TRD103644,TRD103644,841360.0,1682720.0,,"amount,cash_id",P1,OPEN,0,KOTAK-CUST,EQ-ALPHA-03,,False,TEST
BRK01822,RECON-DAILY,2026-08-15,TRADE,TRADE_DATE_MISMATCH,Confirmed trade date differs from booked trade date,INTERNAL_BOOK,EXTERNAL_CONFIRMATION,TRD103645,TRD103645,2026-08-14,2026-08-15,,trade_date,P2,OPEN,0,ICICI-CUST,EQ-CORE-02,,True,TRAIN
BRK01823,RECON-DAILY,2026-08-19,POSITION,POS_WRONG_QUANTITY,Wrong quantity - external position differs by a non-round amount,INTERNAL_BOOK,CUSTODIAN_CONFIRM,TRD103646,TRD103646,1000,780,,actual_quantity,P1,OPEN,0,MORGANSTANLEY-BROKER,EQ-CORE-02,,False,TRAIN
BRK01824,RECON-DAILY,2026-08-08,TRADE,TRADE_COUNTERPARTY_ID_MISMATCH,Confirmed counterparty identifier differs from booked counterparty,INTERNAL_BOOK,EXTERNAL_CONFIRMATION,TRD103647,TRD103647,KOTAK-CUST,MORGANSTANLEY-BROKER,,counterparty,P1,OPEN,0,KOTAK-CUST,EQ-CORE-01,,True,TRAIN
BRK01825,RECON-DAILY,2026-08-17,SETTLEMENT,SETL_LATE_COUNTERPARTY,Counterparty has not settled by the expected date,INTERNAL_BOOK,CUSTODIAN_CONFIRM,TRD103648,TRD103648,2026-08-17,2026-08-21,,"settlement_date,settlement_status",P1,OPEN,0,MORGANSTANLEY-BROKER,EQ-INDEX-04,,True,TRAIN
BRK01826,RECON-DAILY,2026-08-06,TRADE,TRADE_PRICE_MISMATCH,Confirmed price differs from booked price,INTERNAL_BOOK,EXTERNAL_CONFIRMATION,TRD103649,TRD103649,1887.21,1850.43,,price,P2,OPEN,0,MORGANSTANLEY-BROKER,EQ-ALPHA-03,,True,TRAIN
BRK01827,RECON-DAILY,2026-08-17,CASH,CASH_WRONG_AMOUNT,Cash amount posted differs from expected trade value by a non-round amount,INTERNAL_BOOK,CUSTODIAN_CONFIRM,TRD103652,TRD103652,368284.0,438257.96,,amount,P1,OPEN,0,NOMURA-BROKER,EQ-CORE-02,,False,TRAIN
BRK01828,RECON-DAILY,2026-08-02,POSITION,CA_VOLUNTARY_DECISION,"Voluntary corporate action (tender/conversion) pending an election - requires a human business decision, always escalated",INTERNAL_BOOK,CUSTODIAN_CONFIRM,TRD103656,TRD103656,2250,750,,actual_quantity,P1,OPEN,0,DEUTSCHE-BROKER,EQ-CORE-02,VOLUNTARY,True,TRAIN
BRK01829,RECON-DAILY,2026-08-20,TRADE,TRADE_COUNTERPARTY_ID_MISMATCH,Confirmed counterparty identifier differs from booked counterparty,INTERNAL_BOOK,EXTERNAL_CONFIRMATION,TRD103657,TRD103657,NOMURA-BROKER,ICICI-CUST,,counterparty,P1,OPEN,0,NOMURA-BROKER,EQ-INDEX-04,,True,TEST
BRK01830,RECON-DAILY,2026-08-16,TRADE,TRADE_QUANTITY_MISMATCH,Confirmed quantity differs from booked quantity,INTERNAL_BOOK,EXTERNAL_CONFIRMATION,TRD103658,TRD103658,750,800,,quantity,P1,OPEN,0,KOTAK-CUST,EQ-ALPHA-03,,True,TRAIN
BRK01831,RECON-DAILY,2026-08-15,POSITION,POS_TIMING_DIFFERENCE,"Timing difference - quantities agree, as-of dates don't (expected to self-resolve)",INTERNAL_BOOK,CUSTODIAN_CONFIRM,TRD103659,TRD103659,2026-08-15,2026-08-16,,as_of_date,P2,OPEN,0,NOMURA-BROKER,EQ-ALPHA-03,,False,TRAIN
BRK01832,RECON-DAILY,2026-08-06,CASH,CASH_FX_INPUT_DIFFERENCE,Cash posted in a different currency / at a stale or incorrect FX rate,INTERNAL_BOOK,CUSTODIAN_CONFIRM,TRD103660,TRD103660,167521.0,170871.42,,"amount,currency",P2,OPEN,0,MORGANSTANLEY-BROKER,EQ-ALPHA-03,,True,TEST
BRK01833,RECON-DAILY,2026-08-15,SETTLEMENT,SETL_LATE_COUNTERPARTY,Counterparty has not settled by the expected date,INTERNAL_BOOK,CUSTODIAN_CONFIRM,TRD103661,TRD103661,2026-08-15,2026-08-19,,"settlement_date,settlement_status",P1,OPEN,0,HDFC-CUST,EQ-CORE-02,,True,TRAIN
BRK01834,RECON-DAILY,2026-08-22,TRADE,TRADE_COUNTERPARTY_ID_MISMATCH,Confirmed counterparty identifier differs from booked counterparty,INTERNAL_BOOK,EXTERNAL_CONFIRMATION,TRD103662,TRD103662,KOTAK-CUST,ICICI-CUST,,counterparty,P1,OPEN,0,KOTAK-CUST,EQ-INDEX-04,,True,TRAIN
BRK01835,RECON-DAILY,2026-08-17,TRADE,TRADE_COUNTERPARTY_ID_MISMATCH,Confirmed counterparty identifier differs from booked counterparty,INTERNAL_BOOK,EXTERNAL_CONFIRMATION,TRD103663,TRD103663,KOTAK-CUST,HDFC-CUST,,counterparty,P1,OPEN,0,KOTAK-CUST,EQ-CORE-02,,True,TEST
BRK01836,RECON-DAILY,2026-08-22,POSITION,POS_WRONG_QUANTITY,Wrong quantity - external position differs by a non-round amount,INTERNAL_BOOK,CUSTODIAN_CONFIRM,TRD103665,TRD103665,500,585,,actual_quantity,P1,OPEN,0,NOMURA-BROKER,EQ-CORE-01,,False,TEST
BRK01837,RECON-DAILY,2026-08-18,CASH,CASH_MISSING_ENTRY,Expected cash movement never posted,INTERNAL_BOOK,CUSTODIAN_CONFIRM,TRD103666,TRD103666,823892.0,,,amount,P0,OPEN,0,HDFC-CUST,EQ-ALPHA-03,,False,TEST
BRK01838,RECON-DAILY,2026-08-06,TRADE,TRADE_PRICE_MISMATCH,Confirmed price differs from booked price,INTERNAL_BOOK,EXTERNAL_CONFIRMATION,TRD103668,TRD103668,1185.37,1209.35,,price,P2,OPEN,0,HDFC-CUST,EQ-CORE-02,,True,TRAIN
BRK01839,RECON-DAILY,2026-08-17,SETTLEMENT,SETL_MISSING_INSTRUCTION,No settlement instruction was ever issued,INTERNAL_BOOK,CUSTODIAN_CONFIRM,TRD103669,TRD103669,INSTRUCTED,MISSING,,instruction_status,P0,OPEN,0,ICICI-CUST,EQ-INDEX-04,,True,TRAIN
BRK01840,RECON-DAILY,2026-08-20,TRADE,CONF_DISAGREEMENT,External confirmation received but disagrees with the booking on multiple fields,INTERNAL_BOOK,EXTERNAL_CONFIRMATION,TRD103670,TRD103670,"qty=250,price=1885.16","qty=325,price=1922.8",,"quantity,price",P1,OPEN,0,ICICI-CUST,EQ-CORE-01,,True,TRAIN
BRK01841,RECON-DAILY,2026-08-16,CASH,CASH_MISSING_ENTRY,Expected cash movement never posted,INTERNAL_BOOK,CUSTODIAN_CONFIRM,TRD103672,TRD103672,1471320.0,,,amount,P0,OPEN,0,MORGANSTANLEY-BROKER,EQ-ALPHA-03,,True,TRAIN
BRK01842,RECON-DAILY,2026-08-12,SETTLEMENT,SETL_WRONG_SSI,Settlement instruction references the wrong SSI/beneficiary account - the payment-failure flagship scenario,INTERNAL_BOOK,CUSTODIAN_CONFIRM,TRD103673,TRD103673,SSI-IN-0203,SSI-JP-3389,,ssi_code,P0,OPEN,0,KOTAK-CUST,EQ-CORE-02,,True,TRAIN
BRK01843,RECON-DAILY,2026-08-21,SETTLEMENT,SETL_LATE_COUNTERPARTY,Counterparty has not settled by the expected date,INTERNAL_BOOK,CUSTODIAN_CONFIRM,TRD103675,TRD103675,2026-08-21,2026-08-25,,"settlement_date,settlement_status",P1,OPEN,0,ICICI-CUST,EQ-ALPHA-03,,True,TRAIN
BRK01844,RECON-DAILY,2026-08-19,TRADE,TRADE_QUANTITY_MISMATCH,Confirmed quantity differs from booked quantity,INTERNAL_BOOK,EXTERNAL_CONFIRMATION,TRD103676,TRD103676,1500,1700,,quantity,P1,OPEN,0,HDFC-CUST,EQ-ALPHA-03,,True,TRAIN
BRK01845,RECON-DAILY,2026-08-06,POSITION,CA_INCORRECT_ENTITLEMENT,Corporate action entitlement calculated incorrectly (wrong ratio applied),INTERNAL_BOOK,CUSTODIAN_CONFIRM,TRD103677,TRD103677,1500,1600,,actual_quantity,P1,OPEN,0,ICICI-CUST,EQ-INDEX-04,MANDATORY,True,TRAIN
BRK01846,RECON-DAILY,2026-08-14,TRADE,TRADE_DATE_MISMATCH,Confirmed trade date differs from booked trade date,INTERNAL_BOOK,EXTERNAL_CONFIRMATION,TRD103678,TRD103678,2026-08-13,2026-08-14,,trade_date,P2,OPEN,0,NOMURA-BROKER,EQ-CORE-01,,True,TRAIN
BRK01847,RECON-DAILY,2026-08-12,POSITION,POS_WRONG_QUANTITY,Wrong quantity - external position differs by a non-round amount,INTERNAL_BOOK,CUSTODIAN_CONFIRM,TRD103679,TRD103679,100,129,,actual_quantity,P1,OPEN,0,NOMURA-BROKER,EQ-CORE-01,,False,TRAIN
BRK01848,RECON-DAILY,2026-08-18,POSITION,POS_TIMING_DIFFERENCE,"Timing difference - quantities agree, as-of dates don't (expected to self-resolve)",INTERNAL_BOOK,CUSTODIAN_CONFIRM,TRD103683,TRD103683,2026-08-18,2026-08-19,,as_of_date,P2,OPEN,0,NOMURA-BROKER,EQ-INDEX-04,,False,TRAIN
BRK01849,RECON-DAILY,2026-08-09,POSITION,CA_VOLUNTARY_DECISION,"Voluntary corporate action (tender/conversion) pending an election - requires a human business decision, always escalated",INTERNAL_BOOK,CUSTODIAN_CONFIRM,TRD103684,TRD103684,3000,2000,,actual_quantity,P1,OPEN,0,NOMURA-BROKER,EQ-ALPHA-03,VOLUNTARY,True,TEST
BRK01850,RECON-DAILY,2026-08-18,POSITION,POS_MISSING_BOOKING,Missing upstream booking - position never reflected externally,INTERNAL_BOOK,CUSTODIAN_CONFIRM,TRD103685,TRD103685,2000,0,,actual_quantity,P0,OPEN,0,MORGANSTANLEY-BROKER,EQ-INDEX-04,,False,TEST
BRK01851,RECON-DAILY,2026-08-08,TRADE,CONF_MISSING,External confirmation never received,INTERNAL_BOOK,EXTERNAL_CONFIRMATION,TRD103687,TRD103687,TRD103687,,,confirmation,P0,OPEN,0,ICICI-CUST,EQ-ALPHA-03,,True,TRAIN
BRK01852,RECON-DAILY,2026-08-21,POSITION,POS_MISSING_BOOKING,Missing upstream booking - position never reflected externally,INTERNAL_BOOK,CUSTODIAN_CONFIRM,TRD103689,TRD103689,200,0,,actual_quantity,P0,OPEN,0,MORGANSTANLEY-BROKER,EQ-CORE-02,,False,TRAIN
BRK01853,RECON-DAILY,2026-08-11,TRADE,TRADE_QUANTITY_MISMATCH,Confirmed quantity differs from booked quantity,INTERNAL_BOOK,EXTERNAL_CONFIRMATION,TRD103690,TRD103690,750,700,,quantity,P1,OPEN,0,KOTAK-CUST,EQ-CORE-02,,True,TEST
BRK01854,RECON-DAILY,2026-08-22,POSITION,CA_INCORRECT_ENTITLEMENT,Corporate action entitlement calculated incorrectly (wrong ratio applied),INTERNAL_BOOK,CUSTODIAN_CONFIRM,TRD103693,TRD103693,4000,4600,,actual_quantity,P1,OPEN,0,DEUTSCHE-BROKER,EQ-CORE-01,MANDATORY,True,TRAIN
BRK01855,RECON-DAILY,2026-08-16,SETTLEMENT,SETL_MISSING_INSTRUCTION,No settlement instruction was ever issued,INTERNAL_BOOK,CUSTODIAN_CONFIRM,TRD103694,TRD103694,INSTRUCTED,MISSING,,instruction_status,P0,OPEN,0,MORGANSTANLEY-BROKER,EQ-INDEX-04,,True,TRAIN
BRK01856,RECON-DAILY,2026-08-15,POSITION,CA_INCORRECT_ENTITLEMENT,Corporate action entitlement calculated incorrectly (wrong ratio applied),INTERNAL_BOOK,CUSTODIAN_CONFIRM,TRD103697,TRD103697,1000,1100,,actual_quantity,P1,OPEN,0,NOMURA-BROKER,EQ-INDEX-04,MANDATORY,True,TRAIN
BRK01857,RECON-DAILY,2026-08-08,SETTLEMENT,SETL_WRONG_SSI,Settlement instruction references the wrong SSI/beneficiary account - the payment-failure flagship scenario,INTERNAL_BOOK,CUSTODIAN_CONFIRM,TRD103698,TRD103698,SSI-IN-0147,SSI-US-7742,,ssi_code,P0,OPEN,0,HDFC-CUST,EQ-ALPHA-03,,True,TRAIN
BRK01858,RECON-DAILY,2026-08-10,POSITION,POS_WRONG_QUANTITY,Wrong quantity - external position differs by a non-round amount,INTERNAL_BOOK,CUSTODIAN_CONFIRM,TRD103704,TRD103704,1000,690,,actual_quantity,P1,OPEN,0,MORGANSTANLEY-BROKER,EQ-CORE-02,,False,TRAIN
BRK01859,RECON-DAILY,2026-08-10,TRADE,CONF_MISSING,External confirmation never received,INTERNAL_BOOK,EXTERNAL_CONFIRMATION,TRD103706,TRD103706,TRD103706,,,confirmation,P0,OPEN,0,DEUTSCHE-BROKER,EQ-CORE-02,,True,TRAIN
BRK01860,RECON-DAILY,2026-08-22,SETTLEMENT,SETL_INCORRECT_DATE,Settlement recorded against the wrong date (holiday-calendar-style off-by-one),INTERNAL_BOOK,CUSTODIAN_CONFIRM,TRD103707,TRD103707,2026-08-22,2026-08-23,,settlement_date,P2,OPEN,0,ICICI-CUST,EQ-INDEX-04,,True,TRAIN
BRK01861,RECON-DAILY,2026-08-16,SETTLEMENT,SETL_WRONG_SSI,Settlement instruction references the wrong SSI/beneficiary account - the payment-failure flagship scenario,INTERNAL_BOOK,CUSTODIAN_CONFIRM,TRD103708,TRD103708,SSI-IN-0091,SSI-JP-3389,,ssi_code,P0,OPEN,0,ICICI-CUST,EQ-ALPHA-03,,True,TRAIN
BRK01862,RECON-DAILY,2026-08-05,CASH,CASH_FX_INPUT_DIFFERENCE,Cash posted in a different currency / at a stale or incorrect FX rate,INTERNAL_BOOK,CUSTODIAN_CONFIRM,TRD103709,TRD103709,470575.0,503515.25,,"amount,currency",P2,OPEN,0,DEUTSCHE-BROKER,EQ-CORE-01,,True,TRAIN
BRK01863,RECON-DAILY,2026-08-10,TRADE,TRADE_DATE_MISMATCH,Confirmed trade date differs from booked trade date,INTERNAL_BOOK,EXTERNAL_CONFIRMATION,TRD103711,TRD103711,2026-08-09,2026-08-10,,trade_date,P2,OPEN,0,MORGANSTANLEY-BROKER,EQ-CORE-02,,True,TRAIN
BRK01864,RECON-DAILY,2026-08-06,POSITION,CA_INCORRECT_ENTITLEMENT,Corporate action entitlement calculated incorrectly (wrong ratio applied),INTERNAL_BOOK,CUSTODIAN_CONFIRM,TRD103712,TRD103712,4000,3400,,actual_quantity,P1,OPEN,0,MORGANSTANLEY-BROKER,EQ-CORE-02,MANDATORY,True,TRAIN
BRK01865,RECON-DAILY,2026-08-22,POSITION,POS_MISSING_BOOKING,Missing upstream booking - position never reflected externally,INTERNAL_BOOK,CUSTODIAN_CONFIRM,TRD103714,TRD103714,100,0,,actual_quantity,P0,OPEN,0,MORGANSTANLEY-BROKER,EQ-INDEX-04,,False,TRAIN
BRK01866,RECON-DAILY,2026-08-04,SETTLEMENT,SETL_INCORRECT_DATE,Settlement recorded against the wrong date (holiday-calendar-style off-by-one),INTERNAL_BOOK,CUSTODIAN_CONFIRM,TRD103716,TRD103716,2026-08-04,2026-08-05,,settlement_date,P2,OPEN,0,ICICI-CUST,EQ-CORE-02,,True,TRAIN
BRK01867,RECON-DAILY,2026-08-22,POSITION,CA_MANDATORY_NOT_REFLECTED,"Mandatory corporate action (split/bonus) not yet reflected externally - mechanical, auto-correctable",INTERNAL_BOOK,CUSTODIAN_CONFIRM,TRD103721,TRD103721,400,200,,actual_quantity,P1,OPEN,0,KOTAK-CUST,EQ-ALPHA-03,MANDATORY,True,TEST
BRK01868,RECON-DAILY,2026-08-21,POSITION,POS_TIMING_DIFFERENCE,"Timing difference - quantities agree, as-of dates don't (expected to self-resolve)",INTERNAL_BOOK,CUSTODIAN_CONFIRM,TRD103722,TRD103722,2026-08-21,2026-08-22,,as_of_date,P2,OPEN,0,HDFC-CUST,EQ-CORE-02,,True,TEST
BRK01869,RECON-DAILY,2026-08-11,TRADE,TRADE_DATE_MISMATCH,Confirmed trade date differs from booked trade date,INTERNAL_BOOK,EXTERNAL_CONFIRMATION,TRD103723,TRD103723,2026-08-10,2026-08-11,,trade_date,P2,OPEN,0,DEUTSCHE-BROKER,EQ-ALPHA-03,,True,TRAIN
BRK01870,RECON-DAILY,2026-08-14,TRADE,CONF_MISSING,External confirmation never received,INTERNAL_BOOK,EXTERNAL_CONFIRMATION,TRD103725,TRD103725,TRD103725,,,confirmation,P0,OPEN,0,HDFC-CUST,EQ-CORE-01,,True,TRAIN
BRK01871,RECON-DAILY,2026-08-22,SETTLEMENT,SETL_INCORRECT_DATE,Settlement recorded against the wrong date (holiday-calendar-style off-by-one),INTERNAL_BOOK,CUSTODIAN_CONFIRM,TRD103726,TRD103726,2026-08-22,2026-08-23,,settlement_date,P2,OPEN,0,KOTAK-CUST,EQ-ALPHA-03,,True,TEST
BRK01872,RECON-DAILY,2026-08-19,TRADE,TRADE_QUANTITY_MISMATCH,Confirmed quantity differs from booked quantity,INTERNAL_BOOK,EXTERNAL_CONFIRMATION,TRD103728,TRD103728,100,300,,quantity,P1,OPEN,0,KOTAK-CUST,EQ-CORE-01,,True,TRAIN
BRK01873,RECON-DAILY,2026-08-08,TRADE,CONF_DISAGREEMENT,External confirmation received but disagrees with the booking on multiple fields,INTERNAL_BOOK,EXTERNAL_CONFIRMATION,TRD103729,TRD103729,"qty=1000,price=609.39","qty=925,price=620.41",,"quantity,price",P1,OPEN,0,KOTAK-CUST,EQ-ALPHA-03,,True,TRAIN
BRK01874,RECON-DAILY,2026-08-04,CASH,CASH_MISSING_ENTRY,Expected cash movement never posted,INTERNAL_BOOK,CUSTODIAN_CONFIRM,TRD103732,TRD103732,1865505.0,,,amount,P0,OPEN,0,KOTAK-CUST,EQ-INDEX-04,,True,TRAIN
BRK01875,RECON-DAILY,2026-08-04,CASH,CASH_DUPLICATE_ENTRY,Same cash movement posted twice,INTERNAL_BOOK,CUSTODIAN_CONFIRM,TRD103733,TRD103733,588055.0,1176110.0,,"amount,cash_id",P1,OPEN,0,ICICI-CUST,EQ-ALPHA-03,,False,TEST
BRK01876,RECON-DAILY,2026-08-20,TRADE,TRADE_QUANTITY_MISMATCH,Confirmed quantity differs from booked quantity,INTERNAL_BOOK,EXTERNAL_CONFIRMATION,TRD103735,TRD103735,100,1,,quantity,P1,OPEN,0,KOTAK-CUST,EQ-ALPHA-03,,True,TRAIN
BRK01877,RECON-DAILY,2026-08-03,SETTLEMENT,SETL_LATE_COUNTERPARTY,Counterparty has not settled by the expected date,INTERNAL_BOOK,CUSTODIAN_CONFIRM,TRD103737,TRD103737,2026-08-03,2026-08-07,,"settlement_date,settlement_status",P1,OPEN,0,ICICI-CUST,EQ-INDEX-04,,True,TRAIN
BRK01878,RECON-DAILY,2026-08-19,TRADE,TRADE_DATE_MISMATCH,Confirmed trade date differs from booked trade date,INTERNAL_BOOK,EXTERNAL_CONFIRMATION,TRD103739,TRD103739,2026-08-18,2026-08-19,,trade_date,P2,OPEN,0,DEUTSCHE-BROKER,EQ-CORE-02,,True,TRAIN
BRK01879,RECON-DAILY,2026-08-19,POSITION,POS_MISSING_BOOKING,Missing upstream booking - position never reflected externally,INTERNAL_BOOK,CUSTODIAN_CONFIRM,TRD103740,TRD103740,100,0,,actual_quantity,P0,OPEN,0,ICICI-CUST,EQ-INDEX-04,,False,TRAIN
BRK01880,RECON-DAILY,2026-08-12,POSITION,CA_MANDATORY_NOT_REFLECTED,"Mandatory corporate action (split/bonus) not yet reflected externally - mechanical, auto-correctable",INTERNAL_BOOK,CUSTODIAN_CONFIRM,TRD103741,TRD103741,3000,1500,,actual_quantity,P1,OPEN,0,DEUTSCHE-BROKER,EQ-ALPHA-03,MANDATORY,True,TRAIN
BRK01881,RECON-DAILY,2026-08-08,TRADE,CONF_MISSING,External confirmation never received,INTERNAL_BOOK,EXTERNAL_CONFIRMATION,TRD103744,TRD103744,TRD103744,,,confirmation,P0,OPEN,0,ICICI-CUST,EQ-INDEX-04,,True,TRAIN
BRK01882,RECON-DAILY,2026-08-07,TRADE,TRADE_DATE_MISMATCH,Confirmed trade date differs from booked trade date,INTERNAL_BOOK,EXTERNAL_CONFIRMATION,TRD103745,TRD103745,2026-08-06,2026-08-07,,trade_date,P2,OPEN,0,MORGANSTANLEY-BROKER,EQ-INDEX-04,,True,TRAIN
BRK01883,RECON-DAILY,2026-08-05,SETTLEMENT,SETL_MISSING_INSTRUCTION,No settlement instruction was ever issued,INTERNAL_BOOK,CUSTODIAN_CONFIRM,TRD103747,TRD103747,INSTRUCTED,MISSING,,instruction_status,P0,OPEN,0,KOTAK-CUST,EQ-CORE-02,,True,TRAIN
BRK01884,RECON-DAILY,2026-08-05,TRADE,TRADE_QUANTITY_MISMATCH,Confirmed quantity differs from booked quantity,INTERNAL_BOOK,EXTERNAL_CONFIRMATION,TRD103748,TRD103748,1500,1550,,quantity,P1,OPEN,0,KOTAK-CUST,EQ-CORE-01,,True,TRAIN
BRK01885,RECON-DAILY,2026-08-06,TRADE,CONF_MISSING,External confirmation never received,INTERNAL_BOOK,EXTERNAL_CONFIRMATION,TRD103750,TRD103750,TRD103750,,,confirmation,P0,OPEN,0,KOTAK-CUST,EQ-CORE-01,,True,TEST
BRK01886,RECON-DAILY,2026-08-05,SETTLEMENT,SETL_WRONG_SSI,Settlement instruction references the wrong SSI/beneficiary account - the payment-failure flagship scenario,INTERNAL_BOOK,CUSTODIAN_CONFIRM,TRD103755,TRD103755,SSI-IN-0147,SSI-IN-0091,,ssi_code,P0,OPEN,0,HDFC-CUST,EQ-CORE-02,,True,TEST
BRK01887,RECON-DAILY,2026-08-15,TRADE,CONF_MISSING,External confirmation never received,INTERNAL_BOOK,EXTERNAL_CONFIRMATION,TRD103756,TRD103756,TRD103756,,,confirmation,P0,OPEN,0,NOMURA-BROKER,EQ-ALPHA-03,,True,TRAIN
BRK01888,RECON-DAILY,2026-08-02,SETTLEMENT,SETL_LATE_COUNTERPARTY,Counterparty has not settled by the expected date,INTERNAL_BOOK,CUSTODIAN_CONFIRM,TRD103758,TRD103758,2026-08-02,2026-08-05,,"settlement_date,settlement_status",P1,OPEN,0,HDFC-CUST,EQ-ALPHA-03,,True,TEST
BRK01889,RECON-DAILY,2026-08-04,SETTLEMENT,SETL_LATE_COUNTERPARTY,Counterparty has not settled by the expected date,INTERNAL_BOOK,CUSTODIAN_CONFIRM,TRD103763,TRD103763,2026-08-04,2026-08-08,,"settlement_date,settlement_status",P1,OPEN,0,KOTAK-CUST,EQ-INDEX-04,,True,TRAIN
BRK01890,RECON-DAILY,2026-08-22,TRADE,CONF_DISAGREEMENT,External confirmation received but disagrees with the booking on multiple fields,INTERNAL_BOOK,EXTERNAL_CONFIRMATION,TRD103764,TRD103764,"qty=1000,price=1895.74","qty=1075,price=1918.55",,"quantity,price",P1,OPEN,0,MORGANSTANLEY-BROKER,EQ-CORE-01,,True,TRAIN
BRK01891,RECON-DAILY,2026-08-15,TRADE,TRADE_PRICE_MISMATCH,Confirmed price differs from booked price,INTERNAL_BOOK,EXTERNAL_CONFIRMATION,TRD103770,TRD103770,1962.81,1906.69,,price,P2,OPEN,0,HDFC-CUST,EQ-CORE-02,,True,TRAIN
BRK01892,RECON-DAILY,2026-08-11,POSITION,POS_MISSING_BOOKING,Missing upstream booking - position never reflected externally,INTERNAL_BOOK,CUSTODIAN_CONFIRM,TRD103771,TRD103771,500,0,,actual_quantity,P0,OPEN,0,DEUTSCHE-BROKER,EQ-ALPHA-03,,False,TRAIN
BRK01893,RECON-DAILY,2026-08-05,SETTLEMENT,SETL_MISSING_INSTRUCTION,No settlement instruction was ever issued,INTERNAL_BOOK,CUSTODIAN_CONFIRM,TRD103772,TRD103772,INSTRUCTED,MISSING,,instruction_status,P0,OPEN,0,DEUTSCHE-BROKER,EQ-CORE-02,,True,TRAIN
BRK01894,RECON-DAILY,2026-08-09,TRADE,TRADE_PRICE_MISMATCH,Confirmed price differs from booked price,INTERNAL_BOOK,EXTERNAL_CONFIRMATION,TRD103773,TRD103773,1181.32,1202.78,,price,P2,OPEN,0,MORGANSTANLEY-BROKER,EQ-CORE-01,,True,TRAIN
BRK01895,RECON-DAILY,2026-08-18,CASH,CASH_MISSING_ENTRY,Expected cash movement never posted,INTERNAL_BOOK,CUSTODIAN_CONFIRM,TRD103774,TRD103774,4135600.0,,,amount,P0,OPEN,0,ICICI-CUST,EQ-CORE-01,,False,TRAIN
BRK01896,RECON-DAILY,2026-08-06,SETTLEMENT,SETL_WRONG_SSI,Settlement instruction references the wrong SSI/beneficiary account - the payment-failure flagship scenario,INTERNAL_BOOK,CUSTODIAN_CONFIRM,TRD103778,TRD103778,SSI-DE-5510,SSI-US-7742,,ssi_code,P0,OPEN,0,DEUTSCHE-BROKER,EQ-ALPHA-03,,True,TRAIN
BRK01897,RECON-DAILY,2026-08-12,TRADE,TRADE_COUNTERPARTY_ID_MISMATCH,Confirmed counterparty identifier differs from booked counterparty,INTERNAL_BOOK,EXTERNAL_CONFIRMATION,TRD103780,TRD103780,NOMURA-BROKER,MORGANSTANLEY-BROKER,,counterparty,P1,OPEN,0,NOMURA-BROKER,EQ-ALPHA-03,,True,TRAIN
BRK01898,RECON-DAILY,2026-08-11,CASH,CASH_DUPLICATE_ENTRY,Same cash movement posted twice,INTERNAL_BOOK,CUSTODIAN_CONFIRM,TRD103781,TRD103781,152417.5,304835.0,,"amount,cash_id",P1,OPEN,0,KOTAK-CUST,EQ-INDEX-04,,False,TRAIN
BRK01899,RECON-DAILY,2026-08-16,TRADE,TRADE_PRICE_MISMATCH,Confirmed price differs from booked price,INTERNAL_BOOK,EXTERNAL_CONFIRMATION,TRD103782,TRD103782,172.62,169.81,,price,P2,OPEN,0,HDFC-CUST,EQ-ALPHA-03,,True,TRAIN
BRK01900,RECON-DAILY,2026-08-10,TRADE,CONF_DISAGREEMENT,External confirmation received but disagrees with the booking on multiple fields,INTERNAL_BOOK,EXTERNAL_CONFIRMATION,TRD103783,TRD103783,"qty=1500,price=1680.57","qty=1425,price=1708.72",,"quantity,price",P1,OPEN,0,MORGANSTANLEY-BROKER,EQ-CORE-01,,True,TRAIN
BRK01901,RECON-DAILY,2026-08-02,SETTLEMENT,SETL_WRONG_SSI,Settlement instruction references the wrong SSI/beneficiary account - the payment-failure flagship scenario,INTERNAL_BOOK,CUSTODIAN_CONFIRM,TRD103785,TRD103785,SSI-DE-5510,SSI-US-7742,,ssi_code,P0,OPEN,0,DEUTSCHE-BROKER,EQ-CORE-02,,True,TRAIN
BRK01902,RECON-DAILY,2026-08-20,CASH,CASH_MISSING_ENTRY,Expected cash movement never posted,INTERNAL_BOOK,CUSTODIAN_CONFIRM,TRD103787,TRD103787,1895690.0,,,amount,P0,OPEN,0,ICICI-CUST,EQ-CORE-01,,False,TRAIN
BRK01903,RECON-DAILY,2026-08-15,SETTLEMENT,SETL_MISSING_INSTRUCTION,No settlement instruction was ever issued,INTERNAL_BOOK,CUSTODIAN_CONFIRM,TRD103792,TRD103792,INSTRUCTED,MISSING,,instruction_status,P0,OPEN,0,DEUTSCHE-BROKER,EQ-CORE-02,,True,TRAIN
BRK01904,RECON-DAILY,2026-08-05,SETTLEMENT,SETL_INCORRECT_DATE,Settlement recorded against the wrong date (holiday-calendar-style off-by-one),INTERNAL_BOOK,CUSTODIAN_CONFIRM,TRD103795,TRD103795,2026-08-05,2026-08-06,,settlement_date,P2,OPEN,0,DEUTSCHE-BROKER,EQ-CORE-01,,True,TRAIN
BRK01905,RECON-DAILY,2026-08-04,TRADE,TRADE_DATE_MISMATCH,Confirmed trade date differs from booked trade date,INTERNAL_BOOK,EXTERNAL_CONFIRMATION,TRD103800,TRD103800,2026-08-03,2026-08-04,,trade_date,P2,OPEN,0,DEUTSCHE-BROKER,EQ-CORE-01,,True,TRAIN
BRK01906,RECON-DAILY,2026-08-11,TRADE,TRADE_QUANTITY_MISMATCH,Confirmed quantity differs from booked quantity,INTERNAL_BOOK,EXTERNAL_CONFIRMATION,TRD103805,TRD103805,1000,1100,,quantity,P1,OPEN,0,DEUTSCHE-BROKER,EQ-CORE-02,,True,TRAIN
BRK01907,RECON-DAILY,2026-08-20,CASH,CASH_MISSING_ENTRY,Expected cash movement never posted,INTERNAL_BOOK,CUSTODIAN_CONFIRM,TRD103807,TRD103807,2922465.0,,,amount,P0,OPEN,0,KOTAK-CUST,EQ-CORE-02,,False,TRAIN
BRK01908,RECON-DAILY,2026-08-11,POSITION,CA_VOLUNTARY_DECISION,"Voluntary corporate action (tender/conversion) pending an election - requires a human business decision, always escalated",INTERNAL_BOOK,CUSTODIAN_CONFIRM,TRD103808,TRD103808,500,250,,actual_quantity,P1,OPEN,0,ICICI-CUST,EQ-CORE-01,VOLUNTARY,True,TEST
BRK01909,RECON-DAILY,2026-08-03,POSITION,CA_INCORRECT_ENTITLEMENT,Corporate action entitlement calculated incorrectly (wrong ratio applied),INTERNAL_BOOK,CUSTODIAN_CONFIRM,TRD103809,TRD103809,3000,3300,,actual_quantity,P1,OPEN,0,DEUTSCHE-BROKER,EQ-INDEX-04,MANDATORY,True,TRAIN
BRK01910,RECON-DAILY,2026-08-13,CASH,CASH_MISSING_ENTRY,Expected cash movement never posted,INTERNAL_BOOK,CUSTODIAN_CONFIRM,TRD103813,TRD103813,885367.5,,,amount,P0,OPEN,0,DEUTSCHE-BROKER,EQ-INDEX-04,,True,TRAIN
BRK01911,RECON-DAILY,2026-08-02,POSITION,POS_WRONG_QUANTITY,Wrong quantity - external position differs by a non-round amount,INTERNAL_BOOK,CUSTODIAN_CONFIRM,TRD103818,TRD103818,750,930,,actual_quantity,P1,OPEN,0,DEUTSCHE-BROKER,EQ-CORE-01,,False,TRAIN
BRK01912,RECON-DAILY,2026-08-22,SETTLEMENT,SETL_MISSING_INSTRUCTION,No settlement instruction was ever issued,INTERNAL_BOOK,CUSTODIAN_CONFIRM,TRD103819,TRD103819,INSTRUCTED,MISSING,,instruction_status,P0,OPEN,0,KOTAK-CUST,EQ-CORE-01,,True,TEST
BRK01913,RECON-DAILY,2026-08-15,POSITION,POS_WRONG_QUANTITY,Wrong quantity - external position differs by a non-round amount,INTERNAL_BOOK,CUSTODIAN_CONFIRM,TRD103820,TRD103820,1500,1860,,actual_quantity,P1,OPEN,0,HDFC-CUST,EQ-ALPHA-03,,True,TEST
BRK01914,RECON-DAILY,2026-08-05,POSITION,POS_MISSING_BOOKING,Missing upstream booking - position never reflected externally,INTERNAL_BOOK,CUSTODIAN_CONFIRM,TRD103821,TRD103821,2000,0,,actual_quantity,P0,OPEN,0,ICICI-CUST,EQ-CORE-01,,False,TRAIN
BRK01915,RECON-DAILY,2026-08-08,POSITION,POS_MISSING_BOOKING,Missing upstream booking - position never reflected externally,INTERNAL_BOOK,CUSTODIAN_CONFIRM,TRD103823,TRD103823,2000,0,,actual_quantity,P0,OPEN,0,MORGANSTANLEY-BROKER,EQ-CORE-01,,False,TEST
BRK01916,RECON-DAILY,2026-08-06,SETTLEMENT,SETL_LATE_COUNTERPARTY,Counterparty has not settled by the expected date,INTERNAL_BOOK,CUSTODIAN_CONFIRM,TRD103824,TRD103824,2026-08-06,2026-08-11,,"settlement_date,settlement_status",P1,OPEN,0,MORGANSTANLEY-BROKER,EQ-CORE-02,,True,TRAIN
BRK01917,RECON-DAILY,2026-08-05,TRADE,CONF_DISAGREEMENT,External confirmation received but disagrees with the booking on multiple fields,INTERNAL_BOOK,EXTERNAL_CONFIRMATION,TRD103828,TRD103828,"qty=1000,price=1681.73","qty=925,price=1707.28",,"quantity,price",P1,OPEN,0,NOMURA-BROKER,EQ-CORE-01,,True,TRAIN
BRK01918,RECON-DAILY,2026-08-10,TRADE,TRADE_DATE_MISMATCH,Confirmed trade date differs from booked trade date,INTERNAL_BOOK,EXTERNAL_CONFIRMATION,TRD103835,TRD103835,2026-08-09,2026-08-10,,trade_date,P2,OPEN,0,KOTAK-CUST,EQ-INDEX-04,,True,TRAIN
BRK01919,RECON-DAILY,2026-08-22,TRADE,TRADE_PRICE_MISMATCH,Confirmed price differs from booked price,INTERNAL_BOOK,EXTERNAL_CONFIRMATION,TRD103836,TRD103836,2739.77,2794.84,,price,P2,OPEN,0,HDFC-CUST,EQ-CORE-01,,True,TEST
BRK01920,RECON-DAILY,2026-08-09,CASH,CASH_FX_INPUT_DIFFERENCE,Cash posted in a different currency / at a stale or incorrect FX rate,INTERNAL_BOOK,CUSTODIAN_CONFIRM,TRD103839,TRD103839,3342040.0,3459011.4,,"amount,currency",P2,OPEN,0,NOMURA-BROKER,EQ-INDEX-04,,True,TRAIN
BRK01921,RECON-DAILY,2026-08-13,POSITION,POS_TIMING_DIFFERENCE,"Timing difference - quantities agree, as-of dates don't (expected to self-resolve)",INTERNAL_BOOK,CUSTODIAN_CONFIRM,TRD103840,TRD103840,2026-08-13,2026-08-14,,as_of_date,P2,OPEN,0,DEUTSCHE-BROKER,EQ-ALPHA-03,,True,TRAIN
BRK01922,RECON-DAILY,2026-08-03,SETTLEMENT,SETL_MISSING_INSTRUCTION,No settlement instruction was ever issued,INTERNAL_BOOK,CUSTODIAN_CONFIRM,TRD103842,TRD103842,INSTRUCTED,MISSING,,instruction_status,P0,OPEN,0,NOMURA-BROKER,EQ-ALPHA-03,,True,TRAIN
BRK01923,RECON-DAILY,2026-08-15,SETTLEMENT,SETL_WRONG_SSI,Settlement instruction references the wrong SSI/beneficiary account - the payment-failure flagship scenario,INTERNAL_BOOK,CUSTODIAN_CONFIRM,TRD103844,TRD103844,SSI-DE-5510,SSI-IN-0091,,ssi_code,P0,OPEN,0,DEUTSCHE-BROKER,EQ-CORE-02,,True,TEST
BRK01924,RECON-DAILY,2026-08-09,CASH,CASH_FX_INPUT_DIFFERENCE,Cash posted in a different currency / at a stale or incorrect FX rate,INTERNAL_BOOK,CUSTODIAN_CONFIRM,TRD103847,TRD103847,117600.0,123480.0,,"amount,currency",P2,OPEN,0,NOMURA-BROKER,EQ-CORE-01,,False,TRAIN
BRK01925,RECON-DAILY,2026-08-21,TRADE,TRADE_DATE_MISMATCH,Confirmed trade date differs from booked trade date,INTERNAL_BOOK,EXTERNAL_CONFIRMATION,TRD103848,TRD103848,2026-08-20,2026-08-21,,trade_date,P2,OPEN,0,MORGANSTANLEY-BROKER,EQ-CORE-02,,True,TRAIN
BRK01926,RECON-DAILY,2026-08-17,TRADE,TRADE_QUANTITY_MISMATCH,Confirmed quantity differs from booked quantity,INTERNAL_BOOK,EXTERNAL_CONFIRMATION,TRD103849,TRD103849,750,950,,quantity,P1,OPEN,0,HDFC-CUST,EQ-ALPHA-03,,True,TEST
BRK01927,RECON-DAILY,2026-08-09,SETTLEMENT,SETL_LATE_COUNTERPARTY,Counterparty has not settled by the expected date,INTERNAL_BOOK,CUSTODIAN_CONFIRM,TRD103850,TRD103850,2026-08-09,2026-08-12,,"settlement_date,settlement_status",P1,OPEN,0,NOMURA-BROKER,EQ-CORE-02,,True,TRAIN
BRK01928,RECON-DAILY,2026-08-12,TRADE,TRADE_DATE_MISMATCH,Confirmed trade date differs from booked trade date,INTERNAL_BOOK,EXTERNAL_CONFIRMATION,TRD103852,TRD103852,2026-08-11,2026-08-12,,trade_date,P2,OPEN,0,KOTAK-CUST,EQ-CORE-02,,True,TRAIN
BRK01929,RECON-DAILY,2026-08-16,TRADE,TRADE_QUANTITY_MISMATCH,Confirmed quantity differs from booked quantity,INTERNAL_BOOK,EXTERNAL_CONFIRMATION,TRD103855,TRD103855,750,800,,quantity,P1,OPEN,0,ICICI-CUST,EQ-CORE-02,,True,TEST
BRK01930,RECON-DAILY,2026-08-12,TRADE,TRADE_COUNTERPARTY_ID_MISMATCH,Confirmed counterparty identifier differs from booked counterparty,INTERNAL_BOOK,EXTERNAL_CONFIRMATION,TRD103856,TRD103856,NOMURA-BROKER,MORGANSTANLEY-BROKER,,counterparty,P1,OPEN,0,NOMURA-BROKER,EQ-ALPHA-03,,True,TEST
BRK01931,RECON-DAILY,2026-08-06,SETTLEMENT,SETL_INCORRECT_DATE,Settlement recorded against the wrong date (holiday-calendar-style off-by-one),INTERNAL_BOOK,CUSTODIAN_CONFIRM,TRD103858,TRD103858,2026-08-06,2026-08-07,,settlement_date,P2,OPEN,0,MORGANSTANLEY-BROKER,EQ-INDEX-04,,True,TRAIN
BRK01932,RECON-DAILY,2026-08-05,TRADE,CONF_MISSING,External confirmation never received,INTERNAL_BOOK,EXTERNAL_CONFIRMATION,TRD103859,TRD103859,TRD103859,,,confirmation,P0,OPEN,0,DEUTSCHE-BROKER,EQ-ALPHA-03,,True,TRAIN
BRK01933,RECON-DAILY,2026-08-02,TRADE,TRADE_PRICE_MISMATCH,Confirmed price differs from booked price,INTERNAL_BOOK,EXTERNAL_CONFIRMATION,TRD103860,TRD103860,1184.14,1198.02,,price,P2,OPEN,0,KOTAK-CUST,EQ-CORE-01,,True,TRAIN
BRK01934,RECON-DAILY,2026-08-13,TRADE,CONF_MISSING,External confirmation never received,INTERNAL_BOOK,EXTERNAL_CONFIRMATION,TRD103861,TRD103861,TRD103861,,,confirmation,P0,OPEN,0,NOMURA-BROKER,EQ-CORE-02,,True,TRAIN
BRK01935,RECON-DAILY,2026-08-08,CASH,CASH_DUPLICATE_ENTRY,Same cash movement posted twice,INTERNAL_BOOK,CUSTODIAN_CONFIRM,TRD103862,TRD103862,258375.0,516750.0,,"amount,cash_id",P1,OPEN,0,DEUTSCHE-BROKER,EQ-CORE-01,,False,TRAIN
BRK01936,RECON-DAILY,2026-08-03,POSITION,POS_TIMING_DIFFERENCE,"Timing difference - quantities agree, as-of dates don't (expected to self-resolve)",INTERNAL_BOOK,CUSTODIAN_CONFIRM,TRD103863,TRD103863,2026-08-03,2026-08-04,,as_of_date,P2,OPEN,0,HDFC-CUST,EQ-CORE-01,,False,TRAIN
BRK01937,RECON-DAILY,2026-08-11,CASH,CASH_FX_INPUT_DIFFERENCE,Cash posted in a different currency / at a stale or incorrect FX rate,INTERNAL_BOOK,CUSTODIAN_CONFIRM,TRD103864,TRD103864,295062.5,283260.0,,"amount,currency",P2,OPEN,0,MORGANSTANLEY-BROKER,EQ-ALPHA-03,,False,TEST
BRK01938,RECON-DAILY,2026-08-08,TRADE,TRADE_PRICE_MISMATCH,Confirmed price differs from booked price,INTERNAL_BOOK,EXTERNAL_CONFIRMATION,TRD103866,TRD103866,1181.94,1210.37,,price,P2,OPEN,0,KOTAK-CUST,EQ-CORE-02,,True,TEST
BRK01939,RECON-DAILY,2026-08-04,POSITION,POS_TIMING_DIFFERENCE,"Timing difference - quantities agree, as-of dates don't (expected to self-resolve)",INTERNAL_BOOK,CUSTODIAN_CONFIRM,TRD103869,TRD103869,2026-08-04,2026-08-05,,as_of_date,P2,OPEN,0,MORGANSTANLEY-BROKER,EQ-ALPHA-03,,True,TRAIN
BRK01940,RECON-DAILY,2026-08-13,POSITION,CA_INCORRECT_ENTITLEMENT,Corporate action entitlement calculated incorrectly (wrong ratio applied),INTERNAL_BOOK,CUSTODIAN_CONFIRM,TRD103871,TRD103871,1500,1725,,actual_quantity,P1,OPEN,0,NOMURA-BROKER,EQ-CORE-02,MANDATORY,True,TRAIN
BRK01941,RECON-DAILY,2026-08-14,POSITION,POS_TIMING_DIFFERENCE,"Timing difference - quantities agree, as-of dates don't (expected to self-resolve)",INTERNAL_BOOK,CUSTODIAN_CONFIRM,TRD103872,TRD103872,2026-08-14,2026-08-15,,as_of_date,P2,OPEN,0,NOMURA-BROKER,EQ-INDEX-04,,True,TRAIN
BRK01942,RECON-DAILY,2026-08-05,SETTLEMENT,SETL_MISSING_INSTRUCTION,No settlement instruction was ever issued,INTERNAL_BOOK,CUSTODIAN_CONFIRM,TRD103874,TRD103874,INSTRUCTED,MISSING,,instruction_status,P0,OPEN,0,MORGANSTANLEY-BROKER,EQ-ALPHA-03,,True,TRAIN
BRK01943,RECON-DAILY,2026-08-16,SETTLEMENT,SETL_LATE_COUNTERPARTY,Counterparty has not settled by the expected date,INTERNAL_BOOK,CUSTODIAN_CONFIRM,TRD103875,TRD103875,2026-08-16,2026-08-20,,"settlement_date,settlement_status",P1,OPEN,0,DEUTSCHE-BROKER,EQ-INDEX-04,,True,TRAIN
BRK01944,RECON-DAILY,2026-08-13,TRADE,TRADE_DATE_MISMATCH,Confirmed trade date differs from booked trade date,INTERNAL_BOOK,EXTERNAL_CONFIRMATION,TRD103876,TRD103876,2026-08-12,2026-08-13,,trade_date,P2,OPEN,0,HDFC-CUST,EQ-INDEX-04,,True,TRAIN
BRK01945,RECON-DAILY,2026-08-20,POSITION,POS_TIMING_DIFFERENCE,"Timing difference - quantities agree, as-of dates don't (expected to self-resolve)",INTERNAL_BOOK,CUSTODIAN_CONFIRM,TRD103877,TRD103877,2026-08-20,2026-08-21,,as_of_date,P2,OPEN,0,HDFC-CUST,EQ-CORE-01,,False,TRAIN
BRK01946,RECON-DAILY,2026-08-04,TRADE,TRADE_DATE_MISMATCH,Confirmed trade date differs from booked trade date,INTERNAL_BOOK,EXTERNAL_CONFIRMATION,TRD103878,TRD103878,2026-08-03,2026-08-04,,trade_date,P2,OPEN,0,NOMURA-BROKER,EQ-CORE-01,,True,TRAIN
BRK01947,RECON-DAILY,2026-08-17,POSITION,CA_MANDATORY_NOT_REFLECTED,"Mandatory corporate action (split/bonus) not yet reflected externally - mechanical, auto-correctable",INTERNAL_BOOK,CUSTODIAN_CONFIRM,TRD103880,TRD103880,2250,1500,,actual_quantity,P1,OPEN,0,NOMURA-BROKER,EQ-INDEX-04,MANDATORY,True,TRAIN
BRK01948,RECON-DAILY,2026-08-08,CASH,CASH_MISSING_ENTRY,Expected cash movement never posted,INTERNAL_BOOK,CUSTODIAN_CONFIRM,TRD103881,TRD103881,421260.0,,,amount,P0,OPEN,0,NOMURA-BROKER,EQ-INDEX-04,,False,TRAIN
BRK01949,RECON-DAILY,2026-08-08,TRADE,CONF_DISAGREEMENT,External confirmation received but disagrees with the booking on multiple fields,INTERNAL_BOOK,EXTERNAL_CONFIRMATION,TRD103884,TRD103884,"qty=250,price=12993.79","qty=325,price=13130.65",,"quantity,price",P1,OPEN,0,ICICI-CUST,EQ-CORE-01,,True,TEST
BRK01950,RECON-DAILY,2026-08-17,SETTLEMENT,SETL_MISSING_INSTRUCTION,No settlement instruction was ever issued,INTERNAL_BOOK,CUSTODIAN_CONFIRM,TRD103887,TRD103887,INSTRUCTED,MISSING,,instruction_status,P0,OPEN,0,MORGANSTANLEY-BROKER,EQ-ALPHA-03,,True,TRAIN
BRK01951,RECON-DAILY,2026-08-17,POSITION,CA_MANDATORY_NOT_REFLECTED,"Mandatory corporate action (split/bonus) not yet reflected externally - mechanical, auto-correctable",INTERNAL_BOOK,CUSTODIAN_CONFIRM,TRD103888,TRD103888,750,500,,actual_quantity,P1,OPEN,0,DEUTSCHE-BROKER,EQ-ALPHA-03,MANDATORY,True,TRAIN
BRK01952,RECON-DAILY,2026-08-18,TRADE,CONF_DISAGREEMENT,External confirmation received but disagrees with the booking on multiple fields,INTERNAL_BOOK,EXTERNAL_CONFIRMATION,TRD103889,TRD103889,"qty=1000,price=173.13","qty=1075,price=175.38",,"quantity,price",P1,OPEN,0,HDFC-CUST,EQ-CORE-01,,True,TRAIN
BRK01953,RECON-DAILY,2026-08-09,CASH,CASH_WRONG_AMOUNT,Cash amount posted differs from expected trade value by a non-round amount,INTERNAL_BOOK,CUSTODIAN_CONFIRM,TRD103893,TRD103893,843240.0,935996.4,,amount,P1,OPEN,0,DEUTSCHE-BROKER,EQ-ALPHA-03,,False,TRAIN
BRK01954,RECON-DAILY,2026-08-10,CASH,CASH_DUPLICATE_ENTRY,Same cash movement posted twice,INTERNAL_BOOK,CUSTODIAN_CONFIRM,TRD103895,TRD103895,1764345.0,3528690.0,,"amount,cash_id",P1,OPEN,0,MORGANSTANLEY-BROKER,EQ-ALPHA-03,,False,TRAIN
BRK01955,RECON-DAILY,2026-08-15,CASH,CASH_WRONG_AMOUNT,Cash amount posted differs from expected trade value by a non-round amount,INTERNAL_BOOK,CUSTODIAN_CONFIRM,TRD103896,TRD103896,2583582.0,2351059.62,,amount,P1,OPEN,0,NOMURA-BROKER,EQ-CORE-02,,False,TRAIN
BRK01956,RECON-DAILY,2026-08-15,POSITION,POS_MISSING_BOOKING,Missing upstream booking - position never reflected externally,INTERNAL_BOOK,CUSTODIAN_CONFIRM,TRD103899,TRD103899,250,0,,actual_quantity,P0,OPEN,0,NOMURA-BROKER,EQ-INDEX-04,,False,TRAIN
BRK01957,RECON-DAILY,2026-08-02,SETTLEMENT,SETL_MISSING_INSTRUCTION,No settlement instruction was ever issued,INTERNAL_BOOK,CUSTODIAN_CONFIRM,TRD103900,TRD103900,INSTRUCTED,MISSING,,instruction_status,P0,OPEN,0,MORGANSTANLEY-BROKER,EQ-INDEX-04,,True,TRAIN
BRK01958,RECON-DAILY,2026-08-04,TRADE,TRADE_COUNTERPARTY_ID_MISMATCH,Confirmed counterparty identifier differs from booked counterparty,INTERNAL_BOOK,EXTERNAL_CONFIRMATION,TRD103901,TRD103901,HDFC-CUST,MORGANSTANLEY-BROKER,,counterparty,P1,OPEN,0,HDFC-CUST,EQ-CORE-01,,True,TRAIN
BRK01959,RECON-DAILY,2026-08-07,CASH,CASH_MISSING_ENTRY,Expected cash movement never posted,INTERNAL_BOOK,CUSTODIAN_CONFIRM,TRD103902,TRD103902,1697180.0,,,amount,P0,OPEN,0,HDFC-CUST,EQ-CORE-02,,True,TRAIN
BRK01960,RECON-DAILY,2026-08-08,POSITION,POS_TIMING_DIFFERENCE,"Timing difference - quantities agree, as-of dates don't (expected to self-resolve)",INTERNAL_BOOK,CUSTODIAN_CONFIRM,TRD103905,TRD103905,2026-08-08,2026-08-09,,as_of_date,P2,OPEN,0,HDFC-CUST,EQ-CORE-02,,False,TRAIN
BRK01961,RECON-DAILY,2026-08-06,POSITION,POS_TIMING_DIFFERENCE,"Timing difference - quantities agree, as-of dates don't (expected to self-resolve)",INTERNAL_BOOK,CUSTODIAN_CONFIRM,TRD103906,TRD103906,2026-08-06,2026-08-07,,as_of_date,P2,OPEN,0,HDFC-CUST,EQ-CORE-02,,False,TRAIN
BRK01962,RECON-DAILY,2026-08-20,SETTLEMENT,SETL_LATE_COUNTERPARTY,Counterparty has not settled by the expected date,INTERNAL_BOOK,CUSTODIAN_CONFIRM,TRD103907,TRD103907,2026-08-20,2026-08-25,,"settlement_date,settlement_status",P1,OPEN,0,NOMURA-BROKER,EQ-ALPHA-03,,True,TEST
BRK01963,RECON-DAILY,2026-08-18,SETTLEMENT,SETL_MISSING_INSTRUCTION,No settlement instruction was ever issued,INTERNAL_BOOK,CUSTODIAN_CONFIRM,TRD103909,TRD103909,INSTRUCTED,MISSING,,instruction_status,P0,OPEN,0,DEUTSCHE-BROKER,EQ-CORE-02,,True,TRAIN
BRK01964,RECON-DAILY,2026-08-06,CASH,CASH_DUPLICATE_ENTRY,Same cash movement posted twice,INTERNAL_BOOK,CUSTODIAN_CONFIRM,TRD103910,TRD103910,828176.0,1656352.0,,"amount,cash_id",P1,OPEN,0,ICICI-CUST,EQ-CORE-01,,True,TRAIN
BRK01965,RECON-DAILY,2026-08-10,CASH,CASH_WRONG_AMOUNT,Cash amount posted differs from expected trade value by a non-round amount,INTERNAL_BOOK,CUSTODIAN_CONFIRM,TRD103911,TRD103911,2749800.0,2254836.0,,amount,P1,OPEN,0,MORGANSTANLEY-BROKER,EQ-CORE-02,,False,TEST
BRK01966,RECON-DAILY,2026-08-16,CASH,CASH_FX_INPUT_DIFFERENCE,Cash posted in a different currency / at a stale or incorrect FX rate,INTERNAL_BOOK,CUSTODIAN_CONFIRM,TRD103912,TRD103912,1371740.0,1399174.8,,"amount,currency",P2,OPEN,0,NOMURA-BROKER,EQ-INDEX-04,,False,TRAIN
BRK01967,RECON-DAILY,2026-08-19,SETTLEMENT,SETL_MISSING_INSTRUCTION,No settlement instruction was ever issued,INTERNAL_BOOK,CUSTODIAN_CONFIRM,TRD103913,TRD103913,INSTRUCTED,MISSING,,instruction_status,P0,OPEN,0,MORGANSTANLEY-BROKER,EQ-INDEX-04,,True,TRAIN
BRK01968,RECON-DAILY,2026-08-04,POSITION,POS_WRONG_QUANTITY,Wrong quantity - external position differs by a non-round amount,INTERNAL_BOOK,CUSTODIAN_CONFIRM,TRD103917,TRD103917,1000,870,,actual_quantity,P1,OPEN,0,MORGANSTANLEY-BROKER,EQ-CORE-02,,True,TEST
BRK01969,RECON-DAILY,2026-08-22,POSITION,POS_TIMING_DIFFERENCE,"Timing difference - quantities agree, as-of dates don't (expected to self-resolve)",INTERNAL_BOOK,CUSTODIAN_CONFIRM,TRD103920,TRD103920,2026-08-22,2026-08-23,,as_of_date,P2,OPEN,0,ICICI-CUST,EQ-CORE-01,,False,TRAIN
BRK01970,RECON-DAILY,2026-08-13,POSITION,CA_MANDATORY_NOT_REFLECTED,"Mandatory corporate action (split/bonus) not yet reflected externally - mechanical, auto-correctable",INTERNAL_BOOK,CUSTODIAN_CONFIRM,TRD103921,TRD103921,1500,750,,actual_quantity,P1,OPEN,0,DEUTSCHE-BROKER,EQ-INDEX-04,MANDATORY,True,TRAIN
BRK01971,RECON-DAILY,2026-08-16,POSITION,CA_INCORRECT_ENTITLEMENT,Corporate action entitlement calculated incorrectly (wrong ratio applied),INTERNAL_BOOK,CUSTODIAN_CONFIRM,TRD103923,TRD103923,1000,1100,,actual_quantity,P1,OPEN,0,KOTAK-CUST,EQ-ALPHA-03,MANDATORY,True,TRAIN
BRK01972,RECON-DAILY,2026-08-17,SETTLEMENT,SETL_WRONG_SSI,Settlement instruction references the wrong SSI/beneficiary account - the payment-failure flagship scenario,INTERNAL_BOOK,CUSTODIAN_CONFIRM,TRD103925,TRD103925,SSI-DE-5510,SSI-JP-3389,,ssi_code,P0,OPEN,0,DEUTSCHE-BROKER,EQ-ALPHA-03,,True,TEST
BRK01973,RECON-DAILY,2026-08-05,SETTLEMENT,SETL_LATE_COUNTERPARTY,Counterparty has not settled by the expected date,INTERNAL_BOOK,CUSTODIAN_CONFIRM,TRD103927,TRD103927,2026-08-05,2026-08-10,,"settlement_date,settlement_status",P1,OPEN,0,DEUTSCHE-BROKER,EQ-CORE-01,,True,TEST
BRK01974,RECON-DAILY,2026-08-18,TRADE,TRADE_PRICE_MISMATCH,Confirmed price differs from booked price,INTERNAL_BOOK,EXTERNAL_CONFIRMATION,TRD103928,TRD103928,844.96,831.21,,price,P2,OPEN,0,DEUTSCHE-BROKER,EQ-CORE-01,,True,TRAIN
BRK01975,RECON-DAILY,2026-08-19,CASH,CASH_MISSING_ENTRY,Expected cash movement never posted,INTERNAL_BOOK,CUSTODIAN_CONFIRM,TRD103933,TRD103933,1694680.0,,,amount,P0,OPEN,0,KOTAK-CUST,EQ-CORE-02,,False,TRAIN
BRK01976,RECON-DAILY,2026-08-20,POSITION,POS_WRONG_QUANTITY,Wrong quantity - external position differs by a non-round amount,INTERNAL_BOOK,CUSTODIAN_CONFIRM,TRD103934,TRD103934,500,585,,actual_quantity,P1,OPEN,0,MORGANSTANLEY-BROKER,EQ-CORE-02,,False,TRAIN
BRK01977,RECON-DAILY,2026-08-16,TRADE,CONF_MISSING,External confirmation never received,INTERNAL_BOOK,EXTERNAL_CONFIRMATION,TRD103938,TRD103938,TRD103938,,,confirmation,P0,OPEN,0,HDFC-CUST,EQ-INDEX-04,,True,TRAIN
BRK01978,RECON-DAILY,2026-08-02,POSITION,POS_MISSING_BOOKING,Missing upstream booking - position never reflected externally,INTERNAL_BOOK,CUSTODIAN_CONFIRM,TRD103942,TRD103942,2000,0,,actual_quantity,P0,OPEN,0,NOMURA-BROKER,EQ-INDEX-04,,False,TRAIN
BRK01979,RECON-DAILY,2026-08-17,TRADE,TRADE_COUNTERPARTY_ID_MISMATCH,Confirmed counterparty identifier differs from booked counterparty,INTERNAL_BOOK,EXTERNAL_CONFIRMATION,TRD103943,TRD103943,DEUTSCHE-BROKER,KOTAK-CUST,,counterparty,P1,OPEN,0,DEUTSCHE-BROKER,EQ-INDEX-04,,True,TRAIN
BRK01980,RECON-DAILY,2026-08-16,POSITION,CA_MANDATORY_NOT_REFLECTED,"Mandatory corporate action (split/bonus) not yet reflected externally - mechanical, auto-correctable",INTERNAL_BOOK,CUSTODIAN_CONFIRM,TRD103948,TRD103948,3000,2000,,actual_quantity,P1,OPEN,0,DEUTSCHE-BROKER,EQ-CORE-01,MANDATORY,True,TEST
BRK01981,RECON-DAILY,2026-08-20,SETTLEMENT,SETL_MISSING_INSTRUCTION,No settlement instruction was ever issued,INTERNAL_BOOK,CUSTODIAN_CONFIRM,TRD103949,TRD103949,INSTRUCTED,MISSING,,instruction_status,P0,OPEN,0,NOMURA-BROKER,EQ-INDEX-04,,True,TRAIN
BRK01982,RECON-DAILY,2026-08-15,TRADE,CONF_MISSING,External confirmation never received,INTERNAL_BOOK,EXTERNAL_CONFIRMATION,TRD103950,TRD103950,TRD103950,,,confirmation,P0,OPEN,0,KOTAK-CUST,EQ-INDEX-04,,True,TEST
BRK01983,RECON-DAILY,2026-08-02,TRADE,TRADE_DATE_MISMATCH,Confirmed trade date differs from booked trade date,INTERNAL_BOOK,EXTERNAL_CONFIRMATION,TRD103952,TRD103952,2026-08-01,2026-08-02,,trade_date,P2,OPEN,0,ICICI-CUST,EQ-ALPHA-03,,True,TRAIN
BRK01984,RECON-DAILY,2026-08-14,CASH,CASH_WRONG_AMOUNT,Cash amount posted differs from expected trade value by a non-round amount,INTERNAL_BOOK,CUSTODIAN_CONFIRM,TRD103953,TRD103953,1424032.5,1808521.28,,amount,P1,OPEN,0,NOMURA-BROKER,EQ-ALPHA-03,,True,TRAIN
BRK01985,RECON-DAILY,2026-08-07,POSITION,CA_MANDATORY_NOT_REFLECTED,"Mandatory corporate action (split/bonus) not yet reflected externally - mechanical, auto-correctable",INTERNAL_BOOK,CUSTODIAN_CONFIRM,TRD103954,TRD103954,3000,2000,,actual_quantity,P1,OPEN,0,HDFC-CUST,EQ-CORE-01,MANDATORY,True,TRAIN
BRK01986,RECON-DAILY,2026-08-17,CASH,CASH_MISSING_ENTRY,Expected cash movement never posted,INTERNAL_BOOK,CUSTODIAN_CONFIRM,TRD103956,TRD103956,2856010.0,,,amount,P0,OPEN,0,NOMURA-BROKER,EQ-CORE-02,,False,TRAIN
BRK01987,RECON-DAILY,2026-08-02,CASH,CASH_WRONG_AMOUNT,Cash amount posted differs from expected trade value by a non-round amount,INTERNAL_BOOK,CUSTODIAN_CONFIRM,TRD103959,TRD103959,152465.0,193630.55,,amount,P1,OPEN,0,MORGANSTANLEY-BROKER,EQ-CORE-01,,False,TRAIN
BRK01988,RECON-DAILY,2026-08-08,TRADE,CONF_MISSING,External confirmation never received,INTERNAL_BOOK,EXTERNAL_CONFIRMATION,TRD103960,TRD103960,TRD103960,,,confirmation,P0,OPEN,0,NOMURA-BROKER,EQ-ALPHA-03,,True,TEST
BRK01989,RECON-DAILY,2026-08-19,POSITION,CA_VOLUNTARY_DECISION,"Voluntary corporate action (tender/conversion) pending an election - requires a human business decision, always escalated",INTERNAL_BOOK,CUSTODIAN_CONFIRM,TRD103961,TRD103961,1500,1000,,actual_quantity,P1,OPEN,0,HDFC-CUST,EQ-CORE-02,VOLUNTARY,True,TRAIN
BRK01990,RECON-DAILY,2026-08-04,CASH,CASH_WRONG_AMOUNT,Cash amount posted differs from expected trade value by a non-round amount,INTERNAL_BOOK,CUSTODIAN_CONFIRM,TRD103962,TRD103962,619520.0,687667.2,,amount,P1,OPEN,0,MORGANSTANLEY-BROKER,EQ-CORE-02,,True,TRAIN
BRK01991,RECON-DAILY,2026-08-04,TRADE,CONF_MISSING,External confirmation never received,INTERNAL_BOOK,EXTERNAL_CONFIRMATION,TRD103963,TRD103963,TRD103963,,,confirmation,P0,OPEN,0,KOTAK-CUST,EQ-INDEX-04,,True,TEST
BRK01992,RECON-DAILY,2026-08-14,POSITION,CA_VOLUNTARY_DECISION,"Voluntary corporate action (tender/conversion) pending an election - requires a human business decision, always escalated",INTERNAL_BOOK,CUSTODIAN_CONFIRM,TRD103964,TRD103964,3000,1500,,actual_quantity,P1,OPEN,0,KOTAK-CUST,EQ-CORE-02,VOLUNTARY,True,TRAIN
BRK01993,RECON-DAILY,2026-08-17,POSITION,CA_VOLUNTARY_DECISION,"Voluntary corporate action (tender/conversion) pending an election - requires a human business decision, always escalated",INTERNAL_BOOK,CUSTODIAN_CONFIRM,TRD103965,TRD103965,750,500,,actual_quantity,P1,OPEN,0,NOMURA-BROKER,EQ-CORE-02,VOLUNTARY,True,TRAIN
BRK01994,RECON-DAILY,2026-08-20,TRADE,TRADE_QUANTITY_MISMATCH,Confirmed quantity differs from booked quantity,INTERNAL_BOOK,EXTERNAL_CONFIRMATION,TRD103967,TRD103967,1000,950,,quantity,P1,OPEN,0,HDFC-CUST,EQ-INDEX-04,,True,TRAIN
BRK01995,RECON-DAILY,2026-08-03,POSITION,CA_INCORRECT_ENTITLEMENT,Corporate action entitlement calculated incorrectly (wrong ratio applied),INTERNAL_BOOK,CUSTODIAN_CONFIRM,TRD103968,TRD103968,200,220,,actual_quantity,P1,OPEN,0,NOMURA-BROKER,EQ-CORE-02,MANDATORY,True,TRAIN
BRK01996,RECON-DAILY,2026-08-04,POSITION,CA_MANDATORY_NOT_REFLECTED,"Mandatory corporate action (split/bonus) not yet reflected externally - mechanical, auto-correctable",INTERNAL_BOOK,CUSTODIAN_CONFIRM,TRD103969,TRD103969,4500,1500,,actual_quantity,P1,OPEN,0,KOTAK-CUST,EQ-INDEX-04,MANDATORY,True,TRAIN
BRK01997,RECON-DAILY,2026-08-19,CASH,CASH_WRONG_AMOUNT,Cash amount posted differs from expected trade value by a non-round amount,INTERNAL_BOOK,CUSTODIAN_CONFIRM,TRD103970,TRD103970,169270.0,138801.4,,amount,P1,OPEN,0,KOTAK-CUST,EQ-ALPHA-03,,False,TEST
BRK01998,RECON-DAILY,2026-08-12,TRADE,TRADE_DATE_MISMATCH,Confirmed trade date differs from booked trade date,INTERNAL_BOOK,EXTERNAL_CONFIRMATION,TRD103972,TRD103972,2026-08-11,2026-08-12,,trade_date,P2,OPEN,0,DEUTSCHE-BROKER,EQ-CORE-02,,True,TRAIN
BRK01999,RECON-DAILY,2026-08-04,POSITION,CA_MANDATORY_NOT_REFLECTED,"Mandatory corporate action (split/bonus) not yet reflected externally - mechanical, auto-correctable",INTERNAL_BOOK,CUSTODIAN_CONFIRM,TRD103973,TRD103973,750,500,,actual_quantity,P1,OPEN,0,ICICI-CUST,EQ-CORE-01,MANDATORY,True,TRAIN
BRK02000,RECON-DAILY,2026-08-20,POSITION,CA_MANDATORY_NOT_REFLECTED,"Mandatory corporate action (split/bonus) not yet reflected externally - mechanical, auto-correctable",INTERNAL_BOOK,CUSTODIAN_CONFIRM,TRD103980,TRD103980,400,200,,actual_quantity,P1,OPEN,0,KOTAK-CUST,EQ-INDEX-04,MANDATORY,True,TRAIN
BRK02001,RECON-DAILY,2026-08-05,CASH,CASH_MISSING_ENTRY,Expected cash movement never posted,INTERNAL_BOOK,CUSTODIAN_CONFIRM,TRD103984,TRD103984,378278.0,,,amount,P0,OPEN,0,NOMURA-BROKER,EQ-ALPHA-03,,False,TRAIN
BRK02002,RECON-DAILY,2026-08-17,TRADE,TRADE_DATE_MISMATCH,Confirmed trade date differs from booked trade date,INTERNAL_BOOK,EXTERNAL_CONFIRMATION,TRD103985,TRD103985,2026-08-16,2026-08-17,,trade_date,P2,OPEN,0,DEUTSCHE-BROKER,EQ-ALPHA-03,,True,TRAIN
BRK02003,RECON-DAILY,2026-08-06,CASH,CASH_MISSING_ENTRY,Expected cash movement never posted,INTERNAL_BOOK,CUSTODIAN_CONFIRM,TRD103987,TRD103987,7358740.0,,,amount,P0,OPEN,0,NOMURA-BROKER,EQ-CORE-02,,False,TRAIN
BRK02004,RECON-DAILY,2026-08-22,TRADE,TRADE_COUNTERPARTY_ID_MISMATCH,Confirmed counterparty identifier differs from booked counterparty,INTERNAL_BOOK,EXTERNAL_CONFIRMATION,TRD103989,TRD103989,HDFC-CUST,MORGANSTANLEY-BROKER,,counterparty,P1,OPEN,0,HDFC-CUST,EQ-INDEX-04,,True,TRAIN
BRK02005,RECON-DAILY,2026-08-15,POSITION,POS_MISSING_BOOKING,Missing upstream booking - position never reflected externally,INTERNAL_BOOK,CUSTODIAN_CONFIRM,TRD103990,TRD103990,250,0,,actual_quantity,P0,OPEN,0,DEUTSCHE-BROKER,EQ-INDEX-04,,False,TRAIN
BRK02006,RECON-DAILY,2026-08-14,POSITION,POS_TIMING_DIFFERENCE,"Timing difference - quantities agree, as-of dates don't (expected to self-resolve)",INTERNAL_BOOK,CUSTODIAN_CONFIRM,TRD103991,TRD103991,2026-08-14,2026-08-15,,as_of_date,P2,OPEN,0,ICICI-CUST,EQ-INDEX-04,,False,TEST
BRK02007,RECON-DAILY,2026-08-22,TRADE,TRADE_PRICE_MISMATCH,Confirmed price differs from booked price,INTERNAL_BOOK,EXTERNAL_CONFIRMATION,TRD103992,TRD103992,1891.25,1851.65,,price,P2,OPEN,0,MORGANSTANLEY-BROKER,EQ-CORE-01,,True,TRAIN
BRK02008,RECON-DAILY,2026-08-20,CASH,CASH_FX_INPUT_DIFFERENCE,Cash posted in a different currency / at a stale or incorrect FX rate,INTERNAL_BOOK,CUSTODIAN_CONFIRM,TRD103993,TRD103993,622315.0,578752.95,,"amount,currency",P2,OPEN,0,MORGANSTANLEY-BROKER,EQ-CORE-01,,False,TRAIN
BRK02009,RECON-DAILY,2026-08-04,POSITION,CA_INCORRECT_ENTITLEMENT,Corporate action entitlement calculated incorrectly (wrong ratio applied),INTERNAL_BOOK,CUSTODIAN_CONFIRM,TRD103996,TRD103996,300,270,,actual_quantity,P1,OPEN,0,NOMURA-BROKER,EQ-ALPHA-03,MANDATORY,True,TRAIN
BRK02010,RECON-DAILY,2026-08-16,CASH,CASH_FX_INPUT_DIFFERENCE,Cash posted in a different currency / at a stale or incorrect FX rate,INTERNAL_BOOK,CUSTODIAN_CONFIRM,TRD103999,TRD103999,169178.0,162410.88,,"amount,currency",P2,OPEN,0,ICICI-CUST,EQ-CORE-01,,True,TEST
BRK02011,RECON-DAILY,2026-08-22,CASH,CASH_MISSING_ENTRY,Expected cash movement never posted,INTERNAL_BOOK,CUSTODIAN_CONFIRM,TRD104000,TRD104000,5494800.0,,,amount,P0,OPEN,0,KOTAK-CUST,EQ-CORE-01,,False,TEST
BRK02012,RECON-DAILY,2026-08-21,TRADE,CONF_MISSING,External confirmation never received,INTERNAL_BOOK,EXTERNAL_CONFIRMATION,TRD104001,TRD104001,TRD104001,,,confirmation,P0,OPEN,0,NOMURA-BROKER,EQ-CORE-02,,True,TRAIN
BRK02013,RECON-DAILY,2026-08-02,TRADE,TRADE_COUNTERPARTY_ID_MISMATCH,Confirmed counterparty identifier differs from booked counterparty,INTERNAL_BOOK,EXTERNAL_CONFIRMATION,TRD104003,TRD104003,ICICI-CUST,MORGANSTANLEY-BROKER,,counterparty,P1,OPEN,0,ICICI-CUST,EQ-CORE-01,,True,TRAIN
BRK02014,RECON-DAILY,2026-08-18,POSITION,POS_MISSING_BOOKING,Missing upstream booking - position never reflected externally,INTERNAL_BOOK,CUSTODIAN_CONFIRM,TRD104004,TRD104004,100,0,,actual_quantity,P0,OPEN,0,DEUTSCHE-BROKER,EQ-CORE-01,,False,TRAIN
BRK02015,RECON-DAILY,2026-08-02,SETTLEMENT,SETL_INCORRECT_DATE,Settlement recorded against the wrong date (holiday-calendar-style off-by-one),INTERNAL_BOOK,CUSTODIAN_CONFIRM,TRD104005,TRD104005,2026-08-02,2026-08-03,,settlement_date,P2,OPEN,0,DEUTSCHE-BROKER,EQ-ALPHA-03,,True,TRAIN
BRK02016,RECON-DAILY,2026-08-08,POSITION,POS_MISSING_BOOKING,Missing upstream booking - position never reflected externally,INTERNAL_BOOK,CUSTODIAN_CONFIRM,TRD104006,TRD104006,250,0,,actual_quantity,P0,OPEN,0,DEUTSCHE-BROKER,EQ-CORE-02,,False,TEST
BRK02017,RECON-DAILY,2026-08-03,TRADE,TRADE_PRICE_MISMATCH,Confirmed price differs from booked price,INTERNAL_BOOK,EXTERNAL_CONFIRMATION,TRD104007,TRD104007,1953.44,1991.97,,price,P2,OPEN,0,ICICI-CUST,EQ-INDEX-04,,True,TRAIN
BRK02018,RECON-DAILY,2026-08-17,TRADE,CONF_MISSING,External confirmation never received,INTERNAL_BOOK,EXTERNAL_CONFIRMATION,TRD104009,TRD104009,TRD104009,,,confirmation,P0,OPEN,0,NOMURA-BROKER,EQ-ALPHA-03,,True,TRAIN
BRK02019,RECON-DAILY,2026-08-04,TRADE,CONF_DISAGREEMENT,External confirmation received but disagrees with the booking on multiple fields,INTERNAL_BOOK,EXTERNAL_CONFIRMATION,TRD104010,TRD104010,"qty=1000,price=610.32","qty=1075,price=616.6",,"quantity,price",P1,OPEN,0,NOMURA-BROKER,EQ-ALPHA-03,,True,TRAIN
BRK02020,RECON-DAILY,2026-08-18,POSITION,POS_MISSING_BOOKING,Missing upstream booking - position never reflected externally,INTERNAL_BOOK,CUSTODIAN_CONFIRM,TRD104014,TRD104014,1500,0,,actual_quantity,P0,OPEN,0,HDFC-CUST,EQ-ALPHA-03,,False,TRAIN
BRK02021,RECON-DAILY,2026-08-17,POSITION,POS_TIMING_DIFFERENCE,"Timing difference - quantities agree, as-of dates don't (expected to self-resolve)",INTERNAL_BOOK,CUSTODIAN_CONFIRM,TRD104016,TRD104016,2026-08-17,2026-08-18,,as_of_date,P2,OPEN,0,HDFC-CUST,EQ-INDEX-04,,False,TRAIN
BRK02022,RECON-DAILY,2026-08-02,SETTLEMENT,SETL_LATE_COUNTERPARTY,Counterparty has not settled by the expected date,INTERNAL_BOOK,CUSTODIAN_CONFIRM,TRD104018,TRD104018,2026-08-02,2026-08-05,,"settlement_date,settlement_status",P1,OPEN,0,MORGANSTANLEY-BROKER,EQ-ALPHA-03,,True,TRAIN
BRK02023,RECON-DAILY,2026-08-19,CASH,CASH_DUPLICATE_ENTRY,Same cash movement posted twice,INTERNAL_BOOK,CUSTODIAN_CONFIRM,TRD104022,TRD104022,61094.0,122188.0,,"amount,cash_id",P1,OPEN,0,KOTAK-CUST,EQ-INDEX-04,,True,TRAIN
BRK02024,RECON-DAILY,2026-08-16,CASH,CASH_WRONG_AMOUNT,Cash amount posted differs from expected trade value by a non-round amount,INTERNAL_BOOK,CUSTODIAN_CONFIRM,TRD104024,TRD104024,118257.0,150186.39,,amount,P1,OPEN,0,HDFC-CUST,EQ-INDEX-04,,False,TRAIN
BRK02025,RECON-DAILY,2026-08-22,TRADE,TRADE_COUNTERPARTY_ID_MISMATCH,Confirmed counterparty identifier differs from booked counterparty,INTERNAL_BOOK,EXTERNAL_CONFIRMATION,TRD104027,TRD104027,ICICI-CUST,NOMURA-BROKER,,counterparty,P1,OPEN,0,ICICI-CUST,EQ-ALPHA-03,,True,TRAIN
BRK02026,RECON-DAILY,2026-08-16,SETTLEMENT,SETL_MISSING_INSTRUCTION,No settlement instruction was ever issued,INTERNAL_BOOK,CUSTODIAN_CONFIRM,TRD104029,TRD104029,INSTRUCTED,MISSING,,instruction_status,P0,OPEN,0,MORGANSTANLEY-BROKER,EQ-ALPHA-03,,True,TEST
BRK02027,RECON-DAILY,2026-08-21,POSITION,CA_VOLUNTARY_DECISION,"Voluntary corporate action (tender/conversion) pending an election - requires a human business decision, always escalated",INTERNAL_BOOK,CUSTODIAN_CONFIRM,TRD104030,TRD104030,750,500,,actual_quantity,P1,OPEN,0,KOTAK-CUST,EQ-CORE-02,VOLUNTARY,True,TRAIN
BRK02028,RECON-DAILY,2026-08-09,POSITION,CA_INCORRECT_ENTITLEMENT,Corporate action entitlement calculated incorrectly (wrong ratio applied),INTERNAL_BOOK,CUSTODIAN_CONFIRM,TRD104031,TRD104031,600,640,,actual_quantity,P1,OPEN,0,NOMURA-BROKER,EQ-ALPHA-03,MANDATORY,True,TRAIN
BRK02029,RECON-DAILY,2026-08-17,TRADE,TRADE_DATE_MISMATCH,Confirmed trade date differs from booked trade date,INTERNAL_BOOK,EXTERNAL_CONFIRMATION,TRD104034,TRD104034,2026-08-16,2026-08-17,,trade_date,P2,OPEN,0,HDFC-CUST,EQ-CORE-02,,True,TRAIN
BRK02030,RECON-DAILY,2026-08-12,TRADE,TRADE_COUNTERPARTY_ID_MISMATCH,Confirmed counterparty identifier differs from booked counterparty,INTERNAL_BOOK,EXTERNAL_CONFIRMATION,TRD104036,TRD104036,ICICI-CUST,DEUTSCHE-BROKER,,counterparty,P1,OPEN,0,ICICI-CUST,EQ-CORE-01,,True,TEST
BRK02031,RECON-DAILY,2026-08-06,POSITION,POS_TIMING_DIFFERENCE,"Timing difference - quantities agree, as-of dates don't (expected to self-resolve)",INTERNAL_BOOK,CUSTODIAN_CONFIRM,TRD104040,TRD104040,2026-08-06,2026-08-07,,as_of_date,P2,OPEN,0,ICICI-CUST,EQ-ALPHA-03,,False,TEST
BRK02032,RECON-DAILY,2026-08-10,TRADE,TRADE_DATE_MISMATCH,Confirmed trade date differs from booked trade date,INTERNAL_BOOK,EXTERNAL_CONFIRMATION,TRD104042,TRD104042,2026-08-09,2026-08-10,,trade_date,P2,OPEN,0,MORGANSTANLEY-BROKER,EQ-CORE-01,,True,TRAIN
BRK02033,RECON-DAILY,2026-08-08,TRADE,CONF_MISSING,External confirmation never received,INTERNAL_BOOK,EXTERNAL_CONFIRMATION,TRD104047,TRD104047,TRD104047,,,confirmation,P0,OPEN,0,KOTAK-CUST,EQ-CORE-02,,True,TRAIN
BRK02034,RECON-DAILY,2026-08-04,CASH,CASH_MISSING_ENTRY,Expected cash movement never posted,INTERNAL_BOOK,CUSTODIAN_CONFIRM,TRD104048,TRD104048,1245150.0,,,amount,P0,OPEN,0,NOMURA-BROKER,EQ-ALPHA-03,,True,TRAIN
BRK02035,RECON-DAILY,2026-08-09,TRADE,TRADE_QUANTITY_MISMATCH,Confirmed quantity differs from booked quantity,INTERNAL_BOOK,EXTERNAL_CONFIRMATION,TRD104049,TRD104049,250,350,,quantity,P1,OPEN,0,DEUTSCHE-BROKER,EQ-ALPHA-03,,True,TRAIN
BRK02036,RECON-DAILY,2026-08-04,SETTLEMENT,SETL_MISSING_INSTRUCTION,No settlement instruction was ever issued,INTERNAL_BOOK,CUSTODIAN_CONFIRM,TRD104053,TRD104053,INSTRUCTED,MISSING,,instruction_status,P0,OPEN,0,MORGANSTANLEY-BROKER,EQ-CORE-02,,True,TRAIN
BRK02037,RECON-DAILY,2026-08-13,POSITION,POS_WRONG_QUANTITY,Wrong quantity - external position differs by a non-round amount,INTERNAL_BOOK,CUSTODIAN_CONFIRM,TRD104054,TRD104054,1500,1755,,actual_quantity,P1,OPEN,0,HDFC-CUST,EQ-CORE-01,,True,TRAIN
BRK02038,RECON-DAILY,2026-08-20,TRADE,TRADE_DATE_MISMATCH,Confirmed trade date differs from booked trade date,INTERNAL_BOOK,EXTERNAL_CONFIRMATION,TRD104055,TRD104055,2026-08-19,2026-08-20,,trade_date,P2,OPEN,0,DEUTSCHE-BROKER,EQ-INDEX-04,,True,TRAIN
BRK02039,RECON-DAILY,2026-08-15,POSITION,CA_INCORRECT_ENTITLEMENT,Corporate action entitlement calculated incorrectly (wrong ratio applied),INTERNAL_BOOK,CUSTODIAN_CONFIRM,TRD104058,TRD104058,750,825,,actual_quantity,P1,OPEN,0,HDFC-CUST,EQ-CORE-01,MANDATORY,True,TRAIN
BRK02040,RECON-DAILY,2026-08-21,CASH,CASH_WRONG_AMOUNT,Cash amount posted differs from expected trade value by a non-round amount,INTERNAL_BOOK,CUSTODIAN_CONFIRM,TRD104059,TRD104059,1217380.0,1351291.8,,amount,P1,OPEN,0,HDFC-CUST,EQ-CORE-02,,False,TRAIN
BRK02041,RECON-DAILY,2026-08-17,SETTLEMENT,SETL_WRONG_SSI,Settlement instruction references the wrong SSI/beneficiary account - the payment-failure flagship scenario,INTERNAL_BOOK,CUSTODIAN_CONFIRM,TRD104061,TRD104061,SSI-IN-0091,SSI-US-7742,,ssi_code,P0,OPEN,0,ICICI-CUST,EQ-CORE-01,,True,TRAIN
BRK02042,RECON-DAILY,2026-08-08,POSITION,POS_MISSING_BOOKING,Missing upstream booking - position never reflected externally,INTERNAL_BOOK,CUSTODIAN_CONFIRM,TRD104063,TRD104063,200,0,,actual_quantity,P0,OPEN,0,ICICI-CUST,EQ-ALPHA-03,,True,TRAIN
BRK02043,RECON-DAILY,2026-08-03,SETTLEMENT,SETL_LATE_COUNTERPARTY,Counterparty has not settled by the expected date,INTERNAL_BOOK,CUSTODIAN_CONFIRM,TRD104066,TRD104066,2026-08-03,2026-08-06,,"settlement_date,settlement_status",P1,OPEN,0,HDFC-CUST,EQ-ALPHA-03,,True,TRAIN
BRK02044,RECON-DAILY,2026-08-16,SETTLEMENT,SETL_WRONG_SSI,Settlement instruction references the wrong SSI/beneficiary account - the payment-failure flagship scenario,INTERNAL_BOOK,CUSTODIAN_CONFIRM,TRD104068,TRD104068,SSI-JP-3389,SSI-IN-0091,,ssi_code,P0,OPEN,0,NOMURA-BROKER,EQ-ALPHA-03,,True,TRAIN
BRK02045,RECON-DAILY,2026-08-19,TRADE,TRADE_QUANTITY_MISMATCH,Confirmed quantity differs from booked quantity,INTERNAL_BOOK,EXTERNAL_CONFIRMATION,TRD104070,TRD104070,200,300,,quantity,P1,OPEN,0,NOMURA-BROKER,EQ-CORE-02,,True,TEST
BRK02046,RECON-DAILY,2026-08-19,TRADE,TRADE_QUANTITY_MISMATCH,Confirmed quantity differs from booked quantity,INTERNAL_BOOK,EXTERNAL_CONFIRMATION,TRD104072,TRD104072,1500,1600,,quantity,P1,OPEN,0,KOTAK-CUST,EQ-CORE-02,,True,TRAIN
BRK02047,RECON-DAILY,2026-08-08,TRADE,TRADE_PRICE_MISMATCH,Confirmed price differs from booked price,INTERNAL_BOOK,EXTERNAL_CONFIRMATION,TRD104074,TRD104074,1895.42,1918.68,,price,P2,OPEN,0,NOMURA-BROKER,EQ-CORE-01,,True,TRAIN
BRK02048,RECON-DAILY,2026-08-22,POSITION,CA_INCORRECT_ENTITLEMENT,Corporate action entitlement calculated incorrectly (wrong ratio applied),INTERNAL_BOOK,CUSTODIAN_CONFIRM,TRD104075,TRD104075,300,360,,actual_quantity,P1,OPEN,0,DEUTSCHE-BROKER,EQ-CORE-02,MANDATORY,True,TRAIN
BRK02049,RECON-DAILY,2026-08-16,CASH,CASH_MISSING_ENTRY,Expected cash movement never posted,INTERNAL_BOOK,CUSTODIAN_CONFIRM,TRD104077,TRD104077,2515320.0,,,amount,P0,OPEN,0,NOMURA-BROKER,EQ-ALPHA-03,,False,TEST
BRK02050,RECON-DAILY,2026-08-03,SETTLEMENT,SETL_WRONG_SSI,Settlement instruction references the wrong SSI/beneficiary account - the payment-failure flagship scenario,INTERNAL_BOOK,CUSTODIAN_CONFIRM,TRD104078,TRD104078,SSI-IN-0091,SSI-US-7742,,ssi_code,P0,OPEN,0,ICICI-CUST,EQ-ALPHA-03,,True,TRAIN
BRK02051,RECON-DAILY,2026-08-08,TRADE,TRADE_PRICE_MISMATCH,Confirmed price differs from booked price,INTERNAL_BOOK,EXTERNAL_CONFIRMATION,TRD104081,TRD104081,2734.73,2802.8,,price,P2,OPEN,0,DEUTSCHE-BROKER,EQ-CORE-01,,True,TRAIN
BRK02052,RECON-DAILY,2026-08-14,TRADE,CONF_MISSING,External confirmation never received,INTERNAL_BOOK,EXTERNAL_CONFIRMATION,TRD104084,TRD104084,TRD104084,,,confirmation,P0,OPEN,0,ICICI-CUST,EQ-CORE-02,,True,TRAIN
BRK02053,RECON-DAILY,2026-08-16,TRADE,TRADE_DATE_MISMATCH,Confirmed trade date differs from booked trade date,INTERNAL_BOOK,EXTERNAL_CONFIRMATION,TRD104085,TRD104085,2026-08-15,2026-08-16,,trade_date,P2,OPEN,0,DEUTSCHE-BROKER,EQ-CORE-01,,True,TEST
BRK02054,RECON-DAILY,2026-08-09,TRADE,CONF_MISSING,External confirmation never received,INTERNAL_BOOK,EXTERNAL_CONFIRMATION,TRD104086,TRD104086,TRD104086,,,confirmation,P0,OPEN,0,MORGANSTANLEY-BROKER,EQ-ALPHA-03,,True,TRAIN
BRK02055,RECON-DAILY,2026-08-16,TRADE,TRADE_QUANTITY_MISMATCH,Confirmed quantity differs from booked quantity,INTERNAL_BOOK,EXTERNAL_CONFIRMATION,TRD104088,TRD104088,1000,900,,quantity,P1,OPEN,0,ICICI-CUST,EQ-CORE-02,,True,TRAIN
BRK02056,RECON-DAILY,2026-08-03,TRADE,TRADE_DATE_MISMATCH,Confirmed trade date differs from booked trade date,INTERNAL_BOOK,EXTERNAL_CONFIRMATION,TRD104089,TRD104089,2026-08-02,2026-08-03,,trade_date,P2,OPEN,0,HDFC-CUST,EQ-CORE-02,,True,TEST
BRK02057,RECON-DAILY,2026-08-16,SETTLEMENT,SETL_LATE_COUNTERPARTY,Counterparty has not settled by the expected date,INTERNAL_BOOK,CUSTODIAN_CONFIRM,TRD104092,TRD104092,2026-08-16,2026-08-21,,"settlement_date,settlement_status",P1,OPEN,0,DEUTSCHE-BROKER,EQ-CORE-01,,True,TRAIN
BRK02058,RECON-DAILY,2026-08-11,TRADE,CONF_DISAGREEMENT,External confirmation received but disagrees with the booking on multiple fields,INTERNAL_BOOK,EXTERNAL_CONFIRMATION,TRD104093,TRD104093,"qty=200,price=1887.93","qty=125,price=1921.83",,"quantity,price",P1,OPEN,0,MORGANSTANLEY-BROKER,EQ-CORE-02,,True,TRAIN
BRK02059,RECON-DAILY,2026-08-15,SETTLEMENT,SETL_LATE_COUNTERPARTY,Counterparty has not settled by the expected date,INTERNAL_BOOK,CUSTODIAN_CONFIRM,TRD104094,TRD104094,2026-08-15,2026-08-20,,"settlement_date,settlement_status",P1,OPEN,0,HDFC-CUST,EQ-INDEX-04,,True,TRAIN
BRK02060,RECON-DAILY,2026-08-17,POSITION,CA_MANDATORY_NOT_REFLECTED,"Mandatory corporate action (split/bonus) not yet reflected externally - mechanical, auto-correctable",INTERNAL_BOOK,CUSTODIAN_CONFIRM,TRD104097,TRD104097,1125,750,,actual_quantity,P1,OPEN,0,NOMURA-BROKER,EQ-CORE-02,MANDATORY,True,TRAIN
BRK02061,RECON-DAILY,2026-08-07,SETTLEMENT,SETL_WRONG_SSI,Settlement instruction references the wrong SSI/beneficiary account - the payment-failure flagship scenario,INTERNAL_BOOK,CUSTODIAN_CONFIRM,TRD104099,TRD104099,SSI-DE-5510,SSI-JP-3389,,ssi_code,P0,OPEN,0,DEUTSCHE-BROKER,EQ-CORE-01,,True,TRAIN
BRK02062,RECON-DAILY,2026-08-03,CASH,CASH_WRONG_AMOUNT,Cash amount posted differs from expected trade value by a non-round amount,INTERNAL_BOOK,CUSTODIAN_CONFIRM,TRD104100,TRD104100,421870.0,345933.4,,amount,P1,OPEN,0,KOTAK-CUST,EQ-CORE-01,,True,TRAIN
BRK02063,RECON-DAILY,2026-08-04,CASH,CASH_WRONG_AMOUNT,Cash amount posted differs from expected trade value by a non-round amount,INTERNAL_BOOK,CUSTODIAN_CONFIRM,TRD104101,TRD104101,152707.5,138963.83,,amount,P1,OPEN,0,MORGANSTANLEY-BROKER,EQ-INDEX-04,,False,TRAIN
BRK02064,RECON-DAILY,2026-08-05,TRADE,TRADE_COUNTERPARTY_ID_MISMATCH,Confirmed counterparty identifier differs from booked counterparty,INTERNAL_BOOK,EXTERNAL_CONFIRMATION,TRD104102,TRD104102,MORGANSTANLEY-BROKER,ICICI-CUST,,counterparty,P1,OPEN,0,MORGANSTANLEY-BROKER,EQ-CORE-02,,True,TRAIN
BRK02065,RECON-DAILY,2026-08-20,TRADE,TRADE_COUNTERPARTY_ID_MISMATCH,Confirmed counterparty identifier differs from booked counterparty,INTERNAL_BOOK,EXTERNAL_CONFIRMATION,TRD104103,TRD104103,DEUTSCHE-BROKER,HDFC-CUST,,counterparty,P1,OPEN,0,DEUTSCHE-BROKER,EQ-CORE-01,,True,TRAIN
BRK02066,RECON-DAILY,2026-08-18,TRADE,CONF_MISSING,External confirmation never received,INTERNAL_BOOK,EXTERNAL_CONFIRMATION,TRD104104,TRD104104,TRD104104,,,confirmation,P0,OPEN,0,NOMURA-BROKER,EQ-ALPHA-03,,True,TRAIN
BRK02067,RECON-DAILY,2026-08-16,POSITION,CA_INCORRECT_ENTITLEMENT,Corporate action entitlement calculated incorrectly (wrong ratio applied),INTERNAL_BOOK,CUSTODIAN_CONFIRM,TRD104105,TRD104105,1125,1350,,actual_quantity,P1,OPEN,0,MORGANSTANLEY-BROKER,EQ-CORE-01,MANDATORY,True,TRAIN
BRK02068,RECON-DAILY,2026-08-05,POSITION,POS_MISSING_BOOKING,Missing upstream booking - position never reflected externally,INTERNAL_BOOK,CUSTODIAN_CONFIRM,TRD104106,TRD104106,250,0,,actual_quantity,P0,OPEN,0,ICICI-CUST,EQ-ALPHA-03,,True,TRAIN
BRK02069,RECON-DAILY,2026-08-13,TRADE,CONF_DISAGREEMENT,External confirmation received but disagrees with the booking on multiple fields,INTERNAL_BOOK,EXTERNAL_CONFIRMATION,TRD104107,TRD104107,"qty=1000,price=2758.99","qty=925,price=2794.94",,"quantity,price",P1,OPEN,0,MORGANSTANLEY-BROKER,EQ-CORE-01,,True,TRAIN
BRK02070,RECON-DAILY,2026-08-21,SETTLEMENT,SETL_WRONG_SSI,Settlement instruction references the wrong SSI/beneficiary account - the payment-failure flagship scenario,INTERNAL_BOOK,CUSTODIAN_CONFIRM,TRD104111,TRD104111,SSI-IN-0203,SSI-JP-3389,,ssi_code,P0,OPEN,0,KOTAK-CUST,EQ-INDEX-04,,True,TRAIN
BRK02071,RECON-DAILY,2026-08-08,CASH,CASH_DUPLICATE_ENTRY,Same cash movement posted twice,INTERNAL_BOOK,CUSTODIAN_CONFIRM,TRD104112,TRD104112,93394.0,186788.0,,"amount,cash_id",P1,OPEN,0,MORGANSTANLEY-BROKER,EQ-CORE-01,,False,TEST
BRK02072,RECON-DAILY,2026-08-05,SETTLEMENT,SETL_LATE_COUNTERPARTY,Counterparty has not settled by the expected date,INTERNAL_BOOK,CUSTODIAN_CONFIRM,TRD104113,TRD104113,2026-08-05,2026-08-10,,"settlement_date,settlement_status",P1,OPEN,0,HDFC-CUST,EQ-CORE-01,,True,TRAIN
BRK02073,RECON-DAILY,2026-08-18,CASH,CASH_DUPLICATE_ENTRY,Same cash movement posted twice,INTERNAL_BOOK,CUSTODIAN_CONFIRM,TRD104116,TRD104116,8250880.0,16501760.0,,"amount,cash_id",P1,OPEN,0,KOTAK-CUST,EQ-ALPHA-03,,False,TEST
BRK02074,RECON-DAILY,2026-08-21,TRADE,TRADE_DATE_MISMATCH,Confirmed trade date differs from booked trade date,INTERNAL_BOOK,EXTERNAL_CONFIRMATION,TRD104117,TRD104117,2026-08-20,2026-08-21,,trade_date,P2,OPEN,0,ICICI-CUST,EQ-CORE-02,,True,TRAIN
BRK02075,RECON-DAILY,2026-08-08,POSITION,CA_VOLUNTARY_DECISION,"Voluntary corporate action (tender/conversion) pending an election - requires a human business decision, always escalated",INTERNAL_BOOK,CUSTODIAN_CONFIRM,TRD104120,TRD104120,1500,750,,actual_quantity,P1,OPEN,0,MORGANSTANLEY-BROKER,EQ-CORE-02,VOLUNTARY,True,TEST
BRK02076,RECON-DAILY,2026-08-04,POSITION,POS_WRONG_QUANTITY,Wrong quantity - external position differs by a non-round amount,INTERNAL_BOOK,CUSTODIAN_CONFIRM,TRD104122,TRD104122,250,172,,actual_quantity,P1,OPEN,0,NOMURA-BROKER,EQ-ALPHA-03,,False,TRAIN
BRK02077,RECON-DAILY,2026-08-05,SETTLEMENT,SETL_LATE_COUNTERPARTY,Counterparty has not settled by the expected date,INTERNAL_BOOK,CUSTODIAN_CONFIRM,TRD104123,TRD104123,2026-08-05,2026-08-09,,"settlement_date,settlement_status",P1,OPEN,0,NOMURA-BROKER,EQ-CORE-02,,True,TEST
BRK02078,RECON-DAILY,2026-08-08,SETTLEMENT,SETL_INCORRECT_DATE,Settlement recorded against the wrong date (holiday-calendar-style off-by-one),INTERNAL_BOOK,CUSTODIAN_CONFIRM,TRD104126,TRD104126,2026-08-08,2026-08-09,,settlement_date,P2,OPEN,0,ICICI-CUST,EQ-CORE-02,,True,TRAIN
BRK02079,RECON-DAILY,2026-08-18,TRADE,TRADE_PRICE_MISMATCH,Confirmed price differs from booked price,INTERNAL_BOOK,EXTERNAL_CONFIRMATION,TRD104127,TRD104127,172.62,175.84,,price,P2,OPEN,0,NOMURA-BROKER,EQ-ALPHA-03,,True,TRAIN
BRK02080,RECON-DAILY,2026-08-11,TRADE,TRADE_COUNTERPARTY_ID_MISMATCH,Confirmed counterparty identifier differs from booked counterparty,INTERNAL_BOOK,EXTERNAL_CONFIRMATION,TRD104128,TRD104128,KOTAK-CUST,DEUTSCHE-BROKER,,counterparty,P1,OPEN,0,KOTAK-CUST,EQ-INDEX-04,,True,TRAIN
BRK02081,RECON-DAILY,2026-08-08,TRADE,TRADE_COUNTERPARTY_ID_MISMATCH,Confirmed counterparty identifier differs from booked counterparty,INTERNAL_BOOK,EXTERNAL_CONFIRMATION,TRD104130,TRD104130,KOTAK-CUST,NOMURA-BROKER,,counterparty,P1,OPEN,0,KOTAK-CUST,EQ-CORE-01,,True,TRAIN
BRK02082,RECON-DAILY,2026-08-17,TRADE,TRADE_COUNTERPARTY_ID_MISMATCH,Confirmed counterparty identifier differs from booked counterparty,INTERNAL_BOOK,EXTERNAL_CONFIRMATION,TRD104132,TRD104132,NOMURA-BROKER,DEUTSCHE-BROKER,,counterparty,P1,OPEN,0,NOMURA-BROKER,EQ-CORE-02,,True,TRAIN
BRK02083,RECON-DAILY,2026-08-02,CASH,CASH_MISSING_ENTRY,Expected cash movement never posted,INTERNAL_BOOK,CUSTODIAN_CONFIRM,TRD104133,TRD104133,234935.0,,,amount,P0,OPEN,0,NOMURA-BROKER,EQ-CORE-02,,False,TRAIN
BRK02084,RECON-DAILY,2026-08-13,CASH,CASH_WRONG_AMOUNT,Cash amount posted differs from expected trade value by a non-round amount,INTERNAL_BOOK,CUSTODIAN_CONFIRM,TRD104138,TRD104138,1414102.5,1682781.97,,amount,P1,OPEN,0,ICICI-CUST,EQ-ALPHA-03,,False,TRAIN
BRK02085,RECON-DAILY,2026-08-04,CASH,CASH_MISSING_ENTRY,Expected cash movement never posted,INTERNAL_BOOK,CUSTODIAN_CONFIRM,TRD104139,TRD104139,1693810.0,,,amount,P0,OPEN,0,ICICI-CUST,EQ-INDEX-04,,False,TRAIN
BRK02086,RECON-DAILY,2026-08-02,SETTLEMENT,SETL_MISSING_INSTRUCTION,No settlement instruction was ever issued,INTERNAL_BOOK,CUSTODIAN_CONFIRM,TRD104140,TRD104140,INSTRUCTED,MISSING,,instruction_status,P0,OPEN,0,MORGANSTANLEY-BROKER,EQ-ALPHA-03,,True,TRAIN
BRK02087,RECON-DAILY,2026-08-21,SETTLEMENT,SETL_LATE_COUNTERPARTY,Counterparty has not settled by the expected date,INTERNAL_BOOK,CUSTODIAN_CONFIRM,TRD104141,TRD104141,2026-08-21,2026-08-23,,"settlement_date,settlement_status",P1,OPEN,0,MORGANSTANLEY-BROKER,EQ-CORE-01,,True,TRAIN
BRK02088,RECON-DAILY,2026-08-22,SETTLEMENT,SETL_WRONG_SSI,Settlement instruction references the wrong SSI/beneficiary account - the payment-failure flagship scenario,INTERNAL_BOOK,CUSTODIAN_CONFIRM,TRD104142,TRD104142,SSI-IN-0147,SSI-DE-5510,,ssi_code,P0,OPEN,0,HDFC-CUST,EQ-ALPHA-03,,True,TEST
BRK02089,RECON-DAILY,2026-08-12,TRADE,TRADE_DATE_MISMATCH,Confirmed trade date differs from booked trade date,INTERNAL_BOOK,EXTERNAL_CONFIRMATION,TRD104144,TRD104144,2026-08-11,2026-08-12,,trade_date,P2,OPEN,0,MORGANSTANLEY-BROKER,EQ-ALPHA-03,,True,TRAIN
BRK02090,RECON-DAILY,2026-08-07,TRADE,TRADE_DATE_MISMATCH,Confirmed trade date differs from booked trade date,INTERNAL_BOOK,EXTERNAL_CONFIRMATION,TRD104145,TRD104145,2026-08-06,2026-08-07,,trade_date,P2,OPEN,0,HDFC-CUST,EQ-INDEX-04,,True,TRAIN
BRK02091,RECON-DAILY,2026-08-15,CASH,CASH_MISSING_ENTRY,Expected cash movement never posted,INTERNAL_BOOK,CUSTODIAN_CONFIRM,TRD104146,TRD104146,914910.0,,,amount,P0,OPEN,0,MORGANSTANLEY-BROKER,EQ-CORE-02,,False,TRAIN
BRK02092,RECON-DAILY,2026-08-19,POSITION,POS_WRONG_QUANTITY,Wrong quantity - external position differs by a non-round amount,INTERNAL_BOOK,CUSTODIAN_CONFIRM,TRD104147,TRD104147,1000,780,,actual_quantity,P1,OPEN,0,DEUTSCHE-BROKER,EQ-CORE-01,,False,TEST
BRK02093,RECON-DAILY,2026-08-11,POSITION,CA_MANDATORY_NOT_REFLECTED,"Mandatory corporate action (split/bonus) not yet reflected externally - mechanical, auto-correctable",INTERNAL_BOOK,CUSTODIAN_CONFIRM,TRD104151,TRD104151,1000,500,,actual_quantity,P1,OPEN,0,NOMURA-BROKER,EQ-CORE-02,MANDATORY,True,TRAIN
BRK02094,RECON-DAILY,2026-08-02,POSITION,POS_TIMING_DIFFERENCE,"Timing difference - quantities agree, as-of dates don't (expected to self-resolve)",INTERNAL_BOOK,CUSTODIAN_CONFIRM,TRD104157,TRD104157,2026-08-02,2026-08-03,,as_of_date,P2,OPEN,0,HDFC-CUST,EQ-INDEX-04,,False,TRAIN
BRK02095,RECON-DAILY,2026-08-21,TRADE,CONF_MISSING,External confirmation never received,INTERNAL_BOOK,EXTERNAL_CONFIRMATION,TRD104158,TRD104158,TRD104158,,,confirmation,P0,OPEN,0,ICICI-CUST,EQ-INDEX-04,,True,TEST
BRK02096,RECON-DAILY,2026-08-19,POSITION,CA_MANDATORY_NOT_REFLECTED,"Mandatory corporate action (split/bonus) not yet reflected externally - mechanical, auto-correctable",INTERNAL_BOOK,CUSTODIAN_CONFIRM,TRD104160,TRD104160,2000,1000,,actual_quantity,P1,OPEN,0,MORGANSTANLEY-BROKER,EQ-INDEX-04,MANDATORY,True,TRAIN
BRK02097,RECON-DAILY,2026-08-20,CASH,CASH_DUPLICATE_ENTRY,Same cash movement posted twice,INTERNAL_BOOK,CUSTODIAN_CONFIRM,TRD104162,TRD104162,5516340.0,11032680.0,,"amount,cash_id",P1,OPEN,0,MORGANSTANLEY-BROKER,EQ-ALPHA-03,,False,TRAIN
BRK02098,RECON-DAILY,2026-08-16,CASH,CASH_DUPLICATE_ENTRY,Same cash movement posted twice,INTERNAL_BOOK,CUSTODIAN_CONFIRM,TRD104163,TRD104163,4284330.0,8568660.0,,"amount,cash_id",P1,OPEN,0,NOMURA-BROKER,EQ-CORE-01,,False,TRAIN
BRK02099,RECON-DAILY,2026-08-10,SETTLEMENT,SETL_INCORRECT_DATE,Settlement recorded against the wrong date (holiday-calendar-style off-by-one),INTERNAL_BOOK,CUSTODIAN_CONFIRM,TRD104164,TRD104164,2026-08-10,2026-08-11,,settlement_date,P2,OPEN,0,MORGANSTANLEY-BROKER,EQ-INDEX-04,,True,TEST
BRK02100,RECON-DAILY,2026-08-08,TRADE,TRADE_PRICE_MISMATCH,Confirmed price differs from booked price,INTERNAL_BOOK,EXTERNAL_CONFIRMATION,TRD104165,TRD104165,4139.84,4073.14,,price,P2,OPEN,0,MORGANSTANLEY-BROKER,EQ-ALPHA-03,,True,TEST
BRK02101,RECON-DAILY,2026-08-18,TRADE,TRADE_DATE_MISMATCH,Confirmed trade date differs from booked trade date,INTERNAL_BOOK,EXTERNAL_CONFIRMATION,TRD104167,TRD104167,2026-08-17,2026-08-18,,trade_date,P2,OPEN,0,DEUTSCHE-BROKER,EQ-CORE-01,,True,TEST
BRK02102,RECON-DAILY,2026-08-11,TRADE,CONF_MISSING,External confirmation never received,INTERNAL_BOOK,EXTERNAL_CONFIRMATION,TRD104171,TRD104171,TRD104171,,,confirmation,P0,OPEN,0,ICICI-CUST,EQ-CORE-02,,True,TEST
BRK02103,RECON-DAILY,2026-08-15,CASH,CASH_MISSING_ENTRY,Expected cash movement never posted,INTERNAL_BOOK,CUSTODIAN_CONFIRM,TRD104172,TRD104172,43240.0,,,amount,P0,OPEN,0,ICICI-CUST,EQ-INDEX-04,,False,TRAIN
BRK02104,RECON-DAILY,2026-08-05,TRADE,CONF_MISSING,External confirmation never received,INTERNAL_BOOK,EXTERNAL_CONFIRMATION,TRD104173,TRD104173,TRD104173,,,confirmation,P0,OPEN,0,KOTAK-CUST,EQ-CORE-01,,True,TRAIN
BRK02105,RECON-DAILY,2026-08-11,POSITION,POS_TIMING_DIFFERENCE,"Timing difference - quantities agree, as-of dates don't (expected to self-resolve)",INTERNAL_BOOK,CUSTODIAN_CONFIRM,TRD104176,TRD104176,2026-08-11,2026-08-12,,as_of_date,P2,OPEN,0,MORGANSTANLEY-BROKER,EQ-CORE-02,,False,TRAIN
BRK02106,RECON-DAILY,2026-08-08,POSITION,CA_VOLUNTARY_DECISION,"Voluntary corporate action (tender/conversion) pending an election - requires a human business decision, always escalated",INTERNAL_BOOK,CUSTODIAN_CONFIRM,TRD104177,TRD104177,200,100,,actual_quantity,P1,OPEN,0,KOTAK-CUST,EQ-ALPHA-03,VOLUNTARY,True,TRAIN
BRK02107,RECON-DAILY,2026-08-04,POSITION,POS_WRONG_QUANTITY,Wrong quantity - external position differs by a non-round amount,INTERNAL_BOOK,CUSTODIAN_CONFIRM,TRD104178,TRD104178,200,248,,actual_quantity,P1,OPEN,0,HDFC-CUST,EQ-INDEX-04,,False,TRAIN
BRK02108,RECON-DAILY,2026-08-18,POSITION,POS_MISSING_BOOKING,Missing upstream booking - position never reflected externally,INTERNAL_BOOK,CUSTODIAN_CONFIRM,TRD104180,TRD104180,750,0,,actual_quantity,P0,OPEN,0,KOTAK-CUST,EQ-CORE-02,,False,TRAIN
BRK02109,RECON-DAILY,2026-08-17,SETTLEMENT,SETL_INCORRECT_DATE,Settlement recorded against the wrong date (holiday-calendar-style off-by-one),INTERNAL_BOOK,CUSTODIAN_CONFIRM,TRD104181,TRD104181,2026-08-17,2026-08-18,,settlement_date,P2,OPEN,0,ICICI-CUST,EQ-CORE-02,,True,TRAIN
BRK02110,RECON-DAILY,2026-08-09,POSITION,CA_VOLUNTARY_DECISION,"Voluntary corporate action (tender/conversion) pending an election - requires a human business decision, always escalated",INTERNAL_BOOK,CUSTODIAN_CONFIRM,TRD104184,TRD104184,4500,1500,,actual_quantity,P1,OPEN,0,HDFC-CUST,EQ-CORE-01,VOLUNTARY,True,TRAIN
BRK02111,RECON-DAILY,2026-08-16,SETTLEMENT,SETL_WRONG_SSI,Settlement instruction references the wrong SSI/beneficiary account - the payment-failure flagship scenario,INTERNAL_BOOK,CUSTODIAN_CONFIRM,TRD104188,TRD104188,SSI-US-7742,SSI-IN-0203,,ssi_code,P0,OPEN,0,MORGANSTANLEY-BROKER,EQ-ALPHA-03,,True,TRAIN
BRK02112,RECON-DAILY,2026-08-09,CASH,CASH_WRONG_AMOUNT,Cash amount posted differs from expected trade value by a non-round amount,INTERNAL_BOOK,CUSTODIAN_CONFIRM,TRD104192,TRD104192,17325.0,19230.75,,amount,P1,OPEN,0,DEUTSCHE-BROKER,EQ-INDEX-04,,True,TRAIN
BRK02113,RECON-DAILY,2026-08-10,SETTLEMENT,SETL_WRONG_SSI,Settlement instruction references the wrong SSI/beneficiary account - the payment-failure flagship scenario,INTERNAL_BOOK,CUSTODIAN_CONFIRM,TRD104193,TRD104193,SSI-IN-0147,SSI-IN-0091,,ssi_code,P0,OPEN,0,HDFC-CUST,EQ-CORE-01,,True,TRAIN
BRK02114,RECON-DAILY,2026-08-12,SETTLEMENT,SETL_INCORRECT_DATE,Settlement recorded against the wrong date (holiday-calendar-style off-by-one),INTERNAL_BOOK,CUSTODIAN_CONFIRM,TRD104195,TRD104195,2026-08-12,2026-08-13,,settlement_date,P2,OPEN,0,DEUTSCHE-BROKER,EQ-CORE-02,,True,TEST
BRK02115,RECON-DAILY,2026-08-22,CASH,CASH_DUPLICATE_ENTRY,Same cash movement posted twice,INTERNAL_BOOK,CUSTODIAN_CONFIRM,TRD104196,TRD104196,285873.0,571746.0,,"amount,cash_id",P1,OPEN,0,NOMURA-BROKER,EQ-CORE-01,,True,TRAIN
BRK02116,RECON-DAILY,2026-08-13,TRADE,CONF_MISSING,External confirmation never received,INTERNAL_BOOK,EXTERNAL_CONFIRMATION,TRD104197,TRD104197,TRD104197,,,confirmation,P0,OPEN,0,DEUTSCHE-BROKER,EQ-ALPHA-03,,True,TRAIN
BRK02117,RECON-DAILY,2026-08-12,CASH,CASH_FX_INPUT_DIFFERENCE,Cash posted in a different currency / at a stale or incorrect FX rate,INTERNAL_BOOK,CUSTODIAN_CONFIRM,TRD104198,TRD104198,1259190.0,1303261.65,,"amount,currency",P2,OPEN,0,HDFC-CUST,EQ-ALPHA-03,,True,TRAIN
BRK02118,RECON-DAILY,2026-08-21,TRADE,TRADE_QUANTITY_MISMATCH,Confirmed quantity differs from booked quantity,INTERNAL_BOOK,EXTERNAL_CONFIRMATION,TRD104202,TRD104202,200,300,,quantity,P1,OPEN,0,MORGANSTANLEY-BROKER,EQ-INDEX-04,,True,TRAIN
BRK02119,RECON-DAILY,2026-08-04,TRADE,CONF_MISSING,External confirmation never received,INTERNAL_BOOK,EXTERNAL_CONFIRMATION,TRD104204,TRD104204,TRD104204,,,confirmation,P0,OPEN,0,KOTAK-CUST,EQ-ALPHA-03,,True,TRAIN
BRK02120,RECON-DAILY,2026-08-18,CASH,CASH_MISSING_ENTRY,Expected cash movement never posted,INTERNAL_BOOK,CUSTODIAN_CONFIRM,TRD104205,TRD104205,706320.0,,,amount,P0,OPEN,0,NOMURA-BROKER,EQ-INDEX-04,,False,TRAIN
BRK02121,RECON-DAILY,2026-08-12,SETTLEMENT,SETL_INCORRECT_DATE,Settlement recorded against the wrong date (holiday-calendar-style off-by-one),INTERNAL_BOOK,CUSTODIAN_CONFIRM,TRD104208,TRD104208,2026-08-12,2026-08-13,,settlement_date,P2,OPEN,0,MORGANSTANLEY-BROKER,EQ-ALPHA-03,,True,TRAIN
BRK02122,RECON-DAILY,2026-08-07,TRADE,CONF_DISAGREEMENT,External confirmation received but disagrees with the booking on multiple fields,INTERNAL_BOOK,EXTERNAL_CONFIRMATION,TRD104210,TRD104210,"qty=250,price=2852.62","qty=325,price=2886.01",,"quantity,price",P1,OPEN,0,DEUTSCHE-BROKER,EQ-INDEX-04,,True,TRAIN
BRK02123,RECON-DAILY,2026-08-03,CASH,CASH_FX_INPUT_DIFFERENCE,Cash posted in a different currency / at a stale or incorrect FX rate,INTERNAL_BOOK,CUSTODIAN_CONFIRM,TRD104212,TRD104212,470530.0,451708.8,,"amount,currency",P2,OPEN,0,KOTAK-CUST,EQ-CORE-01,,False,TRAIN
BRK02124,RECON-DAILY,2026-08-08,TRADE,CONF_MISSING,External confirmation never received,INTERNAL_BOOK,EXTERNAL_CONFIRMATION,TRD104214,TRD104214,TRD104214,,,confirmation,P0,OPEN,0,MORGANSTANLEY-BROKER,EQ-CORE-01,,True,TRAIN
BRK02125,RECON-DAILY,2026-08-16,SETTLEMENT,SETL_WRONG_SSI,Settlement instruction references the wrong SSI/beneficiary account - the payment-failure flagship scenario,INTERNAL_BOOK,CUSTODIAN_CONFIRM,TRD104215,TRD104215,SSI-IN-0203,SSI-IN-0091,,ssi_code,P0,OPEN,0,KOTAK-CUST,EQ-ALPHA-03,,True,TRAIN
BRK02126,RECON-DAILY,2026-08-09,CASH,CASH_FX_INPUT_DIFFERENCE,Cash posted in a different currency / at a stale or incorrect FX rate,INTERNAL_BOOK,CUSTODIAN_CONFIRM,TRD104217,TRD104217,43292.5,44158.35,,"amount,currency",P2,OPEN,0,MORGANSTANLEY-BROKER,EQ-INDEX-04,,False,TRAIN
BRK02127,RECON-DAILY,2026-08-19,TRADE,CONF_DISAGREEMENT,External confirmation received but disagrees with the booking on multiple fields,INTERNAL_BOOK,EXTERNAL_CONFIRMATION,TRD104218,TRD104218,"qty=1000,price=13043.88","qty=925,price=13287.02",,"quantity,price",P1,OPEN,0,NOMURA-BROKER,EQ-INDEX-04,,True,TRAIN
BRK02128,RECON-DAILY,2026-08-08,SETTLEMENT,SETL_INCORRECT_DATE,Settlement recorded against the wrong date (holiday-calendar-style off-by-one),INTERNAL_BOOK,CUSTODIAN_CONFIRM,TRD104220,TRD104220,2026-08-08,2026-08-09,,settlement_date,P2,OPEN,0,ICICI-CUST,EQ-CORE-02,,True,TRAIN
BRK02129,RECON-DAILY,2026-08-15,SETTLEMENT,SETL_MISSING_INSTRUCTION,No settlement instruction was ever issued,INTERNAL_BOOK,CUSTODIAN_CONFIRM,TRD104221,TRD104221,INSTRUCTED,MISSING,,instruction_status,P0,OPEN,0,KOTAK-CUST,EQ-CORE-01,,True,TRAIN
BRK02130,RECON-DAILY,2026-08-05,SETTLEMENT,SETL_LATE_COUNTERPARTY,Counterparty has not settled by the expected date,INTERNAL_BOOK,CUSTODIAN_CONFIRM,TRD104222,TRD104222,2026-08-05,2026-08-08,,"settlement_date,settlement_status",P1,OPEN,0,DEUTSCHE-BROKER,EQ-ALPHA-03,,True,TRAIN
BRK02131,RECON-DAILY,2026-08-18,POSITION,CA_VOLUNTARY_DECISION,"Voluntary corporate action (tender/conversion) pending an election - requires a human business decision, always escalated",INTERNAL_BOOK,CUSTODIAN_CONFIRM,TRD104224,TRD104224,3000,1500,,actual_quantity,P1,OPEN,0,ICICI-CUST,EQ-INDEX-04,VOLUNTARY,True,TRAIN
BRK02132,RECON-DAILY,2026-08-08,TRADE,TRADE_PRICE_MISMATCH,Confirmed price differs from booked price,INTERNAL_BOOK,EXTERNAL_CONFIRMATION,TRD104225,TRD104225,843.19,819.21,,price,P2,OPEN,0,ICICI-CUST,EQ-CORE-02,,True,TEST
BRK02133,RECON-DAILY,2026-08-03,POSITION,POS_MISSING_BOOKING,Missing upstream booking - position never reflected externally,INTERNAL_BOOK,CUSTODIAN_CONFIRM,TRD104226,TRD104226,200,0,,actual_quantity,P0,OPEN,0,NOMURA-BROKER,EQ-CORE-01,,True,TRAIN
BRK02134,RECON-DAILY,2026-08-14,SETTLEMENT,SETL_MISSING_INSTRUCTION,No settlement instruction was ever issued,INTERNAL_BOOK,CUSTODIAN_CONFIRM,TRD104227,TRD104227,INSTRUCTED,MISSING,,instruction_status,P0,OPEN,0,HDFC-CUST,EQ-ALPHA-03,,True,TRAIN
BRK02135,RECON-DAILY,2026-08-07,TRADE,TRADE_DATE_MISMATCH,Confirmed trade date differs from booked trade date,INTERNAL_BOOK,EXTERNAL_CONFIRMATION,TRD104228,TRD104228,2026-08-06,2026-08-07,,trade_date,P2,OPEN,0,ICICI-CUST,EQ-ALPHA-03,,True,TRAIN
BRK02136,RECON-DAILY,2026-08-03,CASH,CASH_DUPLICATE_ENTRY,Same cash movement posted twice,INTERNAL_BOOK,CUSTODIAN_CONFIRM,TRD104229,TRD104229,306635.0,613270.0,,"amount,cash_id",P1,OPEN,0,MORGANSTANLEY-BROKER,EQ-CORE-01,,False,TEST
BRK02137,RECON-DAILY,2026-08-09,CASH,CASH_MISSING_ENTRY,Expected cash movement never posted,INTERNAL_BOOK,CUSTODIAN_CONFIRM,TRD104231,TRD104231,1853535.0,,,amount,P0,OPEN,0,ICICI-CUST,EQ-ALPHA-03,,True,TRAIN
BRK02138,RECON-DAILY,2026-08-11,TRADE,TRADE_PRICE_MISMATCH,Confirmed price differs from booked price,INTERNAL_BOOK,EXTERNAL_CONFIRMATION,TRD104233,TRD104233,1680.37,1644.88,,price,P2,OPEN,0,ICICI-CUST,EQ-INDEX-04,,True,TRAIN
BRK02139,RECON-DAILY,2026-08-12,TRADE,CONF_DISAGREEMENT,External confirmation received but disagrees with the booking on multiple fields,INTERNAL_BOOK,EXTERNAL_CONFIRMATION,TRD104235,TRD104235,"qty=750,price=1182.18","qty=675,price=1203.73",,"quantity,price",P1,OPEN,0,KOTAK-CUST,EQ-INDEX-04,,True,TRAIN
BRK02140,RECON-DAILY,2026-08-17,CASH,CASH_FX_INPUT_DIFFERENCE,Cash posted in a different currency / at a stale or incorrect FX rate,INTERNAL_BOOK,CUSTODIAN_CONFIRM,TRD104244,TRD104244,1427125.0,1498481.25,,"amount,currency",P2,OPEN,0,MORGANSTANLEY-BROKER,EQ-CORE-01,,False,TEST
BRK02141,RECON-DAILY,2026-08-06,SETTLEMENT,SETL_INCORRECT_DATE,Settlement recorded against the wrong date (holiday-calendar-style off-by-one),INTERNAL_BOOK,CUSTODIAN_CONFIRM,TRD104245,TRD104245,2026-08-06,2026-08-07,,settlement_date,P2,OPEN,0,NOMURA-BROKER,EQ-ALPHA-03,,True,TRAIN
BRK02142,RECON-DAILY,2026-08-04,CASH,CASH_FX_INPUT_DIFFERENCE,Cash posted in a different currency / at a stale or incorrect FX rate,INTERNAL_BOOK,CUSTODIAN_CONFIRM,TRD104249,TRD104249,1031322.5,1103515.07,,"amount,currency",P2,OPEN,0,KOTAK-CUST,EQ-ALPHA-03,,False,TRAIN
BRK02143,RECON-DAILY,2026-08-14,CASH,CASH_WRONG_AMOUNT,Cash amount posted differs from expected trade value by a non-round amount,INTERNAL_BOOK,CUSTODIAN_CONFIRM,TRD104251,TRD104251,257430.0,211092.6,,amount,P1,OPEN,0,ICICI-CUST,EQ-ALPHA-03,,False,TRAIN
BRK02144,RECON-DAILY,2026-08-15,CASH,CASH_DUPLICATE_ENTRY,Same cash movement posted twice,INTERNAL_BOOK,CUSTODIAN_CONFIRM,TRD104252,TRD104252,471450.0,942900.0,,"amount,cash_id",P1,OPEN,0,KOTAK-CUST,EQ-ALPHA-03,,False,TRAIN
BRK02145,RECON-DAILY,2026-08-04,CASH,CASH_FX_INPUT_DIFFERENCE,Cash posted in a different currency / at a stale or incorrect FX rate,INTERNAL_BOOK,CUSTODIAN_CONFIRM,TRD104254,TRD104254,60887.0,63931.35,,"amount,currency",P2,OPEN,0,NOMURA-BROKER,EQ-ALPHA-03,,False,TRAIN
BRK02146,RECON-DAILY,2026-08-05,SETTLEMENT,SETL_WRONG_SSI,Settlement instruction references the wrong SSI/beneficiary account - the payment-failure flagship scenario,INTERNAL_BOOK,CUSTODIAN_CONFIRM,TRD104255,TRD104255,SSI-DE-5510,SSI-IN-0203,,ssi_code,P0,OPEN,0,DEUTSCHE-BROKER,EQ-ALPHA-03,,True,TEST
BRK02147,RECON-DAILY,2026-08-19,POSITION,POS_TIMING_DIFFERENCE,"Timing difference - quantities agree, as-of dates don't (expected to self-resolve)",INTERNAL_BOOK,CUSTODIAN_CONFIRM,TRD104256,TRD104256,2026-08-19,2026-08-20,,as_of_date,P2,OPEN,0,DEUTSCHE-BROKER,EQ-INDEX-04,,False,TRAIN
BRK02148,RECON-DAILY,2026-08-03,POSITION,CA_MANDATORY_NOT_REFLECTED,"Mandatory corporate action (split/bonus) not yet reflected externally - mechanical, auto-correctable",INTERNAL_BOOK,CUSTODIAN_CONFIRM,TRD104258,TRD104258,3000,1500,,actual_quantity,P1,OPEN,0,DEUTSCHE-BROKER,EQ-CORE-02,MANDATORY,True,TRAIN
BRK02149,RECON-DAILY,2026-08-05,SETTLEMENT,SETL_INCORRECT_DATE,Settlement recorded against the wrong date (holiday-calendar-style off-by-one),INTERNAL_BOOK,CUSTODIAN_CONFIRM,TRD104259,TRD104259,2026-08-05,2026-08-06,,settlement_date,P2,OPEN,0,NOMURA-BROKER,EQ-CORE-02,,True,TRAIN
BRK02150,RECON-DAILY,2026-08-18,SETTLEMENT,SETL_WRONG_SSI,Settlement instruction references the wrong SSI/beneficiary account - the payment-failure flagship scenario,INTERNAL_BOOK,CUSTODIAN_CONFIRM,TRD104262,TRD104262,SSI-US-7742,SSI-JP-3389,,ssi_code,P0,OPEN,0,MORGANSTANLEY-BROKER,EQ-ALPHA-03,,True,TRAIN
BRK02151,RECON-DAILY,2026-08-19,POSITION,POS_WRONG_QUANTITY,Wrong quantity - external position differs by a non-round amount,INTERNAL_BOOK,CUSTODIAN_CONFIRM,TRD104265,TRD104265,750,878,,actual_quantity,P1,OPEN,0,HDFC-CUST,EQ-ALPHA-03,,False,TRAIN
BRK02152,RECON-DAILY,2026-08-19,SETTLEMENT,SETL_WRONG_SSI,Settlement instruction references the wrong SSI/beneficiary account - the payment-failure flagship scenario,INTERNAL_BOOK,CUSTODIAN_CONFIRM,TRD104267,TRD104267,SSI-IN-0203,SSI-JP-3389,,ssi_code,P0,OPEN,0,KOTAK-CUST,EQ-INDEX-04,,True,TEST
BRK02153,RECON-DAILY,2026-08-07,TRADE,TRADE_PRICE_MISMATCH,Confirmed price differs from booked price,INTERNAL_BOOK,EXTERNAL_CONFIRMATION,TRD104269,TRD104269,2755.83,2703.59,,price,P2,OPEN,0,MORGANSTANLEY-BROKER,EQ-CORE-02,,True,TRAIN
BRK02154,RECON-DAILY,2026-08-15,CASH,CASH_FX_INPUT_DIFFERENCE,Cash posted in a different currency / at a stale or incorrect FX rate,INTERNAL_BOOK,CUSTODIAN_CONFIRM,TRD104272,TRD104272,2933115.0,2991777.3,,"amount,currency",P2,OPEN,0,NOMURA-BROKER,EQ-INDEX-04,,False,TRAIN
BRK02155,RECON-DAILY,2026-08-15,SETTLEMENT,SETL_MISSING_INSTRUCTION,No settlement instruction was ever issued,INTERNAL_BOOK,CUSTODIAN_CONFIRM,TRD104281,TRD104281,INSTRUCTED,MISSING,,instruction_status,P0,OPEN,0,KOTAK-CUST,EQ-CORE-01,,True,TRAIN
BRK02156,RECON-DAILY,2026-08-22,POSITION,CA_MANDATORY_NOT_REFLECTED,"Mandatory corporate action (split/bonus) not yet reflected externally - mechanical, auto-correctable",INTERNAL_BOOK,CUSTODIAN_CONFIRM,TRD104284,TRD104284,3000,1000,,actual_quantity,P1,OPEN,0,NOMURA-BROKER,EQ-CORE-02,MANDATORY,True,TEST
BRK02157,RECON-DAILY,2026-08-18,CASH,CASH_WRONG_AMOUNT,Cash amount posted differs from expected trade value by a non-round amount,INTERNAL_BOOK,CUSTODIAN_CONFIRM,TRD104285,TRD104285,128880.0,117280.8,,amount,P1,OPEN,0,KOTAK-CUST,EQ-CORE-02,,True,TEST
BRK02158,RECON-DAILY,2026-08-15,POSITION,POS_WRONG_QUANTITY,Wrong quantity - external position differs by a non-round amount,INTERNAL_BOOK,CUSTODIAN_CONFIRM,TRD104286,TRD104286,250,195,,actual_quantity,P1,OPEN,0,MORGANSTANLEY-BROKER,EQ-CORE-01,,False,TEST
BRK02159,RECON-DAILY,2026-08-11,CASH,CASH_DUPLICATE_ENTRY,Same cash movement posted twice,INTERNAL_BOOK,CUSTODIAN_CONFIRM,TRD104288,TRD104288,1420925.0,2841850.0,,"amount,cash_id",P1,OPEN,0,MORGANSTANLEY-BROKER,EQ-CORE-01,,False,TRAIN
BRK02160,RECON-DAILY,2026-08-17,POSITION,CA_VOLUNTARY_DECISION,"Voluntary corporate action (tender/conversion) pending an election - requires a human business decision, always escalated",INTERNAL_BOOK,CUSTODIAN_CONFIRM,TRD104290,TRD104290,2250,1500,,actual_quantity,P1,OPEN,0,ICICI-CUST,EQ-ALPHA-03,VOLUNTARY,True,TEST
BRK02161,RECON-DAILY,2026-08-15,POSITION,POS_TIMING_DIFFERENCE,"Timing difference - quantities agree, as-of dates don't (expected to self-resolve)",INTERNAL_BOOK,CUSTODIAN_CONFIRM,TRD104292,TRD104292,2026-08-15,2026-08-16,,as_of_date,P2,OPEN,0,DEUTSCHE-BROKER,EQ-ALPHA-03,,False,TRAIN
BRK02162,RECON-DAILY,2026-08-10,TRADE,TRADE_PRICE_MISMATCH,Confirmed price differs from booked price,INTERNAL_BOOK,EXTERNAL_CONFIRMATION,TRD104299,TRD104299,1692.79,1714.29,,price,P2,OPEN,0,KOTAK-CUST,EQ-INDEX-04,,True,TRAIN
BRK02163,RECON-DAILY,2026-08-07,TRADE,TRADE_COUNTERPARTY_ID_MISMATCH,Confirmed counterparty identifier differs from booked counterparty,INTERNAL_BOOK,EXTERNAL_CONFIRMATION,TRD104302,TRD104302,KOTAK-CUST,HDFC-CUST,,counterparty,P1,OPEN,0,KOTAK-CUST,EQ-CORE-02,,True,TRAIN
BRK02164,RECON-DAILY,2026-08-07,TRADE,TRADE_PRICE_MISMATCH,Confirmed price differs from booked price,INTERNAL_BOOK,EXTERNAL_CONFIRMATION,TRD104303,TRD104303,1692.43,1647.89,,price,P2,OPEN,0,MORGANSTANLEY-BROKER,EQ-CORE-02,,True,TRAIN
BRK02165,RECON-DAILY,2026-08-03,TRADE,CONF_DISAGREEMENT,External confirmation received but disagrees with the booking on multiple fields,INTERNAL_BOOK,EXTERNAL_CONFIRMATION,TRD104305,TRD104305,"qty=1000,price=2747.86","qty=1075,price=2799.86",,"quantity,price",P1,OPEN,0,DEUTSCHE-BROKER,EQ-CORE-01,,True,TRAIN
BRK02166,RECON-DAILY,2026-08-09,CASH,CASH_DUPLICATE_ENTRY,Same cash movement posted twice,INTERNAL_BOOK,CUSTODIAN_CONFIRM,TRD104309,TRD104309,706485.0,1412970.0,,"amount,cash_id",P1,OPEN,0,KOTAK-CUST,EQ-CORE-01,,False,TRAIN
BRK02167,RECON-DAILY,2026-08-16,POSITION,CA_VOLUNTARY_DECISION,"Voluntary corporate action (tender/conversion) pending an election - requires a human business decision, always escalated",INTERNAL_BOOK,CUSTODIAN_CONFIRM,TRD104310,TRD104310,1500,1000,,actual_quantity,P1,OPEN,0,ICICI-CUST,EQ-CORE-01,VOLUNTARY,True,TEST
BRK02168,RECON-DAILY,2026-08-22,TRADE,CONF_MISSING,External confirmation never received,INTERNAL_BOOK,EXTERNAL_CONFIRMATION,TRD104311,TRD104311,TRD104311,,,confirmation,P0,OPEN,0,KOTAK-CUST,EQ-INDEX-04,,True,TEST
BRK02169,RECON-DAILY,2026-08-21,TRADE,CONF_DISAGREEMENT,External confirmation received but disagrees with the booking on multiple fields,INTERNAL_BOOK,EXTERNAL_CONFIRMATION,TRD104312,TRD104312,"qty=500,price=13014.59","qty=575,price=13227.67",,"quantity,price",P1,OPEN,0,KOTAK-CUST,EQ-CORE-02,,True,TEST
BRK02170,RECON-DAILY,2026-08-19,TRADE,TRADE_PRICE_MISMATCH,Confirmed price differs from booked price,INTERNAL_BOOK,EXTERNAL_CONFIRMATION,TRD104317,TRD104317,1897.12,1929.78,,price,P2,OPEN,0,KOTAK-CUST,EQ-ALPHA-03,,True,TEST
BRK02171,RECON-DAILY,2026-08-20,POSITION,POS_MISSING_BOOKING,Missing upstream booking - position never reflected externally,INTERNAL_BOOK,CUSTODIAN_CONFIRM,TRD104318,TRD104318,100,0,,actual_quantity,P0,OPEN,0,KOTAK-CUST,EQ-INDEX-04,,False,TRAIN
BRK02172,RECON-DAILY,2026-08-12,TRADE,CONF_DISAGREEMENT,External confirmation received but disagrees with the booking on multiple fields,INTERNAL_BOOK,EXTERNAL_CONFIRMATION,TRD104324,TRD104324,"qty=200,price=1241.49","qty=125,price=1259.64",,"quantity,price",P1,OPEN,0,MORGANSTANLEY-BROKER,EQ-ALPHA-03,,True,TRAIN
BRK02173,RECON-DAILY,2026-08-11,TRADE,CONF_MISSING,External confirmation never received,INTERNAL_BOOK,EXTERNAL_CONFIRMATION,TRD104325,TRD104325,TRD104325,,,confirmation,P0,OPEN,0,KOTAK-CUST,EQ-INDEX-04,,True,TRAIN
BRK02174,RECON-DAILY,2026-08-02,SETTLEMENT,SETL_LATE_COUNTERPARTY,Counterparty has not settled by the expected date,INTERNAL_BOOK,CUSTODIAN_CONFIRM,TRD104327,TRD104327,2026-08-02,2026-08-07,,"settlement_date,settlement_status",P1,OPEN,0,NOMURA-BROKER,EQ-CORE-01,,True,TRAIN
BRK02175,RECON-DAILY,2026-08-16,TRADE,CONF_MISSING,External confirmation never received,INTERNAL_BOOK,EXTERNAL_CONFIRMATION,TRD104328,TRD104328,TRD104328,,,confirmation,P0,OPEN,0,MORGANSTANLEY-BROKER,EQ-ALPHA-03,,True,TRAIN
BRK02176,RECON-DAILY,2026-08-06,SETTLEMENT,SETL_INCORRECT_DATE,Settlement recorded against the wrong date (holiday-calendar-style off-by-one),INTERNAL_BOOK,CUSTODIAN_CONFIRM,TRD104330,TRD104330,2026-08-06,2026-08-07,,settlement_date,P2,OPEN,0,ICICI-CUST,EQ-ALPHA-03,,True,TEST
BRK02177,RECON-DAILY,2026-08-09,SETTLEMENT,SETL_MISSING_INSTRUCTION,No settlement instruction was ever issued,INTERNAL_BOOK,CUSTODIAN_CONFIRM,TRD104331,TRD104331,INSTRUCTED,MISSING,,instruction_status,P0,OPEN,0,KOTAK-CUST,EQ-CORE-02,,True,TRAIN
BRK02178,RECON-DAILY,2026-08-13,SETTLEMENT,SETL_INCORRECT_DATE,Settlement recorded against the wrong date (holiday-calendar-style off-by-one),INTERNAL_BOOK,CUSTODIAN_CONFIRM,TRD104332,TRD104332,2026-08-13,2026-08-14,,settlement_date,P2,OPEN,0,NOMURA-BROKER,EQ-INDEX-04,,True,TRAIN
BRK02179,RECON-DAILY,2026-08-09,SETTLEMENT,SETL_MISSING_INSTRUCTION,No settlement instruction was ever issued,INTERNAL_BOOK,CUSTODIAN_CONFIRM,TRD104334,TRD104334,INSTRUCTED,MISSING,,instruction_status,P0,OPEN,0,KOTAK-CUST,EQ-CORE-01,,True,TRAIN
BRK02180,RECON-DAILY,2026-08-08,SETTLEMENT,SETL_MISSING_INSTRUCTION,No settlement instruction was ever issued,INTERNAL_BOOK,CUSTODIAN_CONFIRM,TRD104335,TRD104335,INSTRUCTED,MISSING,,instruction_status,P0,OPEN,0,ICICI-CUST,EQ-INDEX-04,,True,TRAIN
BRK02181,RECON-DAILY,2026-08-09,TRADE,TRADE_COUNTERPARTY_ID_MISMATCH,Confirmed counterparty identifier differs from booked counterparty,INTERNAL_BOOK,EXTERNAL_CONFIRMATION,TRD104339,TRD104339,KOTAK-CUST,ICICI-CUST,,counterparty,P1,OPEN,0,KOTAK-CUST,EQ-INDEX-04,,True,TRAIN
BRK02182,RECON-DAILY,2026-08-17,POSITION,CA_INCORRECT_ENTITLEMENT,Corporate action entitlement calculated incorrectly (wrong ratio applied),INTERNAL_BOOK,CUSTODIAN_CONFIRM,TRD104341,TRD104341,4500,4800,,actual_quantity,P1,OPEN,0,MORGANSTANLEY-BROKER,EQ-ALPHA-03,MANDATORY,True,TRAIN
BRK02183,RECON-DAILY,2026-08-11,POSITION,POS_TIMING_DIFFERENCE,"Timing difference - quantities agree, as-of dates don't (expected to self-resolve)",INTERNAL_BOOK,CUSTODIAN_CONFIRM,TRD104345,TRD104345,2026-08-11,2026-08-12,,as_of_date,P2,OPEN,0,DEUTSCHE-BROKER,EQ-ALPHA-03,,True,TEST
BRK02184,RECON-DAILY,2026-08-13,CASH,CASH_MISSING_ENTRY,Expected cash movement never posted,INTERNAL_BOOK,CUSTODIAN_CONFIRM,TRD104346,TRD104346,929460.0,,,amount,P0,OPEN,0,NOMURA-BROKER,EQ-CORE-02,,True,TRAIN
BRK02185,RECON-DAILY,2026-08-04,SETTLEMENT,SETL_INCORRECT_DATE,Settlement recorded against the wrong date (holiday-calendar-style off-by-one),INTERNAL_BOOK,CUSTODIAN_CONFIRM,TRD104347,TRD104347,2026-08-04,2026-08-05,,settlement_date,P2,OPEN,0,ICICI-CUST,EQ-CORE-01,,True,TRAIN
BRK02186,RECON-DAILY,2026-08-16,CASH,CASH_FX_INPUT_DIFFERENCE,Cash posted in a different currency / at a stale or incorrect FX rate,INTERNAL_BOOK,CUSTODIAN_CONFIRM,TRD104348,TRD104348,2057945.0,2202001.15,,"amount,currency",P2,OPEN,0,HDFC-CUST,EQ-CORE-01,,False,TRAIN
BRK02187,RECON-DAILY,2026-08-22,CASH,CASH_DUPLICATE_ENTRY,Same cash movement posted twice,INTERNAL_BOOK,CUSTODIAN_CONFIRM,TRD104349,TRD104349,188474.0,376948.0,,"amount,cash_id",P1,OPEN,0,NOMURA-BROKER,EQ-CORE-01,,True,TRAIN
BRK02188,RECON-DAILY,2026-08-05,SETTLEMENT,SETL_MISSING_INSTRUCTION,No settlement instruction was ever issued,INTERNAL_BOOK,CUSTODIAN_CONFIRM,TRD104350,TRD104350,INSTRUCTED,MISSING,,instruction_status,P0,OPEN,0,MORGANSTANLEY-BROKER,EQ-ALPHA-03,,True,TEST
BRK02189,RECON-DAILY,2026-08-06,CASH,CASH_WRONG_AMOUNT,Cash amount posted differs from expected trade value by a non-round amount,INTERNAL_BOOK,CUSTODIAN_CONFIRM,TRD104351,TRD104351,3086917.5,3920385.23,,amount,P1,OPEN,0,HDFC-CUST,EQ-CORE-01,,False,TRAIN
BRK02190,RECON-DAILY,2026-08-12,TRADE,TRADE_QUANTITY_MISMATCH,Confirmed quantity differs from booked quantity,INTERNAL_BOOK,EXTERNAL_CONFIRMATION,TRD104352,TRD104352,500,450,,quantity,P1,OPEN,0,KOTAK-CUST,EQ-CORE-01,,True,TRAIN
BRK02191,RECON-DAILY,2026-08-19,CASH,CASH_DUPLICATE_ENTRY,Same cash movement posted twice,INTERNAL_BOOK,CUSTODIAN_CONFIRM,TRD104353,TRD104353,1029600.0,2059200.0,,"amount,cash_id",P1,OPEN,0,HDFC-CUST,EQ-INDEX-04,,False,TRAIN
BRK02192,RECON-DAILY,2026-08-14,SETTLEMENT,SETL_LATE_COUNTERPARTY,Counterparty has not settled by the expected date,INTERNAL_BOOK,CUSTODIAN_CONFIRM,TRD104354,TRD104354,2026-08-14,2026-08-17,,"settlement_date,settlement_status",P1,OPEN,0,KOTAK-CUST,EQ-INDEX-04,,True,TRAIN
BRK02193,RECON-DAILY,2026-08-17,POSITION,POS_TIMING_DIFFERENCE,"Timing difference - quantities agree, as-of dates don't (expected to self-resolve)",INTERNAL_BOOK,CUSTODIAN_CONFIRM,TRD104355,TRD104355,2026-08-17,2026-08-18,,as_of_date,P2,OPEN,0,DEUTSCHE-BROKER,EQ-CORE-01,,False,TRAIN
BRK02194,RECON-DAILY,2026-08-21,TRADE,CONF_DISAGREEMENT,External confirmation received but disagrees with the booking on multiple fields,INTERNAL_BOOK,EXTERNAL_CONFIRMATION,TRD104356,TRD104356,"qty=2000,price=2742.23","qty=1925,price=2776.21",,"quantity,price",P1,OPEN,0,KOTAK-CUST,EQ-CORE-01,,True,TRAIN
BRK02195,RECON-DAILY,2026-08-11,SETTLEMENT,SETL_WRONG_SSI,Settlement instruction references the wrong SSI/beneficiary account - the payment-failure flagship scenario,INTERNAL_BOOK,CUSTODIAN_CONFIRM,TRD104358,TRD104358,SSI-US-7742,SSI-IN-0203,,ssi_code,P0,OPEN,0,MORGANSTANLEY-BROKER,EQ-INDEX-04,,True,TRAIN
BRK02196,RECON-DAILY,2026-08-05,TRADE,TRADE_DATE_MISMATCH,Confirmed trade date differs from booked trade date,INTERNAL_BOOK,EXTERNAL_CONFIRMATION,TRD104361,TRD104361,2026-08-04,2026-08-05,,trade_date,P2,OPEN,0,MORGANSTANLEY-BROKER,EQ-CORE-01,,True,TRAIN
BRK02197,RECON-DAILY,2026-08-09,TRADE,TRADE_PRICE_MISMATCH,Confirmed price differs from booked price,INTERNAL_BOOK,EXTERNAL_CONFIRMATION,TRD104362,TRD104362,2856.71,2911.79,,price,P2,OPEN,0,MORGANSTANLEY-BROKER,EQ-CORE-01,,True,TEST
BRK02198,RECON-DAILY,2026-08-20,POSITION,CA_INCORRECT_ENTITLEMENT,Corporate action entitlement calculated incorrectly (wrong ratio applied),INTERNAL_BOOK,CUSTODIAN_CONFIRM,TRD104363,TRD104363,1125,975,,actual_quantity,P1,OPEN,0,ICICI-CUST,EQ-INDEX-04,MANDATORY,True,TRAIN
BRK02199,RECON-DAILY,2026-08-13,TRADE,TRADE_PRICE_MISMATCH,Confirmed price differs from booked price,INTERNAL_BOOK,EXTERNAL_CONFIRMATION,TRD104365,TRD104365,4130.53,4183.32,,price,P2,OPEN,0,MORGANSTANLEY-BROKER,EQ-CORE-01,,True,TRAIN
BRK02200,RECON-DAILY,2026-08-09,SETTLEMENT,SETL_INCORRECT_DATE,Settlement recorded against the wrong date (holiday-calendar-style off-by-one),INTERNAL_BOOK,CUSTODIAN_CONFIRM,TRD104367,TRD104367,2026-08-09,2026-08-10,,settlement_date,P2,OPEN,0,ICICI-CUST,EQ-CORE-02,,True,TRAIN
BRK02201,RECON-DAILY,2026-08-12,CASH,CASH_DUPLICATE_ENTRY,Same cash movement posted twice,INTERNAL_BOOK,CUSTODIAN_CONFIRM,TRD104368,TRD104368,153015.0,306030.0,,"amount,cash_id",P1,OPEN,0,HDFC-CUST,EQ-INDEX-04,,False,TRAIN
BRK02202,RECON-DAILY,2026-08-20,CASH,CASH_FX_INPUT_DIFFERENCE,Cash posted in a different currency / at a stale or incorrect FX rate,INTERNAL_BOOK,CUSTODIAN_CONFIRM,TRD104369,TRD104369,470747.5,494284.88,,"amount,currency",P2,OPEN,0,NOMURA-BROKER,EQ-CORE-01,,False,TRAIN
BRK02203,RECON-DAILY,2026-08-06,SETTLEMENT,SETL_MISSING_INSTRUCTION,No settlement instruction was ever issued,INTERNAL_BOOK,CUSTODIAN_CONFIRM,TRD104370,TRD104370,INSTRUCTED,MISSING,,instruction_status,P0,OPEN,0,MORGANSTANLEY-BROKER,EQ-CORE-02,,True,TEST
BRK02204,RECON-DAILY,2026-08-18,CASH,CASH_MISSING_ENTRY,Expected cash movement never posted,INTERNAL_BOOK,CUSTODIAN_CONFIRM,TRD104371,TRD104371,2746840.0,,,amount,P0,OPEN,0,KOTAK-CUST,EQ-CORE-02,,True,TRAIN
BRK02205,RECON-DAILY,2026-08-20,CASH,CASH_FX_INPUT_DIFFERENCE,Cash posted in a different currency / at a stale or incorrect FX rate,INTERNAL_BOOK,CUSTODIAN_CONFIRM,TRD104375,TRD104375,942215.0,1008170.05,,"amount,currency",P2,OPEN,0,KOTAK-CUST,EQ-ALPHA-03,,False,TRAIN
BRK02206,RECON-DAILY,2026-08-12,POSITION,POS_WRONG_QUANTITY,Wrong quantity - external position differs by a non-round amount,INTERNAL_BOOK,CUSTODIAN_CONFIRM,TRD104376,TRD104376,100,117,,actual_quantity,P1,OPEN,0,MORGANSTANLEY-BROKER,EQ-INDEX-04,,True,TRAIN
BRK02207,RECON-DAILY,2026-08-09,TRADE,TRADE_COUNTERPARTY_ID_MISMATCH,Confirmed counterparty identifier differs from booked counterparty,INTERNAL_BOOK,EXTERNAL_CONFIRMATION,TRD104380,TRD104380,NOMURA-BROKER,ICICI-CUST,,counterparty,P1,OPEN,0,NOMURA-BROKER,EQ-ALPHA-03,,True,TEST
BRK02208,RECON-DAILY,2026-08-17,POSITION,POS_MISSING_BOOKING,Missing upstream booking - position never reflected externally,INTERNAL_BOOK,CUSTODIAN_CONFIRM,TRD104384,TRD104384,200,0,,actual_quantity,P0,OPEN,0,HDFC-CUST,EQ-CORE-01,,False,TRAIN
BRK02209,RECON-DAILY,2026-08-03,POSITION,POS_TIMING_DIFFERENCE,"Timing difference - quantities agree, as-of dates don't (expected to self-resolve)",INTERNAL_BOOK,CUSTODIAN_CONFIRM,TRD104387,TRD104387,2026-08-03,2026-08-04,,as_of_date,P2,OPEN,0,MORGANSTANLEY-BROKER,EQ-ALPHA-03,,True,TRAIN
BRK02210,RECON-DAILY,2026-08-19,POSITION,CA_VOLUNTARY_DECISION,"Voluntary corporate action (tender/conversion) pending an election - requires a human business decision, always escalated",INTERNAL_BOOK,CUSTODIAN_CONFIRM,TRD104388,TRD104388,1000,500,,actual_quantity,P1,OPEN,0,ICICI-CUST,EQ-ALPHA-03,VOLUNTARY,True,TRAIN
BRK02211,RECON-DAILY,2026-08-11,SETTLEMENT,SETL_INCORRECT_DATE,Settlement recorded against the wrong date (holiday-calendar-style off-by-one),INTERNAL_BOOK,CUSTODIAN_CONFIRM,TRD104390,TRD104390,2026-08-11,2026-08-12,,settlement_date,P2,OPEN,0,DEUTSCHE-BROKER,EQ-INDEX-04,,True,TRAIN
BRK02212,RECON-DAILY,2026-08-20,TRADE,TRADE_QUANTITY_MISMATCH,Confirmed quantity differs from booked quantity,INTERNAL_BOOK,EXTERNAL_CONFIRMATION,TRD104391,TRD104391,200,150,,quantity,P1,OPEN,0,DEUTSCHE-BROKER,EQ-INDEX-04,,True,TRAIN
BRK02213,RECON-DAILY,2026-08-13,TRADE,CONF_MISSING,External confirmation never received,INTERNAL_BOOK,EXTERNAL_CONFIRMATION,TRD104392,TRD104392,TRD104392,,,confirmation,P0,OPEN,0,DEUTSCHE-BROKER,EQ-ALPHA-03,,True,TRAIN
BRK02214,RECON-DAILY,2026-08-13,TRADE,TRADE_QUANTITY_MISMATCH,Confirmed quantity differs from booked quantity,INTERNAL_BOOK,EXTERNAL_CONFIRMATION,TRD104395,TRD104395,1500,1700,,quantity,P1,OPEN,0,NOMURA-BROKER,EQ-INDEX-04,,True,TEST
BRK02215,RECON-DAILY,2026-08-16,TRADE,TRADE_DATE_MISMATCH,Confirmed trade date differs from booked trade date,INTERNAL_BOOK,EXTERNAL_CONFIRMATION,TRD104398,TRD104398,2026-08-15,2026-08-16,,trade_date,P2,OPEN,0,DEUTSCHE-BROKER,EQ-ALPHA-03,,True,TRAIN
BRK02216,RECON-DAILY,2026-08-16,SETTLEMENT,SETL_LATE_COUNTERPARTY,Counterparty has not settled by the expected date,INTERNAL_BOOK,CUSTODIAN_CONFIRM,TRD104400,TRD104400,2026-08-16,2026-08-20,,"settlement_date,settlement_status",P1,OPEN,0,ICICI-CUST,EQ-CORE-01,,True,TEST
BRK02217,RECON-DAILY,2026-08-22,TRADE,TRADE_COUNTERPARTY_ID_MISMATCH,Confirmed counterparty identifier differs from booked counterparty,INTERNAL_BOOK,EXTERNAL_CONFIRMATION,TRD104402,TRD104402,HDFC-CUST,ICICI-CUST,,counterparty,P1,OPEN,0,HDFC-CUST,EQ-ALPHA-03,,True,TEST
BRK02218,RECON-DAILY,2026-08-14,TRADE,TRADE_PRICE_MISMATCH,Confirmed price differs from booked price,INTERNAL_BOOK,EXTERNAL_CONFIRMATION,TRD104404,TRD104404,1177.33,1206.64,,price,P2,OPEN,0,ICICI-CUST,EQ-INDEX-04,,True,TRAIN
BRK02219,RECON-DAILY,2026-08-08,SETTLEMENT,SETL_WRONG_SSI,Settlement instruction references the wrong SSI/beneficiary account - the payment-failure flagship scenario,INTERNAL_BOOK,CUSTODIAN_CONFIRM,TRD104406,TRD104406,SSI-IN-0203,SSI-IN-0091,,ssi_code,P0,OPEN,0,KOTAK-CUST,EQ-INDEX-04,,True,TRAIN
BRK02220,RECON-DAILY,2026-08-14,CASH,CASH_DUPLICATE_ENTRY,Same cash movement posted twice,INTERNAL_BOOK,CUSTODIAN_CONFIRM,TRD104408,TRD104408,46671.0,93342.0,,"amount,cash_id",P1,OPEN,0,KOTAK-CUST,EQ-ALPHA-03,,False,TRAIN
BRK02221,RECON-DAILY,2026-08-07,TRADE,CONF_MISSING,External confirmation never received,INTERNAL_BOOK,EXTERNAL_CONFIRMATION,TRD104413,TRD104413,TRD104413,,,confirmation,P0,OPEN,0,ICICI-CUST,EQ-CORE-02,,True,TRAIN
BRK02222,RECON-DAILY,2026-08-04,TRADE,CONF_DISAGREEMENT,External confirmation received but disagrees with the booking on multiple fields,INTERNAL_BOOK,EXTERNAL_CONFIRMATION,TRD104414,TRD104414,"qty=200,price=1885.56","qty=125,price=1908.45",,"quantity,price",P1,OPEN,0,DEUTSCHE-BROKER,EQ-CORE-01,,True,TRAIN
BRK02223,RECON-DAILY,2026-08-02,POSITION,CA_MANDATORY_NOT_REFLECTED,"Mandatory corporate action (split/bonus) not yet reflected externally - mechanical, auto-correctable",INTERNAL_BOOK,CUSTODIAN_CONFIRM,TRD104421,TRD104421,600,200,,actual_quantity,P1,OPEN,0,HDFC-CUST,EQ-CORE-02,MANDATORY,True,TEST
BRK02224,RECON-DAILY,2026-08-13,SETTLEMENT,SETL_MISSING_INSTRUCTION,No settlement instruction was ever issued,INTERNAL_BOOK,CUSTODIAN_CONFIRM,TRD104422,TRD104422,INSTRUCTED,MISSING,,instruction_status,P0,OPEN,0,KOTAK-CUST,EQ-CORE-01,,True,TEST
BRK02225,RECON-DAILY,2026-08-08,TRADE,TRADE_COUNTERPARTY_ID_MISMATCH,Confirmed counterparty identifier differs from booked counterparty,INTERNAL_BOOK,EXTERNAL_CONFIRMATION,TRD104428,TRD104428,DEUTSCHE-BROKER,KOTAK-CUST,,counterparty,P1,OPEN,0,DEUTSCHE-BROKER,EQ-CORE-01,,True,TRAIN
BRK02226,RECON-DAILY,2026-08-10,TRADE,CONF_DISAGREEMENT,External confirmation received but disagrees with the booking on multiple fields,INTERNAL_BOOK,EXTERNAL_CONFIRMATION,TRD104430,TRD104430,"qty=1500,price=1890.02","qty=1425,price=1920.95",,"quantity,price",P1,OPEN,0,NOMURA-BROKER,EQ-ALPHA-03,,True,TRAIN
BRK02227,RECON-DAILY,2026-08-21,TRADE,TRADE_DATE_MISMATCH,Confirmed trade date differs from booked trade date,INTERNAL_BOOK,EXTERNAL_CONFIRMATION,TRD104437,TRD104437,2026-08-20,2026-08-21,,trade_date,P2,OPEN,0,HDFC-CUST,EQ-CORE-01,,True,TRAIN
BRK02228,RECON-DAILY,2026-08-05,CASH,CASH_DUPLICATE_ENTRY,Same cash movement posted twice,INTERNAL_BOOK,CUSTODIAN_CONFIRM,TRD104438,TRD104438,1687860.0,3375720.0,,"amount,cash_id",P1,OPEN,0,KOTAK-CUST,EQ-CORE-02,,False,TRAIN
BRK02229,RECON-DAILY,2026-08-18,POSITION,CA_VOLUNTARY_DECISION,"Voluntary corporate action (tender/conversion) pending an election - requires a human business decision, always escalated",INTERNAL_BOOK,CUSTODIAN_CONFIRM,TRD104440,TRD104440,2000,1000,,actual_quantity,P1,OPEN,0,MORGANSTANLEY-BROKER,EQ-CORE-02,VOLUNTARY,True,TRAIN
BRK02230,RECON-DAILY,2026-08-08,CASH,CASH_WRONG_AMOUNT,Cash amount posted differs from expected trade value by a non-round amount,INTERNAL_BOOK,CUSTODIAN_CONFIRM,TRD104443,TRD104443,621240.0,565328.4,,amount,P1,OPEN,0,NOMURA-BROKER,EQ-ALPHA-03,,False,TRAIN
BRK02231,RECON-DAILY,2026-08-07,TRADE,TRADE_DATE_MISMATCH,Confirmed trade date differs from booked trade date,INTERNAL_BOOK,EXTERNAL_CONFIRMATION,TRD104444,TRD104444,2026-08-06,2026-08-07,,trade_date,P2,OPEN,0,MORGANSTANLEY-BROKER,EQ-INDEX-04,,True,TRAIN
BRK02232,RECON-DAILY,2026-08-21,TRADE,TRADE_COUNTERPARTY_ID_MISMATCH,Confirmed counterparty identifier differs from booked counterparty,INTERNAL_BOOK,EXTERNAL_CONFIRMATION,TRD104446,TRD104446,MORGANSTANLEY-BROKER,HDFC-CUST,,counterparty,P1,OPEN,0,MORGANSTANLEY-BROKER,EQ-CORE-01,,True,TRAIN
BRK02233,RECON-DAILY,2026-08-06,POSITION,CA_MANDATORY_NOT_REFLECTED,"Mandatory corporate action (split/bonus) not yet reflected externally - mechanical, auto-correctable",INTERNAL_BOOK,CUSTODIAN_CONFIRM,TRD104447,TRD104447,300,100,,actual_quantity,P1,OPEN,0,KOTAK-CUST,EQ-INDEX-04,MANDATORY,True,TRAIN
BRK02234,RECON-DAILY,2026-08-17,TRADE,TRADE_QUANTITY_MISMATCH,Confirmed quantity differs from booked quantity,INTERNAL_BOOK,EXTERNAL_CONFIRMATION,TRD104449,TRD104449,1000,1100,,quantity,P1,OPEN,0,DEUTSCHE-BROKER,EQ-CORE-02,,True,TRAIN
BRK02235,RECON-DAILY,2026-08-06,TRADE,TRADE_DATE_MISMATCH,Confirmed trade date differs from booked trade date,INTERNAL_BOOK,EXTERNAL_CONFIRMATION,TRD104450,TRD104450,2026-08-05,2026-08-06,,trade_date,P2,OPEN,0,HDFC-CUST,EQ-ALPHA-03,,True,TRAIN
BRK02236,RECON-DAILY,2026-08-09,POSITION,CA_MANDATORY_NOT_REFLECTED,"Mandatory corporate action (split/bonus) not yet reflected externally - mechanical, auto-correctable",INTERNAL_BOOK,CUSTODIAN_CONFIRM,TRD104451,TRD104451,500,250,,actual_quantity,P1,OPEN,0,DEUTSCHE-BROKER,EQ-CORE-02,MANDATORY,True,TRAIN
BRK02237,RECON-DAILY,2026-08-09,POSITION,CA_INCORRECT_ENTITLEMENT,Corporate action entitlement calculated incorrectly (wrong ratio applied),INTERNAL_BOOK,CUSTODIAN_CONFIRM,TRD104453,TRD104453,1500,1700,,actual_quantity,P1,OPEN,0,ICICI-CUST,EQ-CORE-01,MANDATORY,True,TRAIN
BRK02238,RECON-DAILY,2026-08-22,SETTLEMENT,SETL_WRONG_SSI,Settlement instruction references the wrong SSI/beneficiary account - the payment-failure flagship scenario,INTERNAL_BOOK,CUSTODIAN_CONFIRM,TRD104455,TRD104455,SSI-IN-0091,SSI-DE-5510,,ssi_code,P0,OPEN,0,ICICI-CUST,EQ-ALPHA-03,,True,TEST
BRK02239,RECON-DAILY,2026-08-12,CASH,CASH_FX_INPUT_DIFFERENCE,Cash posted in a different currency / at a stale or incorrect FX rate,INTERNAL_BOOK,CUSTODIAN_CONFIRM,TRD104456,TRD104456,85980.0,79961.4,,"amount,currency",P2,OPEN,0,MORGANSTANLEY-BROKER,EQ-ALPHA-03,,False,TRAIN
BRK02240,RECON-DAILY,2026-08-20,TRADE,TRADE_PRICE_MISMATCH,Confirmed price differs from booked price,INTERNAL_BOOK,EXTERNAL_CONFIRMATION,TRD104457,TRD104457,2736.36,2785.67,,price,P2,OPEN,0,MORGANSTANLEY-BROKER,EQ-CORE-02,,True,TRAIN
BRK02241,RECON-DAILY,2026-08-07,POSITION,CA_MANDATORY_NOT_REFLECTED,"Mandatory corporate action (split/bonus) not yet reflected externally - mechanical, auto-correctable",INTERNAL_BOOK,CUSTODIAN_CONFIRM,TRD104459,TRD104459,200,100,,actual_quantity,P1,OPEN,0,DEUTSCHE-BROKER,EQ-CORE-02,MANDATORY,True,TRAIN
BRK02242,RECON-DAILY,2026-08-22,TRADE,TRADE_COUNTERPARTY_ID_MISMATCH,Confirmed counterparty identifier differs from booked counterparty,INTERNAL_BOOK,EXTERNAL_CONFIRMATION,TRD104461,TRD104461,ICICI-CUST,MORGANSTANLEY-BROKER,,counterparty,P1,OPEN,0,ICICI-CUST,EQ-INDEX-04,,True,TEST
BRK02243,RECON-DAILY,2026-08-12,SETTLEMENT,SETL_INCORRECT_DATE,Settlement recorded against the wrong date (holiday-calendar-style off-by-one),INTERNAL_BOOK,CUSTODIAN_CONFIRM,TRD104463,TRD104463,2026-08-12,2026-08-13,,settlement_date,P2,OPEN,0,KOTAK-CUST,EQ-ALPHA-03,,True,TRAIN
BRK02244,RECON-DAILY,2026-08-09,POSITION,CA_VOLUNTARY_DECISION,"Voluntary corporate action (tender/conversion) pending an election - requires a human business decision, always escalated",INTERNAL_BOOK,CUSTODIAN_CONFIRM,TRD104464,TRD104464,2250,750,,actual_quantity,P1,OPEN,0,ICICI-CUST,EQ-INDEX-04,VOLUNTARY,True,TRAIN
BRK02245,RECON-DAILY,2026-08-12,CASH,CASH_WRONG_AMOUNT,Cash amount posted differs from expected trade value by a non-round amount,INTERNAL_BOOK,CUSTODIAN_CONFIRM,TRD104470,TRD104470,5685740.0,4662306.8,,amount,P1,OPEN,0,HDFC-CUST,EQ-CORE-02,,False,TEST
BRK02246,RECON-DAILY,2026-08-06,POSITION,CA_MANDATORY_NOT_REFLECTED,"Mandatory corporate action (split/bonus) not yet reflected externally - mechanical, auto-correctable",INTERNAL_BOOK,CUSTODIAN_CONFIRM,TRD104474,TRD104474,300,200,,actual_quantity,P1,OPEN,0,HDFC-CUST,EQ-CORE-02,MANDATORY,True,TRAIN
BRK02247,RECON-DAILY,2026-08-04,TRADE,TRADE_QUANTITY_MISMATCH,Confirmed quantity differs from booked quantity,INTERNAL_BOOK,EXTERNAL_CONFIRMATION,TRD104475,TRD104475,100,1,,quantity,P1,OPEN,0,KOTAK-CUST,EQ-ALPHA-03,,True,TRAIN
BRK02248,RECON-DAILY,2026-08-20,POSITION,CA_INCORRECT_ENTITLEMENT,Corporate action entitlement calculated incorrectly (wrong ratio applied),INTERNAL_BOOK,CUSTODIAN_CONFIRM,TRD104476,TRD104476,3000,2400,,actual_quantity,P1,OPEN,0,KOTAK-CUST,EQ-CORE-01,MANDATORY,True,TRAIN
BRK02249,RECON-DAILY,2026-08-07,CASH,CASH_WRONG_AMOUNT,Cash amount posted differs from expected trade value by a non-round amount,INTERNAL_BOOK,CUSTODIAN_CONFIRM,TRD104478,TRD104478,824922.0,981657.18,,amount,P1,OPEN,0,KOTAK-CUST,EQ-ALPHA-03,,False,TRAIN
BRK02250,RECON-DAILY,2026-08-03,TRADE,TRADE_DATE_MISMATCH,Confirmed trade date differs from booked trade date,INTERNAL_BOOK,EXTERNAL_CONFIRMATION,TRD104479,TRD104479,2026-08-02,2026-08-03,,trade_date,P2,OPEN,0,DEUTSCHE-BROKER,EQ-CORE-01,,True,TRAIN
BRK02251,RECON-DAILY,2026-08-13,TRADE,TRADE_PRICE_MISMATCH,Confirmed price differs from booked price,INTERNAL_BOOK,EXTERNAL_CONFIRMATION,TRD104480,TRD104480,13021.83,12766.03,,price,P2,OPEN,0,ICICI-CUST,EQ-ALPHA-03,,True,TRAIN
BRK02252,RECON-DAILY,2026-08-19,CASH,CASH_FX_INPUT_DIFFERENCE,Cash posted in a different currency / at a stale or incorrect FX rate,INTERNAL_BOOK,CUSTODIAN_CONFIRM,TRD104485,TRD104485,2600448.0,2782479.36,,"amount,currency",P2,OPEN,0,NOMURA-BROKER,EQ-ALPHA-03,,False,TEST
BRK02253,RECON-DAILY,2026-08-02,SETTLEMENT,SETL_WRONG_SSI,Settlement instruction references the wrong SSI/beneficiary account - the payment-failure flagship scenario,INTERNAL_BOOK,CUSTODIAN_CONFIRM,TRD104486,TRD104486,SSI-DE-5510,SSI-IN-0203,,ssi_code,P0,OPEN,0,DEUTSCHE-BROKER,EQ-INDEX-04,,True,TEST
BRK02254,RECON-DAILY,2026-08-03,TRADE,TRADE_PRICE_MISMATCH,Confirmed price differs from booked price,INTERNAL_BOOK,EXTERNAL_CONFIRMATION,TRD104487,TRD104487,843.82,823.72,,price,P2,OPEN,0,KOTAK-CUST,EQ-INDEX-04,,True,TRAIN
BRK02255,RECON-DAILY,2026-08-15,POSITION,POS_MISSING_BOOKING,Missing upstream booking - position never reflected externally,INTERNAL_BOOK,CUSTODIAN_CONFIRM,TRD104489,TRD104489,500,0,,actual_quantity,P0,OPEN,0,ICICI-CUST,EQ-CORE-01,,True,TRAIN
BRK02256,RECON-DAILY,2026-08-17,POSITION,CA_INCORRECT_ENTITLEMENT,Corporate action entitlement calculated incorrectly (wrong ratio applied),INTERNAL_BOOK,CUSTODIAN_CONFIRM,TRD104491,TRD104491,1500,1600,,actual_quantity,P1,OPEN,0,MORGANSTANLEY-BROKER,EQ-CORE-01,MANDATORY,True,TRAIN
BRK02257,RECON-DAILY,2026-08-18,TRADE,CONF_DISAGREEMENT,External confirmation received but disagrees with the booking on multiple fields,INTERNAL_BOOK,EXTERNAL_CONFIRMATION,TRD104493,TRD104493,"qty=200,price=1673.65","qty=125,price=1705.33",,"quantity,price",P1,OPEN,0,DEUTSCHE-BROKER,EQ-ALPHA-03,,True,TRAIN
BRK02258,RECON-DAILY,2026-08-21,POSITION,CA_MANDATORY_NOT_REFLECTED,"Mandatory corporate action (split/bonus) not yet reflected externally - mechanical, auto-correctable",INTERNAL_BOOK,CUSTODIAN_CONFIRM,TRD104494,TRD104494,3000,1000,,actual_quantity,P1,OPEN,0,ICICI-CUST,EQ-ALPHA-03,MANDATORY,True,TEST
BRK02259,RECON-DAILY,2026-08-14,SETTLEMENT,SETL_WRONG_SSI,Settlement instruction references the wrong SSI/beneficiary account - the payment-failure flagship scenario,INTERNAL_BOOK,CUSTODIAN_CONFIRM,TRD104495,TRD104495,SSI-US-7742,SSI-IN-0147,,ssi_code,P0,OPEN,0,MORGANSTANLEY-BROKER,EQ-CORE-02,,True,TEST
BRK02260,RECON-DAILY,2026-08-13,POSITION,CA_INCORRECT_ENTITLEMENT,Corporate action entitlement calculated incorrectly (wrong ratio applied),INTERNAL_BOOK,CUSTODIAN_CONFIRM,TRD104498,TRD104498,1000,1100,,actual_quantity,P1,OPEN,0,DEUTSCHE-BROKER,EQ-ALPHA-03,MANDATORY,True,TRAIN
BRK02261,RECON-DAILY,2026-08-02,SETTLEMENT,SETL_INCORRECT_DATE,Settlement recorded against the wrong date (holiday-calendar-style off-by-one),INTERNAL_BOOK,CUSTODIAN_CONFIRM,TRD104499,TRD104499,2026-08-02,2026-08-03,,settlement_date,P2,OPEN,0,MORGANSTANLEY-BROKER,EQ-CORE-02,,True,TRAIN
BRK02262,RECON-DAILY,2026-08-18,POSITION,CA_MANDATORY_NOT_REFLECTED,"Mandatory corporate action (split/bonus) not yet reflected externally - mechanical, auto-correctable",INTERNAL_BOOK,CUSTODIAN_CONFIRM,TRD104500,TRD104500,3000,1500,,actual_quantity,P1,OPEN,0,MORGANSTANLEY-BROKER,EQ-ALPHA-03,MANDATORY,True,TRAIN
BRK02263,RECON-DAILY,2026-08-11,SETTLEMENT,SETL_LATE_COUNTERPARTY,Counterparty has not settled by the expected date,INTERNAL_BOOK,CUSTODIAN_CONFIRM,TRD104501,TRD104501,2026-08-11,2026-08-15,,"settlement_date,settlement_status",P1,OPEN,0,MORGANSTANLEY-BROKER,EQ-CORE-02,,True,TRAIN
BRK02264,RECON-DAILY,2026-08-08,SETTLEMENT,SETL_MISSING_INSTRUCTION,No settlement instruction was ever issued,INTERNAL_BOOK,CUSTODIAN_CONFIRM,TRD104505,TRD104505,INSTRUCTED,MISSING,,instruction_status,P0,OPEN,0,KOTAK-CUST,EQ-CORE-02,,True,TRAIN
BRK02265,RECON-DAILY,2026-08-22,POSITION,POS_TIMING_DIFFERENCE,"Timing difference - quantities agree, as-of dates don't (expected to self-resolve)",INTERNAL_BOOK,CUSTODIAN_CONFIRM,TRD104506,TRD104506,2026-08-22,2026-08-23,,as_of_date,P2,OPEN,0,DEUTSCHE-BROKER,EQ-CORE-02,,True,TRAIN
BRK02266,RECON-DAILY,2026-08-08,TRADE,TRADE_DATE_MISMATCH,Confirmed trade date differs from booked trade date,INTERNAL_BOOK,EXTERNAL_CONFIRMATION,TRD104509,TRD104509,2026-08-07,2026-08-08,,trade_date,P2,OPEN,0,ICICI-CUST,EQ-INDEX-04,,True,TEST
BRK02267,RECON-DAILY,2026-08-07,SETTLEMENT,SETL_LATE_COUNTERPARTY,Counterparty has not settled by the expected date,INTERNAL_BOOK,CUSTODIAN_CONFIRM,TRD104510,TRD104510,2026-08-07,2026-08-10,,"settlement_date,settlement_status",P1,OPEN,0,DEUTSCHE-BROKER,EQ-CORE-01,,True,TRAIN
BRK02268,RECON-DAILY,2026-08-11,CASH,CASH_WRONG_AMOUNT,Cash amount posted differs from expected trade value by a non-round amount,INTERNAL_BOOK,CUSTODIAN_CONFIRM,TRD104513,TRD104513,286466.0,317977.26,,amount,P1,OPEN,0,MORGANSTANLEY-BROKER,EQ-CORE-01,,False,TRAIN
BRK02269,RECON-DAILY,2026-08-17,CASH,CASH_DUPLICATE_ENTRY,Same cash movement posted twice,INTERNAL_BOOK,CUSTODIAN_CONFIRM,TRD104514,TRD104514,978515.0,1957030.0,,"amount,cash_id",P1,OPEN,0,DEUTSCHE-BROKER,EQ-INDEX-04,,False,TRAIN
BRK02270,RECON-DAILY,2026-08-11,POSITION,POS_TIMING_DIFFERENCE,"Timing difference - quantities agree, as-of dates don't (expected to self-resolve)",INTERNAL_BOOK,CUSTODIAN_CONFIRM,TRD104516,TRD104516,2026-08-11,2026-08-12,,as_of_date,P2,OPEN,0,HDFC-CUST,EQ-CORE-02,,False,TRAIN
BRK02271,RECON-DAILY,2026-08-22,TRADE,TRADE_COUNTERPARTY_ID_MISMATCH,Confirmed counterparty identifier differs from booked counterparty,INTERNAL_BOOK,EXTERNAL_CONFIRMATION,TRD104522,TRD104522,DEUTSCHE-BROKER,MORGANSTANLEY-BROKER,,counterparty,P1,OPEN,0,DEUTSCHE-BROKER,EQ-CORE-01,,True,TRAIN
BRK02272,RECON-DAILY,2026-08-15,SETTLEMENT,SETL_INCORRECT_DATE,Settlement recorded against the wrong date (holiday-calendar-style off-by-one),INTERNAL_BOOK,CUSTODIAN_CONFIRM,TRD104526,TRD104526,2026-08-15,2026-08-16,,settlement_date,P2,OPEN,0,DEUTSCHE-BROKER,EQ-INDEX-04,,True,TRAIN
BRK02273,RECON-DAILY,2026-08-12,TRADE,TRADE_QUANTITY_MISMATCH,Confirmed quantity differs from booked quantity,INTERNAL_BOOK,EXTERNAL_CONFIRMATION,TRD104529,TRD104529,500,450,,quantity,P1,OPEN,0,HDFC-CUST,EQ-INDEX-04,,True,TRAIN
BRK02274,RECON-DAILY,2026-08-11,CASH,CASH_DUPLICATE_ENTRY,Same cash movement posted twice,INTERNAL_BOOK,CUSTODIAN_CONFIRM,TRD104530,TRD104530,1184130.0,2368260.0,,"amount,cash_id",P1,OPEN,0,KOTAK-CUST,EQ-ALPHA-03,,False,TRAIN
BRK02275,RECON-DAILY,2026-08-21,POSITION,POS_TIMING_DIFFERENCE,"Timing difference - quantities agree, as-of dates don't (expected to self-resolve)",INTERNAL_BOOK,CUSTODIAN_CONFIRM,TRD104535,TRD104535,2026-08-21,2026-08-22,,as_of_date,P2,OPEN,0,HDFC-CUST,EQ-INDEX-04,,False,TRAIN
BRK02276,RECON-DAILY,2026-08-16,TRADE,CONF_DISAGREEMENT,External confirmation received but disagrees with the booking on multiple fields,INTERNAL_BOOK,EXTERNAL_CONFIRMATION,TRD104536,TRD104536,"qty=200,price=1682.36","qty=275,price=1712.75",,"quantity,price",P1,OPEN,0,ICICI-CUST,EQ-CORE-01,,True,TEST
BRK02277,RECON-DAILY,2026-08-19,CASH,CASH_DUPLICATE_ENTRY,Same cash movement posted twice,INTERNAL_BOOK,CUSTODIAN_CONFIRM,TRD104538,TRD104538,1219600.0,2439200.0,,"amount,cash_id",P1,OPEN,0,NOMURA-BROKER,EQ-CORE-02,,False,TRAIN
BRK02278,RECON-DAILY,2026-08-16,POSITION,CA_VOLUNTARY_DECISION,"Voluntary corporate action (tender/conversion) pending an election - requires a human business decision, always escalated",INTERNAL_BOOK,CUSTODIAN_CONFIRM,TRD104542,TRD104542,300,100,,actual_quantity,P1,OPEN,0,ICICI-CUST,EQ-ALPHA-03,VOLUNTARY,True,TRAIN
BRK02279,RECON-DAILY,2026-08-04,CASH,CASH_DUPLICATE_ENTRY,Same cash movement posted twice,INTERNAL_BOOK,CUSTODIAN_CONFIRM,TRD104544,TRD104544,3912440.0,7824880.0,,"amount,cash_id",P1,OPEN,0,ICICI-CUST,EQ-CORE-02,,True,TRAIN
BRK02280,RECON-DAILY,2026-08-09,SETTLEMENT,SETL_WRONG_SSI,Settlement instruction references the wrong SSI/beneficiary account - the payment-failure flagship scenario,INTERNAL_BOOK,CUSTODIAN_CONFIRM,TRD104548,TRD104548,SSI-IN-0147,SSI-IN-0091,,ssi_code,P0,OPEN,0,HDFC-CUST,EQ-CORE-01,,True,TEST
BRK02281,RECON-DAILY,2026-08-22,SETTLEMENT,SETL_MISSING_INSTRUCTION,No settlement instruction was ever issued,INTERNAL_BOOK,CUSTODIAN_CONFIRM,TRD104549,TRD104549,INSTRUCTED,MISSING,,instruction_status,P0,OPEN,0,DEUTSCHE-BROKER,EQ-ALPHA-03,,True,TRAIN
BRK02282,RECON-DAILY,2026-08-19,CASH,CASH_MISSING_ENTRY,Expected cash movement never posted,INTERNAL_BOOK,CUSTODIAN_CONFIRM,TRD104551,TRD104551,335720.0,,,amount,P0,OPEN,0,ICICI-CUST,EQ-ALPHA-03,,True,TRAIN
BRK02283,RECON-DAILY,2026-08-03,POSITION,CA_INCORRECT_ENTITLEMENT,Corporate action entitlement calculated incorrectly (wrong ratio applied),INTERNAL_BOOK,CUSTODIAN_CONFIRM,TRD104552,TRD104552,3000,2700,,actual_quantity,P1,OPEN,0,ICICI-CUST,EQ-CORE-01,MANDATORY,True,TRAIN
BRK02284,RECON-DAILY,2026-08-14,POSITION,CA_MANDATORY_NOT_REFLECTED,"Mandatory corporate action (split/bonus) not yet reflected externally - mechanical, auto-correctable",INTERNAL_BOOK,CUSTODIAN_CONFIRM,TRD104555,TRD104555,1125,750,,actual_quantity,P1,OPEN,0,DEUTSCHE-BROKER,EQ-ALPHA-03,MANDATORY,True,TRAIN
BRK02285,RECON-DAILY,2026-08-05,CASH,CASH_FX_INPUT_DIFFERENCE,Cash posted in a different currency / at a stale or incorrect FX rate,INTERNAL_BOOK,CUSTODIAN_CONFIRM,TRD104557,TRD104557,86145.0,82699.2,,"amount,currency",P2,OPEN,0,ICICI-CUST,EQ-CORE-01,,False,TRAIN
BRK02286,RECON-DAILY,2026-08-11,TRADE,TRADE_QUANTITY_MISMATCH,Confirmed quantity differs from booked quantity,INTERNAL_BOOK,EXTERNAL_CONFIRMATION,TRD104559,TRD104559,2000,2100,,quantity,P1,OPEN,0,MORGANSTANLEY-BROKER,EQ-CORE-02,,True,TRAIN
BRK02287,RECON-DAILY,2026-08-05,SETTLEMENT,SETL_WRONG_SSI,Settlement instruction references the wrong SSI/beneficiary account - the payment-failure flagship scenario,INTERNAL_BOOK,CUSTODIAN_CONFIRM,TRD104560,TRD104560,SSI-IN-0091,SSI-DE-5510,,ssi_code,P0,OPEN,0,ICICI-CUST,EQ-CORE-01,,True,TRAIN
BRK02288,RECON-DAILY,2026-08-12,TRADE,CONF_MISSING,External confirmation never received,INTERNAL_BOOK,EXTERNAL_CONFIRMATION,TRD104564,TRD104564,TRD104564,,,confirmation,P0,OPEN,0,KOTAK-CUST,EQ-CORE-02,,True,TRAIN
BRK02289,RECON-DAILY,2026-08-16,TRADE,TRADE_PRICE_MISMATCH,Confirmed price differs from booked price,INTERNAL_BOOK,EXTERNAL_CONFIRMATION,TRD104568,TRD104568,611.25,594.69,,price,P2,OPEN,0,HDFC-CUST,EQ-CORE-01,,True,TRAIN
BRK02290,RECON-DAILY,2026-08-06,POSITION,POS_WRONG_QUANTITY,Wrong quantity - external position differs by a non-round amount,INTERNAL_BOOK,CUSTODIAN_CONFIRM,TRD104569,TRD104569,750,968,,actual_quantity,P1,OPEN,0,KOTAK-CUST,EQ-INDEX-04,,False,TRAIN
BRK02291,RECON-DAILY,2026-08-19,CASH,CASH_FX_INPUT_DIFFERENCE,Cash posted in a different currency / at a stale or incorrect FX rate,INTERNAL_BOOK,CUSTODIAN_CONFIRM,TRD104570,TRD104570,86475.0,90798.75,,"amount,currency",P2,OPEN,0,KOTAK-CUST,EQ-INDEX-04,,False,TRAIN
BRK02292,RECON-DAILY,2026-08-17,SETTLEMENT,SETL_MISSING_INSTRUCTION,No settlement instruction was ever issued,INTERNAL_BOOK,CUSTODIAN_CONFIRM,TRD104573,TRD104573,INSTRUCTED,MISSING,,instruction_status,P0,OPEN,0,MORGANSTANLEY-BROKER,EQ-INDEX-04,,True,TRAIN
BRK02293,RECON-DAILY,2026-08-13,SETTLEMENT,SETL_INCORRECT_DATE,Settlement recorded against the wrong date (holiday-calendar-style off-by-one),INTERNAL_BOOK,CUSTODIAN_CONFIRM,TRD104574,TRD104574,2026-08-13,2026-08-14,,settlement_date,P2,OPEN,0,KOTAK-CUST,EQ-CORE-01,,True,TRAIN
BRK02294,RECON-DAILY,2026-08-12,CASH,CASH_MISSING_ENTRY,Expected cash movement never posted,INTERNAL_BOOK,CUSTODIAN_CONFIRM,TRD104576,TRD104576,34452.0,,,amount,P0,OPEN,0,ICICI-CUST,EQ-INDEX-04,,True,TRAIN
BRK02295,RECON-DAILY,2026-08-14,CASH,CASH_FX_INPUT_DIFFERENCE,Cash posted in a different currency / at a stale or incorrect FX rate,INTERNAL_BOOK,CUSTODIAN_CONFIRM,TRD104577,TRD104577,172880.0,184981.6,,"amount,currency",P2,OPEN,0,KOTAK-CUST,EQ-INDEX-04,,False,TRAIN
BRK02296,RECON-DAILY,2026-08-03,CASH,CASH_MISSING_ENTRY,Expected cash movement never posted,INTERNAL_BOOK,CUSTODIAN_CONFIRM,TRD104582,TRD104582,711837.5,,,amount,P0,OPEN,0,ICICI-CUST,EQ-CORE-01,,False,TRAIN
BRK02297,RECON-DAILY,2026-08-14,POSITION,CA_VOLUNTARY_DECISION,"Voluntary corporate action (tender/conversion) pending an election - requires a human business decision, always escalated",INTERNAL_BOOK,CUSTODIAN_CONFIRM,TRD104587,TRD104587,1500,750,,actual_quantity,P1,OPEN,0,MORGANSTANLEY-BROKER,EQ-CORE-01,VOLUNTARY,True,TRAIN
BRK02298,RECON-DAILY,2026-08-08,POSITION,CA_MANDATORY_NOT_REFLECTED,"Mandatory corporate action (split/bonus) not yet reflected externally - mechanical, auto-correctable",INTERNAL_BOOK,CUSTODIAN_CONFIRM,TRD104588,TRD104588,750,250,,actual_quantity,P1,OPEN,0,ICICI-CUST,EQ-CORE-01,MANDATORY,True,TEST
BRK02299,RECON-DAILY,2026-08-17,SETTLEMENT,SETL_LATE_COUNTERPARTY,Counterparty has not settled by the expected date,INTERNAL_BOOK,CUSTODIAN_CONFIRM,TRD104589,TRD104589,2026-08-17,2026-08-19,,"settlement_date,settlement_status",P1,OPEN,0,NOMURA-BROKER,EQ-INDEX-04,,True,TRAIN
BRK02300,RECON-DAILY,2026-08-04,SETTLEMENT,SETL_LATE_COUNTERPARTY,Counterparty has not settled by the expected date,INTERNAL_BOOK,CUSTODIAN_CONFIRM,TRD104591,TRD104591,2026-08-04,2026-08-08,,"settlement_date,settlement_status",P1,OPEN,0,MORGANSTANLEY-BROKER,EQ-CORE-02,,True,TRAIN
BRK02301,RECON-DAILY,2026-08-04,POSITION,POS_TIMING_DIFFERENCE,"Timing difference - quantities agree, as-of dates don't (expected to self-resolve)",INTERNAL_BOOK,CUSTODIAN_CONFIRM,TRD104592,TRD104592,2026-08-04,2026-08-05,,as_of_date,P2,OPEN,0,MORGANSTANLEY-BROKER,EQ-INDEX-04,,True,TRAIN
BRK02302,RECON-DAILY,2026-08-05,POSITION,CA_INCORRECT_ENTITLEMENT,Corporate action entitlement calculated incorrectly (wrong ratio applied),INTERNAL_BOOK,CUSTODIAN_CONFIRM,TRD104594,TRD104594,750,600,,actual_quantity,P1,OPEN,0,NOMURA-BROKER,EQ-INDEX-04,MANDATORY,True,TRAIN
BRK02303,RECON-DAILY,2026-08-22,TRADE,CONF_MISSING,External confirmation never received,INTERNAL_BOOK,EXTERNAL_CONFIRMATION,TRD104595,TRD104595,TRD104595,,,confirmation,P0,OPEN,0,MORGANSTANLEY-BROKER,EQ-CORE-01,,True,TRAIN
BRK02304,RECON-DAILY,2026-08-02,SETTLEMENT,SETL_LATE_COUNTERPARTY,Counterparty has not settled by the expected date,INTERNAL_BOOK,CUSTODIAN_CONFIRM,TRD104596,TRD104596,2026-08-02,2026-08-05,,"settlement_date,settlement_status",P1,OPEN,0,HDFC-CUST,EQ-CORE-02,,True,TRAIN
BRK02305,RECON-DAILY,2026-08-09,POSITION,CA_VOLUNTARY_DECISION,"Voluntary corporate action (tender/conversion) pending an election - requires a human business decision, always escalated",INTERNAL_BOOK,CUSTODIAN_CONFIRM,TRD104597,TRD104597,600,200,,actual_quantity,P1,OPEN,0,NOMURA-BROKER,EQ-CORE-02,VOLUNTARY,True,TRAIN
BRK02306,RECON-DAILY,2026-08-22,POSITION,POS_WRONG_QUANTITY,Wrong quantity - external position differs by a non-round amount,INTERNAL_BOOK,CUSTODIAN_CONFIRM,TRD104598,TRD104598,250,218,,actual_quantity,P1,OPEN,0,DEUTSCHE-BROKER,EQ-INDEX-04,,True,TEST
BRK02307,RECON-DAILY,2026-08-10,CASH,CASH_WRONG_AMOUNT,Cash amount posted differs from expected trade value by a non-round amount,INTERNAL_BOOK,CUSTODIAN_CONFIRM,TRD104601,TRD104601,932310.0,764494.2,,amount,P1,OPEN,0,HDFC-CUST,EQ-INDEX-04,,False,TRAIN
BRK02308,RECON-DAILY,2026-08-05,CASH,CASH_DUPLICATE_ENTRY,Same cash movement posted twice,INTERNAL_BOOK,CUSTODIAN_CONFIRM,TRD104602,TRD104602,738768.0,1477536.0,,"amount,cash_id",P1,OPEN,0,ICICI-CUST,EQ-ALPHA-03,,True,TRAIN
BRK02309,RECON-DAILY,2026-08-12,POSITION,CA_INCORRECT_ENTITLEMENT,Corporate action entitlement calculated incorrectly (wrong ratio applied),INTERNAL_BOOK,CUSTODIAN_CONFIRM,TRD104604,TRD104604,4000,3400,,actual_quantity,P1,OPEN,0,KOTAK-CUST,EQ-ALPHA-03,MANDATORY,True,TRAIN
BRK02310,RECON-DAILY,2026-08-07,TRADE,TRADE_COUNTERPARTY_ID_MISMATCH,Confirmed counterparty identifier differs from booked counterparty,INTERNAL_BOOK,EXTERNAL_CONFIRMATION,TRD104605,TRD104605,DEUTSCHE-BROKER,KOTAK-CUST,,counterparty,P1,OPEN,0,DEUTSCHE-BROKER,EQ-INDEX-04,,True,TEST
BRK02311,RECON-DAILY,2026-08-12,CASH,CASH_DUPLICATE_ENTRY,Same cash movement posted twice,INTERNAL_BOOK,CUSTODIAN_CONFIRM,TRD104609,TRD104609,366820.0,733640.0,,"amount,cash_id",P1,OPEN,0,KOTAK-CUST,EQ-INDEX-04,,False,TRAIN
BRK02312,RECON-DAILY,2026-08-20,SETTLEMENT,SETL_LATE_COUNTERPARTY,Counterparty has not settled by the expected date,INTERNAL_BOOK,CUSTODIAN_CONFIRM,TRD104610,TRD104610,2026-08-20,2026-08-25,,"settlement_date,settlement_status",P1,OPEN,0,HDFC-CUST,EQ-ALPHA-03,,True,TRAIN
BRK02313,RECON-DAILY,2026-08-04,CASH,CASH_FX_INPUT_DIFFERENCE,Cash posted in a different currency / at a stale or incorrect FX rate,INTERNAL_BOOK,CUSTODIAN_CONFIRM,TRD104611,TRD104611,13014220.0,12103224.6,,"amount,currency",P2,OPEN,0,MORGANSTANLEY-BROKER,EQ-CORE-02,,False,TRAIN
BRK02314,RECON-DAILY,2026-08-19,SETTLEMENT,SETL_LATE_COUNTERPARTY,Counterparty has not settled by the expected date,INTERNAL_BOOK,CUSTODIAN_CONFIRM,TRD104616,TRD104616,2026-08-19,2026-08-21,,"settlement_date,settlement_status",P1,OPEN,0,ICICI-CUST,EQ-ALPHA-03,,True,TEST
BRK02315,RECON-DAILY,2026-08-18,SETTLEMENT,SETL_MISSING_INSTRUCTION,No settlement instruction was ever issued,INTERNAL_BOOK,CUSTODIAN_CONFIRM,TRD104617,TRD104617,INSTRUCTED,MISSING,,instruction_status,P0,OPEN,0,NOMURA-BROKER,EQ-CORE-02,,True,TEST
BRK02316,RECON-DAILY,2026-08-15,TRADE,TRADE_PRICE_MISMATCH,Confirmed price differs from booked price,INTERNAL_BOOK,EXTERNAL_CONFIRMATION,TRD104620,TRD104620,1885.19,1910.62,,price,P2,OPEN,0,KOTAK-CUST,EQ-ALPHA-03,,True,TRAIN
BRK02317,RECON-DAILY,2026-08-07,CASH,CASH_WRONG_AMOUNT,Cash amount posted differs from expected trade value by a non-round amount,INTERNAL_BOOK,CUSTODIAN_CONFIRM,TRD104624,TRD104624,2928450.0,3719131.5,,amount,P1,OPEN,0,MORGANSTANLEY-BROKER,EQ-ALPHA-03,,False,TRAIN
BRK02318,RECON-DAILY,2026-08-02,POSITION,CA_MANDATORY_NOT_REFLECTED,"Mandatory corporate action (split/bonus) not yet reflected externally - mechanical, auto-correctable",INTERNAL_BOOK,CUSTODIAN_CONFIRM,TRD104625,TRD104625,300,200,,actual_quantity,P1,OPEN,0,ICICI-CUST,EQ-ALPHA-03,MANDATORY,True,TRAIN
BRK02319,RECON-DAILY,2026-08-19,TRADE,TRADE_COUNTERPARTY_ID_MISMATCH,Confirmed counterparty identifier differs from booked counterparty,INTERNAL_BOOK,EXTERNAL_CONFIRMATION,TRD104626,TRD104626,KOTAK-CUST,MORGANSTANLEY-BROKER,,counterparty,P1,OPEN,0,KOTAK-CUST,EQ-CORE-02,,True,TRAIN
BRK02320,RECON-DAILY,2026-08-09,SETTLEMENT,SETL_WRONG_SSI,Settlement instruction references the wrong SSI/beneficiary account - the payment-failure flagship scenario,INTERNAL_BOOK,CUSTODIAN_CONFIRM,TRD104628,TRD104628,SSI-IN-0203,SSI-IN-0091,,ssi_code,P0,OPEN,0,KOTAK-CUST,EQ-CORE-01,,True,TRAIN
BRK02321,RECON-DAILY,2026-08-16,SETTLEMENT,SETL_INCORRECT_DATE,Settlement recorded against the wrong date (holiday-calendar-style off-by-one),INTERNAL_BOOK,CUSTODIAN_CONFIRM,TRD104630,TRD104630,2026-08-16,2026-08-17,,settlement_date,P2,OPEN,0,KOTAK-CUST,EQ-CORE-02,,True,TRAIN
BRK02322,RECON-DAILY,2026-08-05,SETTLEMENT,SETL_MISSING_INSTRUCTION,No settlement instruction was ever issued,INTERNAL_BOOK,CUSTODIAN_CONFIRM,TRD104636,TRD104636,INSTRUCTED,MISSING,,instruction_status,P0,OPEN,0,KOTAK-CUST,EQ-CORE-01,,True,TRAIN
BRK02323,RECON-DAILY,2026-08-05,SETTLEMENT,SETL_MISSING_INSTRUCTION,No settlement instruction was ever issued,INTERNAL_BOOK,CUSTODIAN_CONFIRM,TRD104638,TRD104638,INSTRUCTED,MISSING,,instruction_status,P0,OPEN,0,KOTAK-CUST,EQ-CORE-01,,True,TRAIN
BRK02324,RECON-DAILY,2026-08-15,POSITION,CA_INCORRECT_ENTITLEMENT,Corporate action entitlement calculated incorrectly (wrong ratio applied),INTERNAL_BOOK,CUSTODIAN_CONFIRM,TRD104639,TRD104639,150,120,,actual_quantity,P1,OPEN,0,MORGANSTANLEY-BROKER,EQ-INDEX-04,MANDATORY,True,TRAIN
BRK02325,RECON-DAILY,2026-08-22,POSITION,CA_VOLUNTARY_DECISION,"Voluntary corporate action (tender/conversion) pending an election - requires a human business decision, always escalated",INTERNAL_BOOK,CUSTODIAN_CONFIRM,TRD104642,TRD104642,1500,500,,actual_quantity,P1,OPEN,0,DEUTSCHE-BROKER,EQ-ALPHA-03,VOLUNTARY,True,TRAIN
BRK02326,RECON-DAILY,2026-08-12,CASH,CASH_DUPLICATE_ENTRY,Same cash movement posted twice,INTERNAL_BOOK,CUSTODIAN_CONFIRM,TRD104645,TRD104645,172930.0,345860.0,,"amount,cash_id",P1,OPEN,0,KOTAK-CUST,EQ-INDEX-04,,False,TRAIN
BRK02327,RECON-DAILY,2026-08-19,SETTLEMENT,SETL_WRONG_SSI,Settlement instruction references the wrong SSI/beneficiary account - the payment-failure flagship scenario,INTERNAL_BOOK,CUSTODIAN_CONFIRM,TRD104646,TRD104646,SSI-US-7742,SSI-DE-5510,,ssi_code,P0,OPEN,0,MORGANSTANLEY-BROKER,EQ-CORE-02,,True,TEST
BRK02328,RECON-DAILY,2026-08-16,TRADE,TRADE_PRICE_MISMATCH,Confirmed price differs from booked price,INTERNAL_BOOK,EXTERNAL_CONFIRMATION,TRD104647,TRD104647,2838.6,2881.61,,price,P2,OPEN,0,KOTAK-CUST,EQ-CORE-01,,True,TEST
BRK02329,RECON-DAILY,2026-08-19,POSITION,CA_MANDATORY_NOT_REFLECTED,"Mandatory corporate action (split/bonus) not yet reflected externally - mechanical, auto-correctable",INTERNAL_BOOK,CUSTODIAN_CONFIRM,TRD104653,TRD104653,3000,2000,,actual_quantity,P1,OPEN,0,HDFC-CUST,EQ-CORE-01,MANDATORY,True,TRAIN
BRK02330,RECON-DAILY,2026-08-14,POSITION,POS_TIMING_DIFFERENCE,"Timing difference - quantities agree, as-of dates don't (expected to self-resolve)",INTERNAL_BOOK,CUSTODIAN_CONFIRM,TRD104655,TRD104655,2026-08-14,2026-08-15,,as_of_date,P2,OPEN,0,ICICI-CUST,EQ-ALPHA-03,,False,TRAIN
BRK02331,RECON-DAILY,2026-08-05,CASH,CASH_WRONG_AMOUNT,Cash amount posted differs from expected trade value by a non-round amount,INTERNAL_BOOK,CUSTODIAN_CONFIRM,TRD104656,TRD104656,17296.0,19198.56,,amount,P1,OPEN,0,KOTAK-CUST,EQ-CORE-02,,False,TEST
BRK02332,RECON-DAILY,2026-08-18,CASH,CASH_FX_INPUT_DIFFERENCE,Cash posted in a different currency / at a stale or incorrect FX rate,INTERNAL_BOOK,CUSTODIAN_CONFIRM,TRD104657,TRD104657,2054225.0,2126122.88,,"amount,currency",P2,OPEN,0,MORGANSTANLEY-BROKER,EQ-INDEX-04,,True,TRAIN
BRK02333,RECON-DAILY,2026-08-17,TRADE,TRADE_PRICE_MISMATCH,Confirmed price differs from booked price,INTERNAL_BOOK,EXTERNAL_CONFIRMATION,TRD104659,TRD104659,1946.06,1976.05,,price,P2,OPEN,0,KOTAK-CUST,EQ-INDEX-04,,True,TRAIN
BRK02334,RECON-DAILY,2026-08-12,POSITION,CA_MANDATORY_NOT_REFLECTED,"Mandatory corporate action (split/bonus) not yet reflected externally - mechanical, auto-correctable",INTERNAL_BOOK,CUSTODIAN_CONFIRM,TRD104661,TRD104661,600,200,,actual_quantity,P1,OPEN,0,NOMURA-BROKER,EQ-INDEX-04,MANDATORY,True,TRAIN
BRK02335,RECON-DAILY,2026-08-17,POSITION,POS_MISSING_BOOKING,Missing upstream booking - position never reflected externally,INTERNAL_BOOK,CUSTODIAN_CONFIRM,TRD104665,TRD104665,100,0,,actual_quantity,P0,OPEN,0,HDFC-CUST,EQ-INDEX-04,,False,TRAIN
BRK02336,RECON-DAILY,2026-08-03,POSITION,CA_VOLUNTARY_DECISION,"Voluntary corporate action (tender/conversion) pending an election - requires a human business decision, always escalated",INTERNAL_BOOK,CUSTODIAN_CONFIRM,TRD104667,TRD104667,400,200,,actual_quantity,P1,OPEN,0,DEUTSCHE-BROKER,EQ-INDEX-04,VOLUNTARY,True,TRAIN
BRK02337,RECON-DAILY,2026-08-22,POSITION,CA_MANDATORY_NOT_REFLECTED,"Mandatory corporate action (split/bonus) not yet reflected externally - mechanical, auto-correctable",INTERNAL_BOOK,CUSTODIAN_CONFIRM,TRD104668,TRD104668,3000,1500,,actual_quantity,P1,OPEN,0,KOTAK-CUST,EQ-ALPHA-03,MANDATORY,True,TRAIN
BRK02338,RECON-DAILY,2026-08-20,CASH,CASH_DUPLICATE_ENTRY,Same cash movement posted twice,INTERNAL_BOOK,CUSTODIAN_CONFIRM,TRD104670,TRD104670,129015.0,258030.0,,"amount,cash_id",P1,OPEN,0,NOMURA-BROKER,EQ-CORE-02,,False,TRAIN
BRK02339,RECON-DAILY,2026-08-21,POSITION,POS_MISSING_BOOKING,Missing upstream booking - position never reflected externally,INTERNAL_BOOK,CUSTODIAN_CONFIRM,TRD104671,TRD104671,100,0,,actual_quantity,P0,OPEN,0,NOMURA-BROKER,EQ-INDEX-04,,True,TRAIN
BRK02340,RECON-DAILY,2026-08-08,TRADE,CONF_MISSING,External confirmation never received,INTERNAL_BOOK,EXTERNAL_CONFIRMATION,TRD104674,TRD104674,TRD104674,,,confirmation,P0,OPEN,0,ICICI-CUST,EQ-INDEX-04,,True,TRAIN
BRK02341,RECON-DAILY,2026-08-14,TRADE,TRADE_DATE_MISMATCH,Confirmed trade date differs from booked trade date,INTERNAL_BOOK,EXTERNAL_CONFIRMATION,TRD104675,TRD104675,2026-08-13,2026-08-14,,trade_date,P2,OPEN,0,ICICI-CUST,EQ-CORE-02,,True,TRAIN
BRK02342,RECON-DAILY,2026-08-08,TRADE,CONF_MISSING,External confirmation never received,INTERNAL_BOOK,EXTERNAL_CONFIRMATION,TRD104677,TRD104677,TRD104677,,,confirmation,P0,OPEN,0,NOMURA-BROKER,EQ-ALPHA-03,,True,TRAIN
BRK02343,RECON-DAILY,2026-08-15,CASH,CASH_FX_INPUT_DIFFERENCE,Cash posted in a different currency / at a stale or incorrect FX rate,INTERNAL_BOOK,CUSTODIAN_CONFIRM,TRD104678,TRD104678,1431010.0,1502560.5,,"amount,currency",P2,OPEN,0,MORGANSTANLEY-BROKER,EQ-ALPHA-03,,True,TRAIN
BRK02344,RECON-DAILY,2026-08-14,POSITION,CA_VOLUNTARY_DECISION,"Voluntary corporate action (tender/conversion) pending an election - requires a human business decision, always escalated",INTERNAL_BOOK,CUSTODIAN_CONFIRM,TRD104680,TRD104680,750,250,,actual_quantity,P1,OPEN,0,KOTAK-CUST,EQ-CORE-02,VOLUNTARY,True,TEST
BRK02345,RECON-DAILY,2026-08-03,POSITION,CA_INCORRECT_ENTITLEMENT,Corporate action entitlement calculated incorrectly (wrong ratio applied),INTERNAL_BOOK,CUSTODIAN_CONFIRM,TRD104682,TRD104682,1500,1275,,actual_quantity,P1,OPEN,0,HDFC-CUST,EQ-CORE-02,MANDATORY,True,TRAIN
BRK02346,RECON-DAILY,2026-08-03,CASH,CASH_WRONG_AMOUNT,Cash amount posted differs from expected trade value by a non-round amount,INTERNAL_BOOK,CUSTODIAN_CONFIRM,TRD104685,TRD104685,1226640.0,1116242.4,,amount,P1,OPEN,0,HDFC-CUST,EQ-CORE-01,,False,TRAIN
BRK02347,RECON-DAILY,2026-08-04,SETTLEMENT,SETL_LATE_COUNTERPARTY,Counterparty has not settled by the expected date,INTERNAL_BOOK,CUSTODIAN_CONFIRM,TRD104686,TRD104686,2026-08-04,2026-08-06,,"settlement_date,settlement_status",P1,OPEN,0,HDFC-CUST,EQ-INDEX-04,,True,TRAIN
BRK02348,RECON-DAILY,2026-08-17,CASH,CASH_WRONG_AMOUNT,Cash amount posted differs from expected trade value by a non-round amount,INTERNAL_BOOK,CUSTODIAN_CONFIRM,TRD104687,TRD104687,1241590.0,1378164.9,,amount,P1,OPEN,0,DEUTSCHE-BROKER,EQ-CORE-01,,False,TEST
BRK02349,RECON-DAILY,2026-08-15,TRADE,CONF_DISAGREEMENT,External confirmation received but disagrees with the booking on multiple fields,INTERNAL_BOOK,EXTERNAL_CONFIRMATION,TRD104691,TRD104691,"qty=1500,price=843.88","qty=1575,price=858.0",,"quantity,price",P1,OPEN,0,MORGANSTANLEY-BROKER,EQ-ALPHA-03,,True,TRAIN
BRK02350,RECON-DAILY,2026-08-13,CASH,CASH_FX_INPUT_DIFFERENCE,Cash posted in a different currency / at a stale or incorrect FX rate,INTERNAL_BOOK,CUSTODIAN_CONFIRM,TRD104692,TRD104692,196424.0,200352.48,,"amount,currency",P2,OPEN,0,KOTAK-CUST,EQ-ALPHA-03,,False,TRAIN
BRK02351,RECON-DAILY,2026-08-19,POSITION,CA_VOLUNTARY_DECISION,"Voluntary corporate action (tender/conversion) pending an election - requires a human business decision, always escalated",INTERNAL_BOOK,CUSTODIAN_CONFIRM,TRD104694,TRD104694,3000,2000,,actual_quantity,P1,OPEN,0,MORGANSTANLEY-BROKER,EQ-ALPHA-03,VOLUNTARY,True,TRAIN
BRK02352,RECON-DAILY,2026-08-06,SETTLEMENT,SETL_WRONG_SSI,Settlement instruction references the wrong SSI/beneficiary account - the payment-failure flagship scenario,INTERNAL_BOOK,CUSTODIAN_CONFIRM,TRD104697,TRD104697,SSI-DE-5510,SSI-IN-0147,,ssi_code,P0,OPEN,0,DEUTSCHE-BROKER,EQ-CORE-01,,True,TRAIN
BRK02353,RECON-DAILY,2026-08-08,TRADE,TRADE_COUNTERPARTY_ID_MISMATCH,Confirmed counterparty identifier differs from booked counterparty,INTERNAL_BOOK,EXTERNAL_CONFIRMATION,TRD104701,TRD104701,KOTAK-CUST,ICICI-CUST,,counterparty,P1,OPEN,0,KOTAK-CUST,EQ-ALPHA-03,,True,TEST
BRK02354,RECON-DAILY,2026-08-07,POSITION,POS_WRONG_QUANTITY,Wrong quantity - external position differs by a non-round amount,INTERNAL_BOOK,CUSTODIAN_CONFIRM,TRD104702,TRD104702,1500,1860,,actual_quantity,P1,OPEN,0,ICICI-CUST,EQ-INDEX-04,,True,TRAIN
BRK02355,RECON-DAILY,2026-08-08,TRADE,TRADE_QUANTITY_MISMATCH,Confirmed quantity differs from booked quantity,INTERNAL_BOOK,EXTERNAL_CONFIRMATION,TRD104703,TRD104703,200,250,,quantity,P1,OPEN,0,NOMURA-BROKER,EQ-CORE-02,,True,TEST
BRK02356,RECON-DAILY,2026-08-03,CASH,CASH_FX_INPUT_DIFFERENCE,Cash posted in a different currency / at a stale or incorrect FX rate,INTERNAL_BOOK,CUSTODIAN_CONFIRM,TRD104706,TRD104706,474557.5,484048.65,,"amount,currency",P2,OPEN,0,ICICI-CUST,EQ-CORE-02,,False,TRAIN
BRK02357,RECON-DAILY,2026-08-16,TRADE,TRADE_PRICE_MISMATCH,Confirmed price differs from booked price,INTERNAL_BOOK,EXTERNAL_CONFIRMATION,TRD104707,TRD104707,3685.76,3605.99,,price,P2,OPEN,0,NOMURA-BROKER,EQ-ALPHA-03,,True,TRAIN
BRK02358,RECON-DAILY,2026-08-20,POSITION,POS_TIMING_DIFFERENCE,"Timing difference - quantities agree, as-of dates don't (expected to self-resolve)",INTERNAL_BOOK,CUSTODIAN_CONFIRM,TRD104713,TRD104713,2026-08-20,2026-08-21,,as_of_date,P2,OPEN,0,DEUTSCHE-BROKER,EQ-CORE-01,,False,TRAIN
BRK02359,RECON-DAILY,2026-08-19,POSITION,POS_MISSING_BOOKING,Missing upstream booking - position never reflected externally,INTERNAL_BOOK,CUSTODIAN_CONFIRM,TRD104715,TRD104715,2000,0,,actual_quantity,P0,OPEN,0,DEUTSCHE-BROKER,EQ-ALPHA-03,,False,TRAIN
BRK02360,RECON-DAILY,2026-08-06,POSITION,POS_WRONG_QUANTITY,Wrong quantity - external position differs by a non-round amount,INTERNAL_BOOK,CUSTODIAN_CONFIRM,TRD104719,TRD104719,100,69,,actual_quantity,P1,OPEN,0,MORGANSTANLEY-BROKER,EQ-CORE-02,,True,TEST
BRK02361,RECON-DAILY,2026-08-14,CASH,CASH_FX_INPUT_DIFFERENCE,Cash posted in a different currency / at a stale or incorrect FX rate,INTERNAL_BOOK,CUSTODIAN_CONFIRM,TRD104720,TRD104720,391952.0,411549.6,,"amount,currency",P2,OPEN,0,KOTAK-CUST,EQ-CORE-01,,False,TRAIN
BRK02362,RECON-DAILY,2026-08-17,SETTLEMENT,SETL_WRONG_SSI,Settlement instruction references the wrong SSI/beneficiary account - the payment-failure flagship scenario,INTERNAL_BOOK,CUSTODIAN_CONFIRM,TRD104721,TRD104721,SSI-IN-0091,SSI-IN-0203,,ssi_code,P0,OPEN,0,ICICI-CUST,EQ-INDEX-04,,True,TEST
BRK02363,RECON-DAILY,2026-08-14,SETTLEMENT,SETL_LATE_COUNTERPARTY,Counterparty has not settled by the expected date,INTERNAL_BOOK,CUSTODIAN_CONFIRM,TRD104722,TRD104722,2026-08-14,2026-08-16,,"settlement_date,settlement_status",P1,OPEN,0,MORGANSTANLEY-BROKER,EQ-CORE-01,,True,TRAIN
BRK02364,RECON-DAILY,2026-08-17,SETTLEMENT,SETL_WRONG_SSI,Settlement instruction references the wrong SSI/beneficiary account - the payment-failure flagship scenario,INTERNAL_BOOK,CUSTODIAN_CONFIRM,TRD104723,TRD104723,SSI-US-7742,SSI-IN-0091,,ssi_code,P0,OPEN,0,MORGANSTANLEY-BROKER,EQ-ALPHA-03,,True,TEST
BRK02365,RECON-DAILY,2026-08-02,SETTLEMENT,SETL_WRONG_SSI,Settlement instruction references the wrong SSI/beneficiary account - the payment-failure flagship scenario,INTERNAL_BOOK,CUSTODIAN_CONFIRM,TRD104727,TRD104727,SSI-JP-3389,SSI-IN-0147,,ssi_code,P0,OPEN,0,NOMURA-BROKER,EQ-CORE-01,,True,TRAIN
BRK02366,RECON-DAILY,2026-08-05,POSITION,POS_MISSING_BOOKING,Missing upstream booking - position never reflected externally,INTERNAL_BOOK,CUSTODIAN_CONFIRM,TRD104728,TRD104728,1500,0,,actual_quantity,P0,OPEN,0,KOTAK-CUST,EQ-CORE-02,,False,TRAIN
BRK02367,RECON-DAILY,2026-08-04,CASH,CASH_MISSING_ENTRY,Expected cash movement never posted,INTERNAL_BOOK,CUSTODIAN_CONFIRM,TRD104732,TRD104732,411364.0,,,amount,P0,OPEN,0,ICICI-CUST,EQ-CORE-01,,False,TRAIN
BRK02368,RECON-DAILY,2026-08-05,SETTLEMENT,SETL_MISSING_INSTRUCTION,No settlement instruction was ever issued,INTERNAL_BOOK,CUSTODIAN_CONFIRM,TRD104733,TRD104733,INSTRUCTED,MISSING,,instruction_status,P0,OPEN,0,DEUTSCHE-BROKER,EQ-ALPHA-03,,True,TRAIN
BRK02369,RECON-DAILY,2026-08-16,POSITION,CA_INCORRECT_ENTITLEMENT,Corporate action entitlement calculated incorrectly (wrong ratio applied),INTERNAL_BOOK,CUSTODIAN_CONFIRM,TRD104738,TRD104738,3000,3300,,actual_quantity,P1,OPEN,0,NOMURA-BROKER,EQ-ALPHA-03,MANDATORY,True,TRAIN
BRK02370,RECON-DAILY,2026-08-11,CASH,CASH_MISSING_ENTRY,Expected cash movement never posted,INTERNAL_BOOK,CUSTODIAN_CONFIRM,TRD104740,TRD104740,2128965.0,,,amount,P0,OPEN,0,ICICI-CUST,EQ-ALPHA-03,,False,TRAIN
BRK02371,RECON-DAILY,2026-08-16,TRADE,CONF_DISAGREEMENT,External confirmation received but disagrees with the booking on multiple fields,INTERNAL_BOOK,EXTERNAL_CONFIRMATION,TRD104744,TRD104744,"qty=200,price=470.35","qty=125,price=478.56",,"quantity,price",P1,OPEN,0,KOTAK-CUST,EQ-CORE-01,,True,TRAIN
BRK02372,RECON-DAILY,2026-08-21,CASH,CASH_DUPLICATE_ENTRY,Same cash movement posted twice,INTERNAL_BOOK,CUSTODIAN_CONFIRM,TRD104751,TRD104751,2545665.0,5091330.0,,"amount,cash_id",P1,OPEN,0,MORGANSTANLEY-BROKER,EQ-ALPHA-03,,False,TEST
BRK02373,RECON-DAILY,2026-08-13,POSITION,POS_TIMING_DIFFERENCE,"Timing difference - quantities agree, as-of dates don't (expected to self-resolve)",INTERNAL_BOOK,CUSTODIAN_CONFIRM,TRD104752,TRD104752,2026-08-13,2026-08-14,,as_of_date,P2,OPEN,0,MORGANSTANLEY-BROKER,EQ-INDEX-04,,False,TRAIN
BRK02374,RECON-DAILY,2026-08-17,TRADE,CONF_MISSING,External confirmation never received,INTERNAL_BOOK,EXTERNAL_CONFIRMATION,TRD104755,TRD104755,TRD104755,,,confirmation,P0,OPEN,0,NOMURA-BROKER,EQ-CORE-02,,True,TRAIN
BRK02375,RECON-DAILY,2026-08-07,TRADE,CONF_MISSING,External confirmation never received,INTERNAL_BOOK,EXTERNAL_CONFIRMATION,TRD104756,TRD104756,TRD104756,,,confirmation,P0,OPEN,0,MORGANSTANLEY-BROKER,EQ-INDEX-04,,True,TRAIN
BRK02376,RECON-DAILY,2026-08-11,POSITION,CA_MANDATORY_NOT_REFLECTED,"Mandatory corporate action (split/bonus) not yet reflected externally - mechanical, auto-correctable",INTERNAL_BOOK,CUSTODIAN_CONFIRM,TRD104757,TRD104757,375,250,,actual_quantity,P1,OPEN,0,DEUTSCHE-BROKER,EQ-ALPHA-03,MANDATORY,True,TRAIN
BRK02377,RECON-DAILY,2026-08-11,TRADE,TRADE_QUANTITY_MISMATCH,Confirmed quantity differs from booked quantity,INTERNAL_BOOK,EXTERNAL_CONFIRMATION,TRD104758,TRD104758,750,850,,quantity,P1,OPEN,0,HDFC-CUST,EQ-CORE-02,,True,TEST
BRK02378,RECON-DAILY,2026-08-10,SETTLEMENT,SETL_WRONG_SSI,Settlement instruction references the wrong SSI/beneficiary account - the payment-failure flagship scenario,INTERNAL_BOOK,CUSTODIAN_CONFIRM,TRD104759,TRD104759,SSI-JP-3389,SSI-IN-0147,,ssi_code,P0,OPEN,0,NOMURA-BROKER,EQ-INDEX-04,,True,TRAIN
BRK02379,RECON-DAILY,2026-08-12,CASH,CASH_MISSING_ENTRY,Expected cash movement never posted,INTERNAL_BOOK,CUSTODIAN_CONFIRM,TRD104763,TRD104763,467930.0,,,amount,P0,OPEN,0,MORGANSTANLEY-BROKER,EQ-ALPHA-03,,False,TRAIN
BRK02380,RECON-DAILY,2026-08-20,POSITION,CA_INCORRECT_ENTITLEMENT,Corporate action entitlement calculated incorrectly (wrong ratio applied),INTERNAL_BOOK,CUSTODIAN_CONFIRM,TRD104767,TRD104767,300,240,,actual_quantity,P1,OPEN,0,HDFC-CUST,EQ-ALPHA-03,MANDATORY,True,TRAIN
BRK02381,RECON-DAILY,2026-08-17,TRADE,TRADE_COUNTERPARTY_ID_MISMATCH,Confirmed counterparty identifier differs from booked counterparty,INTERNAL_BOOK,EXTERNAL_CONFIRMATION,TRD104769,TRD104769,MORGANSTANLEY-BROKER,KOTAK-CUST,,counterparty,P1,OPEN,0,MORGANSTANLEY-BROKER,EQ-CORE-02,,True,TRAIN
BRK02382,RECON-DAILY,2026-08-04,POSITION,CA_INCORRECT_ENTITLEMENT,Corporate action entitlement calculated incorrectly (wrong ratio applied),INTERNAL_BOOK,CUSTODIAN_CONFIRM,TRD104770,TRD104770,3000,2700,,actual_quantity,P1,OPEN,0,KOTAK-CUST,EQ-INDEX-04,MANDATORY,True,TEST
BRK02383,RECON-DAILY,2026-08-09,SETTLEMENT,SETL_MISSING_INSTRUCTION,No settlement instruction was ever issued,INTERNAL_BOOK,CUSTODIAN_CONFIRM,TRD104771,TRD104771,INSTRUCTED,MISSING,,instruction_status,P0,OPEN,0,ICICI-CUST,EQ-INDEX-04,,True,TEST
BRK02384,RECON-DAILY,2026-08-10,CASH,CASH_FX_INPUT_DIFFERENCE,Cash posted in a different currency / at a stale or incorrect FX rate,INTERNAL_BOOK,CUSTODIAN_CONFIRM,TRD104772,TRD104772,2928720.0,2723709.6,,"amount,currency",P2,OPEN,0,MORGANSTANLEY-BROKER,EQ-CORE-01,,False,TRAIN
BRK02385,RECON-DAILY,2026-08-06,POSITION,POS_MISSING_BOOKING,Missing upstream booking - position never reflected externally,INTERNAL_BOOK,CUSTODIAN_CONFIRM,TRD104773,TRD104773,200,0,,actual_quantity,P0,OPEN,0,NOMURA-BROKER,EQ-CORE-02,,False,TRAIN
BRK02386,RECON-DAILY,2026-08-03,SETTLEMENT,SETL_WRONG_SSI,Settlement instruction references the wrong SSI/beneficiary account - the payment-failure flagship scenario,INTERNAL_BOOK,CUSTODIAN_CONFIRM,TRD104774,TRD104774,SSI-IN-0147,SSI-US-7742,,ssi_code,P0,OPEN,0,HDFC-CUST,EQ-INDEX-04,,True,TRAIN
BRK02387,RECON-DAILY,2026-08-15,CASH,CASH_DUPLICATE_ENTRY,Same cash movement posted twice,INTERNAL_BOOK,CUSTODIAN_CONFIRM,TRD104775,TRD104775,5467440.0,10934880.0,,"amount,cash_id",P1,OPEN,0,NOMURA-BROKER,EQ-CORE-02,,False,TRAIN
BRK02388,RECON-DAILY,2026-08-13,POSITION,POS_TIMING_DIFFERENCE,"Timing difference - quantities agree, as-of dates don't (expected to self-resolve)",INTERNAL_BOOK,CUSTODIAN_CONFIRM,TRD104776,TRD104776,2026-08-13,2026-08-14,,as_of_date,P2,OPEN,0,DEUTSCHE-BROKER,EQ-CORE-02,,False,TRAIN
BRK02389,RECON-DAILY,2026-08-17,POSITION,CA_INCORRECT_ENTITLEMENT,Corporate action entitlement calculated incorrectly (wrong ratio applied),INTERNAL_BOOK,CUSTODIAN_CONFIRM,TRD104778,TRD104778,375,300,,actual_quantity,P1,OPEN,0,MORGANSTANLEY-BROKER,EQ-CORE-01,MANDATORY,True,TRAIN
BRK02390,RECON-DAILY,2026-08-11,TRADE,TRADE_PRICE_MISMATCH,Confirmed price differs from booked price,INTERNAL_BOOK,EXTERNAL_CONFIRMATION,TRD104779,TRD104779,1687.34,1725.36,,price,P2,OPEN,0,KOTAK-CUST,EQ-ALPHA-03,,True,TRAIN
BRK02391,RECON-DAILY,2026-08-12,POSITION,CA_VOLUNTARY_DECISION,"Voluntary corporate action (tender/conversion) pending an election - requires a human business decision, always escalated",INTERNAL_BOOK,CUSTODIAN_CONFIRM,TRD104780,TRD104780,1000,500,,actual_quantity,P1,OPEN,0,NOMURA-BROKER,EQ-ALPHA-03,VOLUNTARY,True,TRAIN
BRK02392,RECON-DAILY,2026-08-18,TRADE,CONF_DISAGREEMENT,External confirmation received but disagrees with the booking on multiple fields,INTERNAL_BOOK,EXTERNAL_CONFIRMATION,TRD104782,TRD104782,"qty=200,price=1898.58","qty=275,price=1931.49",,"quantity,price",P1,OPEN,0,NOMURA-BROKER,EQ-INDEX-04,,True,TRAIN
BRK02393,RECON-DAILY,2026-08-12,SETTLEMENT,SETL_MISSING_INSTRUCTION,No settlement instruction was ever issued,INTERNAL_BOOK,CUSTODIAN_CONFIRM,TRD104783,TRD104783,INSTRUCTED,MISSING,,instruction_status,P0,OPEN,0,MORGANSTANLEY-BROKER,EQ-ALPHA-03,,True,TRAIN
BRK02394,RECON-DAILY,2026-08-18,CASH,CASH_WRONG_AMOUNT,Cash amount posted differs from expected trade value by a non-round amount,INTERNAL_BOOK,CUSTODIAN_CONFIRM,TRD104784,TRD104784,882315.0,1049954.85,,amount,P1,OPEN,0,HDFC-CUST,EQ-ALPHA-03,,False,TRAIN
BRK02395,RECON-DAILY,2026-08-03,POSITION,POS_TIMING_DIFFERENCE,"Timing difference - quantities agree, as-of dates don't (expected to self-resolve)",INTERNAL_BOOK,CUSTODIAN_CONFIRM,TRD104785,TRD104785,2026-08-03,2026-08-04,,as_of_date,P2,OPEN,0,HDFC-CUST,EQ-CORE-01,,False,TEST
BRK02396,RECON-DAILY,2026-08-19,SETTLEMENT,SETL_INCORRECT_DATE,Settlement recorded against the wrong date (holiday-calendar-style off-by-one),INTERNAL_BOOK,CUSTODIAN_CONFIRM,TRD104786,TRD104786,2026-08-19,2026-08-20,,settlement_date,P2,OPEN,0,MORGANSTANLEY-BROKER,EQ-INDEX-04,,True,TRAIN
BRK02397,RECON-DAILY,2026-08-02,TRADE,TRADE_QUANTITY_MISMATCH,Confirmed quantity differs from booked quantity,INTERNAL_BOOK,EXTERNAL_CONFIRMATION,TRD104790,TRD104790,2000,2200,,quantity,P1,OPEN,0,NOMURA-BROKER,EQ-CORE-02,,True,TEST
BRK02398,RECON-DAILY,2026-08-19,TRADE,CONF_DISAGREEMENT,External confirmation received but disagrees with the booking on multiple fields,INTERNAL_BOOK,EXTERNAL_CONFIRMATION,TRD104792,TRD104792,"qty=100,price=609.78","qty=25,price=620.97",,"quantity,price",P1,OPEN,0,HDFC-CUST,EQ-CORE-02,,True,TEST
BRK02399,RECON-DAILY,2026-08-06,POSITION,POS_MISSING_BOOKING,Missing upstream booking - position never reflected externally,INTERNAL_BOOK,CUSTODIAN_CONFIRM,TRD104798,TRD104798,750,0,,actual_quantity,P0,OPEN,0,KOTAK-CUST,EQ-ALPHA-03,,False,TRAIN
BRK02400,RECON-DAILY,2026-08-11,SETTLEMENT,SETL_WRONG_SSI,Settlement instruction references the wrong SSI/beneficiary account - the payment-failure flagship scenario,INTERNAL_BOOK,CUSTODIAN_CONFIRM,TRD104801,TRD104801,SSI-DE-5510,SSI-IN-0147,,ssi_code,P0,OPEN,0,DEUTSCHE-BROKER,EQ-INDEX-04,,True,TRAIN
BRK02401,RECON-DAILY,2026-08-12,SETTLEMENT,SETL_INCORRECT_DATE,Settlement recorded against the wrong date (holiday-calendar-style off-by-one),INTERNAL_BOOK,CUSTODIAN_CONFIRM,TRD104802,TRD104802,2026-08-12,2026-08-13,,settlement_date,P2,OPEN,0,DEUTSCHE-BROKER,EQ-CORE-01,,True,TRAIN
BRK02402,RECON-DAILY,2026-08-15,SETTLEMENT,SETL_LATE_COUNTERPARTY,Counterparty has not settled by the expected date,INTERNAL_BOOK,CUSTODIAN_CONFIRM,TRD104803,TRD104803,2026-08-15,2026-08-18,,"settlement_date,settlement_status",P1,OPEN,0,DEUTSCHE-BROKER,EQ-CORE-02,,True,TEST
BRK02403,RECON-DAILY,2026-08-09,SETTLEMENT,SETL_INCORRECT_DATE,Settlement recorded against the wrong date (holiday-calendar-style off-by-one),INTERNAL_BOOK,CUSTODIAN_CONFIRM,TRD104806,TRD104806,2026-08-09,2026-08-10,,settlement_date,P2,OPEN,0,NOMURA-BROKER,EQ-ALPHA-03,,True,TRAIN
BRK02404,RECON-DAILY,2026-08-21,CASH,CASH_DUPLICATE_ENTRY,Same cash movement posted twice,INTERNAL_BOOK,CUSTODIAN_CONFIRM,TRD104808,TRD104808,169270.0,338540.0,,"amount,cash_id",P1,OPEN,0,KOTAK-CUST,EQ-CORE-02,,False,TRAIN
BRK02405,RECON-DAILY,2026-08-03,SETTLEMENT,SETL_WRONG_SSI,Settlement instruction references the wrong SSI/beneficiary account - the payment-failure flagship scenario,INTERNAL_BOOK,CUSTODIAN_CONFIRM,TRD104809,TRD104809,SSI-IN-0147,SSI-JP-3389,,ssi_code,P0,OPEN,0,HDFC-CUST,EQ-CORE-02,,True,TRAIN
BRK02406,RECON-DAILY,2026-08-15,TRADE,TRADE_QUANTITY_MISMATCH,Confirmed quantity differs from booked quantity,INTERNAL_BOOK,EXTERNAL_CONFIRMATION,TRD104811,TRD104811,500,700,,quantity,P1,OPEN,0,MORGANSTANLEY-BROKER,EQ-CORE-01,,True,TRAIN
BRK02407,RECON-DAILY,2026-08-13,TRADE,TRADE_PRICE_MISMATCH,Confirmed price differs from booked price,INTERNAL_BOOK,EXTERNAL_CONFIRMATION,TRD104815,TRD104815,4138.3,4032.01,,price,P2,OPEN,0,MORGANSTANLEY-BROKER,EQ-INDEX-04,,True,TRAIN
BRK02408,RECON-DAILY,2026-08-17,CASH,CASH_MISSING_ENTRY,Expected cash movement never posted,INTERNAL_BOOK,CUSTODIAN_CONFIRM,TRD104816,TRD104816,351157.5,,,amount,P0,OPEN,0,KOTAK-CUST,EQ-ALPHA-03,,True,TRAIN
BRK02409,RECON-DAILY,2026-08-11,POSITION,CA_INCORRECT_ENTITLEMENT,Corporate action entitlement calculated incorrectly (wrong ratio applied),INTERNAL_BOOK,CUSTODIAN_CONFIRM,TRD104818,TRD104818,300,260,,actual_quantity,P1,OPEN,0,MORGANSTANLEY-BROKER,EQ-ALPHA-03,MANDATORY,True,TRAIN
BRK02410,RECON-DAILY,2026-08-11,TRADE,TRADE_PRICE_MISMATCH,Confirmed price differs from booked price,INTERNAL_BOOK,EXTERNAL_CONFIRMATION,TRD104826,TRD104826,612.66,626.13,,price,P2,OPEN,0,ICICI-CUST,EQ-CORE-02,,True,TRAIN
BRK02411,RECON-DAILY,2026-08-22,CASH,CASH_FX_INPUT_DIFFERENCE,Cash posted in a different currency / at a stale or incorrect FX rate,INTERNAL_BOOK,CUSTODIAN_CONFIRM,TRD104827,TRD104827,4107420.0,4189568.4,,"amount,currency",P2,OPEN,0,ICICI-CUST,EQ-ALPHA-03,,False,TRAIN
BRK02412,RECON-DAILY,2026-08-03,TRADE,TRADE_QUANTITY_MISMATCH,Confirmed quantity differs from booked quantity,INTERNAL_BOOK,EXTERNAL_CONFIRMATION,TRD104829,TRD104829,1000,1200,,quantity,P1,OPEN,0,NOMURA-BROKER,EQ-CORE-01,,True,TRAIN
BRK02413,RECON-DAILY,2026-08-15,CASH,CASH_WRONG_AMOUNT,Cash amount posted differs from expected trade value by a non-round amount,INTERNAL_BOOK,CUSTODIAN_CONFIRM,TRD104831,TRD104831,43037.5,54657.62,,amount,P1,OPEN,0,ICICI-CUST,EQ-CORE-01,,False,TRAIN
BRK02414,RECON-DAILY,2026-08-15,CASH,CASH_FX_INPUT_DIFFERENCE,Cash posted in a different currency / at a stale or incorrect FX rate,INTERNAL_BOOK,CUSTODIAN_CONFIRM,TRD104834,TRD104834,344660.0,361893.0,,"amount,currency",P2,OPEN,0,ICICI-CUST,EQ-CORE-02,,False,TRAIN
BRK02415,RECON-DAILY,2026-08-05,POSITION,CA_INCORRECT_ENTITLEMENT,Corporate action entitlement calculated incorrectly (wrong ratio applied),INTERNAL_BOOK,CUSTODIAN_CONFIRM,TRD104835,TRD104835,2250,2475,,actual_quantity,P1,OPEN,0,ICICI-CUST,EQ-CORE-02,MANDATORY,True,TEST
BRK02416,RECON-DAILY,2026-08-08,POSITION,CA_VOLUNTARY_DECISION,"Voluntary corporate action (tender/conversion) pending an election - requires a human business decision, always escalated",INTERNAL_BOOK,CUSTODIAN_CONFIRM,TRD104836,TRD104836,750,250,,actual_quantity,P1,OPEN,0,MORGANSTANLEY-BROKER,EQ-CORE-01,VOLUNTARY,True,TRAIN
BRK02417,RECON-DAILY,2026-08-11,SETTLEMENT,SETL_LATE_COUNTERPARTY,Counterparty has not settled by the expected date,INTERNAL_BOOK,CUSTODIAN_CONFIRM,TRD104837,TRD104837,2026-08-11,2026-08-14,,"settlement_date,settlement_status",P1,OPEN,0,MORGANSTANLEY-BROKER,EQ-CORE-01,,True,TEST
BRK02418,RECON-DAILY,2026-08-22,TRADE,TRADE_PRICE_MISMATCH,Confirmed price differs from booked price,INTERNAL_BOOK,EXTERNAL_CONFIRMATION,TRD104838,TRD104838,1180.91,1150.3,,price,P2,OPEN,0,MORGANSTANLEY-BROKER,EQ-CORE-01,,True,TRAIN
BRK02419,RECON-DAILY,2026-08-20,TRADE,CONF_MISSING,External confirmation never received,INTERNAL_BOOK,EXTERNAL_CONFIRMATION,TRD104840,TRD104840,TRD104840,,,confirmation,P0,OPEN,0,ICICI-CUST,EQ-CORE-02,,True,TRAIN
BRK02420,RECON-DAILY,2026-08-14,POSITION,CA_MANDATORY_NOT_REFLECTED,"Mandatory corporate action (split/bonus) not yet reflected externally - mechanical, auto-correctable",INTERNAL_BOOK,CUSTODIAN_CONFIRM,TRD104841,TRD104841,1500,500,,actual_quantity,P1,OPEN,0,MORGANSTANLEY-BROKER,EQ-CORE-02,MANDATORY,True,TRAIN
BRK02421,RECON-DAILY,2026-08-04,TRADE,TRADE_QUANTITY_MISMATCH,Confirmed quantity differs from booked quantity,INTERNAL_BOOK,EXTERNAL_CONFIRMATION,TRD104843,TRD104843,750,950,,quantity,P1,OPEN,0,DEUTSCHE-BROKER,EQ-CORE-01,,True,TRAIN
BRK02422,RECON-DAILY,2026-08-20,SETTLEMENT,SETL_LATE_COUNTERPARTY,Counterparty has not settled by the expected date,INTERNAL_BOOK,CUSTODIAN_CONFIRM,TRD104844,TRD104844,2026-08-20,2026-08-24,,"settlement_date,settlement_status",P1,OPEN,0,ICICI-CUST,EQ-CORE-01,,True,TRAIN
BRK02423,RECON-DAILY,2026-08-02,POSITION,CA_MANDATORY_NOT_REFLECTED,"Mandatory corporate action (split/bonus) not yet reflected externally - mechanical, auto-correctable",INTERNAL_BOOK,CUSTODIAN_CONFIRM,TRD104845,TRD104845,200,100,,actual_quantity,P1,OPEN,0,ICICI-CUST,EQ-CORE-02,MANDATORY,True,TRAIN
BRK02424,RECON-DAILY,2026-08-04,CASH,CASH_DUPLICATE_ENTRY,Same cash movement posted twice,INTERNAL_BOOK,CUSTODIAN_CONFIRM,TRD104847,TRD104847,169814.0,339628.0,,"amount,cash_id",P1,OPEN,0,KOTAK-CUST,EQ-INDEX-04,,False,TEST
BRK02425,RECON-DAILY,2026-08-17,POSITION,CA_VOLUNTARY_DECISION,"Voluntary corporate action (tender/conversion) pending an election - requires a human business decision, always escalated",INTERNAL_BOOK,CUSTODIAN_CONFIRM,TRD104848,TRD104848,150,100,,actual_quantity,P1,OPEN,0,DEUTSCHE-BROKER,EQ-ALPHA-03,VOLUNTARY,True,TRAIN
BRK02426,RECON-DAILY,2026-08-04,TRADE,TRADE_COUNTERPARTY_ID_MISMATCH,Confirmed counterparty identifier differs from booked counterparty,INTERNAL_BOOK,EXTERNAL_CONFIRMATION,TRD104849,TRD104849,DEUTSCHE-BROKER,NOMURA-BROKER,,counterparty,P1,OPEN,0,DEUTSCHE-BROKER,EQ-CORE-02,,True,TRAIN
BRK02427,RECON-DAILY,2026-08-17,TRADE,TRADE_PRICE_MISMATCH,Confirmed price differs from booked price,INTERNAL_BOOK,EXTERNAL_CONFIRMATION,TRD104850,TRD104850,1696.07,1722.53,,price,P2,OPEN,0,NOMURA-BROKER,EQ-CORE-01,,True,TRAIN
BRK02428,RECON-DAILY,2026-08-16,TRADE,TRADE_PRICE_MISMATCH,Confirmed price differs from booked price,INTERNAL_BOOK,EXTERNAL_CONFIRMATION,TRD104851,TRD104851,1952.09,1911.39,,price,P2,OPEN,0,ICICI-CUST,EQ-CORE-02,,True,TRAIN
BRK02429,RECON-DAILY,2026-08-12,TRADE,TRADE_DATE_MISMATCH,Confirmed trade date differs from booked trade date,INTERNAL_BOOK,EXTERNAL_CONFIRMATION,TRD104855,TRD104855,2026-08-11,2026-08-12,,trade_date,P2,OPEN,0,MORGANSTANLEY-BROKER,EQ-CORE-01,,True,TRAIN
BRK02430,RECON-DAILY,2026-08-04,TRADE,TRADE_QUANTITY_MISMATCH,Confirmed quantity differs from booked quantity,INTERNAL_BOOK,EXTERNAL_CONFIRMATION,TRD104856,TRD104856,2000,1900,,quantity,P1,OPEN,0,KOTAK-CUST,EQ-CORE-01,,True,TRAIN
BRK02431,RECON-DAILY,2026-08-02,SETTLEMENT,SETL_INCORRECT_DATE,Settlement recorded against the wrong date (holiday-calendar-style off-by-one),INTERNAL_BOOK,CUSTODIAN_CONFIRM,TRD104859,TRD104859,2026-08-02,2026-08-03,,settlement_date,P2,OPEN,0,MORGANSTANLEY-BROKER,EQ-INDEX-04,,True,TRAIN
BRK02432,RECON-DAILY,2026-08-06,SETTLEMENT,SETL_INCORRECT_DATE,Settlement recorded against the wrong date (holiday-calendar-style off-by-one),INTERNAL_BOOK,CUSTODIAN_CONFIRM,TRD104860,TRD104860,2026-08-06,2026-08-07,,settlement_date,P2,OPEN,0,NOMURA-BROKER,EQ-ALPHA-03,,True,TRAIN
BRK02433,RECON-DAILY,2026-08-05,POSITION,POS_MISSING_BOOKING,Missing upstream booking - position never reflected externally,INTERNAL_BOOK,CUSTODIAN_CONFIRM,TRD104861,TRD104861,750,0,,actual_quantity,P0,OPEN,0,HDFC-CUST,EQ-CORE-01,,False,TRAIN
BRK02434,RECON-DAILY,2026-08-08,POSITION,CA_MANDATORY_NOT_REFLECTED,"Mandatory corporate action (split/bonus) not yet reflected externally - mechanical, auto-correctable",INTERNAL_BOOK,CUSTODIAN_CONFIRM,TRD104863,TRD104863,6000,2000,,actual_quantity,P1,OPEN,0,MORGANSTANLEY-BROKER,EQ-INDEX-04,MANDATORY,True,TEST
BRK02435,RECON-DAILY,2026-08-17,SETTLEMENT,SETL_WRONG_SSI,Settlement instruction references the wrong SSI/beneficiary account - the payment-failure flagship scenario,INTERNAL_BOOK,CUSTODIAN_CONFIRM,TRD104866,TRD104866,SSI-JP-3389,SSI-US-7742,,ssi_code,P0,OPEN,0,NOMURA-BROKER,EQ-ALPHA-03,,True,TEST
BRK02436,RECON-DAILY,2026-08-04,CASH,CASH_WRONG_AMOUNT,Cash amount posted differs from expected trade value by a non-round amount,INTERNAL_BOOK,CUSTODIAN_CONFIRM,TRD104867,TRD104867,845125.0,1073308.75,,amount,P1,OPEN,0,HDFC-CUST,EQ-CORE-01,,False,TRAIN
BRK02437,RECON-DAILY,2026-08-13,POSITION,CA_VOLUNTARY_DECISION,"Voluntary corporate action (tender/conversion) pending an election - requires a human business decision, always escalated",INTERNAL_BOOK,CUSTODIAN_CONFIRM,TRD104869,TRD104869,200,100,,actual_quantity,P1,OPEN,0,MORGANSTANLEY-BROKER,EQ-ALPHA-03,VOLUNTARY,True,TEST
BRK02438,RECON-DAILY,2026-08-10,CASH,CASH_FX_INPUT_DIFFERENCE,Cash posted in a different currency / at a stale or incorrect FX rate,INTERNAL_BOOK,CUSTODIAN_CONFIRM,TRD104870,TRD104870,733166.0,769824.3,,"amount,currency",P2,OPEN,0,KOTAK-CUST,EQ-CORE-01,,False,TRAIN
BRK02439,RECON-DAILY,2026-08-19,CASH,CASH_FX_INPUT_DIFFERENCE,Cash posted in a different currency / at a stale or incorrect FX rate,INTERNAL_BOOK,CUSTODIAN_CONFIRM,TRD104872,TRD104872,34342.0,31938.06,,"amount,currency",P2,OPEN,0,DEUTSCHE-BROKER,EQ-CORE-01,,False,TRAIN
BRK02440,RECON-DAILY,2026-08-08,CASH,CASH_WRONG_AMOUNT,Cash amount posted differs from expected trade value by a non-round amount,INTERNAL_BOOK,CUSTODIAN_CONFIRM,TRD104873,TRD104873,1868970.0,2373591.9,,amount,P1,OPEN,0,DEUTSCHE-BROKER,EQ-CORE-01,,False,TRAIN
BRK02441,RECON-DAILY,2026-08-10,POSITION,POS_TIMING_DIFFERENCE,"Timing difference - quantities agree, as-of dates don't (expected to self-resolve)",INTERNAL_BOOK,CUSTODIAN_CONFIRM,TRD104876,TRD104876,2026-08-10,2026-08-11,,as_of_date,P2,OPEN,0,HDFC-CUST,EQ-INDEX-04,,True,TEST
BRK02442,RECON-DAILY,2026-08-08,POSITION,CA_VOLUNTARY_DECISION,"Voluntary corporate action (tender/conversion) pending an election - requires a human business decision, always escalated",INTERNAL_BOOK,CUSTODIAN_CONFIRM,TRD104877,TRD104877,1500,750,,actual_quantity,P1,OPEN,0,KOTAK-CUST,EQ-ALPHA-03,VOLUNTARY,True,TRAIN
BRK02443,RECON-DAILY,2026-08-13,TRADE,TRADE_QUANTITY_MISMATCH,Confirmed quantity differs from booked quantity,INTERNAL_BOOK,EXTERNAL_CONFIRMATION,TRD104878,TRD104878,1000,1100,,quantity,P1,OPEN,0,NOMURA-BROKER,EQ-INDEX-04,,True,TEST
BRK02444,RECON-DAILY,2026-08-02,CASH,CASH_MISSING_ENTRY,Expected cash movement never posted,INTERNAL_BOOK,CUSTODIAN_CONFIRM,TRD104879,TRD104879,284283.0,,,amount,P0,OPEN,0,ICICI-CUST,EQ-CORE-01,,True,TRAIN
BRK02445,RECON-DAILY,2026-08-06,TRADE,TRADE_PRICE_MISMATCH,Confirmed price differs from booked price,INTERNAL_BOOK,EXTERNAL_CONFIRMATION,TRD104880,TRD104880,1948.9,1899.47,,price,P2,OPEN,0,HDFC-CUST,EQ-INDEX-04,,True,TRAIN
BRK02446,RECON-DAILY,2026-08-05,TRADE,TRADE_DATE_MISMATCH,Confirmed trade date differs from booked trade date,INTERNAL_BOOK,EXTERNAL_CONFIRMATION,TRD104881,TRD104881,2026-08-04,2026-08-05,,trade_date,P2,OPEN,0,NOMURA-BROKER,EQ-INDEX-04,,True,TRAIN
BRK02447,RECON-DAILY,2026-08-21,POSITION,CA_VOLUNTARY_DECISION,"Voluntary corporate action (tender/conversion) pending an election - requires a human business decision, always escalated",INTERNAL_BOOK,CUSTODIAN_CONFIRM,TRD104883,TRD104883,1000,500,,actual_quantity,P1,OPEN,0,MORGANSTANLEY-BROKER,EQ-CORE-01,VOLUNTARY,True,TEST
BRK02448,RECON-DAILY,2026-08-05,TRADE,TRADE_COUNTERPARTY_ID_MISMATCH,Confirmed counterparty identifier differs from booked counterparty,INTERNAL_BOOK,EXTERNAL_CONFIRMATION,TRD104884,TRD104884,ICICI-CUST,DEUTSCHE-BROKER,,counterparty,P1,OPEN,0,ICICI-CUST,EQ-CORE-02,,True,TEST
BRK02449,RECON-DAILY,2026-08-02,TRADE,TRADE_COUNTERPARTY_ID_MISMATCH,Confirmed counterparty identifier differs from booked counterparty,INTERNAL_BOOK,EXTERNAL_CONFIRMATION,TRD104885,TRD104885,HDFC-CUST,DEUTSCHE-BROKER,,counterparty,P1,OPEN,0,HDFC-CUST,EQ-ALPHA-03,,True,TRAIN
BRK02450,RECON-DAILY,2026-08-07,TRADE,TRADE_QUANTITY_MISMATCH,Confirmed quantity differs from booked quantity,INTERNAL_BOOK,EXTERNAL_CONFIRMATION,TRD104888,TRD104888,200,300,,quantity,P1,OPEN,0,MORGANSTANLEY-BROKER,EQ-ALPHA-03,,True,TRAIN
BRK02451,RECON-DAILY,2026-08-12,TRADE,TRADE_COUNTERPARTY_ID_MISMATCH,Confirmed counterparty identifier differs from booked counterparty,INTERNAL_BOOK,EXTERNAL_CONFIRMATION,TRD104889,TRD104889,KOTAK-CUST,HDFC-CUST,,counterparty,P1,OPEN,0,KOTAK-CUST,EQ-CORE-02,,True,TRAIN
BRK02452,RECON-DAILY,2026-08-13,TRADE,CONF_MISSING,External confirmation never received,INTERNAL_BOOK,EXTERNAL_CONFIRMATION,TRD104890,TRD104890,TRD104890,,,confirmation,P0,OPEN,0,DEUTSCHE-BROKER,EQ-CORE-02,,True,TRAIN
BRK02453,RECON-DAILY,2026-08-11,CASH,CASH_DUPLICATE_ENTRY,Same cash movement posted twice,INTERNAL_BOOK,CUSTODIAN_CONFIRM,TRD104892,TRD104892,3899840.0,7799680.0,,"amount,cash_id",P1,OPEN,0,DEUTSCHE-BROKER,EQ-ALPHA-03,,False,TEST
BRK02454,RECON-DAILY,2026-08-05,POSITION,CA_MANDATORY_NOT_REFLECTED,"Mandatory corporate action (split/bonus) not yet reflected externally - mechanical, auto-correctable",INTERNAL_BOOK,CUSTODIAN_CONFIRM,TRD104893,TRD104893,750,250,,actual_quantity,P1,OPEN,0,DEUTSCHE-BROKER,EQ-CORE-02,MANDATORY,True,TRAIN
BRK02455,RECON-DAILY,2026-08-18,CASH,CASH_DUPLICATE_ENTRY,Same cash movement posted twice,INTERNAL_BOOK,CUSTODIAN_CONFIRM,TRD104894,TRD104894,3242487.5,6484975.0,,"amount,cash_id",P1,OPEN,0,MORGANSTANLEY-BROKER,EQ-INDEX-04,,False,TEST
BRK02456,RECON-DAILY,2026-08-22,CASH,CASH_DUPLICATE_ENTRY,Same cash movement posted twice,INTERNAL_BOOK,CUSTODIAN_CONFIRM,TRD104898,TRD104898,3080482.5,6160965.0,,"amount,cash_id",P1,OPEN,0,HDFC-CUST,EQ-ALPHA-03,,False,TRAIN
BRK02457,RECON-DAILY,2026-08-19,TRADE,TRADE_COUNTERPARTY_ID_MISMATCH,Confirmed counterparty identifier differs from booked counterparty,INTERNAL_BOOK,EXTERNAL_CONFIRMATION,TRD104899,TRD104899,HDFC-CUST,DEUTSCHE-BROKER,,counterparty,P1,OPEN,0,HDFC-CUST,EQ-CORE-02,,True,TRAIN
BRK02458,RECON-DAILY,2026-08-06,CASH,CASH_DUPLICATE_ENTRY,Same cash movement posted twice,INTERNAL_BOOK,CUSTODIAN_CONFIRM,TRD104901,TRD104901,973435.0,1946870.0,,"amount,cash_id",P1,OPEN,0,DEUTSCHE-BROKER,EQ-ALPHA-03,,True,TRAIN
BRK02459,RECON-DAILY,2026-08-14,CASH,CASH_FX_INPUT_DIFFERENCE,Cash posted in a different currency / at a stale or incorrect FX rate,INTERNAL_BOOK,CUSTODIAN_CONFIRM,TRD104905,TRD104905,336646.0,313080.78,,"amount,currency",P2,OPEN,0,KOTAK-CUST,EQ-ALPHA-03,,False,TRAIN
BRK02460,RECON-DAILY,2026-08-03,CASH,CASH_MISSING_ENTRY,Expected cash movement never posted,INTERNAL_BOOK,CUSTODIAN_CONFIRM,TRD104909,TRD104909,2480560.0,,,amount,P0,OPEN,0,DEUTSCHE-BROKER,EQ-CORE-01,,True,TRAIN
BRK02461,RECON-DAILY,2026-08-05,POSITION,CA_INCORRECT_ENTITLEMENT,Corporate action entitlement calculated incorrectly (wrong ratio applied),INTERNAL_BOOK,CUSTODIAN_CONFIRM,TRD104910,TRD104910,1000,1150,,actual_quantity,P1,OPEN,0,HDFC-CUST,EQ-CORE-01,MANDATORY,True,TRAIN
BRK02462,RECON-DAILY,2026-08-18,SETTLEMENT,SETL_MISSING_INSTRUCTION,No settlement instruction was ever issued,INTERNAL_BOOK,CUSTODIAN_CONFIRM,TRD104914,TRD104914,INSTRUCTED,MISSING,,instruction_status,P0,OPEN,0,HDFC-CUST,EQ-CORE-01,,True,TRAIN
BRK02463,RECON-DAILY,2026-08-07,TRADE,TRADE_DATE_MISMATCH,Confirmed trade date differs from booked trade date,INTERNAL_BOOK,EXTERNAL_CONFIRMATION,TRD104919,TRD104919,2026-08-06,2026-08-07,,trade_date,P2,OPEN,0,MORGANSTANLEY-BROKER,EQ-INDEX-04,,True,TRAIN
BRK02464,RECON-DAILY,2026-08-14,POSITION,POS_WRONG_QUANTITY,Wrong quantity - external position differs by a non-round amount,INTERNAL_BOOK,CUSTODIAN_CONFIRM,TRD104921,TRD104921,250,172,,actual_quantity,P1,OPEN,0,KOTAK-CUST,EQ-ALPHA-03,,False,TRAIN
BRK02465,RECON-DAILY,2026-08-16,CASH,CASH_DUPLICATE_ENTRY,Same cash movement posted twice,INTERNAL_BOOK,CUSTODIAN_CONFIRM,TRD104922,TRD104922,686415.0,1372830.0,,"amount,cash_id",P1,OPEN,0,MORGANSTANLEY-BROKER,EQ-ALPHA-03,,False,TEST
BRK02466,RECON-DAILY,2026-08-03,CASH,CASH_MISSING_ENTRY,Expected cash movement never posted,INTERNAL_BOOK,CUSTODIAN_CONFIRM,TRD104924,TRD104924,688150.0,,,amount,P0,OPEN,0,HDFC-CUST,EQ-INDEX-04,,False,TRAIN
BRK02467,RECON-DAILY,2026-08-13,POSITION,CA_VOLUNTARY_DECISION,"Voluntary corporate action (tender/conversion) pending an election - requires a human business decision, always escalated",INTERNAL_BOOK,CUSTODIAN_CONFIRM,TRD104926,TRD104926,375,250,,actual_quantity,P1,OPEN,0,DEUTSCHE-BROKER,EQ-CORE-02,VOLUNTARY,True,TEST
BRK02468,RECON-DAILY,2026-08-16,TRADE,CONF_DISAGREEMENT,External confirmation received but disagrees with the booking on multiple fields,INTERNAL_BOOK,EXTERNAL_CONFIRMATION,TRD104927,TRD104927,"qty=100,price=2864.73","qty=25,price=2906.2",,"quantity,price",P1,OPEN,0,KOTAK-CUST,EQ-CORE-01,,True,TRAIN
BRK02469,RECON-DAILY,2026-08-17,TRADE,TRADE_PRICE_MISMATCH,Confirmed price differs from booked price,INTERNAL_BOOK,EXTERNAL_CONFIRMATION,TRD104929,TRD104929,1239.56,1275.32,,price,P2,OPEN,0,KOTAK-CUST,EQ-CORE-01,,True,TRAIN
BRK02470,RECON-DAILY,2026-08-09,POSITION,POS_TIMING_DIFFERENCE,"Timing difference - quantities agree, as-of dates don't (expected to self-resolve)",INTERNAL_BOOK,CUSTODIAN_CONFIRM,TRD104932,TRD104932,2026-08-09,2026-08-10,,as_of_date,P2,OPEN,0,HDFC-CUST,EQ-ALPHA-03,,False,TRAIN
BRK02471,RECON-DAILY,2026-08-07,CASH,CASH_DUPLICATE_ENTRY,Same cash movement posted twice,INTERNAL_BOOK,CUSTODIAN_CONFIRM,TRD104934,TRD104934,945125.0,1890250.0,,"amount,cash_id",P1,OPEN,0,HDFC-CUST,EQ-ALPHA-03,,True,TRAIN
BRK02472,RECON-DAILY,2026-08-09,POSITION,POS_WRONG_QUANTITY,Wrong quantity - external position differs by a non-round amount,INTERNAL_BOOK,CUSTODIAN_CONFIRM,TRD104935,TRD104935,100,87,,actual_quantity,P1,OPEN,0,NOMURA-BROKER,EQ-INDEX-04,,False,TRAIN
BRK02473,RECON-DAILY,2026-08-08,SETTLEMENT,SETL_LATE_COUNTERPARTY,Counterparty has not settled by the expected date,INTERNAL_BOOK,CUSTODIAN_CONFIRM,TRD104937,TRD104937,2026-08-08,2026-08-13,,"settlement_date,settlement_status",P1,OPEN,0,HDFC-CUST,EQ-CORE-02,,True,TRAIN
BRK02474,RECON-DAILY,2026-08-04,SETTLEMENT,SETL_LATE_COUNTERPARTY,Counterparty has not settled by the expected date,INTERNAL_BOOK,CUSTODIAN_CONFIRM,TRD104939,TRD104939,2026-08-04,2026-08-08,,"settlement_date,settlement_status",P1,OPEN,0,HDFC-CUST,EQ-ALPHA-03,,True,TEST
BRK02475,RECON-DAILY,2026-08-08,TRADE,TRADE_PRICE_MISMATCH,Confirmed price differs from booked price,INTERNAL_BOOK,EXTERNAL_CONFIRMATION,TRD104944,TRD104944,1682.46,1662.24,,price,P2,OPEN,0,NOMURA-BROKER,EQ-CORE-02,,True,TEST
BRK02476,RECON-DAILY,2026-08-13,POSITION,POS_TIMING_DIFFERENCE,"Timing difference - quantities agree, as-of dates don't (expected to self-resolve)",INTERNAL_BOOK,CUSTODIAN_CONFIRM,TRD104945,TRD104945,2026-08-13,2026-08-14,,as_of_date,P2,OPEN,0,MORGANSTANLEY-BROKER,EQ-CORE-02,,False,TRAIN
BRK02477,RECON-DAILY,2026-08-19,TRADE,TRADE_PRICE_MISMATCH,Confirmed price differs from booked price,INTERNAL_BOOK,EXTERNAL_CONFIRMATION,TRD104946,TRD104946,610.51,596.09,,price,P2,OPEN,0,HDFC-CUST,EQ-CORE-01,,True,TRAIN
BRK02478,RECON-DAILY,2026-08-02,SETTLEMENT,SETL_WRONG_SSI,Settlement instruction references the wrong SSI/beneficiary account - the payment-failure flagship scenario,INTERNAL_BOOK,CUSTODIAN_CONFIRM,TRD104949,TRD104949,SSI-IN-0147,SSI-US-7742,,ssi_code,P0,OPEN,0,HDFC-CUST,EQ-ALPHA-03,,True,TEST
BRK02479,RECON-DAILY,2026-08-22,POSITION,CA_MANDATORY_NOT_REFLECTED,"Mandatory corporate action (split/bonus) not yet reflected externally - mechanical, auto-correctable",INTERNAL_BOOK,CUSTODIAN_CONFIRM,TRD104950,TRD104950,3000,1500,,actual_quantity,P1,OPEN,0,MORGANSTANLEY-BROKER,EQ-INDEX-04,MANDATORY,True,TRAIN
BRK02480,RECON-DAILY,2026-08-20,POSITION,POS_WRONG_QUANTITY,Wrong quantity - external position differs by a non-round amount,INTERNAL_BOOK,CUSTODIAN_CONFIRM,TRD104952,TRD104952,750,968,,actual_quantity,P1,OPEN,0,NOMURA-BROKER,EQ-INDEX-04,,True,TRAIN
BRK02481,RECON-DAILY,2026-08-06,TRADE,TRADE_QUANTITY_MISMATCH,Confirmed quantity differs from booked quantity,INTERNAL_BOOK,EXTERNAL_CONFIRMATION,TRD104954,TRD104954,1000,950,,quantity,P1,OPEN,0,DEUTSCHE-BROKER,EQ-INDEX-04,,True,TRAIN
BRK02482,RECON-DAILY,2026-08-19,POSITION,CA_INCORRECT_ENTITLEMENT,Corporate action entitlement calculated incorrectly (wrong ratio applied),INTERNAL_BOOK,CUSTODIAN_CONFIRM,TRD104957,TRD104957,1125,900,,actual_quantity,P1,OPEN,0,MORGANSTANLEY-BROKER,EQ-ALPHA-03,MANDATORY,True,TRAIN
BRK02483,RECON-DAILY,2026-08-17,POSITION,POS_MISSING_BOOKING,Missing upstream booking - position never reflected externally,INTERNAL_BOOK,CUSTODIAN_CONFIRM,TRD104959,TRD104959,2000,0,,actual_quantity,P0,OPEN,0,HDFC-CUST,EQ-CORE-01,,True,TRAIN
BRK02484,RECON-DAILY,2026-08-07,POSITION,POS_WRONG_QUANTITY,Wrong quantity - external position differs by a non-round amount,INTERNAL_BOOK,CUSTODIAN_CONFIRM,TRD104961,TRD104961,1500,1755,,actual_quantity,P1,OPEN,0,KOTAK-CUST,EQ-INDEX-04,,False,TRAIN
BRK02485,RECON-DAILY,2026-08-08,CASH,CASH_FX_INPUT_DIFFERENCE,Cash posted in a different currency / at a stale or incorrect FX rate,INTERNAL_BOOK,CUSTODIAN_CONFIRM,TRD104962,TRD104962,417417.5,400720.8,,"amount,currency",P2,OPEN,0,KOTAK-CUST,EQ-INDEX-04,,False,TRAIN
BRK02486,RECON-DAILY,2026-08-04,CASH,CASH_DUPLICATE_ENTRY,Same cash movement posted twice,INTERNAL_BOOK,CUSTODIAN_CONFIRM,TRD104963,TRD104963,590705.0,1181410.0,,"amount,cash_id",P1,OPEN,0,DEUTSCHE-BROKER,EQ-INDEX-04,,False,TRAIN
BRK02487,RECON-DAILY,2026-08-02,TRADE,TRADE_PRICE_MISMATCH,Confirmed price differs from booked price,INTERNAL_BOOK,EXTERNAL_CONFIRMATION,TRD104965,TRD104965,3676.33,3778.7,,price,P2,OPEN,0,NOMURA-BROKER,EQ-INDEX-04,,True,TRAIN
BRK02488,RECON-DAILY,2026-08-11,POSITION,CA_MANDATORY_NOT_REFLECTED,"Mandatory corporate action (split/bonus) not yet reflected externally - mechanical, auto-correctable",INTERNAL_BOOK,CUSTODIAN_CONFIRM,TRD104966,TRD104966,375,250,,actual_quantity,P1,OPEN,0,DEUTSCHE-BROKER,EQ-CORE-02,MANDATORY,True,TRAIN
BRK02489,RECON-DAILY,2026-08-21,POSITION,POS_MISSING_BOOKING,Missing upstream booking - position never reflected externally,INTERNAL_BOOK,CUSTODIAN_CONFIRM,TRD104968,TRD104968,100,0,,actual_quantity,P0,OPEN,0,NOMURA-BROKER,EQ-CORE-01,,True,TEST
BRK02490,RECON-DAILY,2026-08-11,POSITION,CA_MANDATORY_NOT_REFLECTED,"Mandatory corporate action (split/bonus) not yet reflected externally - mechanical, auto-correctable",INTERNAL_BOOK,CUSTODIAN_CONFIRM,TRD104969,TRD104969,600,200,,actual_quantity,P1,OPEN,0,NOMURA-BROKER,EQ-ALPHA-03,MANDATORY,True,TRAIN
BRK02491,RECON-DAILY,2026-08-17,POSITION,POS_WRONG_QUANTITY,Wrong quantity - external position differs by a non-round amount,INTERNAL_BOOK,CUSTODIAN_CONFIRM,TRD104970,TRD104970,750,518,,actual_quantity,P1,OPEN,0,HDFC-CUST,EQ-ALPHA-03,,False,TRAIN
BRK02492,RECON-DAILY,2026-08-17,CASH,CASH_DUPLICATE_ENTRY,Same cash movement posted twice,INTERNAL_BOOK,CUSTODIAN_CONFIRM,TRD104971,TRD104971,1264695.0,2529390.0,,"amount,cash_id",P1,OPEN,0,HDFC-CUST,EQ-CORE-02,,False,TRAIN
BRK02493,RECON-DAILY,2026-08-13,CASH,CASH_FX_INPUT_DIFFERENCE,Cash posted in a different currency / at a stale or incorrect FX rate,INTERNAL_BOOK,CUSTODIAN_CONFIRM,TRD104975,TRD104975,622355.0,578790.15,,"amount,currency",P2,OPEN,0,ICICI-CUST,EQ-INDEX-04,,True,TRAIN
BRK02494,RECON-DAILY,2026-08-14,POSITION,POS_WRONG_QUANTITY,Wrong quantity - external position differs by a non-round amount,INTERNAL_BOOK,CUSTODIAN_CONFIRM,TRD104976,TRD104976,500,435,,actual_quantity,P1,OPEN,0,HDFC-CUST,EQ-ALPHA-03,,False,TRAIN
BRK02495,RECON-DAILY,2026-08-09,CASH,CASH_WRONG_AMOUNT,Cash amount posted differs from expected trade value by a non-round amount,INTERNAL_BOOK,CUSTODIAN_CONFIRM,TRD104978,TRD104978,421607.5,535441.53,,amount,P1,OPEN,0,KOTAK-CUST,EQ-CORE-02,,False,TRAIN
BRK02496,RECON-DAILY,2026-08-09,TRADE,TRADE_PRICE_MISMATCH,Confirmed price differs from booked price,INTERNAL_BOOK,EXTERNAL_CONFIRMATION,TRD104980,TRD104980,1953.53,1984.35,,price,P2,OPEN,0,MORGANSTANLEY-BROKER,EQ-INDEX-04,,True,TRAIN
BRK02497,RECON-DAILY,2026-08-11,POSITION,POS_MISSING_BOOKING,Missing upstream booking - position never reflected externally,INTERNAL_BOOK,CUSTODIAN_CONFIRM,TRD104986,TRD104986,100,0,,actual_quantity,P0,OPEN,0,ICICI-CUST,EQ-ALPHA-03,,False,TEST
BRK02498,RECON-DAILY,2026-08-20,TRADE,TRADE_DATE_MISMATCH,Confirmed trade date differs from booked trade date,INTERNAL_BOOK,EXTERNAL_CONFIRMATION,TRD104992,TRD104992,2026-08-19,2026-08-20,,trade_date,P2,OPEN,0,ICICI-CUST,EQ-CORE-02,,True,TEST
BRK02499,RECON-DAILY,2026-08-13,SETTLEMENT,SETL_LATE_COUNTERPARTY,Counterparty has not settled by the expected date,INTERNAL_BOOK,CUSTODIAN_CONFIRM,TRD104993,TRD104993,2026-08-13,2026-08-16,,"settlement_date,settlement_status",P1,OPEN,0,KOTAK-CUST,EQ-CORE-01,,True,TRAIN
BRK02500,RECON-DAILY,2026-08-17,SETTLEMENT,SETL_WRONG_SSI,Settlement instruction references the wrong SSI/beneficiary account - the payment-failure flagship scenario,INTERNAL_BOOK,CUSTODIAN_CONFIRM,TRD104995,TRD104995,SSI-IN-0091,SSI-JP-3389,,ssi_code,P0,OPEN,0,ICICI-CUST,EQ-INDEX-04,,True,TRAIN
BRK02501,RECON-DAILY,2026-08-21,CASH,CASH_FX_INPUT_DIFFERENCE,Cash posted in a different currency / at a stale or incorrect FX rate,INTERNAL_BOOK,CUSTODIAN_CONFIRM,TRD104996,TRD104996,368538.0,381436.83,,"amount,currency",P2,OPEN,0,HDFC-CUST,EQ-CORE-02,,True,TEST
BRK02502,RECON-DAILY,2026-08-06,POSITION,POS_WRONG_QUANTITY,Wrong quantity - external position differs by a non-round amount,INTERNAL_BOOK,CUSTODIAN_CONFIRM,TRD104999,TRD104999,1000,780,,actual_quantity,P1,OPEN,0,ICICI-CUST,EQ-ALPHA-03,,False,TRAIN
BRK02503,RECON-DAILY,2026-08-08,CASH,CASH_MISSING_ENTRY,Expected cash movement never posted,INTERNAL_BOOK,CUSTODIAN_CONFIRM,TRD105000,TRD105000,196438.0,,,amount,P0,OPEN,0,DEUTSCHE-BROKER,EQ-CORE-01,,False,TRAIN
BRK02504,RECON-DAILY,2026-08-13,POSITION,CA_MANDATORY_NOT_REFLECTED,"Mandatory corporate action (split/bonus) not yet reflected externally - mechanical, auto-correctable",INTERNAL_BOOK,CUSTODIAN_CONFIRM,TRD105001,TRD105001,2000,1000,,actual_quantity,P1,OPEN,0,DEUTSCHE-BROKER,EQ-CORE-02,MANDATORY,True,TRAIN
BRK02505,RECON-DAILY,2026-08-22,CASH,CASH_MISSING_ENTRY,Expected cash movement never posted,INTERNAL_BOOK,CUSTODIAN_CONFIRM,TRD105003,TRD105003,687915.0,,,amount,P0,OPEN,0,HDFC-CUST,EQ-CORE-01,,False,TRAIN
BRK02506,RECON-DAILY,2026-08-15,TRADE,TRADE_PRICE_MISMATCH,Confirmed price differs from booked price,INTERNAL_BOOK,EXTERNAL_CONFIRMATION,TRD105005,TRD105005,1883.08,1926.3,,price,P2,OPEN,0,ICICI-CUST,EQ-CORE-01,,True,TRAIN
BRK02507,RECON-DAILY,2026-08-18,TRADE,CONF_DISAGREEMENT,External confirmation received but disagrees with the booking on multiple fields,INTERNAL_BOOK,EXTERNAL_CONFIRMATION,TRD105009,TRD105009,"qty=1500,price=1180.9","qty=1575,price=1192.86",,"quantity,price",P1,OPEN,0,NOMURA-BROKER,EQ-CORE-01,,True,TRAIN
BRK02508,RECON-DAILY,2026-08-02,CASH,CASH_DUPLICATE_ENTRY,Same cash movement posted twice,INTERNAL_BOOK,CUSTODIAN_CONFIRM,TRD105012,TRD105012,6508990.0,13017980.0,,"amount,cash_id",P1,OPEN,0,MORGANSTANLEY-BROKER,EQ-CORE-01,,True,TRAIN
BRK02509,RECON-DAILY,2026-08-19,SETTLEMENT,SETL_LATE_COUNTERPARTY,Counterparty has not settled by the expected date,INTERNAL_BOOK,CUSTODIAN_CONFIRM,TRD105014,TRD105014,2026-08-19,2026-08-24,,"settlement_date,settlement_status",P1,OPEN,0,NOMURA-BROKER,EQ-CORE-01,,True,TRAIN
BRK02510,RECON-DAILY,2026-08-18,TRADE,TRADE_COUNTERPARTY_ID_MISMATCH,Confirmed counterparty identifier differs from booked counterparty,INTERNAL_BOOK,EXTERNAL_CONFIRMATION,TRD105017,TRD105017,ICICI-CUST,KOTAK-CUST,,counterparty,P1,OPEN,0,ICICI-CUST,EQ-INDEX-04,,True,TRAIN
BRK02511,RECON-DAILY,2026-08-14,POSITION,POS_WRONG_QUANTITY,Wrong quantity - external position differs by a non-round amount,INTERNAL_BOOK,CUSTODIAN_CONFIRM,TRD105018,TRD105018,2000,2580,,actual_quantity,P1,OPEN,0,DEUTSCHE-BROKER,EQ-CORE-02,,False,TRAIN
BRK02512,RECON-DAILY,2026-08-07,CASH,CASH_WRONG_AMOUNT,Cash amount posted differs from expected trade value by a non-round amount,INTERNAL_BOOK,CUSTODIAN_CONFIRM,TRD105021,TRD105021,346300.0,283966.0,,amount,P1,OPEN,0,KOTAK-CUST,EQ-CORE-02,,False,TRAIN
BRK02513,RECON-DAILY,2026-08-21,POSITION,POS_MISSING_BOOKING,Missing upstream booking - position never reflected externally,INTERNAL_BOOK,CUSTODIAN_CONFIRM,TRD105022,TRD105022,1500,0,,actual_quantity,P0,OPEN,0,ICICI-CUST,EQ-ALPHA-03,,False,TEST
BRK02514,RECON-DAILY,2026-08-11,SETTLEMENT,SETL_INCORRECT_DATE,Settlement recorded against the wrong date (holiday-calendar-style off-by-one),INTERNAL_BOOK,CUSTODIAN_CONFIRM,TRD105023,TRD105023,2026-08-11,2026-08-12,,settlement_date,P2,OPEN,0,DEUTSCHE-BROKER,EQ-CORE-02,,True,TRAIN
BRK02515,RECON-DAILY,2026-08-19,POSITION,POS_WRONG_QUANTITY,Wrong quantity - external position differs by a non-round amount,INTERNAL_BOOK,CUSTODIAN_CONFIRM,TRD105026,TRD105026,1500,1860,,actual_quantity,P1,OPEN,0,DEUTSCHE-BROKER,EQ-INDEX-04,,False,TEST
BRK02516,RECON-DAILY,2026-08-14,CASH,CASH_WRONG_AMOUNT,Cash amount posted differs from expected trade value by a non-round amount,INTERNAL_BOOK,CUSTODIAN_CONFIRM,TRD105032,TRD105032,1896500.0,2256835.0,,amount,P1,OPEN,0,ICICI-CUST,EQ-CORE-01,,False,TEST
BRK02517,RECON-DAILY,2026-08-06,CASH,CASH_DUPLICATE_ENTRY,Same cash movement posted twice,INTERNAL_BOOK,CUSTODIAN_CONFIRM,TRD105037,TRD105037,487665.0,975330.0,,"amount,cash_id",P1,OPEN,0,NOMURA-BROKER,EQ-CORE-01,,False,TRAIN
BRK02518,RECON-DAILY,2026-08-10,CASH,CASH_DUPLICATE_ENTRY,Same cash movement posted twice,INTERNAL_BOOK,CUSTODIAN_CONFIRM,TRD105039,TRD105039,122428.0,244856.0,,"amount,cash_id",P1,OPEN,0,NOMURA-BROKER,EQ-CORE-01,,False,TRAIN
BRK02519,RECON-DAILY,2026-08-19,SETTLEMENT,SETL_LATE_COUNTERPARTY,Counterparty has not settled by the expected date,INTERNAL_BOOK,CUSTODIAN_CONFIRM,TRD105040,TRD105040,2026-08-19,2026-08-21,,"settlement_date,settlement_status",P1,OPEN,0,DEUTSCHE-BROKER,EQ-CORE-02,,True,TRAIN
BRK02520,RECON-DAILY,2026-08-22,TRADE,TRADE_COUNTERPARTY_ID_MISMATCH,Confirmed counterparty identifier differs from booked counterparty,INTERNAL_BOOK,EXTERNAL_CONFIRMATION,TRD105041,TRD105041,DEUTSCHE-BROKER,NOMURA-BROKER,,counterparty,P1,OPEN,0,DEUTSCHE-BROKER,EQ-INDEX-04,,True,TRAIN
BRK02521,RECON-DAILY,2026-08-06,CASH,CASH_DUPLICATE_ENTRY,Same cash movement posted twice,INTERNAL_BOOK,CUSTODIAN_CONFIRM,TRD105042,TRD105042,455677.5,911355.0,,"amount,cash_id",P1,OPEN,0,ICICI-CUST,EQ-CORE-01,,True,TRAIN
BRK02522,RECON-DAILY,2026-08-16,SETTLEMENT,SETL_MISSING_INSTRUCTION,No settlement instruction was ever issued,INTERNAL_BOOK,CUSTODIAN_CONFIRM,TRD105045,TRD105045,INSTRUCTED,MISSING,,instruction_status,P0,OPEN,0,MORGANSTANLEY-BROKER,EQ-INDEX-04,,True,TRAIN
BRK02523,RECON-DAILY,2026-08-11,SETTLEMENT,SETL_MISSING_INSTRUCTION,No settlement instruction was ever issued,INTERNAL_BOOK,CUSTODIAN_CONFIRM,TRD105047,TRD105047,INSTRUCTED,MISSING,,instruction_status,P0,OPEN,0,MORGANSTANLEY-BROKER,EQ-CORE-02,,True,TRAIN
BRK02524,RECON-DAILY,2026-08-06,CASH,CASH_WRONG_AMOUNT,Cash amount posted differs from expected trade value by a non-round amount,INTERNAL_BOOK,CUSTODIAN_CONFIRM,TRD105048,TRD105048,1224660.0,1555318.2,,amount,P1,OPEN,0,KOTAK-CUST,EQ-ALPHA-03,,False,TRAIN
BRK02525,RECON-DAILY,2026-08-08,TRADE,CONF_MISSING,External confirmation never received,INTERNAL_BOOK,EXTERNAL_CONFIRMATION,TRD105055,TRD105055,TRD105055,,,confirmation,P0,OPEN,0,NOMURA-BROKER,EQ-INDEX-04,,True,TRAIN
BRK02526,RECON-DAILY,2026-08-13,POSITION,POS_MISSING_BOOKING,Missing upstream booking - position never reflected externally,INTERNAL_BOOK,CUSTODIAN_CONFIRM,TRD105059,TRD105059,750,0,,actual_quantity,P0,OPEN,0,HDFC-CUST,EQ-INDEX-04,,True,TRAIN
BRK02527,RECON-DAILY,2026-08-16,POSITION,POS_TIMING_DIFFERENCE,"Timing difference - quantities agree, as-of dates don't (expected to self-resolve)",INTERNAL_BOOK,CUSTODIAN_CONFIRM,TRD105062,TRD105062,2026-08-16,2026-08-17,,as_of_date,P2,OPEN,0,HDFC-CUST,EQ-INDEX-04,,False,TRAIN
BRK02528,RECON-DAILY,2026-08-03,CASH,CASH_MISSING_ENTRY,Expected cash movement never posted,INTERNAL_BOOK,CUSTODIAN_CONFIRM,TRD105063,TRD105063,567392.0,,,amount,P0,OPEN,0,NOMURA-BROKER,EQ-CORE-02,,False,TRAIN
BRK02529,RECON-DAILY,2026-08-21,TRADE,CONF_DISAGREEMENT,External confirmation received but disagrees with the booking on multiple fields,INTERNAL_BOOK,EXTERNAL_CONFIRMATION,TRD105064,TRD105064,"qty=750,price=1671.88","qty=675,price=1690.62",,"quantity,price",P1,OPEN,0,DEUTSCHE-BROKER,EQ-ALPHA-03,,True,TRAIN
BRK02530,RECON-DAILY,2026-08-18,POSITION,POS_MISSING_BOOKING,Missing upstream booking - position never reflected externally,INTERNAL_BOOK,CUSTODIAN_CONFIRM,TRD105065,TRD105065,1500,0,,actual_quantity,P0,OPEN,0,MORGANSTANLEY-BROKER,EQ-CORE-01,,False,TRAIN
BRK02531,RECON-DAILY,2026-08-06,CASH,CASH_DUPLICATE_ENTRY,Same cash movement posted twice,INTERNAL_BOOK,CUSTODIAN_CONFIRM,TRD105066,TRD105066,5495595.0,10991190.0,,"amount,cash_id",P1,OPEN,0,ICICI-CUST,EQ-ALPHA-03,,False,TRAIN
BRK02532,RECON-DAILY,2026-08-15,CASH,CASH_FX_INPUT_DIFFERENCE,Cash posted in a different currency / at a stale or incorrect FX rate,INTERNAL_BOOK,CUSTODIAN_CONFIRM,TRD105067,TRD105067,350677.5,362951.21,,"amount,currency",P2,OPEN,0,HDFC-CUST,EQ-CORE-02,,False,TRAIN
BRK02533,RECON-DAILY,2026-08-03,SETTLEMENT,SETL_LATE_COUNTERPARTY,Counterparty has not settled by the expected date,INTERNAL_BOOK,CUSTODIAN_CONFIRM,TRD105068,TRD105068,2026-08-03,2026-08-06,,"settlement_date,settlement_status",P1,OPEN,0,HDFC-CUST,EQ-CORE-02,,True,TRAIN
BRK02534,RECON-DAILY,2026-08-19,SETTLEMENT,SETL_MISSING_INSTRUCTION,No settlement instruction was ever issued,INTERNAL_BOOK,CUSTODIAN_CONFIRM,TRD105071,TRD105071,INSTRUCTED,MISSING,,instruction_status,P0,OPEN,0,DEUTSCHE-BROKER,EQ-ALPHA-03,,True,TEST
BRK02535,RECON-DAILY,2026-08-16,TRADE,CONF_DISAGREEMENT,External confirmation received but disagrees with the booking on multiple fields,INTERNAL_BOOK,EXTERNAL_CONFIRMATION,TRD105072,TRD105072,"qty=2000,price=467.76","qty=2075,price=474.72",,"quantity,price",P1,OPEN,0,ICICI-CUST,EQ-CORE-02,,True,TRAIN
BRK02536,RECON-DAILY,2026-08-06,POSITION,POS_WRONG_QUANTITY,Wrong quantity - external position differs by a non-round amount,INTERNAL_BOOK,CUSTODIAN_CONFIRM,TRD105074,TRD105074,2000,1560,,actual_quantity,P1,OPEN,0,HDFC-CUST,EQ-CORE-02,,False,TRAIN
BRK02537,RECON-DAILY,2026-08-02,CASH,CASH_DUPLICATE_ENTRY,Same cash movement posted twice,INTERNAL_BOOK,CUSTODIAN_CONFIRM,TRD105078,TRD105078,588340.0,1176680.0,,"amount,cash_id",P1,OPEN,0,KOTAK-CUST,EQ-ALPHA-03,,True,TRAIN
BRK02538,RECON-DAILY,2026-08-03,POSITION,POS_WRONG_QUANTITY,Wrong quantity - external position differs by a non-round amount,INTERNAL_BOOK,CUSTODIAN_CONFIRM,TRD105079,TRD105079,250,310,,actual_quantity,P1,OPEN,0,DEUTSCHE-BROKER,EQ-INDEX-04,,False,TRAIN
BRK02539,RECON-DAILY,2026-08-09,TRADE,TRADE_DATE_MISMATCH,Confirmed trade date differs from booked trade date,INTERNAL_BOOK,EXTERNAL_CONFIRMATION,TRD105080,TRD105080,2026-08-08,2026-08-09,,trade_date,P2,OPEN,0,ICICI-CUST,EQ-CORE-02,,True,TRAIN
BRK02540,RECON-DAILY,2026-08-12,TRADE,CONF_DISAGREEMENT,External confirmation received but disagrees with the booking on multiple fields,INTERNAL_BOOK,EXTERNAL_CONFIRMATION,TRD105081,TRD105081,"qty=750,price=1237.15","qty=675,price=1258.61",,"quantity,price",P1,OPEN,0,MORGANSTANLEY-BROKER,EQ-ALPHA-03,,True,TRAIN
BRK02541,RECON-DAILY,2026-08-15,SETTLEMENT,SETL_LATE_COUNTERPARTY,Counterparty has not settled by the expected date,INTERNAL_BOOK,CUSTODIAN_CONFIRM,TRD105085,TRD105085,2026-08-15,2026-08-19,,"settlement_date,settlement_status",P1,OPEN,0,NOMURA-BROKER,EQ-ALPHA-03,,True,TEST
BRK02542,RECON-DAILY,2026-08-19,TRADE,TRADE_COUNTERPARTY_ID_MISMATCH,Confirmed counterparty identifier differs from booked counterparty,INTERNAL_BOOK,EXTERNAL_CONFIRMATION,TRD105086,TRD105086,NOMURA-BROKER,HDFC-CUST,,counterparty,P1,OPEN,0,NOMURA-BROKER,EQ-ALPHA-03,,True,TRAIN
BRK02543,RECON-DAILY,2026-08-14,CASH,CASH_MISSING_ENTRY,Expected cash movement never posted,INTERNAL_BOOK,CUSTODIAN_CONFIRM,TRD105088,TRD105088,2505090.0,,,amount,P0,OPEN,0,KOTAK-CUST,EQ-INDEX-04,,False,TRAIN
BRK02544,RECON-DAILY,2026-08-18,POSITION,POS_WRONG_QUANTITY,Wrong quantity - external position differs by a non-round amount,INTERNAL_BOOK,CUSTODIAN_CONFIRM,TRD105089,TRD105089,1500,1755,,actual_quantity,P1,OPEN,0,DEUTSCHE-BROKER,EQ-INDEX-04,,False,TEST
BRK02545,RECON-DAILY,2026-08-19,TRADE,TRADE_PRICE_MISMATCH,Confirmed price differs from booked price,INTERNAL_BOOK,EXTERNAL_CONFIRMATION,TRD105090,TRD105090,844.42,855.03,,price,P2,OPEN,0,DEUTSCHE-BROKER,EQ-CORE-01,,True,TRAIN
BRK02546,RECON-DAILY,2026-08-10,POSITION,POS_WRONG_QUANTITY,Wrong quantity - external position differs by a non-round amount,INTERNAL_BOOK,CUSTODIAN_CONFIRM,TRD105091,TRD105091,750,878,,actual_quantity,P1,OPEN,0,MORGANSTANLEY-BROKER,EQ-CORE-01,,True,TRAIN
BRK02547,RECON-DAILY,2026-08-22,POSITION,CA_INCORRECT_ENTITLEMENT,Corporate action entitlement calculated incorrectly (wrong ratio applied),INTERNAL_BOOK,CUSTODIAN_CONFIRM,TRD105092,TRD105092,300,330,,actual_quantity,P1,OPEN,0,MORGANSTANLEY-BROKER,EQ-ALPHA-03,MANDATORY,True,TRAIN
BRK02548,RECON-DAILY,2026-08-02,TRADE,CONF_DISAGREEMENT,External confirmation received but disagrees with the booking on multiple fields,INTERNAL_BOOK,EXTERNAL_CONFIRMATION,TRD105094,TRD105094,"qty=1500,price=12930.02","qty=1575,price=13121.83",,"quantity,price",P1,OPEN,0,ICICI-CUST,EQ-CORE-01,,True,TEST
BRK02549,RECON-DAILY,2026-08-12,POSITION,POS_TIMING_DIFFERENCE,"Timing difference - quantities agree, as-of dates don't (expected to self-resolve)",INTERNAL_BOOK,CUSTODIAN_CONFIRM,TRD105095,TRD105095,2026-08-12,2026-08-13,,as_of_date,P2,OPEN,0,KOTAK-CUST,EQ-CORE-01,,False,TRAIN
BRK02550,RECON-DAILY,2026-08-20,SETTLEMENT,SETL_WRONG_SSI,Settlement instruction references the wrong SSI/beneficiary account - the payment-failure flagship scenario,INTERNAL_BOOK,CUSTODIAN_CONFIRM,TRD105097,TRD105097,SSI-US-7742,SSI-IN-0091,,ssi_code,P0,OPEN,0,MORGANSTANLEY-BROKER,EQ-CORE-01,,True,TRAIN
BRK02551,RECON-DAILY,2026-08-09,SETTLEMENT,SETL_LATE_COUNTERPARTY,Counterparty has not settled by the expected date,INTERNAL_BOOK,CUSTODIAN_CONFIRM,TRD105100,TRD105100,2026-08-09,2026-08-14,,"settlement_date,settlement_status",P1,OPEN,0,DEUTSCHE-BROKER,EQ-INDEX-04,,True,TEST
BRK02552,RECON-DAILY,2026-08-07,CASH,CASH_FX_INPUT_DIFFERENCE,Cash posted in a different currency / at a stale or incorrect FX rate,INTERNAL_BOOK,CUSTODIAN_CONFIRM,TRD105101,TRD105101,4259430.0,3961269.9,,"amount,currency",P2,OPEN,0,HDFC-CUST,EQ-INDEX-04,,False,TRAIN
BRK02553,RECON-DAILY,2026-08-07,TRADE,CONF_MISSING,External confirmation never received,INTERNAL_BOOK,EXTERNAL_CONFIRMATION,TRD105102,TRD105102,TRD105102,,,confirmation,P0,OPEN,0,ICICI-CUST,EQ-ALPHA-03,,True,TRAIN
BRK02554,RECON-DAILY,2026-08-16,POSITION,POS_MISSING_BOOKING,Missing upstream booking - position never reflected externally,INTERNAL_BOOK,CUSTODIAN_CONFIRM,TRD105104,TRD105104,1000,0,,actual_quantity,P0,OPEN,0,MORGANSTANLEY-BROKER,EQ-CORE-02,,True,TRAIN
BRK02555,RECON-DAILY,2026-08-15,POSITION,CA_INCORRECT_ENTITLEMENT,Corporate action entitlement calculated incorrectly (wrong ratio applied),INTERNAL_BOOK,CUSTODIAN_CONFIRM,TRD105107,TRD105107,375,300,,actual_quantity,P1,OPEN,0,ICICI-CUST,EQ-INDEX-04,MANDATORY,True,TRAIN
BRK02556,RECON-DAILY,2026-08-03,TRADE,TRADE_COUNTERPARTY_ID_MISMATCH,Confirmed counterparty identifier differs from booked counterparty,INTERNAL_BOOK,EXTERNAL_CONFIRMATION,TRD105108,TRD105108,MORGANSTANLEY-BROKER,HDFC-CUST,,counterparty,P1,OPEN,0,MORGANSTANLEY-BROKER,EQ-ALPHA-03,,True,TRAIN
BRK02557,RECON-DAILY,2026-08-17,CASH,CASH_FX_INPUT_DIFFERENCE,Cash posted in a different currency / at a stale or incorrect FX rate,INTERNAL_BOOK,CUSTODIAN_CONFIRM,TRD105109,TRD105109,1675220.0,1792485.4,,"amount,currency",P2,OPEN,0,MORGANSTANLEY-BROKER,EQ-ALPHA-03,,False,TRAIN
BRK02558,RECON-DAILY,2026-08-15,TRADE,CONF_DISAGREEMENT,External confirmation received but disagrees with the booking on multiple fields,INTERNAL_BOOK,EXTERNAL_CONFIRMATION,TRD105110,TRD105110,"qty=500,price=613.36","qty=575,price=621.74",,"quantity,price",P1,OPEN,0,KOTAK-CUST,EQ-ALPHA-03,,True,TRAIN
BRK02559,RECON-DAILY,2026-08-06,SETTLEMENT,SETL_MISSING_INSTRUCTION,No settlement instruction was ever issued,INTERNAL_BOOK,CUSTODIAN_CONFIRM,TRD105111,TRD105111,INSTRUCTED,MISSING,,instruction_status,P0,OPEN,0,DEUTSCHE-BROKER,EQ-INDEX-04,,True,TRAIN
BRK02560,RECON-DAILY,2026-08-22,CASH,CASH_DUPLICATE_ENTRY,Same cash movement posted twice,INTERNAL_BOOK,CUSTODIAN_CONFIRM,TRD105113,TRD105113,610460.0,1220920.0,,"amount,cash_id",P1,OPEN,0,NOMURA-BROKER,EQ-INDEX-04,,False,TRAIN
BRK02561,RECON-DAILY,2026-08-09,SETTLEMENT,SETL_WRONG_SSI,Settlement instruction references the wrong SSI/beneficiary account - the payment-failure flagship scenario,INTERNAL_BOOK,CUSTODIAN_CONFIRM,TRD105115,TRD105115,SSI-IN-0203,SSI-IN-0091,,ssi_code,P0,OPEN,0,KOTAK-CUST,EQ-INDEX-04,,True,TRAIN
BRK02562,RECON-DAILY,2026-08-13,POSITION,POS_WRONG_QUANTITY,Wrong quantity - external position differs by a non-round amount,INTERNAL_BOOK,CUSTODIAN_CONFIRM,TRD105119,TRD105119,100,124,,actual_quantity,P1,OPEN,0,KOTAK-CUST,EQ-CORE-01,,False,TRAIN
BRK02563,RECON-DAILY,2026-08-07,CASH,CASH_FX_INPUT_DIFFERENCE,Cash posted in a different currency / at a stale or incorrect FX rate,INTERNAL_BOOK,CUSTODIAN_CONFIRM,TRD105121,TRD105121,258885.0,267945.97,,"amount,currency",P2,OPEN,0,NOMURA-BROKER,EQ-CORE-01,,False,TRAIN
BRK02564,RECON-DAILY,2026-08-14,SETTLEMENT,SETL_MISSING_INSTRUCTION,No settlement instruction was ever issued,INTERNAL_BOOK,CUSTODIAN_CONFIRM,TRD105126,TRD105126,INSTRUCTED,MISSING,,instruction_status,P0,OPEN,0,DEUTSCHE-BROKER,EQ-ALPHA-03,,True,TEST
BRK02565,RECON-DAILY,2026-08-03,TRADE,TRADE_PRICE_MISMATCH,Confirmed price differs from booked price,INTERNAL_BOOK,EXTERNAL_CONFIRMATION,TRD105129,TRD105129,4124.65,4004.54,,price,P2,OPEN,0,NOMURA-BROKER,EQ-ALPHA-03,,True,TEST
BRK02566,RECON-DAILY,2026-08-21,TRADE,TRADE_PRICE_MISMATCH,Confirmed price differs from booked price,INTERNAL_BOOK,EXTERNAL_CONFIRMATION,TRD105131,TRD105131,469.75,464.48,,price,P2,OPEN,0,KOTAK-CUST,EQ-CORE-01,,True,TRAIN
BRK02567,RECON-DAILY,2026-08-16,TRADE,TRADE_COUNTERPARTY_ID_MISMATCH,Confirmed counterparty identifier differs from booked counterparty,INTERNAL_BOOK,EXTERNAL_CONFIRMATION,TRD105134,TRD105134,NOMURA-BROKER,ICICI-CUST,,counterparty,P1,OPEN,0,NOMURA-BROKER,EQ-ALPHA-03,,True,TRAIN
BRK02568,RECON-DAILY,2026-08-07,SETTLEMENT,SETL_LATE_COUNTERPARTY,Counterparty has not settled by the expected date,INTERNAL_BOOK,CUSTODIAN_CONFIRM,TRD105136,TRD105136,2026-08-07,2026-08-12,,"settlement_date,settlement_status",P1,OPEN,0,DEUTSCHE-BROKER,EQ-CORE-01,,True,TRAIN
BRK02569,RECON-DAILY,2026-08-17,POSITION,CA_MANDATORY_NOT_REFLECTED,"Mandatory corporate action (split/bonus) not yet reflected externally - mechanical, auto-correctable",INTERNAL_BOOK,CUSTODIAN_CONFIRM,TRD105137,TRD105137,3000,2000,,actual_quantity,P1,OPEN,0,ICICI-CUST,EQ-INDEX-04,MANDATORY,True,TRAIN
BRK02570,RECON-DAILY,2026-08-21,POSITION,CA_INCORRECT_ENTITLEMENT,Corporate action entitlement calculated incorrectly (wrong ratio applied),INTERNAL_BOOK,CUSTODIAN_CONFIRM,TRD105138,TRD105138,600,640,,actual_quantity,P1,OPEN,0,HDFC-CUST,EQ-CORE-02,MANDATORY,True,TEST
BRK02571,RECON-DAILY,2026-08-21,POSITION,CA_VOLUNTARY_DECISION,"Voluntary corporate action (tender/conversion) pending an election - requires a human business decision, always escalated",INTERNAL_BOOK,CUSTODIAN_CONFIRM,TRD105140,TRD105140,3000,2000,,actual_quantity,P1,OPEN,0,NOMURA-BROKER,EQ-ALPHA-03,VOLUNTARY,True,TRAIN
BRK02572,RECON-DAILY,2026-08-10,SETTLEMENT,SETL_WRONG_SSI,Settlement instruction references the wrong SSI/beneficiary account - the payment-failure flagship scenario,INTERNAL_BOOK,CUSTODIAN_CONFIRM,TRD105144,TRD105144,SSI-IN-0091,SSI-IN-0147,,ssi_code,P0,OPEN,0,ICICI-CUST,EQ-INDEX-04,,True,TRAIN
BRK02573,RECON-DAILY,2026-08-09,TRADE,CONF_MISSING,External confirmation never received,INTERNAL_BOOK,EXTERNAL_CONFIRMATION,TRD105146,TRD105146,TRD105146,,,confirmation,P0,OPEN,0,KOTAK-CUST,EQ-ALPHA-03,,True,TRAIN
BRK02574,RECON-DAILY,2026-08-21,TRADE,CONF_DISAGREEMENT,External confirmation received but disagrees with the booking on multiple fields,INTERNAL_BOOK,EXTERNAL_CONFIRMATION,TRD105148,TRD105148,"qty=750,price=13029.02","qty=825,price=13179.94",,"quantity,price",P1,OPEN,0,HDFC-CUST,EQ-INDEX-04,,True,TRAIN
BRK02575,RECON-DAILY,2026-08-08,TRADE,CONF_DISAGREEMENT,External confirmation received but disagrees with the booking on multiple fields,INTERNAL_BOOK,EXTERNAL_CONFIRMATION,TRD105149,TRD105149,"qty=100,price=3684.36","qty=25,price=3723.39",,"quantity,price",P1,OPEN,0,ICICI-CUST,EQ-INDEX-04,,True,TRAIN
BRK02576,RECON-DAILY,2026-08-18,CASH,CASH_WRONG_AMOUNT,Cash amount posted differs from expected trade value by a non-round amount,INTERNAL_BOOK,CUSTODIAN_CONFIRM,TRD105151,TRD105151,470050.0,559359.5,,amount,P1,OPEN,0,KOTAK-CUST,EQ-ALPHA-03,,True,TRAIN
BRK02577,RECON-DAILY,2026-08-03,POSITION,POS_MISSING_BOOKING,Missing upstream booking - position never reflected externally,INTERNAL_BOOK,CUSTODIAN_CONFIRM,TRD105153,TRD105153,250,0,,actual_quantity,P0,OPEN,0,DEUTSCHE-BROKER,EQ-ALPHA-03,,False,TRAIN
BRK02578,RECON-DAILY,2026-08-21,TRADE,TRADE_DATE_MISMATCH,Confirmed trade date differs from booked trade date,INTERNAL_BOOK,EXTERNAL_CONFIRMATION,TRD105154,TRD105154,2026-08-20,2026-08-21,,trade_date,P2,OPEN,0,MORGANSTANLEY-BROKER,EQ-CORE-01,,True,TRAIN
BRK02579,RECON-DAILY,2026-08-06,SETTLEMENT,SETL_MISSING_INSTRUCTION,No settlement instruction was ever issued,INTERNAL_BOOK,CUSTODIAN_CONFIRM,TRD105159,TRD105159,INSTRUCTED,MISSING,,instruction_status,P0,OPEN,0,NOMURA-BROKER,EQ-ALPHA-03,,True,TRAIN
BRK02580,RECON-DAILY,2026-08-14,CASH,CASH_WRONG_AMOUNT,Cash amount posted differs from expected trade value by a non-round amount,INTERNAL_BOOK,CUSTODIAN_CONFIRM,TRD105161,TRD105161,489902.5,543791.78,,amount,P1,OPEN,0,MORGANSTANLEY-BROKER,EQ-CORE-02,,False,TEST
BRK02581,RECON-DAILY,2026-08-11,SETTLEMENT,SETL_INCORRECT_DATE,Settlement recorded against the wrong date (holiday-calendar-style off-by-one),INTERNAL_BOOK,CUSTODIAN_CONFIRM,TRD105163,TRD105163,2026-08-11,2026-08-12,,settlement_date,P2,OPEN,0,NOMURA-BROKER,EQ-INDEX-04,,True,TEST
BRK02582,RECON-DAILY,2026-08-16,POSITION,CA_MANDATORY_NOT_REFLECTED,"Mandatory corporate action (split/bonus) not yet reflected externally - mechanical, auto-correctable",INTERNAL_BOOK,CUSTODIAN_CONFIRM,TRD105169,TRD105169,1500,1000,,actual_quantity,P1,OPEN,0,NOMURA-BROKER,EQ-INDEX-04,MANDATORY,True,TRAIN
BRK02583,RECON-DAILY,2026-08-11,TRADE,TRADE_COUNTERPARTY_ID_MISMATCH,Confirmed counterparty identifier differs from booked counterparty,INTERNAL_BOOK,EXTERNAL_CONFIRMATION,TRD105172,TRD105172,MORGANSTANLEY-BROKER,DEUTSCHE-BROKER,,counterparty,P1,OPEN,0,MORGANSTANLEY-BROKER,EQ-ALPHA-03,,True,TRAIN
BRK02584,RECON-DAILY,2026-08-03,POSITION,CA_INCORRECT_ENTITLEMENT,Corporate action entitlement calculated incorrectly (wrong ratio applied),INTERNAL_BOOK,CUSTODIAN_CONFIRM,TRD105174,TRD105174,3000,2550,,actual_quantity,P1,OPEN,0,HDFC-CUST,EQ-ALPHA-03,MANDATORY,True,TRAIN
BRK02585,RECON-DAILY,2026-08-13,TRADE,CONF_MISSING,External confirmation never received,INTERNAL_BOOK,EXTERNAL_CONFIRMATION,TRD105175,TRD105175,TRD105175,,,confirmation,P0,OPEN,0,KOTAK-CUST,EQ-ALPHA-03,,True,TEST
BRK02586,RECON-DAILY,2026-08-11,TRADE,TRADE_QUANTITY_MISMATCH,Confirmed quantity differs from booked quantity,INTERNAL_BOOK,EXTERNAL_CONFIRMATION,TRD105177,TRD105177,2000,1950,,quantity,P1,OPEN,0,DEUTSCHE-BROKER,EQ-INDEX-04,,True,TRAIN
BRK02587,RECON-DAILY,2026-08-20,POSITION,CA_INCORRECT_ENTITLEMENT,Corporate action entitlement calculated incorrectly (wrong ratio applied),INTERNAL_BOOK,CUSTODIAN_CONFIRM,TRD105178,TRD105178,3000,3600,,actual_quantity,P1,OPEN,0,HDFC-CUST,EQ-ALPHA-03,MANDATORY,True,TRAIN
BRK02588,RECON-DAILY,2026-08-17,TRADE,CONF_MISSING,External confirmation never received,INTERNAL_BOOK,EXTERNAL_CONFIRMATION,TRD105180,TRD105180,TRD105180,,,confirmation,P0,OPEN,0,MORGANSTANLEY-BROKER,EQ-CORE-01,,True,TRAIN
BRK02589,RECON-DAILY,2026-08-12,POSITION,POS_MISSING_BOOKING,Missing upstream booking - position never reflected externally,INTERNAL_BOOK,CUSTODIAN_CONFIRM,TRD105181,TRD105181,100,0,,actual_quantity,P0,OPEN,0,KOTAK-CUST,EQ-ALPHA-03,,False,TRAIN
BRK02590,RECON-DAILY,2026-08-10,TRADE,TRADE_PRICE_MISMATCH,Confirmed price differs from booked price,INTERNAL_BOOK,EXTERNAL_CONFIRMATION,TRD105182,TRD105182,1179.8,1193.32,,price,P2,OPEN,0,NOMURA-BROKER,EQ-CORE-01,,True,TRAIN
BRK02591,RECON-DAILY,2026-08-17,POSITION,POS_MISSING_BOOKING,Missing upstream booking - position never reflected externally,INTERNAL_BOOK,CUSTODIAN_CONFIRM,TRD105188,TRD105188,500,0,,actual_quantity,P0,OPEN,0,NOMURA-BROKER,EQ-CORE-01,,False,TEST
BRK02592,RECON-DAILY,2026-08-12,TRADE,TRADE_COUNTERPARTY_ID_MISMATCH,Confirmed counterparty identifier differs from booked counterparty,INTERNAL_BOOK,EXTERNAL_CONFIRMATION,TRD105189,TRD105189,MORGANSTANLEY-BROKER,HDFC-CUST,,counterparty,P1,OPEN,0,MORGANSTANLEY-BROKER,EQ-CORE-02,,True,TRAIN
BRK02593,RECON-DAILY,2026-08-12,POSITION,CA_MANDATORY_NOT_REFLECTED,"Mandatory corporate action (split/bonus) not yet reflected externally - mechanical, auto-correctable",INTERNAL_BOOK,CUSTODIAN_CONFIRM,TRD105190,TRD105190,3000,1000,,actual_quantity,P1,OPEN,0,KOTAK-CUST,EQ-INDEX-04,MANDATORY,True,TRAIN
BRK02594,RECON-DAILY,2026-08-08,POSITION,CA_MANDATORY_NOT_REFLECTED,"Mandatory corporate action (split/bonus) not yet reflected externally - mechanical, auto-correctable",INTERNAL_BOOK,CUSTODIAN_CONFIRM,TRD105191,TRD105191,4500,1500,,actual_quantity,P1,OPEN,0,HDFC-CUST,EQ-ALPHA-03,MANDATORY,True,TRAIN
BRK02595,RECON-DAILY,2026-08-13,TRADE,TRADE_DATE_MISMATCH,Confirmed trade date differs from booked trade date,INTERNAL_BOOK,EXTERNAL_CONFIRMATION,TRD105194,TRD105194,2026-08-12,2026-08-13,,trade_date,P2,OPEN,0,KOTAK-CUST,EQ-INDEX-04,,True,TRAIN
BRK02596,RECON-DAILY,2026-08-20,POSITION,POS_TIMING_DIFFERENCE,"Timing difference - quantities agree, as-of dates don't (expected to self-resolve)",INTERNAL_BOOK,CUSTODIAN_CONFIRM,TRD105195,TRD105195,2026-08-20,2026-08-21,,as_of_date,P2,OPEN,0,DEUTSCHE-BROKER,EQ-CORE-02,,True,TRAIN
BRK02597,RECON-DAILY,2026-08-21,TRADE,TRADE_DATE_MISMATCH,Confirmed trade date differs from booked trade date,INTERNAL_BOOK,EXTERNAL_CONFIRMATION,TRD105196,TRD105196,2026-08-20,2026-08-21,,trade_date,P2,OPEN,0,NOMURA-BROKER,EQ-CORE-02,,True,TRAIN
BRK02598,RECON-DAILY,2026-08-19,CASH,CASH_DUPLICATE_ENTRY,Same cash movement posted twice,INTERNAL_BOOK,CUSTODIAN_CONFIRM,TRD105198,TRD105198,411533.0,823066.0,,"amount,cash_id",P1,OPEN,0,HDFC-CUST,EQ-CORE-01,,False,TRAIN
BRK02599,RECON-DAILY,2026-08-07,TRADE,TRADE_COUNTERPARTY_ID_MISMATCH,Confirmed counterparty identifier differs from booked counterparty,INTERNAL_BOOK,EXTERNAL_CONFIRMATION,TRD105199,TRD105199,ICICI-CUST,KOTAK-CUST,,counterparty,P1,OPEN,0,ICICI-CUST,EQ-CORE-02,,True,TRAIN
BRK02600,RECON-DAILY,2026-08-08,SETTLEMENT,SETL_INCORRECT_DATE,Settlement recorded against the wrong date (holiday-calendar-style off-by-one),INTERNAL_BOOK,CUSTODIAN_CONFIRM,TRD105200,TRD105200,2026-08-08,2026-08-09,,settlement_date,P2,OPEN,0,NOMURA-BROKER,EQ-CORE-02,,True,TRAIN
BRK02601,RECON-DAILY,2026-08-20,TRADE,CONF_MISSING,External confirmation never received,INTERNAL_BOOK,EXTERNAL_CONFIRMATION,TRD105201,TRD105201,TRD105201,,,confirmation,P0,OPEN,0,ICICI-CUST,EQ-CORE-02,,True,TRAIN
BRK02602,RECON-DAILY,2026-08-11,TRADE,CONF_MISSING,External confirmation never received,INTERNAL_BOOK,EXTERNAL_CONFIRMATION,TRD105203,TRD105203,TRD105203,,,confirmation,P0,OPEN,0,DEUTSCHE-BROKER,EQ-CORE-01,,True,TEST
BRK02603,RECON-DAILY,2026-08-16,POSITION,POS_WRONG_QUANTITY,Wrong quantity - external position differs by a non-round amount,INTERNAL_BOOK,CUSTODIAN_CONFIRM,TRD105209,TRD105209,1500,1035,,actual_quantity,P1,OPEN,0,MORGANSTANLEY-BROKER,EQ-ALPHA-03,,False,TEST
BRK02604,RECON-DAILY,2026-08-10,POSITION,POS_MISSING_BOOKING,Missing upstream booking - position never reflected externally,INTERNAL_BOOK,CUSTODIAN_CONFIRM,TRD105213,TRD105213,250,0,,actual_quantity,P0,OPEN,0,ICICI-CUST,EQ-CORE-02,,True,TRAIN
BRK02605,RECON-DAILY,2026-08-18,SETTLEMENT,SETL_INCORRECT_DATE,Settlement recorded against the wrong date (holiday-calendar-style off-by-one),INTERNAL_BOOK,CUSTODIAN_CONFIRM,TRD105215,TRD105215,2026-08-18,2026-08-19,,settlement_date,P2,OPEN,0,ICICI-CUST,EQ-CORE-01,,True,TRAIN
BRK02606,RECON-DAILY,2026-08-06,TRADE,TRADE_DATE_MISMATCH,Confirmed trade date differs from booked trade date,INTERNAL_BOOK,EXTERNAL_CONFIRMATION,TRD105216,TRD105216,2026-08-05,2026-08-06,,trade_date,P2,OPEN,0,HDFC-CUST,EQ-CORE-02,,True,TRAIN
BRK02607,RECON-DAILY,2026-08-03,CASH,CASH_MISSING_ENTRY,Expected cash movement never posted,INTERNAL_BOOK,CUSTODIAN_CONFIRM,TRD105217,TRD105217,3368540.0,,,amount,P0,OPEN,0,HDFC-CUST,EQ-INDEX-04,,True,TRAIN
BRK02608,RECON-DAILY,2026-08-11,SETTLEMENT,SETL_LATE_COUNTERPARTY,Counterparty has not settled by the expected date,INTERNAL_BOOK,CUSTODIAN_CONFIRM,TRD105219,TRD105219,2026-08-11,2026-08-16,,"settlement_date,settlement_status",P1,OPEN,0,NOMURA-BROKER,EQ-ALPHA-03,,True,TRAIN
BRK02609,RECON-DAILY,2026-08-10,POSITION,POS_TIMING_DIFFERENCE,"Timing difference - quantities agree, as-of dates don't (expected to self-resolve)",INTERNAL_BOOK,CUSTODIAN_CONFIRM,TRD105220,TRD105220,2026-08-10,2026-08-11,,as_of_date,P2,OPEN,0,KOTAK-CUST,EQ-ALPHA-03,,False,TRAIN
BRK02610,RECON-DAILY,2026-08-06,CASH,CASH_DUPLICATE_ENTRY,Same cash movement posted twice,INTERNAL_BOOK,CUSTODIAN_CONFIRM,TRD105223,TRD105223,172170.0,344340.0,,"amount,cash_id",P1,OPEN,0,DEUTSCHE-BROKER,EQ-INDEX-04,,False,TRAIN
BRK02611,RECON-DAILY,2026-08-10,SETTLEMENT,SETL_LATE_COUNTERPARTY,Counterparty has not settled by the expected date,INTERNAL_BOOK,CUSTODIAN_CONFIRM,TRD105224,TRD105224,2026-08-10,2026-08-15,,"settlement_date,settlement_status",P1,OPEN,0,HDFC-CUST,EQ-INDEX-04,,True,TRAIN
BRK02612,RECON-DAILY,2026-08-15,CASH,CASH_DUPLICATE_ENTRY,Same cash movement posted twice,INTERNAL_BOOK,CUSTODIAN_CONFIRM,TRD105225,TRD105225,3763080.0,7526160.0,,"amount,cash_id",P1,OPEN,0,ICICI-CUST,EQ-ALPHA-03,,True,TRAIN
BRK02613,RECON-DAILY,2026-08-10,TRADE,CONF_MISSING,External confirmation never received,INTERNAL_BOOK,EXTERNAL_CONFIRMATION,TRD105226,TRD105226,TRD105226,,,confirmation,P0,OPEN,0,HDFC-CUST,EQ-CORE-01,,True,TEST
BRK02614,RECON-DAILY,2026-08-18,POSITION,POS_WRONG_QUANTITY,Wrong quantity - external position differs by a non-round amount,INTERNAL_BOOK,CUSTODIAN_CONFIRM,TRD105227,TRD105227,250,195,,actual_quantity,P1,OPEN,0,DEUTSCHE-BROKER,EQ-INDEX-04,,False,TEST
BRK02615,RECON-DAILY,2026-08-06,POSITION,POS_MISSING_BOOKING,Missing upstream booking - position never reflected externally,INTERNAL_BOOK,CUSTODIAN_CONFIRM,TRD105228,TRD105228,200,0,,actual_quantity,P0,OPEN,0,ICICI-CUST,EQ-CORE-02,,False,TRAIN
BRK02616,RECON-DAILY,2026-08-09,SETTLEMENT,SETL_MISSING_INSTRUCTION,No settlement instruction was ever issued,INTERNAL_BOOK,CUSTODIAN_CONFIRM,TRD105230,TRD105230,INSTRUCTED,MISSING,,instruction_status,P0,OPEN,0,HDFC-CUST,EQ-ALPHA-03,,True,TRAIN
BRK02617,RECON-DAILY,2026-08-08,POSITION,POS_TIMING_DIFFERENCE,"Timing difference - quantities agree, as-of dates don't (expected to self-resolve)",INTERNAL_BOOK,CUSTODIAN_CONFIRM,TRD105231,TRD105231,2026-08-08,2026-08-09,,as_of_date,P2,OPEN,0,HDFC-CUST,EQ-CORE-02,,False,TEST
BRK02618,RECON-DAILY,2026-08-08,TRADE,TRADE_PRICE_MISMATCH,Confirmed price differs from booked price,INTERNAL_BOOK,EXTERNAL_CONFIRMATION,TRD105232,TRD105232,172.3,174.89,,price,P2,OPEN,0,HDFC-CUST,EQ-INDEX-04,,True,TRAIN
BRK02619,RECON-DAILY,2026-08-08,POSITION,CA_MANDATORY_NOT_REFLECTED,"Mandatory corporate action (split/bonus) not yet reflected externally - mechanical, auto-correctable",INTERNAL_BOOK,CUSTODIAN_CONFIRM,TRD105233,TRD105233,1500,750,,actual_quantity,P1,OPEN,0,MORGANSTANLEY-BROKER,EQ-CORE-01,MANDATORY,True,TRAIN
BRK02620,RECON-DAILY,2026-08-18,POSITION,POS_TIMING_DIFFERENCE,"Timing difference - quantities agree, as-of dates don't (expected to self-resolve)",INTERNAL_BOOK,CUSTODIAN_CONFIRM,TRD105234,TRD105234,2026-08-18,2026-08-19,,as_of_date,P2,OPEN,0,MORGANSTANLEY-BROKER,EQ-CORE-01,,False,TEST
BRK02621,RECON-DAILY,2026-08-06,POSITION,CA_INCORRECT_ENTITLEMENT,Corporate action entitlement calculated incorrectly (wrong ratio applied),INTERNAL_BOOK,CUSTODIAN_CONFIRM,TRD105235,TRD105235,300,270,,actual_quantity,P1,OPEN,0,MORGANSTANLEY-BROKER,EQ-CORE-01,MANDATORY,True,TRAIN
BRK02622,RECON-DAILY,2026-08-06,CASH,CASH_MISSING_ENTRY,Expected cash movement never posted,INTERNAL_BOOK,CUSTODIAN_CONFIRM,TRD105237,TRD105237,117829.0,,,amount,P0,OPEN,0,DEUTSCHE-BROKER,EQ-CORE-01,,False,TRAIN
BRK02623,RECON-DAILY,2026-08-05,CASH,CASH_WRONG_AMOUNT,Cash amount posted differs from expected trade value by a non-round amount,INTERNAL_BOOK,CUSTODIAN_CONFIRM,TRD105238,TRD105238,1263270.0,1402229.7,,amount,P1,OPEN,0,KOTAK-CUST,EQ-CORE-02,,False,TRAIN
BRK02624,RECON-DAILY,2026-08-03,TRADE,CONF_DISAGREEMENT,External confirmation received but disagrees with the booking on multiple fields,INTERNAL_BOOK,EXTERNAL_CONFIRMATION,TRD105240,TRD105240,"qty=1000,price=608.05","qty=1075,price=614.83",,"quantity,price",P1,OPEN,0,DEUTSCHE-BROKER,EQ-CORE-01,,True,TRAIN
BRK02625,RECON-DAILY,2026-08-06,TRADE,TRADE_PRICE_MISMATCH,Confirmed price differs from booked price,INTERNAL_BOOK,EXTERNAL_CONFIRMATION,TRD105241,TRD105241,1184.94,1206.55,,price,P2,OPEN,0,ICICI-CUST,EQ-INDEX-04,,True,TRAIN
BRK02626,RECON-DAILY,2026-08-06,SETTLEMENT,SETL_LATE_COUNTERPARTY,Counterparty has not settled by the expected date,INTERNAL_BOOK,CUSTODIAN_CONFIRM,TRD105243,TRD105243,2026-08-06,2026-08-08,,"settlement_date,settlement_status",P1,OPEN,0,ICICI-CUST,EQ-ALPHA-03,,True,TRAIN
BRK02627,RECON-DAILY,2026-08-03,CASH,CASH_WRONG_AMOUNT,Cash amount posted differs from expected trade value by a non-round amount,INTERNAL_BOOK,CUSTODIAN_CONFIRM,TRD105245,TRD105245,2531835.0,3012883.65,,amount,P1,OPEN,0,HDFC-CUST,EQ-CORE-02,,True,TRAIN
BRK02628,RECON-DAILY,2026-08-06,POSITION,POS_TIMING_DIFFERENCE,"Timing difference - quantities agree, as-of dates don't (expected to self-resolve)",INTERNAL_BOOK,CUSTODIAN_CONFIRM,TRD105249,TRD105249,2026-08-06,2026-08-07,,as_of_date,P2,OPEN,0,DEUTSCHE-BROKER,EQ-ALPHA-03,,False,TRAIN
BRK02629,RECON-DAILY,2026-08-12,CASH,CASH_DUPLICATE_ENTRY,Same cash movement posted twice,INTERNAL_BOOK,CUSTODIAN_CONFIRM,TRD105251,TRD105251,4279125.0,8558250.0,,"amount,cash_id",P1,OPEN,0,DEUTSCHE-BROKER,EQ-CORE-01,,False,TRAIN
BRK02630,RECON-DAILY,2026-08-13,POSITION,POS_MISSING_BOOKING,Missing upstream booking - position never reflected externally,INTERNAL_BOOK,CUSTODIAN_CONFIRM,TRD105253,TRD105253,250,0,,actual_quantity,P0,OPEN,0,HDFC-CUST,EQ-CORE-02,,True,TRAIN
BRK02631,RECON-DAILY,2026-08-03,CASH,CASH_DUPLICATE_ENTRY,Same cash movement posted twice,INTERNAL_BOOK,CUSTODIAN_CONFIRM,TRD105255,TRD105255,19437060.0,38874120.0,,"amount,cash_id",P1,OPEN,0,DEUTSCHE-BROKER,EQ-ALPHA-03,,False,TRAIN
BRK02632,RECON-DAILY,2026-08-06,CASH,CASH_MISSING_ENTRY,Expected cash movement never posted,INTERNAL_BOOK,CUSTODIAN_CONFIRM,TRD105258,TRD105258,122160.0,,,amount,P0,OPEN,0,NOMURA-BROKER,EQ-CORE-01,,False,TEST
BRK02633,RECON-DAILY,2026-08-11,POSITION,POS_TIMING_DIFFERENCE,"Timing difference - quantities agree, as-of dates don't (expected to self-resolve)",INTERNAL_BOOK,CUSTODIAN_CONFIRM,TRD105259,TRD105259,2026-08-11,2026-08-12,,as_of_date,P2,OPEN,0,MORGANSTANLEY-BROKER,EQ-CORE-01,,True,TRAIN
BRK02634,RECON-DAILY,2026-08-08,CASH,CASH_DUPLICATE_ENTRY,Same cash movement posted twice,INTERNAL_BOOK,CUSTODIAN_CONFIRM,TRD105260,TRD105260,412515.0,825030.0,,"amount,cash_id",P1,OPEN,0,KOTAK-CUST,EQ-INDEX-04,,True,TRAIN
BRK02635,RECON-DAILY,2026-08-15,TRADE,TRADE_DATE_MISMATCH,Confirmed trade date differs from booked trade date,INTERNAL_BOOK,EXTERNAL_CONFIRMATION,TRD105261,TRD105261,2026-08-14,2026-08-15,,trade_date,P2,OPEN,0,HDFC-CUST,EQ-CORE-02,,True,TRAIN
BRK02636,RECON-DAILY,2026-08-13,TRADE,CONF_DISAGREEMENT,External confirmation received but disagrees with the booking on multiple fields,INTERNAL_BOOK,EXTERNAL_CONFIRMATION,TRD105262,TRD105262,"qty=2000,price=847.36","qty=2075,price=863.96",,"quantity,price",P1,OPEN,0,NOMURA-BROKER,EQ-ALPHA-03,,True,TRAIN
BRK02637,RECON-DAILY,2026-08-19,TRADE,TRADE_COUNTERPARTY_ID_MISMATCH,Confirmed counterparty identifier differs from booked counterparty,INTERNAL_BOOK,EXTERNAL_CONFIRMATION,TRD105263,TRD105263,KOTAK-CUST,HDFC-CUST,,counterparty,P1,OPEN,0,KOTAK-CUST,EQ-CORE-01,,True,TRAIN
BRK02638,RECON-DAILY,2026-08-10,CASH,CASH_MISSING_ENTRY,Expected cash movement never posted,INTERNAL_BOOK,CUSTODIAN_CONFIRM,TRD105265,TRD105265,5464340.0,,,amount,P0,OPEN,0,DEUTSCHE-BROKER,EQ-CORE-01,,True,TEST
BRK02639,RECON-DAILY,2026-08-09,CASH,CASH_MISSING_ENTRY,Expected cash movement never posted,INTERNAL_BOOK,CUSTODIAN_CONFIRM,TRD105269,TRD105269,169110.0,,,amount,P0,OPEN,0,NOMURA-BROKER,EQ-CORE-02,,False,TRAIN
BRK02640,RECON-DAILY,2026-08-13,POSITION,POS_WRONG_QUANTITY,Wrong quantity - external position differs by a non-round amount,INTERNAL_BOOK,CUSTODIAN_CONFIRM,TRD105270,TRD105270,200,234,,actual_quantity,P1,OPEN,0,NOMURA-BROKER,EQ-ALPHA-03,,True,TRAIN
BRK02641,RECON-DAILY,2026-08-19,POSITION,POS_WRONG_QUANTITY,Wrong quantity - external position differs by a non-round amount,INTERNAL_BOOK,CUSTODIAN_CONFIRM,TRD105271,TRD105271,1500,1755,,actual_quantity,P1,OPEN,0,HDFC-CUST,EQ-CORE-02,,True,TRAIN
BRK02642,RECON-DAILY,2026-08-03,CASH,CASH_MISSING_ENTRY,Expected cash movement never posted,INTERNAL_BOOK,CUSTODIAN_CONFIRM,TRD105273,TRD105273,2766262.5,,,amount,P0,OPEN,0,DEUTSCHE-BROKER,EQ-ALPHA-03,,True,TRAIN
BRK02643,RECON-DAILY,2026-08-12,POSITION,CA_MANDATORY_NOT_REFLECTED,"Mandatory corporate action (split/bonus) not yet reflected externally - mechanical, auto-correctable",INTERNAL_BOOK,CUSTODIAN_CONFIRM,TRD105274,TRD105274,3000,1000,,actual_quantity,P1,OPEN,0,MORGANSTANLEY-BROKER,EQ-CORE-02,MANDATORY,True,TRAIN
BRK02644,RECON-DAILY,2026-08-14,CASH,CASH_FX_INPUT_DIFFERENCE,Cash posted in a different currency / at a stale or incorrect FX rate,INTERNAL_BOOK,CUSTODIAN_CONFIRM,TRD105275,TRD105275,46967.0,45088.32,,"amount,currency",P2,OPEN,0,KOTAK-CUST,EQ-CORE-01,,True,TEST
BRK02645,RECON-DAILY,2026-08-17,TRADE,TRADE_DATE_MISMATCH,Confirmed trade date differs from booked trade date,INTERNAL_BOOK,EXTERNAL_CONFIRMATION,TRD105276,TRD105276,2026-08-16,2026-08-17,,trade_date,P2,OPEN,0,MORGANSTANLEY-BROKER,EQ-ALPHA-03,,True,TEST
BRK02646,RECON-DAILY,2026-08-22,SETTLEMENT,SETL_LATE_COUNTERPARTY,Counterparty has not settled by the expected date,INTERNAL_BOOK,CUSTODIAN_CONFIRM,TRD105278,TRD105278,2026-08-22,2026-08-25,,"settlement_date,settlement_status",P1,OPEN,0,NOMURA-BROKER,EQ-INDEX-04,,True,TRAIN
BRK02647,RECON-DAILY,2026-08-02,TRADE,TRADE_PRICE_MISMATCH,Confirmed price differs from booked price,INTERNAL_BOOK,EXTERNAL_CONFIRMATION,TRD105280,TRD105280,1179.49,1164.89,,price,P2,OPEN,0,MORGANSTANLEY-BROKER,EQ-CORE-01,,True,TRAIN
BRK02648,RECON-DAILY,2026-08-02,SETTLEMENT,SETL_MISSING_INSTRUCTION,No settlement instruction was ever issued,INTERNAL_BOOK,CUSTODIAN_CONFIRM,TRD105286,TRD105286,INSTRUCTED,MISSING,,instruction_status,P0,OPEN,0,DEUTSCHE-BROKER,EQ-INDEX-04,,True,TRAIN
BRK02649,RECON-DAILY,2026-08-13,TRADE,CONF_MISSING,External confirmation never received,INTERNAL_BOOK,EXTERNAL_CONFIRMATION,TRD105287,TRD105287,TRD105287,,,confirmation,P0,OPEN,0,DEUTSCHE-BROKER,EQ-CORE-01,,True,TRAIN
BRK02650,RECON-DAILY,2026-08-18,POSITION,POS_WRONG_QUANTITY,Wrong quantity - external position differs by a non-round amount,INTERNAL_BOOK,CUSTODIAN_CONFIRM,TRD105289,TRD105289,2000,2480,,actual_quantity,P1,OPEN,0,NOMURA-BROKER,EQ-CORE-02,,False,TRAIN
BRK02651,RECON-DAILY,2026-08-05,POSITION,CA_INCORRECT_ENTITLEMENT,Corporate action entitlement calculated incorrectly (wrong ratio applied),INTERNAL_BOOK,CUSTODIAN_CONFIRM,TRD105290,TRD105290,150,130,,actual_quantity,P1,OPEN,0,DEUTSCHE-BROKER,EQ-INDEX-04,MANDATORY,True,TRAIN
BRK02652,RECON-DAILY,2026-08-08,TRADE,TRADE_COUNTERPARTY_ID_MISMATCH,Confirmed counterparty identifier differs from booked counterparty,INTERNAL_BOOK,EXTERNAL_CONFIRMATION,TRD105291,TRD105291,KOTAK-CUST,ICICI-CUST,,counterparty,P1,OPEN,0,KOTAK-CUST,EQ-CORE-01,,True,TEST
BRK02653,RECON-DAILY,2026-08-17,POSITION,POS_TIMING_DIFFERENCE,"Timing difference - quantities agree, as-of dates don't (expected to self-resolve)",INTERNAL_BOOK,CUSTODIAN_CONFIRM,TRD105292,TRD105292,2026-08-17,2026-08-18,,as_of_date,P2,OPEN,0,KOTAK-CUST,EQ-INDEX-04,,False,TRAIN
BRK02654,RECON-DAILY,2026-08-03,SETTLEMENT,SETL_MISSING_INSTRUCTION,No settlement instruction was ever issued,INTERNAL_BOOK,CUSTODIAN_CONFIRM,TRD105295,TRD105295,INSTRUCTED,MISSING,,instruction_status,P0,OPEN,0,ICICI-CUST,EQ-CORE-02,,True,TRAIN
BRK02655,RECON-DAILY,2026-08-15,POSITION,CA_INCORRECT_ENTITLEMENT,Corporate action entitlement calculated incorrectly (wrong ratio applied),INTERNAL_BOOK,CUSTODIAN_CONFIRM,TRD105296,TRD105296,3000,3300,,actual_quantity,P1,OPEN,0,NOMURA-BROKER,EQ-CORE-01,MANDATORY,True,TRAIN
BRK02656,RECON-DAILY,2026-08-04,CASH,CASH_MISSING_ENTRY,Expected cash movement never posted,INTERNAL_BOOK,CUSTODIAN_CONFIRM,TRD105297,TRD105297,3367680.0,,,amount,P0,OPEN,0,MORGANSTANLEY-BROKER,EQ-INDEX-04,,False,TRAIN
BRK02657,RECON-DAILY,2026-08-03,POSITION,CA_MANDATORY_NOT_REFLECTED,"Mandatory corporate action (split/bonus) not yet reflected externally - mechanical, auto-correctable",INTERNAL_BOOK,CUSTODIAN_CONFIRM,TRD105299,TRD105299,6000,2000,,actual_quantity,P1,OPEN,0,KOTAK-CUST,EQ-INDEX-04,MANDATORY,True,TRAIN
BRK02658,RECON-DAILY,2026-08-09,CASH,CASH_WRONG_AMOUNT,Cash amount posted differs from expected trade value by a non-round amount,INTERNAL_BOOK,CUSTODIAN_CONFIRM,TRD105300,TRD105300,7351020.0,6027836.4,,amount,P1,OPEN,0,KOTAK-CUST,EQ-ALPHA-03,,False,TRAIN
BRK02659,RECON-DAILY,2026-08-05,CASH,CASH_WRONG_AMOUNT,Cash amount posted differs from expected trade value by a non-round amount,INTERNAL_BOOK,CUSTODIAN_CONFIRM,TRD105302,TRD105302,2481700.0,3151759.0,,amount,P1,OPEN,0,HDFC-CUST,EQ-CORE-02,,False,TRAIN
BRK02660,RECON-DAILY,2026-08-06,POSITION,POS_WRONG_QUANTITY,Wrong quantity - external position differs by a non-round amount,INTERNAL_BOOK,CUSTODIAN_CONFIRM,TRD105304,TRD105304,250,322,,actual_quantity,P1,OPEN,0,MORGANSTANLEY-BROKER,EQ-CORE-02,,True,TEST
BRK02661,RECON-DAILY,2026-08-12,TRADE,CONF_DISAGREEMENT,External confirmation received but disagrees with the booking on multiple fields,INTERNAL_BOOK,EXTERNAL_CONFIRMATION,TRD105305,TRD105305,"qty=2000,price=468.95","qty=2075,price=475.85",,"quantity,price",P1,OPEN,0,ICICI-CUST,EQ-CORE-02,,True,TRAIN
BRK02662,RECON-DAILY,2026-08-17,POSITION,POS_WRONG_QUANTITY,Wrong quantity - external position differs by a non-round amount,INTERNAL_BOOK,CUSTODIAN_CONFIRM,TRD105307,TRD105307,2000,2480,,actual_quantity,P1,OPEN,0,NOMURA-BROKER,EQ-INDEX-04,,True,TRAIN
BRK02663,RECON-DAILY,2026-08-06,SETTLEMENT,SETL_LATE_COUNTERPARTY,Counterparty has not settled by the expected date,INTERNAL_BOOK,CUSTODIAN_CONFIRM,TRD105308,TRD105308,2026-08-06,2026-08-08,,"settlement_date,settlement_status",P1,OPEN,0,NOMURA-BROKER,EQ-ALPHA-03,,True,TEST
BRK02664,RECON-DAILY,2026-08-09,TRADE,TRADE_DATE_MISMATCH,Confirmed trade date differs from booked trade date,INTERNAL_BOOK,EXTERNAL_CONFIRMATION,TRD105309,TRD105309,2026-08-08,2026-08-09,,trade_date,P2,OPEN,0,MORGANSTANLEY-BROKER,EQ-CORE-01,,True,TRAIN
BRK02665,RECON-DAILY,2026-08-03,SETTLEMENT,SETL_LATE_COUNTERPARTY,Counterparty has not settled by the expected date,INTERNAL_BOOK,CUSTODIAN_CONFIRM,TRD105310,TRD105310,2026-08-03,2026-08-05,,"settlement_date,settlement_status",P1,OPEN,0,MORGANSTANLEY-BROKER,EQ-CORE-02,,True,TRAIN
BRK02666,RECON-DAILY,2026-08-15,POSITION,POS_WRONG_QUANTITY,Wrong quantity - external position differs by a non-round amount,INTERNAL_BOOK,CUSTODIAN_CONFIRM,TRD105313,TRD105313,500,645,,actual_quantity,P1,OPEN,0,MORGANSTANLEY-BROKER,EQ-INDEX-04,,False,TRAIN
BRK02667,RECON-DAILY,2026-08-06,CASH,CASH_FX_INPUT_DIFFERENCE,Cash posted in a different currency / at a stale or incorrect FX rate,INTERNAL_BOOK,CUSTODIAN_CONFIRM,TRD105317,TRD105317,636367.5,649094.85,,"amount,currency",P2,OPEN,0,ICICI-CUST,EQ-CORE-01,,False,TRAIN
BRK02668,RECON-DAILY,2026-08-22,POSITION,POS_WRONG_QUANTITY,Wrong quantity - external position differs by a non-round amount,INTERNAL_BOOK,CUSTODIAN_CONFIRM,TRD105318,TRD105318,200,138,,actual_quantity,P1,OPEN,0,MORGANSTANLEY-BROKER,EQ-INDEX-04,,False,TRAIN
BRK02669,RECON-DAILY,2026-08-03,SETTLEMENT,SETL_WRONG_SSI,Settlement instruction references the wrong SSI/beneficiary account - the payment-failure flagship scenario,INTERNAL_BOOK,CUSTODIAN_CONFIRM,TRD105321,TRD105321,SSI-IN-0147,SSI-DE-5510,,ssi_code,P0,OPEN,0,HDFC-CUST,EQ-ALPHA-03,,True,TRAIN
BRK02670,RECON-DAILY,2026-08-07,TRADE,TRADE_QUANTITY_MISMATCH,Confirmed quantity differs from booked quantity,INTERNAL_BOOK,EXTERNAL_CONFIRMATION,TRD105325,TRD105325,1500,1600,,quantity,P1,OPEN,0,HDFC-CUST,EQ-CORE-02,,True,TRAIN
BRK02671,RECON-DAILY,2026-08-04,SETTLEMENT,SETL_WRONG_SSI,Settlement instruction references the wrong SSI/beneficiary account - the payment-failure flagship scenario,INTERNAL_BOOK,CUSTODIAN_CONFIRM,TRD105326,TRD105326,SSI-DE-5510,SSI-IN-0203,,ssi_code,P0,OPEN,0,DEUTSCHE-BROKER,EQ-CORE-02,,True,TRAIN
BRK02672,RECON-DAILY,2026-08-03,SETTLEMENT,SETL_MISSING_INSTRUCTION,No settlement instruction was ever issued,INTERNAL_BOOK,CUSTODIAN_CONFIRM,TRD105327,TRD105327,INSTRUCTED,MISSING,,instruction_status,P0,OPEN,0,MORGANSTANLEY-BROKER,EQ-ALPHA-03,,True,TRAIN
BRK02673,RECON-DAILY,2026-08-20,POSITION,POS_MISSING_BOOKING,Missing upstream booking - position never reflected externally,INTERNAL_BOOK,CUSTODIAN_CONFIRM,TRD105329,TRD105329,200,0,,actual_quantity,P0,OPEN,0,KOTAK-CUST,EQ-CORE-01,,False,TEST
BRK02674,RECON-DAILY,2026-08-10,TRADE,TRADE_QUANTITY_MISMATCH,Confirmed quantity differs from booked quantity,INTERNAL_BOOK,EXTERNAL_CONFIRMATION,TRD105330,TRD105330,1000,1100,,quantity,P1,OPEN,0,NOMURA-BROKER,EQ-CORE-01,,True,TRAIN
BRK02675,RECON-DAILY,2026-08-13,SETTLEMENT,SETL_INCORRECT_DATE,Settlement recorded against the wrong date (holiday-calendar-style off-by-one),INTERNAL_BOOK,CUSTODIAN_CONFIRM,TRD105334,TRD105334,2026-08-13,2026-08-14,,settlement_date,P2,OPEN,0,NOMURA-BROKER,EQ-CORE-01,,True,TRAIN
BRK02676,RECON-DAILY,2026-08-16,SETTLEMENT,SETL_LATE_COUNTERPARTY,Counterparty has not settled by the expected date,INTERNAL_BOOK,CUSTODIAN_CONFIRM,TRD105336,TRD105336,2026-08-16,2026-08-21,,"settlement_date,settlement_status",P1,OPEN,0,NOMURA-BROKER,EQ-CORE-01,,True,TEST
BRK02677,RECON-DAILY,2026-08-07,SETTLEMENT,SETL_INCORRECT_DATE,Settlement recorded against the wrong date (holiday-calendar-style off-by-one),INTERNAL_BOOK,CUSTODIAN_CONFIRM,TRD105338,TRD105338,2026-08-07,2026-08-08,,settlement_date,P2,OPEN,0,ICICI-CUST,EQ-CORE-01,,True,TRAIN
BRK02678,RECON-DAILY,2026-08-04,TRADE,TRADE_COUNTERPARTY_ID_MISMATCH,Confirmed counterparty identifier differs from booked counterparty,INTERNAL_BOOK,EXTERNAL_CONFIRMATION,TRD105340,TRD105340,HDFC-CUST,DEUTSCHE-BROKER,,counterparty,P1,OPEN,0,HDFC-CUST,EQ-ALPHA-03,,True,TRAIN
BRK02679,RECON-DAILY,2026-08-05,POSITION,POS_TIMING_DIFFERENCE,"Timing difference - quantities agree, as-of dates don't (expected to self-resolve)",INTERNAL_BOOK,CUSTODIAN_CONFIRM,TRD105348,TRD105348,2026-08-05,2026-08-06,,as_of_date,P2,OPEN,0,HDFC-CUST,EQ-CORE-01,,False,TEST
BRK02680,RECON-DAILY,2026-08-06,CASH,CASH_WRONG_AMOUNT,Cash amount posted differs from expected trade value by a non-round amount,INTERNAL_BOOK,CUSTODIAN_CONFIRM,TRD105352,TRD105352,683037.5,867457.62,,amount,P1,OPEN,0,KOTAK-CUST,EQ-CORE-02,,False,TEST
BRK02681,RECON-DAILY,2026-08-16,TRADE,TRADE_QUANTITY_MISMATCH,Confirmed quantity differs from booked quantity,INTERNAL_BOOK,EXTERNAL_CONFIRMATION,TRD105353,TRD105353,500,550,,quantity,P1,OPEN,0,ICICI-CUST,EQ-INDEX-04,,True,TRAIN
BRK02682,RECON-DAILY,2026-08-17,SETTLEMENT,SETL_MISSING_INSTRUCTION,No settlement instruction was ever issued,INTERNAL_BOOK,CUSTODIAN_CONFIRM,TRD105355,TRD105355,INSTRUCTED,MISSING,,instruction_status,P0,OPEN,0,KOTAK-CUST,EQ-CORE-01,,True,TRAIN
BRK02683,RECON-DAILY,2026-08-03,TRADE,CONF_MISSING,External confirmation never received,INTERNAL_BOOK,EXTERNAL_CONFIRMATION,TRD105357,TRD105357,TRD105357,,,confirmation,P0,OPEN,0,ICICI-CUST,EQ-CORE-02,,True,TRAIN
BRK02684,RECON-DAILY,2026-08-04,SETTLEMENT,SETL_MISSING_INSTRUCTION,No settlement instruction was ever issued,INTERNAL_BOOK,CUSTODIAN_CONFIRM,TRD105360,TRD105360,INSTRUCTED,MISSING,,instruction_status,P0,OPEN,0,DEUTSCHE-BROKER,EQ-CORE-02,,True,TRAIN
BRK02685,RECON-DAILY,2026-08-03,SETTLEMENT,SETL_INCORRECT_DATE,Settlement recorded against the wrong date (holiday-calendar-style off-by-one),INTERNAL_BOOK,CUSTODIAN_CONFIRM,TRD105364,TRD105364,2026-08-03,2026-08-04,,settlement_date,P2,OPEN,0,KOTAK-CUST,EQ-CORE-02,,True,TEST
BRK02686,RECON-DAILY,2026-08-09,CASH,CASH_WRONG_AMOUNT,Cash amount posted differs from expected trade value by a non-round amount,INTERNAL_BOOK,CUSTODIAN_CONFIRM,TRD105365,TRD105365,1695820.0,2018025.8,,amount,P1,OPEN,0,ICICI-CUST,EQ-ALPHA-03,,True,TEST
BRK02687,RECON-DAILY,2026-08-11,SETTLEMENT,SETL_WRONG_SSI,Settlement instruction references the wrong SSI/beneficiary account - the payment-failure flagship scenario,INTERNAL_BOOK,CUSTODIAN_CONFIRM,TRD105367,TRD105367,SSI-JP-3389,SSI-IN-0203,,ssi_code,P0,OPEN,0,NOMURA-BROKER,EQ-INDEX-04,,True,TRAIN
BRK02688,RECON-DAILY,2026-08-22,POSITION,POS_WRONG_QUANTITY,Wrong quantity - external position differs by a non-round amount,INTERNAL_BOOK,CUSTODIAN_CONFIRM,TRD105368,TRD105368,100,117,,actual_quantity,P1,OPEN,0,ICICI-CUST,EQ-INDEX-04,,False,TRAIN
BRK02689,RECON-DAILY,2026-08-19,TRADE,TRADE_QUANTITY_MISMATCH,Confirmed quantity differs from booked quantity,INTERNAL_BOOK,EXTERNAL_CONFIRMATION,TRD105369,TRD105369,100,300,,quantity,P1,OPEN,0,KOTAK-CUST,EQ-ALPHA-03,,True,TRAIN
BRK02690,RECON-DAILY,2026-08-13,POSITION,POS_WRONG_QUANTITY,Wrong quantity - external position differs by a non-round amount,INTERNAL_BOOK,CUSTODIAN_CONFIRM,TRD105372,TRD105372,750,518,,actual_quantity,P1,OPEN,0,KOTAK-CUST,EQ-CORE-02,,True,TRAIN
BRK02691,RECON-DAILY,2026-08-12,POSITION,CA_VOLUNTARY_DECISION,"Voluntary corporate action (tender/conversion) pending an election - requires a human business decision, always escalated",INTERNAL_BOOK,CUSTODIAN_CONFIRM,TRD105373,TRD105373,1500,1000,,actual_quantity,P1,OPEN,0,ICICI-CUST,EQ-CORE-02,VOLUNTARY,True,TRAIN
BRK02692,RECON-DAILY,2026-08-21,POSITION,POS_WRONG_QUANTITY,Wrong quantity - external position differs by a non-round amount,INTERNAL_BOOK,CUSTODIAN_CONFIRM,TRD105374,TRD105374,100,129,,actual_quantity,P1,OPEN,0,ICICI-CUST,EQ-ALPHA-03,,False,TRAIN
BRK02693,RECON-DAILY,2026-08-21,POSITION,POS_WRONG_QUANTITY,Wrong quantity - external position differs by a non-round amount,INTERNAL_BOOK,CUSTODIAN_CONFIRM,TRD105377,TRD105377,1500,1170,,actual_quantity,P1,OPEN,0,ICICI-CUST,EQ-ALPHA-03,,True,TRAIN
BRK02694,RECON-DAILY,2026-08-18,TRADE,CONF_MISSING,External confirmation never received,INTERNAL_BOOK,EXTERNAL_CONFIRMATION,TRD105381,TRD105381,TRD105381,,,confirmation,P0,OPEN,0,MORGANSTANLEY-BROKER,EQ-CORE-02,,True,TRAIN
BRK02695,RECON-DAILY,2026-08-12,POSITION,POS_MISSING_BOOKING,Missing upstream booking - position never reflected externally,INTERNAL_BOOK,CUSTODIAN_CONFIRM,TRD105383,TRD105383,250,0,,actual_quantity,P0,OPEN,0,MORGANSTANLEY-BROKER,EQ-INDEX-04,,False,TRAIN
BRK02696,RECON-DAILY,2026-08-08,TRADE,TRADE_QUANTITY_MISMATCH,Confirmed quantity differs from booked quantity,INTERNAL_BOOK,EXTERNAL_CONFIRMATION,TRD105384,TRD105384,2000,2100,,quantity,P1,OPEN,0,ICICI-CUST,EQ-CORE-01,,True,TRAIN
BRK02697,RECON-DAILY,2026-08-12,SETTLEMENT,SETL_WRONG_SSI,Settlement instruction references the wrong SSI/beneficiary account - the payment-failure flagship scenario,INTERNAL_BOOK,CUSTODIAN_CONFIRM,TRD105386,TRD105386,SSI-US-7742,SSI-DE-5510,,ssi_code,P0,OPEN,0,MORGANSTANLEY-BROKER,EQ-ALPHA-03,,True,TRAIN
BRK02698,RECON-DAILY,2026-08-19,TRADE,CONF_MISSING,External confirmation never received,INTERNAL_BOOK,EXTERNAL_CONFIRMATION,TRD105387,TRD105387,TRD105387,,,confirmation,P0,OPEN,0,ICICI-CUST,EQ-CORE-01,,True,TRAIN
BRK02699,RECON-DAILY,2026-08-04,POSITION,CA_INCORRECT_ENTITLEMENT,Corporate action entitlement calculated incorrectly (wrong ratio applied),INTERNAL_BOOK,CUSTODIAN_CONFIRM,TRD105391,TRD105391,2250,2025,,actual_quantity,P1,OPEN,0,DEUTSCHE-BROKER,EQ-INDEX-04,MANDATORY,True,TEST
BRK02700,RECON-DAILY,2026-08-04,CASH,CASH_WRONG_AMOUNT,Cash amount posted differs from expected trade value by a non-round amount,INTERNAL_BOOK,CUSTODIAN_CONFIRM,TRD105392,TRD105392,974755.0,1237938.85,,amount,P1,OPEN,0,KOTAK-CUST,EQ-INDEX-04,,False,TRAIN
BRK02701,RECON-DAILY,2026-08-03,SETTLEMENT,SETL_WRONG_SSI,Settlement instruction references the wrong SSI/beneficiary account - the payment-failure flagship scenario,INTERNAL_BOOK,CUSTODIAN_CONFIRM,TRD105395,TRD105395,SSI-IN-0091,SSI-DE-5510,,ssi_code,P0,OPEN,0,ICICI-CUST,EQ-ALPHA-03,,True,TRAIN
BRK02702,RECON-DAILY,2026-08-06,CASH,CASH_DUPLICATE_ENTRY,Same cash movement posted twice,INTERNAL_BOOK,CUSTODIAN_CONFIRM,TRD105398,TRD105398,5715820.0,11431640.0,,"amount,cash_id",P1,OPEN,0,NOMURA-BROKER,EQ-CORE-02,,False,TEST
BRK02703,RECON-DAILY,2026-08-16,POSITION,CA_MANDATORY_NOT_REFLECTED,"Mandatory corporate action (split/bonus) not yet reflected externally - mechanical, auto-correctable",INTERNAL_BOOK,CUSTODIAN_CONFIRM,TRD105399,TRD105399,2000,1000,,actual_quantity,P1,OPEN,0,HDFC-CUST,EQ-CORE-01,MANDATORY,True,TRAIN
BRK02704,RECON-DAILY,2026-08-21,SETTLEMENT,SETL_MISSING_INSTRUCTION,No settlement instruction was ever issued,INTERNAL_BOOK,CUSTODIAN_CONFIRM,TRD105400,TRD105400,INSTRUCTED,MISSING,,instruction_status,P0,OPEN,0,MORGANSTANLEY-BROKER,EQ-INDEX-04,,True,TEST
BRK02705,RECON-DAILY,2026-08-10,TRADE,CONF_MISSING,External confirmation never received,INTERNAL_BOOK,EXTERNAL_CONFIRMATION,TRD105404,TRD105404,TRD105404,,,confirmation,P0,OPEN,0,KOTAK-CUST,EQ-CORE-01,,True,TEST
BRK02706,RECON-DAILY,2026-08-15,TRADE,TRADE_QUANTITY_MISMATCH,Confirmed quantity differs from booked quantity,INTERNAL_BOOK,EXTERNAL_CONFIRMATION,TRD105405,TRD105405,1000,1200,,quantity,P1,OPEN,0,MORGANSTANLEY-BROKER,EQ-CORE-01,,True,TRAIN
BRK02707,RECON-DAILY,2026-08-21,SETTLEMENT,SETL_INCORRECT_DATE,Settlement recorded against the wrong date (holiday-calendar-style off-by-one),INTERNAL_BOOK,CUSTODIAN_CONFIRM,TRD105410,TRD105410,2026-08-21,2026-08-22,,settlement_date,P2,OPEN,0,HDFC-CUST,EQ-CORE-02,,True,TRAIN
BRK02708,RECON-DAILY,2026-08-13,POSITION,CA_INCORRECT_ENTITLEMENT,Corporate action entitlement calculated incorrectly (wrong ratio applied),INTERNAL_BOOK,CUSTODIAN_CONFIRM,TRD105414,TRD105414,1125,975,,actual_quantity,P1,OPEN,0,KOTAK-CUST,EQ-ALPHA-03,MANDATORY,True,TRAIN
BRK02709,RECON-DAILY,2026-08-18,TRADE,TRADE_DATE_MISMATCH,Confirmed trade date differs from booked trade date,INTERNAL_BOOK,EXTERNAL_CONFIRMATION,TRD105416,TRD105416,2026-08-17,2026-08-18,,trade_date,P2,OPEN,0,MORGANSTANLEY-BROKER,EQ-CORE-02,,True,TEST
BRK02710,RECON-DAILY,2026-08-07,CASH,CASH_FX_INPUT_DIFFERENCE,Cash posted in a different currency / at a stale or incorrect FX rate,INTERNAL_BOOK,CUSTODIAN_CONFIRM,TRD105425,TRD105425,273821.0,262868.16,,"amount,currency",P2,OPEN,0,KOTAK-CUST,EQ-INDEX-04,,False,TEST
BRK02711,RECON-DAILY,2026-08-15,SETTLEMENT,SETL_MISSING_INSTRUCTION,No settlement instruction was ever issued,INTERNAL_BOOK,CUSTODIAN_CONFIRM,TRD105427,TRD105427,INSTRUCTED,MISSING,,instruction_status,P0,OPEN,0,MORGANSTANLEY-BROKER,EQ-INDEX-04,,True,TRAIN
BRK02712,RECON-DAILY,2026-08-18,TRADE,TRADE_PRICE_MISMATCH,Confirmed price differs from booked price,INTERNAL_BOOK,EXTERNAL_CONFIRMATION,TRD105431,TRD105431,171.69,167.47,,price,P2,OPEN,0,DEUTSCHE-BROKER,EQ-ALPHA-03,,True,TRAIN
BRK02713,RECON-DAILY,2026-08-10,POSITION,POS_MISSING_BOOKING,Missing upstream booking - position never reflected externally,INTERNAL_BOOK,CUSTODIAN_CONFIRM,TRD105432,TRD105432,500,0,,actual_quantity,P0,OPEN,0,KOTAK-CUST,EQ-INDEX-04,,False,TRAIN
BRK02714,RECON-DAILY,2026-08-09,SETTLEMENT,SETL_MISSING_INSTRUCTION,No settlement instruction was ever issued,INTERNAL_BOOK,CUSTODIAN_CONFIRM,TRD105434,TRD105434,INSTRUCTED,MISSING,,instruction_status,P0,OPEN,0,DEUTSCHE-BROKER,EQ-ALPHA-03,,True,TRAIN
BRK02715,RECON-DAILY,2026-08-06,POSITION,POS_TIMING_DIFFERENCE,"Timing difference - quantities agree, as-of dates don't (expected to self-resolve)",INTERNAL_BOOK,CUSTODIAN_CONFIRM,TRD105436,TRD105436,2026-08-06,2026-08-07,,as_of_date,P2,OPEN,0,KOTAK-CUST,EQ-CORE-01,,False,TRAIN
BRK02716,RECON-DAILY,2026-08-12,TRADE,TRADE_PRICE_MISMATCH,Confirmed price differs from booked price,INTERNAL_BOOK,EXTERNAL_CONFIRMATION,TRD105437,TRD105437,1668.05,1709.92,,price,P2,OPEN,0,KOTAK-CUST,EQ-CORE-01,,True,TRAIN
BRK02717,RECON-DAILY,2026-08-15,CASH,CASH_MISSING_ENTRY,Expected cash movement never posted,INTERNAL_BOOK,CUSTODIAN_CONFIRM,TRD105441,TRD105441,310655.0,,,amount,P0,OPEN,0,DEUTSCHE-BROKER,EQ-CORE-02,,False,TRAIN
BRK02718,RECON-DAILY,2026-08-17,TRADE,TRADE_PRICE_MISMATCH,Confirmed price differs from booked price,INTERNAL_BOOK,EXTERNAL_CONFIRMATION,TRD105450,TRD105450,2845.26,2905.17,,price,P2,OPEN,0,NOMURA-BROKER,EQ-CORE-01,,True,TEST
BRK02719,RECON-DAILY,2026-08-11,POSITION,CA_INCORRECT_ENTITLEMENT,Corporate action entitlement calculated incorrectly (wrong ratio applied),INTERNAL_BOOK,CUSTODIAN_CONFIRM,TRD105451,TRD105451,1000,1100,,actual_quantity,P1,OPEN,0,HDFC-CUST,EQ-ALPHA-03,MANDATORY,True,TEST
BRK02720,RECON-DAILY,2026-08-17,CASH,CASH_WRONG_AMOUNT,Cash amount posted differs from expected trade value by a non-round amount,INTERNAL_BOOK,CUSTODIAN_CONFIRM,TRD105452,TRD105452,2481400.0,2258074.0,,amount,P1,OPEN,0,KOTAK-CUST,EQ-ALPHA-03,,True,TRAIN
BRK02721,RECON-DAILY,2026-08-20,CASH,CASH_MISSING_ENTRY,Expected cash movement never posted,INTERNAL_BOOK,CUSTODIAN_CONFIRM,TRD105453,TRD105453,1766205.0,,,amount,P0,OPEN,0,HDFC-CUST,EQ-CORE-01,,False,TEST
BRK02722,RECON-DAILY,2026-08-03,TRADE,TRADE_PRICE_MISMATCH,Confirmed price differs from booked price,INTERNAL_BOOK,EXTERNAL_CONFIRMATION,TRD105454,TRD105454,1695.59,1652.1,,price,P2,OPEN,0,DEUTSCHE-BROKER,EQ-CORE-01,,True,TRAIN
BRK02723,RECON-DAILY,2026-08-17,CASH,CASH_MISSING_ENTRY,Expected cash movement never posted,INTERNAL_BOOK,CUSTODIAN_CONFIRM,TRD105456,TRD105456,848160.0,,,amount,P0,OPEN,0,DEUTSCHE-BROKER,EQ-CORE-02,,False,TRAIN
BRK02724,RECON-DAILY,2026-08-14,SETTLEMENT,SETL_WRONG_SSI,Settlement instruction references the wrong SSI/beneficiary account - the payment-failure flagship scenario,INTERNAL_BOOK,CUSTODIAN_CONFIRM,TRD105457,TRD105457,SSI-IN-0091,SSI-DE-5510,,ssi_code,P0,OPEN,0,ICICI-CUST,EQ-CORE-01,,True,TRAIN
BRK02725,RECON-DAILY,2026-08-16,SETTLEMENT,SETL_MISSING_INSTRUCTION,No settlement instruction was ever issued,INTERNAL_BOOK,CUSTODIAN_CONFIRM,TRD105461,TRD105461,INSTRUCTED,MISSING,,instruction_status,P0,OPEN,0,MORGANSTANLEY-BROKER,EQ-CORE-02,,True,TRAIN
BRK02726,RECON-DAILY,2026-08-05,POSITION,POS_MISSING_BOOKING,Missing upstream booking - position never reflected externally,INTERNAL_BOOK,CUSTODIAN_CONFIRM,TRD105462,TRD105462,1000,0,,actual_quantity,P0,OPEN,0,NOMURA-BROKER,EQ-INDEX-04,,False,TRAIN
BRK02727,RECON-DAILY,2026-08-03,TRADE,CONF_MISSING,External confirmation never received,INTERNAL_BOOK,EXTERNAL_CONFIRMATION,TRD105463,TRD105463,TRD105463,,,confirmation,P0,OPEN,0,HDFC-CUST,EQ-CORE-02,,True,TRAIN
BRK02728,RECON-DAILY,2026-08-20,CASH,CASH_FX_INPUT_DIFFERENCE,Cash posted in a different currency / at a stale or incorrect FX rate,INTERNAL_BOOK,CUSTODIAN_CONFIRM,TRD105464,TRD105464,1428805.0,1500245.25,,"amount,currency",P2,OPEN,0,KOTAK-CUST,EQ-CORE-02,,False,TRAIN
BRK02729,RECON-DAILY,2026-08-11,SETTLEMENT,SETL_LATE_COUNTERPARTY,Counterparty has not settled by the expected date,INTERNAL_BOOK,CUSTODIAN_CONFIRM,TRD105469,TRD105469,2026-08-11,2026-08-14,,"settlement_date,settlement_status",P1,OPEN,0,NOMURA-BROKER,EQ-CORE-02,,True,TRAIN
BRK02730,RECON-DAILY,2026-08-14,CASH,CASH_FX_INPUT_DIFFERENCE,Cash posted in a different currency / at a stale or incorrect FX rate,INTERNAL_BOOK,CUSTODIAN_CONFIRM,TRD105473,TRD105473,2142757.5,2249895.38,,"amount,currency",P2,OPEN,0,KOTAK-CUST,EQ-ALPHA-03,,True,TRAIN
BRK02731,RECON-DAILY,2026-08-09,CASH,CASH_MISSING_ENTRY,Expected cash movement never posted,INTERNAL_BOOK,CUSTODIAN_CONFIRM,TRD105474,TRD105474,1030727.5,,,amount,P0,OPEN,0,MORGANSTANLEY-BROKER,EQ-CORE-01,,False,TRAIN
BRK02732,RECON-DAILY,2026-08-06,POSITION,POS_MISSING_BOOKING,Missing upstream booking - position never reflected externally,INTERNAL_BOOK,CUSTODIAN_CONFIRM,TRD105475,TRD105475,1000,0,,actual_quantity,P0,OPEN,0,NOMURA-BROKER,EQ-CORE-02,,True,TRAIN
BRK02733,RECON-DAILY,2026-08-16,SETTLEMENT,SETL_INCORRECT_DATE,Settlement recorded against the wrong date (holiday-calendar-style off-by-one),INTERNAL_BOOK,CUSTODIAN_CONFIRM,TRD105479,TRD105479,2026-08-16,2026-08-17,,settlement_date,P2,OPEN,0,HDFC-CUST,EQ-CORE-02,,True,TRAIN
BRK02734,RECON-DAILY,2026-08-20,SETTLEMENT,SETL_LATE_COUNTERPARTY,Counterparty has not settled by the expected date,INTERNAL_BOOK,CUSTODIAN_CONFIRM,TRD105480,TRD105480,2026-08-20,2026-08-22,,"settlement_date,settlement_status",P1,OPEN,0,HDFC-CUST,EQ-CORE-01,,True,TRAIN
BRK02735,RECON-DAILY,2026-08-08,POSITION,CA_VOLUNTARY_DECISION,"Voluntary corporate action (tender/conversion) pending an election - requires a human business decision, always escalated",INTERNAL_BOOK,CUSTODIAN_CONFIRM,TRD105482,TRD105482,500,250,,actual_quantity,P1,OPEN,0,NOMURA-BROKER,EQ-ALPHA-03,VOLUNTARY,True,TRAIN
BRK02736,RECON-DAILY,2026-08-12,SETTLEMENT,SETL_WRONG_SSI,Settlement instruction references the wrong SSI/beneficiary account - the payment-failure flagship scenario,INTERNAL_BOOK,CUSTODIAN_CONFIRM,TRD105483,TRD105483,SSI-IN-0147,SSI-JP-3389,,ssi_code,P0,OPEN,0,HDFC-CUST,EQ-INDEX-04,,True,TRAIN
BRK02737,RECON-DAILY,2026-08-05,TRADE,TRADE_QUANTITY_MISMATCH,Confirmed quantity differs from booked quantity,INTERNAL_BOOK,EXTERNAL_CONFIRMATION,TRD105484,TRD105484,1000,1200,,quantity,P1,OPEN,0,ICICI-CUST,EQ-ALPHA-03,,True,TRAIN
BRK02738,RECON-DAILY,2026-08-16,POSITION,POS_MISSING_BOOKING,Missing upstream booking - position never reflected externally,INTERNAL_BOOK,CUSTODIAN_CONFIRM,TRD105485,TRD105485,500,0,,actual_quantity,P0,OPEN,0,HDFC-CUST,EQ-CORE-01,,False,TRAIN
BRK02739,RECON-DAILY,2026-08-08,POSITION,POS_WRONG_QUANTITY,Wrong quantity - external position differs by a non-round amount,INTERNAL_BOOK,CUSTODIAN_CONFIRM,TRD105487,TRD105487,250,195,,actual_quantity,P1,OPEN,0,KOTAK-CUST,EQ-CORE-01,,False,TRAIN
BRK02740,RECON-DAILY,2026-08-07,SETTLEMENT,SETL_MISSING_INSTRUCTION,No settlement instruction was ever issued,INTERNAL_BOOK,CUSTODIAN_CONFIRM,TRD105488,TRD105488,INSTRUCTED,MISSING,,instruction_status,P0,OPEN,0,NOMURA-BROKER,EQ-INDEX-04,,True,TEST
BRK02741,RECON-DAILY,2026-08-07,POSITION,CA_MANDATORY_NOT_REFLECTED,"Mandatory corporate action (split/bonus) not yet reflected externally - mechanical, auto-correctable",INTERNAL_BOOK,CUSTODIAN_CONFIRM,TRD105490,TRD105490,150,100,,actual_quantity,P1,OPEN,0,ICICI-CUST,EQ-INDEX-04,MANDATORY,True,TRAIN
BRK02742,RECON-DAILY,2026-08-16,POSITION,POS_MISSING_BOOKING,Missing upstream booking - position never reflected externally,INTERNAL_BOOK,CUSTODIAN_CONFIRM,TRD105494,TRD105494,200,0,,actual_quantity,P0,OPEN,0,MORGANSTANLEY-BROKER,EQ-CORE-01,,False,TRAIN
BRK02743,RECON-DAILY,2026-08-10,SETTLEMENT,SETL_INCORRECT_DATE,Settlement recorded against the wrong date (holiday-calendar-style off-by-one),INTERNAL_BOOK,CUSTODIAN_CONFIRM,TRD105497,TRD105497,2026-08-10,2026-08-11,,settlement_date,P2,OPEN,0,ICICI-CUST,EQ-CORE-02,,True,TRAIN
BRK02744,RECON-DAILY,2026-08-03,TRADE,TRADE_DATE_MISMATCH,Confirmed trade date differs from booked trade date,INTERNAL_BOOK,EXTERNAL_CONFIRMATION,TRD105500,TRD105500,2026-08-02,2026-08-03,,trade_date,P2,OPEN,0,KOTAK-CUST,EQ-INDEX-04,,True,TRAIN
BRK02745,RECON-DAILY,2026-08-10,TRADE,CONF_MISSING,External confirmation never received,INTERNAL_BOOK,EXTERNAL_CONFIRMATION,TRD105504,TRD105504,TRD105504,,,confirmation,P0,OPEN,0,DEUTSCHE-BROKER,EQ-CORE-02,,True,TRAIN
BRK02746,RECON-DAILY,2026-08-08,SETTLEMENT,SETL_WRONG_SSI,Settlement instruction references the wrong SSI/beneficiary account - the payment-failure flagship scenario,INTERNAL_BOOK,CUSTODIAN_CONFIRM,TRD105505,TRD105505,SSI-IN-0203,SSI-US-7742,,ssi_code,P0,OPEN,0,KOTAK-CUST,EQ-CORE-02,,True,TEST
BRK02747,RECON-DAILY,2026-08-14,POSITION,POS_MISSING_BOOKING,Missing upstream booking - position never reflected externally,INTERNAL_BOOK,CUSTODIAN_CONFIRM,TRD105506,TRD105506,1500,0,,actual_quantity,P0,OPEN,0,DEUTSCHE-BROKER,EQ-ALPHA-03,,True,TRAIN
BRK02748,RECON-DAILY,2026-08-13,SETTLEMENT,SETL_INCORRECT_DATE,Settlement recorded against the wrong date (holiday-calendar-style off-by-one),INTERNAL_BOOK,CUSTODIAN_CONFIRM,TRD105507,TRD105507,2026-08-13,2026-08-14,,settlement_date,P2,OPEN,0,MORGANSTANLEY-BROKER,EQ-ALPHA-03,,True,TRAIN
BRK02749,RECON-DAILY,2026-08-12,CASH,CASH_DUPLICATE_ENTRY,Same cash movement posted twice,INTERNAL_BOOK,CUSTODIAN_CONFIRM,TRD105510,TRD105510,3912880.0,7825760.0,,"amount,cash_id",P1,OPEN,0,HDFC-CUST,EQ-INDEX-04,,True,TRAIN
BRK02750,RECON-DAILY,2026-08-10,TRADE,TRADE_PRICE_MISMATCH,Confirmed price differs from booked price,INTERNAL_BOOK,EXTERNAL_CONFIRMATION,TRD105511,TRD105511,2863.81,2786.13,,price,P2,OPEN,0,MORGANSTANLEY-BROKER,EQ-CORE-02,,True,TRAIN
BRK02751,RECON-DAILY,2026-08-05,POSITION,CA_VOLUNTARY_DECISION,"Voluntary corporate action (tender/conversion) pending an election - requires a human business decision, always escalated",INTERNAL_BOOK,CUSTODIAN_CONFIRM,TRD105517,TRD105517,1500,1000,,actual_quantity,P1,OPEN,0,HDFC-CUST,EQ-ALPHA-03,VOLUNTARY,True,TRAIN
BRK02752,RECON-DAILY,2026-08-04,TRADE,TRADE_DATE_MISMATCH,Confirmed trade date differs from booked trade date,INTERNAL_BOOK,EXTERNAL_CONFIRMATION,TRD105518,TRD105518,2026-08-03,2026-08-04,,trade_date,P2,OPEN,0,HDFC-CUST,EQ-CORE-02,,True,TRAIN
BRK02753,RECON-DAILY,2026-08-18,CASH,CASH_MISSING_ENTRY,Expected cash movement never posted,INTERNAL_BOOK,CUSTODIAN_CONFIRM,TRD105519,TRD105519,2849300.0,,,amount,P0,OPEN,0,MORGANSTANLEY-BROKER,EQ-ALPHA-03,,False,TRAIN
BRK02754,RECON-DAILY,2026-08-19,TRADE,TRADE_QUANTITY_MISMATCH,Confirmed quantity differs from booked quantity,INTERNAL_BOOK,EXTERNAL_CONFIRMATION,TRD105521,TRD105521,100,50,,quantity,P1,OPEN,0,NOMURA-BROKER,EQ-CORE-01,,True,TRAIN
BRK02755,RECON-DAILY,2026-08-10,CASH,CASH_MISSING_ENTRY,Expected cash movement never posted,INTERNAL_BOOK,CUSTODIAN_CONFIRM,TRD105523,TRD105523,1430980.0,,,amount,P0,OPEN,0,ICICI-CUST,EQ-CORE-02,,False,TRAIN
BRK02756,RECON-DAILY,2026-08-10,TRADE,CONF_DISAGREEMENT,External confirmation received but disagrees with the booking on multiple fields,INTERNAL_BOOK,EXTERNAL_CONFIRMATION,TRD105526,TRD105526,"qty=100,price=1682.37","qty=175,price=1715.23",,"quantity,price",P1,OPEN,0,DEUTSCHE-BROKER,EQ-CORE-01,,True,TRAIN
BRK02757,RECON-DAILY,2026-08-13,TRADE,TRADE_DATE_MISMATCH,Confirmed trade date differs from booked trade date,INTERNAL_BOOK,EXTERNAL_CONFIRMATION,TRD105530,TRD105530,2026-08-12,2026-08-13,,trade_date,P2,OPEN,0,DEUTSCHE-BROKER,EQ-INDEX-04,,True,TRAIN
BRK02758,RECON-DAILY,2026-08-10,TRADE,CONF_DISAGREEMENT,External confirmation received but disagrees with the booking on multiple fields,INTERNAL_BOOK,EXTERNAL_CONFIRMATION,TRD105531,TRD105531,"qty=100,price=13011.03","qty=175,price=13186.62",,"quantity,price",P1,OPEN,0,KOTAK-CUST,EQ-INDEX-04,,True,TRAIN
BRK02759,RECON-DAILY,2026-08-21,SETTLEMENT,SETL_INCORRECT_DATE,Settlement recorded against the wrong date (holiday-calendar-style off-by-one),INTERNAL_BOOK,CUSTODIAN_CONFIRM,TRD105534,TRD105534,2026-08-21,2026-08-22,,settlement_date,P2,OPEN,0,MORGANSTANLEY-BROKER,EQ-INDEX-04,,True,TRAIN
BRK02760,RECON-DAILY,2026-08-20,POSITION,CA_VOLUNTARY_DECISION,"Voluntary corporate action (tender/conversion) pending an election - requires a human business decision, always escalated",INTERNAL_BOOK,CUSTODIAN_CONFIRM,TRD105535,TRD105535,1000,500,,actual_quantity,P1,OPEN,0,HDFC-CUST,EQ-CORE-01,VOLUNTARY,True,TRAIN
BRK02761,RECON-DAILY,2026-08-10,POSITION,POS_TIMING_DIFFERENCE,"Timing difference - quantities agree, as-of dates don't (expected to self-resolve)",INTERNAL_BOOK,CUSTODIAN_CONFIRM,TRD105538,TRD105538,2026-08-10,2026-08-11,,as_of_date,P2,OPEN,0,KOTAK-CUST,EQ-INDEX-04,,True,TRAIN
BRK02762,RECON-DAILY,2026-08-11,SETTLEMENT,SETL_INCORRECT_DATE,Settlement recorded against the wrong date (holiday-calendar-style off-by-one),INTERNAL_BOOK,CUSTODIAN_CONFIRM,TRD105541,TRD105541,2026-08-11,2026-08-12,,settlement_date,P2,OPEN,0,KOTAK-CUST,EQ-INDEX-04,,True,TRAIN
BRK02763,RECON-DAILY,2026-08-14,SETTLEMENT,SETL_INCORRECT_DATE,Settlement recorded against the wrong date (holiday-calendar-style off-by-one),INTERNAL_BOOK,CUSTODIAN_CONFIRM,TRD105542,TRD105542,2026-08-14,2026-08-15,,settlement_date,P2,OPEN,0,KOTAK-CUST,EQ-INDEX-04,,True,TRAIN
BRK02764,RECON-DAILY,2026-08-17,POSITION,POS_TIMING_DIFFERENCE,"Timing difference - quantities agree, as-of dates don't (expected to self-resolve)",INTERNAL_BOOK,CUSTODIAN_CONFIRM,TRD105543,TRD105543,2026-08-17,2026-08-18,,as_of_date,P2,OPEN,0,DEUTSCHE-BROKER,EQ-CORE-01,,False,TEST
BRK02765,RECON-DAILY,2026-08-19,POSITION,POS_TIMING_DIFFERENCE,"Timing difference - quantities agree, as-of dates don't (expected to self-resolve)",INTERNAL_BOOK,CUSTODIAN_CONFIRM,TRD105546,TRD105546,2026-08-19,2026-08-20,,as_of_date,P2,OPEN,0,MORGANSTANLEY-BROKER,EQ-INDEX-04,,False,TRAIN
BRK02766,RECON-DAILY,2026-08-16,TRADE,TRADE_DATE_MISMATCH,Confirmed trade date differs from booked trade date,INTERNAL_BOOK,EXTERNAL_CONFIRMATION,TRD105547,TRD105547,2026-08-15,2026-08-16,,trade_date,P2,OPEN,0,KOTAK-CUST,EQ-ALPHA-03,,True,TRAIN
BRK02767,RECON-DAILY,2026-08-05,TRADE,CONF_MISSING,External confirmation never received,INTERNAL_BOOK,EXTERNAL_CONFIRMATION,TRD105553,TRD105553,TRD105553,,,confirmation,P0,OPEN,0,ICICI-CUST,EQ-ALPHA-03,,True,TRAIN
BRK02768,RECON-DAILY,2026-08-11,CASH,CASH_WRONG_AMOUNT,Cash amount posted differs from expected trade value by a non-round amount,INTERNAL_BOOK,CUSTODIAN_CONFIRM,TRD105555,TRD105555,842500.0,1002575.0,,amount,P1,OPEN,0,KOTAK-CUST,EQ-CORE-02,,False,TRAIN
BRK02769,RECON-DAILY,2026-08-08,POSITION,CA_MANDATORY_NOT_REFLECTED,"Mandatory corporate action (split/bonus) not yet reflected externally - mechanical, auto-correctable",INTERNAL_BOOK,CUSTODIAN_CONFIRM,TRD105556,TRD105556,2000,1000,,actual_quantity,P1,OPEN,0,DEUTSCHE-BROKER,EQ-INDEX-04,MANDATORY,True,TRAIN
BRK02770,RECON-DAILY,2026-08-18,POSITION,CA_MANDATORY_NOT_REFLECTED,"Mandatory corporate action (split/bonus) not yet reflected externally - mechanical, auto-correctable",INTERNAL_BOOK,CUSTODIAN_CONFIRM,TRD105557,TRD105557,3000,2000,,actual_quantity,P1,OPEN,0,HDFC-CUST,EQ-ALPHA-03,MANDATORY,True,TRAIN
BRK02771,RECON-DAILY,2026-08-19,POSITION,POS_WRONG_QUANTITY,Wrong quantity - external position differs by a non-round amount,INTERNAL_BOOK,CUSTODIAN_CONFIRM,TRD105558,TRD105558,2000,2580,,actual_quantity,P1,OPEN,0,HDFC-CUST,EQ-INDEX-04,,False,TRAIN
BRK02772,RECON-DAILY,2026-08-05,POSITION,CA_INCORRECT_ENTITLEMENT,Corporate action entitlement calculated incorrectly (wrong ratio applied),INTERNAL_BOOK,CUSTODIAN_CONFIRM,TRD105562,TRD105562,4500,4950,,actual_quantity,P1,OPEN,0,MORGANSTANLEY-BROKER,EQ-CORE-01,MANDATORY,True,TRAIN
BRK02773,RECON-DAILY,2026-08-17,SETTLEMENT,SETL_WRONG_SSI,Settlement instruction references the wrong SSI/beneficiary account - the payment-failure flagship scenario,INTERNAL_BOOK,CUSTODIAN_CONFIRM,TRD105565,TRD105565,SSI-US-7742,SSI-IN-0203,,ssi_code,P0,OPEN,0,MORGANSTANLEY-BROKER,EQ-INDEX-04,,True,TEST
BRK02774,RECON-DAILY,2026-08-05,SETTLEMENT,SETL_MISSING_INSTRUCTION,No settlement instruction was ever issued,INTERNAL_BOOK,CUSTODIAN_CONFIRM,TRD105571,TRD105571,INSTRUCTED,MISSING,,instruction_status,P0,OPEN,0,DEUTSCHE-BROKER,EQ-ALPHA-03,,True,TRAIN
BRK02775,RECON-DAILY,2026-08-09,CASH,CASH_FX_INPUT_DIFFERENCE,Cash posted in a different currency / at a stale or incorrect FX rate,INTERNAL_BOOK,CUSTODIAN_CONFIRM,TRD105572,TRD105572,846315.0,787072.95,,"amount,currency",P2,OPEN,0,MORGANSTANLEY-BROKER,EQ-CORE-02,,False,TRAIN
BRK02776,RECON-DAILY,2026-08-02,POSITION,POS_MISSING_BOOKING,Missing upstream booking - position never reflected externally,INTERNAL_BOOK,CUSTODIAN_CONFIRM,TRD105574,TRD105574,200,0,,actual_quantity,P0,OPEN,0,HDFC-CUST,EQ-CORE-01,,False,TRAIN
BRK02777,RECON-DAILY,2026-08-03,TRADE,CONF_MISSING,External confirmation never received,INTERNAL_BOOK,EXTERNAL_CONFIRMATION,TRD105576,TRD105576,TRD105576,,,confirmation,P0,OPEN,0,HDFC-CUST,EQ-ALPHA-03,,True,TRAIN
BRK02778,RECON-DAILY,2026-08-10,TRADE,TRADE_QUANTITY_MISMATCH,Confirmed quantity differs from booked quantity,INTERNAL_BOOK,EXTERNAL_CONFIRMATION,TRD105577,TRD105577,1000,1100,,quantity,P1,OPEN,0,KOTAK-CUST,EQ-CORE-01,,True,TEST
BRK02779,RECON-DAILY,2026-08-18,CASH,CASH_DUPLICATE_ENTRY,Same cash movement posted twice,INTERNAL_BOOK,CUSTODIAN_CONFIRM,TRD105578,TRD105578,306525.0,613050.0,,"amount,cash_id",P1,OPEN,0,ICICI-CUST,EQ-INDEX-04,,False,TRAIN
BRK02780,RECON-DAILY,2026-08-11,TRADE,TRADE_DATE_MISMATCH,Confirmed trade date differs from booked trade date,INTERNAL_BOOK,EXTERNAL_CONFIRMATION,TRD105579,TRD105579,2026-08-10,2026-08-11,,trade_date,P2,OPEN,0,HDFC-CUST,EQ-CORE-01,,True,TRAIN
BRK02781,RECON-DAILY,2026-08-16,CASH,CASH_DUPLICATE_ENTRY,Same cash movement posted twice,INTERNAL_BOOK,CUSTODIAN_CONFIRM,TRD105583,TRD105583,337868.0,675736.0,,"amount,cash_id",P1,OPEN,0,KOTAK-CUST,EQ-INDEX-04,,False,TEST
BRK02782,RECON-DAILY,2026-08-05,POSITION,CA_INCORRECT_ENTITLEMENT,Corporate action entitlement calculated incorrectly (wrong ratio applied),INTERNAL_BOOK,CUSTODIAN_CONFIRM,TRD105585,TRD105585,2250,2550,,actual_quantity,P1,OPEN,0,KOTAK-CUST,EQ-CORE-02,MANDATORY,True,TRAIN
BRK02783,RECON-DAILY,2026-08-07,POSITION,CA_MANDATORY_NOT_REFLECTED,"Mandatory corporate action (split/bonus) not yet reflected externally - mechanical, auto-correctable",INTERNAL_BOOK,CUSTODIAN_CONFIRM,TRD105586,TRD105586,500,250,,actual_quantity,P1,OPEN,0,DEUTSCHE-BROKER,EQ-CORE-01,MANDATORY,True,TRAIN
BRK02784,RECON-DAILY,2026-08-22,TRADE,TRADE_DATE_MISMATCH,Confirmed trade date differs from booked trade date,INTERNAL_BOOK,EXTERNAL_CONFIRMATION,TRD105587,TRD105587,2026-08-21,2026-08-22,,trade_date,P2,OPEN,0,ICICI-CUST,EQ-CORE-02,,True,TEST
BRK02785,RECON-DAILY,2026-08-20,SETTLEMENT,SETL_WRONG_SSI,Settlement instruction references the wrong SSI/beneficiary account - the payment-failure flagship scenario,INTERNAL_BOOK,CUSTODIAN_CONFIRM,TRD105588,TRD105588,SSI-IN-0091,SSI-IN-0147,,ssi_code,P0,OPEN,0,ICICI-CUST,EQ-INDEX-04,,True,TRAIN
BRK02786,RECON-DAILY,2026-08-21,TRADE,TRADE_QUANTITY_MISMATCH,Confirmed quantity differs from booked quantity,INTERNAL_BOOK,EXTERNAL_CONFIRMATION,TRD105590,TRD105590,200,100,,quantity,P1,OPEN,0,MORGANSTANLEY-BROKER,EQ-CORE-01,,True,TEST
BRK02787,RECON-DAILY,2026-08-05,TRADE,CONF_DISAGREEMENT,External confirmation received but disagrees with the booking on multiple fields,INTERNAL_BOOK,EXTERNAL_CONFIRMATION,TRD105591,TRD105591,"qty=200,price=469.78","qty=275,price=478.49",,"quantity,price",P1,OPEN,0,HDFC-CUST,EQ-INDEX-04,,True,TEST
BRK02788,RECON-DAILY,2026-08-13,POSITION,POS_MISSING_BOOKING,Missing upstream booking - position never reflected externally,INTERNAL_BOOK,CUSTODIAN_CONFIRM,TRD105592,TRD105592,500,0,,actual_quantity,P0,OPEN,0,KOTAK-CUST,EQ-INDEX-04,,True,TRAIN
BRK02789,RECON-DAILY,2026-08-12,POSITION,CA_VOLUNTARY_DECISION,"Voluntary corporate action (tender/conversion) pending an election - requires a human business decision, always escalated",INTERNAL_BOOK,CUSTODIAN_CONFIRM,TRD105594,TRD105594,2250,1500,,actual_quantity,P1,OPEN,0,MORGANSTANLEY-BROKER,EQ-CORE-01,VOLUNTARY,True,TRAIN
BRK02790,RECON-DAILY,2026-08-08,POSITION,POS_TIMING_DIFFERENCE,"Timing difference - quantities agree, as-of dates don't (expected to self-resolve)",INTERNAL_BOOK,CUSTODIAN_CONFIRM,TRD105595,TRD105595,2026-08-08,2026-08-09,,as_of_date,P2,OPEN,0,DEUTSCHE-BROKER,EQ-ALPHA-03,,True,TRAIN
BRK02791,RECON-DAILY,2026-08-02,POSITION,POS_WRONG_QUANTITY,Wrong quantity - external position differs by a non-round amount,INTERNAL_BOOK,CUSTODIAN_CONFIRM,TRD105597,TRD105597,250,322,,actual_quantity,P1,OPEN,0,NOMURA-BROKER,EQ-CORE-01,,False,TRAIN
BRK02792,RECON-DAILY,2026-08-22,SETTLEMENT,SETL_WRONG_SSI,Settlement instruction references the wrong SSI/beneficiary account - the payment-failure flagship scenario,INTERNAL_BOOK,CUSTODIAN_CONFIRM,TRD105599,TRD105599,SSI-US-7742,SSI-IN-0147,,ssi_code,P0,OPEN,0,MORGANSTANLEY-BROKER,EQ-INDEX-04,,True,TRAIN
BRK02793,RECON-DAILY,2026-08-20,TRADE,CONF_MISSING,External confirmation never received,INTERNAL_BOOK,EXTERNAL_CONFIRMATION,TRD105601,TRD105601,TRD105601,,,confirmation,P0,OPEN,0,ICICI-CUST,EQ-CORE-01,,True,TRAIN
BRK02794,RECON-DAILY,2026-08-15,SETTLEMENT,SETL_WRONG_SSI,Settlement instruction references the wrong SSI/beneficiary account - the payment-failure flagship scenario,INTERNAL_BOOK,CUSTODIAN_CONFIRM,TRD105602,TRD105602,SSI-JP-3389,SSI-IN-0091,,ssi_code,P0,OPEN,0,NOMURA-BROKER,EQ-INDEX-04,,True,TEST
BRK02795,RECON-DAILY,2026-08-13,CASH,CASH_FX_INPUT_DIFFERENCE,Cash posted in a different currency / at a stale or incorrect FX rate,INTERNAL_BOOK,CUSTODIAN_CONFIRM,TRD105603,TRD105603,172080.0,178102.8,,"amount,currency",P2,OPEN,0,MORGANSTANLEY-BROKER,EQ-INDEX-04,,False,TRAIN
BRK02796,RECON-DAILY,2026-08-13,POSITION,POS_TIMING_DIFFERENCE,"Timing difference - quantities agree, as-of dates don't (expected to self-resolve)",INTERNAL_BOOK,CUSTODIAN_CONFIRM,TRD105606,TRD105606,2026-08-13,2026-08-14,,as_of_date,P2,OPEN,0,NOMURA-BROKER,EQ-INDEX-04,,False,TRAIN
BRK02797,RECON-DAILY,2026-08-14,POSITION,POS_MISSING_BOOKING,Missing upstream booking - position never reflected externally,INTERNAL_BOOK,CUSTODIAN_CONFIRM,TRD105609,TRD105609,2000,0,,actual_quantity,P0,OPEN,0,KOTAK-CUST,EQ-ALPHA-03,,False,TRAIN
BRK02798,RECON-DAILY,2026-08-22,SETTLEMENT,SETL_MISSING_INSTRUCTION,No settlement instruction was ever issued,INTERNAL_BOOK,CUSTODIAN_CONFIRM,TRD105610,TRD105610,INSTRUCTED,MISSING,,instruction_status,P0,OPEN,0,HDFC-CUST,EQ-CORE-02,,True,TRAIN
BRK02799,RECON-DAILY,2026-08-20,TRADE,TRADE_DATE_MISMATCH,Confirmed trade date differs from booked trade date,INTERNAL_BOOK,EXTERNAL_CONFIRMATION,TRD105612,TRD105612,2026-08-19,2026-08-20,,trade_date,P2,OPEN,0,HDFC-CUST,EQ-CORE-02,,True,TRAIN
BRK02800,RECON-DAILY,2026-08-06,TRADE,TRADE_QUANTITY_MISMATCH,Confirmed quantity differs from booked quantity,INTERNAL_BOOK,EXTERNAL_CONFIRMATION,TRD105614,TRD105614,500,700,,quantity,P1,OPEN,0,HDFC-CUST,EQ-INDEX-04,,True,TRAIN
BRK02801,RECON-DAILY,2026-08-17,POSITION,POS_WRONG_QUANTITY,Wrong quantity - external position differs by a non-round amount,INTERNAL_BOOK,CUSTODIAN_CONFIRM,TRD105616,TRD105616,100,78,,actual_quantity,P1,OPEN,0,ICICI-CUST,EQ-CORE-01,,False,TRAIN
BRK02802,RECON-DAILY,2026-08-20,CASH,CASH_FX_INPUT_DIFFERENCE,Cash posted in a different currency / at a stale or incorrect FX rate,INTERNAL_BOOK,CUSTODIAN_CONFIRM,TRD105617,TRD105617,5472260.0,5581705.2,,"amount,currency",P2,OPEN,0,MORGANSTANLEY-BROKER,EQ-CORE-02,,False,TRAIN
BRK02803,RECON-DAILY,2026-08-21,TRADE,CONF_MISSING,External confirmation never received,INTERNAL_BOOK,EXTERNAL_CONFIRMATION,TRD105622,TRD105622,TRD105622,,,confirmation,P0,OPEN,0,ICICI-CUST,EQ-CORE-01,,True,TRAIN
BRK02804,RECON-DAILY,2026-08-09,CASH,CASH_DUPLICATE_ENTRY,Same cash movement posted twice,INTERNAL_BOOK,CUSTODIAN_CONFIRM,TRD105624,TRD105624,886852.5,1773705.0,,"amount,cash_id",P1,OPEN,0,DEUTSCHE-BROKER,EQ-CORE-01,,False,TRAIN
BRK02805,RECON-DAILY,2026-08-22,CASH,CASH_WRONG_AMOUNT,Cash amount posted differs from expected trade value by a non-round amount,INTERNAL_BOOK,CUSTODIAN_CONFIRM,TRD105626,TRD105626,211050.0,192055.5,,amount,P1,OPEN,0,DEUTSCHE-BROKER,EQ-CORE-02,,False,TRAIN
BRK02806,RECON-DAILY,2026-08-07,CASH,CASH_DUPLICATE_ENTRY,Same cash movement posted twice,INTERNAL_BOOK,CUSTODIAN_CONFIRM,TRD105628,TRD105628,1695160.0,3390320.0,,"amount,cash_id",P1,OPEN,0,DEUTSCHE-BROKER,EQ-CORE-02,,False,TRAIN
BRK02807,RECON-DAILY,2026-08-21,POSITION,POS_MISSING_BOOKING,Missing upstream booking - position never reflected externally,INTERNAL_BOOK,CUSTODIAN_CONFIRM,TRD105629,TRD105629,1500,0,,actual_quantity,P0,OPEN,0,NOMURA-BROKER,EQ-CORE-02,,False,TRAIN
BRK02808,RECON-DAILY,2026-08-08,SETTLEMENT,SETL_MISSING_INSTRUCTION,No settlement instruction was ever issued,INTERNAL_BOOK,CUSTODIAN_CONFIRM,TRD105630,TRD105630,INSTRUCTED,MISSING,,instruction_status,P0,OPEN,0,NOMURA-BROKER,EQ-CORE-02,,True,TRAIN
BRK02809,RECON-DAILY,2026-08-15,CASH,CASH_DUPLICATE_ENTRY,Same cash movement posted twice,INTERNAL_BOOK,CUSTODIAN_CONFIRM,TRD105631,TRD105631,1472280.0,2944560.0,,"amount,cash_id",P1,OPEN,0,DEUTSCHE-BROKER,EQ-INDEX-04,,True,TEST
BRK02810,RECON-DAILY,2026-08-11,SETTLEMENT,SETL_MISSING_INSTRUCTION,No settlement instruction was ever issued,INTERNAL_BOOK,CUSTODIAN_CONFIRM,TRD105632,TRD105632,INSTRUCTED,MISSING,,instruction_status,P0,OPEN,0,MORGANSTANLEY-BROKER,EQ-INDEX-04,,True,TRAIN
BRK02811,RECON-DAILY,2026-08-18,CASH,CASH_FX_INPUT_DIFFERENCE,Cash posted in a different currency / at a stale or incorrect FX rate,INTERNAL_BOOK,CUSTODIAN_CONFIRM,TRD105633,TRD105633,369783.0,395667.81,,"amount,currency",P2,OPEN,0,DEUTSCHE-BROKER,EQ-CORE-02,,False,TRAIN
BRK02812,RECON-DAILY,2026-08-21,TRADE,CONF_MISSING,External confirmation never received,INTERNAL_BOOK,EXTERNAL_CONFIRMATION,TRD105634,TRD105634,TRD105634,,,confirmation,P0,OPEN,0,HDFC-CUST,EQ-ALPHA-03,,True,TRAIN
BRK02813,RECON-DAILY,2026-08-15,CASH,CASH_FX_INPUT_DIFFERENCE,Cash posted in a different currency / at a stale or incorrect FX rate,INTERNAL_BOOK,CUSTODIAN_CONFIRM,TRD105639,TRD105639,588755.0,547542.15,,"amount,currency",P2,OPEN,0,MORGANSTANLEY-BROKER,EQ-CORE-01,,True,TRAIN
BRK02814,RECON-DAILY,2026-08-17,POSITION,POS_MISSING_BOOKING,Missing upstream booking - position never reflected externally,INTERNAL_BOOK,CUSTODIAN_CONFIRM,TRD105640,TRD105640,500,0,,actual_quantity,P0,OPEN,0,MORGANSTANLEY-BROKER,EQ-CORE-02,,False,TRAIN
BRK02815,RECON-DAILY,2026-08-08,TRADE,TRADE_PRICE_MISMATCH,Confirmed price differs from booked price,INTERNAL_BOOK,EXTERNAL_CONFIRMATION,TRD105643,TRD105643,1178.64,1146.29,,price,P2,OPEN,0,ICICI-CUST,EQ-CORE-02,,True,TRAIN
BRK02816,RECON-DAILY,2026-08-08,TRADE,CONF_DISAGREEMENT,External confirmation received but disagrees with the booking on multiple fields,INTERNAL_BOOK,EXTERNAL_CONFIRMATION,TRD105644,TRD105644,"qty=1500,price=12997.8","qty=1575,price=13199.71",,"quantity,price",P1,OPEN,0,NOMURA-BROKER,EQ-CORE-01,,True,TRAIN
BRK02817,RECON-DAILY,2026-08-19,TRADE,TRADE_COUNTERPARTY_ID_MISMATCH,Confirmed counterparty identifier differs from booked counterparty,INTERNAL_BOOK,EXTERNAL_CONFIRMATION,TRD105646,TRD105646,MORGANSTANLEY-BROKER,ICICI-CUST,,counterparty,P1,OPEN,0,MORGANSTANLEY-BROKER,EQ-INDEX-04,,True,TRAIN
BRK02818,RECON-DAILY,2026-08-07,POSITION,POS_TIMING_DIFFERENCE,"Timing difference - quantities agree, as-of dates don't (expected to self-resolve)",INTERNAL_BOOK,CUSTODIAN_CONFIRM,TRD105647,TRD105647,2026-08-07,2026-08-08,,as_of_date,P2,OPEN,0,MORGANSTANLEY-BROKER,EQ-ALPHA-03,,False,TEST
BRK02819,RECON-DAILY,2026-08-16,POSITION,CA_VOLUNTARY_DECISION,"Voluntary corporate action (tender/conversion) pending an election - requires a human business decision, always escalated",INTERNAL_BOOK,CUSTODIAN_CONFIRM,TRD105648,TRD105648,1500,500,,actual_quantity,P1,OPEN,0,DEUTSCHE-BROKER,EQ-ALPHA-03,VOLUNTARY,True,TRAIN
BRK02820,RECON-DAILY,2026-08-08,POSITION,CA_MANDATORY_NOT_REFLECTED,"Mandatory corporate action (split/bonus) not yet reflected externally - mechanical, auto-correctable",INTERNAL_BOOK,CUSTODIAN_CONFIRM,TRD105650,TRD105650,4500,1500,,actual_quantity,P1,OPEN,0,HDFC-CUST,EQ-ALPHA-03,MANDATORY,True,TRAIN
BRK02821,RECON-DAILY,2026-08-17,SETTLEMENT,SETL_MISSING_INSTRUCTION,No settlement instruction was ever issued,INTERNAL_BOOK,CUSTODIAN_CONFIRM,TRD105652,TRD105652,INSTRUCTED,MISSING,,instruction_status,P0,OPEN,0,KOTAK-CUST,EQ-INDEX-04,,True,TRAIN
BRK02822,RECON-DAILY,2026-08-07,POSITION,POS_MISSING_BOOKING,Missing upstream booking - position never reflected externally,INTERNAL_BOOK,CUSTODIAN_CONFIRM,TRD105654,TRD105654,2000,0,,actual_quantity,P0,OPEN,0,ICICI-CUST,EQ-ALPHA-03,,False,TEST
BRK02823,RECON-DAILY,2026-08-18,POSITION,CA_VOLUNTARY_DECISION,"Voluntary corporate action (tender/conversion) pending an election - requires a human business decision, always escalated",INTERNAL_BOOK,CUSTODIAN_CONFIRM,TRD105655,TRD105655,1500,500,,actual_quantity,P1,OPEN,0,ICICI-CUST,EQ-CORE-02,VOLUNTARY,True,TRAIN
BRK02824,RECON-DAILY,2026-08-08,POSITION,POS_TIMING_DIFFERENCE,"Timing difference - quantities agree, as-of dates don't (expected to self-resolve)",INTERNAL_BOOK,CUSTODIAN_CONFIRM,TRD105656,TRD105656,2026-08-08,2026-08-09,,as_of_date,P2,OPEN,0,HDFC-CUST,EQ-CORE-01,,True,TRAIN
BRK02825,RECON-DAILY,2026-08-21,POSITION,POS_TIMING_DIFFERENCE,"Timing difference - quantities agree, as-of dates don't (expected to self-resolve)",INTERNAL_BOOK,CUSTODIAN_CONFIRM,TRD105657,TRD105657,2026-08-21,2026-08-22,,as_of_date,P2,OPEN,0,NOMURA-BROKER,EQ-CORE-02,,False,TEST
BRK02826,RECON-DAILY,2026-08-06,TRADE,TRADE_COUNTERPARTY_ID_MISMATCH,Confirmed counterparty identifier differs from booked counterparty,INTERNAL_BOOK,EXTERNAL_CONFIRMATION,TRD105658,TRD105658,NOMURA-BROKER,DEUTSCHE-BROKER,,counterparty,P1,OPEN,0,NOMURA-BROKER,EQ-ALPHA-03,,True,TRAIN
BRK02827,RECON-DAILY,2026-08-15,TRADE,TRADE_DATE_MISMATCH,Confirmed trade date differs from booked trade date,INTERNAL_BOOK,EXTERNAL_CONFIRMATION,TRD105660,TRD105660,2026-08-14,2026-08-15,,trade_date,P2,OPEN,0,DEUTSCHE-BROKER,EQ-ALPHA-03,,True,TRAIN
BRK02828,RECON-DAILY,2026-08-14,POSITION,POS_TIMING_DIFFERENCE,"Timing difference - quantities agree, as-of dates don't (expected to self-resolve)",INTERNAL_BOOK,CUSTODIAN_CONFIRM,TRD105661,TRD105661,2026-08-14,2026-08-15,,as_of_date,P2,OPEN,0,DEUTSCHE-BROKER,EQ-CORE-01,,False,TRAIN
BRK02829,RECON-DAILY,2026-08-19,TRADE,CONF_MISSING,External confirmation never received,INTERNAL_BOOK,EXTERNAL_CONFIRMATION,TRD105663,TRD105663,TRD105663,,,confirmation,P0,OPEN,0,DEUTSCHE-BROKER,EQ-CORE-02,,True,TEST
BRK02830,RECON-DAILY,2026-08-08,POSITION,CA_INCORRECT_ENTITLEMENT,Corporate action entitlement calculated incorrectly (wrong ratio applied),INTERNAL_BOOK,CUSTODIAN_CONFIRM,TRD105664,TRD105664,3000,2800,,actual_quantity,P1,OPEN,0,MORGANSTANLEY-BROKER,EQ-INDEX-04,MANDATORY,True,TRAIN
BRK02831,RECON-DAILY,2026-08-09,POSITION,CA_INCORRECT_ENTITLEMENT,Corporate action entitlement calculated incorrectly (wrong ratio applied),INTERNAL_BOOK,CUSTODIAN_CONFIRM,TRD105665,TRD105665,375,425,,actual_quantity,P1,OPEN,0,ICICI-CUST,EQ-CORE-02,MANDATORY,True,TEST
BRK02832,RECON-DAILY,2026-08-12,POSITION,POS_WRONG_QUANTITY,Wrong quantity - external position differs by a non-round amount,INTERNAL_BOOK,CUSTODIAN_CONFIRM,TRD105666,TRD105666,750,652,,actual_quantity,P1,OPEN,0,HDFC-CUST,EQ-CORE-01,,False,TRAIN
BRK02833,RECON-DAILY,2026-08-08,POSITION,CA_VOLUNTARY_DECISION,"Voluntary corporate action (tender/conversion) pending an election - requires a human business decision, always escalated",INTERNAL_BOOK,CUSTODIAN_CONFIRM,TRD105667,TRD105667,300,100,,actual_quantity,P1,OPEN,0,ICICI-CUST,EQ-ALPHA-03,VOLUNTARY,True,TRAIN
BRK02834,RECON-DAILY,2026-08-18,SETTLEMENT,SETL_LATE_COUNTERPARTY,Counterparty has not settled by the expected date,INTERNAL_BOOK,CUSTODIAN_CONFIRM,TRD105670,TRD105670,2026-08-18,2026-08-20,,"settlement_date,settlement_status",P1,OPEN,0,KOTAK-CUST,EQ-INDEX-04,,True,TRAIN
BRK02835,RECON-DAILY,2026-08-02,TRADE,TRADE_PRICE_MISMATCH,Confirmed price differs from booked price,INTERNAL_BOOK,EXTERNAL_CONFIRMATION,TRD105671,TRD105671,1174.93,1155.25,,price,P2,OPEN,0,MORGANSTANLEY-BROKER,EQ-CORE-02,,True,TRAIN
BRK02836,RECON-DAILY,2026-08-11,POSITION,POS_TIMING_DIFFERENCE,"Timing difference - quantities agree, as-of dates don't (expected to self-resolve)",INTERNAL_BOOK,CUSTODIAN_CONFIRM,TRD105672,TRD105672,2026-08-11,2026-08-12,,as_of_date,P2,OPEN,0,ICICI-CUST,EQ-ALPHA-03,,False,TRAIN
BRK02837,RECON-DAILY,2026-08-02,CASH,CASH_MISSING_ENTRY,Expected cash movement never posted,INTERNAL_BOOK,CUSTODIAN_CONFIRM,TRD105673,TRD105673,847440.0,,,amount,P0,OPEN,0,ICICI-CUST,EQ-INDEX-04,,False,TRAIN
BRK02838,RECON-DAILY,2026-08-07,POSITION,POS_TIMING_DIFFERENCE,"Timing difference - quantities agree, as-of dates don't (expected to self-resolve)",INTERNAL_BOOK,CUSTODIAN_CONFIRM,TRD105676,TRD105676,2026-08-07,2026-08-08,,as_of_date,P2,OPEN,0,ICICI-CUST,EQ-CORE-02,,False,TRAIN
BRK02839,RECON-DAILY,2026-08-14,POSITION,CA_MANDATORY_NOT_REFLECTED,"Mandatory corporate action (split/bonus) not yet reflected externally - mechanical, auto-correctable",INTERNAL_BOOK,CUSTODIAN_CONFIRM,TRD105677,TRD105677,2250,1500,,actual_quantity,P1,OPEN,0,MORGANSTANLEY-BROKER,EQ-CORE-01,MANDATORY,True,TRAIN
BRK02840,RECON-DAILY,2026-08-07,POSITION,CA_VOLUNTARY_DECISION,"Voluntary corporate action (tender/conversion) pending an election - requires a human business decision, always escalated",INTERNAL_BOOK,CUSTODIAN_CONFIRM,TRD105678,TRD105678,200,100,,actual_quantity,P1,OPEN,0,KOTAK-CUST,EQ-CORE-01,VOLUNTARY,True,TEST
BRK02841,RECON-DAILY,2026-08-17,TRADE,CONF_MISSING,External confirmation never received,INTERNAL_BOOK,EXTERNAL_CONFIRMATION,TRD105679,TRD105679,TRD105679,,,confirmation,P0,OPEN,0,NOMURA-BROKER,EQ-ALPHA-03,,True,TRAIN
BRK02842,RECON-DAILY,2026-08-10,CASH,CASH_FX_INPUT_DIFFERENCE,Cash posted in a different currency / at a stale or incorrect FX rate,INTERNAL_BOOK,CUSTODIAN_CONFIRM,TRD105682,TRD105682,333912.0,350607.6,,"amount,currency",P2,OPEN,0,ICICI-CUST,EQ-INDEX-04,,False,TEST
BRK02843,RECON-DAILY,2026-08-04,CASH,CASH_WRONG_AMOUNT,Cash amount posted differs from expected trade value by a non-round amount,INTERNAL_BOOK,CUSTODIAN_CONFIRM,TRD105683,TRD105683,930997.5,1107887.02,,amount,P1,OPEN,0,HDFC-CUST,EQ-CORE-01,,False,TRAIN
BRK02844,RECON-DAILY,2026-08-10,POSITION,CA_MANDATORY_NOT_REFLECTED,"Mandatory corporate action (split/bonus) not yet reflected externally - mechanical, auto-correctable",INTERNAL_BOOK,CUSTODIAN_CONFIRM,TRD105684,TRD105684,400,200,,actual_quantity,P1,OPEN,0,KOTAK-CUST,EQ-INDEX-04,MANDATORY,True,TRAIN
BRK02845,RECON-DAILY,2026-08-15,POSITION,CA_VOLUNTARY_DECISION,"Voluntary corporate action (tender/conversion) pending an election - requires a human business decision, always escalated",INTERNAL_BOOK,CUSTODIAN_CONFIRM,TRD105685,TRD105685,2250,1500,,actual_quantity,P1,OPEN,0,ICICI-CUST,EQ-ALPHA-03,VOLUNTARY,True,TRAIN
BRK02846,RECON-DAILY,2026-08-11,TRADE,TRADE_COUNTERPARTY_ID_MISMATCH,Confirmed counterparty identifier differs from booked counterparty,INTERNAL_BOOK,EXTERNAL_CONFIRMATION,TRD105687,TRD105687,KOTAK-CUST,ICICI-CUST,,counterparty,P1,OPEN,0,KOTAK-CUST,EQ-CORE-01,,True,TRAIN
BRK02847,RECON-DAILY,2026-08-03,POSITION,CA_VOLUNTARY_DECISION,"Voluntary corporate action (tender/conversion) pending an election - requires a human business decision, always escalated",INTERNAL_BOOK,CUSTODIAN_CONFIRM,TRD105688,TRD105688,3000,2000,,actual_quantity,P1,OPEN,0,HDFC-CUST,EQ-CORE-02,VOLUNTARY,True,TRAIN
BRK02848,RECON-DAILY,2026-08-13,CASH,CASH_FX_INPUT_DIFFERENCE,Cash posted in a different currency / at a stale or incorrect FX rate,INTERNAL_BOOK,CUSTODIAN_CONFIRM,TRD105689,TRD105689,367101.0,379949.53,,"amount,currency",P2,OPEN,0,HDFC-CUST,EQ-ALPHA-03,,False,TRAIN
BRK02849,RECON-DAILY,2026-08-06,TRADE,TRADE_QUANTITY_MISMATCH,Confirmed quantity differs from booked quantity,INTERNAL_BOOK,EXTERNAL_CONFIRMATION,TRD105690,TRD105690,250,150,,quantity,P1,OPEN,0,KOTAK-CUST,EQ-CORE-02,,True,TRAIN
BRK02850,RECON-DAILY,2026-08-22,CASH,CASH_MISSING_ENTRY,Expected cash movement never posted,INTERNAL_BOOK,CUSTODIAN_CONFIRM,TRD105691,TRD105691,2854380.0,,,amount,P0,OPEN,0,NOMURA-BROKER,EQ-CORE-02,,False,TRAIN
BRK02851,RECON-DAILY,2026-08-13,CASH,CASH_MISSING_ENTRY,Expected cash movement never posted,INTERNAL_BOOK,CUSTODIAN_CONFIRM,TRD105692,TRD105692,7381200.0,,,amount,P0,OPEN,0,NOMURA-BROKER,EQ-INDEX-04,,True,TRAIN
BRK02852,RECON-DAILY,2026-08-10,POSITION,POS_TIMING_DIFFERENCE,"Timing difference - quantities agree, as-of dates don't (expected to self-resolve)",INTERNAL_BOOK,CUSTODIAN_CONFIRM,TRD105694,TRD105694,2026-08-10,2026-08-11,,as_of_date,P2,OPEN,0,ICICI-CUST,EQ-CORE-02,,True,TRAIN
BRK02853,RECON-DAILY,2026-08-21,CASH,CASH_MISSING_ENTRY,Expected cash movement never posted,INTERNAL_BOOK,CUSTODIAN_CONFIRM,TRD105695,TRD105695,2924610.0,,,amount,P0,OPEN,0,MORGANSTANLEY-BROKER,EQ-ALPHA-03,,False,TRAIN
BRK02854,RECON-DAILY,2026-08-09,TRADE,TRADE_PRICE_MISMATCH,Confirmed price differs from booked price,INTERNAL_BOOK,EXTERNAL_CONFIRMATION,TRD105699,TRD105699,1683.13,1642.15,,price,P2,OPEN,0,HDFC-CUST,EQ-ALPHA-03,,True,TRAIN
BRK02855,RECON-DAILY,2026-08-05,TRADE,TRADE_QUANTITY_MISMATCH,Confirmed quantity differs from booked quantity,INTERNAL_BOOK,EXTERNAL_CONFIRMATION,TRD105700,TRD105700,250,150,,quantity,P1,OPEN,0,DEUTSCHE-BROKER,EQ-INDEX-04,,True,TRAIN
BRK02856,RECON-DAILY,2026-08-07,POSITION,POS_TIMING_DIFFERENCE,"Timing difference - quantities agree, as-of dates don't (expected to self-resolve)",INTERNAL_BOOK,CUSTODIAN_CONFIRM,TRD105703,TRD105703,2026-08-07,2026-08-08,,as_of_date,P2,OPEN,0,MORGANSTANLEY-BROKER,EQ-INDEX-04,,False,TRAIN
BRK02857,RECON-DAILY,2026-08-16,POSITION,CA_INCORRECT_ENTITLEMENT,Corporate action entitlement calculated incorrectly (wrong ratio applied),INTERNAL_BOOK,CUSTODIAN_CONFIRM,TRD105704,TRD105704,1500,1400,,actual_quantity,P1,OPEN,0,ICICI-CUST,EQ-ALPHA-03,MANDATORY,True,TEST
BRK02858,RECON-DAILY,2026-08-05,CASH,CASH_FX_INPUT_DIFFERENCE,Cash posted in a different currency / at a stale or incorrect FX rate,INTERNAL_BOOK,CUSTODIAN_CONFIRM,TRD105705,TRD105705,1239100.0,1152363.0,,"amount,currency",P2,OPEN,0,NOMURA-BROKER,EQ-ALPHA-03,,True,TRAIN
BRK02859,RECON-DAILY,2026-08-12,TRADE,TRADE_PRICE_MISMATCH,Confirmed price differs from booked price,INTERNAL_BOOK,EXTERNAL_CONFIRMATION,TRD105712,TRD105712,1243.63,1280.92,,price,P2,OPEN,0,HDFC-CUST,EQ-INDEX-04,,True,TEST
BRK02860,RECON-DAILY,2026-08-02,CASH,CASH_DUPLICATE_ENTRY,Same cash movement posted twice,INTERNAL_BOOK,CUSTODIAN_CONFIRM,TRD105713,TRD105713,548352.0,1096704.0,,"amount,cash_id",P1,OPEN,0,ICICI-CUST,EQ-INDEX-04,,False,TRAIN
BRK02861,RECON-DAILY,2026-08-08,CASH,CASH_MISSING_ENTRY,Expected cash movement never posted,INTERNAL_BOOK,CUSTODIAN_CONFIRM,TRD105716,TRD105716,3237215.0,,,amount,P0,OPEN,0,ICICI-CUST,EQ-CORE-01,,False,TRAIN
BRK02862,RECON-DAILY,2026-08-11,CASH,CASH_MISSING_ENTRY,Expected cash movement never posted,INTERNAL_BOOK,CUSTODIAN_CONFIRM,TRD105717,TRD105717,1416367.5,,,amount,P0,OPEN,0,HDFC-CUST,EQ-INDEX-04,,False,TRAIN
BRK02863,RECON-DAILY,2026-08-21,POSITION,POS_WRONG_QUANTITY,Wrong quantity - external position differs by a non-round amount,INTERNAL_BOOK,CUSTODIAN_CONFIRM,TRD105721,TRD105721,2000,1560,,actual_quantity,P1,OPEN,0,ICICI-CUST,EQ-CORE-02,,False,TRAIN
BRK02864,RECON-DAILY,2026-08-10,POSITION,CA_INCORRECT_ENTITLEMENT,Corporate action entitlement calculated incorrectly (wrong ratio applied),INTERNAL_BOOK,CUSTODIAN_CONFIRM,TRD105723,TRD105723,3000,3300,,actual_quantity,P1,OPEN,0,DEUTSCHE-BROKER,EQ-CORE-01,MANDATORY,True,TEST
BRK02865,RECON-DAILY,2026-08-03,CASH,CASH_DUPLICATE_ENTRY,Same cash movement posted twice,INTERNAL_BOOK,CUSTODIAN_CONFIRM,TRD105728,TRD105728,927262.5,1854525.0,,"amount,cash_id",P1,OPEN,0,DEUTSCHE-BROKER,EQ-INDEX-04,,False,TEST
BRK02866,RECON-DAILY,2026-08-10,TRADE,TRADE_COUNTERPARTY_ID_MISMATCH,Confirmed counterparty identifier differs from booked counterparty,INTERNAL_BOOK,EXTERNAL_CONFIRMATION,TRD105729,TRD105729,HDFC-CUST,ICICI-CUST,,counterparty,P1,OPEN,0,HDFC-CUST,EQ-CORE-01,,True,TRAIN
BRK02867,RECON-DAILY,2026-08-17,SETTLEMENT,SETL_MISSING_INSTRUCTION,No settlement instruction was ever issued,INTERNAL_BOOK,CUSTODIAN_CONFIRM,TRD105736,TRD105736,INSTRUCTED,MISSING,,instruction_status,P0,OPEN,0,KOTAK-CUST,EQ-CORE-01,,True,TRAIN
BRK02868,RECON-DAILY,2026-08-19,POSITION,CA_VOLUNTARY_DECISION,"Voluntary corporate action (tender/conversion) pending an election - requires a human business decision, always escalated",INTERNAL_BOOK,CUSTODIAN_CONFIRM,TRD105737,TRD105737,1000,500,,actual_quantity,P1,OPEN,0,ICICI-CUST,EQ-ALPHA-03,VOLUNTARY,True,TRAIN
BRK02869,RECON-DAILY,2026-08-09,TRADE,CONF_DISAGREEMENT,External confirmation received but disagrees with the booking on multiple fields,INTERNAL_BOOK,EXTERNAL_CONFIRMATION,TRD105738,TRD105738,"qty=750,price=2754.31","qty=675,price=2807.53",,"quantity,price",P1,OPEN,0,MORGANSTANLEY-BROKER,EQ-CORE-01,,True,TRAIN
BRK02870,RECON-DAILY,2026-08-06,TRADE,TRADE_PRICE_MISMATCH,Confirmed price differs from booked price,INTERNAL_BOOK,EXTERNAL_CONFIRMATION,TRD105739,TRD105739,847.65,864.77,,price,P2,OPEN,0,MORGANSTANLEY-BROKER,EQ-ALPHA-03,,True,TRAIN
BRK02871,RECON-DAILY,2026-08-14,POSITION,CA_VOLUNTARY_DECISION,"Voluntary corporate action (tender/conversion) pending an election - requires a human business decision, always escalated",INTERNAL_BOOK,CUSTODIAN_CONFIRM,TRD105741,TRD105741,1125,750,,actual_quantity,P1,OPEN,0,ICICI-CUST,EQ-INDEX-04,VOLUNTARY,True,TRAIN
BRK02872,RECON-DAILY,2026-08-06,POSITION,POS_MISSING_BOOKING,Missing upstream booking - position never reflected externally,INTERNAL_BOOK,CUSTODIAN_CONFIRM,TRD105744,TRD105744,200,0,,actual_quantity,P0,OPEN,0,KOTAK-CUST,EQ-ALPHA-03,,False,TRAIN
BRK02873,RECON-DAILY,2026-08-20,CASH,CASH_FX_INPUT_DIFFERENCE,Cash posted in a different currency / at a stale or incorrect FX rate,INTERNAL_BOOK,CUSTODIAN_CONFIRM,TRD105747,TRD105747,5505680.0,5615793.6,,"amount,currency",P2,OPEN,0,KOTAK-CUST,EQ-CORE-01,,False,TRAIN
BRK02874,RECON-DAILY,2026-08-13,SETTLEMENT,SETL_MISSING_INSTRUCTION,No settlement instruction was ever issued,INTERNAL_BOOK,CUSTODIAN_CONFIRM,TRD105748,TRD105748,INSTRUCTED,MISSING,,instruction_status,P0,OPEN,0,KOTAK-CUST,EQ-INDEX-04,,True,TRAIN
BRK02875,RECON-DAILY,2026-08-13,POSITION,CA_MANDATORY_NOT_REFLECTED,"Mandatory corporate action (split/bonus) not yet reflected externally - mechanical, auto-correctable",INTERNAL_BOOK,CUSTODIAN_CONFIRM,TRD105749,TRD105749,1500,750,,actual_quantity,P1,OPEN,0,NOMURA-BROKER,EQ-CORE-02,MANDATORY,True,TRAIN
BRK02876,RECON-DAILY,2026-08-22,TRADE,TRADE_DATE_MISMATCH,Confirmed trade date differs from booked trade date,INTERNAL_BOOK,EXTERNAL_CONFIRMATION,TRD105752,TRD105752,2026-08-21,2026-08-22,,trade_date,P2,OPEN,0,HDFC-CUST,EQ-ALPHA-03,,True,TEST
BRK02877,RECON-DAILY,2026-08-19,TRADE,TRADE_COUNTERPARTY_ID_MISMATCH,Confirmed counterparty identifier differs from booked counterparty,INTERNAL_BOOK,EXTERNAL_CONFIRMATION,TRD105755,TRD105755,KOTAK-CUST,ICICI-CUST,,counterparty,P1,OPEN,0,KOTAK-CUST,EQ-CORE-01,,True,TEST
BRK02878,RECON-DAILY,2026-08-11,SETTLEMENT,SETL_MISSING_INSTRUCTION,No settlement instruction was ever issued,INTERNAL_BOOK,CUSTODIAN_CONFIRM,TRD105756,TRD105756,INSTRUCTED,MISSING,,instruction_status,P0,OPEN,0,HDFC-CUST,EQ-INDEX-04,,True,TRAIN
BRK02879,RECON-DAILY,2026-08-09,POSITION,CA_INCORRECT_ENTITLEMENT,Corporate action entitlement calculated incorrectly (wrong ratio applied),INTERNAL_BOOK,CUSTODIAN_CONFIRM,TRD105758,TRD105758,4000,4600,,actual_quantity,P1,OPEN,0,KOTAK-CUST,EQ-CORE-02,MANDATORY,True,TRAIN
BRK02880,RECON-DAILY,2026-08-04,SETTLEMENT,SETL_INCORRECT_DATE,Settlement recorded against the wrong date (holiday-calendar-style off-by-one),INTERNAL_BOOK,CUSTODIAN_CONFIRM,TRD105761,TRD105761,2026-08-04,2026-08-05,,settlement_date,P2,OPEN,0,ICICI-CUST,EQ-INDEX-04,,True,TRAIN
BRK02881,RECON-DAILY,2026-08-13,TRADE,TRADE_DATE_MISMATCH,Confirmed trade date differs from booked trade date,INTERNAL_BOOK,EXTERNAL_CONFIRMATION,TRD105765,TRD105765,2026-08-12,2026-08-13,,trade_date,P2,OPEN,0,KOTAK-CUST,EQ-ALPHA-03,,True,TEST
BRK02882,RECON-DAILY,2026-08-04,CASH,CASH_DUPLICATE_ENTRY,Same cash movement posted twice,INTERNAL_BOOK,CUSTODIAN_CONFIRM,TRD105768,TRD105768,17285.0,34570.0,,"amount,cash_id",P1,OPEN,0,ICICI-CUST,EQ-CORE-02,,False,TRAIN
BRK02883,RECON-DAILY,2026-08-10,POSITION,POS_WRONG_QUANTITY,Wrong quantity - external position differs by a non-round amount,INTERNAL_BOOK,CUSTODIAN_CONFIRM,TRD105772,TRD105772,1000,1240,,actual_quantity,P1,OPEN,0,HDFC-CUST,EQ-ALPHA-03,,False,TRAIN
BRK02884,RECON-DAILY,2026-08-21,POSITION,CA_MANDATORY_NOT_REFLECTED,"Mandatory corporate action (split/bonus) not yet reflected externally - mechanical, auto-correctable",INTERNAL_BOOK,CUSTODIAN_CONFIRM,TRD105773,TRD105773,300,100,,actual_quantity,P1,OPEN,0,HDFC-CUST,EQ-ALPHA-03,MANDATORY,True,TRAIN
BRK02885,RECON-DAILY,2026-08-19,SETTLEMENT,SETL_MISSING_INSTRUCTION,No settlement instruction was ever issued,INTERNAL_BOOK,CUSTODIAN_CONFIRM,TRD105774,TRD105774,INSTRUCTED,MISSING,,instruction_status,P0,OPEN,0,MORGANSTANLEY-BROKER,EQ-CORE-02,,True,TRAIN
BRK02886,RECON-DAILY,2026-08-04,CASH,CASH_FX_INPUT_DIFFERENCE,Cash posted in a different currency / at a stale or incorrect FX rate,INTERNAL_BOOK,CUSTODIAN_CONFIRM,TRD105775,TRD105775,304225.0,325520.75,,"amount,currency",P2,OPEN,0,HDFC-CUST,EQ-ALPHA-03,,False,TRAIN
BRK02887,RECON-DAILY,2026-08-12,CASH,CASH_WRONG_AMOUNT,Cash amount posted differs from expected trade value by a non-round amount,INTERNAL_BOOK,CUSTODIAN_CONFIRM,TRD105778,TRD105778,352440.0,419403.6,,amount,P1,OPEN,0,NOMURA-BROKER,EQ-CORE-01,,False,TEST
BRK02888,RECON-DAILY,2026-08-03,POSITION,CA_MANDATORY_NOT_REFLECTED,"Mandatory corporate action (split/bonus) not yet reflected externally - mechanical, auto-correctable",INTERNAL_BOOK,CUSTODIAN_CONFIRM,TRD105781,TRD105781,750,250,,actual_quantity,P1,OPEN,0,DEUTSCHE-BROKER,EQ-ALPHA-03,MANDATORY,True,TEST
BRK02889,RECON-DAILY,2026-08-03,POSITION,POS_TIMING_DIFFERENCE,"Timing difference - quantities agree, as-of dates don't (expected to self-resolve)",INTERNAL_BOOK,CUSTODIAN_CONFIRM,TRD105782,TRD105782,2026-08-03,2026-08-04,,as_of_date,P2,OPEN,0,HDFC-CUST,EQ-CORE-02,,False,TRAIN
BRK02890,RECON-DAILY,2026-08-19,SETTLEMENT,SETL_WRONG_SSI,Settlement instruction references the wrong SSI/beneficiary account - the payment-failure flagship scenario,INTERNAL_BOOK,CUSTODIAN_CONFIRM,TRD105784,TRD105784,SSI-US-7742,SSI-IN-0203,,ssi_code,P0,OPEN,0,MORGANSTANLEY-BROKER,EQ-CORE-01,,True,TRAIN
BRK02891,RECON-DAILY,2026-08-14,TRADE,TRADE_COUNTERPARTY_ID_MISMATCH,Confirmed counterparty identifier differs from booked counterparty,INTERNAL_BOOK,EXTERNAL_CONFIRMATION,TRD105785,TRD105785,NOMURA-BROKER,ICICI-CUST,,counterparty,P1,OPEN,0,NOMURA-BROKER,EQ-ALPHA-03,,True,TRAIN
BRK02892,RECON-DAILY,2026-08-06,SETTLEMENT,SETL_WRONG_SSI,Settlement instruction references the wrong SSI/beneficiary account - the payment-failure flagship scenario,INTERNAL_BOOK,CUSTODIAN_CONFIRM,TRD105787,TRD105787,SSI-IN-0147,SSI-DE-5510,,ssi_code,P0,OPEN,0,HDFC-CUST,EQ-CORE-01,,True,TRAIN
BRK02893,RECON-DAILY,2026-08-07,SETTLEMENT,SETL_MISSING_INSTRUCTION,No settlement instruction was ever issued,INTERNAL_BOOK,CUSTODIAN_CONFIRM,TRD105788,TRD105788,INSTRUCTED,MISSING,,instruction_status,P0,OPEN,0,KOTAK-CUST,EQ-CORE-02,,True,TRAIN
BRK02894,RECON-DAILY,2026-08-15,SETTLEMENT,SETL_MISSING_INSTRUCTION,No settlement instruction was ever issued,INTERNAL_BOOK,CUSTODIAN_CONFIRM,TRD105794,TRD105794,INSTRUCTED,MISSING,,instruction_status,P0,OPEN,0,ICICI-CUST,EQ-CORE-02,,True,TEST
BRK02895,RECON-DAILY,2026-08-11,CASH,CASH_FX_INPUT_DIFFERENCE,Cash posted in a different currency / at a stale or incorrect FX rate,INTERNAL_BOOK,CUSTODIAN_CONFIRM,TRD105795,TRD105795,337138.0,360737.66,,"amount,currency",P2,OPEN,0,ICICI-CUST,EQ-INDEX-04,,True,TRAIN
BRK02896,RECON-DAILY,2026-08-12,TRADE,TRADE_QUANTITY_MISMATCH,Confirmed quantity differs from booked quantity,INTERNAL_BOOK,EXTERNAL_CONFIRMATION,TRD105800,TRD105800,2000,2050,,quantity,P1,OPEN,0,KOTAK-CUST,EQ-INDEX-04,,True,TRAIN
BRK02897,RECON-DAILY,2026-08-15,POSITION,POS_TIMING_DIFFERENCE,"Timing difference - quantities agree, as-of dates don't (expected to self-resolve)",INTERNAL_BOOK,CUSTODIAN_CONFIRM,TRD105802,TRD105802,2026-08-15,2026-08-16,,as_of_date,P2,OPEN,0,NOMURA-BROKER,EQ-CORE-01,,True,TEST
BRK02898,RECON-DAILY,2026-08-15,POSITION,POS_TIMING_DIFFERENCE,"Timing difference - quantities agree, as-of dates don't (expected to self-resolve)",INTERNAL_BOOK,CUSTODIAN_CONFIRM,TRD105803,TRD105803,2026-08-15,2026-08-16,,as_of_date,P2,OPEN,0,ICICI-CUST,EQ-CORE-01,,False,TRAIN
BRK02899,RECON-DAILY,2026-08-08,POSITION,POS_MISSING_BOOKING,Missing upstream booking - position never reflected externally,INTERNAL_BOOK,CUSTODIAN_CONFIRM,TRD105804,TRD105804,1000,0,,actual_quantity,P0,OPEN,0,HDFC-CUST,EQ-CORE-02,,False,TRAIN
BRK02900,RECON-DAILY,2026-08-18,SETTLEMENT,SETL_MISSING_INSTRUCTION,No settlement instruction was ever issued,INTERNAL_BOOK,CUSTODIAN_CONFIRM,TRD105805,TRD105805,INSTRUCTED,MISSING,,instruction_status,P0,OPEN,0,HDFC-CUST,EQ-ALPHA-03,,True,TRAIN
BRK02901,RECON-DAILY,2026-08-11,TRADE,TRADE_DATE_MISMATCH,Confirmed trade date differs from booked trade date,INTERNAL_BOOK,EXTERNAL_CONFIRMATION,TRD105807,TRD105807,2026-08-10,2026-08-11,,trade_date,P2,OPEN,0,MORGANSTANLEY-BROKER,EQ-INDEX-04,,True,TRAIN
BRK02902,RECON-DAILY,2026-08-20,SETTLEMENT,SETL_LATE_COUNTERPARTY,Counterparty has not settled by the expected date,INTERNAL_BOOK,CUSTODIAN_CONFIRM,TRD105808,TRD105808,2026-08-20,2026-08-24,,"settlement_date,settlement_status",P1,OPEN,0,MORGANSTANLEY-BROKER,EQ-INDEX-04,,True,TRAIN
BRK02903,RECON-DAILY,2026-08-14,SETTLEMENT,SETL_INCORRECT_DATE,Settlement recorded against the wrong date (holiday-calendar-style off-by-one),INTERNAL_BOOK,CUSTODIAN_CONFIRM,TRD105813,TRD105813,2026-08-14,2026-08-15,,settlement_date,P2,OPEN,0,HDFC-CUST,EQ-CORE-01,,True,TRAIN
BRK02904,RECON-DAILY,2026-08-22,TRADE,CONF_MISSING,External confirmation never received,INTERNAL_BOOK,EXTERNAL_CONFIRMATION,TRD105814,TRD105814,TRD105814,,,confirmation,P0,OPEN,0,ICICI-CUST,EQ-ALPHA-03,,True,TRAIN
BRK02905,RECON-DAILY,2026-08-06,TRADE,TRADE_COUNTERPARTY_ID_MISMATCH,Confirmed counterparty identifier differs from booked counterparty,INTERNAL_BOOK,EXTERNAL_CONFIRMATION,TRD105815,TRD105815,HDFC-CUST,MORGANSTANLEY-BROKER,,counterparty,P1,OPEN,0,HDFC-CUST,EQ-CORE-02,,True,TRAIN
BRK02906,RECON-DAILY,2026-08-17,POSITION,CA_MANDATORY_NOT_REFLECTED,"Mandatory corporate action (split/bonus) not yet reflected externally - mechanical, auto-correctable",INTERNAL_BOOK,CUSTODIAN_CONFIRM,TRD105816,TRD105816,1500,500,,actual_quantity,P1,OPEN,0,HDFC-CUST,EQ-ALPHA-03,MANDATORY,True,TRAIN
BRK02907,RECON-DAILY,2026-08-11,CASH,CASH_MISSING_ENTRY,Expected cash movement never posted,INTERNAL_BOOK,CUSTODIAN_CONFIRM,TRD105817,TRD105817,468390.0,,,amount,P0,OPEN,0,HDFC-CUST,EQ-ALPHA-03,,False,TRAIN
BRK02908,RECON-DAILY,2026-08-06,TRADE,TRADE_QUANTITY_MISMATCH,Confirmed quantity differs from booked quantity,INTERNAL_BOOK,EXTERNAL_CONFIRMATION,TRD105819,TRD105819,100,300,,quantity,P1,OPEN,0,KOTAK-CUST,EQ-CORE-02,,True,TRAIN
BRK02909,RECON-DAILY,2026-08-12,CASH,CASH_MISSING_ENTRY,Expected cash movement never posted,INTERNAL_BOOK,CUSTODIAN_CONFIRM,TRD105820,TRD105820,1855740.0,,,amount,P0,OPEN,0,HDFC-CUST,EQ-CORE-02,,False,TRAIN
BRK02910,RECON-DAILY,2026-08-15,CASH,CASH_MISSING_ENTRY,Expected cash movement never posted,INTERNAL_BOOK,CUSTODIAN_CONFIRM,TRD105822,TRD105822,167833.0,,,amount,P0,OPEN,0,NOMURA-BROKER,EQ-ALPHA-03,,False,TRAIN
BRK02911,RECON-DAILY,2026-08-08,TRADE,CONF_MISSING,External confirmation never received,INTERNAL_BOOK,EXTERNAL_CONFIRMATION,TRD105823,TRD105823,TRD105823,,,confirmation,P0,OPEN,0,NOMURA-BROKER,EQ-CORE-01,,True,TRAIN
BRK02912,RECON-DAILY,2026-08-04,SETTLEMENT,SETL_LATE_COUNTERPARTY,Counterparty has not settled by the expected date,INTERNAL_BOOK,CUSTODIAN_CONFIRM,TRD105824,TRD105824,2026-08-04,2026-08-08,,"settlement_date,settlement_status",P1,OPEN,0,DEUTSCHE-BROKER,EQ-INDEX-04,,True,TRAIN
BRK02913,RECON-DAILY,2026-08-15,POSITION,CA_VOLUNTARY_DECISION,"Voluntary corporate action (tender/conversion) pending an election - requires a human business decision, always escalated",INTERNAL_BOOK,CUSTODIAN_CONFIRM,TRD105825,TRD105825,750,500,,actual_quantity,P1,OPEN,0,DEUTSCHE-BROKER,EQ-INDEX-04,VOLUNTARY,True,TRAIN
BRK02914,RECON-DAILY,2026-08-07,POSITION,POS_MISSING_BOOKING,Missing upstream booking - position never reflected externally,INTERNAL_BOOK,CUSTODIAN_CONFIRM,TRD105828,TRD105828,2000,0,,actual_quantity,P0,OPEN,0,NOMURA-BROKER,EQ-ALPHA-03,,False,TRAIN
BRK02915,RECON-DAILY,2026-08-10,TRADE,TRADE_COUNTERPARTY_ID_MISMATCH,Confirmed counterparty identifier differs from booked counterparty,INTERNAL_BOOK,EXTERNAL_CONFIRMATION,TRD105830,TRD105830,NOMURA-BROKER,DEUTSCHE-BROKER,,counterparty,P1,OPEN,0,NOMURA-BROKER,EQ-ALPHA-03,,True,TEST
BRK02916,RECON-DAILY,2026-08-16,CASH,CASH_WRONG_AMOUNT,Cash amount posted differs from expected trade value by a non-round amount,INTERNAL_BOOK,CUSTODIAN_CONFIRM,TRD105833,TRD105833,7364380.0,8174461.8,,amount,P1,OPEN,0,ICICI-CUST,EQ-CORE-02,,False,TRAIN
BRK02917,RECON-DAILY,2026-08-21,POSITION,CA_INCORRECT_ENTITLEMENT,Corporate action entitlement calculated incorrectly (wrong ratio applied),INTERNAL_BOOK,CUSTODIAN_CONFIRM,TRD105834,TRD105834,375,300,,actual_quantity,P1,OPEN,0,KOTAK-CUST,EQ-CORE-01,MANDATORY,True,TEST
BRK02918,RECON-DAILY,2026-08-07,POSITION,POS_WRONG_QUANTITY,Wrong quantity - external position differs by a non-round amount,INTERNAL_BOOK,CUSTODIAN_CONFIRM,TRD105835,TRD105835,500,390,,actual_quantity,P1,OPEN,0,ICICI-CUST,EQ-CORE-01,,False,TEST
BRK02919,RECON-DAILY,2026-08-04,TRADE,CONF_DISAGREEMENT,External confirmation received but disagrees with the booking on multiple fields,INTERNAL_BOOK,EXTERNAL_CONFIRMATION,TRD105837,TRD105837,"qty=200,price=1177.25","qty=275,price=1194.43",,"quantity,price",P1,OPEN,0,DEUTSCHE-BROKER,EQ-ALPHA-03,,True,TEST
BRK02920,RECON-DAILY,2026-08-20,POSITION,CA_MANDATORY_NOT_REFLECTED,"Mandatory corporate action (split/bonus) not yet reflected externally - mechanical, auto-correctable",INTERNAL_BOOK,CUSTODIAN_CONFIRM,TRD105839,TRD105839,2000,1000,,actual_quantity,P1,OPEN,0,NOMURA-BROKER,EQ-CORE-01,MANDATORY,True,TRAIN
BRK02921,RECON-DAILY,2026-08-10,TRADE,TRADE_PRICE_MISMATCH,Confirmed price differs from booked price,INTERNAL_BOOK,EXTERNAL_CONFIRMATION,TRD105840,TRD105840,1180.98,1206.05,,price,P2,OPEN,0,MORGANSTANLEY-BROKER,EQ-ALPHA-03,,True,TRAIN
BRK02922,RECON-DAILY,2026-08-12,SETTLEMENT,SETL_MISSING_INSTRUCTION,No settlement instruction was ever issued,INTERNAL_BOOK,CUSTODIAN_CONFIRM,TRD105841,TRD105841,INSTRUCTED,MISSING,,instruction_status,P0,OPEN,0,DEUTSCHE-BROKER,EQ-INDEX-04,,True,TRAIN
BRK02923,RECON-DAILY,2026-08-09,TRADE,TRADE_DATE_MISMATCH,Confirmed trade date differs from booked trade date,INTERNAL_BOOK,EXTERNAL_CONFIRMATION,TRD105842,TRD105842,2026-08-08,2026-08-09,,trade_date,P2,OPEN,0,MORGANSTANLEY-BROKER,EQ-INDEX-04,,True,TRAIN
BRK02924,RECON-DAILY,2026-08-16,SETTLEMENT,SETL_LATE_COUNTERPARTY,Counterparty has not settled by the expected date,INTERNAL_BOOK,CUSTODIAN_CONFIRM,TRD105844,TRD105844,2026-08-16,2026-08-21,,"settlement_date,settlement_status",P1,OPEN,0,MORGANSTANLEY-BROKER,EQ-CORE-02,,True,TRAIN
BRK02925,RECON-DAILY,2026-08-20,CASH,CASH_DUPLICATE_ENTRY,Same cash movement posted twice,INTERNAL_BOOK,CUSTODIAN_CONFIRM,TRD105845,TRD105845,1682890.0,3365780.0,,"amount,cash_id",P1,OPEN,0,HDFC-CUST,EQ-INDEX-04,,False,TRAIN
BRK02926,RECON-DAILY,2026-08-16,TRADE,TRADE_DATE_MISMATCH,Confirmed trade date differs from booked trade date,INTERNAL_BOOK,EXTERNAL_CONFIRMATION,TRD105848,TRD105848,2026-08-15,2026-08-16,,trade_date,P2,OPEN,0,HDFC-CUST,EQ-CORE-01,,True,TRAIN
BRK02927,RECON-DAILY,2026-08-08,TRADE,CONF_MISSING,External confirmation never received,INTERNAL_BOOK,EXTERNAL_CONFIRMATION,TRD105849,TRD105849,TRD105849,,,confirmation,P0,OPEN,0,MORGANSTANLEY-BROKER,EQ-CORE-01,,True,TRAIN
BRK02928,RECON-DAILY,2026-08-09,TRADE,TRADE_COUNTERPARTY_ID_MISMATCH,Confirmed counterparty identifier differs from booked counterparty,INTERNAL_BOOK,EXTERNAL_CONFIRMATION,TRD105851,TRD105851,DEUTSCHE-BROKER,HDFC-CUST,,counterparty,P1,OPEN,0,DEUTSCHE-BROKER,EQ-CORE-02,,True,TRAIN
BRK02929,RECON-DAILY,2026-08-16,CASH,CASH_DUPLICATE_ENTRY,Same cash movement posted twice,INTERNAL_BOOK,CUSTODIAN_CONFIRM,TRD105853,TRD105853,1268190.0,2536380.0,,"amount,cash_id",P1,OPEN,0,NOMURA-BROKER,EQ-CORE-01,,False,TRAIN
BRK02930,RECON-DAILY,2026-08-12,SETTLEMENT,SETL_INCORRECT_DATE,Settlement recorded against the wrong date (holiday-calendar-style off-by-one),INTERNAL_BOOK,CUSTODIAN_CONFIRM,TRD105854,TRD105854,2026-08-12,2026-08-13,,settlement_date,P2,OPEN,0,DEUTSCHE-BROKER,EQ-ALPHA-03,,True,TEST
BRK02931,RECON-DAILY,2026-08-03,TRADE,TRADE_QUANTITY_MISMATCH,Confirmed quantity differs from booked quantity,INTERNAL_BOOK,EXTERNAL_CONFIRMATION,TRD105855,TRD105855,1500,1700,,quantity,P1,OPEN,0,KOTAK-CUST,EQ-ALPHA-03,,True,TRAIN
BRK02932,RECON-DAILY,2026-08-09,TRADE,TRADE_PRICE_MISMATCH,Confirmed price differs from booked price,INTERNAL_BOOK,EXTERNAL_CONFIRMATION,TRD105856,TRD105856,12941.22,13175.52,,price,P2,OPEN,0,ICICI-CUST,EQ-INDEX-04,,True,TRAIN
BRK02933,RECON-DAILY,2026-08-03,POSITION,POS_TIMING_DIFFERENCE,"Timing difference - quantities agree, as-of dates don't (expected to self-resolve)",INTERNAL_BOOK,CUSTODIAN_CONFIRM,TRD105863,TRD105863,2026-08-03,2026-08-04,,as_of_date,P2,OPEN,0,ICICI-CUST,EQ-INDEX-04,,False,TEST
BRK02934,RECON-DAILY,2026-08-16,SETTLEMENT,SETL_MISSING_INSTRUCTION,No settlement instruction was ever issued,INTERNAL_BOOK,CUSTODIAN_CONFIRM,TRD105864,TRD105864,INSTRUCTED,MISSING,,instruction_status,P0,OPEN,0,NOMURA-BROKER,EQ-CORE-02,,True,TRAIN
BRK02935,RECON-DAILY,2026-08-05,SETTLEMENT,SETL_INCORRECT_DATE,Settlement recorded against the wrong date (holiday-calendar-style off-by-one),INTERNAL_BOOK,CUSTODIAN_CONFIRM,TRD105866,TRD105866,2026-08-05,2026-08-06,,settlement_date,P2,OPEN,0,MORGANSTANLEY-BROKER,EQ-ALPHA-03,,True,TRAIN
BRK02936,RECON-DAILY,2026-08-06,POSITION,CA_INCORRECT_ENTITLEMENT,Corporate action entitlement calculated incorrectly (wrong ratio applied),INTERNAL_BOOK,CUSTODIAN_CONFIRM,TRD105867,TRD105867,600,660,,actual_quantity,P1,OPEN,0,ICICI-CUST,EQ-CORE-02,MANDATORY,True,TRAIN
BRK02937,RECON-DAILY,2026-08-07,CASH,CASH_WRONG_AMOUNT,Cash amount posted differs from expected trade value by a non-round amount,INTERNAL_BOOK,CUSTODIAN_CONFIRM,TRD105871,TRD105871,1460362.5,1197497.25,,amount,P1,OPEN,0,KOTAK-CUST,EQ-INDEX-04,,False,TRAIN
BRK02938,RECON-DAILY,2026-08-05,CASH,CASH_FX_INPUT_DIFFERENCE,Cash posted in a different currency / at a stale or incorrect FX rate,INTERNAL_BOOK,CUSTODIAN_CONFIRM,TRD105880,TRD105880,2054675.0,2126588.62,,"amount,currency",P2,OPEN,0,ICICI-CUST,EQ-INDEX-04,,False,TRAIN
BRK02939,RECON-DAILY,2026-08-22,POSITION,POS_WRONG_QUANTITY,Wrong quantity - external position differs by a non-round amount,INTERNAL_BOOK,CUSTODIAN_CONFIRM,TRD105886,TRD105886,2000,1560,,actual_quantity,P1,OPEN,0,HDFC-CUST,EQ-ALPHA-03,,True,TRAIN
BRK02940,RECON-DAILY,2026-08-12,CASH,CASH_DUPLICATE_ENTRY,Same cash movement posted twice,INTERNAL_BOOK,CUSTODIAN_CONFIRM,TRD105887,TRD105887,488327.5,976655.0,,"amount,cash_id",P1,OPEN,0,DEUTSCHE-BROKER,EQ-CORE-01,,False,TEST
BRK02941,RECON-DAILY,2026-08-15,CASH,CASH_MISSING_ENTRY,Expected cash movement never posted,INTERNAL_BOOK,CUSTODIAN_CONFIRM,TRD105888,TRD105888,258105.0,,,amount,P0,OPEN,0,DEUTSCHE-BROKER,EQ-ALPHA-03,,False,TRAIN
BRK02942,RECON-DAILY,2026-08-16,POSITION,CA_INCORRECT_ENTITLEMENT,Corporate action entitlement calculated incorrectly (wrong ratio applied),INTERNAL_BOOK,CUSTODIAN_CONFIRM,TRD105889,TRD105889,2250,2400,,actual_quantity,P1,OPEN,0,KOTAK-CUST,EQ-CORE-02,MANDATORY,True,TRAIN
BRK02943,RECON-DAILY,2026-08-21,POSITION,CA_INCORRECT_ENTITLEMENT,Corporate action entitlement calculated incorrectly (wrong ratio applied),INTERNAL_BOOK,CUSTODIAN_CONFIRM,TRD105891,TRD105891,4500,4950,,actual_quantity,P1,OPEN,0,MORGANSTANLEY-BROKER,EQ-CORE-01,MANDATORY,True,TRAIN
BRK02944,RECON-DAILY,2026-08-05,TRADE,TRADE_QUANTITY_MISMATCH,Confirmed quantity differs from booked quantity,INTERNAL_BOOK,EXTERNAL_CONFIRMATION,TRD105892,TRD105892,1000,900,,quantity,P1,OPEN,0,ICICI-CUST,EQ-ALPHA-03,,True,TEST
BRK02945,RECON-DAILY,2026-08-12,CASH,CASH_DUPLICATE_ENTRY,Same cash movement posted twice,INTERNAL_BOOK,CUSTODIAN_CONFIRM,TRD105896,TRD105896,2055415.0,4110830.0,,"amount,cash_id",P1,OPEN,0,NOMURA-BROKER,EQ-CORE-01,,True,TRAIN
BRK02946,RECON-DAILY,2026-08-09,CASH,CASH_FX_INPUT_DIFFERENCE,Cash posted in a different currency / at a stale or incorrect FX rate,INTERNAL_BOOK,CUSTODIAN_CONFIRM,TRD105898,TRD105898,609600.0,621792.0,,"amount,currency",P2,OPEN,0,HDFC-CUST,EQ-CORE-02,,True,TRAIN
BRK02947,RECON-DAILY,2026-08-12,SETTLEMENT,SETL_MISSING_INSTRUCTION,No settlement instruction was ever issued,INTERNAL_BOOK,CUSTODIAN_CONFIRM,TRD105899,TRD105899,INSTRUCTED,MISSING,,instruction_status,P0,OPEN,0,DEUTSCHE-BROKER,EQ-CORE-01,,True,TRAIN
BRK02948,RECON-DAILY,2026-08-14,TRADE,CONF_DISAGREEMENT,External confirmation received but disagrees with the booking on multiple fields,INTERNAL_BOOK,EXTERNAL_CONFIRMATION,TRD105902,TRD105902,"qty=250,price=1240.35","qty=175,price=1263.69",,"quantity,price",P1,OPEN,0,ICICI-CUST,EQ-INDEX-04,,True,TRAIN
BRK02949,RECON-DAILY,2026-08-16,TRADE,TRADE_QUANTITY_MISMATCH,Confirmed quantity differs from booked quantity,INTERNAL_BOOK,EXTERNAL_CONFIRMATION,TRD105903,TRD105903,1500,1550,,quantity,P1,OPEN,0,NOMURA-BROKER,EQ-ALPHA-03,,True,TEST
BRK02950,RECON-DAILY,2026-08-08,TRADE,CONF_DISAGREEMENT,External confirmation received but disagrees with the booking on multiple fields,INTERNAL_BOOK,EXTERNAL_CONFIRMATION,TRD105906,TRD105906,"qty=200,price=1691.6","qty=125,price=1720.0",,"quantity,price",P1,OPEN,0,ICICI-CUST,EQ-CORE-02,,True,TRAIN
BRK02951,RECON-DAILY,2026-08-19,POSITION,POS_MISSING_BOOKING,Missing upstream booking - position never reflected externally,INTERNAL_BOOK,CUSTODIAN_CONFIRM,TRD105910,TRD105910,1000,0,,actual_quantity,P0,OPEN,0,MORGANSTANLEY-BROKER,EQ-CORE-02,,True,TRAIN
BRK02952,RECON-DAILY,2026-08-02,POSITION,POS_WRONG_QUANTITY,Wrong quantity - external position differs by a non-round amount,INTERNAL_BOOK,CUSTODIAN_CONFIRM,TRD105911,TRD105911,500,645,,actual_quantity,P1,OPEN,0,ICICI-CUST,EQ-CORE-02,,False,TRAIN
BRK02953,RECON-DAILY,2026-08-07,TRADE,TRADE_QUANTITY_MISMATCH,Confirmed quantity differs from booked quantity,INTERNAL_BOOK,EXTERNAL_CONFIRMATION,TRD105912,TRD105912,500,400,,quantity,P1,OPEN,0,MORGANSTANLEY-BROKER,EQ-CORE-02,,True,TEST
BRK02954,RECON-DAILY,2026-08-11,CASH,CASH_MISSING_ENTRY,Expected cash movement never posted,INTERNAL_BOOK,CUSTODIAN_CONFIRM,TRD105913,TRD105913,234045.0,,,amount,P0,OPEN,0,MORGANSTANLEY-BROKER,EQ-CORE-01,,False,TRAIN
BRK02955,RECON-DAILY,2026-08-05,CASH,CASH_MISSING_ENTRY,Expected cash movement never posted,INTERNAL_BOOK,CUSTODIAN_CONFIRM,TRD105914,TRD105914,702360.0,,,amount,P0,OPEN,0,DEUTSCHE-BROKER,EQ-INDEX-04,,False,TRAIN
BRK02956,RECON-DAILY,2026-08-13,TRADE,CONF_DISAGREEMENT,External confirmation received but disagrees with the booking on multiple fields,INTERNAL_BOOK,EXTERNAL_CONFIRMATION,TRD105915,TRD105915,"qty=500,price=4106.24","qty=575,price=4173.75",,"quantity,price",P1,OPEN,0,ICICI-CUST,EQ-INDEX-04,,True,TRAIN
BRK02957,RECON-DAILY,2026-08-08,TRADE,TRADE_COUNTERPARTY_ID_MISMATCH,Confirmed counterparty identifier differs from booked counterparty,INTERNAL_BOOK,EXTERNAL_CONFIRMATION,TRD105919,TRD105919,DEUTSCHE-BROKER,ICICI-CUST,,counterparty,P1,OPEN,0,DEUTSCHE-BROKER,EQ-CORE-02,,True,TEST
BRK02958,RECON-DAILY,2026-08-19,TRADE,TRADE_COUNTERPARTY_ID_MISMATCH,Confirmed counterparty identifier differs from booked counterparty,INTERNAL_BOOK,EXTERNAL_CONFIRMATION,TRD105920,TRD105920,KOTAK-CUST,NOMURA-BROKER,,counterparty,P1,OPEN,0,KOTAK-CUST,EQ-INDEX-04,,True,TRAIN
BRK02959,RECON-DAILY,2026-08-14,TRADE,CONF_MISSING,External confirmation never received,INTERNAL_BOOK,EXTERNAL_CONFIRMATION,TRD105921,TRD105921,TRD105921,,,confirmation,P0,OPEN,0,HDFC-CUST,EQ-CORE-01,,True,TRAIN
BRK02960,RECON-DAILY,2026-08-15,SETTLEMENT,SETL_INCORRECT_DATE,Settlement recorded against the wrong date (holiday-calendar-style off-by-one),INTERNAL_BOOK,CUSTODIAN_CONFIRM,TRD105923,TRD105923,2026-08-15,2026-08-16,,settlement_date,P2,OPEN,0,HDFC-CUST,EQ-ALPHA-03,,True,TRAIN
BRK02961,RECON-DAILY,2026-08-05,POSITION,POS_MISSING_BOOKING,Missing upstream booking - position never reflected externally,INTERNAL_BOOK,CUSTODIAN_CONFIRM,TRD105924,TRD105924,100,0,,actual_quantity,P0,OPEN,0,ICICI-CUST,EQ-CORE-01,,False,TRAIN
BRK02962,RECON-DAILY,2026-08-15,TRADE,CONF_DISAGREEMENT,External confirmation received but disagrees with the booking on multiple fields,INTERNAL_BOOK,EXTERNAL_CONFIRMATION,TRD105925,TRD105925,"qty=500,price=1694.94","qty=575,price=1724.24",,"quantity,price",P1,OPEN,0,HDFC-CUST,EQ-CORE-02,,True,TRAIN
BRK02963,RECON-DAILY,2026-08-11,SETTLEMENT,SETL_INCORRECT_DATE,Settlement recorded against the wrong date (holiday-calendar-style off-by-one),INTERNAL_BOOK,CUSTODIAN_CONFIRM,TRD105926,TRD105926,2026-08-11,2026-08-12,,settlement_date,P2,OPEN,0,ICICI-CUST,EQ-ALPHA-03,,True,TEST
BRK02964,RECON-DAILY,2026-08-20,CASH,CASH_WRONG_AMOUNT,Cash amount posted differs from expected trade value by a non-round amount,INTERNAL_BOOK,CUSTODIAN_CONFIRM,TRD105927,TRD105927,1764225.0,1605444.75,,amount,P1,OPEN,0,KOTAK-CUST,EQ-CORE-01,,False,TEST
BRK02965,RECON-DAILY,2026-08-18,POSITION,CA_MANDATORY_NOT_REFLECTED,"Mandatory corporate action (split/bonus) not yet reflected externally - mechanical, auto-correctable",INTERNAL_BOOK,CUSTODIAN_CONFIRM,TRD105928,TRD105928,150,100,,actual_quantity,P1,OPEN,0,DEUTSCHE-BROKER,EQ-CORE-01,MANDATORY,True,TRAIN
BRK02966,RECON-DAILY,2026-08-22,TRADE,TRADE_PRICE_MISMATCH,Confirmed price differs from booked price,INTERNAL_BOOK,EXTERNAL_CONFIRMATION,TRD105930,TRD105930,1241.93,1260.87,,price,P2,OPEN,0,ICICI-CUST,EQ-INDEX-04,,True,TRAIN
BRK02967,RECON-DAILY,2026-08-11,TRADE,TRADE_PRICE_MISMATCH,Confirmed price differs from booked price,INTERNAL_BOOK,EXTERNAL_CONFIRMATION,TRD105933,TRD105933,1691.17,1725.44,,price,P2,OPEN,0,KOTAK-CUST,EQ-INDEX-04,,True,TRAIN
BRK02968,RECON-DAILY,2026-08-08,TRADE,TRADE_COUNTERPARTY_ID_MISMATCH,Confirmed counterparty identifier differs from booked counterparty,INTERNAL_BOOK,EXTERNAL_CONFIRMATION,TRD105935,TRD105935,MORGANSTANLEY-BROKER,HDFC-CUST,,counterparty,P1,OPEN,0,MORGANSTANLEY-BROKER,EQ-CORE-02,,True,TRAIN
BRK02969,RECON-DAILY,2026-08-02,POSITION,POS_WRONG_QUANTITY,Wrong quantity - external position differs by a non-round amount,INTERNAL_BOOK,CUSTODIAN_CONFIRM,TRD105938,TRD105938,500,435,,actual_quantity,P1,OPEN,0,KOTAK-CUST,EQ-CORE-01,,False,TRAIN
BRK02970,RECON-DAILY,2026-08-19,POSITION,POS_TIMING_DIFFERENCE,"Timing difference - quantities agree, as-of dates don't (expected to self-resolve)",INTERNAL_BOOK,CUSTODIAN_CONFIRM,TRD105939,TRD105939,2026-08-19,2026-08-20,,as_of_date,P2,OPEN,0,KOTAK-CUST,EQ-CORE-02,,False,TRAIN
BRK02971,RECON-DAILY,2026-08-17,POSITION,POS_MISSING_BOOKING,Missing upstream booking - position never reflected externally,INTERNAL_BOOK,CUSTODIAN_CONFIRM,TRD105940,TRD105940,500,0,,actual_quantity,P0,OPEN,0,ICICI-CUST,EQ-ALPHA-03,,True,TRAIN
BRK02972,RECON-DAILY,2026-08-03,POSITION,POS_MISSING_BOOKING,Missing upstream booking - position never reflected externally,INTERNAL_BOOK,CUSTODIAN_CONFIRM,TRD105945,TRD105945,1500,0,,actual_quantity,P0,OPEN,0,KOTAK-CUST,EQ-CORE-01,,False,TRAIN
BRK02973,RECON-DAILY,2026-08-09,TRADE,TRADE_PRICE_MISMATCH,Confirmed price differs from booked price,INTERNAL_BOOK,EXTERNAL_CONFIRMATION,TRD105947,TRD105947,172.0,176.24,,price,P2,OPEN,0,NOMURA-BROKER,EQ-CORE-02,,True,TRAIN
BRK02974,RECON-DAILY,2026-08-08,TRADE,CONF_MISSING,External confirmation never received,INTERNAL_BOOK,EXTERNAL_CONFIRMATION,TRD105950,TRD105950,TRD105950,,,confirmation,P0,OPEN,0,MORGANSTANLEY-BROKER,EQ-ALPHA-03,,True,TRAIN
BRK02975,RECON-DAILY,2026-08-02,SETTLEMENT,SETL_INCORRECT_DATE,Settlement recorded against the wrong date (holiday-calendar-style off-by-one),INTERNAL_BOOK,CUSTODIAN_CONFIRM,TRD105951,TRD105951,2026-08-02,2026-08-03,,settlement_date,P2,OPEN,0,HDFC-CUST,EQ-CORE-02,,True,TRAIN
BRK02976,RECON-DAILY,2026-08-03,TRADE,CONF_DISAGREEMENT,External confirmation received but disagrees with the booking on multiple fields,INTERNAL_BOOK,EXTERNAL_CONFIRMATION,TRD105953,TRD105953,"qty=250,price=12991.78","qty=175,price=13212.9",,"quantity,price",P1,OPEN,0,MORGANSTANLEY-BROKER,EQ-ALPHA-03,,True,TRAIN
BRK02977,RECON-DAILY,2026-08-05,TRADE,TRADE_COUNTERPARTY_ID_MISMATCH,Confirmed counterparty identifier differs from booked counterparty,INTERNAL_BOOK,EXTERNAL_CONFIRMATION,TRD105955,TRD105955,MORGANSTANLEY-BROKER,KOTAK-CUST,,counterparty,P1,OPEN,0,MORGANSTANLEY-BROKER,EQ-CORE-02,,True,TRAIN
BRK02978,RECON-DAILY,2026-08-03,SETTLEMENT,SETL_LATE_COUNTERPARTY,Counterparty has not settled by the expected date,INTERNAL_BOOK,CUSTODIAN_CONFIRM,TRD105956,TRD105956,2026-08-03,2026-08-07,,"settlement_date,settlement_status",P1,OPEN,0,MORGANSTANLEY-BROKER,EQ-CORE-01,,True,TRAIN
BRK02979,RECON-DAILY,2026-08-18,TRADE,TRADE_QUANTITY_MISMATCH,Confirmed quantity differs from booked quantity,INTERNAL_BOOK,EXTERNAL_CONFIRMATION,TRD105959,TRD105959,750,700,,quantity,P1,OPEN,0,NOMURA-BROKER,EQ-ALPHA-03,,True,TRAIN
BRK02980,RECON-DAILY,2026-08-17,SETTLEMENT,SETL_INCORRECT_DATE,Settlement recorded against the wrong date (holiday-calendar-style off-by-one),INTERNAL_BOOK,CUSTODIAN_CONFIRM,TRD105960,TRD105960,2026-08-17,2026-08-18,,settlement_date,P2,OPEN,0,KOTAK-CUST,EQ-ALPHA-03,,True,TRAIN
BRK02981,RECON-DAILY,2026-08-16,SETTLEMENT,SETL_MISSING_INSTRUCTION,No settlement instruction was ever issued,INTERNAL_BOOK,CUSTODIAN_CONFIRM,TRD105961,TRD105961,INSTRUCTED,MISSING,,instruction_status,P0,OPEN,0,HDFC-CUST,EQ-CORE-02,,True,TRAIN
BRK02982,RECON-DAILY,2026-08-17,SETTLEMENT,SETL_WRONG_SSI,Settlement instruction references the wrong SSI/beneficiary account - the payment-failure flagship scenario,INTERNAL_BOOK,CUSTODIAN_CONFIRM,TRD105962,TRD105962,SSI-IN-0203,SSI-IN-0147,,ssi_code,P0,OPEN,0,KOTAK-CUST,EQ-CORE-01,,True,TRAIN
BRK02983,RECON-DAILY,2026-08-08,POSITION,CA_INCORRECT_ENTITLEMENT,Corporate action entitlement calculated incorrectly (wrong ratio applied),INTERNAL_BOOK,CUSTODIAN_CONFIRM,TRD105963,TRD105963,600,540,,actual_quantity,P1,OPEN,0,DEUTSCHE-BROKER,EQ-CORE-02,MANDATORY,True,TRAIN
BRK02984,RECON-DAILY,2026-08-13,POSITION,CA_MANDATORY_NOT_REFLECTED,"Mandatory corporate action (split/bonus) not yet reflected externally - mechanical, auto-correctable",INTERNAL_BOOK,CUSTODIAN_CONFIRM,TRD105965,TRD105965,750,500,,actual_quantity,P1,OPEN,0,ICICI-CUST,EQ-INDEX-04,MANDATORY,True,TRAIN
BRK02985,RECON-DAILY,2026-08-22,SETTLEMENT,SETL_INCORRECT_DATE,Settlement recorded against the wrong date (holiday-calendar-style off-by-one),INTERNAL_BOOK,CUSTODIAN_CONFIRM,TRD105969,TRD105969,2026-08-22,2026-08-23,,settlement_date,P2,OPEN,0,MORGANSTANLEY-BROKER,EQ-CORE-01,,True,TEST
BRK02986,RECON-DAILY,2026-08-10,SETTLEMENT,SETL_LATE_COUNTERPARTY,Counterparty has not settled by the expected date,INTERNAL_BOOK,CUSTODIAN_CONFIRM,TRD105970,TRD105970,2026-08-10,2026-08-15,,"settlement_date,settlement_status",P1,OPEN,0,HDFC-CUST,EQ-CORE-02,,True,TRAIN
BRK02987,RECON-DAILY,2026-08-13,POSITION,CA_VOLUNTARY_DECISION,"Voluntary corporate action (tender/conversion) pending an election - requires a human business decision, always escalated",INTERNAL_BOOK,CUSTODIAN_CONFIRM,TRD105971,TRD105971,750,500,,actual_quantity,P1,OPEN,0,HDFC-CUST,EQ-ALPHA-03,VOLUNTARY,True,TEST
BRK02988,RECON-DAILY,2026-08-22,CASH,CASH_DUPLICATE_ENTRY,Same cash movement posted twice,INTERNAL_BOOK,CUSTODIAN_CONFIRM,TRD105972,TRD105972,911325.0,1822650.0,,"amount,cash_id",P1,OPEN,0,MORGANSTANLEY-BROKER,EQ-ALPHA-03,,False,TRAIN
BRK02989,RECON-DAILY,2026-08-11,POSITION,CA_VOLUNTARY_DECISION,"Voluntary corporate action (tender/conversion) pending an election - requires a human business decision, always escalated",INTERNAL_BOOK,CUSTODIAN_CONFIRM,TRD105973,TRD105973,6000,2000,,actual_quantity,P1,OPEN,0,NOMURA-BROKER,EQ-CORE-01,VOLUNTARY,True,TRAIN
BRK02990,RECON-DAILY,2026-08-08,SETTLEMENT,SETL_INCORRECT_DATE,Settlement recorded against the wrong date (holiday-calendar-style off-by-one),INTERNAL_BOOK,CUSTODIAN_CONFIRM,TRD105975,TRD105975,2026-08-08,2026-08-09,,settlement_date,P2,OPEN,0,NOMURA-BROKER,EQ-INDEX-04,,True,TRAIN
BRK02991,RECON-DAILY,2026-08-13,TRADE,CONF_DISAGREEMENT,External confirmation received but disagrees with the booking on multiple fields,INTERNAL_BOOK,EXTERNAL_CONFIRMATION,TRD105977,TRD105977,"qty=200,price=3683.95","qty=125,price=3736.79",,"quantity,price",P1,OPEN,0,DEUTSCHE-BROKER,EQ-ALPHA-03,,True,TRAIN
BRK02992,RECON-DAILY,2026-08-05,POSITION,CA_MANDATORY_NOT_REFLECTED,"Mandatory corporate action (split/bonus) not yet reflected externally - mechanical, auto-correctable",INTERNAL_BOOK,CUSTODIAN_CONFIRM,TRD105980,TRD105980,300,100,,actual_quantity,P1,OPEN,0,NOMURA-BROKER,EQ-INDEX-04,MANDATORY,True,TRAIN
BRK02993,RECON-DAILY,2026-08-03,TRADE,CONF_DISAGREEMENT,External confirmation received but disagrees with the booking on multiple fields,INTERNAL_BOOK,EXTERNAL_CONFIRMATION,TRD105981,TRD105981,"qty=750,price=1697.0","qty=675,price=1719.42",,"quantity,price",P1,OPEN,0,DEUTSCHE-BROKER,EQ-CORE-02,,True,TRAIN
BRK02994,RECON-DAILY,2026-08-04,TRADE,CONF_DISAGREEMENT,External confirmation received but disagrees with the booking on multiple fields,INTERNAL_BOOK,EXTERNAL_CONFIRMATION,TRD105982,TRD105982,"qty=2000,price=172.73","qty=2075,price=175.14",,"quantity,price",P1,OPEN,0,NOMURA-BROKER,EQ-INDEX-04,,True,TRAIN
BRK02995,RECON-DAILY,2026-08-07,TRADE,TRADE_QUANTITY_MISMATCH,Confirmed quantity differs from booked quantity,INTERNAL_BOOK,EXTERNAL_CONFIRMATION,TRD105983,TRD105983,1000,950,,quantity,P1,OPEN,0,HDFC-CUST,EQ-INDEX-04,,True,TEST
BRK02996,RECON-DAILY,2026-08-10,TRADE,TRADE_QUANTITY_MISMATCH,Confirmed quantity differs from booked quantity,INTERNAL_BOOK,EXTERNAL_CONFIRMATION,TRD105984,TRD105984,200,100,,quantity,P1,OPEN,0,MORGANSTANLEY-BROKER,EQ-ALPHA-03,,True,TRAIN
BRK02997,RECON-DAILY,2026-08-21,SETTLEMENT,SETL_WRONG_SSI,Settlement instruction references the wrong SSI/beneficiary account - the payment-failure flagship scenario,INTERNAL_BOOK,CUSTODIAN_CONFIRM,TRD105987,TRD105987,SSI-JP-3389,SSI-US-7742,,ssi_code,P0,OPEN,0,NOMURA-BROKER,EQ-ALPHA-03,,True,TEST
BRK02998,RECON-DAILY,2026-08-10,POSITION,CA_INCORRECT_ENTITLEMENT,Corporate action entitlement calculated incorrectly (wrong ratio applied),INTERNAL_BOOK,CUSTODIAN_CONFIRM,TRD105990,TRD105990,1500,1400,,actual_quantity,P1,OPEN,0,HDFC-CUST,EQ-INDEX-04,MANDATORY,True,TRAIN
BRK02999,RECON-DAILY,2026-08-13,POSITION,POS_MISSING_BOOKING,Missing upstream booking - position never reflected externally,INTERNAL_BOOK,CUSTODIAN_CONFIRM,TRD105991,TRD105991,200,0,,actual_quantity,P0,OPEN,0,MORGANSTANLEY-BROKER,EQ-INDEX-04,,False,TRAIN
BRK03000,RECON-DAILY,2026-08-16,POSITION,CA_INCORRECT_ENTITLEMENT,Corporate action entitlement calculated incorrectly (wrong ratio applied),INTERNAL_BOOK,CUSTODIAN_CONFIRM,TRD105994,TRD105994,1500,1350,,actual_quantity,P1,OPEN,0,KOTAK-CUST,EQ-INDEX-04,MANDATORY,True,TRAIN
