doc_id,break_id,trade_id,symbol,quantity,price,counterparty,settlement_date,break_type,mismatch_type,root_cause,severity,corporate_action_type,template_used
doc_0001,BRK00005,TRD100008,TCS,500,4135.85,KOTAK-CUST,2026-08-14,POSITION,CA_MANDATORY_NOT_REFLECTED,"Mandatory corporate action (split/bonus) not yet reflected externally - mechanical, auto-correctable",P1,MANDATORY,template_mt564_ca_notice
doc_0002,BRK00007,TRD100012,TCS,500,4137.77,NOMURA-BROKER,2026-08-20,POSITION,CA_INCORRECT_ENTITLEMENT,Corporate action entitlement calculated incorrectly (wrong ratio applied),P1,MANDATORY,template_mt564_ca_notice
doc_0003,BRK00008,TRD100016,HINDUNILVR,100,2755.51,NOMURA-BROKER,2026-08-06,POSITION,CA_MANDATORY_NOT_REFLECTED,"Mandatory corporate action (split/bonus) not yet reflected externally - mechanical, auto-correctable",P1,MANDATORY,template_mt564_ca_notice
doc_0004,BRK00016,TRD100030,HINDUNILVR,2000,2754.04,ICICI-CUST,2026-08-08,POSITION,CA_INCORRECT_ENTITLEMENT,Corporate action entitlement calculated incorrectly (wrong ratio applied),P1,MANDATORY,template_mt564_ca_notice
doc_0005,BRK00024,TRD100047,KOTAKBANK,750,1964.14,HDFC-CUST,2026-08-05,POSITION,CA_INCORRECT_ENTITLEMENT,Corporate action entitlement calculated incorrectly (wrong ratio applied),P1,MANDATORY,template_mt564_ca_notice
doc_0006,BRK00030,TRD100058,MARUTI,2000,12960.49,HDFC-CUST,2026-08-09,POSITION,CA_VOLUNTARY_DECISION,"Voluntary corporate action (tender/conversion) pending an election - requires a human business decision, always escalated",P1,VOLUNTARY,template_mt564_ca_notice
doc_0007,BRK00034,TRD100068,ITC,2000,469.72,DEUTSCHE-BROKER,2026-08-18,POSITION,CA_VOLUNTARY_DECISION,"Voluntary corporate action (tender/conversion) pending an election - requires a human business decision, always escalated",P1,VOLUNTARY,template_mt564_ca_notice
doc_0008,BRK00044,TRD100086,HINDUNILVR,1500,2739.51,KOTAK-CUST,2026-08-15,POSITION,CA_VOLUNTARY_DECISION,"Voluntary corporate action (tender/conversion) pending an election - requires a human business decision, always escalated",P1,VOLUNTARY,template_mt564_ca_notice
doc_0009,BRK00050,TRD100100,ICICIBANK,750,1241.49,HDFC-CUST,2026-08-18,POSITION,CA_INCORRECT_ENTITLEMENT,Corporate action entitlement calculated incorrectly (wrong ratio applied),P1,MANDATORY,template_mt564_ca_notice
doc_0010,BRK00051,TRD100106,ICICIBANK,750,1246.76,KOTAK-CUST,2026-08-08,POSITION,CA_MANDATORY_NOT_REFLECTED,"Mandatory corporate action (split/bonus) not yet reflected externally - mechanical, auto-correctable",P1,MANDATORY,template_mt564_ca_notice
doc_0011,BRK00052,TRD100107,INFY,750,1881.12,HDFC-CUST,2026-08-19,POSITION,CA_MANDATORY_NOT_REFLECTED,"Mandatory corporate action (split/bonus) not yet reflected externally - mechanical, auto-correctable",P1,MANDATORY,template_mt564_ca_notice
doc_0012,BRK00069,TRD100133,MARUTI,2000,13042.34,DEUTSCHE-BROKER,2026-08-09,POSITION,CA_INCORRECT_ENTITLEMENT,Corporate action entitlement calculated incorrectly (wrong ratio applied),P1,MANDATORY,template_mt564_ca_notice
doc_0013,BRK00072,TRD100136,ITC,2000,468.17,MORGANSTANLEY-BROKER,2026-08-19,POSITION,CA_VOLUNTARY_DECISION,"Voluntary corporate action (tender/conversion) pending an election - requires a human business decision, always escalated",P1,VOLUNTARY,template_mt564_ca_notice
doc_0014,BRK00078,TRD100146,SBIN,1000,845.01,MORGANSTANLEY-BROKER,2026-08-09,POSITION,CA_VOLUNTARY_DECISION,"Voluntary corporate action (tender/conversion) pending an election - requires a human business decision, always escalated",P1,VOLUNTARY,template_mt564_ca_notice
doc_0015,BRK00086,TRD100164,INFY,100,1898.74,DEUTSCHE-BROKER,2026-08-11,POSITION,CA_MANDATORY_NOT_REFLECTED,"Mandatory corporate action (split/bonus) not yet reflected externally - mechanical, auto-correctable",P1,MANDATORY,template_mt564_ca_notice
doc_0016,BRK00094,TRD100180,AXISBANK,750,1179.7,DEUTSCHE-BROKER,2026-08-21,POSITION,CA_INCORRECT_ENTITLEMENT,Corporate action entitlement calculated incorrectly (wrong ratio applied),P1,MANDATORY,template_mt564_ca_notice
doc_0017,BRK00102,TRD100199,LT,1000,3664.4,DEUTSCHE-BROKER,2026-08-03,POSITION,CA_MANDATORY_NOT_REFLECTED,"Mandatory corporate action (split/bonus) not yet reflected externally - mechanical, auto-correctable",P1,MANDATORY,template_mt564_ca_notice
doc_0018,BRK00107,TRD100211,TATASTEEL,500,172.14,MORGANSTANLEY-BROKER,2026-08-17,POSITION,CA_MANDATORY_NOT_REFLECTED,"Mandatory corporate action (split/bonus) not yet reflected externally - mechanical, auto-correctable",P1,MANDATORY,template_mt564_ca_notice
doc_0019,BRK00110,TRD100216,SBIN,200,846.3,KOTAK-CUST,2026-08-06,POSITION,CA_MANDATORY_NOT_REFLECTED,"Mandatory corporate action (split/bonus) not yet reflected externally - mechanical, auto-correctable",P1,MANDATORY,template_mt564_ca_notice
doc_0020,BRK00121,TRD100241,RELIANCE,1000,2851.81,HDFC-CUST,2026-08-22,POSITION,CA_INCORRECT_ENTITLEMENT,Corporate action entitlement calculated incorrectly (wrong ratio applied),P1,MANDATORY,template_mt564_ca_notice
doc_0021,BRK00123,TRD100247,SBIN,250,845.57,KOTAK-CUST,2026-08-17,POSITION,CA_MANDATORY_NOT_REFLECTED,"Mandatory corporate action (split/bonus) not yet reflected externally - mechanical, auto-correctable",P1,MANDATORY,template_mt564_ca_notice
doc_0022,BRK00128,TRD100261,HINDUNILVR,2000,2732.59,MORGANSTANLEY-BROKER,2026-08-19,POSITION,CA_VOLUNTARY_DECISION,"Voluntary corporate action (tender/conversion) pending an election - requires a human business decision, always escalated",P1,VOLUNTARY,template_mt564_ca_notice
doc_0023,BRK00131,TRD100264,SBIN,200,845.18,KOTAK-CUST,2026-08-18,POSITION,CA_VOLUNTARY_DECISION,"Voluntary corporate action (tender/conversion) pending an election - requires a human business decision, always escalated",P1,VOLUNTARY,template_mt564_ca_notice
doc_0024,BRK00133,TRD100266,INFY,250,1886.95,KOTAK-CUST,2026-08-09,POSITION,CA_MANDATORY_NOT_REFLECTED,"Mandatory corporate action (split/bonus) not yet reflected externally - mechanical, auto-correctable",P1,MANDATORY,template_mt564_ca_notice
doc_0025,BRK00142,TRD100285,HDFCBANK,1500,1675.2,ICICI-CUST,2026-08-03,POSITION,CA_VOLUNTARY_DECISION,"Voluntary corporate action (tender/conversion) pending an election - requires a human business decision, always escalated",P1,VOLUNTARY,template_mt564_ca_notice
doc_0026,BRK00155,TRD100311,TCS,1500,4127.72,HDFC-CUST,2026-08-07,POSITION,CA_INCORRECT_ENTITLEMENT,Corporate action entitlement calculated incorrectly (wrong ratio applied),P1,MANDATORY,template_mt564_ca_notice
doc_0027,BRK00159,TRD100316,HDFCBANK,250,1674.83,NOMURA-BROKER,2026-08-16,POSITION,CA_INCORRECT_ENTITLEMENT,Corporate action entitlement calculated incorrectly (wrong ratio applied),P1,MANDATORY,template_mt564_ca_notice
doc_0028,BRK00163,TRD100324,TATASTEEL,2000,171.64,HDFC-CUST,2026-08-15,POSITION,CA_INCORRECT_ENTITLEMENT,Corporate action entitlement calculated incorrectly (wrong ratio applied),P1,MANDATORY,template_mt564_ca_notice
doc_0029,BRK00168,TRD100339,TATASTEEL,2000,173.05,MORGANSTANLEY-BROKER,2026-08-04,POSITION,CA_INCORRECT_ENTITLEMENT,Corporate action entitlement calculated incorrectly (wrong ratio applied),P1,MANDATORY,template_mt564_ca_notice
doc_0030,BRK00171,TRD100344,BHARTIARTL,2000,1690.97,KOTAK-CUST,2026-08-13,POSITION,CA_MANDATORY_NOT_REFLECTED,"Mandatory corporate action (split/bonus) not yet reflected externally - mechanical, auto-correctable",P1,MANDATORY,template_mt564_ca_notice
doc_0031,BRK00174,TRD100350,INFY,1000,1884.05,DEUTSCHE-BROKER,2026-08-19,POSITION,CA_VOLUNTARY_DECISION,"Voluntary corporate action (tender/conversion) pending an election - requires a human business decision, always escalated",P1,VOLUNTARY,template_mt564_ca_notice
doc_0032,BRK00180,TRD100364,TATASTEEL,200,172.1,HDFC-CUST,2026-08-20,POSITION,CA_INCORRECT_ENTITLEMENT,Corporate action entitlement calculated incorrectly (wrong ratio applied),P1,MANDATORY,template_mt564_ca_notice
doc_0033,BRK00196,TRD100388,KOTAKBANK,100,1956.94,NOMURA-BROKER,2026-08-22,POSITION,CA_MANDATORY_NOT_REFLECTED,"Mandatory corporate action (split/bonus) not yet reflected externally - mechanical, auto-correctable",P1,MANDATORY,template_mt564_ca_notice
doc_0034,BRK00198,TRD100392,SBIN,750,844.27,MORGANSTANLEY-BROKER,2026-08-08,POSITION,CA_MANDATORY_NOT_REFLECTED,"Mandatory corporate action (split/bonus) not yet reflected externally - mechanical, auto-correctable",P1,MANDATORY,template_mt564_ca_notice
doc_0035,BRK00205,TRD100406,RELIANCE,2000,2840.14,MORGANSTANLEY-BROKER,2026-08-14,POSITION,CA_MANDATORY_NOT_REFLECTED,"Mandatory corporate action (split/bonus) not yet reflected externally - mechanical, auto-correctable",P1,MANDATORY,template_mt564_ca_notice
doc_0036,BRK00216,TRD100427,KOTAKBANK,250,1946.93,KOTAK-CUST,2026-08-22,POSITION,CA_INCORRECT_ENTITLEMENT,Corporate action entitlement calculated incorrectly (wrong ratio applied),P1,MANDATORY,template_mt564_ca_notice
doc_0037,BRK00220,TRD100433,LT,100,3684.21,DEUTSCHE-BROKER,2026-08-07,POSITION,CA_MANDATORY_NOT_REFLECTED,"Mandatory corporate action (split/bonus) not yet reflected externally - mechanical, auto-correctable",P1,MANDATORY,template_mt564_ca_notice
doc_0038,BRK00223,TRD100440,SBIN,1000,842.49,DEUTSCHE-BROKER,2026-08-20,POSITION,CA_MANDATORY_NOT_REFLECTED,"Mandatory corporate action (split/bonus) not yet reflected externally - mechanical, auto-correctable",P1,MANDATORY,template_mt564_ca_notice
doc_0039,BRK00232,TRD100456,TCS,100,4107.54,ICICI-CUST,2026-08-18,POSITION,CA_VOLUNTARY_DECISION,"Voluntary corporate action (tender/conversion) pending an election - requires a human business decision, always escalated",P1,VOLUNTARY,template_mt564_ca_notice
doc_0040,BRK00233,TRD100458,RELIANCE,1000,2841.97,KOTAK-CUST,2026-08-20,POSITION,CA_MANDATORY_NOT_REFLECTED,"Mandatory corporate action (split/bonus) not yet reflected externally - mechanical, auto-correctable",P1,MANDATORY,template_mt564_ca_notice
doc_0041,BRK00245,TRD100485,TATASTEEL,250,171.89,KOTAK-CUST,2026-08-20,POSITION,CA_VOLUNTARY_DECISION,"Voluntary corporate action (tender/conversion) pending an election - requires a human business decision, always escalated",P1,VOLUNTARY,template_mt564_ca_notice
doc_0042,BRK00249,TRD100495,INFY,1000,1898.26,HDFC-CUST,2026-08-21,POSITION,CA_INCORRECT_ENTITLEMENT,Corporate action entitlement calculated incorrectly (wrong ratio applied),P1,MANDATORY,template_mt564_ca_notice
doc_0043,BRK00251,TRD100500,TATASTEEL,1500,172.44,KOTAK-CUST,2026-08-14,POSITION,CA_MANDATORY_NOT_REFLECTED,"Mandatory corporate action (split/bonus) not yet reflected externally - mechanical, auto-correctable",P1,MANDATORY,template_mt564_ca_notice
doc_0044,BRK00253,TRD100502,ITC,200,470.3,KOTAK-CUST,2026-08-03,POSITION,CA_INCORRECT_ENTITLEMENT,Corporate action entitlement calculated incorrectly (wrong ratio applied),P1,MANDATORY,template_mt564_ca_notice
doc_0045,BRK00258,TRD100514,LT,100,3692.69,DEUTSCHE-BROKER,2026-08-18,POSITION,CA_MANDATORY_NOT_REFLECTED,"Mandatory corporate action (split/bonus) not yet reflected externally - mechanical, auto-correctable",P1,MANDATORY,template_mt564_ca_notice
doc_0046,BRK00261,TRD100519,LT,2000,3695.5,NOMURA-BROKER,2026-08-02,POSITION,CA_MANDATORY_NOT_REFLECTED,"Mandatory corporate action (split/bonus) not yet reflected externally - mechanical, auto-correctable",P1,MANDATORY,template_mt564_ca_notice
doc_0047,BRK00262,TRD100521,AXISBANK,200,1183.62,KOTAK-CUST,2026-08-19,POSITION,CA_INCORRECT_ENTITLEMENT,Corporate action entitlement calculated incorrectly (wrong ratio applied),P1,MANDATORY,template_mt564_ca_notice
doc_0048,BRK00275,TRD100552,HDFCBANK,250,1676.48,DEUTSCHE-BROKER,2026-08-07,POSITION,CA_VOLUNTARY_DECISION,"Voluntary corporate action (tender/conversion) pending an election - requires a human business decision, always escalated",P1,VOLUNTARY,template_mt564_ca_notice
doc_0049,BRK00277,TRD100554,RELIANCE,100,2851.46,ICICI-CUST,2026-08-13,POSITION,CA_INCORRECT_ENTITLEMENT,Corporate action entitlement calculated incorrectly (wrong ratio applied),P1,MANDATORY,template_mt564_ca_notice
doc_0050,BRK00280,TRD100559,TATASTEEL,1500,171.62,NOMURA-BROKER,2026-08-09,POSITION,CA_INCORRECT_ENTITLEMENT,Corporate action entitlement calculated incorrectly (wrong ratio applied),P1,MANDATORY,template_mt564_ca_notice
doc_0051,BRK00283,TRD100571,RELIANCE,200,2859.43,KOTAK-CUST,2026-08-03,POSITION,CA_MANDATORY_NOT_REFLECTED,"Mandatory corporate action (split/bonus) not yet reflected externally - mechanical, auto-correctable",P1,MANDATORY,template_mt564_ca_notice
doc_0052,BRK00284,TRD100578,ITC,2000,467.09,DEUTSCHE-BROKER,2026-08-15,POSITION,CA_INCORRECT_ENTITLEMENT,Corporate action entitlement calculated incorrectly (wrong ratio applied),P1,MANDATORY,template_mt564_ca_notice
doc_0053,BRK00293,TRD100599,HDFCBANK,500,1677.28,NOMURA-BROKER,2026-08-11,POSITION,CA_INCORRECT_ENTITLEMENT,Corporate action entitlement calculated incorrectly (wrong ratio applied),P1,MANDATORY,template_mt564_ca_notice
doc_0054,BRK00294,TRD100600,WIPRO,250,610.37,KOTAK-CUST,2026-08-22,POSITION,CA_INCORRECT_ENTITLEMENT,Corporate action entitlement calculated incorrectly (wrong ratio applied),P1,MANDATORY,template_mt564_ca_notice
doc_0055,BRK00299,TRD100610,INFY,200,1887.98,KOTAK-CUST,2026-08-15,POSITION,CA_MANDATORY_NOT_REFLECTED,"Mandatory corporate action (split/bonus) not yet reflected externally - mechanical, auto-correctable",P1,MANDATORY,template_mt564_ca_notice
doc_0056,BRK00304,TRD100619,RELIANCE,1000,2850.91,DEUTSCHE-BROKER,2026-08-18,POSITION,CA_MANDATORY_NOT_REFLECTED,"Mandatory corporate action (split/bonus) not yet reflected externally - mechanical, auto-correctable",P1,MANDATORY,template_mt564_ca_notice
doc_0057,BRK00309,TRD100630,KOTAKBANK,1000,1964.65,MORGANSTANLEY-BROKER,2026-08-02,POSITION,CA_INCORRECT_ENTITLEMENT,Corporate action entitlement calculated incorrectly (wrong ratio applied),P1,MANDATORY,template_mt564_ca_notice
doc_0058,BRK00311,TRD100635,KOTAKBANK,200,1950.82,NOMURA-BROKER,2026-08-08,POSITION,CA_VOLUNTARY_DECISION,"Voluntary corporate action (tender/conversion) pending an election - requires a human business decision, always escalated",P1,VOLUNTARY,template_mt564_ca_notice
doc_0059,BRK00312,TRD100639,HDFCBANK,500,1678.75,DEUTSCHE-BROKER,2026-08-22,POSITION,CA_MANDATORY_NOT_REFLECTED,"Mandatory corporate action (split/bonus) not yet reflected externally - mechanical, auto-correctable",P1,MANDATORY,template_mt564_ca_notice
doc_0060,BRK00317,TRD100647,HINDUNILVR,250,2744.12,MORGANSTANLEY-BROKER,2026-08-07,POSITION,CA_MANDATORY_NOT_REFLECTED,"Mandatory corporate action (split/bonus) not yet reflected externally - mechanical, auto-correctable",P1,MANDATORY,template_mt564_ca_notice
doc_0061,BRK00320,TRD100656,KOTAKBANK,500,1954.03,NOMURA-BROKER,2026-08-12,POSITION,CA_MANDATORY_NOT_REFLECTED,"Mandatory corporate action (split/bonus) not yet reflected externally - mechanical, auto-correctable",P1,MANDATORY,template_mt564_ca_notice
doc_0062,BRK00322,TRD100664,AXISBANK,200,1176.44,MORGANSTANLEY-BROKER,2026-08-21,POSITION,CA_MANDATORY_NOT_REFLECTED,"Mandatory corporate action (split/bonus) not yet reflected externally - mechanical, auto-correctable",P1,MANDATORY,template_mt564_ca_notice
doc_0063,BRK00324,TRD100666,LT,1500,3675.38,NOMURA-BROKER,2026-08-03,POSITION,CA_VOLUNTARY_DECISION,"Voluntary corporate action (tender/conversion) pending an election - requires a human business decision, always escalated",P1,VOLUNTARY,template_mt564_ca_notice
doc_0064,BRK00329,TRD100675,HINDUNILVR,250,2734.63,DEUTSCHE-BROKER,2026-08-18,POSITION,CA_VOLUNTARY_DECISION,"Voluntary corporate action (tender/conversion) pending an election - requires a human business decision, always escalated",P1,VOLUNTARY,template_mt564_ca_notice
doc_0065,BRK00337,TRD100692,ITC,500,467.66,KOTAK-CUST,2026-08-09,POSITION,CA_MANDATORY_NOT_REFLECTED,"Mandatory corporate action (split/bonus) not yet reflected externally - mechanical, auto-correctable",P1,MANDATORY,template_mt564_ca_notice
doc_0066,BRK00342,TRD100702,ITC,250,469.23,NOMURA-BROKER,2026-08-20,POSITION,CA_MANDATORY_NOT_REFLECTED,"Mandatory corporate action (split/bonus) not yet reflected externally - mechanical, auto-correctable",P1,MANDATORY,template_mt564_ca_notice
doc_0067,BRK00347,TRD100708,RELIANCE,1500,2839.7,HDFC-CUST,2026-08-21,POSITION,CA_MANDATORY_NOT_REFLECTED,"Mandatory corporate action (split/bonus) not yet reflected externally - mechanical, auto-correctable",P1,MANDATORY,template_mt564_ca_notice
doc_0068,BRK00351,TRD100715,WIPRO,200,608.58,ICICI-CUST,2026-08-14,POSITION,CA_VOLUNTARY_DECISION,"Voluntary corporate action (tender/conversion) pending an election - requires a human business decision, always escalated",P1,VOLUNTARY,template_mt564_ca_notice
doc_0069,BRK00356,TRD100723,RELIANCE,250,2846.05,MORGANSTANLEY-BROKER,2026-08-17,POSITION,CA_MANDATORY_NOT_REFLECTED,"Mandatory corporate action (split/bonus) not yet reflected externally - mechanical, auto-correctable",P1,MANDATORY,template_mt564_ca_notice
doc_0070,BRK00371,TRD100754,TCS,2000,4108.04,MORGANSTANLEY-BROKER,2026-08-03,POSITION,CA_INCORRECT_ENTITLEMENT,Corporate action entitlement calculated incorrectly (wrong ratio applied),P1,MANDATORY,template_mt564_ca_notice
doc_0071,BRK00373,TRD100759,WIPRO,500,610.54,HDFC-CUST,2026-08-08,POSITION,CA_VOLUNTARY_DECISION,"Voluntary corporate action (tender/conversion) pending an election - requires a human business decision, always escalated",P1,VOLUNTARY,template_mt564_ca_notice
doc_0072,BRK00378,TRD100766,AXISBANK,100,1180.46,ICICI-CUST,2026-08-11,POSITION,CA_MANDATORY_NOT_REFLECTED,"Mandatory corporate action (split/bonus) not yet reflected externally - mechanical, auto-correctable",P1,MANDATORY,template_mt564_ca_notice
doc_0073,BRK00382,TRD100775,INFY,100,1893.58,DEUTSCHE-BROKER,2026-08-14,POSITION,CA_INCORRECT_ENTITLEMENT,Corporate action entitlement calculated incorrectly (wrong ratio applied),P1,MANDATORY,template_mt564_ca_notice
doc_0074,BRK00384,TRD100779,BHARTIARTL,500,1691.43,HDFC-CUST,2026-08-18,POSITION,CA_VOLUNTARY_DECISION,"Voluntary corporate action (tender/conversion) pending an election - requires a human business decision, always escalated",P1,VOLUNTARY,template_mt564_ca_notice
doc_0075,BRK00389,TRD100786,WIPRO,500,608.54,KOTAK-CUST,2026-08-18,POSITION,CA_VOLUNTARY_DECISION,"Voluntary corporate action (tender/conversion) pending an election - requires a human business decision, always escalated",P1,VOLUNTARY,template_mt564_ca_notice
doc_0076,BRK00398,TRD100804,INFY,2000,1894.31,HDFC-CUST,2026-08-13,POSITION,CA_INCORRECT_ENTITLEMENT,Corporate action entitlement calculated incorrectly (wrong ratio applied),P1,MANDATORY,template_mt564_ca_notice
doc_0077,BRK00399,TRD100808,MARUTI,2000,13030.31,DEUTSCHE-BROKER,2026-08-15,POSITION,CA_MANDATORY_NOT_REFLECTED,"Mandatory corporate action (split/bonus) not yet reflected externally - mechanical, auto-correctable",P1,MANDATORY,template_mt564_ca_notice
doc_0078,BRK00400,TRD100809,WIPRO,1000,609.7,MORGANSTANLEY-BROKER,2026-08-20,POSITION,CA_MANDATORY_NOT_REFLECTED,"Mandatory corporate action (split/bonus) not yet reflected externally - mechanical, auto-correctable",P1,MANDATORY,template_mt564_ca_notice
doc_0079,BRK00417,TRD100849,WIPRO,100,610.1,ICICI-CUST,2026-08-18,POSITION,CA_VOLUNTARY_DECISION,"Voluntary corporate action (tender/conversion) pending an election - requires a human business decision, always escalated",P1,VOLUNTARY,template_mt564_ca_notice
doc_0080,BRK00419,TRD100855,INFY,750,1891.7,ICICI-CUST,2026-08-07,POSITION,CA_VOLUNTARY_DECISION,"Voluntary corporate action (tender/conversion) pending an election - requires a human business decision, always escalated",P1,VOLUNTARY,template_mt564_ca_notice
doc_0081,BRK00427,TRD100874,RELIANCE,1000,2861.93,ICICI-CUST,2026-08-03,POSITION,CA_VOLUNTARY_DECISION,"Voluntary corporate action (tender/conversion) pending an election - requires a human business decision, always escalated",P1,VOLUNTARY,template_mt564_ca_notice
doc_0082,BRK00444,TRD100907,TATASTEEL,200,172.79,KOTAK-CUST,2026-08-10,POSITION,CA_MANDATORY_NOT_REFLECTED,"Mandatory corporate action (split/bonus) not yet reflected externally - mechanical, auto-correctable",P1,MANDATORY,template_mt564_ca_notice
doc_0083,BRK00466,TRD100941,ITC,250,467.3,ICICI-CUST,2026-08-03,POSITION,CA_INCORRECT_ENTITLEMENT,Corporate action entitlement calculated incorrectly (wrong ratio applied),P1,MANDATORY,template_mt564_ca_notice
doc_0084,BRK00467,TRD100944,LT,200,3664.36,NOMURA-BROKER,2026-08-09,POSITION,CA_MANDATORY_NOT_REFLECTED,"Mandatory corporate action (split/bonus) not yet reflected externally - mechanical, auto-correctable",P1,MANDATORY,template_mt564_ca_notice
doc_0085,BRK00469,TRD100947,TCS,2000,4124.26,DEUTSCHE-BROKER,2026-08-03,POSITION,CA_VOLUNTARY_DECISION,"Voluntary corporate action (tender/conversion) pending an election - requires a human business decision, always escalated",P1,VOLUNTARY,template_mt564_ca_notice
doc_0086,BRK00478,TRD100967,RELIANCE,200,2846.87,DEUTSCHE-BROKER,2026-08-16,POSITION,CA_INCORRECT_ENTITLEMENT,Corporate action entitlement calculated incorrectly (wrong ratio applied),P1,MANDATORY,template_mt564_ca_notice
doc_0087,BRK00491,TRD100987,HDFCBANK,100,1668.22,NOMURA-BROKER,2026-08-16,POSITION,CA_VOLUNTARY_DECISION,"Voluntary corporate action (tender/conversion) pending an election - requires a human business decision, always escalated",P1,VOLUNTARY,template_mt564_ca_notice
doc_0088,BRK00496,TRD100996,MARUTI,750,13023.43,DEUTSCHE-BROKER,2026-08-11,POSITION,CA_INCORRECT_ENTITLEMENT,Corporate action entitlement calculated incorrectly (wrong ratio applied),P1,MANDATORY,template_mt564_ca_notice
doc_0089,BRK00513,TRD101027,RELIANCE,2000,2855.41,DEUTSCHE-BROKER,2026-08-14,POSITION,CA_VOLUNTARY_DECISION,"Voluntary corporate action (tender/conversion) pending an election - requires a human business decision, always escalated",P1,VOLUNTARY,template_mt564_ca_notice
doc_0090,BRK00517,TRD101037,HINDUNILVR,100,2759.07,DEUTSCHE-BROKER,2026-08-05,POSITION,CA_INCORRECT_ENTITLEMENT,Corporate action entitlement calculated incorrectly (wrong ratio applied),P1,MANDATORY,template_mt564_ca_notice
doc_0091,BRK00518,TRD101038,MARUTI,1500,12972.54,ICICI-CUST,2026-08-03,POSITION,CA_MANDATORY_NOT_REFLECTED,"Mandatory corporate action (split/bonus) not yet reflected externally - mechanical, auto-correctable",P1,MANDATORY,template_mt564_ca_notice
doc_0092,BRK00520,TRD101040,HINDUNILVR,200,2747.49,NOMURA-BROKER,2026-08-17,POSITION,CA_INCORRECT_ENTITLEMENT,Corporate action entitlement calculated incorrectly (wrong ratio applied),P1,MANDATORY,template_mt564_ca_notice
doc_0093,BRK00521,TRD101041,LT,250,3680.4,KOTAK-CUST,2026-08-14,POSITION,CA_INCORRECT_ENTITLEMENT,Corporate action entitlement calculated incorrectly (wrong ratio applied),P1,MANDATORY,template_mt564_ca_notice
doc_0094,BRK00524,TRD101048,AXISBANK,100,1185.98,MORGANSTANLEY-BROKER,2026-08-14,POSITION,CA_VOLUNTARY_DECISION,"Voluntary corporate action (tender/conversion) pending an election - requires a human business decision, always escalated",P1,VOLUNTARY,template_mt564_ca_notice
doc_0095,BRK00526,TRD101052,RELIANCE,750,2864.64,HDFC-CUST,2026-08-14,POSITION,CA_VOLUNTARY_DECISION,"Voluntary corporate action (tender/conversion) pending an election - requires a human business decision, always escalated",P1,VOLUNTARY,template_mt564_ca_notice
doc_0096,BRK00531,TRD101063,INFY,100,1885.73,NOMURA-BROKER,2026-08-10,POSITION,CA_VOLUNTARY_DECISION,"Voluntary corporate action (tender/conversion) pending an election - requires a human business decision, always escalated",P1,VOLUNTARY,template_mt564_ca_notice
doc_0097,BRK00544,TRD101093,WIPRO,1500,611.62,KOTAK-CUST,2026-08-21,POSITION,CA_VOLUNTARY_DECISION,"Voluntary corporate action (tender/conversion) pending an election - requires a human business decision, always escalated",P1,VOLUNTARY,template_mt564_ca_notice
doc_0098,BRK00546,TRD101097,TATASTEEL,2000,171.82,NOMURA-BROKER,2026-08-12,POSITION,CA_INCORRECT_ENTITLEMENT,Corporate action entitlement calculated incorrectly (wrong ratio applied),P1,MANDATORY,template_mt564_ca_notice
doc_0099,BRK00547,TRD101098,ICICIBANK,200,1238.48,DEUTSCHE-BROKER,2026-08-06,POSITION,CA_VOLUNTARY_DECISION,"Voluntary corporate action (tender/conversion) pending an election - requires a human business decision, always escalated",P1,VOLUNTARY,template_mt564_ca_notice
doc_0100,BRK00550,TRD101103,WIPRO,2000,610.09,NOMURA-BROKER,2026-08-05,POSITION,CA_VOLUNTARY_DECISION,"Voluntary corporate action (tender/conversion) pending an election - requires a human business decision, always escalated",P1,VOLUNTARY,template_mt564_ca_notice
doc_0101,BRK00553,TRD101107,RELIANCE,750,2855.67,DEUTSCHE-BROKER,2026-08-05,POSITION,CA_INCORRECT_ENTITLEMENT,Corporate action entitlement calculated incorrectly (wrong ratio applied),P1,MANDATORY,template_mt564_ca_notice
doc_0102,BRK00556,TRD101112,BHARTIARTL,750,1684.96,ICICI-CUST,2026-08-14,POSITION,CA_INCORRECT_ENTITLEMENT,Corporate action entitlement calculated incorrectly (wrong ratio applied),P1,MANDATORY,template_mt564_ca_notice
doc_0103,BRK00557,TRD101123,TCS,2000,4127.38,KOTAK-CUST,2026-08-20,POSITION,CA_INCORRECT_ENTITLEMENT,Corporate action entitlement calculated incorrectly (wrong ratio applied),P1,MANDATORY,template_mt564_ca_notice
doc_0104,BRK00559,TRD101127,TATASTEEL,250,171.95,NOMURA-BROKER,2026-08-04,POSITION,CA_VOLUNTARY_DECISION,"Voluntary corporate action (tender/conversion) pending an election - requires a human business decision, always escalated",P1,VOLUNTARY,template_mt564_ca_notice
doc_0105,BRK00565,TRD101143,HINDUNILVR,250,2748.95,NOMURA-BROKER,2026-08-11,POSITION,CA_VOLUNTARY_DECISION,"Voluntary corporate action (tender/conversion) pending an election - requires a human business decision, always escalated",P1,VOLUNTARY,template_mt564_ca_notice
doc_0106,BRK00569,TRD101150,HINDUNILVR,200,2754.49,MORGANSTANLEY-BROKER,2026-08-03,POSITION,CA_INCORRECT_ENTITLEMENT,Corporate action entitlement calculated incorrectly (wrong ratio applied),P1,MANDATORY,template_mt564_ca_notice
doc_0107,BRK00578,TRD101167,WIPRO,100,612.43,NOMURA-BROKER,2026-08-10,POSITION,CA_INCORRECT_ENTITLEMENT,Corporate action entitlement calculated incorrectly (wrong ratio applied),P1,MANDATORY,template_mt564_ca_notice
doc_0108,BRK00585,TRD101179,LT,250,3666.08,KOTAK-CUST,2026-08-11,POSITION,CA_VOLUNTARY_DECISION,"Voluntary corporate action (tender/conversion) pending an election - requires a human business decision, always escalated",P1,VOLUNTARY,template_mt564_ca_notice
doc_0109,BRK00588,TRD101184,LT,2000,3689.78,HDFC-CUST,2026-08-16,POSITION,CA_VOLUNTARY_DECISION,"Voluntary corporate action (tender/conversion) pending an election - requires a human business decision, always escalated",P1,VOLUNTARY,template_mt564_ca_notice
doc_0110,BRK00593,TRD101194,AXISBANK,1000,1176.49,KOTAK-CUST,2026-08-03,POSITION,CA_INCORRECT_ENTITLEMENT,Corporate action entitlement calculated incorrectly (wrong ratio applied),P1,MANDATORY,template_mt564_ca_notice
doc_0111,BRK00598,TRD101208,SBIN,500,845.26,KOTAK-CUST,2026-08-21,POSITION,CA_VOLUNTARY_DECISION,"Voluntary corporate action (tender/conversion) pending an election - requires a human business decision, always escalated",P1,VOLUNTARY,template_mt564_ca_notice
doc_0112,BRK00600,TRD101210,LT,2000,3689.81,ICICI-CUST,2026-08-19,POSITION,CA_INCORRECT_ENTITLEMENT,Corporate action entitlement calculated incorrectly (wrong ratio applied),P1,MANDATORY,template_mt564_ca_notice
doc_0113,BRK00605,TRD101220,MARUTI,1500,12950.67,DEUTSCHE-BROKER,2026-08-18,POSITION,CA_MANDATORY_NOT_REFLECTED,"Mandatory corporate action (split/bonus) not yet reflected externally - mechanical, auto-correctable",P1,MANDATORY,template_mt564_ca_notice
doc_0114,BRK00618,TRD101257,KOTAKBANK,100,1949.97,DEUTSCHE-BROKER,2026-08-08,POSITION,CA_VOLUNTARY_DECISION,"Voluntary corporate action (tender/conversion) pending an election - requires a human business decision, always escalated",P1,VOLUNTARY,template_mt564_ca_notice
doc_0115,BRK00621,TRD101266,WIPRO,250,613.39,KOTAK-CUST,2026-08-19,POSITION,CA_INCORRECT_ENTITLEMENT,Corporate action entitlement calculated incorrectly (wrong ratio applied),P1,MANDATORY,template_mt564_ca_notice
doc_0116,BRK00624,TRD101269,HDFCBANK,2000,1678.93,KOTAK-CUST,2026-08-16,POSITION,CA_VOLUNTARY_DECISION,"Voluntary corporate action (tender/conversion) pending an election - requires a human business decision, always escalated",P1,VOLUNTARY,template_mt564_ca_notice
doc_0117,BRK00641,TRD101293,ITC,200,466.94,NOMURA-BROKER,2026-08-09,POSITION,CA_VOLUNTARY_DECISION,"Voluntary corporate action (tender/conversion) pending an election - requires a human business decision, always escalated",P1,VOLUNTARY,template_mt564_ca_notice
doc_0118,BRK00649,TRD101306,RELIANCE,200,2861.49,KOTAK-CUST,2026-08-15,POSITION,CA_INCORRECT_ENTITLEMENT,Corporate action entitlement calculated incorrectly (wrong ratio applied),P1,MANDATORY,template_mt564_ca_notice
doc_0119,BRK00653,TRD101316,HINDUNILVR,500,2748.57,MORGANSTANLEY-BROKER,2026-08-14,POSITION,CA_INCORRECT_ENTITLEMENT,Corporate action entitlement calculated incorrectly (wrong ratio applied),P1,MANDATORY,template_mt564_ca_notice
doc_0120,BRK00657,TRD101325,ICICIBANK,2000,1238.11,MORGANSTANLEY-BROKER,2026-08-19,POSITION,CA_INCORRECT_ENTITLEMENT,Corporate action entitlement calculated incorrectly (wrong ratio applied),P1,MANDATORY,template_mt564_ca_notice
doc_0121,BRK00660,TRD101336,ICICIBANK,750,1240.81,NOMURA-BROKER,2026-08-19,POSITION,CA_INCORRECT_ENTITLEMENT,Corporate action entitlement calculated incorrectly (wrong ratio applied),P1,MANDATORY,template_mt564_ca_notice
doc_0122,BRK00671,TRD101353,MARUTI,100,13040.95,NOMURA-BROKER,2026-08-12,POSITION,CA_INCORRECT_ENTITLEMENT,Corporate action entitlement calculated incorrectly (wrong ratio applied),P1,MANDATORY,template_mt564_ca_notice
doc_0123,BRK00676,TRD101369,MARUTI,500,12979.98,HDFC-CUST,2026-08-16,POSITION,CA_VOLUNTARY_DECISION,"Voluntary corporate action (tender/conversion) pending an election - requires a human business decision, always escalated",P1,VOLUNTARY,template_mt564_ca_notice
doc_0124,BRK00682,TRD101381,LT,1000,3683.59,NOMURA-BROKER,2026-08-06,POSITION,CA_INCORRECT_ENTITLEMENT,Corporate action entitlement calculated incorrectly (wrong ratio applied),P1,MANDATORY,template_mt564_ca_notice
doc_0125,BRK00689,TRD101408,KOTAKBANK,1500,1959.74,DEUTSCHE-BROKER,2026-08-07,POSITION,CA_VOLUNTARY_DECISION,"Voluntary corporate action (tender/conversion) pending an election - requires a human business decision, always escalated",P1,VOLUNTARY,template_mt564_ca_notice
doc_0126,BRK00692,TRD101413,ITC,2000,468.97,NOMURA-BROKER,2026-08-19,POSITION,CA_VOLUNTARY_DECISION,"Voluntary corporate action (tender/conversion) pending an election - requires a human business decision, always escalated",P1,VOLUNTARY,template_mt564_ca_notice
doc_0127,BRK00699,TRD101422,SBIN,100,842.23,HDFC-CUST,2026-08-17,POSITION,CA_MANDATORY_NOT_REFLECTED,"Mandatory corporate action (split/bonus) not yet reflected externally - mechanical, auto-correctable",P1,MANDATORY,template_mt564_ca_notice
doc_0128,BRK00700,TRD101424,ITC,1500,468.31,DEUTSCHE-BROKER,2026-08-13,POSITION,CA_VOLUNTARY_DECISION,"Voluntary corporate action (tender/conversion) pending an election - requires a human business decision, always escalated",P1,VOLUNTARY,template_mt564_ca_notice
doc_0129,BRK00713,TRD101451,HINDUNILVR,500,2752.21,DEUTSCHE-BROKER,2026-08-14,POSITION,CA_MANDATORY_NOT_REFLECTED,"Mandatory corporate action (split/bonus) not yet reflected externally - mechanical, auto-correctable",P1,MANDATORY,template_mt564_ca_notice
doc_0130,BRK00715,TRD101455,INFY,500,1881.71,KOTAK-CUST,2026-08-09,POSITION,CA_MANDATORY_NOT_REFLECTED,"Mandatory corporate action (split/bonus) not yet reflected externally - mechanical, auto-correctable",P1,MANDATORY,template_mt564_ca_notice
doc_0131,BRK00726,TRD101475,KOTAKBANK,750,1950.34,NOMURA-BROKER,2026-08-14,POSITION,CA_MANDATORY_NOT_REFLECTED,"Mandatory corporate action (split/bonus) not yet reflected externally - mechanical, auto-correctable",P1,MANDATORY,template_mt564_ca_notice
doc_0132,BRK00728,TRD101479,SBIN,200,843.66,NOMURA-BROKER,2026-08-17,POSITION,CA_INCORRECT_ENTITLEMENT,Corporate action entitlement calculated incorrectly (wrong ratio applied),P1,MANDATORY,template_mt564_ca_notice
doc_0133,BRK00734,TRD101488,ITC,250,470.47,DEUTSCHE-BROKER,2026-08-19,POSITION,CA_VOLUNTARY_DECISION,"Voluntary corporate action (tender/conversion) pending an election - requires a human business decision, always escalated",P1,VOLUNTARY,template_mt564_ca_notice
doc_0134,BRK00750,TRD101513,AXISBANK,2000,1175.5,HDFC-CUST,2026-08-02,POSITION,CA_INCORRECT_ENTITLEMENT,Corporate action entitlement calculated incorrectly (wrong ratio applied),P1,MANDATORY,template_mt564_ca_notice
doc_0135,BRK00758,TRD101530,MARUTI,1500,12983.22,HDFC-CUST,2026-08-10,POSITION,CA_INCORRECT_ENTITLEMENT,Corporate action entitlement calculated incorrectly (wrong ratio applied),P1,MANDATORY,template_mt564_ca_notice
doc_0136,BRK00759,TRD101532,BHARTIARTL,2000,1689.99,NOMURA-BROKER,2026-08-07,POSITION,CA_INCORRECT_ENTITLEMENT,Corporate action entitlement calculated incorrectly (wrong ratio applied),P1,MANDATORY,template_mt564_ca_notice
doc_0137,BRK00783,TRD101595,TCS,750,4131.72,KOTAK-CUST,2026-08-04,POSITION,CA_VOLUNTARY_DECISION,"Voluntary corporate action (tender/conversion) pending an election - requires a human business decision, always escalated",P1,VOLUNTARY,template_mt564_ca_notice
doc_0138,BRK00788,TRD101601,HDFCBANK,200,1671.48,NOMURA-BROKER,2026-08-07,POSITION,CA_INCORRECT_ENTITLEMENT,Corporate action entitlement calculated incorrectly (wrong ratio applied),P1,MANDATORY,template_mt564_ca_notice
doc_0139,BRK00798,TRD101620,SBIN,2000,841.49,KOTAK-CUST,2026-08-13,POSITION,CA_INCORRECT_ENTITLEMENT,Corporate action entitlement calculated incorrectly (wrong ratio applied),P1,MANDATORY,template_mt564_ca_notice
doc_0140,BRK00807,TRD101632,SBIN,750,848.01,NOMURA-BROKER,2026-08-18,POSITION,CA_VOLUNTARY_DECISION,"Voluntary corporate action (tender/conversion) pending an election - requires a human business decision, always escalated",P1,VOLUNTARY,template_mt564_ca_notice
doc_0141,BRK00811,TRD101642,AXISBANK,1000,1175.85,MORGANSTANLEY-BROKER,2026-08-19,POSITION,CA_VOLUNTARY_DECISION,"Voluntary corporate action (tender/conversion) pending an election - requires a human business decision, always escalated",P1,VOLUNTARY,template_mt564_ca_notice
doc_0142,BRK00817,TRD101649,HDFCBANK,500,1668.56,MORGANSTANLEY-BROKER,2026-08-02,POSITION,CA_MANDATORY_NOT_REFLECTED,"Mandatory corporate action (split/bonus) not yet reflected externally - mechanical, auto-correctable",P1,MANDATORY,template_mt564_ca_notice
doc_0143,BRK00823,TRD101675,MARUTI,750,13034.81,DEUTSCHE-BROKER,2026-08-10,POSITION,CA_MANDATORY_NOT_REFLECTED,"Mandatory corporate action (split/bonus) not yet reflected externally - mechanical, auto-correctable",P1,MANDATORY,template_mt564_ca_notice
doc_0144,BRK00827,TRD101680,HDFCBANK,2000,1668.05,MORGANSTANLEY-BROKER,2026-08-20,POSITION,CA_VOLUNTARY_DECISION,"Voluntary corporate action (tender/conversion) pending an election - requires a human business decision, always escalated",P1,VOLUNTARY,template_mt564_ca_notice
doc_0145,BRK00833,TRD101694,WIPRO,200,607.63,NOMURA-BROKER,2026-08-15,POSITION,CA_MANDATORY_NOT_REFLECTED,"Mandatory corporate action (split/bonus) not yet reflected externally - mechanical, auto-correctable",P1,MANDATORY,template_mt564_ca_notice
doc_0146,BRK00837,TRD101705,TATASTEEL,100,172.07,ICICI-CUST,2026-08-10,POSITION,CA_INCORRECT_ENTITLEMENT,Corporate action entitlement calculated incorrectly (wrong ratio applied),P1,MANDATORY,template_mt564_ca_notice
doc_0147,BRK00840,TRD101715,LT,100,3683.85,ICICI-CUST,2026-08-13,POSITION,CA_MANDATORY_NOT_REFLECTED,"Mandatory corporate action (split/bonus) not yet reflected externally - mechanical, auto-correctable",P1,MANDATORY,template_mt564_ca_notice
doc_0148,BRK00841,TRD101721,BHARTIARTL,100,1693.05,DEUTSCHE-BROKER,2026-08-06,POSITION,CA_MANDATORY_NOT_REFLECTED,"Mandatory corporate action (split/bonus) not yet reflected externally - mechanical, auto-correctable",P1,MANDATORY,template_mt564_ca_notice
doc_0149,BRK00845,TRD101728,TATASTEEL,500,172.93,NOMURA-BROKER,2026-08-15,POSITION,CA_MANDATORY_NOT_REFLECTED,"Mandatory corporate action (split/bonus) not yet reflected externally - mechanical, auto-correctable",P1,MANDATORY,template_mt564_ca_notice
doc_0150,BRK00849,TRD101734,WIPRO,750,608.02,MORGANSTANLEY-BROKER,2026-08-12,POSITION,CA_MANDATORY_NOT_REFLECTED,"Mandatory corporate action (split/bonus) not yet reflected externally - mechanical, auto-correctable",P1,MANDATORY,template_mt564_ca_notice
doc_0151,BRK00850,TRD101735,TCS,1000,4139.29,NOMURA-BROKER,2026-08-15,POSITION,CA_MANDATORY_NOT_REFLECTED,"Mandatory corporate action (split/bonus) not yet reflected externally - mechanical, auto-correctable",P1,MANDATORY,template_mt564_ca_notice
doc_0152,BRK00865,TRD101763,ICICIBANK,1000,1239.7,DEUTSCHE-BROKER,2026-08-16,POSITION,CA_MANDATORY_NOT_REFLECTED,"Mandatory corporate action (split/bonus) not yet reflected externally - mechanical, auto-correctable",P1,MANDATORY,template_mt564_ca_notice
doc_0153,BRK00871,TRD101777,ICICIBANK,1500,1235.75,MORGANSTANLEY-BROKER,2026-08-15,POSITION,CA_VOLUNTARY_DECISION,"Voluntary corporate action (tender/conversion) pending an election - requires a human business decision, always escalated",P1,VOLUNTARY,template_mt564_ca_notice
doc_0154,BRK00884,TRD101798,MARUTI,1500,12990.96,KOTAK-CUST,2026-08-11,POSITION,CA_VOLUNTARY_DECISION,"Voluntary corporate action (tender/conversion) pending an election - requires a human business decision, always escalated",P1,VOLUNTARY,template_mt564_ca_notice
doc_0155,BRK00897,TRD101826,TCS,500,4112.83,HDFC-CUST,2026-08-22,POSITION,CA_MANDATORY_NOT_REFLECTED,"Mandatory corporate action (split/bonus) not yet reflected externally - mechanical, auto-correctable",P1,MANDATORY,template_mt564_ca_notice
doc_0156,BRK00899,TRD101830,HINDUNILVR,2000,2754.65,ICICI-CUST,2026-08-07,POSITION,CA_VOLUNTARY_DECISION,"Voluntary corporate action (tender/conversion) pending an election - requires a human business decision, always escalated",P1,VOLUNTARY,template_mt564_ca_notice
doc_0157,BRK00902,TRD101833,ICICIBANK,100,1246.04,NOMURA-BROKER,2026-08-18,POSITION,CA_MANDATORY_NOT_REFLECTED,"Mandatory corporate action (split/bonus) not yet reflected externally - mechanical, auto-correctable",P1,MANDATORY,template_mt564_ca_notice
doc_0158,BRK00903,TRD101834,INFY,2000,1891.94,MORGANSTANLEY-BROKER,2026-08-13,POSITION,CA_VOLUNTARY_DECISION,"Voluntary corporate action (tender/conversion) pending an election - requires a human business decision, always escalated",P1,VOLUNTARY,template_mt564_ca_notice
doc_0159,BRK00905,TRD101837,INFY,2000,1891.18,DEUTSCHE-BROKER,2026-08-02,POSITION,CA_MANDATORY_NOT_REFLECTED,"Mandatory corporate action (split/bonus) not yet reflected externally - mechanical, auto-correctable",P1,MANDATORY,template_mt564_ca_notice
doc_0160,BRK00906,TRD101838,WIPRO,1500,610.19,KOTAK-CUST,2026-08-09,POSITION,CA_VOLUNTARY_DECISION,"Voluntary corporate action (tender/conversion) pending an election - requires a human business decision, always escalated",P1,VOLUNTARY,template_mt564_ca_notice
doc_0161,BRK00907,TRD101841,LT,250,3695.69,NOMURA-BROKER,2026-08-21,POSITION,CA_MANDATORY_NOT_REFLECTED,"Mandatory corporate action (split/bonus) not yet reflected externally - mechanical, auto-correctable",P1,MANDATORY,template_mt564_ca_notice
doc_0162,BRK00908,TRD101843,HINDUNILVR,1000,2744.47,DEUTSCHE-BROKER,2026-08-07,POSITION,CA_INCORRECT_ENTITLEMENT,Corporate action entitlement calculated incorrectly (wrong ratio applied),P1,MANDATORY,template_mt564_ca_notice
doc_0163,BRK00910,TRD101851,SBIN,1000,845.61,MORGANSTANLEY-BROKER,2026-08-02,POSITION,CA_VOLUNTARY_DECISION,"Voluntary corporate action (tender/conversion) pending an election - requires a human business decision, always escalated",P1,VOLUNTARY,template_mt564_ca_notice
doc_0164,BRK00917,TRD101865,ICICIBANK,1000,1239.77,KOTAK-CUST,2026-08-16,POSITION,CA_INCORRECT_ENTITLEMENT,Corporate action entitlement calculated incorrectly (wrong ratio applied),P1,MANDATORY,template_mt564_ca_notice
doc_0165,BRK00918,TRD101874,LT,100,3684.0,NOMURA-BROKER,2026-08-07,POSITION,CA_MANDATORY_NOT_REFLECTED,"Mandatory corporate action (split/bonus) not yet reflected externally - mechanical, auto-correctable",P1,MANDATORY,template_mt564_ca_notice
doc_0166,BRK00932,TRD101900,MARUTI,2000,13027.01,DEUTSCHE-BROKER,2026-08-04,POSITION,CA_INCORRECT_ENTITLEMENT,Corporate action entitlement calculated incorrectly (wrong ratio applied),P1,MANDATORY,template_mt564_ca_notice
doc_0167,BRK00937,TRD101916,SBIN,2000,845.26,ICICI-CUST,2026-08-22,POSITION,CA_MANDATORY_NOT_REFLECTED,"Mandatory corporate action (split/bonus) not yet reflected externally - mechanical, auto-correctable",P1,MANDATORY,template_mt564_ca_notice
doc_0168,BRK00944,TRD101929,TCS,250,4120.24,MORGANSTANLEY-BROKER,2026-08-12,POSITION,CA_MANDATORY_NOT_REFLECTED,"Mandatory corporate action (split/bonus) not yet reflected externally - mechanical, auto-correctable",P1,MANDATORY,template_mt564_ca_notice
doc_0169,BRK00952,TRD101946,TATASTEEL,750,171.78,NOMURA-BROKER,2026-08-06,POSITION,CA_VOLUNTARY_DECISION,"Voluntary corporate action (tender/conversion) pending an election - requires a human business decision, always escalated",P1,VOLUNTARY,template_mt564_ca_notice
doc_0170,BRK00975,TRD101994,HINDUNILVR,2000,2750.08,MORGANSTANLEY-BROKER,2026-08-12,POSITION,CA_INCORRECT_ENTITLEMENT,Corporate action entitlement calculated incorrectly (wrong ratio applied),P1,MANDATORY,template_mt564_ca_notice
doc_0171,BRK00979,TRD102001,TCS,250,4126.31,HDFC-CUST,2026-08-21,POSITION,CA_VOLUNTARY_DECISION,"Voluntary corporate action (tender/conversion) pending an election - requires a human business decision, always escalated",P1,VOLUNTARY,template_mt564_ca_notice
doc_0172,BRK00980,TRD102002,MARUTI,500,12951.24,KOTAK-CUST,2026-08-14,POSITION,CA_INCORRECT_ENTITLEMENT,Corporate action entitlement calculated incorrectly (wrong ratio applied),P1,MANDATORY,template_mt564_ca_notice
doc_0173,BRK00988,TRD102018,HINDUNILVR,2000,2747.27,DEUTSCHE-BROKER,2026-08-20,POSITION,CA_INCORRECT_ENTITLEMENT,Corporate action entitlement calculated incorrectly (wrong ratio applied),P1,MANDATORY,template_mt564_ca_notice
doc_0174,BRK00990,TRD102020,HINDUNILVR,500,2741.78,DEUTSCHE-BROKER,2026-08-21,POSITION,CA_INCORRECT_ENTITLEMENT,Corporate action entitlement calculated incorrectly (wrong ratio applied),P1,MANDATORY,template_mt564_ca_notice
doc_0175,BRK00991,TRD102021,SBIN,2000,848.58,MORGANSTANLEY-BROKER,2026-08-20,POSITION,CA_MANDATORY_NOT_REFLECTED,"Mandatory corporate action (split/bonus) not yet reflected externally - mechanical, auto-correctable",P1,MANDATORY,template_mt564_ca_notice
doc_0176,BRK01006,TRD102049,HINDUNILVR,1000,2755.56,ICICI-CUST,2026-08-21,POSITION,CA_VOLUNTARY_DECISION,"Voluntary corporate action (tender/conversion) pending an election - requires a human business decision, always escalated",P1,VOLUNTARY,template_mt564_ca_notice
doc_0177,BRK01010,TRD102055,ICICIBANK,1500,1237.09,NOMURA-BROKER,2026-08-13,POSITION,CA_VOLUNTARY_DECISION,"Voluntary corporate action (tender/conversion) pending an election - requires a human business decision, always escalated",P1,VOLUNTARY,template_mt564_ca_notice
doc_0178,BRK01037,TRD102121,KOTAKBANK,1000,1963.24,KOTAK-CUST,2026-08-04,POSITION,CA_VOLUNTARY_DECISION,"Voluntary corporate action (tender/conversion) pending an election - requires a human business decision, always escalated",P1,VOLUNTARY,template_mt564_ca_notice
doc_0179,BRK01048,TRD102142,HINDUNILVR,500,2736.33,MORGANSTANLEY-BROKER,2026-08-22,POSITION,CA_MANDATORY_NOT_REFLECTED,"Mandatory corporate action (split/bonus) not yet reflected externally - mechanical, auto-correctable",P1,MANDATORY,template_mt564_ca_notice
doc_0180,BRK01057,TRD102160,LT,750,3674.3,NOMURA-BROKER,2026-08-13,POSITION,CA_MANDATORY_NOT_REFLECTED,"Mandatory corporate action (split/bonus) not yet reflected externally - mechanical, auto-correctable",P1,MANDATORY,template_mt564_ca_notice
doc_0181,BRK01061,TRD102168,SBIN,100,845.38,NOMURA-BROKER,2026-08-09,POSITION,CA_INCORRECT_ENTITLEMENT,Corporate action entitlement calculated incorrectly (wrong ratio applied),P1,MANDATORY,template_mt564_ca_notice
doc_0182,BRK01065,TRD102172,HINDUNILVR,1500,2743.49,KOTAK-CUST,2026-08-02,POSITION,CA_INCORRECT_ENTITLEMENT,Corporate action entitlement calculated incorrectly (wrong ratio applied),P1,MANDATORY,template_mt564_ca_notice
doc_0183,BRK01068,TRD102178,SBIN,1500,846.02,DEUTSCHE-BROKER,2026-08-22,POSITION,CA_INCORRECT_ENTITLEMENT,Corporate action entitlement calculated incorrectly (wrong ratio applied),P1,MANDATORY,template_mt564_ca_notice
doc_0184,BRK01072,TRD102184,WIPRO,250,610.64,HDFC-CUST,2026-08-04,POSITION,CA_MANDATORY_NOT_REFLECTED,"Mandatory corporate action (split/bonus) not yet reflected externally - mechanical, auto-correctable",P1,MANDATORY,template_mt564_ca_notice
doc_0185,BRK01081,TRD102209,INFY,100,1891.75,NOMURA-BROKER,2026-08-03,POSITION,CA_MANDATORY_NOT_REFLECTED,"Mandatory corporate action (split/bonus) not yet reflected externally - mechanical, auto-correctable",P1,MANDATORY,template_mt564_ca_notice
doc_0186,BRK01084,TRD102214,KOTAKBANK,1000,1960.12,HDFC-CUST,2026-08-19,POSITION,CA_VOLUNTARY_DECISION,"Voluntary corporate action (tender/conversion) pending an election - requires a human business decision, always escalated",P1,VOLUNTARY,template_mt564_ca_notice
doc_0187,BRK01097,TRD102238,ICICIBANK,1500,1244.54,NOMURA-BROKER,2026-08-19,POSITION,CA_VOLUNTARY_DECISION,"Voluntary corporate action (tender/conversion) pending an election - requires a human business decision, always escalated",P1,VOLUNTARY,template_mt564_ca_notice
doc_0188,BRK01099,TRD102243,ICICIBANK,250,1237.37,DEUTSCHE-BROKER,2026-08-20,POSITION,CA_VOLUNTARY_DECISION,"Voluntary corporate action (tender/conversion) pending an election - requires a human business decision, always escalated",P1,VOLUNTARY,template_mt564_ca_notice
doc_0189,BRK01103,TRD102255,ITC,200,469.21,NOMURA-BROKER,2026-08-09,POSITION,CA_INCORRECT_ENTITLEMENT,Corporate action entitlement calculated incorrectly (wrong ratio applied),P1,MANDATORY,template_mt564_ca_notice
doc_0190,BRK01142,TRD102337,HINDUNILVR,1000,2757.3,DEUTSCHE-BROKER,2026-08-03,POSITION,CA_MANDATORY_NOT_REFLECTED,"Mandatory corporate action (split/bonus) not yet reflected externally - mechanical, auto-correctable",P1,MANDATORY,template_mt564_ca_notice
doc_0191,BRK01143,TRD102338,INFY,1500,1889.79,KOTAK-CUST,2026-08-02,POSITION,CA_VOLUNTARY_DECISION,"Voluntary corporate action (tender/conversion) pending an election - requires a human business decision, always escalated",P1,VOLUNTARY,template_mt564_ca_notice
doc_0192,BRK01158,TRD102372,HINDUNILVR,100,2745.51,HDFC-CUST,2026-08-20,POSITION,CA_VOLUNTARY_DECISION,"Voluntary corporate action (tender/conversion) pending an election - requires a human business decision, always escalated",P1,VOLUNTARY,template_mt564_ca_notice
doc_0193,BRK01164,TRD102379,INFY,200,1895.31,ICICI-CUST,2026-08-12,POSITION,CA_MANDATORY_NOT_REFLECTED,"Mandatory corporate action (split/bonus) not yet reflected externally - mechanical, auto-correctable",P1,MANDATORY,template_mt564_ca_notice
doc_0194,BRK01181,TRD102408,TCS,1500,4124.49,NOMURA-BROKER,2026-08-10,POSITION,CA_MANDATORY_NOT_REFLECTED,"Mandatory corporate action (split/bonus) not yet reflected externally - mechanical, auto-correctable",P1,MANDATORY,template_mt564_ca_notice
doc_0195,BRK01192,TRD102436,ITC,750,469.09,DEUTSCHE-BROKER,2026-08-02,POSITION,CA_INCORRECT_ENTITLEMENT,Corporate action entitlement calculated incorrectly (wrong ratio applied),P1,MANDATORY,template_mt564_ca_notice
doc_0196,BRK01196,TRD102442,HDFCBANK,250,1667.35,KOTAK-CUST,2026-08-08,POSITION,CA_VOLUNTARY_DECISION,"Voluntary corporate action (tender/conversion) pending an election - requires a human business decision, always escalated",P1,VOLUNTARY,template_mt564_ca_notice
doc_0197,BRK01201,TRD102451,LT,250,3681.59,HDFC-CUST,2026-08-09,POSITION,CA_VOLUNTARY_DECISION,"Voluntary corporate action (tender/conversion) pending an election - requires a human business decision, always escalated",P1,VOLUNTARY,template_mt564_ca_notice
doc_0198,BRK01215,TRD102480,SBIN,1000,847.78,HDFC-CUST,2026-08-03,POSITION,CA_INCORRECT_ENTITLEMENT,Corporate action entitlement calculated incorrectly (wrong ratio applied),P1,MANDATORY,template_mt564_ca_notice
doc_0199,BRK01231,TRD102523,WIPRO,500,609.19,MORGANSTANLEY-BROKER,2026-08-09,POSITION,CA_VOLUNTARY_DECISION,"Voluntary corporate action (tender/conversion) pending an election - requires a human business decision, always escalated",P1,VOLUNTARY,template_mt564_ca_notice
doc_0200,BRK01245,TRD102556,AXISBANK,1000,1183.02,NOMURA-BROKER,2026-08-17,POSITION,CA_INCORRECT_ENTITLEMENT,Corporate action entitlement calculated incorrectly (wrong ratio applied),P1,MANDATORY,template_mt564_ca_notice
doc_0201,BRK01247,TRD102558,MARUTI,250,12985.65,DEUTSCHE-BROKER,2026-08-12,POSITION,CA_INCORRECT_ENTITLEMENT,Corporate action entitlement calculated incorrectly (wrong ratio applied),P1,MANDATORY,template_mt564_ca_notice
doc_0202,BRK01264,TRD102598,MARUTI,250,13005.59,ICICI-CUST,2026-08-22,POSITION,CA_INCORRECT_ENTITLEMENT,Corporate action entitlement calculated incorrectly (wrong ratio applied),P1,MANDATORY,template_mt564_ca_notice
doc_0203,BRK01281,TRD102623,TATASTEEL,500,172.85,ICICI-CUST,2026-08-14,POSITION,CA_VOLUNTARY_DECISION,"Voluntary corporate action (tender/conversion) pending an election - requires a human business decision, always escalated",P1,VOLUNTARY,template_mt564_ca_notice
doc_0204,BRK01282,TRD102624,TCS,2000,4107.38,NOMURA-BROKER,2026-08-16,POSITION,CA_MANDATORY_NOT_REFLECTED,"Mandatory corporate action (split/bonus) not yet reflected externally - mechanical, auto-correctable",P1,MANDATORY,template_mt564_ca_notice
doc_0205,BRK01287,TRD102635,HDFCBANK,2000,1678.68,HDFC-CUST,2026-08-12,POSITION,CA_INCORRECT_ENTITLEMENT,Corporate action entitlement calculated incorrectly (wrong ratio applied),P1,MANDATORY,template_mt564_ca_notice
doc_0206,BRK01289,TRD102638,HINDUNILVR,2000,2748.53,MORGANSTANLEY-BROKER,2026-08-16,POSITION,CA_INCORRECT_ENTITLEMENT,Corporate action entitlement calculated incorrectly (wrong ratio applied),P1,MANDATORY,template_mt564_ca_notice
doc_0207,BRK01297,TRD102648,MARUTI,2000,12968.33,ICICI-CUST,2026-08-06,POSITION,CA_MANDATORY_NOT_REFLECTED,"Mandatory corporate action (split/bonus) not yet reflected externally - mechanical, auto-correctable",P1,MANDATORY,template_mt564_ca_notice
doc_0208,BRK01301,TRD102656,SBIN,1500,848.47,NOMURA-BROKER,2026-08-04,POSITION,CA_MANDATORY_NOT_REFLECTED,"Mandatory corporate action (split/bonus) not yet reflected externally - mechanical, auto-correctable",P1,MANDATORY,template_mt564_ca_notice
doc_0209,BRK01304,TRD102662,ITC,500,469.17,ICICI-CUST,2026-08-10,POSITION,CA_MANDATORY_NOT_REFLECTED,"Mandatory corporate action (split/bonus) not yet reflected externally - mechanical, auto-correctable",P1,MANDATORY,template_mt564_ca_notice
doc_0210,BRK01309,TRD102667,TATASTEEL,1500,173.24,NOMURA-BROKER,2026-08-20,POSITION,CA_VOLUNTARY_DECISION,"Voluntary corporate action (tender/conversion) pending an election - requires a human business decision, always escalated",P1,VOLUNTARY,template_mt564_ca_notice
doc_0211,BRK01318,TRD102680,LT,1000,3678.19,MORGANSTANLEY-BROKER,2026-08-15,POSITION,CA_MANDATORY_NOT_REFLECTED,"Mandatory corporate action (split/bonus) not yet reflected externally - mechanical, auto-correctable",P1,MANDATORY,template_mt564_ca_notice
doc_0212,BRK01320,TRD102683,BHARTIARTL,250,1683.28,ICICI-CUST,2026-08-20,POSITION,CA_MANDATORY_NOT_REFLECTED,"Mandatory corporate action (split/bonus) not yet reflected externally - mechanical, auto-correctable",P1,MANDATORY,template_mt564_ca_notice
doc_0213,BRK01324,TRD102697,RELIANCE,2000,2859.62,HDFC-CUST,2026-08-19,POSITION,CA_VOLUNTARY_DECISION,"Voluntary corporate action (tender/conversion) pending an election - requires a human business decision, always escalated",P1,VOLUNTARY,template_mt564_ca_notice
doc_0214,BRK01327,TRD102706,ICICIBANK,1500,1235.73,NOMURA-BROKER,2026-08-22,POSITION,CA_VOLUNTARY_DECISION,"Voluntary corporate action (tender/conversion) pending an election - requires a human business decision, always escalated",P1,VOLUNTARY,template_mt564_ca_notice
doc_0215,BRK01330,TRD102716,RELIANCE,250,2852.23,DEUTSCHE-BROKER,2026-08-05,POSITION,CA_MANDATORY_NOT_REFLECTED,"Mandatory corporate action (split/bonus) not yet reflected externally - mechanical, auto-correctable",P1,MANDATORY,template_mt564_ca_notice
doc_0216,BRK01337,TRD102726,INFY,750,1883.2,DEUTSCHE-BROKER,2026-08-05,POSITION,CA_VOLUNTARY_DECISION,"Voluntary corporate action (tender/conversion) pending an election - requires a human business decision, always escalated",P1,VOLUNTARY,template_mt564_ca_notice
doc_0217,BRK01345,TRD102741,ICICIBANK,750,1236.82,DEUTSCHE-BROKER,2026-08-11,POSITION,CA_INCORRECT_ENTITLEMENT,Corporate action entitlement calculated incorrectly (wrong ratio applied),P1,MANDATORY,template_mt564_ca_notice
doc_0218,BRK01349,TRD102746,INFY,500,1897.05,KOTAK-CUST,2026-08-13,POSITION,CA_INCORRECT_ENTITLEMENT,Corporate action entitlement calculated incorrectly (wrong ratio applied),P1,MANDATORY,template_mt564_ca_notice
doc_0219,BRK01361,TRD102772,MARUTI,200,12981.91,DEUTSCHE-BROKER,2026-08-14,POSITION,CA_INCORRECT_ENTITLEMENT,Corporate action entitlement calculated incorrectly (wrong ratio applied),P1,MANDATORY,template_mt564_ca_notice
doc_0220,BRK01369,TRD102781,INFY,750,1883.35,MORGANSTANLEY-BROKER,2026-08-08,POSITION,CA_INCORRECT_ENTITLEMENT,Corporate action entitlement calculated incorrectly (wrong ratio applied),P1,MANDATORY,template_mt564_ca_notice
doc_0221,BRK01387,TRD102822,TCS,1000,4140.31,HDFC-CUST,2026-08-21,POSITION,CA_VOLUNTARY_DECISION,"Voluntary corporate action (tender/conversion) pending an election - requires a human business decision, always escalated",P1,VOLUNTARY,template_mt564_ca_notice
doc_0222,BRK01389,TRD102825,RELIANCE,2000,2838.27,MORGANSTANLEY-BROKER,2026-08-15,POSITION,CA_VOLUNTARY_DECISION,"Voluntary corporate action (tender/conversion) pending an election - requires a human business decision, always escalated",P1,VOLUNTARY,template_mt564_ca_notice
doc_0223,BRK01399,TRD102840,AXISBANK,250,1182.95,MORGANSTANLEY-BROKER,2026-08-02,POSITION,CA_INCORRECT_ENTITLEMENT,Corporate action entitlement calculated incorrectly (wrong ratio applied),P1,MANDATORY,template_mt564_ca_notice
doc_0224,BRK01406,TRD102862,AXISBANK,750,1177.97,HDFC-CUST,2026-08-13,POSITION,CA_VOLUNTARY_DECISION,"Voluntary corporate action (tender/conversion) pending an election - requires a human business decision, always escalated",P1,VOLUNTARY,template_mt564_ca_notice
doc_0225,BRK01408,TRD102864,HDFCBANK,250,1677.43,ICICI-CUST,2026-08-02,POSITION,CA_VOLUNTARY_DECISION,"Voluntary corporate action (tender/conversion) pending an election - requires a human business decision, always escalated",P1,VOLUNTARY,template_mt564_ca_notice
doc_0226,BRK01412,TRD102868,AXISBANK,100,1181.94,NOMURA-BROKER,2026-08-15,POSITION,CA_VOLUNTARY_DECISION,"Voluntary corporate action (tender/conversion) pending an election - requires a human business decision, always escalated",P1,VOLUNTARY,template_mt564_ca_notice
doc_0227,BRK01414,TRD102873,MARUTI,250,12926.49,NOMURA-BROKER,2026-08-20,POSITION,CA_INCORRECT_ENTITLEMENT,Corporate action entitlement calculated incorrectly (wrong ratio applied),P1,MANDATORY,template_mt564_ca_notice
doc_0228,BRK01420,TRD102881,LT,1000,3673.98,ICICI-CUST,2026-08-19,POSITION,CA_VOLUNTARY_DECISION,"Voluntary corporate action (tender/conversion) pending an election - requires a human business decision, always escalated",P1,VOLUNTARY,template_mt564_ca_notice
doc_0229,BRK01424,TRD102890,KOTAKBANK,250,1960.31,HDFC-CUST,2026-08-02,POSITION,CA_MANDATORY_NOT_REFLECTED,"Mandatory corporate action (split/bonus) not yet reflected externally - mechanical, auto-correctable",P1,MANDATORY,template_mt564_ca_notice
doc_0230,BRK01437,TRD102907,ITC,500,467.16,DEUTSCHE-BROKER,2026-08-07,POSITION,CA_VOLUNTARY_DECISION,"Voluntary corporate action (tender/conversion) pending an election - requires a human business decision, always escalated",P1,VOLUNTARY,template_mt564_ca_notice
doc_0231,BRK01441,TRD102918,ITC,1000,470.29,MORGANSTANLEY-BROKER,2026-08-14,POSITION,CA_VOLUNTARY_DECISION,"Voluntary corporate action (tender/conversion) pending an election - requires a human business decision, always escalated",P1,VOLUNTARY,template_mt564_ca_notice
doc_0232,BRK01449,TRD102946,AXISBANK,2000,1183.6,HDFC-CUST,2026-08-13,POSITION,CA_MANDATORY_NOT_REFLECTED,"Mandatory corporate action (split/bonus) not yet reflected externally - mechanical, auto-correctable",P1,MANDATORY,template_mt564_ca_notice
doc_0233,BRK01451,TRD102948,HDFCBANK,500,1681.79,MORGANSTANLEY-BROKER,2026-08-21,POSITION,CA_MANDATORY_NOT_REFLECTED,"Mandatory corporate action (split/bonus) not yet reflected externally - mechanical, auto-correctable",P1,MANDATORY,template_mt564_ca_notice
doc_0234,BRK01470,TRD102983,WIPRO,100,607.31,MORGANSTANLEY-BROKER,2026-08-15,POSITION,CA_VOLUNTARY_DECISION,"Voluntary corporate action (tender/conversion) pending an election - requires a human business decision, always escalated",P1,VOLUNTARY,template_mt564_ca_notice
doc_0235,BRK01472,TRD102986,BHARTIARTL,1000,1689.16,KOTAK-CUST,2026-08-03,POSITION,CA_VOLUNTARY_DECISION,"Voluntary corporate action (tender/conversion) pending an election - requires a human business decision, always escalated",P1,VOLUNTARY,template_mt564_ca_notice
doc_0236,BRK01473,TRD102988,HDFCBANK,100,1676.69,KOTAK-CUST,2026-08-14,POSITION,CA_INCORRECT_ENTITLEMENT,Corporate action entitlement calculated incorrectly (wrong ratio applied),P1,MANDATORY,template_mt564_ca_notice
doc_0237,BRK01478,TRD102999,RELIANCE,250,2840.41,MORGANSTANLEY-BROKER,2026-08-03,POSITION,CA_VOLUNTARY_DECISION,"Voluntary corporate action (tender/conversion) pending an election - requires a human business decision, always escalated",P1,VOLUNTARY,template_mt564_ca_notice
doc_0238,BRK01487,TRD103022,SBIN,250,845.16,NOMURA-BROKER,2026-08-12,POSITION,CA_MANDATORY_NOT_REFLECTED,"Mandatory corporate action (split/bonus) not yet reflected externally - mechanical, auto-correctable",P1,MANDATORY,template_mt564_ca_notice
doc_0239,BRK01508,TRD103054,HDFCBANK,750,1669.92,DEUTSCHE-BROKER,2026-08-17,POSITION,CA_VOLUNTARY_DECISION,"Voluntary corporate action (tender/conversion) pending an election - requires a human business decision, always escalated",P1,VOLUNTARY,template_mt564_ca_notice
doc_0240,BRK01522,TRD103088,TCS,500,4106.54,HDFC-CUST,2026-08-18,POSITION,CA_INCORRECT_ENTITLEMENT,Corporate action entitlement calculated incorrectly (wrong ratio applied),P1,MANDATORY,template_mt564_ca_notice
doc_0241,BRK01524,TRD103093,RELIANCE,200,2860.66,HDFC-CUST,2026-08-10,POSITION,CA_INCORRECT_ENTITLEMENT,Corporate action entitlement calculated incorrectly (wrong ratio applied),P1,MANDATORY,template_mt564_ca_notice
doc_0242,BRK01525,TRD103097,BHARTIARTL,1000,1693.71,MORGANSTANLEY-BROKER,2026-08-14,POSITION,CA_INCORRECT_ENTITLEMENT,Corporate action entitlement calculated incorrectly (wrong ratio applied),P1,MANDATORY,template_mt564_ca_notice
doc_0243,BRK01538,TRD103118,ITC,100,468.91,NOMURA-BROKER,2026-08-17,POSITION,CA_INCORRECT_ENTITLEMENT,Corporate action entitlement calculated incorrectly (wrong ratio applied),P1,MANDATORY,template_mt564_ca_notice
doc_0244,BRK01547,TRD103137,BHARTIARTL,200,1698.47,DEUTSCHE-BROKER,2026-08-12,POSITION,CA_VOLUNTARY_DECISION,"Voluntary corporate action (tender/conversion) pending an election - requires a human business decision, always escalated",P1,VOLUNTARY,template_mt564_ca_notice
doc_0245,BRK01551,TRD103144,TCS,500,4117.51,NOMURA-BROKER,2026-08-04,POSITION,CA_MANDATORY_NOT_REFLECTED,"Mandatory corporate action (split/bonus) not yet reflected externally - mechanical, auto-correctable",P1,MANDATORY,template_mt564_ca_notice
doc_0246,BRK01557,TRD103152,AXISBANK,1500,1181.3,KOTAK-CUST,2026-08-04,POSITION,CA_INCORRECT_ENTITLEMENT,Corporate action entitlement calculated incorrectly (wrong ratio applied),P1,MANDATORY,template_mt564_ca_notice
doc_0247,BRK01561,TRD103159,AXISBANK,1000,1179.52,KOTAK-CUST,2026-08-19,POSITION,CA_VOLUNTARY_DECISION,"Voluntary corporate action (tender/conversion) pending an election - requires a human business decision, always escalated",P1,VOLUNTARY,template_mt564_ca_notice
doc_0248,BRK01567,TRD103172,HDFCBANK,250,1678.1,NOMURA-BROKER,2026-08-02,POSITION,CA_MANDATORY_NOT_REFLECTED,"Mandatory corporate action (split/bonus) not yet reflected externally - mechanical, auto-correctable",P1,MANDATORY,template_mt564_ca_notice
doc_0249,BRK01568,TRD103173,AXISBANK,500,1183.64,ICICI-CUST,2026-08-04,POSITION,CA_VOLUNTARY_DECISION,"Voluntary corporate action (tender/conversion) pending an election - requires a human business decision, always escalated",P1,VOLUNTARY,template_mt564_ca_notice
doc_0250,BRK01576,TRD103191,HDFCBANK,100,1671.25,DEUTSCHE-BROKER,2026-08-17,POSITION,CA_VOLUNTARY_DECISION,"Voluntary corporate action (tender/conversion) pending an election - requires a human business decision, always escalated",P1,VOLUNTARY,template_mt564_ca_notice
doc_0251,BRK01586,TRD103208,ICICIBANK,1000,1246.98,MORGANSTANLEY-BROKER,2026-08-09,POSITION,CA_MANDATORY_NOT_REFLECTED,"Mandatory corporate action (split/bonus) not yet reflected externally - mechanical, auto-correctable",P1,MANDATORY,template_mt564_ca_notice
doc_0252,BRK01588,TRD103212,INFY,1000,1882.33,KOTAK-CUST,2026-08-17,POSITION,CA_VOLUNTARY_DECISION,"Voluntary corporate action (tender/conversion) pending an election - requires a human business decision, always escalated",P1,VOLUNTARY,template_mt564_ca_notice
doc_0253,BRK01619,TRD103259,SBIN,500,843.72,ICICI-CUST,2026-08-15,POSITION,CA_VOLUNTARY_DECISION,"Voluntary corporate action (tender/conversion) pending an election - requires a human business decision, always escalated",P1,VOLUNTARY,template_mt564_ca_notice
doc_0254,BRK01621,TRD103261,INFY,100,1882.65,HDFC-CUST,2026-08-19,POSITION,CA_INCORRECT_ENTITLEMENT,Corporate action entitlement calculated incorrectly (wrong ratio applied),P1,MANDATORY,template_mt564_ca_notice
doc_0255,BRK01626,TRD103272,TCS,100,4103.84,HDFC-CUST,2026-08-07,POSITION,CA_VOLUNTARY_DECISION,"Voluntary corporate action (tender/conversion) pending an election - requires a human business decision, always escalated",P1,VOLUNTARY,template_mt564_ca_notice
doc_0256,BRK01632,TRD103287,RELIANCE,750,2856.94,MORGANSTANLEY-BROKER,2026-08-14,POSITION,CA_VOLUNTARY_DECISION,"Voluntary corporate action (tender/conversion) pending an election - requires a human business decision, always escalated",P1,VOLUNTARY,template_mt564_ca_notice
doc_0257,BRK01650,TRD103325,MARUTI,100,12956.17,ICICI-CUST,2026-08-09,POSITION,CA_VOLUNTARY_DECISION,"Voluntary corporate action (tender/conversion) pending an election - requires a human business decision, always escalated",P1,VOLUNTARY,template_mt564_ca_notice
doc_0258,BRK01653,TRD103328,LT,200,3665.19,ICICI-CUST,2026-08-12,POSITION,CA_VOLUNTARY_DECISION,"Voluntary corporate action (tender/conversion) pending an election - requires a human business decision, always escalated",P1,VOLUNTARY,template_mt564_ca_notice
doc_0259,BRK01659,TRD103336,SBIN,200,845.11,DEUTSCHE-BROKER,2026-08-02,POSITION,CA_VOLUNTARY_DECISION,"Voluntary corporate action (tender/conversion) pending an election - requires a human business decision, always escalated",P1,VOLUNTARY,template_mt564_ca_notice
doc_0260,BRK01660,TRD103338,ITC,100,467.57,KOTAK-CUST,2026-08-17,POSITION,CA_MANDATORY_NOT_REFLECTED,"Mandatory corporate action (split/bonus) not yet reflected externally - mechanical, auto-correctable",P1,MANDATORY,template_mt564_ca_notice
doc_0261,BRK01662,TRD103341,AXISBANK,250,1178.27,NOMURA-BROKER,2026-08-14,POSITION,CA_INCORRECT_ENTITLEMENT,Corporate action entitlement calculated incorrectly (wrong ratio applied),P1,MANDATORY,template_mt564_ca_notice
doc_0262,BRK01670,TRD103356,INFY,250,1889.96,ICICI-CUST,2026-08-05,POSITION,CA_MANDATORY_NOT_REFLECTED,"Mandatory corporate action (split/bonus) not yet reflected externally - mechanical, auto-correctable",P1,MANDATORY,template_mt564_ca_notice
doc_0263,BRK01671,TRD103358,INFY,100,1895.58,MORGANSTANLEY-BROKER,2026-08-07,POSITION,CA_INCORRECT_ENTITLEMENT,Corporate action entitlement calculated incorrectly (wrong ratio applied),P1,MANDATORY,template_mt564_ca_notice
doc_0264,BRK01673,TRD103363,RELIANCE,1500,2851.82,DEUTSCHE-BROKER,2026-08-04,POSITION,CA_MANDATORY_NOT_REFLECTED,"Mandatory corporate action (split/bonus) not yet reflected externally - mechanical, auto-correctable",P1,MANDATORY,template_mt564_ca_notice
doc_0265,BRK01676,TRD103371,WIPRO,500,611.8,HDFC-CUST,2026-08-09,POSITION,CA_VOLUNTARY_DECISION,"Voluntary corporate action (tender/conversion) pending an election - requires a human business decision, always escalated",P1,VOLUNTARY,template_mt564_ca_notice
doc_0266,BRK01683,TRD103384,ICICIBANK,1000,1244.48,HDFC-CUST,2026-08-03,POSITION,CA_MANDATORY_NOT_REFLECTED,"Mandatory corporate action (split/bonus) not yet reflected externally - mechanical, auto-correctable",P1,MANDATORY,template_mt564_ca_notice
doc_0267,BRK01685,TRD103388,INFY,750,1895.08,HDFC-CUST,2026-08-04,POSITION,CA_INCORRECT_ENTITLEMENT,Corporate action entitlement calculated incorrectly (wrong ratio applied),P1,MANDATORY,template_mt564_ca_notice
doc_0268,BRK01686,TRD103389,HINDUNILVR,1000,2752.5,KOTAK-CUST,2026-08-14,POSITION,CA_INCORRECT_ENTITLEMENT,Corporate action entitlement calculated incorrectly (wrong ratio applied),P1,MANDATORY,template_mt564_ca_notice
doc_0269,BRK01693,TRD103398,KOTAKBANK,750,1952.09,KOTAK-CUST,2026-08-06,POSITION,CA_MANDATORY_NOT_REFLECTED,"Mandatory corporate action (split/bonus) not yet reflected externally - mechanical, auto-correctable",P1,MANDATORY,template_mt564_ca_notice
doc_0270,BRK01695,TRD103400,SBIN,200,843.66,ICICI-CUST,2026-08-06,POSITION,CA_INCORRECT_ENTITLEMENT,Corporate action entitlement calculated incorrectly (wrong ratio applied),P1,MANDATORY,template_mt564_ca_notice
doc_0271,BRK01703,TRD103416,HINDUNILVR,250,2738.62,ICICI-CUST,2026-08-10,POSITION,CA_MANDATORY_NOT_REFLECTED,"Mandatory corporate action (split/bonus) not yet reflected externally - mechanical, auto-correctable",P1,MANDATORY,template_mt564_ca_notice
doc_0272,BRK01716,TRD103443,AXISBANK,1000,1177.03,NOMURA-BROKER,2026-08-12,POSITION,CA_VOLUNTARY_DECISION,"Voluntary corporate action (tender/conversion) pending an election - requires a human business decision, always escalated",P1,VOLUNTARY,template_mt564_ca_notice
doc_0273,BRK01722,TRD103449,LT,2000,3692.78,DEUTSCHE-BROKER,2026-08-13,POSITION,CA_INCORRECT_ENTITLEMENT,Corporate action entitlement calculated incorrectly (wrong ratio applied),P1,MANDATORY,template_mt564_ca_notice
doc_0274,BRK01739,TRD103478,BHARTIARTL,750,1696.87,NOMURA-BROKER,2026-08-20,POSITION,CA_VOLUNTARY_DECISION,"Voluntary corporate action (tender/conversion) pending an election - requires a human business decision, always escalated",P1,VOLUNTARY,template_mt564_ca_notice
doc_0275,BRK01745,TRD103490,KOTAKBANK,750,1952.45,NOMURA-BROKER,2026-08-18,POSITION,CA_MANDATORY_NOT_REFLECTED,"Mandatory corporate action (split/bonus) not yet reflected externally - mechanical, auto-correctable",P1,MANDATORY,template_mt564_ca_notice
doc_0276,BRK01751,TRD103498,MARUTI,1500,13022.45,MORGANSTANLEY-BROKER,2026-08-10,POSITION,CA_MANDATORY_NOT_REFLECTED,"Mandatory corporate action (split/bonus) not yet reflected externally - mechanical, auto-correctable",P1,MANDATORY,template_mt564_ca_notice
doc_0277,BRK01754,TRD103513,HINDUNILVR,750,2752.22,ICICI-CUST,2026-08-09,POSITION,CA_VOLUNTARY_DECISION,"Voluntary corporate action (tender/conversion) pending an election - requires a human business decision, always escalated",P1,VOLUNTARY,template_mt564_ca_notice
doc_0278,BRK01755,TRD103516,MARUTI,1500,12953.67,KOTAK-CUST,2026-08-06,POSITION,CA_INCORRECT_ENTITLEMENT,Corporate action entitlement calculated incorrectly (wrong ratio applied),P1,MANDATORY,template_mt564_ca_notice
doc_0279,BRK01762,TRD103532,WIPRO,1500,612.58,KOTAK-CUST,2026-08-09,POSITION,CA_VOLUNTARY_DECISION,"Voluntary corporate action (tender/conversion) pending an election - requires a human business decision, always escalated",P1,VOLUNTARY,template_mt564_ca_notice
doc_0280,BRK01764,TRD103535,WIPRO,500,613.16,MORGANSTANLEY-BROKER,2026-08-07,POSITION,CA_VOLUNTARY_DECISION,"Voluntary corporate action (tender/conversion) pending an election - requires a human business decision, always escalated",P1,VOLUNTARY,template_mt564_ca_notice
doc_0281,BRK01767,TRD103544,KOTAKBANK,750,1958.21,NOMURA-BROKER,2026-08-02,POSITION,CA_INCORRECT_ENTITLEMENT,Corporate action entitlement calculated incorrectly (wrong ratio applied),P1,MANDATORY,template_mt564_ca_notice
doc_0282,BRK01779,TRD103567,AXISBANK,100,1181.34,ICICI-CUST,2026-08-07,POSITION,CA_MANDATORY_NOT_REFLECTED,"Mandatory corporate action (split/bonus) not yet reflected externally - mechanical, auto-correctable",P1,MANDATORY,template_mt564_ca_notice
doc_0283,BRK01787,TRD103581,SBIN,200,844.47,ICICI-CUST,2026-08-13,POSITION,CA_VOLUNTARY_DECISION,"Voluntary corporate action (tender/conversion) pending an election - requires a human business decision, always escalated",P1,VOLUNTARY,template_mt564_ca_notice
doc_0284,BRK01817,TRD103636,ITC,1500,468.07,DEUTSCHE-BROKER,2026-08-13,POSITION,CA_INCORRECT_ENTITLEMENT,Corporate action entitlement calculated incorrectly (wrong ratio applied),P1,MANDATORY,template_mt564_ca_notice
doc_0285,BRK01818,TRD103638,BHARTIARTL,2000,1687.65,MORGANSTANLEY-BROKER,2026-08-15,POSITION,CA_MANDATORY_NOT_REFLECTED,"Mandatory corporate action (split/bonus) not yet reflected externally - mechanical, auto-correctable",P1,MANDATORY,template_mt564_ca_notice
doc_0286,BRK01819,TRD103639,KOTAKBANK,100,1952.91,DEUTSCHE-BROKER,2026-08-15,POSITION,CA_VOLUNTARY_DECISION,"Voluntary corporate action (tender/conversion) pending an election - requires a human business decision, always escalated",P1,VOLUNTARY,template_mt564_ca_notice
doc_0287,BRK01828,TRD103656,LT,750,3684.22,DEUTSCHE-BROKER,2026-08-02,POSITION,CA_VOLUNTARY_DECISION,"Voluntary corporate action (tender/conversion) pending an election - requires a human business decision, always escalated",P1,VOLUNTARY,template_mt564_ca_notice
doc_0288,BRK01845,TRD103677,BHARTIARTL,500,1690.82,ICICI-CUST,2026-08-06,POSITION,CA_INCORRECT_ENTITLEMENT,Corporate action entitlement calculated incorrectly (wrong ratio applied),P1,MANDATORY,template_mt564_ca_notice
doc_0289,BRK01849,TRD103684,AXISBANK,2000,1185.22,NOMURA-BROKER,2026-08-09,POSITION,CA_VOLUNTARY_DECISION,"Voluntary corporate action (tender/conversion) pending an election - requires a human business decision, always escalated",P1,VOLUNTARY,template_mt564_ca_notice
doc_0290,BRK01854,TRD103693,LT,2000,3665.94,DEUTSCHE-BROKER,2026-08-22,POSITION,CA_INCORRECT_ENTITLEMENT,Corporate action entitlement calculated incorrectly (wrong ratio applied),P1,MANDATORY,template_mt564_ca_notice
doc_0291,BRK01856,TRD103697,TATASTEEL,500,173.0,NOMURA-BROKER,2026-08-15,POSITION,CA_INCORRECT_ENTITLEMENT,Corporate action entitlement calculated incorrectly (wrong ratio applied),P1,MANDATORY,template_mt564_ca_notice
doc_0292,BRK01864,TRD103712,HINDUNILVR,2000,2739.77,MORGANSTANLEY-BROKER,2026-08-06,POSITION,CA_INCORRECT_ENTITLEMENT,Corporate action entitlement calculated incorrectly (wrong ratio applied),P1,MANDATORY,template_mt564_ca_notice
doc_0293,BRK01867,TRD103721,AXISBANK,200,1178.21,KOTAK-CUST,2026-08-22,POSITION,CA_MANDATORY_NOT_REFLECTED,"Mandatory corporate action (split/bonus) not yet reflected externally - mechanical, auto-correctable",P1,MANDATORY,template_mt564_ca_notice
doc_0294,BRK01880,TRD103741,RELIANCE,1500,2854.23,DEUTSCHE-BROKER,2026-08-12,POSITION,CA_MANDATORY_NOT_REFLECTED,"Mandatory corporate action (split/bonus) not yet reflected externally - mechanical, auto-correctable",P1,MANDATORY,template_mt564_ca_notice
doc_0295,BRK01908,TRD103808,KOTAKBANK,250,1948.25,ICICI-CUST,2026-08-11,POSITION,CA_VOLUNTARY_DECISION,"Voluntary corporate action (tender/conversion) pending an election - requires a human business decision, always escalated",P1,VOLUNTARY,template_mt564_ca_notice
doc_0296,BRK01909,TRD103809,TCS,1000,4109.12,DEUTSCHE-BROKER,2026-08-03,POSITION,CA_INCORRECT_ENTITLEMENT,Corporate action entitlement calculated incorrectly (wrong ratio applied),P1,MANDATORY,template_mt564_ca_notice
doc_0297,BRK01940,TRD103871,RELIANCE,750,2858.88,NOMURA-BROKER,2026-08-13,POSITION,CA_INCORRECT_ENTITLEMENT,Corporate action entitlement calculated incorrectly (wrong ratio applied),P1,MANDATORY,template_mt564_ca_notice
doc_0298,BRK01947,TRD103880,RELIANCE,1500,2854.18,NOMURA-BROKER,2026-08-17,POSITION,CA_MANDATORY_NOT_REFLECTED,"Mandatory corporate action (split/bonus) not yet reflected externally - mechanical, auto-correctable",P1,MANDATORY,template_mt564_ca_notice
doc_0299,BRK01951,TRD103888,ITC,500,470.31,DEUTSCHE-BROKER,2026-08-17,POSITION,CA_MANDATORY_NOT_REFLECTED,"Mandatory corporate action (split/bonus) not yet reflected externally - mechanical, auto-correctable",P1,MANDATORY,template_mt564_ca_notice
doc_0300,BRK01970,TRD103921,RELIANCE,750,2843.15,DEUTSCHE-BROKER,2026-08-13,POSITION,CA_MANDATORY_NOT_REFLECTED,"Mandatory corporate action (split/bonus) not yet reflected externally - mechanical, auto-correctable",P1,MANDATORY,template_mt564_ca_notice
doc_0301,BRK01971,TRD103923,LT,500,3679.32,KOTAK-CUST,2026-08-16,POSITION,CA_INCORRECT_ENTITLEMENT,Corporate action entitlement calculated incorrectly (wrong ratio applied),P1,MANDATORY,template_mt564_ca_notice
doc_0302,BRK01980,TRD103948,WIPRO,2000,612.48,DEUTSCHE-BROKER,2026-08-16,POSITION,CA_MANDATORY_NOT_REFLECTED,"Mandatory corporate action (split/bonus) not yet reflected externally - mechanical, auto-correctable",P1,MANDATORY,template_mt564_ca_notice
doc_0303,BRK01985,TRD103954,HINDUNILVR,2000,2749.01,HDFC-CUST,2026-08-07,POSITION,CA_MANDATORY_NOT_REFLECTED,"Mandatory corporate action (split/bonus) not yet reflected externally - mechanical, auto-correctable",P1,MANDATORY,template_mt564_ca_notice
doc_0304,BRK01989,TRD103961,TATASTEEL,1000,172.62,HDFC-CUST,2026-08-19,POSITION,CA_VOLUNTARY_DECISION,"Voluntary corporate action (tender/conversion) pending an election - requires a human business decision, always escalated",P1,VOLUNTARY,template_mt564_ca_notice
doc_0305,BRK01992,TRD103964,TATASTEEL,1500,173.29,KOTAK-CUST,2026-08-14,POSITION,CA_VOLUNTARY_DECISION,"Voluntary corporate action (tender/conversion) pending an election - requires a human business decision, always escalated",P1,VOLUNTARY,template_mt564_ca_notice
doc_0306,BRK01993,TRD103965,RELIANCE,500,2838.86,NOMURA-BROKER,2026-08-17,POSITION,CA_VOLUNTARY_DECISION,"Voluntary corporate action (tender/conversion) pending an election - requires a human business decision, always escalated",P1,VOLUNTARY,template_mt564_ca_notice
doc_0307,BRK01995,TRD103968,ICICIBANK,100,1235.08,NOMURA-BROKER,2026-08-03,POSITION,CA_INCORRECT_ENTITLEMENT,Corporate action entitlement calculated incorrectly (wrong ratio applied),P1,MANDATORY,template_mt564_ca_notice
doc_0308,BRK01996,TRD103969,LT,1500,3686.19,KOTAK-CUST,2026-08-04,POSITION,CA_MANDATORY_NOT_REFLECTED,"Mandatory corporate action (split/bonus) not yet reflected externally - mechanical, auto-correctable",P1,MANDATORY,template_mt564_ca_notice
doc_0309,BRK01999,TRD103973,AXISBANK,500,1183.93,ICICI-CUST,2026-08-04,POSITION,CA_MANDATORY_NOT_REFLECTED,"Mandatory corporate action (split/bonus) not yet reflected externally - mechanical, auto-correctable",P1,MANDATORY,template_mt564_ca_notice
doc_0310,BRK02000,TRD103980,LT,200,3674.59,KOTAK-CUST,2026-08-20,POSITION,CA_MANDATORY_NOT_REFLECTED,"Mandatory corporate action (split/bonus) not yet reflected externally - mechanical, auto-correctable",P1,MANDATORY,template_mt564_ca_notice
doc_0311,BRK02009,TRD103996,WIPRO,100,609.23,NOMURA-BROKER,2026-08-04,POSITION,CA_INCORRECT_ENTITLEMENT,Corporate action entitlement calculated incorrectly (wrong ratio applied),P1,MANDATORY,template_mt564_ca_notice
doc_0312,BRK02027,TRD104030,MARUTI,500,13012.53,KOTAK-CUST,2026-08-21,POSITION,CA_VOLUNTARY_DECISION,"Voluntary corporate action (tender/conversion) pending an election - requires a human business decision, always escalated",P1,VOLUNTARY,template_mt564_ca_notice
doc_0313,BRK02028,TRD104031,HINDUNILVR,200,2734.94,NOMURA-BROKER,2026-08-09,POSITION,CA_INCORRECT_ENTITLEMENT,Corporate action entitlement calculated incorrectly (wrong ratio applied),P1,MANDATORY,template_mt564_ca_notice
doc_0314,BRK02039,TRD104058,MARUTI,250,12981.2,HDFC-CUST,2026-08-15,POSITION,CA_INCORRECT_ENTITLEMENT,Corporate action entitlement calculated incorrectly (wrong ratio applied),P1,MANDATORY,template_mt564_ca_notice
doc_0315,BRK02048,TRD104075,LT,200,3688.38,DEUTSCHE-BROKER,2026-08-22,POSITION,CA_INCORRECT_ENTITLEMENT,Corporate action entitlement calculated incorrectly (wrong ratio applied),P1,MANDATORY,template_mt564_ca_notice
doc_0316,BRK02060,TRD104097,RELIANCE,750,2851.68,NOMURA-BROKER,2026-08-17,POSITION,CA_MANDATORY_NOT_REFLECTED,"Mandatory corporate action (split/bonus) not yet reflected externally - mechanical, auto-correctable",P1,MANDATORY,template_mt564_ca_notice
doc_0317,BRK02067,TRD104105,TATASTEEL,750,172.59,MORGANSTANLEY-BROKER,2026-08-16,POSITION,CA_INCORRECT_ENTITLEMENT,Corporate action entitlement calculated incorrectly (wrong ratio applied),P1,MANDATORY,template_mt564_ca_notice
doc_0318,BRK02075,TRD104120,ITC,750,471.24,MORGANSTANLEY-BROKER,2026-08-08,POSITION,CA_VOLUNTARY_DECISION,"Voluntary corporate action (tender/conversion) pending an election - requires a human business decision, always escalated",P1,VOLUNTARY,template_mt564_ca_notice
doc_0319,BRK02093,TRD104151,BHARTIARTL,500,1685.36,NOMURA-BROKER,2026-08-11,POSITION,CA_MANDATORY_NOT_REFLECTED,"Mandatory corporate action (split/bonus) not yet reflected externally - mechanical, auto-correctable",P1,MANDATORY,template_mt564_ca_notice
doc_0320,BRK02096,TRD104160,RELIANCE,1000,2844.06,MORGANSTANLEY-BROKER,2026-08-19,POSITION,CA_MANDATORY_NOT_REFLECTED,"Mandatory corporate action (split/bonus) not yet reflected externally - mechanical, auto-correctable",P1,MANDATORY,template_mt564_ca_notice
doc_0321,BRK02106,TRD104177,MARUTI,100,13002.22,KOTAK-CUST,2026-08-08,POSITION,CA_VOLUNTARY_DECISION,"Voluntary corporate action (tender/conversion) pending an election - requires a human business decision, always escalated",P1,VOLUNTARY,template_mt564_ca_notice
doc_0322,BRK02110,TRD104184,LT,1500,3689.25,HDFC-CUST,2026-08-09,POSITION,CA_VOLUNTARY_DECISION,"Voluntary corporate action (tender/conversion) pending an election - requires a human business decision, always escalated",P1,VOLUNTARY,template_mt564_ca_notice
doc_0323,BRK02131,TRD104224,LT,1500,3673.9,ICICI-CUST,2026-08-18,POSITION,CA_VOLUNTARY_DECISION,"Voluntary corporate action (tender/conversion) pending an election - requires a human business decision, always escalated",P1,VOLUNTARY,template_mt564_ca_notice
doc_0324,BRK02148,TRD104258,HDFCBANK,1500,1677.86,DEUTSCHE-BROKER,2026-08-03,POSITION,CA_MANDATORY_NOT_REFLECTED,"Mandatory corporate action (split/bonus) not yet reflected externally - mechanical, auto-correctable",P1,MANDATORY,template_mt564_ca_notice
doc_0325,BRK02156,TRD104284,TCS,1000,4123.87,NOMURA-BROKER,2026-08-22,POSITION,CA_MANDATORY_NOT_REFLECTED,"Mandatory corporate action (split/bonus) not yet reflected externally - mechanical, auto-correctable",P1,MANDATORY,template_mt564_ca_notice
doc_0326,BRK02160,TRD104290,HINDUNILVR,1500,2742.86,ICICI-CUST,2026-08-17,POSITION,CA_VOLUNTARY_DECISION,"Voluntary corporate action (tender/conversion) pending an election - requires a human business decision, always escalated",P1,VOLUNTARY,template_mt564_ca_notice
doc_0327,BRK02167,TRD104310,HDFCBANK,1000,1676.77,ICICI-CUST,2026-08-16,POSITION,CA_VOLUNTARY_DECISION,"Voluntary corporate action (tender/conversion) pending an election - requires a human business decision, always escalated",P1,VOLUNTARY,template_mt564_ca_notice
doc_0328,BRK02182,TRD104341,INFY,1500,1885.33,MORGANSTANLEY-BROKER,2026-08-17,POSITION,CA_INCORRECT_ENTITLEMENT,Corporate action entitlement calculated incorrectly (wrong ratio applied),P1,MANDATORY,template_mt564_ca_notice
doc_0329,BRK02198,TRD104363,HINDUNILVR,750,2753.73,ICICI-CUST,2026-08-20,POSITION,CA_INCORRECT_ENTITLEMENT,Corporate action entitlement calculated incorrectly (wrong ratio applied),P1,MANDATORY,template_mt564_ca_notice
doc_0330,BRK02210,TRD104388,WIPRO,500,612.45,ICICI-CUST,2026-08-19,POSITION,CA_VOLUNTARY_DECISION,"Voluntary corporate action (tender/conversion) pending an election - requires a human business decision, always escalated",P1,VOLUNTARY,template_mt564_ca_notice
doc_0331,BRK02223,TRD104421,SBIN,200,842.64,HDFC-CUST,2026-08-02,POSITION,CA_MANDATORY_NOT_REFLECTED,"Mandatory corporate action (split/bonus) not yet reflected externally - mechanical, auto-correctable",P1,MANDATORY,template_mt564_ca_notice
doc_0332,BRK02229,TRD104440,INFY,1000,1892.21,MORGANSTANLEY-BROKER,2026-08-18,POSITION,CA_VOLUNTARY_DECISION,"Voluntary corporate action (tender/conversion) pending an election - requires a human business decision, always escalated",P1,VOLUNTARY,template_mt564_ca_notice
doc_0333,BRK02233,TRD104447,ICICIBANK,100,1242.55,KOTAK-CUST,2026-08-06,POSITION,CA_MANDATORY_NOT_REFLECTED,"Mandatory corporate action (split/bonus) not yet reflected externally - mechanical, auto-correctable",P1,MANDATORY,template_mt564_ca_notice
doc_0334,BRK02236,TRD104451,AXISBANK,250,1185.24,DEUTSCHE-BROKER,2026-08-09,POSITION,CA_MANDATORY_NOT_REFLECTED,"Mandatory corporate action (split/bonus) not yet reflected externally - mechanical, auto-correctable",P1,MANDATORY,template_mt564_ca_notice
doc_0335,BRK02237,TRD104453,KOTAKBANK,1000,1948.82,ICICI-CUST,2026-08-09,POSITION,CA_INCORRECT_ENTITLEMENT,Corporate action entitlement calculated incorrectly (wrong ratio applied),P1,MANDATORY,template_mt564_ca_notice
doc_0336,BRK02241,TRD104459,HDFCBANK,100,1680.05,DEUTSCHE-BROKER,2026-08-07,POSITION,CA_MANDATORY_NOT_REFLECTED,"Mandatory corporate action (split/bonus) not yet reflected externally - mechanical, auto-correctable",P1,MANDATORY,template_mt564_ca_notice
doc_0337,BRK02244,TRD104464,WIPRO,750,608.37,ICICI-CUST,2026-08-09,POSITION,CA_VOLUNTARY_DECISION,"Voluntary corporate action (tender/conversion) pending an election - requires a human business decision, always escalated",P1,VOLUNTARY,template_mt564_ca_notice
doc_0338,BRK02246,TRD104474,SBIN,200,844.75,HDFC-CUST,2026-08-06,POSITION,CA_MANDATORY_NOT_REFLECTED,"Mandatory corporate action (split/bonus) not yet reflected externally - mechanical, auto-correctable",P1,MANDATORY,template_mt564_ca_notice
doc_0339,BRK02248,TRD104476,LT,2000,3663.74,KOTAK-CUST,2026-08-20,POSITION,CA_INCORRECT_ENTITLEMENT,Corporate action entitlement calculated incorrectly (wrong ratio applied),P1,MANDATORY,template_mt564_ca_notice
doc_0340,BRK02256,TRD104491,WIPRO,500,610.96,MORGANSTANLEY-BROKER,2026-08-17,POSITION,CA_INCORRECT_ENTITLEMENT,Corporate action entitlement calculated incorrectly (wrong ratio applied),P1,MANDATORY,template_mt564_ca_notice
doc_0341,BRK02258,TRD104494,LT,1000,3696.07,ICICI-CUST,2026-08-21,POSITION,CA_MANDATORY_NOT_REFLECTED,"Mandatory corporate action (split/bonus) not yet reflected externally - mechanical, auto-correctable",P1,MANDATORY,template_mt564_ca_notice
doc_0342,BRK02260,TRD104498,INFY,500,1889.51,DEUTSCHE-BROKER,2026-08-13,POSITION,CA_INCORRECT_ENTITLEMENT,Corporate action entitlement calculated incorrectly (wrong ratio applied),P1,MANDATORY,template_mt564_ca_notice
doc_0343,BRK02262,TRD104500,HINDUNILVR,1500,2748.45,MORGANSTANLEY-BROKER,2026-08-18,POSITION,CA_MANDATORY_NOT_REFLECTED,"Mandatory corporate action (split/bonus) not yet reflected externally - mechanical, auto-correctable",P1,MANDATORY,template_mt564_ca_notice
doc_0344,BRK02278,TRD104542,ITC,100,468.01,ICICI-CUST,2026-08-16,POSITION,CA_VOLUNTARY_DECISION,"Voluntary corporate action (tender/conversion) pending an election - requires a human business decision, always escalated",P1,VOLUNTARY,template_mt564_ca_notice
doc_0345,BRK02283,TRD104552,TATASTEEL,1500,172.0,ICICI-CUST,2026-08-03,POSITION,CA_INCORRECT_ENTITLEMENT,Corporate action entitlement calculated incorrectly (wrong ratio applied),P1,MANDATORY,template_mt564_ca_notice
doc_0346,BRK02284,TRD104555,ITC,750,471.01,DEUTSCHE-BROKER,2026-08-14,POSITION,CA_MANDATORY_NOT_REFLECTED,"Mandatory corporate action (split/bonus) not yet reflected externally - mechanical, auto-correctable",P1,MANDATORY,template_mt564_ca_notice
doc_0347,BRK02297,TRD104587,LT,750,3686.26,MORGANSTANLEY-BROKER,2026-08-14,POSITION,CA_VOLUNTARY_DECISION,"Voluntary corporate action (tender/conversion) pending an election - requires a human business decision, always escalated",P1,VOLUNTARY,template_mt564_ca_notice
doc_0348,BRK02298,TRD104588,ITC,250,467.48,ICICI-CUST,2026-08-08,POSITION,CA_MANDATORY_NOT_REFLECTED,"Mandatory corporate action (split/bonus) not yet reflected externally - mechanical, auto-correctable",P1,MANDATORY,template_mt564_ca_notice
doc_0349,BRK02302,TRD104594,INFY,500,1888.66,NOMURA-BROKER,2026-08-05,POSITION,CA_INCORRECT_ENTITLEMENT,Corporate action entitlement calculated incorrectly (wrong ratio applied),P1,MANDATORY,template_mt564_ca_notice
doc_0350,BRK02305,TRD104597,HINDUNILVR,200,2751.45,NOMURA-BROKER,2026-08-09,POSITION,CA_VOLUNTARY_DECISION,"Voluntary corporate action (tender/conversion) pending an election - requires a human business decision, always escalated",P1,VOLUNTARY,template_mt564_ca_notice
doc_0351,BRK02309,TRD104604,LT,2000,3679.37,KOTAK-CUST,2026-08-12,POSITION,CA_INCORRECT_ENTITLEMENT,Corporate action entitlement calculated incorrectly (wrong ratio applied),P1,MANDATORY,template_mt564_ca_notice
doc_0352,BRK02318,TRD104625,SBIN,200,847.16,ICICI-CUST,2026-08-02,POSITION,CA_MANDATORY_NOT_REFLECTED,"Mandatory corporate action (split/bonus) not yet reflected externally - mechanical, auto-correctable",P1,MANDATORY,template_mt564_ca_notice
doc_0353,BRK02324,TRD104639,MARUTI,100,13000.01,MORGANSTANLEY-BROKER,2026-08-15,POSITION,CA_INCORRECT_ENTITLEMENT,Corporate action entitlement calculated incorrectly (wrong ratio applied),P1,MANDATORY,template_mt564_ca_notice
doc_0354,BRK02325,TRD104642,LT,500,3697.97,DEUTSCHE-BROKER,2026-08-22,POSITION,CA_VOLUNTARY_DECISION,"Voluntary corporate action (tender/conversion) pending an election - requires a human business decision, always escalated",P1,VOLUNTARY,template_mt564_ca_notice
doc_0355,BRK02329,TRD104653,HINDUNILVR,2000,2759.04,HDFC-CUST,2026-08-19,POSITION,CA_MANDATORY_NOT_REFLECTED,"Mandatory corporate action (split/bonus) not yet reflected externally - mechanical, auto-correctable",P1,MANDATORY,template_mt564_ca_notice
doc_0356,BRK02334,TRD104661,ITC,200,469.53,NOMURA-BROKER,2026-08-12,POSITION,CA_MANDATORY_NOT_REFLECTED,"Mandatory corporate action (split/bonus) not yet reflected externally - mechanical, auto-correctable",P1,MANDATORY,template_mt564_ca_notice
doc_0357,BRK02336,TRD104667,ICICIBANK,200,1245.14,DEUTSCHE-BROKER,2026-08-03,POSITION,CA_VOLUNTARY_DECISION,"Voluntary corporate action (tender/conversion) pending an election - requires a human business decision, always escalated",P1,VOLUNTARY,template_mt564_ca_notice
doc_0358,BRK02337,TRD104668,WIPRO,1500,608.12,KOTAK-CUST,2026-08-22,POSITION,CA_MANDATORY_NOT_REFLECTED,"Mandatory corporate action (split/bonus) not yet reflected externally - mechanical, auto-correctable",P1,MANDATORY,template_mt564_ca_notice
doc_0359,BRK02344,TRD104680,TCS,250,4138.46,KOTAK-CUST,2026-08-14,POSITION,CA_VOLUNTARY_DECISION,"Voluntary corporate action (tender/conversion) pending an election - requires a human business decision, always escalated",P1,VOLUNTARY,template_mt564_ca_notice
doc_0360,BRK02345,TRD104682,INFY,750,1892.08,HDFC-CUST,2026-08-03,POSITION,CA_INCORRECT_ENTITLEMENT,Corporate action entitlement calculated incorrectly (wrong ratio applied),P1,MANDATORY,template_mt564_ca_notice
doc_0361,BRK02351,TRD104694,RELIANCE,2000,2850.45,MORGANSTANLEY-BROKER,2026-08-19,POSITION,CA_VOLUNTARY_DECISION,"Voluntary corporate action (tender/conversion) pending an election - requires a human business decision, always escalated",P1,VOLUNTARY,template_mt564_ca_notice
doc_0362,BRK02369,TRD104738,MARUTI,1500,12956.8,NOMURA-BROKER,2026-08-16,POSITION,CA_INCORRECT_ENTITLEMENT,Corporate action entitlement calculated incorrectly (wrong ratio applied),P1,MANDATORY,template_mt564_ca_notice
doc_0363,BRK02376,TRD104757,WIPRO,250,613.21,DEUTSCHE-BROKER,2026-08-11,POSITION,CA_MANDATORY_NOT_REFLECTED,"Mandatory corporate action (split/bonus) not yet reflected externally - mechanical, auto-correctable",P1,MANDATORY,template_mt564_ca_notice
doc_0364,BRK02380,TRD104767,SBIN,200,849.73,HDFC-CUST,2026-08-20,POSITION,CA_INCORRECT_ENTITLEMENT,Corporate action entitlement calculated incorrectly (wrong ratio applied),P1,MANDATORY,template_mt564_ca_notice
doc_0365,BRK02382,TRD104770,WIPRO,1000,609.78,KOTAK-CUST,2026-08-04,POSITION,CA_INCORRECT_ENTITLEMENT,Corporate action entitlement calculated incorrectly (wrong ratio applied),P1,MANDATORY,template_mt564_ca_notice
doc_0366,BRK02389,TRD104778,LT,250,3682.27,MORGANSTANLEY-BROKER,2026-08-17,POSITION,CA_INCORRECT_ENTITLEMENT,Corporate action entitlement calculated incorrectly (wrong ratio applied),P1,MANDATORY,template_mt564_ca_notice
doc_0367,BRK02391,TRD104780,BHARTIARTL,500,1687.93,NOMURA-BROKER,2026-08-12,POSITION,CA_VOLUNTARY_DECISION,"Voluntary corporate action (tender/conversion) pending an election - requires a human business decision, always escalated",P1,VOLUNTARY,template_mt564_ca_notice
doc_0368,BRK02409,TRD104818,INFY,200,1889.22,MORGANSTANLEY-BROKER,2026-08-11,POSITION,CA_INCORRECT_ENTITLEMENT,Corporate action entitlement calculated incorrectly (wrong ratio applied),P1,MANDATORY,template_mt564_ca_notice
doc_0369,BRK02415,TRD104835,HDFCBANK,750,1680.55,ICICI-CUST,2026-08-05,POSITION,CA_INCORRECT_ENTITLEMENT,Corporate action entitlement calculated incorrectly (wrong ratio applied),P1,MANDATORY,template_mt564_ca_notice
doc_0370,BRK02416,TRD104836,HINDUNILVR,250,2748.87,MORGANSTANLEY-BROKER,2026-08-08,POSITION,CA_VOLUNTARY_DECISION,"Voluntary corporate action (tender/conversion) pending an election - requires a human business decision, always escalated",P1,VOLUNTARY,template_mt564_ca_notice
doc_0371,BRK02420,TRD104841,KOTAKBANK,500,1949.68,MORGANSTANLEY-BROKER,2026-08-14,POSITION,CA_MANDATORY_NOT_REFLECTED,"Mandatory corporate action (split/bonus) not yet reflected externally - mechanical, auto-correctable",P1,MANDATORY,template_mt564_ca_notice
doc_0372,BRK02423,TRD104845,ICICIBANK,100,1238.58,ICICI-CUST,2026-08-02,POSITION,CA_MANDATORY_NOT_REFLECTED,"Mandatory corporate action (split/bonus) not yet reflected externally - mechanical, auto-correctable",P1,MANDATORY,template_mt564_ca_notice
doc_0373,BRK02425,TRD104848,SBIN,100,848.36,DEUTSCHE-BROKER,2026-08-17,POSITION,CA_VOLUNTARY_DECISION,"Voluntary corporate action (tender/conversion) pending an election - requires a human business decision, always escalated",P1,VOLUNTARY,template_mt564_ca_notice
doc_0374,BRK02434,TRD104863,BHARTIARTL,2000,1691.12,MORGANSTANLEY-BROKER,2026-08-08,POSITION,CA_MANDATORY_NOT_REFLECTED,"Mandatory corporate action (split/bonus) not yet reflected externally - mechanical, auto-correctable",P1,MANDATORY,template_mt564_ca_notice
doc_0375,BRK02437,TRD104869,BHARTIARTL,100,1684.01,MORGANSTANLEY-BROKER,2026-08-13,POSITION,CA_VOLUNTARY_DECISION,"Voluntary corporate action (tender/conversion) pending an election - requires a human business decision, always escalated",P1,VOLUNTARY,template_mt564_ca_notice
doc_0376,BRK02442,TRD104877,TCS,750,4133.4,KOTAK-CUST,2026-08-08,POSITION,CA_VOLUNTARY_DECISION,"Voluntary corporate action (tender/conversion) pending an election - requires a human business decision, always escalated",P1,VOLUNTARY,template_mt564_ca_notice
doc_0377,BRK02447,TRD104883,RELIANCE,500,2843.62,MORGANSTANLEY-BROKER,2026-08-21,POSITION,CA_VOLUNTARY_DECISION,"Voluntary corporate action (tender/conversion) pending an election - requires a human business decision, always escalated",P1,VOLUNTARY,template_mt564_ca_notice
doc_0378,BRK02454,TRD104893,AXISBANK,250,1177.11,DEUTSCHE-BROKER,2026-08-05,POSITION,CA_MANDATORY_NOT_REFLECTED,"Mandatory corporate action (split/bonus) not yet reflected externally - mechanical, auto-correctable",P1,MANDATORY,template_mt564_ca_notice
doc_0379,BRK02461,TRD104910,SBIN,500,842.83,HDFC-CUST,2026-08-05,POSITION,CA_INCORRECT_ENTITLEMENT,Corporate action entitlement calculated incorrectly (wrong ratio applied),P1,MANDATORY,template_mt564_ca_notice
doc_0380,BRK02467,TRD104926,SBIN,250,849.43,DEUTSCHE-BROKER,2026-08-13,POSITION,CA_VOLUNTARY_DECISION,"Voluntary corporate action (tender/conversion) pending an election - requires a human business decision, always escalated",P1,VOLUNTARY,template_mt564_ca_notice
doc_0381,BRK02479,TRD104950,BHARTIARTL,1500,1689.29,MORGANSTANLEY-BROKER,2026-08-22,POSITION,CA_MANDATORY_NOT_REFLECTED,"Mandatory corporate action (split/bonus) not yet reflected externally - mechanical, auto-correctable",P1,MANDATORY,template_mt564_ca_notice
doc_0382,BRK02482,TRD104957,TATASTEEL,750,171.6,MORGANSTANLEY-BROKER,2026-08-19,POSITION,CA_INCORRECT_ENTITLEMENT,Corporate action entitlement calculated incorrectly (wrong ratio applied),P1,MANDATORY,template_mt564_ca_notice
doc_0383,BRK02488,TRD104966,MARUTI,250,12968.75,DEUTSCHE-BROKER,2026-08-11,POSITION,CA_MANDATORY_NOT_REFLECTED,"Mandatory corporate action (split/bonus) not yet reflected externally - mechanical, auto-correctable",P1,MANDATORY,template_mt564_ca_notice
doc_0384,BRK02490,TRD104969,ITC,200,470.86,NOMURA-BROKER,2026-08-11,POSITION,CA_MANDATORY_NOT_REFLECTED,"Mandatory corporate action (split/bonus) not yet reflected externally - mechanical, auto-correctable",P1,MANDATORY,template_mt564_ca_notice
doc_0385,BRK02504,TRD105001,ITC,1000,469.0,DEUTSCHE-BROKER,2026-08-13,POSITION,CA_MANDATORY_NOT_REFLECTED,"Mandatory corporate action (split/bonus) not yet reflected externally - mechanical, auto-correctable",P1,MANDATORY,template_mt564_ca_notice
doc_0386,BRK02547,TRD105092,HDFCBANK,100,1682.9,MORGANSTANLEY-BROKER,2026-08-22,POSITION,CA_INCORRECT_ENTITLEMENT,Corporate action entitlement calculated incorrectly (wrong ratio applied),P1,MANDATORY,template_mt564_ca_notice
doc_0387,BRK02555,TRD105107,KOTAKBANK,250,1960.2,ICICI-CUST,2026-08-15,POSITION,CA_INCORRECT_ENTITLEMENT,Corporate action entitlement calculated incorrectly (wrong ratio applied),P1,MANDATORY,template_mt564_ca_notice
doc_0388,BRK02569,TRD105137,MARUTI,2000,12958.47,ICICI-CUST,2026-08-17,POSITION,CA_MANDATORY_NOT_REFLECTED,"Mandatory corporate action (split/bonus) not yet reflected externally - mechanical, auto-correctable",P1,MANDATORY,template_mt564_ca_notice
doc_0389,BRK02570,TRD105138,KOTAKBANK,200,1964.33,HDFC-CUST,2026-08-21,POSITION,CA_INCORRECT_ENTITLEMENT,Corporate action entitlement calculated incorrectly (wrong ratio applied),P1,MANDATORY,template_mt564_ca_notice
doc_0390,BRK02571,TRD105140,ITC,2000,467.74,NOMURA-BROKER,2026-08-21,POSITION,CA_VOLUNTARY_DECISION,"Voluntary corporate action (tender/conversion) pending an election - requires a human business decision, always escalated",P1,VOLUNTARY,template_mt564_ca_notice
doc_0391,BRK02582,TRD105169,MARUTI,1000,12962.49,NOMURA-BROKER,2026-08-16,POSITION,CA_MANDATORY_NOT_REFLECTED,"Mandatory corporate action (split/bonus) not yet reflected externally - mechanical, auto-correctable",P1,MANDATORY,template_mt564_ca_notice
doc_0392,BRK02584,TRD105174,ICICIBANK,1500,1243.43,HDFC-CUST,2026-08-03,POSITION,CA_INCORRECT_ENTITLEMENT,Corporate action entitlement calculated incorrectly (wrong ratio applied),P1,MANDATORY,template_mt564_ca_notice
doc_0393,BRK02587,TRD105178,TATASTEEL,2000,172.06,HDFC-CUST,2026-08-20,POSITION,CA_INCORRECT_ENTITLEMENT,Corporate action entitlement calculated incorrectly (wrong ratio applied),P1,MANDATORY,template_mt564_ca_notice
doc_0394,BRK02593,TRD105190,SBIN,1000,846.64,KOTAK-CUST,2026-08-12,POSITION,CA_MANDATORY_NOT_REFLECTED,"Mandatory corporate action (split/bonus) not yet reflected externally - mechanical, auto-correctable",P1,MANDATORY,template_mt564_ca_notice
doc_0395,BRK02594,TRD105191,TCS,1500,4141.03,HDFC-CUST,2026-08-08,POSITION,CA_MANDATORY_NOT_REFLECTED,"Mandatory corporate action (split/bonus) not yet reflected externally - mechanical, auto-correctable",P1,MANDATORY,template_mt564_ca_notice
doc_0396,BRK02619,TRD105233,HINDUNILVR,750,2735.41,MORGANSTANLEY-BROKER,2026-08-08,POSITION,CA_MANDATORY_NOT_REFLECTED,"Mandatory corporate action (split/bonus) not yet reflected externally - mechanical, auto-correctable",P1,MANDATORY,template_mt564_ca_notice
doc_0397,BRK02621,TRD105235,RELIANCE,100,2846.61,MORGANSTANLEY-BROKER,2026-08-06,POSITION,CA_INCORRECT_ENTITLEMENT,Corporate action entitlement calculated incorrectly (wrong ratio applied),P1,MANDATORY,template_mt564_ca_notice
doc_0398,BRK02643,TRD105274,TATASTEEL,1000,173.02,MORGANSTANLEY-BROKER,2026-08-12,POSITION,CA_MANDATORY_NOT_REFLECTED,"Mandatory corporate action (split/bonus) not yet reflected externally - mechanical, auto-correctable",P1,MANDATORY,template_mt564_ca_notice
doc_0399,BRK02651,TRD105290,RELIANCE,100,2850.39,DEUTSCHE-BROKER,2026-08-05,POSITION,CA_INCORRECT_ENTITLEMENT,Corporate action entitlement calculated incorrectly (wrong ratio applied),P1,MANDATORY,template_mt564_ca_notice
doc_0400,BRK02655,TRD105296,WIPRO,1500,612.74,NOMURA-BROKER,2026-08-15,POSITION,CA_INCORRECT_ENTITLEMENT,Corporate action entitlement calculated incorrectly (wrong ratio applied),P1,MANDATORY,template_mt564_ca_notice
doc_0401,BRK02657,TRD105299,HINDUNILVR,2000,2747.16,KOTAK-CUST,2026-08-03,POSITION,CA_MANDATORY_NOT_REFLECTED,"Mandatory corporate action (split/bonus) not yet reflected externally - mechanical, auto-correctable",P1,MANDATORY,template_mt564_ca_notice
doc_0402,BRK02691,TRD105373,TATASTEEL,1000,172.59,ICICI-CUST,2026-08-12,POSITION,CA_VOLUNTARY_DECISION,"Voluntary corporate action (tender/conversion) pending an election - requires a human business decision, always escalated",P1,VOLUNTARY,template_mt564_ca_notice
doc_0403,BRK02699,TRD105391,LT,750,3697.54,DEUTSCHE-BROKER,2026-08-04,POSITION,CA_INCORRECT_ENTITLEMENT,Corporate action entitlement calculated incorrectly (wrong ratio applied),P1,MANDATORY,template_mt564_ca_notice
doc_0404,BRK02703,TRD105399,AXISBANK,1000,1179.34,HDFC-CUST,2026-08-16,POSITION,CA_MANDATORY_NOT_REFLECTED,"Mandatory corporate action (split/bonus) not yet reflected externally - mechanical, auto-correctable",P1,MANDATORY,template_mt564_ca_notice
doc_0405,BRK02708,TRD105414,LT,750,3668.59,KOTAK-CUST,2026-08-13,POSITION,CA_INCORRECT_ENTITLEMENT,Corporate action entitlement calculated incorrectly (wrong ratio applied),P1,MANDATORY,template_mt564_ca_notice
doc_0406,BRK02719,TRD105451,HINDUNILVR,500,2741.78,HDFC-CUST,2026-08-11,POSITION,CA_INCORRECT_ENTITLEMENT,Corporate action entitlement calculated incorrectly (wrong ratio applied),P1,MANDATORY,template_mt564_ca_notice
doc_0407,BRK02735,TRD105482,HINDUNILVR,250,2733.73,NOMURA-BROKER,2026-08-08,POSITION,CA_VOLUNTARY_DECISION,"Voluntary corporate action (tender/conversion) pending an election - requires a human business decision, always escalated",P1,VOLUNTARY,template_mt564_ca_notice
doc_0408,BRK02741,TRD105490,AXISBANK,100,1179.92,ICICI-CUST,2026-08-07,POSITION,CA_MANDATORY_NOT_REFLECTED,"Mandatory corporate action (split/bonus) not yet reflected externally - mechanical, auto-correctable",P1,MANDATORY,template_mt564_ca_notice
doc_0409,BRK02751,TRD105517,HDFCBANK,1000,1679.83,HDFC-CUST,2026-08-05,POSITION,CA_VOLUNTARY_DECISION,"Voluntary corporate action (tender/conversion) pending an election - requires a human business decision, always escalated",P1,VOLUNTARY,template_mt564_ca_notice
doc_0410,BRK02760,TRD105535,BHARTIARTL,500,1693.93,HDFC-CUST,2026-08-20,POSITION,CA_VOLUNTARY_DECISION,"Voluntary corporate action (tender/conversion) pending an election - requires a human business decision, always escalated",P1,VOLUNTARY,template_mt564_ca_notice
doc_0411,BRK02769,TRD105556,TCS,1000,4103.23,DEUTSCHE-BROKER,2026-08-08,POSITION,CA_MANDATORY_NOT_REFLECTED,"Mandatory corporate action (split/bonus) not yet reflected externally - mechanical, auto-correctable",P1,MANDATORY,template_mt564_ca_notice
doc_0412,BRK02770,TRD105557,SBIN,2000,847.35,HDFC-CUST,2026-08-18,POSITION,CA_MANDATORY_NOT_REFLECTED,"Mandatory corporate action (split/bonus) not yet reflected externally - mechanical, auto-correctable",P1,MANDATORY,template_mt564_ca_notice
doc_0413,BRK02772,TRD105562,KOTAKBANK,1500,1963.6,MORGANSTANLEY-BROKER,2026-08-05,POSITION,CA_INCORRECT_ENTITLEMENT,Corporate action entitlement calculated incorrectly (wrong ratio applied),P1,MANDATORY,template_mt564_ca_notice
doc_0414,BRK02782,TRD105585,INFY,1500,1888.53,KOTAK-CUST,2026-08-05,POSITION,CA_INCORRECT_ENTITLEMENT,Corporate action entitlement calculated incorrectly (wrong ratio applied),P1,MANDATORY,template_mt564_ca_notice
doc_0415,BRK02783,TRD105586,HINDUNILVR,250,2748.54,DEUTSCHE-BROKER,2026-08-07,POSITION,CA_MANDATORY_NOT_REFLECTED,"Mandatory corporate action (split/bonus) not yet reflected externally - mechanical, auto-correctable",P1,MANDATORY,template_mt564_ca_notice
doc_0416,BRK02789,TRD105594,RELIANCE,1500,2860.66,MORGANSTANLEY-BROKER,2026-08-12,POSITION,CA_VOLUNTARY_DECISION,"Voluntary corporate action (tender/conversion) pending an election - requires a human business decision, always escalated",P1,VOLUNTARY,template_mt564_ca_notice
doc_0417,BRK02819,TRD105648,TATASTEEL,500,171.76,DEUTSCHE-BROKER,2026-08-16,POSITION,CA_VOLUNTARY_DECISION,"Voluntary corporate action (tender/conversion) pending an election - requires a human business decision, always escalated",P1,VOLUNTARY,template_mt564_ca_notice
doc_0418,BRK02820,TRD105650,ITC,1500,470.63,HDFC-CUST,2026-08-08,POSITION,CA_MANDATORY_NOT_REFLECTED,"Mandatory corporate action (split/bonus) not yet reflected externally - mechanical, auto-correctable",P1,MANDATORY,template_mt564_ca_notice
doc_0419,BRK02823,TRD105655,RELIANCE,500,2854.97,ICICI-CUST,2026-08-18,POSITION,CA_VOLUNTARY_DECISION,"Voluntary corporate action (tender/conversion) pending an election - requires a human business decision, always escalated",P1,VOLUNTARY,template_mt564_ca_notice
doc_0420,BRK02830,TRD105664,INFY,1000,1882.66,MORGANSTANLEY-BROKER,2026-08-08,POSITION,CA_INCORRECT_ENTITLEMENT,Corporate action entitlement calculated incorrectly (wrong ratio applied),P1,MANDATORY,template_mt564_ca_notice
doc_0421,BRK02831,TRD105665,HINDUNILVR,250,2743.74,ICICI-CUST,2026-08-09,POSITION,CA_INCORRECT_ENTITLEMENT,Corporate action entitlement calculated incorrectly (wrong ratio applied),P1,MANDATORY,template_mt564_ca_notice
doc_0422,BRK02833,TRD105667,KOTAKBANK,100,1952.98,ICICI-CUST,2026-08-08,POSITION,CA_VOLUNTARY_DECISION,"Voluntary corporate action (tender/conversion) pending an election - requires a human business decision, always escalated",P1,VOLUNTARY,template_mt564_ca_notice
doc_0423,BRK02839,TRD105677,RELIANCE,1500,2861.77,MORGANSTANLEY-BROKER,2026-08-14,POSITION,CA_MANDATORY_NOT_REFLECTED,"Mandatory corporate action (split/bonus) not yet reflected externally - mechanical, auto-correctable",P1,MANDATORY,template_mt564_ca_notice
doc_0424,BRK02840,TRD105678,TATASTEEL,100,172.22,KOTAK-CUST,2026-08-07,POSITION,CA_VOLUNTARY_DECISION,"Voluntary corporate action (tender/conversion) pending an election - requires a human business decision, always escalated",P1,VOLUNTARY,template_mt564_ca_notice
doc_0425,BRK02844,TRD105684,TATASTEEL,200,171.76,KOTAK-CUST,2026-08-10,POSITION,CA_MANDATORY_NOT_REFLECTED,"Mandatory corporate action (split/bonus) not yet reflected externally - mechanical, auto-correctable",P1,MANDATORY,template_mt564_ca_notice
doc_0426,BRK02845,TRD105685,HINDUNILVR,1500,2744.63,ICICI-CUST,2026-08-15,POSITION,CA_VOLUNTARY_DECISION,"Voluntary corporate action (tender/conversion) pending an election - requires a human business decision, always escalated",P1,VOLUNTARY,template_mt564_ca_notice
doc_0427,BRK02847,TRD105688,MARUTI,2000,13013.54,HDFC-CUST,2026-08-03,POSITION,CA_VOLUNTARY_DECISION,"Voluntary corporate action (tender/conversion) pending an election - requires a human business decision, always escalated",P1,VOLUNTARY,template_mt564_ca_notice
doc_0428,BRK02857,TRD105704,TATASTEEL,500,171.92,ICICI-CUST,2026-08-16,POSITION,CA_INCORRECT_ENTITLEMENT,Corporate action entitlement calculated incorrectly (wrong ratio applied),P1,MANDATORY,template_mt564_ca_notice
doc_0429,BRK02864,TRD105723,RELIANCE,1500,2838.46,DEUTSCHE-BROKER,2026-08-10,POSITION,CA_INCORRECT_ENTITLEMENT,Corporate action entitlement calculated incorrectly (wrong ratio applied),P1,MANDATORY,template_mt564_ca_notice
doc_0430,BRK02868,TRD105737,SBIN,500,846.49,ICICI-CUST,2026-08-19,POSITION,CA_VOLUNTARY_DECISION,"Voluntary corporate action (tender/conversion) pending an election - requires a human business decision, always escalated",P1,VOLUNTARY,template_mt564_ca_notice
doc_0431,BRK02871,TRD105741,SBIN,750,847.09,ICICI-CUST,2026-08-14,POSITION,CA_VOLUNTARY_DECISION,"Voluntary corporate action (tender/conversion) pending an election - requires a human business decision, always escalated",P1,VOLUNTARY,template_mt564_ca_notice
doc_0432,BRK02875,TRD105749,ITC,750,469.18,NOMURA-BROKER,2026-08-13,POSITION,CA_MANDATORY_NOT_REFLECTED,"Mandatory corporate action (split/bonus) not yet reflected externally - mechanical, auto-correctable",P1,MANDATORY,template_mt564_ca_notice
doc_0433,BRK02879,TRD105758,KOTAKBANK,2000,1953.26,KOTAK-CUST,2026-08-09,POSITION,CA_INCORRECT_ENTITLEMENT,Corporate action entitlement calculated incorrectly (wrong ratio applied),P1,MANDATORY,template_mt564_ca_notice
doc_0434,BRK02884,TRD105773,TCS,100,4105.9,HDFC-CUST,2026-08-21,POSITION,CA_MANDATORY_NOT_REFLECTED,"Mandatory corporate action (split/bonus) not yet reflected externally - mechanical, auto-correctable",P1,MANDATORY,template_mt564_ca_notice
doc_0435,BRK02888,TRD105781,RELIANCE,250,2852.87,DEUTSCHE-BROKER,2026-08-03,POSITION,CA_MANDATORY_NOT_REFLECTED,"Mandatory corporate action (split/bonus) not yet reflected externally - mechanical, auto-correctable",P1,MANDATORY,template_mt564_ca_notice
doc_0436,BRK02906,TRD105816,BHARTIARTL,500,1687.84,HDFC-CUST,2026-08-17,POSITION,CA_MANDATORY_NOT_REFLECTED,"Mandatory corporate action (split/bonus) not yet reflected externally - mechanical, auto-correctable",P1,MANDATORY,template_mt564_ca_notice
doc_0437,BRK02913,TRD105825,HINDUNILVR,500,2749.38,DEUTSCHE-BROKER,2026-08-15,POSITION,CA_VOLUNTARY_DECISION,"Voluntary corporate action (tender/conversion) pending an election - requires a human business decision, always escalated",P1,VOLUNTARY,template_mt564_ca_notice
doc_0438,BRK02917,TRD105834,SBIN,250,843.77,KOTAK-CUST,2026-08-21,POSITION,CA_INCORRECT_ENTITLEMENT,Corporate action entitlement calculated incorrectly (wrong ratio applied),P1,MANDATORY,template_mt564_ca_notice
doc_0439,BRK02920,TRD105839,MARUTI,1000,13000.32,NOMURA-BROKER,2026-08-20,POSITION,CA_MANDATORY_NOT_REFLECTED,"Mandatory corporate action (split/bonus) not yet reflected externally - mechanical, auto-correctable",P1,MANDATORY,template_mt564_ca_notice
doc_0440,BRK02936,TRD105867,ITC,200,469.01,ICICI-CUST,2026-08-06,POSITION,CA_INCORRECT_ENTITLEMENT,Corporate action entitlement calculated incorrectly (wrong ratio applied),P1,MANDATORY,template_mt564_ca_notice
doc_0441,BRK02942,TRD105889,TCS,750,4113.18,KOTAK-CUST,2026-08-16,POSITION,CA_INCORRECT_ENTITLEMENT,Corporate action entitlement calculated incorrectly (wrong ratio applied),P1,MANDATORY,template_mt564_ca_notice
doc_0442,BRK02943,TRD105891,INFY,1500,1893.22,MORGANSTANLEY-BROKER,2026-08-21,POSITION,CA_INCORRECT_ENTITLEMENT,Corporate action entitlement calculated incorrectly (wrong ratio applied),P1,MANDATORY,template_mt564_ca_notice
doc_0443,BRK02965,TRD105928,KOTAKBANK,100,1955.92,DEUTSCHE-BROKER,2026-08-18,POSITION,CA_MANDATORY_NOT_REFLECTED,"Mandatory corporate action (split/bonus) not yet reflected externally - mechanical, auto-correctable",P1,MANDATORY,template_mt564_ca_notice
doc_0444,BRK02983,TRD105963,RELIANCE,200,2851.73,DEUTSCHE-BROKER,2026-08-08,POSITION,CA_INCORRECT_ENTITLEMENT,Corporate action entitlement calculated incorrectly (wrong ratio applied),P1,MANDATORY,template_mt564_ca_notice
doc_0445,BRK02984,TRD105965,ICICIBANK,500,1241.8,ICICI-CUST,2026-08-13,POSITION,CA_MANDATORY_NOT_REFLECTED,"Mandatory corporate action (split/bonus) not yet reflected externally - mechanical, auto-correctable",P1,MANDATORY,template_mt564_ca_notice
doc_0446,BRK02987,TRD105971,RELIANCE,500,2863.51,HDFC-CUST,2026-08-13,POSITION,CA_VOLUNTARY_DECISION,"Voluntary corporate action (tender/conversion) pending an election - requires a human business decision, always escalated",P1,VOLUNTARY,template_mt564_ca_notice
doc_0447,BRK02989,TRD105973,INFY,2000,1897.48,NOMURA-BROKER,2026-08-11,POSITION,CA_VOLUNTARY_DECISION,"Voluntary corporate action (tender/conversion) pending an election - requires a human business decision, always escalated",P1,VOLUNTARY,template_mt564_ca_notice
doc_0448,BRK02992,TRD105980,LT,100,3672.54,NOMURA-BROKER,2026-08-05,POSITION,CA_MANDATORY_NOT_REFLECTED,"Mandatory corporate action (split/bonus) not yet reflected externally - mechanical, auto-correctable",P1,MANDATORY,template_mt564_ca_notice
doc_0449,BRK02998,TRD105990,ITC,500,466.84,HDFC-CUST,2026-08-10,POSITION,CA_INCORRECT_ENTITLEMENT,Corporate action entitlement calculated incorrectly (wrong ratio applied),P1,MANDATORY,template_mt564_ca_notice
doc_0450,BRK03000,TRD105994,WIPRO,750,607.52,KOTAK-CUST,2026-08-16,POSITION,CA_INCORRECT_ENTITLEMENT,Corporate action entitlement calculated incorrectly (wrong ratio applied),P1,MANDATORY,template_mt564_ca_notice
doc_0451,BRK00003,TRD100003,WIPRO,1500,608.64,KOTAK-CUST,2026-08-20,SETTLEMENT,SETL_LATE_COUNTERPARTY,Counterparty has not settled by the expected date,P1,,template_mt54x_settlement
doc_0452,BRK00006,TRD100009,INFY,1000,1887.56,NOMURA-BROKER,2026-08-10,SETTLEMENT,SETL_LATE_COUNTERPARTY,Counterparty has not settled by the expected date,P1,,template_mt54x_settlement
doc_0453,BRK00013,TRD100024,KOTAKBANK,2000,1964.44,KOTAK-CUST,2026-08-07,SETTLEMENT,SETL_WRONG_SSI,Settlement instruction references the wrong SSI/beneficiary account - the payment-failure flagship scenario,P0,,template_mt54x_settlement
doc_0454,BRK00015,TRD100029,KOTAKBANK,2000,1950.11,NOMURA-BROKER,2026-08-06,SETTLEMENT,SETL_INCORRECT_DATE,Settlement recorded against the wrong date (holiday-calendar-style off-by-one),P2,,template_mt54x_settlement
doc_0455,BRK00018,TRD100034,MARUTI,200,12972.62,ICICI-CUST,2026-08-19,SETTLEMENT,SETL_WRONG_SSI,Settlement instruction references the wrong SSI/beneficiary account - the payment-failure flagship scenario,P0,,template_mt54x_settlement
doc_0456,BRK00022,TRD100041,BHARTIARTL,200,1697.86,HDFC-CUST,2026-08-20,SETTLEMENT,SETL_WRONG_SSI,Settlement instruction references the wrong SSI/beneficiary account - the payment-failure flagship scenario,P0,,template_mt54x_settlement
doc_0457,BRK00026,TRD100050,TATASTEEL,100,171.75,KOTAK-CUST,2026-08-15,SETTLEMENT,SETL_MISSING_INSTRUCTION,No settlement instruction was ever issued,P0,,template_mt54x_settlement
doc_0458,BRK00027,TRD100054,TATASTEEL,1000,171.95,NOMURA-BROKER,2026-08-09,SETTLEMENT,SETL_WRONG_SSI,Settlement instruction references the wrong SSI/beneficiary account - the payment-failure flagship scenario,P0,,template_mt54x_settlement
doc_0459,BRK00040,TRD100075,AXISBANK,1500,1184.15,DEUTSCHE-BROKER,2026-08-19,SETTLEMENT,SETL_INCORRECT_DATE,Settlement recorded against the wrong date (holiday-calendar-style off-by-one),P2,,template_mt54x_settlement
doc_0460,BRK00054,TRD100109,MARUTI,100,12989.61,DEUTSCHE-BROKER,2026-08-17,SETTLEMENT,SETL_MISSING_INSTRUCTION,No settlement instruction was ever issued,P0,,template_mt54x_settlement
doc_0461,BRK00058,TRD100115,KOTAKBANK,200,1948.99,MORGANSTANLEY-BROKER,2026-08-07,SETTLEMENT,SETL_WRONG_SSI,Settlement instruction references the wrong SSI/beneficiary account - the payment-failure flagship scenario,P0,,template_mt54x_settlement
doc_0462,BRK00059,TRD100116,RELIANCE,1500,2849.09,DEUTSCHE-BROKER,2026-08-21,SETTLEMENT,SETL_WRONG_SSI,Settlement instruction references the wrong SSI/beneficiary account - the payment-failure flagship scenario,P0,,template_mt54x_settlement
doc_0463,BRK00060,TRD100118,HINDUNILVR,500,2743.54,HDFC-CUST,2026-08-19,SETTLEMENT,SETL_LATE_COUNTERPARTY,Counterparty has not settled by the expected date,P1,,template_mt54x_settlement
doc_0464,BRK00061,TRD100121,TCS,100,4136.8,MORGANSTANLEY-BROKER,2026-08-12,SETTLEMENT,SETL_LATE_COUNTERPARTY,Counterparty has not settled by the expected date,P1,,template_mt54x_settlement
doc_0465,BRK00062,TRD100124,INFY,1500,1892.85,ICICI-CUST,2026-08-17,SETTLEMENT,SETL_MISSING_INSTRUCTION,No settlement instruction was ever issued,P0,,template_mt54x_settlement
doc_0466,BRK00064,TRD100126,WIPRO,2000,609.06,MORGANSTANLEY-BROKER,2026-08-14,SETTLEMENT,SETL_LATE_COUNTERPARTY,Counterparty has not settled by the expected date,P1,,template_mt54x_settlement
doc_0467,BRK00066,TRD100129,HINDUNILVR,100,2737.46,HDFC-CUST,2026-08-19,SETTLEMENT,SETL_LATE_COUNTERPARTY,Counterparty has not settled by the expected date,P1,,template_mt54x_settlement
doc_0468,BRK00071,TRD100135,MARUTI,100,12951.81,MORGANSTANLEY-BROKER,2026-08-11,SETTLEMENT,SETL_MISSING_INSTRUCTION,No settlement instruction was ever issued,P0,,template_mt54x_settlement
doc_0469,BRK00076,TRD100144,WIPRO,200,609.95,NOMURA-BROKER,2026-08-05,SETTLEMENT,SETL_INCORRECT_DATE,Settlement recorded against the wrong date (holiday-calendar-style off-by-one),P2,,template_mt54x_settlement
doc_0470,BRK00079,TRD100148,TATASTEEL,250,171.99,KOTAK-CUST,2026-08-22,SETTLEMENT,SETL_INCORRECT_DATE,Settlement recorded against the wrong date (holiday-calendar-style off-by-one),P2,,template_mt54x_settlement
doc_0471,BRK00080,TRD100150,ITC,1000,471.19,NOMURA-BROKER,2026-08-11,SETTLEMENT,SETL_MISSING_INSTRUCTION,No settlement instruction was ever issued,P0,,template_mt54x_settlement
doc_0472,BRK00082,TRD100155,ICICIBANK,2000,1235.01,NOMURA-BROKER,2026-08-13,SETTLEMENT,SETL_INCORRECT_DATE,Settlement recorded against the wrong date (holiday-calendar-style off-by-one),P2,,template_mt54x_settlement
doc_0473,BRK00089,TRD100171,MARUTI,500,12991.21,KOTAK-CUST,2026-08-09,SETTLEMENT,SETL_LATE_COUNTERPARTY,Counterparty has not settled by the expected date,P1,,template_mt54x_settlement
doc_0474,BRK00091,TRD100175,ITC,2000,470.2,MORGANSTANLEY-BROKER,2026-08-18,SETTLEMENT,SETL_LATE_COUNTERPARTY,Counterparty has not settled by the expected date,P1,,template_mt54x_settlement
doc_0475,BRK00093,TRD100179,INFY,750,1892.65,MORGANSTANLEY-BROKER,2026-08-20,SETTLEMENT,SETL_LATE_COUNTERPARTY,Counterparty has not settled by the expected date,P1,,template_mt54x_settlement
doc_0476,BRK00096,TRD100186,AXISBANK,750,1178.5,MORGANSTANLEY-BROKER,2026-08-20,SETTLEMENT,SETL_WRONG_SSI,Settlement instruction references the wrong SSI/beneficiary account - the payment-failure flagship scenario,P0,,template_mt54x_settlement
doc_0477,BRK00100,TRD100192,ICICIBANK,1000,1244.23,MORGANSTANLEY-BROKER,2026-08-20,SETTLEMENT,SETL_INCORRECT_DATE,Settlement recorded against the wrong date (holiday-calendar-style off-by-one),P2,,template_mt54x_settlement
doc_0478,BRK00101,TRD100196,RELIANCE,500,2847.51,ICICI-CUST,2026-08-21,SETTLEMENT,SETL_INCORRECT_DATE,Settlement recorded against the wrong date (holiday-calendar-style off-by-one),P2,,template_mt54x_settlement
doc_0479,BRK00103,TRD100203,BHARTIARTL,750,1694.56,KOTAK-CUST,2026-08-09,SETTLEMENT,SETL_WRONG_SSI,Settlement instruction references the wrong SSI/beneficiary account - the payment-failure flagship scenario,P0,,template_mt54x_settlement
doc_0480,BRK00106,TRD100209,ITC,2000,466.73,KOTAK-CUST,2026-08-13,SETTLEMENT,SETL_INCORRECT_DATE,Settlement recorded against the wrong date (holiday-calendar-style off-by-one),P2,,template_mt54x_settlement
doc_0481,BRK00112,TRD100220,HDFCBANK,250,1669.42,ICICI-CUST,2026-08-11,SETTLEMENT,SETL_WRONG_SSI,Settlement instruction references the wrong SSI/beneficiary account - the payment-failure flagship scenario,P0,,template_mt54x_settlement
doc_0482,BRK00114,TRD100223,AXISBANK,750,1183.23,HDFC-CUST,2026-08-16,SETTLEMENT,SETL_LATE_COUNTERPARTY,Counterparty has not settled by the expected date,P1,,template_mt54x_settlement
doc_0483,BRK00120,TRD100238,KOTAKBANK,200,1956.16,ICICI-CUST,2026-08-13,SETTLEMENT,SETL_MISSING_INSTRUCTION,No settlement instruction was ever issued,P0,,template_mt54x_settlement
doc_0484,BRK00137,TRD100273,ITC,2000,467.51,HDFC-CUST,2026-08-21,SETTLEMENT,SETL_INCORRECT_DATE,Settlement recorded against the wrong date (holiday-calendar-style off-by-one),P2,,template_mt54x_settlement
doc_0485,BRK00140,TRD100280,RELIANCE,750,2850.35,NOMURA-BROKER,2026-08-22,SETTLEMENT,SETL_WRONG_SSI,Settlement instruction references the wrong SSI/beneficiary account - the payment-failure flagship scenario,P0,,template_mt54x_settlement
doc_0486,BRK00141,TRD100283,LT,750,3664.46,DEUTSCHE-BROKER,2026-08-18,SETTLEMENT,SETL_LATE_COUNTERPARTY,Counterparty has not settled by the expected date,P1,,template_mt54x_settlement
doc_0487,BRK00148,TRD100296,ICICIBANK,750,1243.34,KOTAK-CUST,2026-08-17,SETTLEMENT,SETL_MISSING_INSTRUCTION,No settlement instruction was ever issued,P0,,template_mt54x_settlement
doc_0488,BRK00158,TRD100315,BHARTIARTL,750,1693.62,KOTAK-CUST,2026-08-22,SETTLEMENT,SETL_LATE_COUNTERPARTY,Counterparty has not settled by the expected date,P1,,template_mt54x_settlement
doc_0489,BRK00161,TRD100320,WIPRO,2000,607.85,DEUTSCHE-BROKER,2026-08-18,SETTLEMENT,SETL_LATE_COUNTERPARTY,Counterparty has not settled by the expected date,P1,,template_mt54x_settlement
doc_0490,BRK00166,TRD100333,ICICIBANK,250,1246.83,HDFC-CUST,2026-08-18,SETTLEMENT,SETL_INCORRECT_DATE,Settlement recorded against the wrong date (holiday-calendar-style off-by-one),P2,,template_mt54x_settlement
doc_0491,BRK00169,TRD100341,HINDUNILVR,500,2745.03,KOTAK-CUST,2026-08-12,SETTLEMENT,SETL_MISSING_INSTRUCTION,No settlement instruction was ever issued,P0,,template_mt54x_settlement
doc_0492,BRK00170,TRD100342,TATASTEEL,500,173.25,NOMURA-BROKER,2026-08-05,SETTLEMENT,SETL_INCORRECT_DATE,Settlement recorded against the wrong date (holiday-calendar-style off-by-one),P2,,template_mt54x_settlement
doc_0493,BRK00172,TRD100345,LT,2000,3678.9,KOTAK-CUST,2026-08-17,SETTLEMENT,SETL_LATE_COUNTERPARTY,Counterparty has not settled by the expected date,P1,,template_mt54x_settlement
doc_0494,BRK00173,TRD100349,HINDUNILVR,2000,2758.41,NOMURA-BROKER,2026-08-22,SETTLEMENT,SETL_INCORRECT_DATE,Settlement recorded against the wrong date (holiday-calendar-style off-by-one),P2,,template_mt54x_settlement
doc_0495,BRK00185,TRD100371,RELIANCE,750,2848.92,ICICI-CUST,2026-08-10,SETTLEMENT,SETL_LATE_COUNTERPARTY,Counterparty has not settled by the expected date,P1,,template_mt54x_settlement
doc_0496,BRK00191,TRD100382,MARUTI,1500,12962.48,HDFC-CUST,2026-08-20,SETTLEMENT,SETL_LATE_COUNTERPARTY,Counterparty has not settled by the expected date,P1,,template_mt54x_settlement
doc_0497,BRK00208,TRD100411,LT,500,3698.17,NOMURA-BROKER,2026-08-05,SETTLEMENT,SETL_MISSING_INSTRUCTION,No settlement instruction was ever issued,P0,,template_mt54x_settlement
doc_0498,BRK00213,TRD100423,HINDUNILVR,1000,2756.42,ICICI-CUST,2026-08-03,SETTLEMENT,SETL_MISSING_INSTRUCTION,No settlement instruction was ever issued,P0,,template_mt54x_settlement
doc_0499,BRK00218,TRD100430,MARUTI,200,13043.36,NOMURA-BROKER,2026-08-15,SETTLEMENT,SETL_MISSING_INSTRUCTION,No settlement instruction was ever issued,P0,,template_mt54x_settlement
doc_0500,BRK00219,TRD100431,TCS,500,4115.93,ICICI-CUST,2026-08-05,SETTLEMENT,SETL_WRONG_SSI,Settlement instruction references the wrong SSI/beneficiary account - the payment-failure flagship scenario,P0,,template_mt54x_settlement
doc_0501,BRK00225,TRD100447,KOTAKBANK,250,1948.26,NOMURA-BROKER,2026-08-06,SETTLEMENT,SETL_WRONG_SSI,Settlement instruction references the wrong SSI/beneficiary account - the payment-failure flagship scenario,P0,,template_mt54x_settlement
doc_0502,BRK00227,TRD100450,ICICIBANK,200,1237.86,NOMURA-BROKER,2026-08-20,SETTLEMENT,SETL_WRONG_SSI,Settlement instruction references the wrong SSI/beneficiary account - the payment-failure flagship scenario,P0,,template_mt54x_settlement
doc_0503,BRK00228,TRD100451,ITC,1000,466.82,HDFC-CUST,2026-08-20,SETTLEMENT,SETL_INCORRECT_DATE,Settlement recorded against the wrong date (holiday-calendar-style off-by-one),P2,,template_mt54x_settlement
doc_0504,BRK00235,TRD100462,BHARTIARTL,2000,1698.2,NOMURA-BROKER,2026-08-06,SETTLEMENT,SETL_MISSING_INSTRUCTION,No settlement instruction was ever issued,P0,,template_mt54x_settlement
doc_0505,BRK00236,TRD100464,WIPRO,200,610.84,HDFC-CUST,2026-08-18,SETTLEMENT,SETL_LATE_COUNTERPARTY,Counterparty has not settled by the expected date,P1,,template_mt54x_settlement
doc_0506,BRK00243,TRD100480,TCS,750,4115.93,HDFC-CUST,2026-08-15,SETTLEMENT,SETL_WRONG_SSI,Settlement instruction references the wrong SSI/beneficiary account - the payment-failure flagship scenario,P0,,template_mt54x_settlement
doc_0507,BRK00246,TRD100488,AXISBANK,500,1174.58,ICICI-CUST,2026-08-17,SETTLEMENT,SETL_WRONG_SSI,Settlement instruction references the wrong SSI/beneficiary account - the payment-failure flagship scenario,P0,,template_mt54x_settlement
doc_0508,BRK00248,TRD100490,INFY,250,1895.49,KOTAK-CUST,2026-08-18,SETTLEMENT,SETL_INCORRECT_DATE,Settlement recorded against the wrong date (holiday-calendar-style off-by-one),P2,,template_mt54x_settlement
doc_0509,BRK00252,TRD100501,MARUTI,2000,13017.48,NOMURA-BROKER,2026-08-20,SETTLEMENT,SETL_INCORRECT_DATE,Settlement recorded against the wrong date (holiday-calendar-style off-by-one),P2,,template_mt54x_settlement
doc_0510,BRK00255,TRD100504,LT,200,3674.19,DEUTSCHE-BROKER,2026-08-21,SETTLEMENT,SETL_LATE_COUNTERPARTY,Counterparty has not settled by the expected date,P1,,template_mt54x_settlement
doc_0511,BRK00256,TRD100505,KOTAKBANK,250,1957.8,HDFC-CUST,2026-08-15,SETTLEMENT,SETL_LATE_COUNTERPARTY,Counterparty has not settled by the expected date,P1,,template_mt54x_settlement
doc_0512,BRK00269,TRD100534,RELIANCE,250,2860.59,HDFC-CUST,2026-08-08,SETTLEMENT,SETL_INCORRECT_DATE,Settlement recorded against the wrong date (holiday-calendar-style off-by-one),P2,,template_mt54x_settlement
doc_0513,BRK00272,TRD100546,HDFCBANK,1000,1670.57,DEUTSCHE-BROKER,2026-08-11,SETTLEMENT,SETL_WRONG_SSI,Settlement instruction references the wrong SSI/beneficiary account - the payment-failure flagship scenario,P0,,template_mt54x_settlement
doc_0514,BRK00278,TRD100555,RELIANCE,100,2854.11,HDFC-CUST,2026-08-09,SETTLEMENT,SETL_MISSING_INSTRUCTION,No settlement instruction was ever issued,P0,,template_mt54x_settlement
doc_0515,BRK00285,TRD100587,TATASTEEL,500,172.72,KOTAK-CUST,2026-08-16,SETTLEMENT,SETL_MISSING_INSTRUCTION,No settlement instruction was ever issued,P0,,template_mt54x_settlement
doc_0516,BRK00298,TRD100609,HINDUNILVR,500,2739.95,NOMURA-BROKER,2026-08-07,SETTLEMENT,SETL_INCORRECT_DATE,Settlement recorded against the wrong date (holiday-calendar-style off-by-one),P2,,template_mt54x_settlement
doc_0517,BRK00300,TRD100613,HINDUNILVR,1000,2733.87,MORGANSTANLEY-BROKER,2026-08-12,SETTLEMENT,SETL_WRONG_SSI,Settlement instruction references the wrong SSI/beneficiary account - the payment-failure flagship scenario,P0,,template_mt54x_settlement
doc_0518,BRK00314,TRD100643,MARUTI,100,13020.58,DEUTSCHE-BROKER,2026-08-20,SETTLEMENT,SETL_LATE_COUNTERPARTY,Counterparty has not settled by the expected date,P1,,template_mt54x_settlement
doc_0519,BRK00335,TRD100690,HDFCBANK,750,1668.38,ICICI-CUST,2026-08-12,SETTLEMENT,SETL_MISSING_INSTRUCTION,No settlement instruction was ever issued,P0,,template_mt54x_settlement
doc_0520,BRK00346,TRD100707,WIPRO,1000,608.88,MORGANSTANLEY-BROKER,2026-08-13,SETTLEMENT,SETL_LATE_COUNTERPARTY,Counterparty has not settled by the expected date,P1,,template_mt54x_settlement
doc_0521,BRK00349,TRD100713,ICICIBANK,2000,1244.29,NOMURA-BROKER,2026-08-13,SETTLEMENT,SETL_MISSING_INSTRUCTION,No settlement instruction was ever issued,P0,,template_mt54x_settlement
doc_0522,BRK00359,TRD100727,KOTAKBANK,500,1956.02,NOMURA-BROKER,2026-08-21,SETTLEMENT,SETL_MISSING_INSTRUCTION,No settlement instruction was ever issued,P0,,template_mt54x_settlement
doc_0523,BRK00362,TRD100733,HINDUNILVR,2000,2759.27,NOMURA-BROKER,2026-08-16,SETTLEMENT,SETL_WRONG_SSI,Settlement instruction references the wrong SSI/beneficiary account - the payment-failure flagship scenario,P0,,template_mt54x_settlement
doc_0524,BRK00364,TRD100738,WIPRO,200,608.84,KOTAK-CUST,2026-08-22,SETTLEMENT,SETL_WRONG_SSI,Settlement instruction references the wrong SSI/beneficiary account - the payment-failure flagship scenario,P0,,template_mt54x_settlement
doc_0525,BRK00369,TRD100751,WIPRO,200,611.32,DEUTSCHE-BROKER,2026-08-19,SETTLEMENT,SETL_MISSING_INSTRUCTION,No settlement instruction was ever issued,P0,,template_mt54x_settlement
doc_0526,BRK00375,TRD100762,KOTAKBANK,250,1956.36,DEUTSCHE-BROKER,2026-08-21,SETTLEMENT,SETL_LATE_COUNTERPARTY,Counterparty has not settled by the expected date,P1,,template_mt54x_settlement
doc_0527,BRK00380,TRD100771,AXISBANK,750,1174.79,DEUTSCHE-BROKER,2026-08-20,SETTLEMENT,SETL_MISSING_INSTRUCTION,No settlement instruction was ever issued,P0,,template_mt54x_settlement
doc_0528,BRK00381,TRD100772,TATASTEEL,1000,172.19,DEUTSCHE-BROKER,2026-08-15,SETTLEMENT,SETL_MISSING_INSTRUCTION,No settlement instruction was ever issued,P0,,template_mt54x_settlement
doc_0529,BRK00385,TRD100782,INFY,1000,1892.5,MORGANSTANLEY-BROKER,2026-08-16,SETTLEMENT,SETL_WRONG_SSI,Settlement instruction references the wrong SSI/beneficiary account - the payment-failure flagship scenario,P0,,template_mt54x_settlement
doc_0530,BRK00390,TRD100787,WIPRO,100,609.6,ICICI-CUST,2026-08-18,SETTLEMENT,SETL_MISSING_INSTRUCTION,No settlement instruction was ever issued,P0,,template_mt54x_settlement
doc_0531,BRK00403,TRD100818,WIPRO,250,609.61,ICICI-CUST,2026-08-14,SETTLEMENT,SETL_WRONG_SSI,Settlement instruction references the wrong SSI/beneficiary account - the payment-failure flagship scenario,P0,,template_mt54x_settlement
doc_0532,BRK00404,TRD100822,ITC,2000,470.57,ICICI-CUST,2026-08-19,SETTLEMENT,SETL_INCORRECT_DATE,Settlement recorded against the wrong date (holiday-calendar-style off-by-one),P2,,template_mt54x_settlement
doc_0533,BRK00411,TRD100841,LT,100,3669.41,KOTAK-CUST,2026-08-12,SETTLEMENT,SETL_MISSING_INSTRUCTION,No settlement instruction was ever issued,P0,,template_mt54x_settlement
doc_0534,BRK00420,TRD100857,BHARTIARTL,100,1683.4,HDFC-CUST,2026-08-14,SETTLEMENT,SETL_LATE_COUNTERPARTY,Counterparty has not settled by the expected date,P1,,template_mt54x_settlement
doc_0535,BRK00432,TRD100880,MARUTI,2000,13031.09,DEUTSCHE-BROKER,2026-08-21,SETTLEMENT,SETL_INCORRECT_DATE,Settlement recorded against the wrong date (holiday-calendar-style off-by-one),P2,,template_mt54x_settlement
doc_0536,BRK00447,TRD100911,ITC,500,469.42,NOMURA-BROKER,2026-08-07,SETTLEMENT,SETL_INCORRECT_DATE,Settlement recorded against the wrong date (holiday-calendar-style off-by-one),P2,,template_mt54x_settlement
doc_0537,BRK00449,TRD100914,RELIANCE,2000,2840.49,ICICI-CUST,2026-08-22,SETTLEMENT,SETL_LATE_COUNTERPARTY,Counterparty has not settled by the expected date,P1,,template_mt54x_settlement
doc_0538,BRK00451,TRD100916,ITC,1500,468.45,MORGANSTANLEY-BROKER,2026-08-04,SETTLEMENT,SETL_WRONG_SSI,Settlement instruction references the wrong SSI/beneficiary account - the payment-failure flagship scenario,P0,,template_mt54x_settlement
doc_0539,BRK00452,TRD100917,BHARTIARTL,2000,1684.0,KOTAK-CUST,2026-08-19,SETTLEMENT,SETL_MISSING_INSTRUCTION,No settlement instruction was ever issued,P0,,template_mt54x_settlement
doc_0540,BRK00455,TRD100925,HINDUNILVR,2000,2757.68,HDFC-CUST,2026-08-19,SETTLEMENT,SETL_MISSING_INSTRUCTION,No settlement instruction was ever issued,P0,,template_mt54x_settlement
doc_0541,BRK00456,TRD100926,RELIANCE,250,2850.18,DEUTSCHE-BROKER,2026-08-02,SETTLEMENT,SETL_MISSING_INSTRUCTION,No settlement instruction was ever issued,P0,,template_mt54x_settlement
doc_0542,BRK00457,TRD100927,WIPRO,250,607.39,ICICI-CUST,2026-08-22,SETTLEMENT,SETL_INCORRECT_DATE,Settlement recorded against the wrong date (holiday-calendar-style off-by-one),P2,,template_mt54x_settlement
doc_0543,BRK00459,TRD100929,AXISBANK,500,1175.09,DEUTSCHE-BROKER,2026-08-08,SETTLEMENT,SETL_WRONG_SSI,Settlement instruction references the wrong SSI/beneficiary account - the payment-failure flagship scenario,P0,,template_mt54x_settlement
doc_0544,BRK00476,TRD100961,ICICIBANK,1500,1243.94,MORGANSTANLEY-BROKER,2026-08-21,SETTLEMENT,SETL_MISSING_INSTRUCTION,No settlement instruction was ever issued,P0,,template_mt54x_settlement
doc_0545,BRK00481,TRD100973,RELIANCE,500,2860.05,NOMURA-BROKER,2026-08-18,SETTLEMENT,SETL_WRONG_SSI,Settlement instruction references the wrong SSI/beneficiary account - the payment-failure flagship scenario,P0,,template_mt54x_settlement
doc_0546,BRK00483,TRD100976,ITC,1000,471.11,HDFC-CUST,2026-08-03,SETTLEMENT,SETL_INCORRECT_DATE,Settlement recorded against the wrong date (holiday-calendar-style off-by-one),P2,,template_mt54x_settlement
doc_0547,BRK00485,TRD100978,INFY,250,1883.9,ICICI-CUST,2026-08-05,SETTLEMENT,SETL_WRONG_SSI,Settlement instruction references the wrong SSI/beneficiary account - the payment-failure flagship scenario,P0,,template_mt54x_settlement
doc_0548,BRK00490,TRD100986,SBIN,100,846.51,MORGANSTANLEY-BROKER,2026-08-08,SETTLEMENT,SETL_LATE_COUNTERPARTY,Counterparty has not settled by the expected date,P1,,template_mt54x_settlement
doc_0549,BRK00493,TRD100989,BHARTIARTL,250,1694.05,KOTAK-CUST,2026-08-15,SETTLEMENT,SETL_MISSING_INSTRUCTION,No settlement instruction was ever issued,P0,,template_mt54x_settlement
doc_0550,BRK00495,TRD100991,WIPRO,2000,611.82,DEUTSCHE-BROKER,2026-08-15,SETTLEMENT,SETL_MISSING_INSTRUCTION,No settlement instruction was ever issued,P0,,template_mt54x_settlement
doc_0551,BRK00502,TRD101007,HINDUNILVR,2000,2743.18,ICICI-CUST,2026-08-07,SETTLEMENT,SETL_MISSING_INSTRUCTION,No settlement instruction was ever issued,P0,,template_mt54x_settlement
doc_0552,BRK00506,TRD101015,TCS,750,4101.93,NOMURA-BROKER,2026-08-11,SETTLEMENT,SETL_INCORRECT_DATE,Settlement recorded against the wrong date (holiday-calendar-style off-by-one),P2,,template_mt54x_settlement
doc_0553,BRK00510,TRD101022,BHARTIARTL,500,1690.64,ICICI-CUST,2026-08-15,SETTLEMENT,SETL_INCORRECT_DATE,Settlement recorded against the wrong date (holiday-calendar-style off-by-one),P2,,template_mt54x_settlement
doc_0554,BRK00519,TRD101039,TATASTEEL,250,172.44,KOTAK-CUST,2026-08-06,SETTLEMENT,SETL_MISSING_INSTRUCTION,No settlement instruction was ever issued,P0,,template_mt54x_settlement
doc_0555,BRK00527,TRD101053,AXISBANK,1000,1177.58,MORGANSTANLEY-BROKER,2026-08-20,SETTLEMENT,SETL_WRONG_SSI,Settlement instruction references the wrong SSI/beneficiary account - the payment-failure flagship scenario,P0,,template_mt54x_settlement
doc_0556,BRK00529,TRD101057,KOTAKBANK,2000,1951.16,MORGANSTANLEY-BROKER,2026-08-22,SETTLEMENT,SETL_MISSING_INSTRUCTION,No settlement instruction was ever issued,P0,,template_mt54x_settlement
doc_0557,BRK00530,TRD101062,ITC,1500,468.53,HDFC-CUST,2026-08-03,SETTLEMENT,SETL_MISSING_INSTRUCTION,No settlement instruction was ever issued,P0,,template_mt54x_settlement
doc_0558,BRK00537,TRD101071,KOTAKBANK,500,1964.76,KOTAK-CUST,2026-08-06,SETTLEMENT,SETL_MISSING_INSTRUCTION,No settlement instruction was ever issued,P0,,template_mt54x_settlement
doc_0559,BRK00538,TRD101077,TATASTEEL,1000,172.82,HDFC-CUST,2026-08-05,SETTLEMENT,SETL_MISSING_INSTRUCTION,No settlement instruction was ever issued,P0,,template_mt54x_settlement
doc_0560,BRK00539,TRD101080,HINDUNILVR,250,2731.96,NOMURA-BROKER,2026-08-08,SETTLEMENT,SETL_WRONG_SSI,Settlement instruction references the wrong SSI/beneficiary account - the payment-failure flagship scenario,P0,,template_mt54x_settlement
doc_0561,BRK00540,TRD101083,HINDUNILVR,750,2737.33,KOTAK-CUST,2026-08-15,SETTLEMENT,SETL_LATE_COUNTERPARTY,Counterparty has not settled by the expected date,P1,,template_mt54x_settlement
doc_0562,BRK00543,TRD101092,RELIANCE,2000,2840.04,NOMURA-BROKER,2026-08-12,SETTLEMENT,SETL_INCORRECT_DATE,Settlement recorded against the wrong date (holiday-calendar-style off-by-one),P2,,template_mt54x_settlement
doc_0563,BRK00548,TRD101099,TATASTEEL,1500,172.08,MORGANSTANLEY-BROKER,2026-08-10,SETTLEMENT,SETL_INCORRECT_DATE,Settlement recorded against the wrong date (holiday-calendar-style off-by-one),P2,,template_mt54x_settlement
doc_0564,BRK00554,TRD101109,KOTAKBANK,750,1957.54,KOTAK-CUST,2026-08-02,SETTLEMENT,SETL_MISSING_INSTRUCTION,No settlement instruction was ever issued,P0,,template_mt54x_settlement
doc_0565,BRK00566,TRD101145,ITC,750,467.66,ICICI-CUST,2026-08-19,SETTLEMENT,SETL_INCORRECT_DATE,Settlement recorded against the wrong date (holiday-calendar-style off-by-one),P2,,template_mt54x_settlement
doc_0566,BRK00570,TRD101153,MARUTI,250,12931.06,DEUTSCHE-BROKER,2026-08-08,SETTLEMENT,SETL_INCORRECT_DATE,Settlement recorded against the wrong date (holiday-calendar-style off-by-one),P2,,template_mt54x_settlement
doc_0567,BRK00576,TRD101163,TATASTEEL,1500,172.92,ICICI-CUST,2026-08-11,SETTLEMENT,SETL_INCORRECT_DATE,Settlement recorded against the wrong date (holiday-calendar-style off-by-one),P2,,template_mt54x_settlement
doc_0568,BRK00577,TRD101165,LT,750,3680.94,HDFC-CUST,2026-08-22,SETTLEMENT,SETL_LATE_COUNTERPARTY,Counterparty has not settled by the expected date,P1,,template_mt54x_settlement
doc_0569,BRK00579,TRD101169,SBIN,500,848.18,MORGANSTANLEY-BROKER,2026-08-20,SETTLEMENT,SETL_INCORRECT_DATE,Settlement recorded against the wrong date (holiday-calendar-style off-by-one),P2,,template_mt54x_settlement
doc_0570,BRK00582,TRD101175,KOTAKBANK,1500,1965.41,NOMURA-BROKER,2026-08-17,SETTLEMENT,SETL_WRONG_SSI,Settlement instruction references the wrong SSI/beneficiary account - the payment-failure flagship scenario,P0,,template_mt54x_settlement
doc_0571,BRK00586,TRD101181,TATASTEEL,750,173.12,HDFC-CUST,2026-08-08,SETTLEMENT,SETL_WRONG_SSI,Settlement instruction references the wrong SSI/beneficiary account - the payment-failure flagship scenario,P0,,template_mt54x_settlement
doc_0572,BRK00587,TRD101182,TCS,1000,4102.93,DEUTSCHE-BROKER,2026-08-03,SETTLEMENT,SETL_INCORRECT_DATE,Settlement recorded against the wrong date (holiday-calendar-style off-by-one),P2,,template_mt54x_settlement
doc_0573,BRK00589,TRD101186,WIPRO,750,611.24,NOMURA-BROKER,2026-08-07,SETTLEMENT,SETL_INCORRECT_DATE,Settlement recorded against the wrong date (holiday-calendar-style off-by-one),P2,,template_mt54x_settlement
doc_0574,BRK00592,TRD101191,BHARTIARTL,100,1696.48,DEUTSCHE-BROKER,2026-08-12,SETTLEMENT,SETL_MISSING_INSTRUCTION,No settlement instruction was ever issued,P0,,template_mt54x_settlement
doc_0575,BRK00604,TRD101218,HDFCBANK,100,1683.44,MORGANSTANLEY-BROKER,2026-08-19,SETTLEMENT,SETL_LATE_COUNTERPARTY,Counterparty has not settled by the expected date,P1,,template_mt54x_settlement
doc_0576,BRK00606,TRD101230,LT,100,3672.6,DEUTSCHE-BROKER,2026-08-14,SETTLEMENT,SETL_INCORRECT_DATE,Settlement recorded against the wrong date (holiday-calendar-style off-by-one),P2,,template_mt54x_settlement
doc_0577,BRK00611,TRD101239,SBIN,500,847.02,MORGANSTANLEY-BROKER,2026-08-16,SETTLEMENT,SETL_INCORRECT_DATE,Settlement recorded against the wrong date (holiday-calendar-style off-by-one),P2,,template_mt54x_settlement
doc_0578,BRK00634,TRD101282,ICICIBANK,500,1234.69,DEUTSCHE-BROKER,2026-08-06,SETTLEMENT,SETL_MISSING_INSTRUCTION,No settlement instruction was ever issued,P0,,template_mt54x_settlement
doc_0579,BRK00639,TRD101290,ICICIBANK,500,1240.88,ICICI-CUST,2026-08-16,SETTLEMENT,SETL_LATE_COUNTERPARTY,Counterparty has not settled by the expected date,P1,,template_mt54x_settlement
doc_0580,BRK00642,TRD101296,KOTAKBANK,750,1948.92,HDFC-CUST,2026-08-13,SETTLEMENT,SETL_INCORRECT_DATE,Settlement recorded against the wrong date (holiday-calendar-style off-by-one),P2,,template_mt54x_settlement
doc_0581,BRK00644,TRD101298,WIPRO,750,610.01,ICICI-CUST,2026-08-21,SETTLEMENT,SETL_MISSING_INSTRUCTION,No settlement instruction was ever issued,P0,,template_mt54x_settlement
doc_0582,BRK00661,TRD101337,WIPRO,1500,611.89,ICICI-CUST,2026-08-04,SETTLEMENT,SETL_INCORRECT_DATE,Settlement recorded against the wrong date (holiday-calendar-style off-by-one),P2,,template_mt54x_settlement
doc_0583,BRK00662,TRD101338,ICICIBANK,500,1246.14,NOMURA-BROKER,2026-08-14,SETTLEMENT,SETL_LATE_COUNTERPARTY,Counterparty has not settled by the expected date,P1,,template_mt54x_settlement
doc_0584,BRK00673,TRD101360,HINDUNILVR,750,2737.92,NOMURA-BROKER,2026-08-10,SETTLEMENT,SETL_LATE_COUNTERPARTY,Counterparty has not settled by the expected date,P1,,template_mt54x_settlement
doc_0585,BRK00674,TRD101362,HINDUNILVR,1000,2755.81,MORGANSTANLEY-BROKER,2026-08-20,SETTLEMENT,SETL_INCORRECT_DATE,Settlement recorded against the wrong date (holiday-calendar-style off-by-one),P2,,template_mt54x_settlement
doc_0586,BRK00690,TRD101409,LT,750,3671.9,MORGANSTANLEY-BROKER,2026-08-15,SETTLEMENT,SETL_WRONG_SSI,Settlement instruction references the wrong SSI/beneficiary account - the payment-failure flagship scenario,P0,,template_mt54x_settlement
doc_0587,BRK00693,TRD101414,RELIANCE,500,2862.21,NOMURA-BROKER,2026-08-02,SETTLEMENT,SETL_WRONG_SSI,Settlement instruction references the wrong SSI/beneficiary account - the payment-failure flagship scenario,P0,,template_mt54x_settlement
doc_0588,BRK00696,TRD101418,ICICIBANK,750,1240.59,HDFC-CUST,2026-08-10,SETTLEMENT,SETL_WRONG_SSI,Settlement instruction references the wrong SSI/beneficiary account - the payment-failure flagship scenario,P0,,template_mt54x_settlement
doc_0589,BRK00698,TRD101420,TATASTEEL,2000,171.69,MORGANSTANLEY-BROKER,2026-08-02,SETTLEMENT,SETL_LATE_COUNTERPARTY,Counterparty has not settled by the expected date,P1,,template_mt54x_settlement
doc_0590,BRK00708,TRD101442,ICICIBANK,2000,1239.11,ICICI-CUST,2026-08-11,SETTLEMENT,SETL_LATE_COUNTERPARTY,Counterparty has not settled by the expected date,P1,,template_mt54x_settlement
doc_0591,BRK00710,TRD101446,TATASTEEL,200,171.72,MORGANSTANLEY-BROKER,2026-08-19,SETTLEMENT,SETL_LATE_COUNTERPARTY,Counterparty has not settled by the expected date,P1,,template_mt54x_settlement
doc_0592,BRK00718,TRD101461,MARUTI,500,13021.13,KOTAK-CUST,2026-08-09,SETTLEMENT,SETL_INCORRECT_DATE,Settlement recorded against the wrong date (holiday-calendar-style off-by-one),P2,,template_mt54x_settlement
doc_0593,BRK00722,TRD101468,BHARTIARTL,100,1683.81,NOMURA-BROKER,2026-08-02,SETTLEMENT,SETL_INCORRECT_DATE,Settlement recorded against the wrong date (holiday-calendar-style off-by-one),P2,,template_mt54x_settlement
doc_0594,BRK00725,TRD101474,RELIANCE,500,2836.93,DEUTSCHE-BROKER,2026-08-15,SETTLEMENT,SETL_LATE_COUNTERPARTY,Counterparty has not settled by the expected date,P1,,template_mt54x_settlement
doc_0595,BRK00727,TRD101478,BHARTIARTL,1000,1692.08,HDFC-CUST,2026-08-15,SETTLEMENT,SETL_INCORRECT_DATE,Settlement recorded against the wrong date (holiday-calendar-style off-by-one),P2,,template_mt54x_settlement
doc_0596,BRK00732,TRD101485,BHARTIARTL,200,1691.77,MORGANSTANLEY-BROKER,2026-08-15,SETTLEMENT,SETL_LATE_COUNTERPARTY,Counterparty has not settled by the expected date,P1,,template_mt54x_settlement
doc_0597,BRK00747,TRD101507,WIPRO,200,609.32,ICICI-CUST,2026-08-18,SETTLEMENT,SETL_LATE_COUNTERPARTY,Counterparty has not settled by the expected date,P1,,template_mt54x_settlement
doc_0598,BRK00748,TRD101510,HINDUNILVR,250,2752.98,MORGANSTANLEY-BROKER,2026-08-07,SETTLEMENT,SETL_LATE_COUNTERPARTY,Counterparty has not settled by the expected date,P1,,template_mt54x_settlement
doc_0599,BRK00752,TRD101518,ITC,1000,468.96,KOTAK-CUST,2026-08-21,SETTLEMENT,SETL_INCORRECT_DATE,Settlement recorded against the wrong date (holiday-calendar-style off-by-one),P2,,template_mt54x_settlement
doc_0600,BRK00753,TRD101520,WIPRO,500,611.57,ICICI-CUST,2026-08-19,SETTLEMENT,SETL_INCORRECT_DATE,Settlement recorded against the wrong date (holiday-calendar-style off-by-one),P2,,template_mt54x_settlement
doc_0601,BRK00754,TRD101522,MARUTI,2000,13001.96,DEUTSCHE-BROKER,2026-08-13,SETTLEMENT,SETL_WRONG_SSI,Settlement instruction references the wrong SSI/beneficiary account - the payment-failure flagship scenario,P0,,template_mt54x_settlement
doc_0602,BRK00760,TRD101535,TATASTEEL,250,172.45,ICICI-CUST,2026-08-12,SETTLEMENT,SETL_WRONG_SSI,Settlement instruction references the wrong SSI/beneficiary account - the payment-failure flagship scenario,P0,,template_mt54x_settlement
doc_0603,BRK00765,TRD101546,HDFCBANK,2000,1682.75,DEUTSCHE-BROKER,2026-08-13,SETTLEMENT,SETL_MISSING_INSTRUCTION,No settlement instruction was ever issued,P0,,template_mt54x_settlement
doc_0604,BRK00768,TRD101553,LT,200,3684.99,NOMURA-BROKER,2026-08-14,SETTLEMENT,SETL_MISSING_INSTRUCTION,No settlement instruction was ever issued,P0,,template_mt54x_settlement
doc_0605,BRK00771,TRD101557,LT,500,3688.48,KOTAK-CUST,2026-08-14,SETTLEMENT,SETL_MISSING_INSTRUCTION,No settlement instruction was ever issued,P0,,template_mt54x_settlement
doc_0606,BRK00774,TRD101564,SBIN,1000,845.46,MORGANSTANLEY-BROKER,2026-08-21,SETTLEMENT,SETL_MISSING_INSTRUCTION,No settlement instruction was ever issued,P0,,template_mt54x_settlement
doc_0607,BRK00779,TRD101577,INFY,1000,1883.16,NOMURA-BROKER,2026-08-12,SETTLEMENT,SETL_INCORRECT_DATE,Settlement recorded against the wrong date (holiday-calendar-style off-by-one),P2,,template_mt54x_settlement
doc_0608,BRK00789,TRD101602,INFY,2000,1897.41,HDFC-CUST,2026-08-05,SETTLEMENT,SETL_WRONG_SSI,Settlement instruction references the wrong SSI/beneficiary account - the payment-failure flagship scenario,P0,,template_mt54x_settlement
doc_0609,BRK00800,TRD101624,ICICIBANK,2000,1246.85,HDFC-CUST,2026-08-18,SETTLEMENT,SETL_LATE_COUNTERPARTY,Counterparty has not settled by the expected date,P1,,template_mt54x_settlement
doc_0610,BRK00802,TRD101626,RELIANCE,1000,2860.03,DEUTSCHE-BROKER,2026-08-05,SETTLEMENT,SETL_LATE_COUNTERPARTY,Counterparty has not settled by the expected date,P1,,template_mt54x_settlement
doc_0611,BRK00803,TRD101627,ICICIBANK,200,1246.63,NOMURA-BROKER,2026-08-17,SETTLEMENT,SETL_INCORRECT_DATE,Settlement recorded against the wrong date (holiday-calendar-style off-by-one),P2,,template_mt54x_settlement
doc_0612,BRK00813,TRD101645,MARUTI,750,12988.49,ICICI-CUST,2026-08-12,SETTLEMENT,SETL_INCORRECT_DATE,Settlement recorded against the wrong date (holiday-calendar-style off-by-one),P2,,template_mt54x_settlement
doc_0613,BRK00814,TRD101646,WIPRO,500,610.45,NOMURA-BROKER,2026-08-19,SETTLEMENT,SETL_MISSING_INSTRUCTION,No settlement instruction was ever issued,P0,,template_mt54x_settlement
doc_0614,BRK00818,TRD101651,MARUTI,2000,13026.64,ICICI-CUST,2026-08-21,SETTLEMENT,SETL_LATE_COUNTERPARTY,Counterparty has not settled by the expected date,P1,,template_mt54x_settlement
doc_0615,BRK00819,TRD101656,AXISBANK,750,1174.75,NOMURA-BROKER,2026-08-22,SETTLEMENT,SETL_LATE_COUNTERPARTY,Counterparty has not settled by the expected date,P1,,template_mt54x_settlement
doc_0616,BRK00820,TRD101661,BHARTIARTL,2000,1692.19,MORGANSTANLEY-BROKER,2026-08-07,SETTLEMENT,SETL_WRONG_SSI,Settlement instruction references the wrong SSI/beneficiary account - the payment-failure flagship scenario,P0,,template_mt54x_settlement
doc_0617,BRK00824,TRD101676,MARUTI,250,13040.76,MORGANSTANLEY-BROKER,2026-08-04,SETTLEMENT,SETL_INCORRECT_DATE,Settlement recorded against the wrong date (holiday-calendar-style off-by-one),P2,,template_mt54x_settlement
doc_0618,BRK00826,TRD101679,TATASTEEL,100,171.83,NOMURA-BROKER,2026-08-19,SETTLEMENT,SETL_LATE_COUNTERPARTY,Counterparty has not settled by the expected date,P1,,template_mt54x_settlement
doc_0619,BRK00829,TRD101684,HINDUNILVR,500,2746.54,NOMURA-BROKER,2026-08-14,SETTLEMENT,SETL_MISSING_INSTRUCTION,No settlement instruction was ever issued,P0,,template_mt54x_settlement
doc_0620,BRK00830,TRD101686,TCS,2000,4105.01,KOTAK-CUST,2026-08-21,SETTLEMENT,SETL_WRONG_SSI,Settlement instruction references the wrong SSI/beneficiary account - the payment-failure flagship scenario,P0,,template_mt54x_settlement
doc_0621,BRK00834,TRD101696,TCS,1000,4130.02,ICICI-CUST,2026-08-06,SETTLEMENT,SETL_INCORRECT_DATE,Settlement recorded against the wrong date (holiday-calendar-style off-by-one),P2,,template_mt54x_settlement
doc_0622,BRK00844,TRD101726,ITC,1500,468.25,MORGANSTANLEY-BROKER,2026-08-13,SETTLEMENT,SETL_INCORRECT_DATE,Settlement recorded against the wrong date (holiday-calendar-style off-by-one),P2,,template_mt54x_settlement
doc_0623,BRK00852,TRD101739,ICICIBANK,2000,1238.83,MORGANSTANLEY-BROKER,2026-08-20,SETTLEMENT,SETL_INCORRECT_DATE,Settlement recorded against the wrong date (holiday-calendar-style off-by-one),P2,,template_mt54x_settlement
doc_0624,BRK00856,TRD101745,AXISBANK,100,1185.68,MORGANSTANLEY-BROKER,2026-08-19,SETTLEMENT,SETL_MISSING_INSTRUCTION,No settlement instruction was ever issued,P0,,template_mt54x_settlement
doc_0625,BRK00861,TRD101754,INFY,500,1892.85,MORGANSTANLEY-BROKER,2026-08-04,SETTLEMENT,SETL_WRONG_SSI,Settlement instruction references the wrong SSI/beneficiary account - the payment-failure flagship scenario,P0,,template_mt54x_settlement
doc_0626,BRK00863,TRD101756,BHARTIARTL,750,1692.32,MORGANSTANLEY-BROKER,2026-08-22,SETTLEMENT,SETL_WRONG_SSI,Settlement instruction references the wrong SSI/beneficiary account - the payment-failure flagship scenario,P0,,template_mt54x_settlement
doc_0627,BRK00866,TRD101767,TCS,1000,4137.74,ICICI-CUST,2026-08-19,SETTLEMENT,SETL_LATE_COUNTERPARTY,Counterparty has not settled by the expected date,P1,,template_mt54x_settlement
doc_0628,BRK00877,TRD101786,KOTAKBANK,500,1952.22,MORGANSTANLEY-BROKER,2026-08-17,SETTLEMENT,SETL_MISSING_INSTRUCTION,No settlement instruction was ever issued,P0,,template_mt54x_settlement
doc_0629,BRK00881,TRD101794,SBIN,1500,842.89,ICICI-CUST,2026-08-17,SETTLEMENT,SETL_MISSING_INSTRUCTION,No settlement instruction was ever issued,P0,,template_mt54x_settlement
doc_0630,BRK00888,TRD101806,ICICIBANK,1000,1241.18,HDFC-CUST,2026-08-21,SETTLEMENT,SETL_WRONG_SSI,Settlement instruction references the wrong SSI/beneficiary account - the payment-failure flagship scenario,P0,,template_mt54x_settlement
doc_0631,BRK00892,TRD101816,SBIN,100,846.55,NOMURA-BROKER,2026-08-06,SETTLEMENT,SETL_LATE_COUNTERPARTY,Counterparty has not settled by the expected date,P1,,template_mt54x_settlement
doc_0632,BRK00901,TRD101832,SBIN,750,842.14,KOTAK-CUST,2026-08-08,SETTLEMENT,SETL_WRONG_SSI,Settlement instruction references the wrong SSI/beneficiary account - the payment-failure flagship scenario,P0,,template_mt54x_settlement
doc_0633,BRK00909,TRD101845,BHARTIARTL,200,1694.19,NOMURA-BROKER,2026-08-06,SETTLEMENT,SETL_MISSING_INSTRUCTION,No settlement instruction was ever issued,P0,,template_mt54x_settlement
doc_0634,BRK00911,TRD101852,KOTAKBANK,500,1948.62,ICICI-CUST,2026-08-08,SETTLEMENT,SETL_INCORRECT_DATE,Settlement recorded against the wrong date (holiday-calendar-style off-by-one),P2,,template_mt54x_settlement
doc_0635,BRK00920,TRD101882,TCS,500,4130.97,KOTAK-CUST,2026-08-18,SETTLEMENT,SETL_MISSING_INSTRUCTION,No settlement instruction was ever issued,P0,,template_mt54x_settlement
doc_0636,BRK00925,TRD101890,HDFCBANK,1500,1675.11,KOTAK-CUST,2026-08-16,SETTLEMENT,SETL_INCORRECT_DATE,Settlement recorded against the wrong date (holiday-calendar-style off-by-one),P2,,template_mt54x_settlement
doc_0637,BRK00927,TRD101892,KOTAKBANK,250,1959.29,DEUTSCHE-BROKER,2026-08-05,SETTLEMENT,SETL_INCORRECT_DATE,Settlement recorded against the wrong date (holiday-calendar-style off-by-one),P2,,template_mt54x_settlement
doc_0638,BRK00928,TRD101894,AXISBANK,1500,1185.51,MORGANSTANLEY-BROKER,2026-08-12,SETTLEMENT,SETL_INCORRECT_DATE,Settlement recorded against the wrong date (holiday-calendar-style off-by-one),P2,,template_mt54x_settlement
doc_0639,BRK00931,TRD101899,MARUTI,250,12946.88,ICICI-CUST,2026-08-04,SETTLEMENT,SETL_LATE_COUNTERPARTY,Counterparty has not settled by the expected date,P1,,template_mt54x_settlement
doc_0640,BRK00936,TRD101905,ICICIBANK,200,1238.69,DEUTSCHE-BROKER,2026-08-04,SETTLEMENT,SETL_MISSING_INSTRUCTION,No settlement instruction was ever issued,P0,,template_mt54x_settlement
doc_0641,BRK00947,TRD101935,LT,2000,3685.8,NOMURA-BROKER,2026-08-15,SETTLEMENT,SETL_LATE_COUNTERPARTY,Counterparty has not settled by the expected date,P1,,template_mt54x_settlement
doc_0642,BRK00951,TRD101941,HINDUNILVR,1500,2740.81,NOMURA-BROKER,2026-08-19,SETTLEMENT,SETL_INCORRECT_DATE,Settlement recorded against the wrong date (holiday-calendar-style off-by-one),P2,,template_mt54x_settlement
doc_0643,BRK00961,TRD101964,LT,1000,3696.88,KOTAK-CUST,2026-08-12,SETTLEMENT,SETL_WRONG_SSI,Settlement instruction references the wrong SSI/beneficiary account - the payment-failure flagship scenario,P0,,template_mt54x_settlement
doc_0644,BRK00965,TRD101977,INFY,250,1894.87,KOTAK-CUST,2026-08-07,SETTLEMENT,SETL_MISSING_INSTRUCTION,No settlement instruction was ever issued,P0,,template_mt54x_settlement
doc_0645,BRK00972,TRD101990,KOTAKBANK,100,1962.26,HDFC-CUST,2026-08-09,SETTLEMENT,SETL_MISSING_INSTRUCTION,No settlement instruction was ever issued,P0,,template_mt54x_settlement
doc_0646,BRK00973,TRD101991,RELIANCE,2000,2850.04,HDFC-CUST,2026-08-13,SETTLEMENT,SETL_WRONG_SSI,Settlement instruction references the wrong SSI/beneficiary account - the payment-failure flagship scenario,P0,,template_mt54x_settlement
doc_0647,BRK00984,TRD102010,KOTAKBANK,2000,1951.77,MORGANSTANLEY-BROKER,2026-08-05,SETTLEMENT,SETL_WRONG_SSI,Settlement instruction references the wrong SSI/beneficiary account - the payment-failure flagship scenario,P0,,template_mt54x_settlement
doc_0648,BRK00987,TRD102017,HDFCBANK,2000,1670.53,NOMURA-BROKER,2026-08-15,SETTLEMENT,SETL_INCORRECT_DATE,Settlement recorded against the wrong date (holiday-calendar-style off-by-one),P2,,template_mt54x_settlement
doc_0649,BRK00994,TRD102024,SBIN,1000,844.35,KOTAK-CUST,2026-08-09,SETTLEMENT,SETL_WRONG_SSI,Settlement instruction references the wrong SSI/beneficiary account - the payment-failure flagship scenario,P0,,template_mt54x_settlement
doc_0650,BRK00995,TRD102025,SBIN,2000,847.28,KOTAK-CUST,2026-08-22,SETTLEMENT,SETL_LATE_COUNTERPARTY,Counterparty has not settled by the expected date,P1,,template_mt54x_settlement
doc_0651,BRK01000,TRD102033,INFY,1000,1890.92,HDFC-CUST,2026-08-14,SETTLEMENT,SETL_INCORRECT_DATE,Settlement recorded against the wrong date (holiday-calendar-style off-by-one),P2,,template_mt54x_settlement
doc_0652,BRK01004,TRD102047,WIPRO,250,613.32,NOMURA-BROKER,2026-08-08,SETTLEMENT,SETL_MISSING_INSTRUCTION,No settlement instruction was ever issued,P0,,template_mt54x_settlement
doc_0653,BRK01008,TRD102051,HDFCBANK,250,1680.82,NOMURA-BROKER,2026-08-02,SETTLEMENT,SETL_LATE_COUNTERPARTY,Counterparty has not settled by the expected date,P1,,template_mt54x_settlement
doc_0654,BRK01012,TRD102057,KOTAKBANK,1000,1947.79,MORGANSTANLEY-BROKER,2026-08-02,SETTLEMENT,SETL_MISSING_INSTRUCTION,No settlement instruction was ever issued,P0,,template_mt54x_settlement
doc_0655,BRK01017,TRD102069,BHARTIARTL,1500,1683.34,DEUTSCHE-BROKER,2026-08-02,SETTLEMENT,SETL_WRONG_SSI,Settlement instruction references the wrong SSI/beneficiary account - the payment-failure flagship scenario,P0,,template_mt54x_settlement
doc_0656,BRK01019,TRD102073,SBIN,100,848.34,NOMURA-BROKER,2026-08-15,SETTLEMENT,SETL_MISSING_INSTRUCTION,No settlement instruction was ever issued,P0,,template_mt54x_settlement
doc_0657,BRK01026,TRD102093,MARUTI,500,12993.2,MORGANSTANLEY-BROKER,2026-08-11,SETTLEMENT,SETL_LATE_COUNTERPARTY,Counterparty has not settled by the expected date,P1,,template_mt54x_settlement
doc_0658,BRK01028,TRD102095,WIPRO,1000,609.56,ICICI-CUST,2026-08-06,SETTLEMENT,SETL_MISSING_INSTRUCTION,No settlement instruction was ever issued,P0,,template_mt54x_settlement
doc_0659,BRK01029,TRD102097,HINDUNILVR,100,2747.35,ICICI-CUST,2026-08-04,SETTLEMENT,SETL_INCORRECT_DATE,Settlement recorded against the wrong date (holiday-calendar-style off-by-one),P2,,template_mt54x_settlement
doc_0660,BRK01032,TRD102104,BHARTIARTL,2000,1688.09,NOMURA-BROKER,2026-08-12,SETTLEMENT,SETL_INCORRECT_DATE,Settlement recorded against the wrong date (holiday-calendar-style off-by-one),P2,,template_mt54x_settlement
doc_0661,BRK01034,TRD102106,TATASTEEL,2000,172.53,KOTAK-CUST,2026-08-15,SETTLEMENT,SETL_WRONG_SSI,Settlement instruction references the wrong SSI/beneficiary account - the payment-failure flagship scenario,P0,,template_mt54x_settlement
doc_0662,BRK01038,TRD102123,ICICIBANK,200,1239.0,ICICI-CUST,2026-08-17,SETTLEMENT,SETL_INCORRECT_DATE,Settlement recorded against the wrong date (holiday-calendar-style off-by-one),P2,,template_mt54x_settlement
doc_0663,BRK01041,TRD102128,BHARTIARTL,500,1697.24,DEUTSCHE-BROKER,2026-08-14,SETTLEMENT,SETL_INCORRECT_DATE,Settlement recorded against the wrong date (holiday-calendar-style off-by-one),P2,,template_mt54x_settlement
doc_0664,BRK01053,TRD102150,SBIN,1500,845.29,DEUTSCHE-BROKER,2026-08-16,SETTLEMENT,SETL_INCORRECT_DATE,Settlement recorded against the wrong date (holiday-calendar-style off-by-one),P2,,template_mt54x_settlement
doc_0665,BRK01055,TRD102158,BHARTIARTL,2000,1682.17,NOMURA-BROKER,2026-08-11,SETTLEMENT,SETL_LATE_COUNTERPARTY,Counterparty has not settled by the expected date,P1,,template_mt54x_settlement
doc_0666,BRK01059,TRD102163,LT,1000,3682.99,NOMURA-BROKER,2026-08-12,SETTLEMENT,SETL_INCORRECT_DATE,Settlement recorded against the wrong date (holiday-calendar-style off-by-one),P2,,template_mt54x_settlement
doc_0667,BRK01063,TRD102170,AXISBANK,500,1184.08,HDFC-CUST,2026-08-22,SETTLEMENT,SETL_MISSING_INSTRUCTION,No settlement instruction was ever issued,P0,,template_mt54x_settlement
doc_0668,BRK01066,TRD102173,INFY,750,1881.33,NOMURA-BROKER,2026-08-22,SETTLEMENT,SETL_WRONG_SSI,Settlement instruction references the wrong SSI/beneficiary account - the payment-failure flagship scenario,P0,,template_mt54x_settlement
doc_0669,BRK01067,TRD102174,SBIN,2000,847.93,DEUTSCHE-BROKER,2026-08-06,SETTLEMENT,SETL_LATE_COUNTERPARTY,Counterparty has not settled by the expected date,P1,,template_mt54x_settlement
doc_0670,BRK01070,TRD102180,AXISBANK,100,1184.77,NOMURA-BROKER,2026-08-03,SETTLEMENT,SETL_LATE_COUNTERPARTY,Counterparty has not settled by the expected date,P1,,template_mt54x_settlement
doc_0671,BRK01073,TRD102186,KOTAKBANK,500,1955.28,HDFC-CUST,2026-08-03,SETTLEMENT,SETL_MISSING_INSTRUCTION,No settlement instruction was ever issued,P0,,template_mt54x_settlement
doc_0672,BRK01077,TRD102193,HDFCBANK,1000,1681.87,ICICI-CUST,2026-08-14,SETTLEMENT,SETL_WRONG_SSI,Settlement instruction references the wrong SSI/beneficiary account - the payment-failure flagship scenario,P0,,template_mt54x_settlement
doc_0673,BRK01080,TRD102202,ITC,1500,469.97,ICICI-CUST,2026-08-07,SETTLEMENT,SETL_LATE_COUNTERPARTY,Counterparty has not settled by the expected date,P1,,template_mt54x_settlement
doc_0674,BRK01082,TRD102210,WIPRO,750,611.69,KOTAK-CUST,2026-08-08,SETTLEMENT,SETL_MISSING_INSTRUCTION,No settlement instruction was ever issued,P0,,template_mt54x_settlement
doc_0675,BRK01091,TRD102229,WIPRO,750,609.39,HDFC-CUST,2026-08-13,SETTLEMENT,SETL_WRONG_SSI,Settlement instruction references the wrong SSI/beneficiary account - the payment-failure flagship scenario,P0,,template_mt54x_settlement
doc_0676,BRK01092,TRD102232,HINDUNILVR,200,2743.48,MORGANSTANLEY-BROKER,2026-08-20,SETTLEMENT,SETL_WRONG_SSI,Settlement instruction references the wrong SSI/beneficiary account - the payment-failure flagship scenario,P0,,template_mt54x_settlement
doc_0677,BRK01095,TRD102236,LT,2000,3669.72,ICICI-CUST,2026-08-15,SETTLEMENT,SETL_INCORRECT_DATE,Settlement recorded against the wrong date (holiday-calendar-style off-by-one),P2,,template_mt54x_settlement
doc_0678,BRK01096,TRD102237,AXISBANK,100,1185.39,ICICI-CUST,2026-08-16,SETTLEMENT,SETL_WRONG_SSI,Settlement instruction references the wrong SSI/beneficiary account - the payment-failure flagship scenario,P0,,template_mt54x_settlement
doc_0679,BRK01100,TRD102245,ITC,1000,470.28,ICICI-CUST,2026-08-15,SETTLEMENT,SETL_LATE_COUNTERPARTY,Counterparty has not settled by the expected date,P1,,template_mt54x_settlement
doc_0680,BRK01101,TRD102251,RELIANCE,1000,2837.96,ICICI-CUST,2026-08-02,SETTLEMENT,SETL_INCORRECT_DATE,Settlement recorded against the wrong date (holiday-calendar-style off-by-one),P2,,template_mt54x_settlement
doc_0681,BRK01107,TRD102262,TATASTEEL,750,173.06,MORGANSTANLEY-BROKER,2026-08-17,SETTLEMENT,SETL_WRONG_SSI,Settlement instruction references the wrong SSI/beneficiary account - the payment-failure flagship scenario,P0,,template_mt54x_settlement
doc_0682,BRK01108,TRD102264,LT,200,3671.01,KOTAK-CUST,2026-08-10,SETTLEMENT,SETL_LATE_COUNTERPARTY,Counterparty has not settled by the expected date,P1,,template_mt54x_settlement
doc_0683,BRK01110,TRD102268,KOTAKBANK,1000,1959.86,KOTAK-CUST,2026-08-19,SETTLEMENT,SETL_INCORRECT_DATE,Settlement recorded against the wrong date (holiday-calendar-style off-by-one),P2,,template_mt54x_settlement
doc_0684,BRK01114,TRD102272,ICICIBANK,200,1237.73,MORGANSTANLEY-BROKER,2026-08-14,SETTLEMENT,SETL_INCORRECT_DATE,Settlement recorded against the wrong date (holiday-calendar-style off-by-one),P2,,template_mt54x_settlement
doc_0685,BRK01116,TRD102274,LT,1500,3669.08,DEUTSCHE-BROKER,2026-08-03,SETTLEMENT,SETL_WRONG_SSI,Settlement instruction references the wrong SSI/beneficiary account - the payment-failure flagship scenario,P0,,template_mt54x_settlement
doc_0686,BRK01118,TRD102277,INFY,200,1898.35,HDFC-CUST,2026-08-15,SETTLEMENT,SETL_INCORRECT_DATE,Settlement recorded against the wrong date (holiday-calendar-style off-by-one),P2,,template_mt54x_settlement
doc_0687,BRK01130,TRD102312,BHARTIARTL,750,1688.26,DEUTSCHE-BROKER,2026-08-12,SETTLEMENT,SETL_INCORRECT_DATE,Settlement recorded against the wrong date (holiday-calendar-style off-by-one),P2,,template_mt54x_settlement
doc_0688,BRK01139,TRD102330,TCS,2000,4133.59,MORGANSTANLEY-BROKER,2026-08-12,SETTLEMENT,SETL_LATE_COUNTERPARTY,Counterparty has not settled by the expected date,P1,,template_mt54x_settlement
doc_0689,BRK01148,TRD102348,TCS,2000,4125.12,HDFC-CUST,2026-08-10,SETTLEMENT,SETL_LATE_COUNTERPARTY,Counterparty has not settled by the expected date,P1,,template_mt54x_settlement
doc_0690,BRK01151,TRD102353,AXISBANK,200,1176.09,HDFC-CUST,2026-08-16,SETTLEMENT,SETL_LATE_COUNTERPARTY,Counterparty has not settled by the expected date,P1,,template_mt54x_settlement
doc_0691,BRK01157,TRD102371,HINDUNILVR,750,2746.57,DEUTSCHE-BROKER,2026-08-19,SETTLEMENT,SETL_INCORRECT_DATE,Settlement recorded against the wrong date (holiday-calendar-style off-by-one),P2,,template_mt54x_settlement
doc_0692,BRK01165,TRD102380,ITC,750,470.24,ICICI-CUST,2026-08-13,SETTLEMENT,SETL_LATE_COUNTERPARTY,Counterparty has not settled by the expected date,P1,,template_mt54x_settlement
doc_0693,BRK01167,TRD102383,TATASTEEL,1000,171.64,DEUTSCHE-BROKER,2026-08-14,SETTLEMENT,SETL_MISSING_INSTRUCTION,No settlement instruction was ever issued,P0,,template_mt54x_settlement
doc_0694,BRK01171,TRD102391,LT,1500,3672.55,ICICI-CUST,2026-08-05,SETTLEMENT,SETL_INCORRECT_DATE,Settlement recorded against the wrong date (holiday-calendar-style off-by-one),P2,,template_mt54x_settlement
doc_0695,BRK01173,TRD102394,RELIANCE,100,2864.22,HDFC-CUST,2026-08-12,SETTLEMENT,SETL_MISSING_INSTRUCTION,No settlement instruction was ever issued,P0,,template_mt54x_settlement
doc_0696,BRK01177,TRD102400,AXISBANK,100,1175.61,ICICI-CUST,2026-08-17,SETTLEMENT,SETL_INCORRECT_DATE,Settlement recorded against the wrong date (holiday-calendar-style off-by-one),P2,,template_mt54x_settlement
doc_0697,BRK01178,TRD102404,RELIANCE,750,2852.69,DEUTSCHE-BROKER,2026-08-08,SETTLEMENT,SETL_LATE_COUNTERPARTY,Counterparty has not settled by the expected date,P1,,template_mt54x_settlement
doc_0698,BRK01180,TRD102406,INFY,1500,1899.25,MORGANSTANLEY-BROKER,2026-08-15,SETTLEMENT,SETL_WRONG_SSI,Settlement instruction references the wrong SSI/beneficiary account - the payment-failure flagship scenario,P0,,template_mt54x_settlement
doc_0699,BRK01187,TRD102426,RELIANCE,2000,2841.76,NOMURA-BROKER,2026-08-05,SETTLEMENT,SETL_LATE_COUNTERPARTY,Counterparty has not settled by the expected date,P1,,template_mt54x_settlement
doc_0700,BRK01220,TRD102491,TCS,2000,4131.4,DEUTSCHE-BROKER,2026-08-12,SETTLEMENT,SETL_WRONG_SSI,Settlement instruction references the wrong SSI/beneficiary account - the payment-failure flagship scenario,P0,,template_mt54x_settlement
doc_0701,BRK01224,TRD102504,HDFCBANK,2000,1682.5,DEUTSCHE-BROKER,2026-08-15,SETTLEMENT,SETL_INCORRECT_DATE,Settlement recorded against the wrong date (holiday-calendar-style off-by-one),P2,,template_mt54x_settlement
doc_0702,BRK01254,TRD102577,WIPRO,100,612.12,KOTAK-CUST,2026-08-19,SETTLEMENT,SETL_LATE_COUNTERPARTY,Counterparty has not settled by the expected date,P1,,template_mt54x_settlement
doc_0703,BRK01255,TRD102581,ICICIBANK,250,1244.25,KOTAK-CUST,2026-08-12,SETTLEMENT,SETL_LATE_COUNTERPARTY,Counterparty has not settled by the expected date,P1,,template_mt54x_settlement
doc_0704,BRK01256,TRD102582,INFY,1500,1889.56,HDFC-CUST,2026-08-14,SETTLEMENT,SETL_INCORRECT_DATE,Settlement recorded against the wrong date (holiday-calendar-style off-by-one),P2,,template_mt54x_settlement
doc_0705,BRK01259,TRD102589,KOTAKBANK,2000,1956.07,MORGANSTANLEY-BROKER,2026-08-14,SETTLEMENT,SETL_LATE_COUNTERPARTY,Counterparty has not settled by the expected date,P1,,template_mt54x_settlement
doc_0706,BRK01265,TRD102601,SBIN,250,843.36,MORGANSTANLEY-BROKER,2026-08-18,SETTLEMENT,SETL_WRONG_SSI,Settlement instruction references the wrong SSI/beneficiary account - the payment-failure flagship scenario,P0,,template_mt54x_settlement
doc_0707,BRK01267,TRD102604,ICICIBANK,250,1236.31,MORGANSTANLEY-BROKER,2026-08-12,SETTLEMENT,SETL_MISSING_INSTRUCTION,No settlement instruction was ever issued,P0,,template_mt54x_settlement
doc_0708,BRK01268,TRD102606,INFY,250,1886.61,ICICI-CUST,2026-08-21,SETTLEMENT,SETL_INCORRECT_DATE,Settlement recorded against the wrong date (holiday-calendar-style off-by-one),P2,,template_mt54x_settlement
doc_0709,BRK01271,TRD102611,LT,250,3686.85,KOTAK-CUST,2026-08-11,SETTLEMENT,SETL_WRONG_SSI,Settlement instruction references the wrong SSI/beneficiary account - the payment-failure flagship scenario,P0,,template_mt54x_settlement
doc_0710,BRK01273,TRD102615,HINDUNILVR,250,2751.3,NOMURA-BROKER,2026-08-05,SETTLEMENT,SETL_INCORRECT_DATE,Settlement recorded against the wrong date (holiday-calendar-style off-by-one),P2,,template_mt54x_settlement
doc_0711,BRK01277,TRD102619,LT,250,3689.97,MORGANSTANLEY-BROKER,2026-08-14,SETTLEMENT,SETL_LATE_COUNTERPARTY,Counterparty has not settled by the expected date,P1,,template_mt54x_settlement
doc_0712,BRK01283,TRD102625,ITC,500,470.9,MORGANSTANLEY-BROKER,2026-08-22,SETTLEMENT,SETL_LATE_COUNTERPARTY,Counterparty has not settled by the expected date,P1,,template_mt54x_settlement
doc_0713,BRK01284,TRD102626,SBIN,250,842.83,MORGANSTANLEY-BROKER,2026-08-20,SETTLEMENT,SETL_LATE_COUNTERPARTY,Counterparty has not settled by the expected date,P1,,template_mt54x_settlement
doc_0714,BRK01288,TRD102636,INFY,100,1896.2,HDFC-CUST,2026-08-05,SETTLEMENT,SETL_INCORRECT_DATE,Settlement recorded against the wrong date (holiday-calendar-style off-by-one),P2,,template_mt54x_settlement
doc_0715,BRK01291,TRD102642,ITC,200,468.18,HDFC-CUST,2026-08-07,SETTLEMENT,SETL_WRONG_SSI,Settlement instruction references the wrong SSI/beneficiary account - the payment-failure flagship scenario,P0,,template_mt54x_settlement
doc_0716,BRK01293,TRD102644,TCS,750,4108.34,NOMURA-BROKER,2026-08-10,SETTLEMENT,SETL_LATE_COUNTERPARTY,Counterparty has not settled by the expected date,P1,,template_mt54x_settlement
doc_0717,BRK01311,TRD102669,ICICIBANK,1500,1245.06,KOTAK-CUST,2026-08-09,SETTLEMENT,SETL_INCORRECT_DATE,Settlement recorded against the wrong date (holiday-calendar-style off-by-one),P2,,template_mt54x_settlement
doc_0718,BRK01316,TRD102675,AXISBANK,100,1184.6,KOTAK-CUST,2026-08-05,SETTLEMENT,SETL_MISSING_INSTRUCTION,No settlement instruction was ever issued,P0,,template_mt54x_settlement
doc_0719,BRK01319,TRD102681,RELIANCE,500,2839.68,KOTAK-CUST,2026-08-02,SETTLEMENT,SETL_LATE_COUNTERPARTY,Counterparty has not settled by the expected date,P1,,template_mt54x_settlement
doc_0720,BRK01322,TRD102688,MARUTI,750,12989.63,HDFC-CUST,2026-08-12,SETTLEMENT,SETL_WRONG_SSI,Settlement instruction references the wrong SSI/beneficiary account - the payment-failure flagship scenario,P0,,template_mt54x_settlement
doc_0721,BRK01325,TRD102698,BHARTIARTL,100,1696.16,NOMURA-BROKER,2026-08-02,SETTLEMENT,SETL_LATE_COUNTERPARTY,Counterparty has not settled by the expected date,P1,,template_mt54x_settlement
doc_0722,BRK01331,TRD102718,LT,250,3661.76,HDFC-CUST,2026-08-20,SETTLEMENT,SETL_WRONG_SSI,Settlement instruction references the wrong SSI/beneficiary account - the payment-failure flagship scenario,P0,,template_mt54x_settlement
doc_0723,BRK01336,TRD102724,HDFCBANK,100,1682.21,MORGANSTANLEY-BROKER,2026-08-12,SETTLEMENT,SETL_WRONG_SSI,Settlement instruction references the wrong SSI/beneficiary account - the payment-failure flagship scenario,P0,,template_mt54x_settlement
doc_0724,BRK01338,TRD102727,MARUTI,500,13005.57,ICICI-CUST,2026-08-10,SETTLEMENT,SETL_MISSING_INSTRUCTION,No settlement instruction was ever issued,P0,,template_mt54x_settlement
doc_0725,BRK01354,TRD102754,RELIANCE,100,2839.34,MORGANSTANLEY-BROKER,2026-08-20,SETTLEMENT,SETL_MISSING_INSTRUCTION,No settlement instruction was ever issued,P0,,template_mt54x_settlement
doc_0726,BRK01355,TRD102755,WIPRO,2000,613.35,HDFC-CUST,2026-08-06,SETTLEMENT,SETL_INCORRECT_DATE,Settlement recorded against the wrong date (holiday-calendar-style off-by-one),P2,,template_mt54x_settlement
doc_0727,BRK01356,TRD102757,WIPRO,1500,612.14,NOMURA-BROKER,2026-08-07,SETTLEMENT,SETL_LATE_COUNTERPARTY,Counterparty has not settled by the expected date,P1,,template_mt54x_settlement
doc_0728,BRK01357,TRD102759,WIPRO,2000,609.39,KOTAK-CUST,2026-08-15,SETTLEMENT,SETL_MISSING_INSTRUCTION,No settlement instruction was ever issued,P0,,template_mt54x_settlement
doc_0729,BRK01360,TRD102769,HINDUNILVR,200,2748.53,HDFC-CUST,2026-08-14,SETTLEMENT,SETL_LATE_COUNTERPARTY,Counterparty has not settled by the expected date,P1,,template_mt54x_settlement
doc_0730,BRK01365,TRD102776,RELIANCE,1000,2843.12,ICICI-CUST,2026-08-21,SETTLEMENT,SETL_MISSING_INSTRUCTION,No settlement instruction was ever issued,P0,,template_mt54x_settlement
doc_0731,BRK01367,TRD102778,TATASTEEL,100,172.12,DEUTSCHE-BROKER,2026-08-12,SETTLEMENT,SETL_WRONG_SSI,Settlement instruction references the wrong SSI/beneficiary account - the payment-failure flagship scenario,P0,,template_mt54x_settlement
doc_0732,BRK01370,TRD102784,LT,100,3687.94,HDFC-CUST,2026-08-19,SETTLEMENT,SETL_LATE_COUNTERPARTY,Counterparty has not settled by the expected date,P1,,template_mt54x_settlement
doc_0733,BRK01377,TRD102797,ICICIBANK,200,1243.39,KOTAK-CUST,2026-08-09,SETTLEMENT,SETL_LATE_COUNTERPARTY,Counterparty has not settled by the expected date,P1,,template_mt54x_settlement
doc_0734,BRK01385,TRD102820,TCS,1500,4138.95,KOTAK-CUST,2026-08-19,SETTLEMENT,SETL_WRONG_SSI,Settlement instruction references the wrong SSI/beneficiary account - the payment-failure flagship scenario,P0,,template_mt54x_settlement
doc_0735,BRK01395,TRD102832,KOTAKBANK,250,1947.27,HDFC-CUST,2026-08-11,SETTLEMENT,SETL_INCORRECT_DATE,Settlement recorded against the wrong date (holiday-calendar-style off-by-one),P2,,template_mt54x_settlement
doc_0736,BRK01403,TRD102852,WIPRO,1000,611.23,NOMURA-BROKER,2026-08-09,SETTLEMENT,SETL_WRONG_SSI,Settlement instruction references the wrong SSI/beneficiary account - the payment-failure flagship scenario,P0,,template_mt54x_settlement
doc_0737,BRK01410,TRD102866,ITC,750,467.42,NOMURA-BROKER,2026-08-03,SETTLEMENT,SETL_WRONG_SSI,Settlement instruction references the wrong SSI/beneficiary account - the payment-failure flagship scenario,P0,,template_mt54x_settlement
doc_0738,BRK01429,TRD102897,KOTAKBANK,250,1965.3,DEUTSCHE-BROKER,2026-08-04,SETTLEMENT,SETL_INCORRECT_DATE,Settlement recorded against the wrong date (holiday-calendar-style off-by-one),P2,,template_mt54x_settlement
doc_0739,BRK01432,TRD102901,ITC,100,468.91,DEUTSCHE-BROKER,2026-08-13,SETTLEMENT,SETL_MISSING_INSTRUCTION,No settlement instruction was ever issued,P0,,template_mt54x_settlement
doc_0740,BRK01433,TRD102903,TATASTEEL,250,171.73,DEUTSCHE-BROKER,2026-08-18,SETTLEMENT,SETL_WRONG_SSI,Settlement instruction references the wrong SSI/beneficiary account - the payment-failure flagship scenario,P0,,template_mt54x_settlement
doc_0741,BRK01435,TRD102905,BHARTIARTL,1500,1698.51,MORGANSTANLEY-BROKER,2026-08-11,SETTLEMENT,SETL_INCORRECT_DATE,Settlement recorded against the wrong date (holiday-calendar-style off-by-one),P2,,template_mt54x_settlement
doc_0742,BRK01459,TRD102964,KOTAKBANK,1000,1948.83,HDFC-CUST,2026-08-04,SETTLEMENT,SETL_MISSING_INSTRUCTION,No settlement instruction was ever issued,P0,,template_mt54x_settlement
doc_0743,BRK01462,TRD102967,HINDUNILVR,2000,2733.11,KOTAK-CUST,2026-08-12,SETTLEMENT,SETL_WRONG_SSI,Settlement instruction references the wrong SSI/beneficiary account - the payment-failure flagship scenario,P0,,template_mt54x_settlement
doc_0744,BRK01464,TRD102972,INFY,1500,1899.31,ICICI-CUST,2026-08-02,SETTLEMENT,SETL_WRONG_SSI,Settlement instruction references the wrong SSI/beneficiary account - the payment-failure flagship scenario,P0,,template_mt54x_settlement
doc_0745,BRK01468,TRD102981,TCS,200,4114.65,KOTAK-CUST,2026-08-02,SETTLEMENT,SETL_LATE_COUNTERPARTY,Counterparty has not settled by the expected date,P1,,template_mt54x_settlement
doc_0746,BRK01471,TRD102984,ICICIBANK,750,1241.36,DEUTSCHE-BROKER,2026-08-15,SETTLEMENT,SETL_INCORRECT_DATE,Settlement recorded against the wrong date (holiday-calendar-style off-by-one),P2,,template_mt54x_settlement
doc_0747,BRK01475,TRD102993,MARUTI,1000,12994.81,MORGANSTANLEY-BROKER,2026-08-18,SETTLEMENT,SETL_LATE_COUNTERPARTY,Counterparty has not settled by the expected date,P1,,template_mt54x_settlement
doc_0748,BRK01483,TRD103016,WIPRO,1500,610.38,MORGANSTANLEY-BROKER,2026-08-14,SETTLEMENT,SETL_LATE_COUNTERPARTY,Counterparty has not settled by the expected date,P1,,template_mt54x_settlement
doc_0749,BRK01491,TRD103028,HINDUNILVR,1000,2738.71,HDFC-CUST,2026-08-03,SETTLEMENT,SETL_INCORRECT_DATE,Settlement recorded against the wrong date (holiday-calendar-style off-by-one),P2,,template_mt54x_settlement
doc_0750,BRK01493,TRD103030,INFY,500,1881.4,NOMURA-BROKER,2026-08-10,SETTLEMENT,SETL_WRONG_SSI,Settlement instruction references the wrong SSI/beneficiary account - the payment-failure flagship scenario,P0,,template_mt54x_settlement
doc_0751,BRK01499,TRD103040,TCS,250,4103.63,ICICI-CUST,2026-08-03,SETTLEMENT,SETL_LATE_COUNTERPARTY,Counterparty has not settled by the expected date,P1,,template_mt54x_settlement
doc_0752,BRK01506,TRD103049,HDFCBANK,750,1671.76,ICICI-CUST,2026-08-16,SETTLEMENT,SETL_WRONG_SSI,Settlement instruction references the wrong SSI/beneficiary account - the payment-failure flagship scenario,P0,,template_mt54x_settlement
doc_0753,BRK01510,TRD103058,TATASTEEL,1500,171.96,MORGANSTANLEY-BROKER,2026-08-06,SETTLEMENT,SETL_INCORRECT_DATE,Settlement recorded against the wrong date (holiday-calendar-style off-by-one),P2,,template_mt54x_settlement
doc_0754,BRK01511,TRD103059,HINDUNILVR,1500,2738.26,DEUTSCHE-BROKER,2026-08-09,SETTLEMENT,SETL_WRONG_SSI,Settlement instruction references the wrong SSI/beneficiary account - the payment-failure flagship scenario,P0,,template_mt54x_settlement
doc_0755,BRK01527,TRD103100,SBIN,500,846.47,NOMURA-BROKER,2026-08-15,SETTLEMENT,SETL_MISSING_INSTRUCTION,No settlement instruction was ever issued,P0,,template_mt54x_settlement
doc_0756,BRK01529,TRD103102,ICICIBANK,2000,1236.37,DEUTSCHE-BROKER,2026-08-21,SETTLEMENT,SETL_WRONG_SSI,Settlement instruction references the wrong SSI/beneficiary account - the payment-failure flagship scenario,P0,,template_mt54x_settlement
doc_0757,BRK01530,TRD103103,TCS,2000,4123.8,DEUTSCHE-BROKER,2026-08-14,SETTLEMENT,SETL_MISSING_INSTRUCTION,No settlement instruction was ever issued,P0,,template_mt54x_settlement
doc_0758,BRK01537,TRD103115,RELIANCE,500,2837.56,NOMURA-BROKER,2026-08-13,SETTLEMENT,SETL_LATE_COUNTERPARTY,Counterparty has not settled by the expected date,P1,,template_mt54x_settlement
doc_0759,BRK01540,TRD103121,TATASTEEL,750,172.11,HDFC-CUST,2026-08-10,SETTLEMENT,SETL_INCORRECT_DATE,Settlement recorded against the wrong date (holiday-calendar-style off-by-one),P2,,template_mt54x_settlement
doc_0760,BRK01548,TRD103138,ITC,200,466.81,MORGANSTANLEY-BROKER,2026-08-03,SETTLEMENT,SETL_MISSING_INSTRUCTION,No settlement instruction was ever issued,P0,,template_mt54x_settlement
doc_0761,BRK01555,TRD103148,SBIN,250,842.41,DEUTSCHE-BROKER,2026-08-11,SETTLEMENT,SETL_INCORRECT_DATE,Settlement recorded against the wrong date (holiday-calendar-style off-by-one),P2,,template_mt54x_settlement
doc_0762,BRK01556,TRD103149,TATASTEEL,1000,172.84,MORGANSTANLEY-BROKER,2026-08-17,SETTLEMENT,SETL_LATE_COUNTERPARTY,Counterparty has not settled by the expected date,P1,,template_mt54x_settlement
doc_0763,BRK01559,TRD103157,TCS,200,4122.41,NOMURA-BROKER,2026-08-15,SETTLEMENT,SETL_MISSING_INSTRUCTION,No settlement instruction was ever issued,P0,,template_mt54x_settlement
doc_0764,BRK01563,TRD103161,INFY,250,1882.2,DEUTSCHE-BROKER,2026-08-20,SETTLEMENT,SETL_LATE_COUNTERPARTY,Counterparty has not settled by the expected date,P1,,template_mt54x_settlement
doc_0765,BRK01564,TRD103162,ICICIBANK,500,1242.53,ICICI-CUST,2026-08-16,SETTLEMENT,SETL_INCORRECT_DATE,Settlement recorded against the wrong date (holiday-calendar-style off-by-one),P2,,template_mt54x_settlement
doc_0766,BRK01575,TRD103185,ITC,100,470.57,MORGANSTANLEY-BROKER,2026-08-19,SETTLEMENT,SETL_MISSING_INSTRUCTION,No settlement instruction was ever issued,P0,,template_mt54x_settlement
doc_0767,BRK01577,TRD103195,INFY,750,1898.59,DEUTSCHE-BROKER,2026-08-18,SETTLEMENT,SETL_WRONG_SSI,Settlement instruction references the wrong SSI/beneficiary account - the payment-failure flagship scenario,P0,,template_mt54x_settlement
doc_0768,BRK01580,TRD103200,LT,2000,3678.06,MORGANSTANLEY-BROKER,2026-08-13,SETTLEMENT,SETL_MISSING_INSTRUCTION,No settlement instruction was ever issued,P0,,template_mt54x_settlement
doc_0769,BRK01583,TRD103203,HDFCBANK,1500,1683.06,MORGANSTANLEY-BROKER,2026-08-07,SETTLEMENT,SETL_WRONG_SSI,Settlement instruction references the wrong SSI/beneficiary account - the payment-failure flagship scenario,P0,,template_mt54x_settlement
doc_0770,BRK01585,TRD103206,ITC,2000,467.18,KOTAK-CUST,2026-08-10,SETTLEMENT,SETL_INCORRECT_DATE,Settlement recorded against the wrong date (holiday-calendar-style off-by-one),P2,,template_mt54x_settlement
doc_0771,BRK01587,TRD103210,HINDUNILVR,750,2746.81,ICICI-CUST,2026-08-16,SETTLEMENT,SETL_WRONG_SSI,Settlement instruction references the wrong SSI/beneficiary account - the payment-failure flagship scenario,P0,,template_mt54x_settlement
doc_0772,BRK01589,TRD103214,BHARTIARTL,200,1683.77,ICICI-CUST,2026-08-21,SETTLEMENT,SETL_WRONG_SSI,Settlement instruction references the wrong SSI/beneficiary account - the payment-failure flagship scenario,P0,,template_mt54x_settlement
doc_0773,BRK01593,TRD103219,BHARTIARTL,100,1682.12,DEUTSCHE-BROKER,2026-08-16,SETTLEMENT,SETL_WRONG_SSI,Settlement instruction references the wrong SSI/beneficiary account - the payment-failure flagship scenario,P0,,template_mt54x_settlement
doc_0774,BRK01595,TRD103225,HINDUNILVR,200,2759.29,MORGANSTANLEY-BROKER,2026-08-05,SETTLEMENT,SETL_WRONG_SSI,Settlement instruction references the wrong SSI/beneficiary account - the payment-failure flagship scenario,P0,,template_mt54x_settlement
doc_0775,BRK01598,TRD103229,HDFCBANK,750,1679.48,NOMURA-BROKER,2026-08-06,SETTLEMENT,SETL_LATE_COUNTERPARTY,Counterparty has not settled by the expected date,P1,,template_mt54x_settlement
doc_0776,BRK01600,TRD103231,HDFCBANK,250,1673.87,KOTAK-CUST,2026-08-22,SETTLEMENT,SETL_MISSING_INSTRUCTION,No settlement instruction was ever issued,P0,,template_mt54x_settlement
doc_0777,BRK01603,TRD103236,HINDUNILVR,1500,2746.71,NOMURA-BROKER,2026-08-14,SETTLEMENT,SETL_INCORRECT_DATE,Settlement recorded against the wrong date (holiday-calendar-style off-by-one),P2,,template_mt54x_settlement
doc_0778,BRK01616,TRD103256,TCS,200,4121.71,KOTAK-CUST,2026-08-04,SETTLEMENT,SETL_WRONG_SSI,Settlement instruction references the wrong SSI/beneficiary account - the payment-failure flagship scenario,P0,,template_mt54x_settlement
doc_0779,BRK01622,TRD103262,HINDUNILVR,250,2751.27,ICICI-CUST,2026-08-19,SETTLEMENT,SETL_INCORRECT_DATE,Settlement recorded against the wrong date (holiday-calendar-style off-by-one),P2,,template_mt54x_settlement
doc_0780,BRK01623,TRD103264,TATASTEEL,1500,171.83,KOTAK-CUST,2026-08-18,SETTLEMENT,SETL_WRONG_SSI,Settlement instruction references the wrong SSI/beneficiary account - the payment-failure flagship scenario,P0,,template_mt54x_settlement
doc_0781,BRK01636,TRD103292,HDFCBANK,100,1681.18,HDFC-CUST,2026-08-15,SETTLEMENT,SETL_LATE_COUNTERPARTY,Counterparty has not settled by the expected date,P1,,template_mt54x_settlement
doc_0782,BRK01643,TRD103305,TATASTEEL,100,172.67,HDFC-CUST,2026-08-04,SETTLEMENT,SETL_MISSING_INSTRUCTION,No settlement instruction was ever issued,P0,,template_mt54x_settlement
doc_0783,BRK01681,TRD103382,RELIANCE,250,2843.22,ICICI-CUST,2026-08-04,SETTLEMENT,SETL_INCORRECT_DATE,Settlement recorded against the wrong date (holiday-calendar-style off-by-one),P2,,template_mt54x_settlement
doc_0784,BRK01682,TRD103383,TATASTEEL,1000,172.18,ICICI-CUST,2026-08-03,SETTLEMENT,SETL_WRONG_SSI,Settlement instruction references the wrong SSI/beneficiary account - the payment-failure flagship scenario,P0,,template_mt54x_settlement
doc_0785,BRK01704,TRD103417,AXISBANK,100,1183.65,NOMURA-BROKER,2026-08-21,SETTLEMENT,SETL_MISSING_INSTRUCTION,No settlement instruction was ever issued,P0,,template_mt54x_settlement
doc_0786,BRK01725,TRD103454,ICICIBANK,500,1239.1,ICICI-CUST,2026-08-15,SETTLEMENT,SETL_LATE_COUNTERPARTY,Counterparty has not settled by the expected date,P1,,template_mt54x_settlement
doc_0787,BRK01731,TRD103464,ICICIBANK,1500,1244.09,MORGANSTANLEY-BROKER,2026-08-04,SETTLEMENT,SETL_MISSING_INSTRUCTION,No settlement instruction was ever issued,P0,,template_mt54x_settlement
doc_0788,BRK01733,TRD103466,HINDUNILVR,250,2747.74,DEUTSCHE-BROKER,2026-08-02,SETTLEMENT,SETL_WRONG_SSI,Settlement instruction references the wrong SSI/beneficiary account - the payment-failure flagship scenario,P0,,template_mt54x_settlement
doc_0789,BRK01734,TRD103468,TCS,250,4117.4,HDFC-CUST,2026-08-12,SETTLEMENT,SETL_WRONG_SSI,Settlement instruction references the wrong SSI/beneficiary account - the payment-failure flagship scenario,P0,,template_mt54x_settlement
doc_0790,BRK01736,TRD103474,HDFCBANK,100,1672.99,MORGANSTANLEY-BROKER,2026-08-21,SETTLEMENT,SETL_LATE_COUNTERPARTY,Counterparty has not settled by the expected date,P1,,template_mt54x_settlement
doc_0791,BRK01737,TRD103475,HDFCBANK,750,1677.86,ICICI-CUST,2026-08-09,SETTLEMENT,SETL_INCORRECT_DATE,Settlement recorded against the wrong date (holiday-calendar-style off-by-one),P2,,template_mt54x_settlement
doc_0792,BRK01740,TRD103480,RELIANCE,250,2848.0,ICICI-CUST,2026-08-11,SETTLEMENT,SETL_WRONG_SSI,Settlement instruction references the wrong SSI/beneficiary account - the payment-failure flagship scenario,P0,,template_mt54x_settlement
doc_0793,BRK01742,TRD103483,KOTAKBANK,750,1962.21,KOTAK-CUST,2026-08-18,SETTLEMENT,SETL_WRONG_SSI,Settlement instruction references the wrong SSI/beneficiary account - the payment-failure flagship scenario,P0,,template_mt54x_settlement
doc_0794,BRK01744,TRD103486,TATASTEEL,200,172.83,ICICI-CUST,2026-08-14,SETTLEMENT,SETL_LATE_COUNTERPARTY,Counterparty has not settled by the expected date,P1,,template_mt54x_settlement
doc_0795,BRK01756,TRD103518,RELIANCE,2000,2864.56,MORGANSTANLEY-BROKER,2026-08-15,SETTLEMENT,SETL_MISSING_INSTRUCTION,No settlement instruction was ever issued,P0,,template_mt54x_settlement
doc_0796,BRK01758,TRD103523,ICICIBANK,500,1244.47,DEUTSCHE-BROKER,2026-08-11,SETTLEMENT,SETL_WRONG_SSI,Settlement instruction references the wrong SSI/beneficiary account - the payment-failure flagship scenario,P0,,template_mt54x_settlement
doc_0797,BRK01760,TRD103525,KOTAKBANK,1000,1962.55,ICICI-CUST,2026-08-05,SETTLEMENT,SETL_LATE_COUNTERPARTY,Counterparty has not settled by the expected date,P1,,template_mt54x_settlement
doc_0798,BRK01763,TRD103534,KOTAKBANK,100,1965.04,KOTAK-CUST,2026-08-19,SETTLEMENT,SETL_INCORRECT_DATE,Settlement recorded against the wrong date (holiday-calendar-style off-by-one),P2,,template_mt54x_settlement
doc_0799,BRK01772,TRD103555,RELIANCE,1000,2842.69,NOMURA-BROKER,2026-08-17,SETTLEMENT,SETL_LATE_COUNTERPARTY,Counterparty has not settled by the expected date,P1,,template_mt54x_settlement
doc_0800,BRK01783,TRD103575,SBIN,1000,845.85,KOTAK-CUST,2026-08-11,SETTLEMENT,SETL_INCORRECT_DATE,Settlement recorded against the wrong date (holiday-calendar-style off-by-one),P2,,template_mt54x_settlement
doc_0801,BRK01784,TRD103576,BHARTIARTL,250,1696.6,NOMURA-BROKER,2026-08-21,SETTLEMENT,SETL_LATE_COUNTERPARTY,Counterparty has not settled by the expected date,P1,,template_mt54x_settlement
doc_0802,BRK01786,TRD103580,HINDUNILVR,1500,2756.63,ICICI-CUST,2026-08-14,SETTLEMENT,SETL_MISSING_INSTRUCTION,No settlement instruction was ever issued,P0,,template_mt54x_settlement
doc_0803,BRK01793,TRD103591,SBIN,2000,841.79,HDFC-CUST,2026-08-07,SETTLEMENT,SETL_INCORRECT_DATE,Settlement recorded against the wrong date (holiday-calendar-style off-by-one),P2,,template_mt54x_settlement
doc_0804,BRK01794,TRD103592,HINDUNILVR,200,2746.75,ICICI-CUST,2026-08-09,SETTLEMENT,SETL_LATE_COUNTERPARTY,Counterparty has not settled by the expected date,P1,,template_mt54x_settlement
doc_0805,BRK01800,TRD103600,HDFCBANK,250,1675.47,HDFC-CUST,2026-08-11,SETTLEMENT,SETL_MISSING_INSTRUCTION,No settlement instruction was ever issued,P0,,template_mt54x_settlement
doc_0806,BRK01803,TRD103609,BHARTIARTL,100,1687.61,HDFC-CUST,2026-08-12,SETTLEMENT,SETL_WRONG_SSI,Settlement instruction references the wrong SSI/beneficiary account - the payment-failure flagship scenario,P0,,template_mt54x_settlement
doc_0807,BRK01804,TRD103614,HDFCBANK,1500,1670.02,NOMURA-BROKER,2026-08-18,SETTLEMENT,SETL_WRONG_SSI,Settlement instruction references the wrong SSI/beneficiary account - the payment-failure flagship scenario,P0,,template_mt54x_settlement
doc_0808,BRK01807,TRD103618,RELIANCE,1000,2859.45,KOTAK-CUST,2026-08-02,SETTLEMENT,SETL_LATE_COUNTERPARTY,Counterparty has not settled by the expected date,P1,,template_mt54x_settlement
doc_0809,BRK01809,TRD103621,TCS,250,4129.76,NOMURA-BROKER,2026-08-20,SETTLEMENT,SETL_WRONG_SSI,Settlement instruction references the wrong SSI/beneficiary account - the payment-failure flagship scenario,P0,,template_mt54x_settlement
doc_0810,BRK01811,TRD103626,WIPRO,2000,611.85,ICICI-CUST,2026-08-17,SETTLEMENT,SETL_WRONG_SSI,Settlement instruction references the wrong SSI/beneficiary account - the payment-failure flagship scenario,P0,,template_mt54x_settlement
doc_0811,BRK01813,TRD103631,RELIANCE,1000,2850.94,MORGANSTANLEY-BROKER,2026-08-16,SETTLEMENT,SETL_INCORRECT_DATE,Settlement recorded against the wrong date (holiday-calendar-style off-by-one),P2,,template_mt54x_settlement
doc_0812,BRK01820,TRD103640,SBIN,200,842.67,KOTAK-CUST,2026-08-10,SETTLEMENT,SETL_INCORRECT_DATE,Settlement recorded against the wrong date (holiday-calendar-style off-by-one),P2,,template_mt54x_settlement
doc_0813,BRK01825,TRD103648,KOTAKBANK,200,1962.03,MORGANSTANLEY-BROKER,2026-08-17,SETTLEMENT,SETL_LATE_COUNTERPARTY,Counterparty has not settled by the expected date,P1,,template_mt54x_settlement
doc_0814,BRK01833,TRD103661,WIPRO,750,607.95,HDFC-CUST,2026-08-15,SETTLEMENT,SETL_LATE_COUNTERPARTY,Counterparty has not settled by the expected date,P1,,template_mt54x_settlement
doc_0815,BRK01839,TRD103669,WIPRO,250,608.64,ICICI-CUST,2026-08-17,SETTLEMENT,SETL_MISSING_INSTRUCTION,No settlement instruction was ever issued,P0,,template_mt54x_settlement
doc_0816,BRK01842,TRD103673,TCS,2000,4117.48,KOTAK-CUST,2026-08-12,SETTLEMENT,SETL_WRONG_SSI,Settlement instruction references the wrong SSI/beneficiary account - the payment-failure flagship scenario,P0,,template_mt54x_settlement
doc_0817,BRK01843,TRD103675,AXISBANK,200,1178.13,ICICI-CUST,2026-08-21,SETTLEMENT,SETL_LATE_COUNTERPARTY,Counterparty has not settled by the expected date,P1,,template_mt54x_settlement
doc_0818,BRK01855,TRD103694,AXISBANK,2000,1184.72,MORGANSTANLEY-BROKER,2026-08-16,SETTLEMENT,SETL_MISSING_INSTRUCTION,No settlement instruction was ever issued,P0,,template_mt54x_settlement
doc_0819,BRK01857,TRD103698,MARUTI,100,12923.72,HDFC-CUST,2026-08-08,SETTLEMENT,SETL_WRONG_SSI,Settlement instruction references the wrong SSI/beneficiary account - the payment-failure flagship scenario,P0,,template_mt54x_settlement
doc_0820,BRK01860,TRD103707,SBIN,1000,845.98,ICICI-CUST,2026-08-22,SETTLEMENT,SETL_INCORRECT_DATE,Settlement recorded against the wrong date (holiday-calendar-style off-by-one),P2,,template_mt54x_settlement
doc_0821,BRK01861,TRD103708,WIPRO,200,609.89,ICICI-CUST,2026-08-16,SETTLEMENT,SETL_WRONG_SSI,Settlement instruction references the wrong SSI/beneficiary account - the payment-failure flagship scenario,P0,,template_mt54x_settlement
doc_0822,BRK01866,TRD103716,BHARTIARTL,1500,1689.31,ICICI-CUST,2026-08-04,SETTLEMENT,SETL_INCORRECT_DATE,Settlement recorded against the wrong date (holiday-calendar-style off-by-one),P2,,template_mt54x_settlement
doc_0823,BRK01871,TRD103726,WIPRO,1500,612.75,KOTAK-CUST,2026-08-22,SETTLEMENT,SETL_INCORRECT_DATE,Settlement recorded against the wrong date (holiday-calendar-style off-by-one),P2,,template_mt54x_settlement
doc_0824,BRK01877,TRD103737,WIPRO,1000,610.36,ICICI-CUST,2026-08-03,SETTLEMENT,SETL_LATE_COUNTERPARTY,Counterparty has not settled by the expected date,P1,,template_mt54x_settlement
doc_0825,BRK01883,TRD103747,INFY,750,1894.85,KOTAK-CUST,2026-08-05,SETTLEMENT,SETL_MISSING_INSTRUCTION,No settlement instruction was ever issued,P0,,template_mt54x_settlement
doc_0826,BRK01886,TRD103755,LT,1500,3696.91,HDFC-CUST,2026-08-05,SETTLEMENT,SETL_WRONG_SSI,Settlement instruction references the wrong SSI/beneficiary account - the payment-failure flagship scenario,P0,,template_mt54x_settlement
doc_0827,BRK01888,TRD103758,AXISBANK,2000,1179.4,HDFC-CUST,2026-08-02,SETTLEMENT,SETL_LATE_COUNTERPARTY,Counterparty has not settled by the expected date,P1,,template_mt54x_settlement
doc_0828,BRK01889,TRD103763,MARUTI,1000,12988.14,KOTAK-CUST,2026-08-04,SETTLEMENT,SETL_LATE_COUNTERPARTY,Counterparty has not settled by the expected date,P1,,template_mt54x_settlement
doc_0829,BRK01893,TRD103772,HDFCBANK,100,1673.74,DEUTSCHE-BROKER,2026-08-05,SETTLEMENT,SETL_MISSING_INSTRUCTION,No settlement instruction was ever issued,P0,,template_mt54x_settlement
doc_0830,BRK01896,TRD103778,LT,100,3682.21,DEUTSCHE-BROKER,2026-08-06,SETTLEMENT,SETL_WRONG_SSI,Settlement instruction references the wrong SSI/beneficiary account - the payment-failure flagship scenario,P0,,template_mt54x_settlement
doc_0831,BRK01901,TRD103785,TCS,1500,4118.75,DEUTSCHE-BROKER,2026-08-02,SETTLEMENT,SETL_WRONG_SSI,Settlement instruction references the wrong SSI/beneficiary account - the payment-failure flagship scenario,P0,,template_mt54x_settlement
doc_0832,BRK01903,TRD103792,WIPRO,100,613.13,DEUTSCHE-BROKER,2026-08-15,SETTLEMENT,SETL_MISSING_INSTRUCTION,No settlement instruction was ever issued,P0,,template_mt54x_settlement
doc_0833,BRK01904,TRD103795,INFY,1500,1896.98,DEUTSCHE-BROKER,2026-08-05,SETTLEMENT,SETL_INCORRECT_DATE,Settlement recorded against the wrong date (holiday-calendar-style off-by-one),P2,,template_mt54x_settlement
doc_0834,BRK01912,TRD103819,TCS,750,4135.54,KOTAK-CUST,2026-08-22,SETTLEMENT,SETL_MISSING_INSTRUCTION,No settlement instruction was ever issued,P0,,template_mt54x_settlement
doc_0835,BRK01916,TRD103824,SBIN,250,842.56,MORGANSTANLEY-BROKER,2026-08-06,SETTLEMENT,SETL_LATE_COUNTERPARTY,Counterparty has not settled by the expected date,P1,,template_mt54x_settlement
doc_0836,BRK01922,TRD103842,AXISBANK,1500,1181.03,NOMURA-BROKER,2026-08-03,SETTLEMENT,SETL_MISSING_INSTRUCTION,No settlement instruction was ever issued,P0,,template_mt54x_settlement
doc_0837,BRK01923,TRD103844,TCS,100,4116.16,DEUTSCHE-BROKER,2026-08-15,SETTLEMENT,SETL_WRONG_SSI,Settlement instruction references the wrong SSI/beneficiary account - the payment-failure flagship scenario,P0,,template_mt54x_settlement
doc_0838,BRK01927,TRD103850,LT,750,3686.6,NOMURA-BROKER,2026-08-09,SETTLEMENT,SETL_LATE_COUNTERPARTY,Counterparty has not settled by the expected date,P1,,template_mt54x_settlement
doc_0839,BRK01931,TRD103858,HDFCBANK,100,1671.51,MORGANSTANLEY-BROKER,2026-08-06,SETTLEMENT,SETL_INCORRECT_DATE,Settlement recorded against the wrong date (holiday-calendar-style off-by-one),P2,,template_mt54x_settlement
doc_0840,BRK01942,TRD103874,MARUTI,500,12972.72,MORGANSTANLEY-BROKER,2026-08-05,SETTLEMENT,SETL_MISSING_INSTRUCTION,No settlement instruction was ever issued,P0,,template_mt54x_settlement
doc_0841,BRK01943,TRD103875,HDFCBANK,200,1682.24,DEUTSCHE-BROKER,2026-08-16,SETTLEMENT,SETL_LATE_COUNTERPARTY,Counterparty has not settled by the expected date,P1,,template_mt54x_settlement
doc_0842,BRK01950,TRD103887,BHARTIARTL,500,1684.09,MORGANSTANLEY-BROKER,2026-08-17,SETTLEMENT,SETL_MISSING_INSTRUCTION,No settlement instruction was ever issued,P0,,template_mt54x_settlement
doc_0843,BRK01957,TRD103900,AXISBANK,500,1183.08,MORGANSTANLEY-BROKER,2026-08-02,SETTLEMENT,SETL_MISSING_INSTRUCTION,No settlement instruction was ever issued,P0,,template_mt54x_settlement
doc_0844,BRK01962,TRD103907,KOTAKBANK,250,1959.48,NOMURA-BROKER,2026-08-20,SETTLEMENT,SETL_LATE_COUNTERPARTY,Counterparty has not settled by the expected date,P1,,template_mt54x_settlement
doc_0845,BRK01963,TRD103909,BHARTIARTL,500,1693.29,DEUTSCHE-BROKER,2026-08-18,SETTLEMENT,SETL_MISSING_INSTRUCTION,No settlement instruction was ever issued,P0,,template_mt54x_settlement
doc_0846,BRK01967,TRD103913,HINDUNILVR,250,2757.64,MORGANSTANLEY-BROKER,2026-08-19,SETTLEMENT,SETL_MISSING_INSTRUCTION,No settlement instruction was ever issued,P0,,template_mt54x_settlement
doc_0847,BRK01972,TRD103925,BHARTIARTL,750,1689.51,DEUTSCHE-BROKER,2026-08-17,SETTLEMENT,SETL_WRONG_SSI,Settlement instruction references the wrong SSI/beneficiary account - the payment-failure flagship scenario,P0,,template_mt54x_settlement
doc_0848,BRK01973,TRD103927,TATASTEEL,500,172.42,DEUTSCHE-BROKER,2026-08-05,SETTLEMENT,SETL_LATE_COUNTERPARTY,Counterparty has not settled by the expected date,P1,,template_mt54x_settlement
doc_0849,BRK01981,TRD103949,TATASTEEL,200,172.76,NOMURA-BROKER,2026-08-20,SETTLEMENT,SETL_MISSING_INSTRUCTION,No settlement instruction was ever issued,P0,,template_mt54x_settlement
doc_0850,BRK02015,TRD104005,ICICIBANK,250,1241.69,DEUTSCHE-BROKER,2026-08-02,SETTLEMENT,SETL_INCORRECT_DATE,Settlement recorded against the wrong date (holiday-calendar-style off-by-one),P2,,template_mt54x_settlement
doc_0851,BRK02022,TRD104018,ITC,1000,469.01,MORGANSTANLEY-BROKER,2026-08-02,SETTLEMENT,SETL_LATE_COUNTERPARTY,Counterparty has not settled by the expected date,P1,,template_mt54x_settlement
doc_0852,BRK02026,TRD104029,HDFCBANK,200,1669.16,MORGANSTANLEY-BROKER,2026-08-16,SETTLEMENT,SETL_MISSING_INSTRUCTION,No settlement instruction was ever issued,P0,,template_mt54x_settlement
doc_0853,BRK02036,TRD104053,KOTAKBANK,750,1949.72,MORGANSTANLEY-BROKER,2026-08-04,SETTLEMENT,SETL_MISSING_INSTRUCTION,No settlement instruction was ever issued,P0,,template_mt54x_settlement
doc_0854,BRK02041,TRD104061,KOTAKBANK,2000,1954.43,ICICI-CUST,2026-08-17,SETTLEMENT,SETL_WRONG_SSI,Settlement instruction references the wrong SSI/beneficiary account - the payment-failure flagship scenario,P0,,template_mt54x_settlement
doc_0855,BRK02043,TRD104066,WIPRO,750,611.19,HDFC-CUST,2026-08-03,SETTLEMENT,SETL_LATE_COUNTERPARTY,Counterparty has not settled by the expected date,P1,,template_mt54x_settlement
doc_0856,BRK02044,TRD104068,AXISBANK,500,1177.57,NOMURA-BROKER,2026-08-16,SETTLEMENT,SETL_WRONG_SSI,Settlement instruction references the wrong SSI/beneficiary account - the payment-failure flagship scenario,P0,,template_mt54x_settlement
doc_0857,BRK02050,TRD104078,BHARTIARTL,2000,1685.06,ICICI-CUST,2026-08-03,SETTLEMENT,SETL_WRONG_SSI,Settlement instruction references the wrong SSI/beneficiary account - the payment-failure flagship scenario,P0,,template_mt54x_settlement
doc_0858,BRK02057,TRD104092,ICICIBANK,200,1235.48,DEUTSCHE-BROKER,2026-08-16,SETTLEMENT,SETL_LATE_COUNTERPARTY,Counterparty has not settled by the expected date,P1,,template_mt54x_settlement
doc_0859,BRK02059,TRD104094,AXISBANK,1500,1186.04,HDFC-CUST,2026-08-15,SETTLEMENT,SETL_LATE_COUNTERPARTY,Counterparty has not settled by the expected date,P1,,template_mt54x_settlement
doc_0860,BRK02061,TRD104099,HINDUNILVR,200,2750.03,DEUTSCHE-BROKER,2026-08-07,SETTLEMENT,SETL_WRONG_SSI,Settlement instruction references the wrong SSI/beneficiary account - the payment-failure flagship scenario,P0,,template_mt54x_settlement
doc_0861,BRK02070,TRD104111,WIPRO,1500,607.93,KOTAK-CUST,2026-08-21,SETTLEMENT,SETL_WRONG_SSI,Settlement instruction references the wrong SSI/beneficiary account - the payment-failure flagship scenario,P0,,template_mt54x_settlement
doc_0862,BRK02072,TRD104113,LT,250,3687.43,HDFC-CUST,2026-08-05,SETTLEMENT,SETL_LATE_COUNTERPARTY,Counterparty has not settled by the expected date,P1,,template_mt54x_settlement
doc_0863,BRK02077,TRD104123,MARUTI,1500,13031.66,NOMURA-BROKER,2026-08-05,SETTLEMENT,SETL_LATE_COUNTERPARTY,Counterparty has not settled by the expected date,P1,,template_mt54x_settlement
doc_0864,BRK02078,TRD104126,HDFCBANK,200,1672.08,ICICI-CUST,2026-08-08,SETTLEMENT,SETL_INCORRECT_DATE,Settlement recorded against the wrong date (holiday-calendar-style off-by-one),P2,,template_mt54x_settlement
doc_0865,BRK02086,TRD104140,SBIN,1500,849.74,MORGANSTANLEY-BROKER,2026-08-02,SETTLEMENT,SETL_MISSING_INSTRUCTION,No settlement instruction was ever issued,P0,,template_mt54x_settlement
doc_0866,BRK02087,TRD104141,ICICIBANK,2000,1238.96,MORGANSTANLEY-BROKER,2026-08-21,SETTLEMENT,SETL_LATE_COUNTERPARTY,Counterparty has not settled by the expected date,P1,,template_mt54x_settlement
doc_0867,BRK02088,TRD104142,ITC,100,468.06,HDFC-CUST,2026-08-22,SETTLEMENT,SETL_WRONG_SSI,Settlement instruction references the wrong SSI/beneficiary account - the payment-failure flagship scenario,P0,,template_mt54x_settlement
doc_0868,BRK02099,TRD104164,AXISBANK,100,1175.35,MORGANSTANLEY-BROKER,2026-08-10,SETTLEMENT,SETL_INCORRECT_DATE,Settlement recorded against the wrong date (holiday-calendar-style off-by-one),P2,,template_mt54x_settlement
doc_0869,BRK02109,TRD104181,ITC,1000,469.01,ICICI-CUST,2026-08-17,SETTLEMENT,SETL_INCORRECT_DATE,Settlement recorded against the wrong date (holiday-calendar-style off-by-one),P2,,template_mt54x_settlement
doc_0870,BRK02111,TRD104188,BHARTIARTL,500,1697.89,MORGANSTANLEY-BROKER,2026-08-16,SETTLEMENT,SETL_WRONG_SSI,Settlement instruction references the wrong SSI/beneficiary account - the payment-failure flagship scenario,P0,,template_mt54x_settlement
doc_0871,BRK02113,TRD104193,BHARTIARTL,2000,1686.7,HDFC-CUST,2026-08-10,SETTLEMENT,SETL_WRONG_SSI,Settlement instruction references the wrong SSI/beneficiary account - the payment-failure flagship scenario,P0,,template_mt54x_settlement
doc_0872,BRK02114,TRD104195,HDFCBANK,750,1668.3,DEUTSCHE-BROKER,2026-08-12,SETTLEMENT,SETL_INCORRECT_DATE,Settlement recorded against the wrong date (holiday-calendar-style off-by-one),P2,,template_mt54x_settlement
doc_0873,BRK02121,TRD104208,WIPRO,250,609.55,MORGANSTANLEY-BROKER,2026-08-12,SETTLEMENT,SETL_INCORRECT_DATE,Settlement recorded against the wrong date (holiday-calendar-style off-by-one),P2,,template_mt54x_settlement
doc_0874,BRK02125,TRD104215,ITC,1000,467.34,KOTAK-CUST,2026-08-16,SETTLEMENT,SETL_WRONG_SSI,Settlement instruction references the wrong SSI/beneficiary account - the payment-failure flagship scenario,P0,,template_mt54x_settlement
doc_0875,BRK02128,TRD104220,TATASTEEL,1000,171.72,ICICI-CUST,2026-08-08,SETTLEMENT,SETL_INCORRECT_DATE,Settlement recorded against the wrong date (holiday-calendar-style off-by-one),P2,,template_mt54x_settlement
doc_0876,BRK02129,TRD104221,LT,1000,3668.95,KOTAK-CUST,2026-08-15,SETTLEMENT,SETL_MISSING_INSTRUCTION,No settlement instruction was ever issued,P0,,template_mt54x_settlement
doc_0877,BRK02130,TRD104222,HDFCBANK,1000,1677.51,DEUTSCHE-BROKER,2026-08-05,SETTLEMENT,SETL_LATE_COUNTERPARTY,Counterparty has not settled by the expected date,P1,,template_mt54x_settlement
doc_0878,BRK02134,TRD104227,LT,200,3691.89,HDFC-CUST,2026-08-14,SETTLEMENT,SETL_MISSING_INSTRUCTION,No settlement instruction was ever issued,P0,,template_mt54x_settlement
doc_0879,BRK02141,TRD104245,RELIANCE,1000,2852.46,NOMURA-BROKER,2026-08-06,SETTLEMENT,SETL_INCORRECT_DATE,Settlement recorded against the wrong date (holiday-calendar-style off-by-one),P2,,template_mt54x_settlement
doc_0880,BRK02146,TRD104255,BHARTIARTL,750,1685.4,DEUTSCHE-BROKER,2026-08-05,SETTLEMENT,SETL_WRONG_SSI,Settlement instruction references the wrong SSI/beneficiary account - the payment-failure flagship scenario,P0,,template_mt54x_settlement
doc_0881,BRK02149,TRD104259,MARUTI,100,13029.94,NOMURA-BROKER,2026-08-05,SETTLEMENT,SETL_INCORRECT_DATE,Settlement recorded against the wrong date (holiday-calendar-style off-by-one),P2,,template_mt54x_settlement
doc_0882,BRK02150,TRD104262,HINDUNILVR,750,2755.4,MORGANSTANLEY-BROKER,2026-08-18,SETTLEMENT,SETL_WRONG_SSI,Settlement instruction references the wrong SSI/beneficiary account - the payment-failure flagship scenario,P0,,template_mt54x_settlement
doc_0883,BRK02152,TRD104267,INFY,1500,1890.18,KOTAK-CUST,2026-08-19,SETTLEMENT,SETL_WRONG_SSI,Settlement instruction references the wrong SSI/beneficiary account - the payment-failure flagship scenario,P0,,template_mt54x_settlement
doc_0884,BRK02155,TRD104281,TCS,1000,4132.23,KOTAK-CUST,2026-08-15,SETTLEMENT,SETL_MISSING_INSTRUCTION,No settlement instruction was ever issued,P0,,template_mt54x_settlement
doc_0885,BRK02174,TRD104327,TCS,2000,4114.48,NOMURA-BROKER,2026-08-02,SETTLEMENT,SETL_LATE_COUNTERPARTY,Counterparty has not settled by the expected date,P1,,template_mt54x_settlement
doc_0886,BRK02176,TRD104330,KOTAKBANK,200,1953.7,ICICI-CUST,2026-08-06,SETTLEMENT,SETL_INCORRECT_DATE,Settlement recorded against the wrong date (holiday-calendar-style off-by-one),P2,,template_mt54x_settlement
doc_0887,BRK02177,TRD104331,KOTAKBANK,1500,1954.63,KOTAK-CUST,2026-08-09,SETTLEMENT,SETL_MISSING_INSTRUCTION,No settlement instruction was ever issued,P0,,template_mt54x_settlement
doc_0888,BRK02178,TRD104332,ITC,500,468.28,NOMURA-BROKER,2026-08-13,SETTLEMENT,SETL_INCORRECT_DATE,Settlement recorded against the wrong date (holiday-calendar-style off-by-one),P2,,template_mt54x_settlement
doc_0889,BRK02179,TRD104334,HINDUNILVR,200,2758.42,KOTAK-CUST,2026-08-09,SETTLEMENT,SETL_MISSING_INSTRUCTION,No settlement instruction was ever issued,P0,,template_mt54x_settlement
doc_0890,BRK02180,TRD104335,AXISBANK,100,1175.23,ICICI-CUST,2026-08-08,SETTLEMENT,SETL_MISSING_INSTRUCTION,No settlement instruction was ever issued,P0,,template_mt54x_settlement
doc_0891,BRK02185,TRD104347,SBIN,1000,843.74,ICICI-CUST,2026-08-04,SETTLEMENT,SETL_INCORRECT_DATE,Settlement recorded against the wrong date (holiday-calendar-style off-by-one),P2,,template_mt54x_settlement
doc_0892,BRK02188,TRD104350,ITC,1500,468.96,MORGANSTANLEY-BROKER,2026-08-05,SETTLEMENT,SETL_MISSING_INSTRUCTION,No settlement instruction was ever issued,P0,,template_mt54x_settlement
doc_0893,BRK02192,TRD104354,HDFCBANK,100,1675.34,KOTAK-CUST,2026-08-14,SETTLEMENT,SETL_LATE_COUNTERPARTY,Counterparty has not settled by the expected date,P1,,template_mt54x_settlement
doc_0894,BRK02195,TRD104358,TCS,2000,4106.22,MORGANSTANLEY-BROKER,2026-08-11,SETTLEMENT,SETL_WRONG_SSI,Settlement instruction references the wrong SSI/beneficiary account - the payment-failure flagship scenario,P0,,template_mt54x_settlement
doc_0895,BRK02200,TRD104367,INFY,200,1899.01,ICICI-CUST,2026-08-09,SETTLEMENT,SETL_INCORRECT_DATE,Settlement recorded against the wrong date (holiday-calendar-style off-by-one),P2,,template_mt54x_settlement
doc_0896,BRK02203,TRD104370,SBIN,750,845.72,MORGANSTANLEY-BROKER,2026-08-06,SETTLEMENT,SETL_MISSING_INSTRUCTION,No settlement instruction was ever issued,P0,,template_mt54x_settlement
doc_0897,BRK02211,TRD104390,AXISBANK,1000,1184.0,DEUTSCHE-BROKER,2026-08-11,SETTLEMENT,SETL_INCORRECT_DATE,Settlement recorded against the wrong date (holiday-calendar-style off-by-one),P2,,template_mt54x_settlement
doc_0898,BRK02216,TRD104400,ITC,2000,469.32,ICICI-CUST,2026-08-16,SETTLEMENT,SETL_LATE_COUNTERPARTY,Counterparty has not settled by the expected date,P1,,template_mt54x_settlement
doc_0899,BRK02219,TRD104406,BHARTIARTL,1000,1693.01,KOTAK-CUST,2026-08-08,SETTLEMENT,SETL_WRONG_SSI,Settlement instruction references the wrong SSI/beneficiary account - the payment-failure flagship scenario,P0,,template_mt54x_settlement
doc_0900,BRK02224,TRD104422,TCS,2000,4115.02,KOTAK-CUST,2026-08-13,SETTLEMENT,SETL_MISSING_INSTRUCTION,No settlement instruction was ever issued,P0,,template_mt54x_settlement
doc_0901,BRK02238,TRD104455,BHARTIARTL,100,1696.8,ICICI-CUST,2026-08-22,SETTLEMENT,SETL_WRONG_SSI,Settlement instruction references the wrong SSI/beneficiary account - the payment-failure flagship scenario,P0,,template_mt54x_settlement
doc_0902,BRK02243,TRD104463,ITC,2000,467.73,KOTAK-CUST,2026-08-12,SETTLEMENT,SETL_INCORRECT_DATE,Settlement recorded against the wrong date (holiday-calendar-style off-by-one),P2,,template_mt54x_settlement
doc_0903,BRK02253,TRD104486,HDFCBANK,1000,1669.03,DEUTSCHE-BROKER,2026-08-02,SETTLEMENT,SETL_WRONG_SSI,Settlement instruction references the wrong SSI/beneficiary account - the payment-failure flagship scenario,P0,,template_mt54x_settlement
doc_0904,BRK02259,TRD104495,KOTAKBANK,1500,1952.45,MORGANSTANLEY-BROKER,2026-08-14,SETTLEMENT,SETL_WRONG_SSI,Settlement instruction references the wrong SSI/beneficiary account - the payment-failure flagship scenario,P0,,template_mt54x_settlement
doc_0905,BRK02261,TRD104499,ITC,500,469.97,MORGANSTANLEY-BROKER,2026-08-02,SETTLEMENT,SETL_INCORRECT_DATE,Settlement recorded against the wrong date (holiday-calendar-style off-by-one),P2,,template_mt54x_settlement
doc_0906,BRK02263,TRD104501,KOTAKBANK,750,1952.7,MORGANSTANLEY-BROKER,2026-08-11,SETTLEMENT,SETL_LATE_COUNTERPARTY,Counterparty has not settled by the expected date,P1,,template_mt54x_settlement
doc_0907,BRK02264,TRD104505,SBIN,1000,848.31,KOTAK-CUST,2026-08-08,SETTLEMENT,SETL_MISSING_INSTRUCTION,No settlement instruction was ever issued,P0,,template_mt54x_settlement
doc_0908,BRK02267,TRD104510,WIPRO,2000,607.96,DEUTSCHE-BROKER,2026-08-07,SETTLEMENT,SETL_LATE_COUNTERPARTY,Counterparty has not settled by the expected date,P1,,template_mt54x_settlement
doc_0909,BRK02272,TRD104526,HINDUNILVR,100,2741.12,DEUTSCHE-BROKER,2026-08-15,SETTLEMENT,SETL_INCORRECT_DATE,Settlement recorded against the wrong date (holiday-calendar-style off-by-one),P2,,template_mt54x_settlement
doc_0910,BRK02280,TRD104548,AXISBANK,2000,1174.39,HDFC-CUST,2026-08-09,SETTLEMENT,SETL_WRONG_SSI,Settlement instruction references the wrong SSI/beneficiary account - the payment-failure flagship scenario,P0,,template_mt54x_settlement
doc_0911,BRK02281,TRD104549,BHARTIARTL,750,1683.45,DEUTSCHE-BROKER,2026-08-22,SETTLEMENT,SETL_MISSING_INSTRUCTION,No settlement instruction was ever issued,P0,,template_mt54x_settlement
doc_0912,BRK02287,TRD104560,MARUTI,100,12972.75,ICICI-CUST,2026-08-05,SETTLEMENT,SETL_WRONG_SSI,Settlement instruction references the wrong SSI/beneficiary account - the payment-failure flagship scenario,P0,,template_mt54x_settlement
doc_0913,BRK02292,TRD104573,HINDUNILVR,200,2756.43,MORGANSTANLEY-BROKER,2026-08-17,SETTLEMENT,SETL_MISSING_INSTRUCTION,No settlement instruction was ever issued,P0,,template_mt54x_settlement
doc_0914,BRK02293,TRD104574,TATASTEEL,100,172.33,KOTAK-CUST,2026-08-13,SETTLEMENT,SETL_INCORRECT_DATE,Settlement recorded against the wrong date (holiday-calendar-style off-by-one),P2,,template_mt54x_settlement
doc_0915,BRK02299,TRD104589,KOTAKBANK,750,1956.27,NOMURA-BROKER,2026-08-17,SETTLEMENT,SETL_LATE_COUNTERPARTY,Counterparty has not settled by the expected date,P1,,template_mt54x_settlement
doc_0916,BRK02300,TRD104591,AXISBANK,250,1175.84,MORGANSTANLEY-BROKER,2026-08-04,SETTLEMENT,SETL_LATE_COUNTERPARTY,Counterparty has not settled by the expected date,P1,,template_mt54x_settlement
doc_0917,BRK02304,TRD104596,MARUTI,2000,12971.5,HDFC-CUST,2026-08-02,SETTLEMENT,SETL_LATE_COUNTERPARTY,Counterparty has not settled by the expected date,P1,,template_mt54x_settlement
doc_0918,BRK02312,TRD104610,HINDUNILVR,500,2751.68,HDFC-CUST,2026-08-20,SETTLEMENT,SETL_LATE_COUNTERPARTY,Counterparty has not settled by the expected date,P1,,template_mt54x_settlement
doc_0919,BRK02314,TRD104616,HDFCBANK,100,1680.17,ICICI-CUST,2026-08-19,SETTLEMENT,SETL_LATE_COUNTERPARTY,Counterparty has not settled by the expected date,P1,,template_mt54x_settlement
doc_0920,BRK02315,TRD104617,HDFCBANK,100,1679.27,NOMURA-BROKER,2026-08-18,SETTLEMENT,SETL_MISSING_INSTRUCTION,No settlement instruction was ever issued,P0,,template_mt54x_settlement
doc_0921,BRK02320,TRD104628,RELIANCE,2000,2840.09,KOTAK-CUST,2026-08-09,SETTLEMENT,SETL_WRONG_SSI,Settlement instruction references the wrong SSI/beneficiary account - the payment-failure flagship scenario,P0,,template_mt54x_settlement
doc_0922,BRK02321,TRD104630,TATASTEEL,750,171.93,KOTAK-CUST,2026-08-16,SETTLEMENT,SETL_INCORRECT_DATE,Settlement recorded against the wrong date (holiday-calendar-style off-by-one),P2,,template_mt54x_settlement
doc_0923,BRK02322,TRD104636,HINDUNILVR,1000,2747.04,KOTAK-CUST,2026-08-05,SETTLEMENT,SETL_MISSING_INSTRUCTION,No settlement instruction was ever issued,P0,,template_mt54x_settlement
doc_0924,BRK02323,TRD104638,AXISBANK,250,1177.84,KOTAK-CUST,2026-08-05,SETTLEMENT,SETL_MISSING_INSTRUCTION,No settlement instruction was ever issued,P0,,template_mt54x_settlement
doc_0925,BRK02327,TRD104646,ITC,2000,469.86,MORGANSTANLEY-BROKER,2026-08-19,SETTLEMENT,SETL_WRONG_SSI,Settlement instruction references the wrong SSI/beneficiary account - the payment-failure flagship scenario,P0,,template_mt54x_settlement
doc_0926,BRK02347,TRD104686,BHARTIARTL,200,1689.9,HDFC-CUST,2026-08-04,SETTLEMENT,SETL_LATE_COUNTERPARTY,Counterparty has not settled by the expected date,P1,,template_mt54x_settlement
doc_0927,BRK02352,TRD104697,AXISBANK,1500,1182.86,DEUTSCHE-BROKER,2026-08-06,SETTLEMENT,SETL_WRONG_SSI,Settlement instruction references the wrong SSI/beneficiary account - the payment-failure flagship scenario,P0,,template_mt54x_settlement
doc_0928,BRK02362,TRD104721,RELIANCE,100,2845.98,ICICI-CUST,2026-08-17,SETTLEMENT,SETL_WRONG_SSI,Settlement instruction references the wrong SSI/beneficiary account - the payment-failure flagship scenario,P0,,template_mt54x_settlement
doc_0929,BRK02363,TRD104722,SBIN,1500,847.53,MORGANSTANLEY-BROKER,2026-08-14,SETTLEMENT,SETL_LATE_COUNTERPARTY,Counterparty has not settled by the expected date,P1,,template_mt54x_settlement
doc_0930,BRK02364,TRD104723,TCS,1500,4115.72,MORGANSTANLEY-BROKER,2026-08-17,SETTLEMENT,SETL_WRONG_SSI,Settlement instruction references the wrong SSI/beneficiary account - the payment-failure flagship scenario,P0,,template_mt54x_settlement
doc_0931,BRK02365,TRD104727,LT,100,3680.97,NOMURA-BROKER,2026-08-02,SETTLEMENT,SETL_WRONG_SSI,Settlement instruction references the wrong SSI/beneficiary account - the payment-failure flagship scenario,P0,,template_mt54x_settlement
doc_0932,BRK02368,TRD104733,RELIANCE,2000,2837.7,DEUTSCHE-BROKER,2026-08-05,SETTLEMENT,SETL_MISSING_INSTRUCTION,No settlement instruction was ever issued,P0,,template_mt54x_settlement
doc_0933,BRK02378,TRD104759,TCS,2000,4129.86,NOMURA-BROKER,2026-08-10,SETTLEMENT,SETL_WRONG_SSI,Settlement instruction references the wrong SSI/beneficiary account - the payment-failure flagship scenario,P0,,template_mt54x_settlement
doc_0934,BRK02383,TRD104771,INFY,250,1894.1,ICICI-CUST,2026-08-09,SETTLEMENT,SETL_MISSING_INSTRUCTION,No settlement instruction was ever issued,P0,,template_mt54x_settlement
doc_0935,BRK02386,TRD104774,KOTAKBANK,750,1950.64,HDFC-CUST,2026-08-03,SETTLEMENT,SETL_WRONG_SSI,Settlement instruction references the wrong SSI/beneficiary account - the payment-failure flagship scenario,P0,,template_mt54x_settlement
doc_0936,BRK02393,TRD104783,AXISBANK,100,1185.1,MORGANSTANLEY-BROKER,2026-08-12,SETTLEMENT,SETL_MISSING_INSTRUCTION,No settlement instruction was ever issued,P0,,template_mt54x_settlement
doc_0937,BRK02396,TRD104786,MARUTI,250,13020.82,MORGANSTANLEY-BROKER,2026-08-19,SETTLEMENT,SETL_INCORRECT_DATE,Settlement recorded against the wrong date (holiday-calendar-style off-by-one),P2,,template_mt54x_settlement
doc_0938,BRK02400,TRD104801,SBIN,1500,846.76,DEUTSCHE-BROKER,2026-08-11,SETTLEMENT,SETL_WRONG_SSI,Settlement instruction references the wrong SSI/beneficiary account - the payment-failure flagship scenario,P0,,template_mt54x_settlement
doc_0939,BRK02401,TRD104802,LT,1500,3692.71,DEUTSCHE-BROKER,2026-08-12,SETTLEMENT,SETL_INCORRECT_DATE,Settlement recorded against the wrong date (holiday-calendar-style off-by-one),P2,,template_mt54x_settlement
doc_0940,BRK02402,TRD104803,ICICIBANK,750,1243.85,DEUTSCHE-BROKER,2026-08-15,SETTLEMENT,SETL_LATE_COUNTERPARTY,Counterparty has not settled by the expected date,P1,,template_mt54x_settlement
doc_0941,BRK02403,TRD104806,RELIANCE,1500,2861.65,NOMURA-BROKER,2026-08-09,SETTLEMENT,SETL_INCORRECT_DATE,Settlement recorded against the wrong date (holiday-calendar-style off-by-one),P2,,template_mt54x_settlement
doc_0942,BRK02405,TRD104809,TCS,250,4139.05,HDFC-CUST,2026-08-03,SETTLEMENT,SETL_WRONG_SSI,Settlement instruction references the wrong SSI/beneficiary account - the payment-failure flagship scenario,P0,,template_mt54x_settlement
doc_0943,BRK02417,TRD104837,RELIANCE,200,2844.51,MORGANSTANLEY-BROKER,2026-08-11,SETTLEMENT,SETL_LATE_COUNTERPARTY,Counterparty has not settled by the expected date,P1,,template_mt54x_settlement
doc_0944,BRK02422,TRD104844,MARUTI,500,13004.76,ICICI-CUST,2026-08-20,SETTLEMENT,SETL_LATE_COUNTERPARTY,Counterparty has not settled by the expected date,P1,,template_mt54x_settlement
doc_0945,BRK02431,TRD104859,HDFCBANK,2000,1672.44,MORGANSTANLEY-BROKER,2026-08-02,SETTLEMENT,SETL_INCORRECT_DATE,Settlement recorded against the wrong date (holiday-calendar-style off-by-one),P2,,template_mt54x_settlement
doc_0946,BRK02432,TRD104860,INFY,1000,1898.11,NOMURA-BROKER,2026-08-06,SETTLEMENT,SETL_INCORRECT_DATE,Settlement recorded against the wrong date (holiday-calendar-style off-by-one),P2,,template_mt54x_settlement
doc_0947,BRK02435,TRD104866,BHARTIARTL,750,1690.69,NOMURA-BROKER,2026-08-17,SETTLEMENT,SETL_WRONG_SSI,Settlement instruction references the wrong SSI/beneficiary account - the payment-failure flagship scenario,P0,,template_mt54x_settlement
doc_0948,BRK02462,TRD104914,TCS,1500,4112.82,HDFC-CUST,2026-08-18,SETTLEMENT,SETL_MISSING_INSTRUCTION,No settlement instruction was ever issued,P0,,template_mt54x_settlement
doc_0949,BRK02473,TRD104937,WIPRO,2000,607.37,HDFC-CUST,2026-08-08,SETTLEMENT,SETL_LATE_COUNTERPARTY,Counterparty has not settled by the expected date,P1,,template_mt54x_settlement
doc_0950,BRK02474,TRD104939,SBIN,1500,846.74,HDFC-CUST,2026-08-04,SETTLEMENT,SETL_LATE_COUNTERPARTY,Counterparty has not settled by the expected date,P1,,template_mt54x_settlement
doc_0951,BRK02478,TRD104949,SBIN,1000,847.96,HDFC-CUST,2026-08-02,SETTLEMENT,SETL_WRONG_SSI,Settlement instruction references the wrong SSI/beneficiary account - the payment-failure flagship scenario,P0,,template_mt54x_settlement
doc_0952,BRK02499,TRD104993,KOTAKBANK,1000,1946.63,KOTAK-CUST,2026-08-13,SETTLEMENT,SETL_LATE_COUNTERPARTY,Counterparty has not settled by the expected date,P1,,template_mt54x_settlement
doc_0953,BRK02500,TRD104995,LT,1500,3691.0,ICICI-CUST,2026-08-17,SETTLEMENT,SETL_WRONG_SSI,Settlement instruction references the wrong SSI/beneficiary account - the payment-failure flagship scenario,P0,,template_mt54x_settlement
doc_0954,BRK02509,TRD105014,WIPRO,1500,612.42,NOMURA-BROKER,2026-08-19,SETTLEMENT,SETL_LATE_COUNTERPARTY,Counterparty has not settled by the expected date,P1,,template_mt54x_settlement
doc_0955,BRK02514,TRD105023,RELIANCE,200,2847.39,DEUTSCHE-BROKER,2026-08-11,SETTLEMENT,SETL_INCORRECT_DATE,Settlement recorded against the wrong date (holiday-calendar-style off-by-one),P2,,template_mt54x_settlement
doc_0956,BRK02519,TRD105040,MARUTI,100,13019.91,DEUTSCHE-BROKER,2026-08-19,SETTLEMENT,SETL_LATE_COUNTERPARTY,Counterparty has not settled by the expected date,P1,,template_mt54x_settlement
doc_0957,BRK02522,TRD105045,INFY,1500,1887.35,MORGANSTANLEY-BROKER,2026-08-16,SETTLEMENT,SETL_MISSING_INSTRUCTION,No settlement instruction was ever issued,P0,,template_mt54x_settlement
doc_0958,BRK02523,TRD105047,MARUTI,250,12969.23,MORGANSTANLEY-BROKER,2026-08-11,SETTLEMENT,SETL_MISSING_INSTRUCTION,No settlement instruction was ever issued,P0,,template_mt54x_settlement
doc_0959,BRK02533,TRD105068,TATASTEEL,750,172.59,HDFC-CUST,2026-08-03,SETTLEMENT,SETL_LATE_COUNTERPARTY,Counterparty has not settled by the expected date,P1,,template_mt54x_settlement
doc_0960,BRK02534,TRD105071,WIPRO,500,612.17,DEUTSCHE-BROKER,2026-08-19,SETTLEMENT,SETL_MISSING_INSTRUCTION,No settlement instruction was ever issued,P0,,template_mt54x_settlement
doc_0961,BRK02541,TRD105085,ICICIBANK,200,1235.63,NOMURA-BROKER,2026-08-15,SETTLEMENT,SETL_LATE_COUNTERPARTY,Counterparty has not settled by the expected date,P1,,template_mt54x_settlement
doc_0962,BRK02550,TRD105097,HINDUNILVR,200,2739.05,MORGANSTANLEY-BROKER,2026-08-20,SETTLEMENT,SETL_WRONG_SSI,Settlement instruction references the wrong SSI/beneficiary account - the payment-failure flagship scenario,P0,,template_mt54x_settlement
doc_0963,BRK02551,TRD105100,ITC,1500,468.72,DEUTSCHE-BROKER,2026-08-09,SETTLEMENT,SETL_LATE_COUNTERPARTY,Counterparty has not settled by the expected date,P1,,template_mt54x_settlement
doc_0964,BRK02559,TRD105111,RELIANCE,250,2847.16,DEUTSCHE-BROKER,2026-08-06,SETTLEMENT,SETL_MISSING_INSTRUCTION,No settlement instruction was ever issued,P0,,template_mt54x_settlement
doc_0965,BRK02561,TRD105115,SBIN,1000,848.49,KOTAK-CUST,2026-08-09,SETTLEMENT,SETL_WRONG_SSI,Settlement instruction references the wrong SSI/beneficiary account - the payment-failure flagship scenario,P0,,template_mt54x_settlement
doc_0966,BRK02564,TRD105126,HDFCBANK,500,1681.75,DEUTSCHE-BROKER,2026-08-14,SETTLEMENT,SETL_MISSING_INSTRUCTION,No settlement instruction was ever issued,P0,,template_mt54x_settlement
doc_0967,BRK02568,TRD105136,KOTAKBANK,250,1953.94,DEUTSCHE-BROKER,2026-08-07,SETTLEMENT,SETL_LATE_COUNTERPARTY,Counterparty has not settled by the expected date,P1,,template_mt54x_settlement
doc_0968,BRK02572,TRD105144,TATASTEEL,100,173.0,ICICI-CUST,2026-08-10,SETTLEMENT,SETL_WRONG_SSI,Settlement instruction references the wrong SSI/beneficiary account - the payment-failure flagship scenario,P0,,template_mt54x_settlement
doc_0969,BRK02579,TRD105159,HDFCBANK,250,1667.26,NOMURA-BROKER,2026-08-06,SETTLEMENT,SETL_MISSING_INSTRUCTION,No settlement instruction was ever issued,P0,,template_mt54x_settlement
doc_0970,BRK02581,TRD105163,TATASTEEL,1000,172.1,NOMURA-BROKER,2026-08-11,SETTLEMENT,SETL_INCORRECT_DATE,Settlement recorded against the wrong date (holiday-calendar-style off-by-one),P2,,template_mt54x_settlement
doc_0971,BRK02600,TRD105200,ICICIBANK,100,1235.01,NOMURA-BROKER,2026-08-08,SETTLEMENT,SETL_INCORRECT_DATE,Settlement recorded against the wrong date (holiday-calendar-style off-by-one),P2,,template_mt54x_settlement
doc_0972,BRK02605,TRD105215,BHARTIARTL,1500,1693.23,ICICI-CUST,2026-08-18,SETTLEMENT,SETL_INCORRECT_DATE,Settlement recorded against the wrong date (holiday-calendar-style off-by-one),P2,,template_mt54x_settlement
doc_0973,BRK02608,TRD105219,HDFCBANK,1500,1675.06,NOMURA-BROKER,2026-08-11,SETTLEMENT,SETL_LATE_COUNTERPARTY,Counterparty has not settled by the expected date,P1,,template_mt54x_settlement
doc_0974,BRK02611,TRD105224,ICICIBANK,750,1246.27,HDFC-CUST,2026-08-10,SETTLEMENT,SETL_LATE_COUNTERPARTY,Counterparty has not settled by the expected date,P1,,template_mt54x_settlement
doc_0975,BRK02616,TRD105230,BHARTIARTL,1000,1692.55,HDFC-CUST,2026-08-09,SETTLEMENT,SETL_MISSING_INSTRUCTION,No settlement instruction was ever issued,P0,,template_mt54x_settlement
doc_0976,BRK02626,TRD105243,ITC,500,471.09,ICICI-CUST,2026-08-06,SETTLEMENT,SETL_LATE_COUNTERPARTY,Counterparty has not settled by the expected date,P1,,template_mt54x_settlement
doc_0977,BRK02646,TRD105278,RELIANCE,250,2864.13,NOMURA-BROKER,2026-08-22,SETTLEMENT,SETL_LATE_COUNTERPARTY,Counterparty has not settled by the expected date,P1,,template_mt54x_settlement
doc_0978,BRK02648,TRD105286,KOTAKBANK,1500,1951.9,DEUTSCHE-BROKER,2026-08-02,SETTLEMENT,SETL_MISSING_INSTRUCTION,No settlement instruction was ever issued,P0,,template_mt54x_settlement
doc_0979,BRK02654,TRD105295,INFY,1000,1883.58,ICICI-CUST,2026-08-03,SETTLEMENT,SETL_MISSING_INSTRUCTION,No settlement instruction was ever issued,P0,,template_mt54x_settlement
doc_0980,BRK02663,TRD105308,ITC,750,467.51,NOMURA-BROKER,2026-08-06,SETTLEMENT,SETL_LATE_COUNTERPARTY,Counterparty has not settled by the expected date,P1,,template_mt54x_settlement
doc_0981,BRK02665,TRD105310,WIPRO,1000,610.32,MORGANSTANLEY-BROKER,2026-08-03,SETTLEMENT,SETL_LATE_COUNTERPARTY,Counterparty has not settled by the expected date,P1,,template_mt54x_settlement
doc_0982,BRK02669,TRD105321,TCS,1000,4129.68,HDFC-CUST,2026-08-03,SETTLEMENT,SETL_WRONG_SSI,Settlement instruction references the wrong SSI/beneficiary account - the payment-failure flagship scenario,P0,,template_mt54x_settlement
doc_0983,BRK02671,TRD105326,RELIANCE,2000,2860.09,DEUTSCHE-BROKER,2026-08-04,SETTLEMENT,SETL_WRONG_SSI,Settlement instruction references the wrong SSI/beneficiary account - the payment-failure flagship scenario,P0,,template_mt54x_settlement
doc_0984,BRK02672,TRD105327,HDFCBANK,750,1673.27,MORGANSTANLEY-BROKER,2026-08-03,SETTLEMENT,SETL_MISSING_INSTRUCTION,No settlement instruction was ever issued,P0,,template_mt54x_settlement
doc_0985,BRK02675,TRD105334,HDFCBANK,500,1674.11,NOMURA-BROKER,2026-08-13,SETTLEMENT,SETL_INCORRECT_DATE,Settlement recorded against the wrong date (holiday-calendar-style off-by-one),P2,,template_mt54x_settlement
doc_0986,BRK02676,TRD105336,WIPRO,1000,610.67,NOMURA-BROKER,2026-08-16,SETTLEMENT,SETL_LATE_COUNTERPARTY,Counterparty has not settled by the expected date,P1,,template_mt54x_settlement
doc_0987,BRK02677,TRD105338,WIPRO,750,610.92,ICICI-CUST,2026-08-07,SETTLEMENT,SETL_INCORRECT_DATE,Settlement recorded against the wrong date (holiday-calendar-style off-by-one),P2,,template_mt54x_settlement
doc_0988,BRK02682,TRD105355,KOTAKBANK,1500,1959.77,KOTAK-CUST,2026-08-17,SETTLEMENT,SETL_MISSING_INSTRUCTION,No settlement instruction was ever issued,P0,,template_mt54x_settlement
doc_0989,BRK02684,TRD105360,INFY,1500,1887.4,DEUTSCHE-BROKER,2026-08-04,SETTLEMENT,SETL_MISSING_INSTRUCTION,No settlement instruction was ever issued,P0,,template_mt54x_settlement
doc_0990,BRK02685,TRD105364,LT,100,3679.34,KOTAK-CUST,2026-08-03,SETTLEMENT,SETL_INCORRECT_DATE,Settlement recorded against the wrong date (holiday-calendar-style off-by-one),P2,,template_mt54x_settlement
doc_0991,BRK02687,TRD105367,KOTAKBANK,500,1952.16,NOMURA-BROKER,2026-08-11,SETTLEMENT,SETL_WRONG_SSI,Settlement instruction references the wrong SSI/beneficiary account - the payment-failure flagship scenario,P0,,template_mt54x_settlement
doc_0992,BRK02697,TRD105386,HDFCBANK,100,1680.5,MORGANSTANLEY-BROKER,2026-08-12,SETTLEMENT,SETL_WRONG_SSI,Settlement instruction references the wrong SSI/beneficiary account - the payment-failure flagship scenario,P0,,template_mt54x_settlement
doc_0993,BRK02701,TRD105395,RELIANCE,1500,2846.54,ICICI-CUST,2026-08-03,SETTLEMENT,SETL_WRONG_SSI,Settlement instruction references the wrong SSI/beneficiary account - the payment-failure flagship scenario,P0,,template_mt54x_settlement
doc_0994,BRK02704,TRD105400,BHARTIARTL,200,1693.96,MORGANSTANLEY-BROKER,2026-08-21,SETTLEMENT,SETL_MISSING_INSTRUCTION,No settlement instruction was ever issued,P0,,template_mt54x_settlement
doc_0995,BRK02707,TRD105410,SBIN,750,848.37,HDFC-CUST,2026-08-21,SETTLEMENT,SETL_INCORRECT_DATE,Settlement recorded against the wrong date (holiday-calendar-style off-by-one),P2,,template_mt54x_settlement
doc_0996,BRK02711,TRD105427,INFY,750,1896.73,MORGANSTANLEY-BROKER,2026-08-15,SETTLEMENT,SETL_MISSING_INSTRUCTION,No settlement instruction was ever issued,P0,,template_mt54x_settlement
doc_0997,BRK02714,TRD105434,RELIANCE,100,2843.25,DEUTSCHE-BROKER,2026-08-09,SETTLEMENT,SETL_MISSING_INSTRUCTION,No settlement instruction was ever issued,P0,,template_mt54x_settlement
doc_0998,BRK02724,TRD105457,TATASTEEL,750,172.71,ICICI-CUST,2026-08-14,SETTLEMENT,SETL_WRONG_SSI,Settlement instruction references the wrong SSI/beneficiary account - the payment-failure flagship scenario,P0,,template_mt54x_settlement
doc_0999,BRK02725,TRD105461,MARUTI,750,12975.94,MORGANSTANLEY-BROKER,2026-08-16,SETTLEMENT,SETL_MISSING_INSTRUCTION,No settlement instruction was ever issued,P0,,template_mt54x_settlement
doc_1000,BRK02729,TRD105469,WIPRO,200,610.31,NOMURA-BROKER,2026-08-11,SETTLEMENT,SETL_LATE_COUNTERPARTY,Counterparty has not settled by the expected date,P1,,template_mt54x_settlement
doc_1001,BRK02733,TRD105479,TATASTEEL,500,173.0,HDFC-CUST,2026-08-16,SETTLEMENT,SETL_INCORRECT_DATE,Settlement recorded against the wrong date (holiday-calendar-style off-by-one),P2,,template_mt54x_settlement
doc_1002,BRK02734,TRD105480,LT,500,3684.12,HDFC-CUST,2026-08-20,SETTLEMENT,SETL_LATE_COUNTERPARTY,Counterparty has not settled by the expected date,P1,,template_mt54x_settlement
doc_1003,BRK02736,TRD105483,TATASTEEL,1500,173.26,HDFC-CUST,2026-08-12,SETTLEMENT,SETL_WRONG_SSI,Settlement instruction references the wrong SSI/beneficiary account - the payment-failure flagship scenario,P0,,template_mt54x_settlement
doc_1004,BRK02740,TRD105488,LT,1000,3663.65,NOMURA-BROKER,2026-08-07,SETTLEMENT,SETL_MISSING_INSTRUCTION,No settlement instruction was ever issued,P0,,template_mt54x_settlement
doc_1005,BRK02743,TRD105497,RELIANCE,250,2863.46,ICICI-CUST,2026-08-10,SETTLEMENT,SETL_INCORRECT_DATE,Settlement recorded against the wrong date (holiday-calendar-style off-by-one),P2,,template_mt54x_settlement
doc_1006,BRK02746,TRD105505,ITC,1500,467.78,KOTAK-CUST,2026-08-08,SETTLEMENT,SETL_WRONG_SSI,Settlement instruction references the wrong SSI/beneficiary account - the payment-failure flagship scenario,P0,,template_mt54x_settlement
doc_1007,BRK02748,TRD105507,ITC,1500,469.2,MORGANSTANLEY-BROKER,2026-08-13,SETTLEMENT,SETL_INCORRECT_DATE,Settlement recorded against the wrong date (holiday-calendar-style off-by-one),P2,,template_mt54x_settlement
doc_1008,BRK02759,TRD105534,ICICIBANK,200,1243.6,MORGANSTANLEY-BROKER,2026-08-21,SETTLEMENT,SETL_INCORRECT_DATE,Settlement recorded against the wrong date (holiday-calendar-style off-by-one),P2,,template_mt54x_settlement
doc_1009,BRK02762,TRD105541,TATASTEEL,200,172.28,KOTAK-CUST,2026-08-11,SETTLEMENT,SETL_INCORRECT_DATE,Settlement recorded against the wrong date (holiday-calendar-style off-by-one),P2,,template_mt54x_settlement
doc_1010,BRK02763,TRD105542,ITC,2000,470.08,KOTAK-CUST,2026-08-14,SETTLEMENT,SETL_INCORRECT_DATE,Settlement recorded against the wrong date (holiday-calendar-style off-by-one),P2,,template_mt54x_settlement
doc_1011,BRK02773,TRD105565,BHARTIARTL,1000,1696.09,MORGANSTANLEY-BROKER,2026-08-17,SETTLEMENT,SETL_WRONG_SSI,Settlement instruction references the wrong SSI/beneficiary account - the payment-failure flagship scenario,P0,,template_mt54x_settlement
doc_1012,BRK02774,TRD105571,WIPRO,250,608.22,DEUTSCHE-BROKER,2026-08-05,SETTLEMENT,SETL_MISSING_INSTRUCTION,No settlement instruction was ever issued,P0,,template_mt54x_settlement
doc_1013,BRK02785,TRD105588,MARUTI,500,12997.73,ICICI-CUST,2026-08-20,SETTLEMENT,SETL_WRONG_SSI,Settlement instruction references the wrong SSI/beneficiary account - the payment-failure flagship scenario,P0,,template_mt54x_settlement
doc_1014,BRK02792,TRD105599,INFY,2000,1890.46,MORGANSTANLEY-BROKER,2026-08-22,SETTLEMENT,SETL_WRONG_SSI,Settlement instruction references the wrong SSI/beneficiary account - the payment-failure flagship scenario,P0,,template_mt54x_settlement
doc_1015,BRK02794,TRD105602,HDFCBANK,250,1672.55,NOMURA-BROKER,2026-08-15,SETTLEMENT,SETL_WRONG_SSI,Settlement instruction references the wrong SSI/beneficiary account - the payment-failure flagship scenario,P0,,template_mt54x_settlement
doc_1016,BRK02798,TRD105610,SBIN,1500,841.48,HDFC-CUST,2026-08-22,SETTLEMENT,SETL_MISSING_INSTRUCTION,No settlement instruction was ever issued,P0,,template_mt54x_settlement
doc_1017,BRK02808,TRD105630,RELIANCE,750,2849.57,NOMURA-BROKER,2026-08-08,SETTLEMENT,SETL_MISSING_INSTRUCTION,No settlement instruction was ever issued,P0,,template_mt54x_settlement
doc_1018,BRK02810,TRD105632,RELIANCE,1000,2839.1,MORGANSTANLEY-BROKER,2026-08-11,SETTLEMENT,SETL_MISSING_INSTRUCTION,No settlement instruction was ever issued,P0,,template_mt54x_settlement
doc_1019,BRK02821,TRD105652,SBIN,200,844.02,KOTAK-CUST,2026-08-17,SETTLEMENT,SETL_MISSING_INSTRUCTION,No settlement instruction was ever issued,P0,,template_mt54x_settlement
doc_1020,BRK02834,TRD105670,RELIANCE,500,2858.53,KOTAK-CUST,2026-08-18,SETTLEMENT,SETL_LATE_COUNTERPARTY,Counterparty has not settled by the expected date,P1,,template_mt54x_settlement
doc_1021,BRK02867,TRD105736,BHARTIARTL,2000,1689.29,KOTAK-CUST,2026-08-17,SETTLEMENT,SETL_MISSING_INSTRUCTION,No settlement instruction was ever issued,P0,,template_mt54x_settlement
doc_1022,BRK02874,TRD105748,WIPRO,1500,612.92,KOTAK-CUST,2026-08-13,SETTLEMENT,SETL_MISSING_INSTRUCTION,No settlement instruction was ever issued,P0,,template_mt54x_settlement
doc_1023,BRK02878,TRD105756,AXISBANK,200,1185.46,HDFC-CUST,2026-08-11,SETTLEMENT,SETL_MISSING_INSTRUCTION,No settlement instruction was ever issued,P0,,template_mt54x_settlement
doc_1024,BRK02880,TRD105761,HDFCBANK,750,1681.65,ICICI-CUST,2026-08-04,SETTLEMENT,SETL_INCORRECT_DATE,Settlement recorded against the wrong date (holiday-calendar-style off-by-one),P2,,template_mt54x_settlement
doc_1025,BRK02885,TRD105774,HDFCBANK,500,1680.6,MORGANSTANLEY-BROKER,2026-08-19,SETTLEMENT,SETL_MISSING_INSTRUCTION,No settlement instruction was ever issued,P0,,template_mt54x_settlement
doc_1026,BRK02890,TRD105784,LT,750,3681.28,MORGANSTANLEY-BROKER,2026-08-19,SETTLEMENT,SETL_WRONG_SSI,Settlement instruction references the wrong SSI/beneficiary account - the payment-failure flagship scenario,P0,,template_mt54x_settlement
doc_1027,BRK02892,TRD105787,BHARTIARTL,750,1694.92,HDFC-CUST,2026-08-06,SETTLEMENT,SETL_WRONG_SSI,Settlement instruction references the wrong SSI/beneficiary account - the payment-failure flagship scenario,P0,,template_mt54x_settlement
doc_1028,BRK02893,TRD105788,ICICIBANK,200,1246.61,KOTAK-CUST,2026-08-07,SETTLEMENT,SETL_MISSING_INSTRUCTION,No settlement instruction was ever issued,P0,,template_mt54x_settlement
doc_1029,BRK02894,TRD105794,HDFCBANK,750,1678.57,ICICI-CUST,2026-08-15,SETTLEMENT,SETL_MISSING_INSTRUCTION,No settlement instruction was ever issued,P0,,template_mt54x_settlement
doc_1030,BRK02900,TRD105805,TATASTEEL,1000,173.19,HDFC-CUST,2026-08-18,SETTLEMENT,SETL_MISSING_INSTRUCTION,No settlement instruction was ever issued,P0,,template_mt54x_settlement
doc_1031,BRK02902,TRD105808,LT,750,3681.09,MORGANSTANLEY-BROKER,2026-08-20,SETTLEMENT,SETL_LATE_COUNTERPARTY,Counterparty has not settled by the expected date,P1,,template_mt54x_settlement
doc_1032,BRK02903,TRD105813,AXISBANK,100,1175.65,HDFC-CUST,2026-08-14,SETTLEMENT,SETL_INCORRECT_DATE,Settlement recorded against the wrong date (holiday-calendar-style off-by-one),P2,,template_mt54x_settlement
doc_1033,BRK02912,TRD105824,TCS,250,4120.85,DEUTSCHE-BROKER,2026-08-04,SETTLEMENT,SETL_LATE_COUNTERPARTY,Counterparty has not settled by the expected date,P1,,template_mt54x_settlement
doc_1034,BRK02922,TRD105841,KOTAKBANK,750,1960.4,DEUTSCHE-BROKER,2026-08-12,SETTLEMENT,SETL_MISSING_INSTRUCTION,No settlement instruction was ever issued,P0,,template_mt54x_settlement
doc_1035,BRK02924,TRD105844,AXISBANK,1000,1182.85,MORGANSTANLEY-BROKER,2026-08-16,SETTLEMENT,SETL_LATE_COUNTERPARTY,Counterparty has not settled by the expected date,P1,,template_mt54x_settlement
doc_1036,BRK02930,TRD105854,SBIN,1500,846.95,DEUTSCHE-BROKER,2026-08-12,SETTLEMENT,SETL_INCORRECT_DATE,Settlement recorded against the wrong date (holiday-calendar-style off-by-one),P2,,template_mt54x_settlement
doc_1037,BRK02934,TRD105864,LT,1000,3671.23,NOMURA-BROKER,2026-08-16,SETTLEMENT,SETL_MISSING_INSTRUCTION,No settlement instruction was ever issued,P0,,template_mt54x_settlement
doc_1038,BRK02935,TRD105866,LT,750,3665.6,MORGANSTANLEY-BROKER,2026-08-05,SETTLEMENT,SETL_INCORRECT_DATE,Settlement recorded against the wrong date (holiday-calendar-style off-by-one),P2,,template_mt54x_settlement
doc_1039,BRK02947,TRD105899,ICICIBANK,1000,1236.31,DEUTSCHE-BROKER,2026-08-12,SETTLEMENT,SETL_MISSING_INSTRUCTION,No settlement instruction was ever issued,P0,,template_mt54x_settlement
doc_1040,BRK02960,TRD105923,ICICIBANK,200,1242.43,HDFC-CUST,2026-08-15,SETTLEMENT,SETL_INCORRECT_DATE,Settlement recorded against the wrong date (holiday-calendar-style off-by-one),P2,,template_mt54x_settlement
doc_1041,BRK02963,TRD105926,SBIN,1000,843.96,ICICI-CUST,2026-08-11,SETTLEMENT,SETL_INCORRECT_DATE,Settlement recorded against the wrong date (holiday-calendar-style off-by-one),P2,,template_mt54x_settlement
doc_1042,BRK02975,TRD105951,MARUTI,1000,13010.81,HDFC-CUST,2026-08-02,SETTLEMENT,SETL_INCORRECT_DATE,Settlement recorded against the wrong date (holiday-calendar-style off-by-one),P2,,template_mt54x_settlement
doc_1043,BRK02978,TRD105956,ITC,2000,467.35,MORGANSTANLEY-BROKER,2026-08-03,SETTLEMENT,SETL_LATE_COUNTERPARTY,Counterparty has not settled by the expected date,P1,,template_mt54x_settlement
doc_1044,BRK02980,TRD105960,SBIN,2000,847.75,KOTAK-CUST,2026-08-17,SETTLEMENT,SETL_INCORRECT_DATE,Settlement recorded against the wrong date (holiday-calendar-style off-by-one),P2,,template_mt54x_settlement
doc_1045,BRK02981,TRD105961,BHARTIARTL,1500,1697.93,HDFC-CUST,2026-08-16,SETTLEMENT,SETL_MISSING_INSTRUCTION,No settlement instruction was ever issued,P0,,template_mt54x_settlement
doc_1046,BRK02982,TRD105962,BHARTIARTL,100,1694.92,KOTAK-CUST,2026-08-17,SETTLEMENT,SETL_WRONG_SSI,Settlement instruction references the wrong SSI/beneficiary account - the payment-failure flagship scenario,P0,,template_mt54x_settlement
doc_1047,BRK02985,TRD105969,SBIN,250,843.58,MORGANSTANLEY-BROKER,2026-08-22,SETTLEMENT,SETL_INCORRECT_DATE,Settlement recorded against the wrong date (holiday-calendar-style off-by-one),P2,,template_mt54x_settlement
doc_1048,BRK02986,TRD105970,SBIN,500,845.49,HDFC-CUST,2026-08-10,SETTLEMENT,SETL_LATE_COUNTERPARTY,Counterparty has not settled by the expected date,P1,,template_mt54x_settlement
doc_1049,BRK02990,TRD105975,SBIN,750,847.52,NOMURA-BROKER,2026-08-08,SETTLEMENT,SETL_INCORRECT_DATE,Settlement recorded against the wrong date (holiday-calendar-style off-by-one),P2,,template_mt54x_settlement
doc_1050,BRK02997,TRD105987,INFY,2000,1895.18,NOMURA-BROKER,2026-08-21,SETTLEMENT,SETL_WRONG_SSI,Settlement instruction references the wrong SSI/beneficiary account - the payment-failure flagship scenario,P0,,template_mt54x_settlement
doc_1051,BRK00009,TRD100018,KOTAKBANK,200,1959.25,KOTAK-CUST,2026-08-19,TRADE,TRADE_COUNTERPARTY_ID_MISMATCH,Confirmed counterparty identifier differs from booked counterparty,P1,,template_contract_note
doc_1052,BRK00011,TRD100020,LT,200,3693.79,NOMURA-BROKER,2026-08-11,TRADE,TRADE_QUANTITY_MISMATCH,Confirmed quantity differs from booked quantity,P1,,template_contract_note
doc_1053,BRK00012,TRD100023,TATASTEEL,200,171.74,ICICI-CUST,2026-08-17,TRADE,TRADE_DATE_MISMATCH,Confirmed trade date differs from booked trade date,P2,,template_contract_note
doc_1054,BRK00014,TRD100027,AXISBANK,500,1181.29,ICICI-CUST,2026-08-02,TRADE,TRADE_QUANTITY_MISMATCH,Confirmed quantity differs from booked quantity,P1,,template_contract_note
doc_1055,BRK00017,TRD100031,SBIN,1500,844.85,NOMURA-BROKER,2026-08-03,TRADE,TRADE_QUANTITY_MISMATCH,Confirmed quantity differs from booked quantity,P1,,template_contract_note
doc_1056,BRK00019,TRD100036,TATASTEEL,100,171.87,DEUTSCHE-BROKER,2026-08-02,TRADE,CONF_DISAGREEMENT,External confirmation received but disagrees with the booking on multiple fields,P1,,template_contract_note
doc_1057,BRK00020,TRD100037,ICICIBANK,1500,1243.24,NOMURA-BROKER,2026-08-19,TRADE,TRADE_DATE_MISMATCH,Confirmed trade date differs from booked trade date,P2,,template_contract_note
doc_1058,BRK00023,TRD100046,SBIN,750,842.71,NOMURA-BROKER,2026-08-19,TRADE,TRADE_COUNTERPARTY_ID_MISMATCH,Confirmed counterparty identifier differs from booked counterparty,P1,,template_contract_note
doc_1059,BRK00028,TRD100055,HINDUNILVR,1500,2758.61,HDFC-CUST,2026-08-06,TRADE,CONF_DISAGREEMENT,External confirmation received but disagrees with the booking on multiple fields,P1,,template_contract_note
doc_1060,BRK00031,TRD100060,KOTAKBANK,1000,1964.29,KOTAK-CUST,2026-08-05,TRADE,TRADE_QUANTITY_MISMATCH,Confirmed quantity differs from booked quantity,P1,,template_contract_note
doc_1061,BRK00036,TRD100071,ITC,1500,470.71,HDFC-CUST,2026-08-20,TRADE,TRADE_PRICE_MISMATCH,Confirmed price differs from booked price,P2,,template_contract_note
doc_1062,BRK00037,TRD100072,BHARTIARTL,500,1684.44,ICICI-CUST,2026-08-02,TRADE,TRADE_QUANTITY_MISMATCH,Confirmed quantity differs from booked quantity,P1,,template_contract_note
doc_1063,BRK00038,TRD100073,INFY,2000,1881.8,ICICI-CUST,2026-08-09,TRADE,TRADE_COUNTERPARTY_ID_MISMATCH,Confirmed counterparty identifier differs from booked counterparty,P1,,template_contract_note
doc_1064,BRK00039,TRD100074,HINDUNILVR,2000,2750.2,MORGANSTANLEY-BROKER,2026-08-19,TRADE,TRADE_COUNTERPARTY_ID_MISMATCH,Confirmed counterparty identifier differs from booked counterparty,P1,,template_contract_note
doc_1065,BRK00041,TRD100077,ICICIBANK,2000,1235.56,HDFC-CUST,2026-08-11,TRADE,TRADE_QUANTITY_MISMATCH,Confirmed quantity differs from booked quantity,P1,,template_contract_note
doc_1066,BRK00047,TRD100091,ICICIBANK,200,1241.78,MORGANSTANLEY-BROKER,2026-08-11,TRADE,TRADE_DATE_MISMATCH,Confirmed trade date differs from booked trade date,P2,,template_contract_note
doc_1067,BRK00048,TRD100097,BHARTIARTL,750,1687.4,ICICI-CUST,2026-08-09,TRADE,TRADE_QUANTITY_MISMATCH,Confirmed quantity differs from booked quantity,P1,,template_contract_note
doc_1068,BRK00049,TRD100098,HDFCBANK,2000,1676.37,KOTAK-CUST,2026-08-14,TRADE,TRADE_COUNTERPARTY_ID_MISMATCH,Confirmed counterparty identifier differs from booked counterparty,P1,,template_contract_note
doc_1069,BRK00053,TRD100108,RELIANCE,750,2856.13,NOMURA-BROKER,2026-08-06,TRADE,CONF_MISSING,External confirmation never received,P0,,template_contract_note
doc_1070,BRK00055,TRD100112,TCS,500,4105.03,MORGANSTANLEY-BROKER,2026-08-15,TRADE,CONF_DISAGREEMENT,External confirmation received but disagrees with the booking on multiple fields,P1,,template_contract_note
doc_1071,BRK00056,TRD100113,ITC,2000,467.95,DEUTSCHE-BROKER,2026-08-20,TRADE,CONF_MISSING,External confirmation never received,P0,,template_contract_note
doc_1072,BRK00065,TRD100128,BHARTIARTL,100,1685.12,MORGANSTANLEY-BROKER,2026-08-13,TRADE,TRADE_COUNTERPARTY_ID_MISMATCH,Confirmed counterparty identifier differs from booked counterparty,P1,,template_contract_note
doc_1073,BRK00067,TRD100130,TATASTEEL,2000,171.8,MORGANSTANLEY-BROKER,2026-08-22,TRADE,TRADE_DATE_MISMATCH,Confirmed trade date differs from booked trade date,P2,,template_contract_note
doc_1074,BRK00068,TRD100131,ICICIBANK,100,1241.45,HDFC-CUST,2026-08-04,TRADE,CONF_DISAGREEMENT,External confirmation received but disagrees with the booking on multiple fields,P1,,template_contract_note
doc_1075,BRK00073,TRD100138,MARUTI,1500,12920.77,NOMURA-BROKER,2026-08-17,TRADE,CONF_DISAGREEMENT,External confirmation received but disagrees with the booking on multiple fields,P1,,template_contract_note
doc_1076,BRK00074,TRD100141,MARUTI,250,12924.81,KOTAK-CUST,2026-08-10,TRADE,TRADE_COUNTERPARTY_ID_MISMATCH,Confirmed counterparty identifier differs from booked counterparty,P1,,template_contract_note
doc_1077,BRK00077,TRD100145,INFY,750,1897.93,KOTAK-CUST,2026-08-03,TRADE,CONF_MISSING,External confirmation never received,P0,,template_contract_note
doc_1078,BRK00083,TRD100158,HINDUNILVR,750,2752.37,ICICI-CUST,2026-08-12,TRADE,TRADE_PRICE_MISMATCH,Confirmed price differs from booked price,P2,,template_contract_note
doc_1079,BRK00084,TRD100161,KOTAKBANK,750,1957.35,KOTAK-CUST,2026-08-22,TRADE,TRADE_DATE_MISMATCH,Confirmed trade date differs from booked trade date,P2,,template_contract_note
doc_1080,BRK00085,TRD100162,ITC,100,469.46,KOTAK-CUST,2026-08-19,TRADE,TRADE_PRICE_MISMATCH,Confirmed price differs from booked price,P2,,template_contract_note
doc_1081,BRK00087,TRD100166,TATASTEEL,1500,172.72,MORGANSTANLEY-BROKER,2026-08-17,TRADE,TRADE_PRICE_MISMATCH,Confirmed price differs from booked price,P2,,template_contract_note
doc_1082,BRK00088,TRD100168,KOTAKBANK,1000,1956.57,KOTAK-CUST,2026-08-22,TRADE,TRADE_QUANTITY_MISMATCH,Confirmed quantity differs from booked quantity,P1,,template_contract_note
doc_1083,BRK00099,TRD100190,INFY,250,1891.55,ICICI-CUST,2026-08-14,TRADE,TRADE_DATE_MISMATCH,Confirmed trade date differs from booked trade date,P2,,template_contract_note
doc_1084,BRK00111,TRD100219,SBIN,750,842.9,KOTAK-CUST,2026-08-08,TRADE,TRADE_PRICE_MISMATCH,Confirmed price differs from booked price,P2,,template_contract_note
doc_1085,BRK00113,TRD100222,WIPRO,2000,607.56,NOMURA-BROKER,2026-08-13,TRADE,CONF_DISAGREEMENT,External confirmation received but disagrees with the booking on multiple fields,P1,,template_contract_note
doc_1086,BRK00119,TRD100235,RELIANCE,500,2848.21,DEUTSCHE-BROKER,2026-08-21,TRADE,TRADE_COUNTERPARTY_ID_MISMATCH,Confirmed counterparty identifier differs from booked counterparty,P1,,template_contract_note
doc_1087,BRK00122,TRD100244,LT,1500,3698.15,DEUTSCHE-BROKER,2026-08-19,TRADE,TRADE_COUNTERPARTY_ID_MISMATCH,Confirmed counterparty identifier differs from booked counterparty,P1,,template_contract_note
doc_1088,BRK00124,TRD100251,ICICIBANK,100,1235.53,DEUTSCHE-BROKER,2026-08-22,TRADE,TRADE_PRICE_MISMATCH,Confirmed price differs from booked price,P2,,template_contract_note
doc_1089,BRK00129,TRD100262,HINDUNILVR,250,2748.67,ICICI-CUST,2026-08-04,TRADE,CONF_MISSING,External confirmation never received,P0,,template_contract_note
doc_1090,BRK00130,TRD100263,WIPRO,2000,610.51,MORGANSTANLEY-BROKER,2026-08-15,TRADE,TRADE_COUNTERPARTY_ID_MISMATCH,Confirmed counterparty identifier differs from booked counterparty,P1,,template_contract_note
doc_1091,BRK00138,TRD100276,RELIANCE,750,2863.2,DEUTSCHE-BROKER,2026-08-21,TRADE,TRADE_QUANTITY_MISMATCH,Confirmed quantity differs from booked quantity,P1,,template_contract_note
doc_1092,BRK00139,TRD100277,MARUTI,1000,13036.3,HDFC-CUST,2026-08-12,TRADE,TRADE_PRICE_MISMATCH,Confirmed price differs from booked price,P2,,template_contract_note
doc_1093,BRK00143,TRD100286,HINDUNILVR,2000,2746.13,MORGANSTANLEY-BROKER,2026-08-06,TRADE,TRADE_PRICE_MISMATCH,Confirmed price differs from booked price,P2,,template_contract_note
doc_1094,BRK00144,TRD100288,LT,2000,3687.83,DEUTSCHE-BROKER,2026-08-11,TRADE,CONF_DISAGREEMENT,External confirmation received but disagrees with the booking on multiple fields,P1,,template_contract_note
doc_1095,BRK00149,TRD100300,HDFCBANK,500,1680.69,MORGANSTANLEY-BROKER,2026-08-10,TRADE,TRADE_QUANTITY_MISMATCH,Confirmed quantity differs from booked quantity,P1,,template_contract_note
doc_1096,BRK00150,TRD100301,TCS,500,4110.14,HDFC-CUST,2026-08-18,TRADE,TRADE_DATE_MISMATCH,Confirmed trade date differs from booked trade date,P2,,template_contract_note
doc_1097,BRK00152,TRD100304,SBIN,750,846.83,NOMURA-BROKER,2026-08-04,TRADE,CONF_MISSING,External confirmation never received,P0,,template_contract_note
doc_1098,BRK00164,TRD100331,WIPRO,100,609.75,MORGANSTANLEY-BROKER,2026-08-09,TRADE,CONF_MISSING,External confirmation never received,P0,,template_contract_note
doc_1099,BRK00165,TRD100332,INFY,750,1885.27,KOTAK-CUST,2026-08-20,TRADE,CONF_DISAGREEMENT,External confirmation received but disagrees with the booking on multiple fields,P1,,template_contract_note
doc_1100,BRK00175,TRD100351,LT,100,3692.63,NOMURA-BROKER,2026-08-04,TRADE,TRADE_COUNTERPARTY_ID_MISMATCH,Confirmed counterparty identifier differs from booked counterparty,P1,,template_contract_note
doc_1101,BRK00177,TRD100356,LT,250,3670.62,MORGANSTANLEY-BROKER,2026-08-21,TRADE,TRADE_QUANTITY_MISMATCH,Confirmed quantity differs from booked quantity,P1,,template_contract_note
doc_1102,BRK00179,TRD100360,TCS,2000,4134.98,KOTAK-CUST,2026-08-22,TRADE,TRADE_PRICE_MISMATCH,Confirmed price differs from booked price,P2,,template_contract_note
doc_1103,BRK00181,TRD100365,BHARTIARTL,250,1695.31,MORGANSTANLEY-BROKER,2026-08-04,TRADE,CONF_MISSING,External confirmation never received,P0,,template_contract_note
doc_1104,BRK00187,TRD100376,INFY,200,1884.01,DEUTSCHE-BROKER,2026-08-10,TRADE,TRADE_PRICE_MISMATCH,Confirmed price differs from booked price,P2,,template_contract_note
doc_1105,BRK00190,TRD100380,SBIN,500,845.42,DEUTSCHE-BROKER,2026-08-07,TRADE,TRADE_QUANTITY_MISMATCH,Confirmed quantity differs from booked quantity,P1,,template_contract_note
doc_1106,BRK00192,TRD100383,WIPRO,2000,613.05,DEUTSCHE-BROKER,2026-08-08,TRADE,TRADE_PRICE_MISMATCH,Confirmed price differs from booked price,P2,,template_contract_note
doc_1107,BRK00193,TRD100384,MARUTI,1500,13002.45,NOMURA-BROKER,2026-08-06,TRADE,CONF_DISAGREEMENT,External confirmation received but disagrees with the booking on multiple fields,P1,,template_contract_note
doc_1108,BRK00195,TRD100387,WIPRO,200,607.97,NOMURA-BROKER,2026-08-09,TRADE,CONF_MISSING,External confirmation never received,P0,,template_contract_note
doc_1109,BRK00197,TRD100389,HINDUNILVR,1500,2734.78,KOTAK-CUST,2026-08-05,TRADE,TRADE_PRICE_MISMATCH,Confirmed price differs from booked price,P2,,template_contract_note
doc_1110,BRK00199,TRD100393,ITC,200,468.61,KOTAK-CUST,2026-08-16,TRADE,TRADE_QUANTITY_MISMATCH,Confirmed quantity differs from booked quantity,P1,,template_contract_note
doc_1111,BRK00200,TRD100395,TATASTEEL,500,172.48,HDFC-CUST,2026-08-19,TRADE,TRADE_DATE_MISMATCH,Confirmed trade date differs from booked trade date,P2,,template_contract_note
doc_1112,BRK00201,TRD100400,AXISBANK,1500,1181.56,ICICI-CUST,2026-08-20,TRADE,TRADE_PRICE_MISMATCH,Confirmed price differs from booked price,P2,,template_contract_note
doc_1113,BRK00202,TRD100402,SBIN,200,843.39,HDFC-CUST,2026-08-05,TRADE,TRADE_COUNTERPARTY_ID_MISMATCH,Confirmed counterparty identifier differs from booked counterparty,P1,,template_contract_note
doc_1114,BRK00210,TRD100414,INFY,250,1895.68,ICICI-CUST,2026-08-08,TRADE,TRADE_PRICE_MISMATCH,Confirmed price differs from booked price,P2,,template_contract_note
doc_1115,BRK00212,TRD100422,ITC,750,468.07,KOTAK-CUST,2026-08-11,TRADE,TRADE_PRICE_MISMATCH,Confirmed price differs from booked price,P2,,template_contract_note
doc_1116,BRK00215,TRD100426,MARUTI,750,12927.22,KOTAK-CUST,2026-08-13,TRADE,TRADE_COUNTERPARTY_ID_MISMATCH,Confirmed counterparty identifier differs from booked counterparty,P1,,template_contract_note
doc_1117,BRK00217,TRD100429,INFY,500,1890.67,ICICI-CUST,2026-08-16,TRADE,CONF_DISAGREEMENT,External confirmation received but disagrees with the booking on multiple fields,P1,,template_contract_note
doc_1118,BRK00221,TRD100436,BHARTIARTL,1000,1695.32,KOTAK-CUST,2026-08-09,TRADE,TRADE_QUANTITY_MISMATCH,Confirmed quantity differs from booked quantity,P1,,template_contract_note
doc_1119,BRK00224,TRD100443,BHARTIARTL,1500,1683.34,MORGANSTANLEY-BROKER,2026-08-19,TRADE,TRADE_DATE_MISMATCH,Confirmed trade date differs from booked trade date,P2,,template_contract_note
doc_1120,BRK00230,TRD100453,MARUTI,100,12946.84,KOTAK-CUST,2026-08-17,TRADE,TRADE_PRICE_MISMATCH,Confirmed price differs from booked price,P2,,template_contract_note
doc_1121,BRK00234,TRD100459,SBIN,2000,849.81,NOMURA-BROKER,2026-08-08,TRADE,TRADE_PRICE_MISMATCH,Confirmed price differs from booked price,P2,,template_contract_note
doc_1122,BRK00238,TRD100469,HINDUNILVR,500,2744.28,KOTAK-CUST,2026-08-16,TRADE,TRADE_COUNTERPARTY_ID_MISMATCH,Confirmed counterparty identifier differs from booked counterparty,P1,,template_contract_note
doc_1123,BRK00239,TRD100472,ICICIBANK,250,1234.98,DEUTSCHE-BROKER,2026-08-14,TRADE,TRADE_COUNTERPARTY_ID_MISMATCH,Confirmed counterparty identifier differs from booked counterparty,P1,,template_contract_note
doc_1124,BRK00240,TRD100473,ITC,200,470.32,ICICI-CUST,2026-08-06,TRADE,CONF_MISSING,External confirmation never received,P0,,template_contract_note
doc_1125,BRK00241,TRD100475,TATASTEEL,200,171.63,HDFC-CUST,2026-08-04,TRADE,TRADE_DATE_MISMATCH,Confirmed trade date differs from booked trade date,P2,,template_contract_note
doc_1126,BRK00242,TRD100479,RELIANCE,500,2854.7,DEUTSCHE-BROKER,2026-08-17,TRADE,CONF_DISAGREEMENT,External confirmation received but disagrees with the booking on multiple fields,P1,,template_contract_note
doc_1127,BRK00244,TRD100482,ICICIBANK,250,1234.92,HDFC-CUST,2026-08-21,TRADE,TRADE_QUANTITY_MISMATCH,Confirmed quantity differs from booked quantity,P1,,template_contract_note
doc_1128,BRK00247,TRD100489,HINDUNILVR,250,2741.23,KOTAK-CUST,2026-08-07,TRADE,TRADE_COUNTERPARTY_ID_MISMATCH,Confirmed counterparty identifier differs from booked counterparty,P1,,template_contract_note
doc_1129,BRK00257,TRD100513,INFY,200,1882.47,MORGANSTANLEY-BROKER,2026-08-13,TRADE,TRADE_PRICE_MISMATCH,Confirmed price differs from booked price,P2,,template_contract_note
doc_1130,BRK00259,TRD100515,ITC,750,466.93,MORGANSTANLEY-BROKER,2026-08-03,TRADE,TRADE_COUNTERPARTY_ID_MISMATCH,Confirmed counterparty identifier differs from booked counterparty,P1,,template_contract_note
doc_1131,BRK00264,TRD100526,INFY,750,1899.26,KOTAK-CUST,2026-08-16,TRADE,CONF_DISAGREEMENT,External confirmation received but disagrees with the booking on multiple fields,P1,,template_contract_note
doc_1132,BRK00265,TRD100527,AXISBANK,200,1176.57,DEUTSCHE-BROKER,2026-08-08,TRADE,TRADE_DATE_MISMATCH,Confirmed trade date differs from booked trade date,P2,,template_contract_note
doc_1133,BRK00266,TRD100528,MARUTI,100,12981.98,ICICI-CUST,2026-08-07,TRADE,TRADE_DATE_MISMATCH,Confirmed trade date differs from booked trade date,P2,,template_contract_note
doc_1134,BRK00276,TRD100553,AXISBANK,1500,1181.83,DEUTSCHE-BROKER,2026-08-14,TRADE,TRADE_QUANTITY_MISMATCH,Confirmed quantity differs from booked quantity,P1,,template_contract_note
doc_1135,BRK00290,TRD100593,WIPRO,1000,607.96,ICICI-CUST,2026-08-15,TRADE,CONF_DISAGREEMENT,External confirmation received but disagrees with the booking on multiple fields,P1,,template_contract_note
doc_1136,BRK00291,TRD100595,MARUTI,2000,13035.08,NOMURA-BROKER,2026-08-07,TRADE,TRADE_DATE_MISMATCH,Confirmed trade date differs from booked trade date,P2,,template_contract_note
doc_1137,BRK00292,TRD100597,AXISBANK,500,1177.58,KOTAK-CUST,2026-08-12,TRADE,TRADE_DATE_MISMATCH,Confirmed trade date differs from booked trade date,P2,,template_contract_note
doc_1138,BRK00301,TRD100614,LT,200,3690.68,DEUTSCHE-BROKER,2026-08-07,TRADE,TRADE_QUANTITY_MISMATCH,Confirmed quantity differs from booked quantity,P1,,template_contract_note
doc_1139,BRK00305,TRD100620,ICICIBANK,500,1238.57,ICICI-CUST,2026-08-04,TRADE,TRADE_QUANTITY_MISMATCH,Confirmed quantity differs from booked quantity,P1,,template_contract_note
doc_1140,BRK00307,TRD100625,ITC,1500,468.59,DEUTSCHE-BROKER,2026-08-02,TRADE,CONF_MISSING,External confirmation never received,P0,,template_contract_note
doc_1141,BRK00315,TRD100644,LT,750,3681.75,DEUTSCHE-BROKER,2026-08-19,TRADE,TRADE_QUANTITY_MISMATCH,Confirmed quantity differs from booked quantity,P1,,template_contract_note
doc_1142,BRK00316,TRD100645,BHARTIARTL,500,1697.02,NOMURA-BROKER,2026-08-20,TRADE,TRADE_COUNTERPARTY_ID_MISMATCH,Confirmed counterparty identifier differs from booked counterparty,P1,,template_contract_note
doc_1143,BRK00323,TRD100665,TCS,2000,4127.32,MORGANSTANLEY-BROKER,2026-08-21,TRADE,CONF_MISSING,External confirmation never received,P0,,template_contract_note
doc_1144,BRK00325,TRD100668,INFY,750,1889.87,ICICI-CUST,2026-08-09,TRADE,TRADE_QUANTITY_MISMATCH,Confirmed quantity differs from booked quantity,P1,,template_contract_note
doc_1145,BRK00326,TRD100669,ICICIBANK,500,1234.66,MORGANSTANLEY-BROKER,2026-08-02,TRADE,CONF_DISAGREEMENT,External confirmation received but disagrees with the booking on multiple fields,P1,,template_contract_note
doc_1146,BRK00328,TRD100672,AXISBANK,750,1186.05,HDFC-CUST,2026-08-14,TRADE,TRADE_DATE_MISMATCH,Confirmed trade date differs from booked trade date,P2,,template_contract_note
doc_1147,BRK00333,TRD100686,SBIN,200,848.16,MORGANSTANLEY-BROKER,2026-08-10,TRADE,TRADE_DATE_MISMATCH,Confirmed trade date differs from booked trade date,P2,,template_contract_note
doc_1148,BRK00336,TRD100691,SBIN,1000,843.22,KOTAK-CUST,2026-08-20,TRADE,TRADE_COUNTERPARTY_ID_MISMATCH,Confirmed counterparty identifier differs from booked counterparty,P1,,template_contract_note
doc_1149,BRK00340,TRD100699,AXISBANK,200,1178.19,KOTAK-CUST,2026-08-21,TRADE,TRADE_DATE_MISMATCH,Confirmed trade date differs from booked trade date,P2,,template_contract_note
doc_1150,BRK00341,TRD100701,ITC,1500,467.54,KOTAK-CUST,2026-08-13,TRADE,CONF_DISAGREEMENT,External confirmation received but disagrees with the booking on multiple fields,P1,,template_contract_note
doc_1151,BRK00345,TRD100706,TCS,250,4102.62,DEUTSCHE-BROKER,2026-08-10,TRADE,TRADE_COUNTERPARTY_ID_MISMATCH,Confirmed counterparty identifier differs from booked counterparty,P1,,template_contract_note
doc_1152,BRK00352,TRD100716,TATASTEEL,2000,172.53,DEUTSCHE-BROKER,2026-08-02,TRADE,TRADE_QUANTITY_MISMATCH,Confirmed quantity differs from booked quantity,P1,,template_contract_note
doc_1153,BRK00353,TRD100717,ICICIBANK,250,1235.64,KOTAK-CUST,2026-08-14,TRADE,TRADE_COUNTERPARTY_ID_MISMATCH,Confirmed counterparty identifier differs from booked counterparty,P1,,template_contract_note
doc_1154,BRK00354,TRD100720,LT,2000,3666.72,HDFC-CUST,2026-08-19,TRADE,CONF_DISAGREEMENT,External confirmation received but disagrees with the booking on multiple fields,P1,,template_contract_note
doc_1155,BRK00361,TRD100731,ICICIBANK,750,1236.15,NOMURA-BROKER,2026-08-16,TRADE,TRADE_PRICE_MISMATCH,Confirmed price differs from booked price,P2,,template_contract_note
doc_1156,BRK00370,TRD100753,TCS,200,4101.95,HDFC-CUST,2026-08-06,TRADE,TRADE_PRICE_MISMATCH,Confirmed price differs from booked price,P2,,template_contract_note
doc_1157,BRK00391,TRD100790,RELIANCE,750,2860.97,DEUTSCHE-BROKER,2026-08-22,TRADE,CONF_MISSING,External confirmation never received,P0,,template_contract_note
doc_1158,BRK00392,TRD100791,LT,200,3695.01,MORGANSTANLEY-BROKER,2026-08-17,TRADE,CONF_MISSING,External confirmation never received,P0,,template_contract_note
doc_1159,BRK00394,TRD100796,INFY,1000,1897.81,ICICI-CUST,2026-08-06,TRADE,CONF_DISAGREEMENT,External confirmation received but disagrees with the booking on multiple fields,P1,,template_contract_note
doc_1160,BRK00395,TRD100798,LT,250,3669.36,MORGANSTANLEY-BROKER,2026-08-06,TRADE,CONF_DISAGREEMENT,External confirmation received but disagrees with the booking on multiple fields,P1,,template_contract_note
doc_1161,BRK00397,TRD100802,HINDUNILVR,500,2734.8,ICICI-CUST,2026-08-07,TRADE,CONF_DISAGREEMENT,External confirmation received but disagrees with the booking on multiple fields,P1,,template_contract_note
doc_1162,BRK00402,TRD100817,TCS,200,4129.25,KOTAK-CUST,2026-08-22,TRADE,TRADE_QUANTITY_MISMATCH,Confirmed quantity differs from booked quantity,P1,,template_contract_note
doc_1163,BRK00405,TRD100823,HDFCBANK,2000,1674.43,ICICI-CUST,2026-08-16,TRADE,TRADE_COUNTERPARTY_ID_MISMATCH,Confirmed counterparty identifier differs from booked counterparty,P1,,template_contract_note
doc_1164,BRK00409,TRD100835,RELIANCE,1000,2846.21,HDFC-CUST,2026-08-22,TRADE,TRADE_DATE_MISMATCH,Confirmed trade date differs from booked trade date,P2,,template_contract_note
doc_1165,BRK00410,TRD100840,ITC,1500,470.91,MORGANSTANLEY-BROKER,2026-08-03,TRADE,TRADE_PRICE_MISMATCH,Confirmed price differs from booked price,P2,,template_contract_note
doc_1166,BRK00412,TRD100842,ICICIBANK,100,1238.8,NOMURA-BROKER,2026-08-14,TRADE,TRADE_QUANTITY_MISMATCH,Confirmed quantity differs from booked quantity,P1,,template_contract_note
doc_1167,BRK00414,TRD100845,HDFCBANK,750,1669.76,ICICI-CUST,2026-08-13,TRADE,TRADE_PRICE_MISMATCH,Confirmed price differs from booked price,P2,,template_contract_note
doc_1168,BRK00424,TRD100863,HINDUNILVR,1000,2748.47,MORGANSTANLEY-BROKER,2026-08-06,TRADE,TRADE_PRICE_MISMATCH,Confirmed price differs from booked price,P2,,template_contract_note
doc_1169,BRK00426,TRD100873,AXISBANK,100,1181.57,DEUTSCHE-BROKER,2026-08-18,TRADE,CONF_MISSING,External confirmation never received,P0,,template_contract_note
doc_1170,BRK00429,TRD100877,ITC,250,467.44,KOTAK-CUST,2026-08-14,TRADE,CONF_DISAGREEMENT,External confirmation received but disagrees with the booking on multiple fields,P1,,template_contract_note
doc_1171,BRK00430,TRD100878,ICICIBANK,250,1236.26,NOMURA-BROKER,2026-08-04,TRADE,CONF_DISAGREEMENT,External confirmation received but disagrees with the booking on multiple fields,P1,,template_contract_note
doc_1172,BRK00433,TRD100882,INFY,1500,1892.28,DEUTSCHE-BROKER,2026-08-20,TRADE,TRADE_DATE_MISMATCH,Confirmed trade date differs from booked trade date,P2,,template_contract_note
doc_1173,BRK00436,TRD100887,TATASTEEL,1000,172.51,DEUTSCHE-BROKER,2026-08-02,TRADE,CONF_MISSING,External confirmation never received,P0,,template_contract_note
doc_1174,BRK00437,TRD100888,AXISBANK,1000,1179.32,KOTAK-CUST,2026-08-11,TRADE,CONF_DISAGREEMENT,External confirmation received but disagrees with the booking on multiple fields,P1,,template_contract_note
doc_1175,BRK00440,TRD100896,WIPRO,250,608.59,ICICI-CUST,2026-08-13,TRADE,CONF_MISSING,External confirmation never received,P0,,template_contract_note
doc_1176,BRK00441,TRD100900,TATASTEEL,1000,173.24,MORGANSTANLEY-BROKER,2026-08-15,TRADE,TRADE_DATE_MISMATCH,Confirmed trade date differs from booked trade date,P2,,template_contract_note
doc_1177,BRK00443,TRD100905,HDFCBANK,100,1667.22,ICICI-CUST,2026-08-04,TRADE,TRADE_QUANTITY_MISMATCH,Confirmed quantity differs from booked quantity,P1,,template_contract_note
doc_1178,BRK00446,TRD100910,RELIANCE,750,2863.49,HDFC-CUST,2026-08-10,TRADE,TRADE_PRICE_MISMATCH,Confirmed price differs from booked price,P2,,template_contract_note
doc_1179,BRK00458,TRD100928,ITC,250,470.47,ICICI-CUST,2026-08-04,TRADE,CONF_DISAGREEMENT,External confirmation received but disagrees with the booking on multiple fields,P1,,template_contract_note
doc_1180,BRK00460,TRD100931,MARUTI,500,13014.3,HDFC-CUST,2026-08-20,TRADE,CONF_DISAGREEMENT,External confirmation received but disagrees with the booking on multiple fields,P1,,template_contract_note
doc_1181,BRK00461,TRD100933,ITC,500,470.9,HDFC-CUST,2026-08-03,TRADE,TRADE_PRICE_MISMATCH,Confirmed price differs from booked price,P2,,template_contract_note
doc_1182,BRK00462,TRD100935,INFY,200,1894.21,KOTAK-CUST,2026-08-20,TRADE,CONF_MISSING,External confirmation never received,P0,,template_contract_note
doc_1183,BRK00465,TRD100940,ITC,500,467.85,ICICI-CUST,2026-08-08,TRADE,TRADE_COUNTERPARTY_ID_MISMATCH,Confirmed counterparty identifier differs from booked counterparty,P1,,template_contract_note
doc_1184,BRK00468,TRD100946,HDFCBANK,200,1670.8,HDFC-CUST,2026-08-15,TRADE,TRADE_DATE_MISMATCH,Confirmed trade date differs from booked trade date,P2,,template_contract_note
doc_1185,BRK00470,TRD100948,TATASTEEL,2000,171.89,HDFC-CUST,2026-08-13,TRADE,CONF_MISSING,External confirmation never received,P0,,template_contract_note
doc_1186,BRK00472,TRD100953,MARUTI,2000,12951.34,NOMURA-BROKER,2026-08-15,TRADE,TRADE_PRICE_MISMATCH,Confirmed price differs from booked price,P2,,template_contract_note
doc_1187,BRK00473,TRD100954,SBIN,1500,846.27,HDFC-CUST,2026-08-20,TRADE,TRADE_COUNTERPARTY_ID_MISMATCH,Confirmed counterparty identifier differs from booked counterparty,P1,,template_contract_note
doc_1188,BRK00474,TRD100956,ITC,200,468.68,ICICI-CUST,2026-08-09,TRADE,CONF_DISAGREEMENT,External confirmation received but disagrees with the booking on multiple fields,P1,,template_contract_note
doc_1189,BRK00477,TRD100965,LT,200,3685.63,NOMURA-BROKER,2026-08-20,TRADE,CONF_MISSING,External confirmation never received,P0,,template_contract_note
doc_1190,BRK00479,TRD100968,WIPRO,750,610.06,NOMURA-BROKER,2026-08-13,TRADE,TRADE_PRICE_MISMATCH,Confirmed price differs from booked price,P2,,template_contract_note
doc_1191,BRK00480,TRD100971,LT,100,3672.54,HDFC-CUST,2026-08-19,TRADE,CONF_MISSING,External confirmation never received,P0,,template_contract_note
doc_1192,BRK00482,TRD100975,ICICIBANK,250,1245.74,HDFC-CUST,2026-08-11,TRADE,CONF_DISAGREEMENT,External confirmation received but disagrees with the booking on multiple fields,P1,,template_contract_note
doc_1193,BRK00486,TRD100980,SBIN,250,844.53,HDFC-CUST,2026-08-19,TRADE,CONF_MISSING,External confirmation never received,P0,,template_contract_note
doc_1194,BRK00498,TRD101001,SBIN,100,848.52,MORGANSTANLEY-BROKER,2026-08-07,TRADE,CONF_MISSING,External confirmation never received,P0,,template_contract_note
doc_1195,BRK00504,TRD101012,WIPRO,500,609.17,HDFC-CUST,2026-08-08,TRADE,CONF_MISSING,External confirmation never received,P0,,template_contract_note
doc_1196,BRK00505,TRD101013,WIPRO,200,607.77,DEUTSCHE-BROKER,2026-08-17,TRADE,TRADE_DATE_MISMATCH,Confirmed trade date differs from booked trade date,P2,,template_contract_note
doc_1197,BRK00509,TRD101021,WIPRO,250,609.98,HDFC-CUST,2026-08-05,TRADE,TRADE_QUANTITY_MISMATCH,Confirmed quantity differs from booked quantity,P1,,template_contract_note
doc_1198,BRK00514,TRD101029,SBIN,500,844.24,DEUTSCHE-BROKER,2026-08-21,TRADE,TRADE_COUNTERPARTY_ID_MISMATCH,Confirmed counterparty identifier differs from booked counterparty,P1,,template_contract_note
doc_1199,BRK00528,TRD101054,HDFCBANK,1000,1680.15,KOTAK-CUST,2026-08-22,TRADE,TRADE_COUNTERPARTY_ID_MISMATCH,Confirmed counterparty identifier differs from booked counterparty,P1,,template_contract_note
doc_1200,BRK00532,TRD101064,WIPRO,2000,612.07,ICICI-CUST,2026-08-03,TRADE,TRADE_DATE_MISMATCH,Confirmed trade date differs from booked trade date,P2,,template_contract_note
doc_1201,BRK00534,TRD101066,MARUTI,250,12945.74,NOMURA-BROKER,2026-08-20,TRADE,TRADE_DATE_MISMATCH,Confirmed trade date differs from booked trade date,P2,,template_contract_note
doc_1202,BRK00536,TRD101069,HDFCBANK,750,1674.19,MORGANSTANLEY-BROKER,2026-08-10,TRADE,TRADE_QUANTITY_MISMATCH,Confirmed quantity differs from booked quantity,P1,,template_contract_note
doc_1203,BRK00542,TRD101091,ICICIBANK,500,1242.26,KOTAK-CUST,2026-08-09,TRADE,CONF_DISAGREEMENT,External confirmation received but disagrees with the booking on multiple fields,P1,,template_contract_note
doc_1204,BRK00551,TRD101104,SBIN,200,843.09,HDFC-CUST,2026-08-11,TRADE,TRADE_PRICE_MISMATCH,Confirmed price differs from booked price,P2,,template_contract_note
doc_1205,BRK00552,TRD101106,TATASTEEL,200,172.01,NOMURA-BROKER,2026-08-17,TRADE,TRADE_COUNTERPARTY_ID_MISMATCH,Confirmed counterparty identifier differs from booked counterparty,P1,,template_contract_note
doc_1206,BRK00555,TRD101110,SBIN,250,843.16,NOMURA-BROKER,2026-08-03,TRADE,TRADE_COUNTERPARTY_ID_MISMATCH,Confirmed counterparty identifier differs from booked counterparty,P1,,template_contract_note
doc_1207,BRK00558,TRD101125,HINDUNILVR,250,2755.01,ICICI-CUST,2026-08-03,TRADE,CONF_DISAGREEMENT,External confirmation received but disagrees with the booking on multiple fields,P1,,template_contract_note
doc_1208,BRK00561,TRD101130,AXISBANK,1000,1182.5,KOTAK-CUST,2026-08-14,TRADE,TRADE_PRICE_MISMATCH,Confirmed price differs from booked price,P2,,template_contract_note
doc_1209,BRK00567,TRD101147,SBIN,1500,842.34,ICICI-CUST,2026-08-09,TRADE,TRADE_QUANTITY_MISMATCH,Confirmed quantity differs from booked quantity,P1,,template_contract_note
doc_1210,BRK00571,TRD101156,INFY,1500,1888.66,DEUTSCHE-BROKER,2026-08-15,TRADE,TRADE_QUANTITY_MISMATCH,Confirmed quantity differs from booked quantity,P1,,template_contract_note
doc_1211,BRK00572,TRD101158,SBIN,1500,849.68,DEUTSCHE-BROKER,2026-08-07,TRADE,CONF_DISAGREEMENT,External confirmation received but disagrees with the booking on multiple fields,P1,,template_contract_note
doc_1212,BRK00573,TRD101160,BHARTIARTL,1500,1696.92,KOTAK-CUST,2026-08-19,TRADE,TRADE_QUANTITY_MISMATCH,Confirmed quantity differs from booked quantity,P1,,template_contract_note
doc_1213,BRK00574,TRD101161,RELIANCE,750,2861.91,HDFC-CUST,2026-08-21,TRADE,TRADE_COUNTERPARTY_ID_MISMATCH,Confirmed counterparty identifier differs from booked counterparty,P1,,template_contract_note
doc_1214,BRK00580,TRD101170,ICICIBANK,750,1242.87,NOMURA-BROKER,2026-08-20,TRADE,TRADE_PRICE_MISMATCH,Confirmed price differs from booked price,P2,,template_contract_note
doc_1215,BRK00584,TRD101178,AXISBANK,1500,1175.65,MORGANSTANLEY-BROKER,2026-08-13,TRADE,TRADE_COUNTERPARTY_ID_MISMATCH,Confirmed counterparty identifier differs from booked counterparty,P1,,template_contract_note
doc_1216,BRK00594,TRD101198,LT,1500,3664.16,DEUTSCHE-BROKER,2026-08-02,TRADE,TRADE_DATE_MISMATCH,Confirmed trade date differs from booked trade date,P2,,template_contract_note
doc_1217,BRK00595,TRD101199,ICICIBANK,200,1237.65,NOMURA-BROKER,2026-08-19,TRADE,CONF_DISAGREEMENT,External confirmation received but disagrees with the booking on multiple fields,P1,,template_contract_note
doc_1218,BRK00596,TRD101203,RELIANCE,2000,2844.04,NOMURA-BROKER,2026-08-10,TRADE,TRADE_COUNTERPARTY_ID_MISMATCH,Confirmed counterparty identifier differs from booked counterparty,P1,,template_contract_note
doc_1219,BRK00601,TRD101211,TATASTEEL,2000,172.75,DEUTSCHE-BROKER,2026-08-13,TRADE,CONF_DISAGREEMENT,External confirmation received but disagrees with the booking on multiple fields,P1,,template_contract_note
doc_1220,BRK00603,TRD101217,AXISBANK,250,1183.15,KOTAK-CUST,2026-08-06,TRADE,CONF_DISAGREEMENT,External confirmation received but disagrees with the booking on multiple fields,P1,,template_contract_note
doc_1221,BRK00609,TRD101237,ICICIBANK,1000,1238.21,MORGANSTANLEY-BROKER,2026-08-02,TRADE,CONF_DISAGREEMENT,External confirmation received but disagrees with the booking on multiple fields,P1,,template_contract_note
doc_1222,BRK00612,TRD101240,AXISBANK,750,1179.29,ICICI-CUST,2026-08-07,TRADE,TRADE_QUANTITY_MISMATCH,Confirmed quantity differs from booked quantity,P1,,template_contract_note
doc_1223,BRK00613,TRD101241,ITC,500,470.87,HDFC-CUST,2026-08-22,TRADE,CONF_DISAGREEMENT,External confirmation received but disagrees with the booking on multiple fields,P1,,template_contract_note
doc_1224,BRK00614,TRD101248,BHARTIARTL,200,1687.67,KOTAK-CUST,2026-08-08,TRADE,TRADE_QUANTITY_MISMATCH,Confirmed quantity differs from booked quantity,P1,,template_contract_note
doc_1225,BRK00622,TRD101267,ICICIBANK,1000,1244.31,DEUTSCHE-BROKER,2026-08-14,TRADE,TRADE_QUANTITY_MISMATCH,Confirmed quantity differs from booked quantity,P1,,template_contract_note
doc_1226,BRK00628,TRD101274,AXISBANK,1500,1185.92,DEUTSCHE-BROKER,2026-08-08,TRADE,TRADE_QUANTITY_MISMATCH,Confirmed quantity differs from booked quantity,P1,,template_contract_note
doc_1227,BRK00635,TRD101283,AXISBANK,500,1180.56,DEUTSCHE-BROKER,2026-08-20,TRADE,TRADE_COUNTERPARTY_ID_MISMATCH,Confirmed counterparty identifier differs from booked counterparty,P1,,template_contract_note
doc_1228,BRK00636,TRD101284,AXISBANK,100,1183.05,NOMURA-BROKER,2026-08-11,TRADE,TRADE_PRICE_MISMATCH,Confirmed price differs from booked price,P2,,template_contract_note
doc_1229,BRK00643,TRD101297,TATASTEEL,500,172.35,NOMURA-BROKER,2026-08-03,TRADE,CONF_MISSING,External confirmation never received,P0,,template_contract_note
doc_1230,BRK00646,TRD101300,RELIANCE,1500,2837.04,KOTAK-CUST,2026-08-02,TRADE,CONF_MISSING,External confirmation never received,P0,,template_contract_note
doc_1231,BRK00648,TRD101304,SBIN,1000,842.84,NOMURA-BROKER,2026-08-14,TRADE,TRADE_PRICE_MISMATCH,Confirmed price differs from booked price,P2,,template_contract_note
doc_1232,BRK00650,TRD101309,TCS,1000,4100.87,DEUTSCHE-BROKER,2026-08-20,TRADE,CONF_MISSING,External confirmation never received,P0,,template_contract_note
doc_1233,BRK00652,TRD101315,HDFCBANK,1000,1672.57,MORGANSTANLEY-BROKER,2026-08-08,TRADE,TRADE_DATE_MISMATCH,Confirmed trade date differs from booked trade date,P2,,template_contract_note
doc_1234,BRK00654,TRD101318,KOTAKBANK,250,1964.27,ICICI-CUST,2026-08-06,TRADE,TRADE_DATE_MISMATCH,Confirmed trade date differs from booked trade date,P2,,template_contract_note
doc_1235,BRK00655,TRD101321,KOTAKBANK,500,1951.24,ICICI-CUST,2026-08-17,TRADE,CONF_MISSING,External confirmation never received,P0,,template_contract_note
doc_1236,BRK00658,TRD101326,SBIN,250,847.42,HDFC-CUST,2026-08-08,TRADE,CONF_MISSING,External confirmation never received,P0,,template_contract_note
doc_1237,BRK00659,TRD101330,ICICIBANK,1000,1240.92,NOMURA-BROKER,2026-08-17,TRADE,CONF_DISAGREEMENT,External confirmation received but disagrees with the booking on multiple fields,P1,,template_contract_note
doc_1238,BRK00665,TRD101343,ICICIBANK,1500,1240.06,ICICI-CUST,2026-08-21,TRADE,CONF_DISAGREEMENT,External confirmation received but disagrees with the booking on multiple fields,P1,,template_contract_note
doc_1239,BRK00666,TRD101348,SBIN,1000,849.82,KOTAK-CUST,2026-08-09,TRADE,TRADE_PRICE_MISMATCH,Confirmed price differs from booked price,P2,,template_contract_note
doc_1240,BRK00667,TRD101349,AXISBANK,100,1185.86,ICICI-CUST,2026-08-12,TRADE,TRADE_QUANTITY_MISMATCH,Confirmed quantity differs from booked quantity,P1,,template_contract_note
doc_1241,BRK00669,TRD101351,WIPRO,500,609.55,NOMURA-BROKER,2026-08-21,TRADE,CONF_MISSING,External confirmation never received,P0,,template_contract_note
doc_1242,BRK00670,TRD101352,KOTAKBANK,500,1945.98,KOTAK-CUST,2026-08-22,TRADE,TRADE_DATE_MISMATCH,Confirmed trade date differs from booked trade date,P2,,template_contract_note
doc_1243,BRK00672,TRD101357,ITC,200,467.97,DEUTSCHE-BROKER,2026-08-19,TRADE,TRADE_COUNTERPARTY_ID_MISMATCH,Confirmed counterparty identifier differs from booked counterparty,P1,,template_contract_note
doc_1244,BRK00677,TRD101374,LT,1500,3674.17,KOTAK-CUST,2026-08-17,TRADE,TRADE_DATE_MISMATCH,Confirmed trade date differs from booked trade date,P2,,template_contract_note
doc_1245,BRK00679,TRD101377,KOTAKBANK,250,1957.21,NOMURA-BROKER,2026-08-16,TRADE,CONF_DISAGREEMENT,External confirmation received but disagrees with the booking on multiple fields,P1,,template_contract_note
doc_1246,BRK00681,TRD101380,TATASTEEL,100,171.75,HDFC-CUST,2026-08-17,TRADE,TRADE_COUNTERPARTY_ID_MISMATCH,Confirmed counterparty identifier differs from booked counterparty,P1,,template_contract_note
doc_1247,BRK00683,TRD101384,SBIN,100,842.39,ICICI-CUST,2026-08-04,TRADE,TRADE_PRICE_MISMATCH,Confirmed price differs from booked price,P2,,template_contract_note
doc_1248,BRK00684,TRD101394,KOTAKBANK,100,1950.56,HDFC-CUST,2026-08-08,TRADE,TRADE_PRICE_MISMATCH,Confirmed price differs from booked price,P2,,template_contract_note
doc_1249,BRK00688,TRD101402,ICICIBANK,100,1235.81,DEUTSCHE-BROKER,2026-08-09,TRADE,TRADE_DATE_MISMATCH,Confirmed trade date differs from booked trade date,P2,,template_contract_note
doc_1250,BRK00691,TRD101410,KOTAKBANK,200,1964.45,KOTAK-CUST,2026-08-15,TRADE,CONF_MISSING,External confirmation never received,P0,,template_contract_note
doc_1251,BRK00701,TRD101425,TCS,2000,4127.19,HDFC-CUST,2026-08-16,TRADE,CONF_MISSING,External confirmation never received,P0,,template_contract_note
doc_1252,BRK00703,TRD101429,SBIN,1500,845.62,HDFC-CUST,2026-08-14,TRADE,TRADE_COUNTERPARTY_ID_MISMATCH,Confirmed counterparty identifier differs from booked counterparty,P1,,template_contract_note
doc_1253,BRK00706,TRD101440,SBIN,100,842.91,ICICI-CUST,2026-08-02,TRADE,CONF_DISAGREEMENT,External confirmation received but disagrees with the booking on multiple fields,P1,,template_contract_note
doc_1254,BRK00707,TRD101441,ICICIBANK,2000,1238.07,ICICI-CUST,2026-08-21,TRADE,CONF_MISSING,External confirmation never received,P0,,template_contract_note
doc_1255,BRK00709,TRD101444,KOTAKBANK,750,1950.03,ICICI-CUST,2026-08-14,TRADE,CONF_MISSING,External confirmation never received,P0,,template_contract_note
doc_1256,BRK00712,TRD101449,ITC,200,470.83,DEUTSCHE-BROKER,2026-08-04,TRADE,TRADE_QUANTITY_MISMATCH,Confirmed quantity differs from booked quantity,P1,,template_contract_note
doc_1257,BRK00716,TRD101456,TATASTEEL,750,173.19,ICICI-CUST,2026-08-10,TRADE,CONF_DISAGREEMENT,External confirmation received but disagrees with the booking on multiple fields,P1,,template_contract_note
doc_1258,BRK00717,TRD101457,LT,200,3661.8,NOMURA-BROKER,2026-08-13,TRADE,CONF_DISAGREEMENT,External confirmation received but disagrees with the booking on multiple fields,P1,,template_contract_note
doc_1259,BRK00719,TRD101464,HDFCBANK,2000,1682.63,NOMURA-BROKER,2026-08-07,TRADE,CONF_DISAGREEMENT,External confirmation received but disagrees with the booking on multiple fields,P1,,template_contract_note
doc_1260,BRK00721,TRD101466,INFY,200,1888.91,NOMURA-BROKER,2026-08-16,TRADE,TRADE_PRICE_MISMATCH,Confirmed price differs from booked price,P2,,template_contract_note
doc_1261,BRK00724,TRD101472,ITC,250,467.7,NOMURA-BROKER,2026-08-19,TRADE,CONF_MISSING,External confirmation never received,P0,,template_contract_note
doc_1262,BRK00729,TRD101480,HINDUNILVR,200,2753.53,NOMURA-BROKER,2026-08-06,TRADE,TRADE_DATE_MISMATCH,Confirmed trade date differs from booked trade date,P2,,template_contract_note
doc_1263,BRK00731,TRD101483,SBIN,1000,845.55,NOMURA-BROKER,2026-08-17,TRADE,TRADE_DATE_MISMATCH,Confirmed trade date differs from booked trade date,P2,,template_contract_note
doc_1264,BRK00733,TRD101486,HDFCBANK,1000,1666.87,KOTAK-CUST,2026-08-02,TRADE,CONF_MISSING,External confirmation never received,P0,,template_contract_note
doc_1265,BRK00741,TRD101497,WIPRO,500,609.88,KOTAK-CUST,2026-08-07,TRADE,TRADE_QUANTITY_MISMATCH,Confirmed quantity differs from booked quantity,P1,,template_contract_note
doc_1266,BRK00743,TRD101500,MARUTI,1500,12936.49,NOMURA-BROKER,2026-08-13,TRADE,CONF_DISAGREEMENT,External confirmation received but disagrees with the booking on multiple fields,P1,,template_contract_note
doc_1267,BRK00744,TRD101502,HDFCBANK,750,1669.55,ICICI-CUST,2026-08-05,TRADE,TRADE_PRICE_MISMATCH,Confirmed price differs from booked price,P2,,template_contract_note
doc_1268,BRK00746,TRD101506,BHARTIARTL,500,1687.26,NOMURA-BROKER,2026-08-14,TRADE,TRADE_QUANTITY_MISMATCH,Confirmed quantity differs from booked quantity,P1,,template_contract_note
doc_1269,BRK00749,TRD101511,HINDUNILVR,250,2741.18,MORGANSTANLEY-BROKER,2026-08-13,TRADE,CONF_DISAGREEMENT,External confirmation received but disagrees with the booking on multiple fields,P1,,template_contract_note
doc_1270,BRK00756,TRD101526,INFY,500,1886.9,MORGANSTANLEY-BROKER,2026-08-03,TRADE,CONF_MISSING,External confirmation never received,P0,,template_contract_note
doc_1271,BRK00757,TRD101529,TCS,250,4103.0,ICICI-CUST,2026-08-14,TRADE,TRADE_COUNTERPARTY_ID_MISMATCH,Confirmed counterparty identifier differs from booked counterparty,P1,,template_contract_note
doc_1272,BRK00762,TRD101539,MARUTI,1000,12917.2,MORGANSTANLEY-BROKER,2026-08-11,TRADE,CONF_MISSING,External confirmation never received,P0,,template_contract_note
doc_1273,BRK00766,TRD101551,HINDUNILVR,1500,2735.41,DEUTSCHE-BROKER,2026-08-22,TRADE,TRADE_COUNTERPARTY_ID_MISMATCH,Confirmed counterparty identifier differs from booked counterparty,P1,,template_contract_note
doc_1274,BRK00767,TRD101552,TATASTEEL,1000,172.48,HDFC-CUST,2026-08-15,TRADE,CONF_MISSING,External confirmation never received,P0,,template_contract_note
doc_1275,BRK00769,TRD101555,RELIANCE,200,2852.55,NOMURA-BROKER,2026-08-02,TRADE,CONF_MISSING,External confirmation never received,P0,,template_contract_note
doc_1276,BRK00772,TRD101559,ITC,200,467.06,KOTAK-CUST,2026-08-11,TRADE,TRADE_COUNTERPARTY_ID_MISMATCH,Confirmed counterparty identifier differs from booked counterparty,P1,,template_contract_note
doc_1277,BRK00775,TRD101566,LT,250,3669.71,ICICI-CUST,2026-08-13,TRADE,TRADE_PRICE_MISMATCH,Confirmed price differs from booked price,P2,,template_contract_note
doc_1278,BRK00778,TRD101575,AXISBANK,1000,1179.05,HDFC-CUST,2026-08-05,TRADE,TRADE_PRICE_MISMATCH,Confirmed price differs from booked price,P2,,template_contract_note
doc_1279,BRK00781,TRD101584,ICICIBANK,250,1245.04,ICICI-CUST,2026-08-14,TRADE,TRADE_DATE_MISMATCH,Confirmed trade date differs from booked trade date,P2,,template_contract_note
doc_1280,BRK00784,TRD101597,KOTAKBANK,500,1955.08,HDFC-CUST,2026-08-14,TRADE,TRADE_DATE_MISMATCH,Confirmed trade date differs from booked trade date,P2,,template_contract_note
doc_1281,BRK00787,TRD101600,TATASTEEL,1000,172.25,MORGANSTANLEY-BROKER,2026-08-16,TRADE,CONF_DISAGREEMENT,External confirmation received but disagrees with the booking on multiple fields,P1,,template_contract_note
doc_1282,BRK00790,TRD101603,INFY,750,1881.39,DEUTSCHE-BROKER,2026-08-18,TRADE,TRADE_PRICE_MISMATCH,Confirmed price differs from booked price,P2,,template_contract_note
doc_1283,BRK00793,TRD101612,WIPRO,100,607.87,NOMURA-BROKER,2026-08-18,TRADE,TRADE_PRICE_MISMATCH,Confirmed price differs from booked price,P2,,template_contract_note
doc_1284,BRK00799,TRD101621,TCS,750,4128.41,ICICI-CUST,2026-08-22,TRADE,CONF_DISAGREEMENT,External confirmation received but disagrees with the booking on multiple fields,P1,,template_contract_note
doc_1285,BRK00801,TRD101625,TATASTEEL,1000,172.26,KOTAK-CUST,2026-08-15,TRADE,TRADE_PRICE_MISMATCH,Confirmed price differs from booked price,P2,,template_contract_note
doc_1286,BRK00804,TRD101629,ITC,750,466.86,ICICI-CUST,2026-08-11,TRADE,CONF_MISSING,External confirmation never received,P0,,template_contract_note
doc_1287,BRK00805,TRD101630,HDFCBANK,750,1680.65,ICICI-CUST,2026-08-05,TRADE,CONF_DISAGREEMENT,External confirmation received but disagrees with the booking on multiple fields,P1,,template_contract_note
doc_1288,BRK00806,TRD101631,RELIANCE,1500,2846.29,ICICI-CUST,2026-08-02,TRADE,TRADE_COUNTERPARTY_ID_MISMATCH,Confirmed counterparty identifier differs from booked counterparty,P1,,template_contract_note
doc_1289,BRK00809,TRD101637,ICICIBANK,250,1239.76,KOTAK-CUST,2026-08-08,TRADE,CONF_DISAGREEMENT,External confirmation received but disagrees with the booking on multiple fields,P1,,template_contract_note
doc_1290,BRK00821,TRD101665,TATASTEEL,250,172.84,DEUTSCHE-BROKER,2026-08-14,TRADE,CONF_DISAGREEMENT,External confirmation received but disagrees with the booking on multiple fields,P1,,template_contract_note
doc_1291,BRK00822,TRD101672,SBIN,250,848.15,DEUTSCHE-BROKER,2026-08-16,TRADE,TRADE_DATE_MISMATCH,Confirmed trade date differs from booked trade date,P2,,template_contract_note
doc_1292,BRK00825,TRD101678,KOTAKBANK,100,1946.55,KOTAK-CUST,2026-08-15,TRADE,TRADE_COUNTERPARTY_ID_MISMATCH,Confirmed counterparty identifier differs from booked counterparty,P1,,template_contract_note
doc_1293,BRK00828,TRD101683,BHARTIARTL,2000,1687.08,ICICI-CUST,2026-08-09,TRADE,CONF_DISAGREEMENT,External confirmation received but disagrees with the booking on multiple fields,P1,,template_contract_note
doc_1294,BRK00842,TRD101722,TATASTEEL,500,172.56,NOMURA-BROKER,2026-08-20,TRADE,CONF_DISAGREEMENT,External confirmation received but disagrees with the booking on multiple fields,P1,,template_contract_note
doc_1295,BRK00843,TRD101725,HINDUNILVR,1000,2738.21,NOMURA-BROKER,2026-08-12,TRADE,TRADE_COUNTERPARTY_ID_MISMATCH,Confirmed counterparty identifier differs from booked counterparty,P1,,template_contract_note
doc_1296,BRK00848,TRD101731,RELIANCE,250,2839.69,MORGANSTANLEY-BROKER,2026-08-10,TRADE,TRADE_COUNTERPARTY_ID_MISMATCH,Confirmed counterparty identifier differs from booked counterparty,P1,,template_contract_note
doc_1297,BRK00857,TRD101746,ITC,100,468.29,MORGANSTANLEY-BROKER,2026-08-11,TRADE,CONF_DISAGREEMENT,External confirmation received but disagrees with the booking on multiple fields,P1,,template_contract_note
doc_1298,BRK00858,TRD101747,LT,250,3692.33,ICICI-CUST,2026-08-11,TRADE,TRADE_DATE_MISMATCH,Confirmed trade date differs from booked trade date,P2,,template_contract_note
doc_1299,BRK00859,TRD101749,SBIN,200,847.67,NOMURA-BROKER,2026-08-09,TRADE,TRADE_DATE_MISMATCH,Confirmed trade date differs from booked trade date,P2,,template_contract_note
doc_1300,BRK00860,TRD101751,TATASTEEL,100,172.34,KOTAK-CUST,2026-08-18,TRADE,TRADE_PRICE_MISMATCH,Confirmed price differs from booked price,P2,,template_contract_note
doc_1301,BRK00862,TRD101755,BHARTIARTL,200,1690.24,HDFC-CUST,2026-08-21,TRADE,TRADE_QUANTITY_MISMATCH,Confirmed quantity differs from booked quantity,P1,,template_contract_note
doc_1302,BRK00864,TRD101761,WIPRO,1500,611.6,DEUTSCHE-BROKER,2026-08-17,TRADE,TRADE_COUNTERPARTY_ID_MISMATCH,Confirmed counterparty identifier differs from booked counterparty,P1,,template_contract_note
doc_1303,BRK00867,TRD101769,HINDUNILVR,250,2756.87,DEUTSCHE-BROKER,2026-08-12,TRADE,CONF_DISAGREEMENT,External confirmation received but disagrees with the booking on multiple fields,P1,,template_contract_note
doc_1304,BRK00874,TRD101782,TCS,250,4116.76,MORGANSTANLEY-BROKER,2026-08-17,TRADE,TRADE_QUANTITY_MISMATCH,Confirmed quantity differs from booked quantity,P1,,template_contract_note
doc_1305,BRK00876,TRD101784,RELIANCE,1000,2855.89,DEUTSCHE-BROKER,2026-08-21,TRADE,TRADE_DATE_MISMATCH,Confirmed trade date differs from booked trade date,P2,,template_contract_note
doc_1306,BRK00878,TRD101787,BHARTIARTL,200,1688.3,HDFC-CUST,2026-08-02,TRADE,TRADE_PRICE_MISMATCH,Confirmed price differs from booked price,P2,,template_contract_note
doc_1307,BRK00879,TRD101790,ICICIBANK,200,1240.0,NOMURA-BROKER,2026-08-11,TRADE,TRADE_DATE_MISMATCH,Confirmed trade date differs from booked trade date,P2,,template_contract_note
doc_1308,BRK00880,TRD101792,HINDUNILVR,1000,2746.13,DEUTSCHE-BROKER,2026-08-10,TRADE,TRADE_QUANTITY_MISMATCH,Confirmed quantity differs from booked quantity,P1,,template_contract_note
doc_1309,BRK00883,TRD101796,TCS,100,4125.9,HDFC-CUST,2026-08-21,TRADE,TRADE_QUANTITY_MISMATCH,Confirmed quantity differs from booked quantity,P1,,template_contract_note
doc_1310,BRK00886,TRD101800,INFY,750,1891.5,MORGANSTANLEY-BROKER,2026-08-06,TRADE,CONF_DISAGREEMENT,External confirmation received but disagrees with the booking on multiple fields,P1,,template_contract_note
doc_1311,BRK00887,TRD101803,INFY,2000,1897.38,ICICI-CUST,2026-08-12,TRADE,TRADE_DATE_MISMATCH,Confirmed trade date differs from booked trade date,P2,,template_contract_note
doc_1312,BRK00891,TRD101813,KOTAKBANK,750,1958.47,ICICI-CUST,2026-08-14,TRADE,TRADE_COUNTERPARTY_ID_MISMATCH,Confirmed counterparty identifier differs from booked counterparty,P1,,template_contract_note
doc_1313,BRK00894,TRD101820,KOTAKBANK,1500,1954.06,ICICI-CUST,2026-08-03,TRADE,CONF_DISAGREEMENT,External confirmation received but disagrees with the booking on multiple fields,P1,,template_contract_note
doc_1314,BRK00895,TRD101824,TCS,200,4107.67,HDFC-CUST,2026-08-04,TRADE,TRADE_DATE_MISMATCH,Confirmed trade date differs from booked trade date,P2,,template_contract_note
doc_1315,BRK00896,TRD101825,HINDUNILVR,250,2753.53,NOMURA-BROKER,2026-08-08,TRADE,CONF_MISSING,External confirmation never received,P0,,template_contract_note
doc_1316,BRK00904,TRD101835,SBIN,200,846.69,HDFC-CUST,2026-08-02,TRADE,CONF_MISSING,External confirmation never received,P0,,template_contract_note
doc_1317,BRK00912,TRD101854,ICICIBANK,750,1239.4,ICICI-CUST,2026-08-17,TRADE,TRADE_QUANTITY_MISMATCH,Confirmed quantity differs from booked quantity,P1,,template_contract_note
doc_1318,BRK00913,TRD101857,INFY,1500,1893.82,DEUTSCHE-BROKER,2026-08-02,TRADE,TRADE_DATE_MISMATCH,Confirmed trade date differs from booked trade date,P2,,template_contract_note
doc_1319,BRK00914,TRD101858,HINDUNILVR,100,2740.19,NOMURA-BROKER,2026-08-10,TRADE,TRADE_COUNTERPARTY_ID_MISMATCH,Confirmed counterparty identifier differs from booked counterparty,P1,,template_contract_note
doc_1320,BRK00923,TRD101887,MARUTI,250,13014.64,MORGANSTANLEY-BROKER,2026-08-14,TRADE,TRADE_QUANTITY_MISMATCH,Confirmed quantity differs from booked quantity,P1,,template_contract_note
doc_1321,BRK00934,TRD101902,SBIN,1500,847.43,NOMURA-BROKER,2026-08-18,TRADE,CONF_MISSING,External confirmation never received,P0,,template_contract_note
doc_1322,BRK00935,TRD101903,HINDUNILVR,200,2734.72,MORGANSTANLEY-BROKER,2026-08-10,TRADE,CONF_DISAGREEMENT,External confirmation received but disagrees with the booking on multiple fields,P1,,template_contract_note
doc_1323,BRK00939,TRD101920,INFY,100,1899.36,MORGANSTANLEY-BROKER,2026-08-10,TRADE,CONF_DISAGREEMENT,External confirmation received but disagrees with the booking on multiple fields,P1,,template_contract_note
doc_1324,BRK00940,TRD101924,TCS,2000,4103.58,ICICI-CUST,2026-08-08,TRADE,TRADE_QUANTITY_MISMATCH,Confirmed quantity differs from booked quantity,P1,,template_contract_note
doc_1325,BRK00942,TRD101926,AXISBANK,2000,1186.06,DEUTSCHE-BROKER,2026-08-10,TRADE,TRADE_QUANTITY_MISMATCH,Confirmed quantity differs from booked quantity,P1,,template_contract_note
doc_1326,BRK00945,TRD101930,INFY,250,1882.09,NOMURA-BROKER,2026-08-15,TRADE,TRADE_QUANTITY_MISMATCH,Confirmed quantity differs from booked quantity,P1,,template_contract_note
doc_1327,BRK00948,TRD101937,SBIN,1000,848.38,DEUTSCHE-BROKER,2026-08-12,TRADE,TRADE_COUNTERPARTY_ID_MISMATCH,Confirmed counterparty identifier differs from booked counterparty,P1,,template_contract_note
doc_1328,BRK00949,TRD101939,SBIN,250,849.62,ICICI-CUST,2026-08-10,TRADE,TRADE_QUANTITY_MISMATCH,Confirmed quantity differs from booked quantity,P1,,template_contract_note
doc_1329,BRK00953,TRD101947,HINDUNILVR,1500,2754.5,MORGANSTANLEY-BROKER,2026-08-06,TRADE,TRADE_PRICE_MISMATCH,Confirmed price differs from booked price,P2,,template_contract_note
doc_1330,BRK00955,TRD101952,AXISBANK,100,1176.0,DEUTSCHE-BROKER,2026-08-22,TRADE,CONF_MISSING,External confirmation never received,P0,,template_contract_note
doc_1331,BRK00956,TRD101955,AXISBANK,1000,1181.84,MORGANSTANLEY-BROKER,2026-08-04,TRADE,CONF_DISAGREEMENT,External confirmation received but disagrees with the booking on multiple fields,P1,,template_contract_note
doc_1332,BRK00958,TRD101957,HINDUNILVR,200,2752.93,KOTAK-CUST,2026-08-15,TRADE,CONF_MISSING,External confirmation never received,P0,,template_contract_note
doc_1333,BRK00959,TRD101958,TATASTEEL,250,172.71,HDFC-CUST,2026-08-04,TRADE,TRADE_PRICE_MISMATCH,Confirmed price differs from booked price,P2,,template_contract_note
doc_1334,BRK00960,TRD101961,ICICIBANK,500,1241.85,MORGANSTANLEY-BROKER,2026-08-12,TRADE,TRADE_PRICE_MISMATCH,Confirmed price differs from booked price,P2,,template_contract_note
doc_1335,BRK00963,TRD101970,BHARTIARTL,500,1685.5,MORGANSTANLEY-BROKER,2026-08-04,TRADE,TRADE_QUANTITY_MISMATCH,Confirmed quantity differs from booked quantity,P1,,template_contract_note
doc_1336,BRK00964,TRD101975,LT,250,3666.91,ICICI-CUST,2026-08-17,TRADE,TRADE_PRICE_MISMATCH,Confirmed price differs from booked price,P2,,template_contract_note
doc_1337,BRK00967,TRD101980,RELIANCE,250,2862.29,MORGANSTANLEY-BROKER,2026-08-03,TRADE,CONF_DISAGREEMENT,External confirmation received but disagrees with the booking on multiple fields,P1,,template_contract_note
doc_1338,BRK00968,TRD101981,INFY,200,1881.13,ICICI-CUST,2026-08-09,TRADE,TRADE_PRICE_MISMATCH,Confirmed price differs from booked price,P2,,template_contract_note
doc_1339,BRK00969,TRD101982,TCS,2000,4119.28,MORGANSTANLEY-BROKER,2026-08-15,TRADE,TRADE_PRICE_MISMATCH,Confirmed price differs from booked price,P2,,template_contract_note
doc_1340,BRK00981,TRD102004,TCS,750,4129.34,HDFC-CUST,2026-08-11,TRADE,TRADE_PRICE_MISMATCH,Confirmed price differs from booked price,P2,,template_contract_note
doc_1341,BRK00983,TRD102007,MARUTI,1000,12924.26,HDFC-CUST,2026-08-10,TRADE,TRADE_COUNTERPARTY_ID_MISMATCH,Confirmed counterparty identifier differs from booked counterparty,P1,,template_contract_note
doc_1342,BRK00993,TRD102023,KOTAKBANK,1000,1947.85,ICICI-CUST,2026-08-15,TRADE,CONF_MISSING,External confirmation never received,P0,,template_contract_note
doc_1343,BRK00996,TRD102027,SBIN,1000,846.58,KOTAK-CUST,2026-08-09,TRADE,CONF_MISSING,External confirmation never received,P0,,template_contract_note
doc_1344,BRK00997,TRD102028,TATASTEEL,200,172.69,MORGANSTANLEY-BROKER,2026-08-12,TRADE,CONF_DISAGREEMENT,External confirmation received but disagrees with the booking on multiple fields,P1,,template_contract_note
doc_1345,BRK00998,TRD102029,HINDUNILVR,1500,2737.42,KOTAK-CUST,2026-08-17,TRADE,TRADE_COUNTERPARTY_ID_MISMATCH,Confirmed counterparty identifier differs from booked counterparty,P1,,template_contract_note
doc_1346,BRK01001,TRD102034,MARUTI,750,12994.72,KOTAK-CUST,2026-08-04,TRADE,TRADE_DATE_MISMATCH,Confirmed trade date differs from booked trade date,P2,,template_contract_note
doc_1347,BRK01002,TRD102041,TCS,250,4113.4,MORGANSTANLEY-BROKER,2026-08-09,TRADE,TRADE_QUANTITY_MISMATCH,Confirmed quantity differs from booked quantity,P1,,template_contract_note
doc_1348,BRK01005,TRD102048,LT,750,3673.91,MORGANSTANLEY-BROKER,2026-08-20,TRADE,CONF_MISSING,External confirmation never received,P0,,template_contract_note
doc_1349,BRK01020,TRD102075,WIPRO,1000,607.74,DEUTSCHE-BROKER,2026-08-08,TRADE,CONF_MISSING,External confirmation never received,P0,,template_contract_note
doc_1350,BRK01021,TRD102077,KOTAKBANK,1000,1965.17,HDFC-CUST,2026-08-14,TRADE,TRADE_DATE_MISMATCH,Confirmed trade date differs from booked trade date,P2,,template_contract_note
doc_1351,BRK01025,TRD102091,BHARTIARTL,250,1697.95,ICICI-CUST,2026-08-18,TRADE,CONF_DISAGREEMENT,External confirmation received but disagrees with the booking on multiple fields,P1,,template_contract_note
doc_1352,BRK01027,TRD102094,LT,1000,3663.84,DEUTSCHE-BROKER,2026-08-04,TRADE,CONF_MISSING,External confirmation never received,P0,,template_contract_note
doc_1353,BRK01040,TRD102127,SBIN,100,842.48,ICICI-CUST,2026-08-21,TRADE,TRADE_COUNTERPARTY_ID_MISMATCH,Confirmed counterparty identifier differs from booked counterparty,P1,,template_contract_note
doc_1354,BRK01044,TRD102135,AXISBANK,2000,1181.8,NOMURA-BROKER,2026-08-12,TRADE,TRADE_QUANTITY_MISMATCH,Confirmed quantity differs from booked quantity,P1,,template_contract_note
doc_1355,BRK01046,TRD102139,AXISBANK,250,1179.89,ICICI-CUST,2026-08-20,TRADE,TRADE_DATE_MISMATCH,Confirmed trade date differs from booked trade date,P2,,template_contract_note
doc_1356,BRK01051,TRD102146,KOTAKBANK,2000,1946.16,KOTAK-CUST,2026-08-04,TRADE,CONF_DISAGREEMENT,External confirmation received but disagrees with the booking on multiple fields,P1,,template_contract_note
doc_1357,BRK01052,TRD102149,AXISBANK,250,1174.85,DEUTSCHE-BROKER,2026-08-13,TRADE,TRADE_COUNTERPARTY_ID_MISMATCH,Confirmed counterparty identifier differs from booked counterparty,P1,,template_contract_note
doc_1358,BRK01056,TRD102159,KOTAKBANK,750,1959.3,MORGANSTANLEY-BROKER,2026-08-15,TRADE,TRADE_QUANTITY_MISMATCH,Confirmed quantity differs from booked quantity,P1,,template_contract_note
doc_1359,BRK01064,TRD102171,WIPRO,100,611.79,MORGANSTANLEY-BROKER,2026-08-08,TRADE,TRADE_QUANTITY_MISMATCH,Confirmed quantity differs from booked quantity,P1,,template_contract_note
doc_1360,BRK01069,TRD102179,INFY,1000,1892.44,NOMURA-BROKER,2026-08-03,TRADE,TRADE_DATE_MISMATCH,Confirmed trade date differs from booked trade date,P2,,template_contract_note
doc_1361,BRK01071,TRD102182,TCS,1000,4140.21,ICICI-CUST,2026-08-12,TRADE,TRADE_COUNTERPARTY_ID_MISMATCH,Confirmed counterparty identifier differs from booked counterparty,P1,,template_contract_note
doc_1362,BRK01074,TRD102187,MARUTI,250,12980.08,DEUTSCHE-BROKER,2026-08-12,TRADE,TRADE_PRICE_MISMATCH,Confirmed price differs from booked price,P2,,template_contract_note
doc_1363,BRK01075,TRD102188,LT,750,3679.86,MORGANSTANLEY-BROKER,2026-08-15,TRADE,CONF_MISSING,External confirmation never received,P0,,template_contract_note
doc_1364,BRK01076,TRD102191,HDFCBANK,250,1675.81,NOMURA-BROKER,2026-08-22,TRADE,TRADE_PRICE_MISMATCH,Confirmed price differs from booked price,P2,,template_contract_note
doc_1365,BRK01085,TRD102217,AXISBANK,750,1184.79,KOTAK-CUST,2026-08-12,TRADE,CONF_DISAGREEMENT,External confirmation received but disagrees with the booking on multiple fields,P1,,template_contract_note
doc_1366,BRK01087,TRD102222,KOTAKBANK,1000,1955.49,NOMURA-BROKER,2026-08-12,TRADE,TRADE_DATE_MISMATCH,Confirmed trade date differs from booked trade date,P2,,template_contract_note
doc_1367,BRK01088,TRD102223,LT,1500,3669.81,NOMURA-BROKER,2026-08-13,TRADE,CONF_MISSING,External confirmation never received,P0,,template_contract_note
doc_1368,BRK01089,TRD102225,ITC,250,470.85,HDFC-CUST,2026-08-11,TRADE,TRADE_QUANTITY_MISMATCH,Confirmed quantity differs from booked quantity,P1,,template_contract_note
doc_1369,BRK01094,TRD102235,WIPRO,1000,608.77,ICICI-CUST,2026-08-17,TRADE,CONF_DISAGREEMENT,External confirmation received but disagrees with the booking on multiple fields,P1,,template_contract_note
doc_1370,BRK01102,TRD102253,KOTAKBANK,2000,1955.28,ICICI-CUST,2026-08-08,TRADE,TRADE_QUANTITY_MISMATCH,Confirmed quantity differs from booked quantity,P1,,template_contract_note
doc_1371,BRK01104,TRD102256,HDFCBANK,750,1673.63,ICICI-CUST,2026-08-15,TRADE,TRADE_PRICE_MISMATCH,Confirmed price differs from booked price,P2,,template_contract_note
doc_1372,BRK01111,TRD102269,AXISBANK,250,1175.73,NOMURA-BROKER,2026-08-11,TRADE,TRADE_COUNTERPARTY_ID_MISMATCH,Confirmed counterparty identifier differs from booked counterparty,P1,,template_contract_note
doc_1373,BRK01117,TRD102275,ITC,1500,468.37,HDFC-CUST,2026-08-05,TRADE,TRADE_QUANTITY_MISMATCH,Confirmed quantity differs from booked quantity,P1,,template_contract_note
doc_1374,BRK01119,TRD102281,INFY,1500,1884.69,ICICI-CUST,2026-08-21,TRADE,TRADE_COUNTERPARTY_ID_MISMATCH,Confirmed counterparty identifier differs from booked counterparty,P1,,template_contract_note
doc_1375,BRK01120,TRD102282,AXISBANK,750,1183.9,ICICI-CUST,2026-08-05,TRADE,CONF_MISSING,External confirmation never received,P0,,template_contract_note
doc_1376,BRK01122,TRD102287,TATASTEEL,2000,172.34,KOTAK-CUST,2026-08-18,TRADE,TRADE_QUANTITY_MISMATCH,Confirmed quantity differs from booked quantity,P1,,template_contract_note
doc_1377,BRK01125,TRD102304,LT,100,3680.18,DEUTSCHE-BROKER,2026-08-03,TRADE,TRADE_COUNTERPARTY_ID_MISMATCH,Confirmed counterparty identifier differs from booked counterparty,P1,,template_contract_note
doc_1378,BRK01126,TRD102307,KOTAKBANK,100,1947.23,HDFC-CUST,2026-08-14,TRADE,TRADE_QUANTITY_MISMATCH,Confirmed quantity differs from booked quantity,P1,,template_contract_note
doc_1379,BRK01132,TRD102314,BHARTIARTL,500,1684.35,DEUTSCHE-BROKER,2026-08-09,TRADE,TRADE_DATE_MISMATCH,Confirmed trade date differs from booked trade date,P2,,template_contract_note
doc_1380,BRK01133,TRD102315,BHARTIARTL,2000,1694.0,HDFC-CUST,2026-08-13,TRADE,CONF_DISAGREEMENT,External confirmation received but disagrees with the booking on multiple fields,P1,,template_contract_note
doc_1381,BRK01135,TRD102320,RELIANCE,200,2840.41,KOTAK-CUST,2026-08-19,TRADE,TRADE_DATE_MISMATCH,Confirmed trade date differs from booked trade date,P2,,template_contract_note
doc_1382,BRK01137,TRD102325,INFY,500,1882.61,KOTAK-CUST,2026-08-14,TRADE,TRADE_DATE_MISMATCH,Confirmed trade date differs from booked trade date,P2,,template_contract_note
doc_1383,BRK01140,TRD102333,SBIN,750,845.59,ICICI-CUST,2026-08-14,TRADE,CONF_DISAGREEMENT,External confirmation received but disagrees with the booking on multiple fields,P1,,template_contract_note
doc_1384,BRK01141,TRD102336,BHARTIARTL,1000,1687.0,HDFC-CUST,2026-08-09,TRADE,CONF_DISAGREEMENT,External confirmation received but disagrees with the booking on multiple fields,P1,,template_contract_note
doc_1385,BRK01144,TRD102341,AXISBANK,1000,1181.35,ICICI-CUST,2026-08-04,TRADE,TRADE_QUANTITY_MISMATCH,Confirmed quantity differs from booked quantity,P1,,template_contract_note
doc_1386,BRK01146,TRD102345,SBIN,200,841.7,ICICI-CUST,2026-08-20,TRADE,CONF_MISSING,External confirmation never received,P0,,template_contract_note
doc_1387,BRK01147,TRD102346,MARUTI,500,13017.58,DEUTSCHE-BROKER,2026-08-14,TRADE,TRADE_DATE_MISMATCH,Confirmed trade date differs from booked trade date,P2,,template_contract_note
doc_1388,BRK01150,TRD102352,HDFCBANK,2000,1669.32,ICICI-CUST,2026-08-06,TRADE,TRADE_COUNTERPARTY_ID_MISMATCH,Confirmed counterparty identifier differs from booked counterparty,P1,,template_contract_note
doc_1389,BRK01153,TRD102360,MARUTI,250,13038.97,ICICI-CUST,2026-08-15,TRADE,TRADE_COUNTERPARTY_ID_MISMATCH,Confirmed counterparty identifier differs from booked counterparty,P1,,template_contract_note
doc_1390,BRK01155,TRD102365,TATASTEEL,500,172.34,DEUTSCHE-BROKER,2026-08-03,TRADE,CONF_DISAGREEMENT,External confirmation received but disagrees with the booking on multiple fields,P1,,template_contract_note
doc_1391,BRK01156,TRD102369,KOTAKBANK,750,1953.64,MORGANSTANLEY-BROKER,2026-08-02,TRADE,TRADE_COUNTERPARTY_ID_MISMATCH,Confirmed counterparty identifier differs from booked counterparty,P1,,template_contract_note
doc_1392,BRK01162,TRD102377,TCS,750,4112.9,NOMURA-BROKER,2026-08-19,TRADE,CONF_MISSING,External confirmation never received,P0,,template_contract_note
doc_1393,BRK01172,TRD102392,WIPRO,750,612.28,KOTAK-CUST,2026-08-06,TRADE,CONF_DISAGREEMENT,External confirmation received but disagrees with the booking on multiple fields,P1,,template_contract_note
doc_1394,BRK01176,TRD102399,TCS,1000,4111.23,HDFC-CUST,2026-08-03,TRADE,TRADE_COUNTERPARTY_ID_MISMATCH,Confirmed counterparty identifier differs from booked counterparty,P1,,template_contract_note
doc_1395,BRK01183,TRD102410,HDFCBANK,100,1679.07,HDFC-CUST,2026-08-14,TRADE,TRADE_DATE_MISMATCH,Confirmed trade date differs from booked trade date,P2,,template_contract_note
doc_1396,BRK01186,TRD102422,ICICIBANK,1000,1241.07,KOTAK-CUST,2026-08-05,TRADE,TRADE_COUNTERPARTY_ID_MISMATCH,Confirmed counterparty identifier differs from booked counterparty,P1,,template_contract_note
doc_1397,BRK01188,TRD102427,ICICIBANK,750,1241.87,DEUTSCHE-BROKER,2026-08-22,TRADE,TRADE_COUNTERPARTY_ID_MISMATCH,Confirmed counterparty identifier differs from booked counterparty,P1,,template_contract_note
doc_1398,BRK01190,TRD102431,BHARTIARTL,100,1685.41,MORGANSTANLEY-BROKER,2026-08-15,TRADE,TRADE_PRICE_MISMATCH,Confirmed price differs from booked price,P2,,template_contract_note
doc_1399,BRK01191,TRD102432,KOTAKBANK,2000,1959.97,NOMURA-BROKER,2026-08-09,TRADE,CONF_MISSING,External confirmation never received,P0,,template_contract_note
doc_1400,BRK01194,TRD102439,WIPRO,200,613.28,ICICI-CUST,2026-08-20,TRADE,TRADE_DATE_MISMATCH,Confirmed trade date differs from booked trade date,P2,,template_contract_note
doc_1401,BRK01199,TRD102447,INFY,500,1898.87,HDFC-CUST,2026-08-15,TRADE,TRADE_DATE_MISMATCH,Confirmed trade date differs from booked trade date,P2,,template_contract_note
doc_1402,BRK01204,TRD102458,SBIN,250,847.78,MORGANSTANLEY-BROKER,2026-08-22,TRADE,TRADE_DATE_MISMATCH,Confirmed trade date differs from booked trade date,P2,,template_contract_note
doc_1403,BRK01205,TRD102460,HINDUNILVR,100,2751.62,KOTAK-CUST,2026-08-13,TRADE,TRADE_QUANTITY_MISMATCH,Confirmed quantity differs from booked quantity,P1,,template_contract_note
doc_1404,BRK01207,TRD102464,RELIANCE,1500,2849.57,MORGANSTANLEY-BROKER,2026-08-03,TRADE,TRADE_QUANTITY_MISMATCH,Confirmed quantity differs from booked quantity,P1,,template_contract_note
doc_1405,BRK01208,TRD102466,SBIN,750,845.85,DEUTSCHE-BROKER,2026-08-14,TRADE,CONF_MISSING,External confirmation never received,P0,,template_contract_note
doc_1406,BRK01209,TRD102468,KOTAKBANK,100,1953.08,MORGANSTANLEY-BROKER,2026-08-07,TRADE,TRADE_QUANTITY_MISMATCH,Confirmed quantity differs from booked quantity,P1,,template_contract_note
doc_1407,BRK01212,TRD102472,MARUTI,200,13030.65,NOMURA-BROKER,2026-08-18,TRADE,CONF_DISAGREEMENT,External confirmation received but disagrees with the booking on multiple fields,P1,,template_contract_note
doc_1408,BRK01213,TRD102474,TATASTEEL,500,172.48,NOMURA-BROKER,2026-08-14,TRADE,TRADE_PRICE_MISMATCH,Confirmed price differs from booked price,P2,,template_contract_note
doc_1409,BRK01214,TRD102478,WIPRO,1500,608.6,KOTAK-CUST,2026-08-11,TRADE,TRADE_QUANTITY_MISMATCH,Confirmed quantity differs from booked quantity,P1,,template_contract_note
doc_1410,BRK01217,TRD102483,LT,100,3690.16,KOTAK-CUST,2026-08-05,TRADE,TRADE_PRICE_MISMATCH,Confirmed price differs from booked price,P2,,template_contract_note
doc_1411,BRK01226,TRD102512,SBIN,750,843.38,NOMURA-BROKER,2026-08-19,TRADE,TRADE_COUNTERPARTY_ID_MISMATCH,Confirmed counterparty identifier differs from booked counterparty,P1,,template_contract_note
doc_1412,BRK01228,TRD102517,HINDUNILVR,1500,2755.75,MORGANSTANLEY-BROKER,2026-08-11,TRADE,TRADE_DATE_MISMATCH,Confirmed trade date differs from booked trade date,P2,,template_contract_note
doc_1413,BRK01229,TRD102519,INFY,1000,1891.54,ICICI-CUST,2026-08-11,TRADE,CONF_DISAGREEMENT,External confirmation received but disagrees with the booking on multiple fields,P1,,template_contract_note
doc_1414,BRK01230,TRD102521,BHARTIARTL,100,1688.84,MORGANSTANLEY-BROKER,2026-08-02,TRADE,TRADE_PRICE_MISMATCH,Confirmed price differs from booked price,P2,,template_contract_note
doc_1415,BRK01234,TRD102529,TCS,250,4131.73,KOTAK-CUST,2026-08-18,TRADE,TRADE_COUNTERPARTY_ID_MISMATCH,Confirmed counterparty identifier differs from booked counterparty,P1,,template_contract_note
doc_1416,BRK01235,TRD102531,AXISBANK,750,1184.38,NOMURA-BROKER,2026-08-10,TRADE,TRADE_DATE_MISMATCH,Confirmed trade date differs from booked trade date,P2,,template_contract_note
doc_1417,BRK01239,TRD102543,RELIANCE,1500,2862.94,KOTAK-CUST,2026-08-19,TRADE,TRADE_DATE_MISMATCH,Confirmed trade date differs from booked trade date,P2,,template_contract_note
doc_1418,BRK01243,TRD102554,TATASTEEL,250,171.72,NOMURA-BROKER,2026-08-07,TRADE,TRADE_COUNTERPARTY_ID_MISMATCH,Confirmed counterparty identifier differs from booked counterparty,P1,,template_contract_note
doc_1419,BRK01246,TRD102557,HINDUNILVR,1500,2755.66,MORGANSTANLEY-BROKER,2026-08-09,TRADE,TRADE_QUANTITY_MISMATCH,Confirmed quantity differs from booked quantity,P1,,template_contract_note
doc_1420,BRK01249,TRD102565,AXISBANK,250,1182.99,NOMURA-BROKER,2026-08-18,TRADE,TRADE_COUNTERPARTY_ID_MISMATCH,Confirmed counterparty identifier differs from booked counterparty,P1,,template_contract_note
doc_1421,BRK01251,TRD102569,WIPRO,750,610.39,NOMURA-BROKER,2026-08-11,TRADE,CONF_MISSING,External confirmation never received,P0,,template_contract_note
doc_1422,BRK01258,TRD102586,INFY,1000,1888.2,HDFC-CUST,2026-08-20,TRADE,TRADE_DATE_MISMATCH,Confirmed trade date differs from booked trade date,P2,,template_contract_note
doc_1423,BRK01261,TRD102591,HDFCBANK,750,1677.35,NOMURA-BROKER,2026-08-05,TRADE,CONF_DISAGREEMENT,External confirmation received but disagrees with the booking on multiple fields,P1,,template_contract_note
doc_1424,BRK01262,TRD102596,AXISBANK,500,1184.0,NOMURA-BROKER,2026-08-17,TRADE,CONF_MISSING,External confirmation never received,P0,,template_contract_note
doc_1425,BRK01263,TRD102597,HINDUNILVR,1500,2744.15,ICICI-CUST,2026-08-12,TRADE,TRADE_QUANTITY_MISMATCH,Confirmed quantity differs from booked quantity,P1,,template_contract_note
doc_1426,BRK01266,TRD102602,INFY,250,1898.53,DEUTSCHE-BROKER,2026-08-19,TRADE,TRADE_COUNTERPARTY_ID_MISMATCH,Confirmed counterparty identifier differs from booked counterparty,P1,,template_contract_note
doc_1427,BRK01270,TRD102609,HDFCBANK,250,1677.59,KOTAK-CUST,2026-08-05,TRADE,TRADE_COUNTERPARTY_ID_MISMATCH,Confirmed counterparty identifier differs from booked counterparty,P1,,template_contract_note
doc_1428,BRK01276,TRD102618,ICICIBANK,2000,1236.58,DEUTSCHE-BROKER,2026-08-19,TRADE,TRADE_COUNTERPARTY_ID_MISMATCH,Confirmed counterparty identifier differs from booked counterparty,P1,,template_contract_note
doc_1429,BRK01278,TRD102620,INFY,250,1897.86,DEUTSCHE-BROKER,2026-08-17,TRADE,CONF_MISSING,External confirmation never received,P0,,template_contract_note
doc_1430,BRK01279,TRD102621,WIPRO,1000,610.73,DEUTSCHE-BROKER,2026-08-10,TRADE,CONF_DISAGREEMENT,External confirmation received but disagrees with the booking on multiple fields,P1,,template_contract_note
doc_1431,BRK01286,TRD102631,ICICIBANK,500,1246.28,KOTAK-CUST,2026-08-20,TRADE,TRADE_PRICE_MISMATCH,Confirmed price differs from booked price,P2,,template_contract_note
doc_1432,BRK01292,TRD102643,HINDUNILVR,250,2749.52,NOMURA-BROKER,2026-08-07,TRADE,TRADE_DATE_MISMATCH,Confirmed trade date differs from booked trade date,P2,,template_contract_note
doc_1433,BRK01294,TRD102645,AXISBANK,500,1185.11,DEUTSCHE-BROKER,2026-08-20,TRADE,CONF_MISSING,External confirmation never received,P0,,template_contract_note
doc_1434,BRK01296,TRD102647,KOTAKBANK,250,1960.23,HDFC-CUST,2026-08-05,TRADE,TRADE_QUANTITY_MISMATCH,Confirmed quantity differs from booked quantity,P1,,template_contract_note
doc_1435,BRK01298,TRD102651,HDFCBANK,500,1667.44,HDFC-CUST,2026-08-20,TRADE,CONF_DISAGREEMENT,External confirmation received but disagrees with the booking on multiple fields,P1,,template_contract_note
doc_1436,BRK01302,TRD102658,HDFCBANK,2000,1668.81,HDFC-CUST,2026-08-10,TRADE,CONF_DISAGREEMENT,External confirmation received but disagrees with the booking on multiple fields,P1,,template_contract_note
doc_1437,BRK01305,TRD102663,ITC,200,468.58,ICICI-CUST,2026-08-20,TRADE,TRADE_QUANTITY_MISMATCH,Confirmed quantity differs from booked quantity,P1,,template_contract_note
doc_1438,BRK01306,TRD102664,INFY,250,1897.11,NOMURA-BROKER,2026-08-18,TRADE,TRADE_DATE_MISMATCH,Confirmed trade date differs from booked trade date,P2,,template_contract_note
doc_1439,BRK01308,TRD102666,WIPRO,750,607.5,ICICI-CUST,2026-08-03,TRADE,TRADE_QUANTITY_MISMATCH,Confirmed quantity differs from booked quantity,P1,,template_contract_note
doc_1440,BRK01310,TRD102668,BHARTIARTL,750,1692.48,DEUTSCHE-BROKER,2026-08-13,TRADE,TRADE_COUNTERPARTY_ID_MISMATCH,Confirmed counterparty identifier differs from booked counterparty,P1,,template_contract_note
doc_1441,BRK01321,TRD102687,TATASTEEL,750,171.65,KOTAK-CUST,2026-08-22,TRADE,CONF_DISAGREEMENT,External confirmation received but disagrees with the booking on multiple fields,P1,,template_contract_note
doc_1442,BRK01332,TRD102720,ITC,250,471.2,DEUTSCHE-BROKER,2026-08-18,TRADE,CONF_DISAGREEMENT,External confirmation received but disagrees with the booking on multiple fields,P1,,template_contract_note
doc_1443,BRK01334,TRD102722,SBIN,250,849.82,NOMURA-BROKER,2026-08-08,TRADE,TRADE_DATE_MISMATCH,Confirmed trade date differs from booked trade date,P2,,template_contract_note
doc_1444,BRK01340,TRD102734,TATASTEEL,1500,172.57,KOTAK-CUST,2026-08-04,TRADE,TRADE_QUANTITY_MISMATCH,Confirmed quantity differs from booked quantity,P1,,template_contract_note
doc_1445,BRK01343,TRD102738,MARUTI,1500,12941.99,HDFC-CUST,2026-08-12,TRADE,TRADE_PRICE_MISMATCH,Confirmed price differs from booked price,P2,,template_contract_note
doc_1446,BRK01350,TRD102747,HINDUNILVR,250,2755.33,DEUTSCHE-BROKER,2026-08-07,TRADE,TRADE_DATE_MISMATCH,Confirmed trade date differs from booked trade date,P2,,template_contract_note
doc_1447,BRK01351,TRD102748,RELIANCE,200,2847.55,MORGANSTANLEY-BROKER,2026-08-12,TRADE,TRADE_COUNTERPARTY_ID_MISMATCH,Confirmed counterparty identifier differs from booked counterparty,P1,,template_contract_note
doc_1448,BRK01353,TRD102752,RELIANCE,200,2838.5,NOMURA-BROKER,2026-08-10,TRADE,TRADE_DATE_MISMATCH,Confirmed trade date differs from booked trade date,P2,,template_contract_note
doc_1449,BRK01358,TRD102761,LT,250,3673.15,NOMURA-BROKER,2026-08-05,TRADE,TRADE_QUANTITY_MISMATCH,Confirmed quantity differs from booked quantity,P1,,template_contract_note
doc_1450,BRK01363,TRD102774,ICICIBANK,1000,1237.84,ICICI-CUST,2026-08-15,TRADE,CONF_DISAGREEMENT,External confirmation received but disagrees with the booking on multiple fields,P1,,template_contract_note
doc_1451,BRK01364,TRD102775,WIPRO,200,610.2,HDFC-CUST,2026-08-21,TRADE,TRADE_DATE_MISMATCH,Confirmed trade date differs from booked trade date,P2,,template_contract_note
doc_1452,BRK01372,TRD102787,BHARTIARTL,200,1682.71,MORGANSTANLEY-BROKER,2026-08-02,TRADE,TRADE_PRICE_MISMATCH,Confirmed price differs from booked price,P2,,template_contract_note
doc_1453,BRK01373,TRD102788,TCS,100,4122.72,HDFC-CUST,2026-08-11,TRADE,CONF_MISSING,External confirmation never received,P0,,template_contract_note
doc_1454,BRK01376,TRD102795,MARUTI,200,12958.12,DEUTSCHE-BROKER,2026-08-03,TRADE,TRADE_DATE_MISMATCH,Confirmed trade date differs from booked trade date,P2,,template_contract_note
doc_1455,BRK01380,TRD102803,HINDUNILVR,1500,2736.83,ICICI-CUST,2026-08-16,TRADE,TRADE_COUNTERPARTY_ID_MISMATCH,Confirmed counterparty identifier differs from booked counterparty,P1,,template_contract_note
doc_1456,BRK01381,TRD102806,TATASTEEL,250,173.21,KOTAK-CUST,2026-08-16,TRADE,CONF_DISAGREEMENT,External confirmation received but disagrees with the booking on multiple fields,P1,,template_contract_note
doc_1457,BRK01382,TRD102809,ICICIBANK,200,1242.15,DEUTSCHE-BROKER,2026-08-20,TRADE,TRADE_COUNTERPARTY_ID_MISMATCH,Confirmed counterparty identifier differs from booked counterparty,P1,,template_contract_note
doc_1458,BRK01384,TRD102815,TCS,1500,4109.19,DEUTSCHE-BROKER,2026-08-12,TRADE,TRADE_PRICE_MISMATCH,Confirmed price differs from booked price,P2,,template_contract_note
doc_1459,BRK01392,TRD102829,ICICIBANK,2000,1244.1,NOMURA-BROKER,2026-08-15,TRADE,CONF_DISAGREEMENT,External confirmation received but disagrees with the booking on multiple fields,P1,,template_contract_note
doc_1460,BRK01394,TRD102831,RELIANCE,750,2845.72,KOTAK-CUST,2026-08-06,TRADE,CONF_MISSING,External confirmation never received,P0,,template_contract_note
doc_1461,BRK01396,TRD102833,ICICIBANK,500,1238.78,DEUTSCHE-BROKER,2026-08-06,TRADE,TRADE_QUANTITY_MISMATCH,Confirmed quantity differs from booked quantity,P1,,template_contract_note
doc_1462,BRK01397,TRD102837,TATASTEEL,250,172.52,KOTAK-CUST,2026-08-12,TRADE,TRADE_PRICE_MISMATCH,Confirmed price differs from booked price,P2,,template_contract_note
doc_1463,BRK01398,TRD102839,AXISBANK,1000,1178.51,DEUTSCHE-BROKER,2026-08-13,TRADE,CONF_MISSING,External confirmation never received,P0,,template_contract_note
doc_1464,BRK01402,TRD102849,SBIN,200,844.22,KOTAK-CUST,2026-08-07,TRADE,TRADE_QUANTITY_MISMATCH,Confirmed quantity differs from booked quantity,P1,,template_contract_note
doc_1465,BRK01404,TRD102853,RELIANCE,1500,2844.45,HDFC-CUST,2026-08-21,TRADE,TRADE_QUANTITY_MISMATCH,Confirmed quantity differs from booked quantity,P1,,template_contract_note
doc_1466,BRK01409,TRD102865,BHARTIARTL,1000,1686.26,HDFC-CUST,2026-08-14,TRADE,TRADE_COUNTERPARTY_ID_MISMATCH,Confirmed counterparty identifier differs from booked counterparty,P1,,template_contract_note
doc_1467,BRK01411,TRD102867,HDFCBANK,500,1671.98,ICICI-CUST,2026-08-05,TRADE,CONF_MISSING,External confirmation never received,P0,,template_contract_note
doc_1468,BRK01415,TRD102874,INFY,1500,1881.73,DEUTSCHE-BROKER,2026-08-09,TRADE,TRADE_DATE_MISMATCH,Confirmed trade date differs from booked trade date,P2,,template_contract_note
doc_1469,BRK01416,TRD102875,TATASTEEL,250,172.38,MORGANSTANLEY-BROKER,2026-08-13,TRADE,TRADE_QUANTITY_MISMATCH,Confirmed quantity differs from booked quantity,P1,,template_contract_note
doc_1470,BRK01417,TRD102876,ICICIBANK,2000,1246.8,NOMURA-BROKER,2026-08-02,TRADE,TRADE_DATE_MISMATCH,Confirmed trade date differs from booked trade date,P2,,template_contract_note
doc_1471,BRK01418,TRD102877,TATASTEEL,2000,171.79,HDFC-CUST,2026-08-13,TRADE,TRADE_DATE_MISMATCH,Confirmed trade date differs from booked trade date,P2,,template_contract_note
doc_1472,BRK01419,TRD102880,AXISBANK,200,1179.47,MORGANSTANLEY-BROKER,2026-08-05,TRADE,CONF_MISSING,External confirmation never received,P0,,template_contract_note
doc_1473,BRK01422,TRD102885,HINDUNILVR,750,2740.98,ICICI-CUST,2026-08-11,TRADE,TRADE_QUANTITY_MISMATCH,Confirmed quantity differs from booked quantity,P1,,template_contract_note
doc_1474,BRK01423,TRD102886,INFY,2000,1883.92,HDFC-CUST,2026-08-03,TRADE,CONF_DISAGREEMENT,External confirmation received but disagrees with the booking on multiple fields,P1,,template_contract_note
doc_1475,BRK01426,TRD102893,SBIN,500,841.72,MORGANSTANLEY-BROKER,2026-08-06,TRADE,TRADE_QUANTITY_MISMATCH,Confirmed quantity differs from booked quantity,P1,,template_contract_note
doc_1476,BRK01428,TRD102895,SBIN,500,849.28,DEUTSCHE-BROKER,2026-08-16,TRADE,TRADE_QUANTITY_MISMATCH,Confirmed quantity differs from booked quantity,P1,,template_contract_note
doc_1477,BRK01431,TRD102899,HINDUNILVR,100,2739.11,KOTAK-CUST,2026-08-19,TRADE,TRADE_COUNTERPARTY_ID_MISMATCH,Confirmed counterparty identifier differs from booked counterparty,P1,,template_contract_note
doc_1478,BRK01436,TRD102906,AXISBANK,1500,1178.41,NOMURA-BROKER,2026-08-11,TRADE,TRADE_DATE_MISMATCH,Confirmed trade date differs from booked trade date,P2,,template_contract_note
doc_1479,BRK01438,TRD102911,AXISBANK,200,1183.08,HDFC-CUST,2026-08-15,TRADE,CONF_MISSING,External confirmation never received,P0,,template_contract_note
doc_1480,BRK01439,TRD102913,HDFCBANK,500,1676.2,HDFC-CUST,2026-08-09,TRADE,TRADE_QUANTITY_MISMATCH,Confirmed quantity differs from booked quantity,P1,,template_contract_note
doc_1481,BRK01440,TRD102914,INFY,1000,1893.45,MORGANSTANLEY-BROKER,2026-08-13,TRADE,TRADE_COUNTERPARTY_ID_MISMATCH,Confirmed counterparty identifier differs from booked counterparty,P1,,template_contract_note
doc_1482,BRK01442,TRD102921,BHARTIARTL,500,1697.26,ICICI-CUST,2026-08-06,TRADE,TRADE_DATE_MISMATCH,Confirmed trade date differs from booked trade date,P2,,template_contract_note
doc_1483,BRK01445,TRD102925,TCS,500,4100.7,HDFC-CUST,2026-08-10,TRADE,TRADE_PRICE_MISMATCH,Confirmed price differs from booked price,P2,,template_contract_note
doc_1484,BRK01448,TRD102938,TATASTEEL,1000,172.99,MORGANSTANLEY-BROKER,2026-08-16,TRADE,TRADE_DATE_MISMATCH,Confirmed trade date differs from booked trade date,P2,,template_contract_note
doc_1485,BRK01450,TRD102947,MARUTI,500,13033.16,HDFC-CUST,2026-08-06,TRADE,TRADE_COUNTERPARTY_ID_MISMATCH,Confirmed counterparty identifier differs from booked counterparty,P1,,template_contract_note
doc_1486,BRK01452,TRD102949,ICICIBANK,1000,1245.18,KOTAK-CUST,2026-08-09,TRADE,TRADE_PRICE_MISMATCH,Confirmed price differs from booked price,P2,,template_contract_note
doc_1487,BRK01453,TRD102953,BHARTIARTL,100,1683.62,ICICI-CUST,2026-08-17,TRADE,CONF_DISAGREEMENT,External confirmation received but disagrees with the booking on multiple fields,P1,,template_contract_note
doc_1488,BRK01460,TRD102965,BHARTIARTL,100,1690.55,NOMURA-BROKER,2026-08-11,TRADE,CONF_MISSING,External confirmation never received,P0,,template_contract_note
doc_1489,BRK01461,TRD102966,AXISBANK,2000,1182.1,ICICI-CUST,2026-08-14,TRADE,CONF_DISAGREEMENT,External confirmation received but disagrees with the booking on multiple fields,P1,,template_contract_note
doc_1490,BRK01463,TRD102968,TATASTEEL,200,172.22,NOMURA-BROKER,2026-08-15,TRADE,TRADE_PRICE_MISMATCH,Confirmed price differs from booked price,P2,,template_contract_note
doc_1491,BRK01469,TRD102982,ICICIBANK,750,1241.58,KOTAK-CUST,2026-08-16,TRADE,TRADE_QUANTITY_MISMATCH,Confirmed quantity differs from booked quantity,P1,,template_contract_note
doc_1492,BRK01474,TRD102989,ITC,2000,466.93,MORGANSTANLEY-BROKER,2026-08-22,TRADE,CONF_MISSING,External confirmation never received,P0,,template_contract_note
doc_1493,BRK01476,TRD102995,HINDUNILVR,750,2755.89,NOMURA-BROKER,2026-08-11,TRADE,TRADE_COUNTERPARTY_ID_MISMATCH,Confirmed counterparty identifier differs from booked counterparty,P1,,template_contract_note
doc_1494,BRK01477,TRD102997,AXISBANK,500,1183.24,NOMURA-BROKER,2026-08-09,TRADE,CONF_DISAGREEMENT,External confirmation received but disagrees with the booking on multiple fields,P1,,template_contract_note
doc_1495,BRK01479,TRD103000,INFY,2000,1894.53,MORGANSTANLEY-BROKER,2026-08-08,TRADE,TRADE_COUNTERPARTY_ID_MISMATCH,Confirmed counterparty identifier differs from booked counterparty,P1,,template_contract_note
doc_1496,BRK01484,TRD103018,HINDUNILVR,100,2736.07,ICICI-CUST,2026-08-22,TRADE,TRADE_PRICE_MISMATCH,Confirmed price differs from booked price,P2,,template_contract_note
doc_1497,BRK01485,TRD103019,TATASTEEL,750,171.7,HDFC-CUST,2026-08-10,TRADE,CONF_DISAGREEMENT,External confirmation received but disagrees with the booking on multiple fields,P1,,template_contract_note
doc_1498,BRK01486,TRD103021,INFY,250,1896.26,KOTAK-CUST,2026-08-21,TRADE,TRADE_PRICE_MISMATCH,Confirmed price differs from booked price,P2,,template_contract_note
doc_1499,BRK01490,TRD103026,ITC,2000,466.87,NOMURA-BROKER,2026-08-05,TRADE,CONF_DISAGREEMENT,External confirmation received but disagrees with the booking on multiple fields,P1,,template_contract_note
doc_1500,BRK01492,TRD103029,HDFCBANK,100,1668.13,HDFC-CUST,2026-08-07,TRADE,TRADE_PRICE_MISMATCH,Confirmed price differs from booked price,P2,,template_contract_note
doc_1501,BRK01498,TRD103038,BHARTIARTL,1500,1694.77,NOMURA-BROKER,2026-08-11,TRADE,CONF_MISSING,External confirmation never received,P0,,template_contract_note
doc_1502,BRK01500,TRD103041,HDFCBANK,1000,1683.28,DEUTSCHE-BROKER,2026-08-19,TRADE,TRADE_DATE_MISMATCH,Confirmed trade date differs from booked trade date,P2,,template_contract_note
doc_1503,BRK01502,TRD103044,INFY,1000,1894.75,DEUTSCHE-BROKER,2026-08-05,TRADE,CONF_MISSING,External confirmation never received,P0,,template_contract_note
doc_1504,BRK01504,TRD103046,HDFCBANK,2000,1669.87,KOTAK-CUST,2026-08-02,TRADE,TRADE_QUANTITY_MISMATCH,Confirmed quantity differs from booked quantity,P1,,template_contract_note
doc_1505,BRK01505,TRD103047,INFY,200,1887.95,NOMURA-BROKER,2026-08-14,TRADE,TRADE_PRICE_MISMATCH,Confirmed price differs from booked price,P2,,template_contract_note
doc_1506,BRK01507,TRD103052,AXISBANK,1000,1176.58,DEUTSCHE-BROKER,2026-08-16,TRADE,CONF_MISSING,External confirmation never received,P0,,template_contract_note
doc_1507,BRK01512,TRD103062,TCS,500,4108.58,HDFC-CUST,2026-08-05,TRADE,TRADE_DATE_MISMATCH,Confirmed trade date differs from booked trade date,P2,,template_contract_note
doc_1508,BRK01513,TRD103067,LT,1000,3671.4,ICICI-CUST,2026-08-19,TRADE,CONF_MISSING,External confirmation never received,P0,,template_contract_note
doc_1509,BRK01518,TRD103084,TATASTEEL,500,173.07,MORGANSTANLEY-BROKER,2026-08-07,TRADE,TRADE_DATE_MISMATCH,Confirmed trade date differs from booked trade date,P2,,template_contract_note
doc_1510,BRK01520,TRD103086,KOTAKBANK,200,1963.2,DEUTSCHE-BROKER,2026-08-19,TRADE,TRADE_COUNTERPARTY_ID_MISMATCH,Confirmed counterparty identifier differs from booked counterparty,P1,,template_contract_note
doc_1511,BRK01521,TRD103087,ITC,200,467.72,KOTAK-CUST,2026-08-19,TRADE,TRADE_DATE_MISMATCH,Confirmed trade date differs from booked trade date,P2,,template_contract_note
doc_1512,BRK01523,TRD103090,TATASTEEL,250,172.38,NOMURA-BROKER,2026-08-21,TRADE,CONF_MISSING,External confirmation never received,P0,,template_contract_note
doc_1513,BRK01528,TRD103101,WIPRO,750,612.71,MORGANSTANLEY-BROKER,2026-08-20,TRADE,TRADE_COUNTERPARTY_ID_MISMATCH,Confirmed counterparty identifier differs from booked counterparty,P1,,template_contract_note
doc_1514,BRK01531,TRD103104,LT,2000,3673.05,KOTAK-CUST,2026-08-17,TRADE,TRADE_COUNTERPARTY_ID_MISMATCH,Confirmed counterparty identifier differs from booked counterparty,P1,,template_contract_note
doc_1515,BRK01532,TRD103105,BHARTIARTL,750,1683.22,HDFC-CUST,2026-08-18,TRADE,TRADE_COUNTERPARTY_ID_MISMATCH,Confirmed counterparty identifier differs from booked counterparty,P1,,template_contract_note
doc_1516,BRK01535,TRD103110,ITC,100,468.42,MORGANSTANLEY-BROKER,2026-08-11,TRADE,TRADE_PRICE_MISMATCH,Confirmed price differs from booked price,P2,,template_contract_note
doc_1517,BRK01536,TRD103111,MARUTI,250,12950.22,KOTAK-CUST,2026-08-10,TRADE,CONF_DISAGREEMENT,External confirmation received but disagrees with the booking on multiple fields,P1,,template_contract_note
doc_1518,BRK01541,TRD103122,ITC,750,469.67,MORGANSTANLEY-BROKER,2026-08-15,TRADE,CONF_DISAGREEMENT,External confirmation received but disagrees with the booking on multiple fields,P1,,template_contract_note
doc_1519,BRK01542,TRD103124,SBIN,1000,846.54,DEUTSCHE-BROKER,2026-08-15,TRADE,CONF_MISSING,External confirmation never received,P0,,template_contract_note
doc_1520,BRK01543,TRD103126,SBIN,500,843.19,NOMURA-BROKER,2026-08-22,TRADE,TRADE_COUNTERPARTY_ID_MISMATCH,Confirmed counterparty identifier differs from booked counterparty,P1,,template_contract_note
doc_1521,BRK01544,TRD103132,BHARTIARTL,250,1693.08,ICICI-CUST,2026-08-04,TRADE,TRADE_COUNTERPARTY_ID_MISMATCH,Confirmed counterparty identifier differs from booked counterparty,P1,,template_contract_note
doc_1522,BRK01550,TRD103141,MARUTI,750,12929.66,ICICI-CUST,2026-08-16,TRADE,CONF_DISAGREEMENT,External confirmation received but disagrees with the booking on multiple fields,P1,,template_contract_note
doc_1523,BRK01552,TRD103145,MARUTI,250,12970.54,MORGANSTANLEY-BROKER,2026-08-03,TRADE,CONF_DISAGREEMENT,External confirmation received but disagrees with the booking on multiple fields,P1,,template_contract_note
doc_1524,BRK01554,TRD103147,RELIANCE,750,2859.83,HDFC-CUST,2026-08-15,TRADE,TRADE_PRICE_MISMATCH,Confirmed price differs from booked price,P2,,template_contract_note
doc_1525,BRK01571,TRD103179,LT,1500,3682.67,KOTAK-CUST,2026-08-08,TRADE,TRADE_DATE_MISMATCH,Confirmed trade date differs from booked trade date,P2,,template_contract_note
doc_1526,BRK01574,TRD103184,KOTAKBANK,250,1962.32,DEUTSCHE-BROKER,2026-08-09,TRADE,CONF_MISSING,External confirmation never received,P0,,template_contract_note
doc_1527,BRK01591,TRD103216,RELIANCE,2000,2836.59,DEUTSCHE-BROKER,2026-08-19,TRADE,TRADE_PRICE_MISMATCH,Confirmed price differs from booked price,P2,,template_contract_note
doc_1528,BRK01601,TRD103233,WIPRO,100,613.22,KOTAK-CUST,2026-08-06,TRADE,TRADE_QUANTITY_MISMATCH,Confirmed quantity differs from booked quantity,P1,,template_contract_note
doc_1529,BRK01602,TRD103234,AXISBANK,1000,1175.67,HDFC-CUST,2026-08-03,TRADE,TRADE_QUANTITY_MISMATCH,Confirmed quantity differs from booked quantity,P1,,template_contract_note
doc_1530,BRK01608,TRD103245,INFY,200,1899.71,NOMURA-BROKER,2026-08-08,TRADE,TRADE_COUNTERPARTY_ID_MISMATCH,Confirmed counterparty identifier differs from booked counterparty,P1,,template_contract_note
doc_1531,BRK01610,TRD103248,HINDUNILVR,750,2752.29,DEUTSCHE-BROKER,2026-08-14,TRADE,TRADE_DATE_MISMATCH,Confirmed trade date differs from booked trade date,P2,,template_contract_note
doc_1532,BRK01611,TRD103249,AXISBANK,100,1174.39,MORGANSTANLEY-BROKER,2026-08-18,TRADE,TRADE_PRICE_MISMATCH,Confirmed price differs from booked price,P2,,template_contract_note
doc_1533,BRK01614,TRD103252,TATASTEEL,2000,172.87,NOMURA-BROKER,2026-08-20,TRADE,TRADE_QUANTITY_MISMATCH,Confirmed quantity differs from booked quantity,P1,,template_contract_note
doc_1534,BRK01617,TRD103257,WIPRO,750,609.31,MORGANSTANLEY-BROKER,2026-08-06,TRADE,TRADE_QUANTITY_MISMATCH,Confirmed quantity differs from booked quantity,P1,,template_contract_note
doc_1535,BRK01624,TRD103268,TCS,200,4128.44,NOMURA-BROKER,2026-08-04,TRADE,TRADE_COUNTERPARTY_ID_MISMATCH,Confirmed counterparty identifier differs from booked counterparty,P1,,template_contract_note
doc_1536,BRK01627,TRD103274,RELIANCE,2000,2857.21,KOTAK-CUST,2026-08-15,TRADE,TRADE_QUANTITY_MISMATCH,Confirmed quantity differs from booked quantity,P1,,template_contract_note
doc_1537,BRK01630,TRD103284,ITC,2000,470.45,MORGANSTANLEY-BROKER,2026-08-07,TRADE,TRADE_PRICE_MISMATCH,Confirmed price differs from booked price,P2,,template_contract_note
doc_1538,BRK01633,TRD103288,INFY,200,1887.21,DEUTSCHE-BROKER,2026-08-22,TRADE,TRADE_DATE_MISMATCH,Confirmed trade date differs from booked trade date,P2,,template_contract_note
doc_1539,BRK01635,TRD103291,HINDUNILVR,500,2746.88,MORGANSTANLEY-BROKER,2026-08-04,TRADE,CONF_MISSING,External confirmation never received,P0,,template_contract_note
doc_1540,BRK01637,TRD103296,MARUTI,1000,12955.47,ICICI-CUST,2026-08-10,TRADE,TRADE_QUANTITY_MISMATCH,Confirmed quantity differs from booked quantity,P1,,template_contract_note
doc_1541,BRK01639,TRD103301,TATASTEEL,2000,172.99,ICICI-CUST,2026-08-09,TRADE,CONF_MISSING,External confirmation never received,P0,,template_contract_note
doc_1542,BRK01640,TRD103302,AXISBANK,2000,1183.34,DEUTSCHE-BROKER,2026-08-19,TRADE,TRADE_COUNTERPARTY_ID_MISMATCH,Confirmed counterparty identifier differs from booked counterparty,P1,,template_contract_note
doc_1543,BRK01642,TRD103304,TCS,750,4134.98,DEUTSCHE-BROKER,2026-08-22,TRADE,TRADE_DATE_MISMATCH,Confirmed trade date differs from booked trade date,P2,,template_contract_note
doc_1544,BRK01644,TRD103306,HDFCBANK,1000,1675.7,ICICI-CUST,2026-08-05,TRADE,TRADE_PRICE_MISMATCH,Confirmed price differs from booked price,P2,,template_contract_note
doc_1545,BRK01647,TRD103314,MARUTI,100,12917.01,KOTAK-CUST,2026-08-22,TRADE,CONF_DISAGREEMENT,External confirmation received but disagrees with the booking on multiple fields,P1,,template_contract_note
doc_1546,BRK01649,TRD103316,BHARTIARTL,100,1695.29,MORGANSTANLEY-BROKER,2026-08-14,TRADE,TRADE_DATE_MISMATCH,Confirmed trade date differs from booked trade date,P2,,template_contract_note
doc_1547,BRK01651,TRD103326,SBIN,200,844.56,NOMURA-BROKER,2026-08-13,TRADE,TRADE_COUNTERPARTY_ID_MISMATCH,Confirmed counterparty identifier differs from booked counterparty,P1,,template_contract_note
doc_1548,BRK01652,TRD103327,BHARTIARTL,500,1685.85,KOTAK-CUST,2026-08-21,TRADE,TRADE_DATE_MISMATCH,Confirmed trade date differs from booked trade date,P2,,template_contract_note
doc_1549,BRK01654,TRD103329,TATASTEEL,2000,172.31,DEUTSCHE-BROKER,2026-08-06,TRADE,TRADE_DATE_MISMATCH,Confirmed trade date differs from booked trade date,P2,,template_contract_note
doc_1550,BRK01656,TRD103333,SBIN,750,842.68,ICICI-CUST,2026-08-22,TRADE,CONF_MISSING,External confirmation never received,P0,,template_contract_note
doc_1551,BRK01657,TRD103334,HDFCBANK,1500,1667.14,KOTAK-CUST,2026-08-11,TRADE,TRADE_DATE_MISMATCH,Confirmed trade date differs from booked trade date,P2,,template_contract_note
doc_1552,BRK01666,TRD103349,SBIN,100,847.18,HDFC-CUST,2026-08-21,TRADE,TRADE_PRICE_MISMATCH,Confirmed price differs from booked price,P2,,template_contract_note
doc_1553,BRK01669,TRD103354,HDFCBANK,750,1669.29,DEUTSCHE-BROKER,2026-08-07,TRADE,TRADE_PRICE_MISMATCH,Confirmed price differs from booked price,P2,,template_contract_note
doc_1554,BRK01674,TRD103366,HDFCBANK,250,1673.75,HDFC-CUST,2026-08-16,TRADE,TRADE_PRICE_MISMATCH,Confirmed price differs from booked price,P2,,template_contract_note
doc_1555,BRK01677,TRD103374,INFY,1500,1894.43,DEUTSCHE-BROKER,2026-08-16,TRADE,TRADE_PRICE_MISMATCH,Confirmed price differs from booked price,P2,,template_contract_note
doc_1556,BRK01679,TRD103378,INFY,100,1891.16,MORGANSTANLEY-BROKER,2026-08-05,TRADE,CONF_MISSING,External confirmation never received,P0,,template_contract_note
doc_1557,BRK01680,TRD103380,ICICIBANK,750,1241.32,MORGANSTANLEY-BROKER,2026-08-03,TRADE,CONF_MISSING,External confirmation never received,P0,,template_contract_note
doc_1558,BRK01684,TRD103385,WIPRO,500,611.11,HDFC-CUST,2026-08-09,TRADE,CONF_DISAGREEMENT,External confirmation received but disagrees with the booking on multiple fields,P1,,template_contract_note
doc_1559,BRK01688,TRD103392,TATASTEEL,100,172.25,KOTAK-CUST,2026-08-21,TRADE,TRADE_PRICE_MISMATCH,Confirmed price differs from booked price,P2,,template_contract_note
doc_1560,BRK01689,TRD103393,TATASTEEL,2000,172.18,MORGANSTANLEY-BROKER,2026-08-05,TRADE,CONF_MISSING,External confirmation never received,P0,,template_contract_note
doc_1561,BRK01691,TRD103395,HDFCBANK,1500,1668.97,KOTAK-CUST,2026-08-15,TRADE,CONF_MISSING,External confirmation never received,P0,,template_contract_note
doc_1562,BRK01697,TRD103403,INFY,200,1890.33,NOMURA-BROKER,2026-08-09,TRADE,TRADE_QUANTITY_MISMATCH,Confirmed quantity differs from booked quantity,P1,,template_contract_note
doc_1563,BRK01701,TRD103413,LT,250,3668.1,ICICI-CUST,2026-08-13,TRADE,TRADE_DATE_MISMATCH,Confirmed trade date differs from booked trade date,P2,,template_contract_note
doc_1564,BRK01707,TRD103421,WIPRO,500,611.05,NOMURA-BROKER,2026-08-03,TRADE,CONF_DISAGREEMENT,External confirmation received but disagrees with the booking on multiple fields,P1,,template_contract_note
doc_1565,BRK01708,TRD103423,INFY,750,1896.66,ICICI-CUST,2026-08-04,TRADE,TRADE_DATE_MISMATCH,Confirmed trade date differs from booked trade date,P2,,template_contract_note
doc_1566,BRK01712,TRD103431,HDFCBANK,200,1673.34,KOTAK-CUST,2026-08-10,TRADE,TRADE_DATE_MISMATCH,Confirmed trade date differs from booked trade date,P2,,template_contract_note
doc_1567,BRK01714,TRD103438,ICICIBANK,750,1244.17,DEUTSCHE-BROKER,2026-08-04,TRADE,TRADE_DATE_MISMATCH,Confirmed trade date differs from booked trade date,P2,,template_contract_note
doc_1568,BRK01717,TRD103444,WIPRO,750,608.36,NOMURA-BROKER,2026-08-14,TRADE,TRADE_QUANTITY_MISMATCH,Confirmed quantity differs from booked quantity,P1,,template_contract_note
doc_1569,BRK01719,TRD103446,LT,200,3671.39,ICICI-CUST,2026-08-15,TRADE,TRADE_QUANTITY_MISMATCH,Confirmed quantity differs from booked quantity,P1,,template_contract_note
doc_1570,BRK01724,TRD103453,HINDUNILVR,750,2741.06,NOMURA-BROKER,2026-08-16,TRADE,TRADE_DATE_MISMATCH,Confirmed trade date differs from booked trade date,P2,,template_contract_note
doc_1571,BRK01726,TRD103456,RELIANCE,1500,2850.02,NOMURA-BROKER,2026-08-16,TRADE,CONF_DISAGREEMENT,External confirmation received but disagrees with the booking on multiple fields,P1,,template_contract_note
doc_1572,BRK01727,TRD103457,MARUTI,1500,12976.24,MORGANSTANLEY-BROKER,2026-08-05,TRADE,TRADE_QUANTITY_MISMATCH,Confirmed quantity differs from booked quantity,P1,,template_contract_note
doc_1573,BRK01729,TRD103461,AXISBANK,1500,1176.76,NOMURA-BROKER,2026-08-07,TRADE,TRADE_DATE_MISMATCH,Confirmed trade date differs from booked trade date,P2,,template_contract_note
doc_1574,BRK01730,TRD103463,AXISBANK,250,1175.99,NOMURA-BROKER,2026-08-05,TRADE,TRADE_COUNTERPARTY_ID_MISMATCH,Confirmed counterparty identifier differs from booked counterparty,P1,,template_contract_note
doc_1575,BRK01738,TRD103477,KOTAKBANK,750,1958.89,KOTAK-CUST,2026-08-05,TRADE,TRADE_COUNTERPARTY_ID_MISMATCH,Confirmed counterparty identifier differs from booked counterparty,P1,,template_contract_note
doc_1576,BRK01748,TRD103495,INFY,750,1885.43,HDFC-CUST,2026-08-12,TRADE,CONF_DISAGREEMENT,External confirmation received but disagrees with the booking on multiple fields,P1,,template_contract_note
doc_1577,BRK01750,TRD103497,HINDUNILVR,1000,2753.26,NOMURA-BROKER,2026-08-10,TRADE,TRADE_QUANTITY_MISMATCH,Confirmed quantity differs from booked quantity,P1,,template_contract_note
doc_1578,BRK01759,TRD103524,WIPRO,250,609.24,NOMURA-BROKER,2026-08-04,TRADE,TRADE_QUANTITY_MISMATCH,Confirmed quantity differs from booked quantity,P1,,template_contract_note
doc_1579,BRK01765,TRD103538,SBIN,2000,843.58,DEUTSCHE-BROKER,2026-08-21,TRADE,CONF_DISAGREEMENT,External confirmation received but disagrees with the booking on multiple fields,P1,,template_contract_note
doc_1580,BRK01766,TRD103539,AXISBANK,200,1185.23,NOMURA-BROKER,2026-08-03,TRADE,CONF_MISSING,External confirmation never received,P0,,template_contract_note
doc_1581,BRK01768,TRD103545,INFY,1500,1886.93,NOMURA-BROKER,2026-08-21,TRADE,CONF_MISSING,External confirmation never received,P0,,template_contract_note
doc_1582,BRK01769,TRD103548,TATASTEEL,500,172.63,KOTAK-CUST,2026-08-16,TRADE,TRADE_DATE_MISMATCH,Confirmed trade date differs from booked trade date,P2,,template_contract_note
doc_1583,BRK01770,TRD103550,RELIANCE,250,2837.42,MORGANSTANLEY-BROKER,2026-08-05,TRADE,CONF_MISSING,External confirmation never received,P0,,template_contract_note
doc_1584,BRK01771,TRD103552,BHARTIARTL,200,1683.57,KOTAK-CUST,2026-08-19,TRADE,TRADE_COUNTERPARTY_ID_MISMATCH,Confirmed counterparty identifier differs from booked counterparty,P1,,template_contract_note
doc_1585,BRK01778,TRD103566,MARUTI,100,12996.07,ICICI-CUST,2026-08-20,TRADE,TRADE_QUANTITY_MISMATCH,Confirmed quantity differs from booked quantity,P1,,template_contract_note
doc_1586,BRK01788,TRD103582,HDFCBANK,100,1667.96,NOMURA-BROKER,2026-08-09,TRADE,CONF_DISAGREEMENT,External confirmation received but disagrees with the booking on multiple fields,P1,,template_contract_note
doc_1587,BRK01789,TRD103583,ITC,200,468.04,KOTAK-CUST,2026-08-03,TRADE,TRADE_PRICE_MISMATCH,Confirmed price differs from booked price,P2,,template_contract_note
doc_1588,BRK01791,TRD103586,ICICIBANK,1000,1237.25,NOMURA-BROKER,2026-08-12,TRADE,TRADE_COUNTERPARTY_ID_MISMATCH,Confirmed counterparty identifier differs from booked counterparty,P1,,template_contract_note
doc_1589,BRK01795,TRD103593,INFY,100,1892.26,DEUTSCHE-BROKER,2026-08-15,TRADE,TRADE_PRICE_MISMATCH,Confirmed price differs from booked price,P2,,template_contract_note
doc_1590,BRK01796,TRD103594,HDFCBANK,250,1678.39,NOMURA-BROKER,2026-08-21,TRADE,TRADE_QUANTITY_MISMATCH,Confirmed quantity differs from booked quantity,P1,,template_contract_note
doc_1591,BRK01801,TRD103606,ITC,2000,468.75,HDFC-CUST,2026-08-08,TRADE,TRADE_QUANTITY_MISMATCH,Confirmed quantity differs from booked quantity,P1,,template_contract_note
doc_1592,BRK01802,TRD103608,TATASTEEL,2000,171.59,KOTAK-CUST,2026-08-19,TRADE,CONF_DISAGREEMENT,External confirmation received but disagrees with the booking on multiple fields,P1,,template_contract_note
doc_1593,BRK01805,TRD103615,TATASTEEL,750,173.22,KOTAK-CUST,2026-08-04,TRADE,CONF_DISAGREEMENT,External confirmation received but disagrees with the booking on multiple fields,P1,,template_contract_note
doc_1594,BRK01806,TRD103616,SBIN,2000,846.83,ICICI-CUST,2026-08-08,TRADE,CONF_DISAGREEMENT,External confirmation received but disagrees with the booking on multiple fields,P1,,template_contract_note
doc_1595,BRK01808,TRD103620,INFY,500,1899.29,DEUTSCHE-BROKER,2026-08-10,TRADE,TRADE_QUANTITY_MISMATCH,Confirmed quantity differs from booked quantity,P1,,template_contract_note
doc_1596,BRK01814,TRD103632,HDFCBANK,500,1683.09,DEUTSCHE-BROKER,2026-08-21,TRADE,TRADE_COUNTERPARTY_ID_MISMATCH,Confirmed counterparty identifier differs from booked counterparty,P1,,template_contract_note
doc_1597,BRK01822,TRD103645,TATASTEEL,500,172.47,ICICI-CUST,2026-08-15,TRADE,TRADE_DATE_MISMATCH,Confirmed trade date differs from booked trade date,P2,,template_contract_note
doc_1598,BRK01824,TRD103647,AXISBANK,750,1183.16,KOTAK-CUST,2026-08-08,TRADE,TRADE_COUNTERPARTY_ID_MISMATCH,Confirmed counterparty identifier differs from booked counterparty,P1,,template_contract_note
doc_1599,BRK01826,TRD103649,INFY,750,1887.21,MORGANSTANLEY-BROKER,2026-08-06,TRADE,TRADE_PRICE_MISMATCH,Confirmed price differs from booked price,P2,,template_contract_note
doc_1600,BRK01829,TRD103657,INFY,100,1885.15,NOMURA-BROKER,2026-08-20,TRADE,TRADE_COUNTERPARTY_ID_MISMATCH,Confirmed counterparty identifier differs from booked counterparty,P1,,template_contract_note
doc_1601,BRK01830,TRD103658,ITC,750,469.05,KOTAK-CUST,2026-08-16,TRADE,TRADE_QUANTITY_MISMATCH,Confirmed quantity differs from booked quantity,P1,,template_contract_note
doc_1602,BRK01834,TRD103662,INFY,1500,1881.44,KOTAK-CUST,2026-08-22,TRADE,TRADE_COUNTERPARTY_ID_MISMATCH,Confirmed counterparty identifier differs from booked counterparty,P1,,template_contract_note
doc_1603,BRK01835,TRD103663,INFY,2000,1888.79,KOTAK-CUST,2026-08-17,TRADE,TRADE_COUNTERPARTY_ID_MISMATCH,Confirmed counterparty identifier differs from booked counterparty,P1,,template_contract_note
doc_1604,BRK01838,TRD103668,AXISBANK,100,1185.37,HDFC-CUST,2026-08-06,TRADE,TRADE_PRICE_MISMATCH,Confirmed price differs from booked price,P2,,template_contract_note
doc_1605,BRK01840,TRD103670,INFY,250,1885.16,ICICI-CUST,2026-08-20,TRADE,CONF_DISAGREEMENT,External confirmation received but disagrees with the booking on multiple fields,P1,,template_contract_note
doc_1606,BRK01844,TRD103676,LT,1500,3667.92,HDFC-CUST,2026-08-19,TRADE,TRADE_QUANTITY_MISMATCH,Confirmed quantity differs from booked quantity,P1,,template_contract_note
doc_1607,BRK01846,TRD103678,TCS,250,4109.95,NOMURA-BROKER,2026-08-14,TRADE,TRADE_DATE_MISMATCH,Confirmed trade date differs from booked trade date,P2,,template_contract_note
doc_1608,BRK01851,TRD103687,HDFCBANK,200,1679.66,ICICI-CUST,2026-08-08,TRADE,CONF_MISSING,External confirmation never received,P0,,template_contract_note
doc_1609,BRK01853,TRD103690,WIPRO,750,608.91,KOTAK-CUST,2026-08-11,TRADE,TRADE_QUANTITY_MISMATCH,Confirmed quantity differs from booked quantity,P1,,template_contract_note
doc_1610,BRK01859,TRD103706,HINDUNILVR,1500,2755.12,DEUTSCHE-BROKER,2026-08-10,TRADE,CONF_MISSING,External confirmation never received,P0,,template_contract_note
doc_1611,BRK01863,TRD103711,WIPRO,100,611.6,MORGANSTANLEY-BROKER,2026-08-10,TRADE,TRADE_DATE_MISMATCH,Confirmed trade date differs from booked trade date,P2,,template_contract_note
doc_1612,BRK01869,TRD103723,HINDUNILVR,1000,2733.59,DEUTSCHE-BROKER,2026-08-11,TRADE,TRADE_DATE_MISMATCH,Confirmed trade date differs from booked trade date,P2,,template_contract_note
doc_1613,BRK01870,TRD103725,HDFCBANK,2000,1679.41,HDFC-CUST,2026-08-14,TRADE,CONF_MISSING,External confirmation never received,P0,,template_contract_note
doc_1614,BRK01872,TRD103728,ICICIBANK,100,1234.92,KOTAK-CUST,2026-08-19,TRADE,TRADE_QUANTITY_MISMATCH,Confirmed quantity differs from booked quantity,P1,,template_contract_note
doc_1615,BRK01873,TRD103729,WIPRO,1000,609.39,KOTAK-CUST,2026-08-08,TRADE,CONF_DISAGREEMENT,External confirmation received but disagrees with the booking on multiple fields,P1,,template_contract_note
doc_1616,BRK01876,TRD103735,MARUTI,100,12952.68,KOTAK-CUST,2026-08-20,TRADE,TRADE_QUANTITY_MISMATCH,Confirmed quantity differs from booked quantity,P1,,template_contract_note
doc_1617,BRK01878,TRD103739,ICICIBANK,500,1239.97,DEUTSCHE-BROKER,2026-08-19,TRADE,TRADE_DATE_MISMATCH,Confirmed trade date differs from booked trade date,P2,,template_contract_note
doc_1618,BRK01881,TRD103744,ICICIBANK,250,1243.37,ICICI-CUST,2026-08-08,TRADE,CONF_MISSING,External confirmation never received,P0,,template_contract_note
doc_1619,BRK01882,TRD103745,RELIANCE,250,2841.81,MORGANSTANLEY-BROKER,2026-08-07,TRADE,TRADE_DATE_MISMATCH,Confirmed trade date differs from booked trade date,P2,,template_contract_note
doc_1620,BRK01884,TRD103748,BHARTIARTL,1500,1690.07,KOTAK-CUST,2026-08-05,TRADE,TRADE_QUANTITY_MISMATCH,Confirmed quantity differs from booked quantity,P1,,template_contract_note
doc_1621,BRK01885,TRD103750,MARUTI,250,12931.81,KOTAK-CUST,2026-08-06,TRADE,CONF_MISSING,External confirmation never received,P0,,template_contract_note
doc_1622,BRK01887,TRD103756,WIPRO,750,609.35,NOMURA-BROKER,2026-08-15,TRADE,CONF_MISSING,External confirmation never received,P0,,template_contract_note
doc_1623,BRK01890,TRD103764,INFY,1000,1895.74,MORGANSTANLEY-BROKER,2026-08-22,TRADE,CONF_DISAGREEMENT,External confirmation received but disagrees with the booking on multiple fields,P1,,template_contract_note
doc_1624,BRK01891,TRD103770,KOTAKBANK,2000,1962.81,HDFC-CUST,2026-08-15,TRADE,TRADE_PRICE_MISMATCH,Confirmed price differs from booked price,P2,,template_contract_note
doc_1625,BRK01894,TRD103773,AXISBANK,2000,1181.32,MORGANSTANLEY-BROKER,2026-08-09,TRADE,TRADE_PRICE_MISMATCH,Confirmed price differs from booked price,P2,,template_contract_note
doc_1626,BRK01897,TRD103780,HINDUNILVR,2000,2742.77,NOMURA-BROKER,2026-08-12,TRADE,TRADE_COUNTERPARTY_ID_MISMATCH,Confirmed counterparty identifier differs from booked counterparty,P1,,template_contract_note
doc_1627,BRK01899,TRD103782,TATASTEEL,500,172.62,HDFC-CUST,2026-08-16,TRADE,TRADE_PRICE_MISMATCH,Confirmed price differs from booked price,P2,,template_contract_note
doc_1628,BRK01900,TRD103783,HDFCBANK,1500,1680.57,MORGANSTANLEY-BROKER,2026-08-10,TRADE,CONF_DISAGREEMENT,External confirmation received but disagrees with the booking on multiple fields,P1,,template_contract_note
doc_1629,BRK01905,TRD103800,SBIN,2000,842.21,DEUTSCHE-BROKER,2026-08-04,TRADE,TRADE_DATE_MISMATCH,Confirmed trade date differs from booked trade date,P2,,template_contract_note
doc_1630,BRK01906,TRD103805,ITC,1000,468.86,DEUTSCHE-BROKER,2026-08-11,TRADE,TRADE_QUANTITY_MISMATCH,Confirmed quantity differs from booked quantity,P1,,template_contract_note
doc_1631,BRK01917,TRD103828,HDFCBANK,1000,1681.73,NOMURA-BROKER,2026-08-05,TRADE,CONF_DISAGREEMENT,External confirmation received but disagrees with the booking on multiple fields,P1,,template_contract_note
doc_1632,BRK01918,TRD103835,HINDUNILVR,200,2757.4,KOTAK-CUST,2026-08-10,TRADE,TRADE_DATE_MISMATCH,Confirmed trade date differs from booked trade date,P2,,template_contract_note
doc_1633,BRK01919,TRD103836,HINDUNILVR,2000,2739.77,HDFC-CUST,2026-08-22,TRADE,TRADE_PRICE_MISMATCH,Confirmed price differs from booked price,P2,,template_contract_note
doc_1634,BRK01925,TRD103848,HDFCBANK,2000,1678.93,MORGANSTANLEY-BROKER,2026-08-21,TRADE,TRADE_DATE_MISMATCH,Confirmed trade date differs from booked trade date,P2,,template_contract_note
doc_1635,BRK01926,TRD103849,ICICIBANK,750,1238.33,HDFC-CUST,2026-08-17,TRADE,TRADE_QUANTITY_MISMATCH,Confirmed quantity differs from booked quantity,P1,,template_contract_note
doc_1636,BRK01928,TRD103852,ITC,250,468.0,KOTAK-CUST,2026-08-12,TRADE,TRADE_DATE_MISMATCH,Confirmed trade date differs from booked trade date,P2,,template_contract_note
doc_1637,BRK01929,TRD103855,INFY,750,1883.96,ICICI-CUST,2026-08-16,TRADE,TRADE_QUANTITY_MISMATCH,Confirmed quantity differs from booked quantity,P1,,template_contract_note
doc_1638,BRK01930,TRD103856,HDFCBANK,250,1677.22,NOMURA-BROKER,2026-08-12,TRADE,TRADE_COUNTERPARTY_ID_MISMATCH,Confirmed counterparty identifier differs from booked counterparty,P1,,template_contract_note
doc_1639,BRK01932,TRD103859,INFY,200,1889.22,DEUTSCHE-BROKER,2026-08-05,TRADE,CONF_MISSING,External confirmation never received,P0,,template_contract_note
doc_1640,BRK01933,TRD103860,AXISBANK,250,1184.14,KOTAK-CUST,2026-08-02,TRADE,TRADE_PRICE_MISMATCH,Confirmed price differs from booked price,P2,,template_contract_note
doc_1641,BRK01934,TRD103861,ITC,250,470.8,NOMURA-BROKER,2026-08-13,TRADE,CONF_MISSING,External confirmation never received,P0,,template_contract_note
doc_1642,BRK01938,TRD103866,AXISBANK,500,1181.94,KOTAK-CUST,2026-08-08,TRADE,TRADE_PRICE_MISMATCH,Confirmed price differs from booked price,P2,,template_contract_note
doc_1643,BRK01944,TRD103876,WIPRO,1500,609.37,HDFC-CUST,2026-08-13,TRADE,TRADE_DATE_MISMATCH,Confirmed trade date differs from booked trade date,P2,,template_contract_note
doc_1644,BRK01946,TRD103878,ITC,100,468.46,NOMURA-BROKER,2026-08-04,TRADE,TRADE_DATE_MISMATCH,Confirmed trade date differs from booked trade date,P2,,template_contract_note
doc_1645,BRK01949,TRD103884,MARUTI,250,12993.79,ICICI-CUST,2026-08-08,TRADE,CONF_DISAGREEMENT,External confirmation received but disagrees with the booking on multiple fields,P1,,template_contract_note
doc_1646,BRK01952,TRD103889,TATASTEEL,1000,173.13,HDFC-CUST,2026-08-18,TRADE,CONF_DISAGREEMENT,External confirmation received but disagrees with the booking on multiple fields,P1,,template_contract_note
doc_1647,BRK01958,TRD103901,ICICIBANK,750,1245.35,HDFC-CUST,2026-08-04,TRADE,TRADE_COUNTERPARTY_ID_MISMATCH,Confirmed counterparty identifier differs from booked counterparty,P1,,template_contract_note
doc_1648,BRK01974,TRD103928,SBIN,1500,844.96,DEUTSCHE-BROKER,2026-08-18,TRADE,TRADE_PRICE_MISMATCH,Confirmed price differs from booked price,P2,,template_contract_note
doc_1649,BRK01977,TRD103938,INFY,1000,1884.71,HDFC-CUST,2026-08-16,TRADE,CONF_MISSING,External confirmation never received,P0,,template_contract_note
doc_1650,BRK01979,TRD103943,LT,250,3696.72,DEUTSCHE-BROKER,2026-08-17,TRADE,TRADE_COUNTERPARTY_ID_MISMATCH,Confirmed counterparty identifier differs from booked counterparty,P1,,template_contract_note
doc_1651,BRK01982,TRD103950,BHARTIARTL,1000,1693.95,KOTAK-CUST,2026-08-15,TRADE,CONF_MISSING,External confirmation never received,P0,,template_contract_note
doc_1652,BRK01983,TRD103952,HDFCBANK,750,1679.87,ICICI-CUST,2026-08-02,TRADE,TRADE_DATE_MISMATCH,Confirmed trade date differs from booked trade date,P2,,template_contract_note
doc_1653,BRK01988,TRD103960,BHARTIARTL,1000,1691.42,NOMURA-BROKER,2026-08-08,TRADE,CONF_MISSING,External confirmation never received,P0,,template_contract_note
doc_1654,BRK01991,TRD103963,ICICIBANK,1500,1240.45,KOTAK-CUST,2026-08-04,TRADE,CONF_MISSING,External confirmation never received,P0,,template_contract_note
doc_1655,BRK01994,TRD103967,LT,1000,3671.46,HDFC-CUST,2026-08-20,TRADE,TRADE_QUANTITY_MISMATCH,Confirmed quantity differs from booked quantity,P1,,template_contract_note
doc_1656,BRK01998,TRD103972,TATASTEEL,500,173.29,DEUTSCHE-BROKER,2026-08-12,TRADE,TRADE_DATE_MISMATCH,Confirmed trade date differs from booked trade date,P2,,template_contract_note
doc_1657,BRK02002,TRD103985,KOTAKBANK,1500,1957.78,DEUTSCHE-BROKER,2026-08-17,TRADE,TRADE_DATE_MISMATCH,Confirmed trade date differs from booked trade date,P2,,template_contract_note
doc_1658,BRK02004,TRD103989,TCS,1500,4136.37,HDFC-CUST,2026-08-22,TRADE,TRADE_COUNTERPARTY_ID_MISMATCH,Confirmed counterparty identifier differs from booked counterparty,P1,,template_contract_note
doc_1659,BRK02007,TRD103992,INFY,250,1891.25,MORGANSTANLEY-BROKER,2026-08-22,TRADE,TRADE_PRICE_MISMATCH,Confirmed price differs from booked price,P2,,template_contract_note
doc_1660,BRK02012,TRD104001,WIPRO,250,608.9,NOMURA-BROKER,2026-08-21,TRADE,CONF_MISSING,External confirmation never received,P0,,template_contract_note
doc_1661,BRK02013,TRD104003,HINDUNILVR,250,2748.06,ICICI-CUST,2026-08-02,TRADE,TRADE_COUNTERPARTY_ID_MISMATCH,Confirmed counterparty identifier differs from booked counterparty,P1,,template_contract_note
doc_1662,BRK02017,TRD104007,KOTAKBANK,100,1953.44,ICICI-CUST,2026-08-03,TRADE,TRADE_PRICE_MISMATCH,Confirmed price differs from booked price,P2,,template_contract_note
doc_1663,BRK02018,TRD104009,ICICIBANK,2000,1239.11,NOMURA-BROKER,2026-08-17,TRADE,CONF_MISSING,External confirmation never received,P0,,template_contract_note
doc_1664,BRK02019,TRD104010,WIPRO,1000,610.32,NOMURA-BROKER,2026-08-04,TRADE,CONF_DISAGREEMENT,External confirmation received but disagrees with the booking on multiple fields,P1,,template_contract_note
doc_1665,BRK02025,TRD104027,SBIN,100,847.09,ICICI-CUST,2026-08-22,TRADE,TRADE_COUNTERPARTY_ID_MISMATCH,Confirmed counterparty identifier differs from booked counterparty,P1,,template_contract_note
doc_1666,BRK02029,TRD104034,WIPRO,100,610.49,HDFC-CUST,2026-08-17,TRADE,TRADE_DATE_MISMATCH,Confirmed trade date differs from booked trade date,P2,,template_contract_note
doc_1667,BRK02030,TRD104036,HINDUNILVR,200,2747.92,ICICI-CUST,2026-08-12,TRADE,TRADE_COUNTERPARTY_ID_MISMATCH,Confirmed counterparty identifier differs from booked counterparty,P1,,template_contract_note
doc_1668,BRK02032,TRD104042,INFY,1500,1881.39,MORGANSTANLEY-BROKER,2026-08-10,TRADE,TRADE_DATE_MISMATCH,Confirmed trade date differs from booked trade date,P2,,template_contract_note
doc_1669,BRK02033,TRD104047,HDFCBANK,200,1682.7,KOTAK-CUST,2026-08-08,TRADE,CONF_MISSING,External confirmation never received,P0,,template_contract_note
doc_1670,BRK02035,TRD104049,RELIANCE,250,2846.77,DEUTSCHE-BROKER,2026-08-09,TRADE,TRADE_QUANTITY_MISMATCH,Confirmed quantity differs from booked quantity,P1,,template_contract_note
doc_1671,BRK02038,TRD104055,KOTAKBANK,250,1958.92,DEUTSCHE-BROKER,2026-08-20,TRADE,TRADE_DATE_MISMATCH,Confirmed trade date differs from booked trade date,P2,,template_contract_note
doc_1672,BRK02045,TRD104070,RELIANCE,200,2861.58,NOMURA-BROKER,2026-08-19,TRADE,TRADE_QUANTITY_MISMATCH,Confirmed quantity differs from booked quantity,P1,,template_contract_note
doc_1673,BRK02046,TRD104072,ICICIBANK,1500,1235.34,KOTAK-CUST,2026-08-19,TRADE,TRADE_QUANTITY_MISMATCH,Confirmed quantity differs from booked quantity,P1,,template_contract_note
doc_1674,BRK02047,TRD104074,INFY,100,1895.42,NOMURA-BROKER,2026-08-08,TRADE,TRADE_PRICE_MISMATCH,Confirmed price differs from booked price,P2,,template_contract_note
doc_1675,BRK02051,TRD104081,HINDUNILVR,1000,2734.73,DEUTSCHE-BROKER,2026-08-08,TRADE,TRADE_PRICE_MISMATCH,Confirmed price differs from booked price,P2,,template_contract_note
doc_1676,BRK02052,TRD104084,AXISBANK,1500,1178.41,ICICI-CUST,2026-08-14,TRADE,CONF_MISSING,External confirmation never received,P0,,template_contract_note
doc_1677,BRK02053,TRD104085,BHARTIARTL,2000,1683.27,DEUTSCHE-BROKER,2026-08-16,TRADE,TRADE_DATE_MISMATCH,Confirmed trade date differs from booked trade date,P2,,template_contract_note
doc_1678,BRK02054,TRD104086,HINDUNILVR,250,2755.11,MORGANSTANLEY-BROKER,2026-08-09,TRADE,CONF_MISSING,External confirmation never received,P0,,template_contract_note
doc_1679,BRK02055,TRD104088,SBIN,1000,845.55,ICICI-CUST,2026-08-16,TRADE,TRADE_QUANTITY_MISMATCH,Confirmed quantity differs from booked quantity,P1,,template_contract_note
doc_1680,BRK02056,TRD104089,WIPRO,750,612.32,HDFC-CUST,2026-08-03,TRADE,TRADE_DATE_MISMATCH,Confirmed trade date differs from booked trade date,P2,,template_contract_note
doc_1681,BRK02058,TRD104093,INFY,200,1887.93,MORGANSTANLEY-BROKER,2026-08-11,TRADE,CONF_DISAGREEMENT,External confirmation received but disagrees with the booking on multiple fields,P1,,template_contract_note
doc_1682,BRK02064,TRD104102,INFY,250,1886.16,MORGANSTANLEY-BROKER,2026-08-05,TRADE,TRADE_COUNTERPARTY_ID_MISMATCH,Confirmed counterparty identifier differs from booked counterparty,P1,,template_contract_note
doc_1683,BRK02065,TRD104103,TCS,200,4118.54,DEUTSCHE-BROKER,2026-08-20,TRADE,TRADE_COUNTERPARTY_ID_MISMATCH,Confirmed counterparty identifier differs from booked counterparty,P1,,template_contract_note
doc_1684,BRK02066,TRD104104,SBIN,2000,845.82,NOMURA-BROKER,2026-08-18,TRADE,CONF_MISSING,External confirmation never received,P0,,template_contract_note
doc_1685,BRK02069,TRD104107,HINDUNILVR,1000,2758.99,MORGANSTANLEY-BROKER,2026-08-13,TRADE,CONF_DISAGREEMENT,External confirmation received but disagrees with the booking on multiple fields,P1,,template_contract_note
doc_1686,BRK02074,TRD104117,HINDUNILVR,100,2740.4,ICICI-CUST,2026-08-21,TRADE,TRADE_DATE_MISMATCH,Confirmed trade date differs from booked trade date,P2,,template_contract_note
doc_1687,BRK02079,TRD104127,TATASTEEL,2000,172.62,NOMURA-BROKER,2026-08-18,TRADE,TRADE_PRICE_MISMATCH,Confirmed price differs from booked price,P2,,template_contract_note
doc_1688,BRK02080,TRD104128,KOTAKBANK,1500,1959.53,KOTAK-CUST,2026-08-11,TRADE,TRADE_COUNTERPARTY_ID_MISMATCH,Confirmed counterparty identifier differs from booked counterparty,P1,,template_contract_note
doc_1689,BRK02081,TRD104130,ITC,2000,469.54,KOTAK-CUST,2026-08-08,TRADE,TRADE_COUNTERPARTY_ID_MISMATCH,Confirmed counterparty identifier differs from booked counterparty,P1,,template_contract_note
doc_1690,BRK02082,TRD104132,TATASTEEL,1500,172.37,NOMURA-BROKER,2026-08-17,TRADE,TRADE_COUNTERPARTY_ID_MISMATCH,Confirmed counterparty identifier differs from booked counterparty,P1,,template_contract_note
doc_1691,BRK02089,TRD104144,RELIANCE,500,2845.32,MORGANSTANLEY-BROKER,2026-08-12,TRADE,TRADE_DATE_MISMATCH,Confirmed trade date differs from booked trade date,P2,,template_contract_note
doc_1692,BRK02090,TRD104145,WIPRO,250,607.51,HDFC-CUST,2026-08-07,TRADE,TRADE_DATE_MISMATCH,Confirmed trade date differs from booked trade date,P2,,template_contract_note
doc_1693,BRK02095,TRD104158,ICICIBANK,1000,1237.2,ICICI-CUST,2026-08-21,TRADE,CONF_MISSING,External confirmation never received,P0,,template_contract_note
doc_1694,BRK02100,TRD104165,TCS,100,4139.84,MORGANSTANLEY-BROKER,2026-08-08,TRADE,TRADE_PRICE_MISMATCH,Confirmed price differs from booked price,P2,,template_contract_note
doc_1695,BRK02101,TRD104167,RELIANCE,1000,2838.43,DEUTSCHE-BROKER,2026-08-18,TRADE,TRADE_DATE_MISMATCH,Confirmed trade date differs from booked trade date,P2,,template_contract_note
doc_1696,BRK02102,TRD104171,BHARTIARTL,500,1690.14,ICICI-CUST,2026-08-11,TRADE,CONF_MISSING,External confirmation never received,P0,,template_contract_note
doc_1697,BRK02104,TRD104173,TATASTEEL,1000,172.97,KOTAK-CUST,2026-08-05,TRADE,CONF_MISSING,External confirmation never received,P0,,template_contract_note
doc_1698,BRK02116,TRD104197,WIPRO,100,612.16,DEUTSCHE-BROKER,2026-08-13,TRADE,CONF_MISSING,External confirmation never received,P0,,template_contract_note
doc_1699,BRK02118,TRD104202,TCS,200,4124.87,MORGANSTANLEY-BROKER,2026-08-21,TRADE,TRADE_QUANTITY_MISMATCH,Confirmed quantity differs from booked quantity,P1,,template_contract_note
doc_1700,BRK02119,TRD104204,HINDUNILVR,750,2742.9,KOTAK-CUST,2026-08-04,TRADE,CONF_MISSING,External confirmation never received,P0,,template_contract_note
doc_1701,BRK02122,TRD104210,RELIANCE,250,2852.62,DEUTSCHE-BROKER,2026-08-07,TRADE,CONF_DISAGREEMENT,External confirmation received but disagrees with the booking on multiple fields,P1,,template_contract_note
doc_1702,BRK02124,TRD104214,ICICIBANK,2000,1245.36,MORGANSTANLEY-BROKER,2026-08-08,TRADE,CONF_MISSING,External confirmation never received,P0,,template_contract_note
doc_1703,BRK02127,TRD104218,MARUTI,1000,13043.88,NOMURA-BROKER,2026-08-19,TRADE,CONF_DISAGREEMENT,External confirmation received but disagrees with the booking on multiple fields,P1,,template_contract_note
doc_1704,BRK02132,TRD104225,SBIN,250,843.19,ICICI-CUST,2026-08-08,TRADE,TRADE_PRICE_MISMATCH,Confirmed price differs from booked price,P2,,template_contract_note
doc_1705,BRK02135,TRD104228,WIPRO,250,609.2,ICICI-CUST,2026-08-07,TRADE,TRADE_DATE_MISMATCH,Confirmed trade date differs from booked trade date,P2,,template_contract_note
doc_1706,BRK02138,TRD104233,HDFCBANK,100,1680.37,ICICI-CUST,2026-08-11,TRADE,TRADE_PRICE_MISMATCH,Confirmed price differs from booked price,P2,,template_contract_note
doc_1707,BRK02139,TRD104235,AXISBANK,750,1182.18,KOTAK-CUST,2026-08-12,TRADE,CONF_DISAGREEMENT,External confirmation received but disagrees with the booking on multiple fields,P1,,template_contract_note
doc_1708,BRK02153,TRD104269,HINDUNILVR,250,2755.83,MORGANSTANLEY-BROKER,2026-08-07,TRADE,TRADE_PRICE_MISMATCH,Confirmed price differs from booked price,P2,,template_contract_note
doc_1709,BRK02162,TRD104299,BHARTIARTL,2000,1692.79,KOTAK-CUST,2026-08-10,TRADE,TRADE_PRICE_MISMATCH,Confirmed price differs from booked price,P2,,template_contract_note
doc_1710,BRK02163,TRD104302,TCS,750,4125.04,KOTAK-CUST,2026-08-07,TRADE,TRADE_COUNTERPARTY_ID_MISMATCH,Confirmed counterparty identifier differs from booked counterparty,P1,,template_contract_note
doc_1711,BRK02164,TRD104303,BHARTIARTL,750,1692.43,MORGANSTANLEY-BROKER,2026-08-07,TRADE,TRADE_PRICE_MISMATCH,Confirmed price differs from booked price,P2,,template_contract_note
doc_1712,BRK02165,TRD104305,HINDUNILVR,1000,2747.86,DEUTSCHE-BROKER,2026-08-03,TRADE,CONF_DISAGREEMENT,External confirmation received but disagrees with the booking on multiple fields,P1,,template_contract_note
doc_1713,BRK02168,TRD104311,TCS,200,4139.28,KOTAK-CUST,2026-08-22,TRADE,CONF_MISSING,External confirmation never received,P0,,template_contract_note
doc_1714,BRK02169,TRD104312,MARUTI,500,13014.59,KOTAK-CUST,2026-08-21,TRADE,CONF_DISAGREEMENT,External confirmation received but disagrees with the booking on multiple fields,P1,,template_contract_note
doc_1715,BRK02170,TRD104317,INFY,500,1897.12,KOTAK-CUST,2026-08-19,TRADE,TRADE_PRICE_MISMATCH,Confirmed price differs from booked price,P2,,template_contract_note
doc_1716,BRK02172,TRD104324,ICICIBANK,200,1241.49,MORGANSTANLEY-BROKER,2026-08-12,TRADE,CONF_DISAGREEMENT,External confirmation received but disagrees with the booking on multiple fields,P1,,template_contract_note
doc_1717,BRK02173,TRD104325,LT,500,3680.12,KOTAK-CUST,2026-08-11,TRADE,CONF_MISSING,External confirmation never received,P0,,template_contract_note
doc_1718,BRK02175,TRD104328,ITC,100,470.96,MORGANSTANLEY-BROKER,2026-08-16,TRADE,CONF_MISSING,External confirmation never received,P0,,template_contract_note
doc_1719,BRK02181,TRD104339,TATASTEEL,2000,172.75,KOTAK-CUST,2026-08-09,TRADE,TRADE_COUNTERPARTY_ID_MISMATCH,Confirmed counterparty identifier differs from booked counterparty,P1,,template_contract_note
doc_1720,BRK02190,TRD104352,ICICIBANK,500,1237.06,KOTAK-CUST,2026-08-12,TRADE,TRADE_QUANTITY_MISMATCH,Confirmed quantity differs from booked quantity,P1,,template_contract_note
doc_1721,BRK02194,TRD104356,HINDUNILVR,2000,2742.23,KOTAK-CUST,2026-08-21,TRADE,CONF_DISAGREEMENT,External confirmation received but disagrees with the booking on multiple fields,P1,,template_contract_note
doc_1722,BRK02196,TRD104361,ICICIBANK,1500,1240.39,MORGANSTANLEY-BROKER,2026-08-05,TRADE,TRADE_DATE_MISMATCH,Confirmed trade date differs from booked trade date,P2,,template_contract_note
doc_1723,BRK02197,TRD104362,RELIANCE,1000,2856.71,MORGANSTANLEY-BROKER,2026-08-09,TRADE,TRADE_PRICE_MISMATCH,Confirmed price differs from booked price,P2,,template_contract_note
doc_1724,BRK02199,TRD104365,TCS,200,4130.53,MORGANSTANLEY-BROKER,2026-08-13,TRADE,TRADE_PRICE_MISMATCH,Confirmed price differs from booked price,P2,,template_contract_note
doc_1725,BRK02207,TRD104380,BHARTIARTL,750,1691.09,NOMURA-BROKER,2026-08-09,TRADE,TRADE_COUNTERPARTY_ID_MISMATCH,Confirmed counterparty identifier differs from booked counterparty,P1,,template_contract_note
doc_1726,BRK02212,TRD104391,TCS,200,4102.26,DEUTSCHE-BROKER,2026-08-20,TRADE,TRADE_QUANTITY_MISMATCH,Confirmed quantity differs from booked quantity,P1,,template_contract_note
doc_1727,BRK02213,TRD104392,TATASTEEL,2000,172.21,DEUTSCHE-BROKER,2026-08-13,TRADE,CONF_MISSING,External confirmation never received,P0,,template_contract_note
doc_1728,BRK02214,TRD104395,KOTAKBANK,1500,1956.26,NOMURA-BROKER,2026-08-13,TRADE,TRADE_QUANTITY_MISMATCH,Confirmed quantity differs from booked quantity,P1,,template_contract_note
doc_1729,BRK02215,TRD104398,AXISBANK,2000,1184.77,DEUTSCHE-BROKER,2026-08-16,TRADE,TRADE_DATE_MISMATCH,Confirmed trade date differs from booked trade date,P2,,template_contract_note
doc_1730,BRK02217,TRD104402,INFY,100,1888.54,HDFC-CUST,2026-08-22,TRADE,TRADE_COUNTERPARTY_ID_MISMATCH,Confirmed counterparty identifier differs from booked counterparty,P1,,template_contract_note
doc_1731,BRK02218,TRD104404,AXISBANK,500,1177.33,ICICI-CUST,2026-08-14,TRADE,TRADE_PRICE_MISMATCH,Confirmed price differs from booked price,P2,,template_contract_note
doc_1732,BRK02221,TRD104413,LT,1500,3662.76,ICICI-CUST,2026-08-07,TRADE,CONF_MISSING,External confirmation never received,P0,,template_contract_note
doc_1733,BRK02222,TRD104414,INFY,200,1885.56,DEUTSCHE-BROKER,2026-08-04,TRADE,CONF_DISAGREEMENT,External confirmation received but disagrees with the booking on multiple fields,P1,,template_contract_note
doc_1734,BRK02225,TRD104428,TATASTEEL,500,172.78,DEUTSCHE-BROKER,2026-08-08,TRADE,TRADE_COUNTERPARTY_ID_MISMATCH,Confirmed counterparty identifier differs from booked counterparty,P1,,template_contract_note
doc_1735,BRK02226,TRD104430,INFY,1500,1890.02,NOMURA-BROKER,2026-08-10,TRADE,CONF_DISAGREEMENT,External confirmation received but disagrees with the booking on multiple fields,P1,,template_contract_note
doc_1736,BRK02227,TRD104437,HINDUNILVR,2000,2734.16,HDFC-CUST,2026-08-21,TRADE,TRADE_DATE_MISMATCH,Confirmed trade date differs from booked trade date,P2,,template_contract_note
doc_1737,BRK02231,TRD104444,AXISBANK,2000,1180.47,MORGANSTANLEY-BROKER,2026-08-07,TRADE,TRADE_DATE_MISMATCH,Confirmed trade date differs from booked trade date,P2,,template_contract_note
doc_1738,BRK02232,TRD104446,TATASTEEL,100,173.03,MORGANSTANLEY-BROKER,2026-08-21,TRADE,TRADE_COUNTERPARTY_ID_MISMATCH,Confirmed counterparty identifier differs from booked counterparty,P1,,template_contract_note
doc_1739,BRK02234,TRD104449,BHARTIARTL,1000,1690.11,DEUTSCHE-BROKER,2026-08-17,TRADE,TRADE_QUANTITY_MISMATCH,Confirmed quantity differs from booked quantity,P1,,template_contract_note
doc_1740,BRK02235,TRD104450,TATASTEEL,250,172.29,HDFC-CUST,2026-08-06,TRADE,TRADE_DATE_MISMATCH,Confirmed trade date differs from booked trade date,P2,,template_contract_note
doc_1741,BRK02240,TRD104457,HINDUNILVR,750,2736.36,MORGANSTANLEY-BROKER,2026-08-20,TRADE,TRADE_PRICE_MISMATCH,Confirmed price differs from booked price,P2,,template_contract_note
doc_1742,BRK02242,TRD104461,AXISBANK,100,1181.13,ICICI-CUST,2026-08-22,TRADE,TRADE_COUNTERPARTY_ID_MISMATCH,Confirmed counterparty identifier differs from booked counterparty,P1,,template_contract_note
doc_1743,BRK02247,TRD104475,TCS,100,4120.23,KOTAK-CUST,2026-08-04,TRADE,TRADE_QUANTITY_MISMATCH,Confirmed quantity differs from booked quantity,P1,,template_contract_note
doc_1744,BRK02250,TRD104479,INFY,1000,1885.24,DEUTSCHE-BROKER,2026-08-03,TRADE,TRADE_DATE_MISMATCH,Confirmed trade date differs from booked trade date,P2,,template_contract_note
doc_1745,BRK02251,TRD104480,MARUTI,500,13021.83,ICICI-CUST,2026-08-13,TRADE,TRADE_PRICE_MISMATCH,Confirmed price differs from booked price,P2,,template_contract_note
doc_1746,BRK02254,TRD104487,SBIN,100,843.82,KOTAK-CUST,2026-08-03,TRADE,TRADE_PRICE_MISMATCH,Confirmed price differs from booked price,P2,,template_contract_note
doc_1747,BRK02257,TRD104493,HDFCBANK,200,1673.65,DEUTSCHE-BROKER,2026-08-18,TRADE,CONF_DISAGREEMENT,External confirmation received but disagrees with the booking on multiple fields,P1,,template_contract_note
doc_1748,BRK02266,TRD104509,HINDUNILVR,500,2732.38,ICICI-CUST,2026-08-08,TRADE,TRADE_DATE_MISMATCH,Confirmed trade date differs from booked trade date,P2,,template_contract_note
doc_1749,BRK02271,TRD104522,INFY,2000,1895.55,DEUTSCHE-BROKER,2026-08-22,TRADE,TRADE_COUNTERPARTY_ID_MISMATCH,Confirmed counterparty identifier differs from booked counterparty,P1,,template_contract_note
doc_1750,BRK02273,TRD104529,HINDUNILVR,500,2743.3,HDFC-CUST,2026-08-12,TRADE,TRADE_QUANTITY_MISMATCH,Confirmed quantity differs from booked quantity,P1,,template_contract_note
doc_1751,BRK02276,TRD104536,BHARTIARTL,200,1682.36,ICICI-CUST,2026-08-16,TRADE,CONF_DISAGREEMENT,External confirmation received but disagrees with the booking on multiple fields,P1,,template_contract_note
doc_1752,BRK02286,TRD104559,KOTAKBANK,2000,1952.05,MORGANSTANLEY-BROKER,2026-08-11,TRADE,TRADE_QUANTITY_MISMATCH,Confirmed quantity differs from booked quantity,P1,,template_contract_note
doc_1753,BRK02288,TRD104564,KOTAKBANK,1500,1965.18,KOTAK-CUST,2026-08-12,TRADE,CONF_MISSING,External confirmation never received,P0,,template_contract_note
doc_1754,BRK02289,TRD104568,WIPRO,2000,611.25,HDFC-CUST,2026-08-16,TRADE,TRADE_PRICE_MISMATCH,Confirmed price differs from booked price,P2,,template_contract_note
doc_1755,BRK02303,TRD104595,BHARTIARTL,500,1687.3,MORGANSTANLEY-BROKER,2026-08-22,TRADE,CONF_MISSING,External confirmation never received,P0,,template_contract_note
doc_1756,BRK02310,TRD104605,HINDUNILVR,1500,2751.05,DEUTSCHE-BROKER,2026-08-07,TRADE,TRADE_COUNTERPARTY_ID_MISMATCH,Confirmed counterparty identifier differs from booked counterparty,P1,,template_contract_note
doc_1757,BRK02316,TRD104620,INFY,2000,1885.19,KOTAK-CUST,2026-08-15,TRADE,TRADE_PRICE_MISMATCH,Confirmed price differs from booked price,P2,,template_contract_note
doc_1758,BRK02319,TRD104626,RELIANCE,200,2853.88,KOTAK-CUST,2026-08-19,TRADE,TRADE_COUNTERPARTY_ID_MISMATCH,Confirmed counterparty identifier differs from booked counterparty,P1,,template_contract_note
doc_1759,BRK02328,TRD104647,RELIANCE,500,2838.6,KOTAK-CUST,2026-08-16,TRADE,TRADE_PRICE_MISMATCH,Confirmed price differs from booked price,P2,,template_contract_note
doc_1760,BRK02333,TRD104659,KOTAKBANK,500,1946.06,KOTAK-CUST,2026-08-17,TRADE,TRADE_PRICE_MISMATCH,Confirmed price differs from booked price,P2,,template_contract_note
doc_1761,BRK02340,TRD104674,KOTAKBANK,100,1955.48,ICICI-CUST,2026-08-08,TRADE,CONF_MISSING,External confirmation never received,P0,,template_contract_note
doc_1762,BRK02341,TRD104675,HINDUNILVR,2000,2744.66,ICICI-CUST,2026-08-14,TRADE,TRADE_DATE_MISMATCH,Confirmed trade date differs from booked trade date,P2,,template_contract_note
doc_1763,BRK02342,TRD104677,AXISBANK,250,1176.1,NOMURA-BROKER,2026-08-08,TRADE,CONF_MISSING,External confirmation never received,P0,,template_contract_note
doc_1764,BRK02349,TRD104691,SBIN,1500,843.88,MORGANSTANLEY-BROKER,2026-08-15,TRADE,CONF_DISAGREEMENT,External confirmation received but disagrees with the booking on multiple fields,P1,,template_contract_note
doc_1765,BRK02353,TRD104701,RELIANCE,100,2842.15,KOTAK-CUST,2026-08-08,TRADE,TRADE_COUNTERPARTY_ID_MISMATCH,Confirmed counterparty identifier differs from booked counterparty,P1,,template_contract_note
doc_1766,BRK02355,TRD104703,WIPRO,200,610.66,NOMURA-BROKER,2026-08-08,TRADE,TRADE_QUANTITY_MISMATCH,Confirmed quantity differs from booked quantity,P1,,template_contract_note
doc_1767,BRK02357,TRD104707,LT,500,3685.76,NOMURA-BROKER,2026-08-16,TRADE,TRADE_PRICE_MISMATCH,Confirmed price differs from booked price,P2,,template_contract_note
doc_1768,BRK02371,TRD104744,ITC,200,470.35,KOTAK-CUST,2026-08-16,TRADE,CONF_DISAGREEMENT,External confirmation received but disagrees with the booking on multiple fields,P1,,template_contract_note
doc_1769,BRK02374,TRD104755,ICICIBANK,250,1238.89,NOMURA-BROKER,2026-08-17,TRADE,CONF_MISSING,External confirmation never received,P0,,template_contract_note
doc_1770,BRK02375,TRD104756,SBIN,1000,843.88,MORGANSTANLEY-BROKER,2026-08-07,TRADE,CONF_MISSING,External confirmation never received,P0,,template_contract_note
doc_1771,BRK02377,TRD104758,ITC,750,468.37,HDFC-CUST,2026-08-11,TRADE,TRADE_QUANTITY_MISMATCH,Confirmed quantity differs from booked quantity,P1,,template_contract_note
doc_1772,BRK02381,TRD104769,MARUTI,750,13017.33,MORGANSTANLEY-BROKER,2026-08-17,TRADE,TRADE_COUNTERPARTY_ID_MISMATCH,Confirmed counterparty identifier differs from booked counterparty,P1,,template_contract_note
doc_1773,BRK02390,TRD104779,BHARTIARTL,200,1687.34,KOTAK-CUST,2026-08-11,TRADE,TRADE_PRICE_MISMATCH,Confirmed price differs from booked price,P2,,template_contract_note
doc_1774,BRK02392,TRD104782,INFY,200,1898.58,NOMURA-BROKER,2026-08-18,TRADE,CONF_DISAGREEMENT,External confirmation received but disagrees with the booking on multiple fields,P1,,template_contract_note
doc_1775,BRK02397,TRD104790,LT,2000,3688.94,NOMURA-BROKER,2026-08-02,TRADE,TRADE_QUANTITY_MISMATCH,Confirmed quantity differs from booked quantity,P1,,template_contract_note
doc_1776,BRK02398,TRD104792,WIPRO,100,609.78,HDFC-CUST,2026-08-19,TRADE,CONF_DISAGREEMENT,External confirmation received but disagrees with the booking on multiple fields,P1,,template_contract_note
doc_1777,BRK02406,TRD104811,INFY,500,1885.53,MORGANSTANLEY-BROKER,2026-08-15,TRADE,TRADE_QUANTITY_MISMATCH,Confirmed quantity differs from booked quantity,P1,,template_contract_note
doc_1778,BRK02407,TRD104815,TCS,1000,4138.3,MORGANSTANLEY-BROKER,2026-08-13,TRADE,TRADE_PRICE_MISMATCH,Confirmed price differs from booked price,P2,,template_contract_note
doc_1779,BRK02410,TRD104826,WIPRO,750,612.66,ICICI-CUST,2026-08-11,TRADE,TRADE_PRICE_MISMATCH,Confirmed price differs from booked price,P2,,template_contract_note
doc_1780,BRK02412,TRD104829,ITC,1000,469.29,NOMURA-BROKER,2026-08-03,TRADE,TRADE_QUANTITY_MISMATCH,Confirmed quantity differs from booked quantity,P1,,template_contract_note
doc_1781,BRK02418,TRD104838,AXISBANK,100,1180.91,MORGANSTANLEY-BROKER,2026-08-22,TRADE,TRADE_PRICE_MISMATCH,Confirmed price differs from booked price,P2,,template_contract_note
doc_1782,BRK02419,TRD104840,MARUTI,200,13002.86,ICICI-CUST,2026-08-20,TRADE,CONF_MISSING,External confirmation never received,P0,,template_contract_note
doc_1783,BRK02421,TRD104843,RELIANCE,750,2864.01,DEUTSCHE-BROKER,2026-08-04,TRADE,TRADE_QUANTITY_MISMATCH,Confirmed quantity differs from booked quantity,P1,,template_contract_note
doc_1784,BRK02426,TRD104849,SBIN,2000,842.66,DEUTSCHE-BROKER,2026-08-04,TRADE,TRADE_COUNTERPARTY_ID_MISMATCH,Confirmed counterparty identifier differs from booked counterparty,P1,,template_contract_note
doc_1785,BRK02427,TRD104850,BHARTIARTL,100,1696.07,NOMURA-BROKER,2026-08-17,TRADE,TRADE_PRICE_MISMATCH,Confirmed price differs from booked price,P2,,template_contract_note
doc_1786,BRK02428,TRD104851,KOTAKBANK,100,1952.09,ICICI-CUST,2026-08-16,TRADE,TRADE_PRICE_MISMATCH,Confirmed price differs from booked price,P2,,template_contract_note
doc_1787,BRK02429,TRD104855,RELIANCE,2000,2839.33,MORGANSTANLEY-BROKER,2026-08-12,TRADE,TRADE_DATE_MISMATCH,Confirmed trade date differs from booked trade date,P2,,template_contract_note
doc_1788,BRK02430,TRD104856,AXISBANK,2000,1184.58,KOTAK-CUST,2026-08-04,TRADE,TRADE_QUANTITY_MISMATCH,Confirmed quantity differs from booked quantity,P1,,template_contract_note
doc_1789,BRK02443,TRD104878,ICICIBANK,1000,1245.11,NOMURA-BROKER,2026-08-13,TRADE,TRADE_QUANTITY_MISMATCH,Confirmed quantity differs from booked quantity,P1,,template_contract_note
doc_1790,BRK02445,TRD104880,KOTAKBANK,250,1948.9,HDFC-CUST,2026-08-06,TRADE,TRADE_PRICE_MISMATCH,Confirmed price differs from booked price,P2,,template_contract_note
doc_1791,BRK02446,TRD104881,TATASTEEL,750,172.77,NOMURA-BROKER,2026-08-05,TRADE,TRADE_DATE_MISMATCH,Confirmed trade date differs from booked trade date,P2,,template_contract_note
doc_1792,BRK02448,TRD104884,KOTAKBANK,1000,1946.57,ICICI-CUST,2026-08-05,TRADE,TRADE_COUNTERPARTY_ID_MISMATCH,Confirmed counterparty identifier differs from booked counterparty,P1,,template_contract_note
doc_1793,BRK02449,TRD104885,HINDUNILVR,750,2755.38,HDFC-CUST,2026-08-02,TRADE,TRADE_COUNTERPARTY_ID_MISMATCH,Confirmed counterparty identifier differs from booked counterparty,P1,,template_contract_note
doc_1794,BRK02450,TRD104888,TATASTEEL,200,172.11,MORGANSTANLEY-BROKER,2026-08-07,TRADE,TRADE_QUANTITY_MISMATCH,Confirmed quantity differs from booked quantity,P1,,template_contract_note
doc_1795,BRK02451,TRD104889,ICICIBANK,1500,1239.9,KOTAK-CUST,2026-08-12,TRADE,TRADE_COUNTERPARTY_ID_MISMATCH,Confirmed counterparty identifier differs from booked counterparty,P1,,template_contract_note
doc_1796,BRK02452,TRD104890,WIPRO,2000,612.44,DEUTSCHE-BROKER,2026-08-13,TRADE,CONF_MISSING,External confirmation never received,P0,,template_contract_note
doc_1797,BRK02457,TRD104899,HINDUNILVR,250,2753.48,HDFC-CUST,2026-08-19,TRADE,TRADE_COUNTERPARTY_ID_MISMATCH,Confirmed counterparty identifier differs from booked counterparty,P1,,template_contract_note
doc_1798,BRK02463,TRD104919,MARUTI,1500,13036.32,MORGANSTANLEY-BROKER,2026-08-07,TRADE,TRADE_DATE_MISMATCH,Confirmed trade date differs from booked trade date,P2,,template_contract_note
doc_1799,BRK02468,TRD104927,RELIANCE,100,2864.73,KOTAK-CUST,2026-08-16,TRADE,CONF_DISAGREEMENT,External confirmation received but disagrees with the booking on multiple fields,P1,,template_contract_note
doc_1800,BRK02469,TRD104929,ICICIBANK,2000,1239.56,KOTAK-CUST,2026-08-17,TRADE,TRADE_PRICE_MISMATCH,Confirmed price differs from booked price,P2,,template_contract_note
doc_1801,BRK02475,TRD104944,BHARTIARTL,750,1682.46,NOMURA-BROKER,2026-08-08,TRADE,TRADE_PRICE_MISMATCH,Confirmed price differs from booked price,P2,,template_contract_note
doc_1802,BRK02477,TRD104946,WIPRO,250,610.51,HDFC-CUST,2026-08-19,TRADE,TRADE_PRICE_MISMATCH,Confirmed price differs from booked price,P2,,template_contract_note
doc_1803,BRK02481,TRD104954,LT,1000,3668.56,DEUTSCHE-BROKER,2026-08-06,TRADE,TRADE_QUANTITY_MISMATCH,Confirmed quantity differs from booked quantity,P1,,template_contract_note
doc_1804,BRK02487,TRD104965,LT,1500,3676.33,NOMURA-BROKER,2026-08-02,TRADE,TRADE_PRICE_MISMATCH,Confirmed price differs from booked price,P2,,template_contract_note
doc_1805,BRK02496,TRD104980,KOTAKBANK,1000,1953.53,MORGANSTANLEY-BROKER,2026-08-09,TRADE,TRADE_PRICE_MISMATCH,Confirmed price differs from booked price,P2,,template_contract_note
doc_1806,BRK02498,TRD104992,AXISBANK,750,1181.52,ICICI-CUST,2026-08-20,TRADE,TRADE_DATE_MISMATCH,Confirmed trade date differs from booked trade date,P2,,template_contract_note
doc_1807,BRK02506,TRD105005,INFY,200,1883.08,ICICI-CUST,2026-08-15,TRADE,TRADE_PRICE_MISMATCH,Confirmed price differs from booked price,P2,,template_contract_note
doc_1808,BRK02507,TRD105009,AXISBANK,1500,1180.9,NOMURA-BROKER,2026-08-18,TRADE,CONF_DISAGREEMENT,External confirmation received but disagrees with the booking on multiple fields,P1,,template_contract_note
doc_1809,BRK02510,TRD105017,RELIANCE,1000,2859.87,ICICI-CUST,2026-08-18,TRADE,TRADE_COUNTERPARTY_ID_MISMATCH,Confirmed counterparty identifier differs from booked counterparty,P1,,template_contract_note
doc_1810,BRK02520,TRD105041,WIPRO,500,611.45,DEUTSCHE-BROKER,2026-08-22,TRADE,TRADE_COUNTERPARTY_ID_MISMATCH,Confirmed counterparty identifier differs from booked counterparty,P1,,template_contract_note
doc_1811,BRK02525,TRD105055,HDFCBANK,200,1678.28,NOMURA-BROKER,2026-08-08,TRADE,CONF_MISSING,External confirmation never received,P0,,template_contract_note
doc_1812,BRK02529,TRD105064,HDFCBANK,750,1671.88,DEUTSCHE-BROKER,2026-08-21,TRADE,CONF_DISAGREEMENT,External confirmation received but disagrees with the booking on multiple fields,P1,,template_contract_note
doc_1813,BRK02535,TRD105072,ITC,2000,467.76,ICICI-CUST,2026-08-16,TRADE,CONF_DISAGREEMENT,External confirmation received but disagrees with the booking on multiple fields,P1,,template_contract_note
doc_1814,BRK02539,TRD105080,RELIANCE,750,2851.73,ICICI-CUST,2026-08-09,TRADE,TRADE_DATE_MISMATCH,Confirmed trade date differs from booked trade date,P2,,template_contract_note
doc_1815,BRK02540,TRD105081,ICICIBANK,750,1237.15,MORGANSTANLEY-BROKER,2026-08-12,TRADE,CONF_DISAGREEMENT,External confirmation received but disagrees with the booking on multiple fields,P1,,template_contract_note
doc_1816,BRK02542,TRD105086,TATASTEEL,1000,172.86,NOMURA-BROKER,2026-08-19,TRADE,TRADE_COUNTERPARTY_ID_MISMATCH,Confirmed counterparty identifier differs from booked counterparty,P1,,template_contract_note
doc_1817,BRK02545,TRD105090,SBIN,500,844.42,DEUTSCHE-BROKER,2026-08-19,TRADE,TRADE_PRICE_MISMATCH,Confirmed price differs from booked price,P2,,template_contract_note
doc_1818,BRK02548,TRD105094,MARUTI,1500,12930.02,ICICI-CUST,2026-08-02,TRADE,CONF_DISAGREEMENT,External confirmation received but disagrees with the booking on multiple fields,P1,,template_contract_note
doc_1819,BRK02553,TRD105102,BHARTIARTL,750,1685.73,ICICI-CUST,2026-08-07,TRADE,CONF_MISSING,External confirmation never received,P0,,template_contract_note
doc_1820,BRK02556,TRD105108,BHARTIARTL,1500,1694.7,MORGANSTANLEY-BROKER,2026-08-03,TRADE,TRADE_COUNTERPARTY_ID_MISMATCH,Confirmed counterparty identifier differs from booked counterparty,P1,,template_contract_note
doc_1821,BRK02558,TRD105110,WIPRO,500,613.36,KOTAK-CUST,2026-08-15,TRADE,CONF_DISAGREEMENT,External confirmation received but disagrees with the booking on multiple fields,P1,,template_contract_note
doc_1822,BRK02565,TRD105129,TCS,1000,4124.65,NOMURA-BROKER,2026-08-03,TRADE,TRADE_PRICE_MISMATCH,Confirmed price differs from booked price,P2,,template_contract_note
doc_1823,BRK02566,TRD105131,ITC,200,469.75,KOTAK-CUST,2026-08-21,TRADE,TRADE_PRICE_MISMATCH,Confirmed price differs from booked price,P2,,template_contract_note
doc_1824,BRK02567,TRD105134,ICICIBANK,500,1245.63,NOMURA-BROKER,2026-08-16,TRADE,TRADE_COUNTERPARTY_ID_MISMATCH,Confirmed counterparty identifier differs from booked counterparty,P1,,template_contract_note
doc_1825,BRK02573,TRD105146,LT,500,3691.39,KOTAK-CUST,2026-08-09,TRADE,CONF_MISSING,External confirmation never received,P0,,template_contract_note
doc_1826,BRK02574,TRD105148,MARUTI,750,13029.02,HDFC-CUST,2026-08-21,TRADE,CONF_DISAGREEMENT,External confirmation received but disagrees with the booking on multiple fields,P1,,template_contract_note
doc_1827,BRK02575,TRD105149,LT,100,3684.36,ICICI-CUST,2026-08-08,TRADE,CONF_DISAGREEMENT,External confirmation received but disagrees with the booking on multiple fields,P1,,template_contract_note
doc_1828,BRK02578,TRD105154,RELIANCE,1000,2840.65,MORGANSTANLEY-BROKER,2026-08-21,TRADE,TRADE_DATE_MISMATCH,Confirmed trade date differs from booked trade date,P2,,template_contract_note
doc_1829,BRK02583,TRD105172,TCS,1000,4100.76,MORGANSTANLEY-BROKER,2026-08-11,TRADE,TRADE_COUNTERPARTY_ID_MISMATCH,Confirmed counterparty identifier differs from booked counterparty,P1,,template_contract_note
doc_1830,BRK02585,TRD105175,ITC,1500,469.35,KOTAK-CUST,2026-08-13,TRADE,CONF_MISSING,External confirmation never received,P0,,template_contract_note
doc_1831,BRK02586,TRD105177,ITC,2000,470.19,DEUTSCHE-BROKER,2026-08-11,TRADE,TRADE_QUANTITY_MISMATCH,Confirmed quantity differs from booked quantity,P1,,template_contract_note
doc_1832,BRK02588,TRD105180,WIPRO,500,610.24,MORGANSTANLEY-BROKER,2026-08-17,TRADE,CONF_MISSING,External confirmation never received,P0,,template_contract_note
doc_1833,BRK02590,TRD105182,AXISBANK,1500,1179.8,NOMURA-BROKER,2026-08-10,TRADE,TRADE_PRICE_MISMATCH,Confirmed price differs from booked price,P2,,template_contract_note
doc_1834,BRK02592,TRD105189,SBIN,750,849.49,MORGANSTANLEY-BROKER,2026-08-12,TRADE,TRADE_COUNTERPARTY_ID_MISMATCH,Confirmed counterparty identifier differs from booked counterparty,P1,,template_contract_note
doc_1835,BRK02595,TRD105194,HDFCBANK,200,1674.76,KOTAK-CUST,2026-08-13,TRADE,TRADE_DATE_MISMATCH,Confirmed trade date differs from booked trade date,P2,,template_contract_note
doc_1836,BRK02597,TRD105196,BHARTIARTL,1500,1696.94,NOMURA-BROKER,2026-08-21,TRADE,TRADE_DATE_MISMATCH,Confirmed trade date differs from booked trade date,P2,,template_contract_note
doc_1837,BRK02599,TRD105199,TCS,1000,4134.81,ICICI-CUST,2026-08-07,TRADE,TRADE_COUNTERPARTY_ID_MISMATCH,Confirmed counterparty identifier differs from booked counterparty,P1,,template_contract_note
doc_1838,BRK02601,TRD105201,AXISBANK,1500,1177.22,ICICI-CUST,2026-08-20,TRADE,CONF_MISSING,External confirmation never received,P0,,template_contract_note
doc_1839,BRK02602,TRD105203,LT,500,3681.19,DEUTSCHE-BROKER,2026-08-11,TRADE,CONF_MISSING,External confirmation never received,P0,,template_contract_note
doc_1840,BRK02606,TRD105216,MARUTI,250,12989.93,HDFC-CUST,2026-08-06,TRADE,TRADE_DATE_MISMATCH,Confirmed trade date differs from booked trade date,P2,,template_contract_note
doc_1841,BRK02613,TRD105226,SBIN,500,848.84,HDFC-CUST,2026-08-10,TRADE,CONF_MISSING,External confirmation never received,P0,,template_contract_note
doc_1842,BRK02618,TRD105232,TATASTEEL,1500,172.3,HDFC-CUST,2026-08-08,TRADE,TRADE_PRICE_MISMATCH,Confirmed price differs from booked price,P2,,template_contract_note
doc_1843,BRK02624,TRD105240,WIPRO,1000,608.05,DEUTSCHE-BROKER,2026-08-03,TRADE,CONF_DISAGREEMENT,External confirmation received but disagrees with the booking on multiple fields,P1,,template_contract_note
doc_1844,BRK02625,TRD105241,AXISBANK,250,1184.94,ICICI-CUST,2026-08-06,TRADE,TRADE_PRICE_MISMATCH,Confirmed price differs from booked price,P2,,template_contract_note
doc_1845,BRK02635,TRD105261,WIPRO,500,608.67,HDFC-CUST,2026-08-15,TRADE,TRADE_DATE_MISMATCH,Confirmed trade date differs from booked trade date,P2,,template_contract_note
doc_1846,BRK02636,TRD105262,SBIN,2000,847.36,NOMURA-BROKER,2026-08-13,TRADE,CONF_DISAGREEMENT,External confirmation received but disagrees with the booking on multiple fields,P1,,template_contract_note
doc_1847,BRK02637,TRD105263,ITC,100,466.57,KOTAK-CUST,2026-08-19,TRADE,TRADE_COUNTERPARTY_ID_MISMATCH,Confirmed counterparty identifier differs from booked counterparty,P1,,template_contract_note
doc_1848,BRK02645,TRD105276,BHARTIARTL,250,1696.64,MORGANSTANLEY-BROKER,2026-08-17,TRADE,TRADE_DATE_MISMATCH,Confirmed trade date differs from booked trade date,P2,,template_contract_note
doc_1849,BRK02647,TRD105280,AXISBANK,500,1179.49,MORGANSTANLEY-BROKER,2026-08-02,TRADE,TRADE_PRICE_MISMATCH,Confirmed price differs from booked price,P2,,template_contract_note
doc_1850,BRK02649,TRD105287,KOTAKBANK,1000,1964.73,DEUTSCHE-BROKER,2026-08-13,TRADE,CONF_MISSING,External confirmation never received,P0,,template_contract_note
doc_1851,BRK02652,TRD105291,TATASTEEL,1500,172.69,KOTAK-CUST,2026-08-08,TRADE,TRADE_COUNTERPARTY_ID_MISMATCH,Confirmed counterparty identifier differs from booked counterparty,P1,,template_contract_note
doc_1852,BRK02661,TRD105305,ITC,2000,468.95,ICICI-CUST,2026-08-12,TRADE,CONF_DISAGREEMENT,External confirmation received but disagrees with the booking on multiple fields,P1,,template_contract_note
doc_1853,BRK02664,TRD105309,ICICIBANK,1000,1237.16,MORGANSTANLEY-BROKER,2026-08-09,TRADE,TRADE_DATE_MISMATCH,Confirmed trade date differs from booked trade date,P2,,template_contract_note
doc_1854,BRK02670,TRD105325,HINDUNILVR,1500,2748.98,HDFC-CUST,2026-08-07,TRADE,TRADE_QUANTITY_MISMATCH,Confirmed quantity differs from booked quantity,P1,,template_contract_note
doc_1855,BRK02674,TRD105330,HDFCBANK,1000,1669.06,NOMURA-BROKER,2026-08-10,TRADE,TRADE_QUANTITY_MISMATCH,Confirmed quantity differs from booked quantity,P1,,template_contract_note
doc_1856,BRK02678,TRD105340,ICICIBANK,200,1238.12,HDFC-CUST,2026-08-04,TRADE,TRADE_COUNTERPARTY_ID_MISMATCH,Confirmed counterparty identifier differs from booked counterparty,P1,,template_contract_note
doc_1857,BRK02681,TRD105353,INFY,500,1891.0,ICICI-CUST,2026-08-16,TRADE,TRADE_QUANTITY_MISMATCH,Confirmed quantity differs from booked quantity,P1,,template_contract_note
doc_1858,BRK02683,TRD105357,HINDUNILVR,750,2755.01,ICICI-CUST,2026-08-03,TRADE,CONF_MISSING,External confirmation never received,P0,,template_contract_note
doc_1859,BRK02689,TRD105369,SBIN,100,847.49,KOTAK-CUST,2026-08-19,TRADE,TRADE_QUANTITY_MISMATCH,Confirmed quantity differs from booked quantity,P1,,template_contract_note
doc_1860,BRK02694,TRD105381,LT,200,3677.99,MORGANSTANLEY-BROKER,2026-08-18,TRADE,CONF_MISSING,External confirmation never received,P0,,template_contract_note
doc_1861,BRK02696,TRD105384,HINDUNILVR,2000,2756.34,ICICI-CUST,2026-08-08,TRADE,TRADE_QUANTITY_MISMATCH,Confirmed quantity differs from booked quantity,P1,,template_contract_note
doc_1862,BRK02698,TRD105387,RELIANCE,500,2859.45,ICICI-CUST,2026-08-19,TRADE,CONF_MISSING,External confirmation never received,P0,,template_contract_note
doc_1863,BRK02705,TRD105404,ICICIBANK,2000,1237.39,KOTAK-CUST,2026-08-10,TRADE,CONF_MISSING,External confirmation never received,P0,,template_contract_note
doc_1864,BRK02706,TRD105405,SBIN,1000,847.62,MORGANSTANLEY-BROKER,2026-08-15,TRADE,TRADE_QUANTITY_MISMATCH,Confirmed quantity differs from booked quantity,P1,,template_contract_note
doc_1865,BRK02709,TRD105416,HINDUNILVR,1500,2744.39,MORGANSTANLEY-BROKER,2026-08-18,TRADE,TRADE_DATE_MISMATCH,Confirmed trade date differs from booked trade date,P2,,template_contract_note
doc_1866,BRK02712,TRD105431,TATASTEEL,500,171.69,DEUTSCHE-BROKER,2026-08-18,TRADE,TRADE_PRICE_MISMATCH,Confirmed price differs from booked price,P2,,template_contract_note
doc_1867,BRK02716,TRD105437,HDFCBANK,200,1668.05,KOTAK-CUST,2026-08-12,TRADE,TRADE_PRICE_MISMATCH,Confirmed price differs from booked price,P2,,template_contract_note
doc_1868,BRK02718,TRD105450,RELIANCE,2000,2845.26,NOMURA-BROKER,2026-08-17,TRADE,TRADE_PRICE_MISMATCH,Confirmed price differs from booked price,P2,,template_contract_note
doc_1869,BRK02722,TRD105454,BHARTIARTL,750,1695.59,DEUTSCHE-BROKER,2026-08-03,TRADE,TRADE_PRICE_MISMATCH,Confirmed price differs from booked price,P2,,template_contract_note
doc_1870,BRK02727,TRD105463,HDFCBANK,200,1678.31,HDFC-CUST,2026-08-03,TRADE,CONF_MISSING,External confirmation never received,P0,,template_contract_note
doc_1871,BRK02737,TRD105484,SBIN,1000,845.4,ICICI-CUST,2026-08-05,TRADE,TRADE_QUANTITY_MISMATCH,Confirmed quantity differs from booked quantity,P1,,template_contract_note
doc_1872,BRK02744,TRD105500,AXISBANK,200,1177.93,KOTAK-CUST,2026-08-03,TRADE,TRADE_DATE_MISMATCH,Confirmed trade date differs from booked trade date,P2,,template_contract_note
doc_1873,BRK02745,TRD105504,TATASTEEL,100,172.76,DEUTSCHE-BROKER,2026-08-10,TRADE,CONF_MISSING,External confirmation never received,P0,,template_contract_note
doc_1874,BRK02750,TRD105511,RELIANCE,200,2863.81,MORGANSTANLEY-BROKER,2026-08-10,TRADE,TRADE_PRICE_MISMATCH,Confirmed price differs from booked price,P2,,template_contract_note
doc_1875,BRK02752,TRD105518,TATASTEEL,2000,173.3,HDFC-CUST,2026-08-04,TRADE,TRADE_DATE_MISMATCH,Confirmed trade date differs from booked trade date,P2,,template_contract_note
doc_1876,BRK02754,TRD105521,BHARTIARTL,100,1682.06,NOMURA-BROKER,2026-08-19,TRADE,TRADE_QUANTITY_MISMATCH,Confirmed quantity differs from booked quantity,P1,,template_contract_note
doc_1877,BRK02756,TRD105526,BHARTIARTL,100,1682.37,DEUTSCHE-BROKER,2026-08-10,TRADE,CONF_DISAGREEMENT,External confirmation received but disagrees with the booking on multiple fields,P1,,template_contract_note
doc_1878,BRK02757,TRD105530,BHARTIARTL,250,1696.74,DEUTSCHE-BROKER,2026-08-13,TRADE,TRADE_DATE_MISMATCH,Confirmed trade date differs from booked trade date,P2,,template_contract_note
doc_1879,BRK02758,TRD105531,MARUTI,100,13011.03,KOTAK-CUST,2026-08-10,TRADE,CONF_DISAGREEMENT,External confirmation received but disagrees with the booking on multiple fields,P1,,template_contract_note
doc_1880,BRK02766,TRD105547,AXISBANK,2000,1186.1,KOTAK-CUST,2026-08-16,TRADE,TRADE_DATE_MISMATCH,Confirmed trade date differs from booked trade date,P2,,template_contract_note
doc_1881,BRK02767,TRD105553,HDFCBANK,100,1681.85,ICICI-CUST,2026-08-05,TRADE,CONF_MISSING,External confirmation never received,P0,,template_contract_note
doc_1882,BRK02777,TRD105576,KOTAKBANK,750,1963.4,HDFC-CUST,2026-08-03,TRADE,CONF_MISSING,External confirmation never received,P0,,template_contract_note
doc_1883,BRK02778,TRD105577,HDFCBANK,1000,1667.65,KOTAK-CUST,2026-08-10,TRADE,TRADE_QUANTITY_MISMATCH,Confirmed quantity differs from booked quantity,P1,,template_contract_note
doc_1884,BRK02780,TRD105579,INFY,750,1885.95,HDFC-CUST,2026-08-11,TRADE,TRADE_DATE_MISMATCH,Confirmed trade date differs from booked trade date,P2,,template_contract_note
doc_1885,BRK02784,TRD105587,TCS,1000,4102.57,ICICI-CUST,2026-08-22,TRADE,TRADE_DATE_MISMATCH,Confirmed trade date differs from booked trade date,P2,,template_contract_note
doc_1886,BRK02786,TRD105590,HDFCBANK,200,1680.75,MORGANSTANLEY-BROKER,2026-08-21,TRADE,TRADE_QUANTITY_MISMATCH,Confirmed quantity differs from booked quantity,P1,,template_contract_note
doc_1887,BRK02787,TRD105591,ITC,200,469.78,HDFC-CUST,2026-08-05,TRADE,CONF_DISAGREEMENT,External confirmation received but disagrees with the booking on multiple fields,P1,,template_contract_note
doc_1888,BRK02793,TRD105601,HDFCBANK,100,1667.06,ICICI-CUST,2026-08-20,TRADE,CONF_MISSING,External confirmation never received,P0,,template_contract_note
doc_1889,BRK02799,TRD105612,KOTAKBANK,250,1947.65,HDFC-CUST,2026-08-20,TRADE,TRADE_DATE_MISMATCH,Confirmed trade date differs from booked trade date,P2,,template_contract_note
doc_1890,BRK02800,TRD105614,MARUTI,500,12973.92,HDFC-CUST,2026-08-06,TRADE,TRADE_QUANTITY_MISMATCH,Confirmed quantity differs from booked quantity,P1,,template_contract_note
doc_1891,BRK02803,TRD105622,HINDUNILVR,2000,2742.93,ICICI-CUST,2026-08-21,TRADE,CONF_MISSING,External confirmation never received,P0,,template_contract_note
doc_1892,BRK02812,TRD105634,HINDUNILVR,2000,2757.75,HDFC-CUST,2026-08-21,TRADE,CONF_MISSING,External confirmation never received,P0,,template_contract_note
doc_1893,BRK02815,TRD105643,AXISBANK,200,1178.64,ICICI-CUST,2026-08-08,TRADE,TRADE_PRICE_MISMATCH,Confirmed price differs from booked price,P2,,template_contract_note
doc_1894,BRK02816,TRD105644,MARUTI,1500,12997.8,NOMURA-BROKER,2026-08-08,TRADE,CONF_DISAGREEMENT,External confirmation received but disagrees with the booking on multiple fields,P1,,template_contract_note
doc_1895,BRK02817,TRD105646,RELIANCE,250,2843.21,MORGANSTANLEY-BROKER,2026-08-19,TRADE,TRADE_COUNTERPARTY_ID_MISMATCH,Confirmed counterparty identifier differs from booked counterparty,P1,,template_contract_note
doc_1896,BRK02826,TRD105658,ICICIBANK,200,1241.38,NOMURA-BROKER,2026-08-06,TRADE,TRADE_COUNTERPARTY_ID_MISMATCH,Confirmed counterparty identifier differs from booked counterparty,P1,,template_contract_note
doc_1897,BRK02827,TRD105660,TCS,500,4104.75,DEUTSCHE-BROKER,2026-08-15,TRADE,TRADE_DATE_MISMATCH,Confirmed trade date differs from booked trade date,P2,,template_contract_note
doc_1898,BRK02829,TRD105663,TATASTEEL,2000,172.96,DEUTSCHE-BROKER,2026-08-19,TRADE,CONF_MISSING,External confirmation never received,P0,,template_contract_note
doc_1899,BRK02835,TRD105671,AXISBANK,2000,1174.93,MORGANSTANLEY-BROKER,2026-08-02,TRADE,TRADE_PRICE_MISMATCH,Confirmed price differs from booked price,P2,,template_contract_note
doc_1900,BRK02841,TRD105679,SBIN,200,841.93,NOMURA-BROKER,2026-08-17,TRADE,CONF_MISSING,External confirmation never received,P0,,template_contract_note
doc_1901,BRK02846,TRD105687,HINDUNILVR,200,2744.22,KOTAK-CUST,2026-08-11,TRADE,TRADE_COUNTERPARTY_ID_MISMATCH,Confirmed counterparty identifier differs from booked counterparty,P1,,template_contract_note
doc_1902,BRK02849,TRD105690,LT,250,3677.96,KOTAK-CUST,2026-08-06,TRADE,TRADE_QUANTITY_MISMATCH,Confirmed quantity differs from booked quantity,P1,,template_contract_note
doc_1903,BRK02854,TRD105699,HDFCBANK,1000,1683.13,HDFC-CUST,2026-08-09,TRADE,TRADE_PRICE_MISMATCH,Confirmed price differs from booked price,P2,,template_contract_note
doc_1904,BRK02855,TRD105700,BHARTIARTL,250,1682.9,DEUTSCHE-BROKER,2026-08-05,TRADE,TRADE_QUANTITY_MISMATCH,Confirmed quantity differs from booked quantity,P1,,template_contract_note
doc_1905,BRK02859,TRD105712,ICICIBANK,2000,1243.63,HDFC-CUST,2026-08-12,TRADE,TRADE_PRICE_MISMATCH,Confirmed price differs from booked price,P2,,template_contract_note
doc_1906,BRK02866,TRD105729,AXISBANK,2000,1180.31,HDFC-CUST,2026-08-10,TRADE,TRADE_COUNTERPARTY_ID_MISMATCH,Confirmed counterparty identifier differs from booked counterparty,P1,,template_contract_note
doc_1907,BRK02869,TRD105738,HINDUNILVR,750,2754.31,MORGANSTANLEY-BROKER,2026-08-09,TRADE,CONF_DISAGREEMENT,External confirmation received but disagrees with the booking on multiple fields,P1,,template_contract_note
doc_1908,BRK02870,TRD105739,SBIN,1500,847.65,MORGANSTANLEY-BROKER,2026-08-06,TRADE,TRADE_PRICE_MISMATCH,Confirmed price differs from booked price,P2,,template_contract_note
doc_1909,BRK02876,TRD105752,MARUTI,2000,12991.55,HDFC-CUST,2026-08-22,TRADE,TRADE_DATE_MISMATCH,Confirmed trade date differs from booked trade date,P2,,template_contract_note
doc_1910,BRK02877,TRD105755,RELIANCE,2000,2836.27,KOTAK-CUST,2026-08-19,TRADE,TRADE_COUNTERPARTY_ID_MISMATCH,Confirmed counterparty identifier differs from booked counterparty,P1,,template_contract_note
doc_1911,BRK02881,TRD105765,MARUTI,500,12923.04,KOTAK-CUST,2026-08-13,TRADE,TRADE_DATE_MISMATCH,Confirmed trade date differs from booked trade date,P2,,template_contract_note
doc_1912,BRK02891,TRD105785,MARUTI,1000,13038.63,NOMURA-BROKER,2026-08-14,TRADE,TRADE_COUNTERPARTY_ID_MISMATCH,Confirmed counterparty identifier differs from booked counterparty,P1,,template_contract_note
doc_1913,BRK02896,TRD105800,SBIN,2000,842.3,KOTAK-CUST,2026-08-12,TRADE,TRADE_QUANTITY_MISMATCH,Confirmed quantity differs from booked quantity,P1,,template_contract_note
doc_1914,BRK02901,TRD105807,TATASTEEL,2000,173.05,MORGANSTANLEY-BROKER,2026-08-11,TRADE,TRADE_DATE_MISMATCH,Confirmed trade date differs from booked trade date,P2,,template_contract_note
doc_1915,BRK02904,TRD105814,AXISBANK,1500,1177.23,ICICI-CUST,2026-08-22,TRADE,CONF_MISSING,External confirmation never received,P0,,template_contract_note
doc_1916,BRK02905,TRD105815,HDFCBANK,1500,1666.9,HDFC-CUST,2026-08-06,TRADE,TRADE_COUNTERPARTY_ID_MISMATCH,Confirmed counterparty identifier differs from booked counterparty,P1,,template_contract_note
doc_1917,BRK02908,TRD105819,HDFCBANK,100,1670.48,KOTAK-CUST,2026-08-06,TRADE,TRADE_QUANTITY_MISMATCH,Confirmed quantity differs from booked quantity,P1,,template_contract_note
doc_1918,BRK02911,TRD105823,INFY,200,1891.48,NOMURA-BROKER,2026-08-08,TRADE,CONF_MISSING,External confirmation never received,P0,,template_contract_note
doc_1919,BRK02915,TRD105830,KOTAKBANK,500,1948.96,NOMURA-BROKER,2026-08-10,TRADE,TRADE_COUNTERPARTY_ID_MISMATCH,Confirmed counterparty identifier differs from booked counterparty,P1,,template_contract_note
doc_1920,BRK02919,TRD105837,AXISBANK,200,1177.25,DEUTSCHE-BROKER,2026-08-04,TRADE,CONF_DISAGREEMENT,External confirmation received but disagrees with the booking on multiple fields,P1,,template_contract_note
doc_1921,BRK02921,TRD105840,AXISBANK,750,1180.98,MORGANSTANLEY-BROKER,2026-08-10,TRADE,TRADE_PRICE_MISMATCH,Confirmed price differs from booked price,P2,,template_contract_note
doc_1922,BRK02923,TRD105842,MARUTI,1500,12925.07,MORGANSTANLEY-BROKER,2026-08-09,TRADE,TRADE_DATE_MISMATCH,Confirmed trade date differs from booked trade date,P2,,template_contract_note
doc_1923,BRK02926,TRD105848,RELIANCE,2000,2851.5,HDFC-CUST,2026-08-16,TRADE,TRADE_DATE_MISMATCH,Confirmed trade date differs from booked trade date,P2,,template_contract_note
doc_1924,BRK02927,TRD105849,RELIANCE,500,2862.65,MORGANSTANLEY-BROKER,2026-08-08,TRADE,CONF_MISSING,External confirmation never received,P0,,template_contract_note
doc_1925,BRK02928,TRD105851,MARUTI,2000,12970.73,DEUTSCHE-BROKER,2026-08-09,TRADE,TRADE_COUNTERPARTY_ID_MISMATCH,Confirmed counterparty identifier differs from booked counterparty,P1,,template_contract_note
doc_1926,BRK02931,TRD105855,AXISBANK,1500,1180.12,KOTAK-CUST,2026-08-03,TRADE,TRADE_QUANTITY_MISMATCH,Confirmed quantity differs from booked quantity,P1,,template_contract_note
doc_1927,BRK02932,TRD105856,MARUTI,2000,12941.22,ICICI-CUST,2026-08-09,TRADE,TRADE_PRICE_MISMATCH,Confirmed price differs from booked price,P2,,template_contract_note
doc_1928,BRK02944,TRD105892,MARUTI,1000,13038.19,ICICI-CUST,2026-08-05,TRADE,TRADE_QUANTITY_MISMATCH,Confirmed quantity differs from booked quantity,P1,,template_contract_note
doc_1929,BRK02948,TRD105902,ICICIBANK,250,1240.35,ICICI-CUST,2026-08-14,TRADE,CONF_DISAGREEMENT,External confirmation received but disagrees with the booking on multiple fields,P1,,template_contract_note
doc_1930,BRK02949,TRD105903,WIPRO,1500,610.84,NOMURA-BROKER,2026-08-16,TRADE,TRADE_QUANTITY_MISMATCH,Confirmed quantity differs from booked quantity,P1,,template_contract_note
doc_1931,BRK02950,TRD105906,BHARTIARTL,200,1691.6,ICICI-CUST,2026-08-08,TRADE,CONF_DISAGREEMENT,External confirmation received but disagrees with the booking on multiple fields,P1,,template_contract_note
doc_1932,BRK02953,TRD105912,BHARTIARTL,500,1682.42,MORGANSTANLEY-BROKER,2026-08-07,TRADE,TRADE_QUANTITY_MISMATCH,Confirmed quantity differs from booked quantity,P1,,template_contract_note
doc_1933,BRK02956,TRD105915,TCS,500,4106.24,ICICI-CUST,2026-08-13,TRADE,CONF_DISAGREEMENT,External confirmation received but disagrees with the booking on multiple fields,P1,,template_contract_note
doc_1934,BRK02957,TRD105919,BHARTIARTL,2000,1697.72,DEUTSCHE-BROKER,2026-08-08,TRADE,TRADE_COUNTERPARTY_ID_MISMATCH,Confirmed counterparty identifier differs from booked counterparty,P1,,template_contract_note
doc_1935,BRK02958,TRD105920,BHARTIARTL,500,1686.07,KOTAK-CUST,2026-08-19,TRADE,TRADE_COUNTERPARTY_ID_MISMATCH,Confirmed counterparty identifier differs from booked counterparty,P1,,template_contract_note
doc_1936,BRK02959,TRD105921,TCS,2000,4106.64,HDFC-CUST,2026-08-14,TRADE,CONF_MISSING,External confirmation never received,P0,,template_contract_note
doc_1937,BRK02962,TRD105925,BHARTIARTL,500,1694.94,HDFC-CUST,2026-08-15,TRADE,CONF_DISAGREEMENT,External confirmation received but disagrees with the booking on multiple fields,P1,,template_contract_note
doc_1938,BRK02966,TRD105930,ICICIBANK,1500,1241.93,ICICI-CUST,2026-08-22,TRADE,TRADE_PRICE_MISMATCH,Confirmed price differs from booked price,P2,,template_contract_note
doc_1939,BRK02967,TRD105933,BHARTIARTL,2000,1691.17,KOTAK-CUST,2026-08-11,TRADE,TRADE_PRICE_MISMATCH,Confirmed price differs from booked price,P2,,template_contract_note
doc_1940,BRK02968,TRD105935,TATASTEEL,750,171.85,MORGANSTANLEY-BROKER,2026-08-08,TRADE,TRADE_COUNTERPARTY_ID_MISMATCH,Confirmed counterparty identifier differs from booked counterparty,P1,,template_contract_note
doc_1941,BRK02973,TRD105947,TATASTEEL,750,172.0,NOMURA-BROKER,2026-08-09,TRADE,TRADE_PRICE_MISMATCH,Confirmed price differs from booked price,P2,,template_contract_note
doc_1942,BRK02974,TRD105950,ITC,1500,468.22,MORGANSTANLEY-BROKER,2026-08-08,TRADE,CONF_MISSING,External confirmation never received,P0,,template_contract_note
doc_1943,BRK02976,TRD105953,MARUTI,250,12991.78,MORGANSTANLEY-BROKER,2026-08-03,TRADE,CONF_DISAGREEMENT,External confirmation received but disagrees with the booking on multiple fields,P1,,template_contract_note
doc_1944,BRK02977,TRD105955,SBIN,100,848.44,MORGANSTANLEY-BROKER,2026-08-05,TRADE,TRADE_COUNTERPARTY_ID_MISMATCH,Confirmed counterparty identifier differs from booked counterparty,P1,,template_contract_note
doc_1945,BRK02979,TRD105959,HDFCBANK,750,1672.8,NOMURA-BROKER,2026-08-18,TRADE,TRADE_QUANTITY_MISMATCH,Confirmed quantity differs from booked quantity,P1,,template_contract_note
doc_1946,BRK02991,TRD105977,LT,200,3683.95,DEUTSCHE-BROKER,2026-08-13,TRADE,CONF_DISAGREEMENT,External confirmation received but disagrees with the booking on multiple fields,P1,,template_contract_note
doc_1947,BRK02993,TRD105981,BHARTIARTL,750,1697.0,DEUTSCHE-BROKER,2026-08-03,TRADE,CONF_DISAGREEMENT,External confirmation received but disagrees with the booking on multiple fields,P1,,template_contract_note
doc_1948,BRK02994,TRD105982,TATASTEEL,2000,172.73,NOMURA-BROKER,2026-08-04,TRADE,CONF_DISAGREEMENT,External confirmation received but disagrees with the booking on multiple fields,P1,,template_contract_note
doc_1949,BRK02995,TRD105983,BHARTIARTL,1000,1690.51,HDFC-CUST,2026-08-07,TRADE,TRADE_QUANTITY_MISMATCH,Confirmed quantity differs from booked quantity,P1,,template_contract_note
doc_1950,BRK02996,TRD105984,ICICIBANK,200,1236.07,MORGANSTANLEY-BROKER,2026-08-10,TRADE,TRADE_QUANTITY_MISMATCH,Confirmed quantity differs from booked quantity,P1,,template_contract_note
doc_1951,BRK01374,TRD102789,HINDUNILVR,200,2739.8,MORGANSTANLEY-BROKER,2026-08-09,CASH,CASH_DUPLICATE_ENTRY,Same cash movement posted twice,P1,,template_terse_note
doc_1952,BRK01112,TRD102270,AXISBANK,1000,1176.51,DEUTSCHE-BROKER,2026-08-22,CASH,CASH_FX_INPUT_DIFFERENCE,Cash posted in a different currency / at a stale or incorrect FX rate,P2,,template_informal_chat_style
doc_1953,BRK01941,TRD103872,WIPRO,500,607.8,NOMURA-BROKER,2026-08-14,POSITION,POS_TIMING_DIFFERENCE,"Timing difference - quantities agree, as-of dates don't (expected to self-resolve)",P2,,template_formal_email
doc_1954,BRK01015,TRD102067,KOTAKBANK,1000,1963.75,MORGANSTANLEY-BROKER,2026-08-20,CASH,CASH_WRONG_AMOUNT,Cash amount posted differs from expected trade value by a non-round amount,P1,,template_scanned_pdf_style
doc_1955,BRK02187,TRD104349,INFY,100,1884.74,NOMURA-BROKER,2026-08-22,CASH,CASH_DUPLICATE_ENTRY,Same cash movement posted twice,P1,,template_scanned_pdf_style
doc_1956,BRK01275,TRD102617,AXISBANK,200,1175.04,ICICI-CUST,2026-08-02,CASH,CASH_MISSING_ENTRY,Expected cash movement never posted,P0,,template_formal_email
doc_1957,BRK01519,TRD103085,KOTAKBANK,500,1950.12,DEUTSCHE-BROKER,2026-08-17,CASH,CASH_FX_INPUT_DIFFERENCE,Cash posted in a different currency / at a stale or incorrect FX rate,P2,,template_informal_chat_style
doc_1958,BRK00260,TRD100517,RELIANCE,1500,2838.48,HDFC-CUST,2026-08-15,POSITION,POS_WRONG_QUANTITY,Wrong quantity - external position differs by a non-round amount,P1,,template_scanned_pdf_style
doc_1959,BRK01592,TRD103218,BHARTIARTL,1500,1694.14,MORGANSTANLEY-BROKER,2026-08-04,CASH,CASH_MISSING_ENTRY,Expected cash movement never posted,P0,,template_whatsapp_style
doc_1960,BRK02117,TRD104198,HDFCBANK,750,1678.92,HDFC-CUST,2026-08-12,CASH,CASH_FX_INPUT_DIFFERENCE,Cash posted in a different currency / at a stale or incorrect FX rate,P2,,template_terse_note
doc_1961,BRK01696,TRD103401,HDFCBANK,100,1675.49,DEUTSCHE-BROKER,2026-08-16,POSITION,POS_WRONG_QUANTITY,Wrong quantity - external position differs by a non-round amount,P1,,template_formal_email
doc_1962,BRK02133,TRD104226,LT,200,3681.91,NOMURA-BROKER,2026-08-03,POSITION,POS_MISSING_BOOKING,Missing upstream booking - position never reflected externally,P0,,template_informal_chat_style
doc_1963,BRK02971,TRD105940,KOTAKBANK,500,1961.1,ICICI-CUST,2026-08-17,POSITION,POS_MISSING_BOOKING,Missing upstream booking - position never reflected externally,P0,,template_scanned_pdf_style
doc_1964,BRK02693,TRD105377,HDFCBANK,1500,1679.49,ICICI-CUST,2026-08-21,POSITION,POS_WRONG_QUANTITY,Wrong quantity - external position differs by a non-round amount,P1,,template_formal_email
doc_1965,BRK00250,TRD100499,WIPRO,100,607.59,NOMURA-BROKER,2026-08-16,POSITION,POS_TIMING_DIFFERENCE,"Timing difference - quantities agree, as-of dates don't (expected to self-resolve)",P2,,template_formal_email
doc_1966,BRK01641,TRD103303,TATASTEEL,1500,173.11,KOTAK-CUST,2026-08-06,POSITION,POS_WRONG_QUANTITY,Wrong quantity - external position differs by a non-round amount,P1,,template_scanned_pdf_style
doc_1967,BRK02441,TRD104876,LT,500,3675.73,HDFC-CUST,2026-08-10,POSITION,POS_TIMING_DIFFERENCE,"Timing difference - quantities agree, as-of dates don't (expected to self-resolve)",P2,,template_informal_chat_style
doc_1968,BRK01868,TRD103722,TCS,750,4112.25,HDFC-CUST,2026-08-21,POSITION,POS_TIMING_DIFFERENCE,"Timing difference - quantities agree, as-of dates don't (expected to self-resolve)",P2,,template_terse_note
doc_1969,BRK00610,TRD101238,HDFCBANK,100,1673.89,HDFC-CUST,2026-08-08,POSITION,POS_TIMING_DIFFERENCE,"Timing difference - quantities agree, as-of dates don't (expected to self-resolve)",P2,,template_terse_note
doc_1970,BRK00310,TRD100632,HDFCBANK,1000,1670.37,MORGANSTANLEY-BROKER,2026-08-22,CASH,CASH_WRONG_AMOUNT,Cash amount posted differs from expected trade value by a non-round amount,P1,,template_terse_note
doc_1971,BRK02137,TRD104231,ICICIBANK,1500,1235.69,ICICI-CUST,2026-08-09,CASH,CASH_MISSING_ENTRY,Expected cash movement never posted,P0,,template_whatsapp_style
doc_1972,BRK02023,TRD104022,WIPRO,100,610.94,KOTAK-CUST,2026-08-19,CASH,CASH_DUPLICATE_ENTRY,Same cash movement posted twice,P1,,template_scanned_pdf_style
doc_1973,BRK02895,TRD105795,BHARTIARTL,200,1685.69,ICICI-CUST,2026-08-11,CASH,CASH_FX_INPUT_DIFFERENCE,Cash posted in a different currency / at a stale or incorrect FX rate,P2,,template_terse_note
doc_1974,BRK02951,TRD105910,SBIN,1000,843.72,MORGANSTANLEY-BROKER,2026-08-19,POSITION,POS_MISSING_BOOKING,Missing upstream booking - position never reflected externally,P0,,template_terse_note
doc_1975,BRK00633,TRD101281,BHARTIARTL,2000,1684.63,KOTAK-CUST,2026-08-20,CASH,CASH_MISSING_ENTRY,Expected cash movement never posted,P0,,template_formal_email
doc_1976,BRK00116,TRD100230,BHARTIARTL,1000,1685.93,KOTAK-CUST,2026-08-04,CASH,CASH_WRONG_AMOUNT,Cash amount posted differs from expected trade value by a non-round amount,P1,,template_scanned_pdf_style
doc_1977,BRK00415,TRD100847,TATASTEEL,2000,172.85,KOTAK-CUST,2026-08-18,POSITION,POS_TIMING_DIFFERENCE,"Timing difference - quantities agree, as-of dates don't (expected to self-resolve)",P2,,template_whatsapp_style
doc_1978,BRK00941,TRD101925,ICICIBANK,100,1241.81,NOMURA-BROKER,2026-08-05,CASH,CASH_DUPLICATE_ENTRY,Same cash movement posted twice,P1,,template_informal_chat_style
doc_1979,BRK00631,TRD101279,SBIN,1500,844.68,HDFC-CUST,2026-08-05,CASH,CASH_WRONG_AMOUNT,Cash amount posted differs from expected trade value by a non-round amount,P1,,template_formal_email
doc_1980,BRK02282,TRD104551,HDFCBANK,200,1678.6,ICICI-CUST,2026-08-19,CASH,CASH_MISSING_ENTRY,Expected cash movement never posted,P0,,template_informal_chat_style
doc_1981,BRK00471,TRD100952,AXISBANK,500,1175.37,DEUTSCHE-BROKER,2026-08-18,CASH,CASH_WRONG_AMOUNT,Cash amount posted differs from expected trade value by a non-round amount,P1,,template_informal_chat_style
doc_1982,BRK01665,TRD103348,INFY,100,1893.97,HDFC-CUST,2026-08-13,POSITION,POS_WRONG_QUANTITY,Wrong quantity - external position differs by a non-round amount,P1,,template_informal_chat_style
doc_1983,BRK02206,TRD104376,AXISBANK,100,1185.35,MORGANSTANLEY-BROKER,2026-08-12,POSITION,POS_WRONG_QUANTITY,Wrong quantity - external position differs by a non-round amount,P1,,template_informal_chat_style
doc_1984,BRK01489,TRD103024,INFY,100,1883.39,MORGANSTANLEY-BROKER,2026-08-14,CASH,CASH_DUPLICATE_ENTRY,Same cash movement posted twice,P1,,template_formal_email
doc_1985,BRK02596,TRD105195,HINDUNILVR,250,2734.44,DEUTSCHE-BROKER,2026-08-20,POSITION,POS_TIMING_DIFFERENCE,"Timing difference - quantities agree, as-of dates don't (expected to self-resolve)",P2,,template_informal_chat_style
doc_1986,BRK01605,TRD103241,BHARTIARTL,750,1682.69,MORGANSTANLEY-BROKER,2026-08-14,POSITION,POS_TIMING_DIFFERENCE,"Timing difference - quantities agree, as-of dates don't (expected to self-resolve)",P2,,template_whatsapp_style
doc_1987,BRK00355,TRD100722,ITC,750,468.27,HDFC-CUST,2026-08-10,POSITION,POS_MISSING_BOOKING,Missing upstream booking - position never reflected externally,P0,,template_formal_email
doc_1988,BRK02115,TRD104196,RELIANCE,100,2858.73,NOMURA-BROKER,2026-08-22,CASH,CASH_DUPLICATE_ENTRY,Same cash movement posted twice,P1,,template_formal_email
doc_1989,BRK01913,TRD103820,RELIANCE,1500,2850.76,HDFC-CUST,2026-08-15,POSITION,POS_WRONG_QUANTITY,Wrong quantity - external position differs by a non-round amount,P1,,template_terse_note
doc_1990,BRK01841,TRD103672,KOTAKBANK,750,1961.76,MORGANSTANLEY-BROKER,2026-08-16,CASH,CASH_MISSING_ENTRY,Expected cash movement never posted,P0,,template_terse_note
doc_1991,BRK02255,TRD104489,KOTAKBANK,500,1959.47,ICICI-CUST,2026-08-15,POSITION,POS_MISSING_BOOKING,Missing upstream booking - position never reflected externally,P0,,template_informal_chat_style
doc_1992,BRK02641,TRD105271,HINDUNILVR,1500,2748.53,HDFC-CUST,2026-08-19,POSITION,POS_WRONG_QUANTITY,Wrong quantity - external position differs by a non-round amount,P1,,template_formal_email
doc_1993,BRK00156,TRD100313,SBIN,750,846.3,ICICI-CUST,2026-08-20,POSITION,POS_MISSING_BOOKING,Missing upstream booking - position never reflected externally,P0,,template_formal_email
doc_1994,BRK02851,TRD105692,LT,2000,3690.6,NOMURA-BROKER,2026-08-13,CASH,CASH_MISSING_ENTRY,Expected cash movement never posted,P0,,template_scanned_pdf_style
doc_1995,BRK01910,TRD103813,AXISBANK,750,1180.49,DEUTSCHE-BROKER,2026-08-13,CASH,CASH_MISSING_ENTRY,Expected cash movement never posted,P0,,template_scanned_pdf_style
doc_1996,BRK01590,TRD103215,ICICIBANK,1500,1241.12,NOMURA-BROKER,2026-08-05,POSITION,POS_TIMING_DIFFERENCE,"Timing difference - quantities agree, as-of dates don't (expected to self-resolve)",P2,,template_terse_note
doc_1997,BRK02642,TRD105273,LT,750,3688.35,DEUTSCHE-BROKER,2026-08-03,CASH,CASH_MISSING_ENTRY,Expected cash movement never posted,P0,,template_scanned_pdf_style
doc_1998,BRK02607,TRD105217,BHARTIARTL,2000,1684.27,HDFC-CUST,2026-08-03,CASH,CASH_MISSING_ENTRY,Expected cash movement never posted,P0,,template_informal_chat_style
doc_1999,BRK00525,TRD101049,AXISBANK,200,1183.89,NOMURA-BROKER,2026-08-05,CASH,CASH_DUPLICATE_ENTRY,Same cash movement posted twice,P1,,template_scanned_pdf_style
doc_2000,BRK02062,TRD104100,SBIN,500,843.74,KOTAK-CUST,2026-08-03,CASH,CASH_WRONG_AMOUNT,Cash amount posted differs from expected trade value by a non-round amount,P1,,template_terse_note
doc_2001,BRK02204,TRD104371,HINDUNILVR,1000,2746.84,KOTAK-CUST,2026-08-18,CASH,CASH_MISSING_ENTRY,Expected cash movement never posted,P0,,template_scanned_pdf_style
doc_2002,BRK00999,TRD102031,HDFCBANK,750,1682.05,MORGANSTANLEY-BROKER,2026-08-22,POSITION,POS_TIMING_DIFFERENCE,"Timing difference - quantities agree, as-of dates don't (expected to self-resolve)",P2,,template_scanned_pdf_style
doc_2003,BRK00615,TRD101250,TCS,250,4136.52,HDFC-CUST,2026-08-06,CASH,CASH_WRONG_AMOUNT,Cash amount posted differs from expected trade value by a non-round amount,P1,,template_whatsapp_style
doc_2004,BRK00607,TRD101232,KOTAKBANK,100,1954.8,MORGANSTANLEY-BROKER,2026-08-12,CASH,CASH_WRONG_AMOUNT,Cash amount posted differs from expected trade value by a non-round amount,P1,,template_formal_email
doc_2005,BRK00033,TRD100067,BHARTIARTL,100,1687.08,DEUTSCHE-BROKER,2026-08-08,CASH,CASH_WRONG_AMOUNT,Cash amount posted differs from expected trade value by a non-round amount,P1,,template_terse_note
doc_2006,BRK01482,TRD103013,ICICIBANK,250,1236.96,HDFC-CUST,2026-08-15,CASH,CASH_DUPLICATE_ENTRY,Same cash movement posted twice,P1,,template_scanned_pdf_style
doc_2007,BRK01060,TRD102164,SBIN,500,847.36,HDFC-CUST,2026-08-21,POSITION,POS_MISSING_BOOKING,Missing upstream booking - position never reflected externally,P0,,template_whatsapp_style
doc_2008,BRK02508,TRD105012,MARUTI,500,13017.98,MORGANSTANLEY-BROKER,2026-08-02,CASH,CASH_DUPLICATE_ENTRY,Same cash movement posted twice,P1,,template_terse_note
doc_2009,BRK02788,TRD105592,AXISBANK,500,1181.05,KOTAK-CUST,2026-08-13,POSITION,POS_MISSING_BOOKING,Missing upstream booking - position never reflected externally,P0,,template_scanned_pdf_style
doc_2010,BRK01344,TRD102740,RELIANCE,100,2836.95,NOMURA-BROKER,2026-08-22,CASH,CASH_MISSING_ENTRY,Expected cash movement never posted,P0,,template_formal_email
doc_2011,BRK02501,TRD104996,LT,100,3685.38,HDFC-CUST,2026-08-21,CASH,CASH_FX_INPUT_DIFFERENCE,Cash posted in a different currency / at a stale or incorrect FX rate,P2,,template_scanned_pdf_style
doc_2012,BRK02644,TRD105275,ITC,100,469.67,KOTAK-CUST,2026-08-14,CASH,CASH_FX_INPUT_DIFFERENCE,Cash posted in a different currency / at a stale or incorrect FX rate,P2,,template_formal_email
doc_2013,BRK02301,TRD104592,RELIANCE,1500,2842.33,MORGANSTANLEY-BROKER,2026-08-04,POSITION,POS_TIMING_DIFFERENCE,"Timing difference - quantities agree, as-of dates don't (expected to self-resolve)",P2,,template_scanned_pdf_style
doc_2014,BRK00365,TRD100740,SBIN,100,842.79,MORGANSTANLEY-BROKER,2026-08-10,POSITION,POS_TIMING_DIFFERENCE,"Timing difference - quantities agree, as-of dates don't (expected to self-resolve)",P2,,template_formal_email
doc_2015,BRK02576,TRD105151,ITC,1000,470.05,KOTAK-CUST,2026-08-18,CASH,CASH_WRONG_AMOUNT,Cash amount posted differs from expected trade value by a non-round amount,P1,,template_whatsapp_style
doc_2016,BRK00281,TRD100561,BHARTIARTL,750,1694.99,ICICI-CUST,2026-08-21,CASH,CASH_FX_INPUT_DIFFERENCE,Cash posted in a different currency / at a stale or incorrect FX rate,P2,,template_formal_email
doc_2017,BRK01968,TRD103917,ICICIBANK,1000,1244.07,MORGANSTANLEY-BROKER,2026-08-04,POSITION,POS_WRONG_QUANTITY,Wrong quantity - external position differs by a non-round amount,P1,,template_scanned_pdf_style
doc_2018,BRK01127,TRD102308,ITC,2000,469.73,MORGANSTANLEY-BROKER,2026-08-14,CASH,CASH_DUPLICATE_ENTRY,Same cash movement posted twice,P1,,template_formal_email
doc_2019,BRK02042,TRD104063,MARUTI,200,12963.54,ICICI-CUST,2026-08-08,POSITION,POS_MISSING_BOOKING,Missing upstream booking - position never reflected externally,P0,,template_formal_email
doc_2020,BRK00675,TRD101365,WIPRO,200,610.79,KOTAK-CUST,2026-08-06,CASH,CASH_WRONG_AMOUNT,Cash amount posted differs from expected trade value by a non-round amount,P1,,template_whatsapp_style
doc_2021,BRK02306,TRD104598,INFY,250,1897.59,DEUTSCHE-BROKER,2026-08-22,POSITION,POS_WRONG_QUANTITY,Wrong quantity - external position differs by a non-round amount,P1,,template_formal_email
doc_2022,BRK02662,TRD105307,SBIN,2000,847.23,NOMURA-BROKER,2026-08-17,POSITION,POS_WRONG_QUANTITY,Wrong quantity - external position differs by a non-round amount,P1,,template_whatsapp_style
doc_2023,BRK01307,TRD102665,SBIN,750,849.43,NOMURA-BROKER,2026-08-07,CASH,CASH_DUPLICATE_ENTRY,Same cash movement posted twice,P1,,template_formal_email
doc_2024,BRK01467,TRD102980,RELIANCE,1000,2841.43,HDFC-CUST,2026-08-05,CASH,CASH_MISSING_ENTRY,Expected cash movement never posted,P0,,template_whatsapp_style
doc_2025,BRK01168,TRD102384,HDFCBANK,250,1670.01,DEUTSCHE-BROKER,2026-08-22,CASH,CASH_WRONG_AMOUNT,Cash amount posted differs from expected trade value by a non-round amount,P1,,template_scanned_pdf_style
doc_2026,BRK01668,TRD103352,ITC,100,470.01,MORGANSTANLEY-BROKER,2026-08-18,CASH,CASH_DUPLICATE_ENTRY,Same cash movement posted twice,P1,,template_whatsapp_style
doc_2027,BRK02526,TRD105059,TCS,750,4138.14,HDFC-CUST,2026-08-13,POSITION,POS_MISSING_BOOKING,Missing upstream booking - position never reflected externally,P0,,template_informal_chat_style
doc_2028,BRK00560,TRD101128,BHARTIARTL,100,1682.05,ICICI-CUST,2026-08-05,CASH,CASH_MISSING_ENTRY,Expected cash movement never posted,P0,,template_terse_note
doc_2029,BRK01832,TRD103660,HDFCBANK,100,1675.21,MORGANSTANLEY-BROKER,2026-08-06,CASH,CASH_FX_INPUT_DIFFERENCE,Cash posted in a different currency / at a stale or incorrect FX rate,P2,,template_scanned_pdf_style
doc_2030,BRK00135,TRD100268,AXISBANK,200,1180.28,MORGANSTANLEY-BROKER,2026-08-07,POSITION,POS_MISSING_BOOKING,Missing upstream booking - position never reflected externally,P0,,template_informal_chat_style
doc_2031,BRK02638,TRD105265,HINDUNILVR,2000,2732.17,DEUTSCHE-BROKER,2026-08-10,CASH,CASH_MISSING_ENTRY,Expected cash movement never posted,P0,,template_whatsapp_style
doc_2032,BRK00625,TRD101270,MARUTI,500,12970.76,HDFC-CUST,2026-08-15,CASH,CASH_MISSING_ENTRY,Expected cash movement never posted,P0,,template_informal_chat_style
doc_2033,BRK01984,TRD103953,INFY,750,1898.71,NOMURA-BROKER,2026-08-14,CASH,CASH_WRONG_AMOUNT,Cash amount posted differs from expected trade value by a non-round amount,P1,,template_formal_email
doc_2034,BRK02537,TRD105078,AXISBANK,500,1176.68,KOTAK-CUST,2026-08-02,CASH,CASH_DUPLICATE_ENTRY,Same cash movement posted twice,P1,,template_informal_chat_style
doc_2035,BRK01609,TRD103246,MARUTI,100,12961.73,ICICI-CUST,2026-08-12,CASH,CASH_DUPLICATE_ENTRY,Same cash movement posted twice,P1,,template_scanned_pdf_style
doc_2036,BRK00117,TRD100233,ITC,100,470.8,KOTAK-CUST,2026-08-02,CASH,CASH_MISSING_ENTRY,Expected cash movement never posted,P0,,template_formal_email
doc_2037,BRK01458,TRD102962,TCS,200,4122.05,DEUTSCHE-BROKER,2026-08-10,POSITION,POS_WRONG_QUANTITY,Wrong quantity - external position differs by a non-round amount,P1,,template_terse_note
doc_2038,BRK02761,TRD105538,ICICIBANK,750,1246.36,KOTAK-CUST,2026-08-10,POSITION,POS_TIMING_DIFFERENCE,"Timing difference - quantities agree, as-of dates don't (expected to self-resolve)",P2,,template_informal_chat_style
doc_2039,BRK01990,TRD103962,ICICIBANK,500,1239.04,MORGANSTANLEY-BROKER,2026-08-04,CASH,CASH_WRONG_AMOUNT,Cash amount posted differs from expected trade value by a non-round amount,P1,,template_whatsapp_style
doc_2040,BRK01815,TRD103633,BHARTIARTL,200,1682.8,ICICI-CUST,2026-08-19,POSITION,POS_MISSING_BOOKING,Missing upstream booking - position never reflected externally,P0,,template_formal_email
doc_2041,BRK00330,TRD100679,HINDUNILVR,250,2749.45,ICICI-CUST,2026-08-16,CASH,CASH_MISSING_ENTRY,Expected cash movement never posted,P0,,template_terse_note
doc_2042,BRK00492,TRD100988,HDFCBANK,2000,1672.15,MORGANSTANLEY-BROKER,2026-08-21,POSITION,POS_MISSING_BOOKING,Missing upstream booking - position never reflected externally,P0,,template_scanned_pdf_style
doc_2043,BRK02354,TRD104702,ITC,1500,469.36,ICICI-CUST,2026-08-07,POSITION,POS_WRONG_QUANTITY,Wrong quantity - external position differs by a non-round amount,P1,,template_scanned_pdf_style
doc_2044,BRK00387,TRD100784,WIPRO,100,608.78,HDFC-CUST,2026-08-21,POSITION,POS_WRONG_QUANTITY,Wrong quantity - external position differs by a non-round amount,P1,,template_informal_chat_style
doc_2045,BRK01747,TRD103494,BHARTIARTL,100,1686.17,NOMURA-BROKER,2026-08-14,CASH,CASH_DUPLICATE_ENTRY,Same cash movement posted twice,P1,,template_scanned_pdf_style
doc_2046,BRK02732,TRD105475,RELIANCE,1000,2836.43,NOMURA-BROKER,2026-08-06,POSITION,POS_MISSING_BOOKING,Missing upstream booking - position never reflected externally,P0,,template_informal_chat_style
doc_2047,BRK01326,TRD102700,TATASTEEL,200,171.73,ICICI-CUST,2026-08-16,CASH,CASH_DUPLICATE_ENTRY,Same cash movement posted twice,P1,,template_whatsapp_style
doc_2048,BRK00623,TRD101268,KOTAKBANK,250,1962.85,HDFC-CUST,2026-08-09,POSITION,POS_MISSING_BOOKING,Missing upstream booking - position never reflected externally,P0,,template_informal_chat_style
doc_2049,BRK01579,TRD103199,ICICIBANK,500,1241.92,ICICI-CUST,2026-08-18,CASH,CASH_WRONG_AMOUNT,Cash amount posted differs from expected trade value by a non-round amount,P1,,template_scanned_pdf_style
doc_2050,BRK02068,TRD104106,INFY,250,1882.86,ICICI-CUST,2026-08-05,POSITION,POS_MISSING_BOOKING,Missing upstream booking - position never reflected externally,P0,,template_whatsapp_style
doc_2051,BRK01390,TRD102826,RELIANCE,2000,2843.56,ICICI-CUST,2026-08-22,POSITION,POS_MISSING_BOOKING,Missing upstream booking - position never reflected externally,P0,,template_whatsapp_style
doc_2052,BRK02604,TRD105213,ICICIBANK,250,1237.03,ICICI-CUST,2026-08-10,POSITION,POS_MISSING_BOOKING,Missing upstream booking - position never reflected externally,P0,,template_formal_email
doc_2053,BRK00388,TRD100785,SBIN,200,843.95,ICICI-CUST,2026-08-17,CASH,CASH_MISSING_ENTRY,Expected cash movement never posted,P0,,template_terse_note
doc_2054,BRK00334,TRD100689,HINDUNILVR,1000,2743.2,MORGANSTANLEY-BROKER,2026-08-13,CASH,CASH_WRONG_AMOUNT,Cash amount posted differs from expected trade value by a non-round amount,P1,,template_formal_email
doc_2055,BRK01329,TRD102713,AXISBANK,1500,1176.49,ICICI-CUST,2026-08-22,POSITION,POS_WRONG_QUANTITY,Wrong quantity - external position differs by a non-round amount,P1,,template_scanned_pdf_style
doc_2056,BRK00846,TRD101729,HINDUNILVR,750,2741.25,ICICI-CUST,2026-08-05,CASH,CASH_WRONG_AMOUNT,Cash amount posted differs from expected trade value by a non-round amount,P1,,template_whatsapp_style
doc_2057,BRK00651,TRD101311,WIPRO,1500,611.92,ICICI-CUST,2026-08-21,POSITION,POS_WRONG_QUANTITY,Wrong quantity - external position differs by a non-round amount,P1,,template_scanned_pdf_style
doc_2058,BRK02279,TRD104544,KOTAKBANK,2000,1956.22,ICICI-CUST,2026-08-04,CASH,CASH_DUPLICATE_ENTRY,Same cash movement posted twice,P1,,template_formal_email
doc_2059,BRK00331,TRD100681,KOTAKBANK,100,1952.96,ICICI-CUST,2026-08-22,CASH,CASH_MISSING_ENTRY,Expected cash movement never posted,P0,,template_formal_email
doc_2060,BRK00081,TRD100152,BHARTIARTL,1000,1691.66,ICICI-CUST,2026-08-11,POSITION,POS_MISSING_BOOKING,Missing upstream booking - position never reflected externally,P0,,template_formal_email
doc_2061,BRK00206,TRD100407,KOTAKBANK,2000,1954.05,DEUTSCHE-BROKER,2026-08-16,CASH,CASH_DUPLICATE_ENTRY,Same cash movement posted twice,P1,,template_whatsapp_style
doc_2062,BRK02521,TRD105042,WIPRO,750,607.57,ICICI-CUST,2026-08-06,CASH,CASH_DUPLICATE_ENTRY,Same cash movement posted twice,P1,,template_scanned_pdf_style
doc_2063,BRK00921,TRD101885,HDFCBANK,1500,1682.26,DEUTSCHE-BROKER,2026-08-06,POSITION,POS_MISSING_BOOKING,Missing upstream booking - position never reflected externally,P0,,template_whatsapp_style
doc_2064,BRK02858,TRD105705,ICICIBANK,1000,1239.1,NOMURA-BROKER,2026-08-05,CASH,CASH_FX_INPUT_DIFFERENCE,Cash posted in a different currency / at a stale or incorrect FX rate,P2,,template_whatsapp_style
doc_2065,BRK00422,TRD100859,TCS,2000,4104.15,NOMURA-BROKER,2026-08-11,POSITION,POS_TIMING_DIFFERENCE,"Timing difference - quantities agree, as-of dates don't (expected to self-resolve)",P2,,template_informal_chat_style
doc_2066,BRK00499,TRD101002,SBIN,2000,848.8,KOTAK-CUST,2026-08-06,POSITION,POS_MISSING_BOOKING,Missing upstream booking - position never reflected externally,P0,,template_informal_chat_style
doc_2067,BRK02458,TRD104901,KOTAKBANK,500,1946.87,DEUTSCHE-BROKER,2026-08-06,CASH,CASH_DUPLICATE_ENTRY,Same cash movement posted twice,P1,,template_informal_chat_style
doc_2068,BRK00900,TRD101831,LT,500,3698.32,KOTAK-CUST,2026-08-15,CASH,CASH_FX_INPUT_DIFFERENCE,Cash posted in a different currency / at a stale or incorrect FX rate,P2,,template_scanned_pdf_style
doc_2069,BRK02184,TRD104346,ICICIBANK,750,1239.28,NOMURA-BROKER,2026-08-13,CASH,CASH_MISSING_ENTRY,Expected cash movement never posted,P0,,template_informal_chat_style
doc_2070,BRK00273,TRD100548,ITC,500,468.9,MORGANSTANLEY-BROKER,2026-08-14,CASH,CASH_MISSING_ENTRY,Expected cash movement never posted,P0,,template_terse_note
doc_2071,BRK02460,TRD104909,ICICIBANK,2000,1240.28,DEUTSCHE-BROKER,2026-08-03,CASH,CASH_MISSING_ENTRY,Expected cash movement never posted,P0,,template_whatsapp_style
doc_2072,BRK01250,TRD102567,HDFCBANK,1500,1677.27,KOTAK-CUST,2026-08-19,CASH,CASH_WRONG_AMOUNT,Cash amount posted differs from expected trade value by a non-round amount,P1,,template_whatsapp_style
doc_2073,BRK01743,TRD103484,ITC,250,468.98,KOTAK-CUST,2026-08-20,POSITION,POS_MISSING_BOOKING,Missing upstream booking - position never reflected externally,P0,,template_scanned_pdf_style
doc_2074,BRK02790,TRD105595,RELIANCE,750,2860.03,DEUTSCHE-BROKER,2026-08-08,POSITION,POS_TIMING_DIFFERENCE,"Timing difference - quantities agree, as-of dates don't (expected to self-resolve)",P2,,template_whatsapp_style
doc_2075,BRK00535,TRD101068,HINDUNILVR,500,2757.56,HDFC-CUST,2026-08-08,CASH,CASH_WRONG_AMOUNT,Cash amount posted differs from expected trade value by a non-round amount,P1,,template_formal_email
doc_2076,BRK00207,TRD100409,HDFCBANK,750,1669.64,MORGANSTANLEY-BROKER,2026-08-16,CASH,CASH_FX_INPUT_DIFFERENCE,Cash posted in a different currency / at a stale or incorrect FX rate,P2,,template_terse_note
doc_2077,BRK01339,TRD102732,AXISBANK,250,1185.2,DEUTSCHE-BROKER,2026-08-22,CASH,CASH_FX_INPUT_DIFFERENCE,Cash posted in a different currency / at a stale or incorrect FX rate,P2,,template_whatsapp_style
doc_2078,BRK01197,TRD102444,INFY,1000,1881.51,NOMURA-BROKER,2026-08-07,POSITION,POS_MISSING_BOOKING,Missing upstream booking - position never reflected externally,P0,,template_terse_note
doc_2079,BRK01549,TRD103140,HDFCBANK,1000,1677.52,HDFC-CUST,2026-08-13,CASH,CASH_DUPLICATE_ENTRY,Same cash movement posted twice,P1,,template_terse_note
doc_2080,BRK00182,TRD100367,RELIANCE,750,2858.58,DEUTSCHE-BROKER,2026-08-16,POSITION,POS_MISSING_BOOKING,Missing upstream booking - position never reflected externally,P0,,template_formal_email
doc_2081,BRK02343,TRD104678,RELIANCE,500,2862.02,MORGANSTANLEY-BROKER,2026-08-15,CASH,CASH_FX_INPUT_DIFFERENCE,Cash posted in a different currency / at a stale or incorrect FX rate,P2,,template_scanned_pdf_style
doc_2082,BRK02444,TRD104879,RELIANCE,100,2842.83,ICICI-CUST,2026-08-02,CASH,CASH_MISSING_ENTRY,Expected cash movement never posted,P0,,template_formal_email
doc_2083,BRK01599,TRD103230,ICICIBANK,2000,1244.5,HDFC-CUST,2026-08-17,CASH,CASH_WRONG_AMOUNT,Cash amount posted differs from expected trade value by a non-round amount,P1,,template_terse_note
doc_2084,BRK01303,TRD102660,MARUTI,100,12948.76,NOMURA-BROKER,2026-08-04,CASH,CASH_FX_INPUT_DIFFERENCE,Cash posted in a different currency / at a stale or incorrect FX rate,P2,,template_formal_email
doc_2085,BRK01134,TRD102316,BHARTIARTL,100,1686.1,NOMURA-BROKER,2026-08-06,CASH,CASH_FX_INPUT_DIFFERENCE,Cash posted in a different currency / at a stale or incorrect FX rate,P2,,template_informal_chat_style
doc_2086,BRK02660,TRD105304,AXISBANK,250,1183.8,MORGANSTANLEY-BROKER,2026-08-06,POSITION,POS_WRONG_QUANTITY,Wrong quantity - external position differs by a non-round amount,P1,,template_scanned_pdf_style
doc_2087,BRK02852,TRD105694,TATASTEEL,100,171.87,ICICI-CUST,2026-08-10,POSITION,POS_TIMING_DIFFERENCE,"Timing difference - quantities agree, as-of dates don't (expected to self-resolve)",P2,,template_scanned_pdf_style
doc_2088,BRK00533,TRD101065,MARUTI,200,13031.99,KOTAK-CUST,2026-08-15,POSITION,POS_TIMING_DIFFERENCE,"Timing difference - quantities agree, as-of dates don't (expected to self-resolve)",P2,,template_formal_email
doc_2089,BRK00306,TRD100622,HDFCBANK,1500,1677.66,NOMURA-BROKER,2026-08-04,POSITION,POS_WRONG_QUANTITY,Wrong quantity - external position differs by a non-round amount,P1,,template_formal_email
doc_2090,BRK00545,TRD101095,RELIANCE,750,2850.63,KOTAK-CUST,2026-08-14,POSITION,POS_TIMING_DIFFERENCE,"Timing difference - quantities agree, as-of dates don't (expected to self-resolve)",P2,,template_scanned_pdf_style
doc_2091,BRK00608,TRD101236,LT,1000,3673.2,HDFC-CUST,2026-08-19,CASH,CASH_MISSING_ENTRY,Expected cash movement never posted,P0,,template_informal_chat_style
doc_2092,BRK00541,TRD101085,TATASTEEL,500,173.15,HDFC-CUST,2026-08-16,POSITION,POS_WRONG_QUANTITY,Wrong quantity - external position differs by a non-round amount,P1,,template_scanned_pdf_style
doc_2093,BRK01964,TRD103910,TCS,200,4140.88,ICICI-CUST,2026-08-06,CASH,CASH_DUPLICATE_ENTRY,Same cash movement posted twice,P1,,template_informal_chat_style
doc_2094,BRK01582,TRD103202,TCS,500,4129.71,ICICI-CUST,2026-08-21,CASH,CASH_FX_INPUT_DIFFERENCE,Cash posted in a different currency / at a stale or incorrect FX rate,P2,,template_formal_email
doc_2095,BRK02634,TRD105260,TCS,100,4125.15,KOTAK-CUST,2026-08-08,CASH,CASH_DUPLICATE_ENTRY,Same cash movement posted twice,P1,,template_terse_note
doc_2096,BRK02209,TRD104387,ICICIBANK,750,1245.72,MORGANSTANLEY-BROKER,2026-08-03,POSITION,POS_TIMING_DIFFERENCE,"Timing difference - quantities agree, as-of dates don't (expected to self-resolve)",P2,,template_formal_email
doc_2097,BRK02686,TRD105365,SBIN,2000,847.91,ICICI-CUST,2026-08-09,CASH,CASH_WRONG_AMOUNT,Cash amount posted differs from expected trade value by a non-round amount,P1,,template_formal_email
doc_2098,BRK00742,TRD101499,MARUTI,200,13021.09,DEUTSCHE-BROKER,2026-08-16,CASH,CASH_WRONG_AMOUNT,Cash amount posted differs from expected trade value by a non-round amount,P1,,template_scanned_pdf_style
doc_2099,BRK01604,TRD103237,ICICIBANK,2000,1241.49,NOMURA-BROKER,2026-08-18,CASH,CASH_WRONG_AMOUNT,Cash amount posted differs from expected trade value by a non-round amount,P1,,template_scanned_pdf_style
doc_2100,BRK01721,TRD103448,ICICIBANK,500,1240.27,NOMURA-BROKER,2026-08-14,POSITION,POS_MISSING_BOOKING,Missing upstream booking - position never reflected externally,P0,,template_terse_note
doc_2101,BRK01920,TRD103839,HDFCBANK,2000,1671.02,NOMURA-BROKER,2026-08-09,CASH,CASH_FX_INPUT_DIFFERENCE,Cash posted in a different currency / at a stale or incorrect FX rate,P2,,template_informal_chat_style
doc_2102,BRK01959,TRD103902,BHARTIARTL,1000,1697.18,HDFC-CUST,2026-08-07,CASH,CASH_MISSING_ENTRY,Expected cash movement never posted,P0,,template_formal_email
doc_2103,BRK00237,TRD100465,AXISBANK,100,1179.48,HDFC-CUST,2026-08-06,POSITION,POS_TIMING_DIFFERENCE,"Timing difference - quantities agree, as-of dates don't (expected to self-resolve)",P2,,template_terse_note
doc_2104,BRK01131,TRD102313,HDFCBANK,1500,1679.81,DEUTSCHE-BROKER,2026-08-06,CASH,CASH_MISSING_ENTRY,Expected cash movement never posted,P0,,template_terse_note
doc_2105,BRK01631,TRD103285,SBIN,100,841.68,MORGANSTANLEY-BROKER,2026-08-05,POSITION,POS_WRONG_QUANTITY,Wrong quantity - external position differs by a non-round amount,P1,,template_scanned_pdf_style
doc_2106,BRK00297,TRD100608,AXISBANK,2000,1184.14,NOMURA-BROKER,2026-08-22,POSITION,POS_WRONG_QUANTITY,Wrong quantity - external position differs by a non-round amount,P1,,template_informal_chat_style
doc_2107,BRK02720,TRD105452,ICICIBANK,2000,1240.7,KOTAK-CUST,2026-08-17,CASH,CASH_WRONG_AMOUNT,Cash amount posted differs from expected trade value by a non-round amount,P1,,template_scanned_pdf_style
doc_2108,BRK01465,TRD102974,TATASTEEL,1500,172.39,NOMURA-BROKER,2026-08-20,CASH,CASH_DUPLICATE_ENTRY,Same cash movement posted twice,P1,,template_scanned_pdf_style
doc_2109,BRK02633,TRD105259,TCS,200,4113.46,MORGANSTANLEY-BROKER,2026-08-11,POSITION,POS_TIMING_DIFFERENCE,"Timing difference - quantities agree, as-of dates don't (expected to self-resolve)",P2,,template_scanned_pdf_style
doc_2110,BRK00045,TRD100087,RELIANCE,100,2864.75,HDFC-CUST,2026-08-13,POSITION,POS_MISSING_BOOKING,Missing upstream booking - position never reflected externally,P0,,template_informal_chat_style
doc_2111,BRK02747,TRD105506,TCS,1500,4132.46,DEUTSCHE-BROKER,2026-08-14,POSITION,POS_MISSING_BOOKING,Missing upstream booking - position never reflected externally,P0,,template_informal_chat_style
doc_2112,BRK00687,TRD101398,KOTAKBANK,750,1965.39,HDFC-CUST,2026-08-22,POSITION,POS_TIMING_DIFFERENCE,"Timing difference - quantities agree, as-of dates don't (expected to self-resolve)",P2,,template_whatsapp_style
doc_2113,BRK00590,TRD101188,HINDUNILVR,2000,2745.67,ICICI-CUST,2026-08-02,CASH,CASH_WRONG_AMOUNT,Cash amount posted differs from expected trade value by a non-round amount,P1,,template_formal_email
doc_2114,BRK01480,TRD103004,SBIN,2000,848.14,HDFC-CUST,2026-08-06,CASH,CASH_MISSING_ENTRY,Expected cash movement never posted,P0,,template_informal_chat_style
doc_2115,BRK01252,TRD102570,TATASTEEL,1000,173.05,MORGANSTANLEY-BROKER,2026-08-21,CASH,CASH_WRONG_AMOUNT,Cash amount posted differs from expected trade value by a non-round amount,P1,,template_whatsapp_style
doc_2116,BRK00209,TRD100413,HINDUNILVR,500,2737.63,NOMURA-BROKER,2026-08-20,CASH,CASH_FX_INPUT_DIFFERENCE,Cash posted in a different currency / at a stale or incorrect FX rate,P2,,template_scanned_pdf_style
doc_2117,BRK02471,TRD104934,INFY,500,1890.25,HDFC-CUST,2026-08-07,CASH,CASH_DUPLICATE_ENTRY,Same cash movement posted twice,P1,,template_terse_note
doc_2118,BRK02493,TRD104975,ICICIBANK,500,1244.71,ICICI-CUST,2026-08-13,CASH,CASH_FX_INPUT_DIFFERENCE,Cash posted in a different currency / at a stale or incorrect FX rate,P2,,template_terse_note
doc_2119,BRK02294,TRD104576,TATASTEEL,200,172.26,ICICI-CUST,2026-08-12,CASH,CASH_MISSING_ENTRY,Expected cash movement never posted,P0,,template_whatsapp_style
doc_2120,BRK00583,TRD101177,ITC,2000,466.71,MORGANSTANLEY-BROKER,2026-08-07,POSITION,POS_WRONG_QUANTITY,Wrong quantity - external position differs by a non-round amount,P1,,template_formal_email
doc_2121,BRK01221,TRD102492,LT,1500,3690.41,ICICI-CUST,2026-08-18,CASH,CASH_WRONG_AMOUNT,Cash amount posted differs from expected trade value by a non-round amount,P1,,template_informal_chat_style
doc_2122,BRK02824,TRD105656,KOTAKBANK,200,1949.42,HDFC-CUST,2026-08-08,POSITION,POS_TIMING_DIFFERENCE,"Timing difference - quantities agree, as-of dates don't (expected to self-resolve)",P2,,template_informal_chat_style
doc_2123,BRK01658,TRD103335,HINDUNILVR,750,2743.48,DEUTSCHE-BROKER,2026-08-16,CASH,CASH_DUPLICATE_ENTRY,Same cash movement posted twice,P1,,template_terse_note
doc_2124,BRK01634,TRD103289,INFY,1000,1885.7,ICICI-CUST,2026-08-07,CASH,CASH_DUPLICATE_ENTRY,Same cash movement posted twice,P1,,template_informal_chat_style
doc_2125,BRK00289,TRD100592,HDFCBANK,200,1682.41,HDFC-CUST,2026-08-14,POSITION,POS_TIMING_DIFFERENCE,"Timing difference - quantities agree, as-of dates don't (expected to self-resolve)",P2,,template_informal_chat_style
doc_2126,BRK01613,TRD103251,AXISBANK,250,1184.03,NOMURA-BROKER,2026-08-06,CASH,CASH_WRONG_AMOUNT,Cash amount posted differs from expected trade value by a non-round amount,P1,,template_scanned_pdf_style
doc_2127,BRK01115,TRD102273,TCS,500,4133.61,DEUTSCHE-BROKER,2026-08-10,CASH,CASH_WRONG_AMOUNT,Cash amount posted differs from expected trade value by a non-round amount,P1,,template_formal_email
doc_2128,BRK01558,TRD103154,KOTAKBANK,1500,1951.05,ICICI-CUST,2026-08-12,CASH,CASH_DUPLICATE_ENTRY,Same cash movement posted twice,P1,,template_whatsapp_style
doc_2129,BRK02630,TRD105253,HINDUNILVR,250,2758.55,HDFC-CUST,2026-08-13,POSITION,POS_MISSING_BOOKING,Missing upstream booking - position never reflected externally,P0,,template_formal_email
doc_2130,BRK01645,TRD103312,MARUTI,500,12920.33,MORGANSTANLEY-BROKER,2026-08-15,CASH,CASH_FX_INPUT_DIFFERENCE,Cash posted in a different currency / at a stale or incorrect FX rate,P2,,template_scanned_pdf_style
doc_2131,BRK00770,TRD101556,KOTAKBANK,1000,1949.57,HDFC-CUST,2026-08-22,POSITION,POS_WRONG_QUANTITY,Wrong quantity - external position differs by a non-round amount,P1,,template_scanned_pdf_style
doc_2132,BRK02690,TRD105372,AXISBANK,750,1180.87,KOTAK-CUST,2026-08-13,POSITION,POS_WRONG_QUANTITY,Wrong quantity - external position differs by a non-round amount,P1,,template_informal_chat_style
doc_2133,BRK01709,TRD103424,MARUTI,100,13005.29,ICICI-CUST,2026-08-15,CASH,CASH_WRONG_AMOUNT,Cash amount posted differs from expected trade value by a non-round amount,P1,,template_terse_note
doc_2134,BRK00428,TRD100875,MARUTI,750,13027.47,DEUTSCHE-BROKER,2026-08-09,POSITION,POS_MISSING_BOOKING,Missing upstream booking - position never reflected externally,P0,,template_whatsapp_style
doc_2135,BRK00835,TRD101702,HINDUNILVR,100,2741.23,DEUTSCHE-BROKER,2026-08-21,CASH,CASH_FX_INPUT_DIFFERENCE,Cash posted in a different currency / at a stale or incorrect FX rate,P2,,template_whatsapp_style
doc_2136,BRK00167,TRD100338,BHARTIARTL,250,1688.51,HDFC-CUST,2026-08-10,CASH,CASH_MISSING_ENTRY,Expected cash movement never posted,P0,,template_informal_chat_style
doc_2137,BRK01741,TRD103482,INFY,1500,1883.69,MORGANSTANLEY-BROKER,2026-08-07,POSITION,POS_WRONG_QUANTITY,Wrong quantity - external position differs by a non-round amount,P1,,template_formal_email
doc_2138,BRK02946,TRD105898,WIPRO,1000,609.6,HDFC-CUST,2026-08-09,CASH,CASH_FX_INPUT_DIFFERENCE,Cash posted in a different currency / at a stale or incorrect FX rate,P2,,template_informal_chat_style
doc_2139,BRK01333,TRD102721,RELIANCE,200,2838.79,HDFC-CUST,2026-08-04,CASH,CASH_DUPLICATE_ENTRY,Same cash movement posted twice,P1,,template_formal_email
doc_2140,BRK00761,TRD101536,LT,100,3698.12,NOMURA-BROKER,2026-08-06,CASH,CASH_MISSING_ENTRY,Expected cash movement never posted,P0,,template_whatsapp_style
doc_2141,BRK00755,TRD101525,WIPRO,2000,608.0,ICICI-CUST,2026-08-16,CASH,CASH_WRONG_AMOUNT,Cash amount posted differs from expected trade value by a non-round amount,P1,,template_whatsapp_style
doc_2142,BRK01014,TRD102066,SBIN,100,849.12,NOMURA-BROKER,2026-08-17,POSITION,POS_WRONG_QUANTITY,Wrong quantity - external position differs by a non-round amount,P1,,template_scanned_pdf_style
doc_2143,BRK00032,TRD100064,BHARTIARTL,200,1697.99,MORGANSTANLEY-BROKER,2026-08-12,CASH,CASH_DUPLICATE_ENTRY,Same cash movement posted twice,P1,,template_scanned_pdf_style
doc_2144,BRK02037,TRD104054,HDFCBANK,1500,1681.61,HDFC-CUST,2026-08-13,POSITION,POS_WRONG_QUANTITY,Wrong quantity - external position differs by a non-round amount,P1,,template_terse_note
doc_2145,BRK00796,TRD101617,ITC,200,466.77,MORGANSTANLEY-BROKER,2026-08-02,POSITION,POS_MISSING_BOOKING,Missing upstream booking - position never reflected externally,P0,,template_terse_note
doc_2146,BRK02612,TRD105225,INFY,2000,1881.54,ICICI-CUST,2026-08-15,CASH,CASH_DUPLICATE_ENTRY,Same cash movement posted twice,P1,,template_whatsapp_style
doc_2147,BRK00626,TRD101272,ITC,1000,468.15,DEUTSCHE-BROKER,2026-08-15,CASH,CASH_DUPLICATE_ENTRY,Same cash movement posted twice,P1,,template_whatsapp_style
doc_2148,BRK01753,TRD103510,TCS,1000,4108.39,NOMURA-BROKER,2026-08-18,POSITION,POS_WRONG_QUANTITY,Wrong quantity - external position differs by a non-round amount,P1,,template_terse_note
doc_2149,BRK02627,TRD105245,BHARTIARTL,1500,1687.89,HDFC-CUST,2026-08-03,CASH,CASH_WRONG_AMOUNT,Cash amount posted differs from expected trade value by a non-round amount,P1,,template_formal_email
doc_2150,BRK02034,TRD104048,ICICIBANK,1000,1245.15,NOMURA-BROKER,2026-08-04,CASH,CASH_MISSING_ENTRY,Expected cash movement never posted,P0,,template_terse_note
doc_2151,BRK01241,TRD102547,AXISBANK,250,1174.35,HDFC-CUST,2026-08-05,POSITION,POS_MISSING_BOOKING,Missing upstream booking - position never reflected externally,P0,,template_batch_email
doc_2151,BRK01218,TRD102485,RELIANCE,750,2855.83,KOTAK-CUST,2026-08-03,POSITION,POS_MISSING_BOOKING,Missing upstream booking - position never reflected externally,P0,,template_batch_email
doc_2151,BRK00656,TRD101323,MARUTI,2000,12917.67,DEUTSCHE-BROKER,2026-08-14,CASH,CASH_DUPLICATE_ENTRY,Same cash movement posted twice,P1,,template_batch_email
doc_2151,BRK01335,TRD102723,HDFCBANK,500,1674.78,ICICI-CUST,2026-08-15,CASH,CASH_WRONG_AMOUNT,Cash amount posted differs from expected trade value by a non-round amount,P1,,template_batch_email
doc_2151,BRK01728,TRD103458,WIPRO,250,609.87,MORGANSTANLEY-BROKER,2026-08-17,CASH,CASH_MISSING_ENTRY,Expected cash movement never posted,P0,,template_batch_email
doc_2151,BRK00946,TRD101932,HINDUNILVR,500,2737.73,KOTAK-CUST,2026-08-18,POSITION,POS_MISSING_BOOKING,Missing upstream booking - position never reflected externally,P0,,template_batch_email
doc_2151,BRK02483,TRD104959,TCS,2000,4102.54,HDFC-CUST,2026-08-17,POSITION,POS_MISSING_BOOKING,Missing upstream booking - position never reflected externally,P0,,template_batch_email
doc_2151,BRK00453,TRD100918,BHARTIARTL,100,1692.64,ICICI-CUST,2026-08-22,CASH,CASH_DUPLICATE_ENTRY,Same cash movement posted twice,P1,,template_batch_email
doc_2152,BRK00057,TRD100114,AXISBANK,200,1185.53,NOMURA-BROKER,2026-08-08,CASH,CASH_DUPLICATE_ENTRY,Same cash movement posted twice,P1,,template_batch_email
doc_2152,BRK02157,TRD104285,TATASTEEL,750,171.84,KOTAK-CUST,2026-08-18,CASH,CASH_WRONG_AMOUNT,Cash amount posted differs from expected trade value by a non-round amount,P1,,template_batch_email
doc_2152,BRK02813,TRD105639,AXISBANK,500,1177.51,MORGANSTANLEY-BROKER,2026-08-15,CASH,CASH_FX_INPUT_DIFFERENCE,Cash posted in a different currency / at a stale or incorrect FX rate,P2,,template_batch_email
doc_2152,BRK02554,TRD105104,KOTAKBANK,1000,1953.0,MORGANSTANLEY-BROKER,2026-08-16,POSITION,POS_MISSING_BOOKING,Missing upstream booking - position never reflected externally,P0,,template_batch_email
doc_2152,BRK01749,TRD103496,SBIN,1000,843.25,KOTAK-CUST,2026-08-15,CASH,CASH_WRONG_AMOUNT,Cash amount posted differs from expected trade value by a non-round amount,P1,,template_batch_email
doc_2152,BRK02480,TRD104952,TCS,750,4134.3,NOMURA-BROKER,2026-08-20,POSITION,POS_WRONG_QUANTITY,Wrong quantity - external position differs by a non-round amount,P1,,template_batch_email
doc_2152,BRK02640,TRD105270,HINDUNILVR,200,2758.81,NOMURA-BROKER,2026-08-13,POSITION,POS_WRONG_QUANTITY,Wrong quantity - external position differs by a non-round amount,P1,,template_batch_email
doc_2152,BRK02112,TRD104192,TATASTEEL,100,173.25,DEUTSCHE-BROKER,2026-08-09,CASH,CASH_WRONG_AMOUNT,Cash amount posted differs from expected trade value by a non-round amount,P1,,template_batch_email
doc_2152,BRK01939,TRD103869,BHARTIARTL,750,1693.78,MORGANSTANLEY-BROKER,2026-08-04,POSITION,POS_TIMING_DIFFERENCE,"Timing difference - quantities agree, as-of dates don't (expected to self-resolve)",P2,,template_batch_email
doc_2152,BRK02897,TRD105802,BHARTIARTL,500,1688.51,NOMURA-BROKER,2026-08-15,POSITION,POS_TIMING_DIFFERENCE,"Timing difference - quantities agree, as-of dates don't (expected to self-resolve)",P2,,template_batch_email
doc_2153,BRK02809,TRD105631,KOTAKBANK,750,1963.04,DEUTSCHE-BROKER,2026-08-15,CASH,CASH_DUPLICATE_ENTRY,Same cash movement posted twice,P1,,template_batch_email
doc_2153,BRK00785,TRD101598,SBIN,500,848.26,MORGANSTANLEY-BROKER,2026-08-18,CASH,CASH_DUPLICATE_ENTRY,Same cash movement posted twice,P1,,template_batch_email
doc_2153,BRK00839,TRD101713,TCS,100,4107.74,DEUTSCHE-BROKER,2026-08-18,CASH,CASH_FX_INPUT_DIFFERENCE,Cash posted in a different currency / at a stale or incorrect FX rate,P2,,template_batch_email
doc_2153,BRK01043,TRD102132,RELIANCE,250,2859.23,HDFC-CUST,2026-08-05,POSITION,POS_WRONG_QUANTITY,Wrong quantity - external position differs by a non-round amount,P1,,template_batch_email
doc_2153,BRK01699,TRD103406,TATASTEEL,500,172.89,MORGANSTANLEY-BROKER,2026-08-20,POSITION,POS_WRONG_QUANTITY,Wrong quantity - external position differs by a non-round amount,P1,,template_batch_email
doc_2153,BRK02265,TRD104506,LT,100,3695.46,DEUTSCHE-BROKER,2026-08-22,POSITION,POS_TIMING_DIFFERENCE,"Timing difference - quantities agree, as-of dates don't (expected to self-resolve)",P2,,template_batch_email
doc_2154,BRK02332,TRD104657,TCS,500,4108.45,MORGANSTANLEY-BROKER,2026-08-18,CASH,CASH_FX_INPUT_DIFFERENCE,Cash posted in a different currency / at a stale or incorrect FX rate,P2,,template_batch_email
doc_2154,BRK00764,TRD101543,TCS,200,4103.84,MORGANSTANLEY-BROKER,2026-08-02,POSITION,POS_MISSING_BOOKING,Missing upstream booking - position never reflected externally,P0,,template_batch_email
doc_2154,BRK01444,TRD102924,HINDUNILVR,1000,2747.68,KOTAK-CUST,2026-08-14,POSITION,POS_TIMING_DIFFERENCE,"Timing difference - quantities agree, as-of dates don't (expected to self-resolve)",P2,,template_batch_email
doc_2154,BRK02339,TRD104671,KOTAKBANK,100,1954.96,NOMURA-BROKER,2026-08-21,POSITION,POS_MISSING_BOOKING,Missing upstream booking - position never reflected externally,P0,,template_batch_email
doc_2154,BRK02945,TRD105896,TCS,500,4110.83,NOMURA-BROKER,2026-08-12,CASH,CASH_DUPLICATE_ENTRY,Same cash movement posted twice,P1,,template_batch_email
doc_2155,BRK01225,TRD102505,TCS,250,4117.72,ICICI-CUST,2026-08-02,CASH,CASH_WRONG_AMOUNT,Cash amount posted differs from expected trade value by a non-round amount,P1,,template_batch_email
doc_2155,BRK01488,TRD103023,HDFCBANK,250,1675.54,MORGANSTANLEY-BROKER,2026-08-06,POSITION,POS_TIMING_DIFFERENCE,"Timing difference - quantities agree, as-of dates don't (expected to self-resolve)",P2,,template_batch_email
doc_2155,BRK01328,TRD102707,LT,2000,3686.57,KOTAK-CUST,2026-08-20,CASH,CASH_DUPLICATE_ENTRY,Same cash movement posted twice,P1,,template_batch_email
doc_2155,BRK02408,TRD104816,ITC,750,468.21,KOTAK-CUST,2026-08-17,CASH,CASH_MISSING_ENTRY,Expected cash movement never posted,P0,,template_batch_email
doc_2155,BRK01874,TRD103732,ICICIBANK,1500,1243.67,KOTAK-CUST,2026-08-04,CASH,CASH_MISSING_ENTRY,Expected cash movement never posted,P0,,template_batch_email
doc_2156,BRK00487,TRD100982,INFY,100,1899.19,MORGANSTANLEY-BROKER,2026-08-19,CASH,CASH_DUPLICATE_ENTRY,Same cash movement posted twice,P1,,template_batch_email
doc_2156,BRK01921,TRD103840,SBIN,1000,846.04,DEUTSCHE-BROKER,2026-08-13,POSITION,POS_TIMING_DIFFERENCE,"Timing difference - quantities agree, as-of dates don't (expected to self-resolve)",P2,,template_batch_email
doc_2156,BRK01136,TRD102322,SBIN,2000,844.31,KOTAK-CUST,2026-08-12,CASH,CASH_DUPLICATE_ENTRY,Same cash movement posted twice,P1,,template_batch_email
doc_2156,BRK00358,TRD100726,INFY,1500,1896.51,KOTAK-CUST,2026-08-09,POSITION,POS_WRONG_QUANTITY,Wrong quantity - external position differs by a non-round amount,P1,,template_batch_email
doc_2156,BRK02360,TRD104719,BHARTIARTL,100,1695.4,MORGANSTANLEY-BROKER,2026-08-06,POSITION,POS_WRONG_QUANTITY,Wrong quantity - external position differs by a non-round amount,P1,,template_batch_email
doc_2156,BRK00442,TRD100902,HINDUNILVR,500,2752.03,HDFC-CUST,2026-08-20,CASH,CASH_MISSING_ENTRY,Expected cash movement never posted,P0,,template_batch_email
doc_2156,BRK00488,TRD100983,ITC,750,471.1,NOMURA-BROKER,2026-08-20,POSITION,POS_TIMING_DIFFERENCE,"Timing difference - quantities agree, as-of dates don't (expected to self-resolve)",P2,,template_batch_email
doc_2157,BRK02010,TRD103999,SBIN,200,845.89,ICICI-CUST,2026-08-16,CASH,CASH_FX_INPUT_DIFFERENCE,Cash posted in a different currency / at a stale or incorrect FX rate,P2,,template_batch_email
doc_2157,BRK01481,TRD103012,TCS,500,4138.66,KOTAK-CUST,2026-08-19,POSITION,POS_TIMING_DIFFERENCE,"Timing difference - quantities agree, as-of dates don't (expected to self-resolve)",P2,,template_batch_email
doc_2157,BRK01362,TRD102773,LT,200,3692.76,HDFC-CUST,2026-08-13,POSITION,POS_MISSING_BOOKING,Missing upstream booking - position never reflected externally,P0,,template_batch_email
doc_2157,BRK02183,TRD104345,MARUTI,1000,13020.24,DEUTSCHE-BROKER,2026-08-11,POSITION,POS_TIMING_DIFFERENCE,"Timing difference - quantities agree, as-of dates don't (expected to self-resolve)",P2,,template_batch_email
doc_2157,BRK01718,TRD103445,SBIN,100,848.43,MORGANSTANLEY-BROKER,2026-08-03,POSITION,POS_TIMING_DIFFERENCE,"Timing difference - quantities agree, as-of dates don't (expected to self-resolve)",P2,,template_batch_email
doc_2157,BRK02730,TRD105473,RELIANCE,750,2857.01,KOTAK-CUST,2026-08-14,CASH,CASH_FX_INPUT_DIFFERENCE,Cash posted in a different currency / at a stale or incorrect FX rate,P2,,template_batch_email
doc_2157,BRK01174,TRD102395,TATASTEEL,200,172.21,KOTAK-CUST,2026-08-05,POSITION,POS_TIMING_DIFFERENCE,"Timing difference - quantities agree, as-of dates don't (expected to self-resolve)",P2,,template_batch_email
doc_2158,BRK00950,TRD101940,KOTAKBANK,750,1951.69,ICICI-CUST,2026-08-13,CASH,CASH_DUPLICATE_ENTRY,Same cash movement posted twice,P1,,template_batch_email
doc_2158,BRK00231,TRD100454,INFY,100,1891.3,DEUTSCHE-BROKER,2026-08-22,CASH,CASH_MISSING_ENTRY,Expected cash movement never posted,P0,,template_batch_email
doc_2158,BRK01761,TRD103529,LT,2000,3668.87,ICICI-CUST,2026-08-16,POSITION,POS_WRONG_QUANTITY,Wrong quantity - external position differs by a non-round amount,P1,,template_batch_email
doc_2158,BRK01516,TRD103080,HDFCBANK,1500,1669.98,ICICI-CUST,2026-08-05,CASH,CASH_DUPLICATE_ENTRY,Same cash movement posted twice,P1,,template_batch_email
doc_2158,BRK02489,TRD104968,BHARTIARTL,100,1695.25,NOMURA-BROKER,2026-08-21,POSITION,POS_MISSING_BOOKING,Missing upstream booking - position never reflected externally,P0,,template_batch_email
doc_2158,BRK02546,TRD105091,MARUTI,750,12926.69,MORGANSTANLEY-BROKER,2026-08-10,POSITION,POS_WRONG_QUANTITY,Wrong quantity - external position differs by a non-round amount,P1,,template_batch_email
doc_2159,BRK02749,TRD105510,KOTAKBANK,2000,1956.44,HDFC-CUST,2026-08-12,CASH,CASH_DUPLICATE_ENTRY,Same cash movement posted twice,P1,,template_batch_email
doc_2159,BRK01024,TRD102086,INFY,100,1889.71,ICICI-CUST,2026-08-05,CASH,CASH_WRONG_AMOUNT,Cash amount posted differs from expected trade value by a non-round amount,P1,,template_batch_email
doc_2159,BRK02939,TRD105886,LT,2000,3665.83,HDFC-CUST,2026-08-22,POSITION,POS_WRONG_QUANTITY,Wrong quantity - external position differs by a non-round amount,P1,,template_batch_email
doc_2159,BRK01862,TRD103709,INFY,250,1882.3,DEUTSCHE-BROKER,2026-08-05,CASH,CASH_FX_INPUT_DIFFERENCE,Cash posted in a different currency / at a stale or incorrect FX rate,P2,,template_batch_email
doc_2159,BRK02308,TRD104602,LT,200,3693.84,ICICI-CUST,2026-08-05,CASH,CASH_DUPLICATE_ENTRY,Same cash movement posted twice,P1,,template_batch_email
doc_2159,BRK00484,TRD100977,ITC,250,469.46,NOMURA-BROKER,2026-08-07,CASH,CASH_WRONG_AMOUNT,Cash amount posted differs from expected trade value by a non-round amount,P1,,template_batch_email
doc_2160,BRK00125,TRD100255,BHARTIARTL,1000,1692.93,ICICI-CUST,2026-08-09,POSITION,POS_MISSING_BOOKING,Missing upstream booking - position never reflected externally,P0,,template_batch_email
doc_2160,BRK00376,TRD100763,LT,1000,3692.84,NOMURA-BROKER,2026-08-15,CASH,CASH_DUPLICATE_ENTRY,Same cash movement posted twice,P1,,template_batch_email
