cash_id,trade_id,account,currency,amount,expected_amount,value_date,transaction_type,status,split
1,TRD100000,ACC-EQ-CORE-02,INR,354246.62,389282.0,2026-08-10,SETTLEMENT,MATCHED,TRAIN
2,TRD100001,ACC-EQ-INDEX-04,INR,122286.0,122286.0,2026-08-19,SETTLEMENT,MATCHED,TRAIN
3,TRD100002,ACC-EQ-CORE-01,INR,568496.0,568496.0,2026-08-18,SETTLEMENT,MATCHED,TEST
4,TRD100003,ACC-EQ-CORE-01,INR,912960.0,912960.0,2026-08-20,SETTLEMENT,MATCHED,TRAIN
5,TRD100004,ACC-EQ-ALPHA-03,GBP,978038.85,914055.0,2026-08-06,SETTLEMENT,MATCHED,TEST
6,TRD100005,ACC-EQ-ALPHA-03,INR,6156195.0,6156195.0,2026-08-13,SETTLEMENT,MATCHED,TEST
7,TRD100006,ACC-EQ-ALPHA-03,INR,1221140.0,1221140.0,2026-08-14,SETTLEMENT,MATCHED,TRAIN
8,TRD100007,ACC-EQ-CORE-02,INR,591330.0,591330.0,2026-08-03,SETTLEMENT,MATCHED,TRAIN
9,TRD100008,ACC-EQ-INDEX-04,INR,2067925.0,2067925.0,2026-08-14,SETTLEMENT,MATCHED,TEST
10,TRD100009,ACC-EQ-CORE-01,INR,1887560.0,1887560.0,2026-08-10,SETTLEMENT,MATCHED,TRAIN
11,TRD100010,ACC-EQ-CORE-02,INR,1833880.0,1833880.0,2026-08-14,SETTLEMENT,MATCHED,TRAIN
12,TRD100011,ACC-EQ-INDEX-04,INR,1294483.0,1294483.0,2026-08-03,SETTLEMENT,MATCHED,TRAIN
13,TRD100012,ACC-EQ-ALPHA-03,INR,2068885.0,2068885.0,2026-08-20,SETTLEMENT,MATCHED,TRAIN
14,TRD100013,ACC-EQ-CORE-02,INR,3907320.0,3907320.0,2026-08-22,SETTLEMENT,MATCHED,TEST
15,TRD100014,ACC-EQ-INDEX-04,INR,947465.0,947465.0,2026-08-19,SETTLEMENT,MATCHED,TRAIN
16,TRD100015,ACC-EQ-INDEX-04,INR,424905.0,424905.0,2026-08-06,SETTLEMENT,MATCHED,TRAIN
17,TRD100016,ACC-EQ-CORE-02,INR,275551.0,275551.0,2026-08-06,SETTLEMENT,MATCHED,TEST
18,TRD100017,ACC-EQ-ALPHA-03,INR,235778.0,235778.0,2026-08-21,SETTLEMENT,MATCHED,TEST
19,TRD100018,ACC-EQ-ALPHA-03,INR,391850.0,391850.0,2026-08-19,SETTLEMENT,MATCHED,TRAIN
20,TRD100019,ACC-EQ-ALPHA-03,INR,1854840.0,1854840.0,2026-08-02,SETTLEMENT,MATCHED,TRAIN
21,TRD100020,ACC-EQ-CORE-02,INR,738758.0,738758.0,2026-08-11,SETTLEMENT,MATCHED,TRAIN
22,TRD100021,ACC-EQ-ALPHA-03,INR,211482.5,211482.5,2026-08-18,SETTLEMENT,MATCHED,TRAIN
23,TRD100022,ACC-EQ-CORE-01,INR,572546.0,572546.0,2026-08-11,SETTLEMENT,MATCHED,TRAIN
24,TRD100023,ACC-EQ-CORE-02,INR,34348.0,34348.0,2026-08-17,SETTLEMENT,MATCHED,TRAIN
25,TRD100024,ACC-EQ-INDEX-04,INR,3928880.0,3928880.0,2026-08-07,SETTLEMENT,MATCHED,TEST
26,TRD100025,ACC-EQ-ALPHA-03,INR,86410.0,86410.0,2026-08-14,SETTLEMENT,MATCHED,TEST
27,TRD100026,ACC-EQ-ALPHA-03,INR,343600.0,343600.0,2026-08-09,SETTLEMENT,MATCHED,TRAIN
28,TRD100027,ACC-EQ-CORE-01,INR,590645.0,590645.0,2026-08-02,SETTLEMENT,MATCHED,TRAIN
29,TRD100028,ACC-EQ-CORE-02,INR,413557.0,413557.0,2026-08-04,SETTLEMENT,MATCHED,TEST
30,TRD100029,ACC-EQ-INDEX-04,INR,3900220.0,3900220.0,2026-08-06,SETTLEMENT,MATCHED,TRAIN
31,TRD100030,ACC-EQ-CORE-01,INR,5508080.0,5508080.0,2026-08-08,SETTLEMENT,MATCHED,TRAIN
32,TRD100031,ACC-EQ-CORE-01,INR,1267275.0,1267275.0,2026-08-03,SETTLEMENT,MATCHED,TRAIN
33,TRD100032,ACC-EQ-CORE-02,INR,1695480.0,1695480.0,2026-08-05,SETTLEMENT,MATCHED,TRAIN
34,TRD100033,ACC-EQ-INDEX-04,INR,7333820.0,7333820.0,2026-08-07,SETTLEMENT,MATCHED,TRAIN
35,TRD100034,ACC-EQ-CORE-01,INR,2594524.0,2594524.0,2026-08-19,SETTLEMENT,MATCHED,TRAIN
36,TRD100035,ACC-EQ-CORE-02,INR,2053500.0,2053500.0,2026-08-17,SETTLEMENT,MATCHED,TRAIN
37,TRD100036,ACC-EQ-ALPHA-03,INR,17187.0,17187.0,2026-08-02,SETTLEMENT,MATCHED,TEST
38,TRD100037,ACC-EQ-INDEX-04,INR,1864860.0,1864860.0,2026-08-19,SETTLEMENT,MATCHED,TEST
39,TRD100038,ACC-EQ-CORE-01,INR,1252852.5,1252852.5,2026-08-03,SETTLEMENT,MATCHED,TRAIN
40,TRD100039,ACC-EQ-CORE-02,INR,316671.9,285290.0,2026-08-18,SETTLEMENT,MATCHED,TRAIN
41,TRD100040,ACC-EQ-CORE-01,INR,738616.0,738616.0,2026-08-04,SETTLEMENT,MATCHED,TRAIN
42,TRD100041,ACC-EQ-CORE-01,INR,339572.0,339572.0,2026-08-20,SETTLEMENT,MATCHED,TRAIN
43,TRD100042,ACC-EQ-ALPHA-03,INR,1697750.0,1697750.0,2026-08-08,SETTLEMENT,MATCHED,TRAIN
44,TRD100043,ACC-EQ-INDEX-04,INR,1854330.0,1854330.0,2026-08-22,SETTLEMENT,MATCHED,TRAIN
45,TRD100044,ACC-EQ-CORE-01,INR,34320.0,34320.0,2026-08-21,SETTLEMENT,MATCHED,TRAIN
46,TRD100045,ACC-EQ-CORE-01,INR,1840185.0,1840185.0,2026-08-06,SETTLEMENT,MATCHED,TEST
47,TRD100046,ACC-EQ-ALPHA-03,INR,632032.5,632032.5,2026-08-19,SETTLEMENT,MATCHED,TEST
48,TRD100047,ACC-EQ-ALPHA-03,INR,1473105.0,1473105.0,2026-08-05,SETTLEMENT,MATCHED,TRAIN
49,TRD100048,ACC-EQ-ALPHA-03,INR,34574.0,34574.0,2026-08-06,SETTLEMENT,MATCHED,TRAIN
50,TRD100048,ACC-EQ-ALPHA-03,INR,34574.0,34574.0,2026-08-06,SETTLEMENT,MATCHED,TRAIN
51,TRD100049,ACC-EQ-INDEX-04,INR,608540.0,608540.0,2026-08-22,SETTLEMENT,MATCHED,TRAIN
52,TRD100050,ACC-EQ-CORE-01,INR,17175.0,17175.0,2026-08-15,SETTLEMENT,MATCHED,TRAIN
53,TRD100051,ACC-EQ-INDEX-04,INR,211690.0,211690.0,2026-08-10,SETTLEMENT,MATCHED,TRAIN
54,TRD100052,ACC-EQ-CORE-01,INR,366587.0,366587.0,2026-08-06,SETTLEMENT,MATCHED,TRAIN
55,TRD100053,ACC-EQ-ALPHA-03,INR,294855.0,294855.0,2026-08-03,SETTLEMENT,MATCHED,TRAIN
56,TRD100054,ACC-EQ-CORE-01,INR,171950.0,171950.0,2026-08-09,SETTLEMENT,MATCHED,TRAIN
57,TRD100055,ACC-EQ-CORE-02,INR,4137915.0,4137915.0,2026-08-06,SETTLEMENT,MATCHED,TRAIN
58,TRD100056,ACC-EQ-CORE-02,INR,285763.95,257445.0,2026-08-12,SETTLEMENT,MATCHED,TEST
59,TRD100057,ACC-EQ-CORE-02,INR,377616.0,377616.0,2026-08-03,SETTLEMENT,MATCHED,TRAIN
60,TRD100058,ACC-EQ-CORE-01,INR,25920980.0,25920980.0,2026-08-09,SETTLEMENT,MATCHED,TRAIN
61,TRD100059,ACC-EQ-ALPHA-03,INR,1686660.0,1686660.0,2026-08-04,SETTLEMENT,MATCHED,TRAIN
62,TRD100060,ACC-EQ-CORE-02,INR,1964290.0,1964290.0,2026-08-05,SETTLEMENT,MATCHED,TRAIN
63,TRD100061,ACC-EQ-ALPHA-03,INR,570650.0,570650.0,2026-08-13,SETTLEMENT,MATCHED,TRAIN
64,TRD100062,ACC-EQ-ALPHA-03,INR,235780.0,235780.0,2026-08-20,SETTLEMENT,MATCHED,TRAIN
65,TRD100063,ACC-EQ-CORE-02,INR,910965.0,910965.0,2026-08-19,SETTLEMENT,MATCHED,TRAIN
66,TRD100064,ACC-EQ-ALPHA-03,INR,339598.0,339598.0,2026-08-12,SETTLEMENT,MATCHED,TRAIN
67,TRD100064,ACC-EQ-ALPHA-03,INR,339598.0,339598.0,2026-08-12,SETTLEMENT,MATCHED,TRAIN
68,TRD100065,ACC-EQ-INDEX-04,INR,457792.5,457792.5,2026-08-15,SETTLEMENT,MATCHED,TRAIN
69,TRD100066,ACC-EQ-CORE-02,INR,917202.5,917202.5,2026-08-14,SETTLEMENT,MATCHED,TRAIN
70,TRD100067,ACC-EQ-ALPHA-03,INR,200762.52,168708.0,2026-08-08,SETTLEMENT,MATCHED,TRAIN
71,TRD100068,ACC-EQ-CORE-02,INR,939440.0,939440.0,2026-08-18,SETTLEMENT,MATCHED,TRAIN
72,TRD100069,ACC-EQ-ALPHA-03,INR,1235750.0,1235750.0,2026-08-09,SETTLEMENT,MATCHED,TRAIN
73,TRD100070,ACC-EQ-INDEX-04,INR,1367960.0,1367960.0,2026-08-03,SETTLEMENT,MATCHED,TEST
74,TRD100071,ACC-EQ-INDEX-04,INR,706065.0,706065.0,2026-08-20,SETTLEMENT,MATCHED,TRAIN
75,TRD100072,ACC-EQ-INDEX-04,INR,842220.0,842220.0,2026-08-02,SETTLEMENT,MATCHED,TRAIN
76,TRD100073,ACC-EQ-INDEX-04,INR,3763600.0,3763600.0,2026-08-09,SETTLEMENT,MATCHED,TRAIN
77,TRD100074,ACC-EQ-ALPHA-03,INR,5500400.0,5500400.0,2026-08-19,SETTLEMENT,MATCHED,TRAIN
78,TRD100075,ACC-EQ-CORE-02,INR,1776225.0,1776225.0,2026-08-19,SETTLEMENT,MATCHED,TEST
79,TRD100076,ACC-EQ-INDEX-04,INR,352560.0,352560.0,2026-08-22,SETTLEMENT,MATCHED,TEST
80,TRD100077,ACC-EQ-ALPHA-03,INR,2471120.0,2471120.0,2026-08-11,SETTLEMENT,MATCHED,TRAIN
81,TRD100078,ACC-EQ-CORE-02,INR,168508.0,168508.0,2026-08-09,SETTLEMENT,MATCHED,TEST
82,TRD100079,ACC-EQ-INDEX-04,INR,6175410.0,6175410.0,2026-08-19,SETTLEMENT,MATCHED,TRAIN
84,TRD100081,ACC-EQ-INDEX-04,INR,47098.0,47098.0,2026-08-11,SETTLEMENT,MATCHED,TRAIN
85,TRD100082,ACC-EQ-INDEX-04,INR,233920.0,233920.0,2026-08-17,SETTLEMENT,MATCHED,TRAIN
86,TRD100083,ACC-EQ-CORE-01,INR,2940120.0,2940120.0,2026-08-16,SETTLEMENT,MATCHED,TRAIN
87,TRD100084,ACC-EQ-INDEX-04,INR,117534.0,117534.0,2026-08-15,SETTLEMENT,MATCHED,TRAIN
88,TRD100085,ACC-EQ-ALPHA-03,INR,2135287.5,2135287.5,2026-08-08,SETTLEMENT,MATCHED,TEST
89,TRD100086,ACC-EQ-CORE-01,INR,4109265.0,4109265.0,2026-08-15,SETTLEMENT,MATCHED,TRAIN
90,TRD100087,ACC-EQ-CORE-01,INR,286475.0,286475.0,2026-08-13,SETTLEMENT,MATCHED,TRAIN
92,TRD100089,ACC-EQ-INDEX-04,INR,3787000.0,3787000.0,2026-08-20,SETTLEMENT,MATCHED,TRAIN
93,TRD100090,ACC-EQ-CORE-01,INR,2736480.0,2736480.0,2026-08-21,SETTLEMENT,MATCHED,TRAIN
94,TRD100091,ACC-EQ-INDEX-04,INR,248356.0,248356.0,2026-08-11,SETTLEMENT,MATCHED,TRAIN
95,TRD100092,ACC-EQ-CORE-01,INR,303880.0,303880.0,2026-08-22,SETTLEMENT,MATCHED,TRAIN
96,TRD100093,ACC-EQ-ALPHA-03,INR,2603690.0,2603690.0,2026-08-20,SETTLEMENT,MATCHED,TRAIN
97,TRD100094,ACC-EQ-CORE-01,INR,1947270.0,1947270.0,2026-08-22,SETTLEMENT,MATCHED,TEST
98,TRD100095,ACC-EQ-INDEX-04,INR,25857600.0,25857600.0,2026-08-13,SETTLEMENT,MATCHED,TRAIN
99,TRD100096,ACC-EQ-INDEX-04,INR,423587.5,423587.5,2026-08-22,SETTLEMENT,MATCHED,TRAIN
100,TRD100097,ACC-EQ-ALPHA-03,INR,1265550.0,1265550.0,2026-08-09,SETTLEMENT,MATCHED,TRAIN
101,TRD100098,ACC-EQ-CORE-01,INR,3352740.0,3352740.0,2026-08-14,SETTLEMENT,MATCHED,TRAIN
102,TRD100099,ACC-EQ-ALPHA-03,INR,12938700.0,12938700.0,2026-08-08,SETTLEMENT,MATCHED,TRAIN
103,TRD100100,ACC-EQ-CORE-01,INR,931117.5,931117.5,2026-08-18,SETTLEMENT,MATCHED,TRAIN
104,TRD100101,ACC-EQ-INDEX-04,INR,915420.0,915420.0,2026-08-09,SETTLEMENT,MATCHED,TRAIN
105,TRD100102,ACC-EQ-CORE-02,INR,46699.0,46699.0,2026-08-09,SETTLEMENT,MATCHED,TRAIN
106,TRD100103,ACC-EQ-INDEX-04,INR,1955180.0,1955180.0,2026-08-18,SETTLEMENT,MATCHED,TRAIN
107,TRD100104,ACC-EQ-CORE-01,INR,1687320.0,1687320.0,2026-08-10,SETTLEMENT,MATCHED,TRAIN
108,TRD100105,ACC-EQ-CORE-02,INR,169530.0,169530.0,2026-08-07,SETTLEMENT,MATCHED,TEST
109,TRD100106,ACC-EQ-CORE-02,INR,935070.0,935070.0,2026-08-08,SETTLEMENT,MATCHED,TEST
110,TRD100107,ACC-EQ-ALPHA-03,INR,1410840.0,1410840.0,2026-08-19,SETTLEMENT,MATCHED,TRAIN
111,TRD100108,ACC-EQ-INDEX-04,INR,2142097.5,2142097.5,2026-08-06,SETTLEMENT,MATCHED,TRAIN
112,TRD100109,ACC-EQ-INDEX-04,INR,1298961.0,1298961.0,2026-08-17,SETTLEMENT,MATCHED,TRAIN
113,TRD100110,ACC-EQ-CORE-01,INR,188562.0,188562.0,2026-08-17,SETTLEMENT,MATCHED,TRAIN
114,TRD100111,ACC-EQ-CORE-02,INR,93852.0,93852.0,2026-08-03,SETTLEMENT,MATCHED,TRAIN
115,TRD100112,ACC-EQ-CORE-02,INR,2052515.0,2052515.0,2026-08-15,SETTLEMENT,MATCHED,TRAIN
116,TRD100113,ACC-EQ-ALPHA-03,INR,935900.0,935900.0,2026-08-20,SETTLEMENT,MATCHED,TRAIN
117,TRD100114,ACC-EQ-CORE-02,INR,237106.0,237106.0,2026-08-08,SETTLEMENT,MATCHED,TEST
118,TRD100114,ACC-EQ-CORE-02,INR,237106.0,237106.0,2026-08-08,SETTLEMENT,MATCHED,TEST
119,TRD100115,ACC-EQ-CORE-01,INR,389798.0,389798.0,2026-08-07,SETTLEMENT,MATCHED,TRAIN
120,TRD100116,ACC-EQ-ALPHA-03,INR,4273635.0,4273635.0,2026-08-21,SETTLEMENT,MATCHED,TRAIN
121,TRD100117,ACC-EQ-CORE-02,INR,1259002.5,1259002.5,2026-08-16,SETTLEMENT,MATCHED,TEST
122,TRD100118,ACC-EQ-CORE-02,INR,1371770.0,1371770.0,2026-08-19,SETTLEMENT,MATCHED,TRAIN
123,TRD100119,ACC-EQ-ALPHA-03,INR,3231092.5,3231092.5,2026-08-07,SETTLEMENT,MATCHED,TRAIN
124,TRD100120,ACC-EQ-INDEX-04,INR,8257040.0,8257040.0,2026-08-14,SETTLEMENT,MATCHED,TRAIN
125,TRD100121,ACC-EQ-ALPHA-03,INR,413680.0,413680.0,2026-08-12,SETTLEMENT,MATCHED,TRAIN
126,TRD100122,ACC-EQ-CORE-01,INR,2069890.0,2069890.0,2026-08-20,SETTLEMENT,MATCHED,TEST
127,TRD100123,ACC-EQ-INDEX-04,INR,118336.0,118336.0,2026-08-07,SETTLEMENT,MATCHED,TEST
128,TRD100124,ACC-EQ-INDEX-04,INR,2839275.0,2839275.0,2026-08-17,SETTLEMENT,MATCHED,TRAIN
129,TRD100125,ACC-EQ-ALPHA-03,INR,1383651.6,1687380.0,2026-08-05,SETTLEMENT,MATCHED,TRAIN
130,TRD100126,ACC-EQ-CORE-01,INR,1218120.0,1218120.0,2026-08-14,SETTLEMENT,MATCHED,TEST
131,TRD100127,ACC-EQ-CORE-01,INR,4110550.0,4110550.0,2026-08-05,SETTLEMENT,MATCHED,TRAIN
132,TRD100128,ACC-EQ-INDEX-04,INR,168512.0,168512.0,2026-08-13,SETTLEMENT,MATCHED,TRAIN
133,TRD100129,ACC-EQ-ALPHA-03,INR,273746.0,273746.0,2026-08-19,SETTLEMENT,MATCHED,TRAIN
134,TRD100130,ACC-EQ-CORE-02,INR,343600.0,343600.0,2026-08-22,SETTLEMENT,MATCHED,TRAIN
135,TRD100131,ACC-EQ-CORE-01,INR,124145.0,124145.0,2026-08-04,SETTLEMENT,MATCHED,TEST
136,TRD100132,ACC-EQ-ALPHA-03,INR,1030170.0,1030170.0,2026-08-11,SETTLEMENT,MATCHED,TEST
137,TRD100133,ACC-EQ-CORE-02,INR,26084680.0,26084680.0,2026-08-09,SETTLEMENT,MATCHED,TEST
138,TRD100134,ACC-EQ-ALPHA-03,EUR,435036.37,420325.0,2026-08-10,SETTLEMENT,MATCHED,TRAIN
139,TRD100135,ACC-EQ-INDEX-04,INR,1295181.0,1295181.0,2026-08-11,SETTLEMENT,MATCHED,TRAIN
140,TRD100136,ACC-EQ-INDEX-04,INR,936340.0,936340.0,2026-08-19,SETTLEMENT,MATCHED,TEST
141,TRD100137,ACC-EQ-INDEX-04,INR,173090.0,173090.0,2026-08-09,SETTLEMENT,MATCHED,TRAIN
142,TRD100138,ACC-EQ-INDEX-04,INR,19381155.0,19381155.0,2026-08-17,SETTLEMENT,MATCHED,TRAIN
143,TRD100139,ACC-EQ-ALPHA-03,INR,488902.5,488902.5,2026-08-03,SETTLEMENT,MATCHED,TRAIN
144,TRD100140,ACC-EQ-CORE-02,INR,25856080.0,25856080.0,2026-08-16,SETTLEMENT,MATCHED,TRAIN
145,TRD100141,ACC-EQ-INDEX-04,INR,3231202.5,3231202.5,2026-08-10,SETTLEMENT,MATCHED,TRAIN
146,TRD100142,ACC-EQ-ALPHA-03,INR,11853414.3,13025730.0,2026-08-19,SETTLEMENT,MATCHED,TRAIN
147,TRD100143,ACC-EQ-ALPHA-03,INR,1299525.0,1299525.0,2026-08-09,SETTLEMENT,MATCHED,TRAIN
148,TRD100144,ACC-EQ-CORE-01,INR,121990.0,121990.0,2026-08-05,SETTLEMENT,MATCHED,TRAIN
149,TRD100145,ACC-EQ-CORE-01,INR,1423447.5,1423447.5,2026-08-03,SETTLEMENT,MATCHED,TEST
150,TRD100146,ACC-EQ-INDEX-04,INR,845010.0,845010.0,2026-08-09,SETTLEMENT,MATCHED,TRAIN
151,TRD100147,ACC-EQ-CORE-02,INR,470585.0,470585.0,2026-08-14,SETTLEMENT,MATCHED,TRAIN
152,TRD100148,ACC-EQ-INDEX-04,INR,42997.5,42997.5,2026-08-22,SETTLEMENT,MATCHED,TEST
153,TRD100149,ACC-EQ-CORE-02,INR,196350.0,196350.0,2026-08-16,SETTLEMENT,MATCHED,TRAIN
154,TRD100150,ACC-EQ-INDEX-04,INR,471190.0,471190.0,2026-08-11,SETTLEMENT,MATCHED,TRAIN
155,TRD100151,ACC-EQ-CORE-01,INR,350617.5,350617.5,2026-08-14,SETTLEMENT,MATCHED,TEST
156,TRD100152,ACC-EQ-INDEX-04,INR,1691660.0,1691660.0,2026-08-11,SETTLEMENT,MATCHED,TEST
157,TRD100153,ACC-EQ-CORE-02,INR,286220.0,286220.0,2026-08-17,SETTLEMENT,MATCHED,TRAIN
158,TRD100154,ACC-EQ-CORE-01,INR,838615.0,838615.0,2026-08-06,SETTLEMENT,MATCHED,TRAIN
159,TRD100155,ACC-EQ-CORE-02,INR,2470020.0,2470020.0,2026-08-13,SETTLEMENT,MATCHED,TRAIN
160,TRD100156,ACC-EQ-CORE-02,INR,129112.5,129112.5,2026-08-15,SETTLEMENT,MATCHED,TRAIN
161,TRD100157,ACC-EQ-ALPHA-03,INR,2746450.0,2746450.0,2026-08-10,SETTLEMENT,MATCHED,TEST
162,TRD100158,ACC-EQ-INDEX-04,INR,2064277.5,2064277.5,2026-08-12,SETTLEMENT,MATCHED,TEST
163,TRD100159,ACC-EQ-ALPHA-03,INR,948555.0,948555.0,2026-08-14,SETTLEMENT,MATCHED,TRAIN
164,TRD100160,ACC-EQ-INDEX-04,INR,4098375.0,4098375.0,2026-08-19,SETTLEMENT,MATCHED,TRAIN
165,TRD100161,ACC-EQ-CORE-01,INR,1468012.5,1468012.5,2026-08-22,SETTLEMENT,MATCHED,TEST
166,TRD100162,ACC-EQ-CORE-02,INR,46946.0,46946.0,2026-08-19,SETTLEMENT,MATCHED,TEST
167,TRD100163,ACC-EQ-INDEX-04,INR,3927420.0,3927420.0,2026-08-11,SETTLEMENT,MATCHED,TEST
168,TRD100164,ACC-EQ-CORE-01,INR,189874.0,189874.0,2026-08-11,SETTLEMENT,MATCHED,TRAIN
169,TRD100165,ACC-EQ-INDEX-04,INR,418332.5,418332.5,2026-08-13,SETTLEMENT,MATCHED,TRAIN
170,TRD100166,ACC-EQ-INDEX-04,INR,259080.0,259080.0,2026-08-17,SETTLEMENT,MATCHED,TRAIN
171,TRD100167,ACC-EQ-ALPHA-03,INR,2842440.0,2842440.0,2026-08-16,SETTLEMENT,MATCHED,TRAIN
172,TRD100168,ACC-EQ-CORE-01,INR,1956570.0,1956570.0,2026-08-22,SETTLEMENT,MATCHED,TRAIN
173,TRD100169,ACC-EQ-CORE-02,INR,623305.0,623305.0,2026-08-16,SETTLEMENT,MATCHED,TEST
174,TRD100170,ACC-EQ-CORE-02,INR,2843190.0,2843190.0,2026-08-06,SETTLEMENT,MATCHED,TRAIN
175,TRD100171,ACC-EQ-CORE-02,INR,6495605.0,6495605.0,2026-08-09,SETTLEMENT,MATCHED,TRAIN
176,TRD100172,ACC-EQ-CORE-02,INR,311712.5,311712.5,2026-08-19,SETTLEMENT,MATCHED,TEST
177,TRD100173,ACC-EQ-ALPHA-03,INR,194850.0,194850.0,2026-08-13,SETTLEMENT,MATCHED,TRAIN
178,TRD100174,ACC-EQ-CORE-01,INR,1411380.0,1411380.0,2026-08-15,SETTLEMENT,MATCHED,TRAIN
179,TRD100175,ACC-EQ-CORE-01,INR,940400.0,940400.0,2026-08-18,SETTLEMENT,MATCHED,TRAIN
180,TRD100176,ACC-EQ-ALPHA-03,EUR,1912959.45,1848270.0,2026-08-03,SETTLEMENT,MATCHED,TRAIN
181,TRD100177,ACC-EQ-INDEX-04,INR,194711.0,194711.0,2026-08-17,SETTLEMENT,MATCHED,TEST
182,TRD100178,ACC-EQ-CORE-02,INR,933800.0,933800.0,2026-08-04,SETTLEMENT,MATCHED,TRAIN
183,TRD100179,ACC-EQ-ALPHA-03,INR,1419487.5,1419487.5,2026-08-20,SETTLEMENT,MATCHED,TRAIN
184,TRD100180,ACC-EQ-CORE-01,INR,884775.0,884775.0,2026-08-21,SETTLEMENT,MATCHED,TRAIN
185,TRD100181,ACC-EQ-ALPHA-03,INR,6485460.0,6485460.0,2026-08-09,SETTLEMENT,MATCHED,TEST
186,TRD100182,ACC-EQ-ALPHA-03,INR,2541420.0,2541420.0,2026-08-12,SETTLEMENT,MATCHED,TRAIN
187,TRD100183,ACC-EQ-CORE-01,INR,211795.0,211795.0,2026-08-17,SETTLEMENT,MATCHED,TEST
188,TRD100184,ACC-EQ-CORE-01,INR,6156195.0,6156195.0,2026-08-13,SETTLEMENT,MATCHED,TRAIN
189,TRD100185,ACC-EQ-CORE-01,EUR,363436.56,390792.0,2026-08-15,SETTLEMENT,MATCHED,TEST
190,TRD100186,ACC-EQ-CORE-02,INR,883875.0,883875.0,2026-08-20,SETTLEMENT,MATCHED,TRAIN
191,TRD100187,ACC-EQ-ALPHA-03,INR,3900620.0,3900620.0,2026-08-05,SETTLEMENT,MATCHED,TEST
192,TRD100188,ACC-EQ-CORE-01,GBP,2163758.62,2060722.5,2026-08-15,SETTLEMENT,MATCHED,TRAIN
193,TRD100189,ACC-EQ-ALPHA-03,INR,711010.0,711010.0,2026-08-11,SETTLEMENT,MATCHED,TRAIN
194,TRD100190,ACC-EQ-CORE-02,INR,472887.5,472887.5,2026-08-14,SETTLEMENT,MATCHED,TEST
195,TRD100191,ACC-EQ-CORE-02,INR,2057825.0,2057825.0,2026-08-16,SETTLEMENT,MATCHED,TRAIN
196,TRD100192,ACC-EQ-CORE-01,INR,1244230.0,1244230.0,2026-08-20,SETTLEMENT,MATCHED,TEST
197,TRD100193,ACC-EQ-CORE-01,INR,473777.5,473777.5,2026-08-03,SETTLEMENT,MATCHED,TEST
198,TRD100194,ACC-EQ-ALPHA-03,INR,703245.0,703245.0,2026-08-16,SETTLEMENT,MATCHED,TRAIN
199,TRD100195,ACC-EQ-INDEX-04,INR,548270.0,548270.0,2026-08-05,SETTLEMENT,MATCHED,TRAIN
200,TRD100196,ACC-EQ-CORE-01,INR,1423755.0,1423755.0,2026-08-21,SETTLEMENT,MATCHED,TRAIN
201,TRD100197,ACC-EQ-ALPHA-03,INR,622060.0,622060.0,2026-08-10,SETTLEMENT,MATCHED,TRAIN
202,TRD100198,ACC-EQ-INDEX-04,INR,5715080.0,5715080.0,2026-08-07,SETTLEMENT,MATCHED,TRAIN
203,TRD100199,ACC-EQ-CORE-01,INR,3664400.0,3664400.0,2026-08-03,SETTLEMENT,MATCHED,TRAIN
204,TRD100200,ACC-EQ-INDEX-04,INR,34614.0,34614.0,2026-08-20,SETTLEMENT,MATCHED,TRAIN
205,TRD100201,ACC-EQ-INDEX-04,INR,247924.0,247924.0,2026-08-12,SETTLEMENT,MATCHED,TEST
206,TRD100202,ACC-EQ-INDEX-04,INR,6202425.0,6202425.0,2026-08-09,SETTLEMENT,MATCHED,TRAIN
207,TRD100203,ACC-EQ-CORE-02,INR,1270920.0,1270920.0,2026-08-09,SETTLEMENT,MATCHED,TRAIN
208,TRD100204,ACC-EQ-ALPHA-03,INR,736256.0,736256.0,2026-08-08,SETTLEMENT,MATCHED,TRAIN
209,TRD100205,ACC-EQ-CORE-02,INR,333856.0,333856.0,2026-08-08,SETTLEMENT,MATCHED,TRAIN
210,TRD100206,ACC-EQ-INDEX-04,INR,3779240.0,3779240.0,2026-08-20,SETTLEMENT,MATCHED,TRAIN
211,TRD100207,ACC-EQ-INDEX-04,INR,12934690.0,12934690.0,2026-08-04,SETTLEMENT,MATCHED,TRAIN
212,TRD100208,ACC-EQ-CORE-01,INR,2061082.5,2061082.5,2026-08-13,SETTLEMENT,MATCHED,TRAIN
213,TRD100209,ACC-EQ-CORE-01,INR,933460.0,933460.0,2026-08-13,SETTLEMENT,MATCHED,TEST
214,TRD100210,ACC-EQ-CORE-01,INR,1769715.0,1769715.0,2026-08-19,SETTLEMENT,MATCHED,TEST
215,TRD100211,ACC-EQ-CORE-02,INR,86070.0,86070.0,2026-08-17,SETTLEMENT,MATCHED,TEST
216,TRD100212,ACC-EQ-CORE-01,INR,94072.0,94072.0,2026-08-12,SETTLEMENT,MATCHED,TRAIN
217,TRD100213,ACC-EQ-CORE-02,INR,1428210.0,1428210.0,2026-08-16,SETTLEMENT,MATCHED,TRAIN
218,TRD100214,ACC-EQ-CORE-01,INR,633487.5,633487.5,2026-08-12,SETTLEMENT,MATCHED,TEST
219,TRD100215,ACC-EQ-ALPHA-03,INR,4104040.0,4104040.0,2026-08-14,SETTLEMENT,MATCHED,TEST
220,TRD100216,ACC-EQ-ALPHA-03,INR,169260.0,169260.0,2026-08-06,SETTLEMENT,MATCHED,TRAIN
221,TRD100217,ACC-EQ-ALPHA-03,INR,377340.0,377340.0,2026-08-14,SETTLEMENT,MATCHED,TEST
222,TRD100218,ACC-EQ-ALPHA-03,INR,391712.0,391712.0,2026-08-15,SETTLEMENT,MATCHED,TRAIN
223,TRD100219,ACC-EQ-INDEX-04,INR,632175.0,632175.0,2026-08-08,SETTLEMENT,MATCHED,TRAIN
224,TRD100220,ACC-EQ-CORE-01,INR,417355.0,417355.0,2026-08-11,SETTLEMENT,MATCHED,TEST
225,TRD100221,ACC-EQ-CORE-02,INR,43155.0,43155.0,2026-08-06,SETTLEMENT,MATCHED,TRAIN
226,TRD100222,ACC-EQ-CORE-02,INR,1215120.0,1215120.0,2026-08-13,SETTLEMENT,MATCHED,TRAIN
227,TRD100223,ACC-EQ-CORE-02,INR,887422.5,887422.5,2026-08-16,SETTLEMENT,MATCHED,TEST
228,TRD100224,ACC-EQ-INDEX-04,INR,5513380.0,5513380.0,2026-08-08,SETTLEMENT,MATCHED,TEST
229,TRD100225,ACC-EQ-INDEX-04,INR,2064930.0,2064930.0,2026-08-18,SETTLEMENT,MATCHED,TRAIN
230,TRD100226,ACC-EQ-CORE-01,INR,6509550.0,6509550.0,2026-08-06,SETTLEMENT,MATCHED,TRAIN
231,TRD100227,ACC-EQ-CORE-01,INR,12987080.0,12987080.0,2026-08-05,SETTLEMENT,MATCHED,TRAIN
232,TRD100228,ACC-EQ-INDEX-04,INR,1027847.5,1027847.5,2026-08-18,SETTLEMENT,MATCHED,TEST
233,TRD100229,ACC-EQ-INDEX-04,INR,86500.0,86500.0,2026-08-13,SETTLEMENT,MATCHED,TRAIN
234,TRD100230,ACC-EQ-CORE-02,INR,1871382.3,1685930.0,2026-08-04,SETTLEMENT,MATCHED,TRAIN
235,TRD100231,ACC-EQ-CORE-02,INR,169694.0,169694.0,2026-08-22,SETTLEMENT,MATCHED,TRAIN
236,TRD100232,ACC-EQ-CORE-02,INR,2146800.0,2146800.0,2026-08-17,SETTLEMENT,MATCHED,TRAIN
238,TRD100234,ACC-EQ-ALPHA-03,INR,6103623.6,5498760.0,2026-08-11,SETTLEMENT,MATCHED,TRAIN
239,TRD100235,ACC-EQ-CORE-01,INR,1424105.0,1424105.0,2026-08-21,SETTLEMENT,MATCHED,TRAIN
240,TRD100236,ACC-EQ-CORE-02,INR,25985120.0,25985120.0,2026-08-02,SETTLEMENT,MATCHED,TRAIN
241,TRD100237,ACC-EQ-INDEX-04,INR,1851930.0,1851930.0,2026-08-13,SETTLEMENT,MATCHED,TRAIN
242,TRD100238,ACC-EQ-CORE-01,INR,391232.0,391232.0,2026-08-13,SETTLEMENT,MATCHED,TRAIN
243,TRD100239,ACC-EQ-ALPHA-03,INR,25841500.0,25841500.0,2026-08-14,SETTLEMENT,MATCHED,TEST
244,TRD100240,ACC-EQ-ALPHA-03,INR,168858.0,168858.0,2026-08-22,SETTLEMENT,MATCHED,TRAIN
245,TRD100241,ACC-EQ-INDEX-04,INR,2851810.0,2851810.0,2026-08-22,SETTLEMENT,MATCHED,TRAIN
246,TRD100242,ACC-EQ-INDEX-04,INR,490447.5,490447.5,2026-08-04,SETTLEMENT,MATCHED,TRAIN
247,TRD100243,ACC-EQ-ALPHA-03,INR,617570.0,617570.0,2026-08-08,SETTLEMENT,MATCHED,TRAIN
248,TRD100244,ACC-EQ-ALPHA-03,INR,5547225.0,5547225.0,2026-08-19,SETTLEMENT,MATCHED,TRAIN
249,TRD100245,ACC-EQ-ALPHA-03,INR,1369865.0,1369865.0,2026-08-03,SETTLEMENT,MATCHED,TEST
250,TRD100246,ACC-EQ-INDEX-04,INR,4118150.0,4118150.0,2026-08-14,SETTLEMENT,MATCHED,TRAIN
251,TRD100247,ACC-EQ-ALPHA-03,INR,211392.5,211392.5,2026-08-17,SETTLEMENT,MATCHED,TEST
252,TRD100248,ACC-EQ-ALPHA-03,INR,911670.0,911670.0,2026-08-21,SETTLEMENT,MATCHED,TRAIN
253,TRD100249,ACC-EQ-INDEX-04,INR,822732.0,822732.0,2026-08-11,SETTLEMENT,MATCHED,TRAIN
254,TRD100250,ACC-EQ-ALPHA-03,INR,3774980.0,3774980.0,2026-08-03,SETTLEMENT,MATCHED,TRAIN
255,TRD100251,ACC-EQ-ALPHA-03,INR,123553.0,123553.0,2026-08-22,SETTLEMENT,MATCHED,TRAIN
256,TRD100252,ACC-EQ-CORE-02,INR,715110.0,715110.0,2026-08-16,SETTLEMENT,MATCHED,TEST
257,TRD100253,ACC-EQ-CORE-02,INR,1672890.0,1672890.0,2026-08-20,SETTLEMENT,MATCHED,TRAIN
258,TRD100254,ACC-EQ-CORE-02,INR,845130.0,845130.0,2026-08-04,SETTLEMENT,MATCHED,TRAIN
259,TRD100255,ACC-EQ-CORE-01,INR,1692930.0,1692930.0,2026-08-09,SETTLEMENT,MATCHED,TRAIN
260,TRD100256,ACC-EQ-ALPHA-03,INR,706260.0,706260.0,2026-08-05,SETTLEMENT,MATCHED,TRAIN
261,TRD100257,ACC-EQ-CORE-01,INR,1258837.5,1258837.5,2026-08-17,SETTLEMENT,MATCHED,TRAIN
262,TRD100258,ACC-EQ-ALPHA-03,EUR,2646651.12,2594756.0,2026-08-16,SETTLEMENT,MATCHED,TRAIN
263,TRD100259,ACC-EQ-CORE-02,INR,122132.0,122132.0,2026-08-11,SETTLEMENT,MATCHED,TRAIN
265,TRD100261,ACC-EQ-ALPHA-03,INR,5465180.0,5465180.0,2026-08-19,SETTLEMENT,MATCHED,TRAIN
266,TRD100262,ACC-EQ-ALPHA-03,INR,687167.5,687167.5,2026-08-04,SETTLEMENT,MATCHED,TRAIN
267,TRD100263,ACC-EQ-CORE-01,INR,1221020.0,1221020.0,2026-08-15,SETTLEMENT,MATCHED,TRAIN
268,TRD100264,ACC-EQ-CORE-02,INR,169036.0,169036.0,2026-08-18,SETTLEMENT,MATCHED,TEST
269,TRD100265,ACC-EQ-CORE-02,INR,685937.5,685937.5,2026-08-03,SETTLEMENT,MATCHED,TRAIN
270,TRD100266,ACC-EQ-ALPHA-03,INR,471737.5,471737.5,2026-08-09,SETTLEMENT,MATCHED,TRAIN
271,TRD100267,ACC-EQ-CORE-02,INR,565328.4,621240.0,2026-08-19,SETTLEMENT,MATCHED,TRAIN
272,TRD100268,ACC-EQ-CORE-02,INR,236056.0,236056.0,2026-08-07,SETTLEMENT,MATCHED,TRAIN
273,TRD100269,ACC-EQ-CORE-01,INR,1962400.0,1962400.0,2026-08-20,SETTLEMENT,MATCHED,TRAIN
274,TRD100270,ACC-EQ-CORE-01,INR,2141107.5,2141107.5,2026-08-20,SETTLEMENT,MATCHED,TRAIN
275,TRD100271,ACC-EQ-CORE-02,INR,129517.5,129517.5,2026-08-11,SETTLEMENT,MATCHED,TRAIN
277,TRD100273,ACC-EQ-ALPHA-03,INR,935020.0,935020.0,2026-08-21,SETTLEMENT,MATCHED,TRAIN
278,TRD100274,ACC-EQ-CORE-01,INR,613250.0,613250.0,2026-08-06,SETTLEMENT,MATCHED,TRAIN
279,TRD100275,ACC-EQ-CORE-02,INR,3337760.0,3337760.0,2026-08-16,SETTLEMENT,MATCHED,TRAIN
280,TRD100276,ACC-EQ-CORE-02,INR,2147400.0,2147400.0,2026-08-21,SETTLEMENT,MATCHED,TRAIN
281,TRD100277,ACC-EQ-CORE-02,INR,13036300.0,13036300.0,2026-08-12,SETTLEMENT,MATCHED,TRAIN
282,TRD100278,ACC-EQ-CORE-01,INR,7360200.0,7360200.0,2026-08-11,SETTLEMENT,MATCHED,TRAIN
283,TRD100279,ACC-EQ-ALPHA-03,INR,3396580.0,3396580.0,2026-08-08,SETTLEMENT,MATCHED,TRAIN
284,TRD100280,ACC-EQ-INDEX-04,INR,2137762.5,2137762.5,2026-08-22,SETTLEMENT,MATCHED,TRAIN
285,TRD100281,ACC-EQ-ALPHA-03,INR,369293.0,369293.0,2026-08-15,SETTLEMENT,MATCHED,TRAIN
286,TRD100282,ACC-EQ-CORE-02,INR,4112880.0,4112880.0,2026-08-14,SETTLEMENT,MATCHED,TEST
287,TRD100283,ACC-EQ-ALPHA-03,INR,2748345.0,2748345.0,2026-08-18,SETTLEMENT,MATCHED,TEST
288,TRD100284,ACC-EQ-ALPHA-03,INR,377658.0,377658.0,2026-08-12,SETTLEMENT,MATCHED,TRAIN
289,TRD100285,ACC-EQ-CORE-02,INR,2512800.0,2512800.0,2026-08-03,SETTLEMENT,MATCHED,TRAIN
290,TRD100286,ACC-EQ-CORE-02,INR,5492260.0,5492260.0,2026-08-06,SETTLEMENT,MATCHED,TRAIN
291,TRD100287,ACC-EQ-ALPHA-03,INR,171870.0,171870.0,2026-08-21,SETTLEMENT,MATCHED,TRAIN
292,TRD100288,ACC-EQ-CORE-01,INR,7375660.0,7375660.0,2026-08-11,SETTLEMENT,MATCHED,TRAIN
294,TRD100290,ACC-EQ-CORE-02,INR,621775.0,621775.0,2026-08-20,SETTLEMENT,MATCHED,TEST
295,TRD100291,ACC-EQ-CORE-01,INR,940725.0,940725.0,2026-08-05,SETTLEMENT,MATCHED,TRAIN
296,TRD100292,ACC-EQ-INDEX-04,INR,1263975.0,1263975.0,2026-08-08,SETTLEMENT,MATCHED,TEST
297,TRD100293,ACC-EQ-INDEX-04,INR,152615.0,152615.0,2026-08-19,SETTLEMENT,MATCHED,TEST
298,TRD100294,ACC-EQ-ALPHA-03,INR,211315.0,211315.0,2026-08-19,SETTLEMENT,MATCHED,TRAIN
299,TRD100294,ACC-EQ-ALPHA-03,INR,211315.0,211315.0,2026-08-19,SETTLEMENT,MATCHED,TRAIN
300,TRD100295,ACC-EQ-ALPHA-03,INR,2353240.0,2353240.0,2026-08-09,SETTLEMENT,MATCHED,TEST
301,TRD100295,ACC-EQ-ALPHA-03,INR,2353240.0,2353240.0,2026-08-09,SETTLEMENT,MATCHED,TEST
302,TRD100296,ACC-EQ-INDEX-04,INR,932505.0,932505.0,2026-08-17,SETTLEMENT,MATCHED,TRAIN
303,TRD100297,ACC-EQ-INDEX-04,INR,2754255.0,2754255.0,2026-08-20,SETTLEMENT,MATCHED,TRAIN
304,TRD100298,ACC-EQ-CORE-01,INR,13039010.0,13039010.0,2026-08-06,SETTLEMENT,MATCHED,TRAIN
305,TRD100299,ACC-EQ-ALPHA-03,INR,121882.0,121882.0,2026-08-16,SETTLEMENT,MATCHED,TRAIN
306,TRD100300,ACC-EQ-ALPHA-03,INR,840345.0,840345.0,2026-08-10,SETTLEMENT,MATCHED,TEST
307,TRD100301,ACC-EQ-CORE-02,INR,2055070.0,2055070.0,2026-08-18,SETTLEMENT,MATCHED,TRAIN
308,TRD100302,ACC-EQ-CORE-02,INR,6170640.0,6170640.0,2026-08-17,SETTLEMENT,MATCHED,TEST
309,TRD100302,ACC-EQ-CORE-02,INR,6170640.0,6170640.0,2026-08-17,SETTLEMENT,MATCHED,TEST
310,TRD100303,ACC-EQ-CORE-02,INR,919180.0,919180.0,2026-08-17,SETTLEMENT,MATCHED,TEST
311,TRD100304,ACC-EQ-CORE-02,INR,635122.5,635122.5,2026-08-04,SETTLEMENT,MATCHED,TEST
312,TRD100305,ACC-EQ-INDEX-04,INR,43077.5,43077.5,2026-08-07,SETTLEMENT,MATCHED,TRAIN
313,TRD100306,ACC-EQ-CORE-01,INR,1423065.0,1423065.0,2026-08-02,SETTLEMENT,MATCHED,TRAIN
314,TRD100307,ACC-EQ-INDEX-04,INR,2493740.0,2493740.0,2026-08-19,SETTLEMENT,MATCHED,TEST
315,TRD100308,ACC-EQ-CORE-02,INR,25901020.0,25901020.0,2026-08-05,SETTLEMENT,MATCHED,TEST
317,TRD100310,ACC-EQ-INDEX-04,INR,588210.0,588210.0,2026-08-22,SETTLEMENT,MATCHED,TRAIN
318,TRD100311,ACC-EQ-INDEX-04,INR,6191580.0,6191580.0,2026-08-07,SETTLEMENT,MATCHED,TRAIN
319,TRD100312,ACC-EQ-INDEX-04,INR,85800.0,85800.0,2026-08-14,SETTLEMENT,MATCHED,TRAIN
320,TRD100313,ACC-EQ-ALPHA-03,INR,634725.0,634725.0,2026-08-20,SETTLEMENT,MATCHED,TRAIN
321,TRD100314,ACC-EQ-ALPHA-03,INR,361569.6,303840.0,2026-08-05,SETTLEMENT,MATCHED,TRAIN
322,TRD100315,ACC-EQ-ALPHA-03,INR,1270215.0,1270215.0,2026-08-22,SETTLEMENT,MATCHED,TRAIN
323,TRD100316,ACC-EQ-ALPHA-03,INR,418707.5,418707.5,2026-08-16,SETTLEMENT,MATCHED,TRAIN
324,TRD100317,ACC-EQ-CORE-01,INR,1223840.0,1223840.0,2026-08-08,SETTLEMENT,MATCHED,TRAIN
325,TRD100318,ACC-EQ-CORE-01,INR,3004988.4,3664620.0,2026-08-20,SETTLEMENT,MATCHED,TEST
326,TRD100319,ACC-EQ-CORE-01,INR,294072.5,294072.5,2026-08-18,SETTLEMENT,MATCHED,TEST
327,TRD100320,ACC-EQ-CORE-01,INR,1215700.0,1215700.0,2026-08-18,SETTLEMENT,MATCHED,TRAIN
328,TRD100321,ACC-EQ-INDEX-04,INR,2834220.0,2834220.0,2026-08-03,SETTLEMENT,MATCHED,TRAIN
329,TRD100322,ACC-EQ-CORE-02,INR,60971.0,60971.0,2026-08-02,SETTLEMENT,MATCHED,TRAIN
330,TRD100323,ACC-EQ-CORE-01,INR,4269105.0,4269105.0,2026-08-04,SETTLEMENT,MATCHED,TRAIN
331,TRD100324,ACC-EQ-CORE-02,INR,343280.0,343280.0,2026-08-15,SETTLEMENT,MATCHED,TRAIN
332,TRD100325,ACC-EQ-CORE-01,INR,1267740.0,1267740.0,2026-08-14,SETTLEMENT,MATCHED,TEST
333,TRD100326,ACC-EQ-CORE-02,INR,1948240.0,1948240.0,2026-08-19,SETTLEMENT,MATCHED,TRAIN
334,TRD100327,ACC-EQ-INDEX-04,INR,1301325.0,1301325.0,2026-08-11,SETTLEMENT,MATCHED,TRAIN
335,TRD100328,ACC-EQ-ALPHA-03,INR,6473615.0,6473615.0,2026-08-13,SETTLEMENT,MATCHED,TEST
336,TRD100329,ACC-EQ-CORE-01,INR,34328.0,34328.0,2026-08-15,SETTLEMENT,MATCHED,TRAIN
337,TRD100330,ACC-EQ-CORE-01,INR,333702.0,333702.0,2026-08-03,SETTLEMENT,MATCHED,TRAIN
338,TRD100331,ACC-EQ-CORE-02,INR,60975.0,60975.0,2026-08-09,SETTLEMENT,MATCHED,TRAIN
339,TRD100332,ACC-EQ-ALPHA-03,INR,1413952.5,1413952.5,2026-08-20,SETTLEMENT,MATCHED,TEST
340,TRD100333,ACC-EQ-INDEX-04,INR,311707.5,311707.5,2026-08-18,SETTLEMENT,MATCHED,TRAIN
341,TRD100334,ACC-EQ-CORE-02,INR,124150.0,124150.0,2026-08-20,SETTLEMENT,MATCHED,TRAIN
342,TRD100335,ACC-EQ-INDEX-04,INR,7326940.0,7326940.0,2026-08-13,SETTLEMENT,MATCHED,TRAIN
343,TRD100336,ACC-EQ-CORE-02,INR,914685.0,914685.0,2026-08-11,SETTLEMENT,MATCHED,TRAIN
344,TRD100337,ACC-EQ-CORE-01,INR,835930.0,835930.0,2026-08-06,SETTLEMENT,MATCHED,TRAIN
346,TRD100339,ACC-EQ-CORE-02,INR,346100.0,346100.0,2026-08-04,SETTLEMENT,MATCHED,TRAIN
347,TRD100340,ACC-EQ-CORE-01,INR,1864425.0,1864425.0,2026-08-21,SETTLEMENT,MATCHED,TEST
348,TRD100341,ACC-EQ-CORE-01,INR,1372515.0,1372515.0,2026-08-12,SETTLEMENT,MATCHED,TRAIN
349,TRD100342,ACC-EQ-INDEX-04,INR,86625.0,86625.0,2026-08-05,SETTLEMENT,MATCHED,TRAIN
350,TRD100343,ACC-EQ-ALPHA-03,INR,304860.0,304860.0,2026-08-09,SETTLEMENT,MATCHED,TRAIN
351,TRD100344,ACC-EQ-ALPHA-03,INR,3381940.0,3381940.0,2026-08-13,SETTLEMENT,MATCHED,TRAIN
352,TRD100345,ACC-EQ-CORE-02,INR,7357800.0,7357800.0,2026-08-17,SETTLEMENT,MATCHED,TEST
353,TRD100346,ACC-EQ-CORE-02,INR,1262640.0,1262640.0,2026-08-09,SETTLEMENT,MATCHED,TEST
354,TRD100347,ACC-EQ-CORE-02,INR,1857390.0,1857390.0,2026-08-08,SETTLEMENT,MATCHED,TEST
355,TRD100348,ACC-EQ-ALPHA-03,INR,590120.0,590120.0,2026-08-22,SETTLEMENT,MATCHED,TRAIN
356,TRD100349,ACC-EQ-INDEX-04,INR,5516820.0,5516820.0,2026-08-22,SETTLEMENT,MATCHED,TEST
357,TRD100350,ACC-EQ-CORE-02,INR,1884050.0,1884050.0,2026-08-19,SETTLEMENT,MATCHED,TRAIN
358,TRD100351,ACC-EQ-CORE-01,INR,369263.0,369263.0,2026-08-04,SETTLEMENT,MATCHED,TRAIN
359,TRD100352,ACC-EQ-CORE-02,INR,424047.5,424047.5,2026-08-09,SETTLEMENT,MATCHED,TEST
360,TRD100353,ACC-EQ-INDEX-04,INR,3346160.0,3346160.0,2026-08-21,SETTLEMENT,MATCHED,TRAIN
361,TRD100354,ACC-EQ-CORE-01,INR,285142.0,285142.0,2026-08-15,SETTLEMENT,MATCHED,TRAIN
362,TRD100355,ACC-EQ-CORE-01,INR,2746785.0,2746785.0,2026-08-15,SETTLEMENT,MATCHED,TRAIN
363,TRD100356,ACC-EQ-ALPHA-03,INR,917655.0,917655.0,2026-08-21,SETTLEMENT,MATCHED,TEST
364,TRD100357,ACC-EQ-CORE-02,INR,1853370.0,1853370.0,2026-08-14,SETTLEMENT,MATCHED,TRAIN
365,TRD100358,ACC-EQ-CORE-01,INR,248542.0,248542.0,2026-08-22,SETTLEMENT,MATCHED,TRAIN
366,TRD100359,ACC-EQ-CORE-01,INR,2536935.0,2536935.0,2026-08-03,SETTLEMENT,MATCHED,TRAIN
367,TRD100360,ACC-EQ-CORE-01,INR,8269960.0,8269960.0,2026-08-22,SETTLEMENT,MATCHED,TEST
368,TRD100361,ACC-EQ-ALPHA-03,INR,840960.0,840960.0,2026-08-20,SETTLEMENT,MATCHED,TRAIN
369,TRD100362,ACC-EQ-CORE-01,INR,34554.0,34554.0,2026-08-10,SETTLEMENT,MATCHED,TEST
370,TRD100363,ACC-EQ-CORE-02,INR,171610.0,171610.0,2026-08-08,SETTLEMENT,MATCHED,TRAIN
371,TRD100364,ACC-EQ-INDEX-04,INR,34420.0,34420.0,2026-08-20,SETTLEMENT,MATCHED,TRAIN
372,TRD100365,ACC-EQ-ALPHA-03,INR,423827.5,423827.5,2026-08-04,SETTLEMENT,MATCHED,TRAIN
373,TRD100366,ACC-EQ-INDEX-04,INR,6164565.0,6164565.0,2026-08-04,SETTLEMENT,MATCHED,TEST
374,TRD100367,ACC-EQ-CORE-02,INR,2143935.0,2143935.0,2026-08-16,SETTLEMENT,MATCHED,TRAIN
375,TRD100368,ACC-EQ-INDEX-04,INR,5019978.6,5516460.0,2026-08-20,SETTLEMENT,MATCHED,TRAIN
376,TRD100369,ACC-EQ-ALPHA-03,INR,2065335.0,2065335.0,2026-08-04,SETTLEMENT,MATCHED,TRAIN
377,TRD100370,ACC-EQ-CORE-01,EUR,393959.62,423612.5,2026-08-12,SETTLEMENT,MATCHED,TRAIN
378,TRD100371,ACC-EQ-CORE-02,INR,2136690.0,2136690.0,2026-08-10,SETTLEMENT,MATCHED,TRAIN
379,TRD100372,ACC-EQ-INDEX-04,INR,2833995.0,2833995.0,2026-08-19,SETTLEMENT,MATCHED,TRAIN
380,TRD100373,ACC-EQ-ALPHA-03,INR,569268.0,569268.0,2026-08-04,SETTLEMENT,MATCHED,TRAIN
381,TRD100374,ACC-EQ-CORE-02,INR,2136030.0,2136030.0,2026-08-04,SETTLEMENT,MATCHED,TRAIN
382,TRD100375,ACC-EQ-ALPHA-03,INR,2923860.0,2923860.0,2026-08-10,SETTLEMENT,MATCHED,TEST
383,TRD100376,ACC-EQ-ALPHA-03,INR,376802.0,376802.0,2026-08-10,SETTLEMENT,MATCHED,TRAIN
384,TRD100377,ACC-EQ-INDEX-04,INR,548358.0,548358.0,2026-08-09,SETTLEMENT,MATCHED,TRAIN
385,TRD100378,ACC-EQ-ALPHA-03,INR,93438.0,93438.0,2026-08-02,SETTLEMENT,MATCHED,TRAIN
386,TRD100379,ACC-EQ-CORE-02,INR,2743960.0,2743960.0,2026-08-15,SETTLEMENT,MATCHED,TRAIN
387,TRD100380,ACC-EQ-ALPHA-03,INR,422710.0,422710.0,2026-08-07,SETTLEMENT,MATCHED,TRAIN
388,TRD100381,ACC-EQ-INDEX-04,INR,1226400.0,1226400.0,2026-08-09,SETTLEMENT,MATCHED,TRAIN
389,TRD100382,ACC-EQ-CORE-02,INR,19443720.0,19443720.0,2026-08-20,SETTLEMENT,MATCHED,TRAIN
390,TRD100383,ACC-EQ-ALPHA-03,INR,1226100.0,1226100.0,2026-08-08,SETTLEMENT,MATCHED,TRAIN
391,TRD100384,ACC-EQ-ALPHA-03,INR,19503675.0,19503675.0,2026-08-06,SETTLEMENT,MATCHED,TRAIN
392,TRD100385,ACC-EQ-INDEX-04,INR,310867.5,310867.5,2026-08-14,SETTLEMENT,MATCHED,TRAIN
393,TRD100386,ACC-EQ-CORE-01,GBP,1832974.65,1770990.0,2026-08-15,SETTLEMENT,MATCHED,TRAIN
394,TRD100387,ACC-EQ-ALPHA-03,INR,121594.0,121594.0,2026-08-09,SETTLEMENT,MATCHED,TRAIN
395,TRD100388,ACC-EQ-INDEX-04,INR,195694.0,195694.0,2026-08-22,SETTLEMENT,MATCHED,TRAIN
396,TRD100389,ACC-EQ-CORE-02,INR,4102170.0,4102170.0,2026-08-05,SETTLEMENT,MATCHED,TRAIN
397,TRD100390,ACC-EQ-CORE-02,INR,468390.0,468390.0,2026-08-20,SETTLEMENT,MATCHED,TRAIN
398,TRD100391,ACC-EQ-CORE-01,INR,5678460.0,5678460.0,2026-08-15,SETTLEMENT,MATCHED,TRAIN
399,TRD100392,ACC-EQ-INDEX-04,INR,633202.5,633202.5,2026-08-08,SETTLEMENT,MATCHED,TEST
400,TRD100393,ACC-EQ-CORE-01,INR,93722.0,93722.0,2026-08-16,SETTLEMENT,MATCHED,TEST
401,TRD100394,ACC-EQ-CORE-01,INR,567378.0,567378.0,2026-08-12,SETTLEMENT,MATCHED,TEST
402,TRD100395,ACC-EQ-ALPHA-03,INR,86240.0,86240.0,2026-08-19,SETTLEMENT,MATCHED,TRAIN
403,TRD100396,ACC-EQ-CORE-02,INR,235150.0,235150.0,2026-08-22,SETTLEMENT,MATCHED,TRAIN
404,TRD100397,ACC-EQ-INDEX-04,INR,169441.0,169441.0,2026-08-08,SETTLEMENT,MATCHED,TRAIN
405,TRD100398,ACC-EQ-CORE-01,INR,1421055.0,1421055.0,2026-08-04,SETTLEMENT,MATCHED,TEST
406,TRD100399,ACC-EQ-INDEX-04,INR,843040.0,843040.0,2026-08-05,SETTLEMENT,MATCHED,TRAIN
407,TRD100400,ACC-EQ-ALPHA-03,INR,1772340.0,1772340.0,2026-08-20,SETTLEMENT,MATCHED,TRAIN
408,TRD100401,ACC-EQ-CORE-01,INR,25990460.0,25990460.0,2026-08-11,SETTLEMENT,MATCHED,TRAIN
409,TRD100402,ACC-EQ-ALPHA-03,INR,168678.0,168678.0,2026-08-05,SETTLEMENT,MATCHED,TRAIN
410,TRD100403,ACC-EQ-INDEX-04,INR,5515710.0,5515710.0,2026-08-06,SETTLEMENT,MATCHED,TRAIN
412,TRD100405,ACC-EQ-CORE-01,INR,309230.0,309230.0,2026-08-16,SETTLEMENT,MATCHED,TRAIN
413,TRD100406,ACC-EQ-INDEX-04,INR,5680280.0,5680280.0,2026-08-14,SETTLEMENT,MATCHED,TRAIN
414,TRD100407,ACC-EQ-CORE-02,INR,3908100.0,3908100.0,2026-08-16,SETTLEMENT,MATCHED,TRAIN
415,TRD100407,ACC-EQ-CORE-02,INR,3908100.0,3908100.0,2026-08-16,SETTLEMENT,MATCHED,TRAIN
416,TRD100408,ACC-EQ-CORE-01,INR,118374.0,118374.0,2026-08-09,SETTLEMENT,MATCHED,TRAIN
417,TRD100409,ACC-EQ-INDEX-04,GBP,1339886.1,1252230.0,2026-08-16,SETTLEMENT,MATCHED,TRAIN
418,TRD100410,ACC-EQ-CORE-01,INR,235502.0,235502.0,2026-08-19,SETTLEMENT,MATCHED,TRAIN
419,TRD100411,ACC-EQ-CORE-02,INR,1849085.0,1849085.0,2026-08-05,SETTLEMENT,MATCHED,TRAIN
420,TRD100412,ACC-EQ-INDEX-04,INR,1297348.0,1297348.0,2026-08-13,SETTLEMENT,MATCHED,TRAIN
421,TRD100413,ACC-EQ-ALPHA-03,EUR,1272997.95,1368815.0,2026-08-20,SETTLEMENT,MATCHED,TRAIN
422,TRD100414,ACC-EQ-ALPHA-03,INR,473920.0,473920.0,2026-08-08,SETTLEMENT,MATCHED,TRAIN
423,TRD100415,ACC-EQ-ALPHA-03,INR,294542.5,294542.5,2026-08-11,SETTLEMENT,MATCHED,TRAIN
424,TRD100416,ACC-EQ-CORE-02,INR,2847330.0,2847330.0,2026-08-10,SETTLEMENT,MATCHED,TRAIN
425,TRD100417,ACC-EQ-INDEX-04,EUR,449062.95,419685.0,2026-08-09,SETTLEMENT,MATCHED,TRAIN
426,TRD100418,ACC-EQ-CORE-01,INR,1419540.0,1419540.0,2026-08-14,SETTLEMENT,MATCHED,TRAIN
427,TRD100419,ACC-EQ-INDEX-04,INR,1270267.5,1270267.5,2026-08-13,SETTLEMENT,MATCHED,TRAIN
428,TRD100420,ACC-EQ-INDEX-04,INR,118460.0,118460.0,2026-08-04,SETTLEMENT,MATCHED,TRAIN
429,TRD100421,ACC-EQ-INDEX-04,INR,2603676.0,2603676.0,2026-08-14,SETTLEMENT,MATCHED,TRAIN
430,TRD100422,ACC-EQ-CORE-02,INR,351052.5,351052.5,2026-08-11,SETTLEMENT,MATCHED,TRAIN
431,TRD100423,ACC-EQ-CORE-01,INR,2756420.0,2756420.0,2026-08-03,SETTLEMENT,MATCHED,TEST
432,TRD100424,ACC-EQ-INDEX-04,INR,572548.0,572548.0,2026-08-07,SETTLEMENT,MATCHED,TRAIN
433,TRD100424,ACC-EQ-INDEX-04,INR,572548.0,572548.0,2026-08-07,SETTLEMENT,MATCHED,TRAIN
434,TRD100425,ACC-EQ-ALPHA-03,INR,849390.0,849390.0,2026-08-06,SETTLEMENT,MATCHED,TRAIN
435,TRD100426,ACC-EQ-CORE-01,INR,9695415.0,9695415.0,2026-08-13,SETTLEMENT,MATCHED,TRAIN
436,TRD100427,ACC-EQ-CORE-02,INR,486732.5,486732.5,2026-08-22,SETTLEMENT,MATCHED,TRAIN
437,TRD100428,ACC-EQ-INDEX-04,INR,391936.0,391936.0,2026-08-02,SETTLEMENT,MATCHED,TRAIN
438,TRD100429,ACC-EQ-CORE-01,INR,945335.0,945335.0,2026-08-16,SETTLEMENT,MATCHED,TEST
439,TRD100430,ACC-EQ-CORE-02,INR,2608672.0,2608672.0,2026-08-15,SETTLEMENT,MATCHED,TRAIN
440,TRD100431,ACC-EQ-ALPHA-03,INR,2057965.0,2057965.0,2026-08-05,SETTLEMENT,MATCHED,TRAIN
441,TRD100432,ACC-EQ-CORE-02,INR,128865.0,128865.0,2026-08-06,SETTLEMENT,MATCHED,TRAIN
442,TRD100433,ACC-EQ-ALPHA-03,INR,368421.0,368421.0,2026-08-07,SETTLEMENT,MATCHED,TRAIN
443,TRD100434,ACC-EQ-INDEX-04,INR,490977.5,490977.5,2026-08-21,SETTLEMENT,MATCHED,TRAIN
444,TRD100435,ACC-EQ-INDEX-04,INR,821184.0,821184.0,2026-08-05,SETTLEMENT,MATCHED,TRAIN
445,TRD100436,ACC-EQ-CORE-01,INR,1695320.0,1695320.0,2026-08-09,SETTLEMENT,MATCHED,TEST
446,TRD100437,ACC-EQ-ALPHA-03,INR,2767815.0,2767815.0,2026-08-02,SETTLEMENT,MATCHED,TRAIN
447,TRD100438,ACC-EQ-CORE-01,INR,1844635.0,1844635.0,2026-08-11,SETTLEMENT,MATCHED,TRAIN
448,TRD100439,ACC-EQ-CORE-01,INR,700620.0,700620.0,2026-08-17,SETTLEMENT,MATCHED,TRAIN
449,TRD100440,ACC-EQ-ALPHA-03,INR,842490.0,842490.0,2026-08-20,SETTLEMENT,MATCHED,TEST
450,TRD100441,ACC-EQ-CORE-01,INR,5516160.0,5516160.0,2026-08-04,SETTLEMENT,MATCHED,TRAIN
451,TRD100442,ACC-EQ-ALPHA-03,INR,617545.0,617545.0,2026-08-03,SETTLEMENT,MATCHED,TRAIN
452,TRD100443,ACC-EQ-CORE-02,INR,2525010.0,2525010.0,2026-08-19,SETTLEMENT,MATCHED,TRAIN
453,TRD100444,ACC-EQ-ALPHA-03,INR,3077550.0,3077550.0,2026-08-08,SETTLEMENT,MATCHED,TRAIN
454,TRD100445,ACC-EQ-CORE-02,INR,235602.0,235602.0,2026-08-15,SETTLEMENT,MATCHED,TRAIN
455,TRD100446,ACC-EQ-CORE-01,INR,336462.0,336462.0,2026-08-05,SETTLEMENT,MATCHED,TRAIN
456,TRD100447,ACC-EQ-CORE-01,INR,487065.0,487065.0,2026-08-06,SETTLEMENT,MATCHED,TEST
458,TRD100449,ACC-EQ-ALPHA-03,INR,458827.5,458827.5,2026-08-05,SETTLEMENT,MATCHED,TRAIN
459,TRD100450,ACC-EQ-CORE-01,INR,247572.0,247572.0,2026-08-20,SETTLEMENT,MATCHED,TRAIN
460,TRD100451,ACC-EQ-ALPHA-03,INR,466820.0,466820.0,2026-08-20,SETTLEMENT,MATCHED,TRAIN
461,TRD100452,ACC-EQ-CORE-01,INR,296474.22,249138.0,2026-08-05,SETTLEMENT,MATCHED,TRAIN
462,TRD100453,ACC-EQ-INDEX-04,INR,1294684.0,1294684.0,2026-08-17,SETTLEMENT,MATCHED,TRAIN
464,TRD100455,ACC-EQ-CORE-01,INR,2523255.0,2523255.0,2026-08-12,SETTLEMENT,MATCHED,TRAIN
465,TRD100456,ACC-EQ-INDEX-04,INR,410754.0,410754.0,2026-08-18,SETTLEMENT,MATCHED,TEST
466,TRD100457,ACC-EQ-CORE-01,INR,346160.0,346160.0,2026-08-11,SETTLEMENT,MATCHED,TRAIN
467,TRD100458,ACC-EQ-CORE-02,INR,2841970.0,2841970.0,2026-08-20,SETTLEMENT,MATCHED,TEST
468,TRD100459,ACC-EQ-CORE-02,INR,1699620.0,1699620.0,2026-08-08,SETTLEMENT,MATCHED,TRAIN
469,TRD100460,ACC-EQ-CORE-01,INR,4255395.0,4255395.0,2026-08-19,SETTLEMENT,MATCHED,TRAIN
470,TRD100461,ACC-EQ-CORE-02,INR,4290675.0,4290675.0,2026-08-11,SETTLEMENT,MATCHED,TRAIN
471,TRD100462,ACC-EQ-ALPHA-03,INR,3396400.0,3396400.0,2026-08-06,SETTLEMENT,MATCHED,TRAIN
472,TRD100463,ACC-EQ-ALPHA-03,INR,1430910.0,1430910.0,2026-08-18,SETTLEMENT,MATCHED,TEST
473,TRD100464,ACC-EQ-INDEX-04,INR,122168.0,122168.0,2026-08-18,SETTLEMENT,MATCHED,TEST
474,TRD100465,ACC-EQ-ALPHA-03,INR,117948.0,117948.0,2026-08-06,SETTLEMENT,MATCHED,TRAIN
475,TRD100466,ACC-EQ-ALPHA-03,INR,13035300.0,13035300.0,2026-08-14,SETTLEMENT,MATCHED,TRAIN
476,TRD100467,ACC-EQ-CORE-01,INR,350737.5,350737.5,2026-08-08,SETTLEMENT,MATCHED,TRAIN
477,TRD100468,ACC-EQ-CORE-01,INR,1029667.5,1029667.5,2026-08-12,SETTLEMENT,MATCHED,TRAIN
478,TRD100469,ACC-EQ-CORE-01,INR,1372140.0,1372140.0,2026-08-16,SETTLEMENT,MATCHED,TRAIN
479,TRD100470,ACC-EQ-CORE-02,INR,1422352.5,1422352.5,2026-08-21,SETTLEMENT,MATCHED,TRAIN
480,TRD100471,ACC-EQ-CORE-01,INR,378858.0,378858.0,2026-08-13,SETTLEMENT,MATCHED,TRAIN
481,TRD100472,ACC-EQ-CORE-02,INR,308745.0,308745.0,2026-08-14,SETTLEMENT,MATCHED,TRAIN
482,TRD100473,ACC-EQ-CORE-01,INR,94064.0,94064.0,2026-08-06,SETTLEMENT,MATCHED,TRAIN
483,TRD100474,ACC-EQ-CORE-01,INR,6466035.0,6466035.0,2026-08-14,SETTLEMENT,MATCHED,TEST
484,TRD100475,ACC-EQ-INDEX-04,INR,34326.0,34326.0,2026-08-04,SETTLEMENT,MATCHED,TRAIN
485,TRD100476,ACC-EQ-CORE-02,INR,4105200.0,4105200.0,2026-08-16,SETTLEMENT,MATCHED,TRAIN
486,TRD100477,ACC-EQ-INDEX-04,INR,19469250.0,19469250.0,2026-08-14,SETTLEMENT,MATCHED,TRAIN
487,TRD100478,ACC-EQ-INDEX-04,INR,424525.0,424525.0,2026-08-10,SETTLEMENT,MATCHED,TRAIN
488,TRD100479,ACC-EQ-INDEX-04,INR,1427350.0,1427350.0,2026-08-17,SETTLEMENT,MATCHED,TRAIN
489,TRD100480,ACC-EQ-CORE-02,INR,3086947.5,3086947.5,2026-08-15,SETTLEMENT,MATCHED,TEST
490,TRD100481,ACC-EQ-ALPHA-03,INR,1690060.0,1690060.0,2026-08-17,SETTLEMENT,MATCHED,TRAIN
491,TRD100482,ACC-EQ-CORE-01,INR,308730.0,308730.0,2026-08-21,SETTLEMENT,MATCHED,TEST
492,TRD100483,ACC-EQ-CORE-02,INR,5702680.0,5702680.0,2026-08-20,SETTLEMENT,MATCHED,TEST
493,TRD100484,ACC-EQ-INDEX-04,INR,835645.0,835645.0,2026-08-03,SETTLEMENT,MATCHED,TEST
494,TRD100485,ACC-EQ-ALPHA-03,INR,42972.5,42972.5,2026-08-20,SETTLEMENT,MATCHED,TRAIN
495,TRD100486,ACC-EQ-CORE-02,INR,613080.0,613080.0,2026-08-20,SETTLEMENT,MATCHED,TRAIN
496,TRD100487,ACC-EQ-CORE-01,INR,2751157.5,2751157.5,2026-08-03,SETTLEMENT,MATCHED,TEST
497,TRD100488,ACC-EQ-ALPHA-03,INR,587290.0,587290.0,2026-08-17,SETTLEMENT,MATCHED,TEST
498,TRD100489,ACC-EQ-CORE-01,INR,685307.5,685307.5,2026-08-07,SETTLEMENT,MATCHED,TRAIN
499,TRD100490,ACC-EQ-CORE-01,INR,473872.5,473872.5,2026-08-18,SETTLEMENT,MATCHED,TRAIN
500,TRD100491,ACC-EQ-ALPHA-03,INR,916320.0,916320.0,2026-08-12,SETTLEMENT,MATCHED,TRAIN
501,TRD100492,ACC-EQ-ALPHA-03,INR,2843730.0,2843730.0,2026-08-17,SETTLEMENT,MATCHED,TRAIN
502,TRD100493,ACC-EQ-INDEX-04,INR,608660.0,608660.0,2026-08-20,SETTLEMENT,MATCHED,TRAIN
503,TRD100494,ACC-EQ-INDEX-04,INR,456060.0,456060.0,2026-08-02,SETTLEMENT,MATCHED,TRAIN
504,TRD100495,ACC-EQ-CORE-01,INR,1898260.0,1898260.0,2026-08-21,SETTLEMENT,MATCHED,TRAIN
505,TRD100496,ACC-EQ-ALPHA-03,INR,1894940.0,1894940.0,2026-08-09,SETTLEMENT,MATCHED,TRAIN
506,TRD100497,ACC-EQ-ALPHA-03,INR,392398.0,392398.0,2026-08-22,SETTLEMENT,MATCHED,TRAIN
507,TRD100498,ACC-EQ-ALPHA-03,INR,2131665.0,2131665.0,2026-08-04,SETTLEMENT,MATCHED,TRAIN
508,TRD100499,ACC-EQ-INDEX-04,INR,60759.0,60759.0,2026-08-16,SETTLEMENT,MATCHED,TRAIN
509,TRD100500,ACC-EQ-INDEX-04,INR,258660.0,258660.0,2026-08-14,SETTLEMENT,MATCHED,TRAIN
510,TRD100501,ACC-EQ-CORE-02,INR,26034960.0,26034960.0,2026-08-20,SETTLEMENT,MATCHED,TEST
511,TRD100502,ACC-EQ-CORE-01,INR,94060.0,94060.0,2026-08-03,SETTLEMENT,MATCHED,TEST
512,TRD100503,ACC-EQ-CORE-02,USD,259459.2,247104.0,2026-08-07,SETTLEMENT,MATCHED,TRAIN
513,TRD100504,ACC-EQ-CORE-01,INR,734838.0,734838.0,2026-08-21,SETTLEMENT,MATCHED,TRAIN
514,TRD100505,ACC-EQ-CORE-01,INR,489450.0,489450.0,2026-08-15,SETTLEMENT,MATCHED,TEST
515,TRD100506,ACC-EQ-ALPHA-03,INR,424805.0,424805.0,2026-08-15,SETTLEMENT,MATCHED,TRAIN
516,TRD100507,ACC-EQ-INDEX-04,INR,617895.0,617895.0,2026-08-14,SETTLEMENT,MATCHED,TEST
517,TRD100508,ACC-EQ-INDEX-04,INR,2836360.0,2836360.0,2026-08-04,SETTLEMENT,MATCHED,TEST
518,TRD100509,ACC-EQ-CORE-01,INR,410867.0,410867.0,2026-08-22,SETTLEMENT,MATCHED,TRAIN
519,TRD100510,ACC-EQ-INDEX-04,INR,2591024.0,2591024.0,2026-08-14,SETTLEMENT,MATCHED,TRAIN
520,TRD100511,ACC-EQ-CORE-02,INR,6161640.0,6161640.0,2026-08-14,SETTLEMENT,MATCHED,TRAIN
521,TRD100512,ACC-EQ-ALPHA-03,INR,2136585.0,2136585.0,2026-08-10,SETTLEMENT,MATCHED,TEST
522,TRD100513,ACC-EQ-INDEX-04,INR,376494.0,376494.0,2026-08-13,SETTLEMENT,MATCHED,TRAIN
523,TRD100514,ACC-EQ-INDEX-04,INR,369269.0,369269.0,2026-08-18,SETTLEMENT,MATCHED,TRAIN
524,TRD100515,ACC-EQ-CORE-02,INR,350197.5,350197.5,2026-08-03,SETTLEMENT,MATCHED,TRAIN
525,TRD100516,ACC-EQ-CORE-02,INR,5473240.0,5473240.0,2026-08-07,SETTLEMENT,MATCHED,TRAIN
526,TRD100517,ACC-EQ-CORE-02,INR,4257720.0,4257720.0,2026-08-15,SETTLEMENT,MATCHED,TRAIN
527,TRD100518,ACC-EQ-ALPHA-03,INR,168422.0,168422.0,2026-08-19,SETTLEMENT,MATCHED,TRAIN
528,TRD100519,ACC-EQ-INDEX-04,INR,7391000.0,7391000.0,2026-08-02,SETTLEMENT,MATCHED,TEST
529,TRD100520,ACC-EQ-CORE-01,INR,421112.5,421112.5,2026-08-20,SETTLEMENT,MATCHED,TRAIN
530,TRD100521,ACC-EQ-INDEX-04,INR,236724.0,236724.0,2026-08-19,SETTLEMENT,MATCHED,TRAIN
531,TRD100522,ACC-EQ-CORE-02,INR,3383240.0,3383240.0,2026-08-17,SETTLEMENT,MATCHED,TRAIN
532,TRD100523,ACC-EQ-INDEX-04,GBP,437908.5,423100.0,2026-08-14,SETTLEMENT,MATCHED,TRAIN
533,TRD100524,ACC-EQ-ALPHA-03,INR,303800.0,303800.0,2026-08-17,SETTLEMENT,MATCHED,TEST
534,TRD100525,ACC-EQ-CORE-01,INR,633000.0,633000.0,2026-08-17,SETTLEMENT,MATCHED,TRAIN
535,TRD100526,ACC-EQ-ALPHA-03,INR,1424445.0,1424445.0,2026-08-16,SETTLEMENT,MATCHED,TRAIN
536,TRD100527,ACC-EQ-INDEX-04,INR,235314.0,235314.0,2026-08-08,SETTLEMENT,MATCHED,TRAIN
537,TRD100528,ACC-EQ-ALPHA-03,INR,1298198.0,1298198.0,2026-08-07,SETTLEMENT,MATCHED,TRAIN
538,TRD100529,ACC-EQ-CORE-02,INR,188413.0,188413.0,2026-08-08,SETTLEMENT,MATCHED,TRAIN
539,TRD100530,ACC-EQ-ALPHA-03,INR,47086.0,47086.0,2026-08-08,SETTLEMENT,MATCHED,TRAIN
541,TRD100532,ACC-EQ-ALPHA-03,INR,1692800.0,1692800.0,2026-08-07,SETTLEMENT,MATCHED,TEST
542,TRD100533,ACC-EQ-CORE-01,INR,1421257.5,1421257.5,2026-08-04,SETTLEMENT,MATCHED,TRAIN
543,TRD100534,ACC-EQ-CORE-02,INR,715147.5,715147.5,2026-08-08,SETTLEMENT,MATCHED,TRAIN
544,TRD100535,ACC-EQ-CORE-02,INR,1861440.0,1861440.0,2026-08-02,SETTLEMENT,MATCHED,TRAIN
545,TRD100536,ACC-EQ-ALPHA-03,INR,117699.0,117699.0,2026-08-21,SETTLEMENT,MATCHED,TRAIN
546,TRD100537,ACC-EQ-CORE-02,INR,259590.0,259590.0,2026-08-16,SETTLEMENT,MATCHED,TRAIN
547,TRD100538,ACC-EQ-ALPHA-03,INR,1862775.0,1862775.0,2026-08-02,SETTLEMENT,MATCHED,TRAIN
549,TRD100540,ACC-EQ-CORE-01,INR,927697.5,927697.5,2026-08-18,SETTLEMENT,MATCHED,TRAIN
550,TRD100541,ACC-EQ-INDEX-04,INR,1959240.0,1959240.0,2026-08-02,SETTLEMENT,MATCHED,TRAIN
551,TRD100542,ACC-EQ-CORE-02,INR,1859430.0,1859430.0,2026-08-03,SETTLEMENT,MATCHED,TRAIN
552,TRD100543,ACC-EQ-ALPHA-03,INR,305745.0,305745.0,2026-08-22,SETTLEMENT,MATCHED,TRAIN
553,TRD100544,ACC-EQ-ALPHA-03,INR,3256052.5,3256052.5,2026-08-19,SETTLEMENT,MATCHED,TRAIN
554,TRD100545,ACC-EQ-ALPHA-03,INR,117507.5,117507.5,2026-08-19,SETTLEMENT,MATCHED,TEST
555,TRD100546,ACC-EQ-ALPHA-03,INR,1670570.0,1670570.0,2026-08-11,SETTLEMENT,MATCHED,TRAIN
556,TRD100547,ACC-EQ-CORE-01,INR,930262.5,930262.5,2026-08-05,SETTLEMENT,MATCHED,TRAIN
558,TRD100549,ACC-EQ-INDEX-04,INR,710040.0,710040.0,2026-08-08,SETTLEMENT,MATCHED,TRAIN
559,TRD100550,ACC-EQ-INDEX-04,INR,1897150.0,1897150.0,2026-08-07,SETTLEMENT,MATCHED,TEST
560,TRD100551,ACC-EQ-INDEX-04,INR,488012.5,488012.5,2026-08-03,SETTLEMENT,MATCHED,TRAIN
561,TRD100552,ACC-EQ-CORE-01,INR,419120.0,419120.0,2026-08-07,SETTLEMENT,MATCHED,TRAIN
562,TRD100553,ACC-EQ-INDEX-04,INR,1772745.0,1772745.0,2026-08-14,SETTLEMENT,MATCHED,TEST
563,TRD100554,ACC-EQ-ALPHA-03,INR,285146.0,285146.0,2026-08-13,SETTLEMENT,MATCHED,TRAIN
564,TRD100555,ACC-EQ-ALPHA-03,INR,285411.0,285411.0,2026-08-09,SETTLEMENT,MATCHED,TRAIN
566,TRD100557,ACC-EQ-ALPHA-03,INR,1295381.0,1295381.0,2026-08-11,SETTLEMENT,MATCHED,TRAIN
567,TRD100558,ACC-EQ-CORE-02,INR,43045.0,43045.0,2026-08-17,SETTLEMENT,MATCHED,TRAIN
568,TRD100559,ACC-EQ-CORE-02,INR,257430.0,257430.0,2026-08-09,SETTLEMENT,MATCHED,TRAIN
569,TRD100560,ACC-EQ-ALPHA-03,INR,61090.0,61090.0,2026-08-07,SETTLEMENT,MATCHED,TRAIN
570,TRD100561,ACC-EQ-CORE-01,EUR,1315735.99,1271242.5,2026-08-21,SETTLEMENT,MATCHED,TRAIN
571,TRD100562,ACC-EQ-INDEX-04,INR,194686.0,194686.0,2026-08-05,SETTLEMENT,MATCHED,TRAIN
572,TRD100563,ACC-EQ-CORE-01,INR,3089767.5,3089767.5,2026-08-06,SETTLEMENT,MATCHED,TRAIN
573,TRD100564,ACC-EQ-CORE-02,INR,338630.0,338630.0,2026-08-10,SETTLEMENT,MATCHED,TEST
574,TRD100565,ACC-EQ-ALPHA-03,INR,2596300.0,2596300.0,2026-08-21,SETTLEMENT,MATCHED,TRAIN
575,TRD100566,ACC-EQ-ALPHA-03,INR,549108.0,549108.0,2026-08-21,SETTLEMENT,MATCHED,TEST
576,TRD100567,ACC-EQ-INDEX-04,INR,1265805.0,1265805.0,2026-08-03,SETTLEMENT,MATCHED,TRAIN
577,TRD100568,ACC-EQ-CORE-01,INR,1218640.0,1218640.0,2026-08-02,SETTLEMENT,MATCHED,TEST
578,TRD100569,ACC-EQ-CORE-01,INR,25868920.0,25868920.0,2026-08-04,SETTLEMENT,MATCHED,TEST
579,TRD100570,ACC-EQ-ALPHA-03,INR,129525.0,129525.0,2026-08-16,SETTLEMENT,MATCHED,TRAIN
580,TRD100571,ACC-EQ-ALPHA-03,INR,571886.0,571886.0,2026-08-03,SETTLEMENT,MATCHED,TRAIN
581,TRD100572,ACC-EQ-CORE-02,INR,336710.0,336710.0,2026-08-03,SETTLEMENT,MATCHED,TRAIN
582,TRD100573,ACC-EQ-CORE-01,INR,848940.0,848940.0,2026-08-21,SETTLEMENT,MATCHED,TEST
583,TRD100574,ACC-EQ-INDEX-04,INR,12938840.0,12938840.0,2026-08-14,SETTLEMENT,MATCHED,TEST
584,TRD100575,ACC-EQ-CORE-02,INR,19506975.0,19506975.0,2026-08-17,SETTLEMENT,MATCHED,TRAIN
585,TRD100576,ACC-EQ-INDEX-04,INR,189940.0,189940.0,2026-08-07,SETTLEMENT,MATCHED,TRAIN
586,TRD100577,ACC-EQ-CORE-01,INR,5473700.0,5473700.0,2026-08-14,SETTLEMENT,MATCHED,TEST
587,TRD100578,ACC-EQ-CORE-01,INR,934180.0,934180.0,2026-08-15,SETTLEMENT,MATCHED,TRAIN
588,TRD100579,ACC-EQ-CORE-02,INR,1234750.0,1234750.0,2026-08-18,SETTLEMENT,MATCHED,TRAIN
589,TRD100580,ACC-EQ-ALPHA-03,INR,735536.0,735536.0,2026-08-09,SETTLEMENT,MATCHED,TRAIN
590,TRD100581,ACC-EQ-INDEX-04,INR,188107.0,188107.0,2026-08-07,SETTLEMENT,MATCHED,TRAIN
591,TRD100582,ACC-EQ-CORE-02,INR,3231205.0,3231205.0,2026-08-17,SETTLEMENT,MATCHED,TRAIN
592,TRD100583,ACC-EQ-INDEX-04,INR,124089.0,124089.0,2026-08-19,SETTLEMENT,MATCHED,TEST
593,TRD100584,ACC-EQ-INDEX-04,INR,6462665.0,6462665.0,2026-08-16,SETTLEMENT,MATCHED,TEST
594,TRD100585,ACC-EQ-CORE-01,INR,25946260.0,25946260.0,2026-08-05,SETTLEMENT,MATCHED,TRAIN
595,TRD100586,ACC-EQ-CORE-01,INR,2523825.0,2523825.0,2026-08-19,SETTLEMENT,MATCHED,TRAIN
596,TRD100587,ACC-EQ-ALPHA-03,INR,86360.0,86360.0,2026-08-16,SETTLEMENT,MATCHED,TEST
597,TRD100588,ACC-EQ-INDEX-04,INR,6512345.0,6512345.0,2026-08-12,SETTLEMENT,MATCHED,TRAIN
598,TRD100589,ACC-EQ-ALPHA-03,EUR,1276779.0,1215980.0,2026-08-09,SETTLEMENT,MATCHED,TEST
599,TRD100590,ACC-EQ-CORE-01,INR,9739642.5,9739642.5,2026-08-13,SETTLEMENT,MATCHED,TRAIN
600,TRD100591,ACC-EQ-ALPHA-03,INR,54749.7,43110.0,2026-08-15,SETTLEMENT,MATCHED,TRAIN
601,TRD100592,ACC-EQ-INDEX-04,INR,336482.0,336482.0,2026-08-14,SETTLEMENT,MATCHED,TRAIN
602,TRD100593,ACC-EQ-CORE-01,INR,607960.0,607960.0,2026-08-15,SETTLEMENT,MATCHED,TRAIN
603,TRD100594,ACC-EQ-CORE-01,INR,117770.0,117770.0,2026-08-02,SETTLEMENT,MATCHED,TRAIN
604,TRD100595,ACC-EQ-CORE-02,INR,26070160.0,26070160.0,2026-08-07,SETTLEMENT,MATCHED,TRAIN
605,TRD100596,ACC-EQ-INDEX-04,INR,6190860.0,6190860.0,2026-08-21,SETTLEMENT,MATCHED,TRAIN
606,TRD100597,ACC-EQ-INDEX-04,INR,588790.0,588790.0,2026-08-12,SETTLEMENT,MATCHED,TRAIN
607,TRD100598,ACC-EQ-ALPHA-03,INR,2838360.0,2838360.0,2026-08-18,SETTLEMENT,MATCHED,TRAIN
608,TRD100599,ACC-EQ-ALPHA-03,INR,838640.0,838640.0,2026-08-11,SETTLEMENT,MATCHED,TRAIN
609,TRD100600,ACC-EQ-CORE-01,INR,152592.5,152592.5,2026-08-22,SETTLEMENT,MATCHED,TRAIN
610,TRD100601,ACC-EQ-ALPHA-03,INR,7366400.0,7366400.0,2026-08-15,SETTLEMENT,MATCHED,TEST
611,TRD100602,ACC-EQ-CORE-02,GBP,280114.44,274622.0,2026-08-02,SETTLEMENT,MATCHED,TRAIN
612,TRD100603,ACC-EQ-ALPHA-03,INR,194983.0,194983.0,2026-08-07,SETTLEMENT,MATCHED,TRAIN
613,TRD100604,ACC-EQ-CORE-01,INR,1300474.0,1300474.0,2026-08-11,SETTLEMENT,MATCHED,TRAIN
614,TRD100605,ACC-EQ-INDEX-04,INR,25856800.0,25856800.0,2026-08-19,SETTLEMENT,MATCHED,TRAIN
615,TRD100606,ACC-EQ-INDEX-04,INR,2765437.5,2765437.5,2026-08-03,SETTLEMENT,MATCHED,TRAIN
616,TRD100607,ACC-EQ-ALPHA-03,INR,2758390.0,2758390.0,2026-08-03,SETTLEMENT,MATCHED,TRAIN
617,TRD100608,ACC-EQ-ALPHA-03,INR,2368280.0,2368280.0,2026-08-22,SETTLEMENT,MATCHED,TRAIN
618,TRD100609,ACC-EQ-CORE-01,INR,1369975.0,1369975.0,2026-08-07,SETTLEMENT,MATCHED,TEST
619,TRD100610,ACC-EQ-ALPHA-03,INR,377596.0,377596.0,2026-08-15,SETTLEMENT,MATCHED,TRAIN
620,TRD100611,ACC-EQ-CORE-02,INR,1410720.0,1410720.0,2026-08-16,SETTLEMENT,MATCHED,TRAIN
621,TRD100612,ACC-EQ-ALPHA-03,INR,1892130.0,1892130.0,2026-08-22,SETTLEMENT,MATCHED,TRAIN
622,TRD100613,ACC-EQ-CORE-02,INR,2733870.0,2733870.0,2026-08-12,SETTLEMENT,MATCHED,TEST
623,TRD100614,ACC-EQ-INDEX-04,INR,738136.0,738136.0,2026-08-07,SETTLEMENT,MATCHED,TEST
624,TRD100615,ACC-EQ-ALPHA-03,USD,432908.4,424420.0,2026-08-12,SETTLEMENT,MATCHED,TRAIN
625,TRD100616,ACC-EQ-CORE-01,INR,3367040.0,3367040.0,2026-08-22,SETTLEMENT,MATCHED,TRAIN
626,TRD100617,ACC-EQ-CORE-02,INR,235400.0,235400.0,2026-08-21,SETTLEMENT,MATCHED,TRAIN
628,TRD100619,ACC-EQ-INDEX-04,INR,2850910.0,2850910.0,2026-08-18,SETTLEMENT,MATCHED,TRAIN
629,TRD100620,ACC-EQ-CORE-02,INR,619285.0,619285.0,2026-08-04,SETTLEMENT,MATCHED,TEST
630,TRD100621,ACC-EQ-INDEX-04,INR,390008.0,390008.0,2026-08-22,SETTLEMENT,MATCHED,TRAIN
631,TRD100622,ACC-EQ-CORE-02,INR,2516490.0,2516490.0,2026-08-04,SETTLEMENT,MATCHED,TRAIN
632,TRD100623,ACC-EQ-CORE-02,INR,466730.0,466730.0,2026-08-04,SETTLEMENT,MATCHED,TRAIN
633,TRD100624,ACC-EQ-INDEX-04,INR,736582.0,736582.0,2026-08-09,SETTLEMENT,MATCHED,TRAIN
634,TRD100625,ACC-EQ-CORE-01,INR,702885.0,702885.0,2026-08-02,SETTLEMENT,MATCHED,TRAIN
635,TRD100626,ACC-EQ-CORE-01,INR,392142.0,392142.0,2026-08-20,SETTLEMENT,MATCHED,TRAIN
637,TRD100628,ACC-EQ-CORE-02,INR,5484680.0,5484680.0,2026-08-02,SETTLEMENT,MATCHED,TEST
638,TRD100629,ACC-EQ-CORE-02,INR,2843865.0,2843865.0,2026-08-19,SETTLEMENT,MATCHED,TEST
639,TRD100630,ACC-EQ-CORE-02,INR,1964650.0,1964650.0,2026-08-02,SETTLEMENT,MATCHED,TRAIN
640,TRD100631,ACC-EQ-CORE-01,INR,285257.0,285257.0,2026-08-14,SETTLEMENT,MATCHED,TRAIN
641,TRD100632,ACC-EQ-CORE-02,INR,2121369.9,1670370.0,2026-08-22,SETTLEMENT,MATCHED,TRAIN
642,TRD100633,ACC-EQ-CORE-01,INR,946255.0,946255.0,2026-08-10,SETTLEMENT,MATCHED,TRAIN
643,TRD100634,ACC-EQ-CORE-01,INR,196257.0,196257.0,2026-08-19,SETTLEMENT,MATCHED,TRAIN
644,TRD100635,ACC-EQ-INDEX-04,INR,390164.0,390164.0,2026-08-08,SETTLEMENT,MATCHED,TRAIN
645,TRD100636,ACC-EQ-ALPHA-03,INR,211762.5,211762.5,2026-08-09,SETTLEMENT,MATCHED,TRAIN
646,TRD100637,ACC-EQ-ALPHA-03,INR,86070.0,86070.0,2026-08-16,SETTLEMENT,MATCHED,TEST
647,TRD100638,ACC-EQ-CORE-01,INR,1183880.0,1183880.0,2026-08-15,SETTLEMENT,MATCHED,TRAIN
648,TRD100639,ACC-EQ-ALPHA-03,INR,839375.0,839375.0,2026-08-22,SETTLEMENT,MATCHED,TEST
649,TRD100640,ACC-EQ-ALPHA-03,INR,1897440.0,1897440.0,2026-08-16,SETTLEMENT,MATCHED,TRAIN
650,TRD100641,ACC-EQ-ALPHA-03,INR,93476.0,93476.0,2026-08-21,SETTLEMENT,MATCHED,TRAIN
651,TRD100642,ACC-EQ-CORE-01,INR,86020.0,86020.0,2026-08-22,SETTLEMENT,MATCHED,TEST
652,TRD100642,ACC-EQ-CORE-01,INR,86020.0,86020.0,2026-08-22,SETTLEMENT,MATCHED,TEST
653,TRD100643,ACC-EQ-CORE-02,INR,1302058.0,1302058.0,2026-08-20,SETTLEMENT,MATCHED,TEST
654,TRD100644,ACC-EQ-CORE-02,INR,2761312.5,2761312.5,2026-08-19,SETTLEMENT,MATCHED,TRAIN
655,TRD100645,ACC-EQ-ALPHA-03,INR,848510.0,848510.0,2026-08-20,SETTLEMENT,MATCHED,TRAIN
656,TRD100646,ACC-EQ-CORE-02,INR,93684.0,93684.0,2026-08-18,SETTLEMENT,MATCHED,TRAIN
657,TRD100647,ACC-EQ-CORE-02,INR,686030.0,686030.0,2026-08-07,SETTLEMENT,MATCHED,TRAIN
658,TRD100648,ACC-EQ-CORE-01,INR,84322.0,84322.0,2026-08-17,SETTLEMENT,MATCHED,TRAIN
659,TRD100649,ACC-EQ-ALPHA-03,INR,420865.0,420865.0,2026-08-08,SETTLEMENT,MATCHED,TEST
660,TRD100650,ACC-EQ-ALPHA-03,INR,771931.6,941380.0,2026-08-03,SETTLEMENT,MATCHED,TRAIN
661,TRD100651,ACC-EQ-CORE-02,INR,376619.85,459292.5,2026-08-10,SETTLEMENT,MATCHED,TRAIN
662,TRD100652,ACC-EQ-ALPHA-03,INR,2929605.0,2929605.0,2026-08-22,SETTLEMENT,MATCHED,TEST
663,TRD100653,ACC-EQ-INDEX-04,INR,86240.0,86240.0,2026-08-13,SETTLEMENT,MATCHED,TRAIN
664,TRD100654,ACC-EQ-CORE-02,INR,17245.0,17245.0,2026-08-06,SETTLEMENT,MATCHED,TRAIN
665,TRD100655,ACC-EQ-ALPHA-03,INR,3081645.0,3081645.0,2026-08-07,SETTLEMENT,MATCHED,TRAIN
666,TRD100656,ACC-EQ-CORE-01,INR,977015.0,977015.0,2026-08-12,SETTLEMENT,MATCHED,TRAIN
667,TRD100657,ACC-EQ-INDEX-04,INR,3910580.0,3910580.0,2026-08-20,SETTLEMENT,MATCHED,TRAIN
668,TRD100658,ACC-EQ-CORE-02,INR,166897.0,166897.0,2026-08-20,SETTLEMENT,MATCHED,TRAIN
669,TRD100659,ACC-EQ-INDEX-04,INR,42920.0,42920.0,2026-08-10,SETTLEMENT,MATCHED,TRAIN
671,TRD100661,ACC-EQ-CORE-02,INR,948270.0,948270.0,2026-08-21,SETTLEMENT,MATCHED,TRAIN
672,TRD100662,ACC-EQ-CORE-01,INR,1898280.0,1898280.0,2026-08-21,SETTLEMENT,MATCHED,TRAIN
673,TRD100663,ACC-EQ-INDEX-04,INR,2526270.0,2526270.0,2026-08-02,SETTLEMENT,MATCHED,TRAIN
674,TRD100664,ACC-EQ-CORE-01,INR,235288.0,235288.0,2026-08-21,SETTLEMENT,MATCHED,TRAIN
675,TRD100665,ACC-EQ-CORE-01,INR,8254640.0,8254640.0,2026-08-21,SETTLEMENT,MATCHED,TRAIN
676,TRD100666,ACC-EQ-INDEX-04,INR,5513070.0,5513070.0,2026-08-03,SETTLEMENT,MATCHED,TRAIN
677,TRD100667,ACC-EQ-CORE-01,INR,5507100.0,5507100.0,2026-08-14,SETTLEMENT,MATCHED,TRAIN
678,TRD100668,ACC-EQ-ALPHA-03,INR,1417402.5,1417402.5,2026-08-09,SETTLEMENT,MATCHED,TRAIN
679,TRD100669,ACC-EQ-CORE-01,INR,617330.0,617330.0,2026-08-02,SETTLEMENT,MATCHED,TRAIN
680,TRD100670,ACC-EQ-ALPHA-03,INR,846785.0,846785.0,2026-08-12,SETTLEMENT,MATCHED,TRAIN
681,TRD100671,ACC-EQ-INDEX-04,GBP,2939146.42,2839755.0,2026-08-10,SETTLEMENT,MATCHED,TRAIN
682,TRD100672,ACC-EQ-INDEX-04,INR,889537.5,889537.5,2026-08-14,SETTLEMENT,MATCHED,TRAIN
683,TRD100673,ACC-EQ-ALPHA-03,INR,1891420.0,1891420.0,2026-08-17,SETTLEMENT,MATCHED,TRAIN
684,TRD100674,ACC-EQ-CORE-02,INR,4128105.0,4128105.0,2026-08-05,SETTLEMENT,MATCHED,TEST
685,TRD100675,ACC-EQ-ALPHA-03,INR,683657.5,683657.5,2026-08-18,SETTLEMENT,MATCHED,TRAIN
686,TRD100676,ACC-EQ-CORE-02,INR,2848620.0,2848620.0,2026-08-02,SETTLEMENT,MATCHED,TRAIN
687,TRD100677,ACC-EQ-ALPHA-03,INR,257610.0,257610.0,2026-08-10,SETTLEMENT,MATCHED,TEST
688,TRD100678,ACC-EQ-ALPHA-03,INR,118290.0,118290.0,2026-08-14,SETTLEMENT,MATCHED,TRAIN
690,TRD100680,ACC-EQ-CORE-02,INR,167996.0,167996.0,2026-08-18,SETTLEMENT,MATCHED,TEST
692,TRD100682,ACC-EQ-CORE-02,INR,1858470.0,1858470.0,2026-08-14,SETTLEMENT,MATCHED,TRAIN
693,TRD100683,ACC-EQ-ALPHA-03,INR,122582.0,122582.0,2026-08-19,SETTLEMENT,MATCHED,TRAIN
694,TRD100684,ACC-EQ-INDEX-04,INR,9708352.5,9708352.5,2026-08-08,SETTLEMENT,MATCHED,TRAIN
695,TRD100685,ACC-EQ-CORE-01,INR,309912.5,309912.5,2026-08-05,SETTLEMENT,MATCHED,TRAIN
696,TRD100686,ACC-EQ-ALPHA-03,INR,169632.0,169632.0,2026-08-10,SETTLEMENT,MATCHED,TRAIN
697,TRD100687,ACC-EQ-INDEX-04,INR,3389920.0,3389920.0,2026-08-12,SETTLEMENT,MATCHED,TEST
698,TRD100688,ACC-EQ-CORE-02,INR,93552.0,93552.0,2026-08-14,SETTLEMENT,MATCHED,TRAIN
699,TRD100689,ACC-EQ-CORE-01,INR,2249424.0,2743200.0,2026-08-13,SETTLEMENT,MATCHED,TRAIN
700,TRD100690,ACC-EQ-CORE-02,INR,1251285.0,1251285.0,2026-08-12,SETTLEMENT,MATCHED,TEST
701,TRD100691,ACC-EQ-CORE-02,INR,843220.0,843220.0,2026-08-20,SETTLEMENT,MATCHED,TEST
702,TRD100692,ACC-EQ-CORE-02,INR,233830.0,233830.0,2026-08-09,SETTLEMENT,MATCHED,TRAIN
703,TRD100693,ACC-EQ-CORE-01,INR,840415.0,840415.0,2026-08-13,SETTLEMENT,MATCHED,TRAIN
704,TRD100694,ACC-EQ-CORE-01,INR,34550.0,34550.0,2026-08-17,SETTLEMENT,MATCHED,TRAIN
706,TRD100696,ACC-EQ-CORE-01,INR,1416277.5,1416277.5,2026-08-20,SETTLEMENT,MATCHED,TRAIN
707,TRD100697,ACC-EQ-CORE-02,INR,46891.0,46891.0,2026-08-14,SETTLEMENT,MATCHED,TRAIN
708,TRD100698,ACC-EQ-CORE-02,INR,8226300.0,8226300.0,2026-08-02,SETTLEMENT,MATCHED,TRAIN
709,TRD100699,ACC-EQ-CORE-02,INR,235638.0,235638.0,2026-08-21,SETTLEMENT,MATCHED,TRAIN
710,TRD100700,ACC-EQ-ALPHA-03,INR,1256040.0,1256040.0,2026-08-21,SETTLEMENT,MATCHED,TRAIN
711,TRD100701,ACC-EQ-INDEX-04,INR,701310.0,701310.0,2026-08-13,SETTLEMENT,MATCHED,TEST
712,TRD100702,ACC-EQ-CORE-02,INR,117307.5,117307.5,2026-08-20,SETTLEMENT,MATCHED,TRAIN
713,TRD100703,ACC-EQ-INDEX-04,INR,459157.5,459157.5,2026-08-19,SETTLEMENT,MATCHED,TRAIN
714,TRD100704,ACC-EQ-INDEX-04,INR,472447.5,472447.5,2026-08-02,SETTLEMENT,MATCHED,TRAIN
715,TRD100705,ACC-EQ-CORE-01,INR,1895690.0,1895690.0,2026-08-11,SETTLEMENT,MATCHED,TRAIN
716,TRD100706,ACC-EQ-CORE-01,INR,1025655.0,1025655.0,2026-08-10,SETTLEMENT,MATCHED,TRAIN
717,TRD100707,ACC-EQ-ALPHA-03,INR,608880.0,608880.0,2026-08-13,SETTLEMENT,MATCHED,TRAIN
718,TRD100708,ACC-EQ-CORE-02,INR,4259550.0,4259550.0,2026-08-21,SETTLEMENT,MATCHED,TRAIN
719,TRD100709,ACC-EQ-INDEX-04,INR,847060.0,847060.0,2026-08-17,SETTLEMENT,MATCHED,TRAIN
720,TRD100710,ACC-EQ-ALPHA-03,INR,1267342.5,1267342.5,2026-08-06,SETTLEMENT,MATCHED,TRAIN
721,TRD100711,ACC-EQ-CORE-02,INR,2943780.0,2943780.0,2026-08-04,SETTLEMENT,MATCHED,TRAIN
722,TRD100712,ACC-EQ-ALPHA-03,INR,1672130.0,1672130.0,2026-08-11,SETTLEMENT,MATCHED,TEST
723,TRD100713,ACC-EQ-INDEX-04,INR,2488580.0,2488580.0,2026-08-13,SETTLEMENT,MATCHED,TRAIN
724,TRD100714,ACC-EQ-CORE-02,INR,526417.5,474250.0,2026-08-06,SETTLEMENT,MATCHED,TRAIN
725,TRD100715,ACC-EQ-CORE-01,INR,121716.0,121716.0,2026-08-14,SETTLEMENT,MATCHED,TRAIN
726,TRD100716,ACC-EQ-CORE-01,INR,345060.0,345060.0,2026-08-02,SETTLEMENT,MATCHED,TEST
727,TRD100717,ACC-EQ-CORE-02,INR,308910.0,308910.0,2026-08-14,SETTLEMENT,MATCHED,TRAIN
728,TRD100718,ACC-EQ-CORE-02,INR,457500.0,457500.0,2026-08-06,SETTLEMENT,MATCHED,TRAIN
729,TRD100719,ACC-EQ-INDEX-04,INR,2860770.0,2860770.0,2026-08-12,SETTLEMENT,MATCHED,TRAIN
730,TRD100720,ACC-EQ-INDEX-04,INR,7333440.0,7333440.0,2026-08-19,SETTLEMENT,MATCHED,TRAIN
731,TRD100721,ACC-EQ-CORE-02,INR,2771400.0,2771400.0,2026-08-17,SETTLEMENT,MATCHED,TRAIN
732,TRD100722,ACC-EQ-ALPHA-03,INR,351202.5,351202.5,2026-08-10,SETTLEMENT,MATCHED,TEST
733,TRD100723,ACC-EQ-CORE-01,INR,711512.5,711512.5,2026-08-17,SETTLEMENT,MATCHED,TRAIN
734,TRD100724,ACC-EQ-CORE-02,INR,5480200.0,5480200.0,2026-08-15,SETTLEMENT,MATCHED,TRAIN
735,TRD100725,ACC-EQ-INDEX-04,INR,3668690.0,3668690.0,2026-08-19,SETTLEMENT,MATCHED,TRAIN
736,TRD100726,ACC-EQ-CORE-01,INR,2844765.0,2844765.0,2026-08-09,SETTLEMENT,MATCHED,TEST
737,TRD100727,ACC-EQ-ALPHA-03,INR,978010.0,978010.0,2026-08-21,SETTLEMENT,MATCHED,TRAIN
738,TRD100728,ACC-EQ-CORE-02,INR,1465500.0,1465500.0,2026-08-04,SETTLEMENT,MATCHED,TRAIN
739,TRD100729,ACC-EQ-INDEX-04,INR,8251200.0,8251200.0,2026-08-10,SETTLEMENT,MATCHED,TEST
740,TRD100730,ACC-EQ-CORE-02,INR,100276.54,84266.0,2026-08-19,SETTLEMENT,MATCHED,TRAIN
741,TRD100731,ACC-EQ-CORE-01,INR,927112.5,927112.5,2026-08-16,SETTLEMENT,MATCHED,TRAIN
742,TRD100732,ACC-EQ-INDEX-04,INR,1025187.5,1025187.5,2026-08-08,SETTLEMENT,MATCHED,TRAIN
743,TRD100733,ACC-EQ-CORE-01,INR,5518540.0,5518540.0,2026-08-16,SETTLEMENT,MATCHED,TRAIN
744,TRD100734,ACC-EQ-INDEX-04,INR,1025615.0,1025615.0,2026-08-14,SETTLEMENT,MATCHED,TRAIN
745,TRD100735,ACC-EQ-CORE-02,INR,1260382.5,1260382.5,2026-08-02,SETTLEMENT,MATCHED,TRAIN
746,TRD100736,ACC-EQ-INDEX-04,INR,5477320.0,5477320.0,2026-08-03,SETTLEMENT,MATCHED,TRAIN
747,TRD100736,ACC-EQ-INDEX-04,INR,5477320.0,5477320.0,2026-08-03,SETTLEMENT,MATCHED,TRAIN
748,TRD100737,ACC-EQ-CORE-02,INR,1839575.0,1839575.0,2026-08-11,SETTLEMENT,MATCHED,TRAIN
749,TRD100738,ACC-EQ-CORE-02,INR,121768.0,121768.0,2026-08-22,SETTLEMENT,MATCHED,TRAIN
750,TRD100739,ACC-EQ-CORE-02,INR,17308.0,17308.0,2026-08-08,SETTLEMENT,MATCHED,TRAIN
751,TRD100740,ACC-EQ-CORE-01,INR,84279.0,84279.0,2026-08-10,SETTLEMENT,MATCHED,TRAIN
753,TRD100742,ACC-EQ-ALPHA-03,INR,168696.0,168696.0,2026-08-17,SETTLEMENT,MATCHED,TRAIN
754,TRD100743,ACC-EQ-CORE-02,INR,2854620.0,2854620.0,2026-08-19,SETTLEMENT,MATCHED,TRAIN
755,TRD100744,ACC-EQ-INDEX-04,INR,1683270.0,1683270.0,2026-08-22,SETTLEMENT,MATCHED,TEST
757,TRD100746,ACC-EQ-INDEX-04,USD,1264169.7,1221420.0,2026-08-19,SETTLEMENT,MATCHED,TRAIN
758,TRD100747,ACC-EQ-INDEX-04,INR,295190.0,295190.0,2026-08-12,SETTLEMENT,MATCHED,TRAIN
759,TRD100748,ACC-EQ-ALPHA-03,INR,3231010.0,3231010.0,2026-08-06,SETTLEMENT,MATCHED,TRAIN
760,TRD100749,ACC-EQ-INDEX-04,INR,3678460.0,3678460.0,2026-08-22,SETTLEMENT,MATCHED,TRAIN
761,TRD100750,ACC-EQ-CORE-02,INR,17266.0,17266.0,2026-08-13,SETTLEMENT,MATCHED,TRAIN
762,TRD100751,ACC-EQ-CORE-02,INR,122264.0,122264.0,2026-08-19,SETTLEMENT,MATCHED,TRAIN
763,TRD100752,ACC-EQ-ALPHA-03,INR,687175.0,687175.0,2026-08-12,SETTLEMENT,MATCHED,TRAIN
764,TRD100753,ACC-EQ-CORE-01,INR,820390.0,820390.0,2026-08-06,SETTLEMENT,MATCHED,TRAIN
765,TRD100754,ACC-EQ-INDEX-04,INR,8216080.0,8216080.0,2026-08-03,SETTLEMENT,MATCHED,TRAIN
766,TRD100755,ACC-EQ-CORE-01,INR,2747670.0,2747670.0,2026-08-09,SETTLEMENT,MATCHED,TEST
767,TRD100756,ACC-EQ-CORE-01,INR,86360.0,86360.0,2026-08-04,SETTLEMENT,MATCHED,TRAIN
768,TRD100757,ACC-EQ-ALPHA-03,INR,5538000.0,5538000.0,2026-08-03,SETTLEMENT,MATCHED,TRAIN
769,TRD100758,ACC-EQ-CORE-01,INR,122478.0,122478.0,2026-08-04,SETTLEMENT,MATCHED,TRAIN
770,TRD100758,ACC-EQ-CORE-01,INR,122478.0,122478.0,2026-08-04,SETTLEMENT,MATCHED,TRAIN
771,TRD100759,ACC-EQ-CORE-02,INR,305270.0,305270.0,2026-08-08,SETTLEMENT,MATCHED,TRAIN
772,TRD100760,ACC-EQ-ALPHA-03,GBP,5727498.52,5533815.0,2026-08-22,SETTLEMENT,MATCHED,TRAIN
773,TRD100761,ACC-EQ-INDEX-04,INR,919035.0,919035.0,2026-08-07,SETTLEMENT,MATCHED,TRAIN
774,TRD100762,ACC-EQ-ALPHA-03,INR,489090.0,489090.0,2026-08-21,SETTLEMENT,MATCHED,TRAIN
775,TRD100763,ACC-EQ-INDEX-04,INR,3692840.0,3692840.0,2026-08-15,SETTLEMENT,MATCHED,TRAIN
776,TRD100763,ACC-EQ-INDEX-04,INR,3692840.0,3692840.0,2026-08-15,SETTLEMENT,MATCHED,TRAIN
777,TRD100764,ACC-EQ-ALPHA-03,INR,590500.0,590500.0,2026-08-08,SETTLEMENT,MATCHED,TRAIN
778,TRD100765,ACC-EQ-CORE-01,INR,942120.0,942120.0,2026-08-02,SETTLEMENT,MATCHED,TRAIN
779,TRD100766,ACC-EQ-ALPHA-03,INR,118046.0,118046.0,2026-08-11,SETTLEMENT,MATCHED,TEST
780,TRD100767,ACC-EQ-CORE-02,INR,1667190.0,1667190.0,2026-08-10,SETTLEMENT,MATCHED,TEST
781,TRD100768,ACC-EQ-ALPHA-03,INR,5692780.0,5692780.0,2026-08-06,SETTLEMENT,MATCHED,TRAIN
782,TRD100769,ACC-EQ-INDEX-04,INR,1260307.5,1260307.5,2026-08-04,SETTLEMENT,MATCHED,TRAIN
783,TRD100770,ACC-EQ-INDEX-04,INR,122342.0,122342.0,2026-08-17,SETTLEMENT,MATCHED,TRAIN
784,TRD100771,ACC-EQ-CORE-01,INR,881092.5,881092.5,2026-08-20,SETTLEMENT,MATCHED,TRAIN
785,TRD100772,ACC-EQ-CORE-01,INR,172190.0,172190.0,2026-08-15,SETTLEMENT,MATCHED,TRAIN
786,TRD100773,ACC-EQ-CORE-01,INR,61117.0,61117.0,2026-08-22,SETTLEMENT,MATCHED,TRAIN
787,TRD100774,ACC-EQ-ALPHA-03,INR,367350.0,367350.0,2026-08-20,SETTLEMENT,MATCHED,TRAIN
788,TRD100775,ACC-EQ-CORE-01,INR,189358.0,189358.0,2026-08-14,SETTLEMENT,MATCHED,TRAIN
789,TRD100776,ACC-EQ-ALPHA-03,EUR,1220572.8,1271430.0,2026-08-06,SETTLEMENT,MATCHED,TRAIN
790,TRD100777,ACC-EQ-INDEX-04,INR,46913.0,46913.0,2026-08-10,SETTLEMENT,MATCHED,TRAIN
791,TRD100778,ACC-EQ-CORE-02,INR,688197.5,688197.5,2026-08-17,SETTLEMENT,MATCHED,TRAIN
792,TRD100779,ACC-EQ-CORE-02,INR,845715.0,845715.0,2026-08-18,SETTLEMENT,MATCHED,TRAIN
793,TRD100780,ACC-EQ-CORE-01,INR,1857915.0,1857915.0,2026-08-20,SETTLEMENT,MATCHED,TRAIN
794,TRD100781,ACC-EQ-CORE-01,INR,1687840.0,1687840.0,2026-08-12,SETTLEMENT,MATCHED,TRAIN
795,TRD100782,ACC-EQ-CORE-02,INR,1892500.0,1892500.0,2026-08-16,SETTLEMENT,MATCHED,TRAIN
796,TRD100783,ACC-EQ-CORE-01,INR,1420970.0,1420970.0,2026-08-13,SETTLEMENT,MATCHED,TRAIN
797,TRD100784,ACC-EQ-ALPHA-03,INR,60878.0,60878.0,2026-08-21,SETTLEMENT,MATCHED,TRAIN
799,TRD100786,ACC-EQ-INDEX-04,INR,304270.0,304270.0,2026-08-18,SETTLEMENT,MATCHED,TRAIN
800,TRD100787,ACC-EQ-ALPHA-03,INR,60960.0,60960.0,2026-08-18,SETTLEMENT,MATCHED,TRAIN
801,TRD100788,ACC-EQ-CORE-01,INR,2131477.5,2131477.5,2026-08-21,SETTLEMENT,MATCHED,TEST
802,TRD100789,ACC-EQ-ALPHA-03,INR,194722.0,194722.0,2026-08-10,SETTLEMENT,MATCHED,TRAIN
803,TRD100790,ACC-EQ-CORE-02,INR,2145727.5,2145727.5,2026-08-22,SETTLEMENT,MATCHED,TEST
804,TRD100791,ACC-EQ-CORE-01,INR,739002.0,739002.0,2026-08-17,SETTLEMENT,MATCHED,TRAIN
805,TRD100792,ACC-EQ-CORE-02,INR,3352440.0,3352440.0,2026-08-02,SETTLEMENT,MATCHED,TRAIN
806,TRD100793,ACC-EQ-ALPHA-03,INR,1689400.0,1689400.0,2026-08-07,SETTLEMENT,MATCHED,TEST
807,TRD100794,ACC-EQ-CORE-01,INR,632527.5,632527.5,2026-08-18,SETTLEMENT,MATCHED,TRAIN
808,TRD100795,ACC-EQ-ALPHA-03,INR,259680.0,259680.0,2026-08-02,SETTLEMENT,MATCHED,TEST
809,TRD100796,ACC-EQ-INDEX-04,INR,1897810.0,1897810.0,2026-08-06,SETTLEMENT,MATCHED,TRAIN
810,TRD100797,ACC-EQ-ALPHA-03,INR,845815.0,845815.0,2026-08-15,SETTLEMENT,MATCHED,TRAIN
811,TRD100798,ACC-EQ-CORE-02,INR,917340.0,917340.0,2026-08-06,SETTLEMENT,MATCHED,TRAIN
812,TRD100799,ACC-EQ-CORE-02,INR,309982.5,309982.5,2026-08-06,SETTLEMENT,MATCHED,TRAIN
813,TRD100799,ACC-EQ-CORE-02,INR,309982.5,309982.5,2026-08-06,SETTLEMENT,MATCHED,TRAIN
814,TRD100800,ACC-EQ-CORE-01,INR,821546.0,821546.0,2026-08-06,SETTLEMENT,MATCHED,TRAIN
815,TRD100801,ACC-EQ-ALPHA-03,INR,259875.0,259875.0,2026-08-11,SETTLEMENT,MATCHED,TRAIN
816,TRD100802,ACC-EQ-ALPHA-03,INR,1367400.0,1367400.0,2026-08-07,SETTLEMENT,MATCHED,TEST
817,TRD100803,ACC-EQ-CORE-01,INR,588535.0,588535.0,2026-08-02,SETTLEMENT,MATCHED,TRAIN
818,TRD100804,ACC-EQ-INDEX-04,INR,3788620.0,3788620.0,2026-08-13,SETTLEMENT,MATCHED,TRAIN
819,TRD100805,ACC-EQ-INDEX-04,INR,116830.0,116830.0,2026-08-09,SETTLEMENT,MATCHED,TEST
820,TRD100806,ACC-EQ-CORE-02,INR,129922.5,129922.5,2026-08-09,SETTLEMENT,MATCHED,TRAIN
821,TRD100807,ACC-EQ-INDEX-04,INR,1034587.5,1034587.5,2026-08-16,SETTLEMENT,MATCHED,TRAIN
822,TRD100808,ACC-EQ-CORE-01,INR,26060620.0,26060620.0,2026-08-15,SETTLEMENT,MATCHED,TRAIN
823,TRD100809,ACC-EQ-CORE-01,INR,609700.0,609700.0,2026-08-20,SETTLEMENT,MATCHED,TRAIN
824,TRD100810,ACC-EQ-INDEX-04,INR,940860.0,940860.0,2026-08-03,SETTLEMENT,MATCHED,TRAIN
825,TRD100811,ACC-EQ-CORE-02,INR,5521110.0,5521110.0,2026-08-22,SETTLEMENT,MATCHED,TRAIN
826,TRD100812,ACC-EQ-CORE-02,INR,706050.0,706050.0,2026-08-11,SETTLEMENT,MATCHED,TEST
827,TRD100813,ACC-EQ-INDEX-04,INR,124316.0,124316.0,2026-08-06,SETTLEMENT,MATCHED,TRAIN
828,TRD100814,ACC-EQ-CORE-02,INR,121680.0,121680.0,2026-08-20,SETTLEMENT,MATCHED,TRAIN
829,TRD100815,ACC-EQ-CORE-02,INR,1689570.0,1689570.0,2026-08-07,SETTLEMENT,MATCHED,TRAIN
830,TRD100816,ACC-EQ-CORE-02,INR,3085125.0,3085125.0,2026-08-22,SETTLEMENT,MATCHED,TRAIN
831,TRD100817,ACC-EQ-CORE-01,INR,825850.0,825850.0,2026-08-22,SETTLEMENT,MATCHED,TRAIN
832,TRD100818,ACC-EQ-CORE-02,INR,152402.5,152402.5,2026-08-14,SETTLEMENT,MATCHED,TRAIN
833,TRD100819,ACC-EQ-CORE-01,INR,294065.0,294065.0,2026-08-06,SETTLEMENT,MATCHED,TRAIN
834,TRD100820,ACC-EQ-CORE-02,INR,932745.0,932745.0,2026-08-16,SETTLEMENT,MATCHED,TRAIN
835,TRD100821,ACC-EQ-ALPHA-03,INR,43310.0,43310.0,2026-08-02,SETTLEMENT,MATCHED,TRAIN
836,TRD100822,ACC-EQ-INDEX-04,INR,941140.0,941140.0,2026-08-19,SETTLEMENT,MATCHED,TRAIN
837,TRD100823,ACC-EQ-CORE-01,INR,3348860.0,3348860.0,2026-08-16,SETTLEMENT,MATCHED,TRAIN
838,TRD100824,ACC-EQ-CORE-01,INR,129495.0,129495.0,2026-08-19,SETTLEMENT,MATCHED,TRAIN
839,TRD100825,ACC-EQ-CORE-01,INR,189320.0,189320.0,2026-08-03,SETTLEMENT,MATCHED,TEST
840,TRD100826,ACC-EQ-CORE-02,INR,168358.0,168358.0,2026-08-15,SETTLEMENT,MATCHED,TRAIN
841,TRD100827,ACC-EQ-CORE-01,INR,296437.5,296437.5,2026-08-20,SETTLEMENT,MATCHED,TRAIN
843,TRD100829,ACC-EQ-INDEX-04,INR,2472540.0,2472540.0,2026-08-10,SETTLEMENT,MATCHED,TRAIN
844,TRD100830,ACC-EQ-CORE-01,INR,305515.0,305515.0,2026-08-05,SETTLEMENT,MATCHED,TRAIN
845,TRD100831,ACC-EQ-ALPHA-03,INR,457425.0,457425.0,2026-08-12,SETTLEMENT,MATCHED,TRAIN
846,TRD100832,ACC-EQ-INDEX-04,INR,2360960.0,2360960.0,2026-08-22,SETTLEMENT,MATCHED,TRAIN
847,TRD100833,ACC-EQ-CORE-01,INR,86405.0,86405.0,2026-08-08,SETTLEMENT,MATCHED,TRAIN
848,TRD100834,ACC-EQ-INDEX-04,INR,94002.0,94002.0,2026-08-08,SETTLEMENT,MATCHED,TRAIN
849,TRD100835,ACC-EQ-CORE-01,INR,2846210.0,2846210.0,2026-08-22,SETTLEMENT,MATCHED,TRAIN
850,TRD100836,ACC-EQ-ALPHA-03,INR,456637.5,456637.5,2026-08-04,SETTLEMENT,MATCHED,TRAIN
851,TRD100837,ACC-EQ-INDEX-04,INR,273500.0,273500.0,2026-08-12,SETTLEMENT,MATCHED,TRAIN
852,TRD100838,ACC-EQ-INDEX-04,INR,3235070.0,3235070.0,2026-08-12,SETTLEMENT,MATCHED,TRAIN
853,TRD100839,ACC-EQ-INDEX-04,INR,274960.0,274960.0,2026-08-17,SETTLEMENT,MATCHED,TRAIN
854,TRD100840,ACC-EQ-ALPHA-03,INR,706365.0,706365.0,2026-08-03,SETTLEMENT,MATCHED,TRAIN
855,TRD100841,ACC-EQ-CORE-01,INR,366941.0,366941.0,2026-08-12,SETTLEMENT,MATCHED,TRAIN
856,TRD100842,ACC-EQ-CORE-02,INR,123880.0,123880.0,2026-08-14,SETTLEMENT,MATCHED,TRAIN
857,TRD100843,ACC-EQ-ALPHA-03,INR,379438.0,379438.0,2026-08-11,SETTLEMENT,MATCHED,TRAIN
858,TRD100844,ACC-EQ-INDEX-04,INR,1853505.0,1853505.0,2026-08-09,SETTLEMENT,MATCHED,TRAIN
859,TRD100845,ACC-EQ-CORE-02,INR,1252320.0,1252320.0,2026-08-13,SETTLEMENT,MATCHED,TRAIN
860,TRD100846,ACC-EQ-CORE-02,INR,47030.0,47030.0,2026-08-18,SETTLEMENT,MATCHED,TEST
861,TRD100847,ACC-EQ-ALPHA-03,INR,345700.0,345700.0,2026-08-18,SETTLEMENT,MATCHED,TRAIN
862,TRD100848,ACC-EQ-CORE-02,INR,550888.0,550888.0,2026-08-18,SETTLEMENT,MATCHED,TRAIN
863,TRD100848,ACC-EQ-CORE-02,INR,550888.0,550888.0,2026-08-18,SETTLEMENT,MATCHED,TRAIN
864,TRD100849,ACC-EQ-CORE-01,INR,61010.0,61010.0,2026-08-18,SETTLEMENT,MATCHED,TRAIN
865,TRD100850,ACC-EQ-ALPHA-03,INR,17277.0,17277.0,2026-08-21,SETTLEMENT,MATCHED,TRAIN
866,TRD100851,ACC-EQ-ALPHA-03,INR,17177.0,17177.0,2026-08-11,SETTLEMENT,MATCHED,TRAIN
867,TRD100852,ACC-EQ-ALPHA-03,INR,421500.0,421500.0,2026-08-10,SETTLEMENT,MATCHED,TRAIN
868,TRD100853,ACC-EQ-CORE-01,INR,390250.0,390250.0,2026-08-07,SETTLEMENT,MATCHED,TRAIN
869,TRD100854,ACC-EQ-ALPHA-03,INR,235358.0,235358.0,2026-08-13,SETTLEMENT,MATCHED,TRAIN
870,TRD100855,ACC-EQ-ALPHA-03,INR,1418775.0,1418775.0,2026-08-07,SETTLEMENT,MATCHED,TEST
871,TRD100856,ACC-EQ-CORE-01,INR,7327240.0,7327240.0,2026-08-02,SETTLEMENT,MATCHED,TRAIN
872,TRD100857,ACC-EQ-INDEX-04,INR,168340.0,168340.0,2026-08-14,SETTLEMENT,MATCHED,TEST
873,TRD100858,ACC-EQ-INDEX-04,INR,1244740.0,1244740.0,2026-08-19,SETTLEMENT,MATCHED,TEST
874,TRD100858,ACC-EQ-INDEX-04,INR,1244740.0,1244740.0,2026-08-19,SETTLEMENT,MATCHED,TEST
875,TRD100859,ACC-EQ-INDEX-04,INR,8208300.0,8208300.0,2026-08-11,SETTLEMENT,MATCHED,TRAIN
876,TRD100860,ACC-EQ-ALPHA-03,INR,834615.0,834615.0,2026-08-21,SETTLEMENT,MATCHED,TEST
877,TRD100861,ACC-EQ-INDEX-04,INR,1895760.0,1895760.0,2026-08-12,SETTLEMENT,MATCHED,TEST
878,TRD100862,ACC-EQ-CORE-02,INR,9112656.0,8209600.0,2026-08-17,SETTLEMENT,MATCHED,TRAIN
879,TRD100863,ACC-EQ-CORE-01,INR,2748470.0,2748470.0,2026-08-06,SETTLEMENT,MATCHED,TRAIN
880,TRD100864,ACC-EQ-ALPHA-03,INR,2591480.0,2591480.0,2026-08-22,SETTLEMENT,MATCHED,TRAIN
881,TRD100865,ACC-EQ-CORE-02,INR,2528970.0,2528970.0,2026-08-09,SETTLEMENT,MATCHED,TRAIN
882,TRD100866,ACC-EQ-INDEX-04,INR,337542.0,337542.0,2026-08-20,SETTLEMENT,MATCHED,TRAIN
883,TRD100867,ACC-EQ-INDEX-04,INR,1834060.0,1834060.0,2026-08-04,SETTLEMENT,MATCHED,TRAIN
884,TRD100868,ACC-EQ-CORE-02,INR,2356380.0,2356380.0,2026-08-05,SETTLEMENT,MATCHED,TRAIN
885,TRD100869,ACC-EQ-ALPHA-03,INR,338412.0,338412.0,2026-08-21,SETTLEMENT,MATCHED,TRAIN
886,TRD100870,ACC-EQ-CORE-01,INR,194769.0,194769.0,2026-08-06,SETTLEMENT,MATCHED,TRAIN
887,TRD100871,ACC-EQ-INDEX-04,INR,488695.0,488695.0,2026-08-11,SETTLEMENT,MATCHED,TRAIN
888,TRD100872,ACC-EQ-ALPHA-03,INR,1671850.0,1671850.0,2026-08-11,SETTLEMENT,MATCHED,TRAIN
889,TRD100873,ACC-EQ-CORE-02,INR,118157.0,118157.0,2026-08-18,SETTLEMENT,MATCHED,TRAIN
890,TRD100874,ACC-EQ-ALPHA-03,INR,2861930.0,2861930.0,2026-08-03,SETTLEMENT,MATCHED,TRAIN
891,TRD100875,ACC-EQ-INDEX-04,INR,9770602.5,9770602.5,2026-08-09,SETTLEMENT,MATCHED,TRAIN
892,TRD100876,ACC-EQ-CORE-02,INR,914670.0,914670.0,2026-08-15,SETTLEMENT,MATCHED,TRAIN
893,TRD100877,ACC-EQ-INDEX-04,INR,116860.0,116860.0,2026-08-14,SETTLEMENT,MATCHED,TRAIN
894,TRD100878,ACC-EQ-CORE-01,INR,309065.0,309065.0,2026-08-04,SETTLEMENT,MATCHED,TRAIN
895,TRD100879,ACC-EQ-CORE-02,INR,1002548.4,1222620.0,2026-08-06,SETTLEMENT,MATCHED,TRAIN
896,TRD100880,ACC-EQ-CORE-02,INR,26062180.0,26062180.0,2026-08-21,SETTLEMENT,MATCHED,TRAIN
897,TRD100881,ACC-EQ-ALPHA-03,INR,5523105.0,5523105.0,2026-08-16,SETTLEMENT,MATCHED,TRAIN
898,TRD100882,ACC-EQ-CORE-02,INR,2838420.0,2838420.0,2026-08-20,SETTLEMENT,MATCHED,TRAIN
899,TRD100883,ACC-EQ-INDEX-04,INR,1682510.0,1682510.0,2026-08-03,SETTLEMENT,MATCHED,TRAIN
901,TRD100885,ACC-EQ-CORE-02,INR,736202.0,736202.0,2026-08-21,SETTLEMENT,MATCHED,TEST
902,TRD100886,ACC-EQ-ALPHA-03,INR,391860.0,391860.0,2026-08-19,SETTLEMENT,MATCHED,TRAIN
903,TRD100887,ACC-EQ-INDEX-04,INR,172510.0,172510.0,2026-08-02,SETTLEMENT,MATCHED,TRAIN
904,TRD100888,ACC-EQ-CORE-02,INR,1179320.0,1179320.0,2026-08-11,SETTLEMENT,MATCHED,TRAIN
905,TRD100889,ACC-EQ-CORE-01,INR,458805.0,458805.0,2026-08-20,SETTLEMENT,MATCHED,TRAIN
906,TRD100890,ACC-EQ-CORE-01,INR,295277.5,295277.5,2026-08-11,SETTLEMENT,MATCHED,TRAIN
907,TRD100891,ACC-EQ-ALPHA-03,INR,93430.0,93430.0,2026-08-04,SETTLEMENT,MATCHED,TEST
908,TRD100892,ACC-EQ-CORE-01,INR,883200.0,883200.0,2026-08-10,SETTLEMENT,MATCHED,TRAIN
909,TRD100893,ACC-EQ-ALPHA-03,INR,43180.0,43180.0,2026-08-13,SETTLEMENT,MATCHED,TRAIN
910,TRD100894,ACC-EQ-CORE-01,INR,117575.0,117575.0,2026-08-03,SETTLEMENT,MATCHED,TEST
911,TRD100895,ACC-EQ-CORE-02,INR,296057.5,296057.5,2026-08-15,SETTLEMENT,MATCHED,TRAIN
912,TRD100896,ACC-EQ-ALPHA-03,INR,152147.5,152147.5,2026-08-13,SETTLEMENT,MATCHED,TRAIN
913,TRD100897,ACC-EQ-INDEX-04,INR,712367.5,712367.5,2026-08-17,SETTLEMENT,MATCHED,TEST
914,TRD100898,ACC-EQ-INDEX-04,INR,2534955.0,2534955.0,2026-08-06,SETTLEMENT,MATCHED,TRAIN
915,TRD100899,ACC-EQ-CORE-01,INR,2478680.0,2478680.0,2026-08-12,SETTLEMENT,MATCHED,TRAIN
916,TRD100900,ACC-EQ-ALPHA-03,INR,173240.0,173240.0,2026-08-15,SETTLEMENT,MATCHED,TRAIN
917,TRD100901,ACC-EQ-INDEX-04,INR,933412.5,933412.5,2026-08-10,SETTLEMENT,MATCHED,TRAIN
919,TRD100903,ACC-EQ-INDEX-04,INR,84706.0,84706.0,2026-08-04,SETTLEMENT,MATCHED,TRAIN
920,TRD100904,ACC-EQ-ALPHA-03,INR,737396.0,737396.0,2026-08-13,SETTLEMENT,MATCHED,TEST
921,TRD100905,ACC-EQ-CORE-02,INR,166722.0,166722.0,2026-08-04,SETTLEMENT,MATCHED,TEST
922,TRD100906,ACC-EQ-INDEX-04,INR,121566.0,121566.0,2026-08-21,SETTLEMENT,MATCHED,TEST
923,TRD100907,ACC-EQ-INDEX-04,INR,34558.0,34558.0,2026-08-10,SETTLEMENT,MATCHED,TRAIN
924,TRD100908,ACC-EQ-ALPHA-03,INR,3927940.0,3927940.0,2026-08-10,SETTLEMENT,MATCHED,TRAIN
925,TRD100909,ACC-EQ-INDEX-04,INR,377218.0,377218.0,2026-08-03,SETTLEMENT,MATCHED,TRAIN
926,TRD100910,ACC-EQ-INDEX-04,INR,2147617.5,2147617.5,2026-08-10,SETTLEMENT,MATCHED,TRAIN
927,TRD100911,ACC-EQ-INDEX-04,INR,234710.0,234710.0,2026-08-07,SETTLEMENT,MATCHED,TRAIN
928,TRD100912,ACC-EQ-INDEX-04,GBP,2714371.2,2827470.0,2026-08-22,SETTLEMENT,MATCHED,TEST
929,TRD100913,ACC-EQ-ALPHA-03,INR,410315.0,410315.0,2026-08-20,SETTLEMENT,MATCHED,TRAIN
930,TRD100914,ACC-EQ-CORE-01,INR,5680980.0,5680980.0,2026-08-22,SETTLEMENT,MATCHED,TRAIN
931,TRD100915,ACC-EQ-CORE-01,GBP,317036.4,310820.0,2026-08-14,SETTLEMENT,MATCHED,TRAIN
932,TRD100916,ACC-EQ-CORE-02,INR,702675.0,702675.0,2026-08-04,SETTLEMENT,MATCHED,TEST
933,TRD100917,ACC-EQ-ALPHA-03,INR,3368000.0,3368000.0,2026-08-19,SETTLEMENT,MATCHED,TRAIN
934,TRD100918,ACC-EQ-ALPHA-03,INR,169264.0,169264.0,2026-08-22,SETTLEMENT,MATCHED,TRAIN
935,TRD100918,ACC-EQ-ALPHA-03,INR,169264.0,169264.0,2026-08-22,SETTLEMENT,MATCHED,TRAIN
936,TRD100919,ACC-EQ-CORE-02,INR,8262960.0,8262960.0,2026-08-11,SETTLEMENT,MATCHED,TRAIN
937,TRD100920,ACC-EQ-INDEX-04,INR,369736.0,369736.0,2026-08-08,SETTLEMENT,MATCHED,TRAIN
938,TRD100921,ACC-EQ-CORE-02,INR,1955440.0,1955440.0,2026-08-22,SETTLEMENT,MATCHED,TEST
939,TRD100922,ACC-EQ-INDEX-04,INR,1418485.0,1418485.0,2026-08-20,SETTLEMENT,MATCHED,TRAIN
940,TRD100923,ACC-EQ-CORE-01,INR,3090555.0,3090555.0,2026-08-16,SETTLEMENT,MATCHED,TRAIN
941,TRD100924,ACC-EQ-CORE-01,INR,2858700.0,2858700.0,2026-08-03,SETTLEMENT,MATCHED,TRAIN
942,TRD100925,ACC-EQ-CORE-02,INR,5515360.0,5515360.0,2026-08-19,SETTLEMENT,MATCHED,TEST
943,TRD100926,ACC-EQ-CORE-01,INR,712545.0,712545.0,2026-08-02,SETTLEMENT,MATCHED,TRAIN
944,TRD100927,ACC-EQ-ALPHA-03,INR,151847.5,151847.5,2026-08-22,SETTLEMENT,MATCHED,TRAIN
945,TRD100928,ACC-EQ-CORE-01,INR,117617.5,117617.5,2026-08-04,SETTLEMENT,MATCHED,TRAIN
946,TRD100929,ACC-EQ-ALPHA-03,INR,587545.0,587545.0,2026-08-08,SETTLEMENT,MATCHED,TRAIN
947,TRD100930,ACC-EQ-CORE-02,INR,169924.0,169924.0,2026-08-20,SETTLEMENT,MATCHED,TRAIN
948,TRD100931,ACC-EQ-ALPHA-03,INR,6507150.0,6507150.0,2026-08-20,SETTLEMENT,MATCHED,TRAIN
949,TRD100932,ACC-EQ-ALPHA-03,INR,3079477.5,3079477.5,2026-08-15,SETTLEMENT,MATCHED,TEST
950,TRD100933,ACC-EQ-CORE-01,INR,235450.0,235450.0,2026-08-03,SETTLEMENT,MATCHED,TRAIN
951,TRD100934,ACC-EQ-CORE-01,INR,683075.0,683075.0,2026-08-17,SETTLEMENT,MATCHED,TRAIN
952,TRD100935,ACC-EQ-INDEX-04,INR,378842.0,378842.0,2026-08-20,SETTLEMENT,MATCHED,TRAIN
953,TRD100936,ACC-EQ-INDEX-04,INR,152140.0,152140.0,2026-08-22,SETTLEMENT,MATCHED,TEST
954,TRD100937,ACC-EQ-CORE-02,EUR,433936.69,419262.5,2026-08-03,SETTLEMENT,MATCHED,TRAIN
955,TRD100938,ACC-EQ-INDEX-04,INR,215078.5,236350.0,2026-08-11,SETTLEMENT,MATCHED,TRAIN
956,TRD100939,ACC-EQ-ALPHA-03,INR,1834405.0,1834405.0,2026-08-18,SETTLEMENT,MATCHED,TRAIN
957,TRD100940,ACC-EQ-CORE-02,INR,233925.0,233925.0,2026-08-08,SETTLEMENT,MATCHED,TEST
958,TRD100941,ACC-EQ-ALPHA-03,INR,116825.0,116825.0,2026-08-03,SETTLEMENT,MATCHED,TRAIN
959,TRD100942,ACC-EQ-CORE-01,INR,2506560.0,2506560.0,2026-08-21,SETTLEMENT,MATCHED,TRAIN
960,TRD100943,ACC-EQ-CORE-01,INR,61294.0,61294.0,2026-08-07,SETTLEMENT,MATCHED,TRAIN
961,TRD100944,ACC-EQ-INDEX-04,INR,732872.0,732872.0,2026-08-09,SETTLEMENT,MATCHED,TRAIN
962,TRD100945,ACC-EQ-CORE-01,INR,847290.0,847290.0,2026-08-12,SETTLEMENT,MATCHED,TRAIN
963,TRD100946,ACC-EQ-INDEX-04,INR,334160.0,334160.0,2026-08-15,SETTLEMENT,MATCHED,TRAIN
964,TRD100947,ACC-EQ-CORE-02,INR,8248520.0,8248520.0,2026-08-03,SETTLEMENT,MATCHED,TEST
965,TRD100948,ACC-EQ-INDEX-04,INR,343780.0,343780.0,2026-08-13,SETTLEMENT,MATCHED,TEST
966,TRD100949,ACC-EQ-CORE-02,INR,1965000.0,1965000.0,2026-08-08,SETTLEMENT,MATCHED,TRAIN
967,TRD100950,ACC-EQ-INDEX-04,INR,60901.0,60901.0,2026-08-05,SETTLEMENT,MATCHED,TEST
968,TRD100951,ACC-EQ-CORE-02,INR,1885000.0,1885000.0,2026-08-11,SETTLEMENT,MATCHED,TRAIN
969,TRD100952,ACC-EQ-CORE-02,INR,652330.35,587685.0,2026-08-18,SETTLEMENT,MATCHED,TRAIN
970,TRD100953,ACC-EQ-CORE-02,INR,25902680.0,25902680.0,2026-08-15,SETTLEMENT,MATCHED,TRAIN
971,TRD100954,ACC-EQ-CORE-01,INR,1269405.0,1269405.0,2026-08-20,SETTLEMENT,MATCHED,TEST
972,TRD100955,ACC-EQ-INDEX-04,INR,286450.0,286450.0,2026-08-18,SETTLEMENT,MATCHED,TRAIN
973,TRD100956,ACC-EQ-CORE-01,INR,93736.0,93736.0,2026-08-09,SETTLEMENT,MATCHED,TRAIN
974,TRD100957,ACC-EQ-CORE-01,USD,388932.98,418207.5,2026-08-09,SETTLEMENT,MATCHED,TRAIN
975,TRD100958,ACC-EQ-CORE-01,INR,350482.5,350482.5,2026-08-16,SETTLEMENT,MATCHED,TRAIN
976,TRD100959,ACC-EQ-ALPHA-03,INR,117662.5,117662.5,2026-08-14,SETTLEMENT,MATCHED,TEST
977,TRD100960,ACC-EQ-ALPHA-03,INR,61255.0,61255.0,2026-08-04,SETTLEMENT,MATCHED,TRAIN
978,TRD100961,ACC-EQ-CORE-02,INR,1865910.0,1865910.0,2026-08-21,SETTLEMENT,MATCHED,TRAIN
979,TRD100962,ACC-EQ-ALPHA-03,INR,1183030.0,1183030.0,2026-08-03,SETTLEMENT,MATCHED,TEST
980,TRD100963,ACC-EQ-ALPHA-03,INR,6172815.0,6172815.0,2026-08-21,SETTLEMENT,MATCHED,TEST
981,TRD100964,ACC-EQ-ALPHA-03,INR,378290.0,378290.0,2026-08-08,SETTLEMENT,MATCHED,TRAIN
982,TRD100965,ACC-EQ-CORE-02,INR,737126.0,737126.0,2026-08-20,SETTLEMENT,MATCHED,TRAIN
983,TRD100966,ACC-EQ-INDEX-04,INR,848960.0,848960.0,2026-08-18,SETTLEMENT,MATCHED,TRAIN
984,TRD100967,ACC-EQ-CORE-01,INR,569374.0,569374.0,2026-08-16,SETTLEMENT,MATCHED,TRAIN
985,TRD100968,ACC-EQ-CORE-01,INR,457545.0,457545.0,2026-08-13,SETTLEMENT,MATCHED,TRAIN
986,TRD100969,ACC-EQ-ALPHA-03,INR,343480.0,343480.0,2026-08-14,SETTLEMENT,MATCHED,TRAIN
987,TRD100970,ACC-EQ-CORE-02,INR,1027880.0,1027880.0,2026-08-06,SETTLEMENT,MATCHED,TRAIN
988,TRD100971,ACC-EQ-INDEX-04,INR,367254.0,367254.0,2026-08-19,SETTLEMENT,MATCHED,TRAIN
989,TRD100972,ACC-EQ-CORE-02,INR,3388840.0,3388840.0,2026-08-02,SETTLEMENT,MATCHED,TRAIN
990,TRD100973,ACC-EQ-ALPHA-03,INR,1430025.0,1430025.0,2026-08-18,SETTLEMENT,MATCHED,TRAIN
991,TRD100974,ACC-EQ-INDEX-04,INR,1182090.0,1182090.0,2026-08-12,SETTLEMENT,MATCHED,TEST
992,TRD100975,ACC-EQ-ALPHA-03,INR,311435.0,311435.0,2026-08-11,SETTLEMENT,MATCHED,TRAIN
993,TRD100976,ACC-EQ-ALPHA-03,INR,471110.0,471110.0,2026-08-03,SETTLEMENT,MATCHED,TRAIN
994,TRD100977,ACC-EQ-ALPHA-03,INR,96239.3,117365.0,2026-08-07,SETTLEMENT,MATCHED,TRAIN
995,TRD100978,ACC-EQ-ALPHA-03,INR,470975.0,470975.0,2026-08-05,SETTLEMENT,MATCHED,TRAIN
996,TRD100979,ACC-EQ-CORE-01,INR,351217.5,351217.5,2026-08-08,SETTLEMENT,MATCHED,TRAIN
997,TRD100980,ACC-EQ-ALPHA-03,INR,211132.5,211132.5,2026-08-19,SETTLEMENT,MATCHED,TRAIN
998,TRD100981,ACC-EQ-INDEX-04,INR,17229.0,17229.0,2026-08-17,SETTLEMENT,MATCHED,TEST
999,TRD100982,ACC-EQ-ALPHA-03,INR,189919.0,189919.0,2026-08-19,SETTLEMENT,MATCHED,TRAIN
1000,TRD100982,ACC-EQ-ALPHA-03,INR,189919.0,189919.0,2026-08-19,SETTLEMENT,MATCHED,TRAIN
1001,TRD100983,ACC-EQ-CORE-02,INR,353325.0,353325.0,2026-08-20,SETTLEMENT,MATCHED,TRAIN
1002,TRD100984,ACC-EQ-CORE-01,INR,169512.0,169512.0,2026-08-03,SETTLEMENT,MATCHED,TRAIN
1003,TRD100984,ACC-EQ-CORE-01,INR,169512.0,169512.0,2026-08-03,SETTLEMENT,MATCHED,TRAIN
1004,TRD100985,ACC-EQ-ALPHA-03,INR,4280775.0,4280775.0,2026-08-09,SETTLEMENT,MATCHED,TRAIN
1005,TRD100986,ACC-EQ-CORE-02,INR,84651.0,84651.0,2026-08-08,SETTLEMENT,MATCHED,TEST
1006,TRD100987,ACC-EQ-CORE-01,INR,166822.0,166822.0,2026-08-16,SETTLEMENT,MATCHED,TRAIN
1007,TRD100988,ACC-EQ-CORE-01,INR,3344300.0,3344300.0,2026-08-21,SETTLEMENT,MATCHED,TEST
1008,TRD100989,ACC-EQ-INDEX-04,INR,423512.5,423512.5,2026-08-15,SETTLEMENT,MATCHED,TRAIN
1009,TRD100990,ACC-EQ-CORE-01,INR,2134560.0,2134560.0,2026-08-11,SETTLEMENT,MATCHED,TRAIN
1010,TRD100991,ACC-EQ-ALPHA-03,INR,1223640.0,1223640.0,2026-08-15,SETTLEMENT,MATCHED,TRAIN
1011,TRD100992,ACC-EQ-CORE-01,INR,4127820.0,4127820.0,2026-08-15,SETTLEMENT,MATCHED,TRAIN
1012,TRD100993,ACC-EQ-CORE-01,INR,1256077.5,1256077.5,2026-08-18,SETTLEMENT,MATCHED,TRAIN
1013,TRD100994,ACC-EQ-CORE-02,INR,411702.0,411702.0,2026-08-10,SETTLEMENT,MATCHED,TRAIN
1014,TRD100995,ACC-EQ-INDEX-04,INR,152127.5,152127.5,2026-08-14,SETTLEMENT,MATCHED,TEST
1015,TRD100996,ACC-EQ-INDEX-04,INR,9767572.5,9767572.5,2026-08-11,SETTLEMENT,MATCHED,TRAIN
1016,TRD100997,ACC-EQ-INDEX-04,INR,284064.0,284064.0,2026-08-11,SETTLEMENT,MATCHED,TRAIN
1017,TRD100998,ACC-EQ-CORE-02,INR,1465560.0,1465560.0,2026-08-17,SETTLEMENT,MATCHED,TRAIN
1018,TRD100999,ACC-EQ-ALPHA-03,INR,2812213.95,3090345.0,2026-08-04,SETTLEMENT,MATCHED,TEST
1019,TRD101000,ACC-EQ-INDEX-04,INR,1776900.0,1776900.0,2026-08-22,SETTLEMENT,MATCHED,TEST
1020,TRD101001,ACC-EQ-CORE-01,INR,84852.0,84852.0,2026-08-07,SETTLEMENT,MATCHED,TRAIN
1021,TRD101002,ACC-EQ-CORE-02,INR,1697600.0,1697600.0,2026-08-06,SETTLEMENT,MATCHED,TRAIN
1022,TRD101003,ACC-EQ-ALPHA-03,INR,1239800.0,1239800.0,2026-08-13,SETTLEMENT,MATCHED,TRAIN
1023,TRD101004,ACC-EQ-CORE-01,INR,736132.0,736132.0,2026-08-22,SETTLEMENT,MATCHED,TRAIN
1024,TRD101005,ACC-EQ-ALPHA-03,INR,3693860.0,3693860.0,2026-08-11,SETTLEMENT,MATCHED,TRAIN
1025,TRD101005,ACC-EQ-ALPHA-03,INR,3693860.0,3693860.0,2026-08-11,SETTLEMENT,MATCHED,TRAIN
1026,TRD101006,ACC-EQ-ALPHA-03,INR,3692050.0,3692050.0,2026-08-02,SETTLEMENT,MATCHED,TRAIN
1027,TRD101007,ACC-EQ-CORE-02,INR,5486360.0,5486360.0,2026-08-07,SETTLEMENT,MATCHED,TRAIN
1028,TRD101008,ACC-EQ-CORE-01,INR,1846175.0,1846175.0,2026-08-19,SETTLEMENT,MATCHED,TRAIN
1029,TRD101009,ACC-EQ-INDEX-04,INR,93420.0,93420.0,2026-08-06,SETTLEMENT,MATCHED,TRAIN
1030,TRD101010,ACC-EQ-ALPHA-03,INR,1236320.0,1236320.0,2026-08-16,SETTLEMENT,MATCHED,TRAIN
1031,TRD101010,ACC-EQ-ALPHA-03,INR,1236320.0,1236320.0,2026-08-16,SETTLEMENT,MATCHED,TRAIN
1032,TRD101011,ACC-EQ-CORE-02,INR,455602.5,455602.5,2026-08-05,SETTLEMENT,MATCHED,TRAIN
1033,TRD101012,ACC-EQ-CORE-01,INR,304585.0,304585.0,2026-08-08,SETTLEMENT,MATCHED,TRAIN
1034,TRD101013,ACC-EQ-CORE-01,INR,121554.0,121554.0,2026-08-17,SETTLEMENT,MATCHED,TRAIN
1035,TRD101014,ACC-EQ-CORE-01,INR,413283.0,413283.0,2026-08-18,SETTLEMENT,MATCHED,TRAIN
1036,TRD101015,ACC-EQ-CORE-01,INR,3076447.5,3076447.5,2026-08-11,SETTLEMENT,MATCHED,TRAIN
1037,TRD101016,ACC-EQ-CORE-02,INR,551426.0,551426.0,2026-08-08,SETTLEMENT,MATCHED,TRAIN
1038,TRD101017,ACC-EQ-ALPHA-03,INR,1946490.0,1946490.0,2026-08-06,SETTLEMENT,MATCHED,TRAIN
1040,TRD101019,ACC-EQ-CORE-02,INR,1648934.98,1298374.0,2026-08-08,SETTLEMENT,MATCHED,TRAIN
1041,TRD101020,ACC-EQ-INDEX-04,INR,122588.0,122588.0,2026-08-18,SETTLEMENT,MATCHED,TRAIN
1042,TRD101021,ACC-EQ-ALPHA-03,INR,152495.0,152495.0,2026-08-05,SETTLEMENT,MATCHED,TRAIN
1043,TRD101022,ACC-EQ-ALPHA-03,INR,845320.0,845320.0,2026-08-15,SETTLEMENT,MATCHED,TRAIN
1044,TRD101023,ACC-EQ-ALPHA-03,INR,93798.0,93798.0,2026-08-17,SETTLEMENT,MATCHED,TRAIN
1045,TRD101024,ACC-EQ-INDEX-04,INR,4120490.0,4120490.0,2026-08-14,SETTLEMENT,MATCHED,TRAIN
1046,TRD101025,ACC-EQ-INDEX-04,INR,3900680.0,3900680.0,2026-08-15,SETTLEMENT,MATCHED,TEST
1047,TRD101026,ACC-EQ-ALPHA-03,INR,2606248.0,2606248.0,2026-08-17,SETTLEMENT,MATCHED,TRAIN
1048,TRD101027,ACC-EQ-CORE-01,INR,5710820.0,5710820.0,2026-08-14,SETTLEMENT,MATCHED,TRAIN
1049,TRD101028,ACC-EQ-CORE-02,INR,2832630.0,2832630.0,2026-08-20,SETTLEMENT,MATCHED,TRAIN
1050,TRD101029,ACC-EQ-CORE-01,INR,422120.0,422120.0,2026-08-21,SETTLEMENT,MATCHED,TRAIN
1051,TRD101030,ACC-EQ-ALPHA-03,INR,19513845.0,19513845.0,2026-08-10,SETTLEMENT,MATCHED,TRAIN
1052,TRD101031,ACC-EQ-ALPHA-03,INR,1694020.0,1694020.0,2026-08-14,SETTLEMENT,MATCHED,TRAIN
1053,TRD101032,ACC-EQ-INDEX-04,INR,5469680.0,5469680.0,2026-08-10,SETTLEMENT,MATCHED,TRAIN
1054,TRD101033,ACC-EQ-INDEX-04,INR,486625.0,486625.0,2026-08-03,SETTLEMENT,MATCHED,TRAIN
1055,TRD101033,ACC-EQ-INDEX-04,INR,486625.0,486625.0,2026-08-03,SETTLEMENT,MATCHED,TRAIN
1057,TRD101035,ACC-EQ-INDEX-04,INR,550004.0,550004.0,2026-08-18,SETTLEMENT,MATCHED,TRAIN
1058,TRD101036,ACC-EQ-ALPHA-03,INR,2481360.0,2481360.0,2026-08-10,SETTLEMENT,MATCHED,TRAIN
1059,TRD101037,ACC-EQ-INDEX-04,INR,275907.0,275907.0,2026-08-05,SETTLEMENT,MATCHED,TRAIN
1060,TRD101038,ACC-EQ-CORE-02,INR,19458810.0,19458810.0,2026-08-03,SETTLEMENT,MATCHED,TEST
1061,TRD101039,ACC-EQ-INDEX-04,INR,43110.0,43110.0,2026-08-06,SETTLEMENT,MATCHED,TRAIN
1062,TRD101040,ACC-EQ-INDEX-04,INR,549498.0,549498.0,2026-08-17,SETTLEMENT,MATCHED,TRAIN
1063,TRD101041,ACC-EQ-INDEX-04,INR,920100.0,920100.0,2026-08-14,SETTLEMENT,MATCHED,TRAIN
1064,TRD101042,ACC-EQ-CORE-01,INR,1183400.0,1183400.0,2026-08-11,SETTLEMENT,MATCHED,TRAIN
1065,TRD101043,ACC-EQ-CORE-01,INR,117586.0,117586.0,2026-08-13,SETTLEMENT,MATCHED,TRAIN
1066,TRD101044,ACC-EQ-ALPHA-03,INR,337838.0,337838.0,2026-08-13,SETTLEMENT,MATCHED,TRAIN
1067,TRD101045,ACC-EQ-CORE-01,INR,975380.0,975380.0,2026-08-22,SETTLEMENT,MATCHED,TRAIN
1068,TRD101046,ACC-EQ-ALPHA-03,INR,9697470.0,9697470.0,2026-08-07,SETTLEMENT,MATCHED,TRAIN
1069,TRD101047,ACC-EQ-CORE-01,INR,703830.0,703830.0,2026-08-15,SETTLEMENT,MATCHED,TRAIN
1070,TRD101048,ACC-EQ-INDEX-04,INR,118598.0,118598.0,2026-08-14,SETTLEMENT,MATCHED,TRAIN
1071,TRD101049,ACC-EQ-CORE-02,INR,236778.0,236778.0,2026-08-05,SETTLEMENT,MATCHED,TRAIN
1072,TRD101049,ACC-EQ-CORE-02,INR,236778.0,236778.0,2026-08-05,SETTLEMENT,MATCHED,TRAIN
1073,TRD101050,ACC-EQ-INDEX-04,INR,467340.0,467340.0,2026-08-11,SETTLEMENT,MATCHED,TRAIN
1074,TRD101051,ACC-EQ-ALPHA-03,INR,94100.0,94100.0,2026-08-19,SETTLEMENT,MATCHED,TEST
1075,TRD101052,ACC-EQ-CORE-01,INR,2148480.0,2148480.0,2026-08-14,SETTLEMENT,MATCHED,TRAIN
1076,TRD101053,ACC-EQ-INDEX-04,INR,1177580.0,1177580.0,2026-08-20,SETTLEMENT,MATCHED,TRAIN
1077,TRD101054,ACC-EQ-ALPHA-03,INR,1680150.0,1680150.0,2026-08-22,SETTLEMENT,MATCHED,TRAIN
1078,TRD101055,ACC-EQ-INDEX-04,INR,1949830.0,1949830.0,2026-08-14,SETTLEMENT,MATCHED,TEST
1079,TRD101056,ACC-EQ-INDEX-04,INR,17267.0,17267.0,2026-08-18,SETTLEMENT,MATCHED,TRAIN
1080,TRD101057,ACC-EQ-INDEX-04,INR,3902320.0,3902320.0,2026-08-22,SETTLEMENT,MATCHED,TEST
1081,TRD101058,ACC-EQ-CORE-02,INR,1837580.0,1837580.0,2026-08-06,SETTLEMENT,MATCHED,TRAIN
1082,TRD101059,ACC-EQ-CORE-02,INR,19452525.0,19452525.0,2026-08-04,SETTLEMENT,MATCHED,TRAIN
1083,TRD101060,ACC-EQ-CORE-02,INR,931957.5,931957.5,2026-08-10,SETTLEMENT,MATCHED,TEST
1084,TRD101061,ACC-EQ-ALPHA-03,INR,333868.0,333868.0,2026-08-02,SETTLEMENT,MATCHED,TRAIN
1085,TRD101062,ACC-EQ-CORE-02,INR,702795.0,702795.0,2026-08-03,SETTLEMENT,MATCHED,TRAIN
1086,TRD101063,ACC-EQ-CORE-02,INR,188573.0,188573.0,2026-08-10,SETTLEMENT,MATCHED,TRAIN
1087,TRD101064,ACC-EQ-ALPHA-03,INR,1224140.0,1224140.0,2026-08-03,SETTLEMENT,MATCHED,TRAIN
1088,TRD101065,ACC-EQ-CORE-01,INR,2606398.0,2606398.0,2026-08-15,SETTLEMENT,MATCHED,TEST
1089,TRD101066,ACC-EQ-CORE-01,INR,3236435.0,3236435.0,2026-08-20,SETTLEMENT,MATCHED,TEST
1090,TRD101067,ACC-EQ-ALPHA-03,INR,93534.0,93534.0,2026-08-05,SETTLEMENT,MATCHED,TRAIN
1091,TRD101068,ACC-EQ-CORE-01,INR,1254689.8,1378780.0,2026-08-08,SETTLEMENT,MATCHED,TRAIN
1092,TRD101069,ACC-EQ-CORE-01,INR,1255642.5,1255642.5,2026-08-10,SETTLEMENT,MATCHED,TRAIN
1093,TRD101070,ACC-EQ-INDEX-04,INR,3687500.0,3687500.0,2026-08-05,SETTLEMENT,MATCHED,TRAIN
1094,TRD101071,ACC-EQ-INDEX-04,INR,982380.0,982380.0,2026-08-06,SETTLEMENT,MATCHED,TEST
1095,TRD101072,ACC-EQ-CORE-01,INR,9688380.0,9688380.0,2026-08-21,SETTLEMENT,MATCHED,TRAIN
1096,TRD101073,ACC-EQ-CORE-01,INR,1857645.0,1857645.0,2026-08-13,SETTLEMENT,MATCHED,TRAIN
1097,TRD101074,ACC-EQ-ALPHA-03,INR,25931040.0,25931040.0,2026-08-14,SETTLEMENT,MATCHED,TRAIN
1098,TRD101075,ACC-EQ-ALPHA-03,INR,86050.0,86050.0,2026-08-07,SETTLEMENT,MATCHED,TRAIN
1099,TRD101076,ACC-EQ-INDEX-04,INR,273940.0,273940.0,2026-08-04,SETTLEMENT,MATCHED,TRAIN
1100,TRD101077,ACC-EQ-ALPHA-03,INR,172820.0,172820.0,2026-08-05,SETTLEMENT,MATCHED,TEST
1101,TRD101078,ACC-EQ-ALPHA-03,INR,1269690.0,1269690.0,2026-08-19,SETTLEMENT,MATCHED,TEST
1102,TRD101079,ACC-EQ-CORE-02,INR,61195.0,61195.0,2026-08-22,SETTLEMENT,MATCHED,TRAIN
1103,TRD101080,ACC-EQ-ALPHA-03,INR,682990.0,682990.0,2026-08-08,SETTLEMENT,MATCHED,TRAIN
1104,TRD101081,ACC-EQ-CORE-02,INR,235132.0,235132.0,2026-08-09,SETTLEMENT,MATCHED,TRAIN
1105,TRD101082,ACC-EQ-CORE-02,INR,2744270.0,2744270.0,2026-08-06,SETTLEMENT,MATCHED,TRAIN
1106,TRD101083,ACC-EQ-CORE-02,INR,2052997.5,2052997.5,2026-08-15,SETTLEMENT,MATCHED,TEST
1107,TRD101084,ACC-EQ-CORE-01,INR,259830.0,259830.0,2026-08-20,SETTLEMENT,MATCHED,TRAIN
1108,TRD101085,ACC-EQ-ALPHA-03,INR,86575.0,86575.0,2026-08-16,SETTLEMENT,MATCHED,TRAIN
1109,TRD101086,ACC-EQ-CORE-02,INR,4280790.0,4280790.0,2026-08-21,SETTLEMENT,MATCHED,TRAIN
1110,TRD101087,ACC-EQ-INDEX-04,INR,212345.0,212345.0,2026-08-05,SETTLEMENT,MATCHED,TRAIN
1111,TRD101088,ACC-EQ-ALPHA-03,INR,25860960.0,25860960.0,2026-08-08,SETTLEMENT,MATCHED,TEST
1112,TRD101089,ACC-EQ-CORE-02,INR,1219260.0,1219260.0,2026-08-15,SETTLEMENT,MATCHED,TRAIN
1113,TRD101090,ACC-EQ-CORE-01,INR,304925.0,304925.0,2026-08-15,SETTLEMENT,MATCHED,TEST
1114,TRD101091,ACC-EQ-INDEX-04,INR,621130.0,621130.0,2026-08-09,SETTLEMENT,MATCHED,TRAIN
1115,TRD101092,ACC-EQ-INDEX-04,INR,5680080.0,5680080.0,2026-08-12,SETTLEMENT,MATCHED,TRAIN
1116,TRD101093,ACC-EQ-CORE-01,INR,917430.0,917430.0,2026-08-21,SETTLEMENT,MATCHED,TRAIN
1117,TRD101094,ACC-EQ-ALPHA-03,INR,366367.0,366367.0,2026-08-09,SETTLEMENT,MATCHED,TEST
1118,TRD101095,ACC-EQ-INDEX-04,INR,2137972.5,2137972.5,2026-08-14,SETTLEMENT,MATCHED,TRAIN
1119,TRD101096,ACC-EQ-INDEX-04,INR,189182.0,189182.0,2026-08-10,SETTLEMENT,MATCHED,TRAIN
1120,TRD101097,ACC-EQ-INDEX-04,INR,343640.0,343640.0,2026-08-12,SETTLEMENT,MATCHED,TEST
1121,TRD101098,ACC-EQ-ALPHA-03,INR,247696.0,247696.0,2026-08-06,SETTLEMENT,MATCHED,TRAIN
1122,TRD101099,ACC-EQ-ALPHA-03,INR,258120.0,258120.0,2026-08-10,SETTLEMENT,MATCHED,TRAIN
1123,TRD101100,ACC-EQ-INDEX-04,INR,421820.0,421820.0,2026-08-17,SETTLEMENT,MATCHED,TRAIN
1124,TRD101101,ACC-EQ-INDEX-04,INR,416935.0,416935.0,2026-08-07,SETTLEMENT,MATCHED,TRAIN
1125,TRD101102,ACC-EQ-INDEX-04,INR,3778200.0,3778200.0,2026-08-17,SETTLEMENT,MATCHED,TRAIN
1126,TRD101103,ACC-EQ-CORE-02,INR,1220180.0,1220180.0,2026-08-05,SETTLEMENT,MATCHED,TEST
1127,TRD101104,ACC-EQ-CORE-02,INR,168618.0,168618.0,2026-08-11,SETTLEMENT,MATCHED,TRAIN
1128,TRD101105,ACC-EQ-CORE-02,INR,590620.0,590620.0,2026-08-02,SETTLEMENT,MATCHED,TRAIN
1129,TRD101106,ACC-EQ-CORE-01,INR,34402.0,34402.0,2026-08-17,SETTLEMENT,MATCHED,TRAIN
1130,TRD101107,ACC-EQ-ALPHA-03,INR,2141752.5,2141752.5,2026-08-05,SETTLEMENT,MATCHED,TEST
1131,TRD101108,ACC-EQ-INDEX-04,INR,12935060.0,12935060.0,2026-08-04,SETTLEMENT,MATCHED,TRAIN
1132,TRD101109,ACC-EQ-CORE-01,INR,1468155.0,1468155.0,2026-08-02,SETTLEMENT,MATCHED,TRAIN
1133,TRD101110,ACC-EQ-ALPHA-03,INR,210790.0,210790.0,2026-08-03,SETTLEMENT,MATCHED,TRAIN
1134,TRD101111,ACC-EQ-INDEX-04,INR,275229.0,275229.0,2026-08-19,SETTLEMENT,MATCHED,TEST
1135,TRD101112,ACC-EQ-CORE-01,INR,1263720.0,1263720.0,2026-08-14,SETTLEMENT,MATCHED,TRAIN
1136,TRD101113,ACC-EQ-CORE-02,INR,2843370.0,2843370.0,2026-08-11,SETTLEMENT,MATCHED,TRAIN
1137,TRD101114,ACC-EQ-CORE-02,INR,2489080.0,2489080.0,2026-08-11,SETTLEMENT,MATCHED,TRAIN
1138,TRD101115,ACC-EQ-INDEX-04,INR,392438.0,392438.0,2026-08-18,SETTLEMENT,MATCHED,TRAIN
1139,TRD101116,ACC-EQ-INDEX-04,INR,258615.0,258615.0,2026-08-20,SETTLEMENT,MATCHED,TRAIN
1140,TRD101117,ACC-EQ-INDEX-04,INR,4131210.0,4131210.0,2026-08-21,SETTLEMENT,MATCHED,TEST
1141,TRD101118,ACC-EQ-CORE-02,INR,412130.0,412130.0,2026-08-16,SETTLEMENT,MATCHED,TRAIN
1142,TRD101119,ACC-EQ-CORE-01,INR,345000.0,345000.0,2026-08-22,SETTLEMENT,MATCHED,TEST
1143,TRD101120,ACC-EQ-CORE-02,INR,700395.0,700395.0,2026-08-17,SETTLEMENT,MATCHED,TRAIN
1144,TRD101121,ACC-EQ-ALPHA-03,INR,1471785.0,1471785.0,2026-08-18,SETTLEMENT,MATCHED,TRAIN
1145,TRD101122,ACC-EQ-INDEX-04,INR,739102.0,739102.0,2026-08-18,SETTLEMENT,MATCHED,TRAIN
1146,TRD101123,ACC-EQ-ALPHA-03,INR,8254760.0,8254760.0,2026-08-20,SETTLEMENT,MATCHED,TRAIN
1147,TRD101124,ACC-EQ-INDEX-04,INR,236684.0,236684.0,2026-08-02,SETTLEMENT,MATCHED,TRAIN
1148,TRD101125,ACC-EQ-INDEX-04,INR,688752.5,688752.5,2026-08-03,SETTLEMENT,MATCHED,TEST
1149,TRD101126,ACC-EQ-ALPHA-03,INR,1695560.0,1695560.0,2026-08-16,SETTLEMENT,MATCHED,TRAIN
1150,TRD101127,ACC-EQ-ALPHA-03,INR,42987.5,42987.5,2026-08-04,SETTLEMENT,MATCHED,TRAIN
1152,TRD101129,ACC-EQ-INDEX-04,INR,705945.0,705945.0,2026-08-21,SETTLEMENT,MATCHED,TRAIN
1153,TRD101130,ACC-EQ-CORE-01,INR,1182500.0,1182500.0,2026-08-14,SETTLEMENT,MATCHED,TRAIN
1154,TRD101131,ACC-EQ-CORE-02,INR,188446.0,188446.0,2026-08-02,SETTLEMENT,MATCHED,TRAIN
1155,TRD101132,ACC-EQ-INDEX-04,INR,3355380.0,3355380.0,2026-08-22,SETTLEMENT,MATCHED,TRAIN
1156,TRD101133,ACC-EQ-INDEX-04,INR,3098895.0,3098895.0,2026-08-06,SETTLEMENT,MATCHED,TRAIN
1157,TRD101134,ACC-EQ-INDEX-04,INR,1034332.5,1034332.5,2026-08-16,SETTLEMENT,MATCHED,TRAIN
1158,TRD101135,ACC-EQ-INDEX-04,INR,25982120.0,25982120.0,2026-08-08,SETTLEMENT,MATCHED,TRAIN
1159,TRD101136,ACC-EQ-INDEX-04,INR,84224.0,84224.0,2026-08-15,SETTLEMENT,MATCHED,TRAIN
1160,TRD101137,ACC-EQ-INDEX-04,INR,5695280.0,5695280.0,2026-08-18,SETTLEMENT,MATCHED,TRAIN
1161,TRD101138,ACC-EQ-ALPHA-03,INR,61052.0,61052.0,2026-08-15,SETTLEMENT,MATCHED,TRAIN
1162,TRD101139,ACC-EQ-ALPHA-03,USD,1999236.15,1868445.0,2026-08-05,SETTLEMENT,MATCHED,TRAIN
1163,TRD101140,ACC-EQ-CORE-02,INR,911145.0,911145.0,2026-08-11,SETTLEMENT,MATCHED,TRAIN
1164,TRD101141,ACC-EQ-ALPHA-03,INR,1686660.0,1686660.0,2026-08-09,SETTLEMENT,MATCHED,TEST
1165,TRD101142,ACC-EQ-ALPHA-03,INR,1420890.0,1420890.0,2026-08-14,SETTLEMENT,MATCHED,TRAIN
1166,TRD101143,ACC-EQ-CORE-01,INR,687237.5,687237.5,2026-08-11,SETTLEMENT,MATCHED,TRAIN
1167,TRD101144,ACC-EQ-CORE-01,INR,471155.0,471155.0,2026-08-21,SETTLEMENT,MATCHED,TRAIN
1168,TRD101145,ACC-EQ-CORE-01,INR,350745.0,350745.0,2026-08-19,SETTLEMENT,MATCHED,TRAIN
1169,TRD101146,ACC-EQ-CORE-01,INR,129150.0,129150.0,2026-08-07,SETTLEMENT,MATCHED,TRAIN
1170,TRD101147,ACC-EQ-CORE-02,INR,1263510.0,1263510.0,2026-08-09,SETTLEMENT,MATCHED,TRAIN
1171,TRD101148,ACC-EQ-ALPHA-03,INR,1244330.0,1244330.0,2026-08-03,SETTLEMENT,MATCHED,TEST
1172,TRD101149,ACC-EQ-CORE-01,INR,2601358.0,2601358.0,2026-08-16,SETTLEMENT,MATCHED,TRAIN
1173,TRD101149,ACC-EQ-CORE-01,INR,2601358.0,2601358.0,2026-08-16,SETTLEMENT,MATCHED,TRAIN
1174,TRD101150,ACC-EQ-CORE-01,INR,550898.0,550898.0,2026-08-03,SETTLEMENT,MATCHED,TEST
1175,TRD101151,ACC-EQ-ALPHA-03,INR,392590.0,392590.0,2026-08-13,SETTLEMENT,MATCHED,TRAIN
1176,TRD101152,ACC-EQ-ALPHA-03,INR,5503960.0,5503960.0,2026-08-05,SETTLEMENT,MATCHED,TRAIN
1177,TRD101153,ACC-EQ-INDEX-04,INR,3232765.0,3232765.0,2026-08-08,SETTLEMENT,MATCHED,TRAIN
1178,TRD101154,ACC-EQ-CORE-01,INR,3345080.0,3345080.0,2026-08-18,SETTLEMENT,MATCHED,TRAIN
1179,TRD101155,ACC-EQ-INDEX-04,INR,1266630.0,1266630.0,2026-08-09,SETTLEMENT,MATCHED,TRAIN
1180,TRD101156,ACC-EQ-ALPHA-03,INR,2832990.0,2832990.0,2026-08-15,SETTLEMENT,MATCHED,TRAIN
1181,TRD101157,ACC-EQ-CORE-01,INR,117542.5,117542.5,2026-08-18,SETTLEMENT,MATCHED,TEST
1182,TRD101158,ACC-EQ-CORE-01,INR,1274520.0,1274520.0,2026-08-07,SETTLEMENT,MATCHED,TRAIN
1183,TRD101159,ACC-EQ-CORE-01,INR,275000.0,275000.0,2026-08-22,SETTLEMENT,MATCHED,TRAIN
1184,TRD101160,ACC-EQ-ALPHA-03,INR,2545380.0,2545380.0,2026-08-19,SETTLEMENT,MATCHED,TRAIN
1185,TRD101161,ACC-EQ-INDEX-04,INR,2146432.5,2146432.5,2026-08-21,SETTLEMENT,MATCHED,TRAIN
1186,TRD101162,ACC-EQ-INDEX-04,INR,981640.0,981640.0,2026-08-21,SETTLEMENT,MATCHED,TRAIN
1187,TRD101163,ACC-EQ-CORE-01,INR,259380.0,259380.0,2026-08-11,SETTLEMENT,MATCHED,TRAIN
1188,TRD101164,ACC-EQ-CORE-02,INR,422687.5,422687.5,2026-08-19,SETTLEMENT,MATCHED,TEST
1189,TRD101165,ACC-EQ-CORE-01,INR,2760705.0,2760705.0,2026-08-22,SETTLEMENT,MATCHED,TRAIN
1190,TRD101166,ACC-EQ-INDEX-04,INR,129000.0,129000.0,2026-08-11,SETTLEMENT,MATCHED,TRAIN
1191,TRD101167,ACC-EQ-ALPHA-03,INR,61243.0,61243.0,2026-08-10,SETTLEMENT,MATCHED,TRAIN
1192,TRD101168,ACC-EQ-CORE-01,INR,569808.0,569808.0,2026-08-20,SETTLEMENT,MATCHED,TRAIN
1193,TRD101169,ACC-EQ-CORE-02,INR,424090.0,424090.0,2026-08-20,SETTLEMENT,MATCHED,TRAIN
1194,TRD101170,ACC-EQ-CORE-02,INR,932152.5,932152.5,2026-08-20,SETTLEMENT,MATCHED,TEST
1195,TRD101171,ACC-EQ-CORE-02,INR,1832810.0,1832810.0,2026-08-18,SETTLEMENT,MATCHED,TRAIN
1196,TRD101172,ACC-EQ-CORE-01,INR,93448.0,93448.0,2026-08-15,SETTLEMENT,MATCHED,TRAIN
1197,TRD101173,ACC-EQ-INDEX-04,INR,4292355.0,4292355.0,2026-08-17,SETTLEMENT,MATCHED,TEST
1198,TRD101174,ACC-EQ-ALPHA-03,INR,1269525.0,1269525.0,2026-08-18,SETTLEMENT,MATCHED,TRAIN
1199,TRD101175,ACC-EQ-INDEX-04,INR,2948115.0,2948115.0,2026-08-17,SETTLEMENT,MATCHED,TRAIN
1200,TRD101176,ACC-EQ-CORE-01,INR,472502.5,472502.5,2026-08-16,SETTLEMENT,MATCHED,TRAIN
1201,TRD101177,ACC-EQ-ALPHA-03,INR,933420.0,933420.0,2026-08-07,SETTLEMENT,MATCHED,TRAIN
1202,TRD101178,ACC-EQ-ALPHA-03,INR,1763475.0,1763475.0,2026-08-13,SETTLEMENT,MATCHED,TRAIN
1203,TRD101179,ACC-EQ-ALPHA-03,INR,916520.0,916520.0,2026-08-11,SETTLEMENT,MATCHED,TRAIN
1204,TRD101180,ACC-EQ-INDEX-04,INR,47027.0,47027.0,2026-08-06,SETTLEMENT,MATCHED,TRAIN
1205,TRD101181,ACC-EQ-INDEX-04,INR,129840.0,129840.0,2026-08-08,SETTLEMENT,MATCHED,TRAIN
1206,TRD101182,ACC-EQ-INDEX-04,INR,4102930.0,4102930.0,2026-08-03,SETTLEMENT,MATCHED,TRAIN
1207,TRD101183,ACC-EQ-CORE-02,INR,2369940.0,2369940.0,2026-08-14,SETTLEMENT,MATCHED,TEST
1208,TRD101184,ACC-EQ-ALPHA-03,INR,7379560.0,7379560.0,2026-08-16,SETTLEMENT,MATCHED,TEST
1209,TRD101185,ACC-EQ-CORE-01,INR,4113750.0,4113750.0,2026-08-14,SETTLEMENT,MATCHED,TEST
1210,TRD101186,ACC-EQ-CORE-01,INR,458430.0,458430.0,2026-08-07,SETTLEMENT,MATCHED,TRAIN
1211,TRD101187,ACC-EQ-CORE-01,INR,737090.0,737090.0,2026-08-04,SETTLEMENT,MATCHED,TRAIN
1212,TRD101188,ACC-EQ-CORE-02,INR,4997119.4,5491340.0,2026-08-02,SETTLEMENT,MATCHED,TEST
1213,TRD101189,ACC-EQ-CORE-01,INR,618820.0,618820.0,2026-08-20,SETTLEMENT,MATCHED,TRAIN
1214,TRD101190,ACC-EQ-INDEX-04,INR,169026.0,169026.0,2026-08-02,SETTLEMENT,MATCHED,TRAIN
1215,TRD101191,ACC-EQ-ALPHA-03,INR,169648.0,169648.0,2026-08-12,SETTLEMENT,MATCHED,TRAIN
1216,TRD101192,ACC-EQ-CORE-02,INR,824494.0,824494.0,2026-08-11,SETTLEMENT,MATCHED,TEST
1217,TRD101193,ACC-EQ-CORE-02,INR,547222.0,547222.0,2026-08-15,SETTLEMENT,MATCHED,TEST
1218,TRD101194,ACC-EQ-INDEX-04,INR,1176490.0,1176490.0,2026-08-03,SETTLEMENT,MATCHED,TRAIN
1219,TRD101195,ACC-EQ-INDEX-04,INR,211215.0,211215.0,2026-08-12,SETTLEMENT,MATCHED,TRAIN
1220,TRD101196,ACC-EQ-CORE-02,INR,1421540.0,1421540.0,2026-08-21,SETTLEMENT,MATCHED,TRAIN
1221,TRD101197,ACC-EQ-ALPHA-03,INR,5545035.0,5545035.0,2026-08-10,SETTLEMENT,MATCHED,TRAIN
1222,TRD101198,ACC-EQ-CORE-02,INR,5496240.0,5496240.0,2026-08-02,SETTLEMENT,MATCHED,TRAIN
1223,TRD101199,ACC-EQ-CORE-02,INR,247530.0,247530.0,2026-08-19,SETTLEMENT,MATCHED,TRAIN
1224,TRD101200,ACC-EQ-CORE-02,INR,1769415.0,1769415.0,2026-08-22,SETTLEMENT,MATCHED,TRAIN
1225,TRD101201,ACC-EQ-INDEX-04,INR,211995.0,211995.0,2026-08-19,SETTLEMENT,MATCHED,TRAIN
1226,TRD101202,ACC-EQ-CORE-02,INR,5727280.0,5727280.0,2026-08-21,SETTLEMENT,MATCHED,TRAIN
1227,TRD101203,ACC-EQ-INDEX-04,INR,5688080.0,5688080.0,2026-08-10,SETTLEMENT,MATCHED,TRAIN
1228,TRD101204,ACC-EQ-CORE-01,INR,6495525.0,6495525.0,2026-08-18,SETTLEMENT,MATCHED,TEST
1229,TRD101205,ACC-EQ-CORE-01,INR,121826.0,121826.0,2026-08-14,SETTLEMENT,MATCHED,TRAIN
1230,TRD101206,ACC-EQ-ALPHA-03,INR,459495.0,459495.0,2026-08-08,SETTLEMENT,MATCHED,TRAIN
1231,TRD101207,ACC-EQ-CORE-02,INR,1473810.0,1473810.0,2026-08-16,SETTLEMENT,MATCHED,TRAIN
1232,TRD101208,ACC-EQ-CORE-01,INR,422630.0,422630.0,2026-08-21,SETTLEMENT,MATCHED,TRAIN
1233,TRD101209,ACC-EQ-CORE-02,INR,195783.0,195783.0,2026-08-02,SETTLEMENT,MATCHED,TRAIN
1234,TRD101209,ACC-EQ-CORE-02,INR,195783.0,195783.0,2026-08-02,SETTLEMENT,MATCHED,TRAIN
1235,TRD101210,ACC-EQ-CORE-01,INR,7379620.0,7379620.0,2026-08-19,SETTLEMENT,MATCHED,TRAIN
1236,TRD101211,ACC-EQ-ALPHA-03,INR,345500.0,345500.0,2026-08-13,SETTLEMENT,MATCHED,TRAIN
1237,TRD101212,ACC-EQ-INDEX-04,INR,188321.0,188321.0,2026-08-13,SETTLEMENT,MATCHED,TRAIN
1238,TRD101213,ACC-EQ-CORE-01,INR,167953.0,167953.0,2026-08-13,SETTLEMENT,MATCHED,TRAIN
1239,TRD101214,ACC-EQ-CORE-01,INR,1369150.0,1369150.0,2026-08-17,SETTLEMENT,MATCHED,TRAIN
1241,TRD101216,ACC-EQ-CORE-02,INR,2352720.0,2352720.0,2026-08-08,SETTLEMENT,MATCHED,TRAIN
1242,TRD101217,ACC-EQ-CORE-02,INR,295787.5,295787.5,2026-08-06,SETTLEMENT,MATCHED,TEST
1243,TRD101218,ACC-EQ-ALPHA-03,INR,168344.0,168344.0,2026-08-19,SETTLEMENT,MATCHED,TRAIN
1244,TRD101219,ACC-EQ-ALPHA-03,INR,4281780.0,4281780.0,2026-08-22,SETTLEMENT,MATCHED,TRAIN
1245,TRD101220,ACC-EQ-INDEX-04,INR,19426005.0,19426005.0,2026-08-18,SETTLEMENT,MATCHED,TEST
1246,TRD101221,ACC-EQ-ALPHA-03,INR,369427.0,369427.0,2026-08-09,SETTLEMENT,MATCHED,TRAIN
1247,TRD101222,ACC-EQ-ALPHA-03,INR,7346780.0,7346780.0,2026-08-14,SETTLEMENT,MATCHED,TRAIN
1248,TRD101223,ACC-EQ-INDEX-04,INR,17330.0,17330.0,2026-08-09,SETTLEMENT,MATCHED,TEST
1249,TRD101224,ACC-EQ-CORE-01,INR,85965.0,85965.0,2026-08-12,SETTLEMENT,MATCHED,TRAIN
1250,TRD101225,ACC-EQ-ALPHA-03,INR,5697120.0,5697120.0,2026-08-02,SETTLEMENT,MATCHED,TRAIN
1251,TRD101226,ACC-EQ-ALPHA-03,INR,334952.0,334952.0,2026-08-12,SETTLEMENT,MATCHED,TRAIN
1252,TRD101227,ACC-EQ-CORE-01,INR,8263260.0,8263260.0,2026-08-22,SETTLEMENT,MATCHED,TRAIN
1253,TRD101228,ACC-EQ-CORE-01,INR,284701.0,284701.0,2026-08-04,SETTLEMENT,MATCHED,TEST
1254,TRD101229,ACC-EQ-CORE-01,INR,2140245.0,2140245.0,2026-08-15,SETTLEMENT,MATCHED,TRAIN
1255,TRD101230,ACC-EQ-CORE-01,INR,367260.0,367260.0,2026-08-14,SETTLEMENT,MATCHED,TRAIN
1256,TRD101231,ACC-EQ-CORE-01,INR,167442.0,167442.0,2026-08-16,SETTLEMENT,MATCHED,TRAIN
1257,TRD101232,ACC-EQ-CORE-02,INR,248259.6,195480.0,2026-08-12,SETTLEMENT,MATCHED,TRAIN
1258,TRD101233,ACC-EQ-CORE-02,INR,412467.0,412467.0,2026-08-04,SETTLEMENT,MATCHED,TRAIN
1259,TRD101234,ACC-EQ-INDEX-04,INR,1464652.5,1464652.5,2026-08-17,SETTLEMENT,MATCHED,TRAIN
1260,TRD101235,ACC-EQ-ALPHA-03,INR,420045.0,420045.0,2026-08-03,SETTLEMENT,MATCHED,TRAIN
1262,TRD101237,ACC-EQ-CORE-02,INR,1238210.0,1238210.0,2026-08-02,SETTLEMENT,MATCHED,TEST
1263,TRD101238,ACC-EQ-CORE-02,INR,167389.0,167389.0,2026-08-08,SETTLEMENT,MATCHED,TRAIN
1264,TRD101239,ACC-EQ-ALPHA-03,INR,423510.0,423510.0,2026-08-16,SETTLEMENT,MATCHED,TRAIN
1265,TRD101240,ACC-EQ-INDEX-04,INR,884467.5,884467.5,2026-08-07,SETTLEMENT,MATCHED,TRAIN
1266,TRD101241,ACC-EQ-CORE-02,INR,235435.0,235435.0,2026-08-22,SETTLEMENT,MATCHED,TRAIN
1267,TRD101242,ACC-EQ-INDEX-04,INR,588585.0,588585.0,2026-08-12,SETTLEMENT,MATCHED,TRAIN
1268,TRD101243,ACC-EQ-CORE-01,INR,423977.5,423977.5,2026-08-02,SETTLEMENT,MATCHED,TRAIN
1269,TRD101244,ACC-EQ-INDEX-04,INR,84606.0,84606.0,2026-08-06,SETTLEMENT,MATCHED,TRAIN
1270,TRD101245,ACC-EQ-CORE-02,INR,1946780.0,1946780.0,2026-08-02,SETTLEMENT,MATCHED,TRAIN
1271,TRD101246,ACC-EQ-CORE-02,INR,948790.0,948790.0,2026-08-07,SETTLEMENT,MATCHED,TRAIN
1272,TRD101247,ACC-EQ-CORE-01,INR,166977.0,166977.0,2026-08-10,SETTLEMENT,MATCHED,TEST
1273,TRD101248,ACC-EQ-INDEX-04,INR,337534.0,337534.0,2026-08-08,SETTLEMENT,MATCHED,TRAIN
1274,TRD101249,ACC-EQ-INDEX-04,INR,846960.0,846960.0,2026-08-18,SETTLEMENT,MATCHED,TRAIN
1275,TRD101250,ACC-EQ-CORE-02,INR,1313345.1,1034130.0,2026-08-06,SETTLEMENT,MATCHED,TRAIN
1276,TRD101251,ACC-EQ-CORE-02,INR,609240.0,609240.0,2026-08-15,SETTLEMENT,MATCHED,TRAIN
1277,TRD101252,ACC-EQ-ALPHA-03,INR,1377665.0,1377665.0,2026-08-11,SETTLEMENT,MATCHED,TRAIN
1278,TRD101252,ACC-EQ-ALPHA-03,INR,1377665.0,1377665.0,2026-08-11,SETTLEMENT,MATCHED,TRAIN
1279,TRD101253,ACC-EQ-INDEX-04,INR,2145847.5,2145847.5,2026-08-18,SETTLEMENT,MATCHED,TRAIN
1280,TRD101254,ACC-EQ-CORE-02,INR,122418.0,122418.0,2026-08-21,SETTLEMENT,MATCHED,TRAIN
1281,TRD101255,ACC-EQ-ALPHA-03,INR,2745560.0,2745560.0,2026-08-16,SETTLEMENT,MATCHED,TRAIN
1282,TRD101256,ACC-EQ-ALPHA-03,INR,7376180.0,7376180.0,2026-08-17,SETTLEMENT,MATCHED,TRAIN
1283,TRD101257,ACC-EQ-CORE-02,INR,194997.0,194997.0,2026-08-08,SETTLEMENT,MATCHED,TRAIN
1285,TRD101259,ACC-EQ-INDEX-04,INR,202746.64,247252.0,2026-08-04,SETTLEMENT,MATCHED,TRAIN
1286,TRD101260,ACC-EQ-INDEX-04,INR,167462.0,167462.0,2026-08-21,SETTLEMENT,MATCHED,TRAIN
1287,TRD101261,ACC-EQ-ALPHA-03,INR,702705.0,702705.0,2026-08-17,SETTLEMENT,MATCHED,TEST
1288,TRD101262,ACC-EQ-CORE-01,INR,712210.0,712210.0,2026-08-10,SETTLEMENT,MATCHED,TRAIN
1289,TRD101263,ACC-EQ-CORE-01,INR,34420.0,34420.0,2026-08-18,SETTLEMENT,MATCHED,TRAIN
1290,TRD101264,ACC-EQ-CORE-01,INR,85880.0,85880.0,2026-08-04,SETTLEMENT,MATCHED,TRAIN
1291,TRD101265,ACC-EQ-ALPHA-03,INR,423540.0,423540.0,2026-08-10,SETTLEMENT,MATCHED,TRAIN
1292,TRD101266,ACC-EQ-CORE-01,INR,153347.5,153347.5,2026-08-19,SETTLEMENT,MATCHED,TRAIN
1293,TRD101267,ACC-EQ-CORE-01,INR,1244310.0,1244310.0,2026-08-14,SETTLEMENT,MATCHED,TRAIN
1294,TRD101268,ACC-EQ-CORE-02,INR,490712.5,490712.5,2026-08-09,SETTLEMENT,MATCHED,TEST
1295,TRD101269,ACC-EQ-CORE-01,INR,3357860.0,3357860.0,2026-08-16,SETTLEMENT,MATCHED,TRAIN
1297,TRD101271,ACC-EQ-ALPHA-03,INR,1296374.0,1296374.0,2026-08-20,SETTLEMENT,MATCHED,TRAIN
1298,TRD101272,ACC-EQ-INDEX-04,INR,468150.0,468150.0,2026-08-15,SETTLEMENT,MATCHED,TRAIN
1299,TRD101272,ACC-EQ-INDEX-04,INR,468150.0,468150.0,2026-08-15,SETTLEMENT,MATCHED,TRAIN
1301,TRD101274,ACC-EQ-CORE-01,INR,1778880.0,1778880.0,2026-08-08,SETTLEMENT,MATCHED,TRAIN
1302,TRD101275,ACC-EQ-ALPHA-03,INR,3337280.0,3337280.0,2026-08-20,SETTLEMENT,MATCHED,TRAIN
1303,TRD101276,ACC-EQ-INDEX-04,USD,386296.44,378722.0,2026-08-07,SETTLEMENT,MATCHED,TEST
1304,TRD101277,ACC-EQ-CORE-02,INR,941080.0,941080.0,2026-08-14,SETTLEMENT,MATCHED,TRAIN
1305,TRD101278,ACC-EQ-CORE-01,INR,248048.0,248048.0,2026-08-13,SETTLEMENT,MATCHED,TEST
1306,TRD101279,ACC-EQ-INDEX-04,INR,1406392.2,1267020.0,2026-08-05,SETTLEMENT,MATCHED,TEST
1307,TRD101280,ACC-EQ-CORE-02,INR,121934.0,121934.0,2026-08-08,SETTLEMENT,MATCHED,TEST
1309,TRD101282,ACC-EQ-CORE-01,INR,617345.0,617345.0,2026-08-06,SETTLEMENT,MATCHED,TRAIN
1310,TRD101283,ACC-EQ-INDEX-04,INR,590280.0,590280.0,2026-08-20,SETTLEMENT,MATCHED,TRAIN
1311,TRD101284,ACC-EQ-INDEX-04,INR,118305.0,118305.0,2026-08-11,SETTLEMENT,MATCHED,TRAIN
1312,TRD101285,ACC-EQ-CORE-02,INR,457267.5,457267.5,2026-08-07,SETTLEMENT,MATCHED,TRAIN
1314,TRD101287,ACC-EQ-ALPHA-03,INR,60876.0,60876.0,2026-08-07,SETTLEMENT,MATCHED,TRAIN
1315,TRD101288,ACC-EQ-CORE-01,INR,306420.0,306420.0,2026-08-15,SETTLEMENT,MATCHED,TRAIN
1316,TRD101289,ACC-EQ-INDEX-04,INR,824186.0,824186.0,2026-08-12,SETTLEMENT,MATCHED,TRAIN
1317,TRD101290,ACC-EQ-CORE-01,INR,620440.0,620440.0,2026-08-16,SETTLEMENT,MATCHED,TRAIN
1318,TRD101291,ACC-EQ-CORE-01,INR,1694560.0,1694560.0,2026-08-08,SETTLEMENT,MATCHED,TRAIN
1319,TRD101292,ACC-EQ-INDEX-04,INR,248678.0,248678.0,2026-08-06,SETTLEMENT,MATCHED,TEST
1320,TRD101293,ACC-EQ-INDEX-04,INR,93388.0,93388.0,2026-08-09,SETTLEMENT,MATCHED,TRAIN
1321,TRD101294,ACC-EQ-CORE-01,INR,352875.0,352875.0,2026-08-07,SETTLEMENT,MATCHED,TRAIN
1322,TRD101295,ACC-EQ-CORE-01,INR,248246.0,248246.0,2026-08-14,SETTLEMENT,MATCHED,TRAIN
1323,TRD101296,ACC-EQ-CORE-02,INR,1461690.0,1461690.0,2026-08-13,SETTLEMENT,MATCHED,TRAIN
1324,TRD101297,ACC-EQ-CORE-01,INR,86175.0,86175.0,2026-08-03,SETTLEMENT,MATCHED,TRAIN
1325,TRD101298,ACC-EQ-CORE-01,INR,457507.5,457507.5,2026-08-21,SETTLEMENT,MATCHED,TEST
1326,TRD101299,ACC-EQ-CORE-02,USD,1406258.7,1378685.0,2026-08-13,SETTLEMENT,MATCHED,TRAIN
1327,TRD101300,ACC-EQ-CORE-02,INR,4255560.0,4255560.0,2026-08-02,SETTLEMENT,MATCHED,TRAIN
1328,TRD101301,ACC-EQ-CORE-02,INR,336034.0,336034.0,2026-08-07,SETTLEMENT,MATCHED,TRAIN
1329,TRD101302,ACC-EQ-CORE-02,INR,339148.0,339148.0,2026-08-12,SETTLEMENT,MATCHED,TRAIN
1330,TRD101302,ACC-EQ-CORE-02,INR,339148.0,339148.0,2026-08-12,SETTLEMENT,MATCHED,TRAIN
1331,TRD101303,ACC-EQ-CORE-02,INR,259815.0,259815.0,2026-08-05,SETTLEMENT,MATCHED,TRAIN
1332,TRD101304,ACC-EQ-ALPHA-03,INR,842840.0,842840.0,2026-08-14,SETTLEMENT,MATCHED,TRAIN
1333,TRD101305,ACC-EQ-ALPHA-03,INR,844850.0,844850.0,2026-08-04,SETTLEMENT,MATCHED,TRAIN
1334,TRD101306,ACC-EQ-INDEX-04,INR,572298.0,572298.0,2026-08-15,SETTLEMENT,MATCHED,TRAIN
1335,TRD101307,ACC-EQ-ALPHA-03,INR,152210.0,152210.0,2026-08-05,SETTLEMENT,MATCHED,TEST
1336,TRD101308,ACC-EQ-ALPHA-03,INR,488105.0,488105.0,2026-08-22,SETTLEMENT,MATCHED,TRAIN
1337,TRD101309,ACC-EQ-INDEX-04,INR,4100870.0,4100870.0,2026-08-20,SETTLEMENT,MATCHED,TRAIN
1338,TRD101310,ACC-EQ-ALPHA-03,INR,367031.0,367031.0,2026-08-21,SETTLEMENT,MATCHED,TEST
1339,TRD101311,ACC-EQ-CORE-01,INR,917880.0,917880.0,2026-08-21,SETTLEMENT,MATCHED,TEST
1340,TRD101312,ACC-EQ-CORE-02,INR,1687760.0,1687760.0,2026-08-06,SETTLEMENT,MATCHED,TRAIN
1341,TRD101313,ACC-EQ-ALPHA-03,INR,3358420.0,3358420.0,2026-08-12,SETTLEMENT,MATCHED,TRAIN
1342,TRD101314,ACC-EQ-ALPHA-03,INR,195611.0,195611.0,2026-08-15,SETTLEMENT,MATCHED,TEST
1343,TRD101315,ACC-EQ-CORE-01,INR,1672570.0,1672570.0,2026-08-08,SETTLEMENT,MATCHED,TEST
1344,TRD101316,ACC-EQ-ALPHA-03,INR,1374285.0,1374285.0,2026-08-14,SETTLEMENT,MATCHED,TRAIN
1345,TRD101317,ACC-EQ-CORE-02,INR,46686.0,46686.0,2026-08-17,SETTLEMENT,MATCHED,TRAIN
1346,TRD101318,ACC-EQ-CORE-02,INR,491067.5,491067.5,2026-08-06,SETTLEMENT,MATCHED,TRAIN
1347,TRD101319,ACC-EQ-CORE-02,INR,334792.0,334792.0,2026-08-16,SETTLEMENT,MATCHED,TEST
1348,TRD101320,ACC-EQ-ALPHA-03,INR,2504670.0,2504670.0,2026-08-09,SETTLEMENT,MATCHED,TRAIN
1349,TRD101321,ACC-EQ-ALPHA-03,INR,975620.0,975620.0,2026-08-17,SETTLEMENT,MATCHED,TRAIN
1350,TRD101322,ACC-EQ-INDEX-04,INR,422475.0,422475.0,2026-08-15,SETTLEMENT,MATCHED,TRAIN
1351,TRD101323,ACC-EQ-CORE-01,INR,25835340.0,25835340.0,2026-08-14,SETTLEMENT,MATCHED,TRAIN
1352,TRD101323,ACC-EQ-CORE-01,INR,25835340.0,25835340.0,2026-08-14,SETTLEMENT,MATCHED,TRAIN
1353,TRD101324,ACC-EQ-INDEX-04,INR,295217.5,295217.5,2026-08-07,SETTLEMENT,MATCHED,TRAIN
1354,TRD101325,ACC-EQ-INDEX-04,INR,2476220.0,2476220.0,2026-08-19,SETTLEMENT,MATCHED,TEST
1355,TRD101326,ACC-EQ-CORE-02,INR,211855.0,211855.0,2026-08-08,SETTLEMENT,MATCHED,TRAIN
1356,TRD101327,ACC-EQ-ALPHA-03,INR,2850260.0,2850260.0,2026-08-15,SETTLEMENT,MATCHED,TRAIN
1357,TRD101328,ACC-EQ-INDEX-04,INR,352170.0,352170.0,2026-08-20,SETTLEMENT,MATCHED,TRAIN
1358,TRD101329,ACC-EQ-CORE-02,INR,34450.0,34450.0,2026-08-20,SETTLEMENT,MATCHED,TRAIN
1359,TRD101330,ACC-EQ-ALPHA-03,INR,1240920.0,1240920.0,2026-08-17,SETTLEMENT,MATCHED,TRAIN
1360,TRD101331,ACC-EQ-INDEX-04,INR,2946060.0,2946060.0,2026-08-09,SETTLEMENT,MATCHED,TRAIN
1361,TRD101332,ACC-EQ-CORE-02,INR,172680.0,172680.0,2026-08-02,SETTLEMENT,MATCHED,TRAIN
1362,TRD101333,ACC-EQ-CORE-02,INR,2370980.0,2370980.0,2026-08-06,SETTLEMENT,MATCHED,TRAIN
1363,TRD101334,ACC-EQ-INDEX-04,INR,571644.0,571644.0,2026-08-22,SETTLEMENT,MATCHED,TRAIN
1364,TRD101335,ACC-EQ-CORE-02,INR,122092.0,122092.0,2026-08-08,SETTLEMENT,MATCHED,TRAIN
1365,TRD101336,ACC-EQ-INDEX-04,INR,930607.5,930607.5,2026-08-19,SETTLEMENT,MATCHED,TRAIN
1366,TRD101337,ACC-EQ-ALPHA-03,INR,917835.0,917835.0,2026-08-04,SETTLEMENT,MATCHED,TEST
1367,TRD101338,ACC-EQ-ALPHA-03,INR,623070.0,623070.0,2026-08-14,SETTLEMENT,MATCHED,TEST
1368,TRD101339,ACC-EQ-INDEX-04,INR,3761760.0,3761760.0,2026-08-04,SETTLEMENT,MATCHED,TEST
1369,TRD101340,ACC-EQ-ALPHA-03,INR,1470195.0,1470195.0,2026-08-07,SETTLEMENT,MATCHED,TRAIN
1370,TRD101341,ACC-EQ-CORE-01,INR,152127.5,152127.5,2026-08-07,SETTLEMENT,MATCHED,TEST
1371,TRD101342,ACC-EQ-CORE-02,INR,588270.0,588270.0,2026-08-03,SETTLEMENT,MATCHED,TEST
1372,TRD101342,ACC-EQ-CORE-02,INR,588270.0,588270.0,2026-08-03,SETTLEMENT,MATCHED,TEST
1373,TRD101343,ACC-EQ-CORE-02,INR,1860090.0,1860090.0,2026-08-21,SETTLEMENT,MATCHED,TEST
1374,TRD101344,ACC-EQ-ALPHA-03,INR,247856.0,247856.0,2026-08-10,SETTLEMENT,MATCHED,TRAIN
1375,TRD101345,ACC-EQ-CORE-01,INR,589995.0,589995.0,2026-08-05,SETTLEMENT,MATCHED,TRAIN
1376,TRD101346,ACC-EQ-CORE-02,INR,275014.0,275014.0,2026-08-03,SETTLEMENT,MATCHED,TRAIN
1377,TRD101347,ACC-EQ-INDEX-04,INR,1273275.0,1273275.0,2026-08-17,SETTLEMENT,MATCHED,TRAIN
1378,TRD101348,ACC-EQ-INDEX-04,INR,849820.0,849820.0,2026-08-09,SETTLEMENT,MATCHED,TRAIN
1379,TRD101349,ACC-EQ-CORE-01,INR,118586.0,118586.0,2026-08-12,SETTLEMENT,MATCHED,TEST
1380,TRD101350,ACC-EQ-CORE-01,INR,16001352.9,19513845.0,2026-08-06,SETTLEMENT,MATCHED,TRAIN
1381,TRD101351,ACC-EQ-INDEX-04,INR,304775.0,304775.0,2026-08-21,SETTLEMENT,MATCHED,TRAIN
1382,TRD101352,ACC-EQ-CORE-01,INR,972990.0,972990.0,2026-08-22,SETTLEMENT,MATCHED,TRAIN
1383,TRD101353,ACC-EQ-INDEX-04,INR,1304095.0,1304095.0,2026-08-12,SETTLEMENT,MATCHED,TRAIN
1384,TRD101354,ACC-EQ-ALPHA-03,INR,2358140.0,2358140.0,2026-08-21,SETTLEMENT,MATCHED,TRAIN
1385,TRD101355,ACC-EQ-INDEX-04,INR,346580.0,346580.0,2026-08-05,SETTLEMENT,MATCHED,TRAIN
1386,TRD101356,ACC-EQ-CORE-01,INR,591375.0,591375.0,2026-08-18,SETTLEMENT,MATCHED,TRAIN
1387,TRD101357,ACC-EQ-CORE-02,INR,93594.0,93594.0,2026-08-19,SETTLEMENT,MATCHED,TEST
1388,TRD101358,ACC-EQ-CORE-02,INR,8254900.0,8254900.0,2026-08-09,SETTLEMENT,MATCHED,TRAIN
1389,TRD101359,ACC-EQ-ALPHA-03,INR,546954.0,546954.0,2026-08-02,SETTLEMENT,MATCHED,TEST
1390,TRD101360,ACC-EQ-INDEX-04,INR,2053440.0,2053440.0,2026-08-10,SETTLEMENT,MATCHED,TRAIN
1391,TRD101361,ACC-EQ-INDEX-04,INR,490992.5,490992.5,2026-08-22,SETTLEMENT,MATCHED,TEST
1392,TRD101362,ACC-EQ-CORE-01,INR,2755810.0,2755810.0,2026-08-20,SETTLEMENT,MATCHED,TRAIN
1393,TRD101363,ACC-EQ-CORE-02,INR,2539500.0,2539500.0,2026-08-19,SETTLEMENT,MATCHED,TRAIN
1394,TRD101364,ACC-EQ-ALPHA-03,INR,247642.0,247642.0,2026-08-05,SETTLEMENT,MATCHED,TRAIN
1395,TRD101365,ACC-EQ-INDEX-04,INR,155140.66,122158.0,2026-08-06,SETTLEMENT,MATCHED,TRAIN
1396,TRD101366,ACC-EQ-INDEX-04,INR,124192.0,124192.0,2026-08-08,SETTLEMENT,MATCHED,TRAIN
1397,TRD101367,ACC-EQ-CORE-02,INR,2753770.0,2753770.0,2026-08-06,SETTLEMENT,MATCHED,TRAIN
1398,TRD101368,ACC-EQ-CORE-02,INR,169105.0,169105.0,2026-08-16,SETTLEMENT,MATCHED,TRAIN
1399,TRD101369,ACC-EQ-ALPHA-03,INR,6489990.0,6489990.0,2026-08-16,SETTLEMENT,MATCHED,TRAIN
1400,TRD101370,ACC-EQ-CORE-01,INR,61095.0,61095.0,2026-08-11,SETTLEMENT,MATCHED,TRAIN
1401,TRD101371,ACC-EQ-ALPHA-03,INR,25994020.0,25994020.0,2026-08-08,SETTLEMENT,MATCHED,TRAIN
1402,TRD101372,ACC-EQ-CORE-02,INR,2840600.0,2840600.0,2026-08-08,SETTLEMENT,MATCHED,TRAIN
1403,TRD101373,ACC-EQ-CORE-02,INR,43267.5,43267.5,2026-08-14,SETTLEMENT,MATCHED,TRAIN
1404,TRD101374,ACC-EQ-INDEX-04,INR,5511255.0,5511255.0,2026-08-17,SETTLEMENT,MATCHED,TRAIN
1405,TRD101375,ACC-EQ-INDEX-04,EUR,3299703.45,3083835.0,2026-08-08,SETTLEMENT,MATCHED,TRAIN
1406,TRD101376,ACC-EQ-ALPHA-03,INR,1895070.0,1895070.0,2026-08-20,SETTLEMENT,MATCHED,TRAIN
1407,TRD101377,ACC-EQ-INDEX-04,INR,489302.5,489302.5,2026-08-16,SETTLEMENT,MATCHED,TEST
1408,TRD101378,ACC-EQ-CORE-01,INR,42987.5,42987.5,2026-08-08,SETTLEMENT,MATCHED,TRAIN
1409,TRD101379,ACC-EQ-INDEX-04,USD,128402.4,122288.0,2026-08-06,SETTLEMENT,MATCHED,TRAIN
1410,TRD101380,ACC-EQ-CORE-01,INR,17175.0,17175.0,2026-08-17,SETTLEMENT,MATCHED,TRAIN
1411,TRD101381,ACC-EQ-INDEX-04,INR,3683590.0,3683590.0,2026-08-06,SETTLEMENT,MATCHED,TRAIN
1412,TRD101382,ACC-EQ-CORE-02,INR,568622.0,568622.0,2026-08-17,SETTLEMENT,MATCHED,TRAIN
1413,TRD101383,ACC-EQ-ALPHA-03,INR,550646.0,550646.0,2026-08-22,SETTLEMENT,MATCHED,TEST
1414,TRD101384,ACC-EQ-INDEX-04,INR,84239.0,84239.0,2026-08-04,SETTLEMENT,MATCHED,TRAIN
1415,TRD101385,ACC-EQ-CORE-02,INR,5688100.0,5688100.0,2026-08-05,SETTLEMENT,MATCHED,TRAIN
1416,TRD101386,ACC-EQ-ALPHA-03,INR,701925.0,701925.0,2026-08-06,SETTLEMENT,MATCHED,TEST
1417,TRD101387,ACC-EQ-INDEX-04,INR,152442.5,152442.5,2026-08-02,SETTLEMENT,MATCHED,TEST
1418,TRD101388,ACC-EQ-CORE-01,INR,737896.0,737896.0,2026-08-08,SETTLEMENT,MATCHED,TEST
1419,TRD101389,ACC-EQ-CORE-01,INR,3228947.5,3228947.5,2026-08-16,SETTLEMENT,MATCHED,TRAIN
1420,TRD101390,ACC-EQ-ALPHA-03,INR,946595.0,946595.0,2026-08-04,SETTLEMENT,MATCHED,TRAIN
1421,TRD101391,ACC-EQ-CORE-02,INR,824200.0,824200.0,2026-08-13,SETTLEMENT,MATCHED,TRAIN
1422,TRD101392,ACC-EQ-ALPHA-03,INR,195078.0,195078.0,2026-08-03,SETTLEMENT,MATCHED,TRAIN
1423,TRD101393,ACC-EQ-CORE-02,INR,3787980.0,3787980.0,2026-08-18,SETTLEMENT,MATCHED,TRAIN
1424,TRD101394,ACC-EQ-ALPHA-03,INR,195056.0,195056.0,2026-08-08,SETTLEMENT,MATCHED,TRAIN
1426,TRD101396,ACC-EQ-INDEX-04,INR,2753505.0,2753505.0,2026-08-22,SETTLEMENT,MATCHED,TEST
1427,TRD101397,ACC-EQ-CORE-02,INR,3096015.0,3096015.0,2026-08-06,SETTLEMENT,MATCHED,TRAIN
1428,TRD101398,ACC-EQ-ALPHA-03,INR,1474042.5,1474042.5,2026-08-22,SETTLEMENT,MATCHED,TRAIN
1429,TRD101399,ACC-EQ-CORE-01,INR,421825.0,421825.0,2026-08-15,SETTLEMENT,MATCHED,TEST
1430,TRD101400,ACC-EQ-INDEX-04,INR,3078960.0,3078960.0,2026-08-05,SETTLEMENT,MATCHED,TRAIN
1431,TRD101401,ACC-EQ-CORE-02,INR,168888.0,168888.0,2026-08-12,SETTLEMENT,MATCHED,TEST
1432,TRD101402,ACC-EQ-CORE-01,INR,123581.0,123581.0,2026-08-09,SETTLEMENT,MATCHED,TRAIN
1433,TRD101403,ACC-EQ-ALPHA-03,INR,1418985.0,1418985.0,2026-08-17,SETTLEMENT,MATCHED,TEST
1434,TRD101404,ACC-EQ-ALPHA-03,INR,2763075.0,2763075.0,2026-08-03,SETTLEMENT,MATCHED,TRAIN
1435,TRD101405,ACC-EQ-INDEX-04,INR,1896090.0,1896090.0,2026-08-19,SETTLEMENT,MATCHED,TRAIN
1436,TRD101406,ACC-EQ-CORE-02,INR,294352.5,294352.5,2026-08-18,SETTLEMENT,MATCHED,TRAIN
1437,TRD101407,ACC-EQ-ALPHA-03,INR,2837370.0,2837370.0,2026-08-10,SETTLEMENT,MATCHED,TEST
1438,TRD101408,ACC-EQ-ALPHA-03,INR,2939610.0,2939610.0,2026-08-07,SETTLEMENT,MATCHED,TRAIN
1439,TRD101409,ACC-EQ-CORE-02,INR,2753925.0,2753925.0,2026-08-15,SETTLEMENT,MATCHED,TRAIN
1440,TRD101410,ACC-EQ-CORE-01,INR,392890.0,392890.0,2026-08-15,SETTLEMENT,MATCHED,TRAIN
1441,TRD101411,ACC-EQ-CORE-01,INR,2069540.0,2069540.0,2026-08-07,SETTLEMENT,MATCHED,TRAIN
1442,TRD101412,ACC-EQ-INDEX-04,INR,458010.0,458010.0,2026-08-17,SETTLEMENT,MATCHED,TRAIN
1443,TRD101413,ACC-EQ-CORE-01,INR,937940.0,937940.0,2026-08-19,SETTLEMENT,MATCHED,TRAIN
1444,TRD101414,ACC-EQ-INDEX-04,INR,1431105.0,1431105.0,2026-08-02,SETTLEMENT,MATCHED,TEST
1445,TRD101415,ACC-EQ-CORE-02,INR,199563.0,167700.0,2026-08-07,SETTLEMENT,MATCHED,TRAIN
1446,TRD101416,ACC-EQ-CORE-01,INR,4134740.0,4134740.0,2026-08-18,SETTLEMENT,MATCHED,TRAIN
1447,TRD101417,ACC-EQ-CORE-02,INR,701025.0,701025.0,2026-08-05,SETTLEMENT,MATCHED,TEST
1448,TRD101418,ACC-EQ-CORE-01,INR,930442.5,930442.5,2026-08-10,SETTLEMENT,MATCHED,TRAIN
1449,TRD101419,ACC-EQ-CORE-01,USD,1173467.03,1261792.5,2026-08-22,SETTLEMENT,MATCHED,TRAIN
1450,TRD101420,ACC-EQ-INDEX-04,INR,343380.0,343380.0,2026-08-02,SETTLEMENT,MATCHED,TRAIN
1451,TRD101421,ACC-EQ-CORE-02,INR,1235930.0,1235930.0,2026-08-13,SETTLEMENT,MATCHED,TRAIN
1452,TRD101422,ACC-EQ-CORE-01,INR,84223.0,84223.0,2026-08-17,SETTLEMENT,MATCHED,TRAIN
1453,TRD101423,ACC-EQ-ALPHA-03,INR,339476.0,339476.0,2026-08-02,SETTLEMENT,MATCHED,TEST
1454,TRD101424,ACC-EQ-CORE-02,INR,702465.0,702465.0,2026-08-13,SETTLEMENT,MATCHED,TRAIN
1455,TRD101425,ACC-EQ-CORE-02,INR,8254380.0,8254380.0,2026-08-16,SETTLEMENT,MATCHED,TRAIN
1456,TRD101426,ACC-EQ-CORE-02,INR,910995.0,910995.0,2026-08-08,SETTLEMENT,MATCHED,TEST
1457,TRD101427,ACC-EQ-CORE-02,INR,711872.5,711872.5,2026-08-12,SETTLEMENT,MATCHED,TRAIN
1458,TRD101428,ACC-EQ-INDEX-04,INR,350332.5,350332.5,2026-08-17,SETTLEMENT,MATCHED,TRAIN
1459,TRD101429,ACC-EQ-CORE-01,INR,1268430.0,1268430.0,2026-08-14,SETTLEMENT,MATCHED,TRAIN
1460,TRD101430,ACC-EQ-CORE-01,INR,273533.0,273533.0,2026-08-13,SETTLEMENT,MATCHED,TRAIN
1461,TRD101431,ACC-EQ-CORE-01,INR,2848500.0,2848500.0,2026-08-21,SETTLEMENT,MATCHED,TRAIN
1462,TRD101432,ACC-EQ-CORE-02,INR,350910.0,350910.0,2026-08-04,SETTLEMENT,MATCHED,TRAIN
1463,TRD101433,ACC-EQ-CORE-02,INR,152205.0,152205.0,2026-08-05,SETTLEMENT,MATCHED,TRAIN
1465,TRD101435,ACC-EQ-CORE-01,INR,3236217.5,3236217.5,2026-08-06,SETTLEMENT,MATCHED,TRAIN
1466,TRD101436,ACC-EQ-CORE-01,INR,418492.5,418492.5,2026-08-21,SETTLEMENT,MATCHED,TRAIN
1467,TRD101437,ACC-EQ-CORE-02,INR,2536230.0,2536230.0,2026-08-22,SETTLEMENT,MATCHED,TRAIN
1468,TRD101438,ACC-EQ-CORE-01,INR,3365980.0,3365980.0,2026-08-15,SETTLEMENT,MATCHED,TRAIN
1469,TRD101439,ACC-EQ-INDEX-04,INR,3086347.5,3086347.5,2026-08-13,SETTLEMENT,MATCHED,TRAIN
1470,TRD101440,ACC-EQ-ALPHA-03,INR,84291.0,84291.0,2026-08-02,SETTLEMENT,MATCHED,TRAIN
1471,TRD101441,ACC-EQ-INDEX-04,INR,2476140.0,2476140.0,2026-08-21,SETTLEMENT,MATCHED,TRAIN
1472,TRD101442,ACC-EQ-CORE-01,INR,2478220.0,2478220.0,2026-08-11,SETTLEMENT,MATCHED,TRAIN
1473,TRD101443,ACC-EQ-ALPHA-03,INR,488100.0,488100.0,2026-08-13,SETTLEMENT,MATCHED,TEST
1474,TRD101444,ACC-EQ-CORE-01,INR,1462522.5,1462522.5,2026-08-14,SETTLEMENT,MATCHED,TRAIN
1475,TRD101445,ACC-EQ-CORE-02,INR,389344.0,389344.0,2026-08-22,SETTLEMENT,MATCHED,TRAIN
1476,TRD101446,ACC-EQ-ALPHA-03,INR,34344.0,34344.0,2026-08-19,SETTLEMENT,MATCHED,TEST
1477,TRD101447,ACC-EQ-CORE-02,INR,1226680.0,1226680.0,2026-08-08,SETTLEMENT,MATCHED,TRAIN
1478,TRD101448,ACC-EQ-ALPHA-03,INR,774387.5,944375.0,2026-08-10,SETTLEMENT,MATCHED,TEST
1479,TRD101449,ACC-EQ-INDEX-04,INR,94166.0,94166.0,2026-08-04,SETTLEMENT,MATCHED,TRAIN
1480,TRD101450,ACC-EQ-CORE-01,INR,1420515.0,1420515.0,2026-08-06,SETTLEMENT,MATCHED,TRAIN
1481,TRD101451,ACC-EQ-CORE-01,INR,1376105.0,1376105.0,2026-08-14,SETTLEMENT,MATCHED,TRAIN
1482,TRD101452,ACC-EQ-ALPHA-03,INR,703785.0,703785.0,2026-08-14,SETTLEMENT,MATCHED,TEST
1483,TRD101453,ACC-EQ-CORE-01,INR,188387.0,188387.0,2026-08-08,SETTLEMENT,MATCHED,TRAIN
1484,TRD101454,ACC-EQ-ALPHA-03,INR,2754690.0,2754690.0,2026-08-09,SETTLEMENT,MATCHED,TRAIN
1485,TRD101455,ACC-EQ-CORE-01,INR,940855.0,940855.0,2026-08-09,SETTLEMENT,MATCHED,TRAIN
1486,TRD101456,ACC-EQ-CORE-02,INR,129892.5,129892.5,2026-08-10,SETTLEMENT,MATCHED,TRAIN
1487,TRD101457,ACC-EQ-ALPHA-03,INR,732360.0,732360.0,2026-08-13,SETTLEMENT,MATCHED,TEST
1488,TRD101458,ACC-EQ-ALPHA-03,INR,3097425.0,3097425.0,2026-08-15,SETTLEMENT,MATCHED,TRAIN
1489,TRD101459,ACC-EQ-ALPHA-03,INR,285973.0,285973.0,2026-08-09,SETTLEMENT,MATCHED,TRAIN
1490,TRD101460,ACC-EQ-INDEX-04,INR,124126.0,124126.0,2026-08-20,SETTLEMENT,MATCHED,TRAIN
1491,TRD101461,ACC-EQ-ALPHA-03,INR,6510565.0,6510565.0,2026-08-09,SETTLEMENT,MATCHED,TEST
1492,TRD101462,ACC-EQ-INDEX-04,INR,1764285.0,1764285.0,2026-08-09,SETTLEMENT,MATCHED,TRAIN
1493,TRD101463,ACC-EQ-CORE-02,INR,3765240.0,3765240.0,2026-08-07,SETTLEMENT,MATCHED,TRAIN
1494,TRD101464,ACC-EQ-ALPHA-03,INR,3365260.0,3365260.0,2026-08-07,SETTLEMENT,MATCHED,TRAIN
1495,TRD101465,ACC-EQ-CORE-02,INR,311395.0,311395.0,2026-08-14,SETTLEMENT,MATCHED,TRAIN
1496,TRD101466,ACC-EQ-INDEX-04,INR,377782.0,377782.0,2026-08-16,SETTLEMENT,MATCHED,TRAIN
1497,TRD101467,ACC-EQ-CORE-01,INR,152932.5,152932.5,2026-08-02,SETTLEMENT,MATCHED,TRAIN
1498,TRD101468,ACC-EQ-CORE-01,INR,168381.0,168381.0,2026-08-02,SETTLEMENT,MATCHED,TRAIN
1499,TRD101469,ACC-EQ-CORE-01,INR,334262.0,334262.0,2026-08-22,SETTLEMENT,MATCHED,TEST
1500,TRD101470,ACC-EQ-CORE-01,INR,549352.0,549352.0,2026-08-12,SETTLEMENT,MATCHED,TRAIN
1501,TRD101471,ACC-EQ-ALPHA-03,INR,3790420.0,3790420.0,2026-08-16,SETTLEMENT,MATCHED,TRAIN
1502,TRD101472,ACC-EQ-ALPHA-03,INR,116925.0,116925.0,2026-08-19,SETTLEMENT,MATCHED,TEST
1503,TRD101473,ACC-EQ-INDEX-04,INR,283918.0,283918.0,2026-08-11,SETTLEMENT,MATCHED,TRAIN
1504,TRD101474,ACC-EQ-CORE-02,INR,1418465.0,1418465.0,2026-08-15,SETTLEMENT,MATCHED,TRAIN
1505,TRD101475,ACC-EQ-CORE-01,INR,1462755.0,1462755.0,2026-08-14,SETTLEMENT,MATCHED,TEST
1506,TRD101476,ACC-EQ-CORE-01,INR,377018.0,377018.0,2026-08-11,SETTLEMENT,MATCHED,TEST
1507,TRD101477,ACC-EQ-CORE-02,INR,4138190.0,4138190.0,2026-08-04,SETTLEMENT,MATCHED,TRAIN
1508,TRD101478,ACC-EQ-ALPHA-03,INR,1692080.0,1692080.0,2026-08-15,SETTLEMENT,MATCHED,TEST
1509,TRD101479,ACC-EQ-ALPHA-03,INR,168732.0,168732.0,2026-08-17,SETTLEMENT,MATCHED,TRAIN
1510,TRD101480,ACC-EQ-CORE-02,INR,550706.0,550706.0,2026-08-06,SETTLEMENT,MATCHED,TEST
1511,TRD101481,ACC-EQ-CORE-01,INR,2833935.0,2833935.0,2026-08-17,SETTLEMENT,MATCHED,TRAIN
1512,TRD101482,ACC-EQ-CORE-02,INR,456135.0,456135.0,2026-08-12,SETTLEMENT,MATCHED,TRAIN
1513,TRD101483,ACC-EQ-INDEX-04,INR,845550.0,845550.0,2026-08-17,SETTLEMENT,MATCHED,TRAIN
1514,TRD101484,ACC-EQ-INDEX-04,INR,944045.0,944045.0,2026-08-19,SETTLEMENT,MATCHED,TRAIN
1515,TRD101485,ACC-EQ-CORE-02,INR,338354.0,338354.0,2026-08-15,SETTLEMENT,MATCHED,TRAIN
1516,TRD101486,ACC-EQ-INDEX-04,INR,1666870.0,1666870.0,2026-08-02,SETTLEMENT,MATCHED,TRAIN
1517,TRD101487,ACC-EQ-CORE-02,INR,34338.0,34338.0,2026-08-13,SETTLEMENT,MATCHED,TRAIN
1518,TRD101488,ACC-EQ-CORE-02,INR,117617.5,117617.5,2026-08-19,SETTLEMENT,MATCHED,TEST
1519,TRD101489,ACC-EQ-CORE-02,INR,6461175.0,6461175.0,2026-08-06,SETTLEMENT,MATCHED,TRAIN
1520,TRD101490,ACC-EQ-CORE-01,INR,55651.05,61155.0,2026-08-15,SETTLEMENT,MATCHED,TEST
1521,TRD101491,ACC-EQ-CORE-01,INR,391050.0,391050.0,2026-08-21,SETTLEMENT,MATCHED,TRAIN
1522,TRD101492,ACC-EQ-INDEX-04,INR,210510.0,210510.0,2026-08-04,SETTLEMENT,MATCHED,TRAIN
1523,TRD101493,ACC-EQ-ALPHA-03,INR,686192.5,686192.5,2026-08-06,SETTLEMENT,MATCHED,TEST
1524,TRD101494,ACC-EQ-CORE-01,GBP,1571188.5,1689450.0,2026-08-22,SETTLEMENT,MATCHED,TRAIN
1525,TRD101495,ACC-EQ-CORE-02,INR,1025655.0,1025655.0,2026-08-22,SETTLEMENT,MATCHED,TRAIN
1527,TRD101497,ACC-EQ-CORE-01,INR,304940.0,304940.0,2026-08-07,SETTLEMENT,MATCHED,TRAIN
1528,TRD101498,ACC-EQ-INDEX-04,INR,944210.0,944210.0,2026-08-03,SETTLEMENT,MATCHED,TRAIN
1529,TRD101499,ACC-EQ-ALPHA-03,INR,2135458.76,2604218.0,2026-08-16,SETTLEMENT,MATCHED,TRAIN
1530,TRD101500,ACC-EQ-INDEX-04,INR,19404735.0,19404735.0,2026-08-13,SETTLEMENT,MATCHED,TRAIN
1531,TRD101501,ACC-EQ-ALPHA-03,INR,247178.0,247178.0,2026-08-13,SETTLEMENT,MATCHED,TEST
1532,TRD101502,ACC-EQ-CORE-02,INR,1252162.5,1252162.5,2026-08-05,SETTLEMENT,MATCHED,TRAIN
1533,TRD101503,ACC-EQ-CORE-01,INR,2052772.5,2052772.5,2026-08-08,SETTLEMENT,MATCHED,TRAIN
1534,TRD101504,ACC-EQ-INDEX-04,INR,249342.0,249342.0,2026-08-20,SETTLEMENT,MATCHED,TRAIN
1535,TRD101505,ACC-EQ-ALPHA-03,INR,2838900.0,2838900.0,2026-08-11,SETTLEMENT,MATCHED,TEST
1536,TRD101506,ACC-EQ-ALPHA-03,INR,843630.0,843630.0,2026-08-14,SETTLEMENT,MATCHED,TRAIN
1537,TRD101507,ACC-EQ-CORE-02,INR,121864.0,121864.0,2026-08-18,SETTLEMENT,MATCHED,TRAIN
1538,TRD101508,ACC-EQ-CORE-02,INR,1769970.0,1769970.0,2026-08-03,SETTLEMENT,MATCHED,TRAIN
1539,TRD101509,ACC-EQ-CORE-02,INR,3894920.0,3894920.0,2026-08-22,SETTLEMENT,MATCHED,TRAIN
1540,TRD101510,ACC-EQ-ALPHA-03,INR,688245.0,688245.0,2026-08-07,SETTLEMENT,MATCHED,TRAIN
1541,TRD101511,ACC-EQ-INDEX-04,INR,685295.0,685295.0,2026-08-13,SETTLEMENT,MATCHED,TRAIN
1542,TRD101512,ACC-EQ-CORE-01,INR,258000.0,258000.0,2026-08-21,SETTLEMENT,MATCHED,TRAIN
1543,TRD101513,ACC-EQ-ALPHA-03,INR,2351000.0,2351000.0,2026-08-02,SETTLEMENT,MATCHED,TEST
1544,TRD101514,ACC-EQ-CORE-02,INR,93738.0,93738.0,2026-08-07,SETTLEMENT,MATCHED,TRAIN
1545,TRD101515,ACC-EQ-INDEX-04,INR,1238980.0,1238980.0,2026-08-04,SETTLEMENT,MATCHED,TRAIN
1546,TRD101516,ACC-EQ-CORE-02,INR,352597.5,352597.5,2026-08-16,SETTLEMENT,MATCHED,TEST
1547,TRD101517,ACC-EQ-INDEX-04,INR,2349640.0,2349640.0,2026-08-11,SETTLEMENT,MATCHED,TRAIN
1548,TRD101518,ACC-EQ-ALPHA-03,INR,468960.0,468960.0,2026-08-21,SETTLEMENT,MATCHED,TRAIN
1549,TRD101519,ACC-EQ-CORE-01,INR,2933730.0,2933730.0,2026-08-10,SETTLEMENT,MATCHED,TEST
1550,TRD101520,ACC-EQ-CORE-02,INR,305785.0,305785.0,2026-08-19,SETTLEMENT,MATCHED,TRAIN
1551,TRD101521,ACC-EQ-CORE-02,INR,1854840.0,1854840.0,2026-08-14,SETTLEMENT,MATCHED,TRAIN
1552,TRD101522,ACC-EQ-INDEX-04,INR,26003920.0,26003920.0,2026-08-13,SETTLEMENT,MATCHED,TRAIN
1553,TRD101523,ACC-EQ-INDEX-04,INR,821514.0,821514.0,2026-08-05,SETTLEMENT,MATCHED,TRAIN
1554,TRD101524,ACC-EQ-INDEX-04,INR,1683040.0,1683040.0,2026-08-12,SETTLEMENT,MATCHED,TEST
1555,TRD101525,ACC-EQ-CORE-02,INR,1106560.0,1216000.0,2026-08-16,SETTLEMENT,MATCHED,TRAIN
1556,TRD101526,ACC-EQ-INDEX-04,INR,943450.0,943450.0,2026-08-03,SETTLEMENT,MATCHED,TEST
1557,TRD101527,ACC-EQ-CORE-01,INR,172950.0,172950.0,2026-08-17,SETTLEMENT,MATCHED,TRAIN
1558,TRD101528,ACC-EQ-ALPHA-03,INR,1303875.0,1303875.0,2026-08-15,SETTLEMENT,MATCHED,TRAIN
1559,TRD101529,ACC-EQ-ALPHA-03,INR,1025750.0,1025750.0,2026-08-14,SETTLEMENT,MATCHED,TRAIN
1560,TRD101530,ACC-EQ-CORE-01,INR,19474830.0,19474830.0,2026-08-10,SETTLEMENT,MATCHED,TEST
1561,TRD101531,ACC-EQ-CORE-02,INR,258270.0,258270.0,2026-08-11,SETTLEMENT,MATCHED,TEST
1562,TRD101532,ACC-EQ-INDEX-04,INR,3379980.0,3379980.0,2026-08-07,SETTLEMENT,MATCHED,TEST
1563,TRD101533,ACC-EQ-CORE-02,INR,259515.0,259515.0,2026-08-19,SETTLEMENT,MATCHED,TRAIN
1564,TRD101534,ACC-EQ-CORE-02,INR,152317.5,152317.5,2026-08-12,SETTLEMENT,MATCHED,TRAIN
1565,TRD101535,ACC-EQ-INDEX-04,INR,43112.5,43112.5,2026-08-12,SETTLEMENT,MATCHED,TRAIN
1567,TRD101537,ACC-EQ-CORE-02,INR,1428750.0,1428750.0,2026-08-08,SETTLEMENT,MATCHED,TEST
1568,TRD101538,ACC-EQ-CORE-01,INR,1670340.0,1670340.0,2026-08-08,SETTLEMENT,MATCHED,TRAIN
1569,TRD101539,ACC-EQ-CORE-01,INR,12917200.0,12917200.0,2026-08-11,SETTLEMENT,MATCHED,TRAIN
1570,TRD101540,ACC-EQ-INDEX-04,INR,3908040.0,3908040.0,2026-08-13,SETTLEMENT,MATCHED,TRAIN
1571,TRD101541,ACC-EQ-CORE-02,INR,1029762.5,1029762.5,2026-08-13,SETTLEMENT,MATCHED,TRAIN
1572,TRD101542,ACC-EQ-ALPHA-03,INR,1272172.5,1272172.5,2026-08-15,SETTLEMENT,MATCHED,TEST
1573,TRD101543,ACC-EQ-INDEX-04,INR,820768.0,820768.0,2026-08-02,SETTLEMENT,MATCHED,TRAIN
1574,TRD101544,ACC-EQ-CORE-01,INR,93906.0,93906.0,2026-08-18,SETTLEMENT,MATCHED,TRAIN
1575,TRD101545,ACC-EQ-INDEX-04,INR,19413900.0,19413900.0,2026-08-16,SETTLEMENT,MATCHED,TRAIN
1576,TRD101546,ACC-EQ-INDEX-04,INR,3365500.0,3365500.0,2026-08-13,SETTLEMENT,MATCHED,TRAIN
1577,TRD101547,ACC-EQ-ALPHA-03,INR,2858540.0,2858540.0,2026-08-18,SETTLEMENT,MATCHED,TRAIN
1578,TRD101548,ACC-EQ-CORE-01,INR,1864425.0,1864425.0,2026-08-02,SETTLEMENT,MATCHED,TEST
1579,TRD101549,ACC-EQ-ALPHA-03,INR,714695.0,714695.0,2026-08-18,SETTLEMENT,MATCHED,TEST
1580,TRD101550,ACC-EQ-INDEX-04,INR,2828130.0,2828130.0,2026-08-14,SETTLEMENT,MATCHED,TEST
1581,TRD101551,ACC-EQ-CORE-02,INR,4103115.0,4103115.0,2026-08-22,SETTLEMENT,MATCHED,TRAIN
1582,TRD101552,ACC-EQ-CORE-01,INR,172480.0,172480.0,2026-08-15,SETTLEMENT,MATCHED,TRAIN
1583,TRD101553,ACC-EQ-ALPHA-03,INR,736998.0,736998.0,2026-08-14,SETTLEMENT,MATCHED,TRAIN
1584,TRD101554,ACC-EQ-CORE-01,INR,421080.0,421080.0,2026-08-02,SETTLEMENT,MATCHED,TRAIN
1585,TRD101555,ACC-EQ-CORE-02,INR,570510.0,570510.0,2026-08-02,SETTLEMENT,MATCHED,TRAIN
1586,TRD101556,ACC-EQ-ALPHA-03,INR,1949570.0,1949570.0,2026-08-22,SETTLEMENT,MATCHED,TRAIN
1587,TRD101557,ACC-EQ-CORE-01,INR,1844240.0,1844240.0,2026-08-14,SETTLEMENT,MATCHED,TEST
1588,TRD101558,ACC-EQ-CORE-01,INR,1031500.0,1031500.0,2026-08-22,SETTLEMENT,MATCHED,TEST
1589,TRD101559,ACC-EQ-CORE-02,INR,93412.0,93412.0,2026-08-11,SETTLEMENT,MATCHED,TRAIN
1590,TRD101560,ACC-EQ-CORE-01,INR,8269900.0,8269900.0,2026-08-08,SETTLEMENT,MATCHED,TRAIN
1591,TRD101561,ACC-EQ-CORE-01,USD,288039.15,274323.0,2026-08-17,SETTLEMENT,MATCHED,TRAIN
1592,TRD101562,ACC-EQ-INDEX-04,INR,2929890.0,2929890.0,2026-08-12,SETTLEMENT,MATCHED,TEST
1593,TRD101563,ACC-EQ-CORE-01,INR,1410780.0,1410780.0,2026-08-07,SETTLEMENT,MATCHED,TRAIN
1594,TRD101564,ACC-EQ-CORE-01,INR,845460.0,845460.0,2026-08-21,SETTLEMENT,MATCHED,TEST
1595,TRD101565,ACC-EQ-CORE-01,INR,2771887.5,2771887.5,2026-08-08,SETTLEMENT,MATCHED,TEST
1596,TRD101566,ACC-EQ-CORE-02,INR,917427.5,917427.5,2026-08-13,SETTLEMENT,MATCHED,TRAIN
1597,TRD101567,ACC-EQ-ALPHA-03,INR,210807.5,210807.5,2026-08-06,SETTLEMENT,MATCHED,TRAIN
1598,TRD101568,ACC-EQ-ALPHA-03,INR,334532.0,334532.0,2026-08-19,SETTLEMENT,MATCHED,TRAIN
1599,TRD101569,ACC-EQ-ALPHA-03,INR,1219920.0,1219920.0,2026-08-14,SETTLEMENT,MATCHED,TRAIN
1600,TRD101570,ACC-EQ-ALPHA-03,INR,1262205.0,1262205.0,2026-08-05,SETTLEMENT,MATCHED,TEST
1601,TRD101571,ACC-EQ-INDEX-04,INR,1379030.0,1379030.0,2026-08-17,SETTLEMENT,MATCHED,TRAIN
1602,TRD101572,ACC-EQ-INDEX-04,INR,887985.0,887985.0,2026-08-21,SETTLEMENT,MATCHED,TEST
1603,TRD101573,ACC-EQ-INDEX-04,INR,1673090.0,1673090.0,2026-08-22,SETTLEMENT,MATCHED,TRAIN
1604,TRD101574,ACC-EQ-INDEX-04,INR,22001.48,17324.0,2026-08-10,SETTLEMENT,MATCHED,TRAIN
1605,TRD101575,ACC-EQ-ALPHA-03,INR,1179050.0,1179050.0,2026-08-05,SETTLEMENT,MATCHED,TEST
1606,TRD101576,ACC-EQ-ALPHA-03,INR,685422.5,685422.5,2026-08-04,SETTLEMENT,MATCHED,TRAIN
1607,TRD101577,ACC-EQ-CORE-01,INR,1883160.0,1883160.0,2026-08-12,SETTLEMENT,MATCHED,TRAIN
1608,TRD101578,ACC-EQ-CORE-01,INR,3352660.0,3352660.0,2026-08-12,SETTLEMENT,MATCHED,TRAIN
1609,TRD101579,ACC-EQ-ALPHA-03,INR,620570.0,620570.0,2026-08-05,SETTLEMENT,MATCHED,TEST
1610,TRD101580,ACC-EQ-ALPHA-03,INR,1773600.0,1773600.0,2026-08-15,SETTLEMENT,MATCHED,TRAIN
1611,TRD101581,ACC-EQ-ALPHA-03,INR,168027.0,168027.0,2026-08-17,SETTLEMENT,MATCHED,TRAIN
1613,TRD101583,ACC-EQ-CORE-01,INR,117771.0,117771.0,2026-08-22,SETTLEMENT,MATCHED,TRAIN
1614,TRD101584,ACC-EQ-CORE-01,INR,311260.0,311260.0,2026-08-14,SETTLEMENT,MATCHED,TRAIN
1615,TRD101585,ACC-EQ-ALPHA-03,INR,194728.0,194728.0,2026-08-05,SETTLEMENT,MATCHED,TRAIN
1616,TRD101586,ACC-EQ-INDEX-04,INR,844760.0,844760.0,2026-08-19,SETTLEMENT,MATCHED,TEST
1617,TRD101587,ACC-EQ-CORE-01,INR,1270290.0,1270290.0,2026-08-16,SETTLEMENT,MATCHED,TRAIN
1618,TRD101588,ACC-EQ-CORE-02,INR,234938.0,234938.0,2026-08-03,SETTLEMENT,MATCHED,TRAIN
1619,TRD101589,ACC-EQ-ALPHA-03,INR,1264935.0,1264935.0,2026-08-04,SETTLEMENT,MATCHED,TRAIN
1620,TRD101590,ACC-EQ-CORE-01,INR,17204.0,17204.0,2026-08-03,SETTLEMENT,MATCHED,TRAIN
1621,TRD101591,ACC-EQ-ALPHA-03,INR,3085290.0,3085290.0,2026-08-21,SETTLEMENT,MATCHED,TEST
1622,TRD101592,ACC-EQ-ALPHA-03,INR,43147.5,43147.5,2026-08-05,SETTLEMENT,MATCHED,TRAIN
1623,TRD101593,ACC-EQ-CORE-02,INR,4124040.0,4124040.0,2026-08-05,SETTLEMENT,MATCHED,TRAIN
1624,TRD101594,ACC-EQ-INDEX-04,INR,3930040.0,3930040.0,2026-08-12,SETTLEMENT,MATCHED,TRAIN
1625,TRD101595,ACC-EQ-CORE-02,INR,3098790.0,3098790.0,2026-08-04,SETTLEMENT,MATCHED,TRAIN
1626,TRD101596,ACC-EQ-CORE-02,INR,121552.0,121552.0,2026-08-17,SETTLEMENT,MATCHED,TRAIN
1627,TRD101597,ACC-EQ-INDEX-04,INR,977540.0,977540.0,2026-08-14,SETTLEMENT,MATCHED,TRAIN
1628,TRD101598,ACC-EQ-ALPHA-03,INR,424130.0,424130.0,2026-08-18,SETTLEMENT,MATCHED,TRAIN
1629,TRD101598,ACC-EQ-ALPHA-03,INR,424130.0,424130.0,2026-08-18,SETTLEMENT,MATCHED,TRAIN
1630,TRD101599,ACC-EQ-CORE-02,INR,1222600.0,1222600.0,2026-08-18,SETTLEMENT,MATCHED,TRAIN
1631,TRD101600,ACC-EQ-CORE-02,INR,172250.0,172250.0,2026-08-16,SETTLEMENT,MATCHED,TRAIN
1632,TRD101601,ACC-EQ-ALPHA-03,INR,334296.0,334296.0,2026-08-07,SETTLEMENT,MATCHED,TEST
1633,TRD101602,ACC-EQ-CORE-01,INR,3794820.0,3794820.0,2026-08-05,SETTLEMENT,MATCHED,TRAIN
1634,TRD101603,ACC-EQ-ALPHA-03,INR,1411042.5,1411042.5,2026-08-18,SETTLEMENT,MATCHED,TRAIN
1635,TRD101604,ACC-EQ-INDEX-04,INR,822950.0,822950.0,2026-08-08,SETTLEMENT,MATCHED,TRAIN
1636,TRD101605,ACC-EQ-CORE-01,INR,3663710.0,3663710.0,2026-08-10,SETTLEMENT,MATCHED,TRAIN
1637,TRD101606,ACC-EQ-ALPHA-03,INR,2940360.0,2940360.0,2026-08-15,SETTLEMENT,MATCHED,TRAIN
1638,TRD101607,ACC-EQ-INDEX-04,INR,422997.5,422997.5,2026-08-18,SETTLEMENT,MATCHED,TRAIN
1639,TRD101608,ACC-EQ-CORE-01,INR,412678.0,412678.0,2026-08-05,SETTLEMENT,MATCHED,TRAIN
1640,TRD101609,ACC-EQ-CORE-01,INR,17258.0,17258.0,2026-08-09,SETTLEMENT,MATCHED,TRAIN
1641,TRD101610,ACC-EQ-ALPHA-03,INR,2510085.0,2510085.0,2026-08-05,SETTLEMENT,MATCHED,TEST
1642,TRD101611,ACC-EQ-ALPHA-03,INR,419997.5,419997.5,2026-08-13,SETTLEMENT,MATCHED,TEST
1643,TRD101611,ACC-EQ-ALPHA-03,INR,419997.5,419997.5,2026-08-13,SETTLEMENT,MATCHED,TEST
1644,TRD101612,ACC-EQ-INDEX-04,INR,60787.0,60787.0,2026-08-18,SETTLEMENT,MATCHED,TEST
1645,TRD101613,ACC-EQ-CORE-02,INR,6468600.0,6468600.0,2026-08-04,SETTLEMENT,MATCHED,TRAIN
1646,TRD101614,ACC-EQ-INDEX-04,INR,343660.0,343660.0,2026-08-02,SETTLEMENT,MATCHED,TRAIN
1647,TRD101615,ACC-EQ-CORE-02,INR,84287.0,84287.0,2026-08-10,SETTLEMENT,MATCHED,TRAIN
1648,TRD101616,ACC-EQ-INDEX-04,INR,1185790.0,1185790.0,2026-08-20,SETTLEMENT,MATCHED,TRAIN
1649,TRD101617,ACC-EQ-ALPHA-03,INR,93354.0,93354.0,2026-08-02,SETTLEMENT,MATCHED,TRAIN
1650,TRD101618,ACC-EQ-ALPHA-03,INR,922382.5,922382.5,2026-08-05,SETTLEMENT,MATCHED,TRAIN
1651,TRD101619,ACC-EQ-INDEX-04,INR,940000.0,940000.0,2026-08-19,SETTLEMENT,MATCHED,TRAIN
1652,TRD101620,ACC-EQ-ALPHA-03,INR,1682980.0,1682980.0,2026-08-13,SETTLEMENT,MATCHED,TEST
1653,TRD101621,ACC-EQ-CORE-02,INR,3096307.5,3096307.5,2026-08-22,SETTLEMENT,MATCHED,TRAIN
1654,TRD101622,ACC-EQ-INDEX-04,INR,6500345.0,6500345.0,2026-08-06,SETTLEMENT,MATCHED,TRAIN
1655,TRD101623,ACC-EQ-INDEX-04,INR,2509275.0,2509275.0,2026-08-04,SETTLEMENT,MATCHED,TRAIN
1656,TRD101624,ACC-EQ-ALPHA-03,INR,2493700.0,2493700.0,2026-08-18,SETTLEMENT,MATCHED,TRAIN
1657,TRD101625,ACC-EQ-ALPHA-03,INR,172260.0,172260.0,2026-08-15,SETTLEMENT,MATCHED,TRAIN
1658,TRD101626,ACC-EQ-INDEX-04,INR,2860030.0,2860030.0,2026-08-05,SETTLEMENT,MATCHED,TEST
1659,TRD101627,ACC-EQ-CORE-02,INR,249326.0,249326.0,2026-08-17,SETTLEMENT,MATCHED,TRAIN
1660,TRD101628,ACC-EQ-CORE-02,INR,489037.5,489037.5,2026-08-11,SETTLEMENT,MATCHED,TRAIN
1661,TRD101629,ACC-EQ-INDEX-04,INR,350145.0,350145.0,2026-08-11,SETTLEMENT,MATCHED,TRAIN
1662,TRD101630,ACC-EQ-INDEX-04,INR,1260487.5,1260487.5,2026-08-05,SETTLEMENT,MATCHED,TEST
1663,TRD101631,ACC-EQ-ALPHA-03,INR,4269435.0,4269435.0,2026-08-02,SETTLEMENT,MATCHED,TRAIN
1664,TRD101632,ACC-EQ-CORE-02,INR,636007.5,636007.5,2026-08-18,SETTLEMENT,MATCHED,TEST
1665,TRD101633,ACC-EQ-CORE-01,INR,456127.5,456127.5,2026-08-08,SETTLEMENT,MATCHED,TRAIN
1666,TRD101634,ACC-EQ-INDEX-04,INR,167475.0,167475.0,2026-08-13,SETTLEMENT,MATCHED,TRAIN
1667,TRD101635,ACC-EQ-ALPHA-03,INR,339408.0,339408.0,2026-08-11,SETTLEMENT,MATCHED,TRAIN
1668,TRD101636,ACC-EQ-CORE-02,INR,1773540.0,1773540.0,2026-08-12,SETTLEMENT,MATCHED,TRAIN
1669,TRD101637,ACC-EQ-ALPHA-03,INR,309940.0,309940.0,2026-08-08,SETTLEMENT,MATCHED,TRAIN
1670,TRD101638,ACC-EQ-CORE-01,INR,2482740.0,2482740.0,2026-08-14,SETTLEMENT,MATCHED,TEST
1671,TRD101639,ACC-EQ-ALPHA-03,INR,7374580.0,7374580.0,2026-08-18,SETTLEMENT,MATCHED,TRAIN
1672,TRD101640,ACC-EQ-CORE-01,INR,1267980.0,1267980.0,2026-08-15,SETTLEMENT,MATCHED,TRAIN
1673,TRD101641,ACC-EQ-ALPHA-03,INR,4101450.0,4101450.0,2026-08-06,SETTLEMENT,MATCHED,TEST
1674,TRD101642,ACC-EQ-ALPHA-03,INR,1175850.0,1175850.0,2026-08-19,SETTLEMENT,MATCHED,TRAIN
1675,TRD101643,ACC-EQ-INDEX-04,INR,4102995.0,4102995.0,2026-08-02,SETTLEMENT,MATCHED,TRAIN
1676,TRD101644,ACC-EQ-ALPHA-03,INR,411128.0,411128.0,2026-08-22,SETTLEMENT,MATCHED,TRAIN
1677,TRD101645,ACC-EQ-CORE-01,INR,9741367.5,9741367.5,2026-08-12,SETTLEMENT,MATCHED,TRAIN
1678,TRD101646,ACC-EQ-INDEX-04,INR,305225.0,305225.0,2026-08-19,SETTLEMENT,MATCHED,TRAIN
1680,TRD101648,ACC-EQ-CORE-01,INR,482037.0,587850.0,2026-08-02,SETTLEMENT,MATCHED,TRAIN
1681,TRD101649,ACC-EQ-INDEX-04,INR,834280.0,834280.0,2026-08-02,SETTLEMENT,MATCHED,TEST
1682,TRD101650,ACC-EQ-CORE-02,INR,568960.0,568960.0,2026-08-17,SETTLEMENT,MATCHED,TRAIN
1683,TRD101651,ACC-EQ-INDEX-04,INR,26053280.0,26053280.0,2026-08-21,SETTLEMENT,MATCHED,TRAIN
1684,TRD101652,ACC-EQ-CORE-02,INR,194954.0,194954.0,2026-08-09,SETTLEMENT,MATCHED,TRAIN
1685,TRD101653,ACC-EQ-INDEX-04,INR,350932.5,350932.5,2026-08-05,SETTLEMENT,MATCHED,TRAIN
1686,TRD101654,ACC-EQ-INDEX-04,INR,1465177.5,1465177.5,2026-08-05,SETTLEMENT,MATCHED,TEST
1687,TRD101655,ACC-EQ-INDEX-04,INR,188621.0,188621.0,2026-08-05,SETTLEMENT,MATCHED,TRAIN
1688,TRD101656,ACC-EQ-INDEX-04,INR,881062.5,881062.5,2026-08-22,SETTLEMENT,MATCHED,TRAIN
1689,TRD101657,ACC-EQ-INDEX-04,INR,173250.0,173250.0,2026-08-16,SETTLEMENT,MATCHED,TRAIN
1690,TRD101658,ACC-EQ-ALPHA-03,INR,711612.5,711612.5,2026-08-18,SETTLEMENT,MATCHED,TRAIN
1691,TRD101659,ACC-EQ-ALPHA-03,INR,733634.0,733634.0,2026-08-06,SETTLEMENT,MATCHED,TRAIN
1692,TRD101660,ACC-EQ-CORE-01,INR,152250.0,152250.0,2026-08-11,SETTLEMENT,MATCHED,TEST
1693,TRD101661,ACC-EQ-ALPHA-03,INR,3384380.0,3384380.0,2026-08-07,SETTLEMENT,MATCHED,TRAIN
1694,TRD101662,ACC-EQ-INDEX-04,INR,610890.0,610890.0,2026-08-20,SETTLEMENT,MATCHED,TRAIN
1695,TRD101663,ACC-EQ-CORE-01,INR,286053.0,286053.0,2026-08-07,SETTLEMENT,MATCHED,TRAIN
1696,TRD101664,ACC-EQ-CORE-02,INR,936140.0,936140.0,2026-08-09,SETTLEMENT,MATCHED,TRAIN
1697,TRD101665,ACC-EQ-CORE-01,INR,43210.0,43210.0,2026-08-14,SETTLEMENT,MATCHED,TRAIN
1698,TRD101666,ACC-EQ-ALPHA-03,INR,881775.0,881775.0,2026-08-04,SETTLEMENT,MATCHED,TEST
1699,TRD101667,ACC-EQ-CORE-02,INR,43035.0,43035.0,2026-08-16,SETTLEMENT,MATCHED,TRAIN
1700,TRD101668,ACC-EQ-CORE-02,INR,1256287.5,1256287.5,2026-08-11,SETTLEMENT,MATCHED,TRAIN
1701,TRD101669,ACC-EQ-CORE-01,INR,841700.0,841700.0,2026-08-02,SETTLEMENT,MATCHED,TRAIN
1702,TRD101670,ACC-EQ-CORE-01,INR,715427.5,715427.5,2026-08-13,SETTLEMENT,MATCHED,TRAIN
1703,TRD101671,ACC-EQ-INDEX-04,INR,3768880.0,3768880.0,2026-08-08,SETTLEMENT,MATCHED,TRAIN
1704,TRD101672,ACC-EQ-INDEX-04,INR,212037.5,212037.5,2026-08-16,SETTLEMENT,MATCHED,TRAIN
1705,TRD101673,ACC-EQ-CORE-01,INR,235170.0,235170.0,2026-08-18,SETTLEMENT,MATCHED,TRAIN
1706,TRD101674,ACC-EQ-CORE-01,INR,233400.0,233400.0,2026-08-19,SETTLEMENT,MATCHED,TRAIN
1707,TRD101675,ACC-EQ-ALPHA-03,INR,9776107.5,9776107.5,2026-08-10,SETTLEMENT,MATCHED,TRAIN
1708,TRD101676,ACC-EQ-CORE-02,INR,3260190.0,3260190.0,2026-08-04,SETTLEMENT,MATCHED,TRAIN
1709,TRD101677,ACC-EQ-INDEX-04,INR,169118.0,169118.0,2026-08-05,SETTLEMENT,MATCHED,TRAIN
1710,TRD101678,ACC-EQ-CORE-02,INR,194655.0,194655.0,2026-08-15,SETTLEMENT,MATCHED,TRAIN
1711,TRD101679,ACC-EQ-ALPHA-03,INR,17183.0,17183.0,2026-08-19,SETTLEMENT,MATCHED,TRAIN
1712,TRD101680,ACC-EQ-CORE-01,INR,3336100.0,3336100.0,2026-08-20,SETTLEMENT,MATCHED,TRAIN
1713,TRD101681,ACC-EQ-INDEX-04,INR,6187185.0,6187185.0,2026-08-21,SETTLEMENT,MATCHED,TRAIN
1714,TRD101682,ACC-EQ-CORE-02,INR,123589.0,123589.0,2026-08-17,SETTLEMENT,MATCHED,TRAIN
1715,TRD101683,ACC-EQ-CORE-01,INR,3374160.0,3374160.0,2026-08-09,SETTLEMENT,MATCHED,TRAIN
1716,TRD101684,ACC-EQ-CORE-01,INR,1373270.0,1373270.0,2026-08-14,SETTLEMENT,MATCHED,TRAIN
1717,TRD101685,ACC-EQ-INDEX-04,INR,4287105.0,4287105.0,2026-08-06,SETTLEMENT,MATCHED,TRAIN
1718,TRD101686,ACC-EQ-ALPHA-03,INR,8210020.0,8210020.0,2026-08-21,SETTLEMENT,MATCHED,TRAIN
1719,TRD101687,ACC-EQ-CORE-01,INR,1273710.0,1273710.0,2026-08-09,SETTLEMENT,MATCHED,TRAIN
1720,TRD101688,ACC-EQ-CORE-01,INR,2519025.0,2519025.0,2026-08-19,SETTLEMENT,MATCHED,TRAIN
1721,TRD101689,ACC-EQ-CORE-02,INR,6510290.0,6510290.0,2026-08-04,SETTLEMENT,MATCHED,TRAIN
1722,TRD101690,ACC-EQ-CORE-02,INR,1411252.5,1411252.5,2026-08-13,SETTLEMENT,MATCHED,TRAIN
1724,TRD101692,ACC-EQ-INDEX-04,INR,620370.0,620370.0,2026-08-13,SETTLEMENT,MATCHED,TRAIN
1725,TRD101693,ACC-EQ-ALPHA-03,INR,579251.4,636540.0,2026-08-09,SETTLEMENT,MATCHED,TEST
1726,TRD101694,ACC-EQ-INDEX-04,INR,121526.0,121526.0,2026-08-15,SETTLEMENT,MATCHED,TRAIN
1727,TRD101695,ACC-EQ-ALPHA-03,INR,2068865.0,2068865.0,2026-08-18,SETTLEMENT,MATCHED,TEST
1728,TRD101696,ACC-EQ-CORE-02,INR,4130020.0,4130020.0,2026-08-06,SETTLEMENT,MATCHED,TRAIN
1729,TRD101697,ACC-EQ-CORE-01,INR,3929120.0,3929120.0,2026-08-02,SETTLEMENT,MATCHED,TEST
1730,TRD101698,ACC-EQ-ALPHA-03,INR,1857480.0,1857480.0,2026-08-04,SETTLEMENT,MATCHED,TRAIN
1731,TRD101699,ACC-EQ-CORE-01,INR,47060.0,47060.0,2026-08-14,SETTLEMENT,MATCHED,TEST
1732,TRD101700,ACC-EQ-CORE-01,INR,2504865.0,2504865.0,2026-08-15,SETTLEMENT,MATCHED,TRAIN
1733,TRD101701,ACC-EQ-ALPHA-03,INR,2862960.0,2862960.0,2026-08-21,SETTLEMENT,MATCHED,TEST
1734,TRD101702,ACC-EQ-INDEX-04,GBP,279605.46,274123.0,2026-08-21,SETTLEMENT,MATCHED,TEST
1735,TRD101703,ACC-EQ-INDEX-04,INR,549412.0,549412.0,2026-08-11,SETTLEMENT,MATCHED,TEST
1736,TRD101703,ACC-EQ-INDEX-04,INR,549412.0,549412.0,2026-08-11,SETTLEMENT,MATCHED,TEST
1737,TRD101704,ACC-EQ-CORE-02,INR,882202.5,882202.5,2026-08-14,SETTLEMENT,MATCHED,TRAIN
1738,TRD101705,ACC-EQ-CORE-02,INR,17207.0,17207.0,2026-08-10,SETTLEMENT,MATCHED,TRAIN
1739,TRD101706,ACC-EQ-ALPHA-03,INR,1262550.0,1262550.0,2026-08-10,SETTLEMENT,MATCHED,TRAIN
1740,TRD101707,ACC-EQ-ALPHA-03,INR,273528.0,273528.0,2026-08-20,SETTLEMENT,MATCHED,TRAIN
1742,TRD101709,ACC-EQ-INDEX-04,INR,2849940.0,2849940.0,2026-08-19,SETTLEMENT,MATCHED,TEST
1743,TRD101710,ACC-EQ-ALPHA-03,INR,235522.0,235522.0,2026-08-21,SETTLEMENT,MATCHED,TRAIN
1744,TRD101711,ACC-EQ-INDEX-04,INR,116942.5,116942.5,2026-08-10,SETTLEMENT,MATCHED,TEST
1745,TRD101712,ACC-EQ-CORE-01,INR,417320.0,417320.0,2026-08-21,SETTLEMENT,MATCHED,TRAIN
1746,TRD101713,ACC-EQ-ALPHA-03,EUR,418989.48,410774.0,2026-08-18,SETTLEMENT,MATCHED,TRAIN
1747,TRD101714,ACC-EQ-CORE-01,INR,1831995.0,1831995.0,2026-08-10,SETTLEMENT,MATCHED,TRAIN
1748,TRD101715,ACC-EQ-CORE-01,INR,368385.0,368385.0,2026-08-13,SETTLEMENT,MATCHED,TRAIN
1749,TRD101716,ACC-EQ-ALPHA-03,INR,821982.0,821982.0,2026-08-12,SETTLEMENT,MATCHED,TRAIN
1750,TRD101717,ACC-EQ-ALPHA-03,INR,6204360.0,6204360.0,2026-08-06,SETTLEMENT,MATCHED,TRAIN
1751,TRD101718,ACC-EQ-ALPHA-03,INR,1273440.0,1273440.0,2026-08-13,SETTLEMENT,MATCHED,TRAIN
1752,TRD101719,ACC-EQ-CORE-01,INR,1881690.0,1881690.0,2026-08-06,SETTLEMENT,MATCHED,TRAIN
1753,TRD101720,ACC-EQ-ALPHA-03,INR,591945.0,591945.0,2026-08-18,SETTLEMENT,MATCHED,TRAIN
1754,TRD101721,ACC-EQ-CORE-01,INR,169305.0,169305.0,2026-08-06,SETTLEMENT,MATCHED,TRAIN
1755,TRD101722,ACC-EQ-INDEX-04,INR,86280.0,86280.0,2026-08-20,SETTLEMENT,MATCHED,TRAIN
1756,TRD101723,ACC-EQ-INDEX-04,INR,1299390.0,1299390.0,2026-08-18,SETTLEMENT,MATCHED,TRAIN
1757,TRD101724,ACC-EQ-ALPHA-03,INR,622485.0,622485.0,2026-08-11,SETTLEMENT,MATCHED,TEST
1758,TRD101725,ACC-EQ-CORE-01,INR,2738210.0,2738210.0,2026-08-12,SETTLEMENT,MATCHED,TRAIN
1759,TRD101726,ACC-EQ-CORE-01,INR,702375.0,702375.0,2026-08-13,SETTLEMENT,MATCHED,TRAIN
1760,TRD101727,ACC-EQ-CORE-02,INR,3915520.0,3915520.0,2026-08-16,SETTLEMENT,MATCHED,TRAIN
1761,TRD101728,ACC-EQ-CORE-02,INR,86465.0,86465.0,2026-08-15,SETTLEMENT,MATCHED,TRAIN
1762,TRD101729,ACC-EQ-INDEX-04,INR,2611040.62,2055937.5,2026-08-05,SETTLEMENT,MATCHED,TRAIN
1763,TRD101730,ACC-EQ-CORE-02,INR,920737.5,920737.5,2026-08-22,SETTLEMENT,MATCHED,TEST
1764,TRD101731,ACC-EQ-INDEX-04,INR,709922.5,709922.5,2026-08-10,SETTLEMENT,MATCHED,TRAIN
1765,TRD101732,ACC-EQ-CORE-02,INR,189661.0,189661.0,2026-08-02,SETTLEMENT,MATCHED,TRAIN
1766,TRD101733,ACC-EQ-INDEX-04,INR,2846910.0,2846910.0,2026-08-13,SETTLEMENT,MATCHED,TRAIN
1767,TRD101734,ACC-EQ-CORE-01,INR,456015.0,456015.0,2026-08-12,SETTLEMENT,MATCHED,TRAIN
1768,TRD101735,ACC-EQ-INDEX-04,INR,4139290.0,4139290.0,2026-08-15,SETTLEMENT,MATCHED,TRAIN
1769,TRD101736,ACC-EQ-CORE-01,INR,2486560.0,2486560.0,2026-08-07,SETTLEMENT,MATCHED,TRAIN
1770,TRD101737,ACC-EQ-INDEX-04,INR,17261.0,17261.0,2026-08-13,SETTLEMENT,MATCHED,TRAIN
1771,TRD101738,ACC-EQ-CORE-01,INR,1685740.0,1685740.0,2026-08-20,SETTLEMENT,MATCHED,TRAIN
1772,TRD101739,ACC-EQ-INDEX-04,INR,2477660.0,2477660.0,2026-08-20,SETTLEMENT,MATCHED,TRAIN
1773,TRD101740,ACC-EQ-CORE-01,INR,1266105.0,1266105.0,2026-08-07,SETTLEMENT,MATCHED,TRAIN
1774,TRD101741,ACC-EQ-CORE-01,INR,1268752.5,1268752.5,2026-08-21,SETTLEMENT,MATCHED,TRAIN
1776,TRD101743,ACC-EQ-CORE-01,INR,43022.5,43022.5,2026-08-10,SETTLEMENT,MATCHED,TRAIN
1778,TRD101745,ACC-EQ-CORE-02,INR,118568.0,118568.0,2026-08-19,SETTLEMENT,MATCHED,TRAIN
1779,TRD101746,ACC-EQ-INDEX-04,INR,46829.0,46829.0,2026-08-11,SETTLEMENT,MATCHED,TRAIN
1780,TRD101747,ACC-EQ-CORE-01,INR,923082.5,923082.5,2026-08-11,SETTLEMENT,MATCHED,TRAIN
1781,TRD101748,ACC-EQ-ALPHA-03,INR,258660.0,258660.0,2026-08-04,SETTLEMENT,MATCHED,TRAIN
1782,TRD101749,ACC-EQ-CORE-01,INR,169534.0,169534.0,2026-08-09,SETTLEMENT,MATCHED,TRAIN
1783,TRD101750,ACC-EQ-CORE-01,INR,1886070.0,1886070.0,2026-08-22,SETTLEMENT,MATCHED,TRAIN
1784,TRD101751,ACC-EQ-CORE-02,INR,17234.0,17234.0,2026-08-18,SETTLEMENT,MATCHED,TRAIN
1785,TRD101752,ACC-EQ-CORE-02,INR,195073.0,195073.0,2026-08-20,SETTLEMENT,MATCHED,TRAIN
1786,TRD101753,ACC-EQ-INDEX-04,INR,2472940.0,2472940.0,2026-08-07,SETTLEMENT,MATCHED,TRAIN
1787,TRD101754,ACC-EQ-CORE-02,INR,946425.0,946425.0,2026-08-04,SETTLEMENT,MATCHED,TRAIN
1788,TRD101755,ACC-EQ-CORE-02,INR,338048.0,338048.0,2026-08-21,SETTLEMENT,MATCHED,TRAIN
1789,TRD101756,ACC-EQ-CORE-02,INR,1269240.0,1269240.0,2026-08-22,SETTLEMENT,MATCHED,TRAIN
1790,TRD101757,ACC-EQ-INDEX-04,INR,117667.5,117667.5,2026-08-09,SETTLEMENT,MATCHED,TRAIN
1791,TRD101758,ACC-EQ-ALPHA-03,INR,4122435.0,4122435.0,2026-08-19,SETTLEMENT,MATCHED,TRAIN
1792,TRD101759,ACC-EQ-INDEX-04,INR,336590.0,336590.0,2026-08-11,SETTLEMENT,MATCHED,TRAIN
1793,TRD101760,ACC-EQ-CORE-01,INR,2503140.0,2503140.0,2026-08-16,SETTLEMENT,MATCHED,TRAIN
1794,TRD101761,ACC-EQ-INDEX-04,INR,917400.0,917400.0,2026-08-17,SETTLEMENT,MATCHED,TRAIN
1795,TRD101762,ACC-EQ-CORE-01,INR,2132910.0,2132910.0,2026-08-08,SETTLEMENT,MATCHED,TRAIN
1796,TRD101763,ACC-EQ-INDEX-04,INR,1239700.0,1239700.0,2026-08-16,SETTLEMENT,MATCHED,TRAIN
1797,TRD101764,ACC-EQ-CORE-01,INR,17205.0,17205.0,2026-08-09,SETTLEMENT,MATCHED,TEST
1798,TRD101765,ACC-EQ-CORE-02,INR,701385.0,701385.0,2026-08-07,SETTLEMENT,MATCHED,TEST
1799,TRD101766,ACC-EQ-CORE-01,INR,1175870.0,1175870.0,2026-08-19,SETTLEMENT,MATCHED,TRAIN
1800,TRD101767,ACC-EQ-CORE-01,INR,4137740.0,4137740.0,2026-08-19,SETTLEMENT,MATCHED,TRAIN
1801,TRD101768,ACC-EQ-CORE-02,INR,424850.0,424850.0,2026-08-19,SETTLEMENT,MATCHED,TRAIN
1802,TRD101769,ACC-EQ-CORE-02,INR,689217.5,689217.5,2026-08-12,SETTLEMENT,MATCHED,TRAIN
1803,TRD101770,ACC-EQ-INDEX-04,USD,274593.6,286035.0,2026-08-18,SETTLEMENT,MATCHED,TEST
1804,TRD101771,ACC-EQ-CORE-02,INR,711080.0,711080.0,2026-08-02,SETTLEMENT,MATCHED,TEST
1805,TRD101772,ACC-EQ-INDEX-04,INR,248936.0,248936.0,2026-08-14,SETTLEMENT,MATCHED,TEST
1806,TRD101773,ACC-EQ-INDEX-04,INR,9770242.5,9770242.5,2026-08-04,SETTLEMENT,MATCHED,TRAIN
1807,TRD101774,ACC-EQ-CORE-02,INR,709742.5,709742.5,2026-08-20,SETTLEMENT,MATCHED,TRAIN
1808,TRD101775,ACC-EQ-ALPHA-03,INR,2743540.0,2743540.0,2026-08-02,SETTLEMENT,MATCHED,TRAIN
1809,TRD101776,ACC-EQ-INDEX-04,INR,334250.0,334250.0,2026-08-22,SETTLEMENT,MATCHED,TRAIN
1810,TRD101776,ACC-EQ-INDEX-04,INR,334250.0,334250.0,2026-08-22,SETTLEMENT,MATCHED,TRAIN
1811,TRD101777,ACC-EQ-ALPHA-03,INR,1853625.0,1853625.0,2026-08-15,SETTLEMENT,MATCHED,TEST
1812,TRD101778,ACC-EQ-INDEX-04,INR,619670.0,619670.0,2026-08-17,SETTLEMENT,MATCHED,TRAIN
1813,TRD101779,ACC-EQ-INDEX-04,INR,548858.0,548858.0,2026-08-20,SETTLEMENT,MATCHED,TEST
1814,TRD101780,ACC-EQ-ALPHA-03,GBP,435974.7,468790.0,2026-08-05,SETTLEMENT,MATCHED,TRAIN
1815,TRD101781,ACC-EQ-INDEX-04,INR,376530.0,376530.0,2026-08-07,SETTLEMENT,MATCHED,TEST
1816,TRD101782,ACC-EQ-CORE-02,INR,1029190.0,1029190.0,2026-08-17,SETTLEMENT,MATCHED,TRAIN
1817,TRD101783,ACC-EQ-ALPHA-03,INR,5477580.0,5477580.0,2026-08-11,SETTLEMENT,MATCHED,TRAIN
1818,TRD101784,ACC-EQ-CORE-01,INR,2855890.0,2855890.0,2026-08-21,SETTLEMENT,MATCHED,TEST
1819,TRD101785,ACC-EQ-INDEX-04,INR,305955.0,305955.0,2026-08-17,SETTLEMENT,MATCHED,TRAIN
1820,TRD101786,ACC-EQ-CORE-01,INR,976110.0,976110.0,2026-08-17,SETTLEMENT,MATCHED,TEST
1821,TRD101787,ACC-EQ-CORE-01,INR,337660.0,337660.0,2026-08-02,SETTLEMENT,MATCHED,TRAIN
1822,TRD101788,ACC-EQ-INDEX-04,INR,3362780.0,3362780.0,2026-08-05,SETTLEMENT,MATCHED,TRAIN
1823,TRD101789,ACC-EQ-INDEX-04,INR,3766980.0,3766980.0,2026-08-19,SETTLEMENT,MATCHED,TRAIN
1824,TRD101790,ACC-EQ-ALPHA-03,INR,248000.0,248000.0,2026-08-11,SETTLEMENT,MATCHED,TEST
1825,TRD101791,ACC-EQ-ALPHA-03,INR,1181000.0,1181000.0,2026-08-07,SETTLEMENT,MATCHED,TRAIN
1826,TRD101792,ACC-EQ-INDEX-04,INR,2746130.0,2746130.0,2026-08-10,SETTLEMENT,MATCHED,TRAIN
1827,TRD101793,ACC-EQ-INDEX-04,INR,173190.0,173190.0,2026-08-06,SETTLEMENT,MATCHED,TEST
1828,TRD101794,ACC-EQ-CORE-01,INR,1264335.0,1264335.0,2026-08-17,SETTLEMENT,MATCHED,TRAIN
1830,TRD101796,ACC-EQ-CORE-01,INR,412590.0,412590.0,2026-08-21,SETTLEMENT,MATCHED,TRAIN
1831,TRD101797,ACC-EQ-ALPHA-03,INR,976335.0,976335.0,2026-08-02,SETTLEMENT,MATCHED,TRAIN
1832,TRD101798,ACC-EQ-INDEX-04,INR,19486440.0,19486440.0,2026-08-11,SETTLEMENT,MATCHED,TRAIN
1834,TRD101800,ACC-EQ-INDEX-04,INR,1418625.0,1418625.0,2026-08-06,SETTLEMENT,MATCHED,TRAIN
1835,TRD101801,ACC-EQ-INDEX-04,INR,889320.0,889320.0,2026-08-21,SETTLEMENT,MATCHED,TEST
1836,TRD101802,ACC-EQ-CORE-02,INR,189566.0,189566.0,2026-08-08,SETTLEMENT,MATCHED,TRAIN
1837,TRD101803,ACC-EQ-CORE-01,INR,3794760.0,3794760.0,2026-08-12,SETTLEMENT,MATCHED,TRAIN
1838,TRD101804,ACC-EQ-ALPHA-03,INR,7354800.0,7354800.0,2026-08-17,SETTLEMENT,MATCHED,TRAIN
1839,TRD101805,ACC-EQ-INDEX-04,INR,2509710.0,2509710.0,2026-08-14,SETTLEMENT,MATCHED,TRAIN
1840,TRD101806,ACC-EQ-CORE-02,INR,1241180.0,1241180.0,2026-08-21,SETTLEMENT,MATCHED,TEST
1841,TRD101807,ACC-EQ-INDEX-04,INR,153105.0,153105.0,2026-08-19,SETTLEMENT,MATCHED,TEST
1842,TRD101808,ACC-EQ-ALPHA-03,INR,391366.0,391366.0,2026-08-15,SETTLEMENT,MATCHED,TRAIN
1844,TRD101810,ACC-EQ-CORE-01,INR,589430.0,589430.0,2026-08-07,SETTLEMENT,MATCHED,TRAIN
1845,TRD101811,ACC-EQ-ALPHA-03,INR,469020.0,469020.0,2026-08-02,SETTLEMENT,MATCHED,TRAIN
1846,TRD101812,ACC-EQ-ALPHA-03,INR,4137880.0,4137880.0,2026-08-18,SETTLEMENT,MATCHED,TRAIN
1847,TRD101812,ACC-EQ-ALPHA-03,INR,4137880.0,4137880.0,2026-08-18,SETTLEMENT,MATCHED,TRAIN
1848,TRD101813,ACC-EQ-ALPHA-03,INR,1468852.5,1468852.5,2026-08-14,SETTLEMENT,MATCHED,TRAIN
1849,TRD101814,ACC-EQ-INDEX-04,INR,196491.0,196491.0,2026-08-02,SETTLEMENT,MATCHED,TRAIN
1850,TRD101815,ACC-EQ-CORE-01,INR,117195.0,117195.0,2026-08-22,SETTLEMENT,MATCHED,TRAIN
1851,TRD101816,ACC-EQ-CORE-02,INR,84655.0,84655.0,2026-08-06,SETTLEMENT,MATCHED,TRAIN
1852,TRD101817,ACC-EQ-INDEX-04,INR,6201780.0,6201780.0,2026-08-05,SETTLEMENT,MATCHED,TRAIN
1853,TRD101817,ACC-EQ-INDEX-04,INR,6201780.0,6201780.0,2026-08-05,SETTLEMENT,MATCHED,TRAIN
1854,TRD101818,ACC-EQ-CORE-01,INR,169726.0,169726.0,2026-08-10,SETTLEMENT,MATCHED,TRAIN
1855,TRD101819,ACC-EQ-ALPHA-03,INR,13031630.0,13031630.0,2026-08-07,SETTLEMENT,MATCHED,TRAIN
1856,TRD101820,ACC-EQ-CORE-02,INR,2931090.0,2931090.0,2026-08-03,SETTLEMENT,MATCHED,TRAIN
1857,TRD101821,ACC-EQ-ALPHA-03,INR,455857.5,455857.5,2026-08-16,SETTLEMENT,MATCHED,TEST
1858,TRD101822,ACC-EQ-ALPHA-03,INR,912525.0,912525.0,2026-08-02,SETTLEMENT,MATCHED,TRAIN
1859,TRD101823,ACC-EQ-INDEX-04,INR,4119360.0,4119360.0,2026-08-04,SETTLEMENT,MATCHED,TRAIN
1860,TRD101824,ACC-EQ-ALPHA-03,INR,821534.0,821534.0,2026-08-04,SETTLEMENT,MATCHED,TEST
1861,TRD101825,ACC-EQ-ALPHA-03,INR,688382.5,688382.5,2026-08-08,SETTLEMENT,MATCHED,TRAIN
1862,TRD101826,ACC-EQ-CORE-02,INR,2056415.0,2056415.0,2026-08-22,SETTLEMENT,MATCHED,TEST
1863,TRD101827,ACC-EQ-CORE-02,INR,4284555.0,4284555.0,2026-08-07,SETTLEMENT,MATCHED,TEST
1864,TRD101828,ACC-EQ-CORE-02,USD,907397.45,848035.0,2026-08-10,SETTLEMENT,MATCHED,TRAIN
1865,TRD101829,ACC-EQ-ALPHA-03,INR,2475760.0,2475760.0,2026-08-17,SETTLEMENT,MATCHED,TEST
1866,TRD101830,ACC-EQ-INDEX-04,INR,5509300.0,5509300.0,2026-08-07,SETTLEMENT,MATCHED,TRAIN
1867,TRD101831,ACC-EQ-ALPHA-03,GBP,1886143.2,1849160.0,2026-08-15,SETTLEMENT,MATCHED,TRAIN
1868,TRD101832,ACC-EQ-CORE-02,INR,631605.0,631605.0,2026-08-08,SETTLEMENT,MATCHED,TRAIN
1869,TRD101833,ACC-EQ-CORE-02,INR,124604.0,124604.0,2026-08-18,SETTLEMENT,MATCHED,TEST
1870,TRD101834,ACC-EQ-INDEX-04,INR,3783880.0,3783880.0,2026-08-13,SETTLEMENT,MATCHED,TRAIN
1871,TRD101835,ACC-EQ-INDEX-04,INR,169338.0,169338.0,2026-08-02,SETTLEMENT,MATCHED,TRAIN
1872,TRD101836,ACC-EQ-ALPHA-03,INR,846850.0,846850.0,2026-08-05,SETTLEMENT,MATCHED,TRAIN
1873,TRD101837,ACC-EQ-INDEX-04,INR,3782360.0,3782360.0,2026-08-02,SETTLEMENT,MATCHED,TRAIN
1874,TRD101838,ACC-EQ-ALPHA-03,INR,915285.0,915285.0,2026-08-09,SETTLEMENT,MATCHED,TRAIN
1875,TRD101839,ACC-EQ-CORE-01,INR,701940.0,701940.0,2026-08-09,SETTLEMENT,MATCHED,TEST
1876,TRD101840,ACC-EQ-CORE-01,INR,1273552.5,1273552.5,2026-08-14,SETTLEMENT,MATCHED,TRAIN
1877,TRD101841,ACC-EQ-CORE-02,INR,923922.5,923922.5,2026-08-21,SETTLEMENT,MATCHED,TRAIN
1878,TRD101842,ACC-EQ-ALPHA-03,INR,1895750.0,1895750.0,2026-08-03,SETTLEMENT,MATCHED,TEST
1879,TRD101843,ACC-EQ-CORE-01,INR,2744470.0,2744470.0,2026-08-07,SETTLEMENT,MATCHED,TEST
1880,TRD101844,ACC-EQ-CORE-02,INR,417967.5,417967.5,2026-08-04,SETTLEMENT,MATCHED,TEST
1881,TRD101845,ACC-EQ-ALPHA-03,INR,338838.0,338838.0,2026-08-06,SETTLEMENT,MATCHED,TRAIN
1882,TRD101846,ACC-EQ-INDEX-04,INR,117042.5,117042.5,2026-08-17,SETTLEMENT,MATCHED,TRAIN
1883,TRD101847,ACC-EQ-CORE-02,INR,345480.0,345480.0,2026-08-16,SETTLEMENT,MATCHED,TRAIN
1884,TRD101848,ACC-EQ-ALPHA-03,INR,421832.5,421832.5,2026-08-06,SETTLEMENT,MATCHED,TRAIN
1885,TRD101849,ACC-EQ-ALPHA-03,INR,19488870.0,19488870.0,2026-08-19,SETTLEMENT,MATCHED,TRAIN
1886,TRD101850,ACC-EQ-CORE-02,INR,195026.0,195026.0,2026-08-21,SETTLEMENT,MATCHED,TEST
1887,TRD101851,ACC-EQ-INDEX-04,INR,845610.0,845610.0,2026-08-02,SETTLEMENT,MATCHED,TRAIN
1888,TRD101852,ACC-EQ-CORE-02,INR,974310.0,974310.0,2026-08-08,SETTLEMENT,MATCHED,TRAIN
1889,TRD101853,ACC-EQ-INDEX-04,INR,337538.0,337538.0,2026-08-22,SETTLEMENT,MATCHED,TRAIN
1890,TRD101854,ACC-EQ-ALPHA-03,INR,929550.0,929550.0,2026-08-17,SETTLEMENT,MATCHED,TRAIN
1891,TRD101855,ACC-EQ-INDEX-04,INR,472095.0,472095.0,2026-08-18,SETTLEMENT,MATCHED,TRAIN
1892,TRD101856,ACC-EQ-CORE-02,INR,169384.0,169384.0,2026-08-14,SETTLEMENT,MATCHED,TRAIN
1893,TRD101857,ACC-EQ-INDEX-04,INR,2840730.0,2840730.0,2026-08-02,SETTLEMENT,MATCHED,TEST
1894,TRD101858,ACC-EQ-CORE-01,INR,274019.0,274019.0,2026-08-10,SETTLEMENT,MATCHED,TRAIN
1895,TRD101859,ACC-EQ-ALPHA-03,INR,3690490.0,3690490.0,2026-08-12,SETTLEMENT,MATCHED,TRAIN
1896,TRD101860,ACC-EQ-CORE-01,INR,689700.0,689700.0,2026-08-19,SETTLEMENT,MATCHED,TRAIN
1897,TRD101861,ACC-EQ-CORE-02,INR,2863280.0,2863280.0,2026-08-20,SETTLEMENT,MATCHED,TRAIN
1898,TRD101862,ACC-EQ-INDEX-04,INR,168980.0,168980.0,2026-08-03,SETTLEMENT,MATCHED,TRAIN
1899,TRD101863,ACC-EQ-INDEX-04,INR,84889.0,84889.0,2026-08-13,SETTLEMENT,MATCHED,TRAIN
1900,TRD101864,ACC-EQ-ALPHA-03,INR,1470690.0,1470690.0,2026-08-02,SETTLEMENT,MATCHED,TRAIN
1901,TRD101865,ACC-EQ-ALPHA-03,INR,1239770.0,1239770.0,2026-08-16,SETTLEMENT,MATCHED,TRAIN
1902,TRD101866,ACC-EQ-INDEX-04,INR,235714.0,235714.0,2026-08-03,SETTLEMENT,MATCHED,TRAIN
1903,TRD101867,ACC-EQ-CORE-02,INR,378192.0,378192.0,2026-08-06,SETTLEMENT,MATCHED,TEST
1904,TRD101868,ACC-EQ-CORE-02,INR,1265842.5,1265842.5,2026-08-16,SETTLEMENT,MATCHED,TRAIN
1905,TRD101869,ACC-EQ-CORE-01,INR,569112.0,569112.0,2026-08-03,SETTLEMENT,MATCHED,TRAIN
1906,TRD101870,ACC-EQ-ALPHA-03,INR,734836.0,734836.0,2026-08-22,SETTLEMENT,MATCHED,TRAIN
1907,TRD101871,ACC-EQ-CORE-01,INR,168506.0,168506.0,2026-08-10,SETTLEMENT,MATCHED,TRAIN
1908,TRD101872,ACC-EQ-CORE-02,INR,2061835.0,2061835.0,2026-08-11,SETTLEMENT,MATCHED,TEST
1909,TRD101873,ACC-EQ-CORE-02,INR,1686380.0,1686380.0,2026-08-15,SETTLEMENT,MATCHED,TRAIN
1910,TRD101874,ACC-EQ-ALPHA-03,INR,368400.0,368400.0,2026-08-07,SETTLEMENT,MATCHED,TRAIN
1911,TRD101875,ACC-EQ-CORE-02,INR,4263225.0,4263225.0,2026-08-15,SETTLEMENT,MATCHED,TRAIN
1912,TRD101876,ACC-EQ-CORE-01,INR,2484060.0,2484060.0,2026-08-22,SETTLEMENT,MATCHED,TRAIN
1913,TRD101877,ACC-EQ-ALPHA-03,INR,167870.0,167870.0,2026-08-09,SETTLEMENT,MATCHED,TRAIN
1914,TRD101878,ACC-EQ-INDEX-04,INR,1772760.0,1772760.0,2026-08-12,SETTLEMENT,MATCHED,TRAIN
1915,TRD101879,ACC-EQ-INDEX-04,INR,17218.0,17218.0,2026-08-12,SETTLEMENT,MATCHED,TRAIN
1916,TRD101880,ACC-EQ-INDEX-04,INR,935080.0,935080.0,2026-08-07,SETTLEMENT,MATCHED,TRAIN
1917,TRD101881,ACC-EQ-INDEX-04,GBP,172698.24,169312.0,2026-08-20,SETTLEMENT,MATCHED,TRAIN
1918,TRD101882,ACC-EQ-ALPHA-03,INR,2065485.0,2065485.0,2026-08-18,SETTLEMENT,MATCHED,TRAIN
1919,TRD101883,ACC-EQ-CORE-02,INR,2744270.0,2744270.0,2026-08-16,SETTLEMENT,MATCHED,TRAIN
1920,TRD101884,ACC-EQ-ALPHA-03,INR,1181020.0,1181020.0,2026-08-15,SETTLEMENT,MATCHED,TRAIN
1921,TRD101885,ACC-EQ-CORE-01,INR,2523390.0,2523390.0,2026-08-06,SETTLEMENT,MATCHED,TRAIN
1922,TRD101886,ACC-EQ-ALPHA-03,INR,842760.0,842760.0,2026-08-05,SETTLEMENT,MATCHED,TEST
1923,TRD101887,ACC-EQ-INDEX-04,INR,3253660.0,3253660.0,2026-08-14,SETTLEMENT,MATCHED,TRAIN
1924,TRD101888,ACC-EQ-ALPHA-03,INR,1371675.0,1371675.0,2026-08-21,SETTLEMENT,MATCHED,TRAIN
1925,TRD101889,ACC-EQ-ALPHA-03,INR,497563.14,391782.0,2026-08-22,SETTLEMENT,MATCHED,TRAIN
1926,TRD101890,ACC-EQ-INDEX-04,INR,2512665.0,2512665.0,2026-08-16,SETTLEMENT,MATCHED,TRAIN
1927,TRD101891,ACC-EQ-ALPHA-03,INR,51253.3,43070.0,2026-08-02,SETTLEMENT,MATCHED,TRAIN
1928,TRD101892,ACC-EQ-INDEX-04,INR,489822.5,489822.5,2026-08-05,SETTLEMENT,MATCHED,TRAIN
1929,TRD101893,ACC-EQ-CORE-02,INR,846355.0,846355.0,2026-08-21,SETTLEMENT,MATCHED,TRAIN
1930,TRD101894,ACC-EQ-CORE-02,INR,1778265.0,1778265.0,2026-08-12,SETTLEMENT,MATCHED,TRAIN
1931,TRD101895,ACC-EQ-INDEX-04,INR,2364860.0,2364860.0,2026-08-13,SETTLEMENT,MATCHED,TEST
1932,TRD101896,ACC-EQ-INDEX-04,INR,3243630.0,3243630.0,2026-08-09,SETTLEMENT,MATCHED,TRAIN
1933,TRD101897,ACC-EQ-INDEX-04,USD,215181.75,210962.5,2026-08-02,SETTLEMENT,MATCHED,TRAIN
1934,TRD101898,ACC-EQ-CORE-01,INR,3366800.0,3366800.0,2026-08-07,SETTLEMENT,MATCHED,TRAIN
1935,TRD101899,ACC-EQ-CORE-01,INR,3236720.0,3236720.0,2026-08-04,SETTLEMENT,MATCHED,TEST
1936,TRD101900,ACC-EQ-ALPHA-03,INR,26054020.0,26054020.0,2026-08-04,SETTLEMENT,MATCHED,TRAIN
1937,TRD101901,ACC-EQ-INDEX-04,INR,60997.0,60997.0,2026-08-03,SETTLEMENT,MATCHED,TRAIN
1938,TRD101902,ACC-EQ-INDEX-04,INR,1271145.0,1271145.0,2026-08-18,SETTLEMENT,MATCHED,TRAIN
1939,TRD101903,ACC-EQ-CORE-01,INR,546944.0,546944.0,2026-08-10,SETTLEMENT,MATCHED,TRAIN
1940,TRD101904,ACC-EQ-INDEX-04,INR,1270380.0,1270380.0,2026-08-06,SETTLEMENT,MATCHED,TRAIN
1941,TRD101905,ACC-EQ-INDEX-04,INR,247738.0,247738.0,2026-08-04,SETTLEMENT,MATCHED,TEST
1942,TRD101906,ACC-EQ-INDEX-04,INR,2055952.5,2055952.5,2026-08-16,SETTLEMENT,MATCHED,TEST
1943,TRD101907,ACC-EQ-ALPHA-03,INR,886020.0,886020.0,2026-08-06,SETTLEMENT,MATCHED,TRAIN
1944,TRD101908,ACC-EQ-CORE-02,INR,1676260.0,1676260.0,2026-08-11,SETTLEMENT,MATCHED,TRAIN
1945,TRD101909,ACC-EQ-CORE-02,INR,939420.0,939420.0,2026-08-06,SETTLEMENT,MATCHED,TRAIN
1946,TRD101910,ACC-EQ-CORE-02,INR,888367.5,888367.5,2026-08-10,SETTLEMENT,MATCHED,TRAIN
1947,TRD101911,ACC-EQ-CORE-01,INR,6495400.0,6495400.0,2026-08-06,SETTLEMENT,MATCHED,TEST
1948,TRD101912,ACC-EQ-CORE-02,INR,1268115.0,1268115.0,2026-08-07,SETTLEMENT,MATCHED,TRAIN
1949,TRD101913,ACC-EQ-CORE-02,INR,3675660.0,3675660.0,2026-08-17,SETTLEMENT,MATCHED,TEST
1950,TRD101914,ACC-EQ-CORE-01,INR,3795620.0,3795620.0,2026-08-02,SETTLEMENT,MATCHED,TRAIN
1951,TRD101915,ACC-EQ-CORE-01,INR,1252710.0,1252710.0,2026-08-06,SETTLEMENT,MATCHED,TRAIN
1952,TRD101916,ACC-EQ-CORE-02,INR,1690520.0,1690520.0,2026-08-22,SETTLEMENT,MATCHED,TRAIN
1953,TRD101917,ACC-EQ-CORE-01,INR,84474.0,84474.0,2026-08-05,SETTLEMENT,MATCHED,TRAIN
1954,TRD101918,ACC-EQ-CORE-02,INR,739492.0,739492.0,2026-08-03,SETTLEMENT,MATCHED,TRAIN
1955,TRD101919,ACC-EQ-CORE-02,INR,310787.5,310787.5,2026-08-22,SETTLEMENT,MATCHED,TEST
1956,TRD101920,ACC-EQ-ALPHA-03,INR,189936.0,189936.0,2026-08-10,SETTLEMENT,MATCHED,TRAIN
1957,TRD101921,ACC-EQ-ALPHA-03,INR,305885.0,305885.0,2026-08-04,SETTLEMENT,MATCHED,TRAIN
1958,TRD101922,ACC-EQ-INDEX-04,INR,835455.0,835455.0,2026-08-20,SETTLEMENT,MATCHED,TRAIN
1959,TRD101923,ACC-EQ-CORE-02,INR,367348.0,367348.0,2026-08-22,SETTLEMENT,MATCHED,TEST
1960,TRD101924,ACC-EQ-CORE-02,INR,8207160.0,8207160.0,2026-08-08,SETTLEMENT,MATCHED,TRAIN
1961,TRD101925,ACC-EQ-INDEX-04,INR,124181.0,124181.0,2026-08-05,SETTLEMENT,MATCHED,TRAIN
1962,TRD101925,ACC-EQ-INDEX-04,INR,124181.0,124181.0,2026-08-05,SETTLEMENT,MATCHED,TRAIN
1963,TRD101926,ACC-EQ-ALPHA-03,INR,2372120.0,2372120.0,2026-08-10,SETTLEMENT,MATCHED,TRAIN
1964,TRD101927,ACC-EQ-ALPHA-03,INR,488087.5,488087.5,2026-08-17,SETTLEMENT,MATCHED,TRAIN
1965,TRD101928,ACC-EQ-ALPHA-03,INR,619415.0,619415.0,2026-08-19,SETTLEMENT,MATCHED,TRAIN
1966,TRD101929,ACC-EQ-INDEX-04,INR,1030060.0,1030060.0,2026-08-12,SETTLEMENT,MATCHED,TRAIN
1967,TRD101930,ACC-EQ-ALPHA-03,INR,470522.5,470522.5,2026-08-15,SETTLEMENT,MATCHED,TRAIN
1968,TRD101931,ACC-EQ-CORE-02,INR,344360.0,344360.0,2026-08-19,SETTLEMENT,MATCHED,TEST
1969,TRD101932,ACC-EQ-ALPHA-03,INR,1368865.0,1368865.0,2026-08-18,SETTLEMENT,MATCHED,TRAIN
1970,TRD101933,ACC-EQ-CORE-02,INR,3103777.5,3103777.5,2026-08-08,SETTLEMENT,MATCHED,TRAIN
1971,TRD101934,ACC-EQ-CORE-02,INR,947670.0,947670.0,2026-08-07,SETTLEMENT,MATCHED,TRAIN
1972,TRD101935,ACC-EQ-ALPHA-03,INR,7371600.0,7371600.0,2026-08-15,SETTLEMENT,MATCHED,TRAIN
1973,TRD101936,ACC-EQ-CORE-02,INR,129300.0,129300.0,2026-08-11,SETTLEMENT,MATCHED,TRAIN
1974,TRD101937,ACC-EQ-ALPHA-03,INR,848380.0,848380.0,2026-08-12,SETTLEMENT,MATCHED,TRAIN
1975,TRD101938,ACC-EQ-CORE-01,INR,1775025.0,1775025.0,2026-08-02,SETTLEMENT,MATCHED,TRAIN
1976,TRD101939,ACC-EQ-CORE-02,INR,212405.0,212405.0,2026-08-10,SETTLEMENT,MATCHED,TRAIN
1977,TRD101940,ACC-EQ-ALPHA-03,INR,1463767.5,1463767.5,2026-08-13,SETTLEMENT,MATCHED,TRAIN
1978,TRD101940,ACC-EQ-ALPHA-03,INR,1463767.5,1463767.5,2026-08-13,SETTLEMENT,MATCHED,TRAIN
1979,TRD101941,ACC-EQ-CORE-02,INR,4111215.0,4111215.0,2026-08-19,SETTLEMENT,MATCHED,TEST
1980,TRD101942,ACC-EQ-CORE-02,INR,2368920.0,2368920.0,2026-08-05,SETTLEMENT,MATCHED,TRAIN
1981,TRD101943,ACC-EQ-CORE-01,INR,1698660.0,1698660.0,2026-08-20,SETTLEMENT,MATCHED,TRAIN
1982,TRD101944,ACC-EQ-INDEX-04,INR,1217640.0,1217640.0,2026-08-21,SETTLEMENT,MATCHED,TRAIN
1983,TRD101945,ACC-EQ-ALPHA-03,INR,412650.0,412650.0,2026-08-10,SETTLEMENT,MATCHED,TEST
1984,TRD101946,ACC-EQ-CORE-01,INR,128835.0,128835.0,2026-08-06,SETTLEMENT,MATCHED,TEST
1985,TRD101947,ACC-EQ-ALPHA-03,INR,4131750.0,4131750.0,2026-08-06,SETTLEMENT,MATCHED,TRAIN
1986,TRD101948,ACC-EQ-ALPHA-03,INR,735576.0,735576.0,2026-08-12,SETTLEMENT,MATCHED,TRAIN
1987,TRD101949,ACC-EQ-ALPHA-03,INR,60816.0,60816.0,2026-08-04,SETTLEMENT,MATCHED,TRAIN
1988,TRD101950,ACC-EQ-ALPHA-03,INR,345760.0,345760.0,2026-08-08,SETTLEMENT,MATCHED,TRAIN
1989,TRD101951,ACC-EQ-ALPHA-03,INR,3345780.0,3345780.0,2026-08-08,SETTLEMENT,MATCHED,TRAIN
1990,TRD101952,ACC-EQ-INDEX-04,INR,117600.0,117600.0,2026-08-22,SETTLEMENT,MATCHED,TRAIN
1991,TRD101953,ACC-EQ-ALPHA-03,INR,5507560.0,5507560.0,2026-08-18,SETTLEMENT,MATCHED,TRAIN
1992,TRD101954,ACC-EQ-INDEX-04,INR,1779150.0,1779150.0,2026-08-18,SETTLEMENT,MATCHED,TRAIN
1993,TRD101955,ACC-EQ-CORE-01,INR,1181840.0,1181840.0,2026-08-04,SETTLEMENT,MATCHED,TEST
1994,TRD101956,ACC-EQ-INDEX-04,INR,756683.7,922785.0,2026-08-04,SETTLEMENT,MATCHED,TRAIN
1995,TRD101957,ACC-EQ-INDEX-04,INR,550586.0,550586.0,2026-08-15,SETTLEMENT,MATCHED,TRAIN
1996,TRD101958,ACC-EQ-ALPHA-03,INR,43177.5,43177.5,2026-08-04,SETTLEMENT,MATCHED,TEST
1997,TRD101959,ACC-EQ-ALPHA-03,INR,5541720.0,5541720.0,2026-08-14,SETTLEMENT,MATCHED,TRAIN
1998,TRD101960,ACC-EQ-INDEX-04,INR,1761855.0,1761855.0,2026-08-09,SETTLEMENT,MATCHED,TEST
1999,TRD101961,ACC-EQ-INDEX-04,INR,620925.0,620925.0,2026-08-12,SETTLEMENT,MATCHED,TRAIN
2000,TRD101962,ACC-EQ-CORE-02,INR,2756400.0,2756400.0,2026-08-20,SETTLEMENT,MATCHED,TRAIN
2001,TRD101963,ACC-EQ-CORE-01,INR,1252402.5,1252402.5,2026-08-02,SETTLEMENT,MATCHED,TRAIN
2002,TRD101964,ACC-EQ-CORE-02,INR,3696880.0,3696880.0,2026-08-12,SETTLEMENT,MATCHED,TEST
2003,TRD101965,ACC-EQ-CORE-02,INR,1252170.0,1252170.0,2026-08-10,SETTLEMENT,MATCHED,TRAIN
2004,TRD101966,ACC-EQ-INDEX-04,INR,715315.0,715315.0,2026-08-16,SETTLEMENT,MATCHED,TRAIN
2005,TRD101967,ACC-EQ-INDEX-04,INR,234170.0,234170.0,2026-08-16,SETTLEMENT,MATCHED,TEST
2006,TRD101968,ACC-EQ-CORE-02,INR,2515065.0,2515065.0,2026-08-05,SETTLEMENT,MATCHED,TRAIN
2007,TRD101969,ACC-EQ-ALPHA-03,INR,941560.0,941560.0,2026-08-17,SETTLEMENT,MATCHED,TRAIN
2008,TRD101970,ACC-EQ-ALPHA-03,INR,842750.0,842750.0,2026-08-04,SETTLEMENT,MATCHED,TRAIN
2009,TRD101971,ACC-EQ-INDEX-04,INR,249264.0,249264.0,2026-08-02,SETTLEMENT,MATCHED,TRAIN
2010,TRD101972,ACC-EQ-INDEX-04,INR,337588.0,337588.0,2026-08-11,SETTLEMENT,MATCHED,TEST
2011,TRD101973,ACC-EQ-CORE-01,INR,335544.0,335544.0,2026-08-14,SETTLEMENT,MATCHED,TRAIN
2012,TRD101974,ACC-EQ-CORE-01,INR,607580.0,607580.0,2026-08-09,SETTLEMENT,MATCHED,TRAIN
2013,TRD101975,ACC-EQ-CORE-01,INR,916727.5,916727.5,2026-08-17,SETTLEMENT,MATCHED,TRAIN
2014,TRD101976,ACC-EQ-INDEX-04,INR,9722512.5,9722512.5,2026-08-15,SETTLEMENT,MATCHED,TRAIN
2015,TRD101977,ACC-EQ-CORE-01,INR,473717.5,473717.5,2026-08-07,SETTLEMENT,MATCHED,TRAIN
2016,TRD101978,ACC-EQ-ALPHA-03,INR,5684120.0,5684120.0,2026-08-14,SETTLEMENT,MATCHED,TRAIN
2017,TRD101978,ACC-EQ-ALPHA-03,INR,5684120.0,5684120.0,2026-08-14,SETTLEMENT,MATCHED,TRAIN
2018,TRD101979,ACC-EQ-CORE-01,INR,1174680.0,1174680.0,2026-08-02,SETTLEMENT,MATCHED,TRAIN
2019,TRD101980,ACC-EQ-INDEX-04,INR,715572.5,715572.5,2026-08-03,SETTLEMENT,MATCHED,TRAIN
2020,TRD101981,ACC-EQ-INDEX-04,INR,376226.0,376226.0,2026-08-09,SETTLEMENT,MATCHED,TRAIN
2021,TRD101982,ACC-EQ-INDEX-04,INR,8238560.0,8238560.0,2026-08-15,SETTLEMENT,MATCHED,TRAIN
2022,TRD101983,ACC-EQ-CORE-02,INR,1295552.0,1295552.0,2026-08-17,SETTLEMENT,MATCHED,TEST
2023,TRD101984,ACC-EQ-INDEX-04,INR,1964640.0,1964640.0,2026-08-05,SETTLEMENT,MATCHED,TEST
2024,TRD101985,ACC-EQ-CORE-01,GBP,879119.7,945290.0,2026-08-06,SETTLEMENT,MATCHED,TRAIN
2025,TRD101986,ACC-EQ-CORE-02,INR,913530.0,913530.0,2026-08-21,SETTLEMENT,MATCHED,TRAIN
2026,TRD101987,ACC-EQ-INDEX-04,INR,310912.5,310912.5,2026-08-11,SETTLEMENT,MATCHED,TRAIN
2027,TRD101988,ACC-EQ-CORE-02,INR,685220.0,685220.0,2026-08-13,SETTLEMENT,MATCHED,TRAIN
2028,TRD101989,ACC-EQ-CORE-01,INR,916725.0,916725.0,2026-08-08,SETTLEMENT,MATCHED,TEST
2029,TRD101990,ACC-EQ-INDEX-04,INR,196226.0,196226.0,2026-08-09,SETTLEMENT,MATCHED,TRAIN
2030,TRD101991,ACC-EQ-INDEX-04,INR,5700080.0,5700080.0,2026-08-13,SETTLEMENT,MATCHED,TRAIN
2031,TRD101992,ACC-EQ-CORE-01,INR,3354460.0,3354460.0,2026-08-19,SETTLEMENT,MATCHED,TRAIN
2032,TRD101993,ACC-EQ-ALPHA-03,USD,1991570.4,1952520.0,2026-08-07,SETTLEMENT,MATCHED,TRAIN
2033,TRD101994,ACC-EQ-ALPHA-03,INR,5500160.0,5500160.0,2026-08-12,SETTLEMENT,MATCHED,TRAIN
2034,TRD101995,ACC-EQ-CORE-02,INR,2743580.0,2743580.0,2026-08-02,SETTLEMENT,MATCHED,TRAIN
2035,TRD101996,ACC-EQ-ALPHA-03,INR,3361460.0,3361460.0,2026-08-05,SETTLEMENT,MATCHED,TRAIN
2036,TRD101997,ACC-EQ-CORE-01,INR,12954950.0,12954950.0,2026-08-15,SETTLEMENT,MATCHED,TRAIN
2037,TRD101998,ACC-EQ-CORE-02,INR,842170.0,842170.0,2026-08-09,SETTLEMENT,MATCHED,TRAIN
2038,TRD101999,ACC-EQ-CORE-01,INR,920615.0,920615.0,2026-08-18,SETTLEMENT,MATCHED,TRAIN
2039,TRD102000,ACC-EQ-ALPHA-03,INR,1843640.0,1843640.0,2026-08-18,SETTLEMENT,MATCHED,TRAIN
2040,TRD102001,ACC-EQ-CORE-02,INR,1031577.5,1031577.5,2026-08-21,SETTLEMENT,MATCHED,TRAIN
2041,TRD102002,ACC-EQ-INDEX-04,INR,6475620.0,6475620.0,2026-08-14,SETTLEMENT,MATCHED,TRAIN
2042,TRD102003,ACC-EQ-ALPHA-03,INR,344780.0,344780.0,2026-08-06,SETTLEMENT,MATCHED,TRAIN
2043,TRD102004,ACC-EQ-CORE-01,INR,3097005.0,3097005.0,2026-08-11,SETTLEMENT,MATCHED,TRAIN
2044,TRD102005,ACC-EQ-CORE-02,INR,4103580.0,4103580.0,2026-08-17,SETTLEMENT,MATCHED,TRAIN
2045,TRD102006,ACC-EQ-CORE-02,INR,687402.5,687402.5,2026-08-14,SETTLEMENT,MATCHED,TRAIN
2046,TRD102007,ACC-EQ-INDEX-04,INR,12924260.0,12924260.0,2026-08-10,SETTLEMENT,MATCHED,TRAIN
2047,TRD102008,ACC-EQ-ALPHA-03,INR,152137.5,152137.5,2026-08-06,SETTLEMENT,MATCHED,TRAIN
2048,TRD102009,ACC-EQ-INDEX-04,INR,570218.0,570218.0,2026-08-18,SETTLEMENT,MATCHED,TRAIN
2049,TRD102010,ACC-EQ-INDEX-04,INR,3903540.0,3903540.0,2026-08-05,SETTLEMENT,MATCHED,TRAIN
2050,TRD102011,ACC-EQ-ALPHA-03,INR,4136210.0,4136210.0,2026-08-03,SETTLEMENT,MATCHED,TRAIN
2051,TRD102012,ACC-EQ-INDEX-04,INR,3908500.0,3908500.0,2026-08-07,SETTLEMENT,MATCHED,TRAIN
2052,TRD102013,ACC-EQ-ALPHA-03,INR,333662.0,333662.0,2026-08-21,SETTLEMENT,MATCHED,TRAIN
2053,TRD102014,ACC-EQ-CORE-01,INR,26047400.0,26047400.0,2026-08-15,SETTLEMENT,MATCHED,TRAIN
2054,TRD102015,ACC-EQ-ALPHA-03,INR,9768322.5,9768322.5,2026-08-10,SETTLEMENT,MATCHED,TEST
2055,TRD102016,ACC-EQ-CORE-01,INR,1473862.5,1473862.5,2026-08-04,SETTLEMENT,MATCHED,TRAIN
2056,TRD102017,ACC-EQ-ALPHA-03,INR,3341060.0,3341060.0,2026-08-15,SETTLEMENT,MATCHED,TEST
2057,TRD102018,ACC-EQ-INDEX-04,INR,5494540.0,5494540.0,2026-08-20,SETTLEMENT,MATCHED,TRAIN
2058,TRD102019,ACC-EQ-CORE-01,INR,236264.0,236264.0,2026-08-22,SETTLEMENT,MATCHED,TRAIN
2059,TRD102020,ACC-EQ-INDEX-04,INR,1370890.0,1370890.0,2026-08-21,SETTLEMENT,MATCHED,TRAIN
2060,TRD102021,ACC-EQ-CORE-01,INR,1697160.0,1697160.0,2026-08-20,SETTLEMENT,MATCHED,TRAIN
2062,TRD102023,ACC-EQ-INDEX-04,INR,1947850.0,1947850.0,2026-08-15,SETTLEMENT,MATCHED,TRAIN
2063,TRD102024,ACC-EQ-INDEX-04,INR,844350.0,844350.0,2026-08-09,SETTLEMENT,MATCHED,TRAIN
2064,TRD102025,ACC-EQ-CORE-02,INR,1694560.0,1694560.0,2026-08-22,SETTLEMENT,MATCHED,TRAIN
2065,TRD102026,ACC-EQ-INDEX-04,INR,3689010.0,3689010.0,2026-08-13,SETTLEMENT,MATCHED,TRAIN
2066,TRD102027,ACC-EQ-ALPHA-03,INR,846580.0,846580.0,2026-08-09,SETTLEMENT,MATCHED,TEST
2067,TRD102028,ACC-EQ-INDEX-04,INR,34538.0,34538.0,2026-08-12,SETTLEMENT,MATCHED,TRAIN
2068,TRD102029,ACC-EQ-ALPHA-03,INR,4106130.0,4106130.0,2026-08-17,SETTLEMENT,MATCHED,TEST
2069,TRD102030,ACC-EQ-CORE-01,INR,172890.0,172890.0,2026-08-07,SETTLEMENT,MATCHED,TRAIN
2070,TRD102031,ACC-EQ-ALPHA-03,INR,1261537.5,1261537.5,2026-08-22,SETTLEMENT,MATCHED,TRAIN
2071,TRD102032,ACC-EQ-INDEX-04,INR,337062.0,337062.0,2026-08-04,SETTLEMENT,MATCHED,TRAIN
2072,TRD102033,ACC-EQ-INDEX-04,INR,1890920.0,1890920.0,2026-08-14,SETTLEMENT,MATCHED,TRAIN
2073,TRD102034,ACC-EQ-CORE-02,INR,9746040.0,9746040.0,2026-08-04,SETTLEMENT,MATCHED,TEST
2074,TRD102035,ACC-EQ-ALPHA-03,INR,1294702.0,1294702.0,2026-08-06,SETTLEMENT,MATCHED,TRAIN
2075,TRD102036,ACC-EQ-CORE-02,INR,235230.0,235230.0,2026-08-09,SETTLEMENT,MATCHED,TRAIN
2076,TRD102037,ACC-EQ-CORE-01,INR,974380.0,974380.0,2026-08-11,SETTLEMENT,MATCHED,TRAIN
2077,TRD102038,ACC-EQ-CORE-02,INR,25937820.0,25937820.0,2026-08-19,SETTLEMENT,MATCHED,TRAIN
2078,TRD102039,ACC-EQ-ALPHA-03,INR,2839065.0,2839065.0,2026-08-14,SETTLEMENT,MATCHED,TEST
2079,TRD102040,ACC-EQ-ALPHA-03,INR,2057782.5,2057782.5,2026-08-13,SETTLEMENT,MATCHED,TEST
2080,TRD102041,ACC-EQ-CORE-02,INR,1028350.0,1028350.0,2026-08-09,SETTLEMENT,MATCHED,TRAIN
2081,TRD102042,ACC-EQ-CORE-02,INR,345020.0,345020.0,2026-08-05,SETTLEMENT,MATCHED,TRAIN
2082,TRD102043,ACC-EQ-INDEX-04,INR,305070.0,305070.0,2026-08-20,SETTLEMENT,MATCHED,TRAIN
2083,TRD102044,ACC-EQ-INDEX-04,INR,700290.0,700290.0,2026-08-07,SETTLEMENT,MATCHED,TEST
2084,TRD102045,ACC-EQ-ALPHA-03,INR,172410.0,172410.0,2026-08-06,SETTLEMENT,MATCHED,TRAIN
2085,TRD102046,ACC-EQ-INDEX-04,INR,458085.0,458085.0,2026-08-02,SETTLEMENT,MATCHED,TRAIN
2086,TRD102047,ACC-EQ-INDEX-04,INR,153330.0,153330.0,2026-08-08,SETTLEMENT,MATCHED,TRAIN
2087,TRD102048,ACC-EQ-INDEX-04,INR,2755432.5,2755432.5,2026-08-20,SETTLEMENT,MATCHED,TRAIN
2088,TRD102049,ACC-EQ-ALPHA-03,INR,2755560.0,2755560.0,2026-08-21,SETTLEMENT,MATCHED,TEST
2089,TRD102050,ACC-EQ-CORE-02,INR,549746.0,549746.0,2026-08-18,SETTLEMENT,MATCHED,TRAIN
2090,TRD102051,ACC-EQ-INDEX-04,INR,420205.0,420205.0,2026-08-02,SETTLEMENT,MATCHED,TRAIN
2091,TRD102052,ACC-EQ-INDEX-04,INR,168434.0,168434.0,2026-08-14,SETTLEMENT,MATCHED,TEST
2092,TRD102053,ACC-EQ-CORE-01,INR,4278096.6,3368580.0,2026-08-12,SETTLEMENT,MATCHED,TRAIN
2093,TRD102054,ACC-EQ-CORE-01,INR,211837.5,211837.5,2026-08-10,SETTLEMENT,MATCHED,TRAIN
2094,TRD102055,ACC-EQ-CORE-01,INR,1855635.0,1855635.0,2026-08-13,SETTLEMENT,MATCHED,TRAIN
2095,TRD102056,ACC-EQ-CORE-01,EUR,100368.14,93802.0,2026-08-02,SETTLEMENT,MATCHED,TRAIN
2096,TRD102057,ACC-EQ-CORE-01,INR,1947790.0,1947790.0,2026-08-02,SETTLEMENT,MATCHED,TRAIN
2097,TRD102058,ACC-EQ-ALPHA-03,INR,1265940.0,1265940.0,2026-08-20,SETTLEMENT,MATCHED,TRAIN
2098,TRD102059,ACC-EQ-CORE-02,INR,946440.0,946440.0,2026-08-17,SETTLEMENT,MATCHED,TEST
2099,TRD102060,ACC-EQ-INDEX-04,INR,1031215.0,1031215.0,2026-08-20,SETTLEMENT,MATCHED,TEST
2100,TRD102061,ACC-EQ-CORE-01,INR,922930.0,922930.0,2026-08-16,SETTLEMENT,MATCHED,TEST
2101,TRD102062,ACC-EQ-CORE-02,INR,2068155.0,2068155.0,2026-08-05,SETTLEMENT,MATCHED,TRAIN
2102,TRD102063,ACC-EQ-ALPHA-03,INR,34490.0,34490.0,2026-08-21,SETTLEMENT,MATCHED,TRAIN
2103,TRD102064,ACC-EQ-CORE-01,INR,259410.0,259410.0,2026-08-05,SETTLEMENT,MATCHED,TEST
2104,TRD102065,ACC-EQ-INDEX-04,INR,1669190.0,1669190.0,2026-08-17,SETTLEMENT,MATCHED,TRAIN
2105,TRD102066,ACC-EQ-CORE-01,INR,84912.0,84912.0,2026-08-17,SETTLEMENT,MATCHED,TRAIN
2106,TRD102067,ACC-EQ-INDEX-04,INR,2179762.5,1963750.0,2026-08-20,SETTLEMENT,MATCHED,TRAIN
2107,TRD102068,ACC-EQ-INDEX-04,INR,1236280.0,1236280.0,2026-08-08,SETTLEMENT,MATCHED,TRAIN
2108,TRD102068,ACC-EQ-INDEX-04,INR,1236280.0,1236280.0,2026-08-08,SETTLEMENT,MATCHED,TRAIN
2109,TRD102069,ACC-EQ-CORE-01,INR,2525010.0,2525010.0,2026-08-02,SETTLEMENT,MATCHED,TRAIN
2110,TRD102070,ACC-EQ-ALPHA-03,INR,7368380.0,7368380.0,2026-08-11,SETTLEMENT,MATCHED,TRAIN
2111,TRD102071,ACC-EQ-CORE-02,INR,366867.0,366867.0,2026-08-04,SETTLEMENT,MATCHED,TRAIN
2112,TRD102072,ACC-EQ-INDEX-04,INR,50065.92,61056.0,2026-08-03,SETTLEMENT,MATCHED,TRAIN
2113,TRD102073,ACC-EQ-CORE-02,INR,84834.0,84834.0,2026-08-15,SETTLEMENT,MATCHED,TRAIN
2114,TRD102074,ACC-EQ-CORE-02,INR,196373.0,196373.0,2026-08-05,SETTLEMENT,MATCHED,TEST
2115,TRD102075,ACC-EQ-CORE-02,INR,607740.0,607740.0,2026-08-08,SETTLEMENT,MATCHED,TRAIN
2116,TRD102076,ACC-EQ-CORE-01,INR,4263180.0,4263180.0,2026-08-05,SETTLEMENT,MATCHED,TRAIN
2117,TRD102077,ACC-EQ-ALPHA-03,INR,1965170.0,1965170.0,2026-08-14,SETTLEMENT,MATCHED,TRAIN
2118,TRD102078,ACC-EQ-ALPHA-03,INR,710072.5,710072.5,2026-08-09,SETTLEMENT,MATCHED,TEST
2119,TRD102079,ACC-EQ-ALPHA-03,INR,1462447.5,1462447.5,2026-08-22,SETTLEMENT,MATCHED,TRAIN
2120,TRD102080,ACC-EQ-ALPHA-03,INR,60984.0,60984.0,2026-08-15,SETTLEMENT,MATCHED,TRAIN
2121,TRD102081,ACC-EQ-INDEX-04,INR,25895980.0,25895980.0,2026-08-02,SETTLEMENT,MATCHED,TRAIN
2122,TRD102082,ACC-EQ-CORE-01,INR,1216160.0,1216160.0,2026-08-09,SETTLEMENT,MATCHED,TRAIN
2123,TRD102083,ACC-EQ-CORE-02,INR,4479421.8,3764220.0,2026-08-19,SETTLEMENT,MATCHED,TRAIN
2124,TRD102084,ACC-EQ-ALPHA-03,INR,2927235.0,2927235.0,2026-08-11,SETTLEMENT,MATCHED,TRAIN
2125,TRD102085,ACC-EQ-INDEX-04,INR,548542.0,548542.0,2026-08-08,SETTLEMENT,MATCHED,TRAIN
2126,TRD102086,ACC-EQ-CORE-02,INR,239993.17,188971.0,2026-08-05,SETTLEMENT,MATCHED,TEST
2127,TRD102087,ACC-EQ-INDEX-04,INR,19408575.0,19408575.0,2026-08-04,SETTLEMENT,MATCHED,TRAIN
2128,TRD102088,ACC-EQ-CORE-02,INR,117157.5,117157.5,2026-08-03,SETTLEMENT,MATCHED,TEST
2129,TRD102089,ACC-EQ-ALPHA-03,INR,607570.0,607570.0,2026-08-02,SETTLEMENT,MATCHED,TEST
2130,TRD102090,ACC-EQ-CORE-01,INR,43047.5,43047.5,2026-08-08,SETTLEMENT,MATCHED,TRAIN
2131,TRD102091,ACC-EQ-CORE-02,INR,424487.5,424487.5,2026-08-18,SETTLEMENT,MATCHED,TRAIN
2132,TRD102092,ACC-EQ-INDEX-04,INR,976245.0,976245.0,2026-08-16,SETTLEMENT,MATCHED,TRAIN
2133,TRD102093,ACC-EQ-CORE-02,INR,6496600.0,6496600.0,2026-08-11,SETTLEMENT,MATCHED,TRAIN
2134,TRD102094,ACC-EQ-CORE-01,INR,3663840.0,3663840.0,2026-08-04,SETTLEMENT,MATCHED,TRAIN
2135,TRD102095,ACC-EQ-CORE-02,INR,609560.0,609560.0,2026-08-06,SETTLEMENT,MATCHED,TRAIN
2136,TRD102096,ACC-EQ-CORE-01,INR,169146.0,169146.0,2026-08-14,SETTLEMENT,MATCHED,TRAIN
2137,TRD102097,ACC-EQ-INDEX-04,INR,274735.0,274735.0,2026-08-04,SETTLEMENT,MATCHED,TEST
2138,TRD102098,ACC-EQ-INDEX-04,INR,1860270.0,1860270.0,2026-08-09,SETTLEMENT,MATCHED,TEST
2139,TRD102099,ACC-EQ-ALPHA-03,INR,1690840.0,1690840.0,2026-08-06,SETTLEMENT,MATCHED,TRAIN
2140,TRD102100,ACC-EQ-ALPHA-03,INR,1419667.5,1419667.5,2026-08-07,SETTLEMENT,MATCHED,TRAIN
2141,TRD102101,ACC-EQ-CORE-01,INR,84502.0,84502.0,2026-08-11,SETTLEMENT,MATCHED,TRAIN
2142,TRD102102,ACC-EQ-ALPHA-03,INR,849320.0,849320.0,2026-08-06,SETTLEMENT,MATCHED,TRAIN
2143,TRD102103,ACC-EQ-INDEX-04,INR,3232556.4,2545320.0,2026-08-16,SETTLEMENT,MATCHED,TRAIN
2144,TRD102104,ACC-EQ-INDEX-04,INR,3376180.0,3376180.0,2026-08-12,SETTLEMENT,MATCHED,TEST
2145,TRD102105,ACC-EQ-CORE-02,INR,362236.0,304400.0,2026-08-08,SETTLEMENT,MATCHED,TRAIN
2146,TRD102106,ACC-EQ-ALPHA-03,INR,345060.0,345060.0,2026-08-15,SETTLEMENT,MATCHED,TEST
2147,TRD102107,ACC-EQ-INDEX-04,INR,422475.0,422475.0,2026-08-19,SETTLEMENT,MATCHED,TRAIN
2148,TRD102108,ACC-EQ-CORE-02,USD,275546.4,257520.0,2026-08-08,SETTLEMENT,MATCHED,TRAIN
2149,TRD102109,ACC-EQ-CORE-02,INR,257850.0,257850.0,2026-08-16,SETTLEMENT,MATCHED,TEST
2150,TRD102110,ACC-EQ-INDEX-04,INR,294392.5,294392.5,2026-08-20,SETTLEMENT,MATCHED,TRAIN
2151,TRD102111,ACC-EQ-CORE-02,INR,2830245.0,2830245.0,2026-08-09,SETTLEMENT,MATCHED,TRAIN
2152,TRD102112,ACC-EQ-CORE-01,INR,84709.0,84709.0,2026-08-04,SETTLEMENT,MATCHED,TRAIN
2153,TRD102113,ACC-EQ-ALPHA-03,INR,17216.0,17216.0,2026-08-04,SETTLEMENT,MATCHED,TRAIN
2154,TRD102114,ACC-EQ-ALPHA-03,INR,153287.5,153287.5,2026-08-11,SETTLEMENT,MATCHED,TRAIN
2156,TRD102116,ACC-EQ-INDEX-04,INR,689150.0,689150.0,2026-08-06,SETTLEMENT,MATCHED,TRAIN
2157,TRD102117,ACC-EQ-INDEX-04,INR,5501355.0,5501355.0,2026-08-19,SETTLEMENT,MATCHED,TRAIN
2158,TRD102118,ACC-EQ-CORE-01,INR,306630.0,306630.0,2026-08-06,SETTLEMENT,MATCHED,TRAIN
2159,TRD102119,ACC-EQ-CORE-01,INR,2834685.0,2834685.0,2026-08-17,SETTLEMENT,MATCHED,TEST
2160,TRD102120,ACC-EQ-CORE-01,INR,345200.0,345200.0,2026-08-07,SETTLEMENT,MATCHED,TRAIN
2161,TRD102121,ACC-EQ-CORE-01,INR,1963240.0,1963240.0,2026-08-04,SETTLEMENT,MATCHED,TRAIN
2162,TRD102122,ACC-EQ-CORE-02,INR,1420237.5,1420237.5,2026-08-06,SETTLEMENT,MATCHED,TRAIN
2163,TRD102123,ACC-EQ-INDEX-04,INR,247800.0,247800.0,2026-08-17,SETTLEMENT,MATCHED,TRAIN
2164,TRD102124,ACC-EQ-CORE-01,INR,632250.0,632250.0,2026-08-10,SETTLEMENT,MATCHED,TRAIN
2165,TRD102125,ACC-EQ-ALPHA-03,INR,210452.5,210452.5,2026-08-09,SETTLEMENT,MATCHED,TRAIN
2166,TRD102126,ACC-EQ-INDEX-04,EUR,653055.3,702210.0,2026-08-10,SETTLEMENT,MATCHED,TRAIN
2167,TRD102127,ACC-EQ-CORE-01,INR,84248.0,84248.0,2026-08-21,SETTLEMENT,MATCHED,TRAIN
2168,TRD102128,ACC-EQ-CORE-01,INR,848620.0,848620.0,2026-08-14,SETTLEMENT,MATCHED,TRAIN
2170,TRD102130,ACC-EQ-INDEX-04,INR,1894440.0,1894440.0,2026-08-19,SETTLEMENT,MATCHED,TRAIN
2171,TRD102131,ACC-EQ-ALPHA-03,INR,249186.0,249186.0,2026-08-04,SETTLEMENT,MATCHED,TRAIN
2172,TRD102132,ACC-EQ-CORE-01,INR,714807.5,714807.5,2026-08-05,SETTLEMENT,MATCHED,TRAIN
2173,TRD102133,ACC-EQ-CORE-01,INR,168534.0,168534.0,2026-08-09,SETTLEMENT,MATCHED,TRAIN
2174,TRD102134,ACC-EQ-CORE-01,INR,61179.0,61179.0,2026-08-12,SETTLEMENT,MATCHED,TEST
2175,TRD102135,ACC-EQ-CORE-01,INR,2363600.0,2363600.0,2026-08-12,SETTLEMENT,MATCHED,TEST
2176,TRD102136,ACC-EQ-CORE-01,INR,710482.5,710482.5,2026-08-04,SETTLEMENT,MATCHED,TRAIN
2177,TRD102137,ACC-EQ-CORE-01,INR,4288215.0,4288215.0,2026-08-09,SETTLEMENT,MATCHED,TRAIN
2178,TRD102138,ACC-EQ-CORE-02,INR,1692520.0,1692520.0,2026-08-08,SETTLEMENT,MATCHED,TRAIN
2179,TRD102139,ACC-EQ-INDEX-04,INR,294972.5,294972.5,2026-08-20,SETTLEMENT,MATCHED,TRAIN
2180,TRD102140,ACC-EQ-CORE-02,EUR,340815.24,366468.0,2026-08-08,SETTLEMENT,MATCHED,TEST
2181,TRD102141,ACC-EQ-CORE-02,INR,122318.0,122318.0,2026-08-04,SETTLEMENT,MATCHED,TRAIN
2182,TRD102142,ACC-EQ-ALPHA-03,INR,1368165.0,1368165.0,2026-08-22,SETTLEMENT,MATCHED,TRAIN
2183,TRD102143,ACC-EQ-CORE-02,INR,2752335.0,2752335.0,2026-08-10,SETTLEMENT,MATCHED,TRAIN
2184,TRD102144,ACC-EQ-CORE-01,EUR,1566022.58,1463572.5,2026-08-07,SETTLEMENT,MATCHED,TRAIN
2185,TRD102145,ACC-EQ-INDEX-04,INR,470790.0,470790.0,2026-08-03,SETTLEMENT,MATCHED,TRAIN
2186,TRD102146,ACC-EQ-ALPHA-03,INR,3892320.0,3892320.0,2026-08-04,SETTLEMENT,MATCHED,TRAIN
2187,TRD102147,ACC-EQ-ALPHA-03,INR,887197.5,887197.5,2026-08-12,SETTLEMENT,MATCHED,TRAIN
2188,TRD102148,ACC-EQ-CORE-02,INR,1687820.0,1687820.0,2026-08-17,SETTLEMENT,MATCHED,TRAIN
2189,TRD102149,ACC-EQ-INDEX-04,INR,293712.5,293712.5,2026-08-13,SETTLEMENT,MATCHED,TRAIN
2190,TRD102150,ACC-EQ-CORE-02,INR,1267935.0,1267935.0,2026-08-16,SETTLEMENT,MATCHED,TRAIN
2191,TRD102151,ACC-EQ-ALPHA-03,INR,914790.0,914790.0,2026-08-02,SETTLEMENT,MATCHED,TRAIN
2192,TRD102152,ACC-EQ-CORE-02,USD,3112065.6,3241735.0,2026-08-02,SETTLEMENT,MATCHED,TRAIN
2193,TRD102153,ACC-EQ-INDEX-04,INR,294227.5,294227.5,2026-08-02,SETTLEMENT,MATCHED,TRAIN
2194,TRD102154,ACC-EQ-CORE-02,INR,1237050.0,1237050.0,2026-08-17,SETTLEMENT,MATCHED,TRAIN
2195,TRD102155,ACC-EQ-INDEX-04,INR,9708495.0,9708495.0,2026-08-17,SETTLEMENT,MATCHED,TRAIN
2196,TRD102156,ACC-EQ-CORE-01,INR,422547.5,422547.5,2026-08-03,SETTLEMENT,MATCHED,TEST
2197,TRD102157,ACC-EQ-INDEX-04,INR,1693020.0,1693020.0,2026-08-06,SETTLEMENT,MATCHED,TRAIN
2198,TRD102158,ACC-EQ-CORE-02,INR,3364340.0,3364340.0,2026-08-11,SETTLEMENT,MATCHED,TEST
2199,TRD102159,ACC-EQ-CORE-01,INR,1469475.0,1469475.0,2026-08-15,SETTLEMENT,MATCHED,TRAIN
2200,TRD102160,ACC-EQ-CORE-02,INR,2755725.0,2755725.0,2026-08-13,SETTLEMENT,MATCHED,TRAIN
2201,TRD102161,ACC-EQ-INDEX-04,INR,2350180.0,2350180.0,2026-08-16,SETTLEMENT,MATCHED,TRAIN
2202,TRD102162,ACC-EQ-INDEX-04,INR,1678350.0,1678350.0,2026-08-12,SETTLEMENT,MATCHED,TRAIN
2203,TRD102163,ACC-EQ-CORE-02,INR,3682990.0,3682990.0,2026-08-12,SETTLEMENT,MATCHED,TRAIN
2204,TRD102164,ACC-EQ-CORE-02,INR,423680.0,423680.0,2026-08-21,SETTLEMENT,MATCHED,TEST
2205,TRD102165,ACC-EQ-CORE-01,INR,2369720.0,2369720.0,2026-08-12,SETTLEMENT,MATCHED,TRAIN
2206,TRD102166,ACC-EQ-INDEX-04,INR,687247.5,687247.5,2026-08-04,SETTLEMENT,MATCHED,TRAIN
2207,TRD102167,ACC-EQ-ALPHA-03,INR,881355.0,881355.0,2026-08-14,SETTLEMENT,MATCHED,TRAIN
2208,TRD102168,ACC-EQ-CORE-01,INR,84538.0,84538.0,2026-08-09,SETTLEMENT,MATCHED,TEST
2209,TRD102169,ACC-EQ-INDEX-04,EUR,1573783.2,1692240.0,2026-08-10,SETTLEMENT,MATCHED,TEST
2210,TRD102170,ACC-EQ-CORE-01,INR,592040.0,592040.0,2026-08-22,SETTLEMENT,MATCHED,TEST
2211,TRD102171,ACC-EQ-ALPHA-03,INR,61179.0,61179.0,2026-08-08,SETTLEMENT,MATCHED,TRAIN
2212,TRD102172,ACC-EQ-ALPHA-03,INR,4115235.0,4115235.0,2026-08-02,SETTLEMENT,MATCHED,TRAIN
2213,TRD102173,ACC-EQ-INDEX-04,INR,1410997.5,1410997.5,2026-08-22,SETTLEMENT,MATCHED,TEST
2214,TRD102174,ACC-EQ-INDEX-04,INR,1695860.0,1695860.0,2026-08-06,SETTLEMENT,MATCHED,TRAIN
2215,TRD102175,ACC-EQ-INDEX-04,INR,2366600.0,2366600.0,2026-08-05,SETTLEMENT,MATCHED,TRAIN
2216,TRD102176,ACC-EQ-ALPHA-03,INR,3343180.0,3343180.0,2026-08-20,SETTLEMENT,MATCHED,TRAIN
2217,TRD102177,ACC-EQ-ALPHA-03,INR,413590.0,413590.0,2026-08-19,SETTLEMENT,MATCHED,TEST
2218,TRD102178,ACC-EQ-ALPHA-03,INR,1269030.0,1269030.0,2026-08-22,SETTLEMENT,MATCHED,TRAIN
2219,TRD102179,ACC-EQ-ALPHA-03,INR,1892440.0,1892440.0,2026-08-03,SETTLEMENT,MATCHED,TRAIN
2220,TRD102180,ACC-EQ-CORE-02,INR,118477.0,118477.0,2026-08-03,SETTLEMENT,MATCHED,TRAIN
2221,TRD102181,ACC-EQ-CORE-02,INR,821182.0,821182.0,2026-08-05,SETTLEMENT,MATCHED,TRAIN
2222,TRD102182,ACC-EQ-INDEX-04,INR,4140210.0,4140210.0,2026-08-12,SETTLEMENT,MATCHED,TRAIN
2223,TRD102183,ACC-EQ-INDEX-04,INR,549078.0,549078.0,2026-08-19,SETTLEMENT,MATCHED,TEST
2224,TRD102184,ACC-EQ-INDEX-04,INR,152660.0,152660.0,2026-08-04,SETTLEMENT,MATCHED,TEST
2225,TRD102185,ACC-EQ-CORE-01,INR,3082140.0,3082140.0,2026-08-03,SETTLEMENT,MATCHED,TRAIN
2226,TRD102186,ACC-EQ-CORE-02,INR,977640.0,977640.0,2026-08-03,SETTLEMENT,MATCHED,TRAIN
2227,TRD102187,ACC-EQ-INDEX-04,INR,3245020.0,3245020.0,2026-08-12,SETTLEMENT,MATCHED,TRAIN
2228,TRD102188,ACC-EQ-CORE-01,INR,2759895.0,2759895.0,2026-08-15,SETTLEMENT,MATCHED,TRAIN
2229,TRD102189,ACC-EQ-CORE-01,INR,167032.0,167032.0,2026-08-20,SETTLEMENT,MATCHED,TEST
2230,TRD102190,ACC-EQ-CORE-02,INR,122170.0,122170.0,2026-08-13,SETTLEMENT,MATCHED,TRAIN
2231,TRD102191,ACC-EQ-ALPHA-03,INR,418952.5,418952.5,2026-08-22,SETTLEMENT,MATCHED,TRAIN
2232,TRD102192,ACC-EQ-ALPHA-03,INR,3680550.0,3680550.0,2026-08-07,SETTLEMENT,MATCHED,TRAIN
2233,TRD102193,ACC-EQ-ALPHA-03,INR,1681870.0,1681870.0,2026-08-14,SETTLEMENT,MATCHED,TRAIN
2234,TRD102194,ACC-EQ-INDEX-04,INR,5706900.0,5706900.0,2026-08-22,SETTLEMENT,MATCHED,TRAIN
2235,TRD102195,ACC-EQ-CORE-02,INR,376328.0,376328.0,2026-08-05,SETTLEMENT,MATCHED,TEST
2236,TRD102195,ACC-EQ-CORE-02,INR,376328.0,376328.0,2026-08-05,SETTLEMENT,MATCHED,TEST
2237,TRD102196,ACC-EQ-ALPHA-03,INR,2066055.0,2066055.0,2026-08-08,SETTLEMENT,MATCHED,TRAIN
2238,TRD102197,ACC-EQ-ALPHA-03,INR,46959.0,46959.0,2026-08-09,SETTLEMENT,MATCHED,TRAIN
2239,TRD102198,ACC-EQ-ALPHA-03,INR,367315.0,367315.0,2026-08-08,SETTLEMENT,MATCHED,TRAIN
2240,TRD102199,ACC-EQ-CORE-02,INR,782433.45,704895.0,2026-08-16,SETTLEMENT,MATCHED,TRAIN
2241,TRD102200,ACC-EQ-CORE-01,INR,352710.0,352710.0,2026-08-09,SETTLEMENT,MATCHED,TEST
2242,TRD102201,ACC-EQ-CORE-01,INR,1299548.0,1299548.0,2026-08-02,SETTLEMENT,MATCHED,TRAIN
2243,TRD102202,ACC-EQ-CORE-01,INR,704955.0,704955.0,2026-08-07,SETTLEMENT,MATCHED,TEST
2244,TRD102203,ACC-EQ-ALPHA-03,INR,841545.0,841545.0,2026-08-13,SETTLEMENT,MATCHED,TRAIN
2245,TRD102204,ACC-EQ-ALPHA-03,INR,195174.0,195174.0,2026-08-03,SETTLEMENT,MATCHED,TEST
2246,TRD102205,ACC-EQ-CORE-01,INR,2492280.0,2492280.0,2026-08-08,SETTLEMENT,MATCHED,TRAIN
2247,TRD102206,ACC-EQ-ALPHA-03,INR,188298.0,188298.0,2026-08-09,SETTLEMENT,MATCHED,TRAIN
2248,TRD102207,ACC-EQ-CORE-01,INR,5676100.0,5676100.0,2026-08-06,SETTLEMENT,MATCHED,TRAIN
2249,TRD102208,ACC-EQ-INDEX-04,INR,2919765.0,2919765.0,2026-08-17,SETTLEMENT,MATCHED,TEST
2250,TRD102209,ACC-EQ-CORE-01,INR,189175.0,189175.0,2026-08-03,SETTLEMENT,MATCHED,TRAIN
2251,TRD102210,ACC-EQ-CORE-01,INR,458767.5,458767.5,2026-08-08,SETTLEMENT,MATCHED,TRAIN
2252,TRD102211,ACC-EQ-CORE-01,INR,6472790.0,6472790.0,2026-08-16,SETTLEMENT,MATCHED,TRAIN
2253,TRD102212,ACC-EQ-ALPHA-03,INR,7381780.0,7381780.0,2026-08-03,SETTLEMENT,MATCHED,TRAIN
2254,TRD102213,ACC-EQ-CORE-02,INR,1179730.0,1179730.0,2026-08-17,SETTLEMENT,MATCHED,TRAIN
2255,TRD102214,ACC-EQ-ALPHA-03,INR,1960120.0,1960120.0,2026-08-19,SETTLEMENT,MATCHED,TRAIN
2256,TRD102215,ACC-EQ-ALPHA-03,INR,422940.0,422940.0,2026-08-13,SETTLEMENT,MATCHED,TRAIN
2257,TRD102216,ACC-EQ-INDEX-04,INR,3787240.0,3787240.0,2026-08-15,SETTLEMENT,MATCHED,TRAIN
2258,TRD102217,ACC-EQ-INDEX-04,INR,888592.5,888592.5,2026-08-12,SETTLEMENT,MATCHED,TEST
2259,TRD102218,ACC-EQ-CORE-02,INR,689075.0,689075.0,2026-08-12,SETTLEMENT,MATCHED,TEST
2260,TRD102219,ACC-EQ-CORE-02,INR,923267.5,923267.5,2026-08-20,SETTLEMENT,MATCHED,TRAIN
2261,TRD102220,ACC-EQ-CORE-01,INR,6204660.0,6204660.0,2026-08-18,SETTLEMENT,MATCHED,TEST
2262,TRD102221,ACC-EQ-CORE-02,INR,140105.84,117736.0,2026-08-19,SETTLEMENT,MATCHED,TRAIN
2263,TRD102222,ACC-EQ-ALPHA-03,INR,1955490.0,1955490.0,2026-08-12,SETTLEMENT,MATCHED,TRAIN
2264,TRD102223,ACC-EQ-INDEX-04,INR,5504715.0,5504715.0,2026-08-13,SETTLEMENT,MATCHED,TRAIN
2265,TRD102224,ACC-EQ-CORE-01,INR,3338860.0,3338860.0,2026-08-08,SETTLEMENT,MATCHED,TRAIN
2266,TRD102225,ACC-EQ-INDEX-04,INR,117712.5,117712.5,2026-08-11,SETTLEMENT,MATCHED,TRAIN
2267,TRD102226,ACC-EQ-CORE-01,INR,6492725.0,6492725.0,2026-08-05,SETTLEMENT,MATCHED,TRAIN
2268,TRD102227,ACC-EQ-CORE-01,INR,2129775.0,2129775.0,2026-08-07,SETTLEMENT,MATCHED,TRAIN
2269,TRD102228,ACC-EQ-INDEX-04,INR,2492800.0,2492800.0,2026-08-15,SETTLEMENT,MATCHED,TRAIN
2270,TRD102229,ACC-EQ-ALPHA-03,INR,457042.5,457042.5,2026-08-13,SETTLEMENT,MATCHED,TRAIN
2271,TRD102230,ACC-EQ-INDEX-04,INR,2363700.0,2363700.0,2026-08-20,SETTLEMENT,MATCHED,TRAIN
2272,TRD102231,ACC-EQ-INDEX-04,INR,468200.0,468200.0,2026-08-10,SETTLEMENT,MATCHED,TRAIN
2273,TRD102232,ACC-EQ-ALPHA-03,INR,548696.0,548696.0,2026-08-20,SETTLEMENT,MATCHED,TRAIN
2274,TRD102233,ACC-EQ-INDEX-04,INR,4256025.0,4256025.0,2026-08-17,SETTLEMENT,MATCHED,TRAIN
2275,TRD102234,ACC-EQ-INDEX-04,INR,732960.0,732960.0,2026-08-22,SETTLEMENT,MATCHED,TRAIN
2276,TRD102235,ACC-EQ-ALPHA-03,INR,608770.0,608770.0,2026-08-17,SETTLEMENT,MATCHED,TRAIN
2277,TRD102236,ACC-EQ-CORE-01,INR,7339440.0,7339440.0,2026-08-15,SETTLEMENT,MATCHED,TRAIN
2278,TRD102237,ACC-EQ-CORE-02,INR,118539.0,118539.0,2026-08-16,SETTLEMENT,MATCHED,TRAIN
2279,TRD102238,ACC-EQ-CORE-01,INR,1866810.0,1866810.0,2026-08-19,SETTLEMENT,MATCHED,TRAIN
2280,TRD102239,ACC-EQ-INDEX-04,INR,236518.0,236518.0,2026-08-17,SETTLEMENT,MATCHED,TEST
2281,TRD102240,ACC-EQ-INDEX-04,INR,3230067.5,3230067.5,2026-08-21,SETTLEMENT,MATCHED,TRAIN
2282,TRD102241,ACC-EQ-INDEX-04,INR,491215.0,491215.0,2026-08-04,SETTLEMENT,MATCHED,TRAIN
2283,TRD102242,ACC-EQ-INDEX-04,GBP,155617.83,167331.0,2026-08-22,SETTLEMENT,MATCHED,TRAIN
2284,TRD102243,ACC-EQ-CORE-02,INR,309342.5,309342.5,2026-08-20,SETTLEMENT,MATCHED,TRAIN
2285,TRD102244,ACC-EQ-CORE-01,INR,546932.0,546932.0,2026-08-06,SETTLEMENT,MATCHED,TRAIN
2286,TRD102245,ACC-EQ-ALPHA-03,INR,470280.0,470280.0,2026-08-15,SETTLEMENT,MATCHED,TRAIN
2287,TRD102246,ACC-EQ-INDEX-04,INR,3365020.0,3365020.0,2026-08-15,SETTLEMENT,MATCHED,TRAIN
2288,TRD102247,ACC-EQ-INDEX-04,INR,822194.0,822194.0,2026-08-13,SETTLEMENT,MATCHED,TRAIN
2289,TRD102248,ACC-EQ-CORE-02,INR,42950.0,42950.0,2026-08-07,SETTLEMENT,MATCHED,TEST
2290,TRD102249,ACC-EQ-CORE-02,INR,469170.0,469170.0,2026-08-17,SETTLEMENT,MATCHED,TRAIN
2291,TRD102250,ACC-EQ-CORE-02,INR,410972.0,410972.0,2026-08-06,SETTLEMENT,MATCHED,TRAIN
2292,TRD102251,ACC-EQ-ALPHA-03,INR,2837960.0,2837960.0,2026-08-02,SETTLEMENT,MATCHED,TEST
2293,TRD102252,ACC-EQ-CORE-02,INR,309640.0,309640.0,2026-08-09,SETTLEMENT,MATCHED,TRAIN
2294,TRD102253,ACC-EQ-CORE-02,INR,3910560.0,3910560.0,2026-08-08,SETTLEMENT,MATCHED,TEST
2295,TRD102254,ACC-EQ-CORE-02,INR,733426.0,733426.0,2026-08-06,SETTLEMENT,MATCHED,TRAIN
2296,TRD102255,ACC-EQ-INDEX-04,INR,93842.0,93842.0,2026-08-09,SETTLEMENT,MATCHED,TRAIN
2297,TRD102256,ACC-EQ-ALPHA-03,INR,1255222.5,1255222.5,2026-08-15,SETTLEMENT,MATCHED,TRAIN
2298,TRD102257,ACC-EQ-INDEX-04,INR,1427695.0,1427695.0,2026-08-13,SETTLEMENT,MATCHED,TRAIN
2299,TRD102258,ACC-EQ-CORE-02,INR,152555.0,152555.0,2026-08-18,SETTLEMENT,MATCHED,TEST
2300,TRD102259,ACC-EQ-CORE-01,USD,902868.3,885165.0,2026-08-04,SETTLEMENT,MATCHED,TRAIN
2301,TRD102260,ACC-EQ-CORE-01,INR,825836.0,825836.0,2026-08-06,SETTLEMENT,MATCHED,TRAIN
2302,TRD102261,ACC-EQ-ALPHA-03,INR,1857120.0,1857120.0,2026-08-22,SETTLEMENT,MATCHED,TRAIN
2303,TRD102262,ACC-EQ-INDEX-04,INR,129795.0,129795.0,2026-08-17,SETTLEMENT,MATCHED,TRAIN
2304,TRD102263,ACC-EQ-INDEX-04,INR,686190.0,686190.0,2026-08-04,SETTLEMENT,MATCHED,TRAIN
2305,TRD102264,ACC-EQ-ALPHA-03,INR,734202.0,734202.0,2026-08-10,SETTLEMENT,MATCHED,TRAIN
2307,TRD102266,ACC-EQ-ALPHA-03,INR,1675500.0,1675500.0,2026-08-15,SETTLEMENT,MATCHED,TRAIN
2308,TRD102267,ACC-EQ-ALPHA-03,INR,980475.0,980475.0,2026-08-06,SETTLEMENT,MATCHED,TRAIN
2309,TRD102268,ACC-EQ-CORE-02,INR,1959860.0,1959860.0,2026-08-19,SETTLEMENT,MATCHED,TRAIN
2310,TRD102269,ACC-EQ-CORE-02,INR,293932.5,293932.5,2026-08-11,SETTLEMENT,MATCHED,TRAIN
2311,TRD102270,ACC-EQ-ALPHA-03,GBP,1258865.7,1176510.0,2026-08-22,SETTLEMENT,MATCHED,TEST
2312,TRD102271,ACC-EQ-ALPHA-03,INR,3388140.0,3388140.0,2026-08-20,SETTLEMENT,MATCHED,TRAIN
2313,TRD102272,ACC-EQ-INDEX-04,INR,247546.0,247546.0,2026-08-14,SETTLEMENT,MATCHED,TRAIN
2314,TRD102273,ACC-EQ-INDEX-04,INR,1880792.55,2066805.0,2026-08-10,SETTLEMENT,MATCHED,TRAIN
2315,TRD102274,ACC-EQ-INDEX-04,INR,5503620.0,5503620.0,2026-08-03,SETTLEMENT,MATCHED,TRAIN
2316,TRD102275,ACC-EQ-CORE-02,INR,702555.0,702555.0,2026-08-05,SETTLEMENT,MATCHED,TRAIN
2317,TRD102276,ACC-EQ-CORE-01,INR,84172.0,84172.0,2026-08-04,SETTLEMENT,MATCHED,TEST
2318,TRD102277,ACC-EQ-CORE-01,INR,379670.0,379670.0,2026-08-15,SETTLEMENT,MATCHED,TRAIN
2319,TRD102278,ACC-EQ-ALPHA-03,INR,569174.0,569174.0,2026-08-21,SETTLEMENT,MATCHED,TRAIN
2320,TRD102279,ACC-EQ-ALPHA-03,INR,842920.0,842920.0,2026-08-21,SETTLEMENT,MATCHED,TRAIN
2321,TRD102280,ACC-EQ-ALPHA-03,INR,6467395.0,6467395.0,2026-08-19,SETTLEMENT,MATCHED,TEST
2322,TRD102281,ACC-EQ-CORE-02,INR,2827035.0,2827035.0,2026-08-21,SETTLEMENT,MATCHED,TEST
2323,TRD102282,ACC-EQ-CORE-02,INR,887925.0,887925.0,2026-08-05,SETTLEMENT,MATCHED,TRAIN
2324,TRD102283,ACC-EQ-CORE-02,USD,895868.2,837260.0,2026-08-07,SETTLEMENT,MATCHED,TRAIN
2325,TRD102284,ACC-EQ-INDEX-04,INR,410999.0,410999.0,2026-08-11,SETTLEMENT,MATCHED,TRAIN
2326,TRD102285,ACC-EQ-INDEX-04,INR,834255.0,834255.0,2026-08-04,SETTLEMENT,MATCHED,TRAIN
2327,TRD102286,ACC-EQ-ALPHA-03,INR,2845395.0,2845395.0,2026-08-14,SETTLEMENT,MATCHED,TEST
2328,TRD102287,ACC-EQ-ALPHA-03,INR,344680.0,344680.0,2026-08-18,SETTLEMENT,MATCHED,TRAIN
2329,TRD102288,ACC-EQ-ALPHA-03,INR,705735.0,705735.0,2026-08-21,SETTLEMENT,MATCHED,TEST
2330,TRD102289,ACC-EQ-INDEX-04,INR,122194.0,122194.0,2026-08-14,SETTLEMENT,MATCHED,TEST
2331,TRD102290,ACC-EQ-ALPHA-03,INR,1672740.0,1672740.0,2026-08-10,SETTLEMENT,MATCHED,TEST
2332,TRD102291,ACC-EQ-CORE-01,INR,3396380.0,3396380.0,2026-08-20,SETTLEMENT,MATCHED,TRAIN
2333,TRD102292,ACC-EQ-INDEX-04,INR,60967.0,60967.0,2026-08-13,SETTLEMENT,MATCHED,TRAIN
2334,TRD102293,ACC-EQ-INDEX-04,INR,704925.0,704925.0,2026-08-15,SETTLEMENT,MATCHED,TRAIN
2335,TRD102294,ACC-EQ-CORE-02,INR,421825.0,421825.0,2026-08-10,SETTLEMENT,MATCHED,TRAIN
2336,TRD102295,ACC-EQ-CORE-01,INR,840495.0,840495.0,2026-08-14,SETTLEMENT,MATCHED,TRAIN
2337,TRD102296,ACC-EQ-ALPHA-03,INR,1025987.5,1025987.5,2026-08-19,SETTLEMENT,MATCHED,TRAIN
2338,TRD102297,ACC-EQ-INDEX-04,INR,2758815.0,2758815.0,2026-08-11,SETTLEMENT,MATCHED,TRAIN
2339,TRD102298,ACC-EQ-CORE-01,INR,3236210.0,3236210.0,2026-08-11,SETTLEMENT,MATCHED,TRAIN
2340,TRD102299,ACC-EQ-CORE-02,INR,2599140.0,2599140.0,2026-08-20,SETTLEMENT,MATCHED,TEST
2341,TRD102300,ACC-EQ-CORE-01,INR,6062128.8,7392840.0,2026-08-07,SETTLEMENT,MATCHED,TEST
2342,TRD102301,ACC-EQ-CORE-02,INR,235028.0,235028.0,2026-08-05,SETTLEMENT,MATCHED,TRAIN
2343,TRD102302,ACC-EQ-CORE-02,INR,5494140.0,5494140.0,2026-08-13,SETTLEMENT,MATCHED,TRAIN
2344,TRD102303,ACC-EQ-CORE-02,INR,917697.5,917697.5,2026-08-02,SETTLEMENT,MATCHED,TRAIN
2345,TRD102304,ACC-EQ-CORE-02,INR,368018.0,368018.0,2026-08-03,SETTLEMENT,MATCHED,TRAIN
2346,TRD102305,ACC-EQ-ALPHA-03,INR,5681380.0,5681380.0,2026-08-06,SETTLEMENT,MATCHED,TRAIN
2347,TRD102306,ACC-EQ-CORE-02,INR,234345.0,234345.0,2026-08-05,SETTLEMENT,MATCHED,TRAIN
2348,TRD102307,ACC-EQ-CORE-01,INR,194723.0,194723.0,2026-08-14,SETTLEMENT,MATCHED,TEST
2349,TRD102308,ACC-EQ-INDEX-04,INR,939460.0,939460.0,2026-08-14,SETTLEMENT,MATCHED,TEST
2350,TRD102308,ACC-EQ-INDEX-04,INR,939460.0,939460.0,2026-08-14,SETTLEMENT,MATCHED,TEST
2351,TRD102309,ACC-EQ-INDEX-04,INR,1961300.0,1961300.0,2026-08-20,SETTLEMENT,MATCHED,TRAIN
2352,TRD102310,ACC-EQ-CORE-01,INR,5501835.0,5501835.0,2026-08-17,SETTLEMENT,MATCHED,TRAIN
2353,TRD102311,ACC-EQ-INDEX-04,INR,4134840.0,4134840.0,2026-08-05,SETTLEMENT,MATCHED,TRAIN
2354,TRD102311,ACC-EQ-INDEX-04,INR,4134840.0,4134840.0,2026-08-05,SETTLEMENT,MATCHED,TRAIN
2355,TRD102312,ACC-EQ-CORE-02,INR,1266195.0,1266195.0,2026-08-12,SETTLEMENT,MATCHED,TRAIN
2357,TRD102314,ACC-EQ-ALPHA-03,INR,842175.0,842175.0,2026-08-09,SETTLEMENT,MATCHED,TRAIN
2358,TRD102315,ACC-EQ-INDEX-04,INR,3388000.0,3388000.0,2026-08-13,SETTLEMENT,MATCHED,TRAIN
2359,TRD102316,ACC-EQ-CORE-01,USD,171982.2,168610.0,2026-08-06,SETTLEMENT,MATCHED,TRAIN
2360,TRD102317,ACC-EQ-INDEX-04,INR,84434.0,84434.0,2026-08-14,SETTLEMENT,MATCHED,TRAIN
2361,TRD102318,ACC-EQ-INDEX-04,INR,883905.0,883905.0,2026-08-18,SETTLEMENT,MATCHED,TRAIN
2362,TRD102319,ACC-EQ-ALPHA-03,INR,343400.0,343400.0,2026-08-12,SETTLEMENT,MATCHED,TRAIN
2363,TRD102320,ACC-EQ-CORE-01,INR,568082.0,568082.0,2026-08-19,SETTLEMENT,MATCHED,TEST
2364,TRD102321,ACC-EQ-INDEX-04,INR,1842480.0,1842480.0,2026-08-13,SETTLEMENT,MATCHED,TRAIN
2365,TRD102322,ACC-EQ-ALPHA-03,INR,1688620.0,1688620.0,2026-08-12,SETTLEMENT,MATCHED,TRAIN
2366,TRD102322,ACC-EQ-ALPHA-03,INR,1688620.0,1688620.0,2026-08-12,SETTLEMENT,MATCHED,TRAIN
2367,TRD102323,ACC-EQ-CORE-01,INR,551226.0,551226.0,2026-08-17,SETTLEMENT,MATCHED,TRAIN
2368,TRD102324,ACC-EQ-ALPHA-03,INR,2830635.0,2830635.0,2026-08-16,SETTLEMENT,MATCHED,TRAIN
2369,TRD102325,ACC-EQ-INDEX-04,INR,941305.0,941305.0,2026-08-14,SETTLEMENT,MATCHED,TRAIN
2370,TRD102326,ACC-EQ-INDEX-04,INR,284488.0,284488.0,2026-08-06,SETTLEMENT,MATCHED,TRAIN
2371,TRD102327,ACC-EQ-CORE-02,INR,422290.0,422290.0,2026-08-20,SETTLEMENT,MATCHED,TRAIN
2372,TRD102328,ACC-EQ-INDEX-04,INR,1033885.0,1033885.0,2026-08-10,SETTLEMENT,MATCHED,TRAIN
2373,TRD102329,ACC-EQ-INDEX-04,INR,3364300.0,3364300.0,2026-08-07,SETTLEMENT,MATCHED,TRAIN
2374,TRD102330,ACC-EQ-ALPHA-03,INR,8267180.0,8267180.0,2026-08-12,SETTLEMENT,MATCHED,TEST
2375,TRD102331,ACC-EQ-CORE-02,INR,1242430.0,1242430.0,2026-08-12,SETTLEMENT,MATCHED,TRAIN
2376,TRD102332,ACC-EQ-INDEX-04,INR,1369040.0,1369040.0,2026-08-02,SETTLEMENT,MATCHED,TRAIN
2377,TRD102333,ACC-EQ-ALPHA-03,INR,634192.5,634192.5,2026-08-14,SETTLEMENT,MATCHED,TRAIN
2378,TRD102334,ACC-EQ-INDEX-04,INR,1030755.0,1030755.0,2026-08-09,SETTLEMENT,MATCHED,TRAIN
2379,TRD102335,ACC-EQ-INDEX-04,INR,34558.0,34558.0,2026-08-18,SETTLEMENT,MATCHED,TEST
2380,TRD102336,ACC-EQ-INDEX-04,INR,1687000.0,1687000.0,2026-08-09,SETTLEMENT,MATCHED,TRAIN
2381,TRD102337,ACC-EQ-INDEX-04,INR,2757300.0,2757300.0,2026-08-03,SETTLEMENT,MATCHED,TRAIN
2382,TRD102338,ACC-EQ-ALPHA-03,INR,2834685.0,2834685.0,2026-08-02,SETTLEMENT,MATCHED,TEST
2383,TRD102339,ACC-EQ-CORE-02,INR,620315.0,620315.0,2026-08-17,SETTLEMENT,MATCHED,TRAIN
2384,TRD102340,ACC-EQ-ALPHA-03,INR,843395.0,843395.0,2026-08-21,SETTLEMENT,MATCHED,TRAIN
2385,TRD102341,ACC-EQ-CORE-01,INR,1181350.0,1181350.0,2026-08-04,SETTLEMENT,MATCHED,TEST
2386,TRD102342,ACC-EQ-CORE-01,INR,273599.0,273599.0,2026-08-15,SETTLEMENT,MATCHED,TRAIN
2387,TRD102343,ACC-EQ-ALPHA-03,INR,284968.0,284968.0,2026-08-03,SETTLEMENT,MATCHED,TRAIN
2388,TRD102344,ACC-EQ-CORE-02,INR,1958950.0,1958950.0,2026-08-04,SETTLEMENT,MATCHED,TRAIN
2389,TRD102344,ACC-EQ-CORE-02,INR,1958950.0,1958950.0,2026-08-04,SETTLEMENT,MATCHED,TRAIN
2390,TRD102345,ACC-EQ-CORE-01,INR,168340.0,168340.0,2026-08-20,SETTLEMENT,MATCHED,TRAIN
2391,TRD102346,ACC-EQ-CORE-01,INR,6508790.0,6508790.0,2026-08-14,SETTLEMENT,MATCHED,TRAIN
2392,TRD102347,ACC-EQ-ALPHA-03,INR,886207.5,886207.5,2026-08-18,SETTLEMENT,MATCHED,TRAIN
2393,TRD102348,ACC-EQ-CORE-01,INR,8250240.0,8250240.0,2026-08-10,SETTLEMENT,MATCHED,TRAIN
2394,TRD102349,ACC-EQ-ALPHA-03,INR,591240.0,591240.0,2026-08-03,SETTLEMENT,MATCHED,TRAIN
2395,TRD102350,ACC-EQ-ALPHA-03,INR,1224480.0,1224480.0,2026-08-13,SETTLEMENT,MATCHED,TRAIN
2396,TRD102351,ACC-EQ-ALPHA-03,INR,2931150.0,2931150.0,2026-08-09,SETTLEMENT,MATCHED,TRAIN
2397,TRD102352,ACC-EQ-CORE-01,INR,3338640.0,3338640.0,2026-08-06,SETTLEMENT,MATCHED,TRAIN
2398,TRD102353,ACC-EQ-CORE-02,INR,235218.0,235218.0,2026-08-16,SETTLEMENT,MATCHED,TEST
2399,TRD102354,ACC-EQ-INDEX-04,INR,1479324.7,1243130.0,2026-08-20,SETTLEMENT,MATCHED,TRAIN
2400,TRD102355,ACC-EQ-ALPHA-03,INR,339534.0,339534.0,2026-08-19,SETTLEMENT,MATCHED,TEST
2401,TRD102356,ACC-EQ-INDEX-04,INR,345440.0,345440.0,2026-08-13,SETTLEMENT,MATCHED,TRAIN
2402,TRD102357,ACC-EQ-CORE-02,INR,168358.0,168358.0,2026-08-10,SETTLEMENT,MATCHED,TRAIN
2403,TRD102358,ACC-EQ-CORE-02,INR,705345.0,705345.0,2026-08-12,SETTLEMENT,MATCHED,TEST
2404,TRD102359,ACC-EQ-CORE-02,INR,916980.0,916980.0,2026-08-20,SETTLEMENT,MATCHED,TRAIN
2405,TRD102360,ACC-EQ-INDEX-04,INR,3259742.5,3259742.5,2026-08-15,SETTLEMENT,MATCHED,TRAIN
2406,TRD102361,ACC-EQ-INDEX-04,USD,196397.46,189756.0,2026-08-09,SETTLEMENT,MATCHED,TRAIN
2407,TRD102362,ACC-EQ-CORE-01,INR,86415.0,86415.0,2026-08-15,SETTLEMENT,MATCHED,TRAIN
2408,TRD102363,ACC-EQ-CORE-01,INR,612180.0,612180.0,2026-08-13,SETTLEMENT,MATCHED,TRAIN
2409,TRD102364,ACC-EQ-ALPHA-03,INR,233775.0,233775.0,2026-08-12,SETTLEMENT,MATCHED,TRAIN
2410,TRD102365,ACC-EQ-ALPHA-03,INR,86170.0,86170.0,2026-08-03,SETTLEMENT,MATCHED,TRAIN
2411,TRD102366,ACC-EQ-CORE-01,INR,2134297.5,2134297.5,2026-08-15,SETTLEMENT,MATCHED,TEST
2412,TRD102367,ACC-EQ-CORE-02,INR,19553535.0,19553535.0,2026-08-21,SETTLEMENT,MATCHED,TEST
2413,TRD102368,ACC-EQ-CORE-01,INR,6486710.0,6486710.0,2026-08-11,SETTLEMENT,MATCHED,TEST
2414,TRD102369,ACC-EQ-CORE-02,INR,1465230.0,1465230.0,2026-08-02,SETTLEMENT,MATCHED,TRAIN
2415,TRD102370,ACC-EQ-CORE-01,INR,3341660.0,3341660.0,2026-08-02,SETTLEMENT,MATCHED,TRAIN
2416,TRD102371,ACC-EQ-CORE-01,INR,2059927.5,2059927.5,2026-08-19,SETTLEMENT,MATCHED,TEST
2417,TRD102372,ACC-EQ-ALPHA-03,INR,274551.0,274551.0,2026-08-20,SETTLEMENT,MATCHED,TRAIN
2419,TRD102374,ACC-EQ-ALPHA-03,INR,2179050.65,1831135.0,2026-08-15,SETTLEMENT,MATCHED,TRAIN
2420,TRD102375,ACC-EQ-ALPHA-03,INR,46702.0,46702.0,2026-08-10,SETTLEMENT,MATCHED,TEST
2421,TRD102376,ACC-EQ-CORE-02,INR,424315.0,424315.0,2026-08-08,SETTLEMENT,MATCHED,TRAIN
2422,TRD102377,ACC-EQ-CORE-01,INR,3084675.0,3084675.0,2026-08-19,SETTLEMENT,MATCHED,TRAIN
2423,TRD102378,ACC-EQ-CORE-01,INR,379394.0,379394.0,2026-08-02,SETTLEMENT,MATCHED,TRAIN
2424,TRD102379,ACC-EQ-INDEX-04,INR,379062.0,379062.0,2026-08-12,SETTLEMENT,MATCHED,TEST
2425,TRD102380,ACC-EQ-ALPHA-03,INR,352680.0,352680.0,2026-08-13,SETTLEMENT,MATCHED,TRAIN
2426,TRD102381,ACC-EQ-CORE-01,USD,887864.25,845585.0,2026-08-10,SETTLEMENT,MATCHED,TRAIN
2427,TRD102382,ACC-EQ-CORE-02,INR,1026537.5,1026537.5,2026-08-07,SETTLEMENT,MATCHED,TRAIN
2428,TRD102383,ACC-EQ-CORE-01,INR,171640.0,171640.0,2026-08-14,SETTLEMENT,MATCHED,TRAIN
2429,TRD102384,ACC-EQ-CORE-01,INR,463427.78,417502.5,2026-08-22,SETTLEMENT,MATCHED,TEST
2430,TRD102385,ACC-EQ-ALPHA-03,INR,25974920.0,25974920.0,2026-08-16,SETTLEMENT,MATCHED,TRAIN
2431,TRD102386,ACC-EQ-ALPHA-03,INR,166743.0,166743.0,2026-08-08,SETTLEMENT,MATCHED,TEST
2432,TRD102387,ACC-EQ-CORE-01,EUR,2056540.5,1958610.0,2026-08-15,SETTLEMENT,MATCHED,TEST
2433,TRD102388,ACC-EQ-CORE-01,INR,25852320.0,25852320.0,2026-08-05,SETTLEMENT,MATCHED,TRAIN
2434,TRD102389,ACC-EQ-ALPHA-03,INR,938300.0,938300.0,2026-08-19,SETTLEMENT,MATCHED,TRAIN
2435,TRD102390,ACC-EQ-CORE-02,INR,118363.0,118363.0,2026-08-22,SETTLEMENT,MATCHED,TRAIN
2436,TRD102391,ACC-EQ-ALPHA-03,INR,5508825.0,5508825.0,2026-08-05,SETTLEMENT,MATCHED,TRAIN
2437,TRD102392,ACC-EQ-ALPHA-03,INR,459210.0,459210.0,2026-08-06,SETTLEMENT,MATCHED,TRAIN
2438,TRD102393,ACC-EQ-ALPHA-03,INR,4103240.0,4103240.0,2026-08-11,SETTLEMENT,MATCHED,TRAIN
2439,TRD102394,ACC-EQ-CORE-01,INR,286422.0,286422.0,2026-08-12,SETTLEMENT,MATCHED,TRAIN
2440,TRD102395,ACC-EQ-ALPHA-03,INR,34442.0,34442.0,2026-08-05,SETTLEMENT,MATCHED,TRAIN
2441,TRD102396,ACC-EQ-CORE-01,INR,34380.0,34380.0,2026-08-08,SETTLEMENT,MATCHED,TRAIN
2442,TRD102396,ACC-EQ-CORE-01,INR,34380.0,34380.0,2026-08-08,SETTLEMENT,MATCHED,TRAIN
2443,TRD102397,ACC-EQ-CORE-01,INR,2133847.5,2133847.5,2026-08-19,SETTLEMENT,MATCHED,TRAIN
2444,TRD102398,ACC-EQ-ALPHA-03,INR,128820.0,128820.0,2026-08-14,SETTLEMENT,MATCHED,TRAIN
2445,TRD102399,ACC-EQ-CORE-01,INR,4111230.0,4111230.0,2026-08-03,SETTLEMENT,MATCHED,TRAIN
2446,TRD102400,ACC-EQ-INDEX-04,INR,117561.0,117561.0,2026-08-17,SETTLEMENT,MATCHED,TRAIN
2447,TRD102401,ACC-EQ-CORE-02,INR,337284.0,337284.0,2026-08-20,SETTLEMENT,MATCHED,TRAIN
2448,TRD102402,ACC-EQ-CORE-01,INR,210735.0,210735.0,2026-08-20,SETTLEMENT,MATCHED,TRAIN
2449,TRD102403,ACC-EQ-CORE-02,INR,234985.0,234985.0,2026-08-06,SETTLEMENT,MATCHED,TEST
2450,TRD102404,ACC-EQ-CORE-02,INR,2139517.5,2139517.5,2026-08-08,SETTLEMENT,MATCHED,TRAIN
2452,TRD102406,ACC-EQ-ALPHA-03,INR,2848875.0,2848875.0,2026-08-15,SETTLEMENT,MATCHED,TRAIN
2453,TRD102407,ACC-EQ-INDEX-04,INR,335734.0,335734.0,2026-08-10,SETTLEMENT,MATCHED,TRAIN
2454,TRD102408,ACC-EQ-CORE-02,INR,6186735.0,6186735.0,2026-08-10,SETTLEMENT,MATCHED,TEST
2455,TRD102409,ACC-EQ-CORE-01,EUR,2660290.56,2608128.0,2026-08-09,SETTLEMENT,MATCHED,TRAIN
2456,TRD102410,ACC-EQ-CORE-02,INR,167907.0,167907.0,2026-08-14,SETTLEMENT,MATCHED,TEST
2457,TRD102411,ACC-EQ-CORE-01,INR,412701.0,412701.0,2026-08-05,SETTLEMENT,MATCHED,TEST
2458,TRD102412,ACC-EQ-CORE-01,INR,4108650.0,4108650.0,2026-08-06,SETTLEMENT,MATCHED,TRAIN
2459,TRD102413,ACC-EQ-ALPHA-03,INR,1266855.0,1266855.0,2026-08-18,SETTLEMENT,MATCHED,TEST
2460,TRD102414,ACC-EQ-INDEX-04,INR,981350.0,981350.0,2026-08-06,SETTLEMENT,MATCHED,TRAIN
2461,TRD102415,ACC-EQ-CORE-01,INR,837515.0,837515.0,2026-08-10,SETTLEMENT,MATCHED,TRAIN
2462,TRD102416,ACC-EQ-INDEX-04,INR,4274190.0,4274190.0,2026-08-03,SETTLEMENT,MATCHED,TEST
2463,TRD102417,ACC-EQ-ALPHA-03,INR,2503005.0,2503005.0,2026-08-11,SETTLEMENT,MATCHED,TRAIN
2464,TRD102418,ACC-EQ-CORE-01,INR,2843085.0,2843085.0,2026-08-17,SETTLEMENT,MATCHED,TRAIN
2465,TRD102419,ACC-EQ-ALPHA-03,INR,635115.0,635115.0,2026-08-16,SETTLEMENT,MATCHED,TEST
2466,TRD102420,ACC-EQ-CORE-02,INR,1263495.0,1263495.0,2026-08-09,SETTLEMENT,MATCHED,TRAIN
2467,TRD102421,ACC-EQ-CORE-02,INR,1374795.0,1374795.0,2026-08-14,SETTLEMENT,MATCHED,TRAIN
2468,TRD102422,ACC-EQ-ALPHA-03,INR,1241070.0,1241070.0,2026-08-05,SETTLEMENT,MATCHED,TRAIN
2469,TRD102423,ACC-EQ-ALPHA-03,INR,570482.0,570482.0,2026-08-05,SETTLEMENT,MATCHED,TRAIN
2470,TRD102424,ACC-EQ-CORE-02,INR,1376340.0,1376340.0,2026-08-19,SETTLEMENT,MATCHED,TRAIN
2471,TRD102425,ACC-EQ-INDEX-04,INR,366724.0,366724.0,2026-08-02,SETTLEMENT,MATCHED,TRAIN
2472,TRD102426,ACC-EQ-ALPHA-03,INR,5683520.0,5683520.0,2026-08-05,SETTLEMENT,MATCHED,TRAIN
2473,TRD102427,ACC-EQ-ALPHA-03,INR,931402.5,931402.5,2026-08-22,SETTLEMENT,MATCHED,TRAIN
2474,TRD102428,ACC-EQ-CORE-01,INR,3385020.0,3385020.0,2026-08-09,SETTLEMENT,MATCHED,TRAIN
2475,TRD102429,ACC-EQ-INDEX-04,INR,1695580.0,1695580.0,2026-08-19,SETTLEMENT,MATCHED,TRAIN
2476,TRD102430,ACC-EQ-CORE-02,INR,169361.0,169361.0,2026-08-05,SETTLEMENT,MATCHED,TRAIN
2477,TRD102431,ACC-EQ-CORE-01,INR,168541.0,168541.0,2026-08-15,SETTLEMENT,MATCHED,TRAIN
2478,TRD102432,ACC-EQ-CORE-02,INR,3919940.0,3919940.0,2026-08-09,SETTLEMENT,MATCHED,TRAIN
2479,TRD102433,ACC-EQ-INDEX-04,INR,168336.0,168336.0,2026-08-02,SETTLEMENT,MATCHED,TRAIN
2480,TRD102434,ACC-EQ-CORE-02,INR,2491360.0,2491360.0,2026-08-04,SETTLEMENT,MATCHED,TRAIN
2481,TRD102435,ACC-EQ-CORE-02,INR,3099562.5,3099562.5,2026-08-19,SETTLEMENT,MATCHED,TEST
2482,TRD102436,ACC-EQ-CORE-02,INR,351817.5,351817.5,2026-08-02,SETTLEMENT,MATCHED,TRAIN
2484,TRD102438,ACC-EQ-CORE-02,INR,4284150.0,4284150.0,2026-08-13,SETTLEMENT,MATCHED,TRAIN
2485,TRD102439,ACC-EQ-ALPHA-03,INR,122656.0,122656.0,2026-08-20,SETTLEMENT,MATCHED,TRAIN
2486,TRD102440,ACC-EQ-CORE-02,INR,471320.0,471320.0,2026-08-03,SETTLEMENT,MATCHED,TEST
2487,TRD102441,ACC-EQ-CORE-01,GBP,6017448.75,6470375.0,2026-08-11,SETTLEMENT,MATCHED,TEST
2488,TRD102442,ACC-EQ-ALPHA-03,INR,416837.5,416837.5,2026-08-08,SETTLEMENT,MATCHED,TRAIN
2489,TRD102443,ACC-EQ-INDEX-04,INR,379322.0,379322.0,2026-08-07,SETTLEMENT,MATCHED,TRAIN
2490,TRD102444,ACC-EQ-INDEX-04,INR,1881510.0,1881510.0,2026-08-07,SETTLEMENT,MATCHED,TEST
2491,TRD102445,ACC-EQ-CORE-01,INR,1027217.5,1027217.5,2026-08-06,SETTLEMENT,MATCHED,TRAIN
2492,TRD102446,ACC-EQ-ALPHA-03,INR,417820.0,417820.0,2026-08-18,SETTLEMENT,MATCHED,TRAIN
2493,TRD102447,ACC-EQ-INDEX-04,INR,949435.0,949435.0,2026-08-15,SETTLEMENT,MATCHED,TRAIN
2494,TRD102448,ACC-EQ-INDEX-04,INR,634875.0,634875.0,2026-08-02,SETTLEMENT,MATCHED,TRAIN
2495,TRD102449,ACC-EQ-CORE-02,GBP,3463144.8,3395240.0,2026-08-20,SETTLEMENT,MATCHED,TRAIN
2496,TRD102450,ACC-EQ-CORE-02,INR,335242.0,335242.0,2026-08-14,SETTLEMENT,MATCHED,TRAIN
2497,TRD102451,ACC-EQ-CORE-02,INR,920397.5,920397.5,2026-08-09,SETTLEMENT,MATCHED,TEST
2499,TRD102453,ACC-EQ-CORE-01,INR,1179880.8,929040.0,2026-08-06,SETTLEMENT,MATCHED,TRAIN
2500,TRD102454,ACC-EQ-CORE-01,INR,233605.0,233605.0,2026-08-09,SETTLEMENT,MATCHED,TRAIN
2501,TRD102455,ACC-EQ-CORE-01,INR,2350380.0,2350380.0,2026-08-22,SETTLEMENT,MATCHED,TRAIN
2502,TRD102456,ACC-EQ-CORE-01,INR,117437.5,117437.5,2026-08-12,SETTLEMENT,MATCHED,TRAIN
2503,TRD102457,ACC-EQ-CORE-01,INR,275316.0,275316.0,2026-08-02,SETTLEMENT,MATCHED,TRAIN
2504,TRD102458,ACC-EQ-CORE-01,INR,211945.0,211945.0,2026-08-22,SETTLEMENT,MATCHED,TRAIN
2505,TRD102459,ACC-EQ-ALPHA-03,INR,305115.0,305115.0,2026-08-05,SETTLEMENT,MATCHED,TRAIN
2506,TRD102460,ACC-EQ-INDEX-04,INR,275162.0,275162.0,2026-08-13,SETTLEMENT,MATCHED,TRAIN
2507,TRD102461,ACC-EQ-CORE-01,INR,2064397.5,2064397.5,2026-08-10,SETTLEMENT,MATCHED,TRAIN
2508,TRD102462,ACC-EQ-CORE-02,INR,2355480.0,2355480.0,2026-08-18,SETTLEMENT,MATCHED,TEST
2509,TRD102463,ACC-EQ-INDEX-04,INR,9735135.0,9735135.0,2026-08-03,SETTLEMENT,MATCHED,TEST
2510,TRD102464,ACC-EQ-CORE-01,INR,4274355.0,4274355.0,2026-08-03,SETTLEMENT,MATCHED,TRAIN
2511,TRD102465,ACC-EQ-ALPHA-03,INR,1472430.0,1472430.0,2026-08-14,SETTLEMENT,MATCHED,TRAIN
2512,TRD102466,ACC-EQ-CORE-01,INR,634387.5,634387.5,2026-08-14,SETTLEMENT,MATCHED,TRAIN
2513,TRD102467,ACC-EQ-ALPHA-03,INR,423857.5,423857.5,2026-08-18,SETTLEMENT,MATCHED,TEST
2514,TRD102468,ACC-EQ-INDEX-04,INR,195308.0,195308.0,2026-08-07,SETTLEMENT,MATCHED,TRAIN
2515,TRD102469,ACC-EQ-CORE-02,INR,368475.0,368475.0,2026-08-03,SETTLEMENT,MATCHED,TRAIN
2516,TRD102470,ACC-EQ-CORE-02,USD,3503268.0,3384800.0,2026-08-02,SETTLEMENT,MATCHED,TRAIN
2517,TRD102471,ACC-EQ-INDEX-04,INR,411118.0,411118.0,2026-08-03,SETTLEMENT,MATCHED,TRAIN
2518,TRD102472,ACC-EQ-CORE-01,INR,2606130.0,2606130.0,2026-08-18,SETTLEMENT,MATCHED,TRAIN
2519,TRD102473,ACC-EQ-INDEX-04,INR,1473555.0,1473555.0,2026-08-22,SETTLEMENT,MATCHED,TRAIN
2520,TRD102474,ACC-EQ-CORE-02,INR,86240.0,86240.0,2026-08-14,SETTLEMENT,MATCHED,TRAIN
2521,TRD102475,ACC-EQ-INDEX-04,INR,1264530.0,1264530.0,2026-08-04,SETTLEMENT,MATCHED,TEST
2522,TRD102476,ACC-EQ-ALPHA-03,INR,152620.0,152620.0,2026-08-22,SETTLEMENT,MATCHED,TEST
2523,TRD102477,ACC-EQ-CORE-02,INR,308712.5,308712.5,2026-08-15,SETTLEMENT,MATCHED,TRAIN
2524,TRD102478,ACC-EQ-CORE-01,INR,912900.0,912900.0,2026-08-11,SETTLEMENT,MATCHED,TRAIN
2525,TRD102479,ACC-EQ-INDEX-04,INR,1302180.0,1302180.0,2026-08-11,SETTLEMENT,MATCHED,TRAIN
2526,TRD102480,ACC-EQ-INDEX-04,INR,847780.0,847780.0,2026-08-03,SETTLEMENT,MATCHED,TRAIN
2527,TRD102481,ACC-EQ-CORE-02,INR,609370.0,609370.0,2026-08-07,SETTLEMENT,MATCHED,TRAIN
2528,TRD102482,ACC-EQ-ALPHA-03,INR,391022.0,391022.0,2026-08-11,SETTLEMENT,MATCHED,TRAIN
2529,TRD102483,ACC-EQ-CORE-02,INR,369016.0,369016.0,2026-08-05,SETTLEMENT,MATCHED,TRAIN
2530,TRD102484,ACC-EQ-CORE-01,INR,9718605.0,9718605.0,2026-08-06,SETTLEMENT,MATCHED,TEST
2531,TRD102485,ACC-EQ-CORE-02,INR,2141872.5,2141872.5,2026-08-03,SETTLEMENT,MATCHED,TRAIN
2532,TRD102486,ACC-EQ-ALPHA-03,INR,85975.0,85975.0,2026-08-13,SETTLEMENT,MATCHED,TEST
2533,TRD102487,ACC-EQ-CORE-01,INR,34454.0,34454.0,2026-08-09,SETTLEMENT,MATCHED,TEST
2534,TRD102488,ACC-EQ-CORE-01,INR,8243660.0,8243660.0,2026-08-05,SETTLEMENT,MATCHED,TEST
2535,TRD102489,ACC-EQ-CORE-02,INR,335478.0,335478.0,2026-08-08,SETTLEMENT,MATCHED,TRAIN
2536,TRD102489,ACC-EQ-CORE-02,INR,335478.0,335478.0,2026-08-08,SETTLEMENT,MATCHED,TRAIN
2537,TRD102490,ACC-EQ-CORE-01,INR,1698840.0,1698840.0,2026-08-03,SETTLEMENT,MATCHED,TRAIN
2538,TRD102491,ACC-EQ-CORE-01,INR,8262800.0,8262800.0,2026-08-12,SETTLEMENT,MATCHED,TRAIN
2539,TRD102492,ACC-EQ-CORE-01,INR,7030231.05,5535615.0,2026-08-18,SETTLEMENT,MATCHED,TEST
2540,TRD102493,ACC-EQ-CORE-01,INR,213808.31,168353.0,2026-08-02,SETTLEMENT,MATCHED,TRAIN
2541,TRD102494,ACC-EQ-CORE-01,INR,4102425.0,4102425.0,2026-08-06,SETTLEMENT,MATCHED,TRAIN
2542,TRD102495,ACC-EQ-INDEX-04,INR,914010.0,914010.0,2026-08-22,SETTLEMENT,MATCHED,TRAIN
2543,TRD102496,ACC-EQ-INDEX-04,INR,459240.0,459240.0,2026-08-21,SETTLEMENT,MATCHED,TRAIN
2544,TRD102497,ACC-EQ-CORE-02,INR,86130.0,86130.0,2026-08-21,SETTLEMENT,MATCHED,TRAIN
2545,TRD102498,ACC-EQ-ALPHA-03,INR,3093765.0,3093765.0,2026-08-05,SETTLEMENT,MATCHED,TRAIN
2546,TRD102499,ACC-EQ-INDEX-04,INR,2752545.0,2752545.0,2026-08-14,SETTLEMENT,MATCHED,TRAIN
2547,TRD102500,ACC-EQ-CORE-02,INR,1299124.0,1299124.0,2026-08-15,SETTLEMENT,MATCHED,TRAIN
2548,TRD102501,ACC-EQ-ALPHA-03,INR,417015.0,417015.0,2026-08-16,SETTLEMENT,MATCHED,TRAIN
2549,TRD102502,ACC-EQ-ALPHA-03,INR,336702.0,336702.0,2026-08-03,SETTLEMENT,MATCHED,TRAIN
2550,TRD102503,ACC-EQ-CORE-01,INR,5544555.0,5544555.0,2026-08-03,SETTLEMENT,MATCHED,TRAIN
2551,TRD102504,ACC-EQ-CORE-01,INR,3365000.0,3365000.0,2026-08-15,SETTLEMENT,MATCHED,TRAIN
2552,TRD102505,ACC-EQ-CORE-02,INR,1142667.3,1029430.0,2026-08-02,SETTLEMENT,MATCHED,TEST
2553,TRD102506,ACC-EQ-CORE-01,INR,1837525.0,1837525.0,2026-08-14,SETTLEMENT,MATCHED,TEST
2554,TRD102507,ACC-EQ-CORE-02,INR,423382.5,423382.5,2026-08-04,SETTLEMENT,MATCHED,TRAIN
2555,TRD102508,ACC-EQ-CORE-01,INR,942825.0,942825.0,2026-08-12,SETTLEMENT,MATCHED,TEST
2556,TRD102509,ACC-EQ-INDEX-04,INR,919450.0,919450.0,2026-08-05,SETTLEMENT,MATCHED,TRAIN
2557,TRD102510,ACC-EQ-ALPHA-03,INR,687232.5,687232.5,2026-08-18,SETTLEMENT,MATCHED,TRAIN
2558,TRD102511,ACC-EQ-INDEX-04,INR,2056335.0,2056335.0,2026-08-19,SETTLEMENT,MATCHED,TRAIN
2559,TRD102512,ACC-EQ-CORE-02,INR,632535.0,632535.0,2026-08-19,SETTLEMENT,MATCHED,TRAIN
2560,TRD102513,ACC-EQ-CORE-01,INR,1421455.0,1421455.0,2026-08-13,SETTLEMENT,MATCHED,TRAIN
2561,TRD102514,ACC-EQ-CORE-01,INR,4118750.0,4118750.0,2026-08-02,SETTLEMENT,MATCHED,TRAIN
2562,TRD102515,ACC-EQ-CORE-02,INR,236766.0,236766.0,2026-08-11,SETTLEMENT,MATCHED,TRAIN
2563,TRD102516,ACC-EQ-INDEX-04,INR,1226700.0,1226700.0,2026-08-20,SETTLEMENT,MATCHED,TRAIN
2564,TRD102517,ACC-EQ-INDEX-04,INR,4133625.0,4133625.0,2026-08-11,SETTLEMENT,MATCHED,TRAIN
2565,TRD102518,ACC-EQ-INDEX-04,INR,128880.0,128880.0,2026-08-13,SETTLEMENT,MATCHED,TEST
2566,TRD102519,ACC-EQ-ALPHA-03,INR,1891540.0,1891540.0,2026-08-11,SETTLEMENT,MATCHED,TEST
2567,TRD102520,ACC-EQ-CORE-02,INR,941450.0,941450.0,2026-08-09,SETTLEMENT,MATCHED,TRAIN
2568,TRD102521,ACC-EQ-INDEX-04,INR,168884.0,168884.0,2026-08-02,SETTLEMENT,MATCHED,TRAIN
2569,TRD102522,ACC-EQ-INDEX-04,INR,337936.0,337936.0,2026-08-15,SETTLEMENT,MATCHED,TRAIN
2570,TRD102523,ACC-EQ-CORE-02,INR,304595.0,304595.0,2026-08-09,SETTLEMENT,MATCHED,TRAIN
2571,TRD102524,ACC-EQ-CORE-01,INR,1958640.0,1958640.0,2026-08-18,SETTLEMENT,MATCHED,TRAIN
2572,TRD102525,ACC-EQ-CORE-01,INR,1303156.0,1303156.0,2026-08-15,SETTLEMENT,MATCHED,TRAIN
2573,TRD102526,ACC-EQ-INDEX-04,INR,258270.0,258270.0,2026-08-19,SETTLEMENT,MATCHED,TRAIN
2575,TRD102528,ACC-EQ-INDEX-04,INR,1270050.0,1270050.0,2026-08-08,SETTLEMENT,MATCHED,TRAIN
2576,TRD102529,ACC-EQ-ALPHA-03,INR,1032932.5,1032932.5,2026-08-18,SETTLEMENT,MATCHED,TRAIN
2577,TRD102530,ACC-EQ-CORE-02,INR,622120.0,622120.0,2026-08-14,SETTLEMENT,MATCHED,TRAIN
2578,TRD102531,ACC-EQ-CORE-01,INR,888285.0,888285.0,2026-08-10,SETTLEMENT,MATCHED,TRAIN
2579,TRD102532,ACC-EQ-CORE-01,INR,3244300.0,3244300.0,2026-08-09,SETTLEMENT,MATCHED,TRAIN
2580,TRD102533,ACC-EQ-CORE-01,INR,1777590.0,1777590.0,2026-08-14,SETTLEMENT,MATCHED,TRAIN
2581,TRD102534,ACC-EQ-CORE-02,INR,19470765.0,19470765.0,2026-08-04,SETTLEMENT,MATCHED,TRAIN
2582,TRD102535,ACC-EQ-CORE-01,INR,1292132.0,1292132.0,2026-08-04,SETTLEMENT,MATCHED,TRAIN
2583,TRD102536,ACC-EQ-ALPHA-03,INR,3094575.0,3094575.0,2026-08-04,SETTLEMENT,MATCHED,TRAIN
2584,TRD102537,ACC-EQ-CORE-02,GBP,677059.2,705270.0,2026-08-22,SETTLEMENT,MATCHED,TRAIN
2585,TRD102538,ACC-EQ-ALPHA-03,INR,2937270.0,2937270.0,2026-08-03,SETTLEMENT,MATCHED,TRAIN
2586,TRD102539,ACC-EQ-INDEX-04,INR,1463400.0,1463400.0,2026-08-17,SETTLEMENT,MATCHED,TRAIN
2587,TRD102540,ACC-EQ-INDEX-04,INR,382866.58,420732.5,2026-08-16,SETTLEMENT,MATCHED,TRAIN
2588,TRD102541,ACC-EQ-CORE-01,INR,489395.0,489395.0,2026-08-13,SETTLEMENT,MATCHED,TRAIN
2589,TRD102542,ACC-EQ-CORE-01,INR,1225860.0,1225860.0,2026-08-03,SETTLEMENT,MATCHED,TRAIN
2590,TRD102543,ACC-EQ-CORE-01,INR,4294410.0,4294410.0,2026-08-19,SETTLEMENT,MATCHED,TEST
2591,TRD102544,ACC-EQ-ALPHA-03,INR,837215.0,837215.0,2026-08-04,SETTLEMENT,MATCHED,TRAIN
2592,TRD102545,ACC-EQ-INDEX-04,INR,152132.5,152132.5,2026-08-14,SETTLEMENT,MATCHED,TRAIN
2593,TRD102546,ACC-EQ-CORE-01,INR,46752.0,46752.0,2026-08-07,SETTLEMENT,MATCHED,TRAIN
2594,TRD102547,ACC-EQ-INDEX-04,INR,293587.5,293587.5,2026-08-05,SETTLEMENT,MATCHED,TRAIN
2595,TRD102548,ACC-EQ-ALPHA-03,USD,13837539.6,12932280.0,2026-08-17,SETTLEMENT,MATCHED,TRAIN
2596,TRD102549,ACC-EQ-ALPHA-03,INR,2054570.0,2054570.0,2026-08-04,SETTLEMENT,MATCHED,TRAIN
2597,TRD102550,ACC-EQ-ALPHA-03,INR,124360.0,124360.0,2026-08-07,SETTLEMENT,MATCHED,TRAIN
2598,TRD102551,ACC-EQ-INDEX-04,INR,2829615.0,2829615.0,2026-08-03,SETTLEMENT,MATCHED,TEST
2599,TRD102552,ACC-EQ-ALPHA-03,INR,123753.0,123753.0,2026-08-08,SETTLEMENT,MATCHED,TEST
2600,TRD102553,ACC-EQ-INDEX-04,INR,3381960.0,3381960.0,2026-08-06,SETTLEMENT,MATCHED,TRAIN
2601,TRD102554,ACC-EQ-CORE-01,INR,42930.0,42930.0,2026-08-07,SETTLEMENT,MATCHED,TRAIN
2602,TRD102555,ACC-EQ-INDEX-04,INR,42940.0,42940.0,2026-08-08,SETTLEMENT,MATCHED,TRAIN
2603,TRD102555,ACC-EQ-INDEX-04,INR,42940.0,42940.0,2026-08-08,SETTLEMENT,MATCHED,TRAIN
2604,TRD102556,ACC-EQ-INDEX-04,INR,1183020.0,1183020.0,2026-08-17,SETTLEMENT,MATCHED,TRAIN
2605,TRD102557,ACC-EQ-CORE-02,INR,4133490.0,4133490.0,2026-08-09,SETTLEMENT,MATCHED,TRAIN
2606,TRD102558,ACC-EQ-CORE-01,INR,3246412.5,3246412.5,2026-08-12,SETTLEMENT,MATCHED,TRAIN
2607,TRD102559,ACC-EQ-INDEX-04,INR,3062878.0,3365800.0,2026-08-02,SETTLEMENT,MATCHED,TEST
2608,TRD102560,ACC-EQ-INDEX-04,INR,390958.0,390958.0,2026-08-03,SETTLEMENT,MATCHED,TRAIN
2609,TRD102561,ACC-EQ-ALPHA-03,INR,258720.0,258720.0,2026-08-06,SETTLEMENT,MATCHED,TRAIN
2610,TRD102562,ACC-EQ-CORE-02,INR,420842.5,420842.5,2026-08-07,SETTLEMENT,MATCHED,TRAIN
2611,TRD102563,ACC-EQ-ALPHA-03,INR,210525.0,210525.0,2026-08-14,SETTLEMENT,MATCHED,TRAIN
2612,TRD102564,ACC-EQ-ALPHA-03,INR,2746670.0,2746670.0,2026-08-16,SETTLEMENT,MATCHED,TEST
2613,TRD102565,ACC-EQ-CORE-02,INR,295747.5,295747.5,2026-08-18,SETTLEMENT,MATCHED,TRAIN
2614,TRD102566,ACC-EQ-CORE-01,INR,294552.5,294552.5,2026-08-14,SETTLEMENT,MATCHED,TRAIN
2615,TRD102567,ACC-EQ-CORE-01,INR,2289473.55,2515905.0,2026-08-19,SETTLEMENT,MATCHED,TRAIN
2616,TRD102568,ACC-EQ-CORE-02,INR,189693.0,189693.0,2026-08-03,SETTLEMENT,MATCHED,TRAIN
2617,TRD102569,ACC-EQ-CORE-02,INR,457792.5,457792.5,2026-08-11,SETTLEMENT,MATCHED,TRAIN
2618,TRD102570,ACC-EQ-CORE-01,INR,141901.0,173050.0,2026-08-21,SETTLEMENT,MATCHED,TRAIN
2619,TRD102571,ACC-EQ-INDEX-04,INR,1240200.0,1240200.0,2026-08-19,SETTLEMENT,MATCHED,TRAIN
2620,TRD102572,ACC-EQ-INDEX-04,INR,1215720.0,1215720.0,2026-08-07,SETTLEMENT,MATCHED,TRAIN
2621,TRD102573,ACC-EQ-INDEX-04,INR,3370520.0,3370520.0,2026-08-07,SETTLEMENT,MATCHED,TRAIN
2622,TRD102574,ACC-EQ-INDEX-04,INR,339648.0,339648.0,2026-08-04,SETTLEMENT,MATCHED,TRAIN
2623,TRD102575,ACC-EQ-INDEX-04,INR,2357780.0,2357780.0,2026-08-06,SETTLEMENT,MATCHED,TRAIN
2624,TRD102576,ACC-EQ-CORE-02,INR,153102.5,153102.5,2026-08-06,SETTLEMENT,MATCHED,TRAIN
2625,TRD102577,ACC-EQ-CORE-01,INR,61212.0,61212.0,2026-08-19,SETTLEMENT,MATCHED,TRAIN
2626,TRD102578,ACC-EQ-CORE-01,INR,489817.5,489817.5,2026-08-09,SETTLEMENT,MATCHED,TRAIN
2627,TRD102579,ACC-EQ-INDEX-04,INR,17273.0,17273.0,2026-08-13,SETTLEMENT,MATCHED,TRAIN
2628,TRD102580,ACC-EQ-CORE-01,INR,3914100.0,3914100.0,2026-08-02,SETTLEMENT,MATCHED,TRAIN
2629,TRD102581,ACC-EQ-ALPHA-03,INR,311062.5,311062.5,2026-08-12,SETTLEMENT,MATCHED,TRAIN
2630,TRD102582,ACC-EQ-CORE-02,INR,2834340.0,2834340.0,2026-08-14,SETTLEMENT,MATCHED,TRAIN
2631,TRD102583,ACC-EQ-CORE-02,INR,9704400.0,9704400.0,2026-08-09,SETTLEMENT,MATCHED,TRAIN
2632,TRD102583,ACC-EQ-CORE-02,INR,9704400.0,9704400.0,2026-08-09,SETTLEMENT,MATCHED,TRAIN
2633,TRD102584,ACC-EQ-CORE-01,INR,4132005.0,4132005.0,2026-08-09,SETTLEMENT,MATCHED,TEST
2634,TRD102585,ACC-EQ-ALPHA-03,INR,421590.0,421590.0,2026-08-12,SETTLEMENT,MATCHED,TRAIN
2635,TRD102586,ACC-EQ-INDEX-04,INR,1888200.0,1888200.0,2026-08-20,SETTLEMENT,MATCHED,TRAIN
2636,TRD102587,ACC-EQ-ALPHA-03,INR,6479830.0,6479830.0,2026-08-21,SETTLEMENT,MATCHED,TRAIN
2637,TRD102588,ACC-EQ-ALPHA-03,INR,335240.0,335240.0,2026-08-14,SETTLEMENT,MATCHED,TRAIN
2638,TRD102589,ACC-EQ-ALPHA-03,INR,3912140.0,3912140.0,2026-08-14,SETTLEMENT,MATCHED,TRAIN
2639,TRD102590,ACC-EQ-CORE-02,INR,1183270.0,1183270.0,2026-08-11,SETTLEMENT,MATCHED,TRAIN
2640,TRD102591,ACC-EQ-CORE-01,INR,1258012.5,1258012.5,2026-08-05,SETTLEMENT,MATCHED,TRAIN
2641,TRD102592,ACC-EQ-CORE-02,INR,345240.0,345240.0,2026-08-07,SETTLEMENT,MATCHED,TEST
2642,TRD102593,ACC-EQ-ALPHA-03,INR,588765.0,588765.0,2026-08-03,SETTLEMENT,MATCHED,TRAIN
2643,TRD102594,ACC-EQ-CORE-01,INR,1262580.0,1262580.0,2026-08-11,SETTLEMENT,MATCHED,TRAIN
2644,TRD102595,ACC-EQ-CORE-02,INR,12941360.0,12941360.0,2026-08-08,SETTLEMENT,MATCHED,TRAIN
2645,TRD102596,ACC-EQ-CORE-01,INR,592000.0,592000.0,2026-08-17,SETTLEMENT,MATCHED,TRAIN
2646,TRD102597,ACC-EQ-CORE-01,INR,4116225.0,4116225.0,2026-08-12,SETTLEMENT,MATCHED,TEST
2647,TRD102598,ACC-EQ-ALPHA-03,INR,3251397.5,3251397.5,2026-08-22,SETTLEMENT,MATCHED,TRAIN
2648,TRD102599,ACC-EQ-CORE-01,INR,2841300.0,2841300.0,2026-08-14,SETTLEMENT,MATCHED,TEST
2649,TRD102600,ACC-EQ-CORE-01,INR,368402.0,368402.0,2026-08-06,SETTLEMENT,MATCHED,TRAIN
2650,TRD102601,ACC-EQ-ALPHA-03,INR,210840.0,210840.0,2026-08-18,SETTLEMENT,MATCHED,TEST
2651,TRD102602,ACC-EQ-INDEX-04,INR,474632.5,474632.5,2026-08-19,SETTLEMENT,MATCHED,TRAIN
2652,TRD102603,ACC-EQ-INDEX-04,INR,1272105.0,1272105.0,2026-08-16,SETTLEMENT,MATCHED,TRAIN
2653,TRD102604,ACC-EQ-ALPHA-03,INR,309077.5,309077.5,2026-08-12,SETTLEMENT,MATCHED,TRAIN
2654,TRD102605,ACC-EQ-ALPHA-03,INR,3688720.0,3688720.0,2026-08-15,SETTLEMENT,MATCHED,TRAIN
2655,TRD102606,ACC-EQ-CORE-01,INR,471652.5,471652.5,2026-08-21,SETTLEMENT,MATCHED,TRAIN
2656,TRD102607,ACC-EQ-CORE-01,INR,84252.0,84252.0,2026-08-02,SETTLEMENT,MATCHED,TRAIN
2657,TRD102608,ACC-EQ-CORE-02,INR,2282798.25,2056575.0,2026-08-09,SETTLEMENT,MATCHED,TRAIN
2658,TRD102609,ACC-EQ-ALPHA-03,INR,419397.5,419397.5,2026-08-05,SETTLEMENT,MATCHED,TRAIN
2659,TRD102610,ACC-EQ-CORE-02,INR,167225.0,167225.0,2026-08-17,SETTLEMENT,MATCHED,TEST
2660,TRD102611,ACC-EQ-ALPHA-03,INR,921712.5,921712.5,2026-08-11,SETTLEMENT,MATCHED,TEST
2661,TRD102612,ACC-EQ-INDEX-04,INR,3368760.0,3368760.0,2026-08-09,SETTLEMENT,MATCHED,TRAIN
2662,TRD102613,ACC-EQ-CORE-01,INR,458415.0,458415.0,2026-08-06,SETTLEMENT,MATCHED,TRAIN
2663,TRD102614,ACC-EQ-CORE-01,INR,212287.5,212287.5,2026-08-11,SETTLEMENT,MATCHED,TRAIN
2664,TRD102615,ACC-EQ-CORE-02,INR,687825.0,687825.0,2026-08-05,SETTLEMENT,MATCHED,TRAIN
2665,TRD102616,ACC-EQ-CORE-01,INR,2586298.0,2586298.0,2026-08-21,SETTLEMENT,MATCHED,TRAIN
2666,TRD102616,ACC-EQ-CORE-01,INR,2586298.0,2586298.0,2026-08-21,SETTLEMENT,MATCHED,TRAIN
2668,TRD102618,ACC-EQ-ALPHA-03,INR,2473160.0,2473160.0,2026-08-19,SETTLEMENT,MATCHED,TRAIN
2669,TRD102619,ACC-EQ-CORE-01,INR,922492.5,922492.5,2026-08-14,SETTLEMENT,MATCHED,TRAIN
2670,TRD102620,ACC-EQ-ALPHA-03,INR,474465.0,474465.0,2026-08-17,SETTLEMENT,MATCHED,TRAIN
2671,TRD102621,ACC-EQ-CORE-02,INR,610730.0,610730.0,2026-08-10,SETTLEMENT,MATCHED,TRAIN
2672,TRD102622,ACC-EQ-INDEX-04,INR,154734.0,188700.0,2026-08-21,SETTLEMENT,MATCHED,TEST
2673,TRD102623,ACC-EQ-CORE-02,INR,86425.0,86425.0,2026-08-14,SETTLEMENT,MATCHED,TRAIN
2674,TRD102624,ACC-EQ-CORE-02,INR,8214760.0,8214760.0,2026-08-16,SETTLEMENT,MATCHED,TRAIN
2675,TRD102625,ACC-EQ-CORE-02,INR,235450.0,235450.0,2026-08-22,SETTLEMENT,MATCHED,TRAIN
2676,TRD102626,ACC-EQ-CORE-02,INR,210707.5,210707.5,2026-08-20,SETTLEMENT,MATCHED,TRAIN
2677,TRD102627,ACC-EQ-CORE-01,INR,43310.0,43310.0,2026-08-15,SETTLEMENT,MATCHED,TRAIN
2678,TRD102628,ACC-EQ-ALPHA-03,INR,417697.5,417697.5,2026-08-07,SETTLEMENT,MATCHED,TEST
2679,TRD102629,ACC-EQ-INDEX-04,INR,1370330.0,1370330.0,2026-08-11,SETTLEMENT,MATCHED,TRAIN
2680,TRD102629,ACC-EQ-INDEX-04,INR,1370330.0,1370330.0,2026-08-11,SETTLEMENT,MATCHED,TRAIN
2681,TRD102630,ACC-EQ-CORE-02,INR,940020.0,940020.0,2026-08-17,SETTLEMENT,MATCHED,TRAIN
2682,TRD102631,ACC-EQ-ALPHA-03,INR,623140.0,623140.0,2026-08-20,SETTLEMENT,MATCHED,TEST
2683,TRD102632,ACC-EQ-INDEX-04,INR,2363120.0,2363120.0,2026-08-05,SETTLEMENT,MATCHED,TRAIN
2684,TRD102633,ACC-EQ-CORE-02,INR,713132.5,713132.5,2026-08-16,SETTLEMENT,MATCHED,TRAIN
2685,TRD102634,ACC-EQ-INDEX-04,INR,423505.0,423505.0,2026-08-21,SETTLEMENT,MATCHED,TRAIN
2686,TRD102635,ACC-EQ-CORE-02,INR,3357360.0,3357360.0,2026-08-12,SETTLEMENT,MATCHED,TRAIN
2687,TRD102636,ACC-EQ-ALPHA-03,INR,189620.0,189620.0,2026-08-05,SETTLEMENT,MATCHED,TRAIN
2688,TRD102637,ACC-EQ-CORE-01,INR,61064.0,61064.0,2026-08-07,SETTLEMENT,MATCHED,TEST
2689,TRD102638,ACC-EQ-INDEX-04,INR,5497060.0,5497060.0,2026-08-16,SETTLEMENT,MATCHED,TRAIN
2690,TRD102639,ACC-EQ-ALPHA-03,INR,979740.0,979740.0,2026-08-13,SETTLEMENT,MATCHED,TEST
2691,TRD102639,ACC-EQ-ALPHA-03,INR,979740.0,979740.0,2026-08-13,SETTLEMENT,MATCHED,TEST
2692,TRD102640,ACC-EQ-CORE-01,INR,2523465.0,2523465.0,2026-08-03,SETTLEMENT,MATCHED,TRAIN
2693,TRD102641,ACC-EQ-ALPHA-03,INR,623020.0,623020.0,2026-08-22,SETTLEMENT,MATCHED,TRAIN
2694,TRD102642,ACC-EQ-CORE-01,INR,93636.0,93636.0,2026-08-07,SETTLEMENT,MATCHED,TRAIN
2695,TRD102643,ACC-EQ-ALPHA-03,INR,687380.0,687380.0,2026-08-07,SETTLEMENT,MATCHED,TEST
2696,TRD102644,ACC-EQ-CORE-02,INR,3081255.0,3081255.0,2026-08-10,SETTLEMENT,MATCHED,TRAIN
2697,TRD102645,ACC-EQ-INDEX-04,INR,592555.0,592555.0,2026-08-20,SETTLEMENT,MATCHED,TRAIN
2698,TRD102646,ACC-EQ-INDEX-04,INR,3336760.0,3336760.0,2026-08-05,SETTLEMENT,MATCHED,TEST
2699,TRD102647,ACC-EQ-CORE-02,INR,490057.5,490057.5,2026-08-05,SETTLEMENT,MATCHED,TRAIN
2700,TRD102648,ACC-EQ-CORE-01,INR,25936660.0,25936660.0,2026-08-06,SETTLEMENT,MATCHED,TRAIN
2701,TRD102649,ACC-EQ-CORE-02,INR,823182.0,823182.0,2026-08-05,SETTLEMENT,MATCHED,TRAIN
2702,TRD102650,ACC-EQ-INDEX-04,INR,411855.0,411855.0,2026-08-12,SETTLEMENT,MATCHED,TRAIN
2703,TRD102651,ACC-EQ-INDEX-04,INR,833720.0,833720.0,2026-08-20,SETTLEMENT,MATCHED,TRAIN
2704,TRD102652,ACC-EQ-ALPHA-03,INR,422955.0,422955.0,2026-08-07,SETTLEMENT,MATCHED,TRAIN
2705,TRD102653,ACC-EQ-CORE-01,INR,1413135.0,1413135.0,2026-08-04,SETTLEMENT,MATCHED,TRAIN
2706,TRD102654,ACC-EQ-ALPHA-03,INR,490987.5,490987.5,2026-08-02,SETTLEMENT,MATCHED,TRAIN
2707,TRD102655,ACC-EQ-CORE-02,INR,1415962.5,1415962.5,2026-08-02,SETTLEMENT,MATCHED,TRAIN
2708,TRD102656,ACC-EQ-CORE-01,INR,1272705.0,1272705.0,2026-08-04,SETTLEMENT,MATCHED,TRAIN
2709,TRD102657,ACC-EQ-CORE-01,INR,608080.0,608080.0,2026-08-20,SETTLEMENT,MATCHED,TRAIN
2710,TRD102658,ACC-EQ-INDEX-04,INR,3337620.0,3337620.0,2026-08-10,SETTLEMENT,MATCHED,TRAIN
2711,TRD102659,ACC-EQ-CORE-02,INR,3681610.0,3681610.0,2026-08-14,SETTLEMENT,MATCHED,TRAIN
2712,TRD102660,ACC-EQ-CORE-02,GBP,1204234.68,1294876.0,2026-08-04,SETTLEMENT,MATCHED,TRAIN
2713,TRD102661,ACC-EQ-ALPHA-03,INR,3796860.0,3796860.0,2026-08-15,SETTLEMENT,MATCHED,TEST
2714,TRD102662,ACC-EQ-CORE-02,INR,234585.0,234585.0,2026-08-10,SETTLEMENT,MATCHED,TEST
2715,TRD102663,ACC-EQ-INDEX-04,INR,93716.0,93716.0,2026-08-20,SETTLEMENT,MATCHED,TRAIN
2716,TRD102664,ACC-EQ-CORE-01,INR,474277.5,474277.5,2026-08-18,SETTLEMENT,MATCHED,TRAIN
2717,TRD102665,ACC-EQ-CORE-01,INR,637072.5,637072.5,2026-08-07,SETTLEMENT,MATCHED,TEST
2718,TRD102665,ACC-EQ-CORE-01,INR,637072.5,637072.5,2026-08-07,SETTLEMENT,MATCHED,TEST
2719,TRD102666,ACC-EQ-CORE-01,INR,455625.0,455625.0,2026-08-03,SETTLEMENT,MATCHED,TRAIN
2720,TRD102667,ACC-EQ-INDEX-04,INR,259860.0,259860.0,2026-08-20,SETTLEMENT,MATCHED,TEST
2721,TRD102668,ACC-EQ-ALPHA-03,INR,1269360.0,1269360.0,2026-08-13,SETTLEMENT,MATCHED,TRAIN
2722,TRD102669,ACC-EQ-INDEX-04,INR,1867590.0,1867590.0,2026-08-09,SETTLEMENT,MATCHED,TRAIN
2723,TRD102670,ACC-EQ-CORE-01,INR,1417185.0,1417185.0,2026-08-02,SETTLEMENT,MATCHED,TRAIN
2724,TRD102671,ACC-EQ-CORE-01,INR,550752.0,550752.0,2026-08-18,SETTLEMENT,MATCHED,TRAIN
2725,TRD102672,ACC-EQ-INDEX-04,INR,4278045.0,4278045.0,2026-08-05,SETTLEMENT,MATCHED,TRAIN
2726,TRD102673,ACC-EQ-CORE-01,INR,549060.0,549060.0,2026-08-15,SETTLEMENT,MATCHED,TRAIN
2727,TRD102674,ACC-EQ-CORE-01,INR,671878.48,738328.0,2026-08-13,SETTLEMENT,MATCHED,TRAIN
2728,TRD102675,ACC-EQ-CORE-01,INR,118460.0,118460.0,2026-08-05,SETTLEMENT,MATCHED,TRAIN
2729,TRD102676,ACC-EQ-CORE-01,INR,2060545.0,2060545.0,2026-08-15,SETTLEMENT,MATCHED,TRAIN
2730,TRD102677,ACC-EQ-CORE-01,INR,5713120.0,5713120.0,2026-08-12,SETTLEMENT,MATCHED,TRAIN
2731,TRD102678,ACC-EQ-CORE-02,INR,634147.5,634147.5,2026-08-08,SETTLEMENT,MATCHED,TRAIN
2732,TRD102679,ACC-EQ-CORE-02,INR,303725.0,303725.0,2026-08-20,SETTLEMENT,MATCHED,TRAIN
2733,TRD102680,ACC-EQ-ALPHA-03,INR,3678190.0,3678190.0,2026-08-15,SETTLEMENT,MATCHED,TRAIN
2734,TRD102681,ACC-EQ-CORE-02,INR,1419840.0,1419840.0,2026-08-02,SETTLEMENT,MATCHED,TRAIN
2735,TRD102682,ACC-EQ-INDEX-04,INR,1764300.0,1764300.0,2026-08-16,SETTLEMENT,MATCHED,TRAIN
2736,TRD102683,ACC-EQ-CORE-02,INR,420820.0,420820.0,2026-08-20,SETTLEMENT,MATCHED,TRAIN
2737,TRD102684,ACC-EQ-INDEX-04,INR,1214820.0,1214820.0,2026-08-03,SETTLEMENT,MATCHED,TRAIN
2738,TRD102685,ACC-EQ-CORE-01,INR,337440.0,337440.0,2026-08-12,SETTLEMENT,MATCHED,TRAIN
2739,TRD102686,ACC-EQ-INDEX-04,INR,546652.0,546652.0,2026-08-20,SETTLEMENT,MATCHED,TRAIN
2740,TRD102687,ACC-EQ-CORE-02,INR,128737.5,128737.5,2026-08-22,SETTLEMENT,MATCHED,TRAIN
2741,TRD102688,ACC-EQ-CORE-01,INR,9742222.5,9742222.5,2026-08-12,SETTLEMENT,MATCHED,TRAIN
2742,TRD102689,ACC-EQ-CORE-01,INR,683257.5,683257.5,2026-08-21,SETTLEMENT,MATCHED,TRAIN
2743,TRD102690,ACC-EQ-INDEX-04,INR,3928200.0,3928200.0,2026-08-14,SETTLEMENT,MATCHED,TRAIN
2744,TRD102691,ACC-EQ-CORE-01,USD,417259.34,389962.0,2026-08-20,SETTLEMENT,MATCHED,TRAIN
2745,TRD102692,ACC-EQ-CORE-02,INR,1262752.5,1262752.5,2026-08-14,SETTLEMENT,MATCHED,TRAIN
2746,TRD102693,ACC-EQ-ALPHA-03,INR,353265.0,353265.0,2026-08-17,SETTLEMENT,MATCHED,TRAIN
2747,TRD102694,ACC-EQ-CORE-02,INR,419897.5,419897.5,2026-08-15,SETTLEMENT,MATCHED,TRAIN
2748,TRD102695,ACC-EQ-CORE-01,INR,237220.0,237220.0,2026-08-16,SETTLEMENT,MATCHED,TRAIN
2749,TRD102696,ACC-EQ-CORE-02,INR,2845320.0,2845320.0,2026-08-06,SETTLEMENT,MATCHED,TRAIN
2750,TRD102697,ACC-EQ-CORE-01,INR,5719240.0,5719240.0,2026-08-19,SETTLEMENT,MATCHED,TEST
2751,TRD102698,ACC-EQ-ALPHA-03,INR,169616.0,169616.0,2026-08-02,SETTLEMENT,MATCHED,TRAIN
2752,TRD102699,ACC-EQ-INDEX-04,INR,2589126.0,2589126.0,2026-08-21,SETTLEMENT,MATCHED,TRAIN
2753,TRD102700,ACC-EQ-ALPHA-03,INR,34346.0,34346.0,2026-08-16,SETTLEMENT,MATCHED,TEST
2754,TRD102700,ACC-EQ-ALPHA-03,INR,34346.0,34346.0,2026-08-16,SETTLEMENT,MATCHED,TEST
2755,TRD102701,ACC-EQ-ALPHA-03,INR,2608214.0,2608214.0,2026-08-14,SETTLEMENT,MATCHED,TRAIN
2756,TRD102702,ACC-EQ-CORE-02,INR,377876.0,377876.0,2026-08-13,SETTLEMENT,MATCHED,TEST
2757,TRD102703,ACC-EQ-CORE-02,INR,3677860.0,3677860.0,2026-08-02,SETTLEMENT,MATCHED,TRAIN
2758,TRD102704,ACC-EQ-INDEX-04,INR,273900.0,273900.0,2026-08-03,SETTLEMENT,MATCHED,TRAIN
2759,TRD102705,ACC-EQ-INDEX-04,INR,94088.0,94088.0,2026-08-07,SETTLEMENT,MATCHED,TRAIN
2760,TRD102706,ACC-EQ-CORE-01,INR,1853595.0,1853595.0,2026-08-22,SETTLEMENT,MATCHED,TRAIN
2761,TRD102707,ACC-EQ-CORE-02,INR,7373140.0,7373140.0,2026-08-20,SETTLEMENT,MATCHED,TRAIN
2762,TRD102707,ACC-EQ-CORE-02,INR,7373140.0,7373140.0,2026-08-20,SETTLEMENT,MATCHED,TRAIN
2763,TRD102708,ACC-EQ-INDEX-04,INR,919700.0,919700.0,2026-08-14,SETTLEMENT,MATCHED,TRAIN
2764,TRD102709,ACC-EQ-CORE-01,INR,124190.0,124190.0,2026-08-09,SETTLEMENT,MATCHED,TEST
2765,TRD102710,ACC-EQ-ALPHA-03,INR,34590.0,34590.0,2026-08-15,SETTLEMENT,MATCHED,TRAIN
2766,TRD102711,ACC-EQ-CORE-02,INR,5723780.0,5723780.0,2026-08-22,SETTLEMENT,MATCHED,TRAIN
2767,TRD102712,ACC-EQ-CORE-01,INR,619365.0,619365.0,2026-08-14,SETTLEMENT,MATCHED,TEST
2768,TRD102713,ACC-EQ-INDEX-04,INR,1764735.0,1764735.0,2026-08-22,SETTLEMENT,MATCHED,TRAIN
2769,TRD102714,ACC-EQ-ALPHA-03,INR,19447365.0,19447365.0,2026-08-09,SETTLEMENT,MATCHED,TRAIN
2770,TRD102715,ACC-EQ-CORE-01,INR,2136870.0,2136870.0,2026-08-11,SETTLEMENT,MATCHED,TRAIN
2771,TRD102716,ACC-EQ-CORE-02,INR,713057.5,713057.5,2026-08-05,SETTLEMENT,MATCHED,TRAIN
2772,TRD102717,ACC-EQ-INDEX-04,INR,172590.0,172590.0,2026-08-09,SETTLEMENT,MATCHED,TRAIN
2773,TRD102718,ACC-EQ-ALPHA-03,INR,915440.0,915440.0,2026-08-20,SETTLEMENT,MATCHED,TRAIN
2774,TRD102719,ACC-EQ-ALPHA-03,INR,1842175.0,1842175.0,2026-08-15,SETTLEMENT,MATCHED,TRAIN
2775,TRD102720,ACC-EQ-CORE-01,INR,117800.0,117800.0,2026-08-18,SETTLEMENT,MATCHED,TEST
2776,TRD102721,ACC-EQ-CORE-01,INR,567758.0,567758.0,2026-08-04,SETTLEMENT,MATCHED,TRAIN
2777,TRD102721,ACC-EQ-CORE-01,INR,567758.0,567758.0,2026-08-04,SETTLEMENT,MATCHED,TRAIN
2778,TRD102722,ACC-EQ-INDEX-04,INR,212455.0,212455.0,2026-08-08,SETTLEMENT,MATCHED,TRAIN
2779,TRD102723,ACC-EQ-ALPHA-03,INR,996494.1,837390.0,2026-08-15,SETTLEMENT,MATCHED,TEST
2780,TRD102724,ACC-EQ-CORE-01,INR,168221.0,168221.0,2026-08-12,SETTLEMENT,MATCHED,TRAIN
2781,TRD102725,ACC-EQ-ALPHA-03,INR,84907.0,84907.0,2026-08-13,SETTLEMENT,MATCHED,TRAIN
2782,TRD102726,ACC-EQ-ALPHA-03,INR,1412400.0,1412400.0,2026-08-05,SETTLEMENT,MATCHED,TEST
2783,TRD102727,ACC-EQ-INDEX-04,INR,6502785.0,6502785.0,2026-08-10,SETTLEMENT,MATCHED,TEST
2784,TRD102728,ACC-EQ-CORE-01,INR,2595222.0,2595222.0,2026-08-17,SETTLEMENT,MATCHED,TRAIN
2785,TRD102729,ACC-EQ-CORE-01,INR,458197.5,458197.5,2026-08-20,SETTLEMENT,MATCHED,TRAIN
2786,TRD102730,ACC-EQ-CORE-01,INR,19462545.0,19462545.0,2026-08-19,SETTLEMENT,MATCHED,TRAIN
2787,TRD102731,ACC-EQ-CORE-02,INR,8222620.0,8222620.0,2026-08-18,SETTLEMENT,MATCHED,TRAIN
2788,TRD102732,ACC-EQ-ALPHA-03,USD,317041.0,296300.0,2026-08-22,SETTLEMENT,MATCHED,TRAIN
2789,TRD102733,ACC-EQ-INDEX-04,INR,591300.0,591300.0,2026-08-20,SETTLEMENT,MATCHED,TRAIN
2790,TRD102734,ACC-EQ-ALPHA-03,INR,258855.0,258855.0,2026-08-04,SETTLEMENT,MATCHED,TRAIN
2791,TRD102735,ACC-EQ-CORE-02,INR,84231.0,84231.0,2026-08-21,SETTLEMENT,MATCHED,TRAIN
2792,TRD102736,ACC-EQ-INDEX-04,INR,33132293.4,26088420.0,2026-08-09,SETTLEMENT,MATCHED,TEST
2793,TRD102737,ACC-EQ-CORE-01,INR,168394.0,168394.0,2026-08-04,SETTLEMENT,MATCHED,TRAIN
2794,TRD102738,ACC-EQ-INDEX-04,INR,19412985.0,19412985.0,2026-08-12,SETTLEMENT,MATCHED,TEST
2795,TRD102739,ACC-EQ-INDEX-04,INR,3085237.5,3085237.5,2026-08-21,SETTLEMENT,MATCHED,TEST
2797,TRD102741,ACC-EQ-INDEX-04,INR,927615.0,927615.0,2026-08-11,SETTLEMENT,MATCHED,TRAIN
2798,TRD102742,ACC-EQ-ALPHA-03,INR,4115565.0,4115565.0,2026-08-15,SETTLEMENT,MATCHED,TRAIN
2799,TRD102743,ACC-EQ-INDEX-04,INR,308692.5,308692.5,2026-08-11,SETTLEMENT,MATCHED,TEST
2800,TRD102743,ACC-EQ-INDEX-04,INR,308692.5,308692.5,2026-08-11,SETTLEMENT,MATCHED,TEST
2801,TRD102744,ACC-EQ-INDEX-04,INR,936300.0,936300.0,2026-08-02,SETTLEMENT,MATCHED,TRAIN
2802,TRD102745,ACC-EQ-CORE-01,INR,2758360.0,2758360.0,2026-08-08,SETTLEMENT,MATCHED,TEST
2803,TRD102746,ACC-EQ-INDEX-04,INR,948525.0,948525.0,2026-08-13,SETTLEMENT,MATCHED,TRAIN
2804,TRD102747,ACC-EQ-ALPHA-03,INR,688832.5,688832.5,2026-08-07,SETTLEMENT,MATCHED,TEST
2805,TRD102748,ACC-EQ-ALPHA-03,INR,569510.0,569510.0,2026-08-12,SETTLEMENT,MATCHED,TRAIN
2806,TRD102749,ACC-EQ-CORE-02,INR,17160.0,17160.0,2026-08-15,SETTLEMENT,MATCHED,TEST
2807,TRD102750,ACC-EQ-INDEX-04,USD,452738.4,471602.5,2026-08-16,SETTLEMENT,MATCHED,TRAIN
2808,TRD102751,ACC-EQ-CORE-01,INR,1854390.0,1854390.0,2026-08-12,SETTLEMENT,MATCHED,TRAIN
2809,TRD102752,ACC-EQ-CORE-01,INR,567700.0,567700.0,2026-08-10,SETTLEMENT,MATCHED,TRAIN
2810,TRD102753,ACC-EQ-INDEX-04,INR,634410.0,634410.0,2026-08-18,SETTLEMENT,MATCHED,TRAIN
2811,TRD102754,ACC-EQ-INDEX-04,INR,283934.0,283934.0,2026-08-20,SETTLEMENT,MATCHED,TRAIN
2812,TRD102755,ACC-EQ-CORE-01,INR,1226700.0,1226700.0,2026-08-06,SETTLEMENT,MATCHED,TRAIN
2813,TRD102756,ACC-EQ-INDEX-04,INR,1179590.0,1179590.0,2026-08-02,SETTLEMENT,MATCHED,TRAIN
2814,TRD102757,ACC-EQ-INDEX-04,INR,918210.0,918210.0,2026-08-07,SETTLEMENT,MATCHED,TRAIN
2815,TRD102758,ACC-EQ-ALPHA-03,INR,379646.0,379646.0,2026-08-03,SETTLEMENT,MATCHED,TEST
2816,TRD102759,ACC-EQ-INDEX-04,INR,1218780.0,1218780.0,2026-08-15,SETTLEMENT,MATCHED,TRAIN
2817,TRD102760,ACC-EQ-ALPHA-03,INR,471120.0,471120.0,2026-08-22,SETTLEMENT,MATCHED,TRAIN
2818,TRD102761,ACC-EQ-CORE-02,INR,918287.5,918287.5,2026-08-05,SETTLEMENT,MATCHED,TRAIN
2819,TRD102762,ACC-EQ-CORE-01,INR,129157.5,129157.5,2026-08-10,SETTLEMENT,MATCHED,TRAIN
2820,TRD102763,ACC-EQ-INDEX-04,INR,932025.0,932025.0,2026-08-11,SETTLEMENT,MATCHED,TRAIN
2821,TRD102764,ACC-EQ-CORE-02,INR,153152.5,153152.5,2026-08-04,SETTLEMENT,MATCHED,TRAIN
2822,TRD102765,ACC-EQ-INDEX-04,INR,3772480.0,3772480.0,2026-08-19,SETTLEMENT,MATCHED,TRAIN
2823,TRD102766,ACC-EQ-CORE-02,INR,941560.0,941560.0,2026-08-14,SETTLEMENT,MATCHED,TRAIN
2824,TRD102767,ACC-EQ-INDEX-04,INR,488872.5,488872.5,2026-08-02,SETTLEMENT,MATCHED,TEST
2826,TRD102769,ACC-EQ-CORE-01,INR,549706.0,549706.0,2026-08-14,SETTLEMENT,MATCHED,TRAIN
2827,TRD102770,ACC-EQ-ALPHA-03,INR,420825.0,420825.0,2026-08-21,SETTLEMENT,MATCHED,TRAIN
2828,TRD102771,ACC-EQ-CORE-01,INR,619350.0,619350.0,2026-08-09,SETTLEMENT,MATCHED,TRAIN
2829,TRD102772,ACC-EQ-INDEX-04,INR,2596382.0,2596382.0,2026-08-14,SETTLEMENT,MATCHED,TEST
2830,TRD102773,ACC-EQ-ALPHA-03,INR,738552.0,738552.0,2026-08-13,SETTLEMENT,MATCHED,TRAIN
2831,TRD102774,ACC-EQ-CORE-02,INR,1237840.0,1237840.0,2026-08-15,SETTLEMENT,MATCHED,TRAIN
2832,TRD102775,ACC-EQ-INDEX-04,INR,122040.0,122040.0,2026-08-21,SETTLEMENT,MATCHED,TRAIN
2833,TRD102776,ACC-EQ-CORE-02,INR,2843120.0,2843120.0,2026-08-21,SETTLEMENT,MATCHED,TRAIN
2835,TRD102778,ACC-EQ-CORE-02,INR,17212.0,17212.0,2026-08-12,SETTLEMENT,MATCHED,TRAIN
2836,TRD102779,ACC-EQ-INDEX-04,INR,3101062.5,3101062.5,2026-08-06,SETTLEMENT,MATCHED,TRAIN
2837,TRD102780,ACC-EQ-INDEX-04,INR,572162.0,572162.0,2026-08-21,SETTLEMENT,MATCHED,TEST
2838,TRD102781,ACC-EQ-CORE-02,INR,1412512.5,1412512.5,2026-08-08,SETTLEMENT,MATCHED,TRAIN
2839,TRD102782,ACC-EQ-CORE-01,INR,942675.0,942675.0,2026-08-05,SETTLEMENT,MATCHED,TRAIN
2840,TRD102783,ACC-EQ-CORE-02,INR,4293705.0,4293705.0,2026-08-07,SETTLEMENT,MATCHED,TEST
2841,TRD102784,ACC-EQ-CORE-02,INR,368794.0,368794.0,2026-08-19,SETTLEMENT,MATCHED,TEST
2842,TRD102785,ACC-EQ-CORE-02,INR,413378.0,413378.0,2026-08-02,SETTLEMENT,MATCHED,TRAIN
2843,TRD102786,ACC-EQ-INDEX-04,INR,17162.0,17162.0,2026-08-18,SETTLEMENT,MATCHED,TRAIN
2844,TRD102787,ACC-EQ-INDEX-04,INR,336542.0,336542.0,2026-08-02,SETTLEMENT,MATCHED,TEST
2845,TRD102788,ACC-EQ-ALPHA-03,INR,412272.0,412272.0,2026-08-11,SETTLEMENT,MATCHED,TEST
2846,TRD102789,ACC-EQ-ALPHA-03,INR,547960.0,547960.0,2026-08-09,SETTLEMENT,MATCHED,TEST
2847,TRD102789,ACC-EQ-ALPHA-03,INR,547960.0,547960.0,2026-08-09,SETTLEMENT,MATCHED,TEST
2848,TRD102790,ACC-EQ-CORE-01,INR,979230.0,979230.0,2026-08-04,SETTLEMENT,MATCHED,TRAIN
2849,TRD102791,ACC-EQ-CORE-02,INR,1866465.0,1866465.0,2026-08-19,SETTLEMENT,MATCHED,TRAIN
2850,TRD102792,ACC-EQ-CORE-01,INR,633622.5,633622.5,2026-08-20,SETTLEMENT,MATCHED,TRAIN
2851,TRD102793,ACC-EQ-INDEX-04,INR,1428575.0,1428575.0,2026-08-02,SETTLEMENT,MATCHED,TRAIN
2852,TRD102794,ACC-EQ-INDEX-04,INR,2859550.0,2859550.0,2026-08-10,SETTLEMENT,MATCHED,TRAIN
2853,TRD102795,ACC-EQ-INDEX-04,INR,2591624.0,2591624.0,2026-08-03,SETTLEMENT,MATCHED,TRAIN
2854,TRD102796,ACC-EQ-INDEX-04,INR,1262625.0,1262625.0,2026-08-02,SETTLEMENT,MATCHED,TRAIN
2855,TRD102797,ACC-EQ-CORE-01,INR,248678.0,248678.0,2026-08-09,SETTLEMENT,MATCHED,TRAIN
2856,TRD102798,ACC-EQ-ALPHA-03,INR,3665450.0,3665450.0,2026-08-21,SETTLEMENT,MATCHED,TRAIN
2857,TRD102799,ACC-EQ-INDEX-04,INR,284672.0,284672.0,2026-08-19,SETTLEMENT,MATCHED,TRAIN
2858,TRD102800,ACC-EQ-INDEX-04,GBP,1707749.7,1836290.0,2026-08-06,SETTLEMENT,MATCHED,TEST
2859,TRD102801,ACC-EQ-INDEX-04,INR,3390440.0,3390440.0,2026-08-18,SETTLEMENT,MATCHED,TEST
2860,TRD102802,ACC-EQ-CORE-01,INR,940440.0,940440.0,2026-08-04,SETTLEMENT,MATCHED,TRAIN
2861,TRD102803,ACC-EQ-INDEX-04,INR,4105245.0,4105245.0,2026-08-16,SETTLEMENT,MATCHED,TRAIN
2862,TRD102804,ACC-EQ-INDEX-04,INR,1419925.0,1419925.0,2026-08-04,SETTLEMENT,MATCHED,TRAIN
2863,TRD102805,ACC-EQ-CORE-01,INR,117085.0,117085.0,2026-08-11,SETTLEMENT,MATCHED,TRAIN
2864,TRD102806,ACC-EQ-ALPHA-03,INR,43302.5,43302.5,2026-08-16,SETTLEMENT,MATCHED,TRAIN
2865,TRD102807,ACC-EQ-CORE-01,INR,8240400.0,8240400.0,2026-08-11,SETTLEMENT,MATCHED,TEST
2866,TRD102808,ACC-EQ-CORE-01,INR,351270.0,351270.0,2026-08-07,SETTLEMENT,MATCHED,TRAIN
2867,TRD102809,ACC-EQ-CORE-02,INR,248430.0,248430.0,2026-08-20,SETTLEMENT,MATCHED,TRAIN
2868,TRD102810,ACC-EQ-ALPHA-03,INR,309155.0,309155.0,2026-08-21,SETTLEMENT,MATCHED,TRAIN
2869,TRD102811,ACC-EQ-ALPHA-03,INR,47036.0,47036.0,2026-08-10,SETTLEMENT,MATCHED,TRAIN
2870,TRD102812,ACC-EQ-ALPHA-03,INR,42942.5,42942.5,2026-08-19,SETTLEMENT,MATCHED,TRAIN
2871,TRD102813,ACC-EQ-CORE-01,INR,46805.0,46805.0,2026-08-18,SETTLEMENT,MATCHED,TRAIN
2872,TRD102814,ACC-EQ-CORE-01,INR,1890240.0,1890240.0,2026-08-02,SETTLEMENT,MATCHED,TRAIN
2873,TRD102815,ACC-EQ-ALPHA-03,INR,6163785.0,6163785.0,2026-08-12,SETTLEMENT,MATCHED,TRAIN
2874,TRD102816,ACC-EQ-INDEX-04,INR,116887.5,116887.5,2026-08-06,SETTLEMENT,MATCHED,TRAIN
2875,TRD102817,ACC-EQ-ALPHA-03,INR,923897.5,923897.5,2026-08-21,SETTLEMENT,MATCHED,TRAIN
2876,TRD102818,ACC-EQ-CORE-02,INR,570018.0,570018.0,2026-08-22,SETTLEMENT,MATCHED,TRAIN
2877,TRD102819,ACC-EQ-CORE-02,INR,458752.5,458752.5,2026-08-09,SETTLEMENT,MATCHED,TRAIN
2878,TRD102820,ACC-EQ-CORE-01,INR,6208425.0,6208425.0,2026-08-19,SETTLEMENT,MATCHED,TRAIN
2880,TRD102822,ACC-EQ-INDEX-04,INR,4140310.0,4140310.0,2026-08-21,SETTLEMENT,MATCHED,TEST
2881,TRD102823,ACC-EQ-CORE-01,INR,2591196.0,2591196.0,2026-08-15,SETTLEMENT,MATCHED,TRAIN
2882,TRD102824,ACC-EQ-CORE-02,INR,3335440.0,3335440.0,2026-08-20,SETTLEMENT,MATCHED,TRAIN
2883,TRD102825,ACC-EQ-ALPHA-03,INR,5676540.0,5676540.0,2026-08-15,SETTLEMENT,MATCHED,TRAIN
2884,TRD102826,ACC-EQ-ALPHA-03,INR,5687120.0,5687120.0,2026-08-22,SETTLEMENT,MATCHED,TRAIN
2885,TRD102827,ACC-EQ-INDEX-04,INR,456510.0,456510.0,2026-08-22,SETTLEMENT,MATCHED,TRAIN
2886,TRD102828,ACC-EQ-CORE-02,INR,592280.0,592280.0,2026-08-15,SETTLEMENT,MATCHED,TEST
2887,TRD102829,ACC-EQ-CORE-01,INR,2488200.0,2488200.0,2026-08-15,SETTLEMENT,MATCHED,TEST
2888,TRD102830,ACC-EQ-CORE-02,INR,235165.0,235165.0,2026-08-19,SETTLEMENT,MATCHED,TEST
2889,TRD102831,ACC-EQ-INDEX-04,INR,2134290.0,2134290.0,2026-08-06,SETTLEMENT,MATCHED,TRAIN
2890,TRD102832,ACC-EQ-ALPHA-03,INR,486817.5,486817.5,2026-08-11,SETTLEMENT,MATCHED,TRAIN
2891,TRD102833,ACC-EQ-CORE-01,INR,619390.0,619390.0,2026-08-06,SETTLEMENT,MATCHED,TRAIN
2892,TRD102834,ACC-EQ-INDEX-04,INR,9781635.0,9781635.0,2026-08-15,SETTLEMENT,MATCHED,TRAIN
2893,TRD102835,ACC-EQ-CORE-02,INR,841700.0,841700.0,2026-08-10,SETTLEMENT,MATCHED,TRAIN
2894,TRD102836,ACC-EQ-ALPHA-03,INR,1895970.0,1895970.0,2026-08-14,SETTLEMENT,MATCHED,TRAIN
2895,TRD102837,ACC-EQ-CORE-01,INR,43130.0,43130.0,2026-08-12,SETTLEMENT,MATCHED,TRAIN
2896,TRD102838,ACC-EQ-ALPHA-03,INR,26070860.0,26070860.0,2026-08-03,SETTLEMENT,MATCHED,TEST
2897,TRD102839,ACC-EQ-CORE-02,INR,1178510.0,1178510.0,2026-08-13,SETTLEMENT,MATCHED,TRAIN
2898,TRD102840,ACC-EQ-CORE-01,INR,295737.5,295737.5,2026-08-02,SETTLEMENT,MATCHED,TRAIN
2899,TRD102841,ACC-EQ-ALPHA-03,INR,171770.0,171770.0,2026-08-17,SETTLEMENT,MATCHED,TRAIN
2900,TRD102842,ACC-EQ-CORE-01,INR,392664.0,392664.0,2026-08-05,SETTLEMENT,MATCHED,TRAIN
2902,TRD102844,ACC-EQ-CORE-02,INR,1222920.0,1222920.0,2026-08-03,SETTLEMENT,MATCHED,TRAIN
2903,TRD102845,ACC-EQ-CORE-02,INR,195386.0,195386.0,2026-08-21,SETTLEMENT,MATCHED,TRAIN
2904,TRD102846,ACC-EQ-CORE-02,INR,9754335.0,9754335.0,2026-08-04,SETTLEMENT,MATCHED,TEST
2905,TRD102847,ACC-EQ-ALPHA-03,INR,34548.0,34548.0,2026-08-07,SETTLEMENT,MATCHED,TRAIN
2906,TRD102848,ACC-EQ-CORE-01,USD,1336854.64,1291647.0,2026-08-15,SETTLEMENT,MATCHED,TEST
2907,TRD102849,ACC-EQ-ALPHA-03,INR,168844.0,168844.0,2026-08-07,SETTLEMENT,MATCHED,TRAIN
2908,TRD102850,ACC-EQ-INDEX-04,INR,1946550.0,1946550.0,2026-08-11,SETTLEMENT,MATCHED,TEST
2909,TRD102851,ACC-EQ-CORE-01,INR,5502420.0,5502420.0,2026-08-06,SETTLEMENT,MATCHED,TRAIN
2910,TRD102852,ACC-EQ-CORE-01,INR,611230.0,611230.0,2026-08-09,SETTLEMENT,MATCHED,TRAIN
2911,TRD102853,ACC-EQ-ALPHA-03,INR,4266675.0,4266675.0,2026-08-21,SETTLEMENT,MATCHED,TRAIN
2912,TRD102854,ACC-EQ-CORE-01,INR,333374.0,333374.0,2026-08-13,SETTLEMENT,MATCHED,TEST
2913,TRD102855,ACC-EQ-CORE-01,INR,169051.0,169051.0,2026-08-11,SETTLEMENT,MATCHED,TRAIN
2914,TRD102856,ACC-EQ-CORE-02,INR,392922.0,392922.0,2026-08-22,SETTLEMENT,MATCHED,TRAIN
2915,TRD102857,ACC-EQ-CORE-02,INR,424530.0,424530.0,2026-08-20,SETTLEMENT,MATCHED,TRAIN
2916,TRD102858,ACC-EQ-INDEX-04,INR,1262955.0,1262955.0,2026-08-03,SETTLEMENT,MATCHED,TRAIN
2917,TRD102859,ACC-EQ-CORE-01,INR,195370.0,195370.0,2026-08-15,SETTLEMENT,MATCHED,TRAIN
2918,TRD102860,ACC-EQ-CORE-01,INR,5532210.0,5532210.0,2026-08-17,SETTLEMENT,MATCHED,TRAIN
2919,TRD102861,ACC-EQ-CORE-02,INR,352357.5,352357.5,2026-08-06,SETTLEMENT,MATCHED,TRAIN
2920,TRD102862,ACC-EQ-CORE-01,INR,883477.5,883477.5,2026-08-13,SETTLEMENT,MATCHED,TRAIN
2921,TRD102863,ACC-EQ-ALPHA-03,INR,3379400.0,3379400.0,2026-08-07,SETTLEMENT,MATCHED,TRAIN
2922,TRD102864,ACC-EQ-INDEX-04,INR,419357.5,419357.5,2026-08-02,SETTLEMENT,MATCHED,TRAIN
2923,TRD102865,ACC-EQ-ALPHA-03,INR,1686260.0,1686260.0,2026-08-14,SETTLEMENT,MATCHED,TRAIN
2924,TRD102866,ACC-EQ-CORE-02,INR,350565.0,350565.0,2026-08-03,SETTLEMENT,MATCHED,TRAIN
2925,TRD102867,ACC-EQ-CORE-01,INR,835990.0,835990.0,2026-08-05,SETTLEMENT,MATCHED,TEST
2926,TRD102868,ACC-EQ-CORE-01,INR,118194.0,118194.0,2026-08-15,SETTLEMENT,MATCHED,TRAIN
2927,TRD102869,ACC-EQ-INDEX-04,INR,167750.0,167750.0,2026-08-19,SETTLEMENT,MATCHED,TRAIN
2928,TRD102870,ACC-EQ-INDEX-04,INR,166936.0,166936.0,2026-08-05,SETTLEMENT,MATCHED,TRAIN
2929,TRD102871,ACC-EQ-ALPHA-03,INR,235140.0,235140.0,2026-08-21,SETTLEMENT,MATCHED,TRAIN
2930,TRD102872,ACC-EQ-INDEX-04,INR,409740.8,344320.0,2026-08-20,SETTLEMENT,MATCHED,TRAIN
2931,TRD102873,ACC-EQ-INDEX-04,INR,3231622.5,3231622.5,2026-08-20,SETTLEMENT,MATCHED,TRAIN
2932,TRD102874,ACC-EQ-CORE-02,INR,2822595.0,2822595.0,2026-08-09,SETTLEMENT,MATCHED,TRAIN
2933,TRD102875,ACC-EQ-CORE-02,INR,43095.0,43095.0,2026-08-13,SETTLEMENT,MATCHED,TRAIN
2934,TRD102876,ACC-EQ-CORE-02,INR,2493600.0,2493600.0,2026-08-02,SETTLEMENT,MATCHED,TEST
2935,TRD102877,ACC-EQ-CORE-02,INR,343580.0,343580.0,2026-08-13,SETTLEMENT,MATCHED,TRAIN
2936,TRD102878,ACC-EQ-CORE-02,INR,944500.0,944500.0,2026-08-07,SETTLEMENT,MATCHED,TRAIN
2937,TRD102879,ACC-EQ-CORE-01,INR,169158.0,169158.0,2026-08-17,SETTLEMENT,MATCHED,TEST
2938,TRD102880,ACC-EQ-INDEX-04,INR,235894.0,235894.0,2026-08-05,SETTLEMENT,MATCHED,TRAIN
2939,TRD102881,ACC-EQ-ALPHA-03,INR,3673980.0,3673980.0,2026-08-19,SETTLEMENT,MATCHED,TRAIN
2940,TRD102882,ACC-EQ-CORE-01,INR,1216640.0,1216640.0,2026-08-05,SETTLEMENT,MATCHED,TRAIN
2941,TRD102883,ACC-EQ-CORE-02,INR,2757050.0,2757050.0,2026-08-17,SETTLEMENT,MATCHED,TRAIN
2942,TRD102884,ACC-EQ-INDEX-04,INR,6576207.75,5526225.0,2026-08-06,SETTLEMENT,MATCHED,TRAIN
2943,TRD102885,ACC-EQ-CORE-01,INR,2055735.0,2055735.0,2026-08-11,SETTLEMENT,MATCHED,TEST
2944,TRD102886,ACC-EQ-CORE-02,INR,3767840.0,3767840.0,2026-08-03,SETTLEMENT,MATCHED,TEST
2945,TRD102887,ACC-EQ-CORE-02,INR,921190.0,921190.0,2026-08-09,SETTLEMENT,MATCHED,TRAIN
2946,TRD102888,ACC-EQ-CORE-02,INR,247608.0,247608.0,2026-08-17,SETTLEMENT,MATCHED,TRAIN
2947,TRD102889,ACC-EQ-CORE-02,INR,34340.0,34340.0,2026-08-13,SETTLEMENT,MATCHED,TRAIN
2948,TRD102890,ACC-EQ-CORE-01,INR,490077.5,490077.5,2026-08-02,SETTLEMENT,MATCHED,TRAIN
2949,TRD102891,ACC-EQ-CORE-02,INR,2147220.0,2147220.0,2026-08-06,SETTLEMENT,MATCHED,TRAIN
2950,TRD102892,ACC-EQ-CORE-01,INR,1220680.0,1220680.0,2026-08-06,SETTLEMENT,MATCHED,TRAIN
2951,TRD102892,ACC-EQ-CORE-01,INR,1220680.0,1220680.0,2026-08-06,SETTLEMENT,MATCHED,TRAIN
2952,TRD102893,ACC-EQ-CORE-01,INR,420860.0,420860.0,2026-08-06,SETTLEMENT,MATCHED,TRAIN
2953,TRD102894,ACC-EQ-CORE-01,INR,84481.0,84481.0,2026-08-14,SETTLEMENT,MATCHED,TRAIN
2954,TRD102895,ACC-EQ-INDEX-04,INR,424640.0,424640.0,2026-08-16,SETTLEMENT,MATCHED,TRAIN
2955,TRD102896,ACC-EQ-CORE-01,INR,338456.0,338456.0,2026-08-09,SETTLEMENT,MATCHED,TEST
2956,TRD102897,ACC-EQ-CORE-01,INR,491325.0,491325.0,2026-08-04,SETTLEMENT,MATCHED,TRAIN
2958,TRD102899,ACC-EQ-CORE-01,INR,273911.0,273911.0,2026-08-19,SETTLEMENT,MATCHED,TRAIN
2959,TRD102900,ACC-EQ-CORE-01,INR,421125.0,421125.0,2026-08-04,SETTLEMENT,MATCHED,TRAIN
2960,TRD102901,ACC-EQ-ALPHA-03,INR,46891.0,46891.0,2026-08-13,SETTLEMENT,MATCHED,TEST
2961,TRD102902,ACC-EQ-CORE-02,INR,19462305.0,19462305.0,2026-08-03,SETTLEMENT,MATCHED,TRAIN
2962,TRD102903,ACC-EQ-ALPHA-03,INR,42932.5,42932.5,2026-08-18,SETTLEMENT,MATCHED,TEST
2963,TRD102904,ACC-EQ-CORE-01,EUR,2182399.65,2139607.5,2026-08-10,SETTLEMENT,MATCHED,TRAIN
2964,TRD102905,ACC-EQ-CORE-02,INR,2547765.0,2547765.0,2026-08-11,SETTLEMENT,MATCHED,TRAIN
2965,TRD102906,ACC-EQ-INDEX-04,INR,1767615.0,1767615.0,2026-08-11,SETTLEMENT,MATCHED,TRAIN
2966,TRD102907,ACC-EQ-CORE-02,INR,233580.0,233580.0,2026-08-07,SETTLEMENT,MATCHED,TRAIN
2967,TRD102908,ACC-EQ-CORE-02,INR,34348.0,34348.0,2026-08-06,SETTLEMENT,MATCHED,TEST
2968,TRD102909,ACC-EQ-ALPHA-03,INR,490977.5,490977.5,2026-08-12,SETTLEMENT,MATCHED,TRAIN
2969,TRD102910,ACC-EQ-CORE-01,INR,486975.0,486975.0,2026-08-18,SETTLEMENT,MATCHED,TRAIN
2970,TRD102911,ACC-EQ-CORE-02,INR,236616.0,236616.0,2026-08-15,SETTLEMENT,MATCHED,TEST
2971,TRD102912,ACC-EQ-INDEX-04,INR,34544.0,34544.0,2026-08-20,SETTLEMENT,MATCHED,TEST
2972,TRD102913,ACC-EQ-ALPHA-03,INR,838100.0,838100.0,2026-08-09,SETTLEMENT,MATCHED,TEST
2973,TRD102914,ACC-EQ-CORE-02,INR,1893450.0,1893450.0,2026-08-13,SETTLEMENT,MATCHED,TRAIN
2974,TRD102915,ACC-EQ-CORE-02,INR,1262047.5,1262047.5,2026-08-03,SETTLEMENT,MATCHED,TEST
2975,TRD102916,ACC-EQ-INDEX-04,INR,4135100.0,4135100.0,2026-08-18,SETTLEMENT,MATCHED,TRAIN
2976,TRD102917,ACC-EQ-INDEX-04,INR,633375.0,633375.0,2026-08-16,SETTLEMENT,MATCHED,TRAIN
2977,TRD102918,ACC-EQ-ALPHA-03,INR,470290.0,470290.0,2026-08-14,SETTLEMENT,MATCHED,TRAIN
2978,TRD102919,ACC-EQ-INDEX-04,INR,1683020.0,1683020.0,2026-08-15,SETTLEMENT,MATCHED,TRAIN
2979,TRD102920,ACC-EQ-INDEX-04,INR,2546535.0,2546535.0,2026-08-21,SETTLEMENT,MATCHED,TRAIN
2980,TRD102921,ACC-EQ-CORE-02,INR,848630.0,848630.0,2026-08-06,SETTLEMENT,MATCHED,TRAIN
2981,TRD102922,ACC-EQ-ALPHA-03,INR,1234870.0,1234870.0,2026-08-02,SETTLEMENT,MATCHED,TRAIN
2982,TRD102923,ACC-EQ-CORE-02,INR,605443.72,738346.0,2026-08-07,SETTLEMENT,MATCHED,TRAIN
2983,TRD102924,ACC-EQ-INDEX-04,INR,2747680.0,2747680.0,2026-08-14,SETTLEMENT,MATCHED,TRAIN
2984,TRD102925,ACC-EQ-CORE-02,INR,2050350.0,2050350.0,2026-08-10,SETTLEMENT,MATCHED,TRAIN
2985,TRD102926,ACC-EQ-ALPHA-03,INR,547834.0,547834.0,2026-08-14,SETTLEMENT,MATCHED,TRAIN
2986,TRD102927,ACC-EQ-CORE-02,INR,1468987.5,1468987.5,2026-08-20,SETTLEMENT,MATCHED,TRAIN
2987,TRD102928,ACC-EQ-CORE-02,INR,337408.0,337408.0,2026-08-12,SETTLEMENT,MATCHED,TRAIN
2988,TRD102929,ACC-EQ-CORE-01,INR,701385.0,701385.0,2026-08-16,SETTLEMENT,MATCHED,TRAIN
2989,TRD102930,ACC-EQ-CORE-02,INR,570076.0,570076.0,2026-08-18,SETTLEMENT,MATCHED,TEST
2991,TRD102932,ACC-EQ-CORE-02,INR,210785.0,210785.0,2026-08-10,SETTLEMENT,MATCHED,TRAIN
2992,TRD102933,ACC-EQ-INDEX-04,INR,344080.0,344080.0,2026-08-22,SETTLEMENT,MATCHED,TRAIN
2993,TRD102933,ACC-EQ-INDEX-04,INR,344080.0,344080.0,2026-08-22,SETTLEMENT,MATCHED,TRAIN
2994,TRD102934,ACC-EQ-CORE-01,INR,8216280.0,8216280.0,2026-08-07,SETTLEMENT,MATCHED,TRAIN
2995,TRD102935,ACC-EQ-INDEX-04,INR,2755900.0,2755900.0,2026-08-06,SETTLEMENT,MATCHED,TRAIN
2996,TRD102936,ACC-EQ-ALPHA-03,INR,117315.0,117315.0,2026-08-14,SETTLEMENT,MATCHED,TEST
2997,TRD102937,ACC-EQ-CORE-01,INR,837330.0,837330.0,2026-08-05,SETTLEMENT,MATCHED,TRAIN
2998,TRD102938,ACC-EQ-CORE-01,INR,172990.0,172990.0,2026-08-16,SETTLEMENT,MATCHED,TRAIN
2999,TRD102939,ACC-EQ-CORE-01,INR,172150.0,172150.0,2026-08-18,SETTLEMENT,MATCHED,TRAIN
3000,TRD102940,ACC-EQ-CORE-02,INR,712510.0,712510.0,2026-08-07,SETTLEMENT,MATCHED,TEST
3001,TRD102941,ACC-EQ-INDEX-04,INR,309640.0,309640.0,2026-08-08,SETTLEMENT,MATCHED,TRAIN
3002,TRD102942,ACC-EQ-CORE-01,INR,882765.0,882765.0,2026-08-20,SETTLEMENT,MATCHED,TRAIN
3003,TRD102943,ACC-EQ-CORE-01,INR,4119600.0,4119600.0,2026-08-22,SETTLEMENT,MATCHED,TRAIN
3004,TRD102944,ACC-EQ-ALPHA-03,INR,188460.0,188460.0,2026-08-08,SETTLEMENT,MATCHED,TRAIN
3005,TRD102945,ACC-EQ-CORE-01,INR,152615.0,152615.0,2026-08-14,SETTLEMENT,MATCHED,TRAIN
3006,TRD102946,ACC-EQ-ALPHA-03,INR,2367200.0,2367200.0,2026-08-13,SETTLEMENT,MATCHED,TRAIN
3007,TRD102947,ACC-EQ-CORE-02,INR,6516580.0,6516580.0,2026-08-06,SETTLEMENT,MATCHED,TRAIN
3008,TRD102948,ACC-EQ-CORE-02,INR,840895.0,840895.0,2026-08-21,SETTLEMENT,MATCHED,TRAIN
3009,TRD102949,ACC-EQ-CORE-02,INR,1245180.0,1245180.0,2026-08-09,SETTLEMENT,MATCHED,TEST
3010,TRD102950,ACC-EQ-CORE-01,INR,2510955.0,2510955.0,2026-08-18,SETTLEMENT,MATCHED,TRAIN
3011,TRD102951,ACC-EQ-CORE-01,INR,339458.0,339458.0,2026-08-19,SETTLEMENT,MATCHED,TRAIN
3012,TRD102952,ACC-EQ-CORE-02,INR,3390540.0,3390540.0,2026-08-05,SETTLEMENT,MATCHED,TRAIN
3013,TRD102953,ACC-EQ-CORE-02,INR,168362.0,168362.0,2026-08-17,SETTLEMENT,MATCHED,TEST
3014,TRD102954,ACC-EQ-CORE-02,INR,4126720.0,4126720.0,2026-08-19,SETTLEMENT,MATCHED,TEST
3015,TRD102955,ACC-EQ-ALPHA-03,INR,33024013.2,26003160.0,2026-08-22,SETTLEMENT,MATCHED,TRAIN
3016,TRD102956,ACC-EQ-ALPHA-03,INR,4117515.0,4117515.0,2026-08-12,SETTLEMENT,MATCHED,TRAIN
3017,TRD102957,ACC-EQ-CORE-02,INR,949685.0,949685.0,2026-08-08,SETTLEMENT,MATCHED,TRAIN
3018,TRD102958,ACC-EQ-ALPHA-03,INR,189285.0,189285.0,2026-08-21,SETTLEMENT,MATCHED,TRAIN
3019,TRD102959,ACC-EQ-CORE-02,INR,211860.0,211860.0,2026-08-22,SETTLEMENT,MATCHED,TRAIN
3020,TRD102960,ACC-EQ-CORE-02,INR,168832.0,168832.0,2026-08-21,SETTLEMENT,MATCHED,TEST
3021,TRD102960,ACC-EQ-CORE-02,INR,168832.0,168832.0,2026-08-21,SETTLEMENT,MATCHED,TEST
3023,TRD102962,ACC-EQ-INDEX-04,INR,824410.0,824410.0,2026-08-10,SETTLEMENT,MATCHED,TRAIN
3024,TRD102963,ACC-EQ-ALPHA-03,INR,2050205.0,2050205.0,2026-08-12,SETTLEMENT,MATCHED,TRAIN
3025,TRD102964,ACC-EQ-INDEX-04,INR,1948830.0,1948830.0,2026-08-04,SETTLEMENT,MATCHED,TRAIN
3026,TRD102965,ACC-EQ-INDEX-04,INR,169055.0,169055.0,2026-08-11,SETTLEMENT,MATCHED,TRAIN
3027,TRD102966,ACC-EQ-ALPHA-03,INR,2364200.0,2364200.0,2026-08-14,SETTLEMENT,MATCHED,TRAIN
3028,TRD102967,ACC-EQ-CORE-01,INR,5466220.0,5466220.0,2026-08-12,SETTLEMENT,MATCHED,TRAIN
3029,TRD102968,ACC-EQ-ALPHA-03,INR,34444.0,34444.0,2026-08-15,SETTLEMENT,MATCHED,TRAIN
3030,TRD102969,ACC-EQ-CORE-01,INR,4113740.0,4113740.0,2026-08-10,SETTLEMENT,MATCHED,TRAIN
3031,TRD102970,ACC-EQ-INDEX-04,INR,590660.0,590660.0,2026-08-16,SETTLEMENT,MATCHED,TRAIN
3032,TRD102971,ACC-EQ-CORE-01,INR,683380.0,683380.0,2026-08-02,SETTLEMENT,MATCHED,TRAIN
3033,TRD102972,ACC-EQ-INDEX-04,INR,2848965.0,2848965.0,2026-08-02,SETTLEMENT,MATCHED,TEST
3034,TRD102973,ACC-EQ-CORE-02,INR,376736.0,376736.0,2026-08-04,SETTLEMENT,MATCHED,TRAIN
3035,TRD102974,ACC-EQ-INDEX-04,INR,258585.0,258585.0,2026-08-20,SETTLEMENT,MATCHED,TEST
3036,TRD102974,ACC-EQ-INDEX-04,INR,258585.0,258585.0,2026-08-20,SETTLEMENT,MATCHED,TEST
3037,TRD102975,ACC-EQ-INDEX-04,INR,7219670.6,5684780.0,2026-08-07,SETTLEMENT,MATCHED,TRAIN
3038,TRD102976,ACC-EQ-INDEX-04,INR,336038.0,336038.0,2026-08-07,SETTLEMENT,MATCHED,TRAIN
3039,TRD102977,ACC-EQ-INDEX-04,INR,195493.0,195493.0,2026-08-12,SETTLEMENT,MATCHED,TEST
3040,TRD102978,ACC-EQ-ALPHA-03,INR,424240.0,424240.0,2026-08-08,SETTLEMENT,MATCHED,TRAIN
3041,TRD102979,ACC-EQ-ALPHA-03,INR,825222.0,825222.0,2026-08-14,SETTLEMENT,MATCHED,TRAIN
3043,TRD102981,ACC-EQ-INDEX-04,INR,822930.0,822930.0,2026-08-02,SETTLEMENT,MATCHED,TRAIN
3044,TRD102982,ACC-EQ-INDEX-04,INR,931185.0,931185.0,2026-08-16,SETTLEMENT,MATCHED,TRAIN
3045,TRD102983,ACC-EQ-INDEX-04,INR,60731.0,60731.0,2026-08-15,SETTLEMENT,MATCHED,TRAIN
3046,TRD102984,ACC-EQ-INDEX-04,INR,931020.0,931020.0,2026-08-15,SETTLEMENT,MATCHED,TRAIN
3047,TRD102985,ACC-EQ-INDEX-04,INR,2362700.0,2362700.0,2026-08-11,SETTLEMENT,MATCHED,TEST
3048,TRD102986,ACC-EQ-ALPHA-03,INR,1689160.0,1689160.0,2026-08-03,SETTLEMENT,MATCHED,TRAIN
3049,TRD102987,ACC-EQ-CORE-02,INR,4264815.0,4264815.0,2026-08-12,SETTLEMENT,MATCHED,TRAIN
3050,TRD102988,ACC-EQ-INDEX-04,INR,167669.0,167669.0,2026-08-14,SETTLEMENT,MATCHED,TRAIN
3051,TRD102989,ACC-EQ-ALPHA-03,INR,933860.0,933860.0,2026-08-22,SETTLEMENT,MATCHED,TRAIN
3052,TRD102990,ACC-EQ-ALPHA-03,INR,1765470.0,1765470.0,2026-08-08,SETTLEMENT,MATCHED,TRAIN
3053,TRD102991,ACC-EQ-CORE-02,INR,60839.0,60839.0,2026-08-13,SETTLEMENT,MATCHED,TEST
3054,TRD102992,ACC-EQ-CORE-02,INR,704580.0,704580.0,2026-08-15,SETTLEMENT,MATCHED,TRAIN
3055,TRD102993,ACC-EQ-ALPHA-03,INR,12994810.0,12994810.0,2026-08-18,SETTLEMENT,MATCHED,TRAIN
3056,TRD102994,ACC-EQ-ALPHA-03,INR,633652.5,633652.5,2026-08-15,SETTLEMENT,MATCHED,TRAIN
3057,TRD102995,ACC-EQ-CORE-02,INR,2066917.5,2066917.5,2026-08-11,SETTLEMENT,MATCHED,TRAIN
3058,TRD102996,ACC-EQ-CORE-01,INR,459067.5,459067.5,2026-08-11,SETTLEMENT,MATCHED,TRAIN
3059,TRD102997,ACC-EQ-ALPHA-03,INR,591620.0,591620.0,2026-08-09,SETTLEMENT,MATCHED,TRAIN
3060,TRD102998,ACC-EQ-INDEX-04,INR,2355420.0,2355420.0,2026-08-20,SETTLEMENT,MATCHED,TRAIN
3061,TRD102999,ACC-EQ-ALPHA-03,INR,710102.5,710102.5,2026-08-03,SETTLEMENT,MATCHED,TRAIN
3062,TRD103000,ACC-EQ-ALPHA-03,INR,3789060.0,3789060.0,2026-08-08,SETTLEMENT,MATCHED,TRAIN
3063,TRD103001,ACC-EQ-INDEX-04,INR,417140.0,417140.0,2026-08-02,SETTLEMENT,MATCHED,TRAIN
3064,TRD103002,ACC-EQ-INDEX-04,INR,709882.5,709882.5,2026-08-17,SETTLEMENT,MATCHED,TRAIN
3065,TRD103003,ACC-EQ-INDEX-04,INR,1236990.0,1236990.0,2026-08-22,SETTLEMENT,MATCHED,TRAIN
3067,TRD103005,ACC-EQ-ALPHA-03,INR,284485.0,284485.0,2026-08-20,SETTLEMENT,MATCHED,TRAIN
3068,TRD103006,ACC-EQ-CORE-01,INR,34368.0,34368.0,2026-08-21,SETTLEMENT,MATCHED,TRAIN
3069,TRD103007,ACC-EQ-INDEX-04,INR,1882860.0,1882860.0,2026-08-05,SETTLEMENT,MATCHED,TRAIN
3070,TRD103008,ACC-EQ-INDEX-04,INR,19540935.0,19540935.0,2026-08-18,SETTLEMENT,MATCHED,TEST
3071,TRD103009,ACC-EQ-INDEX-04,INR,846680.0,846680.0,2026-08-17,SETTLEMENT,MATCHED,TRAIN
3072,TRD103010,ACC-EQ-ALPHA-03,INR,86610.0,86610.0,2026-08-10,SETTLEMENT,MATCHED,TRAIN
3073,TRD103011,ACC-EQ-CORE-02,INR,1258860.0,1258860.0,2026-08-14,SETTLEMENT,MATCHED,TRAIN
3074,TRD103012,ACC-EQ-CORE-01,INR,2069330.0,2069330.0,2026-08-19,SETTLEMENT,MATCHED,TRAIN
3075,TRD103013,ACC-EQ-CORE-02,INR,309240.0,309240.0,2026-08-15,SETTLEMENT,MATCHED,TRAIN
3076,TRD103013,ACC-EQ-CORE-02,INR,309240.0,309240.0,2026-08-15,SETTLEMENT,MATCHED,TRAIN
3077,TRD103014,ACC-EQ-CORE-02,INR,6470200.0,6470200.0,2026-08-16,SETTLEMENT,MATCHED,TEST
3078,TRD103015,ACC-EQ-CORE-02,INR,846520.0,846520.0,2026-08-02,SETTLEMENT,MATCHED,TRAIN
3079,TRD103016,ACC-EQ-CORE-01,INR,915570.0,915570.0,2026-08-14,SETTLEMENT,MATCHED,TRAIN
3080,TRD103017,ACC-EQ-ALPHA-03,INR,3687910.0,3687910.0,2026-08-06,SETTLEMENT,MATCHED,TRAIN
3081,TRD103018,ACC-EQ-INDEX-04,INR,273607.0,273607.0,2026-08-22,SETTLEMENT,MATCHED,TRAIN
3082,TRD103019,ACC-EQ-CORE-01,INR,128775.0,128775.0,2026-08-10,SETTLEMENT,MATCHED,TRAIN
3083,TRD103020,ACC-EQ-ALPHA-03,INR,1667800.0,1667800.0,2026-08-09,SETTLEMENT,MATCHED,TRAIN
3084,TRD103021,ACC-EQ-INDEX-04,INR,474065.0,474065.0,2026-08-21,SETTLEMENT,MATCHED,TRAIN
3085,TRD103022,ACC-EQ-CORE-02,INR,211290.0,211290.0,2026-08-12,SETTLEMENT,MATCHED,TEST
3086,TRD103023,ACC-EQ-CORE-02,INR,418885.0,418885.0,2026-08-06,SETTLEMENT,MATCHED,TRAIN
3087,TRD103024,ACC-EQ-CORE-01,INR,188339.0,188339.0,2026-08-14,SETTLEMENT,MATCHED,TRAIN
3088,TRD103024,ACC-EQ-CORE-01,INR,188339.0,188339.0,2026-08-14,SETTLEMENT,MATCHED,TRAIN
3089,TRD103025,ACC-EQ-ALPHA-03,INR,167067.0,167067.0,2026-08-09,SETTLEMENT,MATCHED,TRAIN
3090,TRD103026,ACC-EQ-INDEX-04,INR,933740.0,933740.0,2026-08-05,SETTLEMENT,MATCHED,TRAIN
3091,TRD103027,ACC-EQ-INDEX-04,INR,84507.0,84507.0,2026-08-15,SETTLEMENT,MATCHED,TEST
3092,TRD103028,ACC-EQ-ALPHA-03,INR,2738710.0,2738710.0,2026-08-03,SETTLEMENT,MATCHED,TEST
3093,TRD103029,ACC-EQ-ALPHA-03,INR,166813.0,166813.0,2026-08-07,SETTLEMENT,MATCHED,TEST
3094,TRD103030,ACC-EQ-CORE-02,INR,940700.0,940700.0,2026-08-10,SETTLEMENT,MATCHED,TRAIN
3095,TRD103031,ACC-EQ-CORE-01,INR,1417132.5,1417132.5,2026-08-20,SETTLEMENT,MATCHED,TRAIN
3096,TRD103032,ACC-EQ-CORE-01,INR,149558.38,117762.5,2026-08-06,SETTLEMENT,MATCHED,TRAIN
3097,TRD103033,ACC-EQ-INDEX-04,INR,5718920.0,5718920.0,2026-08-15,SETTLEMENT,MATCHED,TRAIN
3098,TRD103034,ACC-EQ-ALPHA-03,INR,25996920.0,25996920.0,2026-08-17,SETTLEMENT,MATCHED,TEST
3099,TRD103035,ACC-EQ-ALPHA-03,INR,1034572.5,1034572.5,2026-08-03,SETTLEMENT,MATCHED,TRAIN
3100,TRD103036,ACC-EQ-CORE-02,INR,7334840.0,7334840.0,2026-08-17,SETTLEMENT,MATCHED,TRAIN
3101,TRD103037,ACC-EQ-CORE-01,INR,733674.0,733674.0,2026-08-12,SETTLEMENT,MATCHED,TEST
3102,TRD103038,ACC-EQ-ALPHA-03,INR,2542155.0,2542155.0,2026-08-11,SETTLEMENT,MATCHED,TRAIN
3103,TRD103039,ACC-EQ-CORE-01,INR,3342000.0,3342000.0,2026-08-08,SETTLEMENT,MATCHED,TRAIN
3104,TRD103040,ACC-EQ-INDEX-04,INR,1025907.5,1025907.5,2026-08-03,SETTLEMENT,MATCHED,TRAIN
3105,TRD103041,ACC-EQ-CORE-01,INR,1683280.0,1683280.0,2026-08-19,SETTLEMENT,MATCHED,TRAIN
3106,TRD103042,ACC-EQ-CORE-01,INR,47060.0,47060.0,2026-08-17,SETTLEMENT,MATCHED,TEST
3107,TRD103043,ACC-EQ-ALPHA-03,INR,294627.5,294627.5,2026-08-20,SETTLEMENT,MATCHED,TRAIN
3108,TRD103044,ACC-EQ-CORE-01,INR,1894750.0,1894750.0,2026-08-05,SETTLEMENT,MATCHED,TRAIN
3109,TRD103045,ACC-EQ-ALPHA-03,INR,474490.0,474490.0,2026-08-14,SETTLEMENT,MATCHED,TEST
3110,TRD103045,ACC-EQ-ALPHA-03,INR,474490.0,474490.0,2026-08-14,SETTLEMENT,MATCHED,TEST
3111,TRD103046,ACC-EQ-ALPHA-03,INR,3339740.0,3339740.0,2026-08-02,SETTLEMENT,MATCHED,TEST
3112,TRD103047,ACC-EQ-ALPHA-03,INR,377590.0,377590.0,2026-08-14,SETTLEMENT,MATCHED,TRAIN
3113,TRD103048,ACC-EQ-CORE-01,INR,1776570.0,1776570.0,2026-08-08,SETTLEMENT,MATCHED,TRAIN
3114,TRD103049,ACC-EQ-ALPHA-03,INR,1253820.0,1253820.0,2026-08-16,SETTLEMENT,MATCHED,TRAIN
3115,TRD103050,ACC-EQ-CORE-02,INR,3662180.0,3662180.0,2026-08-16,SETTLEMENT,MATCHED,TRAIN
3116,TRD103051,ACC-EQ-ALPHA-03,INR,12994780.0,12994780.0,2026-08-14,SETTLEMENT,MATCHED,TRAIN
3117,TRD103052,ACC-EQ-ALPHA-03,INR,1176580.0,1176580.0,2026-08-16,SETTLEMENT,MATCHED,TRAIN
3118,TRD103053,ACC-EQ-ALPHA-03,INR,2539020.0,2539020.0,2026-08-08,SETTLEMENT,MATCHED,TRAIN
3119,TRD103054,ACC-EQ-ALPHA-03,INR,1252440.0,1252440.0,2026-08-17,SETTLEMENT,MATCHED,TRAIN
3120,TRD103055,ACC-EQ-CORE-01,INR,1891570.0,1891570.0,2026-08-02,SETTLEMENT,MATCHED,TRAIN
3122,TRD103057,ACC-EQ-CORE-01,INR,294032.5,294032.5,2026-08-11,SETTLEMENT,MATCHED,TRAIN
3123,TRD103058,ACC-EQ-ALPHA-03,INR,257940.0,257940.0,2026-08-06,SETTLEMENT,MATCHED,TRAIN
3124,TRD103059,ACC-EQ-CORE-02,INR,4107390.0,4107390.0,2026-08-09,SETTLEMENT,MATCHED,TRAIN
3125,TRD103060,ACC-EQ-INDEX-04,INR,1420050.0,1420050.0,2026-08-07,SETTLEMENT,MATCHED,TRAIN
3126,TRD103061,ACC-EQ-CORE-01,INR,4127480.0,4127480.0,2026-08-21,SETTLEMENT,MATCHED,TRAIN
3127,TRD103062,ACC-EQ-CORE-01,INR,2054290.0,2054290.0,2026-08-05,SETTLEMENT,MATCHED,TRAIN
3128,TRD103063,ACC-EQ-CORE-01,INR,621670.0,621670.0,2026-08-07,SETTLEMENT,MATCHED,TRAIN
3129,TRD103064,ACC-EQ-ALPHA-03,INR,3231837.5,3231837.5,2026-08-07,SETTLEMENT,MATCHED,TRAIN
3130,TRD103065,ACC-EQ-INDEX-04,INR,737584.0,737584.0,2026-08-19,SETTLEMENT,MATCHED,TRAIN
3131,TRD103066,ACC-EQ-CORE-01,INR,7396480.0,7396480.0,2026-08-11,SETTLEMENT,MATCHED,TRAIN
3132,TRD103067,ACC-EQ-INDEX-04,INR,3671400.0,3671400.0,2026-08-19,SETTLEMENT,MATCHED,TRAIN
3135,TRD103070,ACC-EQ-INDEX-04,INR,3690300.0,3690300.0,2026-08-14,SETTLEMENT,MATCHED,TRAIN
3136,TRD103071,ACC-EQ-INDEX-04,INR,19518465.0,19518465.0,2026-08-05,SETTLEMENT,MATCHED,TRAIN
3137,TRD103072,ACC-EQ-CORE-02,INR,1258395.0,1258395.0,2026-08-05,SETTLEMENT,MATCHED,TRAIN
3138,TRD103073,ACC-EQ-CORE-01,INR,684197.5,684197.5,2026-08-08,SETTLEMENT,MATCHED,TRAIN
3139,TRD103074,ACC-EQ-ALPHA-03,INR,121516.0,121516.0,2026-08-07,SETTLEMENT,MATCHED,TRAIN
3140,TRD103075,ACC-EQ-CORE-01,INR,547920.0,547920.0,2026-08-17,SETTLEMENT,MATCHED,TRAIN
3141,TRD103076,ACC-EQ-ALPHA-03,INR,934540.0,934540.0,2026-08-15,SETTLEMENT,MATCHED,TRAIN
3142,TRD103077,ACC-EQ-CORE-01,INR,488992.5,488992.5,2026-08-08,SETTLEMENT,MATCHED,TRAIN
3143,TRD103078,ACC-EQ-CORE-02,INR,2510850.0,2510850.0,2026-08-02,SETTLEMENT,MATCHED,TEST
3144,TRD103079,ACC-EQ-CORE-02,INR,284616.0,284616.0,2026-08-08,SETTLEMENT,MATCHED,TEST
3145,TRD103080,ACC-EQ-ALPHA-03,INR,2504970.0,2504970.0,2026-08-05,SETTLEMENT,MATCHED,TRAIN
3146,TRD103080,ACC-EQ-ALPHA-03,INR,2504970.0,2504970.0,2026-08-05,SETTLEMENT,MATCHED,TRAIN
3147,TRD103081,ACC-EQ-CORE-01,INR,210915.0,210915.0,2026-08-18,SETTLEMENT,MATCHED,TRAIN
3148,TRD103082,ACC-EQ-CORE-01,INR,923947.5,923947.5,2026-08-21,SETTLEMENT,MATCHED,TRAIN
3149,TRD103083,ACC-EQ-INDEX-04,INR,703590.0,703590.0,2026-08-15,SETTLEMENT,MATCHED,TRAIN
3150,TRD103084,ACC-EQ-CORE-02,INR,86535.0,86535.0,2026-08-07,SETTLEMENT,MATCHED,TRAIN
3151,TRD103085,ACC-EQ-CORE-01,USD,1043314.2,975060.0,2026-08-17,SETTLEMENT,MATCHED,TRAIN
3152,TRD103086,ACC-EQ-CORE-02,INR,392640.0,392640.0,2026-08-19,SETTLEMENT,MATCHED,TEST
3153,TRD103087,ACC-EQ-CORE-01,INR,93544.0,93544.0,2026-08-19,SETTLEMENT,MATCHED,TRAIN
3154,TRD103088,ACC-EQ-CORE-02,INR,2053270.0,2053270.0,2026-08-18,SETTLEMENT,MATCHED,TEST
3155,TRD103089,ACC-EQ-CORE-02,INR,151975.0,151975.0,2026-08-19,SETTLEMENT,MATCHED,TRAIN
3156,TRD103090,ACC-EQ-CORE-01,INR,43095.0,43095.0,2026-08-21,SETTLEMENT,MATCHED,TRAIN
3157,TRD103091,ACC-EQ-INDEX-04,INR,84481.0,84481.0,2026-08-17,SETTLEMENT,MATCHED,TRAIN
3158,TRD103092,ACC-EQ-ALPHA-03,INR,195418.0,195418.0,2026-08-22,SETTLEMENT,MATCHED,TRAIN
3159,TRD103093,ACC-EQ-CORE-01,INR,572132.0,572132.0,2026-08-10,SETTLEMENT,MATCHED,TRAIN
3160,TRD103094,ACC-EQ-CORE-01,INR,942080.0,942080.0,2026-08-05,SETTLEMENT,MATCHED,TEST
3161,TRD103095,ACC-EQ-CORE-02,INR,1771785.0,1771785.0,2026-08-19,SETTLEMENT,MATCHED,TRAIN
3162,TRD103096,ACC-EQ-CORE-02,INR,1685760.0,1685760.0,2026-08-02,SETTLEMENT,MATCHED,TRAIN
3163,TRD103097,ACC-EQ-INDEX-04,INR,1693710.0,1693710.0,2026-08-14,SETTLEMENT,MATCHED,TEST
3164,TRD103098,ACC-EQ-ALPHA-03,INR,1405544.7,1181130.0,2026-08-05,SETTLEMENT,MATCHED,TRAIN
3165,TRD103099,ACC-EQ-CORE-02,INR,1257870.0,1257870.0,2026-08-20,SETTLEMENT,MATCHED,TRAIN
3166,TRD103100,ACC-EQ-CORE-01,INR,423235.0,423235.0,2026-08-15,SETTLEMENT,MATCHED,TRAIN
3167,TRD103101,ACC-EQ-CORE-01,INR,459532.5,459532.5,2026-08-20,SETTLEMENT,MATCHED,TRAIN
3168,TRD103102,ACC-EQ-INDEX-04,INR,2472740.0,2472740.0,2026-08-21,SETTLEMENT,MATCHED,TRAIN
3169,TRD103103,ACC-EQ-CORE-01,INR,8247600.0,8247600.0,2026-08-14,SETTLEMENT,MATCHED,TRAIN
3170,TRD103104,ACC-EQ-ALPHA-03,INR,7346100.0,7346100.0,2026-08-17,SETTLEMENT,MATCHED,TRAIN
3171,TRD103105,ACC-EQ-ALPHA-03,INR,1262415.0,1262415.0,2026-08-18,SETTLEMENT,MATCHED,TRAIN
3172,TRD103106,ACC-EQ-ALPHA-03,INR,3372100.0,3372100.0,2026-08-16,SETTLEMENT,MATCHED,TRAIN
3173,TRD103107,ACC-EQ-CORE-01,INR,339762.0,339762.0,2026-08-11,SETTLEMENT,MATCHED,TRAIN
3174,TRD103108,ACC-EQ-INDEX-04,INR,1234720.0,1234720.0,2026-08-21,SETTLEMENT,MATCHED,TRAIN
3175,TRD103109,ACC-EQ-INDEX-04,INR,191639.18,210592.5,2026-08-03,SETTLEMENT,MATCHED,TRAIN
3176,TRD103110,ACC-EQ-CORE-01,INR,46842.0,46842.0,2026-08-11,SETTLEMENT,MATCHED,TRAIN
3177,TRD103111,ACC-EQ-CORE-01,INR,3237555.0,3237555.0,2026-08-10,SETTLEMENT,MATCHED,TRAIN
3178,TRD103112,ACC-EQ-INDEX-04,INR,1430595.0,1430595.0,2026-08-03,SETTLEMENT,MATCHED,TRAIN
3179,TRD103113,ACC-EQ-CORE-01,INR,979010.0,979010.0,2026-08-17,SETTLEMENT,MATCHED,TRAIN
3180,TRD103114,ACC-EQ-CORE-01,INR,841095.0,841095.0,2026-08-16,SETTLEMENT,MATCHED,TRAIN
3181,TRD103115,ACC-EQ-INDEX-04,INR,1418780.0,1418780.0,2026-08-13,SETTLEMENT,MATCHED,TRAIN
3182,TRD103116,ACC-EQ-INDEX-04,INR,4126730.0,4126730.0,2026-08-02,SETTLEMENT,MATCHED,TRAIN
3183,TRD103117,ACC-EQ-ALPHA-03,INR,3098820.0,3098820.0,2026-08-08,SETTLEMENT,MATCHED,TRAIN
3184,TRD103118,ACC-EQ-CORE-01,INR,46891.0,46891.0,2026-08-17,SETTLEMENT,MATCHED,TEST
3185,TRD103119,ACC-EQ-CORE-01,INR,7335420.0,7335420.0,2026-08-22,SETTLEMENT,MATCHED,TEST
3186,TRD103120,ACC-EQ-CORE-02,INR,1162802.55,977145.0,2026-08-05,SETTLEMENT,MATCHED,TRAIN
3187,TRD103121,ACC-EQ-CORE-01,INR,129082.5,129082.5,2026-08-10,SETTLEMENT,MATCHED,TEST
3188,TRD103122,ACC-EQ-INDEX-04,INR,352252.5,352252.5,2026-08-15,SETTLEMENT,MATCHED,TRAIN
3189,TRD103123,ACC-EQ-CORE-02,INR,1423965.0,1423965.0,2026-08-14,SETTLEMENT,MATCHED,TEST
3190,TRD103124,ACC-EQ-CORE-02,INR,846540.0,846540.0,2026-08-15,SETTLEMENT,MATCHED,TEST
3191,TRD103125,ACC-EQ-CORE-01,INR,259365.0,259365.0,2026-08-07,SETTLEMENT,MATCHED,TEST
3192,TRD103126,ACC-EQ-ALPHA-03,INR,421595.0,421595.0,2026-08-22,SETTLEMENT,MATCHED,TRAIN
3193,TRD103127,ACC-EQ-INDEX-04,INR,273897.0,273897.0,2026-08-11,SETTLEMENT,MATCHED,TEST
3194,TRD103128,ACC-EQ-CORE-02,INR,2765212.5,2765212.5,2026-08-12,SETTLEMENT,MATCHED,TRAIN
3195,TRD103129,ACC-EQ-CORE-02,INR,210547.5,210547.5,2026-08-09,SETTLEMENT,MATCHED,TRAIN
3196,TRD103130,ACC-EQ-ALPHA-03,INR,5719840.0,5719840.0,2026-08-06,SETTLEMENT,MATCHED,TRAIN
3197,TRD103131,ACC-EQ-CORE-01,INR,333922.0,333922.0,2026-08-21,SETTLEMENT,MATCHED,TRAIN
3198,TRD103132,ACC-EQ-INDEX-04,INR,423270.0,423270.0,2026-08-04,SETTLEMENT,MATCHED,TRAIN
3199,TRD103133,ACC-EQ-CORE-02,INR,43170.0,43170.0,2026-08-16,SETTLEMENT,MATCHED,TRAIN
3200,TRD103134,ACC-EQ-CORE-02,INR,1874547.68,2059942.5,2026-08-19,SETTLEMENT,MATCHED,TRAIN
3201,TRD103135,ACC-EQ-ALPHA-03,INR,3687970.0,3687970.0,2026-08-12,SETTLEMENT,MATCHED,TRAIN
3203,TRD103137,ACC-EQ-ALPHA-03,INR,339694.0,339694.0,2026-08-12,SETTLEMENT,MATCHED,TRAIN
3204,TRD103138,ACC-EQ-CORE-01,INR,93362.0,93362.0,2026-08-03,SETTLEMENT,MATCHED,TEST
3205,TRD103139,ACC-EQ-ALPHA-03,INR,247560.0,247560.0,2026-08-16,SETTLEMENT,MATCHED,TRAIN
3206,TRD103140,ACC-EQ-ALPHA-03,INR,1677520.0,1677520.0,2026-08-13,SETTLEMENT,MATCHED,TRAIN
3207,TRD103140,ACC-EQ-ALPHA-03,INR,1677520.0,1677520.0,2026-08-13,SETTLEMENT,MATCHED,TRAIN
3208,TRD103141,ACC-EQ-ALPHA-03,INR,9697245.0,9697245.0,2026-08-16,SETTLEMENT,MATCHED,TRAIN
3209,TRD103142,ACC-EQ-CORE-02,INR,1217040.0,1217040.0,2026-08-11,SETTLEMENT,MATCHED,TRAIN
3210,TRD103143,ACC-EQ-CORE-02,INR,422750.0,422750.0,2026-08-19,SETTLEMENT,MATCHED,TEST
3211,TRD103144,ACC-EQ-CORE-02,INR,2058755.0,2058755.0,2026-08-04,SETTLEMENT,MATCHED,TRAIN
3212,TRD103145,ACC-EQ-INDEX-04,INR,3242635.0,3242635.0,2026-08-03,SETTLEMENT,MATCHED,TRAIN
3213,TRD103146,ACC-EQ-INDEX-04,USD,559276.2,548310.0,2026-08-07,SETTLEMENT,MATCHED,TRAIN
3214,TRD103147,ACC-EQ-ALPHA-03,INR,2144872.5,2144872.5,2026-08-15,SETTLEMENT,MATCHED,TRAIN
3215,TRD103148,ACC-EQ-ALPHA-03,INR,210602.5,210602.5,2026-08-11,SETTLEMENT,MATCHED,TRAIN
3216,TRD103149,ACC-EQ-CORE-01,INR,172840.0,172840.0,2026-08-17,SETTLEMENT,MATCHED,TRAIN
3217,TRD103150,ACC-EQ-ALPHA-03,INR,734972.0,734972.0,2026-08-17,SETTLEMENT,MATCHED,TRAIN
3218,TRD103151,ACC-EQ-INDEX-04,INR,19469325.0,19469325.0,2026-08-17,SETTLEMENT,MATCHED,TRAIN
3219,TRD103152,ACC-EQ-CORE-02,INR,1771950.0,1771950.0,2026-08-04,SETTLEMENT,MATCHED,TEST
3220,TRD103153,ACC-EQ-ALPHA-03,INR,19399230.0,19399230.0,2026-08-21,SETTLEMENT,MATCHED,TRAIN
3221,TRD103154,ACC-EQ-CORE-01,INR,2926575.0,2926575.0,2026-08-12,SETTLEMENT,MATCHED,TRAIN
3222,TRD103154,ACC-EQ-CORE-01,INR,2926575.0,2926575.0,2026-08-12,SETTLEMENT,MATCHED,TRAIN
3223,TRD103155,ACC-EQ-INDEX-04,INR,412208.0,412208.0,2026-08-19,SETTLEMENT,MATCHED,TRAIN
3224,TRD103156,ACC-EQ-ALPHA-03,INR,118062.0,118062.0,2026-08-09,SETTLEMENT,MATCHED,TEST
3225,TRD103157,ACC-EQ-ALPHA-03,INR,824482.0,824482.0,2026-08-15,SETTLEMENT,MATCHED,TEST
3226,TRD103158,ACC-EQ-ALPHA-03,USD,1465730.77,1416165.0,2026-08-18,SETTLEMENT,MATCHED,TRAIN
3227,TRD103159,ACC-EQ-INDEX-04,INR,1179520.0,1179520.0,2026-08-19,SETTLEMENT,MATCHED,TRAIN
3228,TRD103160,ACC-EQ-CORE-01,INR,1960670.0,1960670.0,2026-08-06,SETTLEMENT,MATCHED,TRAIN
3229,TRD103161,ACC-EQ-CORE-01,INR,470550.0,470550.0,2026-08-20,SETTLEMENT,MATCHED,TRAIN
3230,TRD103162,ACC-EQ-INDEX-04,INR,621265.0,621265.0,2026-08-16,SETTLEMENT,MATCHED,TRAIN
3231,TRD103163,ACC-EQ-ALPHA-03,INR,172880.0,172880.0,2026-08-18,SETTLEMENT,MATCHED,TRAIN
3232,TRD103164,ACC-EQ-INDEX-04,INR,550712.0,550712.0,2026-08-08,SETTLEMENT,MATCHED,TRAIN
3233,TRD103165,ACC-EQ-CORE-02,INR,5546835.0,5546835.0,2026-08-05,SETTLEMENT,MATCHED,TRAIN
3234,TRD103166,ACC-EQ-INDEX-04,INR,195003.0,195003.0,2026-08-18,SETTLEMENT,MATCHED,TRAIN
3235,TRD103167,ACC-EQ-CORE-01,INR,549548.0,549548.0,2026-08-21,SETTLEMENT,MATCHED,TRAIN
3236,TRD103168,ACC-EQ-CORE-02,INR,172580.0,172580.0,2026-08-02,SETTLEMENT,MATCHED,TRAIN
3237,TRD103169,ACC-EQ-CORE-02,GBP,985446.0,938520.0,2026-08-13,SETTLEMENT,MATCHED,TRAIN
3238,TRD103170,ACC-EQ-CORE-01,INR,258900.0,258900.0,2026-08-09,SETTLEMENT,MATCHED,TEST
3239,TRD103171,ACC-EQ-CORE-01,INR,61190.0,61190.0,2026-08-16,SETTLEMENT,MATCHED,TRAIN
3240,TRD103172,ACC-EQ-CORE-01,INR,419525.0,419525.0,2026-08-02,SETTLEMENT,MATCHED,TRAIN
3241,TRD103173,ACC-EQ-CORE-02,INR,591820.0,591820.0,2026-08-04,SETTLEMENT,MATCHED,TEST
3242,TRD103174,ACC-EQ-ALPHA-03,INR,25910000.0,25910000.0,2026-08-22,SETTLEMENT,MATCHED,TRAIN
3243,TRD103174,ACC-EQ-ALPHA-03,INR,25910000.0,25910000.0,2026-08-22,SETTLEMENT,MATCHED,TRAIN
3244,TRD103175,ACC-EQ-ALPHA-03,INR,2501295.0,2501295.0,2026-08-03,SETTLEMENT,MATCHED,TRAIN
3245,TRD103176,ACC-EQ-CORE-02,INR,2584128.0,2584128.0,2026-08-12,SETTLEMENT,MATCHED,TRAIN
3246,TRD103177,ACC-EQ-INDEX-04,INR,3340560.0,3340560.0,2026-08-04,SETTLEMENT,MATCHED,TEST
3247,TRD103178,ACC-EQ-CORE-02,INR,2526465.0,2526465.0,2026-08-16,SETTLEMENT,MATCHED,TRAIN
3248,TRD103179,ACC-EQ-CORE-02,INR,5524005.0,5524005.0,2026-08-08,SETTLEMENT,MATCHED,TRAIN
3249,TRD103180,ACC-EQ-INDEX-04,INR,61112.0,61112.0,2026-08-19,SETTLEMENT,MATCHED,TEST
3250,TRD103181,ACC-EQ-ALPHA-03,INR,633885.0,633885.0,2026-08-09,SETTLEMENT,MATCHED,TRAIN
3251,TRD103182,ACC-EQ-CORE-02,EUR,19807655.4,19419270.0,2026-08-17,SETTLEMENT,MATCHED,TRAIN
3252,TRD103183,ACC-EQ-INDEX-04,INR,138125.72,168446.0,2026-08-11,SETTLEMENT,MATCHED,TRAIN
3253,TRD103184,ACC-EQ-INDEX-04,INR,490580.0,490580.0,2026-08-09,SETTLEMENT,MATCHED,TRAIN
3254,TRD103185,ACC-EQ-INDEX-04,INR,47057.0,47057.0,2026-08-19,SETTLEMENT,MATCHED,TRAIN
3255,TRD103186,ACC-EQ-CORE-02,INR,168775.0,168775.0,2026-08-09,SETTLEMENT,MATCHED,TRAIN
3256,TRD103187,ACC-EQ-CORE-01,INR,1264710.0,1264710.0,2026-08-15,SETTLEMENT,MATCHED,TEST
3257,TRD103188,ACC-EQ-CORE-02,INR,2371340.0,2371340.0,2026-08-12,SETTLEMENT,MATCHED,TRAIN
3258,TRD103189,ACC-EQ-ALPHA-03,INR,2757615.0,2757615.0,2026-08-10,SETTLEMENT,MATCHED,TRAIN
3259,TRD103190,ACC-EQ-CORE-02,INR,1427665.0,1427665.0,2026-08-19,SETTLEMENT,MATCHED,TRAIN
3260,TRD103191,ACC-EQ-CORE-02,INR,167125.0,167125.0,2026-08-17,SETTLEMENT,MATCHED,TRAIN
3261,TRD103192,ACC-EQ-ALPHA-03,INR,377166.0,377166.0,2026-08-10,SETTLEMENT,MATCHED,TRAIN
3262,TRD103193,ACC-EQ-INDEX-04,INR,2062270.0,2062270.0,2026-08-08,SETTLEMENT,MATCHED,TRAIN
3263,TRD103194,ACC-EQ-CORE-01,INR,3377500.0,3377500.0,2026-08-21,SETTLEMENT,MATCHED,TRAIN
3264,TRD103195,ACC-EQ-ALPHA-03,INR,1423942.5,1423942.5,2026-08-18,SETTLEMENT,MATCHED,TEST
3265,TRD103196,ACC-EQ-INDEX-04,INR,2734940.0,2734940.0,2026-08-09,SETTLEMENT,MATCHED,TRAIN
3266,TRD103197,ACC-EQ-CORE-01,EUR,26767377.0,25862200.0,2026-08-10,SETTLEMENT,MATCHED,TRAIN
3267,TRD103198,ACC-EQ-CORE-01,INR,550706.0,550706.0,2026-08-14,SETTLEMENT,MATCHED,TRAIN
3268,TRD103199,ACC-EQ-INDEX-04,INR,738942.4,620960.0,2026-08-18,SETTLEMENT,MATCHED,TRAIN
3269,TRD103200,ACC-EQ-CORE-02,INR,7356120.0,7356120.0,2026-08-13,SETTLEMENT,MATCHED,TRAIN
3270,TRD103201,ACC-EQ-CORE-01,USD,2595127.95,2507370.0,2026-08-17,SETTLEMENT,MATCHED,TRAIN
3271,TRD103202,ACC-EQ-CORE-01,EUR,1982260.8,2064855.0,2026-08-21,SETTLEMENT,MATCHED,TRAIN
3272,TRD103203,ACC-EQ-CORE-02,INR,2524590.0,2524590.0,2026-08-07,SETTLEMENT,MATCHED,TEST
3273,TRD103204,ACC-EQ-ALPHA-03,INR,1885850.0,1885850.0,2026-08-07,SETTLEMENT,MATCHED,TEST
3274,TRD103205,ACC-EQ-CORE-01,INR,446534.73,490697.5,2026-08-09,SETTLEMENT,MATCHED,TEST
3275,TRD103206,ACC-EQ-CORE-01,INR,934360.0,934360.0,2026-08-10,SETTLEMENT,MATCHED,TRAIN
3276,TRD103207,ACC-EQ-CORE-02,INR,5711800.0,5711800.0,2026-08-10,SETTLEMENT,MATCHED,TRAIN
3277,TRD103208,ACC-EQ-CORE-01,INR,1246980.0,1246980.0,2026-08-09,SETTLEMENT,MATCHED,TRAIN
3278,TRD103209,ACC-EQ-CORE-02,INR,2365560.0,2365560.0,2026-08-11,SETTLEMENT,MATCHED,TEST
3279,TRD103210,ACC-EQ-INDEX-04,INR,2060107.5,2060107.5,2026-08-16,SETTLEMENT,MATCHED,TRAIN
3280,TRD103211,ACC-EQ-CORE-02,INR,919950.0,919950.0,2026-08-20,SETTLEMENT,MATCHED,TRAIN
3281,TRD103212,ACC-EQ-CORE-02,INR,1882330.0,1882330.0,2026-08-17,SETTLEMENT,MATCHED,TEST
3282,TRD103213,ACC-EQ-CORE-02,INR,123788.0,123788.0,2026-08-22,SETTLEMENT,MATCHED,TRAIN
3283,TRD103214,ACC-EQ-CORE-01,INR,336754.0,336754.0,2026-08-21,SETTLEMENT,MATCHED,TEST
3284,TRD103215,ACC-EQ-INDEX-04,INR,1861680.0,1861680.0,2026-08-05,SETTLEMENT,MATCHED,TEST
3285,TRD103216,ACC-EQ-INDEX-04,INR,5673180.0,5673180.0,2026-08-19,SETTLEMENT,MATCHED,TRAIN
3286,TRD103217,ACC-EQ-ALPHA-03,INR,714612.5,714612.5,2026-08-03,SETTLEMENT,MATCHED,TRAIN
3288,TRD103219,ACC-EQ-ALPHA-03,INR,168212.0,168212.0,2026-08-16,SETTLEMENT,MATCHED,TRAIN
3289,TRD103220,ACC-EQ-CORE-01,INR,570072.0,570072.0,2026-08-06,SETTLEMENT,MATCHED,TRAIN
3290,TRD103221,ACC-EQ-CORE-02,INR,5475620.0,5475620.0,2026-08-16,SETTLEMENT,MATCHED,TRAIN
3291,TRD103222,ACC-EQ-CORE-02,INR,3898560.0,3898560.0,2026-08-04,SETTLEMENT,MATCHED,TRAIN
3292,TRD103223,ACC-EQ-INDEX-04,INR,118312.0,118312.0,2026-08-17,SETTLEMENT,MATCHED,TRAIN
3293,TRD103224,ACC-EQ-ALPHA-03,INR,470780.0,470780.0,2026-08-10,SETTLEMENT,MATCHED,TEST
3294,TRD103225,ACC-EQ-CORE-02,INR,551858.0,551858.0,2026-08-05,SETTLEMENT,MATCHED,TEST
3295,TRD103226,ACC-EQ-INDEX-04,INR,46869.0,46869.0,2026-08-11,SETTLEMENT,MATCHED,TEST
3296,TRD103227,ACC-EQ-CORE-02,INR,947605.0,947605.0,2026-08-11,SETTLEMENT,MATCHED,TRAIN
3297,TRD103228,ACC-EQ-ALPHA-03,INR,378620.0,378620.0,2026-08-02,SETTLEMENT,MATCHED,TRAIN
3298,TRD103229,ACC-EQ-CORE-01,INR,1259610.0,1259610.0,2026-08-06,SETTLEMENT,MATCHED,TRAIN
3299,TRD103230,ACC-EQ-INDEX-04,INR,3161030.0,2489000.0,2026-08-17,SETTLEMENT,MATCHED,TRAIN
3300,TRD103231,ACC-EQ-ALPHA-03,INR,418467.5,418467.5,2026-08-22,SETTLEMENT,MATCHED,TRAIN
3301,TRD103232,ACC-EQ-INDEX-04,INR,418675.0,418675.0,2026-08-04,SETTLEMENT,MATCHED,TRAIN
3302,TRD103233,ACC-EQ-ALPHA-03,INR,61322.0,61322.0,2026-08-06,SETTLEMENT,MATCHED,TRAIN
3303,TRD103234,ACC-EQ-CORE-01,INR,1175670.0,1175670.0,2026-08-03,SETTLEMENT,MATCHED,TRAIN
3304,TRD103235,ACC-EQ-CORE-01,INR,235624.0,235624.0,2026-08-19,SETTLEMENT,MATCHED,TRAIN
3305,TRD103236,ACC-EQ-ALPHA-03,INR,4120065.0,4120065.0,2026-08-14,SETTLEMENT,MATCHED,TRAIN
3306,TRD103237,ACC-EQ-INDEX-04,INR,2756107.8,2482980.0,2026-08-18,SETTLEMENT,MATCHED,TRAIN
3307,TRD103238,ACC-EQ-ALPHA-03,INR,3346360.0,3346360.0,2026-08-03,SETTLEMENT,MATCHED,TRAIN
3308,TRD103239,ACC-EQ-CORE-01,INR,350002.5,350002.5,2026-08-09,SETTLEMENT,MATCHED,TRAIN
3309,TRD103240,ACC-EQ-CORE-02,INR,118014.0,118014.0,2026-08-21,SETTLEMENT,MATCHED,TRAIN
3310,TRD103241,ACC-EQ-CORE-02,INR,1262017.5,1262017.5,2026-08-14,SETTLEMENT,MATCHED,TEST
3311,TRD103242,ACC-EQ-ALPHA-03,INR,296047.5,296047.5,2026-08-12,SETTLEMENT,MATCHED,TRAIN
3312,TRD103243,ACC-EQ-CORE-02,INR,5507550.0,5507550.0,2026-08-03,SETTLEMENT,MATCHED,TRAIN
3313,TRD103244,ACC-EQ-CORE-02,INR,2508240.0,2508240.0,2026-08-15,SETTLEMENT,MATCHED,TRAIN
3314,TRD103245,ACC-EQ-INDEX-04,INR,379942.0,379942.0,2026-08-08,SETTLEMENT,MATCHED,TRAIN
3315,TRD103246,ACC-EQ-CORE-02,INR,1296173.0,1296173.0,2026-08-12,SETTLEMENT,MATCHED,TEST
3316,TRD103246,ACC-EQ-CORE-02,INR,1296173.0,1296173.0,2026-08-12,SETTLEMENT,MATCHED,TEST
3317,TRD103247,ACC-EQ-INDEX-04,INR,283684.0,283684.0,2026-08-19,SETTLEMENT,MATCHED,TRAIN
3318,TRD103248,ACC-EQ-CORE-02,INR,2064217.5,2064217.5,2026-08-14,SETTLEMENT,MATCHED,TRAIN
3319,TRD103249,ACC-EQ-CORE-01,INR,117439.0,117439.0,2026-08-18,SETTLEMENT,MATCHED,TRAIN
3320,TRD103250,ACC-EQ-CORE-01,INR,247928.0,247928.0,2026-08-02,SETTLEMENT,MATCHED,TRAIN
3321,TRD103251,ACC-EQ-INDEX-04,INR,375929.53,296007.5,2026-08-06,SETTLEMENT,MATCHED,TEST
3322,TRD103252,ACC-EQ-INDEX-04,INR,345740.0,345740.0,2026-08-20,SETTLEMENT,MATCHED,TRAIN
3323,TRD103253,ACC-EQ-CORE-01,INR,138671.02,169111.0,2026-08-12,SETTLEMENT,MATCHED,TRAIN
3324,TRD103254,ACC-EQ-CORE-01,INR,351285.0,351285.0,2026-08-03,SETTLEMENT,MATCHED,TRAIN
3325,TRD103255,ACC-EQ-CORE-02,INR,975395.0,975395.0,2026-08-05,SETTLEMENT,MATCHED,TRAIN
3326,TRD103256,ACC-EQ-CORE-01,INR,824342.0,824342.0,2026-08-04,SETTLEMENT,MATCHED,TRAIN
3327,TRD103257,ACC-EQ-ALPHA-03,INR,456982.5,456982.5,2026-08-06,SETTLEMENT,MATCHED,TRAIN
3328,TRD103258,ACC-EQ-ALPHA-03,INR,1427185.0,1427185.0,2026-08-02,SETTLEMENT,MATCHED,TEST
3329,TRD103259,ACC-EQ-INDEX-04,INR,421860.0,421860.0,2026-08-15,SETTLEMENT,MATCHED,TEST
3330,TRD103260,ACC-EQ-INDEX-04,INR,1265055.0,1265055.0,2026-08-10,SETTLEMENT,MATCHED,TRAIN
3331,TRD103260,ACC-EQ-INDEX-04,INR,1265055.0,1265055.0,2026-08-10,SETTLEMENT,MATCHED,TRAIN
3332,TRD103261,ACC-EQ-ALPHA-03,INR,188265.0,188265.0,2026-08-19,SETTLEMENT,MATCHED,TRAIN
3333,TRD103262,ACC-EQ-CORE-02,INR,687817.5,687817.5,2026-08-19,SETTLEMENT,MATCHED,TRAIN
3334,TRD103263,ACC-EQ-CORE-01,INR,977980.0,977980.0,2026-08-21,SETTLEMENT,MATCHED,TRAIN
3335,TRD103264,ACC-EQ-CORE-01,INR,257745.0,257745.0,2026-08-18,SETTLEMENT,MATCHED,TRAIN
3336,TRD103265,ACC-EQ-ALPHA-03,INR,1245820.0,1245820.0,2026-08-16,SETTLEMENT,MATCHED,TEST
3337,TRD103266,ACC-EQ-INDEX-04,INR,1263487.5,1263487.5,2026-08-09,SETTLEMENT,MATCHED,TRAIN
3338,TRD103267,ACC-EQ-CORE-02,INR,2129047.5,2129047.5,2026-08-21,SETTLEMENT,MATCHED,TRAIN
3339,TRD103268,ACC-EQ-CORE-02,INR,825688.0,825688.0,2026-08-04,SETTLEMENT,MATCHED,TEST
3340,TRD103269,ACC-EQ-CORE-01,EUR,81004.8,84380.0,2026-08-14,SETTLEMENT,MATCHED,TRAIN
3341,TRD103270,ACC-EQ-INDEX-04,INR,116895.0,116895.0,2026-08-10,SETTLEMENT,MATCHED,TRAIN
3342,TRD103271,ACC-EQ-CORE-02,INR,567978.0,567978.0,2026-08-09,SETTLEMENT,MATCHED,TEST
3343,TRD103272,ACC-EQ-CORE-02,INR,410384.0,410384.0,2026-08-07,SETTLEMENT,MATCHED,TEST
3344,TRD103273,ACC-EQ-ALPHA-03,INR,4103840.0,4103840.0,2026-08-02,SETTLEMENT,MATCHED,TRAIN
3345,TRD103274,ACC-EQ-CORE-02,INR,5714420.0,5714420.0,2026-08-15,SETTLEMENT,MATCHED,TRAIN
3346,TRD103275,ACC-EQ-CORE-02,INR,1865400.0,1865400.0,2026-08-11,SETTLEMENT,MATCHED,TRAIN
3347,TRD103276,ACC-EQ-INDEX-04,INR,706785.0,706785.0,2026-08-22,SETTLEMENT,MATCHED,TRAIN
3348,TRD103277,ACC-EQ-INDEX-04,INR,822772.0,822772.0,2026-08-02,SETTLEMENT,MATCHED,TRAIN
3349,TRD103278,ACC-EQ-CORE-02,INR,457725.0,457725.0,2026-08-06,SETTLEMENT,MATCHED,TRAIN
3350,TRD103279,ACC-EQ-CORE-02,INR,5497215.0,5497215.0,2026-08-15,SETTLEMENT,MATCHED,TRAIN
3351,TRD103280,ACC-EQ-CORE-02,INR,169542.0,169542.0,2026-08-06,SETTLEMENT,MATCHED,TRAIN
3352,TRD103281,ACC-EQ-INDEX-04,INR,46894.0,46894.0,2026-08-15,SETTLEMENT,MATCHED,TEST
3353,TRD103282,ACC-EQ-CORE-01,INR,259845.0,259845.0,2026-08-06,SETTLEMENT,MATCHED,TEST
3354,TRD103283,ACC-EQ-ALPHA-03,INR,259590.0,259590.0,2026-08-16,SETTLEMENT,MATCHED,TRAIN
3355,TRD103284,ACC-EQ-CORE-01,INR,940900.0,940900.0,2026-08-07,SETTLEMENT,MATCHED,TRAIN
3356,TRD103285,ACC-EQ-ALPHA-03,INR,84168.0,84168.0,2026-08-05,SETTLEMENT,MATCHED,TRAIN
3357,TRD103286,ACC-EQ-CORE-02,INR,309037.5,309037.5,2026-08-12,SETTLEMENT,MATCHED,TEST
3358,TRD103287,ACC-EQ-CORE-02,INR,2142705.0,2142705.0,2026-08-14,SETTLEMENT,MATCHED,TRAIN
3359,TRD103288,ACC-EQ-ALPHA-03,INR,377442.0,377442.0,2026-08-22,SETTLEMENT,MATCHED,TRAIN
3360,TRD103289,ACC-EQ-INDEX-04,INR,1885700.0,1885700.0,2026-08-07,SETTLEMENT,MATCHED,TRAIN
3361,TRD103289,ACC-EQ-INDEX-04,INR,1885700.0,1885700.0,2026-08-07,SETTLEMENT,MATCHED,TRAIN
3362,TRD103290,ACC-EQ-CORE-01,INR,2062140.0,2062140.0,2026-08-04,SETTLEMENT,MATCHED,TRAIN
3363,TRD103291,ACC-EQ-CORE-02,INR,1373440.0,1373440.0,2026-08-04,SETTLEMENT,MATCHED,TEST
3364,TRD103292,ACC-EQ-ALPHA-03,INR,168118.0,168118.0,2026-08-15,SETTLEMENT,MATCHED,TRAIN
3365,TRD103293,ACC-EQ-CORE-01,INR,634200.0,634200.0,2026-08-18,SETTLEMENT,MATCHED,TRAIN
3366,TRD103294,ACC-EQ-ALPHA-03,INR,1771020.0,1771020.0,2026-08-14,SETTLEMENT,MATCHED,TRAIN
3367,TRD103295,ACC-EQ-CORE-01,INR,169656.0,169656.0,2026-08-03,SETTLEMENT,MATCHED,TEST
3368,TRD103296,ACC-EQ-CORE-02,INR,12955470.0,12955470.0,2026-08-10,SETTLEMENT,MATCHED,TRAIN
3369,TRD103297,ACC-EQ-ALPHA-03,INR,1060299.36,1293048.0,2026-08-14,SETTLEMENT,MATCHED,TRAIN
3370,TRD103298,ACC-EQ-INDEX-04,INR,1425205.0,1425205.0,2026-08-05,SETTLEMENT,MATCHED,TRAIN
3371,TRD103299,ACC-EQ-INDEX-04,INR,1420450.0,1420450.0,2026-08-08,SETTLEMENT,MATCHED,TRAIN
3372,TRD103300,ACC-EQ-CORE-02,INR,826684.0,826684.0,2026-08-03,SETTLEMENT,MATCHED,TRAIN
3373,TRD103301,ACC-EQ-INDEX-04,INR,345980.0,345980.0,2026-08-09,SETTLEMENT,MATCHED,TRAIN
3374,TRD103302,ACC-EQ-CORE-01,INR,2366680.0,2366680.0,2026-08-19,SETTLEMENT,MATCHED,TEST
3375,TRD103303,ACC-EQ-CORE-01,INR,259665.0,259665.0,2026-08-06,SETTLEMENT,MATCHED,TEST
3376,TRD103304,ACC-EQ-ALPHA-03,INR,3101235.0,3101235.0,2026-08-22,SETTLEMENT,MATCHED,TRAIN
3377,TRD103305,ACC-EQ-INDEX-04,INR,17267.0,17267.0,2026-08-04,SETTLEMENT,MATCHED,TRAIN
3378,TRD103306,ACC-EQ-INDEX-04,INR,1675700.0,1675700.0,2026-08-05,SETTLEMENT,MATCHED,TRAIN
3379,TRD103307,ACC-EQ-CORE-02,INR,7361960.0,7361960.0,2026-08-02,SETTLEMENT,MATCHED,TRAIN
3380,TRD103308,ACC-EQ-INDEX-04,INR,118279.0,118279.0,2026-08-16,SETTLEMENT,MATCHED,TRAIN
3381,TRD103309,ACC-EQ-INDEX-04,INR,169129.0,169129.0,2026-08-18,SETTLEMENT,MATCHED,TRAIN
3382,TRD103310,ACC-EQ-INDEX-04,INR,946820.0,946820.0,2026-08-20,SETTLEMENT,MATCHED,TRAIN
3383,TRD103311,ACC-EQ-INDEX-04,INR,940380.0,940380.0,2026-08-19,SETTLEMENT,MATCHED,TRAIN
3384,TRD103312,ACC-EQ-CORE-01,EUR,6783173.25,6460165.0,2026-08-15,SETTLEMENT,MATCHED,TEST
3385,TRD103313,ACC-EQ-ALPHA-03,EUR,1517679.98,1418392.5,2026-08-19,SETTLEMENT,MATCHED,TEST
3386,TRD103314,ACC-EQ-ALPHA-03,INR,1291701.0,1291701.0,2026-08-22,SETTLEMENT,MATCHED,TRAIN
3387,TRD103315,ACC-EQ-CORE-02,INR,684432.5,684432.5,2026-08-14,SETTLEMENT,MATCHED,TRAIN
3388,TRD103315,ACC-EQ-CORE-02,INR,684432.5,684432.5,2026-08-14,SETTLEMENT,MATCHED,TRAIN
3389,TRD103316,ACC-EQ-INDEX-04,INR,169529.0,169529.0,2026-08-14,SETTLEMENT,MATCHED,TRAIN
3390,TRD103317,ACC-EQ-INDEX-04,INR,25897580.0,25897580.0,2026-08-17,SETTLEMENT,MATCHED,TEST
3391,TRD103318,ACC-EQ-CORE-01,INR,1947220.0,1947220.0,2026-08-21,SETTLEMENT,MATCHED,TRAIN
3392,TRD103319,ACC-EQ-ALPHA-03,INR,1182570.0,1182570.0,2026-08-06,SETTLEMENT,MATCHED,TEST
3393,TRD103320,ACC-EQ-INDEX-04,INR,122484.0,122484.0,2026-08-11,SETTLEMENT,MATCHED,TRAIN
3394,TRD103321,ACC-EQ-ALPHA-03,INR,5725380.0,5725380.0,2026-08-08,SETTLEMENT,MATCHED,TRAIN
3395,TRD103322,ACC-EQ-CORE-02,INR,9773235.0,9773235.0,2026-08-07,SETTLEMENT,MATCHED,TRAIN
3396,TRD103323,ACC-EQ-ALPHA-03,INR,590585.0,590585.0,2026-08-11,SETTLEMENT,MATCHED,TRAIN
3397,TRD103324,ACC-EQ-INDEX-04,INR,166700.0,166700.0,2026-08-05,SETTLEMENT,MATCHED,TRAIN
3398,TRD103325,ACC-EQ-CORE-02,INR,1295617.0,1295617.0,2026-08-09,SETTLEMENT,MATCHED,TRAIN
3399,TRD103326,ACC-EQ-INDEX-04,INR,168912.0,168912.0,2026-08-13,SETTLEMENT,MATCHED,TRAIN
3400,TRD103327,ACC-EQ-CORE-02,INR,842925.0,842925.0,2026-08-21,SETTLEMENT,MATCHED,TRAIN
3401,TRD103328,ACC-EQ-CORE-01,INR,733038.0,733038.0,2026-08-12,SETTLEMENT,MATCHED,TRAIN
3402,TRD103329,ACC-EQ-INDEX-04,INR,344620.0,344620.0,2026-08-06,SETTLEMENT,MATCHED,TRAIN
3403,TRD103330,ACC-EQ-CORE-01,INR,1686920.0,1686920.0,2026-08-12,SETTLEMENT,MATCHED,TRAIN
3404,TRD103331,ACC-EQ-CORE-01,INR,739018.0,739018.0,2026-08-17,SETTLEMENT,MATCHED,TRAIN
3405,TRD103332,ACC-EQ-CORE-01,INR,1679640.0,1679640.0,2026-08-17,SETTLEMENT,MATCHED,TRAIN
3406,TRD103333,ACC-EQ-INDEX-04,INR,632010.0,632010.0,2026-08-22,SETTLEMENT,MATCHED,TRAIN
3407,TRD103334,ACC-EQ-INDEX-04,INR,2500710.0,2500710.0,2026-08-11,SETTLEMENT,MATCHED,TRAIN
3408,TRD103335,ACC-EQ-CORE-02,INR,2057610.0,2057610.0,2026-08-16,SETTLEMENT,MATCHED,TRAIN
3409,TRD103335,ACC-EQ-CORE-02,INR,2057610.0,2057610.0,2026-08-16,SETTLEMENT,MATCHED,TRAIN
3410,TRD103336,ACC-EQ-CORE-02,INR,169022.0,169022.0,2026-08-02,SETTLEMENT,MATCHED,TRAIN
3411,TRD103337,ACC-EQ-INDEX-04,INR,25862000.0,25862000.0,2026-08-14,SETTLEMENT,MATCHED,TRAIN
3412,TRD103338,ACC-EQ-ALPHA-03,INR,46757.0,46757.0,2026-08-17,SETTLEMENT,MATCHED,TEST
3413,TRD103339,ACC-EQ-CORE-01,INR,369032.0,369032.0,2026-08-16,SETTLEMENT,MATCHED,TRAIN
3414,TRD103340,ACC-EQ-CORE-01,INR,3687720.0,3687720.0,2026-08-07,SETTLEMENT,MATCHED,TRAIN
3415,TRD103341,ACC-EQ-INDEX-04,INR,294567.5,294567.5,2026-08-14,SETTLEMENT,MATCHED,TEST
3416,TRD103342,ACC-EQ-CORE-01,INR,343820.0,343820.0,2026-08-18,SETTLEMENT,MATCHED,TEST
3417,TRD103342,ACC-EQ-CORE-01,INR,343820.0,343820.0,2026-08-18,SETTLEMENT,MATCHED,TEST
3418,TRD103343,ACC-EQ-INDEX-04,INR,2529285.0,2529285.0,2026-08-02,SETTLEMENT,MATCHED,TEST
3419,TRD103344,ACC-EQ-CORE-02,INR,3797440.0,3797440.0,2026-08-08,SETTLEMENT,MATCHED,TRAIN
3421,TRD103346,ACC-EQ-CORE-01,INR,259245.0,259245.0,2026-08-17,SETTLEMENT,MATCHED,TRAIN
3422,TRD103347,ACC-EQ-INDEX-04,INR,17296.0,17296.0,2026-08-18,SETTLEMENT,MATCHED,TRAIN
3423,TRD103348,ACC-EQ-ALPHA-03,INR,189397.0,189397.0,2026-08-13,SETTLEMENT,MATCHED,TRAIN
3424,TRD103349,ACC-EQ-INDEX-04,INR,84718.0,84718.0,2026-08-21,SETTLEMENT,MATCHED,TEST
3425,TRD103350,ACC-EQ-INDEX-04,INR,1969878.15,1774665.0,2026-08-12,SETTLEMENT,MATCHED,TRAIN
3426,TRD103351,ACC-EQ-ALPHA-03,INR,123850.0,123850.0,2026-08-22,SETTLEMENT,MATCHED,TRAIN
3427,TRD103352,ACC-EQ-INDEX-04,INR,47001.0,47001.0,2026-08-18,SETTLEMENT,MATCHED,TRAIN
3428,TRD103352,ACC-EQ-INDEX-04,INR,47001.0,47001.0,2026-08-18,SETTLEMENT,MATCHED,TRAIN
3429,TRD103353,ACC-EQ-CORE-01,INR,609400.0,609400.0,2026-08-07,SETTLEMENT,MATCHED,TRAIN
3430,TRD103354,ACC-EQ-CORE-02,INR,1251967.5,1251967.5,2026-08-07,SETTLEMENT,MATCHED,TRAIN
3431,TRD103355,ACC-EQ-CORE-01,INR,152520.0,152520.0,2026-08-08,SETTLEMENT,MATCHED,TRAIN
3432,TRD103356,ACC-EQ-INDEX-04,INR,472490.0,472490.0,2026-08-05,SETTLEMENT,MATCHED,TRAIN
3433,TRD103357,ACC-EQ-CORE-01,INR,3908500.0,3908500.0,2026-08-05,SETTLEMENT,MATCHED,TRAIN
3434,TRD103358,ACC-EQ-ALPHA-03,INR,189558.0,189558.0,2026-08-07,SETTLEMENT,MATCHED,TRAIN
3435,TRD103359,ACC-EQ-CORE-02,INR,933735.0,933735.0,2026-08-14,SETTLEMENT,MATCHED,TRAIN
3436,TRD103360,ACC-EQ-CORE-01,INR,212330.0,212330.0,2026-08-15,SETTLEMENT,MATCHED,TRAIN
3437,TRD103361,ACC-EQ-INDEX-04,INR,294140.0,294140.0,2026-08-07,SETTLEMENT,MATCHED,TRAIN
3438,TRD103362,ACC-EQ-INDEX-04,INR,3080805.0,3080805.0,2026-08-14,SETTLEMENT,MATCHED,TEST
3439,TRD103363,ACC-EQ-INDEX-04,INR,4277730.0,4277730.0,2026-08-04,SETTLEMENT,MATCHED,TEST
3440,TRD103364,ACC-EQ-CORE-02,INR,86490.0,86490.0,2026-08-04,SETTLEMENT,MATCHED,TRAIN
3441,TRD103365,ACC-EQ-ALPHA-03,INR,17312.0,17312.0,2026-08-02,SETTLEMENT,MATCHED,TEST
3442,TRD103366,ACC-EQ-ALPHA-03,INR,418437.5,418437.5,2026-08-16,SETTLEMENT,MATCHED,TRAIN
3443,TRD103367,ACC-EQ-ALPHA-03,INR,848180.0,848180.0,2026-08-16,SETTLEMENT,MATCHED,TRAIN
3444,TRD103368,ACC-EQ-CORE-02,INR,848715.0,848715.0,2026-08-02,SETTLEMENT,MATCHED,TEST
3445,TRD103369,ACC-EQ-CORE-01,INR,917865.0,917865.0,2026-08-12,SETTLEMENT,MATCHED,TEST
3446,TRD103370,ACC-EQ-ALPHA-03,INR,172650.0,172650.0,2026-08-21,SETTLEMENT,MATCHED,TRAIN
3447,TRD103371,ACC-EQ-INDEX-04,INR,305900.0,305900.0,2026-08-09,SETTLEMENT,MATCHED,TRAIN
3448,TRD103372,ACC-EQ-CORE-01,INR,5473640.0,5473640.0,2026-08-04,SETTLEMENT,MATCHED,TRAIN
3449,TRD103373,ACC-EQ-INDEX-04,INR,1677750.0,1677750.0,2026-08-11,SETTLEMENT,MATCHED,TRAIN
3450,TRD103374,ACC-EQ-ALPHA-03,INR,2841645.0,2841645.0,2026-08-16,SETTLEMENT,MATCHED,TRAIN
3451,TRD103375,ACC-EQ-CORE-02,INR,117287.5,117287.5,2026-08-11,SETTLEMENT,MATCHED,TEST
3452,TRD103376,ACC-EQ-INDEX-04,INR,1234890.0,1234890.0,2026-08-02,SETTLEMENT,MATCHED,TRAIN
3453,TRD103377,ACC-EQ-INDEX-04,INR,1296945.0,1296945.0,2026-08-17,SETTLEMENT,MATCHED,TEST
3454,TRD103378,ACC-EQ-CORE-02,INR,189116.0,189116.0,2026-08-05,SETTLEMENT,MATCHED,TRAIN
3455,TRD103379,ACC-EQ-CORE-02,INR,473857.5,473857.5,2026-08-13,SETTLEMENT,MATCHED,TRAIN
3456,TRD103380,ACC-EQ-CORE-02,INR,930990.0,930990.0,2026-08-03,SETTLEMENT,MATCHED,TRAIN
3457,TRD103381,ACC-EQ-CORE-02,INR,43047.5,43047.5,2026-08-08,SETTLEMENT,MATCHED,TRAIN
3458,TRD103382,ACC-EQ-CORE-02,INR,710805.0,710805.0,2026-08-04,SETTLEMENT,MATCHED,TRAIN
3459,TRD103383,ACC-EQ-CORE-02,INR,172180.0,172180.0,2026-08-03,SETTLEMENT,MATCHED,TEST
3460,TRD103384,ACC-EQ-INDEX-04,INR,1244480.0,1244480.0,2026-08-03,SETTLEMENT,MATCHED,TRAIN
3461,TRD103385,ACC-EQ-CORE-02,INR,305555.0,305555.0,2026-08-09,SETTLEMENT,MATCHED,TRAIN
3462,TRD103386,ACC-EQ-INDEX-04,INR,6483130.0,6483130.0,2026-08-07,SETTLEMENT,MATCHED,TRAIN
3463,TRD103387,ACC-EQ-CORE-02,INR,284613.0,284613.0,2026-08-19,SETTLEMENT,MATCHED,TRAIN
3464,TRD103388,ACC-EQ-CORE-01,INR,1421310.0,1421310.0,2026-08-04,SETTLEMENT,MATCHED,TEST
3465,TRD103389,ACC-EQ-CORE-02,INR,2752500.0,2752500.0,2026-08-14,SETTLEMENT,MATCHED,TRAIN
3466,TRD103390,ACC-EQ-CORE-02,INR,1027537.5,1027537.5,2026-08-17,SETTLEMENT,MATCHED,TRAIN
3467,TRD103391,ACC-EQ-CORE-02,GBP,954720.0,936000.0,2026-08-13,SETTLEMENT,MATCHED,TRAIN
3468,TRD103392,ACC-EQ-CORE-01,INR,17225.0,17225.0,2026-08-21,SETTLEMENT,MATCHED,TRAIN
3469,TRD103393,ACC-EQ-CORE-02,INR,344360.0,344360.0,2026-08-05,SETTLEMENT,MATCHED,TEST
3470,TRD103394,ACC-EQ-INDEX-04,INR,3366460.0,3366460.0,2026-08-09,SETTLEMENT,MATCHED,TRAIN
3471,TRD103395,ACC-EQ-INDEX-04,INR,2503455.0,2503455.0,2026-08-15,SETTLEMENT,MATCHED,TRAIN
3472,TRD103396,ACC-EQ-CORE-01,INR,2828415.0,2828415.0,2026-08-05,SETTLEMENT,MATCHED,TRAIN
3473,TRD103397,ACC-EQ-CORE-01,INR,8266940.0,8266940.0,2026-08-09,SETTLEMENT,MATCHED,TRAIN
3474,TRD103397,ACC-EQ-CORE-01,INR,8266940.0,8266940.0,2026-08-09,SETTLEMENT,MATCHED,TRAIN
3475,TRD103398,ACC-EQ-CORE-01,INR,1464067.5,1464067.5,2026-08-06,SETTLEMENT,MATCHED,TRAIN
3477,TRD103400,ACC-EQ-CORE-01,INR,168732.0,168732.0,2026-08-06,SETTLEMENT,MATCHED,TRAIN
3478,TRD103401,ACC-EQ-INDEX-04,INR,167549.0,167549.0,2026-08-16,SETTLEMENT,MATCHED,TEST
3479,TRD103402,ACC-EQ-ALPHA-03,INR,2484220.0,2484220.0,2026-08-06,SETTLEMENT,MATCHED,TRAIN
3480,TRD103403,ACC-EQ-ALPHA-03,INR,378066.0,378066.0,2026-08-09,SETTLEMENT,MATCHED,TRAIN
3481,TRD103404,ACC-EQ-INDEX-04,INR,122180.0,122180.0,2026-08-02,SETTLEMENT,MATCHED,TRAIN
3482,TRD103405,ACC-EQ-CORE-02,INR,4275435.0,4275435.0,2026-08-14,SETTLEMENT,MATCHED,TRAIN
3483,TRD103406,ACC-EQ-INDEX-04,INR,86445.0,86445.0,2026-08-20,SETTLEMENT,MATCHED,TRAIN
3484,TRD103407,ACC-EQ-ALPHA-03,INR,4136100.0,4136100.0,2026-08-03,SETTLEMENT,MATCHED,TRAIN
3485,TRD103408,ACC-EQ-ALPHA-03,INR,459870.0,459870.0,2026-08-10,SETTLEMENT,MATCHED,TEST
3486,TRD103409,ACC-EQ-ALPHA-03,USD,293932.8,306180.0,2026-08-19,SETTLEMENT,MATCHED,TRAIN
3487,TRD103410,ACC-EQ-ALPHA-03,INR,1216240.0,1216240.0,2026-08-07,SETTLEMENT,MATCHED,TRAIN
3488,TRD103411,ACC-EQ-ALPHA-03,INR,117410.0,117410.0,2026-08-07,SETTLEMENT,MATCHED,TRAIN
3489,TRD103412,ACC-EQ-INDEX-04,INR,13010780.0,13010780.0,2026-08-04,SETTLEMENT,MATCHED,TRAIN
3490,TRD103413,ACC-EQ-CORE-01,INR,917025.0,917025.0,2026-08-13,SETTLEMENT,MATCHED,TRAIN
3491,TRD103414,ACC-EQ-CORE-02,INR,1264185.0,1264185.0,2026-08-11,SETTLEMENT,MATCHED,TRAIN
3492,TRD103415,ACC-EQ-CORE-01,INR,1601704.95,1261185.0,2026-08-22,SETTLEMENT,MATCHED,TRAIN
3493,TRD103416,ACC-EQ-ALPHA-03,INR,684655.0,684655.0,2026-08-10,SETTLEMENT,MATCHED,TRAIN
3494,TRD103417,ACC-EQ-INDEX-04,INR,118365.0,118365.0,2026-08-21,SETTLEMENT,MATCHED,TRAIN
3495,TRD103418,ACC-EQ-CORE-01,INR,4177152.0,3763200.0,2026-08-15,SETTLEMENT,MATCHED,TRAIN
3496,TRD103419,ACC-EQ-ALPHA-03,INR,173020.0,173020.0,2026-08-03,SETTLEMENT,MATCHED,TEST
3497,TRD103420,ACC-EQ-CORE-01,INR,416985.0,416985.0,2026-08-11,SETTLEMENT,MATCHED,TRAIN
3498,TRD103421,ACC-EQ-CORE-01,INR,305525.0,305525.0,2026-08-03,SETTLEMENT,MATCHED,TRAIN
3499,TRD103422,ACC-EQ-CORE-02,INR,1679610.0,1679610.0,2026-08-19,SETTLEMENT,MATCHED,TEST
3500,TRD103423,ACC-EQ-CORE-02,INR,1422495.0,1422495.0,2026-08-04,SETTLEMENT,MATCHED,TRAIN
3501,TRD103424,ACC-EQ-CORE-02,INR,1547629.51,1300529.0,2026-08-15,SETTLEMENT,MATCHED,TRAIN
3502,TRD103425,ACC-EQ-CORE-01,INR,46806.0,46806.0,2026-08-10,SETTLEMENT,MATCHED,TRAIN
3504,TRD103427,ACC-EQ-CORE-02,INR,1667000.0,1667000.0,2026-08-20,SETTLEMENT,MATCHED,TRAIN
3506,TRD103429,ACC-EQ-INDEX-04,INR,6501245.0,6501245.0,2026-08-08,SETTLEMENT,MATCHED,TRAIN
3507,TRD103430,ACC-EQ-ALPHA-03,INR,2133240.0,2133240.0,2026-08-04,SETTLEMENT,MATCHED,TRAIN
3508,TRD103431,ACC-EQ-CORE-01,INR,334668.0,334668.0,2026-08-10,SETTLEMENT,MATCHED,TRAIN
3509,TRD103432,ACC-EQ-ALPHA-03,INR,117182.5,117182.5,2026-08-14,SETTLEMENT,MATCHED,TRAIN
3510,TRD103433,ACC-EQ-ALPHA-03,INR,168908.0,168908.0,2026-08-08,SETTLEMENT,MATCHED,TRAIN
3511,TRD103434,ACC-EQ-INDEX-04,INR,118401.0,118401.0,2026-08-15,SETTLEMENT,MATCHED,TRAIN
3512,TRD103435,ACC-EQ-CORE-01,INR,12928090.0,12928090.0,2026-08-19,SETTLEMENT,MATCHED,TRAIN
3513,TRD103436,ACC-EQ-CORE-02,INR,25991080.0,25991080.0,2026-08-20,SETTLEMENT,MATCHED,TRAIN
3514,TRD103437,ACC-EQ-CORE-02,EUR,145812.0,151887.5,2026-08-07,SETTLEMENT,MATCHED,TRAIN
3515,TRD103438,ACC-EQ-CORE-02,INR,933127.5,933127.5,2026-08-04,SETTLEMENT,MATCHED,TRAIN
3516,TRD103439,ACC-EQ-INDEX-04,INR,1239910.0,1239910.0,2026-08-12,SETTLEMENT,MATCHED,TRAIN
3517,TRD103440,ACC-EQ-ALPHA-03,INR,46733.0,46733.0,2026-08-11,SETTLEMENT,MATCHED,TRAIN
3518,TRD103441,ACC-EQ-ALPHA-03,INR,422252.5,422252.5,2026-08-20,SETTLEMENT,MATCHED,TRAIN
3519,TRD103442,ACC-EQ-CORE-01,INR,945300.0,945300.0,2026-08-10,SETTLEMENT,MATCHED,TRAIN
3520,TRD103442,ACC-EQ-CORE-01,INR,945300.0,945300.0,2026-08-10,SETTLEMENT,MATCHED,TRAIN
3521,TRD103443,ACC-EQ-ALPHA-03,INR,1177030.0,1177030.0,2026-08-12,SETTLEMENT,MATCHED,TRAIN
3522,TRD103444,ACC-EQ-ALPHA-03,INR,456270.0,456270.0,2026-08-14,SETTLEMENT,MATCHED,TRAIN
3523,TRD103445,ACC-EQ-CORE-02,INR,84843.0,84843.0,2026-08-03,SETTLEMENT,MATCHED,TRAIN
3524,TRD103446,ACC-EQ-ALPHA-03,INR,734278.0,734278.0,2026-08-15,SETTLEMENT,MATCHED,TRAIN
3525,TRD103447,ACC-EQ-INDEX-04,INR,19516155.0,19516155.0,2026-08-11,SETTLEMENT,MATCHED,TEST
3526,TRD103448,ACC-EQ-INDEX-04,INR,620135.0,620135.0,2026-08-14,SETTLEMENT,MATCHED,TRAIN
3527,TRD103449,ACC-EQ-ALPHA-03,INR,7385560.0,7385560.0,2026-08-13,SETTLEMENT,MATCHED,TRAIN
3528,TRD103450,ACC-EQ-INDEX-04,INR,30778517.0,25864300.0,2026-08-14,SETTLEMENT,MATCHED,TRAIN
3529,TRD103451,ACC-EQ-ALPHA-03,INR,636622.5,636622.5,2026-08-04,SETTLEMENT,MATCHED,TEST
3530,TRD103452,ACC-EQ-CORE-01,INR,712287.5,712287.5,2026-08-07,SETTLEMENT,MATCHED,TEST
3531,TRD103453,ACC-EQ-INDEX-04,INR,2055795.0,2055795.0,2026-08-16,SETTLEMENT,MATCHED,TEST
3532,TRD103454,ACC-EQ-ALPHA-03,INR,619550.0,619550.0,2026-08-15,SETTLEMENT,MATCHED,TRAIN
3533,TRD103455,ACC-EQ-CORE-02,INR,837135.0,837135.0,2026-08-15,SETTLEMENT,MATCHED,TEST
3534,TRD103456,ACC-EQ-CORE-02,INR,4275030.0,4275030.0,2026-08-16,SETTLEMENT,MATCHED,TRAIN
3535,TRD103457,ACC-EQ-CORE-02,INR,19464360.0,19464360.0,2026-08-05,SETTLEMENT,MATCHED,TRAIN
3537,TRD103459,ACC-EQ-INDEX-04,INR,118345.0,118345.0,2026-08-16,SETTLEMENT,MATCHED,TRAIN
3538,TRD103460,ACC-EQ-INDEX-04,INR,1678150.0,1678150.0,2026-08-03,SETTLEMENT,MATCHED,TRAIN
3539,TRD103461,ACC-EQ-INDEX-04,INR,1765140.0,1765140.0,2026-08-07,SETTLEMENT,MATCHED,TRAIN
3540,TRD103462,ACC-EQ-CORE-01,INR,2859020.0,2859020.0,2026-08-22,SETTLEMENT,MATCHED,TRAIN
3541,TRD103463,ACC-EQ-INDEX-04,INR,293997.5,293997.5,2026-08-05,SETTLEMENT,MATCHED,TEST
3542,TRD103464,ACC-EQ-INDEX-04,INR,1866135.0,1866135.0,2026-08-04,SETTLEMENT,MATCHED,TRAIN
3544,TRD103466,ACC-EQ-CORE-02,INR,686935.0,686935.0,2026-08-02,SETTLEMENT,MATCHED,TRAIN
3545,TRD103467,ACC-EQ-CORE-02,INR,550070.0,550070.0,2026-08-20,SETTLEMENT,MATCHED,TEST
3546,TRD103468,ACC-EQ-CORE-02,INR,1029350.0,1029350.0,2026-08-12,SETTLEMENT,MATCHED,TRAIN
3547,TRD103469,ACC-EQ-INDEX-04,USD,8674134.0,8261080.0,2026-08-02,SETTLEMENT,MATCHED,TRAIN
3548,TRD103470,ACC-EQ-CORE-02,INR,882277.5,882277.5,2026-08-20,SETTLEMENT,MATCHED,TRAIN
3549,TRD103471,ACC-EQ-CORE-02,INR,841555.0,841555.0,2026-08-04,SETTLEMENT,MATCHED,TRAIN
3550,TRD103472,ACC-EQ-INDEX-04,INR,123600.0,123600.0,2026-08-13,SETTLEMENT,MATCHED,TRAIN
3551,TRD103473,ACC-EQ-ALPHA-03,INR,4279980.0,4279980.0,2026-08-04,SETTLEMENT,MATCHED,TRAIN
3552,TRD103474,ACC-EQ-CORE-02,INR,167299.0,167299.0,2026-08-21,SETTLEMENT,MATCHED,TRAIN
3553,TRD103475,ACC-EQ-CORE-02,INR,1258395.0,1258395.0,2026-08-09,SETTLEMENT,MATCHED,TEST
3554,TRD103476,ACC-EQ-INDEX-04,INR,93700.0,93700.0,2026-08-18,SETTLEMENT,MATCHED,TRAIN
3555,TRD103477,ACC-EQ-CORE-01,INR,1469167.5,1469167.5,2026-08-05,SETTLEMENT,MATCHED,TEST
3556,TRD103478,ACC-EQ-CORE-02,INR,1272652.5,1272652.5,2026-08-20,SETTLEMENT,MATCHED,TRAIN
3557,TRD103479,ACC-EQ-CORE-01,INR,84306.0,84306.0,2026-08-16,SETTLEMENT,MATCHED,TRAIN
3558,TRD103480,ACC-EQ-INDEX-04,INR,712000.0,712000.0,2026-08-11,SETTLEMENT,MATCHED,TEST
3559,TRD103481,ACC-EQ-CORE-01,INR,167542.0,167542.0,2026-08-19,SETTLEMENT,MATCHED,TRAIN
3560,TRD103482,ACC-EQ-INDEX-04,INR,2825535.0,2825535.0,2026-08-07,SETTLEMENT,MATCHED,TRAIN
3561,TRD103483,ACC-EQ-CORE-01,INR,1471657.5,1471657.5,2026-08-18,SETTLEMENT,MATCHED,TRAIN
3562,TRD103484,ACC-EQ-CORE-02,INR,117245.0,117245.0,2026-08-20,SETTLEMENT,MATCHED,TRAIN
3563,TRD103485,ACC-EQ-CORE-01,INR,1460745.0,1460745.0,2026-08-15,SETTLEMENT,MATCHED,TRAIN
3564,TRD103486,ACC-EQ-CORE-02,INR,34566.0,34566.0,2026-08-14,SETTLEMENT,MATCHED,TRAIN
3565,TRD103487,ACC-EQ-CORE-02,INR,2526285.0,2526285.0,2026-08-19,SETTLEMENT,MATCHED,TRAIN
3566,TRD103488,ACC-EQ-INDEX-04,INR,334894.0,334894.0,2026-08-22,SETTLEMENT,MATCHED,TRAIN
3567,TRD103489,ACC-EQ-INDEX-04,INR,1463557.5,1463557.5,2026-08-08,SETTLEMENT,MATCHED,TRAIN
3568,TRD103490,ACC-EQ-INDEX-04,INR,1464337.5,1464337.5,2026-08-18,SETTLEMENT,MATCHED,TEST
3569,TRD103491,ACC-EQ-CORE-02,INR,1025150.0,1025150.0,2026-08-11,SETTLEMENT,MATCHED,TRAIN
3570,TRD103492,ACC-EQ-CORE-01,INR,1884910.0,1884910.0,2026-08-21,SETTLEMENT,MATCHED,TEST
3572,TRD103494,ACC-EQ-INDEX-04,INR,168617.0,168617.0,2026-08-14,SETTLEMENT,MATCHED,TRAIN
3573,TRD103494,ACC-EQ-INDEX-04,INR,168617.0,168617.0,2026-08-14,SETTLEMENT,MATCHED,TRAIN
3574,TRD103495,ACC-EQ-ALPHA-03,INR,1414072.5,1414072.5,2026-08-12,SETTLEMENT,MATCHED,TRAIN
3575,TRD103496,ACC-EQ-CORE-01,INR,691465.0,843250.0,2026-08-15,SETTLEMENT,MATCHED,TRAIN
3576,TRD103497,ACC-EQ-CORE-01,INR,2753260.0,2753260.0,2026-08-10,SETTLEMENT,MATCHED,TRAIN
3577,TRD103498,ACC-EQ-CORE-02,INR,19533675.0,19533675.0,2026-08-10,SETTLEMENT,MATCHED,TRAIN
3578,TRD103499,ACC-EQ-ALPHA-03,INR,1699620.0,1699620.0,2026-08-09,SETTLEMENT,MATCHED,TEST
3579,TRD103500,ACC-EQ-CORE-02,INR,914715.0,914715.0,2026-08-08,SETTLEMENT,MATCHED,TRAIN
3580,TRD103501,ACC-EQ-INDEX-04,INR,4271610.0,4271610.0,2026-08-16,SETTLEMENT,MATCHED,TRAIN
3581,TRD103502,ACC-EQ-INDEX-04,INR,235176.0,235176.0,2026-08-20,SETTLEMENT,MATCHED,TRAIN
3582,TRD103503,ACC-EQ-INDEX-04,INR,189883.0,189883.0,2026-08-07,SETTLEMENT,MATCHED,TRAIN
3583,TRD103504,ACC-EQ-INDEX-04,INR,2837250.0,2837250.0,2026-08-06,SETTLEMENT,MATCHED,TEST
3584,TRD103505,ACC-EQ-INDEX-04,INR,339658.0,339658.0,2026-08-20,SETTLEMENT,MATCHED,TRAIN
3585,TRD103506,ACC-EQ-CORE-02,INR,1673140.0,1673140.0,2026-08-20,SETTLEMENT,MATCHED,TRAIN
3586,TRD103507,ACC-EQ-INDEX-04,INR,1679410.0,1679410.0,2026-08-17,SETTLEMENT,MATCHED,TEST
3587,TRD103508,ACC-EQ-ALPHA-03,INR,117075.0,117075.0,2026-08-15,SETTLEMENT,MATCHED,TRAIN
3588,TRD103509,ACC-EQ-ALPHA-03,INR,1256715.0,1256715.0,2026-08-03,SETTLEMENT,MATCHED,TRAIN
3589,TRD103510,ACC-EQ-CORE-02,INR,4108390.0,4108390.0,2026-08-18,SETTLEMENT,MATCHED,TEST
3590,TRD103511,ACC-EQ-CORE-01,INR,472115.0,472115.0,2026-08-02,SETTLEMENT,MATCHED,TRAIN
3591,TRD103512,ACC-EQ-CORE-02,INR,124269.0,124269.0,2026-08-16,SETTLEMENT,MATCHED,TRAIN
3592,TRD103513,ACC-EQ-ALPHA-03,INR,2064165.0,2064165.0,2026-08-09,SETTLEMENT,MATCHED,TRAIN
3593,TRD103514,ACC-EQ-INDEX-04,INR,1251600.0,1251600.0,2026-08-08,SETTLEMENT,MATCHED,TRAIN
3594,TRD103515,ACC-EQ-INDEX-04,INR,3766700.0,3766700.0,2026-08-20,SETTLEMENT,MATCHED,TRAIN
3595,TRD103516,ACC-EQ-CORE-01,INR,19430505.0,19430505.0,2026-08-06,SETTLEMENT,MATCHED,TRAIN
3596,TRD103517,ACC-EQ-ALPHA-03,INR,293752.5,293752.5,2026-08-07,SETTLEMENT,MATCHED,TEST
3597,TRD103518,ACC-EQ-CORE-01,INR,5729120.0,5729120.0,2026-08-15,SETTLEMENT,MATCHED,TRAIN
3598,TRD103519,ACC-EQ-CORE-01,INR,5499525.0,5499525.0,2026-08-20,SETTLEMENT,MATCHED,TEST
3599,TRD103520,ACC-EQ-ALPHA-03,INR,424202.5,424202.5,2026-08-04,SETTLEMENT,MATCHED,TRAIN
3600,TRD103521,ACC-EQ-CORE-01,INR,195469.0,195469.0,2026-08-15,SETTLEMENT,MATCHED,TRAIN
3601,TRD103522,ACC-EQ-ALPHA-03,INR,1185890.0,1185890.0,2026-08-06,SETTLEMENT,MATCHED,TRAIN
3602,TRD103523,ACC-EQ-ALPHA-03,INR,622235.0,622235.0,2026-08-11,SETTLEMENT,MATCHED,TEST
3603,TRD103524,ACC-EQ-CORE-02,INR,152310.0,152310.0,2026-08-04,SETTLEMENT,MATCHED,TRAIN
3604,TRD103525,ACC-EQ-CORE-01,INR,1962550.0,1962550.0,2026-08-05,SETTLEMENT,MATCHED,TRAIN
3605,TRD103526,ACC-EQ-INDEX-04,INR,934960.0,934960.0,2026-08-07,SETTLEMENT,MATCHED,TRAIN
3606,TRD103527,ACC-EQ-CORE-02,INR,1424095.0,1424095.0,2026-08-20,SETTLEMENT,MATCHED,TEST
3607,TRD103528,ACC-EQ-CORE-01,INR,1896600.0,1896600.0,2026-08-20,SETTLEMENT,MATCHED,TRAIN
3608,TRD103529,ACC-EQ-CORE-02,INR,7337740.0,7337740.0,2026-08-16,SETTLEMENT,MATCHED,TRAIN
3609,TRD103530,ACC-EQ-INDEX-04,INR,153060.0,153060.0,2026-08-11,SETTLEMENT,MATCHED,TRAIN
3610,TRD103531,ACC-EQ-CORE-01,INR,369044.0,369044.0,2026-08-17,SETTLEMENT,MATCHED,TEST
3611,TRD103532,ACC-EQ-CORE-01,INR,918870.0,918870.0,2026-08-09,SETTLEMENT,MATCHED,TRAIN
3612,TRD103533,ACC-EQ-CORE-01,INR,1219640.0,1219640.0,2026-08-04,SETTLEMENT,MATCHED,TRAIN
3613,TRD103534,ACC-EQ-CORE-01,INR,196504.0,196504.0,2026-08-19,SETTLEMENT,MATCHED,TRAIN
3614,TRD103535,ACC-EQ-ALPHA-03,INR,306580.0,306580.0,2026-08-07,SETTLEMENT,MATCHED,TEST
3615,TRD103536,ACC-EQ-CORE-01,INR,1239350.0,1239350.0,2026-08-10,SETTLEMENT,MATCHED,TRAIN
3616,TRD103537,ACC-EQ-CORE-01,INR,367442.0,367442.0,2026-08-19,SETTLEMENT,MATCHED,TRAIN
3617,TRD103538,ACC-EQ-ALPHA-03,INR,1687160.0,1687160.0,2026-08-21,SETTLEMENT,MATCHED,TRAIN
3618,TRD103539,ACC-EQ-INDEX-04,INR,237046.0,237046.0,2026-08-03,SETTLEMENT,MATCHED,TRAIN
3619,TRD103540,ACC-EQ-CORE-01,INR,284437.0,284437.0,2026-08-20,SETTLEMENT,MATCHED,TEST
3620,TRD103541,ACC-EQ-CORE-02,INR,631770.0,631770.0,2026-08-10,SETTLEMENT,MATCHED,TEST
3621,TRD103542,ACC-EQ-CORE-02,INR,379210.0,379210.0,2026-08-02,SETTLEMENT,MATCHED,TRAIN
3622,TRD103543,ACC-EQ-ALPHA-03,INR,423730.0,423730.0,2026-08-03,SETTLEMENT,MATCHED,TRAIN
3623,TRD103544,ACC-EQ-INDEX-04,INR,1468657.5,1468657.5,2026-08-02,SETTLEMENT,MATCHED,TRAIN
3624,TRD103545,ACC-EQ-ALPHA-03,INR,2830395.0,2830395.0,2026-08-21,SETTLEMENT,MATCHED,TRAIN
3625,TRD103546,ACC-EQ-CORE-02,INR,258105.0,258105.0,2026-08-15,SETTLEMENT,MATCHED,TRAIN
3626,TRD103547,ACC-EQ-CORE-02,INR,304695.0,304695.0,2026-08-15,SETTLEMENT,MATCHED,TRAIN
3627,TRD103548,ACC-EQ-ALPHA-03,INR,86315.0,86315.0,2026-08-16,SETTLEMENT,MATCHED,TRAIN
3628,TRD103549,ACC-EQ-CORE-01,INR,368980.0,368980.0,2026-08-15,SETTLEMENT,MATCHED,TRAIN
3629,TRD103550,ACC-EQ-CORE-01,INR,709355.0,709355.0,2026-08-05,SETTLEMENT,MATCHED,TRAIN
3630,TRD103551,ACC-EQ-CORE-02,INR,6462670.0,6462670.0,2026-08-08,SETTLEMENT,MATCHED,TEST
3631,TRD103552,ACC-EQ-ALPHA-03,INR,336714.0,336714.0,2026-08-19,SETTLEMENT,MATCHED,TRAIN
3632,TRD103553,ACC-EQ-CORE-01,INR,212035.0,212035.0,2026-08-09,SETTLEMENT,MATCHED,TRAIN
3633,TRD103554,ACC-EQ-CORE-02,INR,1762095.0,1762095.0,2026-08-16,SETTLEMENT,MATCHED,TRAIN
3634,TRD103555,ACC-EQ-CORE-01,INR,2842690.0,2842690.0,2026-08-17,SETTLEMENT,MATCHED,TRAIN
3635,TRD103556,ACC-EQ-INDEX-04,INR,351195.0,351195.0,2026-08-10,SETTLEMENT,MATCHED,TEST
3636,TRD103557,ACC-EQ-INDEX-04,INR,3258582.5,3258582.5,2026-08-08,SETTLEMENT,MATCHED,TRAIN
3637,TRD103558,ACC-EQ-ALPHA-03,INR,1865775.0,1865775.0,2026-08-21,SETTLEMENT,MATCHED,TEST
3639,TRD103560,ACC-EQ-INDEX-04,INR,19407660.0,19407660.0,2026-08-12,SETTLEMENT,MATCHED,TRAIN
3640,TRD103561,ACC-EQ-INDEX-04,INR,424815.0,424815.0,2026-08-06,SETTLEMENT,MATCHED,TRAIN
3641,TRD103562,ACC-EQ-INDEX-04,INR,455550.0,455550.0,2026-08-13,SETTLEMENT,MATCHED,TEST
3642,TRD103563,ACC-EQ-CORE-01,INR,2513220.0,2513220.0,2026-08-03,SETTLEMENT,MATCHED,TRAIN
3643,TRD103564,ACC-EQ-CORE-01,USD,170692.92,167346.0,2026-08-09,SETTLEMENT,MATCHED,TRAIN
3644,TRD103565,ACC-EQ-INDEX-04,EUR,664271.1,714270.0,2026-08-22,SETTLEMENT,MATCHED,TRAIN
3645,TRD103566,ACC-EQ-CORE-01,INR,1299607.0,1299607.0,2026-08-20,SETTLEMENT,MATCHED,TRAIN
3646,TRD103567,ACC-EQ-CORE-02,INR,118134.0,118134.0,2026-08-07,SETTLEMENT,MATCHED,TEST
3648,TRD103569,ACC-EQ-INDEX-04,INR,305990.0,305990.0,2026-08-16,SETTLEMENT,MATCHED,TEST
3649,TRD103570,ACC-EQ-CORE-01,INR,398995.1,335290.0,2026-08-07,SETTLEMENT,MATCHED,TRAIN
3650,TRD103571,ACC-EQ-INDEX-04,INR,1762290.0,1762290.0,2026-08-16,SETTLEMENT,MATCHED,TRAIN
3651,TRD103572,ACC-EQ-CORE-02,INR,1950960.0,1950960.0,2026-08-10,SETTLEMENT,MATCHED,TRAIN
3652,TRD103573,ACC-EQ-ALPHA-03,INR,635767.5,635767.5,2026-08-21,SETTLEMENT,MATCHED,TRAIN
3653,TRD103574,ACC-EQ-CORE-01,INR,333782.0,333782.0,2026-08-02,SETTLEMENT,MATCHED,TRAIN
3654,TRD103575,ACC-EQ-ALPHA-03,INR,845850.0,845850.0,2026-08-11,SETTLEMENT,MATCHED,TRAIN
3655,TRD103576,ACC-EQ-ALPHA-03,INR,424150.0,424150.0,2026-08-21,SETTLEMENT,MATCHED,TRAIN
3656,TRD103577,ACC-EQ-INDEX-04,USD,8539888.5,8251100.0,2026-08-03,SETTLEMENT,MATCHED,TRAIN
3657,TRD103578,ACC-EQ-INDEX-04,INR,1431940.0,1431940.0,2026-08-15,SETTLEMENT,MATCHED,TRAIN
3658,TRD103579,ACC-EQ-INDEX-04,INR,1852455.0,1852455.0,2026-08-02,SETTLEMENT,MATCHED,TEST
3659,TRD103580,ACC-EQ-CORE-02,INR,4134945.0,4134945.0,2026-08-14,SETTLEMENT,MATCHED,TRAIN
3660,TRD103581,ACC-EQ-CORE-01,INR,168894.0,168894.0,2026-08-13,SETTLEMENT,MATCHED,TRAIN
3661,TRD103582,ACC-EQ-CORE-01,INR,166796.0,166796.0,2026-08-09,SETTLEMENT,MATCHED,TEST
3662,TRD103583,ACC-EQ-INDEX-04,INR,93608.0,93608.0,2026-08-03,SETTLEMENT,MATCHED,TRAIN
3664,TRD103585,ACC-EQ-CORE-01,INR,1177980.0,1177980.0,2026-08-20,SETTLEMENT,MATCHED,TRAIN
3665,TRD103586,ACC-EQ-INDEX-04,INR,1237250.0,1237250.0,2026-08-12,SETTLEMENT,MATCHED,TRAIN
3666,TRD103587,ACC-EQ-INDEX-04,INR,1684820.0,1684820.0,2026-08-04,SETTLEMENT,MATCHED,TRAIN
3667,TRD103588,ACC-EQ-CORE-02,INR,459352.5,459352.5,2026-08-14,SETTLEMENT,MATCHED,TEST
3668,TRD103589,ACC-EQ-CORE-02,INR,1273290.0,1273290.0,2026-08-19,SETTLEMENT,MATCHED,TRAIN
3669,TRD103589,ACC-EQ-CORE-02,INR,1273290.0,1273290.0,2026-08-19,SETTLEMENT,MATCHED,TRAIN
3670,TRD103590,ACC-EQ-INDEX-04,INR,1217820.0,1217820.0,2026-08-19,SETTLEMENT,MATCHED,TEST
3671,TRD103591,ACC-EQ-INDEX-04,INR,1683580.0,1683580.0,2026-08-07,SETTLEMENT,MATCHED,TEST
3672,TRD103592,ACC-EQ-CORE-01,INR,549350.0,549350.0,2026-08-09,SETTLEMENT,MATCHED,TRAIN
3673,TRD103593,ACC-EQ-CORE-02,INR,189226.0,189226.0,2026-08-15,SETTLEMENT,MATCHED,TEST
3674,TRD103594,ACC-EQ-INDEX-04,INR,419597.5,419597.5,2026-08-21,SETTLEMENT,MATCHED,TRAIN
3675,TRD103595,ACC-EQ-ALPHA-03,INR,684412.5,684412.5,2026-08-14,SETTLEMENT,MATCHED,TEST
3676,TRD103596,ACC-EQ-INDEX-04,INR,471735.0,471735.0,2026-08-07,SETTLEMENT,MATCHED,TRAIN
3678,TRD103598,ACC-EQ-CORE-02,INR,1677740.0,1677740.0,2026-08-03,SETTLEMENT,MATCHED,TEST
3679,TRD103599,ACC-EQ-INDEX-04,USD,580055.64,568682.0,2026-08-02,SETTLEMENT,MATCHED,TRAIN
3680,TRD103600,ACC-EQ-CORE-02,INR,418867.5,418867.5,2026-08-11,SETTLEMENT,MATCHED,TRAIN
3681,TRD103601,ACC-EQ-CORE-01,INR,93878.0,93878.0,2026-08-18,SETTLEMENT,MATCHED,TRAIN
3682,TRD103602,ACC-EQ-ALPHA-03,INR,848660.0,848660.0,2026-08-12,SETTLEMENT,MATCHED,TRAIN
3683,TRD103603,ACC-EQ-INDEX-04,INR,257535.0,257535.0,2026-08-16,SETTLEMENT,MATCHED,TRAIN
3684,TRD103604,ACC-EQ-INDEX-04,INR,834455.0,834455.0,2026-08-02,SETTLEMENT,MATCHED,TRAIN
3685,TRD103605,ACC-EQ-CORE-02,INR,839055.0,839055.0,2026-08-07,SETTLEMENT,MATCHED,TRAIN
3686,TRD103606,ACC-EQ-CORE-01,INR,937500.0,937500.0,2026-08-08,SETTLEMENT,MATCHED,TEST
3687,TRD103607,ACC-EQ-INDEX-04,INR,17323.0,17323.0,2026-08-14,SETTLEMENT,MATCHED,TRAIN
3688,TRD103608,ACC-EQ-CORE-01,INR,343180.0,343180.0,2026-08-19,SETTLEMENT,MATCHED,TRAIN
3689,TRD103609,ACC-EQ-ALPHA-03,INR,168761.0,168761.0,2026-08-12,SETTLEMENT,MATCHED,TRAIN
3690,TRD103610,ACC-EQ-INDEX-04,INR,1460685.0,1460685.0,2026-08-03,SETTLEMENT,MATCHED,TRAIN
3691,TRD103611,ACC-EQ-CORE-01,INR,60811.0,60811.0,2026-08-17,SETTLEMENT,MATCHED,TEST
3692,TRD103612,ACC-EQ-INDEX-04,INR,468930.0,468930.0,2026-08-15,SETTLEMENT,MATCHED,TRAIN
3693,TRD103613,ACC-EQ-CORE-01,INR,84849.0,84849.0,2026-08-15,SETTLEMENT,MATCHED,TRAIN
3694,TRD103614,ACC-EQ-ALPHA-03,INR,2505030.0,2505030.0,2026-08-18,SETTLEMENT,MATCHED,TEST
3695,TRD103615,ACC-EQ-INDEX-04,INR,129915.0,129915.0,2026-08-04,SETTLEMENT,MATCHED,TRAIN
3696,TRD103616,ACC-EQ-CORE-02,INR,1693660.0,1693660.0,2026-08-08,SETTLEMENT,MATCHED,TRAIN
3697,TRD103617,ACC-EQ-ALPHA-03,INR,459330.0,459330.0,2026-08-21,SETTLEMENT,MATCHED,TRAIN
3698,TRD103618,ACC-EQ-CORE-02,INR,2859450.0,2859450.0,2026-08-02,SETTLEMENT,MATCHED,TRAIN
3699,TRD103619,ACC-EQ-CORE-02,INR,19523565.0,19523565.0,2026-08-15,SETTLEMENT,MATCHED,TRAIN
3700,TRD103620,ACC-EQ-CORE-01,INR,949645.0,949645.0,2026-08-10,SETTLEMENT,MATCHED,TRAIN
3701,TRD103621,ACC-EQ-CORE-01,INR,1032440.0,1032440.0,2026-08-20,SETTLEMENT,MATCHED,TEST
3702,TRD103622,ACC-EQ-ALPHA-03,INR,634597.5,634597.5,2026-08-12,SETTLEMENT,MATCHED,TRAIN
3703,TRD103623,ACC-EQ-CORE-02,INR,568290.0,568290.0,2026-08-16,SETTLEMENT,MATCHED,TRAIN
3704,TRD103623,ACC-EQ-CORE-02,INR,568290.0,568290.0,2026-08-16,SETTLEMENT,MATCHED,TRAIN
3705,TRD103624,ACC-EQ-ALPHA-03,INR,86500.0,86500.0,2026-08-18,SETTLEMENT,MATCHED,TEST
3706,TRD103625,ACC-EQ-ALPHA-03,INR,311212.5,311212.5,2026-08-22,SETTLEMENT,MATCHED,TRAIN
3707,TRD103626,ACC-EQ-CORE-02,INR,1223700.0,1223700.0,2026-08-17,SETTLEMENT,MATCHED,TRAIN
3708,TRD103627,ACC-EQ-INDEX-04,INR,3351260.0,3351260.0,2026-08-19,SETTLEMENT,MATCHED,TEST
3709,TRD103628,ACC-EQ-INDEX-04,INR,631455.0,631455.0,2026-08-18,SETTLEMENT,MATCHED,TRAIN
3710,TRD103629,ACC-EQ-ALPHA-03,INR,305780.0,305780.0,2026-08-10,SETTLEMENT,MATCHED,TRAIN
3711,TRD103630,ACC-EQ-ALPHA-03,INR,2487740.0,2487740.0,2026-08-20,SETTLEMENT,MATCHED,TRAIN
3712,TRD103631,ACC-EQ-ALPHA-03,INR,2850940.0,2850940.0,2026-08-16,SETTLEMENT,MATCHED,TEST
3713,TRD103632,ACC-EQ-CORE-02,INR,841545.0,841545.0,2026-08-21,SETTLEMENT,MATCHED,TRAIN
3714,TRD103633,ACC-EQ-CORE-02,INR,336560.0,336560.0,2026-08-19,SETTLEMENT,MATCHED,TRAIN
3715,TRD103634,ACC-EQ-INDEX-04,INR,6174990.0,6174990.0,2026-08-02,SETTLEMENT,MATCHED,TRAIN
3716,TRD103634,ACC-EQ-INDEX-04,INR,6174990.0,6174990.0,2026-08-02,SETTLEMENT,MATCHED,TRAIN
3717,TRD103635,ACC-EQ-ALPHA-03,INR,847570.0,847570.0,2026-08-18,SETTLEMENT,MATCHED,TRAIN
3718,TRD103636,ACC-EQ-ALPHA-03,INR,702105.0,702105.0,2026-08-13,SETTLEMENT,MATCHED,TEST
3719,TRD103637,ACC-EQ-CORE-01,INR,1417305.0,1417305.0,2026-08-10,SETTLEMENT,MATCHED,TRAIN
3720,TRD103638,ACC-EQ-CORE-02,INR,3375300.0,3375300.0,2026-08-15,SETTLEMENT,MATCHED,TRAIN
3721,TRD103639,ACC-EQ-ALPHA-03,INR,195291.0,195291.0,2026-08-15,SETTLEMENT,MATCHED,TEST
3722,TRD103640,ACC-EQ-ALPHA-03,INR,168534.0,168534.0,2026-08-10,SETTLEMENT,MATCHED,TRAIN
3723,TRD103641,ACC-EQ-CORE-02,INR,5514980.0,5514980.0,2026-08-02,SETTLEMENT,MATCHED,TRAIN
3724,TRD103642,ACC-EQ-CORE-02,INR,5542980.0,5542980.0,2026-08-15,SETTLEMENT,MATCHED,TRAIN
3725,TRD103643,ACC-EQ-CORE-01,INR,26055340.0,26055340.0,2026-08-04,SETTLEMENT,MATCHED,TRAIN
3726,TRD103644,ACC-EQ-ALPHA-03,INR,841360.0,841360.0,2026-08-21,SETTLEMENT,MATCHED,TEST
3727,TRD103644,ACC-EQ-ALPHA-03,INR,841360.0,841360.0,2026-08-21,SETTLEMENT,MATCHED,TEST
3728,TRD103645,ACC-EQ-CORE-02,INR,86235.0,86235.0,2026-08-15,SETTLEMENT,MATCHED,TRAIN
3729,TRD103646,ACC-EQ-CORE-02,INR,2751950.0,2751950.0,2026-08-19,SETTLEMENT,MATCHED,TRAIN
3730,TRD103647,ACC-EQ-CORE-01,INR,887370.0,887370.0,2026-08-08,SETTLEMENT,MATCHED,TRAIN
3731,TRD103648,ACC-EQ-INDEX-04,INR,392406.0,392406.0,2026-08-17,SETTLEMENT,MATCHED,TRAIN
3732,TRD103649,ACC-EQ-ALPHA-03,INR,1415407.5,1415407.5,2026-08-06,SETTLEMENT,MATCHED,TRAIN
3733,TRD103650,ACC-EQ-CORE-01,INR,1673340.0,1673340.0,2026-08-10,SETTLEMENT,MATCHED,TRAIN
3734,TRD103651,ACC-EQ-INDEX-04,INR,84530.0,84530.0,2026-08-13,SETTLEMENT,MATCHED,TEST
3735,TRD103652,ACC-EQ-CORE-02,INR,438257.96,368284.0,2026-08-17,SETTLEMENT,MATCHED,TRAIN
3736,TRD103653,ACC-EQ-CORE-01,INR,196329.0,196329.0,2026-08-20,SETTLEMENT,MATCHED,TRAIN
3737,TRD103654,ACC-EQ-ALPHA-03,INR,2918910.0,2918910.0,2026-08-21,SETTLEMENT,MATCHED,TRAIN
3738,TRD103655,ACC-EQ-CORE-02,INR,196160.0,196160.0,2026-08-04,SETTLEMENT,MATCHED,TEST
3739,TRD103656,ACC-EQ-CORE-02,INR,2763165.0,2763165.0,2026-08-02,SETTLEMENT,MATCHED,TRAIN
3740,TRD103657,ACC-EQ-INDEX-04,INR,188515.0,188515.0,2026-08-20,SETTLEMENT,MATCHED,TEST
3741,TRD103658,ACC-EQ-ALPHA-03,INR,351787.5,351787.5,2026-08-16,SETTLEMENT,MATCHED,TRAIN
3742,TRD103659,ACC-EQ-ALPHA-03,INR,1460422.5,1460422.5,2026-08-15,SETTLEMENT,MATCHED,TRAIN
3743,TRD103660,ACC-EQ-ALPHA-03,USD,170871.42,167521.0,2026-08-06,SETTLEMENT,MATCHED,TEST
3744,TRD103661,ACC-EQ-CORE-02,INR,455962.5,455962.5,2026-08-15,SETTLEMENT,MATCHED,TRAIN
3745,TRD103662,ACC-EQ-INDEX-04,INR,2822160.0,2822160.0,2026-08-22,SETTLEMENT,MATCHED,TRAIN
3746,TRD103663,ACC-EQ-CORE-02,INR,3777580.0,3777580.0,2026-08-17,SETTLEMENT,MATCHED,TEST
3747,TRD103664,ACC-EQ-INDEX-04,INR,25880160.0,25880160.0,2026-08-02,SETTLEMENT,MATCHED,TRAIN
3748,TRD103665,ACC-EQ-CORE-01,INR,6500200.0,6500200.0,2026-08-22,SETTLEMENT,MATCHED,TEST
3750,TRD103667,ACC-EQ-ALPHA-03,INR,259515.0,259515.0,2026-08-12,SETTLEMENT,MATCHED,TRAIN
3751,TRD103668,ACC-EQ-CORE-02,INR,118537.0,118537.0,2026-08-06,SETTLEMENT,MATCHED,TRAIN
3752,TRD103669,ACC-EQ-INDEX-04,INR,152160.0,152160.0,2026-08-17,SETTLEMENT,MATCHED,TRAIN
3753,TRD103670,ACC-EQ-CORE-01,INR,471290.0,471290.0,2026-08-20,SETTLEMENT,MATCHED,TRAIN
3754,TRD103671,ACC-EQ-INDEX-04,INR,636562.5,636562.5,2026-08-19,SETTLEMENT,MATCHED,TRAIN
3756,TRD103673,ACC-EQ-CORE-02,INR,8234960.0,8234960.0,2026-08-12,SETTLEMENT,MATCHED,TRAIN
3757,TRD103674,ACC-EQ-CORE-01,INR,1302452.0,1302452.0,2026-08-08,SETTLEMENT,MATCHED,TRAIN
3758,TRD103675,ACC-EQ-ALPHA-03,INR,235626.0,235626.0,2026-08-21,SETTLEMENT,MATCHED,TRAIN
3759,TRD103676,ACC-EQ-ALPHA-03,INR,5501880.0,5501880.0,2026-08-19,SETTLEMENT,MATCHED,TRAIN
3760,TRD103677,ACC-EQ-INDEX-04,INR,845410.0,845410.0,2026-08-06,SETTLEMENT,MATCHED,TRAIN
3761,TRD103678,ACC-EQ-CORE-01,INR,1027487.5,1027487.5,2026-08-14,SETTLEMENT,MATCHED,TRAIN
3762,TRD103679,ACC-EQ-CORE-01,INR,412619.0,412619.0,2026-08-12,SETTLEMENT,MATCHED,TRAIN
3763,TRD103680,ACC-EQ-CORE-02,INR,2845305.0,2845305.0,2026-08-05,SETTLEMENT,MATCHED,TRAIN
3764,TRD103681,ACC-EQ-CORE-01,INR,3892120.0,3892120.0,2026-08-14,SETTLEMENT,MATCHED,TRAIN
3765,TRD103682,ACC-EQ-CORE-02,INR,5705920.0,5705920.0,2026-08-09,SETTLEMENT,MATCHED,TRAIN
3766,TRD103683,ACC-EQ-INDEX-04,INR,842865.0,842865.0,2026-08-18,SETTLEMENT,MATCHED,TRAIN
3767,TRD103684,ACC-EQ-ALPHA-03,INR,2370440.0,2370440.0,2026-08-09,SETTLEMENT,MATCHED,TEST
3768,TRD103685,ACC-EQ-INDEX-04,INR,3374980.0,3374980.0,2026-08-18,SETTLEMENT,MATCHED,TEST
3769,TRD103686,ACC-EQ-INDEX-04,INR,1672760.0,1672760.0,2026-08-16,SETTLEMENT,MATCHED,TRAIN
3770,TRD103687,ACC-EQ-ALPHA-03,INR,335932.0,335932.0,2026-08-08,SETTLEMENT,MATCHED,TRAIN
3771,TRD103688,ACC-EQ-CORE-01,INR,84713.0,84713.0,2026-08-12,SETTLEMENT,MATCHED,TRAIN
3772,TRD103689,ACC-EQ-CORE-02,INR,378154.0,378154.0,2026-08-21,SETTLEMENT,MATCHED,TRAIN
3773,TRD103690,ACC-EQ-CORE-02,INR,456682.5,456682.5,2026-08-11,SETTLEMENT,MATCHED,TEST
3774,TRD103691,ACC-EQ-CORE-01,INR,3077085.0,3077085.0,2026-08-17,SETTLEMENT,MATCHED,TRAIN
3775,TRD103692,ACC-EQ-CORE-02,INR,86635.0,86635.0,2026-08-12,SETTLEMENT,MATCHED,TRAIN
3776,TRD103693,ACC-EQ-CORE-01,INR,7331880.0,7331880.0,2026-08-22,SETTLEMENT,MATCHED,TRAIN
3777,TRD103694,ACC-EQ-INDEX-04,INR,2369440.0,2369440.0,2026-08-16,SETTLEMENT,MATCHED,TRAIN
3778,TRD103695,ACC-EQ-ALPHA-03,INR,3236307.5,3236307.5,2026-08-11,SETTLEMENT,MATCHED,TRAIN
3779,TRD103696,ACC-EQ-ALPHA-03,INR,1264800.0,1264800.0,2026-08-17,SETTLEMENT,MATCHED,TRAIN
3780,TRD103697,ACC-EQ-INDEX-04,INR,86500.0,86500.0,2026-08-15,SETTLEMENT,MATCHED,TRAIN
3781,TRD103698,ACC-EQ-ALPHA-03,INR,1292372.0,1292372.0,2026-08-08,SETTLEMENT,MATCHED,TRAIN
3782,TRD103699,ACC-EQ-ALPHA-03,INR,3350600.0,3350600.0,2026-08-08,SETTLEMENT,MATCHED,TRAIN
3783,TRD103700,ACC-EQ-CORE-02,INR,1694700.0,1694700.0,2026-08-07,SETTLEMENT,MATCHED,TEST
3784,TRD103701,ACC-EQ-CORE-02,INR,335070.0,335070.0,2026-08-19,SETTLEMENT,MATCHED,TRAIN
3785,TRD103702,ACC-EQ-ALPHA-03,INR,377422.0,377422.0,2026-08-13,SETTLEMENT,MATCHED,TRAIN
3786,TRD103703,ACC-EQ-INDEX-04,INR,6472260.0,6472260.0,2026-08-11,SETTLEMENT,MATCHED,TRAIN
3787,TRD103704,ACC-EQ-CORE-02,INR,4125980.0,4125980.0,2026-08-10,SETTLEMENT,MATCHED,TRAIN
3788,TRD103705,ACC-EQ-ALPHA-03,INR,4098795.0,4098795.0,2026-08-16,SETTLEMENT,MATCHED,TEST
3789,TRD103706,ACC-EQ-CORE-02,INR,4132680.0,4132680.0,2026-08-10,SETTLEMENT,MATCHED,TRAIN
3790,TRD103707,ACC-EQ-INDEX-04,INR,845980.0,845980.0,2026-08-22,SETTLEMENT,MATCHED,TRAIN
3791,TRD103708,ACC-EQ-ALPHA-03,INR,121978.0,121978.0,2026-08-16,SETTLEMENT,MATCHED,TRAIN
3792,TRD103709,ACC-EQ-CORE-01,EUR,503515.25,470575.0,2026-08-05,SETTLEMENT,MATCHED,TRAIN
3793,TRD103710,ACC-EQ-INDEX-04,INR,34396.0,34396.0,2026-08-11,SETTLEMENT,MATCHED,TRAIN
3794,TRD103711,ACC-EQ-CORE-02,INR,61160.0,61160.0,2026-08-10,SETTLEMENT,MATCHED,TRAIN
3795,TRD103712,ACC-EQ-CORE-02,INR,5479540.0,5479540.0,2026-08-06,SETTLEMENT,MATCHED,TRAIN
3796,TRD103713,ACC-EQ-INDEX-04,INR,623325.0,623325.0,2026-08-02,SETTLEMENT,MATCHED,TRAIN
3797,TRD103714,ACC-EQ-INDEX-04,INR,17258.0,17258.0,2026-08-22,SETTLEMENT,MATCHED,TRAIN
3798,TRD103715,ACC-EQ-CORE-01,INR,2058635.0,2058635.0,2026-08-16,SETTLEMENT,MATCHED,TRAIN
3799,TRD103716,ACC-EQ-CORE-02,INR,2533965.0,2533965.0,2026-08-04,SETTLEMENT,MATCHED,TRAIN
3800,TRD103717,ACC-EQ-CORE-01,INR,919320.0,919320.0,2026-08-10,SETTLEMENT,MATCHED,TRAIN
3801,TRD103718,ACC-EQ-CORE-01,INR,683885.0,683885.0,2026-08-09,SETTLEMENT,MATCHED,TRAIN
3802,TRD103719,ACC-EQ-CORE-02,INR,86420.0,86420.0,2026-08-15,SETTLEMENT,MATCHED,TRAIN
3803,TRD103720,ACC-EQ-INDEX-04,INR,469450.0,469450.0,2026-08-02,SETTLEMENT,MATCHED,TRAIN
3804,TRD103721,ACC-EQ-ALPHA-03,INR,235642.0,235642.0,2026-08-22,SETTLEMENT,MATCHED,TEST
3805,TRD103722,ACC-EQ-CORE-02,INR,3084187.5,3084187.5,2026-08-21,SETTLEMENT,MATCHED,TEST
3806,TRD103723,ACC-EQ-ALPHA-03,INR,2733590.0,2733590.0,2026-08-11,SETTLEMENT,MATCHED,TRAIN
3807,TRD103724,ACC-EQ-CORE-01,INR,128872.5,128872.5,2026-08-14,SETTLEMENT,MATCHED,TRAIN
3808,TRD103725,ACC-EQ-CORE-01,INR,3358820.0,3358820.0,2026-08-14,SETTLEMENT,MATCHED,TRAIN
3809,TRD103726,ACC-EQ-ALPHA-03,INR,919125.0,919125.0,2026-08-22,SETTLEMENT,MATCHED,TEST
3810,TRD103727,ACC-EQ-ALPHA-03,INR,488857.5,488857.5,2026-08-16,SETTLEMENT,MATCHED,TRAIN
3811,TRD103728,ACC-EQ-CORE-01,INR,123492.0,123492.0,2026-08-19,SETTLEMENT,MATCHED,TRAIN
3812,TRD103729,ACC-EQ-ALPHA-03,INR,609390.0,609390.0,2026-08-08,SETTLEMENT,MATCHED,TRAIN
3813,TRD103730,ACC-EQ-CORE-02,INR,258630.0,258630.0,2026-08-07,SETTLEMENT,MATCHED,TRAIN
3814,TRD103731,ACC-EQ-ALPHA-03,INR,2487920.0,2487920.0,2026-08-09,SETTLEMENT,MATCHED,TEST
3816,TRD103733,ACC-EQ-ALPHA-03,INR,588055.0,588055.0,2026-08-04,SETTLEMENT,MATCHED,TEST
3817,TRD103733,ACC-EQ-ALPHA-03,INR,588055.0,588055.0,2026-08-04,SETTLEMENT,MATCHED,TEST
3818,TRD103734,ACC-EQ-CORE-01,INR,7366900.0,7366900.0,2026-08-12,SETTLEMENT,MATCHED,TRAIN
3819,TRD103735,ACC-EQ-ALPHA-03,INR,1295268.0,1295268.0,2026-08-20,SETTLEMENT,MATCHED,TRAIN
3820,TRD103736,ACC-EQ-CORE-02,INR,939220.0,939220.0,2026-08-15,SETTLEMENT,MATCHED,TRAIN
3821,TRD103737,ACC-EQ-INDEX-04,INR,610360.0,610360.0,2026-08-03,SETTLEMENT,MATCHED,TRAIN
3822,TRD103738,ACC-EQ-CORE-01,INR,3081480.0,3081480.0,2026-08-04,SETTLEMENT,MATCHED,TEST
3823,TRD103739,ACC-EQ-CORE-02,INR,619985.0,619985.0,2026-08-19,SETTLEMENT,MATCHED,TRAIN
3824,TRD103740,ACC-EQ-INDEX-04,INR,274521.0,274521.0,2026-08-19,SETTLEMENT,MATCHED,TRAIN
3825,TRD103741,ACC-EQ-ALPHA-03,INR,4281345.0,4281345.0,2026-08-12,SETTLEMENT,MATCHED,TRAIN
3826,TRD103742,ACC-EQ-CORE-01,INR,1696940.0,1696940.0,2026-08-15,SETTLEMENT,MATCHED,TRAIN
3827,TRD103743,ACC-EQ-CORE-01,INR,19532685.0,19532685.0,2026-08-08,SETTLEMENT,MATCHED,TRAIN
3828,TRD103744,ACC-EQ-INDEX-04,INR,310842.5,310842.5,2026-08-08,SETTLEMENT,MATCHED,TRAIN
3829,TRD103745,ACC-EQ-INDEX-04,INR,710452.5,710452.5,2026-08-07,SETTLEMENT,MATCHED,TRAIN
3830,TRD103746,ACC-EQ-ALPHA-03,INR,1963720.0,1963720.0,2026-08-02,SETTLEMENT,MATCHED,TRAIN
3831,TRD103747,ACC-EQ-CORE-02,INR,1421137.5,1421137.5,2026-08-05,SETTLEMENT,MATCHED,TRAIN
3832,TRD103748,ACC-EQ-CORE-01,INR,2535105.0,2535105.0,2026-08-05,SETTLEMENT,MATCHED,TRAIN
3833,TRD103749,ACC-EQ-CORE-02,INR,210382.5,210382.5,2026-08-14,SETTLEMENT,MATCHED,TRAIN
3834,TRD103750,ACC-EQ-CORE-01,INR,3232952.5,3232952.5,2026-08-06,SETTLEMENT,MATCHED,TEST
3835,TRD103751,ACC-EQ-CORE-02,INR,424360.0,424360.0,2026-08-20,SETTLEMENT,MATCHED,TRAIN
3836,TRD103752,ACC-EQ-CORE-01,INR,2847020.0,2847020.0,2026-08-22,SETTLEMENT,MATCHED,TEST
3837,TRD103753,ACC-EQ-ALPHA-03,INR,2585976.0,2585976.0,2026-08-08,SETTLEMENT,MATCHED,TEST
3838,TRD103754,ACC-EQ-ALPHA-03,INR,334010.0,334010.0,2026-08-22,SETTLEMENT,MATCHED,TEST
3839,TRD103755,ACC-EQ-CORE-02,INR,5545365.0,5545365.0,2026-08-05,SETTLEMENT,MATCHED,TEST
3840,TRD103756,ACC-EQ-ALPHA-03,INR,457012.5,457012.5,2026-08-15,SETTLEMENT,MATCHED,TRAIN
3841,TRD103757,ACC-EQ-ALPHA-03,INR,943300.0,943300.0,2026-08-18,SETTLEMENT,MATCHED,TRAIN
3842,TRD103758,ACC-EQ-ALPHA-03,INR,2358800.0,2358800.0,2026-08-02,SETTLEMENT,MATCHED,TEST
3843,TRD103759,ACC-EQ-ALPHA-03,INR,843235.0,843235.0,2026-08-03,SETTLEMENT,MATCHED,TRAIN
3844,TRD103760,ACC-EQ-CORE-02,INR,3385420.0,3385420.0,2026-08-17,SETTLEMENT,MATCHED,TEST
3845,TRD103761,ACC-EQ-ALPHA-03,INR,1949390.0,1949390.0,2026-08-17,SETTLEMENT,MATCHED,TRAIN
3846,TRD103762,ACC-EQ-INDEX-04,INR,2591706.0,2591706.0,2026-08-07,SETTLEMENT,MATCHED,TRAIN
3847,TRD103763,ACC-EQ-INDEX-04,INR,12988140.0,12988140.0,2026-08-04,SETTLEMENT,MATCHED,TRAIN
3848,TRD103764,ACC-EQ-CORE-01,INR,1895740.0,1895740.0,2026-08-22,SETTLEMENT,MATCHED,TRAIN
3849,TRD103765,ACC-EQ-CORE-02,INR,1262797.5,1262797.5,2026-08-17,SETTLEMENT,MATCHED,TRAIN
3850,TRD103766,ACC-EQ-INDEX-04,INR,1684640.0,1684640.0,2026-08-16,SETTLEMENT,MATCHED,TRAIN
3851,TRD103767,ACC-EQ-INDEX-04,INR,611370.0,611370.0,2026-08-12,SETTLEMENT,MATCHED,TRAIN
3852,TRD103768,ACC-EQ-CORE-02,INR,2752410.0,2752410.0,2026-08-06,SETTLEMENT,MATCHED,TRAIN
3853,TRD103769,ACC-EQ-CORE-01,INR,116987.5,116987.5,2026-08-12,SETTLEMENT,MATCHED,TEST
3854,TRD103770,ACC-EQ-CORE-02,INR,3925620.0,3925620.0,2026-08-15,SETTLEMENT,MATCHED,TRAIN
3855,TRD103771,ACC-EQ-ALPHA-03,INR,623130.0,623130.0,2026-08-11,SETTLEMENT,MATCHED,TRAIN
3856,TRD103772,ACC-EQ-CORE-02,INR,167374.0,167374.0,2026-08-05,SETTLEMENT,MATCHED,TRAIN
3857,TRD103773,ACC-EQ-CORE-01,INR,2362640.0,2362640.0,2026-08-09,SETTLEMENT,MATCHED,TRAIN
3859,TRD103775,ACC-EQ-CORE-02,INR,86395.0,86395.0,2026-08-04,SETTLEMENT,MATCHED,TRAIN
3860,TRD103776,ACC-EQ-INDEX-04,INR,234390.0,234390.0,2026-08-14,SETTLEMENT,MATCHED,TRAIN
3861,TRD103777,ACC-EQ-INDEX-04,INR,275776.0,275776.0,2026-08-10,SETTLEMENT,MATCHED,TRAIN
3862,TRD103778,ACC-EQ-ALPHA-03,INR,368221.0,368221.0,2026-08-06,SETTLEMENT,MATCHED,TRAIN
3863,TRD103779,ACC-EQ-CORE-02,INR,1035125.0,1035125.0,2026-08-11,SETTLEMENT,MATCHED,TRAIN
3864,TRD103780,ACC-EQ-ALPHA-03,INR,5485540.0,5485540.0,2026-08-12,SETTLEMENT,MATCHED,TRAIN
3865,TRD103781,ACC-EQ-INDEX-04,INR,152417.5,152417.5,2026-08-11,SETTLEMENT,MATCHED,TRAIN
3866,TRD103781,ACC-EQ-INDEX-04,INR,152417.5,152417.5,2026-08-11,SETTLEMENT,MATCHED,TRAIN
3867,TRD103782,ACC-EQ-ALPHA-03,INR,86310.0,86310.0,2026-08-16,SETTLEMENT,MATCHED,TRAIN
3868,TRD103783,ACC-EQ-CORE-01,INR,2520855.0,2520855.0,2026-08-10,SETTLEMENT,MATCHED,TRAIN
3869,TRD103784,ACC-EQ-ALPHA-03,INR,2841195.0,2841195.0,2026-08-14,SETTLEMENT,MATCHED,TRAIN
3870,TRD103785,ACC-EQ-CORE-02,INR,6178125.0,6178125.0,2026-08-02,SETTLEMENT,MATCHED,TRAIN
3871,TRD103786,ACC-EQ-INDEX-04,INR,423225.0,423225.0,2026-08-03,SETTLEMENT,MATCHED,TRAIN
3873,TRD103788,ACC-EQ-CORE-01,INR,1373730.0,1373730.0,2026-08-10,SETTLEMENT,MATCHED,TRAIN
3874,TRD103789,ACC-EQ-INDEX-04,INR,835350.0,835350.0,2026-08-10,SETTLEMENT,MATCHED,TRAIN
3875,TRD103790,ACC-EQ-ALPHA-03,INR,26000700.0,26000700.0,2026-08-08,SETTLEMENT,MATCHED,TRAIN
3876,TRD103791,ACC-EQ-ALPHA-03,INR,124484.0,124484.0,2026-08-19,SETTLEMENT,MATCHED,TRAIN
3877,TRD103792,ACC-EQ-CORE-02,INR,61313.0,61313.0,2026-08-15,SETTLEMENT,MATCHED,TRAIN
3878,TRD103793,ACC-EQ-INDEX-04,INR,3103192.5,3103192.5,2026-08-04,SETTLEMENT,MATCHED,TRAIN
3879,TRD103794,ACC-EQ-CORE-02,INR,248834.0,248834.0,2026-08-03,SETTLEMENT,MATCHED,TRAIN
3880,TRD103795,ACC-EQ-CORE-01,INR,2845470.0,2845470.0,2026-08-05,SETTLEMENT,MATCHED,TRAIN
3881,TRD103796,ACC-EQ-CORE-02,INR,17201.0,17201.0,2026-08-06,SETTLEMENT,MATCHED,TRAIN
3882,TRD103797,ACC-EQ-CORE-01,INR,3672880.0,3672880.0,2026-08-10,SETTLEMENT,MATCHED,TEST
3883,TRD103798,ACC-EQ-INDEX-04,INR,421000.0,421000.0,2026-08-03,SETTLEMENT,MATCHED,TRAIN
3884,TRD103799,ACC-EQ-CORE-01,INR,93504.0,93504.0,2026-08-19,SETTLEMENT,MATCHED,TRAIN
3885,TRD103800,ACC-EQ-CORE-01,INR,1684420.0,1684420.0,2026-08-04,SETTLEMENT,MATCHED,TRAIN
3886,TRD103801,ACC-EQ-ALPHA-03,INR,43235.0,43235.0,2026-08-05,SETTLEMENT,MATCHED,TEST
3887,TRD103802,ACC-EQ-CORE-01,INR,1423485.0,1423485.0,2026-08-02,SETTLEMENT,MATCHED,TRAIN
3888,TRD103803,ACC-EQ-ALPHA-03,INR,821122.0,821122.0,2026-08-19,SETTLEMENT,MATCHED,TRAIN
3889,TRD103804,ACC-EQ-CORE-02,INR,3797000.0,3797000.0,2026-08-04,SETTLEMENT,MATCHED,TRAIN
3890,TRD103805,ACC-EQ-CORE-02,INR,468860.0,468860.0,2026-08-11,SETTLEMENT,MATCHED,TRAIN
3891,TRD103806,ACC-EQ-ALPHA-03,INR,333490.0,333490.0,2026-08-22,SETTLEMENT,MATCHED,TRAIN
3893,TRD103808,ACC-EQ-CORE-01,INR,487062.5,487062.5,2026-08-11,SETTLEMENT,MATCHED,TEST
3894,TRD103809,ACC-EQ-INDEX-04,INR,4109120.0,4109120.0,2026-08-03,SETTLEMENT,MATCHED,TRAIN
3895,TRD103810,ACC-EQ-ALPHA-03,INR,337764.0,337764.0,2026-08-10,SETTLEMENT,MATCHED,TRAIN
3896,TRD103811,ACC-EQ-ALPHA-03,INR,211945.0,211945.0,2026-08-17,SETTLEMENT,MATCHED,TRAIN
3897,TRD103812,ACC-EQ-CORE-01,INR,713572.5,713572.5,2026-08-11,SETTLEMENT,MATCHED,TRAIN
3899,TRD103814,ACC-EQ-CORE-01,INR,1848930.0,1848930.0,2026-08-02,SETTLEMENT,MATCHED,TRAIN
3900,TRD103815,ACC-EQ-ALPHA-03,INR,3375660.0,3375660.0,2026-08-14,SETTLEMENT,MATCHED,TRAIN
3901,TRD103816,ACC-EQ-CORE-01,INR,2067157.5,2067157.5,2026-08-07,SETTLEMENT,MATCHED,TRAIN
3902,TRD103817,ACC-EQ-INDEX-04,INR,2832735.0,2832735.0,2026-08-22,SETTLEMENT,MATCHED,TRAIN
3903,TRD103818,ACC-EQ-CORE-01,INR,2135370.0,2135370.0,2026-08-02,SETTLEMENT,MATCHED,TRAIN
3904,TRD103819,ACC-EQ-CORE-01,INR,3101655.0,3101655.0,2026-08-22,SETTLEMENT,MATCHED,TEST
3905,TRD103820,ACC-EQ-ALPHA-03,INR,4276140.0,4276140.0,2026-08-15,SETTLEMENT,MATCHED,TEST
3906,TRD103821,ACC-EQ-CORE-01,INR,5506460.0,5506460.0,2026-08-05,SETTLEMENT,MATCHED,TRAIN
3907,TRD103822,ACC-EQ-CORE-02,INR,169331.0,169331.0,2026-08-05,SETTLEMENT,MATCHED,TRAIN
3908,TRD103823,ACC-EQ-CORE-01,INR,5695740.0,5695740.0,2026-08-08,SETTLEMENT,MATCHED,TEST
3909,TRD103824,ACC-EQ-CORE-02,INR,210640.0,210640.0,2026-08-06,SETTLEMENT,MATCHED,TRAIN
3910,TRD103825,ACC-EQ-INDEX-04,INR,471555.0,471555.0,2026-08-19,SETTLEMENT,MATCHED,TRAIN
3911,TRD103826,ACC-EQ-ALPHA-03,INR,3245845.0,3245845.0,2026-08-13,SETTLEMENT,MATCHED,TRAIN
3912,TRD103827,ACC-EQ-INDEX-04,INR,2129160.0,2129160.0,2026-08-19,SETTLEMENT,MATCHED,TRAIN
3913,TRD103828,ACC-EQ-CORE-01,INR,1681730.0,1681730.0,2026-08-05,SETTLEMENT,MATCHED,TRAIN
3914,TRD103829,ACC-EQ-ALPHA-03,INR,84836.0,84836.0,2026-08-12,SETTLEMENT,MATCHED,TRAIN
3915,TRD103830,ACC-EQ-CORE-02,INR,42967.5,42967.5,2026-08-22,SETTLEMENT,MATCHED,TRAIN
3916,TRD103831,ACC-EQ-ALPHA-03,INR,4109715.0,4109715.0,2026-08-22,SETTLEMENT,MATCHED,TRAIN
3917,TRD103832,ACC-EQ-CORE-02,INR,368379.0,368379.0,2026-08-16,SETTLEMENT,MATCHED,TEST
3918,TRD103833,ACC-EQ-CORE-01,INR,189694.0,189694.0,2026-08-02,SETTLEMENT,MATCHED,TRAIN
3919,TRD103834,ACC-EQ-ALPHA-03,INR,172010.0,172010.0,2026-08-04,SETTLEMENT,MATCHED,TRAIN
3920,TRD103835,ACC-EQ-INDEX-04,INR,551480.0,551480.0,2026-08-10,SETTLEMENT,MATCHED,TRAIN
3921,TRD103836,ACC-EQ-CORE-01,INR,5479540.0,5479540.0,2026-08-22,SETTLEMENT,MATCHED,TEST
3922,TRD103837,ACC-EQ-INDEX-04,INR,2050540.0,2050540.0,2026-08-09,SETTLEMENT,MATCHED,TRAIN
3923,TRD103838,ACC-EQ-CORE-02,INR,977505.0,977505.0,2026-08-20,SETTLEMENT,MATCHED,TRAIN
3924,TRD103839,ACC-EQ-INDEX-04,GBP,3459011.4,3342040.0,2026-08-09,SETTLEMENT,MATCHED,TRAIN
3925,TRD103840,ACC-EQ-ALPHA-03,INR,846040.0,846040.0,2026-08-13,SETTLEMENT,MATCHED,TRAIN
3926,TRD103841,ACC-EQ-CORE-01,INR,61062.0,61062.0,2026-08-10,SETTLEMENT,MATCHED,TRAIN
3927,TRD103842,ACC-EQ-ALPHA-03,INR,1771545.0,1771545.0,2026-08-03,SETTLEMENT,MATCHED,TRAIN
3928,TRD103843,ACC-EQ-CORE-01,INR,43120.0,43120.0,2026-08-19,SETTLEMENT,MATCHED,TRAIN
3929,TRD103844,ACC-EQ-CORE-02,INR,411616.0,411616.0,2026-08-15,SETTLEMENT,MATCHED,TEST
3930,TRD103845,ACC-EQ-INDEX-04,INR,351225.0,351225.0,2026-08-03,SETTLEMENT,MATCHED,TRAIN
3931,TRD103846,ACC-EQ-CORE-01,INR,3777360.0,3777360.0,2026-08-09,SETTLEMENT,MATCHED,TRAIN
3932,TRD103847,ACC-EQ-CORE-01,USD,123480.0,117600.0,2026-08-09,SETTLEMENT,MATCHED,TRAIN
3933,TRD103848,ACC-EQ-CORE-02,INR,3357860.0,3357860.0,2026-08-21,SETTLEMENT,MATCHED,TRAIN
3934,TRD103849,ACC-EQ-ALPHA-03,INR,928747.5,928747.5,2026-08-17,SETTLEMENT,MATCHED,TEST
3935,TRD103850,ACC-EQ-CORE-02,INR,2764950.0,2764950.0,2026-08-09,SETTLEMENT,MATCHED,TRAIN
3936,TRD103851,ACC-EQ-ALPHA-03,INR,943275.0,943275.0,2026-08-02,SETTLEMENT,MATCHED,TRAIN
3937,TRD103852,ACC-EQ-CORE-02,INR,117000.0,117000.0,2026-08-12,SETTLEMENT,MATCHED,TRAIN
3938,TRD103853,ACC-EQ-INDEX-04,INR,235644.0,235644.0,2026-08-12,SETTLEMENT,MATCHED,TRAIN
3939,TRD103854,ACC-EQ-INDEX-04,INR,1296497.0,1296497.0,2026-08-17,SETTLEMENT,MATCHED,TRAIN
3940,TRD103855,ACC-EQ-CORE-02,INR,1412970.0,1412970.0,2026-08-16,SETTLEMENT,MATCHED,TEST
3941,TRD103856,ACC-EQ-ALPHA-03,INR,419305.0,419305.0,2026-08-12,SETTLEMENT,MATCHED,TEST
3942,TRD103857,ACC-EQ-CORE-02,INR,948440.0,948440.0,2026-08-12,SETTLEMENT,MATCHED,TEST
3943,TRD103858,ACC-EQ-INDEX-04,INR,167151.0,167151.0,2026-08-06,SETTLEMENT,MATCHED,TRAIN
3944,TRD103859,ACC-EQ-ALPHA-03,INR,377844.0,377844.0,2026-08-05,SETTLEMENT,MATCHED,TRAIN
3945,TRD103860,ACC-EQ-CORE-01,INR,296035.0,296035.0,2026-08-02,SETTLEMENT,MATCHED,TRAIN
3946,TRD103861,ACC-EQ-CORE-02,INR,117700.0,117700.0,2026-08-13,SETTLEMENT,MATCHED,TRAIN
3947,TRD103862,ACC-EQ-CORE-01,INR,258375.0,258375.0,2026-08-08,SETTLEMENT,MATCHED,TRAIN
3948,TRD103862,ACC-EQ-CORE-01,INR,258375.0,258375.0,2026-08-08,SETTLEMENT,MATCHED,TRAIN
3949,TRD103863,ACC-EQ-CORE-01,INR,420137.5,420137.5,2026-08-03,SETTLEMENT,MATCHED,TRAIN
3950,TRD103864,ACC-EQ-ALPHA-03,USD,283260.0,295062.5,2026-08-11,SETTLEMENT,MATCHED,TEST
3951,TRD103865,ACC-EQ-CORE-01,INR,470425.0,470425.0,2026-08-05,SETTLEMENT,MATCHED,TRAIN
3952,TRD103866,ACC-EQ-CORE-02,INR,590970.0,590970.0,2026-08-08,SETTLEMENT,MATCHED,TEST
3953,TRD103867,ACC-EQ-CORE-01,INR,2350700.0,2350700.0,2026-08-03,SETTLEMENT,MATCHED,TRAIN
3954,TRD103868,ACC-EQ-CORE-02,INR,1888980.0,1888980.0,2026-08-14,SETTLEMENT,MATCHED,TRAIN
3955,TRD103869,ACC-EQ-ALPHA-03,INR,1270335.0,1270335.0,2026-08-04,SETTLEMENT,MATCHED,TRAIN
3956,TRD103870,ACC-EQ-CORE-02,INR,880785.0,880785.0,2026-08-16,SETTLEMENT,MATCHED,TRAIN
3957,TRD103871,ACC-EQ-CORE-02,INR,2144160.0,2144160.0,2026-08-13,SETTLEMENT,MATCHED,TRAIN
3958,TRD103872,ACC-EQ-INDEX-04,INR,303900.0,303900.0,2026-08-14,SETTLEMENT,MATCHED,TRAIN
3959,TRD103873,ACC-EQ-INDEX-04,INR,34416.0,34416.0,2026-08-14,SETTLEMENT,MATCHED,TRAIN
3960,TRD103874,ACC-EQ-ALPHA-03,INR,6486360.0,6486360.0,2026-08-05,SETTLEMENT,MATCHED,TRAIN
3961,TRD103875,ACC-EQ-INDEX-04,INR,336448.0,336448.0,2026-08-16,SETTLEMENT,MATCHED,TRAIN
3962,TRD103876,ACC-EQ-INDEX-04,INR,914055.0,914055.0,2026-08-13,SETTLEMENT,MATCHED,TRAIN
3963,TRD103877,ACC-EQ-CORE-01,INR,1025310.0,1025310.0,2026-08-20,SETTLEMENT,MATCHED,TRAIN
3964,TRD103878,ACC-EQ-CORE-01,INR,46846.0,46846.0,2026-08-04,SETTLEMENT,MATCHED,TRAIN
3965,TRD103879,ACC-EQ-INDEX-04,INR,941080.0,941080.0,2026-08-05,SETTLEMENT,MATCHED,TRAIN
3966,TRD103880,ACC-EQ-INDEX-04,INR,4281270.0,4281270.0,2026-08-17,SETTLEMENT,MATCHED,TRAIN
3968,TRD103882,ACC-EQ-INDEX-04,INR,3683310.0,3683310.0,2026-08-04,SETTLEMENT,MATCHED,TRAIN
3969,TRD103883,ACC-EQ-CORE-01,INR,1954020.0,1954020.0,2026-08-17,SETTLEMENT,MATCHED,TRAIN
3970,TRD103884,ACC-EQ-CORE-01,INR,3248447.5,3248447.5,2026-08-08,SETTLEMENT,MATCHED,TEST
3971,TRD103885,ACC-EQ-CORE-02,INR,305035.0,305035.0,2026-08-12,SETTLEMENT,MATCHED,TRAIN
3972,TRD103886,ACC-EQ-ALPHA-03,INR,121712.0,121712.0,2026-08-10,SETTLEMENT,MATCHED,TRAIN
3973,TRD103887,ACC-EQ-ALPHA-03,INR,842045.0,842045.0,2026-08-17,SETTLEMENT,MATCHED,TRAIN
3974,TRD103888,ACC-EQ-ALPHA-03,INR,235155.0,235155.0,2026-08-17,SETTLEMENT,MATCHED,TRAIN
3975,TRD103889,ACC-EQ-CORE-01,INR,173130.0,173130.0,2026-08-18,SETTLEMENT,MATCHED,TRAIN
3976,TRD103890,ACC-EQ-ALPHA-03,INR,3095730.0,3095730.0,2026-08-02,SETTLEMENT,MATCHED,TRAIN
3977,TRD103891,ACC-EQ-INDEX-04,INR,914550.0,914550.0,2026-08-07,SETTLEMENT,MATCHED,TRAIN
3978,TRD103892,ACC-EQ-CORE-02,INR,12923360.0,12923360.0,2026-08-06,SETTLEMENT,MATCHED,TRAIN
3979,TRD103893,ACC-EQ-ALPHA-03,INR,935996.4,843240.0,2026-08-09,SETTLEMENT,MATCHED,TRAIN
3980,TRD103894,ACC-EQ-INDEX-04,INR,1269840.0,1269840.0,2026-08-15,SETTLEMENT,MATCHED,TRAIN
3981,TRD103895,ACC-EQ-ALPHA-03,INR,1764345.0,1764345.0,2026-08-10,SETTLEMENT,MATCHED,TRAIN
3982,TRD103895,ACC-EQ-ALPHA-03,INR,1764345.0,1764345.0,2026-08-10,SETTLEMENT,MATCHED,TRAIN
3983,TRD103896,ACC-EQ-CORE-02,INR,2351059.62,2583582.0,2026-08-15,SETTLEMENT,MATCHED,TRAIN
3984,TRD103897,ACC-EQ-ALPHA-03,INR,4279110.0,4279110.0,2026-08-20,SETTLEMENT,MATCHED,TRAIN
3985,TRD103898,ACC-EQ-CORE-01,INR,3693350.0,3693350.0,2026-08-06,SETTLEMENT,MATCHED,TRAIN
3986,TRD103899,ACC-EQ-INDEX-04,INR,688120.0,688120.0,2026-08-15,SETTLEMENT,MATCHED,TRAIN
3987,TRD103900,ACC-EQ-INDEX-04,INR,591540.0,591540.0,2026-08-02,SETTLEMENT,MATCHED,TRAIN
3988,TRD103901,ACC-EQ-CORE-01,INR,934012.5,934012.5,2026-08-04,SETTLEMENT,MATCHED,TRAIN
3990,TRD103903,ACC-EQ-ALPHA-03,INR,344760.0,344760.0,2026-08-02,SETTLEMENT,MATCHED,TRAIN
3991,TRD103904,ACC-EQ-CORE-01,INR,1225060.0,1225060.0,2026-08-06,SETTLEMENT,MATCHED,TRAIN
3992,TRD103905,ACC-EQ-CORE-02,INR,61010.0,61010.0,2026-08-08,SETTLEMENT,MATCHED,TRAIN
3993,TRD103906,ACC-EQ-CORE-02,INR,2482980.0,2482980.0,2026-08-06,SETTLEMENT,MATCHED,TRAIN
3994,TRD103907,ACC-EQ-ALPHA-03,INR,489870.0,489870.0,2026-08-20,SETTLEMENT,MATCHED,TEST
3995,TRD103908,ACC-EQ-INDEX-04,INR,6180405.0,6180405.0,2026-08-16,SETTLEMENT,MATCHED,TRAIN
3996,TRD103909,ACC-EQ-CORE-02,INR,846645.0,846645.0,2026-08-18,SETTLEMENT,MATCHED,TRAIN
3997,TRD103910,ACC-EQ-CORE-01,INR,828176.0,828176.0,2026-08-06,SETTLEMENT,MATCHED,TRAIN
3998,TRD103910,ACC-EQ-CORE-01,INR,828176.0,828176.0,2026-08-06,SETTLEMENT,MATCHED,TRAIN
3999,TRD103911,ACC-EQ-CORE-02,INR,2254836.0,2749800.0,2026-08-10,SETTLEMENT,MATCHED,TEST
4000,TRD103912,ACC-EQ-INDEX-04,GBP,1399174.8,1371740.0,2026-08-16,SETTLEMENT,MATCHED,TRAIN
4001,TRD103913,ACC-EQ-INDEX-04,INR,689410.0,689410.0,2026-08-19,SETTLEMENT,MATCHED,TRAIN
4002,TRD103914,ACC-EQ-ALPHA-03,INR,122310.0,122310.0,2026-08-14,SETTLEMENT,MATCHED,TRAIN
4003,TRD103915,ACC-EQ-CORE-01,INR,888645.0,888645.0,2026-08-21,SETTLEMENT,MATCHED,TRAIN
4004,TRD103916,ACC-EQ-CORE-02,INR,258105.0,258105.0,2026-08-03,SETTLEMENT,MATCHED,TRAIN
4005,TRD103917,ACC-EQ-CORE-02,INR,1244070.0,1244070.0,2026-08-04,SETTLEMENT,MATCHED,TEST
4006,TRD103918,ACC-EQ-INDEX-04,INR,283846.0,283846.0,2026-08-12,SETTLEMENT,MATCHED,TRAIN
4007,TRD103919,ACC-EQ-CORE-01,INR,470250.0,470250.0,2026-08-18,SETTLEMENT,MATCHED,TEST
4008,TRD103920,ACC-EQ-CORE-01,INR,167161.0,167161.0,2026-08-22,SETTLEMENT,MATCHED,TRAIN
4009,TRD103921,ACC-EQ-INDEX-04,INR,2132362.5,2132362.5,2026-08-13,SETTLEMENT,MATCHED,TRAIN
4010,TRD103922,ACC-EQ-CORE-01,INR,2067250.0,2067250.0,2026-08-08,SETTLEMENT,MATCHED,TRAIN
4011,TRD103923,ACC-EQ-ALPHA-03,INR,1839660.0,1839660.0,2026-08-16,SETTLEMENT,MATCHED,TRAIN
4012,TRD103924,ACC-EQ-INDEX-04,INR,167729.0,167729.0,2026-08-02,SETTLEMENT,MATCHED,TRAIN
4013,TRD103925,ACC-EQ-ALPHA-03,INR,1267132.5,1267132.5,2026-08-17,SETTLEMENT,MATCHED,TEST
4014,TRD103926,ACC-EQ-CORE-01,INR,410652.0,410652.0,2026-08-16,SETTLEMENT,MATCHED,TRAIN
4015,TRD103927,ACC-EQ-CORE-01,INR,86210.0,86210.0,2026-08-05,SETTLEMENT,MATCHED,TEST
4016,TRD103928,ACC-EQ-CORE-01,INR,1267440.0,1267440.0,2026-08-18,SETTLEMENT,MATCHED,TRAIN
4017,TRD103929,ACC-EQ-ALPHA-03,INR,2368200.0,2368200.0,2026-08-14,SETTLEMENT,MATCHED,TRAIN
4018,TRD103930,ACC-EQ-CORE-01,INR,974525.0,974525.0,2026-08-04,SETTLEMENT,MATCHED,TRAIN
4019,TRD103931,ACC-EQ-ALPHA-03,INR,1295830.0,1295830.0,2026-08-19,SETTLEMENT,MATCHED,TRAIN
4020,TRD103932,ACC-EQ-ALPHA-03,INR,1242580.0,1242580.0,2026-08-04,SETTLEMENT,MATCHED,TRAIN
4022,TRD103934,ACC-EQ-CORE-02,INR,838260.0,838260.0,2026-08-20,SETTLEMENT,MATCHED,TRAIN
4023,TRD103935,ACC-EQ-INDEX-04,INR,2832615.0,2832615.0,2026-08-06,SETTLEMENT,MATCHED,TRAIN
4024,TRD103936,ACC-EQ-ALPHA-03,INR,84193.0,84193.0,2026-08-12,SETTLEMENT,MATCHED,TRAIN
4025,TRD103937,ACC-EQ-CORE-02,INR,3384340.0,3384340.0,2026-08-08,SETTLEMENT,MATCHED,TRAIN
4026,TRD103938,ACC-EQ-INDEX-04,INR,1884710.0,1884710.0,2026-08-16,SETTLEMENT,MATCHED,TRAIN
4027,TRD103939,ACC-EQ-ALPHA-03,INR,843130.0,843130.0,2026-08-04,SETTLEMENT,MATCHED,TRAIN
4028,TRD103940,ACC-EQ-ALPHA-03,INR,1883230.0,1883230.0,2026-08-18,SETTLEMENT,MATCHED,TRAIN
4029,TRD103941,ACC-EQ-CORE-02,INR,2050165.0,2050165.0,2026-08-19,SETTLEMENT,MATCHED,TRAIN
4030,TRD103942,ACC-EQ-INDEX-04,INR,7332700.0,7332700.0,2026-08-02,SETTLEMENT,MATCHED,TRAIN
4031,TRD103943,ACC-EQ-INDEX-04,INR,924180.0,924180.0,2026-08-17,SETTLEMENT,MATCHED,TRAIN
4032,TRD103944,ACC-EQ-INDEX-04,INR,3079440.0,3079440.0,2026-08-06,SETTLEMENT,MATCHED,TRAIN
4033,TRD103945,ACC-EQ-INDEX-04,INR,167989.0,167989.0,2026-08-03,SETTLEMENT,MATCHED,TRAIN
4034,TRD103946,ACC-EQ-ALPHA-03,INR,376352.0,376352.0,2026-08-06,SETTLEMENT,MATCHED,TRAIN
4035,TRD103947,ACC-EQ-CORE-01,INR,1258597.5,1258597.5,2026-08-17,SETTLEMENT,MATCHED,TRAIN
4036,TRD103948,ACC-EQ-CORE-01,INR,1224960.0,1224960.0,2026-08-16,SETTLEMENT,MATCHED,TEST
4037,TRD103949,ACC-EQ-INDEX-04,INR,34552.0,34552.0,2026-08-20,SETTLEMENT,MATCHED,TRAIN
4038,TRD103950,ACC-EQ-INDEX-04,INR,1693950.0,1693950.0,2026-08-15,SETTLEMENT,MATCHED,TEST
4039,TRD103951,ACC-EQ-INDEX-04,INR,5486080.0,5486080.0,2026-08-03,SETTLEMENT,MATCHED,TEST
4040,TRD103952,ACC-EQ-ALPHA-03,INR,1259902.5,1259902.5,2026-08-02,SETTLEMENT,MATCHED,TRAIN
4041,TRD103953,ACC-EQ-ALPHA-03,INR,1808521.28,1424032.5,2026-08-14,SETTLEMENT,MATCHED,TRAIN
4042,TRD103954,ACC-EQ-CORE-01,INR,5498020.0,5498020.0,2026-08-07,SETTLEMENT,MATCHED,TRAIN
4043,TRD103955,ACC-EQ-CORE-01,INR,2053927.5,2053927.5,2026-08-21,SETTLEMENT,MATCHED,TRAIN
4045,TRD103957,ACC-EQ-CORE-01,INR,569156.0,569156.0,2026-08-22,SETTLEMENT,MATCHED,TRAIN
4046,TRD103958,ACC-EQ-CORE-01,INR,171650.0,171650.0,2026-08-05,SETTLEMENT,MATCHED,TRAIN
4047,TRD103959,ACC-EQ-CORE-01,INR,193630.55,152465.0,2026-08-02,SETTLEMENT,MATCHED,TRAIN
4048,TRD103960,ACC-EQ-ALPHA-03,INR,1691420.0,1691420.0,2026-08-08,SETTLEMENT,MATCHED,TEST
4049,TRD103961,ACC-EQ-CORE-02,INR,172620.0,172620.0,2026-08-19,SETTLEMENT,MATCHED,TRAIN
4050,TRD103962,ACC-EQ-CORE-02,INR,687667.2,619520.0,2026-08-04,SETTLEMENT,MATCHED,TRAIN
4051,TRD103963,ACC-EQ-INDEX-04,INR,1860675.0,1860675.0,2026-08-04,SETTLEMENT,MATCHED,TEST
4052,TRD103964,ACC-EQ-CORE-02,INR,259935.0,259935.0,2026-08-14,SETTLEMENT,MATCHED,TRAIN
4053,TRD103965,ACC-EQ-CORE-02,INR,1419430.0,1419430.0,2026-08-17,SETTLEMENT,MATCHED,TRAIN
4054,TRD103966,ACC-EQ-ALPHA-03,INR,1684420.0,1684420.0,2026-08-18,SETTLEMENT,MATCHED,TEST
4055,TRD103967,ACC-EQ-INDEX-04,INR,3671460.0,3671460.0,2026-08-20,SETTLEMENT,MATCHED,TRAIN
4056,TRD103968,ACC-EQ-CORE-02,INR,123508.0,123508.0,2026-08-03,SETTLEMENT,MATCHED,TRAIN
4057,TRD103969,ACC-EQ-INDEX-04,INR,5529285.0,5529285.0,2026-08-04,SETTLEMENT,MATCHED,TRAIN
4058,TRD103970,ACC-EQ-ALPHA-03,INR,138801.4,169270.0,2026-08-19,SETTLEMENT,MATCHED,TEST
4059,TRD103971,ACC-EQ-CORE-02,INR,3244855.0,3244855.0,2026-08-05,SETTLEMENT,MATCHED,TRAIN
4060,TRD103972,ACC-EQ-CORE-02,INR,86645.0,86645.0,2026-08-12,SETTLEMENT,MATCHED,TRAIN
4061,TRD103973,ACC-EQ-CORE-01,INR,591965.0,591965.0,2026-08-04,SETTLEMENT,MATCHED,TRAIN
4062,TRD103974,ACC-EQ-CORE-02,INR,118056.0,118056.0,2026-08-21,SETTLEMENT,MATCHED,TEST
4063,TRD103975,ACC-EQ-CORE-01,INR,7361840.0,7361840.0,2026-08-02,SETTLEMENT,MATCHED,TEST
4064,TRD103976,ACC-EQ-ALPHA-03,INR,1837055.0,1837055.0,2026-08-10,SETTLEMENT,MATCHED,TRAIN
4065,TRD103977,ACC-EQ-ALPHA-03,INR,118169.0,118169.0,2026-08-09,SETTLEMENT,MATCHED,TRAIN
4066,TRD103978,ACC-EQ-INDEX-04,INR,3908160.0,3908160.0,2026-08-04,SETTLEMENT,MATCHED,TRAIN
4067,TRD103979,ACC-EQ-CORE-02,INR,189052.0,189052.0,2026-08-04,SETTLEMENT,MATCHED,TRAIN
4068,TRD103980,ACC-EQ-INDEX-04,INR,734918.0,734918.0,2026-08-20,SETTLEMENT,MATCHED,TRAIN
4069,TRD103981,ACC-EQ-CORE-02,INR,5510240.0,5510240.0,2026-08-13,SETTLEMENT,MATCHED,TRAIN
4070,TRD103982,ACC-EQ-CORE-02,INR,2583964.0,2583964.0,2026-08-13,SETTLEMENT,MATCHED,TRAIN
4071,TRD103983,ACC-EQ-INDEX-04,INR,4275630.0,4275630.0,2026-08-08,SETTLEMENT,MATCHED,TRAIN
4073,TRD103985,ACC-EQ-ALPHA-03,INR,2936670.0,2936670.0,2026-08-17,SETTLEMENT,MATCHED,TRAIN
4074,TRD103986,ACC-EQ-INDEX-04,INR,548602.0,548602.0,2026-08-17,SETTLEMENT,MATCHED,TRAIN
4076,TRD103988,ACC-EQ-ALPHA-03,INR,86165.0,86165.0,2026-08-18,SETTLEMENT,MATCHED,TRAIN
4077,TRD103989,ACC-EQ-INDEX-04,INR,6204555.0,6204555.0,2026-08-22,SETTLEMENT,MATCHED,TRAIN
4078,TRD103990,ACC-EQ-INDEX-04,INR,471082.5,471082.5,2026-08-15,SETTLEMENT,MATCHED,TRAIN
4079,TRD103991,ACC-EQ-INDEX-04,INR,589815.0,589815.0,2026-08-14,SETTLEMENT,MATCHED,TEST
4080,TRD103992,ACC-EQ-CORE-01,INR,472812.5,472812.5,2026-08-22,SETTLEMENT,MATCHED,TRAIN
4081,TRD103993,ACC-EQ-CORE-01,USD,578752.95,622315.0,2026-08-20,SETTLEMENT,MATCHED,TRAIN
4082,TRD103994,ACC-EQ-CORE-02,INR,846640.0,846640.0,2026-08-17,SETTLEMENT,MATCHED,TRAIN
4083,TRD103995,ACC-EQ-CORE-02,INR,1689180.0,1689180.0,2026-08-02,SETTLEMENT,MATCHED,TRAIN
4084,TRD103996,ACC-EQ-ALPHA-03,INR,60923.0,60923.0,2026-08-04,SETTLEMENT,MATCHED,TRAIN
4085,TRD103997,ACC-EQ-INDEX-04,INR,5469740.0,5469740.0,2026-08-14,SETTLEMENT,MATCHED,TRAIN
4086,TRD103998,ACC-EQ-ALPHA-03,INR,237120.0,237120.0,2026-08-06,SETTLEMENT,MATCHED,TRAIN
4087,TRD103999,ACC-EQ-CORE-01,EUR,162410.88,169178.0,2026-08-16,SETTLEMENT,MATCHED,TEST
4089,TRD104001,ACC-EQ-CORE-02,INR,152225.0,152225.0,2026-08-21,SETTLEMENT,MATCHED,TRAIN
4090,TRD104002,ACC-EQ-CORE-02,INR,7349220.0,7349220.0,2026-08-16,SETTLEMENT,MATCHED,TRAIN
4091,TRD104003,ACC-EQ-CORE-01,INR,687015.0,687015.0,2026-08-02,SETTLEMENT,MATCHED,TRAIN
4092,TRD104004,ACC-EQ-CORE-01,INR,84191.0,84191.0,2026-08-18,SETTLEMENT,MATCHED,TRAIN
4093,TRD104005,ACC-EQ-ALPHA-03,INR,310422.5,310422.5,2026-08-02,SETTLEMENT,MATCHED,TRAIN
4094,TRD104006,ACC-EQ-CORE-02,INR,471285.0,471285.0,2026-08-08,SETTLEMENT,MATCHED,TEST
4095,TRD104007,ACC-EQ-INDEX-04,INR,195344.0,195344.0,2026-08-03,SETTLEMENT,MATCHED,TRAIN
4096,TRD104008,ACC-EQ-INDEX-04,INR,714850.0,714850.0,2026-08-07,SETTLEMENT,MATCHED,TRAIN
4097,TRD104009,ACC-EQ-ALPHA-03,INR,2478220.0,2478220.0,2026-08-17,SETTLEMENT,MATCHED,TRAIN
4098,TRD104010,ACC-EQ-ALPHA-03,INR,610320.0,610320.0,2026-08-04,SETTLEMENT,MATCHED,TRAIN
4099,TRD104011,ACC-EQ-CORE-01,INR,1697180.0,1697180.0,2026-08-17,SETTLEMENT,MATCHED,TRAIN
4100,TRD104012,ACC-EQ-ALPHA-03,INR,7381580.0,7381580.0,2026-08-13,SETTLEMENT,MATCHED,TRAIN
4101,TRD104013,ACC-EQ-INDEX-04,INR,421760.0,421760.0,2026-08-04,SETTLEMENT,MATCHED,TEST
4102,TRD104014,ACC-EQ-ALPHA-03,INR,258300.0,258300.0,2026-08-18,SETTLEMENT,MATCHED,TRAIN
4103,TRD104015,ACC-EQ-ALPHA-03,INR,2060467.5,2060467.5,2026-08-09,SETTLEMENT,MATCHED,TRAIN
4104,TRD104016,ACC-EQ-INDEX-04,INR,490660.0,490660.0,2026-08-17,SETTLEMENT,MATCHED,TRAIN
4105,TRD104017,ACC-EQ-CORE-01,INR,9736710.0,9736710.0,2026-08-09,SETTLEMENT,MATCHED,TRAIN
4106,TRD104018,ACC-EQ-ALPHA-03,INR,469010.0,469010.0,2026-08-02,SETTLEMENT,MATCHED,TRAIN
4107,TRD104019,ACC-EQ-CORE-02,INR,2843145.0,2843145.0,2026-08-21,SETTLEMENT,MATCHED,TRAIN
4108,TRD104020,ACC-EQ-ALPHA-03,INR,622705.0,622705.0,2026-08-15,SETTLEMENT,MATCHED,TRAIN
4109,TRD104021,ACC-EQ-CORE-01,INR,84783.0,84783.0,2026-08-11,SETTLEMENT,MATCHED,TRAIN
4110,TRD104022,ACC-EQ-INDEX-04,INR,61094.0,61094.0,2026-08-19,SETTLEMENT,MATCHED,TRAIN
4111,TRD104022,ACC-EQ-INDEX-04,INR,61094.0,61094.0,2026-08-19,SETTLEMENT,MATCHED,TRAIN
4112,TRD104023,ACC-EQ-CORE-02,INR,188182.0,188182.0,2026-08-08,SETTLEMENT,MATCHED,TRAIN
4113,TRD104024,ACC-EQ-INDEX-04,INR,150186.39,118257.0,2026-08-16,SETTLEMENT,MATCHED,TRAIN
4114,TRD104025,ACC-EQ-CORE-01,INR,12950100.0,12950100.0,2026-08-13,SETTLEMENT,MATCHED,TEST
4115,TRD104026,ACC-EQ-ALPHA-03,INR,366408.0,366408.0,2026-08-06,SETTLEMENT,MATCHED,TRAIN
4116,TRD104027,ACC-EQ-ALPHA-03,INR,84709.0,84709.0,2026-08-22,SETTLEMENT,MATCHED,TRAIN
4117,TRD104028,ACC-EQ-CORE-02,INR,715900.0,715900.0,2026-08-05,SETTLEMENT,MATCHED,TRAIN
4118,TRD104029,ACC-EQ-ALPHA-03,INR,333832.0,333832.0,2026-08-16,SETTLEMENT,MATCHED,TEST
4119,TRD104030,ACC-EQ-CORE-02,INR,6506265.0,6506265.0,2026-08-21,SETTLEMENT,MATCHED,TRAIN
4120,TRD104031,ACC-EQ-ALPHA-03,INR,546988.0,546988.0,2026-08-09,SETTLEMENT,MATCHED,TRAIN
4121,TRD104032,ACC-EQ-ALPHA-03,INR,309892.5,309892.5,2026-08-07,SETTLEMENT,MATCHED,TRAIN
4122,TRD104033,ACC-EQ-ALPHA-03,INR,5539020.0,5539020.0,2026-08-14,SETTLEMENT,MATCHED,TRAIN
4123,TRD104034,ACC-EQ-CORE-02,INR,61049.0,61049.0,2026-08-17,SETTLEMENT,MATCHED,TRAIN
4124,TRD104035,ACC-EQ-INDEX-04,INR,633202.5,633202.5,2026-08-04,SETTLEMENT,MATCHED,TEST
4125,TRD104036,ACC-EQ-CORE-01,INR,549584.0,549584.0,2026-08-12,SETTLEMENT,MATCHED,TEST
4126,TRD104037,ACC-EQ-CORE-02,INR,1464487.5,1464487.5,2026-08-13,SETTLEMENT,MATCHED,TRAIN
4127,TRD104038,ACC-EQ-INDEX-04,INR,61294.0,61294.0,2026-08-15,SETTLEMENT,MATCHED,TRAIN
4128,TRD104039,ACC-EQ-INDEX-04,INR,735410.0,735410.0,2026-08-08,SETTLEMENT,MATCHED,TRAIN
4129,TRD104040,ACC-EQ-ALPHA-03,INR,339762.0,339762.0,2026-08-06,SETTLEMENT,MATCHED,TEST
4130,TRD104041,ACC-EQ-ALPHA-03,INR,1271175.0,1271175.0,2026-08-07,SETTLEMENT,MATCHED,TEST
4131,TRD104042,ACC-EQ-CORE-01,INR,2822085.0,2822085.0,2026-08-10,SETTLEMENT,MATCHED,TRAIN
4132,TRD104043,ACC-EQ-INDEX-04,INR,420547.5,420547.5,2026-08-21,SETTLEMENT,MATCHED,TRAIN
4133,TRD104044,ACC-EQ-ALPHA-03,INR,6165090.0,6165090.0,2026-08-09,SETTLEMENT,MATCHED,TEST
4134,TRD104045,ACC-EQ-CORE-01,INR,3395720.0,3395720.0,2026-08-11,SETTLEMENT,MATCHED,TEST
4135,TRD104046,ACC-EQ-INDEX-04,INR,153225.0,153225.0,2026-08-06,SETTLEMENT,MATCHED,TRAIN
4136,TRD104047,ACC-EQ-CORE-02,INR,336540.0,336540.0,2026-08-08,SETTLEMENT,MATCHED,TRAIN
4138,TRD104049,ACC-EQ-ALPHA-03,INR,711692.5,711692.5,2026-08-09,SETTLEMENT,MATCHED,TRAIN
4139,TRD104050,ACC-EQ-CORE-02,INR,713002.5,713002.5,2026-08-09,SETTLEMENT,MATCHED,TRAIN
4140,TRD104051,ACC-EQ-INDEX-04,INR,3775380.0,3775380.0,2026-08-13,SETTLEMENT,MATCHED,TRAIN
4141,TRD104052,ACC-EQ-CORE-01,INR,376586.0,376586.0,2026-08-12,SETTLEMENT,MATCHED,TRAIN
4142,TRD104053,ACC-EQ-CORE-02,INR,1462290.0,1462290.0,2026-08-04,SETTLEMENT,MATCHED,TRAIN
4143,TRD104054,ACC-EQ-CORE-01,INR,2522415.0,2522415.0,2026-08-13,SETTLEMENT,MATCHED,TRAIN
4144,TRD104055,ACC-EQ-INDEX-04,INR,489730.0,489730.0,2026-08-20,SETTLEMENT,MATCHED,TRAIN
4145,TRD104056,ACC-EQ-CORE-01,INR,390438.0,390438.0,2026-08-15,SETTLEMENT,MATCHED,TRAIN
4146,TRD104057,ACC-EQ-INDEX-04,INR,294737.5,294737.5,2026-08-12,SETTLEMENT,MATCHED,TRAIN
4147,TRD104058,ACC-EQ-CORE-01,INR,3245300.0,3245300.0,2026-08-15,SETTLEMENT,MATCHED,TRAIN
4148,TRD104059,ACC-EQ-CORE-02,INR,1351291.8,1217380.0,2026-08-21,SETTLEMENT,MATCHED,TRAIN
4149,TRD104060,ACC-EQ-INDEX-04,INR,589520.0,589520.0,2026-08-04,SETTLEMENT,MATCHED,TEST
4150,TRD104061,ACC-EQ-CORE-01,INR,3908860.0,3908860.0,2026-08-17,SETTLEMENT,MATCHED,TRAIN
4151,TRD104062,ACC-EQ-ALPHA-03,INR,3780120.0,3780120.0,2026-08-16,SETTLEMENT,MATCHED,TRAIN
4152,TRD104063,ACC-EQ-ALPHA-03,INR,2592708.0,2592708.0,2026-08-08,SETTLEMENT,MATCHED,TRAIN
4153,TRD104064,ACC-EQ-CORE-02,INR,84146.0,84146.0,2026-08-07,SETTLEMENT,MATCHED,TEST
4154,TRD104065,ACC-EQ-CORE-01,INR,305360.0,305360.0,2026-08-19,SETTLEMENT,MATCHED,TRAIN
4155,TRD104066,ACC-EQ-ALPHA-03,INR,458392.5,458392.5,2026-08-03,SETTLEMENT,MATCHED,TRAIN
4156,TRD104067,ACC-EQ-ALPHA-03,INR,700170.0,700170.0,2026-08-22,SETTLEMENT,MATCHED,TEST
4157,TRD104068,ACC-EQ-ALPHA-03,INR,588785.0,588785.0,2026-08-16,SETTLEMENT,MATCHED,TRAIN
4158,TRD104069,ACC-EQ-INDEX-04,INR,391282.0,391282.0,2026-08-06,SETTLEMENT,MATCHED,TEST
4159,TRD104070,ACC-EQ-CORE-02,INR,572316.0,572316.0,2026-08-19,SETTLEMENT,MATCHED,TEST
4160,TRD104071,ACC-EQ-CORE-02,INR,376352.0,376352.0,2026-08-12,SETTLEMENT,MATCHED,TRAIN
4161,TRD104072,ACC-EQ-CORE-02,INR,1853010.0,1853010.0,2026-08-19,SETTLEMENT,MATCHED,TRAIN
4162,TRD104073,ACC-EQ-ALPHA-03,INR,568590.0,568590.0,2026-08-19,SETTLEMENT,MATCHED,TRAIN
4163,TRD104074,ACC-EQ-CORE-01,INR,189542.0,189542.0,2026-08-08,SETTLEMENT,MATCHED,TRAIN
4164,TRD104075,ACC-EQ-CORE-02,INR,737676.0,737676.0,2026-08-22,SETTLEMENT,MATCHED,TRAIN
4165,TRD104076,ACC-EQ-CORE-01,INR,1294594.0,1294594.0,2026-08-20,SETTLEMENT,MATCHED,TRAIN
4167,TRD104078,ACC-EQ-ALPHA-03,INR,3370120.0,3370120.0,2026-08-03,SETTLEMENT,MATCHED,TRAIN
4168,TRD104079,ACC-EQ-INDEX-04,INR,3096705.0,3096705.0,2026-08-05,SETTLEMENT,MATCHED,TRAIN
4169,TRD104080,ACC-EQ-ALPHA-03,INR,93718.0,93718.0,2026-08-10,SETTLEMENT,MATCHED,TRAIN
4170,TRD104081,ACC-EQ-CORE-01,INR,2734730.0,2734730.0,2026-08-08,SETTLEMENT,MATCHED,TRAIN
4171,TRD104082,ACC-EQ-ALPHA-03,INR,827300.0,827300.0,2026-08-20,SETTLEMENT,MATCHED,TRAIN
4172,TRD104083,ACC-EQ-INDEX-04,INR,636960.0,636960.0,2026-08-15,SETTLEMENT,MATCHED,TRAIN
4173,TRD104084,ACC-EQ-CORE-02,INR,1767615.0,1767615.0,2026-08-14,SETTLEMENT,MATCHED,TRAIN
4174,TRD104085,ACC-EQ-CORE-01,INR,3366540.0,3366540.0,2026-08-16,SETTLEMENT,MATCHED,TEST
4175,TRD104086,ACC-EQ-ALPHA-03,INR,688777.5,688777.5,2026-08-09,SETTLEMENT,MATCHED,TRAIN
4176,TRD104087,ACC-EQ-CORE-02,INR,1032682.5,1032682.5,2026-08-14,SETTLEMENT,MATCHED,TEST
4177,TRD104088,ACC-EQ-CORE-02,INR,845550.0,845550.0,2026-08-16,SETTLEMENT,MATCHED,TRAIN
4178,TRD104089,ACC-EQ-CORE-02,INR,459240.0,459240.0,2026-08-03,SETTLEMENT,MATCHED,TEST
4179,TRD104090,ACC-EQ-ALPHA-03,INR,1469227.5,1469227.5,2026-08-04,SETTLEMENT,MATCHED,TRAIN
4180,TRD104091,ACC-EQ-CORE-02,INR,257835.0,257835.0,2026-08-15,SETTLEMENT,MATCHED,TRAIN
4181,TRD104092,ACC-EQ-CORE-01,INR,247096.0,247096.0,2026-08-16,SETTLEMENT,MATCHED,TRAIN
4182,TRD104093,ACC-EQ-CORE-02,INR,377586.0,377586.0,2026-08-11,SETTLEMENT,MATCHED,TRAIN
4183,TRD104094,ACC-EQ-INDEX-04,INR,1779060.0,1779060.0,2026-08-15,SETTLEMENT,MATCHED,TRAIN
4184,TRD104095,ACC-EQ-INDEX-04,INR,47050.0,47050.0,2026-08-14,SETTLEMENT,MATCHED,TRAIN
4185,TRD104096,ACC-EQ-CORE-02,INR,2370580.0,2370580.0,2026-08-08,SETTLEMENT,MATCHED,TEST
4186,TRD104097,ACC-EQ-CORE-02,INR,2138760.0,2138760.0,2026-08-17,SETTLEMENT,MATCHED,TRAIN
4187,TRD104098,ACC-EQ-CORE-02,INR,305755.0,305755.0,2026-08-04,SETTLEMENT,MATCHED,TRAIN
4188,TRD104099,ACC-EQ-CORE-01,INR,550006.0,550006.0,2026-08-07,SETTLEMENT,MATCHED,TRAIN
4189,TRD104100,ACC-EQ-CORE-01,INR,345933.4,421870.0,2026-08-03,SETTLEMENT,MATCHED,TRAIN
4190,TRD104101,ACC-EQ-INDEX-04,INR,138963.83,152707.5,2026-08-04,SETTLEMENT,MATCHED,TRAIN
4191,TRD104102,ACC-EQ-CORE-02,INR,471540.0,471540.0,2026-08-05,SETTLEMENT,MATCHED,TRAIN
4192,TRD104103,ACC-EQ-CORE-01,INR,823708.0,823708.0,2026-08-20,SETTLEMENT,MATCHED,TRAIN
4193,TRD104104,ACC-EQ-ALPHA-03,INR,1691640.0,1691640.0,2026-08-18,SETTLEMENT,MATCHED,TRAIN
4194,TRD104105,ACC-EQ-CORE-01,INR,129442.5,129442.5,2026-08-16,SETTLEMENT,MATCHED,TRAIN
4195,TRD104106,ACC-EQ-ALPHA-03,INR,470715.0,470715.0,2026-08-05,SETTLEMENT,MATCHED,TRAIN
4196,TRD104107,ACC-EQ-CORE-01,INR,2758990.0,2758990.0,2026-08-13,SETTLEMENT,MATCHED,TRAIN
4197,TRD104108,ACC-EQ-ALPHA-03,INR,17233.0,17233.0,2026-08-17,SETTLEMENT,MATCHED,TRAIN
4198,TRD104109,ACC-EQ-CORE-01,INR,6463695.0,6463695.0,2026-08-15,SETTLEMENT,MATCHED,TRAIN
4199,TRD104110,ACC-EQ-INDEX-04,INR,2371860.0,2371860.0,2026-08-13,SETTLEMENT,MATCHED,TRAIN
4200,TRD104111,ACC-EQ-INDEX-04,INR,911895.0,911895.0,2026-08-21,SETTLEMENT,MATCHED,TRAIN
4201,TRD104112,ACC-EQ-CORE-01,INR,93394.0,93394.0,2026-08-08,SETTLEMENT,MATCHED,TEST
4202,TRD104112,ACC-EQ-CORE-01,INR,93394.0,93394.0,2026-08-08,SETTLEMENT,MATCHED,TEST
4203,TRD104113,ACC-EQ-CORE-01,INR,921857.5,921857.5,2026-08-05,SETTLEMENT,MATCHED,TRAIN
4204,TRD104114,ACC-EQ-CORE-02,INR,6211485.0,6211485.0,2026-08-13,SETTLEMENT,MATCHED,TRAIN
4205,TRD104115,ACC-EQ-CORE-01,INR,847755.0,847755.0,2026-08-08,SETTLEMENT,MATCHED,TRAIN
4206,TRD104116,ACC-EQ-ALPHA-03,INR,8250880.0,8250880.0,2026-08-18,SETTLEMENT,MATCHED,TEST
4207,TRD104116,ACC-EQ-ALPHA-03,INR,8250880.0,8250880.0,2026-08-18,SETTLEMENT,MATCHED,TEST
4208,TRD104117,ACC-EQ-CORE-02,INR,274040.0,274040.0,2026-08-21,SETTLEMENT,MATCHED,TRAIN
4209,TRD104118,ACC-EQ-ALPHA-03,INR,489420.0,489420.0,2026-08-11,SETTLEMENT,MATCHED,TEST
4210,TRD104119,ACC-EQ-CORE-01,INR,1273515.0,1273515.0,2026-08-09,SETTLEMENT,MATCHED,TRAIN
4211,TRD104120,ACC-EQ-CORE-02,INR,353430.0,353430.0,2026-08-08,SETTLEMENT,MATCHED,TEST
4212,TRD104121,ACC-EQ-INDEX-04,INR,172930.0,172930.0,2026-08-12,SETTLEMENT,MATCHED,TRAIN
4213,TRD104122,ACC-EQ-ALPHA-03,INR,1028360.0,1028360.0,2026-08-04,SETTLEMENT,MATCHED,TRAIN
4214,TRD104123,ACC-EQ-CORE-02,INR,19547490.0,19547490.0,2026-08-05,SETTLEMENT,MATCHED,TEST
4215,TRD104124,ACC-EQ-CORE-02,INR,168400.0,168400.0,2026-08-19,SETTLEMENT,MATCHED,TRAIN
4216,TRD104125,ACC-EQ-ALPHA-03,INR,631650.0,631650.0,2026-08-08,SETTLEMENT,MATCHED,TRAIN
4217,TRD104126,ACC-EQ-CORE-02,INR,334416.0,334416.0,2026-08-08,SETTLEMENT,MATCHED,TRAIN
4218,TRD104127,ACC-EQ-ALPHA-03,INR,345240.0,345240.0,2026-08-18,SETTLEMENT,MATCHED,TRAIN
4219,TRD104128,ACC-EQ-INDEX-04,INR,2939295.0,2939295.0,2026-08-11,SETTLEMENT,MATCHED,TRAIN
4220,TRD104129,ACC-EQ-CORE-02,INR,1472857.5,1472857.5,2026-08-03,SETTLEMENT,MATCHED,TRAIN
4221,TRD104130,ACC-EQ-CORE-01,INR,939080.0,939080.0,2026-08-08,SETTLEMENT,MATCHED,TRAIN
4222,TRD104131,ACC-EQ-INDEX-04,INR,336614.0,336614.0,2026-08-08,SETTLEMENT,MATCHED,TRAIN
4223,TRD104132,ACC-EQ-CORE-02,INR,258555.0,258555.0,2026-08-17,SETTLEMENT,MATCHED,TRAIN
4225,TRD104134,ACC-EQ-CORE-02,INR,473267.5,473267.5,2026-08-10,SETTLEMENT,MATCHED,TEST
4226,TRD104135,ACC-EQ-ALPHA-03,INR,842535.0,842535.0,2026-08-09,SETTLEMENT,MATCHED,TRAIN
4227,TRD104136,ACC-EQ-ALPHA-03,INR,17175.0,17175.0,2026-08-19,SETTLEMENT,MATCHED,TRAIN
4228,TRD104137,ACC-EQ-CORE-02,INR,309570.0,309570.0,2026-08-19,SETTLEMENT,MATCHED,TEST
4229,TRD104138,ACC-EQ-ALPHA-03,INR,1682781.97,1414102.5,2026-08-13,SETTLEMENT,MATCHED,TRAIN
4231,TRD104140,ACC-EQ-ALPHA-03,INR,1274610.0,1274610.0,2026-08-02,SETTLEMENT,MATCHED,TRAIN
4232,TRD104141,ACC-EQ-CORE-01,INR,2477920.0,2477920.0,2026-08-21,SETTLEMENT,MATCHED,TRAIN
4233,TRD104142,ACC-EQ-ALPHA-03,INR,46806.0,46806.0,2026-08-22,SETTLEMENT,MATCHED,TEST
4234,TRD104143,ACC-EQ-CORE-01,INR,412110.0,412110.0,2026-08-07,SETTLEMENT,MATCHED,TRAIN
4235,TRD104144,ACC-EQ-ALPHA-03,INR,1422660.0,1422660.0,2026-08-12,SETTLEMENT,MATCHED,TRAIN
4236,TRD104145,ACC-EQ-INDEX-04,INR,151877.5,151877.5,2026-08-07,SETTLEMENT,MATCHED,TRAIN
4238,TRD104147,ACC-EQ-CORE-01,INR,1177110.0,1177110.0,2026-08-19,SETTLEMENT,MATCHED,TEST
4239,TRD104148,ACC-EQ-CORE-01,INR,825182.0,825182.0,2026-08-19,SETTLEMENT,MATCHED,TRAIN
4240,TRD104149,ACC-EQ-CORE-02,INR,2051512.5,2051512.5,2026-08-22,SETTLEMENT,MATCHED,TRAIN
4241,TRD104150,ACC-EQ-CORE-02,INR,4272525.0,4272525.0,2026-08-07,SETTLEMENT,MATCHED,TRAIN
4242,TRD104151,ACC-EQ-CORE-02,INR,842680.0,842680.0,2026-08-11,SETTLEMENT,MATCHED,TRAIN
4243,TRD104152,ACC-EQ-INDEX-04,INR,620230.0,620230.0,2026-08-05,SETTLEMENT,MATCHED,TRAIN
4244,TRD104153,ACC-EQ-ALPHA-03,INR,129637.5,129637.5,2026-08-18,SETTLEMENT,MATCHED,TRAIN
4245,TRD104154,ACC-EQ-INDEX-04,INR,1414170.0,1414170.0,2026-08-19,SETTLEMENT,MATCHED,TEST
4246,TRD104155,ACC-EQ-CORE-02,INR,3674390.0,3674390.0,2026-08-16,SETTLEMENT,MATCHED,TRAIN
4247,TRD104156,ACC-EQ-ALPHA-03,INR,1299007.0,1299007.0,2026-08-13,SETTLEMENT,MATCHED,TEST
4248,TRD104157,ACC-EQ-INDEX-04,INR,346080.0,346080.0,2026-08-02,SETTLEMENT,MATCHED,TRAIN
4249,TRD104158,ACC-EQ-INDEX-04,INR,1237200.0,1237200.0,2026-08-21,SETTLEMENT,MATCHED,TEST
4250,TRD104159,ACC-EQ-CORE-02,INR,84356.0,84356.0,2026-08-05,SETTLEMENT,MATCHED,TRAIN
4251,TRD104160,ACC-EQ-INDEX-04,INR,2844060.0,2844060.0,2026-08-19,SETTLEMENT,MATCHED,TRAIN
4252,TRD104161,ACC-EQ-INDEX-04,INR,129967.5,129967.5,2026-08-21,SETTLEMENT,MATCHED,TEST
4253,TRD104162,ACC-EQ-ALPHA-03,INR,5516340.0,5516340.0,2026-08-20,SETTLEMENT,MATCHED,TRAIN
4254,TRD104162,ACC-EQ-ALPHA-03,INR,5516340.0,5516340.0,2026-08-20,SETTLEMENT,MATCHED,TRAIN
4255,TRD104163,ACC-EQ-CORE-01,INR,4284330.0,4284330.0,2026-08-16,SETTLEMENT,MATCHED,TRAIN
4256,TRD104163,ACC-EQ-CORE-01,INR,4284330.0,4284330.0,2026-08-16,SETTLEMENT,MATCHED,TRAIN
4257,TRD104164,ACC-EQ-INDEX-04,INR,117535.0,117535.0,2026-08-10,SETTLEMENT,MATCHED,TEST
4258,TRD104165,ACC-EQ-ALPHA-03,INR,413984.0,413984.0,2026-08-08,SETTLEMENT,MATCHED,TEST
4259,TRD104166,ACC-EQ-INDEX-04,INR,4116310.0,4116310.0,2026-08-13,SETTLEMENT,MATCHED,TRAIN
4260,TRD104167,ACC-EQ-CORE-01,INR,2838430.0,2838430.0,2026-08-18,SETTLEMENT,MATCHED,TEST
4261,TRD104168,ACC-EQ-CORE-02,INR,3386280.0,3386280.0,2026-08-10,SETTLEMENT,MATCHED,TRAIN
4262,TRD104169,ACC-EQ-INDEX-04,INR,623315.0,623315.0,2026-08-13,SETTLEMENT,MATCHED,TRAIN
4263,TRD104170,ACC-EQ-ALPHA-03,INR,2134117.5,2134117.5,2026-08-02,SETTLEMENT,MATCHED,TRAIN
4264,TRD104171,ACC-EQ-CORE-02,INR,845070.0,845070.0,2026-08-11,SETTLEMENT,MATCHED,TEST
4266,TRD104173,ACC-EQ-CORE-01,INR,172970.0,172970.0,2026-08-05,SETTLEMENT,MATCHED,TRAIN
4267,TRD104174,ACC-EQ-ALPHA-03,INR,84966.0,84966.0,2026-08-09,SETTLEMENT,MATCHED,TRAIN
4268,TRD104175,ACC-EQ-CORE-01,INR,423680.0,423680.0,2026-08-11,SETTLEMENT,MATCHED,TRAIN
4269,TRD104176,ACC-EQ-CORE-02,INR,1373040.0,1373040.0,2026-08-11,SETTLEMENT,MATCHED,TRAIN
4270,TRD104177,ACC-EQ-ALPHA-03,INR,1300222.0,1300222.0,2026-08-08,SETTLEMENT,MATCHED,TRAIN
4271,TRD104178,ACC-EQ-INDEX-04,INR,567374.0,567374.0,2026-08-04,SETTLEMENT,MATCHED,TRAIN
4272,TRD104179,ACC-EQ-CORE-02,INR,1175340.0,1175340.0,2026-08-21,SETTLEMENT,MATCHED,TRAIN
4273,TRD104180,ACC-EQ-CORE-02,INR,2062140.0,2062140.0,2026-08-18,SETTLEMENT,MATCHED,TRAIN
4274,TRD104181,ACC-EQ-CORE-02,INR,469010.0,469010.0,2026-08-17,SETTLEMENT,MATCHED,TRAIN
4275,TRD104182,ACC-EQ-INDEX-04,INR,1263915.0,1263915.0,2026-08-08,SETTLEMENT,MATCHED,TRAIN
4276,TRD104183,ACC-EQ-ALPHA-03,INR,932272.5,932272.5,2026-08-08,SETTLEMENT,MATCHED,TEST
4277,TRD104184,ACC-EQ-CORE-01,INR,5533875.0,5533875.0,2026-08-09,SETTLEMENT,MATCHED,TRAIN
4278,TRD104185,ACC-EQ-INDEX-04,INR,487440.0,487440.0,2026-08-13,SETTLEMENT,MATCHED,TRAIN
4279,TRD104186,ACC-EQ-INDEX-04,INR,46866.0,46866.0,2026-08-09,SETTLEMENT,MATCHED,TRAIN
4280,TRD104187,ACC-EQ-INDEX-04,INR,1240320.0,1240320.0,2026-08-15,SETTLEMENT,MATCHED,TRAIN
4281,TRD104188,ACC-EQ-ALPHA-03,INR,848945.0,848945.0,2026-08-16,SETTLEMENT,MATCHED,TRAIN
4282,TRD104189,ACC-EQ-ALPHA-03,INR,7383400.0,7383400.0,2026-08-10,SETTLEMENT,MATCHED,TRAIN
4283,TRD104190,ACC-EQ-ALPHA-03,INR,1468972.5,1468972.5,2026-08-11,SETTLEMENT,MATCHED,TRAIN
4284,TRD104191,ACC-EQ-INDEX-04,INR,1184360.0,1184360.0,2026-08-16,SETTLEMENT,MATCHED,TRAIN
4285,TRD104192,ACC-EQ-INDEX-04,INR,19230.75,17325.0,2026-08-09,SETTLEMENT,MATCHED,TRAIN
4286,TRD104193,ACC-EQ-CORE-01,INR,3373400.0,3373400.0,2026-08-10,SETTLEMENT,MATCHED,TRAIN
4287,TRD104194,ACC-EQ-INDEX-04,INR,3375880.0,3375880.0,2026-08-11,SETTLEMENT,MATCHED,TRAIN
4288,TRD104195,ACC-EQ-CORE-02,INR,1251225.0,1251225.0,2026-08-12,SETTLEMENT,MATCHED,TEST
4289,TRD104196,ACC-EQ-CORE-01,INR,285873.0,285873.0,2026-08-22,SETTLEMENT,MATCHED,TRAIN
4290,TRD104196,ACC-EQ-CORE-01,INR,285873.0,285873.0,2026-08-22,SETTLEMENT,MATCHED,TRAIN
4291,TRD104197,ACC-EQ-ALPHA-03,INR,61216.0,61216.0,2026-08-13,SETTLEMENT,MATCHED,TRAIN
4292,TRD104198,ACC-EQ-ALPHA-03,USD,1303261.65,1259190.0,2026-08-12,SETTLEMENT,MATCHED,TRAIN
4293,TRD104199,ACC-EQ-CORE-02,INR,422130.0,422130.0,2026-08-07,SETTLEMENT,MATCHED,TRAIN
4294,TRD104200,ACC-EQ-ALPHA-03,INR,169262.0,169262.0,2026-08-02,SETTLEMENT,MATCHED,TRAIN
4295,TRD104201,ACC-EQ-ALPHA-03,INR,567650.0,567650.0,2026-08-09,SETTLEMENT,MATCHED,TRAIN
4296,TRD104202,ACC-EQ-INDEX-04,INR,824974.0,824974.0,2026-08-21,SETTLEMENT,MATCHED,TRAIN
4297,TRD104203,ACC-EQ-CORE-02,INR,824542.0,824542.0,2026-08-12,SETTLEMENT,MATCHED,TRAIN
4298,TRD104204,ACC-EQ-ALPHA-03,INR,2057175.0,2057175.0,2026-08-04,SETTLEMENT,MATCHED,TRAIN
4300,TRD104206,ACC-EQ-INDEX-04,INR,195141.0,195141.0,2026-08-16,SETTLEMENT,MATCHED,TRAIN
4301,TRD104207,ACC-EQ-CORE-01,INR,2934945.0,2934945.0,2026-08-06,SETTLEMENT,MATCHED,TEST
4302,TRD104208,ACC-EQ-ALPHA-03,INR,152387.5,152387.5,2026-08-12,SETTLEMENT,MATCHED,TRAIN
4303,TRD104209,ACC-EQ-CORE-02,INR,734382.0,734382.0,2026-08-07,SETTLEMENT,MATCHED,TRAIN
4304,TRD104210,ACC-EQ-INDEX-04,INR,713155.0,713155.0,2026-08-07,SETTLEMENT,MATCHED,TRAIN
4305,TRD104211,ACC-EQ-CORE-02,INR,1295606.0,1295606.0,2026-08-17,SETTLEMENT,MATCHED,TRAIN
4306,TRD104212,ACC-EQ-CORE-01,GBP,451708.8,470530.0,2026-08-03,SETTLEMENT,MATCHED,TRAIN
4307,TRD104213,ACC-EQ-ALPHA-03,INR,34502.0,34502.0,2026-08-14,SETTLEMENT,MATCHED,TRAIN
4308,TRD104214,ACC-EQ-CORE-01,INR,2490720.0,2490720.0,2026-08-08,SETTLEMENT,MATCHED,TRAIN
4309,TRD104215,ACC-EQ-ALPHA-03,INR,467340.0,467340.0,2026-08-16,SETTLEMENT,MATCHED,TRAIN
4310,TRD104216,ACC-EQ-CORE-01,INR,1422790.0,1422790.0,2026-08-10,SETTLEMENT,MATCHED,TRAIN
4311,TRD104217,ACC-EQ-INDEX-04,GBP,44158.35,43292.5,2026-08-09,SETTLEMENT,MATCHED,TRAIN
4312,TRD104218,ACC-EQ-INDEX-04,INR,13043880.0,13043880.0,2026-08-19,SETTLEMENT,MATCHED,TRAIN
4313,TRD104219,ACC-EQ-CORE-01,INR,2481080.0,2481080.0,2026-08-05,SETTLEMENT,MATCHED,TRAIN
4314,TRD104220,ACC-EQ-CORE-02,INR,171720.0,171720.0,2026-08-08,SETTLEMENT,MATCHED,TRAIN
4315,TRD104221,ACC-EQ-CORE-01,INR,3668950.0,3668950.0,2026-08-15,SETTLEMENT,MATCHED,TRAIN
4316,TRD104222,ACC-EQ-ALPHA-03,INR,1677510.0,1677510.0,2026-08-05,SETTLEMENT,MATCHED,TRAIN
4317,TRD104223,ACC-EQ-CORE-01,INR,17298.0,17298.0,2026-08-18,SETTLEMENT,MATCHED,TEST
4318,TRD104224,ACC-EQ-INDEX-04,INR,5510850.0,5510850.0,2026-08-18,SETTLEMENT,MATCHED,TRAIN
4319,TRD104225,ACC-EQ-CORE-02,INR,210797.5,210797.5,2026-08-08,SETTLEMENT,MATCHED,TEST
4320,TRD104226,ACC-EQ-CORE-01,INR,736382.0,736382.0,2026-08-03,SETTLEMENT,MATCHED,TRAIN
4321,TRD104227,ACC-EQ-ALPHA-03,INR,738378.0,738378.0,2026-08-14,SETTLEMENT,MATCHED,TRAIN
4322,TRD104228,ACC-EQ-ALPHA-03,INR,152300.0,152300.0,2026-08-07,SETTLEMENT,MATCHED,TRAIN
4323,TRD104229,ACC-EQ-CORE-01,INR,306635.0,306635.0,2026-08-03,SETTLEMENT,MATCHED,TEST
4324,TRD104229,ACC-EQ-CORE-01,INR,306635.0,306635.0,2026-08-03,SETTLEMENT,MATCHED,TEST
4325,TRD104230,ACC-EQ-CORE-01,INR,4106520.0,4106520.0,2026-08-08,SETTLEMENT,MATCHED,TEST
4327,TRD104232,ACC-EQ-CORE-02,INR,424275.0,424275.0,2026-08-04,SETTLEMENT,MATCHED,TEST
4328,TRD104233,ACC-EQ-INDEX-04,INR,168037.0,168037.0,2026-08-11,SETTLEMENT,MATCHED,TRAIN
4329,TRD104234,ACC-EQ-INDEX-04,INR,737294.0,737294.0,2026-08-05,SETTLEMENT,MATCHED,TRAIN
4330,TRD104235,ACC-EQ-INDEX-04,INR,886635.0,886635.0,2026-08-12,SETTLEMENT,MATCHED,TRAIN
4331,TRD104236,ACC-EQ-ALPHA-03,INR,913125.0,913125.0,2026-08-11,SETTLEMENT,MATCHED,TRAIN
4332,TRD104237,ACC-EQ-INDEX-04,INR,687070.0,687070.0,2026-08-05,SETTLEMENT,MATCHED,TRAIN
4333,TRD104238,ACC-EQ-CORE-01,INR,210460.0,210460.0,2026-08-11,SETTLEMENT,MATCHED,TRAIN
4334,TRD104239,ACC-EQ-INDEX-04,INR,4295925.0,4295925.0,2026-08-14,SETTLEMENT,MATCHED,TEST
4335,TRD104240,ACC-EQ-CORE-02,INR,286176.0,286176.0,2026-08-18,SETTLEMENT,MATCHED,TRAIN
4336,TRD104241,ACC-EQ-CORE-02,INR,1461405.0,1461405.0,2026-08-05,SETTLEMENT,MATCHED,TRAIN
4337,TRD104242,ACC-EQ-INDEX-04,INR,3233705.0,3233705.0,2026-08-04,SETTLEMENT,MATCHED,TRAIN
4338,TRD104243,ACC-EQ-INDEX-04,INR,257820.0,257820.0,2026-08-14,SETTLEMENT,MATCHED,TRAIN
4339,TRD104244,ACC-EQ-CORE-01,USD,1498481.25,1427125.0,2026-08-17,SETTLEMENT,MATCHED,TEST
4340,TRD104245,ACC-EQ-ALPHA-03,INR,2852460.0,2852460.0,2026-08-06,SETTLEMENT,MATCHED,TRAIN
4341,TRD104246,ACC-EQ-CORE-02,INR,472817.5,472817.5,2026-08-16,SETTLEMENT,MATCHED,TRAIN
4342,TRD104247,ACC-EQ-INDEX-04,INR,188173.0,188173.0,2026-08-22,SETTLEMENT,MATCHED,TRAIN
4343,TRD104248,ACC-EQ-CORE-02,INR,3684410.0,3684410.0,2026-08-06,SETTLEMENT,MATCHED,TRAIN
4344,TRD104249,ACC-EQ-ALPHA-03,EUR,1103515.07,1031322.5,2026-08-04,SETTLEMENT,MATCHED,TRAIN
4345,TRD104250,ACC-EQ-CORE-01,INR,17216.0,17216.0,2026-08-18,SETTLEMENT,MATCHED,TRAIN
4346,TRD104251,ACC-EQ-ALPHA-03,INR,211092.6,257430.0,2026-08-14,SETTLEMENT,MATCHED,TRAIN
4347,TRD104252,ACC-EQ-ALPHA-03,INR,471450.0,471450.0,2026-08-15,SETTLEMENT,MATCHED,TRAIN
4348,TRD104252,ACC-EQ-ALPHA-03,INR,471450.0,471450.0,2026-08-15,SETTLEMENT,MATCHED,TRAIN
4349,TRD104253,ACC-EQ-ALPHA-03,INR,2492880.0,2492880.0,2026-08-14,SETTLEMENT,MATCHED,TRAIN
4350,TRD104254,ACC-EQ-ALPHA-03,GBP,63931.35,60887.0,2026-08-04,SETTLEMENT,MATCHED,TRAIN
4351,TRD104255,ACC-EQ-ALPHA-03,INR,1264050.0,1264050.0,2026-08-05,SETTLEMENT,MATCHED,TEST
4352,TRD104256,ACC-EQ-INDEX-04,INR,421420.0,421420.0,2026-08-19,SETTLEMENT,MATCHED,TRAIN
4353,TRD104257,ACC-EQ-CORE-02,INR,1270905.0,1270905.0,2026-08-21,SETTLEMENT,MATCHED,TRAIN
4354,TRD104258,ACC-EQ-CORE-02,INR,2516790.0,2516790.0,2026-08-03,SETTLEMENT,MATCHED,TRAIN
4355,TRD104259,ACC-EQ-CORE-02,INR,1302994.0,1302994.0,2026-08-05,SETTLEMENT,MATCHED,TRAIN
4356,TRD104260,ACC-EQ-INDEX-04,INR,2137492.5,2137492.5,2026-08-20,SETTLEMENT,MATCHED,TRAIN
4357,TRD104261,ACC-EQ-ALPHA-03,INR,273776.0,273776.0,2026-08-02,SETTLEMENT,MATCHED,TEST
4358,TRD104262,ACC-EQ-ALPHA-03,INR,2066550.0,2066550.0,2026-08-18,SETTLEMENT,MATCHED,TRAIN
4359,TRD104263,ACC-EQ-ALPHA-03,INR,924185.0,924185.0,2026-08-20,SETTLEMENT,MATCHED,TRAIN
4360,TRD104264,ACC-EQ-CORE-01,INR,235482.0,235482.0,2026-08-20,SETTLEMENT,MATCHED,TRAIN
4361,TRD104265,ACC-EQ-ALPHA-03,INR,1255650.0,1255650.0,2026-08-19,SETTLEMENT,MATCHED,TRAIN
4362,TRD104266,ACC-EQ-ALPHA-03,INR,915285.0,915285.0,2026-08-22,SETTLEMENT,MATCHED,TEST
4363,TRD104267,ACC-EQ-INDEX-04,INR,2835270.0,2835270.0,2026-08-19,SETTLEMENT,MATCHED,TEST
4364,TRD104268,ACC-EQ-CORE-02,INR,12964420.0,12964420.0,2026-08-06,SETTLEMENT,MATCHED,TRAIN
4365,TRD104269,ACC-EQ-CORE-02,INR,688957.5,688957.5,2026-08-07,SETTLEMENT,MATCHED,TRAIN
4366,TRD104270,ACC-EQ-ALPHA-03,INR,549268.0,549268.0,2026-08-06,SETTLEMENT,MATCHED,TRAIN
4367,TRD104271,ACC-EQ-INDEX-04,INR,4292775.0,4292775.0,2026-08-18,SETTLEMENT,MATCHED,TRAIN
4368,TRD104272,ACC-EQ-INDEX-04,USD,2991777.3,2933115.0,2026-08-15,SETTLEMENT,MATCHED,TRAIN
4369,TRD104273,ACC-EQ-INDEX-04,INR,1766460.0,1766460.0,2026-08-19,SETTLEMENT,MATCHED,TRAIN
4370,TRD104274,ACC-EQ-ALPHA-03,INR,458100.0,458100.0,2026-08-20,SETTLEMENT,MATCHED,TRAIN
4371,TRD104275,ACC-EQ-INDEX-04,INR,2057435.0,2057435.0,2026-08-08,SETTLEMENT,MATCHED,TEST
4372,TRD104276,ACC-EQ-CORE-02,INR,172770.0,172770.0,2026-08-12,SETTLEMENT,MATCHED,TEST
4373,TRD104277,ACC-EQ-CORE-01,INR,2493140.0,2493140.0,2026-08-04,SETTLEMENT,MATCHED,TEST
4374,TRD104278,ACC-EQ-INDEX-04,INR,5530380.0,5530380.0,2026-08-07,SETTLEMENT,MATCHED,TEST
4375,TRD104279,ACC-EQ-INDEX-04,INR,550982.0,550982.0,2026-08-22,SETTLEMENT,MATCHED,TEST
4376,TRD104280,ACC-EQ-ALPHA-03,INR,1237380.0,1237380.0,2026-08-21,SETTLEMENT,MATCHED,TRAIN
4377,TRD104281,ACC-EQ-CORE-01,INR,4132230.0,4132230.0,2026-08-15,SETTLEMENT,MATCHED,TRAIN
4378,TRD104282,ACC-EQ-CORE-02,INR,701505.0,701505.0,2026-08-02,SETTLEMENT,MATCHED,TRAIN
4379,TRD104283,ACC-EQ-CORE-02,INR,151917.5,151917.5,2026-08-05,SETTLEMENT,MATCHED,TRAIN
4380,TRD104284,ACC-EQ-CORE-02,INR,4123870.0,4123870.0,2026-08-22,SETTLEMENT,MATCHED,TEST
4381,TRD104285,ACC-EQ-CORE-02,INR,117280.8,128880.0,2026-08-18,SETTLEMENT,MATCHED,TEST
4382,TRD104286,ACC-EQ-CORE-01,INR,686260.0,686260.0,2026-08-15,SETTLEMENT,MATCHED,TEST
4383,TRD104287,ACC-EQ-CORE-01,INR,169809.0,169809.0,2026-08-22,SETTLEMENT,MATCHED,TRAIN
4384,TRD104288,ACC-EQ-CORE-01,INR,1420925.0,1420925.0,2026-08-11,SETTLEMENT,MATCHED,TRAIN
4385,TRD104288,ACC-EQ-CORE-01,INR,1420925.0,1420925.0,2026-08-11,SETTLEMENT,MATCHED,TRAIN
4386,TRD104289,ACC-EQ-CORE-02,INR,13028090.0,13028090.0,2026-08-16,SETTLEMENT,MATCHED,TRAIN
4387,TRD104290,ACC-EQ-ALPHA-03,INR,4114290.0,4114290.0,2026-08-17,SETTLEMENT,MATCHED,TEST
4388,TRD104291,ACC-EQ-CORE-02,INR,929827.5,929827.5,2026-08-02,SETTLEMENT,MATCHED,TRAIN
4389,TRD104292,ACC-EQ-ALPHA-03,INR,257490.0,257490.0,2026-08-15,SETTLEMENT,MATCHED,TRAIN
4390,TRD104293,ACC-EQ-ALPHA-03,INR,488905.0,488905.0,2026-08-03,SETTLEMENT,MATCHED,TRAIN
4391,TRD104294,ACC-EQ-CORE-02,INR,1269375.0,1269375.0,2026-08-04,SETTLEMENT,MATCHED,TEST
4392,TRD104295,ACC-EQ-ALPHA-03,INR,3388880.0,3388880.0,2026-08-06,SETTLEMENT,MATCHED,TRAIN
4393,TRD104296,ACC-EQ-CORE-02,INR,379494.0,379494.0,2026-08-13,SETTLEMENT,MATCHED,TRAIN
4394,TRD104297,ACC-EQ-ALPHA-03,INR,1300253.0,1300253.0,2026-08-16,SETTLEMENT,MATCHED,TRAIN
4395,TRD104298,ACC-EQ-CORE-02,INR,1029015.0,1029015.0,2026-08-15,SETTLEMENT,MATCHED,TRAIN
4396,TRD104299,ACC-EQ-INDEX-04,INR,3385580.0,3385580.0,2026-08-10,SETTLEMENT,MATCHED,TRAIN
4397,TRD104300,ACC-EQ-CORE-01,INR,47045.0,47045.0,2026-08-12,SETTLEMENT,MATCHED,TRAIN
4398,TRD104301,ACC-EQ-ALPHA-03,INR,936620.0,936620.0,2026-08-04,SETTLEMENT,MATCHED,TRAIN
4399,TRD104302,ACC-EQ-CORE-02,INR,3093780.0,3093780.0,2026-08-07,SETTLEMENT,MATCHED,TRAIN
4400,TRD104303,ACC-EQ-CORE-02,INR,1269322.5,1269322.5,2026-08-07,SETTLEMENT,MATCHED,TRAIN
4401,TRD104304,ACC-EQ-ALPHA-03,INR,3902480.0,3902480.0,2026-08-16,SETTLEMENT,MATCHED,TRAIN
4402,TRD104305,ACC-EQ-CORE-01,INR,2747860.0,2747860.0,2026-08-03,SETTLEMENT,MATCHED,TRAIN
4403,TRD104306,ACC-EQ-CORE-02,INR,635632.5,635632.5,2026-08-10,SETTLEMENT,MATCHED,TRAIN
4404,TRD104307,ACC-EQ-ALPHA-03,INR,2513730.0,2513730.0,2026-08-17,SETTLEMENT,MATCHED,TRAIN
4405,TRD104308,ACC-EQ-ALPHA-03,INR,689495.0,689495.0,2026-08-02,SETTLEMENT,MATCHED,TRAIN
4406,TRD104309,ACC-EQ-CORE-01,INR,706485.0,706485.0,2026-08-09,SETTLEMENT,MATCHED,TRAIN
4407,TRD104309,ACC-EQ-CORE-01,INR,706485.0,706485.0,2026-08-09,SETTLEMENT,MATCHED,TRAIN
4408,TRD104310,ACC-EQ-CORE-01,INR,1676770.0,1676770.0,2026-08-16,SETTLEMENT,MATCHED,TEST
4409,TRD104311,ACC-EQ-INDEX-04,INR,827856.0,827856.0,2026-08-22,SETTLEMENT,MATCHED,TEST
4410,TRD104312,ACC-EQ-CORE-02,INR,6507295.0,6507295.0,2026-08-21,SETTLEMENT,MATCHED,TEST
4411,TRD104313,ACC-EQ-CORE-02,INR,9753907.5,9753907.5,2026-08-17,SETTLEMENT,MATCHED,TRAIN
4412,TRD104314,ACC-EQ-ALPHA-03,INR,1699020.0,1699020.0,2026-08-12,SETTLEMENT,MATCHED,TRAIN
4413,TRD104315,ACC-EQ-ALPHA-03,INR,1671350.0,1671350.0,2026-08-22,SETTLEMENT,MATCHED,TRAIN
4414,TRD104316,ACC-EQ-CORE-02,INR,1696750.0,1696750.0,2026-08-13,SETTLEMENT,MATCHED,TEST
4415,TRD104317,ACC-EQ-ALPHA-03,INR,948560.0,948560.0,2026-08-19,SETTLEMENT,MATCHED,TEST
4416,TRD104318,ACC-EQ-INDEX-04,INR,369244.0,369244.0,2026-08-20,SETTLEMENT,MATCHED,TRAIN
4417,TRD104319,ACC-EQ-INDEX-04,INR,25924200.0,25924200.0,2026-08-18,SETTLEMENT,MATCHED,TRAIN
4418,TRD104320,ACC-EQ-CORE-01,INR,714672.5,714672.5,2026-08-18,SETTLEMENT,MATCHED,TRAIN
4419,TRD104321,ACC-EQ-ALPHA-03,INR,421495.0,421495.0,2026-08-22,SETTLEMENT,MATCHED,TRAIN
4420,TRD104322,ACC-EQ-INDEX-04,INR,2127577.5,2127577.5,2026-08-05,SETTLEMENT,MATCHED,TRAIN
4421,TRD104323,ACC-EQ-INDEX-04,INR,390180.0,390180.0,2026-08-17,SETTLEMENT,MATCHED,TEST
4422,TRD104324,ACC-EQ-ALPHA-03,INR,248298.0,248298.0,2026-08-12,SETTLEMENT,MATCHED,TRAIN
4423,TRD104325,ACC-EQ-INDEX-04,INR,1840060.0,1840060.0,2026-08-11,SETTLEMENT,MATCHED,TRAIN
4424,TRD104326,ACC-EQ-CORE-01,INR,8202380.0,8202380.0,2026-08-21,SETTLEMENT,MATCHED,TRAIN
4425,TRD104327,ACC-EQ-CORE-01,INR,8228960.0,8228960.0,2026-08-02,SETTLEMENT,MATCHED,TRAIN
4426,TRD104328,ACC-EQ-ALPHA-03,INR,47096.0,47096.0,2026-08-16,SETTLEMENT,MATCHED,TRAIN
4427,TRD104329,ACC-EQ-ALPHA-03,INR,704760.0,704760.0,2026-08-07,SETTLEMENT,MATCHED,TRAIN
4428,TRD104330,ACC-EQ-ALPHA-03,INR,390740.0,390740.0,2026-08-06,SETTLEMENT,MATCHED,TEST
4429,TRD104331,ACC-EQ-CORE-02,INR,2931945.0,2931945.0,2026-08-09,SETTLEMENT,MATCHED,TRAIN
4430,TRD104332,ACC-EQ-INDEX-04,INR,234140.0,234140.0,2026-08-13,SETTLEMENT,MATCHED,TRAIN
4431,TRD104333,ACC-EQ-CORE-02,INR,46869.0,46869.0,2026-08-06,SETTLEMENT,MATCHED,TRAIN
4432,TRD104334,ACC-EQ-CORE-01,INR,551684.0,551684.0,2026-08-09,SETTLEMENT,MATCHED,TRAIN
4433,TRD104335,ACC-EQ-INDEX-04,INR,117523.0,117523.0,2026-08-08,SETTLEMENT,MATCHED,TRAIN
4434,TRD104336,ACC-EQ-INDEX-04,INR,3785720.0,3785720.0,2026-08-21,SETTLEMENT,MATCHED,TRAIN
4435,TRD104337,ACC-EQ-INDEX-04,INR,6477905.0,6477905.0,2026-08-20,SETTLEMENT,MATCHED,TRAIN
4436,TRD104338,ACC-EQ-CORE-01,INR,457852.5,457852.5,2026-08-02,SETTLEMENT,MATCHED,TRAIN
4437,TRD104339,ACC-EQ-INDEX-04,INR,345500.0,345500.0,2026-08-09,SETTLEMENT,MATCHED,TRAIN
4438,TRD104340,ACC-EQ-CORE-02,INR,919025.0,919025.0,2026-08-02,SETTLEMENT,MATCHED,TRAIN
4439,TRD104341,ACC-EQ-ALPHA-03,INR,2827995.0,2827995.0,2026-08-17,SETTLEMENT,MATCHED,TRAIN
4440,TRD104342,ACC-EQ-CORE-01,INR,2833440.0,2833440.0,2026-08-20,SETTLEMENT,MATCHED,TEST
4441,TRD104343,ACC-EQ-ALPHA-03,INR,491160.0,491160.0,2026-08-07,SETTLEMENT,MATCHED,TRAIN
4442,TRD104344,ACC-EQ-INDEX-04,INR,212045.0,212045.0,2026-08-04,SETTLEMENT,MATCHED,TRAIN
4443,TRD104345,ACC-EQ-ALPHA-03,INR,13020240.0,13020240.0,2026-08-11,SETTLEMENT,MATCHED,TEST
4445,TRD104347,ACC-EQ-CORE-01,INR,843740.0,843740.0,2026-08-04,SETTLEMENT,MATCHED,TRAIN
4446,TRD104348,ACC-EQ-CORE-01,EUR,2202001.15,2057945.0,2026-08-16,SETTLEMENT,MATCHED,TRAIN
4447,TRD104349,ACC-EQ-CORE-01,INR,188474.0,188474.0,2026-08-22,SETTLEMENT,MATCHED,TRAIN
4448,TRD104349,ACC-EQ-CORE-01,INR,188474.0,188474.0,2026-08-22,SETTLEMENT,MATCHED,TRAIN
4449,TRD104350,ACC-EQ-ALPHA-03,INR,703440.0,703440.0,2026-08-05,SETTLEMENT,MATCHED,TEST
4450,TRD104351,ACC-EQ-CORE-01,INR,3920385.23,3086917.5,2026-08-06,SETTLEMENT,MATCHED,TRAIN
4451,TRD104352,ACC-EQ-CORE-01,INR,618530.0,618530.0,2026-08-12,SETTLEMENT,MATCHED,TRAIN
4452,TRD104353,ACC-EQ-INDEX-04,INR,1029600.0,1029600.0,2026-08-19,SETTLEMENT,MATCHED,TRAIN
4453,TRD104353,ACC-EQ-INDEX-04,INR,1029600.0,1029600.0,2026-08-19,SETTLEMENT,MATCHED,TRAIN
4454,TRD104354,ACC-EQ-INDEX-04,INR,167534.0,167534.0,2026-08-14,SETTLEMENT,MATCHED,TRAIN
4455,TRD104355,ACC-EQ-CORE-01,INR,286451.0,286451.0,2026-08-17,SETTLEMENT,MATCHED,TRAIN
4456,TRD104356,ACC-EQ-CORE-01,INR,5484460.0,5484460.0,2026-08-21,SETTLEMENT,MATCHED,TRAIN
4457,TRD104357,ACC-EQ-INDEX-04,INR,3387200.0,3387200.0,2026-08-04,SETTLEMENT,MATCHED,TRAIN
4458,TRD104358,ACC-EQ-INDEX-04,INR,8212440.0,8212440.0,2026-08-11,SETTLEMENT,MATCHED,TRAIN
4459,TRD104359,ACC-EQ-CORE-02,INR,1460955.0,1460955.0,2026-08-14,SETTLEMENT,MATCHED,TRAIN
4460,TRD104360,ACC-EQ-ALPHA-03,INR,418327.5,418327.5,2026-08-11,SETTLEMENT,MATCHED,TEST
4461,TRD104361,ACC-EQ-CORE-01,INR,1860585.0,1860585.0,2026-08-05,SETTLEMENT,MATCHED,TRAIN
4462,TRD104362,ACC-EQ-CORE-01,INR,2856710.0,2856710.0,2026-08-09,SETTLEMENT,MATCHED,TEST
4463,TRD104363,ACC-EQ-INDEX-04,INR,2065297.5,2065297.5,2026-08-20,SETTLEMENT,MATCHED,TRAIN
4464,TRD104364,ACC-EQ-INDEX-04,INR,1251757.5,1251757.5,2026-08-05,SETTLEMENT,MATCHED,TRAIN
4465,TRD104365,ACC-EQ-CORE-01,INR,826106.0,826106.0,2026-08-13,SETTLEMENT,MATCHED,TRAIN
4466,TRD104366,ACC-EQ-INDEX-04,INR,422937.5,422937.5,2026-08-16,SETTLEMENT,MATCHED,TRAIN
4467,TRD104367,ACC-EQ-CORE-02,INR,379802.0,379802.0,2026-08-09,SETTLEMENT,MATCHED,TRAIN
4468,TRD104368,ACC-EQ-INDEX-04,INR,153015.0,153015.0,2026-08-12,SETTLEMENT,MATCHED,TRAIN
4469,TRD104368,ACC-EQ-INDEX-04,INR,153015.0,153015.0,2026-08-12,SETTLEMENT,MATCHED,TRAIN
4470,TRD104369,ACC-EQ-CORE-01,EUR,494284.88,470747.5,2026-08-20,SETTLEMENT,MATCHED,TRAIN
4471,TRD104370,ACC-EQ-CORE-02,INR,634290.0,634290.0,2026-08-06,SETTLEMENT,MATCHED,TEST
4473,TRD104372,ACC-EQ-CORE-01,INR,4269855.0,4269855.0,2026-08-09,SETTLEMENT,MATCHED,TRAIN
4474,TRD104373,ACC-EQ-CORE-02,INR,1245990.0,1245990.0,2026-08-14,SETTLEMENT,MATCHED,TRAIN
4475,TRD104374,ACC-EQ-CORE-01,INR,413625.0,413625.0,2026-08-04,SETTLEMENT,MATCHED,TRAIN
4476,TRD104375,ACC-EQ-ALPHA-03,EUR,1008170.05,942215.0,2026-08-20,SETTLEMENT,MATCHED,TRAIN
4477,TRD104376,ACC-EQ-INDEX-04,INR,118535.0,118535.0,2026-08-12,SETTLEMENT,MATCHED,TRAIN
4478,TRD104377,ACC-EQ-CORE-01,INR,933880.0,933880.0,2026-08-17,SETTLEMENT,MATCHED,TRAIN
4479,TRD104378,ACC-EQ-ALPHA-03,INR,2847960.0,2847960.0,2026-08-16,SETTLEMENT,MATCHED,TRAIN
4480,TRD104379,ACC-EQ-ALPHA-03,INR,1423537.5,1423537.5,2026-08-14,SETTLEMENT,MATCHED,TRAIN
4481,TRD104380,ACC-EQ-ALPHA-03,INR,1268317.5,1268317.5,2026-08-09,SETTLEMENT,MATCHED,TEST
4482,TRD104381,ACC-EQ-INDEX-04,INR,3346560.0,3346560.0,2026-08-10,SETTLEMENT,MATCHED,TEST
4483,TRD104382,ACC-EQ-CORE-01,INR,941220.0,941220.0,2026-08-15,SETTLEMENT,MATCHED,TRAIN
4484,TRD104383,ACC-EQ-INDEX-04,INR,619220.0,619220.0,2026-08-22,SETTLEMENT,MATCHED,TRAIN
4485,TRD104384,ACC-EQ-CORE-01,INR,2599610.0,2599610.0,2026-08-17,SETTLEMENT,MATCHED,TRAIN
4486,TRD104385,ACC-EQ-INDEX-04,INR,417812.5,417812.5,2026-08-15,SETTLEMENT,MATCHED,TRAIN
4487,TRD104386,ACC-EQ-CORE-01,INR,346260.0,346260.0,2026-08-10,SETTLEMENT,MATCHED,TRAIN
4488,TRD104387,ACC-EQ-ALPHA-03,INR,934290.0,934290.0,2026-08-03,SETTLEMENT,MATCHED,TRAIN
4489,TRD104388,ACC-EQ-ALPHA-03,INR,306225.0,306225.0,2026-08-19,SETTLEMENT,MATCHED,TRAIN
4490,TRD104389,ACC-EQ-CORE-01,INR,2860340.0,2860340.0,2026-08-07,SETTLEMENT,MATCHED,TRAIN
4491,TRD104390,ACC-EQ-INDEX-04,INR,1184000.0,1184000.0,2026-08-11,SETTLEMENT,MATCHED,TRAIN
4492,TRD104391,ACC-EQ-INDEX-04,INR,820452.0,820452.0,2026-08-20,SETTLEMENT,MATCHED,TRAIN
4493,TRD104392,ACC-EQ-ALPHA-03,INR,344420.0,344420.0,2026-08-13,SETTLEMENT,MATCHED,TRAIN
4494,TRD104393,ACC-EQ-CORE-02,INR,3767440.0,3767440.0,2026-08-14,SETTLEMENT,MATCHED,TRAIN
4495,TRD104394,ACC-EQ-CORE-01,INR,3671630.0,3671630.0,2026-08-02,SETTLEMENT,MATCHED,TRAIN
4496,TRD104395,ACC-EQ-INDEX-04,INR,2934390.0,2934390.0,2026-08-13,SETTLEMENT,MATCHED,TEST
4497,TRD104396,ACC-EQ-CORE-02,INR,19446435.0,19446435.0,2026-08-20,SETTLEMENT,MATCHED,TRAIN
4498,TRD104397,ACC-EQ-INDEX-04,INR,2060775.0,2060775.0,2026-08-15,SETTLEMENT,MATCHED,TRAIN
4499,TRD104398,ACC-EQ-ALPHA-03,INR,2369540.0,2369540.0,2026-08-16,SETTLEMENT,MATCHED,TRAIN
4500,TRD104399,ACC-EQ-INDEX-04,INR,1426240.0,1426240.0,2026-08-15,SETTLEMENT,MATCHED,TRAIN
4501,TRD104400,ACC-EQ-CORE-01,INR,938640.0,938640.0,2026-08-16,SETTLEMENT,MATCHED,TEST
4502,TRD104401,ACC-EQ-INDEX-04,INR,235595.0,235595.0,2026-08-05,SETTLEMENT,MATCHED,TRAIN
4503,TRD104402,ACC-EQ-ALPHA-03,INR,188854.0,188854.0,2026-08-22,SETTLEMENT,MATCHED,TEST
4504,TRD104403,ACC-EQ-CORE-02,INR,942245.0,942245.0,2026-08-09,SETTLEMENT,MATCHED,TRAIN
4505,TRD104404,ACC-EQ-INDEX-04,INR,588665.0,588665.0,2026-08-14,SETTLEMENT,MATCHED,TRAIN
4506,TRD104405,ACC-EQ-CORE-02,INR,19482855.0,19482855.0,2026-08-10,SETTLEMENT,MATCHED,TRAIN
4507,TRD104406,ACC-EQ-INDEX-04,INR,1693010.0,1693010.0,2026-08-08,SETTLEMENT,MATCHED,TRAIN
4508,TRD104407,ACC-EQ-ALPHA-03,INR,211610.0,211610.0,2026-08-04,SETTLEMENT,MATCHED,TRAIN
4509,TRD104408,ACC-EQ-ALPHA-03,INR,46671.0,46671.0,2026-08-14,SETTLEMENT,MATCHED,TRAIN
4510,TRD104408,ACC-EQ-ALPHA-03,INR,46671.0,46671.0,2026-08-14,SETTLEMENT,MATCHED,TRAIN
4511,TRD104409,ACC-EQ-CORE-01,INR,2488540.0,2488540.0,2026-08-12,SETTLEMENT,MATCHED,TRAIN
4512,TRD104410,ACC-EQ-ALPHA-03,INR,117737.0,117737.0,2026-08-13,SETTLEMENT,MATCHED,TEST
4513,TRD104411,ACC-EQ-ALPHA-03,INR,367367.0,367367.0,2026-08-16,SETTLEMENT,MATCHED,TRAIN
4514,TRD104412,ACC-EQ-INDEX-04,INR,848140.0,848140.0,2026-08-17,SETTLEMENT,MATCHED,TRAIN
4515,TRD104413,ACC-EQ-CORE-02,INR,5494140.0,5494140.0,2026-08-07,SETTLEMENT,MATCHED,TRAIN
4516,TRD104414,ACC-EQ-CORE-01,INR,377112.0,377112.0,2026-08-04,SETTLEMENT,MATCHED,TRAIN
4517,TRD104415,ACC-EQ-CORE-02,INR,1180960.0,1180960.0,2026-08-15,SETTLEMENT,MATCHED,TRAIN
4518,TRD104416,ACC-EQ-CORE-02,INR,2352460.0,2352460.0,2026-08-18,SETTLEMENT,MATCHED,TRAIN
4519,TRD104417,ACC-EQ-INDEX-04,INR,311147.5,311147.5,2026-08-20,SETTLEMENT,MATCHED,TRAIN
4520,TRD104418,ACC-EQ-ALPHA-03,INR,235988.0,235988.0,2026-08-20,SETTLEMENT,MATCHED,TRAIN
4521,TRD104419,ACC-EQ-CORE-01,INR,6150735.0,6150735.0,2026-08-08,SETTLEMENT,MATCHED,TRAIN
4522,TRD104420,ACC-EQ-INDEX-04,INR,284549.0,284549.0,2026-08-03,SETTLEMENT,MATCHED,TRAIN
4523,TRD104421,ACC-EQ-CORE-02,INR,168528.0,168528.0,2026-08-02,SETTLEMENT,MATCHED,TEST
4524,TRD104422,ACC-EQ-CORE-01,INR,8230040.0,8230040.0,2026-08-13,SETTLEMENT,MATCHED,TEST
4525,TRD104423,ACC-EQ-ALPHA-03,INR,2484560.0,2484560.0,2026-08-04,SETTLEMENT,MATCHED,TRAIN
4526,TRD104424,ACC-EQ-CORE-01,INR,424182.5,424182.5,2026-08-12,SETTLEMENT,MATCHED,TRAIN
4527,TRD104425,ACC-EQ-ALPHA-03,INR,211200.0,211200.0,2026-08-20,SETTLEMENT,MATCHED,TRAIN
4528,TRD104426,ACC-EQ-INDEX-04,INR,188519.0,188519.0,2026-08-14,SETTLEMENT,MATCHED,TRAIN
4529,TRD104427,ACC-EQ-INDEX-04,INR,618550.0,618550.0,2026-08-20,SETTLEMENT,MATCHED,TRAIN
4530,TRD104428,ACC-EQ-CORE-01,INR,86390.0,86390.0,2026-08-08,SETTLEMENT,MATCHED,TRAIN
4531,TRD104429,ACC-EQ-CORE-02,INR,572178.0,572178.0,2026-08-12,SETTLEMENT,MATCHED,TRAIN
4532,TRD104430,ACC-EQ-ALPHA-03,INR,2835030.0,2835030.0,2026-08-10,SETTLEMENT,MATCHED,TRAIN
4533,TRD104431,ACC-EQ-CORE-01,INR,2348860.0,2348860.0,2026-08-13,SETTLEMENT,MATCHED,TEST
4534,TRD104432,ACC-EQ-CORE-02,INR,939380.0,939380.0,2026-08-02,SETTLEMENT,MATCHED,TEST
4535,TRD104433,ACC-EQ-ALPHA-03,INR,1025512.5,1025512.5,2026-08-19,SETTLEMENT,MATCHED,TRAIN
4536,TRD104434,ACC-EQ-CORE-01,INR,839315.0,839315.0,2026-08-20,SETTLEMENT,MATCHED,TRAIN
4537,TRD104435,ACC-EQ-CORE-02,INR,591625.0,591625.0,2026-08-20,SETTLEMENT,MATCHED,TRAIN
4538,TRD104436,ACC-EQ-INDEX-04,INR,849100.0,849100.0,2026-08-05,SETTLEMENT,MATCHED,TRAIN
4539,TRD104437,ACC-EQ-CORE-01,INR,5468320.0,5468320.0,2026-08-21,SETTLEMENT,MATCHED,TRAIN
4540,TRD104438,ACC-EQ-CORE-02,INR,1687860.0,1687860.0,2026-08-05,SETTLEMENT,MATCHED,TRAIN
4541,TRD104438,ACC-EQ-CORE-02,INR,1687860.0,1687860.0,2026-08-05,SETTLEMENT,MATCHED,TRAIN
4542,TRD104439,ACC-EQ-CORE-02,INR,7384340.0,7384340.0,2026-08-20,SETTLEMENT,MATCHED,TRAIN
4543,TRD104440,ACC-EQ-CORE-02,INR,1892210.0,1892210.0,2026-08-18,SETTLEMENT,MATCHED,TRAIN
4544,TRD104441,ACC-EQ-INDEX-04,INR,1419892.5,1419892.5,2026-08-17,SETTLEMENT,MATCHED,TRAIN
4545,TRD104442,ACC-EQ-CORE-02,INR,4126980.0,4126980.0,2026-08-16,SETTLEMENT,MATCHED,TRAIN
4546,TRD104443,ACC-EQ-ALPHA-03,INR,565328.4,621240.0,2026-08-08,SETTLEMENT,MATCHED,TRAIN
4547,TRD104444,ACC-EQ-INDEX-04,INR,2360940.0,2360940.0,2026-08-07,SETTLEMENT,MATCHED,TRAIN
4548,TRD104445,ACC-EQ-ALPHA-03,INR,93628.0,93628.0,2026-08-14,SETTLEMENT,MATCHED,TRAIN
4549,TRD104446,ACC-EQ-CORE-01,INR,17303.0,17303.0,2026-08-21,SETTLEMENT,MATCHED,TRAIN
4550,TRD104447,ACC-EQ-INDEX-04,INR,124255.0,124255.0,2026-08-06,SETTLEMENT,MATCHED,TRAIN
4551,TRD104448,ACC-EQ-CORE-01,INR,285680.0,285680.0,2026-08-20,SETTLEMENT,MATCHED,TRAIN
4552,TRD104449,ACC-EQ-CORE-02,INR,1690110.0,1690110.0,2026-08-17,SETTLEMENT,MATCHED,TRAIN
4553,TRD104450,ACC-EQ-ALPHA-03,INR,43072.5,43072.5,2026-08-06,SETTLEMENT,MATCHED,TRAIN
4554,TRD104451,ACC-EQ-CORE-02,INR,296310.0,296310.0,2026-08-09,SETTLEMENT,MATCHED,TRAIN
4555,TRD104452,ACC-EQ-CORE-01,INR,236564.0,236564.0,2026-08-10,SETTLEMENT,MATCHED,TRAIN
4556,TRD104453,ACC-EQ-CORE-01,INR,1948820.0,1948820.0,2026-08-09,SETTLEMENT,MATCHED,TRAIN
4557,TRD104454,ACC-EQ-INDEX-04,INR,472082.5,472082.5,2026-08-04,SETTLEMENT,MATCHED,TRAIN
4558,TRD104455,ACC-EQ-ALPHA-03,INR,169680.0,169680.0,2026-08-22,SETTLEMENT,MATCHED,TEST
4559,TRD104456,ACC-EQ-ALPHA-03,EUR,79961.4,85980.0,2026-08-12,SETTLEMENT,MATCHED,TRAIN
4560,TRD104457,ACC-EQ-CORE-02,INR,2052270.0,2052270.0,2026-08-20,SETTLEMENT,MATCHED,TRAIN
4561,TRD104458,ACC-EQ-CORE-01,INR,1773645.0,1773645.0,2026-08-17,SETTLEMENT,MATCHED,TRAIN
4562,TRD104459,ACC-EQ-CORE-02,INR,168005.0,168005.0,2026-08-07,SETTLEMENT,MATCHED,TRAIN
4563,TRD104460,ACC-EQ-CORE-02,INR,234220.0,234220.0,2026-08-02,SETTLEMENT,MATCHED,TRAIN
4564,TRD104461,ACC-EQ-INDEX-04,INR,118113.0,118113.0,2026-08-22,SETTLEMENT,MATCHED,TEST
4565,TRD104462,ACC-EQ-ALPHA-03,INR,25935740.0,25935740.0,2026-08-22,SETTLEMENT,MATCHED,TRAIN
4566,TRD104463,ACC-EQ-ALPHA-03,INR,935460.0,935460.0,2026-08-12,SETTLEMENT,MATCHED,TRAIN
4567,TRD104464,ACC-EQ-INDEX-04,INR,456277.5,456277.5,2026-08-09,SETTLEMENT,MATCHED,TRAIN
4568,TRD104465,ACC-EQ-INDEX-04,INR,295725.0,295725.0,2026-08-03,SETTLEMENT,MATCHED,TRAIN
4569,TRD104466,ACC-EQ-CORE-02,INR,637027.5,637027.5,2026-08-09,SETTLEMENT,MATCHED,TEST
4570,TRD104467,ACC-EQ-CORE-02,INR,2515005.0,2515005.0,2026-08-10,SETTLEMENT,MATCHED,TRAIN
4571,TRD104468,ACC-EQ-CORE-02,INR,2736660.0,2736660.0,2026-08-17,SETTLEMENT,MATCHED,TRAIN
4572,TRD104469,ACC-EQ-CORE-02,INR,233860.0,233860.0,2026-08-18,SETTLEMENT,MATCHED,TRAIN
4573,TRD104470,ACC-EQ-CORE-02,INR,4662306.8,5685740.0,2026-08-12,SETTLEMENT,MATCHED,TEST
4574,TRD104471,ACC-EQ-CORE-02,INR,944425.0,944425.0,2026-08-05,SETTLEMENT,MATCHED,TRAIN
4575,TRD104472,ACC-EQ-ALPHA-03,INR,5515000.0,5515000.0,2026-08-02,SETTLEMENT,MATCHED,TRAIN
4576,TRD104473,ACC-EQ-ALPHA-03,INR,1216520.0,1216520.0,2026-08-09,SETTLEMENT,MATCHED,TRAIN
4577,TRD104474,ACC-EQ-CORE-02,INR,168950.0,168950.0,2026-08-06,SETTLEMENT,MATCHED,TRAIN
4578,TRD104475,ACC-EQ-ALPHA-03,INR,412023.0,412023.0,2026-08-04,SETTLEMENT,MATCHED,TRAIN
4579,TRD104476,ACC-EQ-CORE-01,INR,7327480.0,7327480.0,2026-08-20,SETTLEMENT,MATCHED,TRAIN
4580,TRD104477,ACC-EQ-INDEX-04,INR,474442.5,474442.5,2026-08-11,SETTLEMENT,MATCHED,TRAIN
4581,TRD104478,ACC-EQ-ALPHA-03,INR,981657.18,824922.0,2026-08-07,SETTLEMENT,MATCHED,TRAIN
4582,TRD104479,ACC-EQ-CORE-01,INR,1885240.0,1885240.0,2026-08-03,SETTLEMENT,MATCHED,TRAIN
4583,TRD104480,ACC-EQ-ALPHA-03,INR,6510915.0,6510915.0,2026-08-13,SETTLEMENT,MATCHED,TRAIN
4584,TRD104481,ACC-EQ-INDEX-04,INR,458272.5,458272.5,2026-08-10,SETTLEMENT,MATCHED,TRAIN
4585,TRD104482,ACC-EQ-INDEX-04,INR,1697260.0,1697260.0,2026-08-12,SETTLEMENT,MATCHED,TRAIN
4586,TRD104483,ACC-EQ-CORE-02,INR,258495.0,258495.0,2026-08-09,SETTLEMENT,MATCHED,TRAIN
4587,TRD104484,ACC-EQ-INDEX-04,INR,841120.0,841120.0,2026-08-15,SETTLEMENT,MATCHED,TRAIN
4588,TRD104485,ACC-EQ-ALPHA-03,EUR,2782479.36,2600448.0,2026-08-19,SETTLEMENT,MATCHED,TEST
4589,TRD104486,ACC-EQ-INDEX-04,INR,1669030.0,1669030.0,2026-08-02,SETTLEMENT,MATCHED,TEST
4590,TRD104487,ACC-EQ-INDEX-04,INR,84382.0,84382.0,2026-08-03,SETTLEMENT,MATCHED,TRAIN
4591,TRD104488,ACC-EQ-ALPHA-03,INR,2936355.0,2936355.0,2026-08-16,SETTLEMENT,MATCHED,TRAIN
4592,TRD104489,ACC-EQ-CORE-01,INR,979735.0,979735.0,2026-08-15,SETTLEMENT,MATCHED,TRAIN
4593,TRD104490,ACC-EQ-CORE-01,INR,410339.0,410339.0,2026-08-11,SETTLEMENT,MATCHED,TRAIN
4594,TRD104491,ACC-EQ-CORE-01,INR,305480.0,305480.0,2026-08-17,SETTLEMENT,MATCHED,TRAIN
4595,TRD104492,ACC-EQ-CORE-01,INR,2144272.5,2144272.5,2026-08-14,SETTLEMENT,MATCHED,TEST
4596,TRD104493,ACC-EQ-ALPHA-03,INR,334730.0,334730.0,2026-08-18,SETTLEMENT,MATCHED,TRAIN
4597,TRD104494,ACC-EQ-ALPHA-03,INR,3696070.0,3696070.0,2026-08-21,SETTLEMENT,MATCHED,TEST
4598,TRD104495,ACC-EQ-CORE-02,INR,2928675.0,2928675.0,2026-08-14,SETTLEMENT,MATCHED,TEST
4599,TRD104496,ACC-EQ-CORE-02,INR,117252.5,117252.5,2026-08-02,SETTLEMENT,MATCHED,TRAIN
4600,TRD104497,ACC-EQ-ALPHA-03,INR,189453.0,189453.0,2026-08-19,SETTLEMENT,MATCHED,TEST
4601,TRD104498,ACC-EQ-ALPHA-03,INR,944755.0,944755.0,2026-08-13,SETTLEMENT,MATCHED,TRAIN
4602,TRD104499,ACC-EQ-CORE-02,INR,234985.0,234985.0,2026-08-02,SETTLEMENT,MATCHED,TRAIN
4603,TRD104500,ACC-EQ-ALPHA-03,INR,4122675.0,4122675.0,2026-08-18,SETTLEMENT,MATCHED,TRAIN
4604,TRD104501,ACC-EQ-CORE-02,INR,1464525.0,1464525.0,2026-08-11,SETTLEMENT,MATCHED,TRAIN
4605,TRD104502,ACC-EQ-CORE-01,INR,93556.0,93556.0,2026-08-17,SETTLEMENT,MATCHED,TEST
4606,TRD104503,ACC-EQ-ALPHA-03,INR,2534325.0,2534325.0,2026-08-04,SETTLEMENT,MATCHED,TRAIN
4607,TRD104504,ACC-EQ-INDEX-04,INR,34346.0,34346.0,2026-08-11,SETTLEMENT,MATCHED,TRAIN
4608,TRD104505,ACC-EQ-CORE-02,INR,848310.0,848310.0,2026-08-08,SETTLEMENT,MATCHED,TRAIN
4609,TRD104506,ACC-EQ-CORE-02,INR,369546.0,369546.0,2026-08-22,SETTLEMENT,MATCHED,TRAIN
4610,TRD104507,ACC-EQ-INDEX-04,INR,284009.0,284009.0,2026-08-18,SETTLEMENT,MATCHED,TRAIN
4611,TRD104508,ACC-EQ-INDEX-04,INR,1369235.0,1369235.0,2026-08-17,SETTLEMENT,MATCHED,TRAIN
4612,TRD104509,ACC-EQ-INDEX-04,INR,1366190.0,1366190.0,2026-08-08,SETTLEMENT,MATCHED,TEST
4613,TRD104510,ACC-EQ-CORE-01,INR,1215920.0,1215920.0,2026-08-07,SETTLEMENT,MATCHED,TRAIN
4614,TRD104511,ACC-EQ-CORE-02,INR,2485900.0,2485900.0,2026-08-02,SETTLEMENT,MATCHED,TRAIN
4615,TRD104512,ACC-EQ-ALPHA-03,INR,194863.0,194863.0,2026-08-13,SETTLEMENT,MATCHED,TRAIN
4616,TRD104513,ACC-EQ-CORE-01,INR,317977.26,286466.0,2026-08-11,SETTLEMENT,MATCHED,TRAIN
4617,TRD104514,ACC-EQ-INDEX-04,INR,978515.0,978515.0,2026-08-17,SETTLEMENT,MATCHED,TRAIN
4618,TRD104514,ACC-EQ-INDEX-04,INR,978515.0,978515.0,2026-08-17,SETTLEMENT,MATCHED,TRAIN
4619,TRD104515,ACC-EQ-INDEX-04,INR,7333440.0,7333440.0,2026-08-14,SETTLEMENT,MATCHED,TRAIN
4620,TRD104516,ACC-EQ-CORE-02,INR,1429500.0,1429500.0,2026-08-11,SETTLEMENT,MATCHED,TRAIN
4621,TRD104517,ACC-EQ-ALPHA-03,INR,285279.0,285279.0,2026-08-11,SETTLEMENT,MATCHED,TRAIN
4622,TRD104518,ACC-EQ-INDEX-04,INR,886237.5,886237.5,2026-08-09,SETTLEMENT,MATCHED,TRAIN
4623,TRD104519,ACC-EQ-INDEX-04,INR,8282020.0,8282020.0,2026-08-20,SETTLEMENT,MATCHED,TRAIN
4624,TRD104520,ACC-EQ-INDEX-04,INR,1865940.0,1865940.0,2026-08-06,SETTLEMENT,MATCHED,TEST
4625,TRD104521,ACC-EQ-CORE-02,INR,169156.0,169156.0,2026-08-14,SETTLEMENT,MATCHED,TRAIN
4626,TRD104522,ACC-EQ-CORE-01,INR,3791100.0,3791100.0,2026-08-22,SETTLEMENT,MATCHED,TRAIN
4627,TRD104523,ACC-EQ-ALPHA-03,INR,471392.5,471392.5,2026-08-06,SETTLEMENT,MATCHED,TRAIN
4628,TRD104524,ACC-EQ-CORE-02,INR,1271490.0,1271490.0,2026-08-16,SETTLEMENT,MATCHED,TEST
4629,TRD104525,ACC-EQ-CORE-01,INR,4121520.0,4121520.0,2026-08-03,SETTLEMENT,MATCHED,TRAIN
4630,TRD104526,ACC-EQ-INDEX-04,INR,274112.0,274112.0,2026-08-15,SETTLEMENT,MATCHED,TRAIN
4631,TRD104527,ACC-EQ-CORE-02,INR,122498.0,122498.0,2026-08-08,SETTLEMENT,MATCHED,TRAIN
4632,TRD104528,ACC-EQ-CORE-01,INR,2767605.0,2767605.0,2026-08-17,SETTLEMENT,MATCHED,TEST
4633,TRD104529,ACC-EQ-INDEX-04,INR,1371650.0,1371650.0,2026-08-12,SETTLEMENT,MATCHED,TRAIN
4634,TRD104530,ACC-EQ-ALPHA-03,INR,1184130.0,1184130.0,2026-08-11,SETTLEMENT,MATCHED,TRAIN
4635,TRD104530,ACC-EQ-ALPHA-03,INR,1184130.0,1184130.0,2026-08-11,SETTLEMENT,MATCHED,TRAIN
4636,TRD104531,ACC-EQ-CORE-02,INR,710202.5,710202.5,2026-08-10,SETTLEMENT,MATCHED,TRAIN
4637,TRD104532,ACC-EQ-INDEX-04,INR,5503185.0,5503185.0,2026-08-04,SETTLEMENT,MATCHED,TRAIN
4638,TRD104533,ACC-EQ-CORE-01,INR,93592.0,93592.0,2026-08-03,SETTLEMENT,MATCHED,TRAIN
4639,TRD104534,ACC-EQ-INDEX-04,INR,17279.0,17279.0,2026-08-14,SETTLEMENT,MATCHED,TRAIN
4640,TRD104535,ACC-EQ-INDEX-04,INR,129712.5,129712.5,2026-08-21,SETTLEMENT,MATCHED,TRAIN
4641,TRD104536,ACC-EQ-CORE-01,INR,336472.0,336472.0,2026-08-16,SETTLEMENT,MATCHED,TEST
4642,TRD104537,ACC-EQ-CORE-02,INR,3252582.5,3252582.5,2026-08-14,SETTLEMENT,MATCHED,TRAIN
4643,TRD104538,ACC-EQ-CORE-02,INR,1219600.0,1219600.0,2026-08-19,SETTLEMENT,MATCHED,TRAIN
4644,TRD104538,ACC-EQ-CORE-02,INR,1219600.0,1219600.0,2026-08-19,SETTLEMENT,MATCHED,TRAIN
4645,TRD104539,ACC-EQ-CORE-01,INR,410923.0,410923.0,2026-08-04,SETTLEMENT,MATCHED,TRAIN
4646,TRD104540,ACC-EQ-CORE-01,INR,549206.0,549206.0,2026-08-05,SETTLEMENT,MATCHED,TRAIN
4647,TRD104541,ACC-EQ-ALPHA-03,INR,2862520.0,2862520.0,2026-08-09,SETTLEMENT,MATCHED,TRAIN
4648,TRD104542,ACC-EQ-ALPHA-03,INR,46801.0,46801.0,2026-08-16,SETTLEMENT,MATCHED,TRAIN
4649,TRD104543,ACC-EQ-CORE-01,INR,2144122.5,2144122.5,2026-08-14,SETTLEMENT,MATCHED,TEST
4650,TRD104544,ACC-EQ-CORE-02,INR,3912440.0,3912440.0,2026-08-04,SETTLEMENT,MATCHED,TRAIN
4651,TRD104544,ACC-EQ-CORE-02,INR,3912440.0,3912440.0,2026-08-04,SETTLEMENT,MATCHED,TRAIN
4652,TRD104545,ACC-EQ-ALPHA-03,INR,1244060.0,1244060.0,2026-08-14,SETTLEMENT,MATCHED,TRAIN
4653,TRD104546,ACC-EQ-ALPHA-03,INR,472375.0,472375.0,2026-08-17,SETTLEMENT,MATCHED,TRAIN
4654,TRD104547,ACC-EQ-ALPHA-03,INR,350010.0,350010.0,2026-08-08,SETTLEMENT,MATCHED,TRAIN
4655,TRD104548,ACC-EQ-CORE-01,INR,2348780.0,2348780.0,2026-08-09,SETTLEMENT,MATCHED,TEST
4656,TRD104549,ACC-EQ-ALPHA-03,INR,1262587.5,1262587.5,2026-08-22,SETTLEMENT,MATCHED,TRAIN
4657,TRD104550,ACC-EQ-INDEX-04,INR,4255095.0,4255095.0,2026-08-07,SETTLEMENT,MATCHED,TRAIN
4659,TRD104552,ACC-EQ-CORE-01,INR,258000.0,258000.0,2026-08-03,SETTLEMENT,MATCHED,TRAIN
4660,TRD104553,ACC-EQ-ALPHA-03,INR,1951700.0,1951700.0,2026-08-05,SETTLEMENT,MATCHED,TEST
4661,TRD104554,ACC-EQ-CORE-01,INR,168852.0,168852.0,2026-08-11,SETTLEMENT,MATCHED,TEST
4662,TRD104555,ACC-EQ-ALPHA-03,INR,353257.5,353257.5,2026-08-14,SETTLEMENT,MATCHED,TRAIN
4663,TRD104556,ACC-EQ-INDEX-04,INR,2059380.0,2059380.0,2026-08-18,SETTLEMENT,MATCHED,TRAIN
4664,TRD104557,ACC-EQ-CORE-01,EUR,82699.2,86145.0,2026-08-05,SETTLEMENT,MATCHED,TRAIN
4665,TRD104558,ACC-EQ-INDEX-04,INR,5463960.0,5463960.0,2026-08-04,SETTLEMENT,MATCHED,TEST
4666,TRD104559,ACC-EQ-CORE-02,INR,3904100.0,3904100.0,2026-08-11,SETTLEMENT,MATCHED,TRAIN
4667,TRD104560,ACC-EQ-CORE-01,INR,1297275.0,1297275.0,2026-08-05,SETTLEMENT,MATCHED,TRAIN
4668,TRD104561,ACC-EQ-CORE-01,INR,6201660.0,6201660.0,2026-08-03,SETTLEMENT,MATCHED,TEST
4669,TRD104562,ACC-EQ-ALPHA-03,INR,34410.0,34410.0,2026-08-11,SETTLEMENT,MATCHED,TRAIN
4670,TRD104563,ACC-EQ-CORE-02,INR,19459830.0,19459830.0,2026-08-09,SETTLEMENT,MATCHED,TRAIN
4671,TRD104564,ACC-EQ-CORE-02,INR,2947770.0,2947770.0,2026-08-12,SETTLEMENT,MATCHED,TRAIN
4672,TRD104565,ACC-EQ-CORE-02,INR,236002.0,236002.0,2026-08-02,SETTLEMENT,MATCHED,TRAIN
4673,TRD104566,ACC-EQ-CORE-02,INR,168151.0,168151.0,2026-08-03,SETTLEMENT,MATCHED,TRAIN
4674,TRD104567,ACC-EQ-INDEX-04,INR,2947635.0,2947635.0,2026-08-08,SETTLEMENT,MATCHED,TEST
4675,TRD104568,ACC-EQ-CORE-01,INR,1222500.0,1222500.0,2026-08-16,SETTLEMENT,MATCHED,TRAIN
4676,TRD104569,ACC-EQ-INDEX-04,INR,1259707.5,1259707.5,2026-08-06,SETTLEMENT,MATCHED,TRAIN
4677,TRD104570,ACC-EQ-INDEX-04,USD,90798.75,86475.0,2026-08-19,SETTLEMENT,MATCHED,TRAIN
4678,TRD104571,ACC-EQ-INDEX-04,INR,981130.0,981130.0,2026-08-06,SETTLEMENT,MATCHED,TRAIN
4679,TRD104572,ACC-EQ-ALPHA-03,INR,390204.0,390204.0,2026-08-04,SETTLEMENT,MATCHED,TRAIN
4680,TRD104573,ACC-EQ-INDEX-04,INR,551286.0,551286.0,2026-08-17,SETTLEMENT,MATCHED,TRAIN
4681,TRD104574,ACC-EQ-CORE-01,INR,17233.0,17233.0,2026-08-13,SETTLEMENT,MATCHED,TRAIN
4682,TRD104575,ACC-EQ-CORE-02,INR,6511075.0,6511075.0,2026-08-16,SETTLEMENT,MATCHED,TRAIN
4684,TRD104577,ACC-EQ-INDEX-04,GBP,184981.6,172880.0,2026-08-14,SETTLEMENT,MATCHED,TRAIN
4685,TRD104578,ACC-EQ-ALPHA-03,INR,25834240.0,25834240.0,2026-08-11,SETTLEMENT,MATCHED,TEST
4686,TRD104579,ACC-EQ-CORE-02,INR,47053.0,47053.0,2026-08-09,SETTLEMENT,MATCHED,TRAIN
4687,TRD104580,ACC-EQ-INDEX-04,INR,488805.0,488805.0,2026-08-05,SETTLEMENT,MATCHED,TRAIN
4688,TRD104581,ACC-EQ-CORE-01,INR,152377.5,152377.5,2026-08-06,SETTLEMENT,MATCHED,TRAIN
4690,TRD104583,ACC-EQ-ALPHA-03,INR,550038.0,550038.0,2026-08-03,SETTLEMENT,MATCHED,TEST
4691,TRD104584,ACC-EQ-CORE-02,INR,6154575.0,6154575.0,2026-08-20,SETTLEMENT,MATCHED,TRAIN
4692,TRD104585,ACC-EQ-CORE-01,INR,2068837.5,2068837.5,2026-08-21,SETTLEMENT,MATCHED,TRAIN
4693,TRD104586,ACC-EQ-CORE-02,INR,2050100.0,2050100.0,2026-08-19,SETTLEMENT,MATCHED,TRAIN
4694,TRD104587,ACC-EQ-CORE-01,INR,2764695.0,2764695.0,2026-08-14,SETTLEMENT,MATCHED,TRAIN
4695,TRD104588,ACC-EQ-CORE-01,INR,116870.0,116870.0,2026-08-08,SETTLEMENT,MATCHED,TEST
4696,TRD104589,ACC-EQ-INDEX-04,INR,1467202.5,1467202.5,2026-08-17,SETTLEMENT,MATCHED,TRAIN
4697,TRD104590,ACC-EQ-INDEX-04,INR,2943990.0,2943990.0,2026-08-13,SETTLEMENT,MATCHED,TRAIN
4698,TRD104591,ACC-EQ-CORE-02,INR,293960.0,293960.0,2026-08-04,SETTLEMENT,MATCHED,TRAIN
4699,TRD104592,ACC-EQ-INDEX-04,INR,4263495.0,4263495.0,2026-08-04,SETTLEMENT,MATCHED,TRAIN
4700,TRD104593,ACC-EQ-CORE-02,INR,8231980.0,8231980.0,2026-08-22,SETTLEMENT,MATCHED,TRAIN
4701,TRD104594,ACC-EQ-INDEX-04,INR,944330.0,944330.0,2026-08-05,SETTLEMENT,MATCHED,TRAIN
4702,TRD104595,ACC-EQ-CORE-01,INR,843650.0,843650.0,2026-08-22,SETTLEMENT,MATCHED,TRAIN
4703,TRD104596,ACC-EQ-CORE-02,INR,25943000.0,25943000.0,2026-08-02,SETTLEMENT,MATCHED,TRAIN
4704,TRD104597,ACC-EQ-CORE-02,INR,550290.0,550290.0,2026-08-09,SETTLEMENT,MATCHED,TRAIN
4705,TRD104598,ACC-EQ-INDEX-04,INR,474397.5,474397.5,2026-08-22,SETTLEMENT,MATCHED,TEST
4706,TRD104599,ACC-EQ-ALPHA-03,INR,2846460.0,2846460.0,2026-08-09,SETTLEMENT,MATCHED,TRAIN
4707,TRD104600,ACC-EQ-INDEX-04,INR,3259157.5,3259157.5,2026-08-12,SETTLEMENT,MATCHED,TRAIN
4708,TRD104601,ACC-EQ-INDEX-04,INR,764494.2,932310.0,2026-08-10,SETTLEMENT,MATCHED,TRAIN
4709,TRD104602,ACC-EQ-ALPHA-03,INR,738768.0,738768.0,2026-08-05,SETTLEMENT,MATCHED,TRAIN
4710,TRD104602,ACC-EQ-ALPHA-03,INR,738768.0,738768.0,2026-08-05,SETTLEMENT,MATCHED,TRAIN
4711,TRD104603,ACC-EQ-CORE-01,INR,167396.0,167396.0,2026-08-02,SETTLEMENT,MATCHED,TEST
4712,TRD104604,ACC-EQ-ALPHA-03,INR,7358740.0,7358740.0,2026-08-12,SETTLEMENT,MATCHED,TRAIN
4713,TRD104605,ACC-EQ-INDEX-04,INR,4126575.0,4126575.0,2026-08-07,SETTLEMENT,MATCHED,TEST
4714,TRD104606,ACC-EQ-ALPHA-03,INR,1891760.0,1891760.0,2026-08-06,SETTLEMENT,MATCHED,TRAIN
4715,TRD104607,ACC-EQ-INDEX-04,INR,3339280.0,3339280.0,2026-08-15,SETTLEMENT,MATCHED,TRAIN
4716,TRD104608,ACC-EQ-ALPHA-03,INR,60862.0,60862.0,2026-08-08,SETTLEMENT,MATCHED,TEST
4717,TRD104609,ACC-EQ-INDEX-04,INR,366820.0,366820.0,2026-08-12,SETTLEMENT,MATCHED,TRAIN
4718,TRD104609,ACC-EQ-INDEX-04,INR,366820.0,366820.0,2026-08-12,SETTLEMENT,MATCHED,TRAIN
4719,TRD104610,ACC-EQ-ALPHA-03,INR,1375840.0,1375840.0,2026-08-20,SETTLEMENT,MATCHED,TRAIN
4720,TRD104611,ACC-EQ-CORE-02,EUR,12103224.6,13014220.0,2026-08-04,SETTLEMENT,MATCHED,TRAIN
4721,TRD104612,ACC-EQ-CORE-01,INR,1217880.0,1217880.0,2026-08-04,SETTLEMENT,MATCHED,TRAIN
4722,TRD104613,ACC-EQ-CORE-02,INR,982620.0,982620.0,2026-08-16,SETTLEMENT,MATCHED,TRAIN
4723,TRD104614,ACC-EQ-INDEX-04,INR,1888280.0,1888280.0,2026-08-22,SETTLEMENT,MATCHED,TRAIN
4724,TRD104615,ACC-EQ-CORE-02,INR,1028795.0,1028795.0,2026-08-19,SETTLEMENT,MATCHED,TRAIN
4725,TRD104616,ACC-EQ-ALPHA-03,INR,168017.0,168017.0,2026-08-19,SETTLEMENT,MATCHED,TEST
4726,TRD104617,ACC-EQ-CORE-02,INR,167927.0,167927.0,2026-08-18,SETTLEMENT,MATCHED,TEST
4727,TRD104618,ACC-EQ-INDEX-04,INR,1474027.5,1474027.5,2026-08-19,SETTLEMENT,MATCHED,TRAIN
4728,TRD104619,ACC-EQ-CORE-02,INR,43242.5,43242.5,2026-08-03,SETTLEMENT,MATCHED,TRAIN
4729,TRD104620,ACC-EQ-ALPHA-03,INR,3770380.0,3770380.0,2026-08-15,SETTLEMENT,MATCHED,TRAIN
4730,TRD104621,ACC-EQ-CORE-01,INR,470225.0,470225.0,2026-08-06,SETTLEMENT,MATCHED,TRAIN
4731,TRD104622,ACC-EQ-INDEX-04,INR,1298654.0,1298654.0,2026-08-06,SETTLEMENT,MATCHED,TRAIN
4732,TRD104623,ACC-EQ-INDEX-04,INR,2594360.0,2594360.0,2026-08-07,SETTLEMENT,MATCHED,TRAIN
4733,TRD104624,ACC-EQ-ALPHA-03,INR,3719131.5,2928450.0,2026-08-07,SETTLEMENT,MATCHED,TRAIN
4734,TRD104625,ACC-EQ-ALPHA-03,INR,169432.0,169432.0,2026-08-02,SETTLEMENT,MATCHED,TRAIN
4735,TRD104626,ACC-EQ-CORE-02,INR,570776.0,570776.0,2026-08-19,SETTLEMENT,MATCHED,TRAIN
4736,TRD104627,ACC-EQ-CORE-02,INR,421365.0,421365.0,2026-08-03,SETTLEMENT,MATCHED,TRAIN
4737,TRD104628,ACC-EQ-CORE-01,INR,5680180.0,5680180.0,2026-08-09,SETTLEMENT,MATCHED,TRAIN
4738,TRD104629,ACC-EQ-ALPHA-03,INR,303660.0,303660.0,2026-08-08,SETTLEMENT,MATCHED,TRAIN
4739,TRD104630,ACC-EQ-CORE-02,INR,128947.5,128947.5,2026-08-16,SETTLEMENT,MATCHED,TRAIN
4740,TRD104631,ACC-EQ-CORE-01,INR,424077.5,424077.5,2026-08-19,SETTLEMENT,MATCHED,TRAIN
4741,TRD104632,ACC-EQ-INDEX-04,INR,912975.0,912975.0,2026-08-15,SETTLEMENT,MATCHED,TEST
4742,TRD104633,ACC-EQ-ALPHA-03,INR,455512.5,455512.5,2026-08-08,SETTLEMENT,MATCHED,TRAIN
4743,TRD104634,ACC-EQ-CORE-01,INR,926542.5,926542.5,2026-08-02,SETTLEMENT,MATCHED,TRAIN
4744,TRD104635,ACC-EQ-ALPHA-03,INR,1268820.0,1268820.0,2026-08-02,SETTLEMENT,MATCHED,TRAIN
4745,TRD104636,ACC-EQ-CORE-01,INR,2747040.0,2747040.0,2026-08-05,SETTLEMENT,MATCHED,TRAIN
4746,TRD104637,ACC-EQ-CORE-02,INR,1263270.0,1263270.0,2026-08-15,SETTLEMENT,MATCHED,TRAIN
4747,TRD104638,ACC-EQ-CORE-01,INR,294460.0,294460.0,2026-08-05,SETTLEMENT,MATCHED,TRAIN
4748,TRD104639,ACC-EQ-INDEX-04,INR,1300001.0,1300001.0,2026-08-15,SETTLEMENT,MATCHED,TRAIN
4749,TRD104640,ACC-EQ-ALPHA-03,INR,304020.0,304020.0,2026-08-07,SETTLEMENT,MATCHED,TRAIN
4750,TRD104641,ACC-EQ-CORE-01,INR,947005.0,947005.0,2026-08-06,SETTLEMENT,MATCHED,TRAIN
4751,TRD104642,ACC-EQ-ALPHA-03,INR,1848985.0,1848985.0,2026-08-22,SETTLEMENT,MATCHED,TRAIN
4752,TRD104643,ACC-EQ-INDEX-04,INR,635722.5,635722.5,2026-08-11,SETTLEMENT,MATCHED,TEST
4753,TRD104644,ACC-EQ-CORE-01,INR,423205.0,423205.0,2026-08-03,SETTLEMENT,MATCHED,TRAIN
4754,TRD104645,ACC-EQ-INDEX-04,INR,172930.0,172930.0,2026-08-12,SETTLEMENT,MATCHED,TRAIN
4755,TRD104645,ACC-EQ-INDEX-04,INR,172930.0,172930.0,2026-08-12,SETTLEMENT,MATCHED,TRAIN
4756,TRD104646,ACC-EQ-CORE-02,INR,939720.0,939720.0,2026-08-19,SETTLEMENT,MATCHED,TEST
4757,TRD104647,ACC-EQ-CORE-01,INR,1419300.0,1419300.0,2026-08-16,SETTLEMENT,MATCHED,TEST
4758,TRD104648,ACC-EQ-CORE-01,INR,2146605.0,2146605.0,2026-08-13,SETTLEMENT,MATCHED,TRAIN
4759,TRD104649,ACC-EQ-CORE-02,INR,6154380.0,6154380.0,2026-08-11,SETTLEMENT,MATCHED,TRAIN
4760,TRD104650,ACC-EQ-ALPHA-03,INR,849490.0,849490.0,2026-08-11,SETTLEMENT,MATCHED,TRAIN
4761,TRD104651,ACC-EQ-INDEX-04,INR,2857240.0,2857240.0,2026-08-13,SETTLEMENT,MATCHED,TRAIN
4762,TRD104652,ACC-EQ-CORE-01,INR,1691140.0,1691140.0,2026-08-21,SETTLEMENT,MATCHED,TEST
4763,TRD104653,ACC-EQ-CORE-01,INR,5518080.0,5518080.0,2026-08-19,SETTLEMENT,MATCHED,TRAIN
4764,TRD104654,ACC-EQ-ALPHA-03,INR,2744710.0,2744710.0,2026-08-06,SETTLEMENT,MATCHED,TRAIN
4765,TRD104655,ACC-EQ-ALPHA-03,INR,546856.0,546856.0,2026-08-14,SETTLEMENT,MATCHED,TRAIN
4766,TRD104656,ACC-EQ-CORE-02,INR,19198.56,17296.0,2026-08-05,SETTLEMENT,MATCHED,TEST
4767,TRD104657,ACC-EQ-INDEX-04,USD,2126122.88,2054225.0,2026-08-18,SETTLEMENT,MATCHED,TRAIN
4768,TRD104658,ACC-EQ-CORE-01,INR,1422005.0,1422005.0,2026-08-15,SETTLEMENT,MATCHED,TRAIN
4769,TRD104659,ACC-EQ-INDEX-04,INR,973030.0,973030.0,2026-08-17,SETTLEMENT,MATCHED,TRAIN
4770,TRD104660,ACC-EQ-INDEX-04,INR,122372.0,122372.0,2026-08-20,SETTLEMENT,MATCHED,TRAIN
4771,TRD104661,ACC-EQ-INDEX-04,INR,93906.0,93906.0,2026-08-12,SETTLEMENT,MATCHED,TRAIN
4772,TRD104662,ACC-EQ-ALPHA-03,INR,85975.0,85975.0,2026-08-17,SETTLEMENT,MATCHED,TRAIN
4773,TRD104663,ACC-EQ-INDEX-04,INR,3688760.0,3688760.0,2026-08-19,SETTLEMENT,MATCHED,TRAIN
4774,TRD104664,ACC-EQ-INDEX-04,INR,2767732.5,2767732.5,2026-08-20,SETTLEMENT,MATCHED,TRAIN
4775,TRD104665,ACC-EQ-INDEX-04,INR,285463.0,285463.0,2026-08-17,SETTLEMENT,MATCHED,TRAIN
4776,TRD104666,ACC-EQ-ALPHA-03,INR,887685.0,887685.0,2026-08-12,SETTLEMENT,MATCHED,TEST
4777,TRD104667,ACC-EQ-INDEX-04,INR,249028.0,249028.0,2026-08-03,SETTLEMENT,MATCHED,TRAIN
4778,TRD104668,ACC-EQ-ALPHA-03,INR,912180.0,912180.0,2026-08-22,SETTLEMENT,MATCHED,TRAIN
4779,TRD104669,ACC-EQ-INDEX-04,INR,2489800.0,2489800.0,2026-08-20,SETTLEMENT,MATCHED,TEST
4780,TRD104670,ACC-EQ-CORE-02,INR,129015.0,129015.0,2026-08-20,SETTLEMENT,MATCHED,TRAIN
4781,TRD104670,ACC-EQ-CORE-02,INR,129015.0,129015.0,2026-08-20,SETTLEMENT,MATCHED,TRAIN
4782,TRD104671,ACC-EQ-INDEX-04,INR,195496.0,195496.0,2026-08-21,SETTLEMENT,MATCHED,TRAIN
4783,TRD104672,ACC-EQ-INDEX-04,INR,3678330.0,3678330.0,2026-08-09,SETTLEMENT,MATCHED,TEST
4784,TRD104673,ACC-EQ-CORE-02,INR,337668.0,337668.0,2026-08-18,SETTLEMENT,MATCHED,TRAIN
4785,TRD104674,ACC-EQ-INDEX-04,INR,195548.0,195548.0,2026-08-08,SETTLEMENT,MATCHED,TRAIN
4786,TRD104675,ACC-EQ-CORE-02,INR,5489320.0,5489320.0,2026-08-14,SETTLEMENT,MATCHED,TRAIN
4787,TRD104676,ACC-EQ-CORE-02,INR,195848.0,195848.0,2026-08-02,SETTLEMENT,MATCHED,TRAIN
4788,TRD104677,ACC-EQ-ALPHA-03,INR,294025.0,294025.0,2026-08-08,SETTLEMENT,MATCHED,TRAIN
4789,TRD104678,ACC-EQ-ALPHA-03,USD,1502560.5,1431010.0,2026-08-15,SETTLEMENT,MATCHED,TRAIN
4790,TRD104679,ACC-EQ-CORE-02,INR,3686850.0,3686850.0,2026-08-03,SETTLEMENT,MATCHED,TRAIN
4791,TRD104680,ACC-EQ-CORE-02,INR,1034615.0,1034615.0,2026-08-14,SETTLEMENT,MATCHED,TEST
4792,TRD104681,ACC-EQ-ALPHA-03,INR,234015.0,234015.0,2026-08-12,SETTLEMENT,MATCHED,TRAIN
4793,TRD104682,ACC-EQ-CORE-02,INR,1419060.0,1419060.0,2026-08-03,SETTLEMENT,MATCHED,TRAIN
4794,TRD104683,ACC-EQ-INDEX-04,INR,1256175.0,1256175.0,2026-08-04,SETTLEMENT,MATCHED,TRAIN
4795,TRD104684,ACC-EQ-ALPHA-03,INR,17260.0,17260.0,2026-08-13,SETTLEMENT,MATCHED,TRAIN
4796,TRD104685,ACC-EQ-CORE-01,INR,1116242.4,1226640.0,2026-08-03,SETTLEMENT,MATCHED,TRAIN
4797,TRD104686,ACC-EQ-INDEX-04,INR,337980.0,337980.0,2026-08-04,SETTLEMENT,MATCHED,TRAIN
4798,TRD104687,ACC-EQ-CORE-01,INR,1378164.9,1241590.0,2026-08-17,SETTLEMENT,MATCHED,TEST
4799,TRD104688,ACC-EQ-CORE-02,INR,2069175.0,2069175.0,2026-08-21,SETTLEMENT,MATCHED,TRAIN
4800,TRD104689,ACC-EQ-INDEX-04,INR,196240.0,196240.0,2026-08-12,SETTLEMENT,MATCHED,TEST
4801,TRD104690,ACC-EQ-CORE-02,INR,1026775.0,1026775.0,2026-08-06,SETTLEMENT,MATCHED,TRAIN
4802,TRD104691,ACC-EQ-ALPHA-03,INR,1265820.0,1265820.0,2026-08-15,SETTLEMENT,MATCHED,TRAIN
4803,TRD104692,ACC-EQ-ALPHA-03,GBP,200352.48,196424.0,2026-08-13,SETTLEMENT,MATCHED,TRAIN
4804,TRD104693,ACC-EQ-ALPHA-03,INR,1174950.0,1174950.0,2026-08-15,SETTLEMENT,MATCHED,TRAIN
4805,TRD104694,ACC-EQ-ALPHA-03,INR,5700900.0,5700900.0,2026-08-19,SETTLEMENT,MATCHED,TRAIN
4806,TRD104695,ACC-EQ-CORE-01,INR,418750.0,418750.0,2026-08-08,SETTLEMENT,MATCHED,TRAIN
4807,TRD104696,ACC-EQ-CORE-02,INR,2919915.0,2919915.0,2026-08-18,SETTLEMENT,MATCHED,TRAIN
4808,TRD104697,ACC-EQ-CORE-01,INR,1774290.0,1774290.0,2026-08-06,SETTLEMENT,MATCHED,TRAIN
4809,TRD104698,ACC-EQ-ALPHA-03,INR,487212.5,487212.5,2026-08-20,SETTLEMENT,MATCHED,TRAIN
4810,TRD104699,ACC-EQ-CORE-01,INR,195375.0,195375.0,2026-08-16,SETTLEMENT,MATCHED,TRAIN
4811,TRD104700,ACC-EQ-CORE-01,INR,3892780.0,3892780.0,2026-08-04,SETTLEMENT,MATCHED,TRAIN
4812,TRD104701,ACC-EQ-ALPHA-03,INR,284215.0,284215.0,2026-08-08,SETTLEMENT,MATCHED,TEST
4813,TRD104702,ACC-EQ-INDEX-04,INR,704040.0,704040.0,2026-08-07,SETTLEMENT,MATCHED,TRAIN
4814,TRD104703,ACC-EQ-CORE-02,INR,122132.0,122132.0,2026-08-08,SETTLEMENT,MATCHED,TEST
4815,TRD104704,ACC-EQ-INDEX-04,INR,236618.0,236618.0,2026-08-07,SETTLEMENT,MATCHED,TEST
4816,TRD104705,ACC-EQ-INDEX-04,INR,413518.0,413518.0,2026-08-09,SETTLEMENT,MATCHED,TRAIN
4817,TRD104706,ACC-EQ-CORE-02,EUR,484048.65,474557.5,2026-08-03,SETTLEMENT,MATCHED,TRAIN
4818,TRD104707,ACC-EQ-ALPHA-03,INR,1842880.0,1842880.0,2026-08-16,SETTLEMENT,MATCHED,TRAIN
4819,TRD104708,ACC-EQ-ALPHA-03,INR,46804.0,46804.0,2026-08-21,SETTLEMENT,MATCHED,TRAIN
4820,TRD104709,ACC-EQ-CORE-01,INR,1224240.0,1224240.0,2026-08-19,SETTLEMENT,MATCHED,TRAIN
4821,TRD104710,ACC-EQ-CORE-01,INR,417370.0,417370.0,2026-08-18,SETTLEMENT,MATCHED,TRAIN
4822,TRD104711,ACC-EQ-ALPHA-03,INR,2848950.0,2848950.0,2026-08-19,SETTLEMENT,MATCHED,TEST
4823,TRD104712,ACC-EQ-CORE-02,INR,2532195.0,2532195.0,2026-08-20,SETTLEMENT,MATCHED,TEST
4824,TRD104713,ACC-EQ-CORE-01,INR,699930.0,699930.0,2026-08-20,SETTLEMENT,MATCHED,TRAIN
4825,TRD104714,ACC-EQ-ALPHA-03,INR,129262.5,129262.5,2026-08-22,SETTLEMENT,MATCHED,TRAIN
4826,TRD104715,ACC-EQ-ALPHA-03,INR,1686420.0,1686420.0,2026-08-19,SETTLEMENT,MATCHED,TRAIN
4827,TRD104716,ACC-EQ-ALPHA-03,INR,349965.0,349965.0,2026-08-02,SETTLEMENT,MATCHED,TRAIN
4828,TRD104717,ACC-EQ-CORE-01,INR,1690660.0,1690660.0,2026-08-03,SETTLEMENT,MATCHED,TRAIN
4829,TRD104718,ACC-EQ-ALPHA-03,INR,346460.0,346460.0,2026-08-06,SETTLEMENT,MATCHED,TRAIN
4830,TRD104719,ACC-EQ-CORE-02,INR,169540.0,169540.0,2026-08-06,SETTLEMENT,MATCHED,TEST
4831,TRD104720,ACC-EQ-CORE-01,GBP,411549.6,391952.0,2026-08-14,SETTLEMENT,MATCHED,TRAIN
4832,TRD104721,ACC-EQ-INDEX-04,INR,284598.0,284598.0,2026-08-17,SETTLEMENT,MATCHED,TEST
4833,TRD104722,ACC-EQ-CORE-01,INR,1271295.0,1271295.0,2026-08-14,SETTLEMENT,MATCHED,TRAIN
4834,TRD104723,ACC-EQ-ALPHA-03,INR,6173580.0,6173580.0,2026-08-17,SETTLEMENT,MATCHED,TEST
4835,TRD104724,ACC-EQ-CORE-02,INR,3783720.0,3783720.0,2026-08-08,SETTLEMENT,MATCHED,TRAIN
4836,TRD104725,ACC-EQ-ALPHA-03,INR,1885350.0,1885350.0,2026-08-13,SETTLEMENT,MATCHED,TEST
4837,TRD104726,ACC-EQ-CORE-01,INR,19526820.0,19526820.0,2026-08-04,SETTLEMENT,MATCHED,TRAIN
4838,TRD104727,ACC-EQ-CORE-01,INR,368097.0,368097.0,2026-08-02,SETTLEMENT,MATCHED,TRAIN
4839,TRD104728,ACC-EQ-CORE-02,INR,4275150.0,4275150.0,2026-08-05,SETTLEMENT,MATCHED,TRAIN
4840,TRD104729,ACC-EQ-ALPHA-03,INR,939200.0,939200.0,2026-08-03,SETTLEMENT,MATCHED,TRAIN
4841,TRD104730,ACC-EQ-ALPHA-03,INR,618695.0,618695.0,2026-08-19,SETTLEMENT,MATCHED,TRAIN
4842,TRD104731,ACC-EQ-ALPHA-03,INR,1769550.0,1769550.0,2026-08-06,SETTLEMENT,MATCHED,TRAIN
4844,TRD104733,ACC-EQ-ALPHA-03,INR,5675400.0,5675400.0,2026-08-05,SETTLEMENT,MATCHED,TRAIN
4845,TRD104734,ACC-EQ-ALPHA-03,INR,151842.5,151842.5,2026-08-03,SETTLEMENT,MATCHED,TRAIN
4846,TRD104735,ACC-EQ-CORE-02,INR,2352560.0,2352560.0,2026-08-22,SETTLEMENT,MATCHED,TRAIN
4847,TRD104736,ACC-EQ-INDEX-04,INR,414093.0,414093.0,2026-08-07,SETTLEMENT,MATCHED,TRAIN
4848,TRD104737,ACC-EQ-ALPHA-03,INR,344100.0,344100.0,2026-08-16,SETTLEMENT,MATCHED,TRAIN
4849,TRD104738,ACC-EQ-ALPHA-03,INR,19435200.0,19435200.0,2026-08-16,SETTLEMENT,MATCHED,TRAIN
4850,TRD104739,ACC-EQ-ALPHA-03,INR,3240020.0,3240020.0,2026-08-14,SETTLEMENT,MATCHED,TRAIN
4852,TRD104741,ACC-EQ-CORE-02,INR,350055.0,350055.0,2026-08-13,SETTLEMENT,MATCHED,TRAIN
4853,TRD104742,ACC-EQ-INDEX-04,INR,235315.0,235315.0,2026-08-15,SETTLEMENT,MATCHED,TRAIN
4854,TRD104743,ACC-EQ-ALPHA-03,INR,737822.0,737822.0,2026-08-14,SETTLEMENT,MATCHED,TRAIN
4855,TRD104744,ACC-EQ-CORE-01,INR,94070.0,94070.0,2026-08-16,SETTLEMENT,MATCHED,TRAIN
4856,TRD104745,ACC-EQ-CORE-01,INR,2763300.0,2763300.0,2026-08-14,SETTLEMENT,MATCHED,TEST
4857,TRD104746,ACC-EQ-INDEX-04,INR,124099.0,124099.0,2026-08-08,SETTLEMENT,MATCHED,TRAIN
4858,TRD104747,ACC-EQ-ALPHA-03,INR,124296.0,124296.0,2026-08-16,SETTLEMENT,MATCHED,TRAIN
4859,TRD104748,ACC-EQ-CORE-02,INR,4263315.0,4263315.0,2026-08-10,SETTLEMENT,MATCHED,TRAIN
4860,TRD104749,ACC-EQ-CORE-01,INR,3789540.0,3789540.0,2026-08-05,SETTLEMENT,MATCHED,TRAIN
4861,TRD104750,ACC-EQ-CORE-01,INR,61286.0,61286.0,2026-08-18,SETTLEMENT,MATCHED,TRAIN
4862,TRD104751,ACC-EQ-ALPHA-03,INR,2545665.0,2545665.0,2026-08-21,SETTLEMENT,MATCHED,TEST
4863,TRD104751,ACC-EQ-ALPHA-03,INR,2545665.0,2545665.0,2026-08-21,SETTLEMENT,MATCHED,TEST
4864,TRD104752,ACC-EQ-INDEX-04,INR,3231252.5,3231252.5,2026-08-13,SETTLEMENT,MATCHED,TRAIN
4865,TRD104753,ACC-EQ-CORE-02,INR,1831835.0,1831835.0,2026-08-16,SETTLEMENT,MATCHED,TRAIN
4866,TRD104754,ACC-EQ-CORE-02,INR,61265.0,61265.0,2026-08-03,SETTLEMENT,MATCHED,TRAIN
4867,TRD104755,ACC-EQ-CORE-02,INR,309722.5,309722.5,2026-08-17,SETTLEMENT,MATCHED,TRAIN
4868,TRD104756,ACC-EQ-INDEX-04,INR,843880.0,843880.0,2026-08-07,SETTLEMENT,MATCHED,TRAIN
4869,TRD104757,ACC-EQ-ALPHA-03,INR,153302.5,153302.5,2026-08-11,SETTLEMENT,MATCHED,TRAIN
4870,TRD104758,ACC-EQ-CORE-02,INR,351277.5,351277.5,2026-08-11,SETTLEMENT,MATCHED,TEST
4871,TRD104759,ACC-EQ-INDEX-04,INR,8259720.0,8259720.0,2026-08-10,SETTLEMENT,MATCHED,TRAIN
4872,TRD104760,ACC-EQ-INDEX-04,INR,3088395.0,3088395.0,2026-08-16,SETTLEMENT,MATCHED,TRAIN
4873,TRD104761,ACC-EQ-CORE-02,INR,369151.0,369151.0,2026-08-13,SETTLEMENT,MATCHED,TEST
4874,TRD104762,ACC-EQ-INDEX-04,INR,704190.0,704190.0,2026-08-18,SETTLEMENT,MATCHED,TRAIN
4876,TRD104764,ACC-EQ-CORE-01,INR,2068807.5,2068807.5,2026-08-09,SETTLEMENT,MATCHED,TRAIN
4877,TRD104765,ACC-EQ-CORE-02,INR,43207.5,43207.5,2026-08-20,SETTLEMENT,MATCHED,TRAIN
4878,TRD104766,ACC-EQ-CORE-02,INR,17278.0,17278.0,2026-08-21,SETTLEMENT,MATCHED,TRAIN
4879,TRD104767,ACC-EQ-ALPHA-03,INR,169946.0,169946.0,2026-08-20,SETTLEMENT,MATCHED,TRAIN
4880,TRD104768,ACC-EQ-CORE-02,INR,86240.0,86240.0,2026-08-02,SETTLEMENT,MATCHED,TRAIN
4881,TRD104769,ACC-EQ-CORE-02,INR,9762997.5,9762997.5,2026-08-17,SETTLEMENT,MATCHED,TRAIN
4882,TRD104770,ACC-EQ-INDEX-04,INR,609780.0,609780.0,2026-08-04,SETTLEMENT,MATCHED,TEST
4883,TRD104771,ACC-EQ-INDEX-04,INR,473525.0,473525.0,2026-08-09,SETTLEMENT,MATCHED,TEST
4884,TRD104772,ACC-EQ-CORE-01,EUR,2723709.6,2928720.0,2026-08-10,SETTLEMENT,MATCHED,TRAIN
4885,TRD104773,ACC-EQ-CORE-02,INR,334634.0,334634.0,2026-08-06,SETTLEMENT,MATCHED,TRAIN
4886,TRD104774,ACC-EQ-INDEX-04,INR,1462980.0,1462980.0,2026-08-03,SETTLEMENT,MATCHED,TRAIN
4887,TRD104775,ACC-EQ-CORE-02,INR,5467440.0,5467440.0,2026-08-15,SETTLEMENT,MATCHED,TRAIN
4888,TRD104775,ACC-EQ-CORE-02,INR,5467440.0,5467440.0,2026-08-15,SETTLEMENT,MATCHED,TRAIN
4889,TRD104776,ACC-EQ-CORE-02,INR,2490840.0,2490840.0,2026-08-13,SETTLEMENT,MATCHED,TRAIN
4890,TRD104777,ACC-EQ-CORE-01,INR,547088.0,547088.0,2026-08-04,SETTLEMENT,MATCHED,TEST
4891,TRD104778,ACC-EQ-CORE-01,INR,920567.5,920567.5,2026-08-17,SETTLEMENT,MATCHED,TRAIN
4892,TRD104779,ACC-EQ-ALPHA-03,INR,337468.0,337468.0,2026-08-11,SETTLEMENT,MATCHED,TRAIN
4893,TRD104780,ACC-EQ-ALPHA-03,INR,843965.0,843965.0,2026-08-12,SETTLEMENT,MATCHED,TRAIN
4894,TRD104781,ACC-EQ-CORE-02,INR,366783.0,366783.0,2026-08-19,SETTLEMENT,MATCHED,TRAIN
4895,TRD104782,ACC-EQ-INDEX-04,INR,379716.0,379716.0,2026-08-18,SETTLEMENT,MATCHED,TRAIN
4896,TRD104783,ACC-EQ-ALPHA-03,INR,118510.0,118510.0,2026-08-12,SETTLEMENT,MATCHED,TRAIN
4897,TRD104784,ACC-EQ-ALPHA-03,INR,1049954.85,882315.0,2026-08-18,SETTLEMENT,MATCHED,TRAIN
4898,TRD104785,ACC-EQ-CORE-01,INR,17215.0,17215.0,2026-08-03,SETTLEMENT,MATCHED,TEST
4899,TRD104786,ACC-EQ-INDEX-04,INR,3255205.0,3255205.0,2026-08-19,SETTLEMENT,MATCHED,TRAIN
4900,TRD104787,ACC-EQ-CORE-02,INR,684407.5,684407.5,2026-08-07,SETTLEMENT,MATCHED,TEST
4901,TRD104788,ACC-EQ-INDEX-04,INR,2547780.0,2547780.0,2026-08-06,SETTLEMENT,MATCHED,TRAIN
4902,TRD104789,ACC-EQ-INDEX-04,INR,2848065.0,2848065.0,2026-08-12,SETTLEMENT,MATCHED,TRAIN
4903,TRD104790,ACC-EQ-CORE-02,INR,7377880.0,7377880.0,2026-08-02,SETTLEMENT,MATCHED,TEST
4904,TRD104791,ACC-EQ-INDEX-04,INR,5698080.0,5698080.0,2026-08-09,SETTLEMENT,MATCHED,TRAIN
4905,TRD104792,ACC-EQ-CORE-02,INR,60978.0,60978.0,2026-08-19,SETTLEMENT,MATCHED,TEST
4906,TRD104793,ACC-EQ-ALPHA-03,INR,1961830.0,1961830.0,2026-08-22,SETTLEMENT,MATCHED,TRAIN
4907,TRD104794,ACC-EQ-CORE-02,INR,1681750.0,1681750.0,2026-08-07,SETTLEMENT,MATCHED,TRAIN
4908,TRD104795,ACC-EQ-ALPHA-03,INR,46682.0,46682.0,2026-08-12,SETTLEMENT,MATCHED,TRAIN
4909,TRD104796,ACC-EQ-CORE-02,INR,1217260.0,1217260.0,2026-08-06,SETTLEMENT,MATCHED,TRAIN
4910,TRD104797,ACC-EQ-ALPHA-03,INR,1896270.0,1896270.0,2026-08-16,SETTLEMENT,MATCHED,TRAIN
4911,TRD104798,ACC-EQ-ALPHA-03,INR,2049765.0,2049765.0,2026-08-06,SETTLEMENT,MATCHED,TRAIN
4912,TRD104799,ACC-EQ-INDEX-04,INR,1861590.0,1861590.0,2026-08-09,SETTLEMENT,MATCHED,TRAIN
4913,TRD104800,ACC-EQ-INDEX-04,INR,195166.0,195166.0,2026-08-05,SETTLEMENT,MATCHED,TEST
4914,TRD104801,ACC-EQ-INDEX-04,INR,1270140.0,1270140.0,2026-08-11,SETTLEMENT,MATCHED,TRAIN
4915,TRD104802,ACC-EQ-CORE-01,INR,5539065.0,5539065.0,2026-08-12,SETTLEMENT,MATCHED,TRAIN
4916,TRD104803,ACC-EQ-CORE-02,INR,932887.5,932887.5,2026-08-15,SETTLEMENT,MATCHED,TEST
4917,TRD104804,ACC-EQ-CORE-02,INR,473160.0,473160.0,2026-08-04,SETTLEMENT,MATCHED,TEST
4918,TRD104805,ACC-EQ-INDEX-04,INR,3674710.0,3674710.0,2026-08-16,SETTLEMENT,MATCHED,TRAIN
4919,TRD104806,ACC-EQ-ALPHA-03,INR,4292475.0,4292475.0,2026-08-09,SETTLEMENT,MATCHED,TRAIN
4920,TRD104807,ACC-EQ-CORE-01,INR,889252.5,889252.5,2026-08-15,SETTLEMENT,MATCHED,TRAIN
4921,TRD104808,ACC-EQ-CORE-02,INR,169270.0,169270.0,2026-08-21,SETTLEMENT,MATCHED,TRAIN
4922,TRD104808,ACC-EQ-CORE-02,INR,169270.0,169270.0,2026-08-21,SETTLEMENT,MATCHED,TRAIN
4923,TRD104809,ACC-EQ-CORE-02,INR,1034762.5,1034762.5,2026-08-03,SETTLEMENT,MATCHED,TRAIN
4924,TRD104810,ACC-EQ-CORE-01,INR,121754.0,121754.0,2026-08-18,SETTLEMENT,MATCHED,TEST
4925,TRD104811,ACC-EQ-CORE-01,INR,942765.0,942765.0,2026-08-15,SETTLEMENT,MATCHED,TRAIN
4926,TRD104812,ACC-EQ-ALPHA-03,INR,34330.0,34330.0,2026-08-02,SETTLEMENT,MATCHED,TRAIN
4927,TRD104813,ACC-EQ-INDEX-04,INR,3343040.0,3343040.0,2026-08-08,SETTLEMENT,MATCHED,TRAIN
4928,TRD104814,ACC-EQ-CORE-02,INR,713592.5,713592.5,2026-08-16,SETTLEMENT,MATCHED,TEST
4929,TRD104815,ACC-EQ-INDEX-04,INR,4138300.0,4138300.0,2026-08-13,SETTLEMENT,MATCHED,TRAIN
4931,TRD104817,ACC-EQ-CORE-02,INR,84891.0,84891.0,2026-08-12,SETTLEMENT,MATCHED,TRAIN
4932,TRD104818,ACC-EQ-ALPHA-03,INR,377844.0,377844.0,2026-08-11,SETTLEMENT,MATCHED,TRAIN
4933,TRD104819,ACC-EQ-CORE-02,INR,34510.0,34510.0,2026-08-21,SETTLEMENT,MATCHED,TRAIN
4934,TRD104820,ACC-EQ-CORE-02,INR,1883560.0,1883560.0,2026-08-03,SETTLEMENT,MATCHED,TEST
4935,TRD104821,ACC-EQ-CORE-02,INR,1683580.0,1683580.0,2026-08-04,SETTLEMENT,MATCHED,TRAIN
4936,TRD104822,ACC-EQ-CORE-02,INR,1240690.0,1240690.0,2026-08-11,SETTLEMENT,MATCHED,TRAIN
4937,TRD104823,ACC-EQ-INDEX-04,INR,1366490.0,1366490.0,2026-08-06,SETTLEMENT,MATCHED,TRAIN
4938,TRD104824,ACC-EQ-ALPHA-03,INR,233340.0,233340.0,2026-08-19,SETTLEMENT,MATCHED,TRAIN
4939,TRD104825,ACC-EQ-CORE-01,INR,1678270.0,1678270.0,2026-08-09,SETTLEMENT,MATCHED,TRAIN
4940,TRD104826,ACC-EQ-CORE-02,INR,459495.0,459495.0,2026-08-11,SETTLEMENT,MATCHED,TRAIN
4941,TRD104827,ACC-EQ-ALPHA-03,GBP,4189568.4,4107420.0,2026-08-22,SETTLEMENT,MATCHED,TRAIN
4942,TRD104828,ACC-EQ-CORE-02,INR,379280.0,379280.0,2026-08-03,SETTLEMENT,MATCHED,TRAIN
4943,TRD104829,ACC-EQ-CORE-01,INR,469290.0,469290.0,2026-08-03,SETTLEMENT,MATCHED,TRAIN
4944,TRD104830,ACC-EQ-CORE-02,INR,345280.0,345280.0,2026-08-10,SETTLEMENT,MATCHED,TEST
4945,TRD104831,ACC-EQ-CORE-01,INR,54657.62,43037.5,2026-08-15,SETTLEMENT,MATCHED,TRAIN
4946,TRD104832,ACC-EQ-CORE-02,INR,547494.0,547494.0,2026-08-11,SETTLEMENT,MATCHED,TRAIN
4947,TRD104833,ACC-EQ-INDEX-04,INR,2744860.0,2744860.0,2026-08-08,SETTLEMENT,MATCHED,TEST
4948,TRD104834,ACC-EQ-CORE-02,EUR,361893.0,344660.0,2026-08-15,SETTLEMENT,MATCHED,TRAIN
4949,TRD104835,ACC-EQ-CORE-02,INR,1260412.5,1260412.5,2026-08-05,SETTLEMENT,MATCHED,TEST
4950,TRD104836,ACC-EQ-CORE-01,INR,687217.5,687217.5,2026-08-08,SETTLEMENT,MATCHED,TRAIN
4951,TRD104837,ACC-EQ-CORE-01,INR,568902.0,568902.0,2026-08-11,SETTLEMENT,MATCHED,TEST
4952,TRD104838,ACC-EQ-CORE-01,INR,118091.0,118091.0,2026-08-22,SETTLEMENT,MATCHED,TRAIN
4953,TRD104839,ACC-EQ-CORE-02,INR,2927745.0,2927745.0,2026-08-13,SETTLEMENT,MATCHED,TEST
4954,TRD104840,ACC-EQ-CORE-02,INR,2600572.0,2600572.0,2026-08-20,SETTLEMENT,MATCHED,TRAIN
4955,TRD104841,ACC-EQ-CORE-02,INR,974840.0,974840.0,2026-08-14,SETTLEMENT,MATCHED,TRAIN
4956,TRD104842,ACC-EQ-INDEX-04,INR,116912.5,116912.5,2026-08-15,SETTLEMENT,MATCHED,TEST
4957,TRD104843,ACC-EQ-CORE-01,INR,2148007.5,2148007.5,2026-08-04,SETTLEMENT,MATCHED,TRAIN
4958,TRD104844,ACC-EQ-CORE-01,INR,6502380.0,6502380.0,2026-08-20,SETTLEMENT,MATCHED,TRAIN
4959,TRD104845,ACC-EQ-CORE-02,INR,123858.0,123858.0,2026-08-02,SETTLEMENT,MATCHED,TRAIN
4960,TRD104846,ACC-EQ-ALPHA-03,INR,683125.0,683125.0,2026-08-09,SETTLEMENT,MATCHED,TRAIN
4961,TRD104847,ACC-EQ-INDEX-04,INR,169814.0,169814.0,2026-08-04,SETTLEMENT,MATCHED,TEST
4962,TRD104847,ACC-EQ-INDEX-04,INR,169814.0,169814.0,2026-08-04,SETTLEMENT,MATCHED,TEST
4963,TRD104848,ACC-EQ-ALPHA-03,INR,84836.0,84836.0,2026-08-17,SETTLEMENT,MATCHED,TRAIN
4964,TRD104849,ACC-EQ-CORE-02,INR,1685320.0,1685320.0,2026-08-04,SETTLEMENT,MATCHED,TRAIN
4965,TRD104850,ACC-EQ-CORE-01,INR,169607.0,169607.0,2026-08-17,SETTLEMENT,MATCHED,TRAIN
4966,TRD104851,ACC-EQ-CORE-02,INR,195209.0,195209.0,2026-08-16,SETTLEMENT,MATCHED,TRAIN
4967,TRD104852,ACC-EQ-CORE-01,INR,6461470.0,6461470.0,2026-08-14,SETTLEMENT,MATCHED,TRAIN
4968,TRD104853,ACC-EQ-INDEX-04,INR,633585.0,633585.0,2026-08-21,SETTLEMENT,MATCHED,TRAIN
4969,TRD104854,ACC-EQ-INDEX-04,INR,3260797.5,3260797.5,2026-08-09,SETTLEMENT,MATCHED,TRAIN
4970,TRD104855,ACC-EQ-CORE-01,INR,5678660.0,5678660.0,2026-08-12,SETTLEMENT,MATCHED,TRAIN
4971,TRD104856,ACC-EQ-CORE-01,INR,2369160.0,2369160.0,2026-08-04,SETTLEMENT,MATCHED,TRAIN
4972,TRD104857,ACC-EQ-CORE-01,INR,834940.0,834940.0,2026-08-11,SETTLEMENT,MATCHED,TEST
4973,TRD104858,ACC-EQ-CORE-02,INR,1687700.0,1687700.0,2026-08-19,SETTLEMENT,MATCHED,TRAIN
4974,TRD104859,ACC-EQ-INDEX-04,INR,3344880.0,3344880.0,2026-08-02,SETTLEMENT,MATCHED,TRAIN
4975,TRD104860,ACC-EQ-ALPHA-03,INR,1898110.0,1898110.0,2026-08-06,SETTLEMENT,MATCHED,TRAIN
4976,TRD104861,ACC-EQ-CORE-01,INR,457102.5,457102.5,2026-08-05,SETTLEMENT,MATCHED,TRAIN
4977,TRD104862,ACC-EQ-CORE-02,INR,275834.0,275834.0,2026-08-11,SETTLEMENT,MATCHED,TRAIN
4978,TRD104863,ACC-EQ-INDEX-04,INR,3382240.0,3382240.0,2026-08-08,SETTLEMENT,MATCHED,TEST
4979,TRD104864,ACC-EQ-CORE-01,INR,842205.0,842205.0,2026-08-09,SETTLEMENT,MATCHED,TRAIN
4980,TRD104865,ACC-EQ-ALPHA-03,INR,619850.0,619850.0,2026-08-16,SETTLEMENT,MATCHED,TRAIN
4981,TRD104866,ACC-EQ-ALPHA-03,INR,1268017.5,1268017.5,2026-08-17,SETTLEMENT,MATCHED,TEST
4982,TRD104867,ACC-EQ-CORE-01,INR,1073308.75,845125.0,2026-08-04,SETTLEMENT,MATCHED,TRAIN
4983,TRD104868,ACC-EQ-INDEX-04,INR,334898.0,334898.0,2026-08-13,SETTLEMENT,MATCHED,TRAIN
4984,TRD104869,ACC-EQ-ALPHA-03,INR,168401.0,168401.0,2026-08-13,SETTLEMENT,MATCHED,TEST
4985,TRD104870,ACC-EQ-CORE-01,GBP,769824.3,733166.0,2026-08-10,SETTLEMENT,MATCHED,TRAIN
4986,TRD104871,ACC-EQ-CORE-02,INR,117277.5,117277.5,2026-08-11,SETTLEMENT,MATCHED,TEST
4987,TRD104872,ACC-EQ-CORE-01,GBP,31938.06,34342.0,2026-08-19,SETTLEMENT,MATCHED,TRAIN
4988,TRD104873,ACC-EQ-CORE-01,INR,2373591.9,1868970.0,2026-08-08,SETTLEMENT,MATCHED,TRAIN
4989,TRD104874,ACC-EQ-ALPHA-03,INR,919115.0,919115.0,2026-08-02,SETTLEMENT,MATCHED,TEST
4990,TRD104875,ACC-EQ-CORE-02,INR,457207.5,457207.5,2026-08-13,SETTLEMENT,MATCHED,TRAIN
4991,TRD104876,ACC-EQ-INDEX-04,INR,1837865.0,1837865.0,2026-08-10,SETTLEMENT,MATCHED,TEST
4992,TRD104877,ACC-EQ-ALPHA-03,INR,3100050.0,3100050.0,2026-08-08,SETTLEMENT,MATCHED,TRAIN
4993,TRD104878,ACC-EQ-INDEX-04,INR,1245110.0,1245110.0,2026-08-13,SETTLEMENT,MATCHED,TEST
4995,TRD104880,ACC-EQ-INDEX-04,INR,487225.0,487225.0,2026-08-06,SETTLEMENT,MATCHED,TRAIN
4996,TRD104881,ACC-EQ-INDEX-04,INR,129577.5,129577.5,2026-08-05,SETTLEMENT,MATCHED,TRAIN
4997,TRD104882,ACC-EQ-ALPHA-03,INR,845495.0,845495.0,2026-08-03,SETTLEMENT,MATCHED,TRAIN
4998,TRD104883,ACC-EQ-CORE-01,INR,1421810.0,1421810.0,2026-08-21,SETTLEMENT,MATCHED,TEST
4999,TRD104884,ACC-EQ-CORE-02,INR,1946570.0,1946570.0,2026-08-05,SETTLEMENT,MATCHED,TEST
5000,TRD104885,ACC-EQ-ALPHA-03,INR,2066535.0,2066535.0,2026-08-02,SETTLEMENT,MATCHED,TRAIN
5001,TRD104886,ACC-EQ-CORE-01,INR,2751525.0,2751525.0,2026-08-17,SETTLEMENT,MATCHED,TRAIN
5002,TRD104887,ACC-EQ-ALPHA-03,INR,912525.0,912525.0,2026-08-17,SETTLEMENT,MATCHED,TRAIN
5003,TRD104888,ACC-EQ-ALPHA-03,INR,34422.0,34422.0,2026-08-07,SETTLEMENT,MATCHED,TRAIN
5004,TRD104889,ACC-EQ-CORE-02,INR,1859850.0,1859850.0,2026-08-12,SETTLEMENT,MATCHED,TRAIN
5005,TRD104890,ACC-EQ-CORE-02,INR,1224880.0,1224880.0,2026-08-13,SETTLEMENT,MATCHED,TRAIN
5006,TRD104891,ACC-EQ-INDEX-04,INR,211400.0,211400.0,2026-08-02,SETTLEMENT,MATCHED,TRAIN
5007,TRD104892,ACC-EQ-ALPHA-03,INR,3899840.0,3899840.0,2026-08-11,SETTLEMENT,MATCHED,TEST
5008,TRD104892,ACC-EQ-ALPHA-03,INR,3899840.0,3899840.0,2026-08-11,SETTLEMENT,MATCHED,TEST
5009,TRD104893,ACC-EQ-CORE-02,INR,294277.5,294277.5,2026-08-05,SETTLEMENT,MATCHED,TRAIN
5010,TRD104894,ACC-EQ-INDEX-04,INR,3242487.5,3242487.5,2026-08-18,SETTLEMENT,MATCHED,TEST
5011,TRD104894,ACC-EQ-INDEX-04,INR,3242487.5,3242487.5,2026-08-18,SETTLEMENT,MATCHED,TEST
5012,TRD104895,ACC-EQ-INDEX-04,INR,194696.0,194696.0,2026-08-16,SETTLEMENT,MATCHED,TRAIN
5013,TRD104896,ACC-EQ-INDEX-04,INR,1419660.0,1419660.0,2026-08-12,SETTLEMENT,MATCHED,TRAIN
5014,TRD104897,ACC-EQ-ALPHA-03,INR,303775.0,303775.0,2026-08-10,SETTLEMENT,MATCHED,TRAIN
5015,TRD104898,ACC-EQ-ALPHA-03,INR,3080482.5,3080482.5,2026-08-22,SETTLEMENT,MATCHED,TRAIN
5016,TRD104898,ACC-EQ-ALPHA-03,INR,3080482.5,3080482.5,2026-08-22,SETTLEMENT,MATCHED,TRAIN
5017,TRD104899,ACC-EQ-CORE-02,INR,688370.0,688370.0,2026-08-19,SETTLEMENT,MATCHED,TRAIN
5018,TRD104900,ACC-EQ-INDEX-04,INR,3788660.0,3788660.0,2026-08-14,SETTLEMENT,MATCHED,TEST
5019,TRD104901,ACC-EQ-ALPHA-03,INR,973435.0,973435.0,2026-08-06,SETTLEMENT,MATCHED,TRAIN
5020,TRD104901,ACC-EQ-ALPHA-03,INR,973435.0,973435.0,2026-08-06,SETTLEMENT,MATCHED,TRAIN
5021,TRD104902,ACC-EQ-CORE-01,INR,2492780.0,2492780.0,2026-08-17,SETTLEMENT,MATCHED,TEST
5022,TRD104903,ACC-EQ-INDEX-04,INR,923565.0,923565.0,2026-08-04,SETTLEMENT,MATCHED,TRAIN
5023,TRD104904,ACC-EQ-CORE-01,INR,1460512.5,1460512.5,2026-08-02,SETTLEMENT,MATCHED,TRAIN
5024,TRD104905,ACC-EQ-ALPHA-03,GBP,313080.78,336646.0,2026-08-14,SETTLEMENT,MATCHED,TRAIN
5025,TRD104906,ACC-EQ-CORE-02,INR,122642.0,122642.0,2026-08-20,SETTLEMENT,MATCHED,TRAIN
5026,TRD104907,ACC-EQ-ALPHA-03,INR,5483700.0,5483700.0,2026-08-11,SETTLEMENT,MATCHED,TRAIN
5027,TRD104908,ACC-EQ-INDEX-04,INR,1683070.0,1683070.0,2026-08-07,SETTLEMENT,MATCHED,TEST
5029,TRD104910,ACC-EQ-CORE-01,INR,421415.0,421415.0,2026-08-05,SETTLEMENT,MATCHED,TRAIN
5030,TRD104911,ACC-EQ-CORE-01,INR,922382.5,922382.5,2026-08-14,SETTLEMENT,MATCHED,TRAIN
5031,TRD104912,ACC-EQ-INDEX-04,INR,2930970.0,2930970.0,2026-08-02,SETTLEMENT,MATCHED,TRAIN
5032,TRD104913,ACC-EQ-ALPHA-03,INR,86270.0,86270.0,2026-08-08,SETTLEMENT,MATCHED,TRAIN
5033,TRD104914,ACC-EQ-CORE-01,INR,6169230.0,6169230.0,2026-08-18,SETTLEMENT,MATCHED,TRAIN
5034,TRD104915,ACC-EQ-CORE-01,INR,1293962.0,1293962.0,2026-08-17,SETTLEMENT,MATCHED,TRAIN
5035,TRD104916,ACC-EQ-INDEX-04,INR,1425070.0,1425070.0,2026-08-03,SETTLEMENT,MATCHED,TRAIN
5036,TRD104917,ACC-EQ-CORE-01,INR,1368190.0,1368190.0,2026-08-17,SETTLEMENT,MATCHED,TRAIN
5037,TRD104918,ACC-EQ-ALPHA-03,INR,931470.0,931470.0,2026-08-15,SETTLEMENT,MATCHED,TRAIN
5038,TRD104919,ACC-EQ-INDEX-04,INR,19554480.0,19554480.0,2026-08-07,SETTLEMENT,MATCHED,TRAIN
5039,TRD104920,ACC-EQ-INDEX-04,INR,5718020.0,5718020.0,2026-08-10,SETTLEMENT,MATCHED,TRAIN
5040,TRD104921,ACC-EQ-ALPHA-03,INR,117140.0,117140.0,2026-08-14,SETTLEMENT,MATCHED,TRAIN
5041,TRD104922,ACC-EQ-ALPHA-03,INR,686415.0,686415.0,2026-08-16,SETTLEMENT,MATCHED,TEST
5042,TRD104922,ACC-EQ-ALPHA-03,INR,686415.0,686415.0,2026-08-16,SETTLEMENT,MATCHED,TEST
5043,TRD104923,ACC-EQ-ALPHA-03,INR,466570.0,466570.0,2026-08-03,SETTLEMENT,MATCHED,TRAIN
5045,TRD104925,ACC-EQ-INDEX-04,INR,841465.0,841465.0,2026-08-06,SETTLEMENT,MATCHED,TRAIN
5046,TRD104926,ACC-EQ-CORE-02,INR,212357.5,212357.5,2026-08-13,SETTLEMENT,MATCHED,TEST
5047,TRD104927,ACC-EQ-CORE-01,INR,286473.0,286473.0,2026-08-16,SETTLEMENT,MATCHED,TRAIN
5048,TRD104928,ACC-EQ-CORE-02,INR,1668270.0,1668270.0,2026-08-18,SETTLEMENT,MATCHED,TRAIN
5049,TRD104929,ACC-EQ-CORE-01,INR,2479120.0,2479120.0,2026-08-17,SETTLEMENT,MATCHED,TRAIN
5050,TRD104930,ACC-EQ-CORE-01,INR,422725.0,422725.0,2026-08-22,SETTLEMENT,MATCHED,TRAIN
5051,TRD104931,ACC-EQ-INDEX-04,INR,612430.0,612430.0,2026-08-08,SETTLEMENT,MATCHED,TRAIN
5052,TRD104932,ACC-EQ-ALPHA-03,INR,418770.0,418770.0,2026-08-09,SETTLEMENT,MATCHED,TRAIN
5053,TRD104933,ACC-EQ-CORE-02,INR,1894030.0,1894030.0,2026-08-07,SETTLEMENT,MATCHED,TRAIN
5054,TRD104934,ACC-EQ-ALPHA-03,INR,945125.0,945125.0,2026-08-07,SETTLEMENT,MATCHED,TRAIN
5055,TRD104934,ACC-EQ-ALPHA-03,INR,945125.0,945125.0,2026-08-07,SETTLEMENT,MATCHED,TRAIN
5056,TRD104935,ACC-EQ-INDEX-04,INR,410975.0,410975.0,2026-08-09,SETTLEMENT,MATCHED,TRAIN
5057,TRD104936,ACC-EQ-CORE-01,INR,2130232.5,2130232.5,2026-08-08,SETTLEMENT,MATCHED,TRAIN
5058,TRD104937,ACC-EQ-CORE-02,INR,1214740.0,1214740.0,2026-08-08,SETTLEMENT,MATCHED,TRAIN
5059,TRD104938,ACC-EQ-CORE-02,INR,391658.0,391658.0,2026-08-19,SETTLEMENT,MATCHED,TEST
5060,TRD104939,ACC-EQ-ALPHA-03,INR,1270110.0,1270110.0,2026-08-04,SETTLEMENT,MATCHED,TEST
5061,TRD104940,ACC-EQ-CORE-01,INR,17205.0,17205.0,2026-08-09,SETTLEMENT,MATCHED,TRAIN
5062,TRD104941,ACC-EQ-INDEX-04,INR,548996.0,548996.0,2026-08-15,SETTLEMENT,MATCHED,TRAIN
5063,TRD104942,ACC-EQ-ALPHA-03,INR,258150.0,258150.0,2026-08-13,SETTLEMENT,MATCHED,TEST
5064,TRD104943,ACC-EQ-INDEX-04,INR,4120320.0,4120320.0,2026-08-19,SETTLEMENT,MATCHED,TRAIN
5065,TRD104944,ACC-EQ-CORE-02,INR,1261845.0,1261845.0,2026-08-08,SETTLEMENT,MATCHED,TEST
5066,TRD104945,ACC-EQ-CORE-02,INR,2513370.0,2513370.0,2026-08-13,SETTLEMENT,MATCHED,TRAIN
5067,TRD104946,ACC-EQ-CORE-01,INR,152627.5,152627.5,2026-08-19,SETTLEMENT,MATCHED,TRAIN
5068,TRD104947,ACC-EQ-CORE-02,INR,2363180.0,2363180.0,2026-08-21,SETTLEMENT,MATCHED,TRAIN
5069,TRD104948,ACC-EQ-ALPHA-03,INR,4101090.0,4101090.0,2026-08-07,SETTLEMENT,MATCHED,TRAIN
5070,TRD104949,ACC-EQ-ALPHA-03,INR,847960.0,847960.0,2026-08-02,SETTLEMENT,MATCHED,TEST
5071,TRD104950,ACC-EQ-INDEX-04,INR,2533935.0,2533935.0,2026-08-22,SETTLEMENT,MATCHED,TRAIN
5072,TRD104951,ACC-EQ-INDEX-04,INR,3371440.0,3371440.0,2026-08-11,SETTLEMENT,MATCHED,TRAIN
5073,TRD104952,ACC-EQ-INDEX-04,INR,3100725.0,3100725.0,2026-08-20,SETTLEMENT,MATCHED,TRAIN
5074,TRD104953,ACC-EQ-CORE-01,INR,1894540.0,1894540.0,2026-08-04,SETTLEMENT,MATCHED,TRAIN
5075,TRD104954,ACC-EQ-INDEX-04,INR,3668560.0,3668560.0,2026-08-06,SETTLEMENT,MATCHED,TRAIN
5076,TRD104955,ACC-EQ-CORE-02,INR,377400.0,377400.0,2026-08-20,SETTLEMENT,MATCHED,TRAIN
5077,TRD104956,ACC-EQ-ALPHA-03,INR,620850.0,620850.0,2026-08-15,SETTLEMENT,MATCHED,TRAIN
5078,TRD104957,ACC-EQ-ALPHA-03,INR,128700.0,128700.0,2026-08-19,SETTLEMENT,MATCHED,TRAIN
5079,TRD104958,ACC-EQ-ALPHA-03,INR,2057445.0,2057445.0,2026-08-15,SETTLEMENT,MATCHED,TRAIN
5080,TRD104959,ACC-EQ-CORE-01,INR,8205080.0,8205080.0,2026-08-17,SETTLEMENT,MATCHED,TRAIN
5081,TRD104960,ACC-EQ-INDEX-04,INR,376230.0,376230.0,2026-08-06,SETTLEMENT,MATCHED,TRAIN
5082,TRD104961,ACC-EQ-INDEX-04,INR,2528535.0,2528535.0,2026-08-07,SETTLEMENT,MATCHED,TRAIN
5083,TRD104962,ACC-EQ-INDEX-04,USD,400720.8,417417.5,2026-08-08,SETTLEMENT,MATCHED,TRAIN
5084,TRD104963,ACC-EQ-INDEX-04,INR,590705.0,590705.0,2026-08-04,SETTLEMENT,MATCHED,TRAIN
5085,TRD104963,ACC-EQ-INDEX-04,INR,590705.0,590705.0,2026-08-04,SETTLEMENT,MATCHED,TRAIN
5086,TRD104964,ACC-EQ-CORE-01,INR,549560.0,549560.0,2026-08-03,SETTLEMENT,MATCHED,TEST
5087,TRD104965,ACC-EQ-INDEX-04,INR,5514495.0,5514495.0,2026-08-02,SETTLEMENT,MATCHED,TRAIN
5088,TRD104966,ACC-EQ-CORE-02,INR,3242187.5,3242187.5,2026-08-11,SETTLEMENT,MATCHED,TRAIN
5089,TRD104967,ACC-EQ-CORE-01,INR,3684350.0,3684350.0,2026-08-22,SETTLEMENT,MATCHED,TRAIN
5090,TRD104968,ACC-EQ-CORE-01,INR,169525.0,169525.0,2026-08-21,SETTLEMENT,MATCHED,TEST
5091,TRD104969,ACC-EQ-ALPHA-03,INR,94172.0,94172.0,2026-08-11,SETTLEMENT,MATCHED,TRAIN
5092,TRD104970,ACC-EQ-ALPHA-03,INR,2134672.5,2134672.5,2026-08-17,SETTLEMENT,MATCHED,TRAIN
5093,TRD104971,ACC-EQ-CORE-02,INR,1264695.0,1264695.0,2026-08-17,SETTLEMENT,MATCHED,TRAIN
5094,TRD104971,ACC-EQ-CORE-02,INR,1264695.0,1264695.0,2026-08-17,SETTLEMENT,MATCHED,TRAIN
5095,TRD104972,ACC-EQ-CORE-01,INR,275230.0,275230.0,2026-08-12,SETTLEMENT,MATCHED,TRAIN
5096,TRD104973,ACC-EQ-CORE-02,INR,2531670.0,2531670.0,2026-08-04,SETTLEMENT,MATCHED,TRAIN
5097,TRD104974,ACC-EQ-CORE-02,INR,2766742.5,2766742.5,2026-08-16,SETTLEMENT,MATCHED,TRAIN
5098,TRD104975,ACC-EQ-INDEX-04,EUR,578790.15,622355.0,2026-08-13,SETTLEMENT,MATCHED,TRAIN
5099,TRD104976,ACC-EQ-ALPHA-03,INR,590145.0,590145.0,2026-08-14,SETTLEMENT,MATCHED,TRAIN
5100,TRD104977,ACC-EQ-INDEX-04,INR,940850.0,940850.0,2026-08-20,SETTLEMENT,MATCHED,TRAIN
5101,TRD104978,ACC-EQ-CORE-02,INR,535441.53,421607.5,2026-08-09,SETTLEMENT,MATCHED,TRAIN
5102,TRD104979,ACC-EQ-CORE-02,INR,1862970.0,1862970.0,2026-08-07,SETTLEMENT,MATCHED,TRAIN
5103,TRD104980,ACC-EQ-INDEX-04,INR,1953530.0,1953530.0,2026-08-09,SETTLEMENT,MATCHED,TRAIN
5104,TRD104981,ACC-EQ-ALPHA-03,INR,284222.0,284222.0,2026-08-11,SETTLEMENT,MATCHED,TRAIN
5105,TRD104982,ACC-EQ-CORE-02,INR,169724.0,169724.0,2026-08-20,SETTLEMENT,MATCHED,TRAIN
5106,TRD104983,ACC-EQ-CORE-01,INR,1267057.5,1267057.5,2026-08-16,SETTLEMENT,MATCHED,TRAIN
5107,TRD104984,ACC-EQ-CORE-01,INR,337020.0,337020.0,2026-08-05,SETTLEMENT,MATCHED,TEST
5108,TRD104985,ACC-EQ-INDEX-04,INR,917340.0,917340.0,2026-08-13,SETTLEMENT,MATCHED,TRAIN
5109,TRD104986,ACC-EQ-ALPHA-03,INR,194675.0,194675.0,2026-08-11,SETTLEMENT,MATCHED,TEST
5110,TRD104987,ACC-EQ-INDEX-04,INR,836535.0,836535.0,2026-08-19,SETTLEMENT,MATCHED,TRAIN
5111,TRD104988,ACC-EQ-CORE-01,INR,2060695.0,2060695.0,2026-08-12,SETTLEMENT,MATCHED,TRAIN
5112,TRD104989,ACC-EQ-CORE-01,INR,1895690.0,1895690.0,2026-08-17,SETTLEMENT,MATCHED,TRAIN
5113,TRD104990,ACC-EQ-INDEX-04,INR,17171.0,17171.0,2026-08-11,SETTLEMENT,MATCHED,TRAIN
5114,TRD104991,ACC-EQ-INDEX-04,INR,739056.0,739056.0,2026-08-19,SETTLEMENT,MATCHED,TRAIN
5115,TRD104992,ACC-EQ-CORE-02,INR,886140.0,886140.0,2026-08-20,SETTLEMENT,MATCHED,TEST
5116,TRD104993,ACC-EQ-CORE-01,INR,1946630.0,1946630.0,2026-08-13,SETTLEMENT,MATCHED,TRAIN
5117,TRD104994,ACC-EQ-INDEX-04,INR,981110.0,981110.0,2026-08-20,SETTLEMENT,MATCHED,TEST
5118,TRD104995,ACC-EQ-INDEX-04,INR,5536500.0,5536500.0,2026-08-17,SETTLEMENT,MATCHED,TRAIN
5119,TRD104996,ACC-EQ-CORE-02,USD,381436.83,368538.0,2026-08-21,SETTLEMENT,MATCHED,TEST
5120,TRD104997,ACC-EQ-INDEX-04,INR,2732350.0,2732350.0,2026-08-05,SETTLEMENT,MATCHED,TEST
5121,TRD104998,ACC-EQ-CORE-02,INR,942385.0,942385.0,2026-08-06,SETTLEMENT,MATCHED,TRAIN
5122,TRD104999,ACC-EQ-ALPHA-03,INR,1176270.0,1176270.0,2026-08-06,SETTLEMENT,MATCHED,TRAIN
5124,TRD105001,ACC-EQ-CORE-02,INR,469000.0,469000.0,2026-08-13,SETTLEMENT,MATCHED,TRAIN
5125,TRD105002,ACC-EQ-CORE-02,INR,123942.0,123942.0,2026-08-05,SETTLEMENT,MATCHED,TEST
5127,TRD105004,ACC-EQ-INDEX-04,INR,1185480.0,1185480.0,2026-08-15,SETTLEMENT,MATCHED,TRAIN
5128,TRD105005,ACC-EQ-CORE-01,INR,376616.0,376616.0,2026-08-15,SETTLEMENT,MATCHED,TRAIN
5129,TRD105006,ACC-EQ-CORE-02,INR,34548.0,34548.0,2026-08-06,SETTLEMENT,MATCHED,TEST
5130,TRD105007,ACC-EQ-INDEX-04,INR,166987.0,166987.0,2026-08-13,SETTLEMENT,MATCHED,TEST
5131,TRD105008,ACC-EQ-ALPHA-03,INR,4288065.0,4288065.0,2026-08-09,SETTLEMENT,MATCHED,TRAIN
5132,TRD105009,ACC-EQ-CORE-01,INR,1771350.0,1771350.0,2026-08-18,SETTLEMENT,MATCHED,TRAIN
5133,TRD105010,ACC-EQ-CORE-01,INR,259020.0,259020.0,2026-08-20,SETTLEMENT,MATCHED,TRAIN
5134,TRD105011,ACC-EQ-CORE-02,INR,84428.0,84428.0,2026-08-04,SETTLEMENT,MATCHED,TRAIN
5135,TRD105012,ACC-EQ-CORE-01,INR,6508990.0,6508990.0,2026-08-02,SETTLEMENT,MATCHED,TRAIN
5136,TRD105012,ACC-EQ-CORE-01,INR,6508990.0,6508990.0,2026-08-02,SETTLEMENT,MATCHED,TRAIN
5137,TRD105013,ACC-EQ-ALPHA-03,INR,2064885.0,2064885.0,2026-08-19,SETTLEMENT,MATCHED,TEST
5138,TRD105014,ACC-EQ-CORE-01,INR,918630.0,918630.0,2026-08-19,SETTLEMENT,MATCHED,TRAIN
5139,TRD105015,ACC-EQ-ALPHA-03,INR,34406.0,34406.0,2026-08-19,SETTLEMENT,MATCHED,TRAIN
5140,TRD105016,ACC-EQ-CORE-01,INR,1177460.0,1177460.0,2026-08-20,SETTLEMENT,MATCHED,TRAIN
5141,TRD105017,ACC-EQ-INDEX-04,INR,2859870.0,2859870.0,2026-08-18,SETTLEMENT,MATCHED,TRAIN
5142,TRD105018,ACC-EQ-CORE-02,INR,1217800.0,1217800.0,2026-08-14,SETTLEMENT,MATCHED,TRAIN
5143,TRD105019,ACC-EQ-ALPHA-03,INR,118010.0,118010.0,2026-08-06,SETTLEMENT,MATCHED,TRAIN
5144,TRD105020,ACC-EQ-ALPHA-03,INR,310712.5,310712.5,2026-08-02,SETTLEMENT,MATCHED,TRAIN
5145,TRD105021,ACC-EQ-CORE-02,INR,283966.0,346300.0,2026-08-07,SETTLEMENT,MATCHED,TRAIN
5146,TRD105022,ACC-EQ-ALPHA-03,INR,705135.0,705135.0,2026-08-21,SETTLEMENT,MATCHED,TEST
5147,TRD105023,ACC-EQ-CORE-02,INR,569478.0,569478.0,2026-08-11,SETTLEMENT,MATCHED,TRAIN
5148,TRD105024,ACC-EQ-ALPHA-03,INR,8281820.0,8281820.0,2026-08-14,SETTLEMENT,MATCHED,TRAIN
5149,TRD105025,ACC-EQ-CORE-01,INR,2824950.0,2824950.0,2026-08-16,SETTLEMENT,MATCHED,TRAIN
5150,TRD105026,ACC-EQ-INDEX-04,INR,4113750.0,4113750.0,2026-08-19,SETTLEMENT,MATCHED,TEST
5151,TRD105027,ACC-EQ-ALPHA-03,INR,1370170.0,1370170.0,2026-08-18,SETTLEMENT,MATCHED,TRAIN
5152,TRD105028,ACC-EQ-INDEX-04,INR,258630.0,258630.0,2026-08-03,SETTLEMENT,MATCHED,TEST
5153,TRD105029,ACC-EQ-ALPHA-03,INR,424032.5,424032.5,2026-08-17,SETTLEMENT,MATCHED,TRAIN
5154,TRD105030,ACC-EQ-CORE-02,INR,379560.0,379560.0,2026-08-17,SETTLEMENT,MATCHED,TRAIN
5155,TRD105031,ACC-EQ-CORE-02,INR,152317.5,152317.5,2026-08-10,SETTLEMENT,MATCHED,TRAIN
5156,TRD105032,ACC-EQ-CORE-01,INR,2256835.0,1896500.0,2026-08-14,SETTLEMENT,MATCHED,TEST
5157,TRD105033,ACC-EQ-CORE-02,INR,458220.0,458220.0,2026-08-04,SETTLEMENT,MATCHED,TRAIN
5158,TRD105034,ACC-EQ-ALPHA-03,INR,84424.0,84424.0,2026-08-06,SETTLEMENT,MATCHED,TEST
5159,TRD105035,ACC-EQ-CORE-01,INR,423930.0,423930.0,2026-08-08,SETTLEMENT,MATCHED,TRAIN
5160,TRD105036,ACC-EQ-CORE-02,INR,1262265.0,1262265.0,2026-08-21,SETTLEMENT,MATCHED,TRAIN
5161,TRD105037,ACC-EQ-CORE-01,INR,487665.0,487665.0,2026-08-06,SETTLEMENT,MATCHED,TRAIN
5162,TRD105037,ACC-EQ-CORE-01,INR,487665.0,487665.0,2026-08-06,SETTLEMENT,MATCHED,TRAIN
5163,TRD105038,ACC-EQ-ALPHA-03,INR,236954.0,236954.0,2026-08-20,SETTLEMENT,MATCHED,TRAIN
5164,TRD105039,ACC-EQ-CORE-01,INR,122428.0,122428.0,2026-08-10,SETTLEMENT,MATCHED,TRAIN
5165,TRD105039,ACC-EQ-CORE-01,INR,122428.0,122428.0,2026-08-10,SETTLEMENT,MATCHED,TRAIN
5166,TRD105040,ACC-EQ-CORE-02,INR,1301991.0,1301991.0,2026-08-19,SETTLEMENT,MATCHED,TRAIN
5167,TRD105041,ACC-EQ-INDEX-04,INR,305725.0,305725.0,2026-08-22,SETTLEMENT,MATCHED,TRAIN
5168,TRD105042,ACC-EQ-CORE-01,INR,455677.5,455677.5,2026-08-06,SETTLEMENT,MATCHED,TRAIN
5169,TRD105042,ACC-EQ-CORE-01,INR,455677.5,455677.5,2026-08-06,SETTLEMENT,MATCHED,TRAIN
5170,TRD105043,ACC-EQ-CORE-01,INR,42995.0,42995.0,2026-08-08,SETTLEMENT,MATCHED,TRAIN
5171,TRD105044,ACC-EQ-CORE-02,INR,196470.0,196470.0,2026-08-20,SETTLEMENT,MATCHED,TRAIN
5172,TRD105045,ACC-EQ-INDEX-04,INR,2831025.0,2831025.0,2026-08-16,SETTLEMENT,MATCHED,TRAIN
5173,TRD105046,ACC-EQ-ALPHA-03,INR,1952990.0,1952990.0,2026-08-17,SETTLEMENT,MATCHED,TRAIN
5174,TRD105047,ACC-EQ-CORE-02,INR,3242307.5,3242307.5,2026-08-11,SETTLEMENT,MATCHED,TRAIN
5175,TRD105048,ACC-EQ-ALPHA-03,INR,1555318.2,1224660.0,2026-08-06,SETTLEMENT,MATCHED,TRAIN
5176,TRD105049,ACC-EQ-ALPHA-03,INR,152020.0,152020.0,2026-08-12,SETTLEMENT,MATCHED,TEST
5177,TRD105050,ACC-EQ-CORE-01,INR,8280240.0,8280240.0,2026-08-19,SETTLEMENT,MATCHED,TRAIN
5178,TRD105051,ACC-EQ-CORE-02,INR,1421710.0,1421710.0,2026-08-13,SETTLEMENT,MATCHED,TRAIN
5179,TRD105052,ACC-EQ-INDEX-04,INR,189951.0,189951.0,2026-08-16,SETTLEMENT,MATCHED,TRAIN
5180,TRD105053,ACC-EQ-INDEX-04,INR,2540895.0,2540895.0,2026-08-19,SETTLEMENT,MATCHED,TEST
5181,TRD105054,ACC-EQ-INDEX-04,INR,1684080.0,1684080.0,2026-08-06,SETTLEMENT,MATCHED,TRAIN
5182,TRD105055,ACC-EQ-INDEX-04,INR,335656.0,335656.0,2026-08-08,SETTLEMENT,MATCHED,TRAIN
5183,TRD105056,ACC-EQ-CORE-02,INR,587780.0,587780.0,2026-08-06,SETTLEMENT,MATCHED,TRAIN
5184,TRD105057,ACC-EQ-CORE-01,INR,195532.0,195532.0,2026-08-11,SETTLEMENT,MATCHED,TRAIN
5185,TRD105058,ACC-EQ-CORE-01,INR,2053432.5,2053432.5,2026-08-22,SETTLEMENT,MATCHED,TEST
5186,TRD105059,ACC-EQ-INDEX-04,INR,3103605.0,3103605.0,2026-08-13,SETTLEMENT,MATCHED,TRAIN
5187,TRD105060,ACC-EQ-CORE-01,INR,1688020.0,1688020.0,2026-08-08,SETTLEMENT,MATCHED,TRAIN
5188,TRD105061,ACC-EQ-CORE-02,INR,825662.0,825662.0,2026-08-13,SETTLEMENT,MATCHED,TRAIN
5189,TRD105062,ACC-EQ-INDEX-04,INR,129705.0,129705.0,2026-08-16,SETTLEMENT,MATCHED,TRAIN
5191,TRD105064,ACC-EQ-ALPHA-03,INR,1253910.0,1253910.0,2026-08-21,SETTLEMENT,MATCHED,TRAIN
5192,TRD105065,ACC-EQ-CORE-01,INR,19494705.0,19494705.0,2026-08-18,SETTLEMENT,MATCHED,TRAIN
5193,TRD105066,ACC-EQ-ALPHA-03,INR,5495595.0,5495595.0,2026-08-06,SETTLEMENT,MATCHED,TRAIN
5194,TRD105066,ACC-EQ-ALPHA-03,INR,5495595.0,5495595.0,2026-08-06,SETTLEMENT,MATCHED,TRAIN
5195,TRD105067,ACC-EQ-CORE-02,USD,362951.21,350677.5,2026-08-15,SETTLEMENT,MATCHED,TRAIN
5196,TRD105068,ACC-EQ-CORE-02,INR,129442.5,129442.5,2026-08-03,SETTLEMENT,MATCHED,TRAIN
5197,TRD105069,ACC-EQ-ALPHA-03,INR,471092.5,471092.5,2026-08-21,SETTLEMENT,MATCHED,TRAIN
5198,TRD105070,ACC-EQ-CORE-01,INR,343220.0,343220.0,2026-08-16,SETTLEMENT,MATCHED,TRAIN
5199,TRD105071,ACC-EQ-ALPHA-03,INR,306085.0,306085.0,2026-08-19,SETTLEMENT,MATCHED,TEST
5200,TRD105072,ACC-EQ-CORE-02,INR,935520.0,935520.0,2026-08-16,SETTLEMENT,MATCHED,TRAIN
5201,TRD105073,ACC-EQ-CORE-01,INR,2544720.0,2544720.0,2026-08-13,SETTLEMENT,MATCHED,TRAIN
5202,TRD105074,ACC-EQ-CORE-02,INR,3906620.0,3906620.0,2026-08-06,SETTLEMENT,MATCHED,TRAIN
5203,TRD105075,ACC-EQ-CORE-02,INR,3254327.5,3254327.5,2026-08-22,SETTLEMENT,MATCHED,TRAIN
5204,TRD105076,ACC-EQ-CORE-02,INR,592240.0,592240.0,2026-08-18,SETTLEMENT,MATCHED,TRAIN
5205,TRD105077,ACC-EQ-ALPHA-03,INR,2767357.5,2767357.5,2026-08-06,SETTLEMENT,MATCHED,TEST
5206,TRD105078,ACC-EQ-ALPHA-03,INR,588340.0,588340.0,2026-08-02,SETTLEMENT,MATCHED,TRAIN
5207,TRD105078,ACC-EQ-ALPHA-03,INR,588340.0,588340.0,2026-08-02,SETTLEMENT,MATCHED,TRAIN
5208,TRD105079,ACC-EQ-INDEX-04,INR,295542.5,295542.5,2026-08-03,SETTLEMENT,MATCHED,TRAIN
5209,TRD105080,ACC-EQ-CORE-02,INR,2138797.5,2138797.5,2026-08-09,SETTLEMENT,MATCHED,TRAIN
5210,TRD105081,ACC-EQ-ALPHA-03,INR,927862.5,927862.5,2026-08-12,SETTLEMENT,MATCHED,TRAIN
5211,TRD105082,ACC-EQ-CORE-01,INR,3105442.5,3105442.5,2026-08-15,SETTLEMENT,MATCHED,TRAIN
5212,TRD105083,ACC-EQ-CORE-02,INR,309015.0,309015.0,2026-08-14,SETTLEMENT,MATCHED,TRAIN
5213,TRD105084,ACC-EQ-CORE-02,INR,735838.0,735838.0,2026-08-02,SETTLEMENT,MATCHED,TRAIN
5214,TRD105085,ACC-EQ-ALPHA-03,INR,247126.0,247126.0,2026-08-15,SETTLEMENT,MATCHED,TEST
5215,TRD105086,ACC-EQ-ALPHA-03,INR,172860.0,172860.0,2026-08-19,SETTLEMENT,MATCHED,TRAIN
5216,TRD105087,ACC-EQ-CORE-02,INR,378524.0,378524.0,2026-08-17,SETTLEMENT,MATCHED,TRAIN
5218,TRD105089,ACC-EQ-INDEX-04,INR,703080.0,703080.0,2026-08-18,SETTLEMENT,MATCHED,TEST
5219,TRD105090,ACC-EQ-CORE-01,INR,422210.0,422210.0,2026-08-19,SETTLEMENT,MATCHED,TRAIN
5220,TRD105091,ACC-EQ-CORE-01,INR,9695017.5,9695017.5,2026-08-10,SETTLEMENT,MATCHED,TRAIN
5221,TRD105092,ACC-EQ-ALPHA-03,INR,168290.0,168290.0,2026-08-22,SETTLEMENT,MATCHED,TRAIN
5222,TRD105093,ACC-EQ-CORE-01,INR,3392800.0,3392800.0,2026-08-08,SETTLEMENT,MATCHED,TRAIN
5223,TRD105094,ACC-EQ-CORE-01,INR,19395030.0,19395030.0,2026-08-02,SETTLEMENT,MATCHED,TEST
5224,TRD105095,ACC-EQ-CORE-01,INR,2062635.0,2062635.0,2026-08-12,SETTLEMENT,MATCHED,TRAIN
5225,TRD105096,ACC-EQ-INDEX-04,INR,310972.5,310972.5,2026-08-15,SETTLEMENT,MATCHED,TRAIN
5226,TRD105097,ACC-EQ-CORE-01,INR,547810.0,547810.0,2026-08-20,SETTLEMENT,MATCHED,TRAIN
5227,TRD105098,ACC-EQ-INDEX-04,INR,4258530.0,4258530.0,2026-08-14,SETTLEMENT,MATCHED,TRAIN
5228,TRD105099,ACC-EQ-CORE-01,INR,247770.0,247770.0,2026-08-17,SETTLEMENT,MATCHED,TRAIN
5229,TRD105100,ACC-EQ-INDEX-04,INR,703080.0,703080.0,2026-08-09,SETTLEMENT,MATCHED,TEST
5230,TRD105101,ACC-EQ-INDEX-04,GBP,3961269.9,4259430.0,2026-08-07,SETTLEMENT,MATCHED,TRAIN
5231,TRD105102,ACC-EQ-ALPHA-03,INR,1264297.5,1264297.5,2026-08-07,SETTLEMENT,MATCHED,TRAIN
5232,TRD105103,ACC-EQ-INDEX-04,INR,2371860.0,2371860.0,2026-08-10,SETTLEMENT,MATCHED,TRAIN
5233,TRD105104,ACC-EQ-CORE-02,INR,1953000.0,1953000.0,2026-08-16,SETTLEMENT,MATCHED,TRAIN
5234,TRD105105,ACC-EQ-ALPHA-03,INR,5489380.0,5489380.0,2026-08-05,SETTLEMENT,MATCHED,TRAIN
5235,TRD105106,ACC-EQ-INDEX-04,INR,392444.0,392444.0,2026-08-16,SETTLEMENT,MATCHED,TRAIN
5236,TRD105107,ACC-EQ-INDEX-04,INR,490050.0,490050.0,2026-08-15,SETTLEMENT,MATCHED,TRAIN
5237,TRD105108,ACC-EQ-ALPHA-03,INR,2542050.0,2542050.0,2026-08-03,SETTLEMENT,MATCHED,TRAIN
5238,TRD105109,ACC-EQ-ALPHA-03,EUR,1792485.4,1675220.0,2026-08-17,SETTLEMENT,MATCHED,TRAIN
5239,TRD105110,ACC-EQ-ALPHA-03,INR,306680.0,306680.0,2026-08-15,SETTLEMENT,MATCHED,TRAIN
5240,TRD105111,ACC-EQ-INDEX-04,INR,711790.0,711790.0,2026-08-06,SETTLEMENT,MATCHED,TRAIN
5241,TRD105112,ACC-EQ-INDEX-04,INR,2944845.0,2944845.0,2026-08-13,SETTLEMENT,MATCHED,TEST
5242,TRD105113,ACC-EQ-INDEX-04,INR,610460.0,610460.0,2026-08-22,SETTLEMENT,MATCHED,TRAIN
5243,TRD105113,ACC-EQ-INDEX-04,INR,610460.0,610460.0,2026-08-22,SETTLEMENT,MATCHED,TRAIN
5244,TRD105114,ACC-EQ-INDEX-04,INR,888015.0,888015.0,2026-08-22,SETTLEMENT,MATCHED,TEST
5245,TRD105115,ACC-EQ-INDEX-04,INR,848490.0,848490.0,2026-08-09,SETTLEMENT,MATCHED,TRAIN
5246,TRD105116,ACC-EQ-ALPHA-03,INR,12999180.0,12999180.0,2026-08-22,SETTLEMENT,MATCHED,TRAIN
5247,TRD105117,ACC-EQ-CORE-01,INR,2738500.0,2738500.0,2026-08-17,SETTLEMENT,MATCHED,TRAIN
5248,TRD105118,ACC-EQ-ALPHA-03,INR,2928120.0,2928120.0,2026-08-09,SETTLEMENT,MATCHED,TEST
5249,TRD105119,ACC-EQ-CORE-01,INR,17200.0,17200.0,2026-08-13,SETTLEMENT,MATCHED,TRAIN
5250,TRD105120,ACC-EQ-CORE-02,INR,367553.0,367553.0,2026-08-19,SETTLEMENT,MATCHED,TRAIN
5251,TRD105121,ACC-EQ-CORE-01,USD,267945.97,258885.0,2026-08-07,SETTLEMENT,MATCHED,TRAIN
5252,TRD105122,ACC-EQ-ALPHA-03,INR,2530605.0,2530605.0,2026-08-18,SETTLEMENT,MATCHED,TEST
5253,TRD105123,ACC-EQ-CORE-01,INR,234355.0,234355.0,2026-08-03,SETTLEMENT,MATCHED,TRAIN
5254,TRD105124,ACC-EQ-ALPHA-03,INR,4263705.0,4263705.0,2026-08-10,SETTLEMENT,MATCHED,TRAIN
5255,TRD105125,ACC-EQ-INDEX-04,INR,711967.5,711967.5,2026-08-18,SETTLEMENT,MATCHED,TRAIN
5256,TRD105126,ACC-EQ-ALPHA-03,INR,840875.0,840875.0,2026-08-14,SETTLEMENT,MATCHED,TEST
5257,TRD105127,ACC-EQ-CORE-02,INR,1867965.0,1867965.0,2026-08-03,SETTLEMENT,MATCHED,TEST
5258,TRD105128,ACC-EQ-INDEX-04,INR,343860.0,343860.0,2026-08-20,SETTLEMENT,MATCHED,TEST
5259,TRD105129,ACC-EQ-ALPHA-03,INR,4124650.0,4124650.0,2026-08-03,SETTLEMENT,MATCHED,TEST
5260,TRD105130,ACC-EQ-INDEX-04,INR,567370.0,567370.0,2026-08-22,SETTLEMENT,MATCHED,TRAIN
5261,TRD105131,ACC-EQ-CORE-01,INR,93950.0,93950.0,2026-08-21,SETTLEMENT,MATCHED,TRAIN
5262,TRD105132,ACC-EQ-INDEX-04,INR,931455.0,931455.0,2026-08-16,SETTLEMENT,MATCHED,TRAIN
5263,TRD105133,ACC-EQ-CORE-01,INR,1849200.0,1849200.0,2026-08-02,SETTLEMENT,MATCHED,TRAIN
5264,TRD105134,ACC-EQ-ALPHA-03,INR,622815.0,622815.0,2026-08-16,SETTLEMENT,MATCHED,TRAIN
5265,TRD105135,ACC-EQ-CORE-01,INR,1221040.0,1221040.0,2026-08-08,SETTLEMENT,MATCHED,TRAIN
5266,TRD105136,ACC-EQ-CORE-01,INR,488485.0,488485.0,2026-08-07,SETTLEMENT,MATCHED,TRAIN
5267,TRD105137,ACC-EQ-INDEX-04,INR,25916940.0,25916940.0,2026-08-17,SETTLEMENT,MATCHED,TRAIN
5268,TRD105138,ACC-EQ-CORE-02,INR,392866.0,392866.0,2026-08-21,SETTLEMENT,MATCHED,TEST
5269,TRD105139,ACC-EQ-CORE-02,INR,34616.0,34616.0,2026-08-20,SETTLEMENT,MATCHED,TRAIN
5270,TRD105140,ACC-EQ-ALPHA-03,INR,935480.0,935480.0,2026-08-21,SETTLEMENT,MATCHED,TRAIN
5271,TRD105141,ACC-EQ-INDEX-04,INR,306425.0,306425.0,2026-08-09,SETTLEMENT,MATCHED,TRAIN
5272,TRD105142,ACC-EQ-INDEX-04,INR,2862380.0,2862380.0,2026-08-18,SETTLEMENT,MATCHED,TRAIN
5273,TRD105143,ACC-EQ-ALPHA-03,INR,274911.0,274911.0,2026-08-14,SETTLEMENT,MATCHED,TRAIN
5274,TRD105144,ACC-EQ-INDEX-04,INR,17300.0,17300.0,2026-08-10,SETTLEMENT,MATCHED,TRAIN
5275,TRD105145,ACC-EQ-INDEX-04,INR,235065.0,235065.0,2026-08-22,SETTLEMENT,MATCHED,TRAIN
5276,TRD105146,ACC-EQ-ALPHA-03,INR,1845695.0,1845695.0,2026-08-09,SETTLEMENT,MATCHED,TRAIN
5277,TRD105147,ACC-EQ-ALPHA-03,INR,2523600.0,2523600.0,2026-08-12,SETTLEMENT,MATCHED,TEST
5278,TRD105148,ACC-EQ-INDEX-04,INR,9771765.0,9771765.0,2026-08-21,SETTLEMENT,MATCHED,TRAIN
5279,TRD105149,ACC-EQ-INDEX-04,INR,368436.0,368436.0,2026-08-08,SETTLEMENT,MATCHED,TRAIN
5280,TRD105150,ACC-EQ-CORE-01,INR,4130910.0,4130910.0,2026-08-10,SETTLEMENT,MATCHED,TRAIN
5281,TRD105151,ACC-EQ-ALPHA-03,INR,559359.5,470050.0,2026-08-18,SETTLEMENT,MATCHED,TRAIN
5282,TRD105152,ACC-EQ-CORE-02,INR,17254.0,17254.0,2026-08-20,SETTLEMENT,MATCHED,TRAIN
5283,TRD105153,ACC-EQ-ALPHA-03,INR,420775.0,420775.0,2026-08-03,SETTLEMENT,MATCHED,TRAIN
5284,TRD105154,ACC-EQ-CORE-01,INR,2840650.0,2840650.0,2026-08-21,SETTLEMENT,MATCHED,TRAIN
5285,TRD105155,ACC-EQ-CORE-02,INR,608270.0,608270.0,2026-08-22,SETTLEMENT,MATCHED,TRAIN
5286,TRD105156,ACC-EQ-CORE-02,INR,842825.0,842825.0,2026-08-21,SETTLEMENT,MATCHED,TRAIN
5287,TRD105157,ACC-EQ-CORE-01,INR,19441305.0,19441305.0,2026-08-02,SETTLEMENT,MATCHED,TRAIN
5288,TRD105158,ACC-EQ-CORE-02,INR,236766.0,236766.0,2026-08-10,SETTLEMENT,MATCHED,TRAIN
5289,TRD105159,ACC-EQ-ALPHA-03,INR,416815.0,416815.0,2026-08-06,SETTLEMENT,MATCHED,TRAIN
5290,TRD105160,ACC-EQ-CORE-02,INR,4100330.0,4100330.0,2026-08-11,SETTLEMENT,MATCHED,TRAIN
5291,TRD105161,ACC-EQ-CORE-02,INR,543791.78,489902.5,2026-08-14,SETTLEMENT,MATCHED,TEST
5292,TRD105162,ACC-EQ-CORE-02,INR,248860.0,248860.0,2026-08-03,SETTLEMENT,MATCHED,TEST
5293,TRD105163,ACC-EQ-INDEX-04,INR,172100.0,172100.0,2026-08-11,SETTLEMENT,MATCHED,TEST
5294,TRD105164,ACC-EQ-INDEX-04,INR,172350.0,172350.0,2026-08-17,SETTLEMENT,MATCHED,TRAIN
5295,TRD105165,ACC-EQ-ALPHA-03,INR,294387.5,294387.5,2026-08-12,SETTLEMENT,MATCHED,TRAIN
5296,TRD105166,ACC-EQ-CORE-02,INR,735108.0,735108.0,2026-08-04,SETTLEMENT,MATCHED,TRAIN
5297,TRD105167,ACC-EQ-ALPHA-03,INR,947650.0,947650.0,2026-08-06,SETTLEMENT,MATCHED,TRAIN
5298,TRD105168,ACC-EQ-ALPHA-03,INR,1184590.0,1184590.0,2026-08-05,SETTLEMENT,MATCHED,TRAIN
5299,TRD105169,ACC-EQ-INDEX-04,INR,12962490.0,12962490.0,2026-08-16,SETTLEMENT,MATCHED,TRAIN
5300,TRD105170,ACC-EQ-CORE-01,INR,846380.0,846380.0,2026-08-09,SETTLEMENT,MATCHED,TRAIN
5301,TRD105171,ACC-EQ-INDEX-04,INR,612460.0,612460.0,2026-08-10,SETTLEMENT,MATCHED,TRAIN
5302,TRD105172,ACC-EQ-ALPHA-03,INR,4100760.0,4100760.0,2026-08-11,SETTLEMENT,MATCHED,TRAIN
5303,TRD105173,ACC-EQ-CORE-02,INR,172860.0,172860.0,2026-08-18,SETTLEMENT,MATCHED,TRAIN
5304,TRD105174,ACC-EQ-ALPHA-03,INR,1865145.0,1865145.0,2026-08-03,SETTLEMENT,MATCHED,TRAIN
5305,TRD105175,ACC-EQ-ALPHA-03,INR,704025.0,704025.0,2026-08-13,SETTLEMENT,MATCHED,TEST
5306,TRD105176,ACC-EQ-CORE-02,INR,845670.0,845670.0,2026-08-04,SETTLEMENT,MATCHED,TRAIN
5307,TRD105177,ACC-EQ-INDEX-04,INR,940380.0,940380.0,2026-08-11,SETTLEMENT,MATCHED,TRAIN
5308,TRD105178,ACC-EQ-ALPHA-03,INR,344120.0,344120.0,2026-08-20,SETTLEMENT,MATCHED,TRAIN
5309,TRD105179,ACC-EQ-CORE-02,INR,34362.0,34362.0,2026-08-18,SETTLEMENT,MATCHED,TEST
5310,TRD105180,ACC-EQ-CORE-01,INR,305120.0,305120.0,2026-08-17,SETTLEMENT,MATCHED,TRAIN
5311,TRD105181,ACC-EQ-ALPHA-03,INR,46989.0,46989.0,2026-08-12,SETTLEMENT,MATCHED,TRAIN
5312,TRD105182,ACC-EQ-CORE-01,INR,1769700.0,1769700.0,2026-08-10,SETTLEMENT,MATCHED,TRAIN
5313,TRD105183,ACC-EQ-INDEX-04,INR,421322.5,421322.5,2026-08-20,SETTLEMENT,MATCHED,TRAIN
5314,TRD105184,ACC-EQ-ALPHA-03,INR,1028435.0,1028435.0,2026-08-20,SETTLEMENT,MATCHED,TRAIN
5315,TRD105185,ACC-EQ-ALPHA-03,INR,43232.5,43232.5,2026-08-15,SETTLEMENT,MATCHED,TEST
5316,TRD105186,ACC-EQ-INDEX-04,INR,1263030.0,1263030.0,2026-08-06,SETTLEMENT,MATCHED,TRAIN
5317,TRD105187,ACC-EQ-ALPHA-03,INR,3907380.0,3907380.0,2026-08-08,SETTLEMENT,MATCHED,TRAIN
5318,TRD105188,ACC-EQ-CORE-01,INR,2055765.0,2055765.0,2026-08-17,SETTLEMENT,MATCHED,TEST
5319,TRD105189,ACC-EQ-CORE-02,INR,637117.5,637117.5,2026-08-12,SETTLEMENT,MATCHED,TRAIN
5320,TRD105190,ACC-EQ-INDEX-04,INR,846640.0,846640.0,2026-08-12,SETTLEMENT,MATCHED,TRAIN
5321,TRD105191,ACC-EQ-ALPHA-03,INR,6211545.0,6211545.0,2026-08-08,SETTLEMENT,MATCHED,TRAIN
5322,TRD105192,ACC-EQ-ALPHA-03,INR,914745.0,914745.0,2026-08-03,SETTLEMENT,MATCHED,TEST
5323,TRD105193,ACC-EQ-CORE-01,INR,246994.0,246994.0,2026-08-15,SETTLEMENT,MATCHED,TEST
5324,TRD105194,ACC-EQ-INDEX-04,INR,334952.0,334952.0,2026-08-13,SETTLEMENT,MATCHED,TRAIN
5325,TRD105195,ACC-EQ-CORE-02,INR,683610.0,683610.0,2026-08-20,SETTLEMENT,MATCHED,TRAIN
5326,TRD105196,ACC-EQ-CORE-02,INR,2545410.0,2545410.0,2026-08-21,SETTLEMENT,MATCHED,TRAIN
5327,TRD105197,ACC-EQ-ALPHA-03,INR,2919945.0,2919945.0,2026-08-20,SETTLEMENT,MATCHED,TRAIN
5328,TRD105198,ACC-EQ-CORE-01,INR,411533.0,411533.0,2026-08-19,SETTLEMENT,MATCHED,TRAIN
5329,TRD105198,ACC-EQ-CORE-01,INR,411533.0,411533.0,2026-08-19,SETTLEMENT,MATCHED,TRAIN
5330,TRD105199,ACC-EQ-CORE-02,INR,4134810.0,4134810.0,2026-08-07,SETTLEMENT,MATCHED,TRAIN
5331,TRD105200,ACC-EQ-CORE-02,INR,123501.0,123501.0,2026-08-08,SETTLEMENT,MATCHED,TRAIN
5332,TRD105201,ACC-EQ-CORE-02,INR,1765830.0,1765830.0,2026-08-20,SETTLEMENT,MATCHED,TRAIN
5333,TRD105202,ACC-EQ-CORE-02,INR,978275.0,978275.0,2026-08-22,SETTLEMENT,MATCHED,TRAIN
5334,TRD105203,ACC-EQ-CORE-01,INR,1840595.0,1840595.0,2026-08-11,SETTLEMENT,MATCHED,TEST
5335,TRD105204,ACC-EQ-ALPHA-03,INR,5487480.0,5487480.0,2026-08-09,SETTLEMENT,MATCHED,TRAIN
5336,TRD105205,ACC-EQ-CORE-01,INR,61062.0,61062.0,2026-08-11,SETTLEMENT,MATCHED,TRAIN
5337,TRD105206,ACC-EQ-ALPHA-03,INR,310952.5,310952.5,2026-08-14,SETTLEMENT,MATCHED,TRAIN
5338,TRD105207,ACC-EQ-ALPHA-03,INR,310907.5,310907.5,2026-08-15,SETTLEMENT,MATCHED,TRAIN
5339,TRD105208,ACC-EQ-CORE-02,INR,2485280.0,2485280.0,2026-08-08,SETTLEMENT,MATCHED,TRAIN
5340,TRD105209,ACC-EQ-ALPHA-03,INR,1768725.0,1768725.0,2026-08-16,SETTLEMENT,MATCHED,TEST
5341,TRD105210,ACC-EQ-CORE-02,INR,3909200.0,3909200.0,2026-08-11,SETTLEMENT,MATCHED,TEST
5342,TRD105211,ACC-EQ-INDEX-04,INR,3386340.0,3386340.0,2026-08-11,SETTLEMENT,MATCHED,TEST
5343,TRD105212,ACC-EQ-INDEX-04,INR,2738720.0,2738720.0,2026-08-12,SETTLEMENT,MATCHED,TRAIN
5344,TRD105213,ACC-EQ-CORE-02,INR,309257.5,309257.5,2026-08-10,SETTLEMENT,MATCHED,TRAIN
5345,TRD105214,ACC-EQ-ALPHA-03,INR,275512.0,275512.0,2026-08-20,SETTLEMENT,MATCHED,TRAIN
5346,TRD105215,ACC-EQ-CORE-01,INR,2539845.0,2539845.0,2026-08-18,SETTLEMENT,MATCHED,TRAIN
5347,TRD105216,ACC-EQ-CORE-02,INR,3247482.5,3247482.5,2026-08-06,SETTLEMENT,MATCHED,TRAIN
5349,TRD105218,ACC-EQ-INDEX-04,INR,3357340.0,3357340.0,2026-08-10,SETTLEMENT,MATCHED,TRAIN
5350,TRD105219,ACC-EQ-ALPHA-03,INR,2512590.0,2512590.0,2026-08-11,SETTLEMENT,MATCHED,TRAIN
5351,TRD105220,ACC-EQ-ALPHA-03,INR,1831820.0,1831820.0,2026-08-10,SETTLEMENT,MATCHED,TRAIN
5352,TRD105221,ACC-EQ-INDEX-04,INR,1959140.0,1959140.0,2026-08-16,SETTLEMENT,MATCHED,TRAIN
5353,TRD105222,ACC-EQ-CORE-01,INR,25960620.0,25960620.0,2026-08-19,SETTLEMENT,MATCHED,TRAIN
5354,TRD105223,ACC-EQ-INDEX-04,INR,172170.0,172170.0,2026-08-06,SETTLEMENT,MATCHED,TRAIN
5355,TRD105223,ACC-EQ-INDEX-04,INR,172170.0,172170.0,2026-08-06,SETTLEMENT,MATCHED,TRAIN
5356,TRD105224,ACC-EQ-INDEX-04,INR,934702.5,934702.5,2026-08-10,SETTLEMENT,MATCHED,TRAIN
5357,TRD105225,ACC-EQ-ALPHA-03,INR,3763080.0,3763080.0,2026-08-15,SETTLEMENT,MATCHED,TRAIN
5358,TRD105225,ACC-EQ-ALPHA-03,INR,3763080.0,3763080.0,2026-08-15,SETTLEMENT,MATCHED,TRAIN
5359,TRD105226,ACC-EQ-CORE-01,INR,424420.0,424420.0,2026-08-10,SETTLEMENT,MATCHED,TEST
5360,TRD105227,ACC-EQ-INDEX-04,INR,308922.5,308922.5,2026-08-18,SETTLEMENT,MATCHED,TEST
5361,TRD105228,ACC-EQ-CORE-02,INR,94122.0,94122.0,2026-08-06,SETTLEMENT,MATCHED,TRAIN
5362,TRD105229,ACC-EQ-CORE-01,INR,824740.0,824740.0,2026-08-18,SETTLEMENT,MATCHED,TRAIN
5363,TRD105230,ACC-EQ-ALPHA-03,INR,1692550.0,1692550.0,2026-08-09,SETTLEMENT,MATCHED,TRAIN
5364,TRD105231,ACC-EQ-CORE-02,INR,570818.0,570818.0,2026-08-08,SETTLEMENT,MATCHED,TEST
5365,TRD105232,ACC-EQ-INDEX-04,INR,258450.0,258450.0,2026-08-08,SETTLEMENT,MATCHED,TRAIN
5366,TRD105233,ACC-EQ-CORE-01,INR,2051557.5,2051557.5,2026-08-08,SETTLEMENT,MATCHED,TRAIN
5367,TRD105234,ACC-EQ-CORE-01,INR,169750.0,169750.0,2026-08-18,SETTLEMENT,MATCHED,TEST
5368,TRD105235,ACC-EQ-CORE-01,INR,284661.0,284661.0,2026-08-06,SETTLEMENT,MATCHED,TRAIN
5369,TRD105236,ACC-EQ-INDEX-04,INR,1697960.0,1697960.0,2026-08-22,SETTLEMENT,MATCHED,TEST
5371,TRD105238,ACC-EQ-CORE-02,INR,1402229.7,1263270.0,2026-08-05,SETTLEMENT,MATCHED,TRAIN
5372,TRD105239,ACC-EQ-INDEX-04,INR,85830.0,85830.0,2026-08-02,SETTLEMENT,MATCHED,TRAIN
5373,TRD105240,ACC-EQ-CORE-01,INR,608050.0,608050.0,2026-08-03,SETTLEMENT,MATCHED,TRAIN
5374,TRD105241,ACC-EQ-INDEX-04,INR,296235.0,296235.0,2026-08-06,SETTLEMENT,MATCHED,TRAIN
5375,TRD105242,ACC-EQ-CORE-01,INR,1244570.0,1244570.0,2026-08-08,SETTLEMENT,MATCHED,TEST
5376,TRD105243,ACC-EQ-ALPHA-03,INR,235545.0,235545.0,2026-08-06,SETTLEMENT,MATCHED,TRAIN
5377,TRD105244,ACC-EQ-CORE-02,INR,1029605.0,1029605.0,2026-08-09,SETTLEMENT,MATCHED,TEST
5378,TRD105245,ACC-EQ-CORE-02,INR,3012883.65,2531835.0,2026-08-03,SETTLEMENT,MATCHED,TRAIN
5379,TRD105246,ACC-EQ-CORE-01,INR,339446.0,339446.0,2026-08-13,SETTLEMENT,MATCHED,TRAIN
5380,TRD105247,ACC-EQ-ALPHA-03,INR,684687.5,684687.5,2026-08-12,SETTLEMENT,MATCHED,TEST
5381,TRD105248,ACC-EQ-CORE-02,INR,3395680.0,3395680.0,2026-08-03,SETTLEMENT,MATCHED,TEST
5382,TRD105249,ACC-EQ-ALPHA-03,INR,3921080.0,3921080.0,2026-08-06,SETTLEMENT,MATCHED,TRAIN
5383,TRD105250,ACC-EQ-INDEX-04,INR,286160.0,286160.0,2026-08-13,SETTLEMENT,MATCHED,TRAIN
5384,TRD105251,ACC-EQ-CORE-01,INR,4279125.0,4279125.0,2026-08-12,SETTLEMENT,MATCHED,TRAIN
5385,TRD105251,ACC-EQ-CORE-01,INR,4279125.0,4279125.0,2026-08-12,SETTLEMENT,MATCHED,TRAIN
5386,TRD105252,ACC-EQ-INDEX-04,INR,378808.0,378808.0,2026-08-04,SETTLEMENT,MATCHED,TRAIN
5387,TRD105253,ACC-EQ-CORE-02,INR,689637.5,689637.5,2026-08-13,SETTLEMENT,MATCHED,TRAIN
5388,TRD105254,ACC-EQ-ALPHA-03,INR,2844020.0,2844020.0,2026-08-11,SETTLEMENT,MATCHED,TRAIN
5389,TRD105255,ACC-EQ-ALPHA-03,INR,19437060.0,19437060.0,2026-08-03,SETTLEMENT,MATCHED,TRAIN
5390,TRD105255,ACC-EQ-ALPHA-03,INR,19437060.0,19437060.0,2026-08-03,SETTLEMENT,MATCHED,TRAIN
5391,TRD105256,ACC-EQ-CORE-02,INR,378840.0,378840.0,2026-08-09,SETTLEMENT,MATCHED,TRAIN
5392,TRD105257,ACC-EQ-ALPHA-03,INR,2840655.0,2840655.0,2026-08-15,SETTLEMENT,MATCHED,TRAIN
5394,TRD105259,ACC-EQ-CORE-01,INR,822692.0,822692.0,2026-08-11,SETTLEMENT,MATCHED,TRAIN
5395,TRD105260,ACC-EQ-INDEX-04,INR,412515.0,412515.0,2026-08-08,SETTLEMENT,MATCHED,TRAIN
5396,TRD105260,ACC-EQ-INDEX-04,INR,412515.0,412515.0,2026-08-08,SETTLEMENT,MATCHED,TRAIN
5397,TRD105261,ACC-EQ-CORE-02,INR,304335.0,304335.0,2026-08-15,SETTLEMENT,MATCHED,TRAIN
5398,TRD105262,ACC-EQ-ALPHA-03,INR,1694720.0,1694720.0,2026-08-13,SETTLEMENT,MATCHED,TRAIN
5399,TRD105263,ACC-EQ-CORE-01,INR,46657.0,46657.0,2026-08-19,SETTLEMENT,MATCHED,TRAIN
5400,TRD105264,ACC-EQ-CORE-02,INR,2053710.0,2053710.0,2026-08-16,SETTLEMENT,MATCHED,TRAIN
5402,TRD105266,ACC-EQ-CORE-02,INR,3239840.0,3239840.0,2026-08-21,SETTLEMENT,MATCHED,TEST
5403,TRD105267,ACC-EQ-ALPHA-03,INR,343500.0,343500.0,2026-08-22,SETTLEMENT,MATCHED,TRAIN
5404,TRD105268,ACC-EQ-ALPHA-03,INR,735692.0,735692.0,2026-08-21,SETTLEMENT,MATCHED,TRAIN
5406,TRD105270,ACC-EQ-ALPHA-03,INR,551762.0,551762.0,2026-08-13,SETTLEMENT,MATCHED,TRAIN
5407,TRD105271,ACC-EQ-CORE-02,INR,4122795.0,4122795.0,2026-08-19,SETTLEMENT,MATCHED,TRAIN
5408,TRD105272,ACC-EQ-INDEX-04,INR,235610.0,235610.0,2026-08-14,SETTLEMENT,MATCHED,TRAIN
5410,TRD105274,ACC-EQ-CORE-02,INR,173020.0,173020.0,2026-08-12,SETTLEMENT,MATCHED,TRAIN
5411,TRD105275,ACC-EQ-CORE-01,GBP,45088.32,46967.0,2026-08-14,SETTLEMENT,MATCHED,TEST
5412,TRD105276,ACC-EQ-ALPHA-03,INR,424160.0,424160.0,2026-08-17,SETTLEMENT,MATCHED,TEST
5413,TRD105277,ACC-EQ-CORE-02,INR,472340.0,472340.0,2026-08-20,SETTLEMENT,MATCHED,TRAIN
5414,TRD105278,ACC-EQ-INDEX-04,INR,716032.5,716032.5,2026-08-22,SETTLEMENT,MATCHED,TRAIN
5415,TRD105279,ACC-EQ-CORE-01,INR,6181905.0,6181905.0,2026-08-02,SETTLEMENT,MATCHED,TRAIN
5416,TRD105280,ACC-EQ-CORE-01,INR,589745.0,589745.0,2026-08-02,SETTLEMENT,MATCHED,TRAIN
5417,TRD105281,ACC-EQ-INDEX-04,INR,1302083.0,1302083.0,2026-08-04,SETTLEMENT,MATCHED,TEST
5418,TRD105282,ACC-EQ-INDEX-04,INR,1432300.0,1432300.0,2026-08-17,SETTLEMENT,MATCHED,TEST
5419,TRD105283,ACC-EQ-INDEX-04,INR,367444.0,367444.0,2026-08-18,SETTLEMENT,MATCHED,TRAIN
5420,TRD105284,ACC-EQ-INDEX-04,INR,26033960.0,26033960.0,2026-08-04,SETTLEMENT,MATCHED,TEST
5421,TRD105285,ACC-EQ-ALPHA-03,INR,915585.0,915585.0,2026-08-05,SETTLEMENT,MATCHED,TRAIN
5422,TRD105286,ACC-EQ-INDEX-04,INR,2927850.0,2927850.0,2026-08-02,SETTLEMENT,MATCHED,TRAIN
5423,TRD105287,ACC-EQ-CORE-01,INR,1964730.0,1964730.0,2026-08-13,SETTLEMENT,MATCHED,TRAIN
5424,TRD105288,ACC-EQ-ALPHA-03,INR,188754.0,188754.0,2026-08-05,SETTLEMENT,MATCHED,TEST
5425,TRD105289,ACC-EQ-CORE-02,INR,3360360.0,3360360.0,2026-08-18,SETTLEMENT,MATCHED,TRAIN
5426,TRD105290,ACC-EQ-INDEX-04,INR,285039.0,285039.0,2026-08-05,SETTLEMENT,MATCHED,TRAIN
5427,TRD105291,ACC-EQ-CORE-01,INR,259035.0,259035.0,2026-08-08,SETTLEMENT,MATCHED,TEST
5428,TRD105292,ACC-EQ-INDEX-04,INR,122058.0,122058.0,2026-08-17,SETTLEMENT,MATCHED,TRAIN
5429,TRD105293,ACC-EQ-ALPHA-03,INR,938800.0,938800.0,2026-08-13,SETTLEMENT,MATCHED,TRAIN
5430,TRD105294,ACC-EQ-INDEX-04,INR,836535.0,836535.0,2026-08-21,SETTLEMENT,MATCHED,TEST
5431,TRD105295,ACC-EQ-CORE-02,INR,1883580.0,1883580.0,2026-08-03,SETTLEMENT,MATCHED,TRAIN
5432,TRD105296,ACC-EQ-CORE-01,INR,919110.0,919110.0,2026-08-15,SETTLEMENT,MATCHED,TRAIN
5434,TRD105298,ACC-EQ-CORE-01,INR,1670830.0,1670830.0,2026-08-03,SETTLEMENT,MATCHED,TRAIN
5435,TRD105299,ACC-EQ-INDEX-04,INR,5494320.0,5494320.0,2026-08-03,SETTLEMENT,MATCHED,TRAIN
5436,TRD105300,ACC-EQ-ALPHA-03,INR,6027836.4,7351020.0,2026-08-09,SETTLEMENT,MATCHED,TRAIN
5437,TRD105301,ACC-EQ-ALPHA-03,INR,420712.5,420712.5,2026-08-21,SETTLEMENT,MATCHED,TEST
5438,TRD105302,ACC-EQ-CORE-02,INR,3151759.0,2481700.0,2026-08-05,SETTLEMENT,MATCHED,TRAIN
5439,TRD105303,ACC-EQ-INDEX-04,INR,588890.0,588890.0,2026-08-13,SETTLEMENT,MATCHED,TEST
5440,TRD105304,ACC-EQ-CORE-02,INR,295950.0,295950.0,2026-08-06,SETTLEMENT,MATCHED,TEST
5441,TRD105305,ACC-EQ-CORE-02,INR,937900.0,937900.0,2026-08-12,SETTLEMENT,MATCHED,TRAIN
5442,TRD105306,ACC-EQ-CORE-01,INR,3906460.0,3906460.0,2026-08-22,SETTLEMENT,MATCHED,TRAIN
5443,TRD105307,ACC-EQ-INDEX-04,INR,1694460.0,1694460.0,2026-08-17,SETTLEMENT,MATCHED,TRAIN
5444,TRD105308,ACC-EQ-ALPHA-03,INR,350632.5,350632.5,2026-08-06,SETTLEMENT,MATCHED,TEST
5445,TRD105309,ACC-EQ-CORE-01,INR,1237160.0,1237160.0,2026-08-09,SETTLEMENT,MATCHED,TRAIN
5446,TRD105310,ACC-EQ-CORE-02,INR,610320.0,610320.0,2026-08-03,SETTLEMENT,MATCHED,TRAIN
5447,TRD105311,ACC-EQ-CORE-02,INR,189255.0,189255.0,2026-08-18,SETTLEMENT,MATCHED,TRAIN
5448,TRD105312,ACC-EQ-CORE-02,INR,1179670.0,1179670.0,2026-08-13,SETTLEMENT,MATCHED,TRAIN
5449,TRD105313,ACC-EQ-INDEX-04,INR,838240.0,838240.0,2026-08-15,SETTLEMENT,MATCHED,TRAIN
5450,TRD105314,ACC-EQ-ALPHA-03,INR,2845500.0,2845500.0,2026-08-14,SETTLEMENT,MATCHED,TRAIN
5451,TRD105315,ACC-EQ-CORE-01,INR,2054385.0,2054385.0,2026-08-05,SETTLEMENT,MATCHED,TRAIN
5452,TRD105316,ACC-EQ-ALPHA-03,INR,311310.0,311310.0,2026-08-20,SETTLEMENT,MATCHED,TRAIN
5453,TRD105317,ACC-EQ-CORE-01,EUR,649094.85,636367.5,2026-08-06,SETTLEMENT,MATCHED,TRAIN
5454,TRD105318,ACC-EQ-INDEX-04,INR,2596128.0,2596128.0,2026-08-22,SETTLEMENT,MATCHED,TRAIN
5455,TRD105319,ACC-EQ-CORE-02,INR,419900.0,419900.0,2026-08-22,SETTLEMENT,MATCHED,TRAIN
5456,TRD105320,ACC-EQ-CORE-01,INR,467540.0,467540.0,2026-08-11,SETTLEMENT,MATCHED,TRAIN
5457,TRD105321,ACC-EQ-ALPHA-03,INR,4129680.0,4129680.0,2026-08-03,SETTLEMENT,MATCHED,TRAIN
5458,TRD105322,ACC-EQ-ALPHA-03,INR,1262730.0,1262730.0,2026-08-04,SETTLEMENT,MATCHED,TRAIN
5459,TRD105323,ACC-EQ-ALPHA-03,INR,421762.5,421762.5,2026-08-12,SETTLEMENT,MATCHED,TRAIN
5460,TRD105324,ACC-EQ-ALPHA-03,INR,189809.0,189809.0,2026-08-05,SETTLEMENT,MATCHED,TRAIN
5461,TRD105325,ACC-EQ-CORE-02,INR,4123470.0,4123470.0,2026-08-07,SETTLEMENT,MATCHED,TRAIN
5462,TRD105326,ACC-EQ-CORE-02,INR,5720180.0,5720180.0,2026-08-04,SETTLEMENT,MATCHED,TRAIN
5463,TRD105327,ACC-EQ-ALPHA-03,INR,1254952.5,1254952.5,2026-08-03,SETTLEMENT,MATCHED,TRAIN
5464,TRD105328,ACC-EQ-CORE-01,INR,46994.0,46994.0,2026-08-03,SETTLEMENT,MATCHED,TRAIN
5465,TRD105329,ACC-EQ-CORE-01,INR,34336.0,34336.0,2026-08-20,SETTLEMENT,MATCHED,TEST
5466,TRD105330,ACC-EQ-CORE-01,INR,1669060.0,1669060.0,2026-08-10,SETTLEMENT,MATCHED,TRAIN
5467,TRD105331,ACC-EQ-INDEX-04,INR,710240.0,710240.0,2026-08-22,SETTLEMENT,MATCHED,TRAIN
5468,TRD105332,ACC-EQ-ALPHA-03,INR,337684.0,337684.0,2026-08-03,SETTLEMENT,MATCHED,TRAIN
5469,TRD105333,ACC-EQ-CORE-01,INR,248232.0,248232.0,2026-08-12,SETTLEMENT,MATCHED,TRAIN
5470,TRD105334,ACC-EQ-CORE-01,INR,837055.0,837055.0,2026-08-13,SETTLEMENT,MATCHED,TRAIN
5471,TRD105335,ACC-EQ-ALPHA-03,INR,3697830.0,3697830.0,2026-08-21,SETTLEMENT,MATCHED,TEST
5472,TRD105336,ACC-EQ-CORE-01,INR,610670.0,610670.0,2026-08-16,SETTLEMENT,MATCHED,TEST
5473,TRD105337,ACC-EQ-ALPHA-03,INR,1221300.0,1221300.0,2026-08-20,SETTLEMENT,MATCHED,TRAIN
5474,TRD105338,ACC-EQ-CORE-01,INR,458190.0,458190.0,2026-08-07,SETTLEMENT,MATCHED,TRAIN
5475,TRD105339,ACC-EQ-ALPHA-03,INR,1461787.5,1461787.5,2026-08-20,SETTLEMENT,MATCHED,TRAIN
5476,TRD105340,ACC-EQ-ALPHA-03,INR,247624.0,247624.0,2026-08-04,SETTLEMENT,MATCHED,TRAIN
5477,TRD105341,ACC-EQ-INDEX-04,INR,86295.0,86295.0,2026-08-11,SETTLEMENT,MATCHED,TRAIN
5478,TRD105342,ACC-EQ-CORE-01,INR,189797.0,189797.0,2026-08-07,SETTLEMENT,MATCHED,TRAIN
5479,TRD105343,ACC-EQ-ALPHA-03,INR,353047.5,353047.5,2026-08-06,SETTLEMENT,MATCHED,TRAIN
5480,TRD105344,ACC-EQ-CORE-01,INR,2533140.0,2533140.0,2026-08-21,SETTLEMENT,MATCHED,TRAIN
5481,TRD105345,ACC-EQ-CORE-02,INR,117740.0,117740.0,2026-08-21,SETTLEMENT,MATCHED,TRAIN
5482,TRD105346,ACC-EQ-ALPHA-03,INR,471010.0,471010.0,2026-08-05,SETTLEMENT,MATCHED,TRAIN
5483,TRD105347,ACC-EQ-CORE-02,INR,122676.0,122676.0,2026-08-12,SETTLEMENT,MATCHED,TRAIN
5484,TRD105348,ACC-EQ-CORE-01,INR,369459.0,369459.0,2026-08-05,SETTLEMENT,MATCHED,TEST
5485,TRD105349,ACC-EQ-CORE-02,INR,42990.0,42990.0,2026-08-13,SETTLEMENT,MATCHED,TRAIN
5486,TRD105350,ACC-EQ-CORE-02,INR,310335.0,310335.0,2026-08-02,SETTLEMENT,MATCHED,TRAIN
5487,TRD105351,ACC-EQ-CORE-01,INR,129202.5,129202.5,2026-08-14,SETTLEMENT,MATCHED,TRAIN
5488,TRD105352,ACC-EQ-CORE-02,INR,867457.62,683037.5,2026-08-06,SETTLEMENT,MATCHED,TEST
5489,TRD105353,ACC-EQ-INDEX-04,INR,945500.0,945500.0,2026-08-16,SETTLEMENT,MATCHED,TRAIN
5490,TRD105354,ACC-EQ-CORE-02,INR,168720.0,168720.0,2026-08-06,SETTLEMENT,MATCHED,TEST
5491,TRD105355,ACC-EQ-CORE-01,INR,2939655.0,2939655.0,2026-08-17,SETTLEMENT,MATCHED,TRAIN
5492,TRD105356,ACC-EQ-ALPHA-03,INR,116727.5,116727.5,2026-08-16,SETTLEMENT,MATCHED,TRAIN
5493,TRD105357,ACC-EQ-CORE-02,INR,2066257.5,2066257.5,2026-08-03,SETTLEMENT,MATCHED,TRAIN
5494,TRD105358,ACC-EQ-CORE-01,INR,61268.0,61268.0,2026-08-13,SETTLEMENT,MATCHED,TRAIN
5495,TRD105359,ACC-EQ-ALPHA-03,INR,43020.0,43020.0,2026-08-16,SETTLEMENT,MATCHED,TRAIN
5496,TRD105360,ACC-EQ-CORE-02,INR,2831100.0,2831100.0,2026-08-04,SETTLEMENT,MATCHED,TRAIN
5497,TRD105361,ACC-EQ-ALPHA-03,INR,705120.0,705120.0,2026-08-09,SETTLEMENT,MATCHED,TEST
5498,TRD105362,ACC-EQ-CORE-02,INR,336062.0,336062.0,2026-08-07,SETTLEMENT,MATCHED,TRAIN
5499,TRD105363,ACC-EQ-INDEX-04,INR,982450.0,982450.0,2026-08-22,SETTLEMENT,MATCHED,TRAIN
5500,TRD105364,ACC-EQ-CORE-02,INR,367934.0,367934.0,2026-08-03,SETTLEMENT,MATCHED,TEST
5501,TRD105365,ACC-EQ-ALPHA-03,INR,2018025.8,1695820.0,2026-08-09,SETTLEMENT,MATCHED,TEST
5502,TRD105366,ACC-EQ-CORE-02,INR,826008.0,826008.0,2026-08-20,SETTLEMENT,MATCHED,TRAIN
5503,TRD105367,ACC-EQ-INDEX-04,INR,976080.0,976080.0,2026-08-11,SETTLEMENT,MATCHED,TRAIN
5504,TRD105368,ACC-EQ-INDEX-04,INR,84826.0,84826.0,2026-08-22,SETTLEMENT,MATCHED,TRAIN
5505,TRD105369,ACC-EQ-ALPHA-03,INR,84749.0,84749.0,2026-08-19,SETTLEMENT,MATCHED,TRAIN
5506,TRD105370,ACC-EQ-INDEX-04,INR,1674460.0,1674460.0,2026-08-18,SETTLEMENT,MATCHED,TRAIN
5507,TRD105371,ACC-EQ-ALPHA-03,INR,547680.0,547680.0,2026-08-02,SETTLEMENT,MATCHED,TRAIN
5508,TRD105372,ACC-EQ-CORE-02,INR,885652.5,885652.5,2026-08-13,SETTLEMENT,MATCHED,TRAIN
5509,TRD105373,ACC-EQ-CORE-02,INR,172590.0,172590.0,2026-08-12,SETTLEMENT,MATCHED,TRAIN
5510,TRD105374,ACC-EQ-ALPHA-03,INR,61183.0,61183.0,2026-08-21,SETTLEMENT,MATCHED,TRAIN
5511,TRD105375,ACC-EQ-CORE-01,INR,6163080.0,6163080.0,2026-08-13,SETTLEMENT,MATCHED,TRAIN
5512,TRD105376,ACC-EQ-CORE-02,INR,1770345.0,1770345.0,2026-08-12,SETTLEMENT,MATCHED,TRAIN
5513,TRD105377,ACC-EQ-ALPHA-03,INR,2519235.0,2519235.0,2026-08-21,SETTLEMENT,MATCHED,TRAIN
5514,TRD105378,ACC-EQ-CORE-02,INR,248138.0,248138.0,2026-08-17,SETTLEMENT,MATCHED,TRAIN
5515,TRD105379,ACC-EQ-INDEX-04,INR,309950.0,309950.0,2026-08-17,SETTLEMENT,MATCHED,TRAIN
5516,TRD105380,ACC-EQ-CORE-01,INR,306345.0,306345.0,2026-08-07,SETTLEMENT,MATCHED,TRAIN
5517,TRD105381,ACC-EQ-CORE-02,INR,735598.0,735598.0,2026-08-18,SETTLEMENT,MATCHED,TRAIN
5518,TRD105382,ACC-EQ-CORE-01,INR,9752010.0,9752010.0,2026-08-12,SETTLEMENT,MATCHED,TRAIN
5519,TRD105383,ACC-EQ-INDEX-04,INR,43087.5,43087.5,2026-08-12,SETTLEMENT,MATCHED,TRAIN
5520,TRD105384,ACC-EQ-CORE-01,INR,5512680.0,5512680.0,2026-08-08,SETTLEMENT,MATCHED,TRAIN
5521,TRD105385,ACC-EQ-INDEX-04,INR,588580.0,588580.0,2026-08-05,SETTLEMENT,MATCHED,TEST
5522,TRD105386,ACC-EQ-ALPHA-03,INR,168050.0,168050.0,2026-08-12,SETTLEMENT,MATCHED,TRAIN
5523,TRD105387,ACC-EQ-CORE-01,INR,1429725.0,1429725.0,2026-08-19,SETTLEMENT,MATCHED,TRAIN
5524,TRD105388,ACC-EQ-CORE-01,INR,913680.0,913680.0,2026-08-13,SETTLEMENT,MATCHED,TRAIN
5525,TRD105389,ACC-EQ-ALPHA-03,INR,17181.0,17181.0,2026-08-18,SETTLEMENT,MATCHED,TEST
5526,TRD105390,ACC-EQ-CORE-01,INR,455580.0,455580.0,2026-08-04,SETTLEMENT,MATCHED,TEST
5527,TRD105391,ACC-EQ-INDEX-04,INR,2773155.0,2773155.0,2026-08-04,SETTLEMENT,MATCHED,TEST
5528,TRD105392,ACC-EQ-INDEX-04,INR,1237938.85,974755.0,2026-08-04,SETTLEMENT,MATCHED,TRAIN
5529,TRD105393,ACC-EQ-ALPHA-03,INR,420737.5,420737.5,2026-08-10,SETTLEMENT,MATCHED,TEST
5530,TRD105394,ACC-EQ-CORE-02,INR,621790.0,621790.0,2026-08-11,SETTLEMENT,MATCHED,TRAIN
5531,TRD105395,ACC-EQ-ALPHA-03,INR,4269810.0,4269810.0,2026-08-03,SETTLEMENT,MATCHED,TRAIN
5532,TRD105396,ACC-EQ-CORE-02,INR,567318.0,567318.0,2026-08-11,SETTLEMENT,MATCHED,TEST
5533,TRD105397,ACC-EQ-ALPHA-03,INR,1672960.0,1672960.0,2026-08-16,SETTLEMENT,MATCHED,TRAIN
5534,TRD105398,ACC-EQ-CORE-02,INR,5715820.0,5715820.0,2026-08-06,SETTLEMENT,MATCHED,TEST
5535,TRD105398,ACC-EQ-CORE-02,INR,5715820.0,5715820.0,2026-08-06,SETTLEMENT,MATCHED,TEST
5536,TRD105399,ACC-EQ-CORE-01,INR,1179340.0,1179340.0,2026-08-16,SETTLEMENT,MATCHED,TRAIN
5537,TRD105400,ACC-EQ-INDEX-04,INR,338792.0,338792.0,2026-08-21,SETTLEMENT,MATCHED,TEST
5538,TRD105401,ACC-EQ-CORE-01,INR,703185.0,703185.0,2026-08-16,SETTLEMENT,MATCHED,TRAIN
5539,TRD105402,ACC-EQ-CORE-02,INR,7357700.0,7357700.0,2026-08-04,SETTLEMENT,MATCHED,TRAIN
5540,TRD105403,ACC-EQ-CORE-02,INR,1842185.0,1842185.0,2026-08-22,SETTLEMENT,MATCHED,TRAIN
5541,TRD105404,ACC-EQ-CORE-01,INR,2474780.0,2474780.0,2026-08-10,SETTLEMENT,MATCHED,TEST
5542,TRD105405,ACC-EQ-CORE-01,INR,847620.0,847620.0,2026-08-15,SETTLEMENT,MATCHED,TRAIN
5543,TRD105406,ACC-EQ-CORE-01,INR,6475760.0,6475760.0,2026-08-19,SETTLEMENT,MATCHED,TEST
5544,TRD105407,ACC-EQ-CORE-01,INR,1775310.0,1775310.0,2026-08-03,SETTLEMENT,MATCHED,TRAIN
5545,TRD105408,ACC-EQ-CORE-02,INR,345960.0,345960.0,2026-08-18,SETTLEMENT,MATCHED,TRAIN
5546,TRD105409,ACC-EQ-CORE-02,INR,2738420.0,2738420.0,2026-08-14,SETTLEMENT,MATCHED,TRAIN
5547,TRD105410,ACC-EQ-CORE-02,INR,636277.5,636277.5,2026-08-21,SETTLEMENT,MATCHED,TRAIN
5548,TRD105411,ACC-EQ-CORE-01,INR,93944.0,93944.0,2026-08-12,SETTLEMENT,MATCHED,TEST
5549,TRD105412,ACC-EQ-CORE-02,INR,1681020.0,1681020.0,2026-08-16,SETTLEMENT,MATCHED,TEST
5550,TRD105413,ACC-EQ-CORE-02,INR,1226360.0,1226360.0,2026-08-04,SETTLEMENT,MATCHED,TEST
5551,TRD105414,ACC-EQ-ALPHA-03,INR,2751442.5,2751442.5,2026-08-13,SETTLEMENT,MATCHED,TRAIN
5552,TRD105415,ACC-EQ-CORE-01,INR,1375185.0,1375185.0,2026-08-10,SETTLEMENT,MATCHED,TRAIN
5553,TRD105416,ACC-EQ-CORE-02,INR,4116585.0,4116585.0,2026-08-18,SETTLEMENT,MATCHED,TEST
5554,TRD105417,ACC-EQ-CORE-01,INR,550560.0,550560.0,2026-08-03,SETTLEMENT,MATCHED,TRAIN
5555,TRD105418,ACC-EQ-CORE-01,INR,687630.0,687630.0,2026-08-02,SETTLEMENT,MATCHED,TRAIN
5556,TRD105419,ACC-EQ-INDEX-04,INR,94236.0,94236.0,2026-08-07,SETTLEMENT,MATCHED,TRAIN
5557,TRD105420,ACC-EQ-CORE-01,INR,1219080.0,1219080.0,2026-08-17,SETTLEMENT,MATCHED,TRAIN
5558,TRD105421,ACC-EQ-INDEX-04,INR,413940.0,413940.0,2026-08-11,SETTLEMENT,MATCHED,TRAIN
5559,TRD105422,ACC-EQ-CORE-02,INR,93800.0,93800.0,2026-08-10,SETTLEMENT,MATCHED,TRAIN
5560,TRD105423,ACC-EQ-ALPHA-03,INR,1414897.5,1414897.5,2026-08-17,SETTLEMENT,MATCHED,TEST
5561,TRD105424,ACC-EQ-INDEX-04,INR,93418.0,93418.0,2026-08-02,SETTLEMENT,MATCHED,TRAIN
5562,TRD105425,ACC-EQ-INDEX-04,GBP,262868.16,273821.0,2026-08-07,SETTLEMENT,MATCHED,TEST
5563,TRD105426,ACC-EQ-INDEX-04,INR,458490.0,458490.0,2026-08-09,SETTLEMENT,MATCHED,TRAIN
5564,TRD105427,ACC-EQ-INDEX-04,INR,1422547.5,1422547.5,2026-08-15,SETTLEMENT,MATCHED,TRAIN
5565,TRD105428,ACC-EQ-ALPHA-03,INR,118326.0,118326.0,2026-08-22,SETTLEMENT,MATCHED,TRAIN
5566,TRD105429,ACC-EQ-CORE-02,INR,738258.0,738258.0,2026-08-16,SETTLEMENT,MATCHED,TRAIN
5567,TRD105430,ACC-EQ-CORE-01,INR,421685.0,421685.0,2026-08-02,SETTLEMENT,MATCHED,TRAIN
5568,TRD105431,ACC-EQ-ALPHA-03,INR,85845.0,85845.0,2026-08-18,SETTLEMENT,MATCHED,TRAIN
5569,TRD105432,ACC-EQ-INDEX-04,INR,941215.0,941215.0,2026-08-10,SETTLEMENT,MATCHED,TRAIN
5570,TRD105433,ACC-EQ-CORE-01,INR,821398.0,821398.0,2026-08-13,SETTLEMENT,MATCHED,TRAIN
5571,TRD105434,ACC-EQ-ALPHA-03,INR,284325.0,284325.0,2026-08-09,SETTLEMENT,MATCHED,TRAIN
5572,TRD105435,ACC-EQ-INDEX-04,INR,152365.0,152365.0,2026-08-14,SETTLEMENT,MATCHED,TRAIN
5573,TRD105436,ACC-EQ-CORE-01,INR,2842230.0,2842230.0,2026-08-06,SETTLEMENT,MATCHED,TRAIN
5574,TRD105437,ACC-EQ-CORE-01,INR,333610.0,333610.0,2026-08-12,SETTLEMENT,MATCHED,TRAIN
5575,TRD105438,ACC-EQ-CORE-01,INR,412652.0,412652.0,2026-08-02,SETTLEMENT,MATCHED,TRAIN
5576,TRD105439,ACC-EQ-CORE-02,INR,2065260.0,2065260.0,2026-08-22,SETTLEMENT,MATCHED,TEST
5577,TRD105440,ACC-EQ-CORE-01,INR,274177.0,274177.0,2026-08-06,SETTLEMENT,MATCHED,TRAIN
5579,TRD105442,ACC-EQ-INDEX-04,INR,6493930.0,6493930.0,2026-08-06,SETTLEMENT,MATCHED,TRAIN
5580,TRD105443,ACC-EQ-ALPHA-03,INR,6156930.0,6156930.0,2026-08-12,SETTLEMENT,MATCHED,TEST
5581,TRD105444,ACC-EQ-ALPHA-03,INR,152455.0,152455.0,2026-08-04,SETTLEMENT,MATCHED,TEST
5582,TRD105445,ACC-EQ-CORE-02,INR,422540.0,422540.0,2026-08-12,SETTLEMENT,MATCHED,TRAIN
5583,TRD105446,ACC-EQ-CORE-01,INR,922060.0,922060.0,2026-08-21,SETTLEMENT,MATCHED,TRAIN
5584,TRD105447,ACC-EQ-CORE-02,INR,934950.0,934950.0,2026-08-07,SETTLEMENT,MATCHED,TRAIN
5585,TRD105448,ACC-EQ-CORE-01,INR,846390.0,846390.0,2026-08-13,SETTLEMENT,MATCHED,TRAIN
5586,TRD105449,ACC-EQ-CORE-01,INR,1963050.0,1963050.0,2026-08-07,SETTLEMENT,MATCHED,TEST
5587,TRD105450,ACC-EQ-CORE-01,INR,5690520.0,5690520.0,2026-08-17,SETTLEMENT,MATCHED,TEST
5588,TRD105451,ACC-EQ-ALPHA-03,INR,1370890.0,1370890.0,2026-08-11,SETTLEMENT,MATCHED,TEST
5589,TRD105452,ACC-EQ-ALPHA-03,INR,2258074.0,2481400.0,2026-08-17,SETTLEMENT,MATCHED,TRAIN
5591,TRD105454,ACC-EQ-CORE-01,INR,1271692.5,1271692.5,2026-08-03,SETTLEMENT,MATCHED,TRAIN
5592,TRD105455,ACC-EQ-CORE-02,INR,294737.5,294737.5,2026-08-19,SETTLEMENT,MATCHED,TRAIN
5594,TRD105457,ACC-EQ-CORE-01,INR,129532.5,129532.5,2026-08-14,SETTLEMENT,MATCHED,TRAIN
5595,TRD105458,ACC-EQ-INDEX-04,INR,413665.0,413665.0,2026-08-10,SETTLEMENT,MATCHED,TRAIN
5596,TRD105459,ACC-EQ-CORE-02,INR,12947980.0,12947980.0,2026-08-13,SETTLEMENT,MATCHED,TRAIN
5597,TRD105460,ACC-EQ-CORE-02,INR,571558.0,571558.0,2026-08-03,SETTLEMENT,MATCHED,TRAIN
5598,TRD105461,ACC-EQ-CORE-02,INR,9731955.0,9731955.0,2026-08-16,SETTLEMENT,MATCHED,TRAIN
5599,TRD105462,ACC-EQ-INDEX-04,INR,1893480.0,1893480.0,2026-08-05,SETTLEMENT,MATCHED,TRAIN
5600,TRD105463,ACC-EQ-CORE-02,INR,335662.0,335662.0,2026-08-03,SETTLEMENT,MATCHED,TRAIN
5601,TRD105464,ACC-EQ-CORE-02,USD,1500245.25,1428805.0,2026-08-20,SETTLEMENT,MATCHED,TRAIN
5602,TRD105465,ACC-EQ-CORE-02,INR,310075.0,310075.0,2026-08-20,SETTLEMENT,MATCHED,TRAIN
5603,TRD105466,ACC-EQ-ALPHA-03,INR,339048.0,339048.0,2026-08-17,SETTLEMENT,MATCHED,TRAIN
5604,TRD105467,ACC-EQ-ALPHA-03,INR,457012.5,457012.5,2026-08-11,SETTLEMENT,MATCHED,TRAIN
5605,TRD105468,ACC-EQ-INDEX-04,INR,26020500.0,26020500.0,2026-08-05,SETTLEMENT,MATCHED,TRAIN
5606,TRD105469,ACC-EQ-CORE-02,INR,122062.0,122062.0,2026-08-11,SETTLEMENT,MATCHED,TRAIN
5607,TRD105470,ACC-EQ-ALPHA-03,INR,122106.0,122106.0,2026-08-06,SETTLEMENT,MATCHED,TRAIN
5608,TRD105471,ACC-EQ-CORE-02,INR,946090.0,946090.0,2026-08-08,SETTLEMENT,MATCHED,TEST
5609,TRD105472,ACC-EQ-CORE-01,INR,337950.0,337950.0,2026-08-10,SETTLEMENT,MATCHED,TEST
5610,TRD105473,ACC-EQ-ALPHA-03,USD,2249895.38,2142757.5,2026-08-14,SETTLEMENT,MATCHED,TRAIN
5612,TRD105475,ACC-EQ-CORE-02,INR,2836430.0,2836430.0,2026-08-06,SETTLEMENT,MATCHED,TRAIN
5613,TRD105476,ACC-EQ-ALPHA-03,INR,5716680.0,5716680.0,2026-08-11,SETTLEMENT,MATCHED,TEST
5614,TRD105477,ACC-EQ-INDEX-04,INR,472302.5,472302.5,2026-08-15,SETTLEMENT,MATCHED,TRAIN
5615,TRD105478,ACC-EQ-ALPHA-03,INR,946330.0,946330.0,2026-08-12,SETTLEMENT,MATCHED,TRAIN
5616,TRD105479,ACC-EQ-CORE-02,INR,86500.0,86500.0,2026-08-16,SETTLEMENT,MATCHED,TRAIN
5617,TRD105480,ACC-EQ-CORE-01,INR,1842060.0,1842060.0,2026-08-20,SETTLEMENT,MATCHED,TRAIN
5618,TRD105481,ACC-EQ-INDEX-04,INR,410064.0,410064.0,2026-08-14,SETTLEMENT,MATCHED,TRAIN
5619,TRD105482,ACC-EQ-ALPHA-03,INR,683432.5,683432.5,2026-08-08,SETTLEMENT,MATCHED,TRAIN
5620,TRD105483,ACC-EQ-INDEX-04,INR,259890.0,259890.0,2026-08-12,SETTLEMENT,MATCHED,TRAIN
5621,TRD105484,ACC-EQ-ALPHA-03,INR,845400.0,845400.0,2026-08-05,SETTLEMENT,MATCHED,TRAIN
5622,TRD105485,ACC-EQ-CORE-01,INR,1419055.0,1419055.0,2026-08-16,SETTLEMENT,MATCHED,TRAIN
5623,TRD105486,ACC-EQ-INDEX-04,INR,5708000.0,5708000.0,2026-08-09,SETTLEMENT,MATCHED,TEST
5624,TRD105487,ACC-EQ-CORE-01,INR,1031345.0,1031345.0,2026-08-08,SETTLEMENT,MATCHED,TRAIN
5625,TRD105488,ACC-EQ-INDEX-04,INR,3663650.0,3663650.0,2026-08-07,SETTLEMENT,MATCHED,TEST
5626,TRD105489,ACC-EQ-CORE-01,INR,118055.0,118055.0,2026-08-15,SETTLEMENT,MATCHED,TRAIN
5627,TRD105490,ACC-EQ-INDEX-04,INR,117992.0,117992.0,2026-08-07,SETTLEMENT,MATCHED,TRAIN
5628,TRD105491,ACC-EQ-ALPHA-03,INR,3259400.0,3259400.0,2026-08-05,SETTLEMENT,MATCHED,TRAIN
5629,TRD105492,ACC-EQ-ALPHA-03,INR,946060.0,946060.0,2026-08-22,SETTLEMENT,MATCHED,TRAIN
5630,TRD105493,ACC-EQ-ALPHA-03,INR,273548.0,273548.0,2026-08-08,SETTLEMENT,MATCHED,TRAIN
5631,TRD105494,ACC-EQ-CORE-01,INR,169052.0,169052.0,2026-08-16,SETTLEMENT,MATCHED,TRAIN
5632,TRD105495,ACC-EQ-CORE-01,INR,940555.0,940555.0,2026-08-19,SETTLEMENT,MATCHED,TRAIN
5633,TRD105496,ACC-EQ-INDEX-04,INR,1303010.0,1303010.0,2026-08-11,SETTLEMENT,MATCHED,TRAIN
5634,TRD105497,ACC-EQ-CORE-02,INR,715865.0,715865.0,2026-08-10,SETTLEMENT,MATCHED,TRAIN
5635,TRD105498,ACC-EQ-INDEX-04,INR,5701760.0,5701760.0,2026-08-19,SETTLEMENT,MATCHED,TRAIN
5636,TRD105499,ACC-EQ-CORE-01,INR,7347380.0,7347380.0,2026-08-19,SETTLEMENT,MATCHED,TRAIN
5637,TRD105500,ACC-EQ-INDEX-04,INR,235586.0,235586.0,2026-08-03,SETTLEMENT,MATCHED,TRAIN
5638,TRD105501,ACC-EQ-INDEX-04,INR,86130.0,86130.0,2026-08-21,SETTLEMENT,MATCHED,TRAIN
5639,TRD105502,ACC-EQ-CORE-01,INR,117227.5,117227.5,2026-08-12,SETTLEMENT,MATCHED,TEST
5640,TRD105503,ACC-EQ-ALPHA-03,INR,683237.5,683237.5,2026-08-09,SETTLEMENT,MATCHED,TRAIN
5641,TRD105504,ACC-EQ-CORE-02,INR,17276.0,17276.0,2026-08-10,SETTLEMENT,MATCHED,TRAIN
5642,TRD105505,ACC-EQ-CORE-02,INR,701670.0,701670.0,2026-08-08,SETTLEMENT,MATCHED,TEST
5643,TRD105506,ACC-EQ-ALPHA-03,INR,6198690.0,6198690.0,2026-08-14,SETTLEMENT,MATCHED,TRAIN
5644,TRD105507,ACC-EQ-ALPHA-03,INR,703800.0,703800.0,2026-08-13,SETTLEMENT,MATCHED,TRAIN
5645,TRD105508,ACC-EQ-INDEX-04,INR,249296.0,249296.0,2026-08-04,SETTLEMENT,MATCHED,TRAIN
5646,TRD105509,ACC-EQ-INDEX-04,INR,117785.0,117785.0,2026-08-11,SETTLEMENT,MATCHED,TRAIN
5647,TRD105510,ACC-EQ-INDEX-04,INR,3912880.0,3912880.0,2026-08-12,SETTLEMENT,MATCHED,TRAIN
5648,TRD105510,ACC-EQ-INDEX-04,INR,3912880.0,3912880.0,2026-08-12,SETTLEMENT,MATCHED,TRAIN
5649,TRD105511,ACC-EQ-CORE-02,INR,572762.0,572762.0,2026-08-10,SETTLEMENT,MATCHED,TRAIN
5650,TRD105512,ACC-EQ-CORE-02,INR,1265977.5,1265977.5,2026-08-21,SETTLEMENT,MATCHED,TRAIN
5651,TRD105513,ACC-EQ-CORE-01,INR,3351960.0,3351960.0,2026-08-10,SETTLEMENT,MATCHED,TRAIN
5652,TRD105514,ACC-EQ-ALPHA-03,INR,5708320.0,5708320.0,2026-08-08,SETTLEMENT,MATCHED,TRAIN
5653,TRD105515,ACC-EQ-INDEX-04,INR,5484240.0,5484240.0,2026-08-20,SETTLEMENT,MATCHED,TRAIN
5654,TRD105516,ACC-EQ-CORE-02,INR,275476.0,275476.0,2026-08-09,SETTLEMENT,MATCHED,TRAIN
5655,TRD105517,ACC-EQ-ALPHA-03,INR,1679830.0,1679830.0,2026-08-05,SETTLEMENT,MATCHED,TRAIN
5656,TRD105518,ACC-EQ-CORE-02,INR,346600.0,346600.0,2026-08-04,SETTLEMENT,MATCHED,TRAIN
5658,TRD105520,ACC-EQ-ALPHA-03,INR,421285.0,421285.0,2026-08-11,SETTLEMENT,MATCHED,TEST
5659,TRD105521,ACC-EQ-CORE-01,INR,168206.0,168206.0,2026-08-19,SETTLEMENT,MATCHED,TRAIN
5660,TRD105522,ACC-EQ-CORE-01,INR,345980.0,345980.0,2026-08-08,SETTLEMENT,MATCHED,TRAIN
5662,TRD105524,ACC-EQ-INDEX-04,INR,421215.0,421215.0,2026-08-18,SETTLEMENT,MATCHED,TRAIN
5663,TRD105525,ACC-EQ-INDEX-04,INR,2369140.0,2369140.0,2026-08-16,SETTLEMENT,MATCHED,TRAIN
5664,TRD105526,ACC-EQ-CORE-01,INR,168237.0,168237.0,2026-08-10,SETTLEMENT,MATCHED,TRAIN
5665,TRD105527,ACC-EQ-CORE-01,INR,1369335.0,1369335.0,2026-08-16,SETTLEMENT,MATCHED,TRAIN
5666,TRD105528,ACC-EQ-ALPHA-03,INR,122350.0,122350.0,2026-08-17,SETTLEMENT,MATCHED,TRAIN
5667,TRD105529,ACC-EQ-CORE-02,INR,3366680.0,3366680.0,2026-08-22,SETTLEMENT,MATCHED,TRAIN
5668,TRD105530,ACC-EQ-INDEX-04,INR,424185.0,424185.0,2026-08-13,SETTLEMENT,MATCHED,TRAIN
5669,TRD105531,ACC-EQ-INDEX-04,INR,1301103.0,1301103.0,2026-08-10,SETTLEMENT,MATCHED,TRAIN
5670,TRD105532,ACC-EQ-INDEX-04,INR,1028030.0,1028030.0,2026-08-19,SETTLEMENT,MATCHED,TEST
5671,TRD105533,ACC-EQ-CORE-02,INR,3080377.5,3080377.5,2026-08-18,SETTLEMENT,MATCHED,TRAIN
5672,TRD105534,ACC-EQ-INDEX-04,INR,248720.0,248720.0,2026-08-21,SETTLEMENT,MATCHED,TRAIN
5673,TRD105535,ACC-EQ-CORE-01,INR,846965.0,846965.0,2026-08-20,SETTLEMENT,MATCHED,TRAIN
5674,TRD105536,ACC-EQ-CORE-02,INR,947170.0,947170.0,2026-08-20,SETTLEMENT,MATCHED,TEST
5675,TRD105537,ACC-EQ-CORE-02,INR,84149.0,84149.0,2026-08-05,SETTLEMENT,MATCHED,TRAIN
5676,TRD105538,ACC-EQ-INDEX-04,INR,934770.0,934770.0,2026-08-10,SETTLEMENT,MATCHED,TRAIN
5677,TRD105539,ACC-EQ-INDEX-04,INR,343420.0,343420.0,2026-08-10,SETTLEMENT,MATCHED,TRAIN
5678,TRD105540,ACC-EQ-CORE-02,INR,168696.0,168696.0,2026-08-15,SETTLEMENT,MATCHED,TRAIN
5679,TRD105541,ACC-EQ-INDEX-04,INR,34456.0,34456.0,2026-08-11,SETTLEMENT,MATCHED,TRAIN
5680,TRD105542,ACC-EQ-INDEX-04,INR,940160.0,940160.0,2026-08-14,SETTLEMENT,MATCHED,TRAIN
5681,TRD105543,ACC-EQ-CORE-01,INR,2544765.0,2544765.0,2026-08-17,SETTLEMENT,MATCHED,TEST
5682,TRD105544,ACC-EQ-CORE-02,INR,189030.0,189030.0,2026-08-12,SETTLEMENT,MATCHED,TRAIN
5683,TRD105545,ACC-EQ-INDEX-04,INR,1245520.0,1245520.0,2026-08-07,SETTLEMENT,MATCHED,TRAIN
5684,TRD105546,ACC-EQ-INDEX-04,INR,2139442.5,2139442.5,2026-08-19,SETTLEMENT,MATCHED,TRAIN
5685,TRD105547,ACC-EQ-ALPHA-03,INR,2372200.0,2372200.0,2026-08-16,SETTLEMENT,MATCHED,TRAIN
5686,TRD105548,ACC-EQ-ALPHA-03,INR,470235.0,470235.0,2026-08-04,SETTLEMENT,MATCHED,TRAIN
5687,TRD105549,ACC-EQ-CORE-02,INR,423000.0,423000.0,2026-08-19,SETTLEMENT,MATCHED,TEST
5688,TRD105550,ACC-EQ-CORE-02,INR,2049615.0,2049615.0,2026-08-14,SETTLEMENT,MATCHED,TRAIN
5689,TRD105551,ACC-EQ-CORE-02,INR,2528055.0,2528055.0,2026-08-03,SETTLEMENT,MATCHED,TRAIN
5690,TRD105552,ACC-EQ-CORE-02,INR,617645.0,617645.0,2026-08-04,SETTLEMENT,MATCHED,TRAIN
5691,TRD105553,ACC-EQ-ALPHA-03,INR,168185.0,168185.0,2026-08-05,SETTLEMENT,MATCHED,TRAIN
5692,TRD105554,ACC-EQ-ALPHA-03,INR,1686200.0,1686200.0,2026-08-19,SETTLEMENT,MATCHED,TRAIN
5693,TRD105555,ACC-EQ-CORE-02,INR,1002575.0,842500.0,2026-08-11,SETTLEMENT,MATCHED,TRAIN
5694,TRD105556,ACC-EQ-INDEX-04,INR,4103230.0,4103230.0,2026-08-08,SETTLEMENT,MATCHED,TRAIN
5695,TRD105557,ACC-EQ-ALPHA-03,INR,1694700.0,1694700.0,2026-08-18,SETTLEMENT,MATCHED,TRAIN
5696,TRD105558,ACC-EQ-INDEX-04,INR,346480.0,346480.0,2026-08-19,SETTLEMENT,MATCHED,TRAIN
5697,TRD105559,ACC-EQ-INDEX-04,INR,976170.0,976170.0,2026-08-14,SETTLEMENT,MATCHED,TRAIN
5698,TRD105560,ACC-EQ-ALPHA-03,INR,980860.0,980860.0,2026-08-19,SETTLEMENT,MATCHED,TRAIN
5699,TRD105561,ACC-EQ-CORE-02,INR,1460445.0,1460445.0,2026-08-22,SETTLEMENT,MATCHED,TRAIN
5700,TRD105562,ACC-EQ-CORE-01,INR,2945400.0,2945400.0,2026-08-05,SETTLEMENT,MATCHED,TRAIN
5701,TRD105563,ACC-EQ-INDEX-04,INR,1422840.0,1422840.0,2026-08-21,SETTLEMENT,MATCHED,TEST
5702,TRD105564,ACC-EQ-ALPHA-03,INR,152727.5,152727.5,2026-08-14,SETTLEMENT,MATCHED,TRAIN
5703,TRD105565,ACC-EQ-INDEX-04,INR,1696090.0,1696090.0,2026-08-17,SETTLEMENT,MATCHED,TEST
5704,TRD105566,ACC-EQ-CORE-01,INR,3382980.0,3382980.0,2026-08-21,SETTLEMENT,MATCHED,TRAIN
5705,TRD105567,ACC-EQ-ALPHA-03,INR,3792440.0,3792440.0,2026-08-21,SETTLEMENT,MATCHED,TRAIN
5706,TRD105568,ACC-EQ-CORE-01,INR,1293949.0,1293949.0,2026-08-16,SETTLEMENT,MATCHED,TRAIN
5707,TRD105569,ACC-EQ-ALPHA-03,INR,4126390.0,4126390.0,2026-08-20,SETTLEMENT,MATCHED,TEST
5708,TRD105570,ACC-EQ-ALPHA-03,INR,912525.0,912525.0,2026-08-11,SETTLEMENT,MATCHED,TRAIN
5709,TRD105571,ACC-EQ-ALPHA-03,INR,152055.0,152055.0,2026-08-05,SETTLEMENT,MATCHED,TRAIN
5710,TRD105572,ACC-EQ-CORE-02,USD,787072.95,846315.0,2026-08-09,SETTLEMENT,MATCHED,TRAIN
5711,TRD105573,ACC-EQ-CORE-02,INR,711115.0,711115.0,2026-08-06,SETTLEMENT,MATCHED,TRAIN
5712,TRD105574,ACC-EQ-CORE-01,INR,336562.0,336562.0,2026-08-02,SETTLEMENT,MATCHED,TRAIN
5713,TRD105575,ACC-EQ-ALPHA-03,INR,849360.0,849360.0,2026-08-21,SETTLEMENT,MATCHED,TRAIN
5714,TRD105576,ACC-EQ-ALPHA-03,INR,1472550.0,1472550.0,2026-08-03,SETTLEMENT,MATCHED,TRAIN
5715,TRD105577,ACC-EQ-CORE-01,INR,1667650.0,1667650.0,2026-08-10,SETTLEMENT,MATCHED,TEST
5716,TRD105578,ACC-EQ-INDEX-04,INR,306525.0,306525.0,2026-08-18,SETTLEMENT,MATCHED,TRAIN
5717,TRD105578,ACC-EQ-INDEX-04,INR,306525.0,306525.0,2026-08-18,SETTLEMENT,MATCHED,TRAIN
5718,TRD105579,ACC-EQ-CORE-01,INR,1414462.5,1414462.5,2026-08-11,SETTLEMENT,MATCHED,TRAIN
5719,TRD105580,ACC-EQ-CORE-02,INR,17239.0,17239.0,2026-08-05,SETTLEMENT,MATCHED,TEST
5720,TRD105581,ACC-EQ-INDEX-04,INR,1959660.0,1959660.0,2026-08-09,SETTLEMENT,MATCHED,TEST
5721,TRD105582,ACC-EQ-ALPHA-03,INR,977750.0,977750.0,2026-08-13,SETTLEMENT,MATCHED,TRAIN
5722,TRD105583,ACC-EQ-INDEX-04,INR,337868.0,337868.0,2026-08-16,SETTLEMENT,MATCHED,TEST
5723,TRD105583,ACC-EQ-INDEX-04,INR,337868.0,337868.0,2026-08-16,SETTLEMENT,MATCHED,TEST
5724,TRD105584,ACC-EQ-INDEX-04,INR,843990.0,843990.0,2026-08-05,SETTLEMENT,MATCHED,TRAIN
5725,TRD105585,ACC-EQ-CORE-02,INR,2832795.0,2832795.0,2026-08-05,SETTLEMENT,MATCHED,TRAIN
5726,TRD105586,ACC-EQ-CORE-01,INR,687135.0,687135.0,2026-08-07,SETTLEMENT,MATCHED,TRAIN
5727,TRD105587,ACC-EQ-CORE-02,INR,4102570.0,4102570.0,2026-08-22,SETTLEMENT,MATCHED,TEST
5728,TRD105588,ACC-EQ-INDEX-04,INR,6498865.0,6498865.0,2026-08-20,SETTLEMENT,MATCHED,TRAIN
5729,TRD105589,ACC-EQ-INDEX-04,INR,468920.0,468920.0,2026-08-11,SETTLEMENT,MATCHED,TEST
5730,TRD105590,ACC-EQ-CORE-01,INR,336150.0,336150.0,2026-08-21,SETTLEMENT,MATCHED,TEST
5731,TRD105591,ACC-EQ-INDEX-04,INR,93956.0,93956.0,2026-08-05,SETTLEMENT,MATCHED,TEST
5732,TRD105592,ACC-EQ-INDEX-04,INR,590525.0,590525.0,2026-08-13,SETTLEMENT,MATCHED,TRAIN
5733,TRD105593,ACC-EQ-CORE-02,INR,308910.0,308910.0,2026-08-04,SETTLEMENT,MATCHED,TRAIN
5734,TRD105594,ACC-EQ-CORE-01,INR,4290990.0,4290990.0,2026-08-12,SETTLEMENT,MATCHED,TRAIN
5735,TRD105595,ACC-EQ-ALPHA-03,INR,2145022.5,2145022.5,2026-08-08,SETTLEMENT,MATCHED,TRAIN
5736,TRD105596,ACC-EQ-INDEX-04,INR,1265137.5,1265137.5,2026-08-08,SETTLEMENT,MATCHED,TEST
5737,TRD105597,ACC-EQ-CORE-01,INR,309135.0,309135.0,2026-08-02,SETTLEMENT,MATCHED,TRAIN
5738,TRD105598,ACC-EQ-CORE-02,INR,487287.5,487287.5,2026-08-16,SETTLEMENT,MATCHED,TRAIN
5739,TRD105599,ACC-EQ-INDEX-04,INR,3780920.0,3780920.0,2026-08-22,SETTLEMENT,MATCHED,TRAIN
5740,TRD105600,ACC-EQ-CORE-02,INR,3896000.0,3896000.0,2026-08-21,SETTLEMENT,MATCHED,TRAIN
5741,TRD105601,ACC-EQ-CORE-01,INR,166706.0,166706.0,2026-08-20,SETTLEMENT,MATCHED,TRAIN
5742,TRD105602,ACC-EQ-INDEX-04,INR,418137.5,418137.5,2026-08-15,SETTLEMENT,MATCHED,TEST
5743,TRD105603,ACC-EQ-INDEX-04,EUR,178102.8,172080.0,2026-08-13,SETTLEMENT,MATCHED,TRAIN
5744,TRD105604,ACC-EQ-CORE-01,INR,117287.5,117287.5,2026-08-11,SETTLEMENT,MATCHED,TRAIN
5745,TRD105605,ACC-EQ-CORE-02,INR,933420.0,933420.0,2026-08-22,SETTLEMENT,MATCHED,TRAIN
5746,TRD105606,ACC-EQ-INDEX-04,INR,459225.0,459225.0,2026-08-13,SETTLEMENT,MATCHED,TRAIN
5747,TRD105607,ACC-EQ-CORE-02,INR,2591696.0,2591696.0,2026-08-15,SETTLEMENT,MATCHED,TRAIN
5748,TRD105608,ACC-EQ-CORE-01,INR,8226060.0,8226060.0,2026-08-08,SETTLEMENT,MATCHED,TRAIN
5749,TRD105609,ACC-EQ-ALPHA-03,INR,8232920.0,8232920.0,2026-08-14,SETTLEMENT,MATCHED,TRAIN
5750,TRD105610,ACC-EQ-CORE-02,INR,1262220.0,1262220.0,2026-08-22,SETTLEMENT,MATCHED,TRAIN
5751,TRD105611,ACC-EQ-ALPHA-03,INR,608230.0,608230.0,2026-08-20,SETTLEMENT,MATCHED,TRAIN
5752,TRD105612,ACC-EQ-CORE-02,INR,486912.5,486912.5,2026-08-20,SETTLEMENT,MATCHED,TRAIN
5753,TRD105613,ACC-EQ-INDEX-04,INR,169512.0,169512.0,2026-08-12,SETTLEMENT,MATCHED,TEST
5754,TRD105614,ACC-EQ-INDEX-04,INR,6486960.0,6486960.0,2026-08-06,SETTLEMENT,MATCHED,TRAIN
5755,TRD105615,ACC-EQ-INDEX-04,INR,168656.0,168656.0,2026-08-11,SETTLEMENT,MATCHED,TRAIN
5756,TRD105616,ACC-EQ-CORE-01,INR,166992.0,166992.0,2026-08-17,SETTLEMENT,MATCHED,TRAIN
5757,TRD105617,ACC-EQ-CORE-02,EUR,5581705.2,5472260.0,2026-08-20,SETTLEMENT,MATCHED,TRAIN
5758,TRD105618,ACC-EQ-CORE-02,INR,1423280.0,1423280.0,2026-08-06,SETTLEMENT,MATCHED,TRAIN
5759,TRD105619,ACC-EQ-INDEX-04,INR,1881470.0,1881470.0,2026-08-11,SETTLEMENT,MATCHED,TRAIN
5760,TRD105620,ACC-EQ-ALPHA-03,INR,2747017.5,2747017.5,2026-08-15,SETTLEMENT,MATCHED,TEST
5761,TRD105621,ACC-EQ-CORE-02,INR,118522.0,118522.0,2026-08-16,SETTLEMENT,MATCHED,TRAIN
5762,TRD105622,ACC-EQ-CORE-01,INR,5485860.0,5485860.0,2026-08-21,SETTLEMENT,MATCHED,TRAIN
5763,TRD105623,ACC-EQ-INDEX-04,INR,918295.0,918295.0,2026-08-14,SETTLEMENT,MATCHED,TRAIN
5764,TRD105624,ACC-EQ-CORE-01,INR,886852.5,886852.5,2026-08-09,SETTLEMENT,MATCHED,TRAIN
5765,TRD105624,ACC-EQ-CORE-01,INR,886852.5,886852.5,2026-08-09,SETTLEMENT,MATCHED,TRAIN
5766,TRD105625,ACC-EQ-CORE-01,INR,2512935.0,2512935.0,2026-08-13,SETTLEMENT,MATCHED,TEST
5767,TRD105626,ACC-EQ-CORE-02,INR,192055.5,211050.0,2026-08-22,SETTLEMENT,MATCHED,TRAIN
5768,TRD105627,ACC-EQ-CORE-02,INR,685555.0,685555.0,2026-08-20,SETTLEMENT,MATCHED,TRAIN
5769,TRD105628,ACC-EQ-CORE-02,INR,1695160.0,1695160.0,2026-08-07,SETTLEMENT,MATCHED,TRAIN
5770,TRD105628,ACC-EQ-CORE-02,INR,1695160.0,1695160.0,2026-08-07,SETTLEMENT,MATCHED,TRAIN
5771,TRD105629,ACC-EQ-CORE-02,INR,919380.0,919380.0,2026-08-21,SETTLEMENT,MATCHED,TRAIN
5772,TRD105630,ACC-EQ-CORE-02,INR,2137177.5,2137177.5,2026-08-08,SETTLEMENT,MATCHED,TRAIN
5773,TRD105631,ACC-EQ-INDEX-04,INR,1472280.0,1472280.0,2026-08-15,SETTLEMENT,MATCHED,TEST
5774,TRD105631,ACC-EQ-INDEX-04,INR,1472280.0,1472280.0,2026-08-15,SETTLEMENT,MATCHED,TEST
5775,TRD105632,ACC-EQ-INDEX-04,INR,2839100.0,2839100.0,2026-08-11,SETTLEMENT,MATCHED,TRAIN
5776,TRD105633,ACC-EQ-CORE-02,USD,395667.81,369783.0,2026-08-18,SETTLEMENT,MATCHED,TRAIN
5777,TRD105634,ACC-EQ-ALPHA-03,INR,5515500.0,5515500.0,2026-08-21,SETTLEMENT,MATCHED,TRAIN
5778,TRD105635,ACC-EQ-ALPHA-03,INR,888637.5,888637.5,2026-08-09,SETTLEMENT,MATCHED,TEST
5779,TRD105636,ACC-EQ-CORE-01,INR,5526930.0,5526930.0,2026-08-12,SETTLEMENT,MATCHED,TRAIN
5780,TRD105637,ACC-EQ-CORE-02,INR,1463445.0,1463445.0,2026-08-19,SETTLEMENT,MATCHED,TEST
5781,TRD105638,ACC-EQ-CORE-01,INR,2597154.0,2597154.0,2026-08-19,SETTLEMENT,MATCHED,TRAIN
5782,TRD105639,ACC-EQ-CORE-01,USD,547542.15,588755.0,2026-08-15,SETTLEMENT,MATCHED,TRAIN
5783,TRD105640,ACC-EQ-CORE-02,INR,977790.0,977790.0,2026-08-17,SETTLEMENT,MATCHED,TRAIN
5784,TRD105641,ACC-EQ-INDEX-04,INR,1026685.0,1026685.0,2026-08-02,SETTLEMENT,MATCHED,TRAIN
5785,TRD105642,ACC-EQ-CORE-02,INR,4107580.0,4107580.0,2026-08-02,SETTLEMENT,MATCHED,TRAIN
5786,TRD105643,ACC-EQ-CORE-02,INR,235728.0,235728.0,2026-08-08,SETTLEMENT,MATCHED,TRAIN
5787,TRD105644,ACC-EQ-CORE-01,INR,19496700.0,19496700.0,2026-08-08,SETTLEMENT,MATCHED,TRAIN
5788,TRD105645,ACC-EQ-CORE-02,INR,274817.0,274817.0,2026-08-07,SETTLEMENT,MATCHED,TRAIN
5789,TRD105646,ACC-EQ-INDEX-04,INR,710802.5,710802.5,2026-08-19,SETTLEMENT,MATCHED,TRAIN
5790,TRD105647,ACC-EQ-ALPHA-03,INR,189661.0,189661.0,2026-08-07,SETTLEMENT,MATCHED,TEST
5791,TRD105648,ACC-EQ-ALPHA-03,INR,85880.0,85880.0,2026-08-16,SETTLEMENT,MATCHED,TRAIN
5792,TRD105649,ACC-EQ-CORE-01,INR,17160.0,17160.0,2026-08-02,SETTLEMENT,MATCHED,TRAIN
5793,TRD105650,ACC-EQ-ALPHA-03,INR,705945.0,705945.0,2026-08-08,SETTLEMENT,MATCHED,TRAIN
5794,TRD105651,ACC-EQ-INDEX-04,INR,1835605.0,1835605.0,2026-08-08,SETTLEMENT,MATCHED,TEST
5795,TRD105652,ACC-EQ-INDEX-04,INR,168804.0,168804.0,2026-08-17,SETTLEMENT,MATCHED,TRAIN
5796,TRD105653,ACC-EQ-INDEX-04,INR,8280760.0,8280760.0,2026-08-03,SETTLEMENT,MATCHED,TEST
5797,TRD105654,ACC-EQ-ALPHA-03,INR,3767020.0,3767020.0,2026-08-07,SETTLEMENT,MATCHED,TEST
5798,TRD105655,ACC-EQ-CORE-02,INR,1427485.0,1427485.0,2026-08-18,SETTLEMENT,MATCHED,TRAIN
5799,TRD105656,ACC-EQ-CORE-01,INR,389884.0,389884.0,2026-08-08,SETTLEMENT,MATCHED,TRAIN
5800,TRD105657,ACC-EQ-CORE-02,INR,194641.0,194641.0,2026-08-21,SETTLEMENT,MATCHED,TEST
5801,TRD105658,ACC-EQ-ALPHA-03,INR,248276.0,248276.0,2026-08-06,SETTLEMENT,MATCHED,TRAIN
5802,TRD105659,ACC-EQ-CORE-01,INR,1219280.0,1219280.0,2026-08-13,SETTLEMENT,MATCHED,TEST
5803,TRD105660,ACC-EQ-ALPHA-03,INR,2052375.0,2052375.0,2026-08-15,SETTLEMENT,MATCHED,TRAIN
5804,TRD105661,ACC-EQ-CORE-01,INR,942005.0,942005.0,2026-08-14,SETTLEMENT,MATCHED,TRAIN
5805,TRD105662,ACC-EQ-CORE-01,INR,121950.0,121950.0,2026-08-18,SETTLEMENT,MATCHED,TEST
5806,TRD105663,ACC-EQ-CORE-02,INR,345920.0,345920.0,2026-08-19,SETTLEMENT,MATCHED,TEST
5807,TRD105664,ACC-EQ-INDEX-04,INR,1882660.0,1882660.0,2026-08-08,SETTLEMENT,MATCHED,TRAIN
5808,TRD105665,ACC-EQ-CORE-02,INR,685935.0,685935.0,2026-08-09,SETTLEMENT,MATCHED,TEST
5809,TRD105666,ACC-EQ-CORE-01,INR,2128972.5,2128972.5,2026-08-12,SETTLEMENT,MATCHED,TRAIN
5810,TRD105667,ACC-EQ-ALPHA-03,INR,195298.0,195298.0,2026-08-08,SETTLEMENT,MATCHED,TRAIN
5811,TRD105668,ACC-EQ-CORE-01,INR,2837030.0,2837030.0,2026-08-12,SETTLEMENT,MATCHED,TRAIN
5812,TRD105669,ACC-EQ-INDEX-04,INR,3667780.0,3667780.0,2026-08-11,SETTLEMENT,MATCHED,TEST
5813,TRD105670,ACC-EQ-INDEX-04,INR,1429265.0,1429265.0,2026-08-18,SETTLEMENT,MATCHED,TRAIN
5814,TRD105671,ACC-EQ-CORE-02,INR,2349860.0,2349860.0,2026-08-02,SETTLEMENT,MATCHED,TRAIN
5815,TRD105672,ACC-EQ-ALPHA-03,INR,3907200.0,3907200.0,2026-08-11,SETTLEMENT,MATCHED,TRAIN
5817,TRD105674,ACC-EQ-CORE-02,INR,117172.5,117172.5,2026-08-21,SETTLEMENT,MATCHED,TRAIN
5818,TRD105675,ACC-EQ-CORE-02,INR,920632.5,920632.5,2026-08-05,SETTLEMENT,MATCHED,TRAIN
5819,TRD105676,ACC-EQ-CORE-02,INR,2839320.0,2839320.0,2026-08-07,SETTLEMENT,MATCHED,TRAIN
5820,TRD105677,ACC-EQ-CORE-01,INR,4292655.0,4292655.0,2026-08-14,SETTLEMENT,MATCHED,TRAIN
5821,TRD105678,ACC-EQ-CORE-01,INR,17222.0,17222.0,2026-08-07,SETTLEMENT,MATCHED,TEST
5822,TRD105679,ACC-EQ-ALPHA-03,INR,168386.0,168386.0,2026-08-17,SETTLEMENT,MATCHED,TRAIN
5823,TRD105680,ACC-EQ-INDEX-04,INR,550322.0,550322.0,2026-08-16,SETTLEMENT,MATCHED,TRAIN
5824,TRD105681,ACC-EQ-INDEX-04,INR,3696310.0,3696310.0,2026-08-16,SETTLEMENT,MATCHED,TRAIN
5825,TRD105682,ACC-EQ-INDEX-04,GBP,350607.6,333912.0,2026-08-10,SETTLEMENT,MATCHED,TEST
5826,TRD105683,ACC-EQ-CORE-01,INR,1107887.02,930997.5,2026-08-04,SETTLEMENT,MATCHED,TRAIN
5827,TRD105684,ACC-EQ-INDEX-04,INR,34352.0,34352.0,2026-08-10,SETTLEMENT,MATCHED,TRAIN
5828,TRD105685,ACC-EQ-ALPHA-03,INR,4116945.0,4116945.0,2026-08-15,SETTLEMENT,MATCHED,TRAIN
5829,TRD105686,ACC-EQ-CORE-01,INR,1865625.0,1865625.0,2026-08-05,SETTLEMENT,MATCHED,TEST
5830,TRD105687,ACC-EQ-CORE-01,INR,548844.0,548844.0,2026-08-11,SETTLEMENT,MATCHED,TRAIN
5831,TRD105688,ACC-EQ-CORE-02,INR,26027080.0,26027080.0,2026-08-03,SETTLEMENT,MATCHED,TRAIN
5832,TRD105689,ACC-EQ-ALPHA-03,EUR,379949.53,367101.0,2026-08-13,SETTLEMENT,MATCHED,TRAIN
5833,TRD105690,ACC-EQ-CORE-02,INR,919490.0,919490.0,2026-08-06,SETTLEMENT,MATCHED,TRAIN
5836,TRD105693,ACC-EQ-ALPHA-03,INR,117365.0,117365.0,2026-08-08,SETTLEMENT,MATCHED,TRAIN
5837,TRD105694,ACC-EQ-CORE-02,INR,17187.0,17187.0,2026-08-10,SETTLEMENT,MATCHED,TRAIN
5839,TRD105696,ACC-EQ-CORE-02,INR,928425.0,928425.0,2026-08-16,SETTLEMENT,MATCHED,TRAIN
5840,TRD105697,ACC-EQ-CORE-02,INR,918240.0,918240.0,2026-08-13,SETTLEMENT,MATCHED,TRAIN
5841,TRD105698,ACC-EQ-CORE-02,INR,5529135.0,5529135.0,2026-08-14,SETTLEMENT,MATCHED,TRAIN
5842,TRD105699,ACC-EQ-ALPHA-03,INR,1683130.0,1683130.0,2026-08-09,SETTLEMENT,MATCHED,TRAIN
5843,TRD105700,ACC-EQ-INDEX-04,INR,420725.0,420725.0,2026-08-05,SETTLEMENT,MATCHED,TRAIN
5844,TRD105701,ACC-EQ-CORE-02,INR,1259910.0,1259910.0,2026-08-05,SETTLEMENT,MATCHED,TRAIN
5845,TRD105702,ACC-EQ-ALPHA-03,INR,1270800.0,1270800.0,2026-08-10,SETTLEMENT,MATCHED,TRAIN
5846,TRD105703,ACC-EQ-INDEX-04,INR,19413885.0,19413885.0,2026-08-07,SETTLEMENT,MATCHED,TRAIN
5847,TRD105704,ACC-EQ-ALPHA-03,INR,85960.0,85960.0,2026-08-16,SETTLEMENT,MATCHED,TEST
5848,TRD105705,ACC-EQ-ALPHA-03,EUR,1152363.0,1239100.0,2026-08-05,SETTLEMENT,MATCHED,TRAIN
5849,TRD105706,ACC-EQ-CORE-01,INR,934642.5,934642.5,2026-08-04,SETTLEMENT,MATCHED,TRAIN
5850,TRD105707,ACC-EQ-ALPHA-03,INR,636667.5,636667.5,2026-08-10,SETTLEMENT,MATCHED,TRAIN
5851,TRD105708,ACC-EQ-ALPHA-03,INR,1461885.0,1461885.0,2026-08-04,SETTLEMENT,MATCHED,TRAIN
5852,TRD105709,ACC-EQ-ALPHA-03,INR,9723180.0,9723180.0,2026-08-18,SETTLEMENT,MATCHED,TRAIN
5853,TRD105710,ACC-EQ-INDEX-04,INR,376634.0,376634.0,2026-08-15,SETTLEMENT,MATCHED,TRAIN
5854,TRD105711,ACC-EQ-INDEX-04,INR,129547.5,129547.5,2026-08-11,SETTLEMENT,MATCHED,TRAIN
5855,TRD105712,ACC-EQ-INDEX-04,INR,2487260.0,2487260.0,2026-08-12,SETTLEMENT,MATCHED,TEST
5856,TRD105713,ACC-EQ-INDEX-04,INR,548352.0,548352.0,2026-08-02,SETTLEMENT,MATCHED,TRAIN
5857,TRD105713,ACC-EQ-INDEX-04,INR,548352.0,548352.0,2026-08-02,SETTLEMENT,MATCHED,TRAIN
5858,TRD105714,ACC-EQ-CORE-02,INR,547808.0,547808.0,2026-08-22,SETTLEMENT,MATCHED,TRAIN
5859,TRD105715,ACC-EQ-ALPHA-03,INR,117715.0,117715.0,2026-08-09,SETTLEMENT,MATCHED,TRAIN
5862,TRD105718,ACC-EQ-CORE-01,INR,1413547.5,1413547.5,2026-08-03,SETTLEMENT,MATCHED,TRAIN
5863,TRD105719,ACC-EQ-INDEX-04,INR,2919270.0,2919270.0,2026-08-15,SETTLEMENT,MATCHED,TRAIN
5864,TRD105720,ACC-EQ-INDEX-04,INR,60960.0,60960.0,2026-08-21,SETTLEMENT,MATCHED,TRAIN
5865,TRD105721,ACC-EQ-CORE-02,INR,1225740.0,1225740.0,2026-08-21,SETTLEMENT,MATCHED,TRAIN
5866,TRD105722,ACC-EQ-INDEX-04,INR,7367500.0,7367500.0,2026-08-22,SETTLEMENT,MATCHED,TRAIN
5867,TRD105723,ACC-EQ-CORE-01,INR,4257690.0,4257690.0,2026-08-10,SETTLEMENT,MATCHED,TEST
5868,TRD105724,ACC-EQ-CORE-01,INR,117556.0,117556.0,2026-08-07,SETTLEMENT,MATCHED,TRAIN
5869,TRD105725,ACC-EQ-ALPHA-03,INR,303900.0,303900.0,2026-08-03,SETTLEMENT,MATCHED,TRAIN
5870,TRD105726,ACC-EQ-INDEX-04,INR,3767940.0,3767940.0,2026-08-21,SETTLEMENT,MATCHED,TRAIN
5871,TRD105727,ACC-EQ-INDEX-04,INR,487032.5,487032.5,2026-08-07,SETTLEMENT,MATCHED,TRAIN
5872,TRD105728,ACC-EQ-INDEX-04,INR,927262.5,927262.5,2026-08-03,SETTLEMENT,MATCHED,TEST
5873,TRD105728,ACC-EQ-INDEX-04,INR,927262.5,927262.5,2026-08-03,SETTLEMENT,MATCHED,TEST
5874,TRD105729,ACC-EQ-CORE-01,INR,2360620.0,2360620.0,2026-08-10,SETTLEMENT,MATCHED,TRAIN
5875,TRD105730,ACC-EQ-CORE-02,INR,390302.0,390302.0,2026-08-10,SETTLEMENT,MATCHED,TRAIN
5876,TRD105731,ACC-EQ-CORE-02,INR,169279.0,169279.0,2026-08-09,SETTLEMENT,MATCHED,TRAIN
5877,TRD105732,ACC-EQ-ALPHA-03,INR,911565.0,911565.0,2026-08-13,SETTLEMENT,MATCHED,TRAIN
5878,TRD105733,ACC-EQ-INDEX-04,INR,3688980.0,3688980.0,2026-08-21,SETTLEMENT,MATCHED,TRAIN
5879,TRD105734,ACC-EQ-CORE-02,INR,3919120.0,3919120.0,2026-08-08,SETTLEMENT,MATCHED,TRAIN
5880,TRD105735,ACC-EQ-INDEX-04,INR,2845210.0,2845210.0,2026-08-17,SETTLEMENT,MATCHED,TRAIN
5881,TRD105736,ACC-EQ-CORE-01,INR,3378580.0,3378580.0,2026-08-17,SETTLEMENT,MATCHED,TRAIN
5882,TRD105737,ACC-EQ-ALPHA-03,INR,423245.0,423245.0,2026-08-19,SETTLEMENT,MATCHED,TRAIN
5883,TRD105738,ACC-EQ-CORE-01,INR,2065732.5,2065732.5,2026-08-09,SETTLEMENT,MATCHED,TRAIN
5884,TRD105739,ACC-EQ-ALPHA-03,INR,1271475.0,1271475.0,2026-08-06,SETTLEMENT,MATCHED,TRAIN
5885,TRD105740,ACC-EQ-INDEX-04,INR,1769055.0,1769055.0,2026-08-02,SETTLEMENT,MATCHED,TRAIN
5886,TRD105741,ACC-EQ-INDEX-04,INR,635317.5,635317.5,2026-08-14,SETTLEMENT,MATCHED,TRAIN
5887,TRD105742,ACC-EQ-CORE-01,INR,2603716.0,2603716.0,2026-08-04,SETTLEMENT,MATCHED,TRAIN
5888,TRD105743,ACC-EQ-ALPHA-03,INR,2825955.0,2825955.0,2026-08-06,SETTLEMENT,MATCHED,TRAIN
5889,TRD105744,ACC-EQ-ALPHA-03,INR,34500.0,34500.0,2026-08-06,SETTLEMENT,MATCHED,TRAIN
5890,TRD105745,ACC-EQ-CORE-02,INR,2864260.0,2864260.0,2026-08-21,SETTLEMENT,MATCHED,TRAIN
5891,TRD105746,ACC-EQ-CORE-02,INR,1686010.0,1686010.0,2026-08-07,SETTLEMENT,MATCHED,TRAIN
5892,TRD105747,ACC-EQ-CORE-01,USD,5615793.6,5505680.0,2026-08-20,SETTLEMENT,MATCHED,TRAIN
5893,TRD105748,ACC-EQ-INDEX-04,INR,919380.0,919380.0,2026-08-13,SETTLEMENT,MATCHED,TRAIN
5894,TRD105749,ACC-EQ-CORE-02,INR,351885.0,351885.0,2026-08-13,SETTLEMENT,MATCHED,TRAIN
5895,TRD105750,ACC-EQ-ALPHA-03,INR,1026792.5,1026792.5,2026-08-12,SETTLEMENT,MATCHED,TRAIN
5896,TRD105751,ACC-EQ-CORE-02,INR,46694.0,46694.0,2026-08-17,SETTLEMENT,MATCHED,TRAIN
5897,TRD105752,ACC-EQ-ALPHA-03,INR,25983100.0,25983100.0,2026-08-22,SETTLEMENT,MATCHED,TEST
5898,TRD105753,ACC-EQ-INDEX-04,INR,210785.0,210785.0,2026-08-21,SETTLEMENT,MATCHED,TRAIN
5899,TRD105754,ACC-EQ-ALPHA-03,INR,194870.0,194870.0,2026-08-09,SETTLEMENT,MATCHED,TEST
5900,TRD105755,ACC-EQ-CORE-01,INR,5672540.0,5672540.0,2026-08-19,SETTLEMENT,MATCHED,TEST
5901,TRD105756,ACC-EQ-INDEX-04,INR,237092.0,237092.0,2026-08-11,SETTLEMENT,MATCHED,TRAIN
5902,TRD105757,ACC-EQ-CORE-01,INR,467590.0,467590.0,2026-08-19,SETTLEMENT,MATCHED,TRAIN
5903,TRD105758,ACC-EQ-CORE-02,INR,3906520.0,3906520.0,2026-08-09,SETTLEMENT,MATCHED,TRAIN
5904,TRD105759,ACC-EQ-CORE-02,INR,337446.0,337446.0,2026-08-15,SETTLEMENT,MATCHED,TRAIN
5905,TRD105760,ACC-EQ-INDEX-04,INR,124094.0,124094.0,2026-08-06,SETTLEMENT,MATCHED,TRAIN
5906,TRD105761,ACC-EQ-INDEX-04,INR,1261237.5,1261237.5,2026-08-04,SETTLEMENT,MATCHED,TRAIN
5907,TRD105762,ACC-EQ-INDEX-04,INR,3338460.0,3338460.0,2026-08-07,SETTLEMENT,MATCHED,TEST
5908,TRD105763,ACC-EQ-ALPHA-03,INR,591065.0,591065.0,2026-08-18,SETTLEMENT,MATCHED,TRAIN
5909,TRD105764,ACC-EQ-CORE-02,INR,122046.0,122046.0,2026-08-14,SETTLEMENT,MATCHED,TRAIN
5910,TRD105765,ACC-EQ-ALPHA-03,INR,6461520.0,6461520.0,2026-08-13,SETTLEMENT,MATCHED,TEST
5911,TRD105766,ACC-EQ-CORE-01,INR,2753205.0,2753205.0,2026-08-22,SETTLEMENT,MATCHED,TRAIN
5912,TRD105767,ACC-EQ-CORE-02,INR,195825.0,195825.0,2026-08-08,SETTLEMENT,MATCHED,TRAIN
5913,TRD105768,ACC-EQ-CORE-02,INR,17285.0,17285.0,2026-08-04,SETTLEMENT,MATCHED,TRAIN
5914,TRD105768,ACC-EQ-CORE-02,INR,17285.0,17285.0,2026-08-04,SETTLEMENT,MATCHED,TRAIN
5915,TRD105769,ACC-EQ-INDEX-04,INR,703335.0,703335.0,2026-08-16,SETTLEMENT,MATCHED,TRAIN
5916,TRD105770,ACC-EQ-ALPHA-03,INR,19439250.0,19439250.0,2026-08-16,SETTLEMENT,MATCHED,TRAIN
5917,TRD105771,ACC-EQ-ALPHA-03,INR,633127.5,633127.5,2026-08-03,SETTLEMENT,MATCHED,TRAIN
5918,TRD105772,ACC-EQ-ALPHA-03,INR,1183860.0,1183860.0,2026-08-10,SETTLEMENT,MATCHED,TRAIN
5919,TRD105773,ACC-EQ-ALPHA-03,INR,410590.0,410590.0,2026-08-21,SETTLEMENT,MATCHED,TRAIN
5920,TRD105774,ACC-EQ-CORE-02,INR,840300.0,840300.0,2026-08-19,SETTLEMENT,MATCHED,TRAIN
5921,TRD105775,ACC-EQ-ALPHA-03,EUR,325520.75,304225.0,2026-08-04,SETTLEMENT,MATCHED,TRAIN
5922,TRD105776,ACC-EQ-CORE-01,INR,1238770.0,1238770.0,2026-08-02,SETTLEMENT,MATCHED,TEST
5923,TRD105777,ACC-EQ-CORE-01,INR,1261680.0,1261680.0,2026-08-06,SETTLEMENT,MATCHED,TRAIN
5924,TRD105778,ACC-EQ-CORE-01,INR,419403.6,352440.0,2026-08-12,SETTLEMENT,MATCHED,TEST
5925,TRD105779,ACC-EQ-ALPHA-03,INR,2480040.0,2480040.0,2026-08-05,SETTLEMENT,MATCHED,TRAIN
5926,TRD105780,ACC-EQ-INDEX-04,INR,458497.5,458497.5,2026-08-16,SETTLEMENT,MATCHED,TRAIN
5927,TRD105781,ACC-EQ-ALPHA-03,INR,713217.5,713217.5,2026-08-03,SETTLEMENT,MATCHED,TEST
5928,TRD105782,ACC-EQ-CORE-02,INR,43045.0,43045.0,2026-08-03,SETTLEMENT,MATCHED,TRAIN
5929,TRD105783,ACC-EQ-ALPHA-03,INR,1839230.0,1839230.0,2026-08-05,SETTLEMENT,MATCHED,TRAIN
5930,TRD105784,ACC-EQ-CORE-01,INR,2760960.0,2760960.0,2026-08-19,SETTLEMENT,MATCHED,TRAIN
5931,TRD105785,ACC-EQ-ALPHA-03,INR,13038630.0,13038630.0,2026-08-14,SETTLEMENT,MATCHED,TRAIN
5932,TRD105786,ACC-EQ-ALPHA-03,INR,456907.5,456907.5,2026-08-14,SETTLEMENT,MATCHED,TRAIN
5933,TRD105787,ACC-EQ-CORE-01,INR,1271190.0,1271190.0,2026-08-06,SETTLEMENT,MATCHED,TRAIN
5934,TRD105788,ACC-EQ-CORE-02,INR,249322.0,249322.0,2026-08-07,SETTLEMENT,MATCHED,TRAIN
5935,TRD105789,ACC-EQ-CORE-01,INR,468100.0,468100.0,2026-08-17,SETTLEMENT,MATCHED,TRAIN
5936,TRD105790,ACC-EQ-CORE-01,INR,5496640.0,5496640.0,2026-08-13,SETTLEMENT,MATCHED,TRAIN
5937,TRD105791,ACC-EQ-CORE-02,INR,3395640.0,3395640.0,2026-08-21,SETTLEMENT,MATCHED,TRAIN
5938,TRD105792,ACC-EQ-CORE-02,INR,117527.5,117527.5,2026-08-12,SETTLEMENT,MATCHED,TRAIN
5939,TRD105793,ACC-EQ-CORE-01,INR,2141422.5,2141422.5,2026-08-16,SETTLEMENT,MATCHED,TRAIN
5940,TRD105794,ACC-EQ-CORE-02,INR,1258927.5,1258927.5,2026-08-15,SETTLEMENT,MATCHED,TEST
5941,TRD105795,ACC-EQ-INDEX-04,USD,360737.66,337138.0,2026-08-11,SETTLEMENT,MATCHED,TRAIN
5942,TRD105796,ACC-EQ-INDEX-04,INR,548490.0,548490.0,2026-08-10,SETTLEMENT,MATCHED,TEST
5943,TRD105797,ACC-EQ-CORE-02,INR,3244605.0,3244605.0,2026-08-11,SETTLEMENT,MATCHED,TEST
5944,TRD105798,ACC-EQ-ALPHA-03,INR,3253445.0,3253445.0,2026-08-14,SETTLEMENT,MATCHED,TRAIN
5945,TRD105799,ACC-EQ-CORE-01,INR,84495.0,84495.0,2026-08-14,SETTLEMENT,MATCHED,TRAIN
5946,TRD105800,ACC-EQ-INDEX-04,INR,1684600.0,1684600.0,2026-08-12,SETTLEMENT,MATCHED,TRAIN
5947,TRD105801,ACC-EQ-CORE-01,INR,6175845.0,6175845.0,2026-08-20,SETTLEMENT,MATCHED,TEST
5948,TRD105802,ACC-EQ-CORE-01,INR,844255.0,844255.0,2026-08-15,SETTLEMENT,MATCHED,TEST
5949,TRD105803,ACC-EQ-CORE-01,INR,1178050.0,1178050.0,2026-08-15,SETTLEMENT,MATCHED,TRAIN
5950,TRD105804,ACC-EQ-CORE-02,INR,1673780.0,1673780.0,2026-08-08,SETTLEMENT,MATCHED,TRAIN
5951,TRD105805,ACC-EQ-ALPHA-03,INR,173190.0,173190.0,2026-08-18,SETTLEMENT,MATCHED,TRAIN
5952,TRD105806,ACC-EQ-CORE-02,INR,1762710.0,1762710.0,2026-08-06,SETTLEMENT,MATCHED,TRAIN
5953,TRD105807,ACC-EQ-INDEX-04,INR,346100.0,346100.0,2026-08-11,SETTLEMENT,MATCHED,TRAIN
5954,TRD105808,ACC-EQ-INDEX-04,INR,2760817.5,2760817.5,2026-08-20,SETTLEMENT,MATCHED,TRAIN
5955,TRD105809,ACC-EQ-CORE-02,INR,6207690.0,6207690.0,2026-08-03,SETTLEMENT,MATCHED,TRAIN
5956,TRD105810,ACC-EQ-CORE-02,INR,195100.0,195100.0,2026-08-08,SETTLEMENT,MATCHED,TRAIN
5957,TRD105811,ACC-EQ-ALPHA-03,INR,2754210.0,2754210.0,2026-08-04,SETTLEMENT,MATCHED,TRAIN
5958,TRD105812,ACC-EQ-ALPHA-03,INR,168259.0,168259.0,2026-08-06,SETTLEMENT,MATCHED,TRAIN
5959,TRD105813,ACC-EQ-CORE-01,INR,117565.0,117565.0,2026-08-14,SETTLEMENT,MATCHED,TRAIN
5960,TRD105814,ACC-EQ-ALPHA-03,INR,1765845.0,1765845.0,2026-08-22,SETTLEMENT,MATCHED,TRAIN
5961,TRD105815,ACC-EQ-CORE-02,INR,2500350.0,2500350.0,2026-08-06,SETTLEMENT,MATCHED,TRAIN
5962,TRD105816,ACC-EQ-ALPHA-03,INR,843920.0,843920.0,2026-08-17,SETTLEMENT,MATCHED,TRAIN
5964,TRD105818,ACC-EQ-CORE-02,INR,2145997.5,2145997.5,2026-08-03,SETTLEMENT,MATCHED,TRAIN
5965,TRD105819,ACC-EQ-CORE-02,INR,167048.0,167048.0,2026-08-06,SETTLEMENT,MATCHED,TRAIN
5967,TRD105821,ACC-EQ-CORE-02,INR,19388400.0,19388400.0,2026-08-19,SETTLEMENT,MATCHED,TRAIN
5969,TRD105823,ACC-EQ-CORE-01,INR,378296.0,378296.0,2026-08-08,SETTLEMENT,MATCHED,TRAIN
5970,TRD105824,ACC-EQ-INDEX-04,INR,1030212.5,1030212.5,2026-08-04,SETTLEMENT,MATCHED,TRAIN
5971,TRD105825,ACC-EQ-INDEX-04,INR,1374690.0,1374690.0,2026-08-15,SETTLEMENT,MATCHED,TRAIN
5972,TRD105826,ACC-EQ-CORE-02,INR,1267545.0,1267545.0,2026-08-18,SETTLEMENT,MATCHED,TRAIN
5973,TRD105827,ACC-EQ-CORE-01,INR,1691780.0,1691780.0,2026-08-10,SETTLEMENT,MATCHED,TRAIN
5974,TRD105828,ACC-EQ-ALPHA-03,INR,3354120.0,3354120.0,2026-08-07,SETTLEMENT,MATCHED,TRAIN
5975,TRD105829,ACC-EQ-CORE-02,INR,6489390.0,6489390.0,2026-08-08,SETTLEMENT,MATCHED,TRAIN
5976,TRD105830,ACC-EQ-ALPHA-03,INR,974480.0,974480.0,2026-08-10,SETTLEMENT,MATCHED,TEST
5977,TRD105831,ACC-EQ-INDEX-04,INR,26077560.0,26077560.0,2026-08-12,SETTLEMENT,MATCHED,TEST
5978,TRD105832,ACC-EQ-ALPHA-03,INR,1174910.0,1174910.0,2026-08-09,SETTLEMENT,MATCHED,TEST
5979,TRD105833,ACC-EQ-CORE-02,INR,8174461.8,7364380.0,2026-08-16,SETTLEMENT,MATCHED,TRAIN
5980,TRD105834,ACC-EQ-CORE-01,INR,210942.5,210942.5,2026-08-21,SETTLEMENT,MATCHED,TEST
5981,TRD105835,ACC-EQ-CORE-01,INR,945225.0,945225.0,2026-08-07,SETTLEMENT,MATCHED,TEST
5982,TRD105836,ACC-EQ-INDEX-04,INR,3093255.0,3093255.0,2026-08-16,SETTLEMENT,MATCHED,TRAIN
5983,TRD105837,ACC-EQ-ALPHA-03,INR,235450.0,235450.0,2026-08-04,SETTLEMENT,MATCHED,TEST
5984,TRD105838,ACC-EQ-INDEX-04,INR,1684280.0,1684280.0,2026-08-07,SETTLEMENT,MATCHED,TRAIN
5985,TRD105839,ACC-EQ-CORE-01,INR,13000320.0,13000320.0,2026-08-20,SETTLEMENT,MATCHED,TRAIN
5986,TRD105840,ACC-EQ-ALPHA-03,INR,885735.0,885735.0,2026-08-10,SETTLEMENT,MATCHED,TRAIN
5987,TRD105841,ACC-EQ-INDEX-04,INR,1470300.0,1470300.0,2026-08-12,SETTLEMENT,MATCHED,TRAIN
5988,TRD105842,ACC-EQ-INDEX-04,INR,19387605.0,19387605.0,2026-08-09,SETTLEMENT,MATCHED,TRAIN
5989,TRD105843,ACC-EQ-CORE-01,INR,1946240.0,1946240.0,2026-08-03,SETTLEMENT,MATCHED,TRAIN
5990,TRD105844,ACC-EQ-CORE-02,INR,1182850.0,1182850.0,2026-08-16,SETTLEMENT,MATCHED,TRAIN
5991,TRD105845,ACC-EQ-INDEX-04,INR,1682890.0,1682890.0,2026-08-20,SETTLEMENT,MATCHED,TRAIN
5992,TRD105845,ACC-EQ-INDEX-04,INR,1682890.0,1682890.0,2026-08-20,SETTLEMENT,MATCHED,TRAIN
5993,TRD105846,ACC-EQ-CORE-02,INR,34518.0,34518.0,2026-08-11,SETTLEMENT,MATCHED,TEST
5994,TRD105847,ACC-EQ-CORE-02,INR,4270740.0,4270740.0,2026-08-19,SETTLEMENT,MATCHED,TEST
5995,TRD105848,ACC-EQ-CORE-01,INR,5703000.0,5703000.0,2026-08-16,SETTLEMENT,MATCHED,TRAIN
5996,TRD105849,ACC-EQ-CORE-01,INR,1431325.0,1431325.0,2026-08-08,SETTLEMENT,MATCHED,TRAIN
5997,TRD105850,ACC-EQ-INDEX-04,INR,189518.0,189518.0,2026-08-20,SETTLEMENT,MATCHED,TEST
5998,TRD105851,ACC-EQ-CORE-02,INR,25941460.0,25941460.0,2026-08-09,SETTLEMENT,MATCHED,TRAIN
5999,TRD105852,ACC-EQ-CORE-02,INR,3341140.0,3341140.0,2026-08-10,SETTLEMENT,MATCHED,TEST
6000,TRD105853,ACC-EQ-CORE-01,INR,1268190.0,1268190.0,2026-08-16,SETTLEMENT,MATCHED,TRAIN
6001,TRD105853,ACC-EQ-CORE-01,INR,1268190.0,1268190.0,2026-08-16,SETTLEMENT,MATCHED,TRAIN
6002,TRD105854,ACC-EQ-ALPHA-03,INR,1270425.0,1270425.0,2026-08-12,SETTLEMENT,MATCHED,TEST
6003,TRD105855,ACC-EQ-ALPHA-03,INR,1770180.0,1770180.0,2026-08-03,SETTLEMENT,MATCHED,TRAIN
6004,TRD105856,ACC-EQ-INDEX-04,INR,25882440.0,25882440.0,2026-08-09,SETTLEMENT,MATCHED,TRAIN
6005,TRD105857,ACC-EQ-INDEX-04,INR,61090.0,61090.0,2026-08-12,SETTLEMENT,MATCHED,TRAIN
6006,TRD105858,ACC-EQ-INDEX-04,INR,305840.0,305840.0,2026-08-03,SETTLEMENT,MATCHED,TRAIN
6007,TRD105859,ACC-EQ-CORE-02,INR,711417.5,711417.5,2026-08-05,SETTLEMENT,MATCHED,TRAIN
6008,TRD105860,ACC-EQ-CORE-01,INR,19397535.0,19397535.0,2026-08-10,SETTLEMENT,MATCHED,TRAIN
6009,TRD105861,ACC-EQ-CORE-01,INR,1180440.0,1180440.0,2026-08-11,SETTLEMENT,MATCHED,TRAIN
6010,TRD105862,ACC-EQ-CORE-01,INR,339202.0,339202.0,2026-08-21,SETTLEMENT,MATCHED,TEST
6011,TRD105863,ACC-EQ-INDEX-04,INR,572474.0,572474.0,2026-08-03,SETTLEMENT,MATCHED,TEST
6012,TRD105864,ACC-EQ-CORE-02,INR,3671230.0,3671230.0,2026-08-16,SETTLEMENT,MATCHED,TRAIN
6013,TRD105865,ACC-EQ-CORE-02,INR,1218060.0,1218060.0,2026-08-14,SETTLEMENT,MATCHED,TRAIN
6014,TRD105866,ACC-EQ-ALPHA-03,INR,2749200.0,2749200.0,2026-08-05,SETTLEMENT,MATCHED,TRAIN
6015,TRD105867,ACC-EQ-CORE-02,INR,93802.0,93802.0,2026-08-06,SETTLEMENT,MATCHED,TRAIN
6016,TRD105868,ACC-EQ-ALPHA-03,INR,631830.0,631830.0,2026-08-19,SETTLEMENT,MATCHED,TRAIN
6017,TRD105869,ACC-EQ-CORE-01,INR,168450.0,168450.0,2026-08-20,SETTLEMENT,MATCHED,TRAIN
6018,TRD105870,ACC-EQ-ALPHA-03,INR,2748380.0,2748380.0,2026-08-02,SETTLEMENT,MATCHED,TRAIN
6019,TRD105871,ACC-EQ-INDEX-04,INR,1197497.25,1460362.5,2026-08-07,SETTLEMENT,MATCHED,TRAIN
6020,TRD105872,ACC-EQ-INDEX-04,INR,305970.0,305970.0,2026-08-06,SETTLEMENT,MATCHED,TRAIN
6021,TRD105873,ACC-EQ-INDEX-04,INR,705825.0,705825.0,2026-08-03,SETTLEMENT,MATCHED,TRAIN
6022,TRD105874,ACC-EQ-ALPHA-03,INR,13031440.0,13031440.0,2026-08-04,SETTLEMENT,MATCHED,TRAIN
6023,TRD105875,ACC-EQ-CORE-02,INR,978480.0,978480.0,2026-08-17,SETTLEMENT,MATCHED,TRAIN
6024,TRD105876,ACC-EQ-CORE-01,INR,932175.0,932175.0,2026-08-22,SETTLEMENT,MATCHED,TRAIN
6025,TRD105877,ACC-EQ-CORE-02,INR,1838370.0,1838370.0,2026-08-07,SETTLEMENT,MATCHED,TRAIN
6026,TRD105878,ACC-EQ-CORE-02,INR,60840.0,60840.0,2026-08-14,SETTLEMENT,MATCHED,TRAIN
6027,TRD105879,ACC-EQ-CORE-01,INR,93638.0,93638.0,2026-08-11,SETTLEMENT,MATCHED,TEST
6028,TRD105880,ACC-EQ-INDEX-04,GBP,2126588.62,2054675.0,2026-08-05,SETTLEMENT,MATCHED,TRAIN
6029,TRD105881,ACC-EQ-INDEX-04,INR,2848720.0,2848720.0,2026-08-16,SETTLEMENT,MATCHED,TRAIN
6030,TRD105882,ACC-EQ-CORE-02,INR,1035210.0,1035210.0,2026-08-19,SETTLEMENT,MATCHED,TRAIN
6031,TRD105883,ACC-EQ-INDEX-04,INR,6461385.0,6461385.0,2026-08-06,SETTLEMENT,MATCHED,TRAIN
6032,TRD105884,ACC-EQ-CORE-02,INR,5478560.0,5478560.0,2026-08-13,SETTLEMENT,MATCHED,TRAIN
6033,TRD105885,ACC-EQ-INDEX-04,INR,195001.0,195001.0,2026-08-02,SETTLEMENT,MATCHED,TRAIN
6034,TRD105886,ACC-EQ-ALPHA-03,INR,7331660.0,7331660.0,2026-08-22,SETTLEMENT,MATCHED,TRAIN
6035,TRD105887,ACC-EQ-CORE-01,INR,488327.5,488327.5,2026-08-12,SETTLEMENT,MATCHED,TEST
6036,TRD105887,ACC-EQ-CORE-01,INR,488327.5,488327.5,2026-08-12,SETTLEMENT,MATCHED,TEST
6038,TRD105889,ACC-EQ-CORE-02,INR,3084885.0,3084885.0,2026-08-16,SETTLEMENT,MATCHED,TRAIN
6039,TRD105890,ACC-EQ-CORE-02,INR,353340.0,353340.0,2026-08-11,SETTLEMENT,MATCHED,TEST
6040,TRD105891,ACC-EQ-CORE-01,INR,2839830.0,2839830.0,2026-08-21,SETTLEMENT,MATCHED,TRAIN
6041,TRD105892,ACC-EQ-ALPHA-03,INR,13038190.0,13038190.0,2026-08-05,SETTLEMENT,MATCHED,TEST
6042,TRD105893,ACC-EQ-CORE-01,INR,235125.0,235125.0,2026-08-19,SETTLEMENT,MATCHED,TRAIN
6043,TRD105894,ACC-EQ-CORE-01,INR,701850.0,701850.0,2026-08-15,SETTLEMENT,MATCHED,TEST
6044,TRD105895,ACC-EQ-CORE-02,INR,4286475.0,4286475.0,2026-08-19,SETTLEMENT,MATCHED,TRAIN
6045,TRD105896,ACC-EQ-CORE-01,INR,2055415.0,2055415.0,2026-08-12,SETTLEMENT,MATCHED,TRAIN
6046,TRD105896,ACC-EQ-CORE-01,INR,2055415.0,2055415.0,2026-08-12,SETTLEMENT,MATCHED,TRAIN
6047,TRD105897,ACC-EQ-CORE-02,INR,5481320.0,5481320.0,2026-08-15,SETTLEMENT,MATCHED,TRAIN
6048,TRD105898,ACC-EQ-CORE-02,EUR,621792.0,609600.0,2026-08-09,SETTLEMENT,MATCHED,TRAIN
6049,TRD105899,ACC-EQ-CORE-01,INR,1236310.0,1236310.0,2026-08-12,SETTLEMENT,MATCHED,TRAIN
6050,TRD105900,ACC-EQ-INDEX-04,INR,4135730.0,4135730.0,2026-08-12,SETTLEMENT,MATCHED,TEST
6051,TRD105901,ACC-EQ-CORE-02,INR,845500.0,845500.0,2026-08-02,SETTLEMENT,MATCHED,TRAIN
6052,TRD105902,ACC-EQ-INDEX-04,INR,310087.5,310087.5,2026-08-14,SETTLEMENT,MATCHED,TRAIN
6053,TRD105903,ACC-EQ-ALPHA-03,INR,916260.0,916260.0,2026-08-16,SETTLEMENT,MATCHED,TEST
6054,TRD105904,ACC-EQ-INDEX-04,INR,424512.5,424512.5,2026-08-08,SETTLEMENT,MATCHED,TRAIN
6055,TRD105905,ACC-EQ-INDEX-04,INR,1677740.0,1677740.0,2026-08-10,SETTLEMENT,MATCHED,TRAIN
6056,TRD105906,ACC-EQ-CORE-02,INR,338320.0,338320.0,2026-08-08,SETTLEMENT,MATCHED,TRAIN
6057,TRD105907,ACC-EQ-CORE-02,INR,455887.5,455887.5,2026-08-07,SETTLEMENT,MATCHED,TRAIN
6058,TRD105908,ACC-EQ-ALPHA-03,INR,369366.0,369366.0,2026-08-14,SETTLEMENT,MATCHED,TRAIN
6059,TRD105909,ACC-EQ-ALPHA-03,INR,1472167.5,1472167.5,2026-08-05,SETTLEMENT,MATCHED,TRAIN
6060,TRD105910,ACC-EQ-CORE-02,INR,843720.0,843720.0,2026-08-19,SETTLEMENT,MATCHED,TRAIN
6061,TRD105911,ACC-EQ-CORE-02,INR,1832450.0,1832450.0,2026-08-02,SETTLEMENT,MATCHED,TRAIN
6062,TRD105912,ACC-EQ-CORE-02,INR,841210.0,841210.0,2026-08-07,SETTLEMENT,MATCHED,TEST
6065,TRD105915,ACC-EQ-INDEX-04,INR,2053120.0,2053120.0,2026-08-13,SETTLEMENT,MATCHED,TRAIN
6066,TRD105916,ACC-EQ-ALPHA-03,INR,19549290.0,19549290.0,2026-08-12,SETTLEMENT,MATCHED,TRAIN
6067,TRD105917,ACC-EQ-CORE-02,INR,2478780.0,2478780.0,2026-08-18,SETTLEMENT,MATCHED,TRAIN
6068,TRD105918,ACC-EQ-CORE-02,INR,715127.5,715127.5,2026-08-19,SETTLEMENT,MATCHED,TRAIN
6069,TRD105919,ACC-EQ-CORE-02,INR,3395440.0,3395440.0,2026-08-08,SETTLEMENT,MATCHED,TEST
6070,TRD105920,ACC-EQ-INDEX-04,INR,843035.0,843035.0,2026-08-19,SETTLEMENT,MATCHED,TRAIN
6071,TRD105921,ACC-EQ-CORE-01,INR,8213280.0,8213280.0,2026-08-14,SETTLEMENT,MATCHED,TRAIN
6072,TRD105922,ACC-EQ-ALPHA-03,INR,2508060.0,2508060.0,2026-08-03,SETTLEMENT,MATCHED,TEST
6073,TRD105923,ACC-EQ-ALPHA-03,INR,248486.0,248486.0,2026-08-15,SETTLEMENT,MATCHED,TRAIN
6074,TRD105924,ACC-EQ-CORE-01,INR,1294479.0,1294479.0,2026-08-05,SETTLEMENT,MATCHED,TRAIN
6075,TRD105925,ACC-EQ-CORE-02,INR,847470.0,847470.0,2026-08-15,SETTLEMENT,MATCHED,TRAIN
6076,TRD105926,ACC-EQ-ALPHA-03,INR,843960.0,843960.0,2026-08-11,SETTLEMENT,MATCHED,TEST
6077,TRD105927,ACC-EQ-CORE-01,INR,1605444.75,1764225.0,2026-08-20,SETTLEMENT,MATCHED,TEST
6078,TRD105928,ACC-EQ-CORE-01,INR,195592.0,195592.0,2026-08-18,SETTLEMENT,MATCHED,TRAIN
6079,TRD105929,ACC-EQ-INDEX-04,INR,2541870.0,2541870.0,2026-08-03,SETTLEMENT,MATCHED,TEST
6080,TRD105930,ACC-EQ-INDEX-04,INR,1862895.0,1862895.0,2026-08-22,SETTLEMENT,MATCHED,TRAIN
6081,TRD105931,ACC-EQ-CORE-01,INR,1176700.0,1176700.0,2026-08-22,SETTLEMENT,MATCHED,TEST
6082,TRD105932,ACC-EQ-CORE-01,INR,43285.0,43285.0,2026-08-10,SETTLEMENT,MATCHED,TEST
6083,TRD105933,ACC-EQ-INDEX-04,INR,3382340.0,3382340.0,2026-08-11,SETTLEMENT,MATCHED,TRAIN
6084,TRD105934,ACC-EQ-CORE-01,INR,3258277.5,3258277.5,2026-08-15,SETTLEMENT,MATCHED,TRAIN
6085,TRD105935,ACC-EQ-CORE-02,INR,128887.5,128887.5,2026-08-08,SETTLEMENT,MATCHED,TRAIN
6086,TRD105936,ACC-EQ-CORE-01,INR,933832.5,933832.5,2026-08-02,SETTLEMENT,MATCHED,TRAIN
6087,TRD105937,ACC-EQ-ALPHA-03,INR,195936.0,195936.0,2026-08-07,SETTLEMENT,MATCHED,TRAIN
6088,TRD105938,ACC-EQ-CORE-01,INR,946675.0,946675.0,2026-08-02,SETTLEMENT,MATCHED,TRAIN
6089,TRD105939,ACC-EQ-CORE-02,INR,3367080.0,3367080.0,2026-08-19,SETTLEMENT,MATCHED,TRAIN
6090,TRD105940,ACC-EQ-ALPHA-03,INR,980550.0,980550.0,2026-08-17,SETTLEMENT,MATCHED,TRAIN
6091,TRD105941,ACC-EQ-CORE-02,INR,1178560.0,1178560.0,2026-08-04,SETTLEMENT,MATCHED,TRAIN
6092,TRD105942,ACC-EQ-CORE-01,INR,684042.5,684042.5,2026-08-07,SETTLEMENT,MATCHED,TRAIN
6093,TRD105943,ACC-EQ-ALPHA-03,INR,683295.0,683295.0,2026-08-20,SETTLEMENT,MATCHED,TRAIN
6094,TRD105944,ACC-EQ-CORE-01,INR,8272240.0,8272240.0,2026-08-19,SETTLEMENT,MATCHED,TRAIN
6095,TRD105945,ACC-EQ-CORE-01,INR,2527140.0,2527140.0,2026-08-03,SETTLEMENT,MATCHED,TRAIN
6096,TRD105946,ACC-EQ-CORE-01,INR,306660.0,306660.0,2026-08-06,SETTLEMENT,MATCHED,TRAIN
6097,TRD105947,ACC-EQ-CORE-02,INR,129000.0,129000.0,2026-08-09,SETTLEMENT,MATCHED,TRAIN
6098,TRD105948,ACC-EQ-CORE-02,INR,712527.5,712527.5,2026-08-21,SETTLEMENT,MATCHED,TRAIN
6099,TRD105949,ACC-EQ-CORE-01,INR,1840180.0,1840180.0,2026-08-11,SETTLEMENT,MATCHED,TRAIN
6100,TRD105950,ACC-EQ-ALPHA-03,INR,702330.0,702330.0,2026-08-08,SETTLEMENT,MATCHED,TRAIN
6101,TRD105951,ACC-EQ-CORE-02,INR,13010810.0,13010810.0,2026-08-02,SETTLEMENT,MATCHED,TRAIN
6102,TRD105952,ACC-EQ-INDEX-04,INR,5527980.0,5527980.0,2026-08-05,SETTLEMENT,MATCHED,TEST
6103,TRD105953,ACC-EQ-ALPHA-03,INR,3247945.0,3247945.0,2026-08-03,SETTLEMENT,MATCHED,TRAIN
6104,TRD105954,ACC-EQ-INDEX-04,INR,84775.0,84775.0,2026-08-10,SETTLEMENT,MATCHED,TRAIN
6105,TRD105955,ACC-EQ-CORE-02,INR,84844.0,84844.0,2026-08-05,SETTLEMENT,MATCHED,TRAIN
6106,TRD105956,ACC-EQ-CORE-01,INR,934700.0,934700.0,2026-08-03,SETTLEMENT,MATCHED,TRAIN
6107,TRD105957,ACC-EQ-CORE-02,INR,928342.5,928342.5,2026-08-20,SETTLEMENT,MATCHED,TRAIN
6108,TRD105958,ACC-EQ-CORE-01,INR,122036.0,122036.0,2026-08-17,SETTLEMENT,MATCHED,TRAIN
6109,TRD105959,ACC-EQ-ALPHA-03,INR,1254600.0,1254600.0,2026-08-18,SETTLEMENT,MATCHED,TRAIN
6110,TRD105960,ACC-EQ-ALPHA-03,INR,1695500.0,1695500.0,2026-08-17,SETTLEMENT,MATCHED,TRAIN
6111,TRD105961,ACC-EQ-CORE-02,INR,2546895.0,2546895.0,2026-08-16,SETTLEMENT,MATCHED,TRAIN
6112,TRD105962,ACC-EQ-CORE-01,INR,169492.0,169492.0,2026-08-17,SETTLEMENT,MATCHED,TRAIN
6113,TRD105963,ACC-EQ-CORE-02,INR,570346.0,570346.0,2026-08-08,SETTLEMENT,MATCHED,TRAIN
6114,TRD105964,ACC-EQ-ALPHA-03,INR,212015.0,212015.0,2026-08-20,SETTLEMENT,MATCHED,TRAIN
6115,TRD105965,ACC-EQ-INDEX-04,INR,620900.0,620900.0,2026-08-13,SETTLEMENT,MATCHED,TRAIN
6116,TRD105966,ACC-EQ-INDEX-04,INR,2838510.0,2838510.0,2026-08-12,SETTLEMENT,MATCHED,TRAIN
6117,TRD105967,ACC-EQ-CORE-01,INR,2833140.0,2833140.0,2026-08-11,SETTLEMENT,MATCHED,TRAIN
6118,TRD105968,ACC-EQ-CORE-01,INR,390856.0,390856.0,2026-08-14,SETTLEMENT,MATCHED,TRAIN
6119,TRD105969,ACC-EQ-CORE-01,INR,210895.0,210895.0,2026-08-22,SETTLEMENT,MATCHED,TEST
6120,TRD105970,ACC-EQ-CORE-02,INR,422745.0,422745.0,2026-08-10,SETTLEMENT,MATCHED,TRAIN
6121,TRD105971,ACC-EQ-ALPHA-03,INR,1431755.0,1431755.0,2026-08-13,SETTLEMENT,MATCHED,TEST
6122,TRD105972,ACC-EQ-ALPHA-03,INR,911325.0,911325.0,2026-08-22,SETTLEMENT,MATCHED,TRAIN
6123,TRD105972,ACC-EQ-ALPHA-03,INR,911325.0,911325.0,2026-08-22,SETTLEMENT,MATCHED,TRAIN
6124,TRD105973,ACC-EQ-CORE-01,INR,3794960.0,3794960.0,2026-08-11,SETTLEMENT,MATCHED,TRAIN
6125,TRD105974,ACC-EQ-ALPHA-03,INR,3094252.5,3094252.5,2026-08-21,SETTLEMENT,MATCHED,TEST
6126,TRD105975,ACC-EQ-INDEX-04,INR,635640.0,635640.0,2026-08-08,SETTLEMENT,MATCHED,TRAIN
6127,TRD105976,ACC-EQ-INDEX-04,INR,2143455.0,2143455.0,2026-08-21,SETTLEMENT,MATCHED,TRAIN
6128,TRD105977,ACC-EQ-ALPHA-03,INR,736790.0,736790.0,2026-08-13,SETTLEMENT,MATCHED,TRAIN
6129,TRD105978,ACC-EQ-CORE-02,INR,234705.0,234705.0,2026-08-05,SETTLEMENT,MATCHED,TRAIN
6130,TRD105979,ACC-EQ-CORE-01,INR,2849650.0,2849650.0,2026-08-14,SETTLEMENT,MATCHED,TRAIN
6131,TRD105980,ACC-EQ-INDEX-04,INR,367254.0,367254.0,2026-08-05,SETTLEMENT,MATCHED,TRAIN
6132,TRD105981,ACC-EQ-CORE-02,INR,1272750.0,1272750.0,2026-08-03,SETTLEMENT,MATCHED,TRAIN
6133,TRD105982,ACC-EQ-INDEX-04,INR,345460.0,345460.0,2026-08-04,SETTLEMENT,MATCHED,TRAIN
6134,TRD105983,ACC-EQ-INDEX-04,INR,1690510.0,1690510.0,2026-08-07,SETTLEMENT,MATCHED,TEST
6135,TRD105984,ACC-EQ-ALPHA-03,INR,247214.0,247214.0,2026-08-10,SETTLEMENT,MATCHED,TRAIN
6136,TRD105985,ACC-EQ-INDEX-04,INR,5517420.0,5517420.0,2026-08-05,SETTLEMENT,MATCHED,TRAIN
6137,TRD105986,ACC-EQ-CORE-02,INR,5501860.0,5501860.0,2026-08-19,SETTLEMENT,MATCHED,TRAIN
6138,TRD105987,ACC-EQ-ALPHA-03,INR,3790360.0,3790360.0,2026-08-21,SETTLEMENT,MATCHED,TEST
6139,TRD105988,ACC-EQ-ALPHA-03,INR,248470.0,248470.0,2026-08-14,SETTLEMENT,MATCHED,TRAIN
6140,TRD105989,ACC-EQ-ALPHA-03,INR,611430.0,611430.0,2026-08-19,SETTLEMENT,MATCHED,TEST
6141,TRD105990,ACC-EQ-INDEX-04,INR,233420.0,233420.0,2026-08-10,SETTLEMENT,MATCHED,TRAIN
6142,TRD105991,ACC-EQ-INDEX-04,INR,335140.0,335140.0,2026-08-13,SETTLEMENT,MATCHED,TRAIN
6143,TRD105992,ACC-EQ-ALPHA-03,INR,5719340.0,5719340.0,2026-08-15,SETTLEMENT,MATCHED,TRAIN
6144,TRD105993,ACC-EQ-CORE-01,INR,734344.0,734344.0,2026-08-11,SETTLEMENT,MATCHED,TRAIN
6145,TRD105994,ACC-EQ-INDEX-04,INR,455640.0,455640.0,2026-08-16,SETTLEMENT,MATCHED,TRAIN
6146,TRD105995,ACC-EQ-INDEX-04,INR,947740.0,947740.0,2026-08-05,SETTLEMENT,MATCHED,TEST
6147,TRD105996,ACC-EQ-CORE-02,INR,274408.0,274408.0,2026-08-21,SETTLEMENT,MATCHED,TRAIN
6148,TRD105997,ACC-EQ-ALPHA-03,INR,917060.0,917060.0,2026-08-19,SETTLEMENT,MATCHED,TRAIN
6149,TRD105998,ACC-EQ-INDEX-04,INR,3796620.0,3796620.0,2026-08-10,SETTLEMENT,MATCHED,TEST
6150,TRD105999,ACC-EQ-INDEX-04,INR,171790.0,171790.0,2026-08-22,SETTLEMENT,MATCHED,TRAIN
