position_id,trade_id,security,portfolio,expected_quantity,actual_quantity,as_of_date,source,split
1,TRD100000,KOTAKBANK,EQ-CORE-02,200,200,2026-08-10,CUSTODIAN,TRAIN
2,TRD100001,WIPRO,EQ-INDEX-04,200,200,2026-08-19,CUSTODIAN,TRAIN
3,TRD100002,RELIANCE,EQ-CORE-01,200,0,2026-08-18,MISSING,TEST
4,TRD100003,WIPRO,EQ-CORE-01,1500,1500,2026-08-20,CUSTODIAN,TRAIN
5,TRD100004,WIPRO,EQ-ALPHA-03,1500,1500,2026-08-06,CUSTODIAN,TEST
6,TRD100005,TCS,EQ-ALPHA-03,1500,1500,2026-08-13,CUSTODIAN,TEST
7,TRD100006,WIPRO,EQ-ALPHA-03,2000,2000,2026-08-14,CUSTODIAN,TRAIN
8,TRD100007,AXISBANK,EQ-CORE-02,500,500,2026-08-03,CUSTODIAN,TRAIN
9,TRD100008,TCS,EQ-INDEX-04,500,500,2026-08-14,CUSTODIAN,TEST
10,TRD100009,INFY,EQ-CORE-01,1000,1000,2026-08-10,CUSTODIAN,TRAIN
11,TRD100010,LT,EQ-CORE-02,500,500,2026-08-14,CUSTODIAN,TRAIN
12,TRD100011,MARUTI,EQ-INDEX-04,100,100,2026-08-03,CUSTODIAN,TRAIN
13,TRD100012,TCS,EQ-ALPHA-03,500,1350,2026-08-20,CUSTODIAN,TRAIN
14,TRD100013,KOTAKBANK,EQ-CORE-02,2000,2000,2026-08-22,CUSTODIAN,TEST
15,TRD100014,INFY,EQ-INDEX-04,500,500,2026-08-19,CUSTODIAN,TRAIN
16,TRD100015,SBIN,EQ-INDEX-04,500,500,2026-08-06,CUSTODIAN,TRAIN
17,TRD100016,HINDUNILVR,EQ-CORE-02,100,100,2026-08-06,CUSTODIAN,TEST
18,TRD100017,AXISBANK,EQ-ALPHA-03,200,200,2026-08-21,CUSTODIAN,TEST
19,TRD100018,KOTAKBANK,EQ-ALPHA-03,200,200,2026-08-19,CUSTODIAN,TRAIN
20,TRD100019,ICICIBANK,EQ-ALPHA-03,1500,1500,2026-08-03,CUSTODIAN,TRAIN
21,TRD100020,LT,EQ-CORE-02,200,200,2026-08-11,CUSTODIAN,TRAIN
22,TRD100021,SBIN,EQ-ALPHA-03,250,250,2026-08-18,CUSTODIAN,TRAIN
23,TRD100022,RELIANCE,EQ-CORE-01,200,200,2026-08-11,CUSTODIAN,TRAIN
24,TRD100023,TATASTEEL,EQ-CORE-02,200,200,2026-08-17,CUSTODIAN,TRAIN
25,TRD100024,KOTAKBANK,EQ-INDEX-04,2000,2000,2026-08-07,CUSTODIAN,TEST
26,TRD100025,TATASTEEL,EQ-ALPHA-03,500,500,2026-08-14,CUSTODIAN,TEST
27,TRD100026,TATASTEEL,EQ-ALPHA-03,2000,2000,2026-08-09,CUSTODIAN,TRAIN
28,TRD100027,AXISBANK,EQ-CORE-01,500,500,2026-08-02,CUSTODIAN,TRAIN
29,TRD100028,TCS,EQ-CORE-02,100,100,2026-08-04,CUSTODIAN,TEST
30,TRD100029,KOTAKBANK,EQ-INDEX-04,2000,2000,2026-08-06,CUSTODIAN,TRAIN
31,TRD100030,HINDUNILVR,EQ-CORE-01,2000,3400,2026-08-08,CUSTODIAN,TRAIN
32,TRD100031,SBIN,EQ-CORE-01,1500,1500,2026-08-03,CUSTODIAN,TRAIN
33,TRD100032,BHARTIARTL,EQ-CORE-02,1000,1000,2026-08-05,CUSTODIAN,TRAIN
34,TRD100033,LT,EQ-INDEX-04,2000,2000,2026-08-07,CUSTODIAN,TRAIN
35,TRD100034,MARUTI,EQ-CORE-01,200,200,2026-08-19,CUSTODIAN,TRAIN
36,TRD100035,TCS,EQ-CORE-02,500,500,2026-08-17,CUSTODIAN,TRAIN
37,TRD100036,TATASTEEL,EQ-ALPHA-03,100,100,2026-08-02,CUSTODIAN,TEST
38,TRD100037,ICICIBANK,EQ-INDEX-04,1500,1500,2026-08-19,CUSTODIAN,TEST
39,TRD100038,HDFCBANK,EQ-CORE-01,750,750,2026-08-03,CUSTODIAN,TRAIN
40,TRD100039,RELIANCE,EQ-CORE-02,100,100,2026-08-18,CUSTODIAN,TRAIN
41,TRD100040,LT,EQ-CORE-01,200,200,2026-08-04,CUSTODIAN,TRAIN
42,TRD100041,BHARTIARTL,EQ-CORE-01,200,200,2026-08-20,CUSTODIAN,TRAIN
43,TRD100042,BHARTIARTL,EQ-ALPHA-03,1000,1000,2026-08-08,CUSTODIAN,TRAIN
44,TRD100043,ICICIBANK,EQ-INDEX-04,1500,1500,2026-08-22,CUSTODIAN,TRAIN
45,TRD100044,TATASTEEL,EQ-CORE-01,200,200,2026-08-21,CUSTODIAN,TRAIN
46,TRD100045,LT,EQ-CORE-01,500,500,2026-08-06,CUSTODIAN,TEST
47,TRD100046,SBIN,EQ-ALPHA-03,750,750,2026-08-19,CUSTODIAN,TEST
48,TRD100047,KOTAKBANK,EQ-ALPHA-03,750,975,2026-08-05,CUSTODIAN,TRAIN
49,TRD100048,TATASTEEL,EQ-ALPHA-03,200,200,2026-08-06,CUSTODIAN,TRAIN
50,TRD100049,WIPRO,EQ-INDEX-04,1000,1000,2026-08-22,CUSTODIAN,TRAIN
51,TRD100050,TATASTEEL,EQ-CORE-01,100,100,2026-08-15,CUSTODIAN,TRAIN
52,TRD100051,SBIN,EQ-INDEX-04,250,250,2026-08-10,CUSTODIAN,TRAIN
53,TRD100052,LT,EQ-CORE-01,100,100,2026-08-06,CUSTODIAN,TRAIN
54,TRD100053,AXISBANK,EQ-ALPHA-03,250,250,2026-08-03,CUSTODIAN,TRAIN
55,TRD100054,TATASTEEL,EQ-CORE-01,1000,1000,2026-08-09,CUSTODIAN,TRAIN
56,TRD100055,HINDUNILVR,EQ-CORE-02,1500,1500,2026-08-06,CUSTODIAN,TRAIN
57,TRD100056,TATASTEEL,EQ-CORE-02,1500,1500,2026-08-12,CUSTODIAN,TEST
58,TRD100057,INFY,EQ-CORE-02,200,200,2026-08-03,CUSTODIAN,TRAIN
59,TRD100058,MARUTI,EQ-CORE-01,2000,2000,2026-08-09,CUSTODIAN,TRAIN
60,TRD100059,BHARTIARTL,EQ-ALPHA-03,1000,1000,2026-08-04,CUSTODIAN,TRAIN
61,TRD100060,KOTAKBANK,EQ-CORE-02,1000,1000,2026-08-05,CUSTODIAN,TRAIN
62,TRD100061,RELIANCE,EQ-ALPHA-03,200,200,2026-08-13,CUSTODIAN,TRAIN
63,TRD100062,AXISBANK,EQ-ALPHA-03,200,200,2026-08-20,CUSTODIAN,TRAIN
64,TRD100063,WIPRO,EQ-CORE-02,1500,1500,2026-08-19,CUSTODIAN,TRAIN
65,TRD100064,BHARTIARTL,EQ-ALPHA-03,200,200,2026-08-12,CUSTODIAN,TRAIN
66,TRD100065,WIPRO,EQ-INDEX-04,750,750,2026-08-15,CUSTODIAN,TRAIN
67,TRD100066,LT,EQ-CORE-02,250,250,2026-08-14,CUSTODIAN,TRAIN
68,TRD100067,BHARTIARTL,EQ-ALPHA-03,100,100,2026-08-08,CUSTODIAN,TRAIN
69,TRD100068,ITC,EQ-CORE-02,2000,2000,2026-08-18,CUSTODIAN,TRAIN
70,TRD100069,ICICIBANK,EQ-ALPHA-03,1000,0,2026-08-09,MISSING,TRAIN
71,TRD100070,HINDUNILVR,EQ-INDEX-04,500,500,2026-08-03,CUSTODIAN,TEST
72,TRD100071,ITC,EQ-INDEX-04,1500,1500,2026-08-20,CUSTODIAN,TRAIN
73,TRD100072,BHARTIARTL,EQ-INDEX-04,500,500,2026-08-02,CUSTODIAN,TRAIN
74,TRD100073,INFY,EQ-INDEX-04,2000,2000,2026-08-09,CUSTODIAN,TRAIN
75,TRD100074,HINDUNILVR,EQ-ALPHA-03,2000,2000,2026-08-19,CUSTODIAN,TRAIN
76,TRD100075,AXISBANK,EQ-CORE-02,1500,1500,2026-08-19,CUSTODIAN,TEST
77,TRD100076,ITC,EQ-INDEX-04,750,750,2026-08-22,CUSTODIAN,TEST
78,TRD100077,ICICIBANK,EQ-ALPHA-03,2000,2000,2026-08-11,CUSTODIAN,TRAIN
79,TRD100078,SBIN,EQ-CORE-02,200,200,2026-08-09,CUSTODIAN,TEST
80,TRD100079,TCS,EQ-INDEX-04,1500,1500,2026-08-19,CUSTODIAN,TRAIN
81,TRD100080,HDFCBANK,EQ-CORE-01,1500,1500,2026-08-20,CUSTODIAN,TRAIN
82,TRD100081,ITC,EQ-INDEX-04,100,100,2026-08-11,CUSTODIAN,TRAIN
83,TRD100082,ITC,EQ-INDEX-04,500,500,2026-08-17,CUSTODIAN,TRAIN
84,TRD100083,KOTAKBANK,EQ-CORE-01,1500,1860,2026-08-16,CUSTODIAN,TRAIN
85,TRD100084,AXISBANK,EQ-INDEX-04,100,100,2026-08-15,CUSTODIAN,TRAIN
86,TRD100085,RELIANCE,EQ-ALPHA-03,750,750,2026-08-08,CUSTODIAN,TEST
87,TRD100086,HINDUNILVR,EQ-CORE-01,1500,1500,2026-08-15,CUSTODIAN,TRAIN
88,TRD100087,RELIANCE,EQ-CORE-01,100,0,2026-08-13,MISSING,TRAIN
89,TRD100088,HINDUNILVR,EQ-CORE-02,100,100,2026-08-08,CUSTODIAN,TRAIN
90,TRD100089,INFY,EQ-INDEX-04,2000,2000,2026-08-20,CUSTODIAN,TRAIN
91,TRD100090,HINDUNILVR,EQ-CORE-01,1000,1000,2026-08-21,CUSTODIAN,TRAIN
92,TRD100091,ICICIBANK,EQ-INDEX-04,200,200,2026-08-11,CUSTODIAN,TRAIN
93,TRD100092,WIPRO,EQ-CORE-01,500,500,2026-08-22,CUSTODIAN,TRAIN
94,TRD100093,MARUTI,EQ-ALPHA-03,200,200,2026-08-20,CUSTODIAN,TRAIN
95,TRD100094,KOTAKBANK,EQ-CORE-01,1000,1000,2026-08-22,CUSTODIAN,TEST
96,TRD100095,MARUTI,EQ-INDEX-04,2000,2000,2026-08-13,CUSTODIAN,TRAIN
97,TRD100096,BHARTIARTL,EQ-INDEX-04,250,250,2026-08-22,CUSTODIAN,TRAIN
98,TRD100097,BHARTIARTL,EQ-ALPHA-03,750,750,2026-08-09,CUSTODIAN,TRAIN
99,TRD100098,HDFCBANK,EQ-CORE-01,2000,2000,2026-08-14,CUSTODIAN,TRAIN
100,TRD100099,MARUTI,EQ-ALPHA-03,1000,1000,2026-08-08,CUSTODIAN,TRAIN
101,TRD100100,ICICIBANK,EQ-CORE-01,750,1275,2026-08-18,CUSTODIAN,TRAIN
102,TRD100101,WIPRO,EQ-INDEX-04,1500,1500,2026-08-09,CUSTODIAN,TRAIN
103,TRD100102,ITC,EQ-CORE-02,100,100,2026-08-09,CUSTODIAN,TRAIN
104,TRD100103,KOTAKBANK,EQ-INDEX-04,1000,1000,2026-08-18,CUSTODIAN,TRAIN
105,TRD100104,SBIN,EQ-CORE-01,2000,2000,2026-08-10,CUSTODIAN,TRAIN
106,TRD100105,SBIN,EQ-CORE-02,200,200,2026-08-07,CUSTODIAN,TEST
107,TRD100106,ICICIBANK,EQ-CORE-02,750,750,2026-08-08,CUSTODIAN,TEST
108,TRD100107,INFY,EQ-ALPHA-03,750,750,2026-08-19,CUSTODIAN,TRAIN
109,TRD100108,RELIANCE,EQ-INDEX-04,750,750,2026-08-06,CUSTODIAN,TRAIN
110,TRD100109,MARUTI,EQ-INDEX-04,100,100,2026-08-17,CUSTODIAN,TRAIN
111,TRD100110,INFY,EQ-CORE-01,100,100,2026-08-17,CUSTODIAN,TRAIN
112,TRD100111,ITC,EQ-CORE-02,200,200,2026-08-03,CUSTODIAN,TRAIN
113,TRD100112,TCS,EQ-CORE-02,500,500,2026-08-15,CUSTODIAN,TRAIN
114,TRD100113,ITC,EQ-ALPHA-03,2000,2000,2026-08-20,CUSTODIAN,TRAIN
115,TRD100114,AXISBANK,EQ-CORE-02,200,200,2026-08-08,CUSTODIAN,TEST
116,TRD100115,KOTAKBANK,EQ-CORE-01,200,200,2026-08-07,CUSTODIAN,TRAIN
117,TRD100116,RELIANCE,EQ-ALPHA-03,1500,1500,2026-08-21,CUSTODIAN,TRAIN
118,TRD100117,HDFCBANK,EQ-CORE-02,750,750,2026-08-16,CUSTODIAN,TEST
119,TRD100118,HINDUNILVR,EQ-CORE-02,500,500,2026-08-19,CUSTODIAN,TRAIN
120,TRD100119,MARUTI,EQ-ALPHA-03,250,250,2026-08-07,CUSTODIAN,TRAIN
121,TRD100120,TCS,EQ-INDEX-04,2000,2000,2026-08-14,CUSTODIAN,TRAIN
122,TRD100121,TCS,EQ-ALPHA-03,100,100,2026-08-12,CUSTODIAN,TRAIN
123,TRD100122,TCS,EQ-CORE-01,500,500,2026-08-20,CUSTODIAN,TEST
124,TRD100123,AXISBANK,EQ-INDEX-04,100,100,2026-08-07,CUSTODIAN,TEST
125,TRD100124,INFY,EQ-INDEX-04,1500,1500,2026-08-17,CUSTODIAN,TRAIN
126,TRD100125,BHARTIARTL,EQ-ALPHA-03,1000,1000,2026-08-05,CUSTODIAN,TRAIN
127,TRD100126,WIPRO,EQ-CORE-01,2000,2000,2026-08-14,CUSTODIAN,TEST
128,TRD100127,TCS,EQ-CORE-01,1000,1000,2026-08-05,CUSTODIAN,TRAIN
129,TRD100128,BHARTIARTL,EQ-INDEX-04,100,100,2026-08-13,CUSTODIAN,TRAIN
130,TRD100129,HINDUNILVR,EQ-ALPHA-03,100,100,2026-08-19,CUSTODIAN,TRAIN
131,TRD100130,TATASTEEL,EQ-CORE-02,2000,2000,2026-08-22,CUSTODIAN,TRAIN
132,TRD100131,ICICIBANK,EQ-CORE-01,100,100,2026-08-04,CUSTODIAN,TEST
133,TRD100132,TCS,EQ-ALPHA-03,250,250,2026-08-11,CUSTODIAN,TEST
134,TRD100133,MARUTI,EQ-CORE-02,2000,6400,2026-08-09,CUSTODIAN,TEST
135,TRD100134,HDFCBANK,EQ-ALPHA-03,250,250,2026-08-10,CUSTODIAN,TRAIN
136,TRD100135,MARUTI,EQ-INDEX-04,100,100,2026-08-11,CUSTODIAN,TRAIN
137,TRD100136,ITC,EQ-INDEX-04,2000,2000,2026-08-19,CUSTODIAN,TEST
138,TRD100137,TATASTEEL,EQ-INDEX-04,1000,1000,2026-08-09,CUSTODIAN,TRAIN
139,TRD100138,MARUTI,EQ-INDEX-04,1500,1500,2026-08-17,CUSTODIAN,TRAIN
140,TRD100139,KOTAKBANK,EQ-ALPHA-03,250,250,2026-08-03,CUSTODIAN,TRAIN
141,TRD100140,MARUTI,EQ-CORE-02,2000,2000,2026-08-16,CUSTODIAN,TRAIN
142,TRD100141,MARUTI,EQ-INDEX-04,250,250,2026-08-10,CUSTODIAN,TRAIN
143,TRD100142,MARUTI,EQ-ALPHA-03,1000,1000,2026-08-19,CUSTODIAN,TRAIN
144,TRD100143,MARUTI,EQ-ALPHA-03,100,100,2026-08-09,CUSTODIAN,TRAIN
145,TRD100144,WIPRO,EQ-CORE-01,200,200,2026-08-05,CUSTODIAN,TRAIN
146,TRD100145,INFY,EQ-CORE-01,750,750,2026-08-03,CUSTODIAN,TEST
147,TRD100146,SBIN,EQ-INDEX-04,1000,1000,2026-08-09,CUSTODIAN,TRAIN
148,TRD100147,INFY,EQ-CORE-02,250,250,2026-08-14,CUSTODIAN,TRAIN
149,TRD100148,TATASTEEL,EQ-INDEX-04,250,250,2026-08-22,CUSTODIAN,TEST
150,TRD100149,KOTAKBANK,EQ-CORE-02,100,100,2026-08-16,CUSTODIAN,TRAIN
151,TRD100150,ITC,EQ-INDEX-04,1000,1000,2026-08-11,CUSTODIAN,TRAIN
152,TRD100151,ITC,EQ-CORE-01,750,750,2026-08-14,CUSTODIAN,TEST
153,TRD100152,BHARTIARTL,EQ-INDEX-04,1000,0,2026-08-11,MISSING,TEST
154,TRD100153,RELIANCE,EQ-CORE-02,100,100,2026-08-17,CUSTODIAN,TRAIN
155,TRD100154,HDFCBANK,EQ-CORE-01,500,500,2026-08-06,CUSTODIAN,TRAIN
156,TRD100155,ICICIBANK,EQ-CORE-02,2000,2000,2026-08-13,CUSTODIAN,TRAIN
157,TRD100156,TATASTEEL,EQ-CORE-02,750,750,2026-08-15,CUSTODIAN,TRAIN
158,TRD100157,HINDUNILVR,EQ-ALPHA-03,1000,1000,2026-08-10,CUSTODIAN,TEST
159,TRD100158,HINDUNILVR,EQ-INDEX-04,750,750,2026-08-12,CUSTODIAN,TEST
160,TRD100159,INFY,EQ-ALPHA-03,500,500,2026-08-14,CUSTODIAN,TRAIN
161,TRD100160,HINDUNILVR,EQ-INDEX-04,1500,1500,2026-08-19,CUSTODIAN,TRAIN
162,TRD100161,KOTAKBANK,EQ-CORE-01,750,750,2026-08-22,CUSTODIAN,TEST
163,TRD100162,ITC,EQ-CORE-02,100,100,2026-08-19,CUSTODIAN,TEST
164,TRD100163,KOTAKBANK,EQ-INDEX-04,2000,2000,2026-08-11,CUSTODIAN,TEST
165,TRD100164,INFY,EQ-CORE-01,100,100,2026-08-11,CUSTODIAN,TRAIN
166,TRD100165,HDFCBANK,EQ-INDEX-04,250,250,2026-08-13,CUSTODIAN,TRAIN
167,TRD100166,TATASTEEL,EQ-INDEX-04,1500,1500,2026-08-17,CUSTODIAN,TRAIN
168,TRD100167,RELIANCE,EQ-ALPHA-03,1000,1000,2026-08-16,CUSTODIAN,TRAIN
169,TRD100168,KOTAKBANK,EQ-CORE-01,1000,1000,2026-08-22,CUSTODIAN,TRAIN
170,TRD100169,ICICIBANK,EQ-CORE-02,500,500,2026-08-16,CUSTODIAN,TEST
171,TRD100170,RELIANCE,EQ-CORE-02,1000,1000,2026-08-06,CUSTODIAN,TRAIN
172,TRD100171,MARUTI,EQ-CORE-02,500,500,2026-08-09,CUSTODIAN,TRAIN
173,TRD100172,ICICIBANK,EQ-CORE-02,250,250,2026-08-19,CUSTODIAN,TEST
174,TRD100173,KOTAKBANK,EQ-ALPHA-03,100,100,2026-08-13,CUSTODIAN,TRAIN
175,TRD100174,INFY,EQ-CORE-01,750,878,2026-08-15,CUSTODIAN,TRAIN
176,TRD100175,ITC,EQ-CORE-01,2000,2000,2026-08-18,CUSTODIAN,TRAIN
177,TRD100176,LT,EQ-ALPHA-03,500,500,2026-08-03,CUSTODIAN,TRAIN
178,TRD100177,KOTAKBANK,EQ-INDEX-04,100,100,2026-08-17,CUSTODIAN,TEST
179,TRD100178,ITC,EQ-CORE-02,2000,2000,2026-08-04,CUSTODIAN,TRAIN
180,TRD100179,INFY,EQ-ALPHA-03,750,750,2026-08-20,CUSTODIAN,TRAIN
181,TRD100180,AXISBANK,EQ-CORE-01,750,1350,2026-08-21,CUSTODIAN,TRAIN
182,TRD100181,MARUTI,EQ-ALPHA-03,500,500,2026-08-09,CUSTODIAN,TEST
183,TRD100182,BHARTIARTL,EQ-ALPHA-03,1500,1500,2026-08-12,CUSTODIAN,TRAIN
184,TRD100183,SBIN,EQ-CORE-01,250,250,2026-08-17,CUSTODIAN,TEST
185,TRD100184,TCS,EQ-CORE-01,1500,1500,2026-08-13,CUSTODIAN,TRAIN
186,TRD100185,KOTAKBANK,EQ-CORE-01,200,200,2026-08-15,CUSTODIAN,TEST
187,TRD100186,AXISBANK,EQ-CORE-02,750,750,2026-08-20,CUSTODIAN,TRAIN
188,TRD100187,KOTAKBANK,EQ-ALPHA-03,2000,2000,2026-08-05,CUSTODIAN,TEST
189,TRD100188,HINDUNILVR,EQ-CORE-01,750,750,2026-08-15,CUSTODIAN,TRAIN
190,TRD100189,RELIANCE,EQ-ALPHA-03,250,250,2026-08-12,CUSTODIAN,TRAIN
191,TRD100190,INFY,EQ-CORE-02,250,250,2026-08-14,CUSTODIAN,TEST
192,TRD100191,TCS,EQ-CORE-02,500,500,2026-08-16,CUSTODIAN,TRAIN
193,TRD100192,ICICIBANK,EQ-CORE-01,1000,1000,2026-08-20,CUSTODIAN,TEST
194,TRD100193,INFY,EQ-CORE-01,250,250,2026-08-03,CUSTODIAN,TEST
195,TRD100194,ITC,EQ-ALPHA-03,1500,1500,2026-08-16,CUSTODIAN,TRAIN
196,TRD100195,HINDUNILVR,EQ-INDEX-04,200,200,2026-08-05,CUSTODIAN,TRAIN
197,TRD100196,RELIANCE,EQ-CORE-01,500,500,2026-08-21,CUSTODIAN,TRAIN
198,TRD100197,ICICIBANK,EQ-ALPHA-03,500,500,2026-08-10,CUSTODIAN,TRAIN
199,TRD100198,RELIANCE,EQ-INDEX-04,2000,2000,2026-08-07,CUSTODIAN,TRAIN
200,TRD100199,LT,EQ-CORE-01,1000,1000,2026-08-03,CUSTODIAN,TRAIN
201,TRD100200,TATASTEEL,EQ-INDEX-04,200,200,2026-08-20,CUSTODIAN,TRAIN
202,TRD100201,ICICIBANK,EQ-INDEX-04,200,200,2026-08-12,CUSTODIAN,TEST
203,TRD100202,TCS,EQ-INDEX-04,1500,1500,2026-08-09,CUSTODIAN,TRAIN
204,TRD100203,BHARTIARTL,EQ-CORE-02,750,750,2026-08-09,CUSTODIAN,TRAIN
205,TRD100204,LT,EQ-ALPHA-03,200,174,2026-08-08,CUSTODIAN,TRAIN
206,TRD100205,HDFCBANK,EQ-CORE-02,200,200,2026-08-08,CUSTODIAN,TRAIN
207,TRD100206,INFY,EQ-INDEX-04,2000,2480,2026-08-20,CUSTODIAN,TRAIN
208,TRD100207,MARUTI,EQ-INDEX-04,1000,1000,2026-08-04,CUSTODIAN,TRAIN
209,TRD100208,HINDUNILVR,EQ-CORE-01,750,750,2026-08-13,CUSTODIAN,TRAIN
210,TRD100209,ITC,EQ-CORE-01,2000,2000,2026-08-13,CUSTODIAN,TEST
211,TRD100210,AXISBANK,EQ-CORE-01,1500,1500,2026-08-19,CUSTODIAN,TEST
212,TRD100211,TATASTEEL,EQ-CORE-02,500,500,2026-08-17,CUSTODIAN,TEST
213,TRD100212,ITC,EQ-CORE-01,200,200,2026-08-12,CUSTODIAN,TRAIN
214,TRD100213,RELIANCE,EQ-CORE-02,500,0,2026-08-16,MISSING,TRAIN
215,TRD100214,SBIN,EQ-CORE-01,750,750,2026-08-13,CUSTODIAN,TEST
216,TRD100215,TCS,EQ-ALPHA-03,1000,1000,2026-08-14,CUSTODIAN,TEST
217,TRD100216,SBIN,EQ-ALPHA-03,200,200,2026-08-06,CUSTODIAN,TRAIN
218,TRD100217,INFY,EQ-ALPHA-03,200,200,2026-08-14,CUSTODIAN,TEST
219,TRD100218,KOTAKBANK,EQ-ALPHA-03,200,200,2026-08-15,CUSTODIAN,TRAIN
220,TRD100219,SBIN,EQ-INDEX-04,750,750,2026-08-08,CUSTODIAN,TRAIN
221,TRD100220,HDFCBANK,EQ-CORE-01,250,250,2026-08-11,CUSTODIAN,TEST
222,TRD100221,TATASTEEL,EQ-CORE-02,250,250,2026-08-06,CUSTODIAN,TRAIN
223,TRD100222,WIPRO,EQ-CORE-02,2000,2000,2026-08-13,CUSTODIAN,TRAIN
224,TRD100223,AXISBANK,EQ-CORE-02,750,750,2026-08-16,CUSTODIAN,TEST
225,TRD100224,HINDUNILVR,EQ-INDEX-04,2000,0,2026-08-08,MISSING,TEST
226,TRD100225,HINDUNILVR,EQ-INDEX-04,750,750,2026-08-18,CUSTODIAN,TRAIN
227,TRD100226,MARUTI,EQ-CORE-01,500,500,2026-08-06,CUSTODIAN,TRAIN
228,TRD100227,MARUTI,EQ-CORE-01,1000,1000,2026-08-05,CUSTODIAN,TRAIN
229,TRD100228,TCS,EQ-INDEX-04,250,250,2026-08-18,CUSTODIAN,TEST
230,TRD100229,TATASTEEL,EQ-INDEX-04,500,500,2026-08-13,CUSTODIAN,TRAIN
231,TRD100230,BHARTIARTL,EQ-CORE-02,1000,1000,2026-08-04,CUSTODIAN,TRAIN
232,TRD100231,SBIN,EQ-CORE-02,200,200,2026-08-22,CUSTODIAN,TRAIN
233,TRD100232,RELIANCE,EQ-CORE-02,750,750,2026-08-17,CUSTODIAN,TRAIN
234,TRD100233,ITC,EQ-CORE-02,100,100,2026-08-02,CUSTODIAN,TRAIN
235,TRD100234,LT,EQ-ALPHA-03,1500,1500,2026-08-11,CUSTODIAN,TRAIN
236,TRD100235,RELIANCE,EQ-CORE-01,500,500,2026-08-21,CUSTODIAN,TRAIN
237,TRD100236,MARUTI,EQ-CORE-02,2000,2000,2026-08-02,CUSTODIAN,TRAIN
238,TRD100237,ICICIBANK,EQ-INDEX-04,1500,1500,2026-08-13,CUSTODIAN,TRAIN
239,TRD100238,KOTAKBANK,EQ-CORE-01,200,200,2026-08-13,CUSTODIAN,TRAIN
240,TRD100239,MARUTI,EQ-ALPHA-03,2000,2000,2026-08-14,CUSTODIAN,TEST
241,TRD100240,SBIN,EQ-ALPHA-03,200,200,2026-08-22,CUSTODIAN,TRAIN
242,TRD100241,RELIANCE,EQ-INDEX-04,1000,2200,2026-08-22,CUSTODIAN,TRAIN
243,TRD100242,KOTAKBANK,EQ-INDEX-04,250,250,2026-08-04,CUSTODIAN,TRAIN
244,TRD100243,ICICIBANK,EQ-ALPHA-03,500,500,2026-08-08,CUSTODIAN,TRAIN
245,TRD100244,LT,EQ-ALPHA-03,1500,1500,2026-08-19,CUSTODIAN,TRAIN
246,TRD100245,HINDUNILVR,EQ-ALPHA-03,500,500,2026-08-03,CUSTODIAN,TEST
247,TRD100246,TCS,EQ-INDEX-04,1000,1000,2026-08-14,CUSTODIAN,TRAIN
248,TRD100247,SBIN,EQ-ALPHA-03,250,250,2026-08-17,CUSTODIAN,TEST
249,TRD100248,WIPRO,EQ-ALPHA-03,1500,1500,2026-08-21,CUSTODIAN,TRAIN
250,TRD100249,TCS,EQ-INDEX-04,200,200,2026-08-11,CUSTODIAN,TRAIN
251,TRD100250,INFY,EQ-ALPHA-03,2000,2000,2026-08-03,CUSTODIAN,TRAIN
252,TRD100251,ICICIBANK,EQ-ALPHA-03,100,100,2026-08-22,CUSTODIAN,TRAIN
253,TRD100252,RELIANCE,EQ-CORE-02,250,250,2026-08-16,CUSTODIAN,TEST
254,TRD100253,HDFCBANK,EQ-CORE-02,1000,1000,2026-08-20,CUSTODIAN,TRAIN
255,TRD100254,SBIN,EQ-CORE-02,1000,1000,2026-08-04,CUSTODIAN,TRAIN
256,TRD100255,BHARTIARTL,EQ-CORE-01,1000,0,2026-08-09,MISSING,TRAIN
257,TRD100256,ITC,EQ-ALPHA-03,1500,1500,2026-08-05,CUSTODIAN,TRAIN
258,TRD100257,HDFCBANK,EQ-CORE-01,750,750,2026-08-17,CUSTODIAN,TRAIN
259,TRD100258,MARUTI,EQ-ALPHA-03,200,200,2026-08-16,CUSTODIAN,TRAIN
260,TRD100259,WIPRO,EQ-CORE-02,200,200,2026-08-11,CUSTODIAN,TRAIN
261,TRD100260,HINDUNILVR,EQ-CORE-02,1000,1000,2026-08-05,CUSTODIAN,TEST
262,TRD100261,HINDUNILVR,EQ-ALPHA-03,2000,2000,2026-08-19,CUSTODIAN,TRAIN
263,TRD100262,HINDUNILVR,EQ-ALPHA-03,250,250,2026-08-04,CUSTODIAN,TRAIN
264,TRD100263,WIPRO,EQ-CORE-01,2000,2000,2026-08-15,CUSTODIAN,TRAIN
265,TRD100264,SBIN,EQ-CORE-02,200,200,2026-08-18,CUSTODIAN,TEST
266,TRD100265,HINDUNILVR,EQ-CORE-02,250,292,2026-08-03,CUSTODIAN,TRAIN
267,TRD100266,INFY,EQ-ALPHA-03,250,250,2026-08-09,CUSTODIAN,TRAIN
268,TRD100267,ICICIBANK,EQ-CORE-02,500,500,2026-08-19,CUSTODIAN,TRAIN
269,TRD100268,AXISBANK,EQ-CORE-02,200,0,2026-08-07,MISSING,TRAIN
270,TRD100269,KOTAKBANK,EQ-CORE-01,1000,1000,2026-08-20,CUSTODIAN,TRAIN
271,TRD100270,RELIANCE,EQ-CORE-01,750,750,2026-08-20,CUSTODIAN,TRAIN
272,TRD100271,TATASTEEL,EQ-CORE-02,750,750,2026-08-11,CUSTODIAN,TRAIN
273,TRD100272,ICICIBANK,EQ-INDEX-04,2000,2000,2026-08-03,CUSTODIAN,TRAIN
274,TRD100273,ITC,EQ-ALPHA-03,2000,2000,2026-08-21,CUSTODIAN,TRAIN
275,TRD100274,WIPRO,EQ-CORE-01,1000,1000,2026-08-06,CUSTODIAN,TRAIN
276,TRD100275,HDFCBANK,EQ-CORE-02,2000,2000,2026-08-16,CUSTODIAN,TRAIN
277,TRD100276,RELIANCE,EQ-CORE-02,750,750,2026-08-21,CUSTODIAN,TRAIN
278,TRD100277,MARUTI,EQ-CORE-02,1000,1000,2026-08-12,CUSTODIAN,TRAIN
279,TRD100278,LT,EQ-CORE-01,2000,2000,2026-08-11,CUSTODIAN,TRAIN
280,TRD100279,BHARTIARTL,EQ-ALPHA-03,2000,2000,2026-08-08,CUSTODIAN,TRAIN
281,TRD100280,RELIANCE,EQ-INDEX-04,750,750,2026-08-22,CUSTODIAN,TRAIN
282,TRD100281,LT,EQ-ALPHA-03,100,100,2026-08-15,CUSTODIAN,TRAIN
283,TRD100282,HINDUNILVR,EQ-CORE-02,1500,1500,2026-08-14,CUSTODIAN,TEST
284,TRD100283,LT,EQ-ALPHA-03,750,750,2026-08-18,CUSTODIAN,TEST
285,TRD100284,INFY,EQ-ALPHA-03,200,200,2026-08-12,CUSTODIAN,TRAIN
286,TRD100285,HDFCBANK,EQ-CORE-02,1500,1500,2026-08-03,CUSTODIAN,TRAIN
287,TRD100286,HINDUNILVR,EQ-CORE-02,2000,2000,2026-08-06,CUSTODIAN,TRAIN
288,TRD100287,TATASTEEL,EQ-ALPHA-03,1000,1000,2026-08-21,CUSTODIAN,TRAIN
289,TRD100288,LT,EQ-CORE-01,2000,2000,2026-08-11,CUSTODIAN,TRAIN
290,TRD100289,SBIN,EQ-CORE-01,200,200,2026-08-20,CUSTODIAN,TRAIN
291,TRD100290,ICICIBANK,EQ-CORE-02,500,500,2026-08-20,CUSTODIAN,TEST
292,TRD100291,INFY,EQ-CORE-01,500,500,2026-08-05,CUSTODIAN,TRAIN
293,TRD100292,SBIN,EQ-INDEX-04,1500,1500,2026-08-08,CUSTODIAN,TEST
294,TRD100293,WIPRO,EQ-INDEX-04,250,250,2026-08-19,CUSTODIAN,TEST
295,TRD100294,SBIN,EQ-ALPHA-03,250,250,2026-08-19,CUSTODIAN,TRAIN
296,TRD100295,AXISBANK,EQ-ALPHA-03,2000,2000,2026-08-09,CUSTODIAN,TEST
297,TRD100296,ICICIBANK,EQ-INDEX-04,750,750,2026-08-17,CUSTODIAN,TRAIN
298,TRD100297,LT,EQ-INDEX-04,750,750,2026-08-20,CUSTODIAN,TRAIN
299,TRD100298,MARUTI,EQ-CORE-01,1000,1000,2026-08-06,CUSTODIAN,TRAIN
300,TRD100299,WIPRO,EQ-ALPHA-03,200,200,2026-08-16,CUSTODIAN,TRAIN
301,TRD100300,HDFCBANK,EQ-ALPHA-03,500,500,2026-08-10,CUSTODIAN,TEST
302,TRD100301,TCS,EQ-CORE-02,500,500,2026-08-18,CUSTODIAN,TRAIN
303,TRD100302,TCS,EQ-CORE-02,1500,1500,2026-08-17,CUSTODIAN,TEST
304,TRD100303,LT,EQ-CORE-02,250,250,2026-08-17,CUSTODIAN,TEST
305,TRD100304,SBIN,EQ-CORE-02,750,750,2026-08-04,CUSTODIAN,TEST
306,TRD100305,TATASTEEL,EQ-INDEX-04,250,250,2026-08-07,CUSTODIAN,TRAIN
307,TRD100306,INFY,EQ-CORE-01,750,750,2026-08-02,CUSTODIAN,TRAIN
308,TRD100307,ICICIBANK,EQ-INDEX-04,2000,2580,2026-08-19,CUSTODIAN,TEST
309,TRD100308,MARUTI,EQ-CORE-02,2000,2000,2026-08-05,CUSTODIAN,TEST
310,TRD100309,KOTAKBANK,EQ-ALPHA-03,750,750,2026-08-02,CUSTODIAN,TRAIN
311,TRD100310,AXISBANK,EQ-INDEX-04,500,500,2026-08-22,CUSTODIAN,TRAIN
312,TRD100311,TCS,EQ-INDEX-04,1500,4200,2026-08-07,CUSTODIAN,TRAIN
313,TRD100312,TATASTEEL,EQ-INDEX-04,500,500,2026-08-14,CUSTODIAN,TRAIN
314,TRD100313,SBIN,EQ-ALPHA-03,750,0,2026-08-20,MISSING,TRAIN
315,TRD100314,WIPRO,EQ-ALPHA-03,500,500,2026-08-05,CUSTODIAN,TRAIN
316,TRD100315,BHARTIARTL,EQ-ALPHA-03,750,750,2026-08-22,CUSTODIAN,TRAIN
317,TRD100316,HDFCBANK,EQ-ALPHA-03,250,450,2026-08-16,CUSTODIAN,TRAIN
318,TRD100317,WIPRO,EQ-CORE-01,2000,2000,2026-08-08,CUSTODIAN,TRAIN
319,TRD100318,LT,EQ-CORE-01,1000,1000,2026-08-20,CUSTODIAN,TEST
320,TRD100319,AXISBANK,EQ-CORE-01,250,250,2026-08-18,CUSTODIAN,TEST
321,TRD100320,WIPRO,EQ-CORE-01,2000,2000,2026-08-18,CUSTODIAN,TRAIN
322,TRD100321,INFY,EQ-INDEX-04,1500,1500,2026-08-03,CUSTODIAN,TRAIN
323,TRD100322,WIPRO,EQ-CORE-02,100,100,2026-08-02,CUSTODIAN,TRAIN
324,TRD100323,RELIANCE,EQ-CORE-01,1500,1500,2026-08-05,CUSTODIAN,TRAIN
325,TRD100324,TATASTEEL,EQ-CORE-02,2000,4400,2026-08-15,CUSTODIAN,TRAIN
326,TRD100325,SBIN,EQ-CORE-01,1500,1500,2026-08-14,CUSTODIAN,TEST
327,TRD100326,KOTAKBANK,EQ-CORE-02,1000,1000,2026-08-19,CUSTODIAN,TRAIN
328,TRD100327,MARUTI,EQ-INDEX-04,100,100,2026-08-11,CUSTODIAN,TRAIN
329,TRD100328,MARUTI,EQ-ALPHA-03,500,500,2026-08-13,CUSTODIAN,TEST
330,TRD100329,TATASTEEL,EQ-CORE-01,200,200,2026-08-15,CUSTODIAN,TRAIN
331,TRD100330,HDFCBANK,EQ-CORE-01,200,200,2026-08-03,CUSTODIAN,TRAIN
332,TRD100331,WIPRO,EQ-CORE-02,100,100,2026-08-09,CUSTODIAN,TRAIN
333,TRD100332,INFY,EQ-ALPHA-03,750,750,2026-08-20,CUSTODIAN,TEST
334,TRD100333,ICICIBANK,EQ-INDEX-04,250,250,2026-08-18,CUSTODIAN,TRAIN
335,TRD100334,ICICIBANK,EQ-CORE-02,100,100,2026-08-20,CUSTODIAN,TRAIN
336,TRD100335,LT,EQ-INDEX-04,2000,2000,2026-08-13,CUSTODIAN,TRAIN
337,TRD100336,WIPRO,EQ-CORE-02,1500,1500,2026-08-11,CUSTODIAN,TRAIN
338,TRD100337,HDFCBANK,EQ-CORE-01,500,500,2026-08-06,CUSTODIAN,TRAIN
339,TRD100338,BHARTIARTL,EQ-ALPHA-03,250,250,2026-08-10,CUSTODIAN,TEST
340,TRD100339,TATASTEEL,EQ-CORE-02,2000,3600,2026-08-04,CUSTODIAN,TRAIN
341,TRD100340,ICICIBANK,EQ-CORE-01,1500,1500,2026-08-21,CUSTODIAN,TEST
342,TRD100341,HINDUNILVR,EQ-CORE-01,500,500,2026-08-12,CUSTODIAN,TRAIN
343,TRD100342,TATASTEEL,EQ-INDEX-04,500,500,2026-08-05,CUSTODIAN,TRAIN
344,TRD100343,WIPRO,EQ-ALPHA-03,500,500,2026-08-09,CUSTODIAN,TRAIN
345,TRD100344,BHARTIARTL,EQ-ALPHA-03,2000,2000,2026-08-13,CUSTODIAN,TRAIN
346,TRD100345,LT,EQ-CORE-02,2000,2000,2026-08-17,CUSTODIAN,TEST
347,TRD100346,SBIN,EQ-CORE-02,1500,1500,2026-08-09,CUSTODIAN,TEST
348,TRD100347,ICICIBANK,EQ-CORE-02,1500,1500,2026-08-08,CUSTODIAN,TEST
349,TRD100348,AXISBANK,EQ-ALPHA-03,500,500,2026-08-22,CUSTODIAN,TRAIN
350,TRD100349,HINDUNILVR,EQ-INDEX-04,2000,2000,2026-08-22,CUSTODIAN,TEST
351,TRD100350,INFY,EQ-CORE-02,1000,1000,2026-08-19,CUSTODIAN,TRAIN
352,TRD100351,LT,EQ-CORE-01,100,100,2026-08-04,CUSTODIAN,TRAIN
353,TRD100352,BHARTIARTL,EQ-CORE-02,250,250,2026-08-09,CUSTODIAN,TEST
354,TRD100353,HDFCBANK,EQ-INDEX-04,2000,2000,2026-08-21,CUSTODIAN,TRAIN
355,TRD100354,RELIANCE,EQ-CORE-01,100,0,2026-08-15,MISSING,TRAIN
356,TRD100355,LT,EQ-CORE-01,750,750,2026-08-15,CUSTODIAN,TRAIN
357,TRD100356,LT,EQ-ALPHA-03,250,250,2026-08-21,CUSTODIAN,TEST
358,TRD100357,ICICIBANK,EQ-CORE-02,1500,1500,2026-08-14,CUSTODIAN,TRAIN
359,TRD100358,ICICIBANK,EQ-CORE-01,200,200,2026-08-22,CUSTODIAN,TRAIN
360,TRD100359,BHARTIARTL,EQ-CORE-01,1500,1500,2026-08-04,CUSTODIAN,TRAIN
361,TRD100360,TCS,EQ-CORE-01,2000,2000,2026-08-22,CUSTODIAN,TEST
362,TRD100361,HDFCBANK,EQ-ALPHA-03,500,500,2026-08-20,CUSTODIAN,TRAIN
363,TRD100362,TATASTEEL,EQ-CORE-01,200,200,2026-08-10,CUSTODIAN,TEST
364,TRD100363,TATASTEEL,EQ-CORE-02,1000,1000,2026-08-08,CUSTODIAN,TRAIN
365,TRD100364,TATASTEEL,EQ-INDEX-04,200,460,2026-08-20,CUSTODIAN,TRAIN
366,TRD100365,BHARTIARTL,EQ-ALPHA-03,250,250,2026-08-04,CUSTODIAN,TRAIN
367,TRD100366,TCS,EQ-INDEX-04,1500,1500,2026-08-04,CUSTODIAN,TEST
368,TRD100367,RELIANCE,EQ-CORE-02,750,0,2026-08-16,MISSING,TRAIN
369,TRD100368,LT,EQ-INDEX-04,1500,1500,2026-08-20,CUSTODIAN,TRAIN
370,TRD100369,HINDUNILVR,EQ-ALPHA-03,750,750,2026-08-04,CUSTODIAN,TRAIN
371,TRD100370,BHARTIARTL,EQ-CORE-01,250,250,2026-08-12,CUSTODIAN,TRAIN
372,TRD100371,RELIANCE,EQ-CORE-02,750,750,2026-08-10,CUSTODIAN,TRAIN
373,TRD100372,INFY,EQ-INDEX-04,1500,0,2026-08-19,MISSING,TRAIN
374,TRD100373,RELIANCE,EQ-ALPHA-03,200,200,2026-08-04,CUSTODIAN,TRAIN
375,TRD100374,RELIANCE,EQ-CORE-02,750,750,2026-08-04,CUSTODIAN,TRAIN
376,TRD100375,KOTAKBANK,EQ-ALPHA-03,1500,1500,2026-08-10,CUSTODIAN,TEST
377,TRD100376,INFY,EQ-ALPHA-03,200,200,2026-08-10,CUSTODIAN,TRAIN
378,TRD100377,HINDUNILVR,EQ-INDEX-04,200,200,2026-08-09,CUSTODIAN,TRAIN
379,TRD100378,ITC,EQ-ALPHA-03,200,248,2026-08-02,CUSTODIAN,TRAIN
380,TRD100379,HINDUNILVR,EQ-CORE-02,1000,0,2026-08-15,MISSING,TRAIN
381,TRD100380,SBIN,EQ-ALPHA-03,500,500,2026-08-07,CUSTODIAN,TRAIN
382,TRD100381,WIPRO,EQ-INDEX-04,2000,2000,2026-08-09,CUSTODIAN,TRAIN
383,TRD100382,MARUTI,EQ-CORE-02,1500,1500,2026-08-20,CUSTODIAN,TRAIN
384,TRD100383,WIPRO,EQ-ALPHA-03,2000,2000,2026-08-08,CUSTODIAN,TRAIN
385,TRD100384,MARUTI,EQ-ALPHA-03,1500,1500,2026-08-06,CUSTODIAN,TRAIN
386,TRD100385,ICICIBANK,EQ-INDEX-04,250,250,2026-08-14,CUSTODIAN,TRAIN
387,TRD100386,AXISBANK,EQ-CORE-01,1500,1500,2026-08-15,CUSTODIAN,TRAIN
388,TRD100387,WIPRO,EQ-ALPHA-03,200,200,2026-08-09,CUSTODIAN,TRAIN
389,TRD100388,KOTAKBANK,EQ-INDEX-04,100,100,2026-08-22,CUSTODIAN,TRAIN
390,TRD100389,HINDUNILVR,EQ-CORE-02,1500,1500,2026-08-05,CUSTODIAN,TRAIN
391,TRD100390,ITC,EQ-CORE-02,1000,1000,2026-08-20,CUSTODIAN,TRAIN
392,TRD100391,RELIANCE,EQ-CORE-01,2000,2000,2026-08-15,CUSTODIAN,TRAIN
393,TRD100392,SBIN,EQ-INDEX-04,750,750,2026-08-08,CUSTODIAN,TEST
394,TRD100393,ITC,EQ-CORE-01,200,200,2026-08-16,CUSTODIAN,TEST
395,TRD100394,RELIANCE,EQ-CORE-01,200,200,2026-08-12,CUSTODIAN,TEST
396,TRD100395,TATASTEEL,EQ-ALPHA-03,500,500,2026-08-19,CUSTODIAN,TRAIN
397,TRD100396,ITC,EQ-CORE-02,500,500,2026-08-22,CUSTODIAN,TRAIN
398,TRD100397,BHARTIARTL,EQ-INDEX-04,100,100,2026-08-08,CUSTODIAN,TRAIN
399,TRD100398,RELIANCE,EQ-CORE-01,500,500,2026-08-04,CUSTODIAN,TEST
400,TRD100399,SBIN,EQ-INDEX-04,1000,1000,2026-08-05,CUSTODIAN,TRAIN
401,TRD100400,AXISBANK,EQ-ALPHA-03,1500,1500,2026-08-20,CUSTODIAN,TRAIN
402,TRD100401,MARUTI,EQ-CORE-01,2000,2000,2026-08-11,CUSTODIAN,TRAIN
403,TRD100402,SBIN,EQ-ALPHA-03,200,200,2026-08-05,CUSTODIAN,TRAIN
404,TRD100403,LT,EQ-INDEX-04,1500,1755,2026-08-06,CUSTODIAN,TRAIN
405,TRD100404,INFY,EQ-CORE-02,2000,2000,2026-08-22,CUSTODIAN,TEST
406,TRD100405,ICICIBANK,EQ-CORE-01,250,250,2026-08-16,CUSTODIAN,TRAIN
407,TRD100406,RELIANCE,EQ-INDEX-04,2000,2000,2026-08-14,CUSTODIAN,TRAIN
408,TRD100407,KOTAKBANK,EQ-CORE-02,2000,2000,2026-08-16,CUSTODIAN,TRAIN
409,TRD100408,AXISBANK,EQ-CORE-01,100,100,2026-08-09,CUSTODIAN,TRAIN
410,TRD100409,HDFCBANK,EQ-INDEX-04,750,750,2026-08-16,CUSTODIAN,TRAIN
411,TRD100410,AXISBANK,EQ-CORE-01,200,200,2026-08-19,CUSTODIAN,TRAIN
412,TRD100411,LT,EQ-CORE-02,500,500,2026-08-05,CUSTODIAN,TRAIN
413,TRD100412,MARUTI,EQ-INDEX-04,100,100,2026-08-13,CUSTODIAN,TRAIN
414,TRD100413,HINDUNILVR,EQ-ALPHA-03,500,500,2026-08-20,CUSTODIAN,TRAIN
415,TRD100414,INFY,EQ-ALPHA-03,250,250,2026-08-08,CUSTODIAN,TRAIN
416,TRD100415,AXISBANK,EQ-ALPHA-03,250,250,2026-08-11,CUSTODIAN,TRAIN
417,TRD100416,INFY,EQ-CORE-02,1500,1500,2026-08-10,CUSTODIAN,TRAIN
418,TRD100417,HDFCBANK,EQ-INDEX-04,250,250,2026-08-09,CUSTODIAN,TRAIN
419,TRD100418,INFY,EQ-CORE-01,750,750,2026-08-14,CUSTODIAN,TRAIN
420,TRD100419,BHARTIARTL,EQ-INDEX-04,750,750,2026-08-13,CUSTODIAN,TRAIN
421,TRD100420,AXISBANK,EQ-INDEX-04,100,100,2026-08-04,CUSTODIAN,TRAIN
422,TRD100421,MARUTI,EQ-INDEX-04,200,200,2026-08-14,CUSTODIAN,TRAIN
423,TRD100422,ITC,EQ-CORE-02,750,750,2026-08-11,CUSTODIAN,TRAIN
424,TRD100423,HINDUNILVR,EQ-CORE-01,1000,1000,2026-08-03,CUSTODIAN,TEST
425,TRD100424,RELIANCE,EQ-INDEX-04,200,200,2026-08-07,CUSTODIAN,TRAIN
426,TRD100425,BHARTIARTL,EQ-ALPHA-03,500,500,2026-08-06,CUSTODIAN,TRAIN
427,TRD100426,MARUTI,EQ-CORE-01,750,750,2026-08-13,CUSTODIAN,TRAIN
428,TRD100427,KOTAKBANK,EQ-CORE-02,250,300,2026-08-22,CUSTODIAN,TRAIN
429,TRD100428,KOTAKBANK,EQ-INDEX-04,200,200,2026-08-02,CUSTODIAN,TRAIN
430,TRD100429,INFY,EQ-CORE-01,500,500,2026-08-16,CUSTODIAN,TEST
431,TRD100430,MARUTI,EQ-CORE-02,200,200,2026-08-15,CUSTODIAN,TRAIN
432,TRD100431,TCS,EQ-ALPHA-03,500,500,2026-08-05,CUSTODIAN,TRAIN
433,TRD100432,TATASTEEL,EQ-CORE-02,750,750,2026-08-06,CUSTODIAN,TRAIN
434,TRD100433,LT,EQ-ALPHA-03,100,100,2026-08-07,CUSTODIAN,TRAIN
435,TRD100434,KOTAKBANK,EQ-INDEX-04,250,250,2026-08-21,CUSTODIAN,TRAIN
436,TRD100435,TCS,EQ-INDEX-04,200,200,2026-08-05,CUSTODIAN,TRAIN
437,TRD100436,BHARTIARTL,EQ-CORE-01,1000,1000,2026-08-09,CUSTODIAN,TEST
438,TRD100437,LT,EQ-ALPHA-03,750,750,2026-08-02,CUSTODIAN,TRAIN
439,TRD100438,LT,EQ-CORE-01,500,500,2026-08-11,CUSTODIAN,TRAIN
440,TRD100439,ITC,EQ-CORE-01,1500,1500,2026-08-18,CUSTODIAN,TRAIN
441,TRD100440,SBIN,EQ-ALPHA-03,1000,1000,2026-08-20,CUSTODIAN,TEST
442,TRD100441,HINDUNILVR,EQ-CORE-01,2000,2000,2026-08-04,CUSTODIAN,TRAIN
443,TRD100442,ICICIBANK,EQ-ALPHA-03,500,500,2026-08-03,CUSTODIAN,TRAIN
444,TRD100443,BHARTIARTL,EQ-CORE-02,1500,1500,2026-08-19,CUSTODIAN,TRAIN
445,TRD100444,TCS,EQ-ALPHA-03,750,750,2026-08-08,CUSTODIAN,TRAIN
446,TRD100445,AXISBANK,EQ-CORE-02,200,200,2026-08-15,CUSTODIAN,TRAIN
447,TRD100446,HDFCBANK,EQ-CORE-01,200,200,2026-08-05,CUSTODIAN,TRAIN
448,TRD100447,KOTAKBANK,EQ-CORE-01,250,250,2026-08-06,CUSTODIAN,TEST
449,TRD100448,ITC,EQ-ALPHA-03,1000,1000,2026-08-10,CUSTODIAN,TEST
450,TRD100449,WIPRO,EQ-ALPHA-03,750,750,2026-08-05,CUSTODIAN,TRAIN
451,TRD100450,ICICIBANK,EQ-CORE-01,200,200,2026-08-20,CUSTODIAN,TRAIN
452,TRD100451,ITC,EQ-ALPHA-03,1000,1000,2026-08-20,CUSTODIAN,TRAIN
453,TRD100452,ICICIBANK,EQ-CORE-01,200,200,2026-08-05,CUSTODIAN,TRAIN
454,TRD100453,MARUTI,EQ-INDEX-04,100,100,2026-08-17,CUSTODIAN,TRAIN
455,TRD100454,INFY,EQ-CORE-02,100,100,2026-08-22,CUSTODIAN,TEST
456,TRD100455,HDFCBANK,EQ-CORE-01,1500,1500,2026-08-12,CUSTODIAN,TRAIN
457,TRD100456,TCS,EQ-INDEX-04,100,100,2026-08-18,CUSTODIAN,TEST
458,TRD100457,TATASTEEL,EQ-CORE-01,2000,2000,2026-08-11,CUSTODIAN,TRAIN
459,TRD100458,RELIANCE,EQ-CORE-02,1000,1000,2026-08-20,CUSTODIAN,TEST
460,TRD100459,SBIN,EQ-CORE-02,2000,2000,2026-08-08,CUSTODIAN,TRAIN
461,TRD100460,RELIANCE,EQ-CORE-01,1500,1500,2026-08-19,CUSTODIAN,TRAIN
462,TRD100461,RELIANCE,EQ-CORE-02,1500,1500,2026-08-11,CUSTODIAN,TRAIN
463,TRD100462,BHARTIARTL,EQ-ALPHA-03,2000,2000,2026-08-06,CUSTODIAN,TRAIN
464,TRD100463,RELIANCE,EQ-ALPHA-03,500,500,2026-08-18,CUSTODIAN,TEST
465,TRD100464,WIPRO,EQ-INDEX-04,200,200,2026-08-18,CUSTODIAN,TEST
466,TRD100465,AXISBANK,EQ-ALPHA-03,100,100,2026-08-07,CUSTODIAN,TRAIN
467,TRD100466,MARUTI,EQ-ALPHA-03,1000,1000,2026-08-14,CUSTODIAN,TRAIN
468,TRD100467,ITC,EQ-CORE-01,750,750,2026-08-08,CUSTODIAN,TRAIN
469,TRD100468,TCS,EQ-CORE-01,250,250,2026-08-12,CUSTODIAN,TRAIN
470,TRD100469,HINDUNILVR,EQ-CORE-01,500,500,2026-08-16,CUSTODIAN,TRAIN
471,TRD100470,INFY,EQ-CORE-02,750,750,2026-08-21,CUSTODIAN,TRAIN
472,TRD100471,INFY,EQ-CORE-01,200,200,2026-08-13,CUSTODIAN,TRAIN
473,TRD100472,ICICIBANK,EQ-CORE-02,250,250,2026-08-14,CUSTODIAN,TRAIN
474,TRD100473,ITC,EQ-CORE-01,200,200,2026-08-06,CUSTODIAN,TRAIN
475,TRD100474,MARUTI,EQ-CORE-01,500,500,2026-08-14,CUSTODIAN,TEST
476,TRD100475,TATASTEEL,EQ-INDEX-04,200,200,2026-08-04,CUSTODIAN,TRAIN
477,TRD100476,TCS,EQ-CORE-02,1000,1000,2026-08-16,CUSTODIAN,TRAIN
478,TRD100477,MARUTI,EQ-INDEX-04,1500,1500,2026-08-14,CUSTODIAN,TRAIN
479,TRD100478,SBIN,EQ-INDEX-04,500,500,2026-08-10,CUSTODIAN,TRAIN
480,TRD100479,RELIANCE,EQ-INDEX-04,500,500,2026-08-17,CUSTODIAN,TRAIN
481,TRD100480,TCS,EQ-CORE-02,750,750,2026-08-15,CUSTODIAN,TEST
482,TRD100481,BHARTIARTL,EQ-ALPHA-03,1000,1000,2026-08-17,CUSTODIAN,TRAIN
483,TRD100482,ICICIBANK,EQ-CORE-01,250,250,2026-08-21,CUSTODIAN,TEST
484,TRD100483,RELIANCE,EQ-CORE-02,2000,2000,2026-08-20,CUSTODIAN,TEST
485,TRD100484,HDFCBANK,EQ-INDEX-04,500,500,2026-08-03,CUSTODIAN,TEST
486,TRD100485,TATASTEEL,EQ-ALPHA-03,250,250,2026-08-20,CUSTODIAN,TRAIN
487,TRD100486,WIPRO,EQ-CORE-02,1000,1000,2026-08-20,CUSTODIAN,TRAIN
488,TRD100487,LT,EQ-CORE-01,750,750,2026-08-03,CUSTODIAN,TEST
489,TRD100488,AXISBANK,EQ-ALPHA-03,500,500,2026-08-17,CUSTODIAN,TEST
490,TRD100489,HINDUNILVR,EQ-CORE-01,250,250,2026-08-07,CUSTODIAN,TRAIN
491,TRD100490,INFY,EQ-CORE-01,250,250,2026-08-18,CUSTODIAN,TRAIN
492,TRD100491,WIPRO,EQ-ALPHA-03,1500,1500,2026-08-12,CUSTODIAN,TRAIN
493,TRD100492,INFY,EQ-ALPHA-03,1500,1500,2026-08-17,CUSTODIAN,TRAIN
494,TRD100493,WIPRO,EQ-INDEX-04,1000,1000,2026-08-20,CUSTODIAN,TRAIN
495,TRD100494,WIPRO,EQ-INDEX-04,750,750,2026-08-02,CUSTODIAN,TRAIN
496,TRD100495,INFY,EQ-CORE-01,1000,3200,2026-08-21,CUSTODIAN,TRAIN
497,TRD100496,INFY,EQ-ALPHA-03,1000,1000,2026-08-09,CUSTODIAN,TRAIN
498,TRD100497,KOTAKBANK,EQ-ALPHA-03,200,200,2026-08-22,CUSTODIAN,TRAIN
499,TRD100498,RELIANCE,EQ-ALPHA-03,750,750,2026-08-04,CUSTODIAN,TRAIN
500,TRD100499,WIPRO,EQ-INDEX-04,100,100,2026-08-17,CUSTODIAN,TRAIN
501,TRD100500,TATASTEEL,EQ-INDEX-04,1500,1500,2026-08-14,CUSTODIAN,TRAIN
502,TRD100501,MARUTI,EQ-CORE-02,2000,2000,2026-08-20,CUSTODIAN,TEST
503,TRD100502,ITC,EQ-CORE-01,200,540,2026-08-03,CUSTODIAN,TEST
504,TRD100503,ICICIBANK,EQ-CORE-02,200,200,2026-08-07,CUSTODIAN,TRAIN
505,TRD100504,LT,EQ-CORE-01,200,200,2026-08-21,CUSTODIAN,TRAIN
506,TRD100505,KOTAKBANK,EQ-CORE-01,250,250,2026-08-15,CUSTODIAN,TEST
507,TRD100506,SBIN,EQ-ALPHA-03,500,500,2026-08-15,CUSTODIAN,TRAIN
508,TRD100507,ICICIBANK,EQ-INDEX-04,500,500,2026-08-14,CUSTODIAN,TEST
509,TRD100508,RELIANCE,EQ-INDEX-04,1000,1000,2026-08-04,CUSTODIAN,TEST
510,TRD100509,TCS,EQ-CORE-01,100,100,2026-08-22,CUSTODIAN,TRAIN
511,TRD100510,MARUTI,EQ-INDEX-04,200,200,2026-08-14,CUSTODIAN,TRAIN
512,TRD100511,TCS,EQ-CORE-02,1500,1500,2026-08-14,CUSTODIAN,TRAIN
513,TRD100512,RELIANCE,EQ-ALPHA-03,750,750,2026-08-10,CUSTODIAN,TEST
514,TRD100513,INFY,EQ-INDEX-04,200,200,2026-08-13,CUSTODIAN,TRAIN
515,TRD100514,LT,EQ-INDEX-04,100,100,2026-08-18,CUSTODIAN,TRAIN
516,TRD100515,ITC,EQ-CORE-02,750,750,2026-08-03,CUSTODIAN,TRAIN
517,TRD100516,HINDUNILVR,EQ-CORE-02,2000,2000,2026-08-07,CUSTODIAN,TRAIN
518,TRD100517,RELIANCE,EQ-CORE-02,1500,1860,2026-08-15,CUSTODIAN,TRAIN
519,TRD100518,SBIN,EQ-ALPHA-03,200,200,2026-08-19,CUSTODIAN,TRAIN
520,TRD100519,LT,EQ-INDEX-04,2000,2000,2026-08-02,CUSTODIAN,TEST
521,TRD100520,BHARTIARTL,EQ-CORE-01,250,250,2026-08-20,CUSTODIAN,TRAIN
522,TRD100521,AXISBANK,EQ-INDEX-04,200,360,2026-08-19,CUSTODIAN,TRAIN
523,TRD100522,BHARTIARTL,EQ-CORE-02,2000,2000,2026-08-17,CUSTODIAN,TRAIN
524,TRD100523,BHARTIARTL,EQ-INDEX-04,250,250,2026-08-14,CUSTODIAN,TRAIN
525,TRD100524,WIPRO,EQ-ALPHA-03,500,500,2026-08-17,CUSTODIAN,TEST
526,TRD100525,SBIN,EQ-CORE-01,750,750,2026-08-17,CUSTODIAN,TRAIN
527,TRD100526,INFY,EQ-ALPHA-03,750,750,2026-08-16,CUSTODIAN,TRAIN
528,TRD100527,AXISBANK,EQ-INDEX-04,200,200,2026-08-08,CUSTODIAN,TRAIN
529,TRD100528,MARUTI,EQ-ALPHA-03,100,100,2026-08-07,CUSTODIAN,TRAIN
530,TRD100529,INFY,EQ-CORE-02,100,0,2026-08-08,MISSING,TRAIN
531,TRD100530,ITC,EQ-ALPHA-03,100,100,2026-08-08,CUSTODIAN,TRAIN
532,TRD100531,LT,EQ-CORE-01,1500,1500,2026-08-05,CUSTODIAN,TRAIN
533,TRD100532,SBIN,EQ-ALPHA-03,2000,2000,2026-08-07,CUSTODIAN,TEST
534,TRD100533,INFY,EQ-CORE-01,750,750,2026-08-04,CUSTODIAN,TRAIN
535,TRD100534,RELIANCE,EQ-CORE-02,250,250,2026-08-08,CUSTODIAN,TRAIN
536,TRD100535,ICICIBANK,EQ-CORE-02,1500,1500,2026-08-02,CUSTODIAN,TRAIN
537,TRD100536,AXISBANK,EQ-ALPHA-03,100,100,2026-08-21,CUSTODIAN,TRAIN
538,TRD100537,TATASTEEL,EQ-CORE-02,1500,1500,2026-08-16,CUSTODIAN,TRAIN
539,TRD100538,ICICIBANK,EQ-ALPHA-03,1500,1500,2026-08-02,CUSTODIAN,TRAIN
540,TRD100539,ICICIBANK,EQ-ALPHA-03,200,200,2026-08-12,CUSTODIAN,TEST
541,TRD100540,ICICIBANK,EQ-CORE-01,750,750,2026-08-18,CUSTODIAN,TRAIN
542,TRD100541,KOTAKBANK,EQ-INDEX-04,1000,1290,2026-08-02,CUSTODIAN,TRAIN
543,TRD100542,ICICIBANK,EQ-CORE-02,1500,1500,2026-08-03,CUSTODIAN,TRAIN
544,TRD100543,WIPRO,EQ-ALPHA-03,500,500,2026-08-22,CUSTODIAN,TRAIN
545,TRD100544,MARUTI,EQ-ALPHA-03,250,250,2026-08-19,CUSTODIAN,TRAIN
546,TRD100545,ITC,EQ-ALPHA-03,250,250,2026-08-19,CUSTODIAN,TEST
547,TRD100546,HDFCBANK,EQ-ALPHA-03,1000,1000,2026-08-11,CUSTODIAN,TRAIN
548,TRD100547,ICICIBANK,EQ-CORE-01,750,750,2026-08-05,CUSTODIAN,TRAIN
549,TRD100548,ITC,EQ-ALPHA-03,500,500,2026-08-14,CUSTODIAN,TRAIN
550,TRD100549,RELIANCE,EQ-INDEX-04,250,250,2026-08-08,CUSTODIAN,TRAIN
551,TRD100550,INFY,EQ-INDEX-04,1000,1170,2026-08-07,CUSTODIAN,TEST
552,TRD100551,KOTAKBANK,EQ-INDEX-04,250,250,2026-08-03,CUSTODIAN,TRAIN
553,TRD100552,HDFCBANK,EQ-CORE-01,250,250,2026-08-07,CUSTODIAN,TRAIN
554,TRD100553,AXISBANK,EQ-INDEX-04,1500,1500,2026-08-14,CUSTODIAN,TEST
555,TRD100554,RELIANCE,EQ-ALPHA-03,100,330,2026-08-13,CUSTODIAN,TRAIN
556,TRD100555,RELIANCE,EQ-ALPHA-03,100,100,2026-08-09,CUSTODIAN,TRAIN
557,TRD100556,INFY,EQ-CORE-02,200,200,2026-08-20,CUSTODIAN,TEST
558,TRD100557,MARUTI,EQ-ALPHA-03,100,100,2026-08-11,CUSTODIAN,TRAIN
559,TRD100558,TATASTEEL,EQ-CORE-02,250,250,2026-08-17,CUSTODIAN,TRAIN
560,TRD100559,TATASTEEL,EQ-CORE-02,1500,1950,2026-08-09,CUSTODIAN,TRAIN
561,TRD100560,WIPRO,EQ-ALPHA-03,100,100,2026-08-07,CUSTODIAN,TRAIN
562,TRD100561,BHARTIARTL,EQ-CORE-01,750,750,2026-08-21,CUSTODIAN,TRAIN
563,TRD100562,KOTAKBANK,EQ-INDEX-04,100,100,2026-08-05,CUSTODIAN,TRAIN
564,TRD100563,TCS,EQ-CORE-01,750,750,2026-08-06,CUSTODIAN,TRAIN
565,TRD100564,BHARTIARTL,EQ-CORE-02,200,200,2026-08-10,CUSTODIAN,TEST
566,TRD100565,MARUTI,EQ-ALPHA-03,200,200,2026-08-21,CUSTODIAN,TRAIN
567,TRD100566,HINDUNILVR,EQ-ALPHA-03,200,200,2026-08-21,CUSTODIAN,TEST
568,TRD100567,SBIN,EQ-INDEX-04,1500,1500,2026-08-03,CUSTODIAN,TRAIN
569,TRD100568,WIPRO,EQ-CORE-01,2000,2000,2026-08-02,CUSTODIAN,TEST
570,TRD100569,MARUTI,EQ-CORE-01,2000,2000,2026-08-04,CUSTODIAN,TEST
571,TRD100570,TATASTEEL,EQ-ALPHA-03,750,750,2026-08-17,CUSTODIAN,TRAIN
572,TRD100571,RELIANCE,EQ-ALPHA-03,200,200,2026-08-03,CUSTODIAN,TRAIN
573,TRD100572,BHARTIARTL,EQ-CORE-02,200,200,2026-08-03,CUSTODIAN,TRAIN
574,TRD100573,SBIN,EQ-CORE-01,1000,1000,2026-08-21,CUSTODIAN,TEST
575,TRD100574,MARUTI,EQ-INDEX-04,1000,1000,2026-08-14,CUSTODIAN,TEST
576,TRD100575,MARUTI,EQ-CORE-02,1500,1500,2026-08-17,CUSTODIAN,TRAIN
577,TRD100576,INFY,EQ-INDEX-04,100,100,2026-08-07,CUSTODIAN,TRAIN
578,TRD100577,HINDUNILVR,EQ-CORE-01,2000,2000,2026-08-14,CUSTODIAN,TEST
579,TRD100578,ITC,EQ-CORE-01,2000,2600,2026-08-15,CUSTODIAN,TRAIN
580,TRD100579,ICICIBANK,EQ-CORE-02,1000,1000,2026-08-18,CUSTODIAN,TRAIN
581,TRD100580,LT,EQ-ALPHA-03,200,200,2026-08-09,CUSTODIAN,TRAIN
582,TRD100581,INFY,EQ-INDEX-04,100,100,2026-08-07,CUSTODIAN,TRAIN
583,TRD100582,MARUTI,EQ-CORE-02,250,250,2026-08-17,CUSTODIAN,TRAIN
584,TRD100583,ICICIBANK,EQ-INDEX-04,100,100,2026-08-19,CUSTODIAN,TEST
585,TRD100584,MARUTI,EQ-INDEX-04,500,500,2026-08-16,CUSTODIAN,TEST
586,TRD100585,MARUTI,EQ-CORE-01,2000,2000,2026-08-05,CUSTODIAN,TRAIN
587,TRD100586,BHARTIARTL,EQ-CORE-01,1500,1500,2026-08-19,CUSTODIAN,TRAIN
588,TRD100587,TATASTEEL,EQ-ALPHA-03,500,500,2026-08-16,CUSTODIAN,TEST
589,TRD100588,MARUTI,EQ-INDEX-04,500,500,2026-08-13,CUSTODIAN,TRAIN
590,TRD100589,WIPRO,EQ-ALPHA-03,2000,2000,2026-08-09,CUSTODIAN,TEST
591,TRD100590,MARUTI,EQ-CORE-01,750,750,2026-08-13,CUSTODIAN,TRAIN
592,TRD100591,TATASTEEL,EQ-ALPHA-03,250,250,2026-08-15,CUSTODIAN,TRAIN
593,TRD100592,HDFCBANK,EQ-INDEX-04,200,200,2026-08-15,CUSTODIAN,TRAIN
594,TRD100593,WIPRO,EQ-CORE-01,1000,1000,2026-08-15,CUSTODIAN,TRAIN
595,TRD100594,ITC,EQ-CORE-01,250,250,2026-08-02,CUSTODIAN,TRAIN
596,TRD100595,MARUTI,EQ-CORE-02,2000,2000,2026-08-07,CUSTODIAN,TRAIN
597,TRD100596,TCS,EQ-INDEX-04,1500,1500,2026-08-21,CUSTODIAN,TRAIN
598,TRD100597,AXISBANK,EQ-INDEX-04,500,500,2026-08-12,CUSTODIAN,TRAIN
599,TRD100598,INFY,EQ-ALPHA-03,1500,1500,2026-08-18,CUSTODIAN,TRAIN
600,TRD100599,HDFCBANK,EQ-ALPHA-03,500,1650,2026-08-11,CUSTODIAN,TRAIN
601,TRD100600,WIPRO,EQ-CORE-01,250,300,2026-08-22,CUSTODIAN,TRAIN
602,TRD100601,LT,EQ-ALPHA-03,2000,2580,2026-08-15,CUSTODIAN,TEST
603,TRD100602,HINDUNILVR,EQ-CORE-02,100,100,2026-08-02,CUSTODIAN,TRAIN
604,TRD100603,KOTAKBANK,EQ-ALPHA-03,100,100,2026-08-07,CUSTODIAN,TRAIN
605,TRD100604,MARUTI,EQ-CORE-01,100,100,2026-08-11,CUSTODIAN,TRAIN
606,TRD100605,MARUTI,EQ-INDEX-04,2000,2000,2026-08-19,CUSTODIAN,TRAIN
607,TRD100606,LT,EQ-INDEX-04,750,750,2026-08-03,CUSTODIAN,TRAIN
608,TRD100607,HINDUNILVR,EQ-ALPHA-03,1000,1000,2026-08-03,CUSTODIAN,TRAIN
609,TRD100608,AXISBANK,EQ-ALPHA-03,2000,2480,2026-08-22,CUSTODIAN,TRAIN
610,TRD100609,HINDUNILVR,EQ-CORE-01,500,500,2026-08-07,CUSTODIAN,TEST
611,TRD100610,INFY,EQ-ALPHA-03,200,200,2026-08-15,CUSTODIAN,TRAIN
612,TRD100611,INFY,EQ-CORE-02,750,750,2026-08-16,CUSTODIAN,TRAIN
613,TRD100612,INFY,EQ-ALPHA-03,1000,1000,2026-08-22,CUSTODIAN,TRAIN
614,TRD100613,HINDUNILVR,EQ-CORE-02,1000,1000,2026-08-12,CUSTODIAN,TEST
615,TRD100614,LT,EQ-INDEX-04,200,200,2026-08-07,CUSTODIAN,TEST
616,TRD100615,SBIN,EQ-ALPHA-03,500,500,2026-08-12,CUSTODIAN,TRAIN
617,TRD100616,HDFCBANK,EQ-CORE-01,2000,2000,2026-08-22,CUSTODIAN,TRAIN
618,TRD100617,ITC,EQ-CORE-02,500,500,2026-08-21,CUSTODIAN,TRAIN
619,TRD100618,KOTAKBANK,EQ-ALPHA-03,1000,1000,2026-08-05,CUSTODIAN,TRAIN
620,TRD100619,RELIANCE,EQ-INDEX-04,1000,1000,2026-08-18,CUSTODIAN,TRAIN
621,TRD100620,ICICIBANK,EQ-CORE-02,500,500,2026-08-04,CUSTODIAN,TEST
622,TRD100621,KOTAKBANK,EQ-INDEX-04,200,200,2026-08-22,CUSTODIAN,TRAIN
623,TRD100622,HDFCBANK,EQ-CORE-02,1500,1170,2026-08-04,CUSTODIAN,TRAIN
624,TRD100623,ITC,EQ-CORE-02,1000,1000,2026-08-04,CUSTODIAN,TRAIN
625,TRD100624,LT,EQ-INDEX-04,200,200,2026-08-09,CUSTODIAN,TRAIN
626,TRD100625,ITC,EQ-CORE-01,1500,1500,2026-08-02,CUSTODIAN,TRAIN
627,TRD100626,KOTAKBANK,EQ-CORE-01,200,200,2026-08-20,CUSTODIAN,TRAIN
628,TRD100627,TATASTEEL,EQ-CORE-01,200,200,2026-08-11,CUSTODIAN,TRAIN
629,TRD100628,HINDUNILVR,EQ-CORE-02,2000,2000,2026-08-02,CUSTODIAN,TEST
630,TRD100629,INFY,EQ-CORE-02,1500,1500,2026-08-19,CUSTODIAN,TEST
631,TRD100630,KOTAKBANK,EQ-CORE-02,1000,2800,2026-08-02,CUSTODIAN,TRAIN
632,TRD100631,RELIANCE,EQ-CORE-01,100,100,2026-08-14,CUSTODIAN,TRAIN
633,TRD100632,HDFCBANK,EQ-CORE-02,1000,1000,2026-08-22,CUSTODIAN,TRAIN
634,TRD100633,INFY,EQ-CORE-01,500,500,2026-08-10,CUSTODIAN,TRAIN
635,TRD100634,KOTAKBANK,EQ-CORE-01,100,100,2026-08-19,CUSTODIAN,TRAIN
636,TRD100635,KOTAKBANK,EQ-INDEX-04,200,200,2026-08-08,CUSTODIAN,TRAIN
637,TRD100636,SBIN,EQ-ALPHA-03,250,250,2026-08-09,CUSTODIAN,TRAIN
638,TRD100637,TATASTEEL,EQ-ALPHA-03,500,500,2026-08-16,CUSTODIAN,TEST
639,TRD100638,AXISBANK,EQ-CORE-01,1000,1000,2026-08-15,CUSTODIAN,TRAIN
640,TRD100639,HDFCBANK,EQ-ALPHA-03,500,500,2026-08-22,CUSTODIAN,TEST
641,TRD100640,INFY,EQ-ALPHA-03,1000,1000,2026-08-16,CUSTODIAN,TRAIN
642,TRD100641,ITC,EQ-ALPHA-03,200,200,2026-08-21,CUSTODIAN,TRAIN
643,TRD100642,TATASTEEL,EQ-CORE-01,500,500,2026-08-22,CUSTODIAN,TEST
644,TRD100643,MARUTI,EQ-CORE-02,100,100,2026-08-20,CUSTODIAN,TEST
645,TRD100644,LT,EQ-CORE-02,750,750,2026-08-19,CUSTODIAN,TRAIN
646,TRD100645,BHARTIARTL,EQ-ALPHA-03,500,500,2026-08-20,CUSTODIAN,TRAIN
647,TRD100646,ITC,EQ-CORE-02,200,200,2026-08-18,CUSTODIAN,TRAIN
648,TRD100647,HINDUNILVR,EQ-CORE-02,250,250,2026-08-07,CUSTODIAN,TRAIN
649,TRD100648,SBIN,EQ-CORE-01,100,100,2026-08-17,CUSTODIAN,TRAIN
650,TRD100649,SBIN,EQ-ALPHA-03,500,500,2026-08-08,CUSTODIAN,TEST
651,TRD100650,ITC,EQ-ALPHA-03,2000,2000,2026-08-03,CUSTODIAN,TRAIN
652,TRD100651,WIPRO,EQ-CORE-02,750,750,2026-08-10,CUSTODIAN,TRAIN
653,TRD100652,KOTAKBANK,EQ-ALPHA-03,1500,1500,2026-08-22,CUSTODIAN,TEST
654,TRD100653,TATASTEEL,EQ-INDEX-04,500,500,2026-08-13,CUSTODIAN,TRAIN
655,TRD100654,TATASTEEL,EQ-CORE-02,100,100,2026-08-06,CUSTODIAN,TRAIN
656,TRD100655,TCS,EQ-ALPHA-03,750,750,2026-08-07,CUSTODIAN,TRAIN
657,TRD100656,KOTAKBANK,EQ-CORE-01,500,500,2026-08-12,CUSTODIAN,TRAIN
658,TRD100657,KOTAKBANK,EQ-INDEX-04,2000,2000,2026-08-20,CUSTODIAN,TRAIN
659,TRD100658,HDFCBANK,EQ-CORE-02,100,100,2026-08-20,CUSTODIAN,TRAIN
660,TRD100659,TATASTEEL,EQ-INDEX-04,250,250,2026-08-10,CUSTODIAN,TRAIN
661,TRD100660,TATASTEEL,EQ-INDEX-04,750,750,2026-08-08,CUSTODIAN,TRAIN
662,TRD100661,INFY,EQ-CORE-02,500,500,2026-08-21,CUSTODIAN,TRAIN
663,TRD100662,INFY,EQ-CORE-01,1000,1000,2026-08-21,CUSTODIAN,TRAIN
664,TRD100663,BHARTIARTL,EQ-INDEX-04,1500,1500,2026-08-02,CUSTODIAN,TRAIN
665,TRD100664,AXISBANK,EQ-CORE-01,200,200,2026-08-21,CUSTODIAN,TRAIN
666,TRD100665,TCS,EQ-CORE-01,2000,2000,2026-08-21,CUSTODIAN,TRAIN
667,TRD100666,LT,EQ-INDEX-04,1500,1500,2026-08-03,CUSTODIAN,TRAIN
668,TRD100667,HINDUNILVR,EQ-CORE-01,2000,2000,2026-08-14,CUSTODIAN,TRAIN
669,TRD100668,INFY,EQ-ALPHA-03,750,750,2026-08-09,CUSTODIAN,TRAIN
670,TRD100669,ICICIBANK,EQ-CORE-01,500,500,2026-08-02,CUSTODIAN,TRAIN
671,TRD100670,BHARTIARTL,EQ-ALPHA-03,500,500,2026-08-12,CUSTODIAN,TRAIN
672,TRD100671,INFY,EQ-INDEX-04,1500,1500,2026-08-10,CUSTODIAN,TRAIN
673,TRD100672,AXISBANK,EQ-INDEX-04,750,750,2026-08-14,CUSTODIAN,TRAIN
674,TRD100673,INFY,EQ-ALPHA-03,1000,1000,2026-08-17,CUSTODIAN,TRAIN
675,TRD100674,HINDUNILVR,EQ-CORE-02,1500,1500,2026-08-05,CUSTODIAN,TEST
676,TRD100675,HINDUNILVR,EQ-ALPHA-03,250,250,2026-08-18,CUSTODIAN,TRAIN
677,TRD100676,INFY,EQ-CORE-02,1500,1500,2026-08-02,CUSTODIAN,TRAIN
678,TRD100677,TATASTEEL,EQ-ALPHA-03,1500,1500,2026-08-10,CUSTODIAN,TEST
679,TRD100678,AXISBANK,EQ-ALPHA-03,100,100,2026-08-14,CUSTODIAN,TRAIN
680,TRD100679,HINDUNILVR,EQ-CORE-02,250,250,2026-08-16,CUSTODIAN,TRAIN
681,TRD100680,HDFCBANK,EQ-CORE-02,100,100,2026-08-18,CUSTODIAN,TEST
682,TRD100681,KOTAKBANK,EQ-CORE-02,100,100,2026-08-22,CUSTODIAN,TEST
683,TRD100682,ICICIBANK,EQ-CORE-02,1500,1500,2026-08-14,CUSTODIAN,TRAIN
684,TRD100683,WIPRO,EQ-ALPHA-03,200,200,2026-08-19,CUSTODIAN,TRAIN
685,TRD100684,MARUTI,EQ-INDEX-04,750,750,2026-08-09,CUSTODIAN,TRAIN
686,TRD100685,ICICIBANK,EQ-CORE-01,250,250,2026-08-05,CUSTODIAN,TRAIN
687,TRD100686,SBIN,EQ-ALPHA-03,200,200,2026-08-10,CUSTODIAN,TRAIN
688,TRD100687,BHARTIARTL,EQ-INDEX-04,2000,2000,2026-08-12,CUSTODIAN,TEST
689,TRD100688,ITC,EQ-CORE-02,200,200,2026-08-14,CUSTODIAN,TRAIN
690,TRD100689,HINDUNILVR,EQ-CORE-01,1000,1000,2026-08-13,CUSTODIAN,TRAIN
691,TRD100690,HDFCBANK,EQ-CORE-02,750,750,2026-08-12,CUSTODIAN,TEST
692,TRD100691,SBIN,EQ-CORE-02,1000,1000,2026-08-20,CUSTODIAN,TEST
693,TRD100692,ITC,EQ-CORE-02,500,500,2026-08-09,CUSTODIAN,TRAIN
694,TRD100693,HDFCBANK,EQ-CORE-01,500,500,2026-08-13,CUSTODIAN,TRAIN
695,TRD100694,TATASTEEL,EQ-CORE-01,200,200,2026-08-17,CUSTODIAN,TRAIN
696,TRD100695,MARUTI,EQ-ALPHA-03,2000,2000,2026-08-12,CUSTODIAN,TRAIN
697,TRD100696,INFY,EQ-CORE-01,750,750,2026-08-21,CUSTODIAN,TRAIN
698,TRD100697,ITC,EQ-CORE-02,100,100,2026-08-14,CUSTODIAN,TRAIN
699,TRD100698,TCS,EQ-CORE-02,2000,2000,2026-08-02,CUSTODIAN,TRAIN
700,TRD100699,AXISBANK,EQ-CORE-02,200,200,2026-08-21,CUSTODIAN,TRAIN
701,TRD100700,HDFCBANK,EQ-ALPHA-03,750,750,2026-08-21,CUSTODIAN,TRAIN
702,TRD100701,ITC,EQ-INDEX-04,1500,1500,2026-08-13,CUSTODIAN,TEST
703,TRD100702,ITC,EQ-CORE-02,250,250,2026-08-20,CUSTODIAN,TRAIN
704,TRD100703,WIPRO,EQ-INDEX-04,750,750,2026-08-20,CUSTODIAN,TRAIN
705,TRD100704,INFY,EQ-INDEX-04,250,250,2026-08-03,CUSTODIAN,TRAIN
706,TRD100705,INFY,EQ-CORE-01,1000,1000,2026-08-11,CUSTODIAN,TRAIN
707,TRD100706,TCS,EQ-CORE-01,250,250,2026-08-10,CUSTODIAN,TRAIN
708,TRD100707,WIPRO,EQ-ALPHA-03,1000,1000,2026-08-13,CUSTODIAN,TRAIN
709,TRD100708,RELIANCE,EQ-CORE-02,1500,1500,2026-08-21,CUSTODIAN,TRAIN
710,TRD100709,SBIN,EQ-INDEX-04,1000,1000,2026-08-17,CUSTODIAN,TRAIN
711,TRD100710,BHARTIARTL,EQ-ALPHA-03,750,750,2026-08-06,CUSTODIAN,TRAIN
712,TRD100711,KOTAKBANK,EQ-CORE-02,1500,1500,2026-08-05,CUSTODIAN,TRAIN
713,TRD100712,HDFCBANK,EQ-ALPHA-03,1000,1000,2026-08-11,CUSTODIAN,TEST
714,TRD100713,ICICIBANK,EQ-INDEX-04,2000,2000,2026-08-13,CUSTODIAN,TRAIN
715,TRD100714,INFY,EQ-CORE-02,250,250,2026-08-06,CUSTODIAN,TRAIN
716,TRD100715,WIPRO,EQ-CORE-01,200,200,2026-08-14,CUSTODIAN,TRAIN
717,TRD100716,TATASTEEL,EQ-CORE-01,2000,2000,2026-08-02,CUSTODIAN,TEST
718,TRD100717,ICICIBANK,EQ-CORE-02,250,250,2026-08-14,CUSTODIAN,TRAIN
719,TRD100718,WIPRO,EQ-CORE-02,750,750,2026-08-06,CUSTODIAN,TRAIN
720,TRD100719,RELIANCE,EQ-INDEX-04,1000,1000,2026-08-12,CUSTODIAN,TRAIN
721,TRD100720,LT,EQ-INDEX-04,2000,2000,2026-08-19,CUSTODIAN,TRAIN
722,TRD100721,LT,EQ-CORE-02,750,750,2026-08-17,CUSTODIAN,TRAIN
723,TRD100722,ITC,EQ-ALPHA-03,750,0,2026-08-10,MISSING,TEST
724,TRD100723,RELIANCE,EQ-CORE-01,250,250,2026-08-17,CUSTODIAN,TRAIN
725,TRD100724,HINDUNILVR,EQ-CORE-02,2000,2000,2026-08-15,CUSTODIAN,TRAIN
726,TRD100725,LT,EQ-INDEX-04,1000,0,2026-08-19,MISSING,TRAIN
727,TRD100726,INFY,EQ-CORE-01,1500,1755,2026-08-09,CUSTODIAN,TEST
728,TRD100727,KOTAKBANK,EQ-ALPHA-03,500,500,2026-08-21,CUSTODIAN,TRAIN
729,TRD100728,KOTAKBANK,EQ-CORE-02,750,750,2026-08-04,CUSTODIAN,TRAIN
730,TRD100729,TCS,EQ-INDEX-04,2000,2000,2026-08-10,CUSTODIAN,TEST
731,TRD100730,SBIN,EQ-CORE-02,100,100,2026-08-19,CUSTODIAN,TRAIN
732,TRD100731,ICICIBANK,EQ-CORE-01,750,750,2026-08-16,CUSTODIAN,TRAIN
733,TRD100732,TCS,EQ-INDEX-04,250,250,2026-08-08,CUSTODIAN,TRAIN
734,TRD100733,HINDUNILVR,EQ-CORE-01,2000,2000,2026-08-16,CUSTODIAN,TRAIN
735,TRD100734,TCS,EQ-INDEX-04,250,250,2026-08-14,CUSTODIAN,TRAIN
736,TRD100735,HDFCBANK,EQ-CORE-02,750,750,2026-08-02,CUSTODIAN,TRAIN
737,TRD100736,HINDUNILVR,EQ-INDEX-04,2000,2000,2026-08-03,CUSTODIAN,TRAIN
738,TRD100737,LT,EQ-CORE-02,500,500,2026-08-11,CUSTODIAN,TRAIN
739,TRD100738,WIPRO,EQ-CORE-02,200,200,2026-08-22,CUSTODIAN,TRAIN
740,TRD100739,TATASTEEL,EQ-CORE-02,100,100,2026-08-08,CUSTODIAN,TRAIN
741,TRD100740,SBIN,EQ-CORE-01,100,100,2026-08-11,CUSTODIAN,TRAIN
742,TRD100741,HINDUNILVR,EQ-INDEX-04,500,500,2026-08-03,CUSTODIAN,TRAIN
743,TRD100742,SBIN,EQ-ALPHA-03,200,200,2026-08-17,CUSTODIAN,TRAIN
744,TRD100743,RELIANCE,EQ-CORE-02,1000,1000,2026-08-19,CUSTODIAN,TRAIN
745,TRD100744,HDFCBANK,EQ-INDEX-04,1000,1000,2026-08-22,CUSTODIAN,TEST
746,TRD100745,RELIANCE,EQ-CORE-01,1500,1500,2026-08-06,CUSTODIAN,TEST
747,TRD100746,WIPRO,EQ-INDEX-04,2000,2000,2026-08-19,CUSTODIAN,TRAIN
748,TRD100747,AXISBANK,EQ-INDEX-04,250,250,2026-08-12,CUSTODIAN,TRAIN
749,TRD100748,MARUTI,EQ-ALPHA-03,250,250,2026-08-06,CUSTODIAN,TRAIN
750,TRD100749,LT,EQ-INDEX-04,1000,1000,2026-08-22,CUSTODIAN,TRAIN
751,TRD100750,TATASTEEL,EQ-CORE-02,100,100,2026-08-13,CUSTODIAN,TRAIN
752,TRD100751,WIPRO,EQ-CORE-02,200,200,2026-08-19,CUSTODIAN,TRAIN
753,TRD100752,HINDUNILVR,EQ-ALPHA-03,250,250,2026-08-12,CUSTODIAN,TRAIN
754,TRD100753,TCS,EQ-CORE-01,200,200,2026-08-06,CUSTODIAN,TRAIN
755,TRD100754,TCS,EQ-INDEX-04,2000,5600,2026-08-03,CUSTODIAN,TRAIN
756,TRD100755,LT,EQ-CORE-01,750,750,2026-08-09,CUSTODIAN,TEST
757,TRD100756,TATASTEEL,EQ-CORE-01,500,500,2026-08-04,CUSTODIAN,TRAIN
758,TRD100757,LT,EQ-ALPHA-03,1500,1500,2026-08-03,CUSTODIAN,TRAIN
759,TRD100758,WIPRO,EQ-CORE-01,200,200,2026-08-04,CUSTODIAN,TRAIN
760,TRD100759,WIPRO,EQ-CORE-02,500,500,2026-08-08,CUSTODIAN,TRAIN
761,TRD100760,LT,EQ-ALPHA-03,1500,1500,2026-08-22,CUSTODIAN,TRAIN
762,TRD100761,WIPRO,EQ-INDEX-04,1500,1500,2026-08-07,CUSTODIAN,TRAIN
763,TRD100762,KOTAKBANK,EQ-ALPHA-03,250,250,2026-08-21,CUSTODIAN,TRAIN
764,TRD100763,LT,EQ-INDEX-04,1000,1000,2026-08-15,CUSTODIAN,TRAIN
765,TRD100764,AXISBANK,EQ-ALPHA-03,500,500,2026-08-09,CUSTODIAN,TRAIN
766,TRD100765,ITC,EQ-CORE-01,2000,2000,2026-08-02,CUSTODIAN,TRAIN
767,TRD100766,AXISBANK,EQ-ALPHA-03,100,100,2026-08-11,CUSTODIAN,TEST
768,TRD100767,HDFCBANK,EQ-CORE-02,1000,1000,2026-08-10,CUSTODIAN,TEST
769,TRD100768,RELIANCE,EQ-ALPHA-03,2000,2000,2026-08-06,CUSTODIAN,TRAIN
770,TRD100769,HDFCBANK,EQ-INDEX-04,750,750,2026-08-04,CUSTODIAN,TRAIN
771,TRD100770,WIPRO,EQ-INDEX-04,200,156,2026-08-17,CUSTODIAN,TRAIN
772,TRD100771,AXISBANK,EQ-CORE-01,750,750,2026-08-20,CUSTODIAN,TRAIN
773,TRD100772,TATASTEEL,EQ-CORE-01,1000,1000,2026-08-15,CUSTODIAN,TRAIN
774,TRD100773,WIPRO,EQ-CORE-01,100,100,2026-08-22,CUSTODIAN,TRAIN
775,TRD100774,LT,EQ-ALPHA-03,100,100,2026-08-20,CUSTODIAN,TRAIN
776,TRD100775,INFY,EQ-CORE-01,100,180,2026-08-14,CUSTODIAN,TRAIN
777,TRD100776,BHARTIARTL,EQ-ALPHA-03,750,750,2026-08-06,CUSTODIAN,TRAIN
778,TRD100777,ITC,EQ-INDEX-04,100,100,2026-08-10,CUSTODIAN,TRAIN
779,TRD100778,HINDUNILVR,EQ-CORE-02,250,250,2026-08-17,CUSTODIAN,TRAIN
780,TRD100779,BHARTIARTL,EQ-CORE-02,500,500,2026-08-18,CUSTODIAN,TRAIN
781,TRD100780,ICICIBANK,EQ-CORE-01,1500,1500,2026-08-20,CUSTODIAN,TRAIN
782,TRD100781,BHARTIARTL,EQ-CORE-01,1000,1000,2026-08-12,CUSTODIAN,TRAIN
783,TRD100782,INFY,EQ-CORE-02,1000,1000,2026-08-16,CUSTODIAN,TRAIN
784,TRD100783,RELIANCE,EQ-CORE-01,500,0,2026-08-13,MISSING,TRAIN
785,TRD100784,WIPRO,EQ-ALPHA-03,100,124,2026-08-21,CUSTODIAN,TRAIN
786,TRD100785,SBIN,EQ-ALPHA-03,200,200,2026-08-17,CUSTODIAN,TEST
787,TRD100786,WIPRO,EQ-INDEX-04,500,500,2026-08-18,CUSTODIAN,TRAIN
788,TRD100787,WIPRO,EQ-ALPHA-03,100,100,2026-08-18,CUSTODIAN,TRAIN
789,TRD100788,RELIANCE,EQ-CORE-01,750,750,2026-08-21,CUSTODIAN,TEST
790,TRD100789,KOTAKBANK,EQ-ALPHA-03,100,100,2026-08-10,CUSTODIAN,TRAIN
791,TRD100790,RELIANCE,EQ-CORE-02,750,750,2026-08-22,CUSTODIAN,TEST
792,TRD100791,LT,EQ-CORE-01,200,200,2026-08-17,CUSTODIAN,TRAIN
793,TRD100792,HDFCBANK,EQ-CORE-02,2000,2000,2026-08-02,CUSTODIAN,TRAIN
794,TRD100793,SBIN,EQ-ALPHA-03,2000,2000,2026-08-07,CUSTODIAN,TEST
795,TRD100794,SBIN,EQ-CORE-01,750,0,2026-08-18,MISSING,TRAIN
796,TRD100795,TATASTEEL,EQ-ALPHA-03,1500,1500,2026-08-02,CUSTODIAN,TEST
797,TRD100796,INFY,EQ-INDEX-04,1000,1000,2026-08-06,CUSTODIAN,TRAIN
798,TRD100797,BHARTIARTL,EQ-ALPHA-03,500,500,2026-08-15,CUSTODIAN,TRAIN
799,TRD100798,LT,EQ-CORE-02,250,250,2026-08-06,CUSTODIAN,TRAIN
800,TRD100799,ICICIBANK,EQ-CORE-02,250,250,2026-08-06,CUSTODIAN,TRAIN
801,TRD100800,TCS,EQ-CORE-01,200,200,2026-08-06,CUSTODIAN,TRAIN
802,TRD100801,TATASTEEL,EQ-ALPHA-03,1500,1500,2026-08-11,CUSTODIAN,TRAIN
803,TRD100802,HINDUNILVR,EQ-ALPHA-03,500,500,2026-08-07,CUSTODIAN,TEST
804,TRD100803,AXISBANK,EQ-CORE-01,500,500,2026-08-02,CUSTODIAN,TRAIN
805,TRD100804,INFY,EQ-INDEX-04,2000,6600,2026-08-13,CUSTODIAN,TRAIN
806,TRD100805,ITC,EQ-INDEX-04,250,250,2026-08-09,CUSTODIAN,TEST
807,TRD100806,TATASTEEL,EQ-CORE-02,750,750,2026-08-09,CUSTODIAN,TRAIN
808,TRD100807,TCS,EQ-INDEX-04,250,250,2026-08-16,CUSTODIAN,TRAIN
809,TRD100808,MARUTI,EQ-CORE-01,2000,2000,2026-08-15,CUSTODIAN,TRAIN
810,TRD100809,WIPRO,EQ-CORE-01,1000,1000,2026-08-20,CUSTODIAN,TRAIN
811,TRD100810,ITC,EQ-INDEX-04,2000,2000,2026-08-03,CUSTODIAN,TRAIN
812,TRD100811,LT,EQ-CORE-02,1500,1500,2026-08-22,CUSTODIAN,TRAIN
813,TRD100812,ITC,EQ-CORE-02,1500,1500,2026-08-11,CUSTODIAN,TEST
814,TRD100813,ICICIBANK,EQ-INDEX-04,100,100,2026-08-06,CUSTODIAN,TRAIN
815,TRD100814,WIPRO,EQ-CORE-02,200,200,2026-08-20,CUSTODIAN,TRAIN
816,TRD100815,BHARTIARTL,EQ-CORE-02,1000,0,2026-08-07,MISSING,TRAIN
817,TRD100816,TCS,EQ-CORE-02,750,750,2026-08-22,CUSTODIAN,TRAIN
818,TRD100817,TCS,EQ-CORE-01,200,200,2026-08-22,CUSTODIAN,TRAIN
819,TRD100818,WIPRO,EQ-CORE-02,250,250,2026-08-14,CUSTODIAN,TRAIN
820,TRD100819,AXISBANK,EQ-CORE-01,250,250,2026-08-06,CUSTODIAN,TRAIN
821,TRD100820,ICICIBANK,EQ-CORE-02,750,750,2026-08-16,CUSTODIAN,TRAIN
822,TRD100821,TATASTEEL,EQ-ALPHA-03,250,250,2026-08-02,CUSTODIAN,TRAIN
823,TRD100822,ITC,EQ-INDEX-04,2000,2000,2026-08-19,CUSTODIAN,TRAIN
824,TRD100823,HDFCBANK,EQ-CORE-01,2000,2000,2026-08-16,CUSTODIAN,TRAIN
825,TRD100824,TATASTEEL,EQ-CORE-01,750,968,2026-08-19,CUSTODIAN,TRAIN
826,TRD100825,INFY,EQ-CORE-01,100,0,2026-08-03,MISSING,TEST
827,TRD100826,SBIN,EQ-CORE-02,200,200,2026-08-15,CUSTODIAN,TRAIN
828,TRD100827,AXISBANK,EQ-CORE-01,250,250,2026-08-20,CUSTODIAN,TRAIN
829,TRD100828,HINDUNILVR,EQ-INDEX-04,750,750,2026-08-14,CUSTODIAN,TRAIN
830,TRD100829,ICICIBANK,EQ-INDEX-04,2000,2000,2026-08-10,CUSTODIAN,TRAIN
831,TRD100830,WIPRO,EQ-CORE-01,500,500,2026-08-05,CUSTODIAN,TRAIN
832,TRD100831,WIPRO,EQ-ALPHA-03,750,750,2026-08-12,CUSTODIAN,TRAIN
833,TRD100832,AXISBANK,EQ-INDEX-04,2000,2000,2026-08-22,CUSTODIAN,TRAIN
834,TRD100833,TATASTEEL,EQ-CORE-01,500,500,2026-08-08,CUSTODIAN,TRAIN
835,TRD100834,ITC,EQ-INDEX-04,200,200,2026-08-08,CUSTODIAN,TRAIN
836,TRD100835,RELIANCE,EQ-CORE-01,1000,1000,2026-08-22,CUSTODIAN,TRAIN
837,TRD100836,WIPRO,EQ-ALPHA-03,750,750,2026-08-04,CUSTODIAN,TRAIN
838,TRD100837,HINDUNILVR,EQ-INDEX-04,100,100,2026-08-12,CUSTODIAN,TRAIN
839,TRD100838,MARUTI,EQ-INDEX-04,250,250,2026-08-12,CUSTODIAN,TRAIN
840,TRD100839,HINDUNILVR,EQ-INDEX-04,100,100,2026-08-17,CUSTODIAN,TRAIN
841,TRD100840,ITC,EQ-ALPHA-03,1500,1500,2026-08-03,CUSTODIAN,TRAIN
842,TRD100841,LT,EQ-CORE-01,100,100,2026-08-12,CUSTODIAN,TRAIN
843,TRD100842,ICICIBANK,EQ-CORE-02,100,100,2026-08-14,CUSTODIAN,TRAIN
844,TRD100843,INFY,EQ-ALPHA-03,200,200,2026-08-11,CUSTODIAN,TRAIN
845,TRD100844,ICICIBANK,EQ-INDEX-04,1500,1035,2026-08-09,CUSTODIAN,TRAIN
846,TRD100845,HDFCBANK,EQ-CORE-02,750,750,2026-08-13,CUSTODIAN,TRAIN
847,TRD100846,ITC,EQ-CORE-02,100,100,2026-08-18,CUSTODIAN,TEST
848,TRD100847,TATASTEEL,EQ-ALPHA-03,2000,2000,2026-08-19,CUSTODIAN,TRAIN
849,TRD100848,HINDUNILVR,EQ-CORE-02,200,200,2026-08-18,CUSTODIAN,TRAIN
850,TRD100849,WIPRO,EQ-CORE-01,100,100,2026-08-18,CUSTODIAN,TRAIN
851,TRD100850,TATASTEEL,EQ-ALPHA-03,100,124,2026-08-21,CUSTODIAN,TRAIN
852,TRD100851,TATASTEEL,EQ-ALPHA-03,100,100,2026-08-11,CUSTODIAN,TRAIN
853,TRD100852,SBIN,EQ-ALPHA-03,500,500,2026-08-10,CUSTODIAN,TRAIN
854,TRD100853,KOTAKBANK,EQ-CORE-01,200,200,2026-08-07,CUSTODIAN,TRAIN
855,TRD100854,AXISBANK,EQ-ALPHA-03,200,200,2026-08-13,CUSTODIAN,TRAIN
856,TRD100855,INFY,EQ-ALPHA-03,750,750,2026-08-07,CUSTODIAN,TEST
857,TRD100856,LT,EQ-CORE-01,2000,2000,2026-08-02,CUSTODIAN,TRAIN
858,TRD100857,BHARTIARTL,EQ-INDEX-04,100,100,2026-08-14,CUSTODIAN,TEST
859,TRD100858,ICICIBANK,EQ-INDEX-04,1000,1000,2026-08-19,CUSTODIAN,TEST
860,TRD100859,TCS,EQ-INDEX-04,2000,2000,2026-08-12,CUSTODIAN,TRAIN
861,TRD100860,HDFCBANK,EQ-ALPHA-03,500,500,2026-08-21,CUSTODIAN,TEST
862,TRD100861,INFY,EQ-INDEX-04,1000,1000,2026-08-12,CUSTODIAN,TEST
863,TRD100862,TCS,EQ-CORE-02,2000,2000,2026-08-17,CUSTODIAN,TRAIN
864,TRD100863,HINDUNILVR,EQ-CORE-01,1000,1000,2026-08-06,CUSTODIAN,TRAIN
865,TRD100864,MARUTI,EQ-ALPHA-03,200,200,2026-08-22,CUSTODIAN,TRAIN
866,TRD100865,BHARTIARTL,EQ-CORE-02,1500,1035,2026-08-09,CUSTODIAN,TRAIN
867,TRD100866,BHARTIARTL,EQ-INDEX-04,200,200,2026-08-20,CUSTODIAN,TRAIN
868,TRD100867,LT,EQ-INDEX-04,500,500,2026-08-04,CUSTODIAN,TRAIN
869,TRD100868,AXISBANK,EQ-CORE-02,2000,2000,2026-08-05,CUSTODIAN,TRAIN
870,TRD100869,BHARTIARTL,EQ-ALPHA-03,200,200,2026-08-21,CUSTODIAN,TRAIN
871,TRD100870,KOTAKBANK,EQ-CORE-01,100,100,2026-08-06,CUSTODIAN,TRAIN
872,TRD100871,KOTAKBANK,EQ-INDEX-04,250,250,2026-08-11,CUSTODIAN,TRAIN
873,TRD100872,HDFCBANK,EQ-ALPHA-03,1000,1000,2026-08-11,CUSTODIAN,TRAIN
874,TRD100873,AXISBANK,EQ-CORE-02,100,100,2026-08-18,CUSTODIAN,TRAIN
875,TRD100874,RELIANCE,EQ-ALPHA-03,1000,1000,2026-08-03,CUSTODIAN,TRAIN
876,TRD100875,MARUTI,EQ-INDEX-04,750,0,2026-08-09,MISSING,TRAIN
877,TRD100876,WIPRO,EQ-CORE-02,1500,1500,2026-08-15,CUSTODIAN,TRAIN
878,TRD100877,ITC,EQ-INDEX-04,250,250,2026-08-14,CUSTODIAN,TRAIN
879,TRD100878,ICICIBANK,EQ-CORE-01,250,250,2026-08-04,CUSTODIAN,TRAIN
880,TRD100879,WIPRO,EQ-CORE-02,2000,2000,2026-08-06,CUSTODIAN,TRAIN
881,TRD100880,MARUTI,EQ-CORE-02,2000,2000,2026-08-21,CUSTODIAN,TRAIN
882,TRD100881,LT,EQ-ALPHA-03,1500,1500,2026-08-16,CUSTODIAN,TRAIN
883,TRD100882,INFY,EQ-CORE-02,1500,1500,2026-08-20,CUSTODIAN,TRAIN
884,TRD100883,BHARTIARTL,EQ-INDEX-04,1000,1000,2026-08-03,CUSTODIAN,TRAIN
885,TRD100884,TCS,EQ-ALPHA-03,2000,2000,2026-08-04,CUSTODIAN,TRAIN
886,TRD100885,LT,EQ-CORE-02,200,234,2026-08-21,CUSTODIAN,TEST
887,TRD100886,KOTAKBANK,EQ-ALPHA-03,200,200,2026-08-19,CUSTODIAN,TRAIN
888,TRD100887,TATASTEEL,EQ-INDEX-04,1000,1000,2026-08-02,CUSTODIAN,TRAIN
889,TRD100888,AXISBANK,EQ-CORE-02,1000,1000,2026-08-11,CUSTODIAN,TRAIN
890,TRD100889,WIPRO,EQ-CORE-01,750,0,2026-08-20,MISSING,TRAIN
891,TRD100890,AXISBANK,EQ-CORE-01,250,250,2026-08-11,CUSTODIAN,TRAIN
892,TRD100891,ITC,EQ-ALPHA-03,200,258,2026-08-04,CUSTODIAN,TEST
893,TRD100892,AXISBANK,EQ-CORE-01,750,750,2026-08-10,CUSTODIAN,TRAIN
894,TRD100893,TATASTEEL,EQ-ALPHA-03,250,250,2026-08-13,CUSTODIAN,TRAIN
895,TRD100894,ITC,EQ-CORE-01,250,250,2026-08-03,CUSTODIAN,TEST
896,TRD100895,AXISBANK,EQ-CORE-02,250,250,2026-08-15,CUSTODIAN,TRAIN
897,TRD100896,WIPRO,EQ-ALPHA-03,250,250,2026-08-13,CUSTODIAN,TRAIN
898,TRD100897,RELIANCE,EQ-INDEX-04,250,250,2026-08-17,CUSTODIAN,TEST
899,TRD100898,BHARTIARTL,EQ-INDEX-04,1500,1500,2026-08-06,CUSTODIAN,TRAIN
900,TRD100899,ICICIBANK,EQ-CORE-01,2000,2000,2026-08-12,CUSTODIAN,TRAIN
901,TRD100900,TATASTEEL,EQ-ALPHA-03,1000,1000,2026-08-15,CUSTODIAN,TRAIN
902,TRD100901,ICICIBANK,EQ-INDEX-04,750,750,2026-08-10,CUSTODIAN,TRAIN
903,TRD100902,HINDUNILVR,EQ-ALPHA-03,500,500,2026-08-20,CUSTODIAN,TRAIN
904,TRD100903,SBIN,EQ-INDEX-04,100,100,2026-08-04,CUSTODIAN,TRAIN
905,TRD100904,LT,EQ-ALPHA-03,200,200,2026-08-13,CUSTODIAN,TEST
906,TRD100905,HDFCBANK,EQ-CORE-02,100,100,2026-08-04,CUSTODIAN,TEST
907,TRD100906,WIPRO,EQ-INDEX-04,200,200,2026-08-21,CUSTODIAN,TEST
908,TRD100907,TATASTEEL,EQ-INDEX-04,200,200,2026-08-10,CUSTODIAN,TRAIN
909,TRD100908,KOTAKBANK,EQ-ALPHA-03,2000,2000,2026-08-10,CUSTODIAN,TRAIN
910,TRD100909,INFY,EQ-INDEX-04,200,0,2026-08-03,MISSING,TRAIN
911,TRD100910,RELIANCE,EQ-INDEX-04,750,750,2026-08-10,CUSTODIAN,TRAIN
912,TRD100911,ITC,EQ-INDEX-04,500,500,2026-08-07,CUSTODIAN,TRAIN
913,TRD100912,INFY,EQ-INDEX-04,1500,1500,2026-08-22,CUSTODIAN,TEST
914,TRD100913,TCS,EQ-ALPHA-03,100,100,2026-08-20,CUSTODIAN,TRAIN
915,TRD100914,RELIANCE,EQ-CORE-01,2000,2000,2026-08-22,CUSTODIAN,TRAIN
916,TRD100915,ICICIBANK,EQ-CORE-01,250,250,2026-08-14,CUSTODIAN,TRAIN
917,TRD100916,ITC,EQ-CORE-02,1500,1500,2026-08-04,CUSTODIAN,TEST
918,TRD100917,BHARTIARTL,EQ-ALPHA-03,2000,2000,2026-08-19,CUSTODIAN,TRAIN
919,TRD100918,BHARTIARTL,EQ-ALPHA-03,100,100,2026-08-22,CUSTODIAN,TRAIN
920,TRD100919,TCS,EQ-CORE-02,2000,2000,2026-08-11,CUSTODIAN,TRAIN
921,TRD100920,LT,EQ-INDEX-04,100,0,2026-08-08,MISSING,TRAIN
922,TRD100921,KOTAKBANK,EQ-CORE-02,1000,1000,2026-08-22,CUSTODIAN,TEST
923,TRD100922,RELIANCE,EQ-INDEX-04,500,500,2026-08-20,CUSTODIAN,TRAIN
924,TRD100923,TCS,EQ-CORE-01,750,750,2026-08-16,CUSTODIAN,TRAIN
925,TRD100924,RELIANCE,EQ-CORE-01,1000,1000,2026-08-03,CUSTODIAN,TRAIN
926,TRD100925,HINDUNILVR,EQ-CORE-02,2000,2000,2026-08-19,CUSTODIAN,TEST
927,TRD100926,RELIANCE,EQ-CORE-01,250,250,2026-08-02,CUSTODIAN,TRAIN
928,TRD100927,WIPRO,EQ-ALPHA-03,250,250,2026-08-22,CUSTODIAN,TRAIN
929,TRD100928,ITC,EQ-CORE-01,250,250,2026-08-04,CUSTODIAN,TRAIN
930,TRD100929,AXISBANK,EQ-ALPHA-03,500,500,2026-08-08,CUSTODIAN,TRAIN
931,TRD100930,SBIN,EQ-CORE-02,200,200,2026-08-20,CUSTODIAN,TRAIN
932,TRD100931,MARUTI,EQ-ALPHA-03,500,500,2026-08-20,CUSTODIAN,TRAIN
933,TRD100932,TCS,EQ-ALPHA-03,750,750,2026-08-15,CUSTODIAN,TEST
934,TRD100933,ITC,EQ-CORE-01,500,500,2026-08-03,CUSTODIAN,TRAIN
935,TRD100934,HINDUNILVR,EQ-CORE-01,250,250,2026-08-17,CUSTODIAN,TRAIN
936,TRD100935,INFY,EQ-INDEX-04,200,200,2026-08-20,CUSTODIAN,TRAIN
937,TRD100936,WIPRO,EQ-INDEX-04,250,250,2026-08-22,CUSTODIAN,TEST
938,TRD100937,HDFCBANK,EQ-CORE-02,250,250,2026-08-03,CUSTODIAN,TRAIN
939,TRD100938,AXISBANK,EQ-INDEX-04,200,200,2026-08-11,CUSTODIAN,TRAIN
940,TRD100939,LT,EQ-ALPHA-03,500,500,2026-08-18,CUSTODIAN,TRAIN
941,TRD100940,ITC,EQ-CORE-02,500,500,2026-08-08,CUSTODIAN,TEST
942,TRD100941,ITC,EQ-ALPHA-03,250,325,2026-08-03,CUSTODIAN,TRAIN
943,TRD100942,HDFCBANK,EQ-CORE-01,1500,1500,2026-08-21,CUSTODIAN,TRAIN
944,TRD100943,WIPRO,EQ-CORE-01,100,100,2026-08-07,CUSTODIAN,TRAIN
945,TRD100944,LT,EQ-INDEX-04,200,200,2026-08-09,CUSTODIAN,TRAIN
946,TRD100945,BHARTIARTL,EQ-CORE-01,500,500,2026-08-12,CUSTODIAN,TRAIN
947,TRD100946,HDFCBANK,EQ-INDEX-04,200,200,2026-08-15,CUSTODIAN,TRAIN
948,TRD100947,TCS,EQ-CORE-02,2000,2000,2026-08-03,CUSTODIAN,TEST
949,TRD100948,TATASTEEL,EQ-INDEX-04,2000,2000,2026-08-13,CUSTODIAN,TEST
950,TRD100949,KOTAKBANK,EQ-CORE-02,1000,1000,2026-08-08,CUSTODIAN,TRAIN
951,TRD100950,WIPRO,EQ-INDEX-04,100,100,2026-08-05,CUSTODIAN,TEST
952,TRD100951,INFY,EQ-CORE-02,1000,1000,2026-08-11,CUSTODIAN,TRAIN
953,TRD100952,AXISBANK,EQ-CORE-02,500,500,2026-08-18,CUSTODIAN,TRAIN
954,TRD100953,MARUTI,EQ-CORE-02,2000,2000,2026-08-15,CUSTODIAN,TRAIN
955,TRD100954,SBIN,EQ-CORE-01,1500,1500,2026-08-20,CUSTODIAN,TEST
956,TRD100955,RELIANCE,EQ-INDEX-04,100,100,2026-08-18,CUSTODIAN,TRAIN
957,TRD100956,ITC,EQ-CORE-01,200,200,2026-08-09,CUSTODIAN,TRAIN
958,TRD100957,HDFCBANK,EQ-CORE-01,250,250,2026-08-09,CUSTODIAN,TRAIN
959,TRD100958,ITC,EQ-CORE-01,750,750,2026-08-16,CUSTODIAN,TRAIN
960,TRD100959,ITC,EQ-ALPHA-03,250,250,2026-08-14,CUSTODIAN,TEST
961,TRD100960,WIPRO,EQ-ALPHA-03,100,100,2026-08-04,CUSTODIAN,TRAIN
962,TRD100961,ICICIBANK,EQ-CORE-02,1500,1500,2026-08-21,CUSTODIAN,TRAIN
963,TRD100962,AXISBANK,EQ-ALPHA-03,1000,1000,2026-08-03,CUSTODIAN,TEST
964,TRD100963,TCS,EQ-ALPHA-03,1500,1500,2026-08-21,CUSTODIAN,TEST
965,TRD100964,INFY,EQ-ALPHA-03,200,200,2026-08-08,CUSTODIAN,TRAIN
966,TRD100965,LT,EQ-CORE-02,200,200,2026-08-20,CUSTODIAN,TRAIN
967,TRD100966,SBIN,EQ-INDEX-04,1000,1000,2026-08-18,CUSTODIAN,TRAIN
968,TRD100967,RELIANCE,EQ-CORE-01,200,360,2026-08-16,CUSTODIAN,TRAIN
969,TRD100968,WIPRO,EQ-CORE-01,750,750,2026-08-13,CUSTODIAN,TRAIN
970,TRD100969,TATASTEEL,EQ-ALPHA-03,2000,2000,2026-08-14,CUSTODIAN,TRAIN
971,TRD100970,TCS,EQ-CORE-02,250,250,2026-08-06,CUSTODIAN,TRAIN
972,TRD100971,LT,EQ-INDEX-04,100,100,2026-08-19,CUSTODIAN,TRAIN
973,TRD100972,BHARTIARTL,EQ-CORE-02,2000,2000,2026-08-02,CUSTODIAN,TRAIN
974,TRD100973,RELIANCE,EQ-ALPHA-03,500,500,2026-08-18,CUSTODIAN,TRAIN
975,TRD100974,AXISBANK,EQ-INDEX-04,1000,1000,2026-08-12,CUSTODIAN,TEST
976,TRD100975,ICICIBANK,EQ-ALPHA-03,250,250,2026-08-11,CUSTODIAN,TRAIN
977,TRD100976,ITC,EQ-ALPHA-03,1000,1000,2026-08-03,CUSTODIAN,TRAIN
978,TRD100977,ITC,EQ-ALPHA-03,250,250,2026-08-07,CUSTODIAN,TRAIN
979,TRD100978,INFY,EQ-ALPHA-03,250,250,2026-08-05,CUSTODIAN,TRAIN
980,TRD100979,ITC,EQ-CORE-01,750,750,2026-08-08,CUSTODIAN,TRAIN
981,TRD100980,SBIN,EQ-ALPHA-03,250,250,2026-08-19,CUSTODIAN,TRAIN
982,TRD100981,TATASTEEL,EQ-INDEX-04,100,100,2026-08-17,CUSTODIAN,TEST
983,TRD100982,INFY,EQ-ALPHA-03,100,100,2026-08-19,CUSTODIAN,TRAIN
984,TRD100983,ITC,EQ-CORE-02,750,750,2026-08-21,CUSTODIAN,TRAIN
985,TRD100984,SBIN,EQ-CORE-01,200,200,2026-08-03,CUSTODIAN,TRAIN
986,TRD100985,RELIANCE,EQ-ALPHA-03,1500,1500,2026-08-09,CUSTODIAN,TRAIN
987,TRD100986,SBIN,EQ-CORE-02,100,100,2026-08-08,CUSTODIAN,TEST
988,TRD100987,HDFCBANK,EQ-CORE-01,100,100,2026-08-16,CUSTODIAN,TRAIN
989,TRD100988,HDFCBANK,EQ-CORE-01,2000,0,2026-08-21,MISSING,TEST
990,TRD100989,BHARTIARTL,EQ-INDEX-04,250,250,2026-08-15,CUSTODIAN,TRAIN
991,TRD100990,RELIANCE,EQ-CORE-01,750,750,2026-08-12,CUSTODIAN,TRAIN
992,TRD100991,WIPRO,EQ-ALPHA-03,2000,2000,2026-08-15,CUSTODIAN,TRAIN
993,TRD100992,HINDUNILVR,EQ-CORE-01,1500,1500,2026-08-15,CUSTODIAN,TRAIN
994,TRD100993,HDFCBANK,EQ-CORE-01,750,750,2026-08-18,CUSTODIAN,TRAIN
995,TRD100994,TCS,EQ-CORE-02,100,100,2026-08-10,CUSTODIAN,TRAIN
996,TRD100995,WIPRO,EQ-INDEX-04,250,250,2026-08-14,CUSTODIAN,TEST
997,TRD100996,MARUTI,EQ-INDEX-04,750,1350,2026-08-11,CUSTODIAN,TRAIN
998,TRD100997,RELIANCE,EQ-INDEX-04,100,100,2026-08-11,CUSTODIAN,TRAIN
999,TRD100998,KOTAKBANK,EQ-CORE-02,750,750,2026-08-17,CUSTODIAN,TRAIN
1000,TRD100999,TCS,EQ-ALPHA-03,750,750,2026-08-04,CUSTODIAN,TEST
1001,TRD101000,AXISBANK,EQ-INDEX-04,1500,1500,2026-08-22,CUSTODIAN,TEST
1002,TRD101001,SBIN,EQ-CORE-01,100,100,2026-08-07,CUSTODIAN,TRAIN
1003,TRD101002,SBIN,EQ-CORE-02,2000,0,2026-08-06,MISSING,TRAIN
1004,TRD101003,ICICIBANK,EQ-ALPHA-03,1000,1000,2026-08-13,CUSTODIAN,TRAIN
1005,TRD101004,LT,EQ-CORE-01,200,200,2026-08-22,CUSTODIAN,TRAIN
1006,TRD101005,LT,EQ-ALPHA-03,1000,1000,2026-08-11,CUSTODIAN,TRAIN
1007,TRD101006,LT,EQ-ALPHA-03,1000,690,2026-08-02,CUSTODIAN,TRAIN
1008,TRD101007,HINDUNILVR,EQ-CORE-02,2000,2000,2026-08-07,CUSTODIAN,TRAIN
1009,TRD101008,LT,EQ-CORE-01,500,500,2026-08-19,CUSTODIAN,TRAIN
1010,TRD101009,ITC,EQ-INDEX-04,200,200,2026-08-06,CUSTODIAN,TRAIN
1011,TRD101010,ICICIBANK,EQ-ALPHA-03,1000,1000,2026-08-16,CUSTODIAN,TRAIN
1012,TRD101011,WIPRO,EQ-CORE-02,750,750,2026-08-05,CUSTODIAN,TRAIN
1013,TRD101012,WIPRO,EQ-CORE-01,500,500,2026-08-08,CUSTODIAN,TRAIN
1014,TRD101013,WIPRO,EQ-CORE-01,200,200,2026-08-17,CUSTODIAN,TRAIN
1015,TRD101014,TCS,EQ-CORE-01,100,100,2026-08-18,CUSTODIAN,TRAIN
1016,TRD101015,TCS,EQ-CORE-01,750,750,2026-08-11,CUSTODIAN,TRAIN
1017,TRD101016,HINDUNILVR,EQ-CORE-02,200,200,2026-08-08,CUSTODIAN,TRAIN
1018,TRD101017,KOTAKBANK,EQ-ALPHA-03,1000,1000,2026-08-06,CUSTODIAN,TRAIN
1019,TRD101018,SBIN,EQ-CORE-01,250,250,2026-08-21,CUSTODIAN,TRAIN
1020,TRD101019,MARUTI,EQ-CORE-02,100,100,2026-08-08,CUSTODIAN,TRAIN
1021,TRD101020,WIPRO,EQ-INDEX-04,200,200,2026-08-18,CUSTODIAN,TRAIN
1022,TRD101021,WIPRO,EQ-ALPHA-03,250,250,2026-08-05,CUSTODIAN,TRAIN
1023,TRD101022,BHARTIARTL,EQ-ALPHA-03,500,500,2026-08-15,CUSTODIAN,TRAIN
1024,TRD101023,ITC,EQ-ALPHA-03,200,200,2026-08-18,CUSTODIAN,TRAIN
1025,TRD101024,TCS,EQ-INDEX-04,1000,690,2026-08-14,CUSTODIAN,TRAIN
1026,TRD101025,KOTAKBANK,EQ-INDEX-04,2000,2000,2026-08-15,CUSTODIAN,TEST
1027,TRD101026,MARUTI,EQ-ALPHA-03,200,200,2026-08-17,CUSTODIAN,TRAIN
1028,TRD101027,RELIANCE,EQ-CORE-01,2000,2000,2026-08-14,CUSTODIAN,TRAIN
1029,TRD101028,INFY,EQ-CORE-02,1500,1500,2026-08-20,CUSTODIAN,TRAIN
1030,TRD101029,SBIN,EQ-CORE-01,500,500,2026-08-21,CUSTODIAN,TRAIN
1031,TRD101030,MARUTI,EQ-ALPHA-03,1500,1500,2026-08-10,CUSTODIAN,TRAIN
1032,TRD101031,SBIN,EQ-ALPHA-03,2000,2000,2026-08-14,CUSTODIAN,TRAIN
1033,TRD101032,HINDUNILVR,EQ-INDEX-04,2000,2000,2026-08-10,CUSTODIAN,TRAIN
1034,TRD101033,KOTAKBANK,EQ-INDEX-04,250,250,2026-08-03,CUSTODIAN,TRAIN
1035,TRD101034,INFY,EQ-ALPHA-03,1500,1500,2026-08-12,CUSTODIAN,TRAIN
1036,TRD101035,HINDUNILVR,EQ-INDEX-04,200,200,2026-08-18,CUSTODIAN,TRAIN
1037,TRD101036,ICICIBANK,EQ-ALPHA-03,2000,2000,2026-08-10,CUSTODIAN,TRAIN
1038,TRD101037,HINDUNILVR,EQ-INDEX-04,100,130,2026-08-05,CUSTODIAN,TRAIN
1039,TRD101038,MARUTI,EQ-CORE-02,1500,1500,2026-08-03,CUSTODIAN,TEST
1040,TRD101039,TATASTEEL,EQ-INDEX-04,250,250,2026-08-06,CUSTODIAN,TRAIN
1041,TRD101040,HINDUNILVR,EQ-INDEX-04,200,460,2026-08-17,CUSTODIAN,TRAIN
1042,TRD101041,LT,EQ-INDEX-04,250,425,2026-08-14,CUSTODIAN,TRAIN
1043,TRD101042,AXISBANK,EQ-CORE-01,1000,0,2026-08-11,MISSING,TRAIN
1044,TRD101043,AXISBANK,EQ-CORE-01,100,100,2026-08-13,CUSTODIAN,TRAIN
1045,TRD101044,BHARTIARTL,EQ-ALPHA-03,200,234,2026-08-13,CUSTODIAN,TRAIN
1046,TRD101045,KOTAKBANK,EQ-CORE-01,500,500,2026-08-22,CUSTODIAN,TRAIN
1047,TRD101046,MARUTI,EQ-ALPHA-03,750,750,2026-08-07,CUSTODIAN,TRAIN
1048,TRD101047,ITC,EQ-CORE-01,1500,1500,2026-08-15,CUSTODIAN,TRAIN
1049,TRD101048,AXISBANK,EQ-INDEX-04,100,100,2026-08-14,CUSTODIAN,TRAIN
1050,TRD101049,AXISBANK,EQ-CORE-02,200,200,2026-08-05,CUSTODIAN,TRAIN
1051,TRD101050,ITC,EQ-INDEX-04,1000,1000,2026-08-11,CUSTODIAN,TRAIN
1052,TRD101051,ITC,EQ-ALPHA-03,200,200,2026-08-19,CUSTODIAN,TEST
1053,TRD101052,RELIANCE,EQ-CORE-01,750,750,2026-08-14,CUSTODIAN,TRAIN
1054,TRD101053,AXISBANK,EQ-INDEX-04,1000,1000,2026-08-20,CUSTODIAN,TRAIN
1055,TRD101054,HDFCBANK,EQ-ALPHA-03,1000,1000,2026-08-22,CUSTODIAN,TRAIN
1056,TRD101055,KOTAKBANK,EQ-INDEX-04,1000,1000,2026-08-14,CUSTODIAN,TEST
1057,TRD101056,TATASTEEL,EQ-INDEX-04,100,100,2026-08-18,CUSTODIAN,TRAIN
1058,TRD101057,KOTAKBANK,EQ-INDEX-04,2000,2000,2026-08-22,CUSTODIAN,TEST
1059,TRD101058,LT,EQ-CORE-02,500,500,2026-08-06,CUSTODIAN,TRAIN
1060,TRD101059,MARUTI,EQ-CORE-02,1500,1500,2026-08-04,CUSTODIAN,TRAIN
1061,TRD101060,ICICIBANK,EQ-CORE-02,750,750,2026-08-10,CUSTODIAN,TEST
1062,TRD101061,HDFCBANK,EQ-ALPHA-03,200,200,2026-08-02,CUSTODIAN,TRAIN
1063,TRD101062,ITC,EQ-CORE-02,1500,1500,2026-08-03,CUSTODIAN,TRAIN
1064,TRD101063,INFY,EQ-CORE-02,100,100,2026-08-10,CUSTODIAN,TRAIN
1065,TRD101064,WIPRO,EQ-ALPHA-03,2000,2000,2026-08-03,CUSTODIAN,TRAIN
1066,TRD101065,MARUTI,EQ-CORE-01,200,200,2026-08-16,CUSTODIAN,TEST
1067,TRD101066,MARUTI,EQ-CORE-01,250,250,2026-08-20,CUSTODIAN,TEST
1068,TRD101067,ITC,EQ-ALPHA-03,200,200,2026-08-05,CUSTODIAN,TRAIN
1069,TRD101068,HINDUNILVR,EQ-CORE-01,500,500,2026-08-08,CUSTODIAN,TRAIN
1070,TRD101069,HDFCBANK,EQ-CORE-01,750,750,2026-08-10,CUSTODIAN,TRAIN
1071,TRD101070,LT,EQ-INDEX-04,1000,1000,2026-08-05,CUSTODIAN,TRAIN
1072,TRD101071,KOTAKBANK,EQ-INDEX-04,500,500,2026-08-06,CUSTODIAN,TEST
1073,TRD101072,MARUTI,EQ-CORE-01,750,750,2026-08-21,CUSTODIAN,TRAIN
1074,TRD101073,ICICIBANK,EQ-CORE-01,1500,1500,2026-08-13,CUSTODIAN,TRAIN
1075,TRD101074,MARUTI,EQ-ALPHA-03,2000,2000,2026-08-14,CUSTODIAN,TRAIN
1076,TRD101075,TATASTEEL,EQ-ALPHA-03,500,500,2026-08-07,CUSTODIAN,TRAIN
1077,TRD101076,HINDUNILVR,EQ-INDEX-04,100,100,2026-08-04,CUSTODIAN,TRAIN
1078,TRD101077,TATASTEEL,EQ-ALPHA-03,1000,1000,2026-08-05,CUSTODIAN,TEST
1079,TRD101078,SBIN,EQ-ALPHA-03,1500,1500,2026-08-19,CUSTODIAN,TEST
1080,TRD101079,WIPRO,EQ-CORE-02,100,100,2026-08-22,CUSTODIAN,TRAIN
1081,TRD101080,HINDUNILVR,EQ-ALPHA-03,250,250,2026-08-08,CUSTODIAN,TRAIN
1082,TRD101081,AXISBANK,EQ-CORE-02,200,200,2026-08-09,CUSTODIAN,TRAIN
1083,TRD101082,HINDUNILVR,EQ-CORE-02,1000,1000,2026-08-06,CUSTODIAN,TRAIN
1084,TRD101083,HINDUNILVR,EQ-CORE-02,750,750,2026-08-15,CUSTODIAN,TEST
1085,TRD101084,TATASTEEL,EQ-CORE-01,1500,1500,2026-08-20,CUSTODIAN,TRAIN
1086,TRD101085,TATASTEEL,EQ-ALPHA-03,500,345,2026-08-16,CUSTODIAN,TRAIN
1087,TRD101086,RELIANCE,EQ-CORE-02,1500,1500,2026-08-21,CUSTODIAN,TRAIN
1088,TRD101087,SBIN,EQ-INDEX-04,250,250,2026-08-05,CUSTODIAN,TRAIN
1089,TRD101088,MARUTI,EQ-ALPHA-03,2000,2000,2026-08-08,CUSTODIAN,TEST
1090,TRD101089,WIPRO,EQ-CORE-02,2000,2000,2026-08-15,CUSTODIAN,TRAIN
1091,TRD101090,WIPRO,EQ-CORE-01,500,500,2026-08-15,CUSTODIAN,TEST
1092,TRD101091,ICICIBANK,EQ-INDEX-04,500,500,2026-08-09,CUSTODIAN,TRAIN
1093,TRD101092,RELIANCE,EQ-INDEX-04,2000,2000,2026-08-12,CUSTODIAN,TRAIN
1094,TRD101093,WIPRO,EQ-CORE-01,1500,1500,2026-08-21,CUSTODIAN,TRAIN
1095,TRD101094,LT,EQ-ALPHA-03,100,100,2026-08-09,CUSTODIAN,TEST
1096,TRD101095,RELIANCE,EQ-INDEX-04,750,750,2026-08-15,CUSTODIAN,TRAIN
1097,TRD101096,INFY,EQ-INDEX-04,100,100,2026-08-10,CUSTODIAN,TRAIN
1098,TRD101097,TATASTEEL,EQ-INDEX-04,2000,5400,2026-08-12,CUSTODIAN,TEST
1099,TRD101098,ICICIBANK,EQ-ALPHA-03,200,200,2026-08-06,CUSTODIAN,TRAIN
1100,TRD101099,TATASTEEL,EQ-ALPHA-03,1500,1500,2026-08-10,CUSTODIAN,TRAIN
1101,TRD101100,BHARTIARTL,EQ-INDEX-04,250,250,2026-08-18,CUSTODIAN,TRAIN
1102,TRD101101,HDFCBANK,EQ-INDEX-04,250,250,2026-08-07,CUSTODIAN,TRAIN
1103,TRD101102,INFY,EQ-INDEX-04,2000,2000,2026-08-17,CUSTODIAN,TRAIN
1104,TRD101103,WIPRO,EQ-CORE-02,2000,2000,2026-08-05,CUSTODIAN,TEST
1105,TRD101104,SBIN,EQ-CORE-02,200,200,2026-08-11,CUSTODIAN,TRAIN
1106,TRD101105,AXISBANK,EQ-CORE-02,500,500,2026-08-02,CUSTODIAN,TRAIN
1107,TRD101106,TATASTEEL,EQ-CORE-01,200,200,2026-08-17,CUSTODIAN,TRAIN
1108,TRD101107,RELIANCE,EQ-ALPHA-03,750,1350,2026-08-05,CUSTODIAN,TEST
1109,TRD101108,MARUTI,EQ-INDEX-04,1000,1000,2026-08-04,CUSTODIAN,TRAIN
1110,TRD101109,KOTAKBANK,EQ-CORE-01,750,750,2026-08-02,CUSTODIAN,TRAIN
1111,TRD101110,SBIN,EQ-ALPHA-03,250,250,2026-08-03,CUSTODIAN,TRAIN
1112,TRD101111,HINDUNILVR,EQ-INDEX-04,100,100,2026-08-19,CUSTODIAN,TEST
1113,TRD101112,BHARTIARTL,EQ-CORE-01,750,1650,2026-08-14,CUSTODIAN,TRAIN
1114,TRD101113,INFY,EQ-CORE-02,1500,1500,2026-08-11,CUSTODIAN,TRAIN
1115,TRD101114,ICICIBANK,EQ-CORE-02,2000,2000,2026-08-11,CUSTODIAN,TRAIN
1116,TRD101115,KOTAKBANK,EQ-INDEX-04,200,200,2026-08-18,CUSTODIAN,TRAIN
1117,TRD101116,TATASTEEL,EQ-INDEX-04,1500,1500,2026-08-20,CUSTODIAN,TRAIN
1118,TRD101117,HINDUNILVR,EQ-INDEX-04,1500,1500,2026-08-21,CUSTODIAN,TEST
1119,TRD101118,TCS,EQ-CORE-02,100,100,2026-08-16,CUSTODIAN,TRAIN
1120,TRD101119,TATASTEEL,EQ-CORE-01,2000,2000,2026-08-22,CUSTODIAN,TEST
1121,TRD101120,ITC,EQ-CORE-02,1500,1500,2026-08-17,CUSTODIAN,TRAIN
1122,TRD101121,KOTAKBANK,EQ-ALPHA-03,750,750,2026-08-18,CUSTODIAN,TRAIN
1123,TRD101122,LT,EQ-INDEX-04,200,200,2026-08-18,CUSTODIAN,TRAIN
1124,TRD101123,TCS,EQ-ALPHA-03,2000,3600,2026-08-20,CUSTODIAN,TRAIN
1125,TRD101124,AXISBANK,EQ-INDEX-04,200,200,2026-08-02,CUSTODIAN,TRAIN
1126,TRD101125,HINDUNILVR,EQ-INDEX-04,250,250,2026-08-03,CUSTODIAN,TEST
1127,TRD101126,SBIN,EQ-ALPHA-03,2000,2000,2026-08-16,CUSTODIAN,TRAIN
1128,TRD101127,TATASTEEL,EQ-ALPHA-03,250,250,2026-08-04,CUSTODIAN,TRAIN
1129,TRD101128,BHARTIARTL,EQ-CORE-02,100,100,2026-08-05,CUSTODIAN,TRAIN
1130,TRD101129,ITC,EQ-INDEX-04,1500,1500,2026-08-21,CUSTODIAN,TRAIN
1131,TRD101130,AXISBANK,EQ-CORE-01,1000,1000,2026-08-14,CUSTODIAN,TRAIN
1132,TRD101131,INFY,EQ-CORE-02,100,100,2026-08-03,CUSTODIAN,TRAIN
1133,TRD101132,HDFCBANK,EQ-INDEX-04,2000,2000,2026-08-22,CUSTODIAN,TRAIN
1134,TRD101133,TCS,EQ-INDEX-04,750,750,2026-08-06,CUSTODIAN,TRAIN
1135,TRD101134,TCS,EQ-INDEX-04,250,250,2026-08-16,CUSTODIAN,TRAIN
1136,TRD101135,MARUTI,EQ-INDEX-04,2000,2000,2026-08-08,CUSTODIAN,TRAIN
1137,TRD101136,SBIN,EQ-INDEX-04,100,100,2026-08-15,CUSTODIAN,TRAIN
1138,TRD101137,RELIANCE,EQ-INDEX-04,2000,0,2026-08-18,MISSING,TRAIN
1139,TRD101138,WIPRO,EQ-ALPHA-03,100,100,2026-08-15,CUSTODIAN,TRAIN
1140,TRD101139,ICICIBANK,EQ-ALPHA-03,1500,1500,2026-08-05,CUSTODIAN,TRAIN
1141,TRD101140,WIPRO,EQ-CORE-02,1500,1500,2026-08-11,CUSTODIAN,TRAIN
1142,TRD101141,SBIN,EQ-ALPHA-03,2000,2000,2026-08-09,CUSTODIAN,TEST
1143,TRD101142,INFY,EQ-ALPHA-03,750,750,2026-08-14,CUSTODIAN,TRAIN
1144,TRD101143,HINDUNILVR,EQ-CORE-01,250,250,2026-08-11,CUSTODIAN,TRAIN
1145,TRD101144,INFY,EQ-CORE-01,250,250,2026-08-21,CUSTODIAN,TRAIN
1146,TRD101145,ITC,EQ-CORE-01,750,750,2026-08-19,CUSTODIAN,TRAIN
1147,TRD101146,TATASTEEL,EQ-CORE-01,750,750,2026-08-07,CUSTODIAN,TRAIN
1148,TRD101147,SBIN,EQ-CORE-02,1500,1500,2026-08-09,CUSTODIAN,TRAIN
1149,TRD101148,ICICIBANK,EQ-ALPHA-03,1000,1000,2026-08-03,CUSTODIAN,TEST
1150,TRD101149,MARUTI,EQ-CORE-01,200,200,2026-08-16,CUSTODIAN,TRAIN
1151,TRD101150,HINDUNILVR,EQ-CORE-01,200,560,2026-08-03,CUSTODIAN,TEST
1152,TRD101151,KOTAKBANK,EQ-ALPHA-03,200,200,2026-08-13,CUSTODIAN,TRAIN
1153,TRD101152,HINDUNILVR,EQ-ALPHA-03,2000,2000,2026-08-05,CUSTODIAN,TRAIN
1154,TRD101153,MARUTI,EQ-INDEX-04,250,250,2026-08-08,CUSTODIAN,TRAIN
1155,TRD101154,HDFCBANK,EQ-CORE-01,2000,2000,2026-08-18,CUSTODIAN,TRAIN
1156,TRD101155,SBIN,EQ-INDEX-04,1500,1500,2026-08-09,CUSTODIAN,TRAIN
1157,TRD101156,INFY,EQ-ALPHA-03,1500,1500,2026-08-15,CUSTODIAN,TRAIN
1158,TRD101157,ITC,EQ-CORE-01,250,250,2026-08-18,CUSTODIAN,TEST
1159,TRD101158,SBIN,EQ-CORE-01,1500,1500,2026-08-07,CUSTODIAN,TRAIN
1160,TRD101159,HINDUNILVR,EQ-CORE-01,100,100,2026-08-22,CUSTODIAN,TRAIN
1161,TRD101160,BHARTIARTL,EQ-ALPHA-03,1500,1500,2026-08-19,CUSTODIAN,TRAIN
1162,TRD101161,RELIANCE,EQ-INDEX-04,750,750,2026-08-21,CUSTODIAN,TRAIN
1163,TRD101162,KOTAKBANK,EQ-INDEX-04,500,500,2026-08-22,CUSTODIAN,TRAIN
1164,TRD101163,TATASTEEL,EQ-CORE-01,1500,1500,2026-08-11,CUSTODIAN,TRAIN
1165,TRD101164,BHARTIARTL,EQ-CORE-02,250,250,2026-08-19,CUSTODIAN,TEST
1166,TRD101165,LT,EQ-CORE-01,750,750,2026-08-22,CUSTODIAN,TRAIN
1167,TRD101166,TATASTEEL,EQ-INDEX-04,750,750,2026-08-11,CUSTODIAN,TRAIN
1168,TRD101167,WIPRO,EQ-ALPHA-03,100,220,2026-08-10,CUSTODIAN,TRAIN
1169,TRD101168,RELIANCE,EQ-CORE-01,200,200,2026-08-20,CUSTODIAN,TRAIN
1170,TRD101169,SBIN,EQ-CORE-02,500,500,2026-08-20,CUSTODIAN,TRAIN
1171,TRD101170,ICICIBANK,EQ-CORE-02,750,750,2026-08-20,CUSTODIAN,TEST
1172,TRD101171,LT,EQ-CORE-02,500,500,2026-08-18,CUSTODIAN,TRAIN
1173,TRD101172,ITC,EQ-CORE-01,200,200,2026-08-15,CUSTODIAN,TRAIN
1174,TRD101173,RELIANCE,EQ-INDEX-04,1500,1500,2026-08-17,CUSTODIAN,TEST
1175,TRD101174,SBIN,EQ-ALPHA-03,1500,1500,2026-08-19,CUSTODIAN,TRAIN
1176,TRD101175,KOTAKBANK,EQ-INDEX-04,1500,1500,2026-08-17,CUSTODIAN,TRAIN
1177,TRD101176,INFY,EQ-CORE-01,250,250,2026-08-16,CUSTODIAN,TRAIN
1178,TRD101177,ITC,EQ-ALPHA-03,2000,1380,2026-08-07,CUSTODIAN,TRAIN
1179,TRD101178,AXISBANK,EQ-ALPHA-03,1500,1500,2026-08-13,CUSTODIAN,TRAIN
1180,TRD101179,LT,EQ-ALPHA-03,250,250,2026-08-11,CUSTODIAN,TRAIN
1181,TRD101180,ITC,EQ-INDEX-04,100,100,2026-08-06,CUSTODIAN,TRAIN
1182,TRD101181,TATASTEEL,EQ-INDEX-04,750,750,2026-08-08,CUSTODIAN,TRAIN
1183,TRD101182,TCS,EQ-INDEX-04,1000,1000,2026-08-03,CUSTODIAN,TRAIN
1184,TRD101183,AXISBANK,EQ-CORE-02,2000,2000,2026-08-14,CUSTODIAN,TEST
1185,TRD101184,LT,EQ-ALPHA-03,2000,2000,2026-08-16,CUSTODIAN,TEST
1186,TRD101185,HINDUNILVR,EQ-CORE-01,1500,1500,2026-08-14,CUSTODIAN,TEST
1187,TRD101186,WIPRO,EQ-CORE-01,750,750,2026-08-07,CUSTODIAN,TRAIN
1188,TRD101187,LT,EQ-CORE-01,200,200,2026-08-04,CUSTODIAN,TRAIN
1189,TRD101188,HINDUNILVR,EQ-CORE-02,2000,2000,2026-08-02,CUSTODIAN,TEST
1190,TRD101189,ICICIBANK,EQ-CORE-01,500,500,2026-08-20,CUSTODIAN,TRAIN
1191,TRD101190,BHARTIARTL,EQ-INDEX-04,100,87,2026-08-02,CUSTODIAN,TRAIN
1192,TRD101191,BHARTIARTL,EQ-ALPHA-03,100,100,2026-08-12,CUSTODIAN,TRAIN
1193,TRD101192,TCS,EQ-CORE-02,200,200,2026-08-11,CUSTODIAN,TEST
1194,TRD101193,HINDUNILVR,EQ-CORE-02,200,200,2026-08-15,CUSTODIAN,TEST
1195,TRD101194,AXISBANK,EQ-INDEX-04,1000,3300,2026-08-03,CUSTODIAN,TRAIN
1196,TRD101195,SBIN,EQ-INDEX-04,250,250,2026-08-12,CUSTODIAN,TRAIN
1197,TRD101196,RELIANCE,EQ-CORE-02,500,500,2026-08-21,CUSTODIAN,TRAIN
1198,TRD101197,LT,EQ-ALPHA-03,1500,1500,2026-08-10,CUSTODIAN,TRAIN
1199,TRD101198,LT,EQ-CORE-02,1500,1500,2026-08-02,CUSTODIAN,TRAIN
1200,TRD101199,ICICIBANK,EQ-CORE-02,200,200,2026-08-19,CUSTODIAN,TRAIN
1201,TRD101200,AXISBANK,EQ-CORE-02,1500,1500,2026-08-22,CUSTODIAN,TRAIN
1202,TRD101201,SBIN,EQ-INDEX-04,250,250,2026-08-19,CUSTODIAN,TRAIN
1203,TRD101202,RELIANCE,EQ-CORE-02,2000,2000,2026-08-21,CUSTODIAN,TRAIN
1204,TRD101203,RELIANCE,EQ-INDEX-04,2000,2000,2026-08-10,CUSTODIAN,TRAIN
1205,TRD101204,MARUTI,EQ-CORE-01,500,500,2026-08-18,CUSTODIAN,TEST
1206,TRD101205,WIPRO,EQ-CORE-01,200,200,2026-08-14,CUSTODIAN,TRAIN
1207,TRD101206,WIPRO,EQ-ALPHA-03,750,750,2026-08-08,CUSTODIAN,TRAIN
1208,TRD101207,KOTAKBANK,EQ-CORE-02,750,750,2026-08-17,CUSTODIAN,TRAIN
1209,TRD101208,SBIN,EQ-CORE-01,500,500,2026-08-21,CUSTODIAN,TRAIN
1210,TRD101209,KOTAKBANK,EQ-CORE-02,100,100,2026-08-02,CUSTODIAN,TRAIN
1211,TRD101210,LT,EQ-CORE-01,2000,3400,2026-08-19,CUSTODIAN,TRAIN
1212,TRD101211,TATASTEEL,EQ-ALPHA-03,2000,2000,2026-08-13,CUSTODIAN,TRAIN
1213,TRD101212,INFY,EQ-INDEX-04,100,100,2026-08-13,CUSTODIAN,TRAIN
1214,TRD101213,HDFCBANK,EQ-CORE-01,100,100,2026-08-13,CUSTODIAN,TRAIN
1215,TRD101214,HINDUNILVR,EQ-CORE-01,500,500,2026-08-17,CUSTODIAN,TRAIN
1216,TRD101215,ITC,EQ-CORE-01,500,500,2026-08-22,CUSTODIAN,TEST
1217,TRD101216,AXISBANK,EQ-CORE-02,2000,2000,2026-08-08,CUSTODIAN,TRAIN
1218,TRD101217,AXISBANK,EQ-CORE-02,250,250,2026-08-06,CUSTODIAN,TEST
1219,TRD101218,HDFCBANK,EQ-ALPHA-03,100,100,2026-08-19,CUSTODIAN,TRAIN
1220,TRD101219,RELIANCE,EQ-ALPHA-03,1500,1500,2026-08-22,CUSTODIAN,TRAIN
1221,TRD101220,MARUTI,EQ-INDEX-04,1500,1500,2026-08-18,CUSTODIAN,TEST
1222,TRD101221,LT,EQ-ALPHA-03,100,100,2026-08-09,CUSTODIAN,TRAIN
1223,TRD101222,LT,EQ-ALPHA-03,2000,2000,2026-08-14,CUSTODIAN,TRAIN
1224,TRD101223,TATASTEEL,EQ-INDEX-04,100,100,2026-08-09,CUSTODIAN,TEST
1225,TRD101224,TATASTEEL,EQ-CORE-01,500,500,2026-08-12,CUSTODIAN,TRAIN
1226,TRD101225,RELIANCE,EQ-ALPHA-03,2000,2000,2026-08-02,CUSTODIAN,TRAIN
1227,TRD101226,HDFCBANK,EQ-ALPHA-03,200,200,2026-08-12,CUSTODIAN,TRAIN
1228,TRD101227,TCS,EQ-CORE-01,2000,2000,2026-08-22,CUSTODIAN,TRAIN
1229,TRD101228,RELIANCE,EQ-CORE-01,100,100,2026-08-04,CUSTODIAN,TEST
1230,TRD101229,RELIANCE,EQ-CORE-01,750,750,2026-08-15,CUSTODIAN,TRAIN
1231,TRD101230,LT,EQ-CORE-01,100,100,2026-08-14,CUSTODIAN,TRAIN
1232,TRD101231,HDFCBANK,EQ-CORE-01,100,100,2026-08-16,CUSTODIAN,TRAIN
1233,TRD101232,KOTAKBANK,EQ-CORE-02,100,100,2026-08-12,CUSTODIAN,TRAIN
1234,TRD101233,TCS,EQ-CORE-02,100,100,2026-08-04,CUSTODIAN,TRAIN
1235,TRD101234,KOTAKBANK,EQ-INDEX-04,750,750,2026-08-17,CUSTODIAN,TRAIN
1236,TRD101235,HDFCBANK,EQ-ALPHA-03,250,250,2026-08-03,CUSTODIAN,TRAIN
1237,TRD101236,LT,EQ-CORE-02,1000,1000,2026-08-19,CUSTODIAN,TRAIN
1238,TRD101237,ICICIBANK,EQ-CORE-02,1000,1000,2026-08-02,CUSTODIAN,TEST
1239,TRD101238,HDFCBANK,EQ-CORE-02,100,100,2026-08-09,CUSTODIAN,TRAIN
1240,TRD101239,SBIN,EQ-ALPHA-03,500,500,2026-08-16,CUSTODIAN,TRAIN
1241,TRD101240,AXISBANK,EQ-INDEX-04,750,750,2026-08-07,CUSTODIAN,TRAIN
1242,TRD101241,ITC,EQ-CORE-02,500,500,2026-08-22,CUSTODIAN,TRAIN
1243,TRD101242,AXISBANK,EQ-INDEX-04,500,500,2026-08-12,CUSTODIAN,TRAIN
1244,TRD101243,BHARTIARTL,EQ-CORE-01,250,250,2026-08-02,CUSTODIAN,TRAIN
1245,TRD101244,SBIN,EQ-INDEX-04,100,100,2026-08-06,CUSTODIAN,TRAIN
1246,TRD101245,KOTAKBANK,EQ-CORE-02,1000,1000,2026-08-02,CUSTODIAN,TRAIN
1247,TRD101246,INFY,EQ-CORE-02,500,500,2026-08-07,CUSTODIAN,TRAIN
1248,TRD101247,HDFCBANK,EQ-CORE-01,100,100,2026-08-10,CUSTODIAN,TEST
1249,TRD101248,BHARTIARTL,EQ-INDEX-04,200,200,2026-08-08,CUSTODIAN,TRAIN
1250,TRD101249,SBIN,EQ-INDEX-04,1000,1000,2026-08-18,CUSTODIAN,TRAIN
1251,TRD101250,TCS,EQ-CORE-02,250,250,2026-08-06,CUSTODIAN,TRAIN
1252,TRD101251,WIPRO,EQ-CORE-02,1000,1000,2026-08-15,CUSTODIAN,TRAIN
1253,TRD101252,HINDUNILVR,EQ-ALPHA-03,500,500,2026-08-11,CUSTODIAN,TRAIN
1254,TRD101253,RELIANCE,EQ-INDEX-04,750,750,2026-08-18,CUSTODIAN,TRAIN
1255,TRD101254,WIPRO,EQ-CORE-02,200,200,2026-08-21,CUSTODIAN,TRAIN
1256,TRD101255,HINDUNILVR,EQ-ALPHA-03,1000,1000,2026-08-17,CUSTODIAN,TRAIN
1257,TRD101256,LT,EQ-ALPHA-03,2000,2000,2026-08-17,CUSTODIAN,TRAIN
1258,TRD101257,KOTAKBANK,EQ-CORE-02,100,100,2026-08-08,CUSTODIAN,TRAIN
1259,TRD101258,HDFCBANK,EQ-CORE-02,750,750,2026-08-14,CUSTODIAN,TRAIN
1260,TRD101259,ICICIBANK,EQ-INDEX-04,200,200,2026-08-04,CUSTODIAN,TRAIN
1261,TRD101260,HDFCBANK,EQ-INDEX-04,100,100,2026-08-21,CUSTODIAN,TRAIN
1262,TRD101261,ITC,EQ-ALPHA-03,1500,1500,2026-08-17,CUSTODIAN,TEST
1263,TRD101262,RELIANCE,EQ-CORE-01,250,250,2026-08-10,CUSTODIAN,TRAIN
1264,TRD101263,TATASTEEL,EQ-CORE-01,200,200,2026-08-18,CUSTODIAN,TRAIN
1265,TRD101264,TATASTEEL,EQ-CORE-01,500,500,2026-08-04,CUSTODIAN,TRAIN
1266,TRD101265,SBIN,EQ-ALPHA-03,500,500,2026-08-10,CUSTODIAN,TRAIN
1267,TRD101266,WIPRO,EQ-CORE-01,250,550,2026-08-19,CUSTODIAN,TRAIN
1268,TRD101267,ICICIBANK,EQ-CORE-01,1000,1000,2026-08-14,CUSTODIAN,TRAIN
1269,TRD101268,KOTAKBANK,EQ-CORE-02,250,0,2026-08-09,MISSING,TEST
1270,TRD101269,HDFCBANK,EQ-CORE-01,2000,2000,2026-08-16,CUSTODIAN,TRAIN
1271,TRD101270,MARUTI,EQ-INDEX-04,500,500,2026-08-15,CUSTODIAN,TRAIN
1272,TRD101271,MARUTI,EQ-ALPHA-03,100,100,2026-08-20,CUSTODIAN,TRAIN
1273,TRD101272,ITC,EQ-INDEX-04,1000,1000,2026-08-15,CUSTODIAN,TRAIN
1274,TRD101273,SBIN,EQ-CORE-02,100,100,2026-08-03,CUSTODIAN,TRAIN
1275,TRD101274,AXISBANK,EQ-CORE-01,1500,1500,2026-08-08,CUSTODIAN,TRAIN
1276,TRD101275,HDFCBANK,EQ-ALPHA-03,2000,2000,2026-08-21,CUSTODIAN,TRAIN
1277,TRD101276,INFY,EQ-INDEX-04,200,200,2026-08-07,CUSTODIAN,TEST
1278,TRD101277,INFY,EQ-CORE-02,500,500,2026-08-14,CUSTODIAN,TRAIN
1279,TRD101278,ICICIBANK,EQ-CORE-01,200,200,2026-08-13,CUSTODIAN,TEST
1280,TRD101279,SBIN,EQ-INDEX-04,1500,1500,2026-08-05,CUSTODIAN,TEST
1281,TRD101280,WIPRO,EQ-CORE-02,200,200,2026-08-09,CUSTODIAN,TEST
1282,TRD101281,BHARTIARTL,EQ-CORE-02,2000,2000,2026-08-20,CUSTODIAN,TRAIN
1283,TRD101282,ICICIBANK,EQ-CORE-01,500,500,2026-08-06,CUSTODIAN,TRAIN
1284,TRD101283,AXISBANK,EQ-INDEX-04,500,500,2026-08-20,CUSTODIAN,TRAIN
1285,TRD101284,AXISBANK,EQ-INDEX-04,100,100,2026-08-11,CUSTODIAN,TRAIN
1286,TRD101285,WIPRO,EQ-CORE-02,750,750,2026-08-07,CUSTODIAN,TRAIN
1287,TRD101286,TATASTEEL,EQ-CORE-01,1500,1500,2026-08-07,CUSTODIAN,TEST
1288,TRD101287,WIPRO,EQ-ALPHA-03,100,100,2026-08-07,CUSTODIAN,TRAIN
1289,TRD101288,WIPRO,EQ-CORE-01,500,435,2026-08-15,CUSTODIAN,TRAIN
1290,TRD101289,TCS,EQ-INDEX-04,200,200,2026-08-12,CUSTODIAN,TRAIN
1291,TRD101290,ICICIBANK,EQ-CORE-01,500,500,2026-08-16,CUSTODIAN,TRAIN
1292,TRD101291,BHARTIARTL,EQ-CORE-01,1000,1000,2026-08-08,CUSTODIAN,TRAIN
1293,TRD101292,ICICIBANK,EQ-INDEX-04,200,0,2026-08-06,MISSING,TEST
1294,TRD101293,ITC,EQ-INDEX-04,200,200,2026-08-09,CUSTODIAN,TRAIN
1295,TRD101294,ITC,EQ-CORE-01,750,750,2026-08-07,CUSTODIAN,TRAIN
1296,TRD101295,ICICIBANK,EQ-CORE-01,200,200,2026-08-14,CUSTODIAN,TRAIN
1297,TRD101296,KOTAKBANK,EQ-CORE-02,750,750,2026-08-13,CUSTODIAN,TRAIN
1298,TRD101297,TATASTEEL,EQ-CORE-01,500,500,2026-08-03,CUSTODIAN,TRAIN
1299,TRD101298,WIPRO,EQ-CORE-01,750,750,2026-08-21,CUSTODIAN,TEST
1300,TRD101299,HINDUNILVR,EQ-CORE-02,500,500,2026-08-13,CUSTODIAN,TRAIN
1301,TRD101300,RELIANCE,EQ-CORE-02,1500,1500,2026-08-02,CUSTODIAN,TRAIN
1302,TRD101301,HDFCBANK,EQ-CORE-02,200,200,2026-08-07,CUSTODIAN,TRAIN
1303,TRD101302,BHARTIARTL,EQ-CORE-02,200,200,2026-08-12,CUSTODIAN,TRAIN
1304,TRD101303,TATASTEEL,EQ-CORE-02,1500,1500,2026-08-05,CUSTODIAN,TRAIN
1305,TRD101304,SBIN,EQ-ALPHA-03,1000,1000,2026-08-14,CUSTODIAN,TRAIN
1306,TRD101305,BHARTIARTL,EQ-ALPHA-03,500,500,2026-08-04,CUSTODIAN,TRAIN
1307,TRD101306,RELIANCE,EQ-INDEX-04,200,540,2026-08-15,CUSTODIAN,TRAIN
1308,TRD101307,WIPRO,EQ-ALPHA-03,250,250,2026-08-05,CUSTODIAN,TEST
1309,TRD101308,KOTAKBANK,EQ-ALPHA-03,250,250,2026-08-22,CUSTODIAN,TRAIN
1310,TRD101309,TCS,EQ-INDEX-04,1000,1000,2026-08-20,CUSTODIAN,TRAIN
1311,TRD101310,LT,EQ-ALPHA-03,100,100,2026-08-21,CUSTODIAN,TEST
1312,TRD101311,WIPRO,EQ-CORE-01,1500,1305,2026-08-21,CUSTODIAN,TEST
1313,TRD101312,SBIN,EQ-CORE-02,2000,2000,2026-08-06,CUSTODIAN,TRAIN
1314,TRD101313,HDFCBANK,EQ-ALPHA-03,2000,2000,2026-08-12,CUSTODIAN,TRAIN
1315,TRD101314,KOTAKBANK,EQ-ALPHA-03,100,100,2026-08-15,CUSTODIAN,TEST
1316,TRD101315,HDFCBANK,EQ-CORE-01,1000,1000,2026-08-08,CUSTODIAN,TEST
1317,TRD101316,HINDUNILVR,EQ-ALPHA-03,500,1350,2026-08-14,CUSTODIAN,TRAIN
1318,TRD101317,ITC,EQ-CORE-02,100,100,2026-08-17,CUSTODIAN,TRAIN
1319,TRD101318,KOTAKBANK,EQ-CORE-02,250,250,2026-08-06,CUSTODIAN,TRAIN
1320,TRD101319,HDFCBANK,EQ-CORE-02,200,200,2026-08-16,CUSTODIAN,TEST
1321,TRD101320,HDFCBANK,EQ-ALPHA-03,1500,1500,2026-08-09,CUSTODIAN,TRAIN
1322,TRD101321,KOTAKBANK,EQ-ALPHA-03,500,500,2026-08-17,CUSTODIAN,TRAIN
1323,TRD101322,BHARTIARTL,EQ-INDEX-04,250,250,2026-08-15,CUSTODIAN,TRAIN
1324,TRD101323,MARUTI,EQ-CORE-01,2000,2000,2026-08-14,CUSTODIAN,TRAIN
1325,TRD101324,AXISBANK,EQ-INDEX-04,250,250,2026-08-07,CUSTODIAN,TRAIN
1326,TRD101325,ICICIBANK,EQ-INDEX-04,2000,3400,2026-08-19,CUSTODIAN,TEST
1327,TRD101326,SBIN,EQ-CORE-02,250,250,2026-08-08,CUSTODIAN,TRAIN
1328,TRD101327,RELIANCE,EQ-ALPHA-03,1000,1000,2026-08-15,CUSTODIAN,TRAIN
1329,TRD101328,ITC,EQ-INDEX-04,750,750,2026-08-20,CUSTODIAN,TRAIN
1330,TRD101329,TATASTEEL,EQ-CORE-02,200,200,2026-08-20,CUSTODIAN,TRAIN
1331,TRD101330,ICICIBANK,EQ-ALPHA-03,1000,1000,2026-08-17,CUSTODIAN,TRAIN
1332,TRD101331,KOTAKBANK,EQ-INDEX-04,1500,1500,2026-08-09,CUSTODIAN,TRAIN
1333,TRD101332,TATASTEEL,EQ-CORE-02,1000,1000,2026-08-02,CUSTODIAN,TRAIN
1334,TRD101333,AXISBANK,EQ-CORE-02,2000,2000,2026-08-06,CUSTODIAN,TRAIN
1335,TRD101334,RELIANCE,EQ-INDEX-04,200,200,2026-08-22,CUSTODIAN,TRAIN
1336,TRD101335,WIPRO,EQ-CORE-02,200,200,2026-08-08,CUSTODIAN,TRAIN
1337,TRD101336,ICICIBANK,EQ-INDEX-04,750,2100,2026-08-19,CUSTODIAN,TRAIN
1338,TRD101337,WIPRO,EQ-ALPHA-03,1500,1500,2026-08-04,CUSTODIAN,TEST
1339,TRD101338,ICICIBANK,EQ-ALPHA-03,500,500,2026-08-14,CUSTODIAN,TEST
1340,TRD101339,INFY,EQ-INDEX-04,2000,2000,2026-08-04,CUSTODIAN,TEST
1341,TRD101340,KOTAKBANK,EQ-ALPHA-03,750,750,2026-08-07,CUSTODIAN,TRAIN
1342,TRD101341,WIPRO,EQ-CORE-01,250,250,2026-08-08,CUSTODIAN,TEST
1343,TRD101342,AXISBANK,EQ-CORE-02,500,500,2026-08-03,CUSTODIAN,TEST
1344,TRD101343,ICICIBANK,EQ-CORE-02,1500,1500,2026-08-21,CUSTODIAN,TEST
1345,TRD101344,ICICIBANK,EQ-ALPHA-03,200,200,2026-08-10,CUSTODIAN,TRAIN
1346,TRD101345,AXISBANK,EQ-CORE-01,500,500,2026-08-05,CUSTODIAN,TRAIN
1347,TRD101346,HINDUNILVR,EQ-CORE-02,100,100,2026-08-03,CUSTODIAN,TRAIN
1348,TRD101347,BHARTIARTL,EQ-INDEX-04,750,750,2026-08-17,CUSTODIAN,TRAIN
1349,TRD101348,SBIN,EQ-INDEX-04,1000,1000,2026-08-09,CUSTODIAN,TRAIN
1350,TRD101349,AXISBANK,EQ-CORE-01,100,100,2026-08-12,CUSTODIAN,TEST
1351,TRD101350,MARUTI,EQ-CORE-01,1500,1500,2026-08-06,CUSTODIAN,TRAIN
1352,TRD101351,WIPRO,EQ-INDEX-04,500,500,2026-08-21,CUSTODIAN,TRAIN
1353,TRD101352,KOTAKBANK,EQ-CORE-01,500,500,2026-08-22,CUSTODIAN,TRAIN
1354,TRD101353,MARUTI,EQ-INDEX-04,100,280,2026-08-12,CUSTODIAN,TRAIN
1355,TRD101354,AXISBANK,EQ-ALPHA-03,2000,2000,2026-08-21,CUSTODIAN,TRAIN
1356,TRD101355,TATASTEEL,EQ-INDEX-04,2000,2000,2026-08-05,CUSTODIAN,TRAIN
1357,TRD101356,AXISBANK,EQ-CORE-01,500,500,2026-08-18,CUSTODIAN,TRAIN
1358,TRD101357,ITC,EQ-CORE-02,200,200,2026-08-19,CUSTODIAN,TEST
1359,TRD101358,TCS,EQ-CORE-02,2000,2000,2026-08-09,CUSTODIAN,TRAIN
1360,TRD101359,HINDUNILVR,EQ-ALPHA-03,200,200,2026-08-02,CUSTODIAN,TEST
1361,TRD101360,HINDUNILVR,EQ-INDEX-04,750,750,2026-08-10,CUSTODIAN,TRAIN
1362,TRD101361,KOTAKBANK,EQ-INDEX-04,250,250,2026-08-22,CUSTODIAN,TEST
1363,TRD101362,HINDUNILVR,EQ-CORE-01,1000,1000,2026-08-20,CUSTODIAN,TRAIN
1364,TRD101363,BHARTIARTL,EQ-CORE-02,1500,1500,2026-08-19,CUSTODIAN,TRAIN
1365,TRD101364,ICICIBANK,EQ-ALPHA-03,200,200,2026-08-05,CUSTODIAN,TRAIN
1366,TRD101365,WIPRO,EQ-INDEX-04,200,200,2026-08-06,CUSTODIAN,TRAIN
1367,TRD101366,ICICIBANK,EQ-INDEX-04,100,100,2026-08-08,CUSTODIAN,TRAIN
1368,TRD101367,HINDUNILVR,EQ-CORE-02,1000,1000,2026-08-06,CUSTODIAN,TRAIN
1369,TRD101368,BHARTIARTL,EQ-CORE-02,100,100,2026-08-16,CUSTODIAN,TRAIN
1370,TRD101369,MARUTI,EQ-ALPHA-03,500,500,2026-08-16,CUSTODIAN,TRAIN
1371,TRD101370,WIPRO,EQ-CORE-01,100,100,2026-08-11,CUSTODIAN,TRAIN
1372,TRD101371,MARUTI,EQ-ALPHA-03,2000,2000,2026-08-08,CUSTODIAN,TRAIN
1373,TRD101372,RELIANCE,EQ-CORE-02,1000,1000,2026-08-08,CUSTODIAN,TRAIN
1374,TRD101373,TATASTEEL,EQ-CORE-02,250,250,2026-08-14,CUSTODIAN,TRAIN
1375,TRD101374,LT,EQ-INDEX-04,1500,1500,2026-08-17,CUSTODIAN,TRAIN
1376,TRD101375,TCS,EQ-INDEX-04,750,750,2026-08-08,CUSTODIAN,TRAIN
1377,TRD101376,INFY,EQ-ALPHA-03,1000,1000,2026-08-20,CUSTODIAN,TRAIN
1378,TRD101377,KOTAKBANK,EQ-INDEX-04,250,250,2026-08-16,CUSTODIAN,TEST
1379,TRD101378,TATASTEEL,EQ-CORE-01,250,250,2026-08-08,CUSTODIAN,TRAIN
1380,TRD101379,WIPRO,EQ-INDEX-04,200,200,2026-08-06,CUSTODIAN,TRAIN
1381,TRD101380,TATASTEEL,EQ-CORE-01,100,100,2026-08-17,CUSTODIAN,TRAIN
1382,TRD101381,LT,EQ-INDEX-04,1000,1800,2026-08-06,CUSTODIAN,TRAIN
1383,TRD101382,RELIANCE,EQ-CORE-02,200,200,2026-08-17,CUSTODIAN,TRAIN
1384,TRD101383,HINDUNILVR,EQ-ALPHA-03,200,200,2026-08-22,CUSTODIAN,TEST
1385,TRD101384,SBIN,EQ-INDEX-04,100,100,2026-08-04,CUSTODIAN,TRAIN
1386,TRD101385,RELIANCE,EQ-CORE-02,2000,2000,2026-08-05,CUSTODIAN,TRAIN
1387,TRD101386,ITC,EQ-ALPHA-03,1500,1500,2026-08-06,CUSTODIAN,TEST
1388,TRD101387,WIPRO,EQ-INDEX-04,250,250,2026-08-02,CUSTODIAN,TEST
1389,TRD101388,LT,EQ-CORE-01,200,200,2026-08-08,CUSTODIAN,TEST
1390,TRD101389,MARUTI,EQ-CORE-01,250,250,2026-08-16,CUSTODIAN,TRAIN
1391,TRD101390,INFY,EQ-ALPHA-03,500,500,2026-08-04,CUSTODIAN,TRAIN
1392,TRD101391,TCS,EQ-CORE-02,200,200,2026-08-13,CUSTODIAN,TRAIN
1393,TRD101392,KOTAKBANK,EQ-ALPHA-03,100,100,2026-08-03,CUSTODIAN,TRAIN
1394,TRD101393,INFY,EQ-CORE-02,2000,2000,2026-08-18,CUSTODIAN,TRAIN
1395,TRD101394,KOTAKBANK,EQ-ALPHA-03,100,100,2026-08-08,CUSTODIAN,TRAIN
1396,TRD101395,INFY,EQ-INDEX-04,500,500,2026-08-10,CUSTODIAN,TRAIN
1397,TRD101396,LT,EQ-INDEX-04,750,750,2026-08-22,CUSTODIAN,TEST
1398,TRD101397,TCS,EQ-CORE-02,750,0,2026-08-06,MISSING,TRAIN
1399,TRD101398,KOTAKBANK,EQ-ALPHA-03,750,750,2026-08-23,CUSTODIAN,TRAIN
1400,TRD101399,BHARTIARTL,EQ-CORE-01,250,250,2026-08-15,CUSTODIAN,TEST
1401,TRD101400,TCS,EQ-INDEX-04,750,750,2026-08-05,CUSTODIAN,TRAIN
1402,TRD101401,SBIN,EQ-CORE-02,200,200,2026-08-12,CUSTODIAN,TEST
1403,TRD101402,ICICIBANK,EQ-CORE-01,100,100,2026-08-09,CUSTODIAN,TRAIN
1404,TRD101403,INFY,EQ-ALPHA-03,750,750,2026-08-17,CUSTODIAN,TEST
1405,TRD101404,LT,EQ-ALPHA-03,750,750,2026-08-03,CUSTODIAN,TRAIN
1406,TRD101405,INFY,EQ-INDEX-04,1000,1000,2026-08-19,CUSTODIAN,TRAIN
1407,TRD101406,AXISBANK,EQ-CORE-02,250,250,2026-08-18,CUSTODIAN,TRAIN
1408,TRD101407,INFY,EQ-ALPHA-03,1500,1500,2026-08-10,CUSTODIAN,TEST
1409,TRD101408,KOTAKBANK,EQ-ALPHA-03,1500,1500,2026-08-07,CUSTODIAN,TRAIN
1410,TRD101409,LT,EQ-CORE-02,750,750,2026-08-15,CUSTODIAN,TRAIN
1411,TRD101410,KOTAKBANK,EQ-CORE-01,200,200,2026-08-15,CUSTODIAN,TRAIN
1412,TRD101411,TCS,EQ-CORE-01,500,500,2026-08-07,CUSTODIAN,TRAIN
1413,TRD101412,WIPRO,EQ-INDEX-04,750,750,2026-08-17,CUSTODIAN,TRAIN
1414,TRD101413,ITC,EQ-CORE-01,2000,2000,2026-08-19,CUSTODIAN,TRAIN
1415,TRD101414,RELIANCE,EQ-INDEX-04,500,500,2026-08-02,CUSTODIAN,TEST
1416,TRD101415,HDFCBANK,EQ-CORE-02,100,100,2026-08-07,CUSTODIAN,TRAIN
1417,TRD101416,TCS,EQ-CORE-01,1000,1290,2026-08-18,CUSTODIAN,TRAIN
1418,TRD101417,ITC,EQ-CORE-02,1500,1500,2026-08-05,CUSTODIAN,TEST
1419,TRD101418,ICICIBANK,EQ-CORE-01,750,750,2026-08-10,CUSTODIAN,TRAIN
1420,TRD101419,HDFCBANK,EQ-CORE-01,750,750,2026-08-22,CUSTODIAN,TRAIN
1421,TRD101420,TATASTEEL,EQ-INDEX-04,2000,2000,2026-08-02,CUSTODIAN,TRAIN
1422,TRD101421,ICICIBANK,EQ-CORE-02,1000,1000,2026-08-13,CUSTODIAN,TRAIN
1423,TRD101422,SBIN,EQ-CORE-01,100,100,2026-08-17,CUSTODIAN,TRAIN
1424,TRD101423,BHARTIARTL,EQ-ALPHA-03,200,200,2026-08-02,CUSTODIAN,TEST
1425,TRD101424,ITC,EQ-CORE-02,1500,1500,2026-08-13,CUSTODIAN,TRAIN
1426,TRD101425,TCS,EQ-CORE-02,2000,2000,2026-08-16,CUSTODIAN,TRAIN
1427,TRD101426,WIPRO,EQ-CORE-02,1500,1500,2026-08-09,CUSTODIAN,TEST
1428,TRD101427,RELIANCE,EQ-CORE-02,250,250,2026-08-12,CUSTODIAN,TRAIN
1429,TRD101428,ITC,EQ-INDEX-04,750,750,2026-08-17,CUSTODIAN,TRAIN
1430,TRD101429,SBIN,EQ-CORE-01,1500,1500,2026-08-14,CUSTODIAN,TRAIN
1431,TRD101430,HINDUNILVR,EQ-CORE-01,100,100,2026-08-13,CUSTODIAN,TRAIN
1432,TRD101431,RELIANCE,EQ-CORE-01,1000,1000,2026-08-21,CUSTODIAN,TRAIN
1433,TRD101432,ITC,EQ-CORE-02,750,750,2026-08-04,CUSTODIAN,TRAIN
1434,TRD101433,WIPRO,EQ-CORE-02,250,250,2026-08-05,CUSTODIAN,TRAIN
1435,TRD101434,HDFCBANK,EQ-CORE-02,2000,2000,2026-08-05,CUSTODIAN,TRAIN
1436,TRD101435,MARUTI,EQ-CORE-01,250,250,2026-08-07,CUSTODIAN,TRAIN
1437,TRD101436,HDFCBANK,EQ-CORE-01,250,250,2026-08-21,CUSTODIAN,TRAIN
1438,TRD101437,BHARTIARTL,EQ-CORE-02,1500,1500,2026-08-22,CUSTODIAN,TRAIN
1439,TRD101438,BHARTIARTL,EQ-CORE-01,2000,2000,2026-08-15,CUSTODIAN,TRAIN
1440,TRD101439,TCS,EQ-INDEX-04,750,750,2026-08-13,CUSTODIAN,TRAIN
1441,TRD101440,SBIN,EQ-ALPHA-03,100,100,2026-08-02,CUSTODIAN,TRAIN
1442,TRD101441,ICICIBANK,EQ-INDEX-04,2000,2000,2026-08-21,CUSTODIAN,TRAIN
1443,TRD101442,ICICIBANK,EQ-CORE-01,2000,2000,2026-08-11,CUSTODIAN,TRAIN
1444,TRD101443,KOTAKBANK,EQ-ALPHA-03,250,250,2026-08-13,CUSTODIAN,TEST
1445,TRD101444,KOTAKBANK,EQ-CORE-01,750,750,2026-08-14,CUSTODIAN,TRAIN
1446,TRD101445,KOTAKBANK,EQ-CORE-02,200,200,2026-08-22,CUSTODIAN,TRAIN
1447,TRD101446,TATASTEEL,EQ-ALPHA-03,200,200,2026-08-19,CUSTODIAN,TEST
1448,TRD101447,WIPRO,EQ-CORE-02,2000,2000,2026-08-08,CUSTODIAN,TRAIN
1449,TRD101448,INFY,EQ-ALPHA-03,500,500,2026-08-10,CUSTODIAN,TEST
1450,TRD101449,ITC,EQ-INDEX-04,200,200,2026-08-04,CUSTODIAN,TRAIN
1451,TRD101450,INFY,EQ-CORE-01,750,750,2026-08-06,CUSTODIAN,TRAIN
1452,TRD101451,HINDUNILVR,EQ-CORE-01,500,500,2026-08-14,CUSTODIAN,TRAIN
1453,TRD101452,ITC,EQ-ALPHA-03,1500,1305,2026-08-14,CUSTODIAN,TEST
1454,TRD101453,INFY,EQ-CORE-01,100,100,2026-08-08,CUSTODIAN,TRAIN
1455,TRD101454,LT,EQ-ALPHA-03,750,750,2026-08-09,CUSTODIAN,TRAIN
1456,TRD101455,INFY,EQ-CORE-01,500,500,2026-08-09,CUSTODIAN,TRAIN
1457,TRD101456,TATASTEEL,EQ-CORE-02,750,750,2026-08-10,CUSTODIAN,TRAIN
1458,TRD101457,LT,EQ-ALPHA-03,200,200,2026-08-13,CUSTODIAN,TEST
1459,TRD101458,TCS,EQ-ALPHA-03,750,750,2026-08-15,CUSTODIAN,TRAIN
1460,TRD101459,RELIANCE,EQ-ALPHA-03,100,100,2026-08-09,CUSTODIAN,TRAIN
1461,TRD101460,ICICIBANK,EQ-INDEX-04,100,100,2026-08-20,CUSTODIAN,TRAIN
1462,TRD101461,MARUTI,EQ-ALPHA-03,500,500,2026-08-09,CUSTODIAN,TEST
1463,TRD101462,AXISBANK,EQ-INDEX-04,1500,1500,2026-08-09,CUSTODIAN,TRAIN
1464,TRD101463,INFY,EQ-CORE-02,2000,2000,2026-08-07,CUSTODIAN,TRAIN
1465,TRD101464,HDFCBANK,EQ-ALPHA-03,2000,2000,2026-08-07,CUSTODIAN,TRAIN
1466,TRD101465,ICICIBANK,EQ-CORE-02,250,250,2026-08-15,CUSTODIAN,TRAIN
1467,TRD101466,INFY,EQ-INDEX-04,200,200,2026-08-16,CUSTODIAN,TRAIN
1468,TRD101467,WIPRO,EQ-CORE-01,250,250,2026-08-02,CUSTODIAN,TRAIN
1469,TRD101468,BHARTIARTL,EQ-CORE-01,100,100,2026-08-02,CUSTODIAN,TRAIN
1470,TRD101469,HDFCBANK,EQ-CORE-01,200,200,2026-08-22,CUSTODIAN,TEST
1471,TRD101470,HINDUNILVR,EQ-CORE-01,200,200,2026-08-13,CUSTODIAN,TRAIN
1472,TRD101471,INFY,EQ-ALPHA-03,2000,2000,2026-08-16,CUSTODIAN,TRAIN
1473,TRD101472,ITC,EQ-ALPHA-03,250,250,2026-08-19,CUSTODIAN,TEST
1474,TRD101473,RELIANCE,EQ-INDEX-04,100,100,2026-08-11,CUSTODIAN,TRAIN
1475,TRD101474,RELIANCE,EQ-CORE-02,500,500,2026-08-15,CUSTODIAN,TRAIN
1476,TRD101475,KOTAKBANK,EQ-CORE-01,750,750,2026-08-14,CUSTODIAN,TEST
1477,TRD101476,INFY,EQ-CORE-01,200,200,2026-08-11,CUSTODIAN,TEST
1478,TRD101477,TCS,EQ-CORE-02,1000,1000,2026-08-04,CUSTODIAN,TRAIN
1479,TRD101478,BHARTIARTL,EQ-ALPHA-03,1000,1000,2026-08-15,CUSTODIAN,TEST
1480,TRD101479,SBIN,EQ-ALPHA-03,200,360,2026-08-17,CUSTODIAN,TRAIN
1481,TRD101480,HINDUNILVR,EQ-CORE-02,200,200,2026-08-06,CUSTODIAN,TEST
1482,TRD101481,INFY,EQ-CORE-01,1500,1500,2026-08-17,CUSTODIAN,TRAIN
1483,TRD101482,WIPRO,EQ-CORE-02,750,750,2026-08-13,CUSTODIAN,TRAIN
1484,TRD101483,SBIN,EQ-INDEX-04,1000,1000,2026-08-17,CUSTODIAN,TRAIN
1485,TRD101484,INFY,EQ-INDEX-04,500,500,2026-08-19,CUSTODIAN,TRAIN
1486,TRD101485,BHARTIARTL,EQ-CORE-02,200,200,2026-08-15,CUSTODIAN,TRAIN
1487,TRD101486,HDFCBANK,EQ-INDEX-04,1000,1000,2026-08-02,CUSTODIAN,TRAIN
1488,TRD101487,TATASTEEL,EQ-CORE-02,200,200,2026-08-13,CUSTODIAN,TRAIN
1489,TRD101488,ITC,EQ-CORE-02,250,250,2026-08-19,CUSTODIAN,TEST
1490,TRD101489,MARUTI,EQ-CORE-02,500,500,2026-08-06,CUSTODIAN,TRAIN
1491,TRD101490,WIPRO,EQ-CORE-01,100,100,2026-08-15,CUSTODIAN,TEST
1492,TRD101491,KOTAKBANK,EQ-CORE-01,200,200,2026-08-22,CUSTODIAN,TRAIN
1493,TRD101492,SBIN,EQ-INDEX-04,250,250,2026-08-05,CUSTODIAN,TRAIN
1494,TRD101493,HINDUNILVR,EQ-ALPHA-03,250,322,2026-08-06,CUSTODIAN,TEST
1495,TRD101494,BHARTIARTL,EQ-CORE-01,1000,1000,2026-08-22,CUSTODIAN,TRAIN
1496,TRD101495,TCS,EQ-CORE-02,250,250,2026-08-22,CUSTODIAN,TRAIN
1497,TRD101496,RELIANCE,EQ-ALPHA-03,1500,1500,2026-08-16,CUSTODIAN,TRAIN
1498,TRD101497,WIPRO,EQ-CORE-01,500,500,2026-08-07,CUSTODIAN,TRAIN
1499,TRD101498,INFY,EQ-INDEX-04,500,500,2026-08-03,CUSTODIAN,TRAIN
1500,TRD101499,MARUTI,EQ-ALPHA-03,200,200,2026-08-16,CUSTODIAN,TRAIN
1501,TRD101500,MARUTI,EQ-INDEX-04,1500,1500,2026-08-13,CUSTODIAN,TRAIN
1502,TRD101501,ICICIBANK,EQ-ALPHA-03,200,200,2026-08-13,CUSTODIAN,TEST
1503,TRD101502,HDFCBANK,EQ-CORE-02,750,750,2026-08-05,CUSTODIAN,TRAIN
1504,TRD101503,HINDUNILVR,EQ-CORE-01,750,750,2026-08-08,CUSTODIAN,TRAIN
1505,TRD101504,ICICIBANK,EQ-INDEX-04,200,0,2026-08-20,MISSING,TRAIN
1506,TRD101505,RELIANCE,EQ-ALPHA-03,1000,1000,2026-08-11,CUSTODIAN,TEST
1507,TRD101506,BHARTIARTL,EQ-ALPHA-03,500,500,2026-08-14,CUSTODIAN,TRAIN
1508,TRD101507,WIPRO,EQ-CORE-02,200,200,2026-08-18,CUSTODIAN,TRAIN
1509,TRD101508,AXISBANK,EQ-CORE-02,1500,1500,2026-08-03,CUSTODIAN,TRAIN
1510,TRD101509,KOTAKBANK,EQ-CORE-02,2000,2000,2026-08-22,CUSTODIAN,TRAIN
1511,TRD101510,HINDUNILVR,EQ-ALPHA-03,250,250,2026-08-07,CUSTODIAN,TRAIN
1512,TRD101511,HINDUNILVR,EQ-INDEX-04,250,250,2026-08-13,CUSTODIAN,TRAIN
1513,TRD101512,TATASTEEL,EQ-CORE-01,1500,1500,2026-08-21,CUSTODIAN,TRAIN
1514,TRD101513,AXISBANK,EQ-ALPHA-03,2000,5600,2026-08-02,CUSTODIAN,TEST
1515,TRD101514,ITC,EQ-CORE-02,200,0,2026-08-07,MISSING,TRAIN
1516,TRD101515,ICICIBANK,EQ-INDEX-04,1000,1000,2026-08-04,CUSTODIAN,TRAIN
1517,TRD101516,ITC,EQ-CORE-02,750,750,2026-08-16,CUSTODIAN,TEST
1518,TRD101517,AXISBANK,EQ-INDEX-04,2000,2000,2026-08-11,CUSTODIAN,TRAIN
1519,TRD101518,ITC,EQ-ALPHA-03,1000,1000,2026-08-21,CUSTODIAN,TRAIN
1520,TRD101519,KOTAKBANK,EQ-CORE-01,1500,1500,2026-08-10,CUSTODIAN,TEST
1521,TRD101520,WIPRO,EQ-CORE-02,500,500,2026-08-19,CUSTODIAN,TRAIN
1522,TRD101521,ICICIBANK,EQ-CORE-02,1500,1500,2026-08-14,CUSTODIAN,TRAIN
1523,TRD101522,MARUTI,EQ-INDEX-04,2000,2000,2026-08-13,CUSTODIAN,TRAIN
1524,TRD101523,TCS,EQ-INDEX-04,200,200,2026-08-05,CUSTODIAN,TRAIN
1525,TRD101524,BHARTIARTL,EQ-INDEX-04,1000,1000,2026-08-12,CUSTODIAN,TEST
1526,TRD101525,WIPRO,EQ-CORE-02,2000,2000,2026-08-16,CUSTODIAN,TRAIN
1527,TRD101526,INFY,EQ-INDEX-04,500,500,2026-08-03,CUSTODIAN,TEST
1528,TRD101527,TATASTEEL,EQ-CORE-01,1000,1000,2026-08-17,CUSTODIAN,TRAIN
1529,TRD101528,MARUTI,EQ-ALPHA-03,100,100,2026-08-15,CUSTODIAN,TRAIN
1530,TRD101529,TCS,EQ-ALPHA-03,250,250,2026-08-14,CUSTODIAN,TRAIN
1531,TRD101530,MARUTI,EQ-CORE-01,1500,2700,2026-08-10,CUSTODIAN,TEST
1532,TRD101531,TATASTEEL,EQ-CORE-02,1500,1500,2026-08-11,CUSTODIAN,TEST
1533,TRD101532,BHARTIARTL,EQ-INDEX-04,2000,5400,2026-08-07,CUSTODIAN,TEST
1534,TRD101533,TATASTEEL,EQ-CORE-02,1500,1500,2026-08-19,CUSTODIAN,TRAIN
1535,TRD101534,WIPRO,EQ-CORE-02,250,250,2026-08-12,CUSTODIAN,TRAIN
1536,TRD101535,TATASTEEL,EQ-INDEX-04,250,250,2026-08-12,CUSTODIAN,TRAIN
1537,TRD101536,LT,EQ-INDEX-04,100,100,2026-08-06,CUSTODIAN,TRAIN
1538,TRD101537,RELIANCE,EQ-CORE-02,500,500,2026-08-08,CUSTODIAN,TEST
1539,TRD101538,HDFCBANK,EQ-CORE-01,1000,1000,2026-08-08,CUSTODIAN,TRAIN
1540,TRD101539,MARUTI,EQ-CORE-01,1000,1000,2026-08-11,CUSTODIAN,TRAIN
1541,TRD101540,KOTAKBANK,EQ-INDEX-04,2000,2000,2026-08-13,CUSTODIAN,TRAIN
1542,TRD101541,TCS,EQ-CORE-02,250,292,2026-08-13,CUSTODIAN,TRAIN
1543,TRD101542,BHARTIARTL,EQ-ALPHA-03,750,750,2026-08-15,CUSTODIAN,TEST
1544,TRD101543,TCS,EQ-INDEX-04,200,0,2026-08-02,MISSING,TRAIN
1545,TRD101544,ITC,EQ-CORE-01,200,200,2026-08-18,CUSTODIAN,TRAIN
1546,TRD101545,MARUTI,EQ-INDEX-04,1500,1500,2026-08-16,CUSTODIAN,TRAIN
1547,TRD101546,HDFCBANK,EQ-INDEX-04,2000,2000,2026-08-13,CUSTODIAN,TRAIN
1548,TRD101547,RELIANCE,EQ-ALPHA-03,1000,1000,2026-08-18,CUSTODIAN,TRAIN
1549,TRD101548,ICICIBANK,EQ-CORE-01,1500,1500,2026-08-02,CUSTODIAN,TEST
1550,TRD101549,RELIANCE,EQ-ALPHA-03,250,250,2026-08-18,CUSTODIAN,TEST
1551,TRD101550,INFY,EQ-INDEX-04,1500,1500,2026-08-14,CUSTODIAN,TEST
1552,TRD101551,HINDUNILVR,EQ-CORE-02,1500,1500,2026-08-22,CUSTODIAN,TRAIN
1553,TRD101552,TATASTEEL,EQ-CORE-01,1000,1000,2026-08-15,CUSTODIAN,TRAIN
1554,TRD101553,LT,EQ-ALPHA-03,200,200,2026-08-14,CUSTODIAN,TRAIN
1555,TRD101554,SBIN,EQ-CORE-01,500,500,2026-08-02,CUSTODIAN,TRAIN
1556,TRD101555,RELIANCE,EQ-CORE-02,200,200,2026-08-02,CUSTODIAN,TRAIN
1557,TRD101556,KOTAKBANK,EQ-ALPHA-03,1000,870,2026-08-22,CUSTODIAN,TRAIN
1558,TRD101557,LT,EQ-CORE-01,500,500,2026-08-14,CUSTODIAN,TEST
1559,TRD101558,TCS,EQ-CORE-01,250,250,2026-08-22,CUSTODIAN,TEST
1560,TRD101559,ITC,EQ-CORE-02,200,200,2026-08-11,CUSTODIAN,TRAIN
1561,TRD101560,TCS,EQ-CORE-01,2000,2000,2026-08-08,CUSTODIAN,TRAIN
1562,TRD101561,HINDUNILVR,EQ-CORE-01,100,100,2026-08-17,CUSTODIAN,TRAIN
1563,TRD101562,KOTAKBANK,EQ-INDEX-04,1500,1500,2026-08-12,CUSTODIAN,TEST
1564,TRD101563,INFY,EQ-CORE-01,750,750,2026-08-07,CUSTODIAN,TRAIN
1565,TRD101564,SBIN,EQ-CORE-01,1000,1000,2026-08-21,CUSTODIAN,TEST
1566,TRD101565,LT,EQ-CORE-01,750,750,2026-08-08,CUSTODIAN,TEST
1567,TRD101566,LT,EQ-CORE-02,250,250,2026-08-13,CUSTODIAN,TRAIN
1568,TRD101567,SBIN,EQ-ALPHA-03,250,250,2026-08-06,CUSTODIAN,TRAIN
1569,TRD101568,HDFCBANK,EQ-ALPHA-03,200,200,2026-08-19,CUSTODIAN,TRAIN
1570,TRD101569,WIPRO,EQ-ALPHA-03,2000,0,2026-08-14,MISSING,TRAIN
1571,TRD101570,HDFCBANK,EQ-ALPHA-03,750,750,2026-08-05,CUSTODIAN,TEST
1572,TRD101571,HINDUNILVR,EQ-INDEX-04,500,500,2026-08-17,CUSTODIAN,TRAIN
1573,TRD101572,AXISBANK,EQ-INDEX-04,750,750,2026-08-21,CUSTODIAN,TEST
1574,TRD101573,HDFCBANK,EQ-INDEX-04,1000,1000,2026-08-22,CUSTODIAN,TRAIN
1575,TRD101574,TATASTEEL,EQ-INDEX-04,100,100,2026-08-10,CUSTODIAN,TRAIN
1576,TRD101575,AXISBANK,EQ-ALPHA-03,1000,1000,2026-08-05,CUSTODIAN,TEST
1577,TRD101576,HINDUNILVR,EQ-ALPHA-03,250,250,2026-08-04,CUSTODIAN,TRAIN
1578,TRD101577,INFY,EQ-CORE-01,1000,1000,2026-08-12,CUSTODIAN,TRAIN
1579,TRD101578,HDFCBANK,EQ-CORE-01,2000,2000,2026-08-12,CUSTODIAN,TRAIN
1580,TRD101579,ICICIBANK,EQ-ALPHA-03,500,500,2026-08-05,CUSTODIAN,TEST
1581,TRD101580,AXISBANK,EQ-ALPHA-03,1500,1500,2026-08-15,CUSTODIAN,TRAIN
1582,TRD101581,HDFCBANK,EQ-ALPHA-03,100,100,2026-08-17,CUSTODIAN,TRAIN
1583,TRD101582,TCS,EQ-INDEX-04,200,200,2026-08-21,CUSTODIAN,TRAIN
1584,TRD101583,AXISBANK,EQ-CORE-01,100,100,2026-08-22,CUSTODIAN,TRAIN
1585,TRD101584,ICICIBANK,EQ-CORE-01,250,250,2026-08-14,CUSTODIAN,TRAIN
1586,TRD101585,KOTAKBANK,EQ-ALPHA-03,100,100,2026-08-05,CUSTODIAN,TRAIN
1587,TRD101586,SBIN,EQ-INDEX-04,1000,1000,2026-08-19,CUSTODIAN,TEST
1588,TRD101587,BHARTIARTL,EQ-CORE-01,750,750,2026-08-16,CUSTODIAN,TRAIN
1589,TRD101588,AXISBANK,EQ-CORE-02,200,258,2026-08-03,CUSTODIAN,TRAIN
1590,TRD101589,SBIN,EQ-ALPHA-03,1500,1500,2026-08-04,CUSTODIAN,TRAIN
1591,TRD101590,TATASTEEL,EQ-CORE-01,100,100,2026-08-03,CUSTODIAN,TRAIN
1592,TRD101591,TCS,EQ-ALPHA-03,750,750,2026-08-21,CUSTODIAN,TEST
1593,TRD101592,TATASTEEL,EQ-ALPHA-03,250,250,2026-08-05,CUSTODIAN,TRAIN
1594,TRD101593,HINDUNILVR,EQ-CORE-02,1500,1500,2026-08-05,CUSTODIAN,TRAIN
1595,TRD101594,KOTAKBANK,EQ-INDEX-04,2000,2000,2026-08-12,CUSTODIAN,TRAIN
1596,TRD101595,TCS,EQ-CORE-02,750,750,2026-08-04,CUSTODIAN,TRAIN
1597,TRD101596,WIPRO,EQ-CORE-02,200,200,2026-08-17,CUSTODIAN,TRAIN
1598,TRD101597,KOTAKBANK,EQ-INDEX-04,500,500,2026-08-14,CUSTODIAN,TRAIN
1599,TRD101598,SBIN,EQ-ALPHA-03,500,500,2026-08-18,CUSTODIAN,TRAIN
1600,TRD101599,WIPRO,EQ-CORE-02,2000,2000,2026-08-19,CUSTODIAN,TRAIN
1601,TRD101600,TATASTEEL,EQ-CORE-02,1000,1000,2026-08-16,CUSTODIAN,TRAIN
1602,TRD101601,HDFCBANK,EQ-ALPHA-03,200,560,2026-08-07,CUSTODIAN,TEST
1603,TRD101602,INFY,EQ-CORE-01,2000,2000,2026-08-05,CUSTODIAN,TRAIN
1604,TRD101603,INFY,EQ-ALPHA-03,750,750,2026-08-18,CUSTODIAN,TRAIN
1605,TRD101604,TCS,EQ-INDEX-04,200,200,2026-08-08,CUSTODIAN,TRAIN
1606,TRD101605,LT,EQ-CORE-01,1000,1000,2026-08-10,CUSTODIAN,TRAIN
1607,TRD101606,KOTAKBANK,EQ-ALPHA-03,1500,0,2026-08-15,MISSING,TRAIN
1608,TRD101607,BHARTIARTL,EQ-INDEX-04,250,250,2026-08-18,CUSTODIAN,TRAIN
1609,TRD101608,TCS,EQ-CORE-01,100,100,2026-08-05,CUSTODIAN,TRAIN
1610,TRD101609,TATASTEEL,EQ-CORE-01,100,100,2026-08-09,CUSTODIAN,TRAIN
1611,TRD101610,HDFCBANK,EQ-ALPHA-03,1500,1500,2026-08-05,CUSTODIAN,TEST
1612,TRD101611,HDFCBANK,EQ-ALPHA-03,250,250,2026-08-13,CUSTODIAN,TEST
1613,TRD101612,WIPRO,EQ-INDEX-04,100,100,2026-08-18,CUSTODIAN,TEST
1614,TRD101613,MARUTI,EQ-CORE-02,500,500,2026-08-04,CUSTODIAN,TRAIN
1615,TRD101614,TATASTEEL,EQ-INDEX-04,2000,2000,2026-08-02,CUSTODIAN,TRAIN
1616,TRD101615,SBIN,EQ-CORE-02,100,129,2026-08-10,CUSTODIAN,TRAIN
1617,TRD101616,AXISBANK,EQ-INDEX-04,1000,1000,2026-08-21,CUSTODIAN,TRAIN
1618,TRD101617,ITC,EQ-ALPHA-03,200,0,2026-08-02,MISSING,TRAIN
1619,TRD101618,LT,EQ-ALPHA-03,250,250,2026-08-05,CUSTODIAN,TRAIN
1620,TRD101619,ITC,EQ-INDEX-04,2000,0,2026-08-19,MISSING,TRAIN
1621,TRD101620,SBIN,EQ-ALPHA-03,2000,5600,2026-08-13,CUSTODIAN,TEST
1622,TRD101621,TCS,EQ-CORE-02,750,750,2026-08-22,CUSTODIAN,TRAIN
1623,TRD101622,MARUTI,EQ-INDEX-04,500,500,2026-08-06,CUSTODIAN,TRAIN
1624,TRD101623,HDFCBANK,EQ-INDEX-04,1500,1500,2026-08-04,CUSTODIAN,TRAIN
1625,TRD101624,ICICIBANK,EQ-ALPHA-03,2000,2000,2026-08-18,CUSTODIAN,TRAIN
1626,TRD101625,TATASTEEL,EQ-ALPHA-03,1000,1000,2026-08-15,CUSTODIAN,TRAIN
1627,TRD101626,RELIANCE,EQ-INDEX-04,1000,1000,2026-08-05,CUSTODIAN,TEST
1628,TRD101627,ICICIBANK,EQ-CORE-02,200,200,2026-08-17,CUSTODIAN,TRAIN
1629,TRD101628,KOTAKBANK,EQ-CORE-02,250,250,2026-08-11,CUSTODIAN,TRAIN
1630,TRD101629,ITC,EQ-INDEX-04,750,750,2026-08-11,CUSTODIAN,TRAIN
1631,TRD101630,HDFCBANK,EQ-INDEX-04,750,750,2026-08-05,CUSTODIAN,TEST
1632,TRD101631,RELIANCE,EQ-ALPHA-03,1500,1500,2026-08-02,CUSTODIAN,TRAIN
1633,TRD101632,SBIN,EQ-CORE-02,750,750,2026-08-18,CUSTODIAN,TEST
1634,TRD101633,WIPRO,EQ-CORE-01,750,0,2026-08-08,MISSING,TRAIN
1635,TRD101634,HDFCBANK,EQ-INDEX-04,100,100,2026-08-13,CUSTODIAN,TRAIN
1636,TRD101635,BHARTIARTL,EQ-ALPHA-03,200,200,2026-08-11,CUSTODIAN,TRAIN
1637,TRD101636,AXISBANK,EQ-CORE-02,1500,1500,2026-08-12,CUSTODIAN,TRAIN
1638,TRD101637,ICICIBANK,EQ-ALPHA-03,250,250,2026-08-08,CUSTODIAN,TRAIN
1639,TRD101638,ICICIBANK,EQ-CORE-01,2000,2000,2026-08-14,CUSTODIAN,TEST
1640,TRD101639,LT,EQ-ALPHA-03,2000,2000,2026-08-19,CUSTODIAN,TRAIN
1641,TRD101640,SBIN,EQ-CORE-01,1500,1500,2026-08-15,CUSTODIAN,TRAIN
1642,TRD101641,HINDUNILVR,EQ-ALPHA-03,1500,1500,2026-08-06,CUSTODIAN,TEST
1643,TRD101642,AXISBANK,EQ-ALPHA-03,1000,1000,2026-08-19,CUSTODIAN,TRAIN
1644,TRD101643,HINDUNILVR,EQ-INDEX-04,1500,1500,2026-08-02,CUSTODIAN,TRAIN
1645,TRD101644,TCS,EQ-ALPHA-03,100,100,2026-08-23,CUSTODIAN,TRAIN
1646,TRD101645,MARUTI,EQ-CORE-01,750,750,2026-08-12,CUSTODIAN,TRAIN
1647,TRD101646,WIPRO,EQ-INDEX-04,500,500,2026-08-19,CUSTODIAN,TRAIN
1648,TRD101647,HDFCBANK,EQ-CORE-01,250,250,2026-08-11,CUSTODIAN,TRAIN
1649,TRD101648,AXISBANK,EQ-CORE-01,500,500,2026-08-02,CUSTODIAN,TRAIN
1650,TRD101649,HDFCBANK,EQ-INDEX-04,500,500,2026-08-02,CUSTODIAN,TEST
1651,TRD101650,RELIANCE,EQ-CORE-02,200,200,2026-08-17,CUSTODIAN,TRAIN
1652,TRD101651,MARUTI,EQ-INDEX-04,2000,2000,2026-08-21,CUSTODIAN,TRAIN
1653,TRD101652,KOTAKBANK,EQ-CORE-02,100,100,2026-08-09,CUSTODIAN,TRAIN
1654,TRD101653,ITC,EQ-INDEX-04,750,750,2026-08-05,CUSTODIAN,TRAIN
1655,TRD101654,KOTAKBANK,EQ-INDEX-04,750,750,2026-08-05,CUSTODIAN,TEST
1656,TRD101655,INFY,EQ-INDEX-04,100,100,2026-08-05,CUSTODIAN,TRAIN
1657,TRD101656,AXISBANK,EQ-INDEX-04,750,750,2026-08-22,CUSTODIAN,TRAIN
1658,TRD101657,TATASTEEL,EQ-INDEX-04,1000,1000,2026-08-16,CUSTODIAN,TRAIN
1659,TRD101658,RELIANCE,EQ-ALPHA-03,250,250,2026-08-18,CUSTODIAN,TRAIN
1660,TRD101659,LT,EQ-ALPHA-03,200,200,2026-08-06,CUSTODIAN,TRAIN
1661,TRD101660,WIPRO,EQ-CORE-01,250,250,2026-08-11,CUSTODIAN,TEST
1662,TRD101661,BHARTIARTL,EQ-ALPHA-03,2000,2000,2026-08-07,CUSTODIAN,TRAIN
1663,TRD101662,WIPRO,EQ-INDEX-04,1000,1000,2026-08-20,CUSTODIAN,TRAIN
1664,TRD101663,RELIANCE,EQ-CORE-01,100,100,2026-08-07,CUSTODIAN,TRAIN
1665,TRD101664,ITC,EQ-CORE-02,2000,2000,2026-08-09,CUSTODIAN,TRAIN
1666,TRD101665,TATASTEEL,EQ-CORE-01,250,250,2026-08-14,CUSTODIAN,TRAIN
1667,TRD101666,AXISBANK,EQ-ALPHA-03,750,750,2026-08-04,CUSTODIAN,TEST
1668,TRD101667,TATASTEEL,EQ-CORE-02,250,250,2026-08-16,CUSTODIAN,TRAIN
1669,TRD101668,HDFCBANK,EQ-CORE-02,750,750,2026-08-11,CUSTODIAN,TRAIN
1670,TRD101669,BHARTIARTL,EQ-CORE-01,500,500,2026-08-02,CUSTODIAN,TRAIN
1671,TRD101670,RELIANCE,EQ-CORE-01,250,250,2026-08-13,CUSTODIAN,TRAIN
1672,TRD101671,INFY,EQ-INDEX-04,2000,2000,2026-08-08,CUSTODIAN,TRAIN
1673,TRD101672,SBIN,EQ-INDEX-04,250,250,2026-08-16,CUSTODIAN,TRAIN
1674,TRD101673,AXISBANK,EQ-CORE-01,200,200,2026-08-18,CUSTODIAN,TRAIN
1675,TRD101674,ITC,EQ-CORE-01,500,500,2026-08-19,CUSTODIAN,TRAIN
1676,TRD101675,MARUTI,EQ-ALPHA-03,750,750,2026-08-10,CUSTODIAN,TRAIN
1677,TRD101676,MARUTI,EQ-CORE-02,250,250,2026-08-04,CUSTODIAN,TRAIN
1678,TRD101677,BHARTIARTL,EQ-INDEX-04,100,100,2026-08-05,CUSTODIAN,TRAIN
1679,TRD101678,KOTAKBANK,EQ-CORE-02,100,100,2026-08-15,CUSTODIAN,TRAIN
1680,TRD101679,TATASTEEL,EQ-ALPHA-03,100,100,2026-08-19,CUSTODIAN,TRAIN
1681,TRD101680,HDFCBANK,EQ-CORE-01,2000,2000,2026-08-20,CUSTODIAN,TRAIN
1682,TRD101681,TCS,EQ-INDEX-04,1500,1500,2026-08-21,CUSTODIAN,TRAIN
1683,TRD101682,ICICIBANK,EQ-CORE-02,100,100,2026-08-17,CUSTODIAN,TRAIN
1684,TRD101683,BHARTIARTL,EQ-CORE-01,2000,2000,2026-08-09,CUSTODIAN,TRAIN
1685,TRD101684,HINDUNILVR,EQ-CORE-01,500,500,2026-08-14,CUSTODIAN,TRAIN
1686,TRD101685,RELIANCE,EQ-INDEX-04,1500,1500,2026-08-06,CUSTODIAN,TRAIN
1687,TRD101686,TCS,EQ-ALPHA-03,2000,2000,2026-08-21,CUSTODIAN,TRAIN
1688,TRD101687,SBIN,EQ-CORE-01,1500,1500,2026-08-09,CUSTODIAN,TRAIN
1689,TRD101688,HDFCBANK,EQ-CORE-01,1500,1500,2026-08-19,CUSTODIAN,TRAIN
1690,TRD101689,MARUTI,EQ-CORE-02,500,500,2026-08-04,CUSTODIAN,TRAIN
1691,TRD101690,INFY,EQ-CORE-02,750,750,2026-08-13,CUSTODIAN,TRAIN
1692,TRD101691,INFY,EQ-CORE-01,1500,1500,2026-08-05,CUSTODIAN,TRAIN
1693,TRD101692,ICICIBANK,EQ-INDEX-04,500,500,2026-08-13,CUSTODIAN,TRAIN
1694,TRD101693,SBIN,EQ-ALPHA-03,750,750,2026-08-09,CUSTODIAN,TEST
1695,TRD101694,WIPRO,EQ-INDEX-04,200,200,2026-08-15,CUSTODIAN,TRAIN
1696,TRD101695,TCS,EQ-ALPHA-03,500,500,2026-08-18,CUSTODIAN,TEST
1697,TRD101696,TCS,EQ-CORE-02,1000,1000,2026-08-06,CUSTODIAN,TRAIN
1698,TRD101697,KOTAKBANK,EQ-CORE-01,2000,2000,2026-08-02,CUSTODIAN,TEST
1699,TRD101698,ICICIBANK,EQ-ALPHA-03,1500,1500,2026-08-04,CUSTODIAN,TRAIN
1700,TRD101699,ITC,EQ-CORE-01,100,100,2026-08-14,CUSTODIAN,TEST
1701,TRD101700,HDFCBANK,EQ-CORE-01,1500,1500,2026-08-15,CUSTODIAN,TRAIN
1702,TRD101701,RELIANCE,EQ-ALPHA-03,1000,1000,2026-08-21,CUSTODIAN,TEST
1703,TRD101702,HINDUNILVR,EQ-INDEX-04,100,100,2026-08-21,CUSTODIAN,TEST
1704,TRD101703,HINDUNILVR,EQ-INDEX-04,200,200,2026-08-11,CUSTODIAN,TEST
1705,TRD101704,AXISBANK,EQ-CORE-02,750,750,2026-08-14,CUSTODIAN,TRAIN
1706,TRD101705,TATASTEEL,EQ-CORE-02,100,170,2026-08-10,CUSTODIAN,TRAIN
1707,TRD101706,SBIN,EQ-ALPHA-03,1500,1500,2026-08-10,CUSTODIAN,TRAIN
1708,TRD101707,HINDUNILVR,EQ-ALPHA-03,100,100,2026-08-20,CUSTODIAN,TRAIN
1709,TRD101708,MARUTI,EQ-CORE-01,250,250,2026-08-02,CUSTODIAN,TRAIN
1710,TRD101709,RELIANCE,EQ-INDEX-04,1000,1000,2026-08-19,CUSTODIAN,TEST
1711,TRD101710,AXISBANK,EQ-ALPHA-03,200,200,2026-08-21,CUSTODIAN,TRAIN
1712,TRD101711,ITC,EQ-INDEX-04,250,250,2026-08-10,CUSTODIAN,TEST
1713,TRD101712,HDFCBANK,EQ-CORE-01,250,250,2026-08-21,CUSTODIAN,TRAIN
1714,TRD101713,TCS,EQ-ALPHA-03,100,100,2026-08-18,CUSTODIAN,TRAIN
1715,TRD101714,LT,EQ-CORE-01,500,500,2026-08-10,CUSTODIAN,TRAIN
1716,TRD101715,LT,EQ-CORE-01,100,100,2026-08-13,CUSTODIAN,TRAIN
1717,TRD101716,TCS,EQ-ALPHA-03,200,200,2026-08-12,CUSTODIAN,TRAIN
1718,TRD101717,TCS,EQ-ALPHA-03,1500,1500,2026-08-06,CUSTODIAN,TRAIN
1719,TRD101718,SBIN,EQ-ALPHA-03,1500,1500,2026-08-13,CUSTODIAN,TRAIN
1720,TRD101719,INFY,EQ-CORE-01,1000,1000,2026-08-06,CUSTODIAN,TRAIN
1721,TRD101720,AXISBANK,EQ-ALPHA-03,500,500,2026-08-18,CUSTODIAN,TRAIN
1722,TRD101721,BHARTIARTL,EQ-CORE-01,100,100,2026-08-06,CUSTODIAN,TRAIN
1723,TRD101722,TATASTEEL,EQ-INDEX-04,500,500,2026-08-20,CUSTODIAN,TRAIN
1724,TRD101723,MARUTI,EQ-INDEX-04,100,100,2026-08-18,CUSTODIAN,TRAIN
1725,TRD101724,ICICIBANK,EQ-ALPHA-03,500,500,2026-08-11,CUSTODIAN,TEST
1726,TRD101725,HINDUNILVR,EQ-CORE-01,1000,1000,2026-08-12,CUSTODIAN,TRAIN
1727,TRD101726,ITC,EQ-CORE-01,1500,1500,2026-08-13,CUSTODIAN,TRAIN
1728,TRD101727,KOTAKBANK,EQ-CORE-02,2000,2000,2026-08-16,CUSTODIAN,TRAIN
1729,TRD101728,TATASTEEL,EQ-CORE-02,500,500,2026-08-15,CUSTODIAN,TRAIN
1730,TRD101729,HINDUNILVR,EQ-INDEX-04,750,750,2026-08-05,CUSTODIAN,TRAIN
1731,TRD101730,LT,EQ-CORE-02,250,250,2026-08-23,CUSTODIAN,TEST
1732,TRD101731,RELIANCE,EQ-INDEX-04,250,250,2026-08-10,CUSTODIAN,TRAIN
1733,TRD101732,INFY,EQ-CORE-02,100,100,2026-08-02,CUSTODIAN,TRAIN
1734,TRD101733,INFY,EQ-INDEX-04,1500,1500,2026-08-13,CUSTODIAN,TRAIN
1735,TRD101734,WIPRO,EQ-CORE-01,750,750,2026-08-12,CUSTODIAN,TRAIN
1736,TRD101735,TCS,EQ-INDEX-04,1000,1000,2026-08-15,CUSTODIAN,TRAIN
1737,TRD101736,ICICIBANK,EQ-CORE-01,2000,2000,2026-08-07,CUSTODIAN,TRAIN
1738,TRD101737,TATASTEEL,EQ-INDEX-04,100,87,2026-08-13,CUSTODIAN,TRAIN
1739,TRD101738,SBIN,EQ-CORE-01,2000,2000,2026-08-20,CUSTODIAN,TRAIN
1740,TRD101739,ICICIBANK,EQ-INDEX-04,2000,2000,2026-08-20,CUSTODIAN,TRAIN
1741,TRD101740,SBIN,EQ-CORE-01,1500,1500,2026-08-07,CUSTODIAN,TRAIN
1742,TRD101741,BHARTIARTL,EQ-CORE-01,750,0,2026-08-21,MISSING,TRAIN
1743,TRD101742,ICICIBANK,EQ-INDEX-04,250,250,2026-08-10,CUSTODIAN,TRAIN
1744,TRD101743,TATASTEEL,EQ-CORE-01,250,250,2026-08-10,CUSTODIAN,TRAIN
1745,TRD101744,KOTAKBANK,EQ-CORE-02,750,750,2026-08-08,CUSTODIAN,TEST
1746,TRD101745,AXISBANK,EQ-CORE-02,100,100,2026-08-19,CUSTODIAN,TRAIN
1747,TRD101746,ITC,EQ-INDEX-04,100,100,2026-08-11,CUSTODIAN,TRAIN
1748,TRD101747,LT,EQ-CORE-01,250,250,2026-08-11,CUSTODIAN,TRAIN
1749,TRD101748,TATASTEEL,EQ-ALPHA-03,1500,1500,2026-08-04,CUSTODIAN,TRAIN
1750,TRD101749,SBIN,EQ-CORE-01,200,200,2026-08-09,CUSTODIAN,TRAIN
1751,TRD101750,INFY,EQ-CORE-01,1000,1000,2026-08-22,CUSTODIAN,TRAIN
1752,TRD101751,TATASTEEL,EQ-CORE-02,100,100,2026-08-18,CUSTODIAN,TRAIN
1753,TRD101752,KOTAKBANK,EQ-CORE-02,100,100,2026-08-20,CUSTODIAN,TRAIN
1754,TRD101753,ICICIBANK,EQ-INDEX-04,2000,2000,2026-08-07,CUSTODIAN,TRAIN
1755,TRD101754,INFY,EQ-CORE-02,500,500,2026-08-04,CUSTODIAN,TRAIN
1756,TRD101755,BHARTIARTL,EQ-CORE-02,200,200,2026-08-21,CUSTODIAN,TRAIN
1757,TRD101756,BHARTIARTL,EQ-CORE-02,750,750,2026-08-22,CUSTODIAN,TRAIN
1758,TRD101757,ITC,EQ-INDEX-04,250,250,2026-08-09,CUSTODIAN,TRAIN
1759,TRD101758,HINDUNILVR,EQ-ALPHA-03,1500,1500,2026-08-19,CUSTODIAN,TRAIN
1760,TRD101759,HDFCBANK,EQ-INDEX-04,200,200,2026-08-11,CUSTODIAN,TRAIN
1761,TRD101760,HDFCBANK,EQ-CORE-01,1500,1500,2026-08-16,CUSTODIAN,TRAIN
1762,TRD101761,WIPRO,EQ-INDEX-04,1500,1500,2026-08-17,CUSTODIAN,TRAIN
1763,TRD101762,RELIANCE,EQ-CORE-01,750,750,2026-08-08,CUSTODIAN,TRAIN
1764,TRD101763,ICICIBANK,EQ-INDEX-04,1000,1000,2026-08-16,CUSTODIAN,TRAIN
1765,TRD101764,TATASTEEL,EQ-CORE-01,100,100,2026-08-09,CUSTODIAN,TEST
1766,TRD101765,ITC,EQ-CORE-02,1500,1500,2026-08-07,CUSTODIAN,TEST
1767,TRD101766,AXISBANK,EQ-CORE-01,1000,1000,2026-08-19,CUSTODIAN,TRAIN
1768,TRD101767,TCS,EQ-CORE-01,1000,1000,2026-08-19,CUSTODIAN,TRAIN
1769,TRD101768,SBIN,EQ-CORE-02,500,500,2026-08-19,CUSTODIAN,TRAIN
1770,TRD101769,HINDUNILVR,EQ-CORE-02,250,250,2026-08-12,CUSTODIAN,TRAIN
1771,TRD101770,RELIANCE,EQ-INDEX-04,100,100,2026-08-18,CUSTODIAN,TEST
1772,TRD101771,RELIANCE,EQ-CORE-02,250,250,2026-08-02,CUSTODIAN,TEST
1773,TRD101772,ICICIBANK,EQ-INDEX-04,200,200,2026-08-14,CUSTODIAN,TEST
1774,TRD101773,MARUTI,EQ-INDEX-04,750,750,2026-08-04,CUSTODIAN,TRAIN
1775,TRD101774,RELIANCE,EQ-CORE-02,250,310,2026-08-20,CUSTODIAN,TRAIN
1776,TRD101775,HINDUNILVR,EQ-ALPHA-03,1000,1000,2026-08-02,CUSTODIAN,TRAIN
1777,TRD101776,HDFCBANK,EQ-INDEX-04,200,200,2026-08-22,CUSTODIAN,TRAIN
1778,TRD101777,ICICIBANK,EQ-ALPHA-03,1500,1500,2026-08-15,CUSTODIAN,TEST
1779,TRD101778,ICICIBANK,EQ-INDEX-04,500,0,2026-08-17,MISSING,TRAIN
1780,TRD101779,HINDUNILVR,EQ-INDEX-04,200,200,2026-08-20,CUSTODIAN,TEST
1781,TRD101780,ITC,EQ-ALPHA-03,1000,1000,2026-08-05,CUSTODIAN,TRAIN
1782,TRD101781,INFY,EQ-INDEX-04,200,200,2026-08-07,CUSTODIAN,TEST
1783,TRD101782,TCS,EQ-CORE-02,250,250,2026-08-17,CUSTODIAN,TRAIN
1784,TRD101783,HINDUNILVR,EQ-ALPHA-03,2000,0,2026-08-11,MISSING,TRAIN
1785,TRD101784,RELIANCE,EQ-CORE-01,1000,1000,2026-08-21,CUSTODIAN,TEST
1786,TRD101785,WIPRO,EQ-INDEX-04,500,500,2026-08-17,CUSTODIAN,TRAIN
1787,TRD101786,KOTAKBANK,EQ-CORE-01,500,500,2026-08-17,CUSTODIAN,TEST
1788,TRD101787,BHARTIARTL,EQ-CORE-01,200,200,2026-08-02,CUSTODIAN,TRAIN
1789,TRD101788,HDFCBANK,EQ-INDEX-04,2000,2000,2026-08-05,CUSTODIAN,TRAIN
1790,TRD101789,INFY,EQ-INDEX-04,2000,2000,2026-08-19,CUSTODIAN,TRAIN
1791,TRD101790,ICICIBANK,EQ-ALPHA-03,200,200,2026-08-11,CUSTODIAN,TEST
1792,TRD101791,AXISBANK,EQ-ALPHA-03,1000,1000,2026-08-07,CUSTODIAN,TRAIN
1793,TRD101792,HINDUNILVR,EQ-INDEX-04,1000,1000,2026-08-10,CUSTODIAN,TRAIN
1794,TRD101793,TATASTEEL,EQ-INDEX-04,1000,1000,2026-08-06,CUSTODIAN,TEST
1795,TRD101794,SBIN,EQ-CORE-01,1500,1500,2026-08-17,CUSTODIAN,TRAIN
1796,TRD101795,WIPRO,EQ-INDEX-04,500,500,2026-08-05,CUSTODIAN,TRAIN
1797,TRD101796,TCS,EQ-CORE-01,100,100,2026-08-21,CUSTODIAN,TRAIN
1798,TRD101797,KOTAKBANK,EQ-ALPHA-03,500,500,2026-08-02,CUSTODIAN,TRAIN
1799,TRD101798,MARUTI,EQ-INDEX-04,1500,1500,2026-08-11,CUSTODIAN,TRAIN
1800,TRD101799,LT,EQ-CORE-02,500,500,2026-08-06,CUSTODIAN,TRAIN
1801,TRD101800,INFY,EQ-INDEX-04,750,750,2026-08-06,CUSTODIAN,TRAIN
1802,TRD101801,AXISBANK,EQ-INDEX-04,750,750,2026-08-21,CUSTODIAN,TEST
1803,TRD101802,INFY,EQ-CORE-02,100,100,2026-08-08,CUSTODIAN,TRAIN
1804,TRD101803,INFY,EQ-CORE-01,2000,2000,2026-08-12,CUSTODIAN,TRAIN
1805,TRD101804,LT,EQ-ALPHA-03,2000,2000,2026-08-17,CUSTODIAN,TRAIN
1806,TRD101805,HDFCBANK,EQ-INDEX-04,1500,1500,2026-08-14,CUSTODIAN,TRAIN
1807,TRD101806,ICICIBANK,EQ-CORE-02,1000,1000,2026-08-21,CUSTODIAN,TEST
1808,TRD101807,WIPRO,EQ-INDEX-04,250,250,2026-08-19,CUSTODIAN,TEST
1809,TRD101808,KOTAKBANK,EQ-ALPHA-03,200,200,2026-08-15,CUSTODIAN,TRAIN
1810,TRD101809,RELIANCE,EQ-INDEX-04,1000,1000,2026-08-13,CUSTODIAN,TRAIN
1811,TRD101810,AXISBANK,EQ-CORE-01,500,500,2026-08-07,CUSTODIAN,TRAIN
1812,TRD101811,ITC,EQ-ALPHA-03,1000,1000,2026-08-02,CUSTODIAN,TRAIN
1813,TRD101812,TCS,EQ-ALPHA-03,1000,1000,2026-08-18,CUSTODIAN,TRAIN
1814,TRD101813,KOTAKBANK,EQ-ALPHA-03,750,750,2026-08-14,CUSTODIAN,TRAIN
1815,TRD101814,KOTAKBANK,EQ-INDEX-04,100,100,2026-08-02,CUSTODIAN,TRAIN
1816,TRD101815,ITC,EQ-CORE-01,250,250,2026-08-22,CUSTODIAN,TRAIN
1817,TRD101816,SBIN,EQ-CORE-02,100,100,2026-08-06,CUSTODIAN,TRAIN
1818,TRD101817,TCS,EQ-INDEX-04,1500,1500,2026-08-05,CUSTODIAN,TRAIN
1819,TRD101818,SBIN,EQ-CORE-01,200,200,2026-08-10,CUSTODIAN,TRAIN
1820,TRD101819,MARUTI,EQ-ALPHA-03,1000,1000,2026-08-07,CUSTODIAN,TRAIN
1821,TRD101820,KOTAKBANK,EQ-CORE-02,1500,1500,2026-08-03,CUSTODIAN,TRAIN
1822,TRD101821,WIPRO,EQ-ALPHA-03,750,750,2026-08-16,CUSTODIAN,TEST
1823,TRD101822,WIPRO,EQ-ALPHA-03,1500,1500,2026-08-02,CUSTODIAN,TRAIN
1824,TRD101823,TCS,EQ-INDEX-04,1000,1000,2026-08-04,CUSTODIAN,TRAIN
1825,TRD101824,TCS,EQ-ALPHA-03,200,200,2026-08-04,CUSTODIAN,TEST
1826,TRD101825,HINDUNILVR,EQ-ALPHA-03,250,250,2026-08-08,CUSTODIAN,TRAIN
1827,TRD101826,TCS,EQ-CORE-02,500,500,2026-08-22,CUSTODIAN,TEST
1828,TRD101827,RELIANCE,EQ-CORE-02,1500,1500,2026-08-07,CUSTODIAN,TEST
1829,TRD101828,BHARTIARTL,EQ-CORE-02,500,500,2026-08-10,CUSTODIAN,TRAIN
1830,TRD101829,ICICIBANK,EQ-ALPHA-03,2000,2000,2026-08-17,CUSTODIAN,TEST
1831,TRD101830,HINDUNILVR,EQ-INDEX-04,2000,2000,2026-08-07,CUSTODIAN,TRAIN
1832,TRD101831,LT,EQ-ALPHA-03,500,500,2026-08-15,CUSTODIAN,TRAIN
1833,TRD101832,SBIN,EQ-CORE-02,750,750,2026-08-08,CUSTODIAN,TRAIN
1834,TRD101833,ICICIBANK,EQ-CORE-02,100,100,2026-08-18,CUSTODIAN,TEST
1835,TRD101834,INFY,EQ-INDEX-04,2000,2000,2026-08-13,CUSTODIAN,TRAIN
1836,TRD101835,SBIN,EQ-INDEX-04,200,200,2026-08-02,CUSTODIAN,TRAIN
1837,TRD101836,SBIN,EQ-ALPHA-03,1000,1000,2026-08-05,CUSTODIAN,TRAIN
1838,TRD101837,INFY,EQ-INDEX-04,2000,2000,2026-08-02,CUSTODIAN,TRAIN
1839,TRD101838,WIPRO,EQ-ALPHA-03,1500,1500,2026-08-09,CUSTODIAN,TRAIN
1840,TRD101839,ITC,EQ-CORE-01,1500,1500,2026-08-09,CUSTODIAN,TEST
1841,TRD101840,BHARTIARTL,EQ-CORE-01,750,750,2026-08-14,CUSTODIAN,TRAIN
1842,TRD101841,LT,EQ-CORE-02,250,250,2026-08-21,CUSTODIAN,TRAIN
1843,TRD101842,INFY,EQ-ALPHA-03,1000,1000,2026-08-03,CUSTODIAN,TEST
1844,TRD101843,HINDUNILVR,EQ-CORE-01,1000,2700,2026-08-07,CUSTODIAN,TEST
1845,TRD101844,HDFCBANK,EQ-CORE-02,250,250,2026-08-04,CUSTODIAN,TEST
1846,TRD101845,BHARTIARTL,EQ-ALPHA-03,200,200,2026-08-06,CUSTODIAN,TRAIN
1847,TRD101846,ITC,EQ-INDEX-04,250,250,2026-08-17,CUSTODIAN,TRAIN
1848,TRD101847,TATASTEEL,EQ-CORE-02,2000,2000,2026-08-16,CUSTODIAN,TRAIN
1849,TRD101848,BHARTIARTL,EQ-ALPHA-03,250,250,2026-08-06,CUSTODIAN,TRAIN
1850,TRD101849,MARUTI,EQ-ALPHA-03,1500,1500,2026-08-19,CUSTODIAN,TRAIN
1851,TRD101850,KOTAKBANK,EQ-CORE-02,100,100,2026-08-21,CUSTODIAN,TEST
1852,TRD101851,SBIN,EQ-INDEX-04,1000,1000,2026-08-02,CUSTODIAN,TRAIN
1853,TRD101852,KOTAKBANK,EQ-CORE-02,500,500,2026-08-08,CUSTODIAN,TRAIN
1854,TRD101853,BHARTIARTL,EQ-INDEX-04,200,200,2026-08-22,CUSTODIAN,TRAIN
1855,TRD101854,ICICIBANK,EQ-ALPHA-03,750,750,2026-08-17,CUSTODIAN,TRAIN
1856,TRD101855,INFY,EQ-INDEX-04,250,250,2026-08-18,CUSTODIAN,TRAIN
1857,TRD101856,SBIN,EQ-CORE-02,200,200,2026-08-14,CUSTODIAN,TRAIN
1858,TRD101857,INFY,EQ-INDEX-04,1500,1500,2026-08-02,CUSTODIAN,TEST
1859,TRD101858,HINDUNILVR,EQ-CORE-01,100,100,2026-08-10,CUSTODIAN,TRAIN
1860,TRD101859,LT,EQ-ALPHA-03,1000,1000,2026-08-12,CUSTODIAN,TRAIN
1861,TRD101860,HINDUNILVR,EQ-CORE-01,250,250,2026-08-19,CUSTODIAN,TRAIN
1862,TRD101861,RELIANCE,EQ-CORE-02,1000,0,2026-08-20,MISSING,TRAIN
1863,TRD101862,BHARTIARTL,EQ-INDEX-04,100,100,2026-08-03,CUSTODIAN,TRAIN
1864,TRD101863,SBIN,EQ-INDEX-04,100,124,2026-08-13,CUSTODIAN,TRAIN
1865,TRD101864,KOTAKBANK,EQ-ALPHA-03,750,750,2026-08-02,CUSTODIAN,TRAIN
1866,TRD101865,ICICIBANK,EQ-ALPHA-03,1000,1200,2026-08-16,CUSTODIAN,TRAIN
1867,TRD101866,AXISBANK,EQ-INDEX-04,200,200,2026-08-03,CUSTODIAN,TRAIN
1868,TRD101867,INFY,EQ-CORE-02,200,200,2026-08-06,CUSTODIAN,TEST
1869,TRD101868,BHARTIARTL,EQ-CORE-02,750,750,2026-08-16,CUSTODIAN,TRAIN
1870,TRD101869,RELIANCE,EQ-CORE-01,200,200,2026-08-03,CUSTODIAN,TRAIN
1871,TRD101870,LT,EQ-ALPHA-03,200,200,2026-08-22,CUSTODIAN,TRAIN
1872,TRD101871,BHARTIARTL,EQ-CORE-01,100,100,2026-08-10,CUSTODIAN,TRAIN
1873,TRD101872,TCS,EQ-CORE-02,500,500,2026-08-11,CUSTODIAN,TEST
1874,TRD101873,SBIN,EQ-CORE-02,2000,2000,2026-08-15,CUSTODIAN,TRAIN
1875,TRD101874,LT,EQ-ALPHA-03,100,100,2026-08-07,CUSTODIAN,TRAIN
1876,TRD101875,RELIANCE,EQ-CORE-02,1500,1500,2026-08-15,CUSTODIAN,TRAIN
1877,TRD101876,ICICIBANK,EQ-CORE-01,2000,2000,2026-08-22,CUSTODIAN,TRAIN
1878,TRD101877,HDFCBANK,EQ-ALPHA-03,100,100,2026-08-09,CUSTODIAN,TRAIN
1879,TRD101878,AXISBANK,EQ-INDEX-04,1500,1500,2026-08-12,CUSTODIAN,TRAIN
1880,TRD101879,TATASTEEL,EQ-INDEX-04,100,100,2026-08-12,CUSTODIAN,TRAIN
1881,TRD101880,ITC,EQ-INDEX-04,2000,2000,2026-08-07,CUSTODIAN,TRAIN
1882,TRD101881,BHARTIARTL,EQ-INDEX-04,100,100,2026-08-20,CUSTODIAN,TRAIN
1883,TRD101882,TCS,EQ-ALPHA-03,500,500,2026-08-18,CUSTODIAN,TRAIN
1884,TRD101883,HINDUNILVR,EQ-CORE-02,1000,1000,2026-08-16,CUSTODIAN,TRAIN
1885,TRD101884,AXISBANK,EQ-ALPHA-03,1000,1000,2026-08-15,CUSTODIAN,TRAIN
1886,TRD101885,HDFCBANK,EQ-CORE-01,1500,0,2026-08-06,MISSING,TRAIN
1887,TRD101886,BHARTIARTL,EQ-ALPHA-03,500,620,2026-08-05,CUSTODIAN,TEST
1888,TRD101887,MARUTI,EQ-INDEX-04,250,250,2026-08-14,CUSTODIAN,TRAIN
1889,TRD101888,HINDUNILVR,EQ-ALPHA-03,500,500,2026-08-21,CUSTODIAN,TRAIN
1890,TRD101889,KOTAKBANK,EQ-ALPHA-03,200,200,2026-08-22,CUSTODIAN,TRAIN
1891,TRD101890,HDFCBANK,EQ-INDEX-04,1500,1500,2026-08-16,CUSTODIAN,TRAIN
1892,TRD101891,TATASTEEL,EQ-ALPHA-03,250,250,2026-08-02,CUSTODIAN,TRAIN
1893,TRD101892,KOTAKBANK,EQ-INDEX-04,250,250,2026-08-05,CUSTODIAN,TRAIN
1894,TRD101893,BHARTIARTL,EQ-CORE-02,500,500,2026-08-21,CUSTODIAN,TRAIN
1895,TRD101894,AXISBANK,EQ-CORE-02,1500,1500,2026-08-12,CUSTODIAN,TRAIN
1896,TRD101895,AXISBANK,EQ-INDEX-04,2000,2000,2026-08-13,CUSTODIAN,TEST
1897,TRD101896,MARUTI,EQ-INDEX-04,250,0,2026-08-09,MISSING,TRAIN
1898,TRD101897,SBIN,EQ-INDEX-04,250,250,2026-08-02,CUSTODIAN,TRAIN
1899,TRD101898,HDFCBANK,EQ-CORE-01,2000,2000,2026-08-07,CUSTODIAN,TRAIN
1900,TRD101899,MARUTI,EQ-CORE-01,250,250,2026-08-04,CUSTODIAN,TEST
1901,TRD101900,MARUTI,EQ-ALPHA-03,2000,5400,2026-08-04,CUSTODIAN,TRAIN
1902,TRD101901,WIPRO,EQ-INDEX-04,100,0,2026-08-03,MISSING,TRAIN
1903,TRD101902,SBIN,EQ-INDEX-04,1500,1500,2026-08-18,CUSTODIAN,TRAIN
1904,TRD101903,HINDUNILVR,EQ-CORE-01,200,200,2026-08-10,CUSTODIAN,TRAIN
1905,TRD101904,SBIN,EQ-INDEX-04,1500,1500,2026-08-06,CUSTODIAN,TRAIN
1906,TRD101905,ICICIBANK,EQ-INDEX-04,200,200,2026-08-04,CUSTODIAN,TEST
1907,TRD101906,HINDUNILVR,EQ-INDEX-04,750,750,2026-08-16,CUSTODIAN,TEST
1908,TRD101907,AXISBANK,EQ-ALPHA-03,750,750,2026-08-06,CUSTODIAN,TRAIN
1909,TRD101908,HDFCBANK,EQ-CORE-02,1000,1000,2026-08-11,CUSTODIAN,TRAIN
1910,TRD101909,ITC,EQ-CORE-02,2000,2000,2026-08-06,CUSTODIAN,TRAIN
1911,TRD101910,AXISBANK,EQ-CORE-02,750,750,2026-08-10,CUSTODIAN,TRAIN
1912,TRD101911,MARUTI,EQ-CORE-01,500,500,2026-08-06,CUSTODIAN,TEST
1913,TRD101912,SBIN,EQ-CORE-02,1500,1500,2026-08-07,CUSTODIAN,TRAIN
1914,TRD101913,LT,EQ-CORE-02,1000,1000,2026-08-17,CUSTODIAN,TEST
1915,TRD101914,INFY,EQ-CORE-01,2000,2000,2026-08-02,CUSTODIAN,TRAIN
1916,TRD101915,HDFCBANK,EQ-CORE-01,750,750,2026-08-06,CUSTODIAN,TRAIN
1917,TRD101916,SBIN,EQ-CORE-02,2000,2000,2026-08-22,CUSTODIAN,TRAIN
1918,TRD101917,SBIN,EQ-CORE-01,100,100,2026-08-05,CUSTODIAN,TRAIN
1919,TRD101918,LT,EQ-CORE-02,200,200,2026-08-03,CUSTODIAN,TRAIN
1920,TRD101919,ICICIBANK,EQ-CORE-02,250,218,2026-08-22,CUSTODIAN,TEST
1921,TRD101920,INFY,EQ-ALPHA-03,100,100,2026-08-10,CUSTODIAN,TRAIN
1922,TRD101921,WIPRO,EQ-ALPHA-03,500,500,2026-08-04,CUSTODIAN,TRAIN
1923,TRD101922,HDFCBANK,EQ-INDEX-04,500,500,2026-08-20,CUSTODIAN,TRAIN
1924,TRD101923,LT,EQ-CORE-02,100,100,2026-08-22,CUSTODIAN,TEST
1925,TRD101924,TCS,EQ-CORE-02,2000,2000,2026-08-08,CUSTODIAN,TRAIN
1926,TRD101925,ICICIBANK,EQ-INDEX-04,100,100,2026-08-05,CUSTODIAN,TRAIN
1927,TRD101926,AXISBANK,EQ-ALPHA-03,2000,2000,2026-08-10,CUSTODIAN,TRAIN
1928,TRD101927,KOTAKBANK,EQ-ALPHA-03,250,250,2026-08-17,CUSTODIAN,TRAIN
1929,TRD101928,ICICIBANK,EQ-ALPHA-03,500,500,2026-08-20,CUSTODIAN,TRAIN
1930,TRD101929,TCS,EQ-INDEX-04,250,250,2026-08-12,CUSTODIAN,TRAIN
1931,TRD101930,INFY,EQ-ALPHA-03,250,250,2026-08-15,CUSTODIAN,TRAIN
1932,TRD101931,TATASTEEL,EQ-CORE-02,2000,2000,2026-08-19,CUSTODIAN,TEST
1933,TRD101932,HINDUNILVR,EQ-ALPHA-03,500,0,2026-08-18,MISSING,TRAIN
1934,TRD101933,TCS,EQ-CORE-02,750,750,2026-08-08,CUSTODIAN,TRAIN
1935,TRD101934,INFY,EQ-CORE-02,500,500,2026-08-07,CUSTODIAN,TRAIN
1936,TRD101935,LT,EQ-ALPHA-03,2000,2000,2026-08-15,CUSTODIAN,TRAIN
1937,TRD101936,TATASTEEL,EQ-CORE-02,750,750,2026-08-11,CUSTODIAN,TRAIN
1938,TRD101937,SBIN,EQ-ALPHA-03,1000,1000,2026-08-12,CUSTODIAN,TRAIN
1939,TRD101938,AXISBANK,EQ-CORE-01,1500,1500,2026-08-02,CUSTODIAN,TRAIN
1940,TRD101939,SBIN,EQ-CORE-02,250,250,2026-08-10,CUSTODIAN,TRAIN
1941,TRD101940,KOTAKBANK,EQ-ALPHA-03,750,750,2026-08-13,CUSTODIAN,TRAIN
1942,TRD101941,HINDUNILVR,EQ-CORE-02,1500,1500,2026-08-19,CUSTODIAN,TEST
1943,TRD101942,AXISBANK,EQ-CORE-02,2000,2000,2026-08-05,CUSTODIAN,TRAIN
1944,TRD101943,SBIN,EQ-CORE-01,2000,2000,2026-08-20,CUSTODIAN,TRAIN
1945,TRD101944,WIPRO,EQ-INDEX-04,2000,2000,2026-08-21,CUSTODIAN,TRAIN
1946,TRD101945,TCS,EQ-ALPHA-03,100,100,2026-08-10,CUSTODIAN,TEST
1947,TRD101946,TATASTEEL,EQ-CORE-01,750,750,2026-08-06,CUSTODIAN,TEST
1948,TRD101947,HINDUNILVR,EQ-ALPHA-03,1500,1500,2026-08-06,CUSTODIAN,TRAIN
1949,TRD101948,LT,EQ-ALPHA-03,200,0,2026-08-12,MISSING,TRAIN
1950,TRD101949,WIPRO,EQ-ALPHA-03,100,100,2026-08-04,CUSTODIAN,TRAIN
1951,TRD101950,TATASTEEL,EQ-ALPHA-03,2000,2000,2026-08-08,CUSTODIAN,TRAIN
1952,TRD101951,HDFCBANK,EQ-ALPHA-03,2000,2000,2026-08-08,CUSTODIAN,TRAIN
1953,TRD101952,AXISBANK,EQ-INDEX-04,100,100,2026-08-22,CUSTODIAN,TRAIN
1954,TRD101953,HINDUNILVR,EQ-ALPHA-03,2000,2000,2026-08-18,CUSTODIAN,TRAIN
1955,TRD101954,AXISBANK,EQ-INDEX-04,1500,1500,2026-08-18,CUSTODIAN,TRAIN
1956,TRD101955,AXISBANK,EQ-CORE-01,1000,1000,2026-08-04,CUSTODIAN,TEST
1957,TRD101956,LT,EQ-INDEX-04,250,250,2026-08-04,CUSTODIAN,TRAIN
1958,TRD101957,HINDUNILVR,EQ-INDEX-04,200,200,2026-08-15,CUSTODIAN,TRAIN
1959,TRD101958,TATASTEEL,EQ-ALPHA-03,250,250,2026-08-04,CUSTODIAN,TEST
1960,TRD101959,LT,EQ-ALPHA-03,1500,1500,2026-08-14,CUSTODIAN,TRAIN
1961,TRD101960,AXISBANK,EQ-INDEX-04,1500,1500,2026-08-09,CUSTODIAN,TEST
1962,TRD101961,ICICIBANK,EQ-INDEX-04,500,500,2026-08-12,CUSTODIAN,TRAIN
1963,TRD101962,HINDUNILVR,EQ-CORE-02,1000,1000,2026-08-20,CUSTODIAN,TRAIN
1964,TRD101963,HDFCBANK,EQ-CORE-01,750,750,2026-08-02,CUSTODIAN,TRAIN
1965,TRD101964,LT,EQ-CORE-02,1000,1000,2026-08-12,CUSTODIAN,TEST
1966,TRD101965,HDFCBANK,EQ-CORE-02,750,750,2026-08-10,CUSTODIAN,TRAIN
1967,TRD101966,RELIANCE,EQ-INDEX-04,250,195,2026-08-16,CUSTODIAN,TRAIN
1968,TRD101967,ITC,EQ-INDEX-04,500,500,2026-08-16,CUSTODIAN,TEST
1969,TRD101968,HDFCBANK,EQ-CORE-02,1500,1500,2026-08-05,CUSTODIAN,TRAIN
1970,TRD101969,INFY,EQ-ALPHA-03,500,500,2026-08-17,CUSTODIAN,TRAIN
1971,TRD101970,BHARTIARTL,EQ-ALPHA-03,500,500,2026-08-04,CUSTODIAN,TRAIN
1972,TRD101971,ICICIBANK,EQ-INDEX-04,200,200,2026-08-02,CUSTODIAN,TRAIN
1973,TRD101972,BHARTIARTL,EQ-INDEX-04,200,200,2026-08-11,CUSTODIAN,TEST
1974,TRD101973,HDFCBANK,EQ-CORE-01,200,200,2026-08-14,CUSTODIAN,TRAIN
1975,TRD101974,WIPRO,EQ-CORE-01,1000,1000,2026-08-09,CUSTODIAN,TRAIN
1976,TRD101975,LT,EQ-CORE-01,250,250,2026-08-17,CUSTODIAN,TRAIN
1977,TRD101976,MARUTI,EQ-INDEX-04,750,750,2026-08-15,CUSTODIAN,TRAIN
1978,TRD101977,INFY,EQ-CORE-01,250,250,2026-08-07,CUSTODIAN,TRAIN
1979,TRD101978,RELIANCE,EQ-ALPHA-03,2000,2000,2026-08-14,CUSTODIAN,TRAIN
1980,TRD101979,AXISBANK,EQ-CORE-01,1000,1000,2026-08-02,CUSTODIAN,TRAIN
1981,TRD101980,RELIANCE,EQ-INDEX-04,250,250,2026-08-03,CUSTODIAN,TRAIN
1982,TRD101981,INFY,EQ-INDEX-04,200,200,2026-08-09,CUSTODIAN,TRAIN
1983,TRD101982,TCS,EQ-INDEX-04,2000,2000,2026-08-15,CUSTODIAN,TRAIN
1984,TRD101983,MARUTI,EQ-CORE-02,100,100,2026-08-17,CUSTODIAN,TEST
1985,TRD101984,KOTAKBANK,EQ-INDEX-04,1000,1290,2026-08-05,CUSTODIAN,TEST
1986,TRD101985,INFY,EQ-CORE-01,500,500,2026-08-06,CUSTODIAN,TRAIN
1987,TRD101986,WIPRO,EQ-CORE-02,1500,1500,2026-08-21,CUSTODIAN,TRAIN
1988,TRD101987,ICICIBANK,EQ-INDEX-04,250,250,2026-08-11,CUSTODIAN,TRAIN
1989,TRD101988,HINDUNILVR,EQ-CORE-02,250,250,2026-08-13,CUSTODIAN,TRAIN
1990,TRD101989,WIPRO,EQ-CORE-01,1500,1500,2026-08-08,CUSTODIAN,TEST
1991,TRD101990,KOTAKBANK,EQ-INDEX-04,100,100,2026-08-09,CUSTODIAN,TRAIN
1992,TRD101991,RELIANCE,EQ-INDEX-04,2000,2000,2026-08-13,CUSTODIAN,TRAIN
1993,TRD101992,HDFCBANK,EQ-CORE-01,2000,2000,2026-08-19,CUSTODIAN,TRAIN
1994,TRD101993,KOTAKBANK,EQ-ALPHA-03,1000,1000,2026-08-07,CUSTODIAN,TRAIN
1995,TRD101994,HINDUNILVR,EQ-ALPHA-03,2000,5400,2026-08-12,CUSTODIAN,TRAIN
1996,TRD101995,HINDUNILVR,EQ-CORE-02,1000,1000,2026-08-02,CUSTODIAN,TRAIN
1997,TRD101996,HDFCBANK,EQ-ALPHA-03,2000,2000,2026-08-05,CUSTODIAN,TRAIN
1998,TRD101997,MARUTI,EQ-CORE-01,1000,1000,2026-08-16,CUSTODIAN,TRAIN
1999,TRD101998,BHARTIARTL,EQ-CORE-02,500,0,2026-08-09,MISSING,TRAIN
2000,TRD101999,LT,EQ-CORE-01,250,250,2026-08-18,CUSTODIAN,TRAIN
2001,TRD102000,LT,EQ-ALPHA-03,500,0,2026-08-18,MISSING,TRAIN
2002,TRD102001,TCS,EQ-CORE-02,250,250,2026-08-21,CUSTODIAN,TRAIN
2003,TRD102002,MARUTI,EQ-INDEX-04,500,900,2026-08-14,CUSTODIAN,TRAIN
2004,TRD102003,TATASTEEL,EQ-ALPHA-03,2000,2000,2026-08-06,CUSTODIAN,TRAIN
2005,TRD102004,TCS,EQ-CORE-01,750,750,2026-08-11,CUSTODIAN,TRAIN
2006,TRD102005,HINDUNILVR,EQ-CORE-02,1500,1500,2026-08-17,CUSTODIAN,TRAIN
2007,TRD102006,HINDUNILVR,EQ-CORE-02,250,250,2026-08-15,CUSTODIAN,TRAIN
2008,TRD102007,MARUTI,EQ-INDEX-04,1000,1000,2026-08-10,CUSTODIAN,TRAIN
2009,TRD102008,WIPRO,EQ-ALPHA-03,250,250,2026-08-06,CUSTODIAN,TRAIN
2010,TRD102009,RELIANCE,EQ-INDEX-04,200,200,2026-08-18,CUSTODIAN,TRAIN
2011,TRD102010,KOTAKBANK,EQ-INDEX-04,2000,2000,2026-08-05,CUSTODIAN,TRAIN
2012,TRD102011,TCS,EQ-ALPHA-03,1000,1000,2026-08-03,CUSTODIAN,TRAIN
2013,TRD102012,KOTAKBANK,EQ-INDEX-04,2000,2000,2026-08-07,CUSTODIAN,TRAIN
2014,TRD102013,HDFCBANK,EQ-ALPHA-03,200,156,2026-08-21,CUSTODIAN,TRAIN
2015,TRD102014,MARUTI,EQ-CORE-01,2000,2580,2026-08-15,CUSTODIAN,TRAIN
2016,TRD102015,MARUTI,EQ-ALPHA-03,750,750,2026-08-10,CUSTODIAN,TEST
2017,TRD102016,KOTAKBANK,EQ-CORE-01,750,750,2026-08-04,CUSTODIAN,TRAIN
2018,TRD102017,HDFCBANK,EQ-ALPHA-03,2000,2000,2026-08-15,CUSTODIAN,TEST
2019,TRD102018,HINDUNILVR,EQ-INDEX-04,2000,5600,2026-08-20,CUSTODIAN,TRAIN
2020,TRD102019,AXISBANK,EQ-CORE-01,200,200,2026-08-23,CUSTODIAN,TRAIN
2021,TRD102020,HINDUNILVR,EQ-INDEX-04,500,1400,2026-08-21,CUSTODIAN,TRAIN
2022,TRD102021,SBIN,EQ-CORE-01,2000,2000,2026-08-20,CUSTODIAN,TRAIN
2023,TRD102022,MARUTI,EQ-CORE-02,1500,1500,2026-08-02,CUSTODIAN,TRAIN
2024,TRD102023,KOTAKBANK,EQ-INDEX-04,1000,1000,2026-08-15,CUSTODIAN,TRAIN
2025,TRD102024,SBIN,EQ-INDEX-04,1000,1000,2026-08-09,CUSTODIAN,TRAIN
2026,TRD102025,SBIN,EQ-CORE-02,2000,2000,2026-08-22,CUSTODIAN,TRAIN
2027,TRD102026,LT,EQ-INDEX-04,1000,1000,2026-08-13,CUSTODIAN,TRAIN
2028,TRD102027,SBIN,EQ-ALPHA-03,1000,1000,2026-08-09,CUSTODIAN,TEST
2029,TRD102028,TATASTEEL,EQ-INDEX-04,200,200,2026-08-12,CUSTODIAN,TRAIN
2030,TRD102029,HINDUNILVR,EQ-ALPHA-03,1500,1500,2026-08-17,CUSTODIAN,TEST
2031,TRD102030,TATASTEEL,EQ-CORE-01,1000,1000,2026-08-07,CUSTODIAN,TRAIN
2032,TRD102031,HDFCBANK,EQ-ALPHA-03,750,750,2026-08-23,CUSTODIAN,TRAIN
2033,TRD102032,BHARTIARTL,EQ-INDEX-04,200,200,2026-08-04,CUSTODIAN,TRAIN
2034,TRD102033,INFY,EQ-INDEX-04,1000,1000,2026-08-14,CUSTODIAN,TRAIN
2035,TRD102034,MARUTI,EQ-CORE-02,750,750,2026-08-04,CUSTODIAN,TEST
2036,TRD102035,MARUTI,EQ-ALPHA-03,100,100,2026-08-06,CUSTODIAN,TRAIN
2037,TRD102036,ITC,EQ-CORE-02,500,500,2026-08-09,CUSTODIAN,TRAIN
2038,TRD102037,KOTAKBANK,EQ-CORE-01,500,500,2026-08-11,CUSTODIAN,TRAIN
2039,TRD102038,MARUTI,EQ-CORE-02,2000,2000,2026-08-19,CUSTODIAN,TRAIN
2040,TRD102039,INFY,EQ-ALPHA-03,1500,1500,2026-08-14,CUSTODIAN,TEST
2041,TRD102040,HINDUNILVR,EQ-ALPHA-03,750,750,2026-08-13,CUSTODIAN,TEST
2042,TRD102041,TCS,EQ-CORE-02,250,250,2026-08-09,CUSTODIAN,TRAIN
2043,TRD102042,TATASTEEL,EQ-CORE-02,2000,2000,2026-08-05,CUSTODIAN,TRAIN
2044,TRD102043,WIPRO,EQ-INDEX-04,500,500,2026-08-20,CUSTODIAN,TRAIN
2045,TRD102044,ITC,EQ-INDEX-04,1500,1500,2026-08-07,CUSTODIAN,TEST
2046,TRD102045,TATASTEEL,EQ-ALPHA-03,1000,0,2026-08-06,MISSING,TRAIN
2047,TRD102046,WIPRO,EQ-INDEX-04,750,750,2026-08-02,CUSTODIAN,TRAIN
2048,TRD102047,WIPRO,EQ-INDEX-04,250,250,2026-08-08,CUSTODIAN,TRAIN
2049,TRD102048,LT,EQ-INDEX-04,750,750,2026-08-20,CUSTODIAN,TRAIN
2050,TRD102049,HINDUNILVR,EQ-ALPHA-03,1000,1000,2026-08-21,CUSTODIAN,TEST
2051,TRD102050,HINDUNILVR,EQ-CORE-02,200,200,2026-08-19,CUSTODIAN,TRAIN
2052,TRD102051,HDFCBANK,EQ-INDEX-04,250,250,2026-08-02,CUSTODIAN,TRAIN
2053,TRD102052,SBIN,EQ-INDEX-04,200,200,2026-08-14,CUSTODIAN,TEST
2054,TRD102053,BHARTIARTL,EQ-CORE-01,2000,2000,2026-08-12,CUSTODIAN,TRAIN
2055,TRD102054,SBIN,EQ-CORE-01,250,250,2026-08-10,CUSTODIAN,TRAIN
2056,TRD102055,ICICIBANK,EQ-CORE-01,1500,1500,2026-08-13,CUSTODIAN,TRAIN
2057,TRD102056,ITC,EQ-CORE-01,200,200,2026-08-02,CUSTODIAN,TRAIN
2058,TRD102057,KOTAKBANK,EQ-CORE-01,1000,1000,2026-08-02,CUSTODIAN,TRAIN
2059,TRD102058,SBIN,EQ-ALPHA-03,1500,1500,2026-08-21,CUSTODIAN,TRAIN
2060,TRD102059,INFY,EQ-CORE-02,500,500,2026-08-17,CUSTODIAN,TEST
2061,TRD102060,TCS,EQ-INDEX-04,250,250,2026-08-20,CUSTODIAN,TEST
2062,TRD102061,LT,EQ-CORE-01,250,250,2026-08-16,CUSTODIAN,TEST
2063,TRD102062,HINDUNILVR,EQ-CORE-02,750,750,2026-08-05,CUSTODIAN,TRAIN
2064,TRD102063,TATASTEEL,EQ-ALPHA-03,200,200,2026-08-21,CUSTODIAN,TRAIN
2065,TRD102064,TATASTEEL,EQ-CORE-01,1500,1500,2026-08-05,CUSTODIAN,TEST
2066,TRD102065,HDFCBANK,EQ-INDEX-04,1000,1000,2026-08-17,CUSTODIAN,TRAIN
2067,TRD102066,SBIN,EQ-CORE-01,100,87,2026-08-17,CUSTODIAN,TRAIN
2068,TRD102067,KOTAKBANK,EQ-INDEX-04,1000,1000,2026-08-20,CUSTODIAN,TRAIN
2069,TRD102068,ICICIBANK,EQ-INDEX-04,1000,1000,2026-08-08,CUSTODIAN,TRAIN
2070,TRD102069,BHARTIARTL,EQ-CORE-01,1500,1500,2026-08-02,CUSTODIAN,TRAIN
2071,TRD102070,LT,EQ-ALPHA-03,2000,2000,2026-08-11,CUSTODIAN,TRAIN
2072,TRD102071,LT,EQ-CORE-02,100,100,2026-08-04,CUSTODIAN,TRAIN
2073,TRD102072,WIPRO,EQ-INDEX-04,100,100,2026-08-03,CUSTODIAN,TRAIN
2074,TRD102073,SBIN,EQ-CORE-02,100,100,2026-08-15,CUSTODIAN,TRAIN
2075,TRD102074,KOTAKBANK,EQ-CORE-02,100,100,2026-08-05,CUSTODIAN,TEST
2076,TRD102075,WIPRO,EQ-CORE-02,1000,1000,2026-08-08,CUSTODIAN,TRAIN
2077,TRD102076,RELIANCE,EQ-CORE-01,1500,1500,2026-08-05,CUSTODIAN,TRAIN
2078,TRD102077,KOTAKBANK,EQ-ALPHA-03,1000,1000,2026-08-14,CUSTODIAN,TRAIN
2079,TRD102078,RELIANCE,EQ-ALPHA-03,250,250,2026-08-09,CUSTODIAN,TEST
2080,TRD102079,KOTAKBANK,EQ-ALPHA-03,750,750,2026-08-22,CUSTODIAN,TRAIN
2081,TRD102080,WIPRO,EQ-ALPHA-03,100,100,2026-08-15,CUSTODIAN,TRAIN
2082,TRD102081,MARUTI,EQ-INDEX-04,2000,2000,2026-08-03,CUSTODIAN,TRAIN
2083,TRD102082,WIPRO,EQ-CORE-01,2000,2000,2026-08-09,CUSTODIAN,TRAIN
2084,TRD102083,INFY,EQ-CORE-02,2000,2000,2026-08-19,CUSTODIAN,TRAIN
2085,TRD102084,KOTAKBANK,EQ-ALPHA-03,1500,1500,2026-08-11,CUSTODIAN,TRAIN
2086,TRD102085,HINDUNILVR,EQ-INDEX-04,200,200,2026-08-08,CUSTODIAN,TRAIN
2087,TRD102086,INFY,EQ-CORE-02,100,100,2026-08-05,CUSTODIAN,TEST
2088,TRD102087,MARUTI,EQ-INDEX-04,1500,1500,2026-08-04,CUSTODIAN,TRAIN
2089,TRD102088,ITC,EQ-CORE-02,250,250,2026-08-03,CUSTODIAN,TEST
2090,TRD102089,WIPRO,EQ-ALPHA-03,1000,1000,2026-08-02,CUSTODIAN,TEST
2091,TRD102090,TATASTEEL,EQ-CORE-01,250,250,2026-08-08,CUSTODIAN,TRAIN
2092,TRD102091,BHARTIARTL,EQ-CORE-02,250,250,2026-08-18,CUSTODIAN,TRAIN
2093,TRD102092,KOTAKBANK,EQ-INDEX-04,500,500,2026-08-16,CUSTODIAN,TRAIN
2094,TRD102093,MARUTI,EQ-CORE-02,500,500,2026-08-11,CUSTODIAN,TRAIN
2095,TRD102094,LT,EQ-CORE-01,1000,1000,2026-08-04,CUSTODIAN,TRAIN
2096,TRD102095,WIPRO,EQ-CORE-02,1000,1000,2026-08-06,CUSTODIAN,TRAIN
2097,TRD102096,BHARTIARTL,EQ-CORE-01,100,100,2026-08-14,CUSTODIAN,TRAIN
2098,TRD102097,HINDUNILVR,EQ-INDEX-04,100,100,2026-08-04,CUSTODIAN,TEST
2099,TRD102098,ICICIBANK,EQ-INDEX-04,1500,1500,2026-08-09,CUSTODIAN,TEST
2100,TRD102099,SBIN,EQ-ALPHA-03,2000,2000,2026-08-06,CUSTODIAN,TRAIN
2101,TRD102100,INFY,EQ-ALPHA-03,750,0,2026-08-07,MISSING,TRAIN
2102,TRD102101,SBIN,EQ-CORE-01,100,100,2026-08-11,CUSTODIAN,TRAIN
2103,TRD102102,BHARTIARTL,EQ-ALPHA-03,500,500,2026-08-06,CUSTODIAN,TRAIN
2104,TRD102103,BHARTIARTL,EQ-INDEX-04,1500,1500,2026-08-16,CUSTODIAN,TRAIN
2105,TRD102104,BHARTIARTL,EQ-INDEX-04,2000,2000,2026-08-12,CUSTODIAN,TEST
2106,TRD102105,WIPRO,EQ-CORE-02,500,500,2026-08-08,CUSTODIAN,TRAIN
2107,TRD102106,TATASTEEL,EQ-ALPHA-03,2000,2000,2026-08-15,CUSTODIAN,TEST
2108,TRD102107,BHARTIARTL,EQ-INDEX-04,250,250,2026-08-19,CUSTODIAN,TRAIN
2109,TRD102108,TATASTEEL,EQ-CORE-02,1500,1500,2026-08-08,CUSTODIAN,TRAIN
2110,TRD102109,TATASTEEL,EQ-CORE-02,1500,1500,2026-08-16,CUSTODIAN,TEST
2111,TRD102110,AXISBANK,EQ-INDEX-04,250,250,2026-08-20,CUSTODIAN,TRAIN
2112,TRD102111,INFY,EQ-CORE-02,1500,1500,2026-08-09,CUSTODIAN,TRAIN
2113,TRD102112,SBIN,EQ-CORE-01,100,100,2026-08-04,CUSTODIAN,TRAIN
2114,TRD102113,TATASTEEL,EQ-ALPHA-03,100,100,2026-08-04,CUSTODIAN,TRAIN
2115,TRD102114,WIPRO,EQ-ALPHA-03,250,250,2026-08-11,CUSTODIAN,TRAIN
2116,TRD102115,AXISBANK,EQ-ALPHA-03,2000,2000,2026-08-07,CUSTODIAN,TRAIN
2117,TRD102116,HINDUNILVR,EQ-INDEX-04,250,250,2026-08-06,CUSTODIAN,TRAIN
2118,TRD102117,LT,EQ-INDEX-04,1500,1500,2026-08-19,CUSTODIAN,TRAIN
2119,TRD102118,WIPRO,EQ-CORE-01,500,500,2026-08-06,CUSTODIAN,TRAIN
2120,TRD102119,INFY,EQ-CORE-01,1500,1500,2026-08-17,CUSTODIAN,TEST
2121,TRD102120,TATASTEEL,EQ-CORE-01,2000,2000,2026-08-07,CUSTODIAN,TRAIN
2122,TRD102121,KOTAKBANK,EQ-CORE-01,1000,1000,2026-08-04,CUSTODIAN,TRAIN
2123,TRD102122,INFY,EQ-CORE-02,750,750,2026-08-06,CUSTODIAN,TRAIN
2124,TRD102123,ICICIBANK,EQ-INDEX-04,200,200,2026-08-17,CUSTODIAN,TRAIN
2125,TRD102124,SBIN,EQ-CORE-01,750,750,2026-08-10,CUSTODIAN,TRAIN
2126,TRD102125,SBIN,EQ-ALPHA-03,250,250,2026-08-09,CUSTODIAN,TRAIN
2127,TRD102126,ITC,EQ-INDEX-04,1500,1500,2026-08-10,CUSTODIAN,TRAIN
2128,TRD102127,SBIN,EQ-CORE-01,100,100,2026-08-21,CUSTODIAN,TRAIN
2129,TRD102128,BHARTIARTL,EQ-CORE-01,500,500,2026-08-14,CUSTODIAN,TRAIN
2130,TRD102129,WIPRO,EQ-INDEX-04,1500,1500,2026-08-18,CUSTODIAN,TRAIN
2131,TRD102130,INFY,EQ-INDEX-04,1000,1000,2026-08-19,CUSTODIAN,TRAIN
2132,TRD102131,ICICIBANK,EQ-ALPHA-03,200,200,2026-08-04,CUSTODIAN,TRAIN
2133,TRD102132,RELIANCE,EQ-CORE-01,250,172,2026-08-05,CUSTODIAN,TRAIN
2134,TRD102133,SBIN,EQ-CORE-01,200,200,2026-08-09,CUSTODIAN,TRAIN
2135,TRD102134,WIPRO,EQ-CORE-01,100,100,2026-08-12,CUSTODIAN,TEST
2136,TRD102135,AXISBANK,EQ-CORE-01,2000,2000,2026-08-12,CUSTODIAN,TEST
2137,TRD102136,RELIANCE,EQ-CORE-01,250,250,2026-08-05,CUSTODIAN,TRAIN
2138,TRD102137,RELIANCE,EQ-CORE-01,1500,1500,2026-08-09,CUSTODIAN,TRAIN
2139,TRD102138,BHARTIARTL,EQ-CORE-02,1000,1000,2026-08-08,CUSTODIAN,TRAIN
2140,TRD102139,AXISBANK,EQ-INDEX-04,250,250,2026-08-20,CUSTODIAN,TRAIN
2141,TRD102140,LT,EQ-CORE-02,100,100,2026-08-08,CUSTODIAN,TEST
2142,TRD102141,WIPRO,EQ-CORE-02,200,200,2026-08-04,CUSTODIAN,TRAIN
2143,TRD102142,HINDUNILVR,EQ-ALPHA-03,500,500,2026-08-22,CUSTODIAN,TRAIN
2144,TRD102143,LT,EQ-CORE-02,750,750,2026-08-11,CUSTODIAN,TRAIN
2145,TRD102144,KOTAKBANK,EQ-CORE-01,750,750,2026-08-07,CUSTODIAN,TRAIN
2146,TRD102145,ITC,EQ-INDEX-04,1000,1000,2026-08-03,CUSTODIAN,TRAIN
2147,TRD102146,KOTAKBANK,EQ-ALPHA-03,2000,2000,2026-08-04,CUSTODIAN,TRAIN
2148,TRD102147,AXISBANK,EQ-ALPHA-03,750,750,2026-08-12,CUSTODIAN,TRAIN
2149,TRD102148,SBIN,EQ-CORE-02,2000,2000,2026-08-17,CUSTODIAN,TRAIN
2150,TRD102149,AXISBANK,EQ-INDEX-04,250,250,2026-08-13,CUSTODIAN,TRAIN
2151,TRD102150,SBIN,EQ-CORE-02,1500,1500,2026-08-16,CUSTODIAN,TRAIN
2152,TRD102151,WIPRO,EQ-ALPHA-03,1500,1500,2026-08-02,CUSTODIAN,TRAIN
2153,TRD102152,MARUTI,EQ-CORE-02,250,250,2026-08-02,CUSTODIAN,TRAIN
2154,TRD102153,AXISBANK,EQ-INDEX-04,250,250,2026-08-02,CUSTODIAN,TRAIN
2155,TRD102154,ICICIBANK,EQ-CORE-02,1000,1000,2026-08-17,CUSTODIAN,TRAIN
2156,TRD102155,MARUTI,EQ-INDEX-04,750,750,2026-08-17,CUSTODIAN,TRAIN
2157,TRD102156,BHARTIARTL,EQ-CORE-01,250,250,2026-08-03,CUSTODIAN,TEST
2158,TRD102157,SBIN,EQ-INDEX-04,2000,2000,2026-08-06,CUSTODIAN,TRAIN
2159,TRD102158,BHARTIARTL,EQ-CORE-02,2000,2000,2026-08-11,CUSTODIAN,TEST
2160,TRD102159,KOTAKBANK,EQ-CORE-01,750,750,2026-08-15,CUSTODIAN,TRAIN
2161,TRD102160,LT,EQ-CORE-02,750,750,2026-08-13,CUSTODIAN,TRAIN
2162,TRD102161,AXISBANK,EQ-INDEX-04,2000,2000,2026-08-16,CUSTODIAN,TRAIN
2163,TRD102162,HDFCBANK,EQ-INDEX-04,1000,1170,2026-08-12,CUSTODIAN,TRAIN
2164,TRD102163,LT,EQ-CORE-02,1000,1000,2026-08-12,CUSTODIAN,TRAIN
2165,TRD102164,SBIN,EQ-CORE-02,500,0,2026-08-21,MISSING,TEST
2166,TRD102165,AXISBANK,EQ-CORE-01,2000,2000,2026-08-12,CUSTODIAN,TRAIN
2167,TRD102166,HINDUNILVR,EQ-INDEX-04,250,250,2026-08-04,CUSTODIAN,TRAIN
2168,TRD102167,AXISBANK,EQ-ALPHA-03,750,750,2026-08-14,CUSTODIAN,TRAIN
2169,TRD102168,SBIN,EQ-CORE-01,100,170,2026-08-09,CUSTODIAN,TEST
2170,TRD102169,SBIN,EQ-INDEX-04,2000,2000,2026-08-10,CUSTODIAN,TEST
2171,TRD102170,AXISBANK,EQ-CORE-01,500,500,2026-08-22,CUSTODIAN,TEST
2172,TRD102171,WIPRO,EQ-ALPHA-03,100,100,2026-08-08,CUSTODIAN,TRAIN
2173,TRD102172,HINDUNILVR,EQ-ALPHA-03,1500,1800,2026-08-02,CUSTODIAN,TRAIN
2174,TRD102173,INFY,EQ-INDEX-04,750,750,2026-08-22,CUSTODIAN,TEST
2175,TRD102174,SBIN,EQ-INDEX-04,2000,2000,2026-08-06,CUSTODIAN,TRAIN
2176,TRD102175,AXISBANK,EQ-INDEX-04,2000,2000,2026-08-05,CUSTODIAN,TRAIN
2177,TRD102176,HDFCBANK,EQ-ALPHA-03,2000,2000,2026-08-20,CUSTODIAN,TRAIN
2178,TRD102177,TCS,EQ-ALPHA-03,100,100,2026-08-19,CUSTODIAN,TEST
2179,TRD102178,SBIN,EQ-ALPHA-03,1500,2550,2026-08-22,CUSTODIAN,TRAIN
2180,TRD102179,INFY,EQ-ALPHA-03,1000,1000,2026-08-03,CUSTODIAN,TRAIN
2181,TRD102180,AXISBANK,EQ-CORE-02,100,100,2026-08-03,CUSTODIAN,TRAIN
2182,TRD102181,TCS,EQ-CORE-02,200,200,2026-08-05,CUSTODIAN,TRAIN
2183,TRD102182,TCS,EQ-INDEX-04,1000,1000,2026-08-12,CUSTODIAN,TRAIN
2184,TRD102183,HINDUNILVR,EQ-INDEX-04,200,200,2026-08-19,CUSTODIAN,TEST
2185,TRD102184,WIPRO,EQ-INDEX-04,250,250,2026-08-04,CUSTODIAN,TEST
2186,TRD102185,TCS,EQ-CORE-01,750,750,2026-08-03,CUSTODIAN,TRAIN
2187,TRD102186,KOTAKBANK,EQ-CORE-02,500,500,2026-08-03,CUSTODIAN,TRAIN
2188,TRD102187,MARUTI,EQ-INDEX-04,250,250,2026-08-12,CUSTODIAN,TRAIN
2189,TRD102188,LT,EQ-CORE-01,750,750,2026-08-15,CUSTODIAN,TRAIN
2190,TRD102189,HDFCBANK,EQ-CORE-01,100,100,2026-08-20,CUSTODIAN,TEST
2191,TRD102190,WIPRO,EQ-CORE-02,200,200,2026-08-13,CUSTODIAN,TRAIN
2192,TRD102191,HDFCBANK,EQ-ALPHA-03,250,250,2026-08-22,CUSTODIAN,TRAIN
2193,TRD102192,LT,EQ-ALPHA-03,1000,1000,2026-08-07,CUSTODIAN,TRAIN
2194,TRD102193,HDFCBANK,EQ-ALPHA-03,1000,1000,2026-08-14,CUSTODIAN,TRAIN
2195,TRD102194,RELIANCE,EQ-INDEX-04,2000,2000,2026-08-22,CUSTODIAN,TRAIN
2196,TRD102195,INFY,EQ-CORE-02,200,200,2026-08-05,CUSTODIAN,TEST
2197,TRD102196,HINDUNILVR,EQ-ALPHA-03,750,750,2026-08-08,CUSTODIAN,TRAIN
2198,TRD102197,ITC,EQ-ALPHA-03,100,100,2026-08-09,CUSTODIAN,TRAIN
2199,TRD102198,LT,EQ-ALPHA-03,100,100,2026-08-08,CUSTODIAN,TRAIN
2200,TRD102199,ITC,EQ-CORE-02,1500,1500,2026-08-16,CUSTODIAN,TRAIN
2201,TRD102200,ITC,EQ-CORE-01,750,750,2026-08-09,CUSTODIAN,TEST
2202,TRD102201,MARUTI,EQ-CORE-01,100,100,2026-08-02,CUSTODIAN,TRAIN
2203,TRD102202,ITC,EQ-CORE-01,1500,1500,2026-08-07,CUSTODIAN,TEST
2204,TRD102203,HDFCBANK,EQ-ALPHA-03,500,500,2026-08-13,CUSTODIAN,TRAIN
2205,TRD102204,KOTAKBANK,EQ-ALPHA-03,100,100,2026-08-03,CUSTODIAN,TEST
2206,TRD102205,ICICIBANK,EQ-CORE-01,2000,2000,2026-08-08,CUSTODIAN,TRAIN
2207,TRD102206,INFY,EQ-ALPHA-03,100,100,2026-08-09,CUSTODIAN,TRAIN
2208,TRD102207,RELIANCE,EQ-CORE-01,2000,2000,2026-08-06,CUSTODIAN,TRAIN
2209,TRD102208,KOTAKBANK,EQ-INDEX-04,1500,1500,2026-08-17,CUSTODIAN,TEST
2210,TRD102209,INFY,EQ-CORE-01,100,100,2026-08-03,CUSTODIAN,TRAIN
2211,TRD102210,WIPRO,EQ-CORE-01,750,750,2026-08-08,CUSTODIAN,TRAIN
2212,TRD102211,MARUTI,EQ-CORE-01,500,500,2026-08-16,CUSTODIAN,TRAIN
2213,TRD102212,LT,EQ-ALPHA-03,2000,2000,2026-08-03,CUSTODIAN,TRAIN
2214,TRD102213,AXISBANK,EQ-CORE-02,1000,0,2026-08-17,MISSING,TRAIN
2215,TRD102214,KOTAKBANK,EQ-ALPHA-03,1000,1000,2026-08-19,CUSTODIAN,TRAIN
2216,TRD102215,BHARTIARTL,EQ-ALPHA-03,250,250,2026-08-13,CUSTODIAN,TRAIN
2217,TRD102216,INFY,EQ-INDEX-04,2000,2000,2026-08-15,CUSTODIAN,TRAIN
2218,TRD102217,AXISBANK,EQ-INDEX-04,750,750,2026-08-12,CUSTODIAN,TEST
2219,TRD102218,HINDUNILVR,EQ-CORE-02,250,250,2026-08-12,CUSTODIAN,TEST
2220,TRD102219,LT,EQ-CORE-02,250,250,2026-08-20,CUSTODIAN,TRAIN
2221,TRD102220,TCS,EQ-CORE-01,1500,1500,2026-08-18,CUSTODIAN,TEST
2222,TRD102221,AXISBANK,EQ-CORE-02,100,100,2026-08-19,CUSTODIAN,TRAIN
2223,TRD102222,KOTAKBANK,EQ-ALPHA-03,1000,1000,2026-08-12,CUSTODIAN,TRAIN
2224,TRD102223,LT,EQ-INDEX-04,1500,1500,2026-08-13,CUSTODIAN,TRAIN
2225,TRD102224,HDFCBANK,EQ-CORE-01,2000,2000,2026-08-08,CUSTODIAN,TRAIN
2226,TRD102225,ITC,EQ-INDEX-04,250,250,2026-08-11,CUSTODIAN,TRAIN
2227,TRD102226,MARUTI,EQ-CORE-01,500,500,2026-08-05,CUSTODIAN,TRAIN
2228,TRD102227,RELIANCE,EQ-CORE-01,750,750,2026-08-07,CUSTODIAN,TRAIN
2229,TRD102228,ICICIBANK,EQ-INDEX-04,2000,0,2026-08-15,MISSING,TRAIN
2230,TRD102229,WIPRO,EQ-ALPHA-03,750,750,2026-08-13,CUSTODIAN,TRAIN
2231,TRD102230,AXISBANK,EQ-INDEX-04,2000,2000,2026-08-20,CUSTODIAN,TRAIN
2232,TRD102231,ITC,EQ-INDEX-04,1000,1000,2026-08-10,CUSTODIAN,TRAIN
2233,TRD102232,HINDUNILVR,EQ-ALPHA-03,200,200,2026-08-20,CUSTODIAN,TRAIN
2234,TRD102233,RELIANCE,EQ-INDEX-04,1500,1500,2026-08-17,CUSTODIAN,TRAIN
2235,TRD102234,LT,EQ-INDEX-04,200,156,2026-08-22,CUSTODIAN,TRAIN
2236,TRD102235,WIPRO,EQ-ALPHA-03,1000,1000,2026-08-17,CUSTODIAN,TRAIN
2237,TRD102236,LT,EQ-CORE-01,2000,2000,2026-08-15,CUSTODIAN,TRAIN
2238,TRD102237,AXISBANK,EQ-CORE-02,100,100,2026-08-16,CUSTODIAN,TRAIN
2239,TRD102238,ICICIBANK,EQ-CORE-01,1500,1500,2026-08-19,CUSTODIAN,TRAIN
2240,TRD102239,AXISBANK,EQ-INDEX-04,200,200,2026-08-17,CUSTODIAN,TEST
2241,TRD102240,MARUTI,EQ-INDEX-04,250,250,2026-08-21,CUSTODIAN,TRAIN
2242,TRD102241,KOTAKBANK,EQ-INDEX-04,250,250,2026-08-04,CUSTODIAN,TRAIN
2243,TRD102242,HDFCBANK,EQ-INDEX-04,100,100,2026-08-22,CUSTODIAN,TRAIN
2244,TRD102243,ICICIBANK,EQ-CORE-02,250,250,2026-08-20,CUSTODIAN,TRAIN
2245,TRD102244,HINDUNILVR,EQ-CORE-01,200,200,2026-08-06,CUSTODIAN,TRAIN
2246,TRD102245,ITC,EQ-ALPHA-03,1000,1000,2026-08-15,CUSTODIAN,TRAIN
2247,TRD102246,BHARTIARTL,EQ-INDEX-04,2000,2000,2026-08-15,CUSTODIAN,TRAIN
2248,TRD102247,TCS,EQ-INDEX-04,200,200,2026-08-13,CUSTODIAN,TRAIN
2249,TRD102248,TATASTEEL,EQ-CORE-02,250,250,2026-08-07,CUSTODIAN,TEST
2250,TRD102249,ITC,EQ-CORE-02,1000,1000,2026-08-17,CUSTODIAN,TRAIN
2251,TRD102250,TCS,EQ-CORE-02,100,100,2026-08-06,CUSTODIAN,TRAIN
2252,TRD102251,RELIANCE,EQ-ALPHA-03,1000,1000,2026-08-02,CUSTODIAN,TEST
2253,TRD102252,ICICIBANK,EQ-CORE-02,250,250,2026-08-09,CUSTODIAN,TRAIN
2254,TRD102253,KOTAKBANK,EQ-CORE-02,2000,2000,2026-08-08,CUSTODIAN,TEST
2255,TRD102254,LT,EQ-CORE-02,200,200,2026-08-06,CUSTODIAN,TRAIN
2256,TRD102255,ITC,EQ-INDEX-04,200,360,2026-08-09,CUSTODIAN,TRAIN
2257,TRD102256,HDFCBANK,EQ-ALPHA-03,750,750,2026-08-15,CUSTODIAN,TRAIN
2258,TRD102257,RELIANCE,EQ-INDEX-04,500,500,2026-08-13,CUSTODIAN,TRAIN
2259,TRD102258,WIPRO,EQ-CORE-02,250,250,2026-08-18,CUSTODIAN,TEST
2260,TRD102259,AXISBANK,EQ-CORE-01,750,750,2026-08-04,CUSTODIAN,TRAIN
2261,TRD102260,TCS,EQ-CORE-01,200,200,2026-08-06,CUSTODIAN,TRAIN
2262,TRD102261,ICICIBANK,EQ-ALPHA-03,1500,1500,2026-08-23,CUSTODIAN,TRAIN
2263,TRD102262,TATASTEEL,EQ-INDEX-04,750,750,2026-08-17,CUSTODIAN,TRAIN
2264,TRD102263,HINDUNILVR,EQ-INDEX-04,250,250,2026-08-04,CUSTODIAN,TRAIN
2265,TRD102264,LT,EQ-ALPHA-03,200,200,2026-08-10,CUSTODIAN,TRAIN
2266,TRD102265,SBIN,EQ-ALPHA-03,1000,1000,2026-08-20,CUSTODIAN,TRAIN
2267,TRD102266,HDFCBANK,EQ-ALPHA-03,1000,1000,2026-08-15,CUSTODIAN,TRAIN
2268,TRD102267,KOTAKBANK,EQ-ALPHA-03,500,500,2026-08-06,CUSTODIAN,TRAIN
2269,TRD102268,KOTAKBANK,EQ-CORE-02,1000,1000,2026-08-19,CUSTODIAN,TRAIN
2270,TRD102269,AXISBANK,EQ-CORE-02,250,250,2026-08-11,CUSTODIAN,TRAIN
2271,TRD102270,AXISBANK,EQ-ALPHA-03,1000,1000,2026-08-22,CUSTODIAN,TEST
2272,TRD102271,BHARTIARTL,EQ-ALPHA-03,2000,2000,2026-08-21,CUSTODIAN,TRAIN
2273,TRD102272,ICICIBANK,EQ-INDEX-04,200,200,2026-08-14,CUSTODIAN,TRAIN
2274,TRD102273,TCS,EQ-INDEX-04,500,500,2026-08-10,CUSTODIAN,TRAIN
2275,TRD102274,LT,EQ-INDEX-04,1500,1500,2026-08-03,CUSTODIAN,TRAIN
2276,TRD102275,ITC,EQ-CORE-02,1500,1500,2026-08-05,CUSTODIAN,TRAIN
2277,TRD102276,SBIN,EQ-CORE-01,100,100,2026-08-04,CUSTODIAN,TEST
2278,TRD102277,INFY,EQ-CORE-01,200,200,2026-08-15,CUSTODIAN,TRAIN
2279,TRD102278,RELIANCE,EQ-ALPHA-03,200,200,2026-08-21,CUSTODIAN,TRAIN
2280,TRD102279,BHARTIARTL,EQ-ALPHA-03,500,500,2026-08-21,CUSTODIAN,TRAIN
2281,TRD102280,MARUTI,EQ-ALPHA-03,500,500,2026-08-19,CUSTODIAN,TEST
2282,TRD102281,INFY,EQ-CORE-02,1500,1500,2026-08-21,CUSTODIAN,TEST
2283,TRD102282,AXISBANK,EQ-CORE-02,750,750,2026-08-05,CUSTODIAN,TRAIN
2284,TRD102283,HDFCBANK,EQ-CORE-02,500,500,2026-08-07,CUSTODIAN,TRAIN
2285,TRD102284,TCS,EQ-INDEX-04,100,100,2026-08-11,CUSTODIAN,TRAIN
2286,TRD102285,HDFCBANK,EQ-INDEX-04,500,500,2026-08-04,CUSTODIAN,TRAIN
2287,TRD102286,INFY,EQ-ALPHA-03,1500,1500,2026-08-14,CUSTODIAN,TEST
2288,TRD102287,TATASTEEL,EQ-ALPHA-03,2000,2000,2026-08-18,CUSTODIAN,TRAIN
2289,TRD102288,ITC,EQ-ALPHA-03,1500,1500,2026-08-21,CUSTODIAN,TEST
2290,TRD102289,WIPRO,EQ-INDEX-04,200,200,2026-08-14,CUSTODIAN,TEST
2291,TRD102290,HDFCBANK,EQ-ALPHA-03,1000,1000,2026-08-10,CUSTODIAN,TEST
2292,TRD102291,BHARTIARTL,EQ-CORE-01,2000,2000,2026-08-20,CUSTODIAN,TRAIN
2293,TRD102292,WIPRO,EQ-INDEX-04,100,100,2026-08-13,CUSTODIAN,TRAIN
2294,TRD102293,ITC,EQ-INDEX-04,1500,1500,2026-08-15,CUSTODIAN,TRAIN
2295,TRD102294,SBIN,EQ-CORE-02,500,345,2026-08-10,CUSTODIAN,TRAIN
2296,TRD102295,HDFCBANK,EQ-CORE-01,500,500,2026-08-14,CUSTODIAN,TRAIN
2297,TRD102296,TCS,EQ-ALPHA-03,250,250,2026-08-19,CUSTODIAN,TRAIN
2298,TRD102297,LT,EQ-INDEX-04,750,750,2026-08-11,CUSTODIAN,TRAIN
2299,TRD102298,MARUTI,EQ-CORE-01,250,250,2026-08-11,CUSTODIAN,TRAIN
2300,TRD102299,MARUTI,EQ-CORE-02,200,200,2026-08-20,CUSTODIAN,TEST
2301,TRD102300,LT,EQ-CORE-01,2000,2000,2026-08-07,CUSTODIAN,TEST
2302,TRD102301,AXISBANK,EQ-CORE-02,200,200,2026-08-05,CUSTODIAN,TRAIN
2303,TRD102302,HINDUNILVR,EQ-CORE-02,2000,2000,2026-08-13,CUSTODIAN,TRAIN
2304,TRD102303,LT,EQ-CORE-02,250,250,2026-08-02,CUSTODIAN,TRAIN
2305,TRD102304,LT,EQ-CORE-02,100,100,2026-08-03,CUSTODIAN,TRAIN
2306,TRD102305,RELIANCE,EQ-ALPHA-03,2000,2000,2026-08-06,CUSTODIAN,TRAIN
2307,TRD102306,ITC,EQ-CORE-02,500,500,2026-08-05,CUSTODIAN,TRAIN
2308,TRD102307,KOTAKBANK,EQ-CORE-01,100,100,2026-08-14,CUSTODIAN,TEST
2309,TRD102308,ITC,EQ-INDEX-04,2000,2000,2026-08-14,CUSTODIAN,TEST
2310,TRD102309,KOTAKBANK,EQ-INDEX-04,1000,1000,2026-08-21,CUSTODIAN,TRAIN
2311,TRD102310,LT,EQ-CORE-01,1500,1500,2026-08-17,CUSTODIAN,TRAIN
2312,TRD102311,TCS,EQ-INDEX-04,1000,1000,2026-08-05,CUSTODIAN,TRAIN
2313,TRD102312,BHARTIARTL,EQ-CORE-02,750,750,2026-08-12,CUSTODIAN,TRAIN
2314,TRD102313,HDFCBANK,EQ-CORE-02,1500,1500,2026-08-06,CUSTODIAN,TRAIN
2315,TRD102314,BHARTIARTL,EQ-ALPHA-03,500,500,2026-08-09,CUSTODIAN,TRAIN
2316,TRD102315,BHARTIARTL,EQ-INDEX-04,2000,2000,2026-08-13,CUSTODIAN,TRAIN
2317,TRD102316,BHARTIARTL,EQ-CORE-01,100,100,2026-08-06,CUSTODIAN,TRAIN
2318,TRD102317,SBIN,EQ-INDEX-04,100,100,2026-08-14,CUSTODIAN,TRAIN
2319,TRD102318,AXISBANK,EQ-INDEX-04,750,750,2026-08-18,CUSTODIAN,TRAIN
2320,TRD102319,TATASTEEL,EQ-ALPHA-03,2000,2000,2026-08-12,CUSTODIAN,TRAIN
2321,TRD102320,RELIANCE,EQ-CORE-01,200,200,2026-08-19,CUSTODIAN,TEST
2322,TRD102321,LT,EQ-INDEX-04,500,500,2026-08-13,CUSTODIAN,TRAIN
2323,TRD102322,SBIN,EQ-ALPHA-03,2000,2000,2026-08-12,CUSTODIAN,TRAIN
2324,TRD102323,HINDUNILVR,EQ-CORE-01,200,200,2026-08-17,CUSTODIAN,TRAIN
2325,TRD102324,INFY,EQ-ALPHA-03,1500,1500,2026-08-16,CUSTODIAN,TRAIN
2326,TRD102325,INFY,EQ-INDEX-04,500,500,2026-08-14,CUSTODIAN,TRAIN
2327,TRD102326,RELIANCE,EQ-INDEX-04,100,100,2026-08-06,CUSTODIAN,TRAIN
2328,TRD102327,BHARTIARTL,EQ-CORE-02,250,250,2026-08-20,CUSTODIAN,TRAIN
2329,TRD102328,TCS,EQ-INDEX-04,250,250,2026-08-10,CUSTODIAN,TRAIN
2330,TRD102329,HDFCBANK,EQ-INDEX-04,2000,0,2026-08-07,MISSING,TRAIN
2331,TRD102330,TCS,EQ-ALPHA-03,2000,2000,2026-08-12,CUSTODIAN,TEST
2332,TRD102331,ICICIBANK,EQ-CORE-02,1000,1000,2026-08-12,CUSTODIAN,TRAIN
2333,TRD102332,HINDUNILVR,EQ-INDEX-04,500,500,2026-08-02,CUSTODIAN,TRAIN
2334,TRD102333,SBIN,EQ-ALPHA-03,750,750,2026-08-14,CUSTODIAN,TRAIN
2335,TRD102334,TCS,EQ-INDEX-04,250,250,2026-08-09,CUSTODIAN,TRAIN
2336,TRD102335,TATASTEEL,EQ-INDEX-04,200,200,2026-08-18,CUSTODIAN,TEST
2337,TRD102336,BHARTIARTL,EQ-INDEX-04,1000,1000,2026-08-09,CUSTODIAN,TRAIN
2338,TRD102337,HINDUNILVR,EQ-INDEX-04,1000,1000,2026-08-03,CUSTODIAN,TRAIN
2339,TRD102338,INFY,EQ-ALPHA-03,1500,1500,2026-08-02,CUSTODIAN,TEST
2340,TRD102339,ICICIBANK,EQ-CORE-02,500,500,2026-08-17,CUSTODIAN,TRAIN
2341,TRD102340,BHARTIARTL,EQ-ALPHA-03,500,500,2026-08-21,CUSTODIAN,TRAIN
2342,TRD102341,AXISBANK,EQ-CORE-01,1000,1000,2026-08-04,CUSTODIAN,TEST
2343,TRD102342,HINDUNILVR,EQ-CORE-01,100,100,2026-08-15,CUSTODIAN,TRAIN
2344,TRD102343,RELIANCE,EQ-ALPHA-03,100,100,2026-08-03,CUSTODIAN,TRAIN
2345,TRD102344,KOTAKBANK,EQ-CORE-02,1000,1000,2026-08-04,CUSTODIAN,TRAIN
2346,TRD102345,SBIN,EQ-CORE-01,200,200,2026-08-20,CUSTODIAN,TRAIN
2347,TRD102346,MARUTI,EQ-CORE-01,500,500,2026-08-14,CUSTODIAN,TRAIN
2348,TRD102347,AXISBANK,EQ-ALPHA-03,750,750,2026-08-18,CUSTODIAN,TRAIN
2349,TRD102348,TCS,EQ-CORE-01,2000,2000,2026-08-10,CUSTODIAN,TRAIN
2350,TRD102349,AXISBANK,EQ-ALPHA-03,500,500,2026-08-03,CUSTODIAN,TRAIN
2351,TRD102350,WIPRO,EQ-ALPHA-03,2000,2000,2026-08-13,CUSTODIAN,TRAIN
2352,TRD102351,KOTAKBANK,EQ-ALPHA-03,1500,0,2026-08-09,MISSING,TRAIN
2353,TRD102352,HDFCBANK,EQ-CORE-01,2000,2000,2026-08-06,CUSTODIAN,TRAIN
2354,TRD102353,AXISBANK,EQ-CORE-02,200,200,2026-08-16,CUSTODIAN,TEST
2355,TRD102354,ICICIBANK,EQ-INDEX-04,1000,1000,2026-08-20,CUSTODIAN,TRAIN
2356,TRD102355,BHARTIARTL,EQ-ALPHA-03,200,200,2026-08-19,CUSTODIAN,TEST
2357,TRD102356,TATASTEEL,EQ-INDEX-04,2000,2000,2026-08-13,CUSTODIAN,TRAIN
2358,TRD102357,SBIN,EQ-CORE-02,200,200,2026-08-10,CUSTODIAN,TRAIN
2359,TRD102358,ITC,EQ-CORE-02,1500,1500,2026-08-12,CUSTODIAN,TEST
2360,TRD102359,WIPRO,EQ-CORE-02,1500,1500,2026-08-20,CUSTODIAN,TRAIN
2361,TRD102360,MARUTI,EQ-INDEX-04,250,250,2026-08-15,CUSTODIAN,TRAIN
2362,TRD102361,INFY,EQ-INDEX-04,100,100,2026-08-09,CUSTODIAN,TRAIN
2363,TRD102362,TATASTEEL,EQ-CORE-01,500,500,2026-08-15,CUSTODIAN,TRAIN
2364,TRD102363,WIPRO,EQ-CORE-01,1000,1000,2026-08-13,CUSTODIAN,TRAIN
2365,TRD102364,ITC,EQ-ALPHA-03,500,500,2026-08-12,CUSTODIAN,TRAIN
2366,TRD102365,TATASTEEL,EQ-ALPHA-03,500,500,2026-08-03,CUSTODIAN,TRAIN
2367,TRD102366,RELIANCE,EQ-CORE-01,750,750,2026-08-15,CUSTODIAN,TEST
2368,TRD102367,MARUTI,EQ-CORE-02,1500,1500,2026-08-21,CUSTODIAN,TEST
2369,TRD102368,MARUTI,EQ-CORE-01,500,500,2026-08-11,CUSTODIAN,TEST
2370,TRD102369,KOTAKBANK,EQ-CORE-02,750,750,2026-08-02,CUSTODIAN,TRAIN
2371,TRD102370,HDFCBANK,EQ-CORE-01,2000,2000,2026-08-02,CUSTODIAN,TRAIN
2372,TRD102371,HINDUNILVR,EQ-CORE-01,750,750,2026-08-19,CUSTODIAN,TEST
2373,TRD102372,HINDUNILVR,EQ-ALPHA-03,100,100,2026-08-20,CUSTODIAN,TRAIN
2374,TRD102373,MARUTI,EQ-ALPHA-03,500,500,2026-08-14,CUSTODIAN,TRAIN
2375,TRD102374,LT,EQ-ALPHA-03,500,500,2026-08-15,CUSTODIAN,TRAIN
2376,TRD102375,ITC,EQ-ALPHA-03,100,78,2026-08-10,CUSTODIAN,TEST
2377,TRD102376,BHARTIARTL,EQ-CORE-02,250,250,2026-08-08,CUSTODIAN,TRAIN
2378,TRD102377,TCS,EQ-CORE-01,750,750,2026-08-19,CUSTODIAN,TRAIN
2379,TRD102378,INFY,EQ-CORE-01,200,0,2026-08-02,MISSING,TRAIN
2380,TRD102379,INFY,EQ-INDEX-04,200,200,2026-08-12,CUSTODIAN,TEST
2381,TRD102380,ITC,EQ-ALPHA-03,750,750,2026-08-13,CUSTODIAN,TRAIN
2382,TRD102381,BHARTIARTL,EQ-CORE-01,500,500,2026-08-10,CUSTODIAN,TRAIN
2383,TRD102382,TCS,EQ-CORE-02,250,250,2026-08-07,CUSTODIAN,TRAIN
2384,TRD102383,TATASTEEL,EQ-CORE-01,1000,1000,2026-08-14,CUSTODIAN,TRAIN
2385,TRD102384,HDFCBANK,EQ-CORE-01,250,250,2026-08-22,CUSTODIAN,TEST
2386,TRD102385,MARUTI,EQ-ALPHA-03,2000,2000,2026-08-16,CUSTODIAN,TRAIN
2387,TRD102386,HDFCBANK,EQ-ALPHA-03,100,0,2026-08-08,MISSING,TEST
2388,TRD102387,KOTAKBANK,EQ-CORE-01,1000,1000,2026-08-15,CUSTODIAN,TEST
2389,TRD102388,MARUTI,EQ-CORE-01,2000,2000,2026-08-05,CUSTODIAN,TRAIN
2390,TRD102389,ITC,EQ-ALPHA-03,2000,2000,2026-08-19,CUSTODIAN,TRAIN
2391,TRD102390,AXISBANK,EQ-CORE-02,100,100,2026-08-22,CUSTODIAN,TRAIN
2392,TRD102391,LT,EQ-ALPHA-03,1500,1500,2026-08-05,CUSTODIAN,TRAIN
2393,TRD102392,WIPRO,EQ-ALPHA-03,750,750,2026-08-06,CUSTODIAN,TRAIN
2394,TRD102393,TCS,EQ-ALPHA-03,1000,1000,2026-08-11,CUSTODIAN,TRAIN
2395,TRD102394,RELIANCE,EQ-CORE-01,100,100,2026-08-12,CUSTODIAN,TRAIN
2396,TRD102395,TATASTEEL,EQ-ALPHA-03,200,200,2026-08-06,CUSTODIAN,TRAIN
2397,TRD102396,TATASTEEL,EQ-CORE-01,200,200,2026-08-08,CUSTODIAN,TRAIN
2398,TRD102397,RELIANCE,EQ-CORE-01,750,750,2026-08-19,CUSTODIAN,TRAIN
2399,TRD102398,TATASTEEL,EQ-ALPHA-03,750,750,2026-08-14,CUSTODIAN,TRAIN
2400,TRD102399,TCS,EQ-CORE-01,1000,1000,2026-08-03,CUSTODIAN,TRAIN
2401,TRD102400,AXISBANK,EQ-INDEX-04,100,100,2026-08-17,CUSTODIAN,TRAIN
2402,TRD102401,BHARTIARTL,EQ-CORE-02,200,200,2026-08-20,CUSTODIAN,TRAIN
2403,TRD102402,SBIN,EQ-CORE-01,250,250,2026-08-20,CUSTODIAN,TRAIN
2404,TRD102403,ITC,EQ-CORE-02,500,500,2026-08-06,CUSTODIAN,TEST
2405,TRD102404,RELIANCE,EQ-CORE-02,750,750,2026-08-08,CUSTODIAN,TRAIN
2406,TRD102405,BHARTIARTL,EQ-ALPHA-03,500,500,2026-08-14,CUSTODIAN,TRAIN
2407,TRD102406,INFY,EQ-ALPHA-03,1500,1500,2026-08-15,CUSTODIAN,TRAIN
2408,TRD102407,HDFCBANK,EQ-INDEX-04,200,200,2026-08-10,CUSTODIAN,TRAIN
2409,TRD102408,TCS,EQ-CORE-02,1500,1500,2026-08-10,CUSTODIAN,TEST
2410,TRD102409,MARUTI,EQ-CORE-01,200,200,2026-08-09,CUSTODIAN,TRAIN
2411,TRD102410,HDFCBANK,EQ-CORE-02,100,100,2026-08-14,CUSTODIAN,TEST
2412,TRD102411,TCS,EQ-CORE-01,100,100,2026-08-05,CUSTODIAN,TEST
2413,TRD102412,TCS,EQ-CORE-01,1000,1000,2026-08-06,CUSTODIAN,TRAIN
2414,TRD102413,SBIN,EQ-ALPHA-03,1500,1500,2026-08-18,CUSTODIAN,TEST
2415,TRD102414,KOTAKBANK,EQ-INDEX-04,500,500,2026-08-06,CUSTODIAN,TRAIN
2416,TRD102415,HDFCBANK,EQ-CORE-01,500,500,2026-08-10,CUSTODIAN,TRAIN
2417,TRD102416,RELIANCE,EQ-INDEX-04,1500,1500,2026-08-03,CUSTODIAN,TEST
2418,TRD102417,HDFCBANK,EQ-ALPHA-03,1500,1500,2026-08-11,CUSTODIAN,TRAIN
2419,TRD102418,INFY,EQ-CORE-01,1500,0,2026-08-17,MISSING,TRAIN
2420,TRD102419,SBIN,EQ-ALPHA-03,750,750,2026-08-16,CUSTODIAN,TEST
2421,TRD102420,BHARTIARTL,EQ-CORE-02,750,750,2026-08-09,CUSTODIAN,TRAIN
2422,TRD102421,HINDUNILVR,EQ-CORE-02,500,0,2026-08-14,MISSING,TRAIN
2423,TRD102422,ICICIBANK,EQ-ALPHA-03,1000,1000,2026-08-05,CUSTODIAN,TRAIN
2424,TRD102423,RELIANCE,EQ-ALPHA-03,200,200,2026-08-05,CUSTODIAN,TRAIN
2425,TRD102424,HINDUNILVR,EQ-CORE-02,500,500,2026-08-19,CUSTODIAN,TRAIN
2426,TRD102425,LT,EQ-INDEX-04,100,100,2026-08-02,CUSTODIAN,TRAIN
2427,TRD102426,RELIANCE,EQ-ALPHA-03,2000,2000,2026-08-05,CUSTODIAN,TRAIN
2428,TRD102427,ICICIBANK,EQ-ALPHA-03,750,750,2026-08-22,CUSTODIAN,TRAIN
2429,TRD102428,BHARTIARTL,EQ-CORE-01,2000,2000,2026-08-09,CUSTODIAN,TRAIN
2430,TRD102429,SBIN,EQ-INDEX-04,2000,2000,2026-08-20,CUSTODIAN,TRAIN
2431,TRD102430,BHARTIARTL,EQ-CORE-02,100,100,2026-08-05,CUSTODIAN,TRAIN
2432,TRD102431,BHARTIARTL,EQ-CORE-01,100,100,2026-08-15,CUSTODIAN,TRAIN
2433,TRD102432,KOTAKBANK,EQ-CORE-02,2000,2000,2026-08-09,CUSTODIAN,TRAIN
2434,TRD102433,SBIN,EQ-INDEX-04,200,200,2026-08-02,CUSTODIAN,TRAIN
2435,TRD102434,ICICIBANK,EQ-CORE-02,2000,2000,2026-08-04,CUSTODIAN,TRAIN
2436,TRD102435,TCS,EQ-CORE-02,750,750,2026-08-19,CUSTODIAN,TEST
2437,TRD102436,ITC,EQ-CORE-02,750,1350,2026-08-02,CUSTODIAN,TRAIN
2438,TRD102437,TATASTEEL,EQ-CORE-02,1000,1000,2026-08-18,CUSTODIAN,TRAIN
2439,TRD102438,RELIANCE,EQ-CORE-02,1500,1500,2026-08-13,CUSTODIAN,TRAIN
2440,TRD102439,WIPRO,EQ-ALPHA-03,200,200,2026-08-20,CUSTODIAN,TRAIN
2441,TRD102440,INFY,EQ-CORE-02,250,250,2026-08-03,CUSTODIAN,TEST
2442,TRD102441,MARUTI,EQ-CORE-01,500,500,2026-08-11,CUSTODIAN,TEST
2443,TRD102442,HDFCBANK,EQ-ALPHA-03,250,250,2026-08-08,CUSTODIAN,TRAIN
2444,TRD102443,INFY,EQ-INDEX-04,200,200,2026-08-07,CUSTODIAN,TRAIN
2445,TRD102444,INFY,EQ-INDEX-04,1000,0,2026-08-07,MISSING,TEST
2446,TRD102445,TCS,EQ-CORE-01,250,0,2026-08-06,MISSING,TRAIN
2447,TRD102446,HDFCBANK,EQ-ALPHA-03,250,250,2026-08-18,CUSTODIAN,TRAIN
2448,TRD102447,INFY,EQ-INDEX-04,500,500,2026-08-15,CUSTODIAN,TRAIN
2449,TRD102448,SBIN,EQ-INDEX-04,750,750,2026-08-02,CUSTODIAN,TRAIN
2450,TRD102449,BHARTIARTL,EQ-CORE-02,2000,2000,2026-08-20,CUSTODIAN,TRAIN
2451,TRD102450,HDFCBANK,EQ-CORE-02,200,200,2026-08-14,CUSTODIAN,TRAIN
2452,TRD102451,LT,EQ-CORE-02,250,250,2026-08-09,CUSTODIAN,TEST
2453,TRD102452,LT,EQ-ALPHA-03,200,200,2026-08-19,CUSTODIAN,TRAIN
2454,TRD102453,ICICIBANK,EQ-CORE-01,750,750,2026-08-06,CUSTODIAN,TRAIN
2455,TRD102454,ITC,EQ-CORE-01,500,500,2026-08-09,CUSTODIAN,TRAIN
2456,TRD102455,AXISBANK,EQ-CORE-01,2000,2000,2026-08-22,CUSTODIAN,TRAIN
2457,TRD102456,ITC,EQ-CORE-01,250,250,2026-08-12,CUSTODIAN,TRAIN
2458,TRD102457,HINDUNILVR,EQ-CORE-01,100,100,2026-08-02,CUSTODIAN,TRAIN
2459,TRD102458,SBIN,EQ-CORE-01,250,250,2026-08-22,CUSTODIAN,TRAIN
2460,TRD102459,WIPRO,EQ-ALPHA-03,500,500,2026-08-05,CUSTODIAN,TRAIN
2461,TRD102460,HINDUNILVR,EQ-INDEX-04,100,100,2026-08-13,CUSTODIAN,TRAIN
2462,TRD102461,HINDUNILVR,EQ-CORE-01,750,750,2026-08-11,CUSTODIAN,TRAIN
2463,TRD102462,AXISBANK,EQ-CORE-02,2000,2000,2026-08-18,CUSTODIAN,TEST
2464,TRD102463,MARUTI,EQ-INDEX-04,750,750,2026-08-03,CUSTODIAN,TEST
2465,TRD102464,RELIANCE,EQ-CORE-01,1500,1500,2026-08-03,CUSTODIAN,TRAIN
2466,TRD102465,KOTAKBANK,EQ-ALPHA-03,750,750,2026-08-14,CUSTODIAN,TRAIN
2467,TRD102466,SBIN,EQ-CORE-01,750,750,2026-08-14,CUSTODIAN,TRAIN
2468,TRD102467,BHARTIARTL,EQ-ALPHA-03,250,250,2026-08-18,CUSTODIAN,TEST
2469,TRD102468,KOTAKBANK,EQ-INDEX-04,100,100,2026-08-07,CUSTODIAN,TRAIN
2470,TRD102469,LT,EQ-CORE-02,100,124,2026-08-03,CUSTODIAN,TRAIN
2471,TRD102470,BHARTIARTL,EQ-CORE-02,2000,2000,2026-08-02,CUSTODIAN,TRAIN
2472,TRD102471,TCS,EQ-INDEX-04,100,100,2026-08-03,CUSTODIAN,TRAIN
2473,TRD102472,MARUTI,EQ-CORE-01,200,200,2026-08-18,CUSTODIAN,TRAIN
2474,TRD102473,KOTAKBANK,EQ-INDEX-04,750,750,2026-08-22,CUSTODIAN,TRAIN
2475,TRD102474,TATASTEEL,EQ-CORE-02,500,500,2026-08-14,CUSTODIAN,TRAIN
2476,TRD102475,BHARTIARTL,EQ-INDEX-04,750,750,2026-08-04,CUSTODIAN,TEST
2477,TRD102476,WIPRO,EQ-ALPHA-03,250,250,2026-08-22,CUSTODIAN,TEST
2478,TRD102477,ICICIBANK,EQ-CORE-02,250,250,2026-08-15,CUSTODIAN,TRAIN
2479,TRD102478,WIPRO,EQ-CORE-01,1500,1500,2026-08-11,CUSTODIAN,TRAIN
2480,TRD102479,MARUTI,EQ-INDEX-04,100,100,2026-08-11,CUSTODIAN,TRAIN
2481,TRD102480,SBIN,EQ-INDEX-04,1000,2800,2026-08-03,CUSTODIAN,TRAIN
2482,TRD102481,WIPRO,EQ-CORE-02,1000,1170,2026-08-07,CUSTODIAN,TRAIN
2483,TRD102482,KOTAKBANK,EQ-ALPHA-03,200,200,2026-08-11,CUSTODIAN,TRAIN
2484,TRD102483,LT,EQ-CORE-02,100,100,2026-08-05,CUSTODIAN,TRAIN
2485,TRD102484,MARUTI,EQ-CORE-01,750,750,2026-08-06,CUSTODIAN,TEST
2486,TRD102485,RELIANCE,EQ-CORE-02,750,0,2026-08-03,MISSING,TRAIN
2487,TRD102486,TATASTEEL,EQ-ALPHA-03,500,500,2026-08-13,CUSTODIAN,TEST
2488,TRD102487,TATASTEEL,EQ-CORE-01,200,200,2026-08-09,CUSTODIAN,TEST
2489,TRD102488,TCS,EQ-CORE-01,2000,2000,2026-08-05,CUSTODIAN,TEST
2490,TRD102489,HDFCBANK,EQ-CORE-02,200,200,2026-08-08,CUSTODIAN,TRAIN
2491,TRD102490,BHARTIARTL,EQ-CORE-01,1000,1000,2026-08-03,CUSTODIAN,TRAIN
2492,TRD102491,TCS,EQ-CORE-01,2000,2000,2026-08-12,CUSTODIAN,TRAIN
2493,TRD102492,LT,EQ-CORE-01,1500,1500,2026-08-18,CUSTODIAN,TEST
2494,TRD102493,HDFCBANK,EQ-CORE-01,100,100,2026-08-02,CUSTODIAN,TRAIN
2495,TRD102494,HINDUNILVR,EQ-CORE-01,1500,1500,2026-08-06,CUSTODIAN,TRAIN
2496,TRD102495,WIPRO,EQ-INDEX-04,1500,1035,2026-08-22,CUSTODIAN,TRAIN
2497,TRD102496,WIPRO,EQ-INDEX-04,750,750,2026-08-21,CUSTODIAN,TRAIN
2498,TRD102497,TATASTEEL,EQ-CORE-02,500,500,2026-08-21,CUSTODIAN,TRAIN
2499,TRD102498,TCS,EQ-ALPHA-03,750,750,2026-08-05,CUSTODIAN,TRAIN
2500,TRD102499,LT,EQ-INDEX-04,750,750,2026-08-14,CUSTODIAN,TRAIN
2501,TRD102500,MARUTI,EQ-CORE-02,100,100,2026-08-15,CUSTODIAN,TRAIN
2502,TRD102501,HDFCBANK,EQ-ALPHA-03,250,250,2026-08-16,CUSTODIAN,TRAIN
2503,TRD102502,BHARTIARTL,EQ-ALPHA-03,200,200,2026-08-03,CUSTODIAN,TRAIN
2504,TRD102503,LT,EQ-CORE-01,1500,1500,2026-08-03,CUSTODIAN,TRAIN
2505,TRD102504,HDFCBANK,EQ-CORE-01,2000,2000,2026-08-15,CUSTODIAN,TRAIN
2506,TRD102505,TCS,EQ-CORE-02,250,250,2026-08-02,CUSTODIAN,TEST
2507,TRD102506,LT,EQ-CORE-01,500,500,2026-08-14,CUSTODIAN,TEST
2508,TRD102507,BHARTIARTL,EQ-CORE-02,250,250,2026-08-04,CUSTODIAN,TRAIN
2509,TRD102508,INFY,EQ-CORE-01,500,500,2026-08-12,CUSTODIAN,TEST
2510,TRD102509,LT,EQ-INDEX-04,250,250,2026-08-05,CUSTODIAN,TRAIN
2511,TRD102510,HINDUNILVR,EQ-ALPHA-03,250,250,2026-08-18,CUSTODIAN,TRAIN
2512,TRD102511,TCS,EQ-INDEX-04,500,500,2026-08-19,CUSTODIAN,TRAIN
2513,TRD102512,SBIN,EQ-CORE-02,750,750,2026-08-19,CUSTODIAN,TRAIN
2514,TRD102513,RELIANCE,EQ-CORE-01,500,0,2026-08-13,MISSING,TRAIN
2515,TRD102514,TCS,EQ-CORE-01,1000,1000,2026-08-02,CUSTODIAN,TRAIN
2516,TRD102515,AXISBANK,EQ-CORE-02,200,200,2026-08-11,CUSTODIAN,TRAIN
2517,TRD102516,WIPRO,EQ-INDEX-04,2000,2000,2026-08-20,CUSTODIAN,TRAIN
2518,TRD102517,HINDUNILVR,EQ-INDEX-04,1500,1500,2026-08-11,CUSTODIAN,TRAIN
2519,TRD102518,TATASTEEL,EQ-INDEX-04,750,750,2026-08-13,CUSTODIAN,TEST
2520,TRD102519,INFY,EQ-ALPHA-03,1000,1000,2026-08-11,CUSTODIAN,TEST
2521,TRD102520,INFY,EQ-CORE-02,500,500,2026-08-09,CUSTODIAN,TRAIN
2522,TRD102521,BHARTIARTL,EQ-INDEX-04,100,100,2026-08-02,CUSTODIAN,TRAIN
2523,TRD102522,BHARTIARTL,EQ-INDEX-04,200,200,2026-08-15,CUSTODIAN,TRAIN
2524,TRD102523,WIPRO,EQ-CORE-02,500,500,2026-08-09,CUSTODIAN,TRAIN
2525,TRD102524,KOTAKBANK,EQ-CORE-01,1000,1170,2026-08-18,CUSTODIAN,TRAIN
2526,TRD102525,MARUTI,EQ-CORE-01,100,100,2026-08-15,CUSTODIAN,TRAIN
2527,TRD102526,TATASTEEL,EQ-INDEX-04,1500,1500,2026-08-19,CUSTODIAN,TRAIN
2528,TRD102527,LT,EQ-INDEX-04,250,250,2026-08-10,CUSTODIAN,TEST
2529,TRD102528,SBIN,EQ-INDEX-04,1500,1500,2026-08-08,CUSTODIAN,TRAIN
2530,TRD102529,TCS,EQ-ALPHA-03,250,250,2026-08-18,CUSTODIAN,TRAIN
2531,TRD102530,ICICIBANK,EQ-CORE-02,500,500,2026-08-14,CUSTODIAN,TRAIN
2532,TRD102531,AXISBANK,EQ-CORE-01,750,750,2026-08-10,CUSTODIAN,TRAIN
2533,TRD102532,MARUTI,EQ-CORE-01,250,250,2026-08-09,CUSTODIAN,TRAIN
2534,TRD102533,AXISBANK,EQ-CORE-01,1500,1500,2026-08-14,CUSTODIAN,TRAIN
2535,TRD102534,MARUTI,EQ-CORE-02,1500,1500,2026-08-04,CUSTODIAN,TRAIN
2536,TRD102535,MARUTI,EQ-CORE-01,100,100,2026-08-05,CUSTODIAN,TRAIN
2537,TRD102536,TCS,EQ-ALPHA-03,750,750,2026-08-04,CUSTODIAN,TRAIN
2538,TRD102537,ITC,EQ-CORE-02,1500,1500,2026-08-22,CUSTODIAN,TRAIN
2539,TRD102538,KOTAKBANK,EQ-ALPHA-03,1500,1500,2026-08-03,CUSTODIAN,TRAIN
2540,TRD102539,KOTAKBANK,EQ-INDEX-04,750,750,2026-08-17,CUSTODIAN,TRAIN
2541,TRD102540,BHARTIARTL,EQ-INDEX-04,250,250,2026-08-16,CUSTODIAN,TRAIN
2542,TRD102541,KOTAKBANK,EQ-CORE-01,250,250,2026-08-13,CUSTODIAN,TRAIN
2543,TRD102542,WIPRO,EQ-CORE-01,2000,2000,2026-08-03,CUSTODIAN,TRAIN
2544,TRD102543,RELIANCE,EQ-CORE-01,1500,1500,2026-08-19,CUSTODIAN,TEST
2545,TRD102544,HDFCBANK,EQ-ALPHA-03,500,500,2026-08-04,CUSTODIAN,TRAIN
2546,TRD102545,WIPRO,EQ-INDEX-04,250,0,2026-08-14,MISSING,TRAIN
2547,TRD102546,ITC,EQ-CORE-01,100,100,2026-08-07,CUSTODIAN,TRAIN
2548,TRD102547,AXISBANK,EQ-INDEX-04,250,0,2026-08-05,MISSING,TRAIN
2549,TRD102548,MARUTI,EQ-ALPHA-03,1000,1000,2026-08-17,CUSTODIAN,TRAIN
2550,TRD102549,TCS,EQ-ALPHA-03,500,500,2026-08-04,CUSTODIAN,TRAIN
2551,TRD102550,ICICIBANK,EQ-ALPHA-03,100,100,2026-08-07,CUSTODIAN,TRAIN
2552,TRD102551,INFY,EQ-INDEX-04,1500,1500,2026-08-03,CUSTODIAN,TEST
2553,TRD102552,ICICIBANK,EQ-ALPHA-03,100,100,2026-08-08,CUSTODIAN,TEST
2554,TRD102553,BHARTIARTL,EQ-INDEX-04,2000,2000,2026-08-06,CUSTODIAN,TRAIN
2555,TRD102554,TATASTEEL,EQ-CORE-01,250,250,2026-08-07,CUSTODIAN,TRAIN
2556,TRD102555,TATASTEEL,EQ-INDEX-04,250,250,2026-08-08,CUSTODIAN,TRAIN
2557,TRD102556,AXISBANK,EQ-INDEX-04,1000,1200,2026-08-17,CUSTODIAN,TRAIN
2558,TRD102557,HINDUNILVR,EQ-CORE-02,1500,1500,2026-08-09,CUSTODIAN,TRAIN
2559,TRD102558,MARUTI,EQ-CORE-01,250,450,2026-08-12,CUSTODIAN,TRAIN
2560,TRD102559,HDFCBANK,EQ-INDEX-04,2000,2000,2026-08-02,CUSTODIAN,TEST
2561,TRD102560,KOTAKBANK,EQ-INDEX-04,200,200,2026-08-03,CUSTODIAN,TRAIN
2562,TRD102561,TATASTEEL,EQ-ALPHA-03,1500,1500,2026-08-06,CUSTODIAN,TRAIN
2563,TRD102562,BHARTIARTL,EQ-CORE-02,250,250,2026-08-07,CUSTODIAN,TRAIN
2564,TRD102563,SBIN,EQ-ALPHA-03,250,250,2026-08-14,CUSTODIAN,TRAIN
2565,TRD102564,HINDUNILVR,EQ-ALPHA-03,1000,1000,2026-08-16,CUSTODIAN,TEST
2566,TRD102565,AXISBANK,EQ-CORE-02,250,250,2026-08-18,CUSTODIAN,TRAIN
2567,TRD102566,AXISBANK,EQ-CORE-01,250,250,2026-08-14,CUSTODIAN,TRAIN
2568,TRD102567,HDFCBANK,EQ-CORE-01,1500,1500,2026-08-19,CUSTODIAN,TRAIN
2569,TRD102568,INFY,EQ-CORE-02,100,100,2026-08-03,CUSTODIAN,TRAIN
2570,TRD102569,WIPRO,EQ-CORE-02,750,750,2026-08-11,CUSTODIAN,TRAIN
2571,TRD102570,TATASTEEL,EQ-CORE-01,1000,1000,2026-08-21,CUSTODIAN,TRAIN
2572,TRD102571,ICICIBANK,EQ-INDEX-04,1000,870,2026-08-19,CUSTODIAN,TRAIN
2573,TRD102572,WIPRO,EQ-INDEX-04,2000,2000,2026-08-07,CUSTODIAN,TRAIN
2574,TRD102573,BHARTIARTL,EQ-INDEX-04,2000,2000,2026-08-07,CUSTODIAN,TRAIN
2575,TRD102574,BHARTIARTL,EQ-INDEX-04,200,200,2026-08-04,CUSTODIAN,TRAIN
2576,TRD102575,AXISBANK,EQ-INDEX-04,2000,2000,2026-08-06,CUSTODIAN,TRAIN
2577,TRD102576,WIPRO,EQ-CORE-02,250,250,2026-08-06,CUSTODIAN,TRAIN
2578,TRD102577,WIPRO,EQ-CORE-01,100,100,2026-08-19,CUSTODIAN,TRAIN
2579,TRD102578,KOTAKBANK,EQ-CORE-01,250,250,2026-08-09,CUSTODIAN,TRAIN
2580,TRD102579,TATASTEEL,EQ-INDEX-04,100,100,2026-08-13,CUSTODIAN,TRAIN
2581,TRD102580,KOTAKBANK,EQ-CORE-01,2000,2000,2026-08-02,CUSTODIAN,TRAIN
2582,TRD102581,ICICIBANK,EQ-ALPHA-03,250,250,2026-08-12,CUSTODIAN,TRAIN
2583,TRD102582,INFY,EQ-CORE-02,1500,1500,2026-08-14,CUSTODIAN,TRAIN
2584,TRD102583,MARUTI,EQ-CORE-02,750,750,2026-08-09,CUSTODIAN,TRAIN
2585,TRD102584,HINDUNILVR,EQ-CORE-01,1500,1500,2026-08-09,CUSTODIAN,TEST
2586,TRD102585,BHARTIARTL,EQ-ALPHA-03,250,250,2026-08-12,CUSTODIAN,TRAIN
2587,TRD102586,INFY,EQ-INDEX-04,1000,1000,2026-08-20,CUSTODIAN,TRAIN
2588,TRD102587,MARUTI,EQ-ALPHA-03,500,500,2026-08-21,CUSTODIAN,TRAIN
2589,TRD102588,HDFCBANK,EQ-ALPHA-03,200,200,2026-08-14,CUSTODIAN,TRAIN
2590,TRD102589,KOTAKBANK,EQ-ALPHA-03,2000,2000,2026-08-14,CUSTODIAN,TRAIN
2591,TRD102590,AXISBANK,EQ-CORE-02,1000,1000,2026-08-12,CUSTODIAN,TRAIN
2592,TRD102591,HDFCBANK,EQ-CORE-01,750,750,2026-08-05,CUSTODIAN,TRAIN
2593,TRD102592,TATASTEEL,EQ-CORE-02,2000,2000,2026-08-07,CUSTODIAN,TEST
2594,TRD102593,AXISBANK,EQ-ALPHA-03,500,500,2026-08-03,CUSTODIAN,TRAIN
2595,TRD102594,BHARTIARTL,EQ-CORE-01,750,750,2026-08-11,CUSTODIAN,TRAIN
2596,TRD102595,MARUTI,EQ-CORE-02,1000,1000,2026-08-08,CUSTODIAN,TRAIN
2597,TRD102596,AXISBANK,EQ-CORE-01,500,500,2026-08-17,CUSTODIAN,TRAIN
2598,TRD102597,HINDUNILVR,EQ-CORE-01,1500,1500,2026-08-12,CUSTODIAN,TEST
2599,TRD102598,MARUTI,EQ-ALPHA-03,250,425,2026-08-22,CUSTODIAN,TRAIN
2600,TRD102599,RELIANCE,EQ-CORE-01,1000,1000,2026-08-14,CUSTODIAN,TEST
2601,TRD102600,LT,EQ-CORE-01,100,100,2026-08-06,CUSTODIAN,TRAIN
2602,TRD102601,SBIN,EQ-ALPHA-03,250,250,2026-08-18,CUSTODIAN,TEST
2603,TRD102602,INFY,EQ-INDEX-04,250,250,2026-08-19,CUSTODIAN,TRAIN
2604,TRD102603,SBIN,EQ-INDEX-04,1500,1500,2026-08-16,CUSTODIAN,TRAIN
2605,TRD102604,ICICIBANK,EQ-ALPHA-03,250,250,2026-08-12,CUSTODIAN,TRAIN
2606,TRD102605,LT,EQ-ALPHA-03,1000,1000,2026-08-15,CUSTODIAN,TRAIN
2607,TRD102606,INFY,EQ-CORE-01,250,250,2026-08-21,CUSTODIAN,TRAIN
2608,TRD102607,SBIN,EQ-CORE-01,100,100,2026-08-02,CUSTODIAN,TRAIN
2609,TRD102608,HINDUNILVR,EQ-CORE-02,750,750,2026-08-09,CUSTODIAN,TRAIN
2610,TRD102609,HDFCBANK,EQ-ALPHA-03,250,250,2026-08-05,CUSTODIAN,TRAIN
2611,TRD102610,HDFCBANK,EQ-CORE-02,100,100,2026-08-17,CUSTODIAN,TEST
2612,TRD102611,LT,EQ-ALPHA-03,250,250,2026-08-11,CUSTODIAN,TEST
2613,TRD102612,BHARTIARTL,EQ-INDEX-04,2000,2000,2026-08-09,CUSTODIAN,TRAIN
2614,TRD102613,WIPRO,EQ-CORE-01,750,750,2026-08-06,CUSTODIAN,TRAIN
2615,TRD102614,SBIN,EQ-CORE-01,250,250,2026-08-12,CUSTODIAN,TRAIN
2616,TRD102615,HINDUNILVR,EQ-CORE-02,250,250,2026-08-05,CUSTODIAN,TRAIN
2617,TRD102616,MARUTI,EQ-CORE-01,200,200,2026-08-21,CUSTODIAN,TRAIN
2618,TRD102617,AXISBANK,EQ-CORE-02,200,200,2026-08-02,CUSTODIAN,TRAIN
2619,TRD102618,ICICIBANK,EQ-ALPHA-03,2000,2000,2026-08-19,CUSTODIAN,TRAIN
2620,TRD102619,LT,EQ-CORE-01,250,250,2026-08-14,CUSTODIAN,TRAIN
2621,TRD102620,INFY,EQ-ALPHA-03,250,250,2026-08-17,CUSTODIAN,TRAIN
2622,TRD102621,WIPRO,EQ-CORE-02,1000,1000,2026-08-10,CUSTODIAN,TRAIN
2623,TRD102622,INFY,EQ-INDEX-04,100,100,2026-08-21,CUSTODIAN,TEST
2624,TRD102623,TATASTEEL,EQ-CORE-02,500,500,2026-08-14,CUSTODIAN,TRAIN
2625,TRD102624,TCS,EQ-CORE-02,2000,2000,2026-08-16,CUSTODIAN,TRAIN
2626,TRD102625,ITC,EQ-CORE-02,500,500,2026-08-22,CUSTODIAN,TRAIN
2627,TRD102626,SBIN,EQ-CORE-02,250,250,2026-08-20,CUSTODIAN,TRAIN
2628,TRD102627,TATASTEEL,EQ-CORE-01,250,250,2026-08-15,CUSTODIAN,TRAIN
2629,TRD102628,HDFCBANK,EQ-ALPHA-03,250,250,2026-08-07,CUSTODIAN,TEST
2630,TRD102629,HINDUNILVR,EQ-INDEX-04,500,500,2026-08-11,CUSTODIAN,TRAIN
2631,TRD102630,ITC,EQ-CORE-02,2000,2000,2026-08-17,CUSTODIAN,TRAIN
2632,TRD102631,ICICIBANK,EQ-ALPHA-03,500,500,2026-08-20,CUSTODIAN,TEST
2633,TRD102632,AXISBANK,EQ-INDEX-04,2000,2000,2026-08-05,CUSTODIAN,TRAIN
2634,TRD102633,RELIANCE,EQ-CORE-02,250,250,2026-08-16,CUSTODIAN,TRAIN
2635,TRD102634,SBIN,EQ-INDEX-04,500,500,2026-08-21,CUSTODIAN,TRAIN
2636,TRD102635,HDFCBANK,EQ-CORE-02,2000,6400,2026-08-12,CUSTODIAN,TRAIN
2637,TRD102636,INFY,EQ-ALPHA-03,100,100,2026-08-05,CUSTODIAN,TRAIN
2638,TRD102637,WIPRO,EQ-CORE-01,100,100,2026-08-07,CUSTODIAN,TEST
2639,TRD102638,HINDUNILVR,EQ-INDEX-04,2000,6600,2026-08-16,CUSTODIAN,TRAIN
2640,TRD102639,KOTAKBANK,EQ-ALPHA-03,500,500,2026-08-13,CUSTODIAN,TEST
2641,TRD102640,HDFCBANK,EQ-CORE-01,1500,1500,2026-08-03,CUSTODIAN,TRAIN
2642,TRD102641,ICICIBANK,EQ-ALPHA-03,500,500,2026-08-22,CUSTODIAN,TRAIN
2643,TRD102642,ITC,EQ-CORE-01,200,200,2026-08-07,CUSTODIAN,TRAIN
2644,TRD102643,HINDUNILVR,EQ-ALPHA-03,250,250,2026-08-07,CUSTODIAN,TEST
2645,TRD102644,TCS,EQ-CORE-02,750,750,2026-08-10,CUSTODIAN,TRAIN
2646,TRD102645,AXISBANK,EQ-INDEX-04,500,500,2026-08-20,CUSTODIAN,TRAIN
2647,TRD102646,HDFCBANK,EQ-INDEX-04,2000,2480,2026-08-05,CUSTODIAN,TEST
2648,TRD102647,KOTAKBANK,EQ-CORE-02,250,250,2026-08-05,CUSTODIAN,TRAIN
2649,TRD102648,MARUTI,EQ-CORE-01,2000,2000,2026-08-06,CUSTODIAN,TRAIN
2650,TRD102649,TCS,EQ-CORE-02,200,200,2026-08-05,CUSTODIAN,TRAIN
2651,TRD102650,TCS,EQ-INDEX-04,100,100,2026-08-12,CUSTODIAN,TRAIN
2652,TRD102651,HDFCBANK,EQ-INDEX-04,500,500,2026-08-20,CUSTODIAN,TRAIN
2653,TRD102652,SBIN,EQ-ALPHA-03,500,585,2026-08-07,CUSTODIAN,TRAIN
2654,TRD102653,INFY,EQ-CORE-01,750,750,2026-08-04,CUSTODIAN,TRAIN
2655,TRD102654,KOTAKBANK,EQ-ALPHA-03,250,250,2026-08-02,CUSTODIAN,TRAIN
2656,TRD102655,INFY,EQ-CORE-02,750,968,2026-08-02,CUSTODIAN,TRAIN
2657,TRD102656,SBIN,EQ-CORE-01,1500,1500,2026-08-04,CUSTODIAN,TRAIN
2658,TRD102657,WIPRO,EQ-CORE-01,1000,1000,2026-08-20,CUSTODIAN,TRAIN
2659,TRD102658,HDFCBANK,EQ-INDEX-04,2000,2000,2026-08-10,CUSTODIAN,TRAIN
2660,TRD102659,LT,EQ-CORE-02,1000,1000,2026-08-14,CUSTODIAN,TRAIN
2661,TRD102660,MARUTI,EQ-CORE-02,100,100,2026-08-04,CUSTODIAN,TRAIN
2662,TRD102661,INFY,EQ-ALPHA-03,2000,2000,2026-08-15,CUSTODIAN,TEST
2663,TRD102662,ITC,EQ-CORE-02,500,500,2026-08-10,CUSTODIAN,TEST
2664,TRD102663,ITC,EQ-INDEX-04,200,200,2026-08-20,CUSTODIAN,TRAIN
2665,TRD102664,INFY,EQ-CORE-01,250,250,2026-08-18,CUSTODIAN,TRAIN
2666,TRD102665,SBIN,EQ-CORE-01,750,750,2026-08-07,CUSTODIAN,TEST
2667,TRD102666,WIPRO,EQ-CORE-01,750,750,2026-08-03,CUSTODIAN,TRAIN
2668,TRD102667,TATASTEEL,EQ-INDEX-04,1500,1500,2026-08-20,CUSTODIAN,TEST
2669,TRD102668,BHARTIARTL,EQ-ALPHA-03,750,750,2026-08-13,CUSTODIAN,TRAIN
2670,TRD102669,ICICIBANK,EQ-INDEX-04,1500,1500,2026-08-09,CUSTODIAN,TRAIN
2671,TRD102670,INFY,EQ-CORE-01,750,585,2026-08-02,CUSTODIAN,TRAIN
2672,TRD102671,HINDUNILVR,EQ-CORE-01,200,258,2026-08-18,CUSTODIAN,TRAIN
2673,TRD102672,RELIANCE,EQ-INDEX-04,1500,1500,2026-08-05,CUSTODIAN,TRAIN
2674,TRD102673,HINDUNILVR,EQ-CORE-01,200,248,2026-08-15,CUSTODIAN,TRAIN
2675,TRD102674,LT,EQ-CORE-01,200,200,2026-08-13,CUSTODIAN,TRAIN
2676,TRD102675,AXISBANK,EQ-CORE-01,100,100,2026-08-05,CUSTODIAN,TRAIN
2677,TRD102676,TCS,EQ-CORE-01,500,500,2026-08-15,CUSTODIAN,TRAIN
2678,TRD102677,RELIANCE,EQ-CORE-01,2000,2000,2026-08-12,CUSTODIAN,TRAIN
2679,TRD102678,SBIN,EQ-CORE-02,750,750,2026-08-08,CUSTODIAN,TRAIN
2680,TRD102679,WIPRO,EQ-CORE-02,500,435,2026-08-20,CUSTODIAN,TRAIN
2681,TRD102680,LT,EQ-ALPHA-03,1000,1000,2026-08-15,CUSTODIAN,TRAIN
2682,TRD102681,RELIANCE,EQ-CORE-02,500,500,2026-08-02,CUSTODIAN,TRAIN
2683,TRD102682,AXISBANK,EQ-INDEX-04,1500,1500,2026-08-16,CUSTODIAN,TRAIN
2684,TRD102683,BHARTIARTL,EQ-CORE-02,250,250,2026-08-20,CUSTODIAN,TRAIN
2685,TRD102684,WIPRO,EQ-INDEX-04,2000,2000,2026-08-03,CUSTODIAN,TRAIN
2686,TRD102685,BHARTIARTL,EQ-CORE-01,200,200,2026-08-12,CUSTODIAN,TRAIN
2687,TRD102686,HINDUNILVR,EQ-INDEX-04,200,200,2026-08-20,CUSTODIAN,TRAIN
2688,TRD102687,TATASTEEL,EQ-CORE-02,750,750,2026-08-22,CUSTODIAN,TRAIN
2689,TRD102688,MARUTI,EQ-CORE-01,750,750,2026-08-12,CUSTODIAN,TRAIN
2690,TRD102689,HINDUNILVR,EQ-CORE-01,250,250,2026-08-21,CUSTODIAN,TRAIN
2691,TRD102690,KOTAKBANK,EQ-INDEX-04,2000,2000,2026-08-14,CUSTODIAN,TRAIN
2692,TRD102691,KOTAKBANK,EQ-CORE-01,200,200,2026-08-20,CUSTODIAN,TRAIN
2693,TRD102692,BHARTIARTL,EQ-CORE-02,750,750,2026-08-14,CUSTODIAN,TRAIN
2694,TRD102693,ITC,EQ-ALPHA-03,750,750,2026-08-17,CUSTODIAN,TRAIN
2695,TRD102694,HDFCBANK,EQ-CORE-02,250,250,2026-08-15,CUSTODIAN,TRAIN
2696,TRD102695,AXISBANK,EQ-CORE-01,200,200,2026-08-16,CUSTODIAN,TRAIN
2697,TRD102696,INFY,EQ-CORE-02,1500,1500,2026-08-06,CUSTODIAN,TRAIN
2698,TRD102697,RELIANCE,EQ-CORE-01,2000,2000,2026-08-19,CUSTODIAN,TEST
2699,TRD102698,BHARTIARTL,EQ-ALPHA-03,100,100,2026-08-02,CUSTODIAN,TRAIN
2700,TRD102699,MARUTI,EQ-INDEX-04,200,200,2026-08-21,CUSTODIAN,TRAIN
2701,TRD102700,TATASTEEL,EQ-ALPHA-03,200,200,2026-08-16,CUSTODIAN,TEST
2702,TRD102701,MARUTI,EQ-ALPHA-03,200,200,2026-08-14,CUSTODIAN,TRAIN
2703,TRD102702,INFY,EQ-CORE-02,200,200,2026-08-13,CUSTODIAN,TEST
2704,TRD102703,LT,EQ-CORE-02,1000,1000,2026-08-02,CUSTODIAN,TRAIN
2705,TRD102704,HINDUNILVR,EQ-INDEX-04,100,100,2026-08-03,CUSTODIAN,TRAIN
2706,TRD102705,ITC,EQ-INDEX-04,200,200,2026-08-07,CUSTODIAN,TRAIN
2707,TRD102706,ICICIBANK,EQ-CORE-01,1500,1500,2026-08-22,CUSTODIAN,TRAIN
2708,TRD102707,LT,EQ-CORE-02,2000,2000,2026-08-20,CUSTODIAN,TRAIN
2709,TRD102708,LT,EQ-INDEX-04,250,250,2026-08-14,CUSTODIAN,TRAIN
2710,TRD102709,ICICIBANK,EQ-CORE-01,100,100,2026-08-09,CUSTODIAN,TEST
2711,TRD102710,TATASTEEL,EQ-ALPHA-03,200,200,2026-08-15,CUSTODIAN,TRAIN
2712,TRD102711,RELIANCE,EQ-CORE-02,2000,2000,2026-08-22,CUSTODIAN,TRAIN
2713,TRD102712,ICICIBANK,EQ-CORE-01,500,500,2026-08-14,CUSTODIAN,TEST
2714,TRD102713,AXISBANK,EQ-INDEX-04,1500,1170,2026-08-22,CUSTODIAN,TRAIN
2715,TRD102714,MARUTI,EQ-ALPHA-03,1500,1500,2026-08-09,CUSTODIAN,TRAIN
2716,TRD102715,RELIANCE,EQ-CORE-01,750,750,2026-08-11,CUSTODIAN,TRAIN
2717,TRD102716,RELIANCE,EQ-CORE-02,250,250,2026-08-05,CUSTODIAN,TRAIN
2718,TRD102717,TATASTEEL,EQ-INDEX-04,1000,1000,2026-08-09,CUSTODIAN,TRAIN
2719,TRD102718,LT,EQ-ALPHA-03,250,250,2026-08-20,CUSTODIAN,TRAIN
2720,TRD102719,LT,EQ-ALPHA-03,500,500,2026-08-15,CUSTODIAN,TRAIN
2721,TRD102720,ITC,EQ-CORE-01,250,250,2026-08-18,CUSTODIAN,TEST
2722,TRD102721,RELIANCE,EQ-CORE-01,200,200,2026-08-04,CUSTODIAN,TRAIN
2723,TRD102722,SBIN,EQ-INDEX-04,250,250,2026-08-08,CUSTODIAN,TRAIN
2724,TRD102723,HDFCBANK,EQ-ALPHA-03,500,500,2026-08-15,CUSTODIAN,TEST
2725,TRD102724,HDFCBANK,EQ-CORE-01,100,100,2026-08-12,CUSTODIAN,TRAIN
2726,TRD102725,SBIN,EQ-ALPHA-03,100,100,2026-08-13,CUSTODIAN,TRAIN
2727,TRD102726,INFY,EQ-ALPHA-03,750,750,2026-08-05,CUSTODIAN,TEST
2728,TRD102727,MARUTI,EQ-INDEX-04,500,500,2026-08-10,CUSTODIAN,TEST
2729,TRD102728,MARUTI,EQ-CORE-01,200,200,2026-08-17,CUSTODIAN,TRAIN
2730,TRD102729,WIPRO,EQ-CORE-01,750,750,2026-08-20,CUSTODIAN,TRAIN
2731,TRD102730,MARUTI,EQ-CORE-01,1500,1500,2026-08-19,CUSTODIAN,TRAIN
2732,TRD102731,TCS,EQ-CORE-02,2000,2000,2026-08-18,CUSTODIAN,TRAIN
2733,TRD102732,AXISBANK,EQ-ALPHA-03,250,250,2026-08-22,CUSTODIAN,TRAIN
2734,TRD102733,AXISBANK,EQ-INDEX-04,500,500,2026-08-20,CUSTODIAN,TRAIN
2735,TRD102734,TATASTEEL,EQ-ALPHA-03,1500,1500,2026-08-04,CUSTODIAN,TRAIN
2736,TRD102735,SBIN,EQ-CORE-02,100,0,2026-08-21,MISSING,TRAIN
2737,TRD102736,MARUTI,EQ-INDEX-04,2000,2000,2026-08-09,CUSTODIAN,TEST
2738,TRD102737,SBIN,EQ-CORE-01,200,200,2026-08-04,CUSTODIAN,TRAIN
2739,TRD102738,MARUTI,EQ-INDEX-04,1500,1500,2026-08-12,CUSTODIAN,TEST
2740,TRD102739,TCS,EQ-INDEX-04,750,750,2026-08-21,CUSTODIAN,TEST
2741,TRD102740,RELIANCE,EQ-ALPHA-03,100,100,2026-08-22,CUSTODIAN,TRAIN
2742,TRD102741,ICICIBANK,EQ-INDEX-04,750,1650,2026-08-11,CUSTODIAN,TRAIN
2743,TRD102742,HINDUNILVR,EQ-ALPHA-03,1500,0,2026-08-15,MISSING,TRAIN
2744,TRD102743,ICICIBANK,EQ-INDEX-04,250,250,2026-08-11,CUSTODIAN,TEST
2745,TRD102744,ITC,EQ-INDEX-04,2000,2340,2026-08-02,CUSTODIAN,TRAIN
2746,TRD102745,HINDUNILVR,EQ-CORE-01,1000,1000,2026-08-08,CUSTODIAN,TEST
2747,TRD102746,INFY,EQ-INDEX-04,500,1350,2026-08-13,CUSTODIAN,TRAIN
2748,TRD102747,HINDUNILVR,EQ-ALPHA-03,250,250,2026-08-07,CUSTODIAN,TEST
2749,TRD102748,RELIANCE,EQ-ALPHA-03,200,200,2026-08-12,CUSTODIAN,TRAIN
2750,TRD102749,TATASTEEL,EQ-CORE-02,100,100,2026-08-15,CUSTODIAN,TEST
2751,TRD102750,INFY,EQ-INDEX-04,250,250,2026-08-16,CUSTODIAN,TRAIN
2752,TRD102751,ICICIBANK,EQ-CORE-01,1500,1500,2026-08-12,CUSTODIAN,TRAIN
2753,TRD102752,RELIANCE,EQ-CORE-01,200,200,2026-08-10,CUSTODIAN,TRAIN
2754,TRD102753,SBIN,EQ-INDEX-04,750,750,2026-08-18,CUSTODIAN,TRAIN
2755,TRD102754,RELIANCE,EQ-INDEX-04,100,100,2026-08-20,CUSTODIAN,TRAIN
2756,TRD102755,WIPRO,EQ-CORE-01,2000,2000,2026-08-06,CUSTODIAN,TRAIN
2757,TRD102756,AXISBANK,EQ-INDEX-04,1000,1000,2026-08-02,CUSTODIAN,TRAIN
2758,TRD102757,WIPRO,EQ-INDEX-04,1500,1500,2026-08-07,CUSTODIAN,TRAIN
2759,TRD102758,INFY,EQ-ALPHA-03,200,200,2026-08-03,CUSTODIAN,TEST
2760,TRD102759,WIPRO,EQ-INDEX-04,2000,2000,2026-08-15,CUSTODIAN,TRAIN
2761,TRD102760,ITC,EQ-ALPHA-03,1000,1000,2026-08-22,CUSTODIAN,TRAIN
2762,TRD102761,LT,EQ-CORE-02,250,250,2026-08-05,CUSTODIAN,TRAIN
2763,TRD102762,TATASTEEL,EQ-CORE-01,750,750,2026-08-10,CUSTODIAN,TRAIN
2764,TRD102763,ICICIBANK,EQ-INDEX-04,750,750,2026-08-11,CUSTODIAN,TRAIN
2765,TRD102764,WIPRO,EQ-CORE-02,250,250,2026-08-04,CUSTODIAN,TRAIN
2766,TRD102765,INFY,EQ-INDEX-04,2000,2000,2026-08-19,CUSTODIAN,TRAIN
2767,TRD102766,ITC,EQ-CORE-02,2000,2000,2026-08-14,CUSTODIAN,TRAIN
2768,TRD102767,KOTAKBANK,EQ-INDEX-04,250,250,2026-08-02,CUSTODIAN,TEST
2769,TRD102768,MARUTI,EQ-CORE-01,200,200,2026-08-13,CUSTODIAN,TRAIN
2770,TRD102769,HINDUNILVR,EQ-CORE-01,200,200,2026-08-14,CUSTODIAN,TRAIN
2771,TRD102770,SBIN,EQ-ALPHA-03,500,500,2026-08-21,CUSTODIAN,TRAIN
2772,TRD102771,ICICIBANK,EQ-CORE-01,500,500,2026-08-09,CUSTODIAN,TRAIN
2773,TRD102772,MARUTI,EQ-INDEX-04,200,260,2026-08-14,CUSTODIAN,TEST
2774,TRD102773,LT,EQ-ALPHA-03,200,0,2026-08-13,MISSING,TRAIN
2775,TRD102774,ICICIBANK,EQ-CORE-02,1000,1000,2026-08-15,CUSTODIAN,TRAIN
2776,TRD102775,WIPRO,EQ-INDEX-04,200,200,2026-08-21,CUSTODIAN,TRAIN
2777,TRD102776,RELIANCE,EQ-CORE-02,1000,1000,2026-08-21,CUSTODIAN,TRAIN
2778,TRD102777,LT,EQ-INDEX-04,750,750,2026-08-14,CUSTODIAN,TEST
2779,TRD102778,TATASTEEL,EQ-CORE-02,100,100,2026-08-12,CUSTODIAN,TRAIN
2780,TRD102779,TCS,EQ-INDEX-04,750,750,2026-08-07,CUSTODIAN,TRAIN
2781,TRD102780,RELIANCE,EQ-INDEX-04,200,200,2026-08-21,CUSTODIAN,TEST
2782,TRD102781,INFY,EQ-CORE-02,750,1275,2026-08-08,CUSTODIAN,TRAIN
2783,TRD102782,INFY,EQ-CORE-01,500,500,2026-08-05,CUSTODIAN,TRAIN
2784,TRD102783,RELIANCE,EQ-CORE-02,1500,1500,2026-08-07,CUSTODIAN,TEST
2785,TRD102784,LT,EQ-CORE-02,100,100,2026-08-19,CUSTODIAN,TEST
2786,TRD102785,TCS,EQ-CORE-02,100,100,2026-08-02,CUSTODIAN,TRAIN
2787,TRD102786,TATASTEEL,EQ-INDEX-04,100,100,2026-08-19,CUSTODIAN,TRAIN
2788,TRD102787,BHARTIARTL,EQ-INDEX-04,200,200,2026-08-02,CUSTODIAN,TEST
2789,TRD102788,TCS,EQ-ALPHA-03,100,100,2026-08-11,CUSTODIAN,TEST
2790,TRD102789,HINDUNILVR,EQ-ALPHA-03,200,200,2026-08-09,CUSTODIAN,TEST
2791,TRD102790,KOTAKBANK,EQ-CORE-01,500,500,2026-08-04,CUSTODIAN,TRAIN
2792,TRD102791,ICICIBANK,EQ-CORE-02,1500,1500,2026-08-19,CUSTODIAN,TRAIN
2793,TRD102792,SBIN,EQ-CORE-01,750,750,2026-08-20,CUSTODIAN,TRAIN
2794,TRD102793,RELIANCE,EQ-INDEX-04,500,500,2026-08-02,CUSTODIAN,TRAIN
2795,TRD102794,RELIANCE,EQ-INDEX-04,1000,1240,2026-08-10,CUSTODIAN,TRAIN
2796,TRD102795,MARUTI,EQ-INDEX-04,200,200,2026-08-03,CUSTODIAN,TRAIN
2797,TRD102796,BHARTIARTL,EQ-INDEX-04,750,750,2026-08-02,CUSTODIAN,TRAIN
2798,TRD102797,ICICIBANK,EQ-CORE-01,200,200,2026-08-09,CUSTODIAN,TRAIN
2799,TRD102798,LT,EQ-ALPHA-03,1000,1000,2026-08-21,CUSTODIAN,TRAIN
2800,TRD102799,RELIANCE,EQ-INDEX-04,100,100,2026-08-19,CUSTODIAN,TRAIN
2801,TRD102800,LT,EQ-INDEX-04,500,500,2026-08-06,CUSTODIAN,TEST
2802,TRD102801,BHARTIARTL,EQ-INDEX-04,2000,1560,2026-08-18,CUSTODIAN,TEST
2803,TRD102802,ITC,EQ-CORE-01,2000,2000,2026-08-04,CUSTODIAN,TRAIN
2804,TRD102803,HINDUNILVR,EQ-INDEX-04,1500,1500,2026-08-16,CUSTODIAN,TRAIN
2805,TRD102804,RELIANCE,EQ-INDEX-04,500,500,2026-08-04,CUSTODIAN,TRAIN
2806,TRD102805,ITC,EQ-CORE-01,250,250,2026-08-11,CUSTODIAN,TRAIN
2807,TRD102806,TATASTEEL,EQ-ALPHA-03,250,250,2026-08-16,CUSTODIAN,TRAIN
2808,TRD102807,TCS,EQ-CORE-01,2000,2000,2026-08-11,CUSTODIAN,TEST
2809,TRD102808,ITC,EQ-CORE-01,750,750,2026-08-07,CUSTODIAN,TRAIN
2810,TRD102809,ICICIBANK,EQ-CORE-02,200,200,2026-08-20,CUSTODIAN,TRAIN
2811,TRD102810,ICICIBANK,EQ-ALPHA-03,250,250,2026-08-21,CUSTODIAN,TRAIN
2812,TRD102811,ITC,EQ-ALPHA-03,100,100,2026-08-10,CUSTODIAN,TRAIN
2813,TRD102812,TATASTEEL,EQ-ALPHA-03,250,292,2026-08-19,CUSTODIAN,TRAIN
2814,TRD102813,ITC,EQ-CORE-01,100,100,2026-08-18,CUSTODIAN,TRAIN
2815,TRD102814,INFY,EQ-CORE-01,1000,1000,2026-08-02,CUSTODIAN,TRAIN
2816,TRD102815,TCS,EQ-ALPHA-03,1500,1500,2026-08-12,CUSTODIAN,TRAIN
2817,TRD102816,ITC,EQ-INDEX-04,250,250,2026-08-06,CUSTODIAN,TRAIN
2818,TRD102817,LT,EQ-ALPHA-03,250,250,2026-08-21,CUSTODIAN,TRAIN
2819,TRD102818,RELIANCE,EQ-CORE-02,200,200,2026-08-22,CUSTODIAN,TRAIN
2820,TRD102819,WIPRO,EQ-CORE-02,750,750,2026-08-09,CUSTODIAN,TRAIN
2821,TRD102820,TCS,EQ-CORE-01,1500,1500,2026-08-19,CUSTODIAN,TRAIN
2822,TRD102821,TCS,EQ-CORE-01,100,100,2026-08-19,CUSTODIAN,TRAIN
2823,TRD102822,TCS,EQ-INDEX-04,1000,1000,2026-08-21,CUSTODIAN,TEST
2824,TRD102823,MARUTI,EQ-CORE-01,200,200,2026-08-16,CUSTODIAN,TRAIN
2825,TRD102824,HDFCBANK,EQ-CORE-02,2000,2000,2026-08-20,CUSTODIAN,TRAIN
2826,TRD102825,RELIANCE,EQ-ALPHA-03,2000,2000,2026-08-15,CUSTODIAN,TRAIN
2827,TRD102826,RELIANCE,EQ-ALPHA-03,2000,0,2026-08-22,MISSING,TRAIN
2828,TRD102827,WIPRO,EQ-INDEX-04,750,750,2026-08-22,CUSTODIAN,TRAIN
2829,TRD102828,AXISBANK,EQ-CORE-02,500,435,2026-08-15,CUSTODIAN,TEST
2830,TRD102829,ICICIBANK,EQ-CORE-01,2000,2000,2026-08-15,CUSTODIAN,TEST
2831,TRD102830,ITC,EQ-CORE-02,500,0,2026-08-19,MISSING,TEST
2832,TRD102831,RELIANCE,EQ-INDEX-04,750,750,2026-08-06,CUSTODIAN,TRAIN
2833,TRD102832,KOTAKBANK,EQ-ALPHA-03,250,250,2026-08-11,CUSTODIAN,TRAIN
2834,TRD102833,ICICIBANK,EQ-CORE-01,500,500,2026-08-06,CUSTODIAN,TRAIN
2835,TRD102834,MARUTI,EQ-INDEX-04,750,750,2026-08-15,CUSTODIAN,TRAIN
2836,TRD102835,HDFCBANK,EQ-CORE-02,500,500,2026-08-10,CUSTODIAN,TRAIN
2837,TRD102836,INFY,EQ-ALPHA-03,1000,1000,2026-08-14,CUSTODIAN,TRAIN
2838,TRD102837,TATASTEEL,EQ-CORE-01,250,250,2026-08-12,CUSTODIAN,TRAIN
2839,TRD102838,MARUTI,EQ-ALPHA-03,2000,2000,2026-08-03,CUSTODIAN,TEST
2840,TRD102839,AXISBANK,EQ-CORE-02,1000,1000,2026-08-13,CUSTODIAN,TRAIN
2841,TRD102840,AXISBANK,EQ-CORE-01,250,800,2026-08-02,CUSTODIAN,TRAIN
2842,TRD102841,TATASTEEL,EQ-ALPHA-03,1000,1000,2026-08-17,CUSTODIAN,TRAIN
2843,TRD102842,KOTAKBANK,EQ-CORE-01,200,200,2026-08-05,CUSTODIAN,TRAIN
2844,TRD102843,HINDUNILVR,EQ-ALPHA-03,1500,1500,2026-08-02,CUSTODIAN,TEST
2845,TRD102844,WIPRO,EQ-CORE-02,2000,2000,2026-08-03,CUSTODIAN,TRAIN
2846,TRD102845,KOTAKBANK,EQ-CORE-02,100,100,2026-08-21,CUSTODIAN,TRAIN
2847,TRD102846,MARUTI,EQ-CORE-02,750,750,2026-08-04,CUSTODIAN,TEST
2848,TRD102847,TATASTEEL,EQ-ALPHA-03,200,200,2026-08-07,CUSTODIAN,TRAIN
2849,TRD102848,MARUTI,EQ-CORE-01,100,100,2026-08-15,CUSTODIAN,TEST
2850,TRD102849,SBIN,EQ-ALPHA-03,200,200,2026-08-07,CUSTODIAN,TRAIN
2851,TRD102850,KOTAKBANK,EQ-INDEX-04,1000,1000,2026-08-11,CUSTODIAN,TEST
2852,TRD102851,HINDUNILVR,EQ-CORE-01,2000,2000,2026-08-06,CUSTODIAN,TRAIN
2853,TRD102852,WIPRO,EQ-CORE-01,1000,1000,2026-08-09,CUSTODIAN,TRAIN
2854,TRD102853,RELIANCE,EQ-ALPHA-03,1500,1500,2026-08-21,CUSTODIAN,TRAIN
2855,TRD102854,HDFCBANK,EQ-CORE-01,200,200,2026-08-13,CUSTODIAN,TEST
2856,TRD102855,BHARTIARTL,EQ-CORE-01,100,100,2026-08-11,CUSTODIAN,TRAIN
2857,TRD102856,KOTAKBANK,EQ-CORE-02,200,200,2026-08-22,CUSTODIAN,TRAIN
2858,TRD102857,SBIN,EQ-CORE-02,500,500,2026-08-20,CUSTODIAN,TRAIN
2859,TRD102858,SBIN,EQ-INDEX-04,1500,1500,2026-08-03,CUSTODIAN,TRAIN
2860,TRD102859,KOTAKBANK,EQ-CORE-01,100,100,2026-08-15,CUSTODIAN,TRAIN
2861,TRD102860,LT,EQ-CORE-01,1500,1935,2026-08-17,CUSTODIAN,TRAIN
2862,TRD102861,ITC,EQ-CORE-02,750,750,2026-08-06,CUSTODIAN,TRAIN
2863,TRD102862,AXISBANK,EQ-CORE-01,750,750,2026-08-13,CUSTODIAN,TRAIN
2864,TRD102863,BHARTIARTL,EQ-ALPHA-03,2000,2480,2026-08-07,CUSTODIAN,TRAIN
2865,TRD102864,HDFCBANK,EQ-INDEX-04,250,250,2026-08-02,CUSTODIAN,TRAIN
2866,TRD102865,BHARTIARTL,EQ-ALPHA-03,1000,1000,2026-08-14,CUSTODIAN,TRAIN
2867,TRD102866,ITC,EQ-CORE-02,750,750,2026-08-03,CUSTODIAN,TRAIN
2868,TRD102867,HDFCBANK,EQ-CORE-01,500,500,2026-08-05,CUSTODIAN,TEST
2869,TRD102868,AXISBANK,EQ-CORE-01,100,100,2026-08-15,CUSTODIAN,TRAIN
2870,TRD102869,HDFCBANK,EQ-INDEX-04,100,100,2026-08-19,CUSTODIAN,TRAIN
2871,TRD102870,HDFCBANK,EQ-INDEX-04,100,100,2026-08-05,CUSTODIAN,TRAIN
2872,TRD102871,ITC,EQ-ALPHA-03,500,500,2026-08-21,CUSTODIAN,TRAIN
2873,TRD102872,TATASTEEL,EQ-INDEX-04,2000,2000,2026-08-20,CUSTODIAN,TRAIN
2874,TRD102873,MARUTI,EQ-INDEX-04,250,800,2026-08-20,CUSTODIAN,TRAIN
2875,TRD102874,INFY,EQ-CORE-02,1500,1500,2026-08-09,CUSTODIAN,TRAIN
2876,TRD102875,TATASTEEL,EQ-CORE-02,250,250,2026-08-13,CUSTODIAN,TRAIN
2877,TRD102876,ICICIBANK,EQ-CORE-02,2000,2000,2026-08-02,CUSTODIAN,TEST
2878,TRD102877,TATASTEEL,EQ-CORE-02,2000,2000,2026-08-13,CUSTODIAN,TRAIN
2879,TRD102878,INFY,EQ-CORE-02,500,500,2026-08-07,CUSTODIAN,TRAIN
2880,TRD102879,SBIN,EQ-CORE-01,200,200,2026-08-17,CUSTODIAN,TEST
2881,TRD102880,AXISBANK,EQ-INDEX-04,200,200,2026-08-05,CUSTODIAN,TRAIN
2882,TRD102881,LT,EQ-ALPHA-03,1000,1000,2026-08-19,CUSTODIAN,TRAIN
2883,TRD102882,WIPRO,EQ-CORE-01,2000,2000,2026-08-05,CUSTODIAN,TRAIN
2884,TRD102883,HINDUNILVR,EQ-CORE-02,1000,1000,2026-08-17,CUSTODIAN,TRAIN
2885,TRD102884,LT,EQ-INDEX-04,1500,1500,2026-08-06,CUSTODIAN,TRAIN
2886,TRD102885,HINDUNILVR,EQ-CORE-01,750,750,2026-08-11,CUSTODIAN,TEST
2887,TRD102886,INFY,EQ-CORE-02,2000,2000,2026-08-03,CUSTODIAN,TEST
2888,TRD102887,LT,EQ-CORE-02,250,250,2026-08-09,CUSTODIAN,TRAIN
2889,TRD102888,ICICIBANK,EQ-CORE-02,200,200,2026-08-17,CUSTODIAN,TRAIN
2890,TRD102889,TATASTEEL,EQ-CORE-02,200,200,2026-08-13,CUSTODIAN,TRAIN
2891,TRD102890,KOTAKBANK,EQ-CORE-01,250,250,2026-08-02,CUSTODIAN,TRAIN
2892,TRD102891,RELIANCE,EQ-CORE-02,750,750,2026-08-06,CUSTODIAN,TRAIN
2893,TRD102892,WIPRO,EQ-CORE-01,2000,2000,2026-08-06,CUSTODIAN,TRAIN
2894,TRD102893,SBIN,EQ-CORE-01,500,500,2026-08-06,CUSTODIAN,TRAIN
2895,TRD102894,SBIN,EQ-CORE-01,100,0,2026-08-14,MISSING,TRAIN
2896,TRD102895,SBIN,EQ-INDEX-04,500,500,2026-08-16,CUSTODIAN,TRAIN
2897,TRD102896,BHARTIARTL,EQ-CORE-01,200,200,2026-08-09,CUSTODIAN,TEST
2898,TRD102897,KOTAKBANK,EQ-CORE-01,250,250,2026-08-04,CUSTODIAN,TRAIN
2899,TRD102898,ICICIBANK,EQ-CORE-02,1500,1500,2026-08-03,CUSTODIAN,TRAIN
2900,TRD102899,HINDUNILVR,EQ-CORE-01,100,100,2026-08-19,CUSTODIAN,TRAIN
2901,TRD102900,BHARTIARTL,EQ-CORE-01,250,250,2026-08-04,CUSTODIAN,TRAIN
2902,TRD102901,ITC,EQ-ALPHA-03,100,100,2026-08-13,CUSTODIAN,TEST
2903,TRD102902,MARUTI,EQ-CORE-02,1500,1500,2026-08-03,CUSTODIAN,TRAIN
2904,TRD102903,TATASTEEL,EQ-ALPHA-03,250,250,2026-08-18,CUSTODIAN,TEST
2905,TRD102904,RELIANCE,EQ-CORE-01,750,750,2026-08-10,CUSTODIAN,TRAIN
2906,TRD102905,BHARTIARTL,EQ-CORE-02,1500,1500,2026-08-11,CUSTODIAN,TRAIN
2907,TRD102906,AXISBANK,EQ-INDEX-04,1500,1500,2026-08-11,CUSTODIAN,TRAIN
2908,TRD102907,ITC,EQ-CORE-02,500,500,2026-08-07,CUSTODIAN,TRAIN
2909,TRD102908,TATASTEEL,EQ-CORE-02,200,200,2026-08-06,CUSTODIAN,TEST
2910,TRD102909,KOTAKBANK,EQ-ALPHA-03,250,250,2026-08-12,CUSTODIAN,TRAIN
2911,TRD102910,KOTAKBANK,EQ-CORE-01,250,250,2026-08-18,CUSTODIAN,TRAIN
2912,TRD102911,AXISBANK,EQ-CORE-02,200,200,2026-08-15,CUSTODIAN,TEST
2913,TRD102912,TATASTEEL,EQ-INDEX-04,200,200,2026-08-20,CUSTODIAN,TEST
2914,TRD102913,HDFCBANK,EQ-ALPHA-03,500,500,2026-08-09,CUSTODIAN,TEST
2915,TRD102914,INFY,EQ-CORE-02,1000,1000,2026-08-13,CUSTODIAN,TRAIN
2916,TRD102915,HDFCBANK,EQ-CORE-02,750,750,2026-08-03,CUSTODIAN,TEST
2917,TRD102916,TCS,EQ-INDEX-04,1000,1000,2026-08-18,CUSTODIAN,TRAIN
2918,TRD102917,SBIN,EQ-INDEX-04,750,750,2026-08-16,CUSTODIAN,TRAIN
2919,TRD102918,ITC,EQ-ALPHA-03,1000,1000,2026-08-14,CUSTODIAN,TRAIN
2920,TRD102919,HDFCBANK,EQ-INDEX-04,1000,1000,2026-08-15,CUSTODIAN,TRAIN
2921,TRD102920,BHARTIARTL,EQ-INDEX-04,1500,1500,2026-08-21,CUSTODIAN,TRAIN
2922,TRD102921,BHARTIARTL,EQ-CORE-02,500,500,2026-08-06,CUSTODIAN,TRAIN
2923,TRD102922,ICICIBANK,EQ-ALPHA-03,1000,1000,2026-08-02,CUSTODIAN,TRAIN
2924,TRD102923,LT,EQ-CORE-02,200,200,2026-08-07,CUSTODIAN,TRAIN
2925,TRD102924,HINDUNILVR,EQ-INDEX-04,1000,1000,2026-08-15,CUSTODIAN,TRAIN
2926,TRD102925,TCS,EQ-CORE-02,500,500,2026-08-10,CUSTODIAN,TRAIN
2927,TRD102926,HINDUNILVR,EQ-ALPHA-03,200,200,2026-08-14,CUSTODIAN,TRAIN
2928,TRD102927,KOTAKBANK,EQ-CORE-02,750,750,2026-08-20,CUSTODIAN,TRAIN
2929,TRD102928,BHARTIARTL,EQ-CORE-02,200,200,2026-08-12,CUSTODIAN,TRAIN
2930,TRD102929,ITC,EQ-CORE-01,1500,1500,2026-08-16,CUSTODIAN,TRAIN
2931,TRD102930,RELIANCE,EQ-CORE-02,200,200,2026-08-18,CUSTODIAN,TEST
2932,TRD102931,TATASTEEL,EQ-CORE-01,200,200,2026-08-19,CUSTODIAN,TRAIN
2933,TRD102932,SBIN,EQ-CORE-02,250,250,2026-08-10,CUSTODIAN,TRAIN
2934,TRD102933,TATASTEEL,EQ-INDEX-04,2000,2000,2026-08-22,CUSTODIAN,TRAIN
2935,TRD102934,TCS,EQ-CORE-01,2000,2000,2026-08-07,CUSTODIAN,TRAIN
2936,TRD102935,HINDUNILVR,EQ-INDEX-04,1000,1000,2026-08-06,CUSTODIAN,TRAIN
2937,TRD102936,ITC,EQ-ALPHA-03,250,250,2026-08-14,CUSTODIAN,TEST
2938,TRD102937,HDFCBANK,EQ-CORE-01,500,500,2026-08-05,CUSTODIAN,TRAIN
2939,TRD102938,TATASTEEL,EQ-CORE-01,1000,1000,2026-08-16,CUSTODIAN,TRAIN
2940,TRD102939,TATASTEEL,EQ-CORE-01,1000,1000,2026-08-18,CUSTODIAN,TRAIN
2941,TRD102940,RELIANCE,EQ-CORE-02,250,250,2026-08-07,CUSTODIAN,TEST
2942,TRD102941,ICICIBANK,EQ-INDEX-04,250,250,2026-08-08,CUSTODIAN,TRAIN
2943,TRD102942,AXISBANK,EQ-CORE-01,750,750,2026-08-20,CUSTODIAN,TRAIN
2944,TRD102943,HINDUNILVR,EQ-CORE-01,1500,1500,2026-08-22,CUSTODIAN,TRAIN
2945,TRD102944,INFY,EQ-ALPHA-03,100,100,2026-08-08,CUSTODIAN,TRAIN
2946,TRD102945,WIPRO,EQ-CORE-01,250,250,2026-08-14,CUSTODIAN,TRAIN
2947,TRD102946,AXISBANK,EQ-ALPHA-03,2000,2000,2026-08-13,CUSTODIAN,TRAIN
2948,TRD102947,MARUTI,EQ-CORE-02,500,500,2026-08-06,CUSTODIAN,TRAIN
2949,TRD102948,HDFCBANK,EQ-CORE-02,500,500,2026-08-21,CUSTODIAN,TRAIN
2950,TRD102949,ICICIBANK,EQ-CORE-02,1000,1000,2026-08-09,CUSTODIAN,TEST
2951,TRD102950,HDFCBANK,EQ-CORE-01,1500,1500,2026-08-18,CUSTODIAN,TRAIN
2952,TRD102951,BHARTIARTL,EQ-CORE-01,200,200,2026-08-19,CUSTODIAN,TRAIN
2953,TRD102952,BHARTIARTL,EQ-CORE-02,2000,2000,2026-08-05,CUSTODIAN,TRAIN
2954,TRD102953,BHARTIARTL,EQ-CORE-02,100,100,2026-08-17,CUSTODIAN,TEST
2955,TRD102954,TCS,EQ-CORE-02,1000,1000,2026-08-19,CUSTODIAN,TEST
2956,TRD102955,MARUTI,EQ-ALPHA-03,2000,2000,2026-08-22,CUSTODIAN,TRAIN
2957,TRD102956,HINDUNILVR,EQ-ALPHA-03,1500,1500,2026-08-12,CUSTODIAN,TRAIN
2958,TRD102957,INFY,EQ-CORE-02,500,500,2026-08-08,CUSTODIAN,TRAIN
2959,TRD102958,INFY,EQ-ALPHA-03,100,100,2026-08-21,CUSTODIAN,TRAIN
2960,TRD102959,SBIN,EQ-CORE-02,250,0,2026-08-22,MISSING,TRAIN
2961,TRD102960,BHARTIARTL,EQ-CORE-02,100,100,2026-08-21,CUSTODIAN,TEST
2962,TRD102961,KOTAKBANK,EQ-INDEX-04,100,100,2026-08-09,CUSTODIAN,TRAIN
2963,TRD102962,TCS,EQ-INDEX-04,200,234,2026-08-10,CUSTODIAN,TRAIN
2964,TRD102963,TCS,EQ-ALPHA-03,500,500,2026-08-12,CUSTODIAN,TRAIN
2965,TRD102964,KOTAKBANK,EQ-INDEX-04,1000,1000,2026-08-04,CUSTODIAN,TRAIN
2966,TRD102965,BHARTIARTL,EQ-INDEX-04,100,100,2026-08-11,CUSTODIAN,TRAIN
2967,TRD102966,AXISBANK,EQ-ALPHA-03,2000,2000,2026-08-14,CUSTODIAN,TRAIN
2968,TRD102967,HINDUNILVR,EQ-CORE-01,2000,2000,2026-08-12,CUSTODIAN,TRAIN
2969,TRD102968,TATASTEEL,EQ-ALPHA-03,200,200,2026-08-15,CUSTODIAN,TRAIN
2970,TRD102969,TCS,EQ-CORE-01,1000,1000,2026-08-10,CUSTODIAN,TRAIN
2971,TRD102970,AXISBANK,EQ-INDEX-04,500,500,2026-08-16,CUSTODIAN,TRAIN
2972,TRD102971,HINDUNILVR,EQ-CORE-01,250,250,2026-08-02,CUSTODIAN,TRAIN
2973,TRD102972,INFY,EQ-INDEX-04,1500,1500,2026-08-02,CUSTODIAN,TEST
2974,TRD102973,INFY,EQ-CORE-02,200,200,2026-08-04,CUSTODIAN,TRAIN
2975,TRD102974,TATASTEEL,EQ-INDEX-04,1500,1500,2026-08-20,CUSTODIAN,TEST
2976,TRD102975,RELIANCE,EQ-INDEX-04,2000,2000,2026-08-07,CUSTODIAN,TRAIN
2977,TRD102976,HDFCBANK,EQ-INDEX-04,200,200,2026-08-07,CUSTODIAN,TRAIN
2978,TRD102977,KOTAKBANK,EQ-INDEX-04,100,100,2026-08-12,CUSTODIAN,TEST
2979,TRD102978,SBIN,EQ-ALPHA-03,500,500,2026-08-08,CUSTODIAN,TRAIN
2980,TRD102979,TCS,EQ-ALPHA-03,200,200,2026-08-14,CUSTODIAN,TRAIN
2981,TRD102980,RELIANCE,EQ-CORE-01,1000,1000,2026-08-05,CUSTODIAN,TRAIN
2982,TRD102981,TCS,EQ-INDEX-04,200,200,2026-08-02,CUSTODIAN,TRAIN
2983,TRD102982,ICICIBANK,EQ-INDEX-04,750,750,2026-08-16,CUSTODIAN,TRAIN
2984,TRD102983,WIPRO,EQ-INDEX-04,100,100,2026-08-15,CUSTODIAN,TRAIN
2985,TRD102984,ICICIBANK,EQ-INDEX-04,750,750,2026-08-15,CUSTODIAN,TRAIN
2986,TRD102985,AXISBANK,EQ-INDEX-04,2000,2000,2026-08-11,CUSTODIAN,TEST
2987,TRD102986,BHARTIARTL,EQ-ALPHA-03,1000,1000,2026-08-03,CUSTODIAN,TRAIN
2988,TRD102987,RELIANCE,EQ-CORE-02,1500,1500,2026-08-12,CUSTODIAN,TRAIN
2989,TRD102988,HDFCBANK,EQ-INDEX-04,100,180,2026-08-14,CUSTODIAN,TRAIN
2990,TRD102989,ITC,EQ-ALPHA-03,2000,2000,2026-08-22,CUSTODIAN,TRAIN
2991,TRD102990,AXISBANK,EQ-ALPHA-03,1500,1500,2026-08-08,CUSTODIAN,TRAIN
2992,TRD102991,WIPRO,EQ-CORE-02,100,100,2026-08-13,CUSTODIAN,TEST
2993,TRD102992,ITC,EQ-CORE-02,1500,1500,2026-08-15,CUSTODIAN,TRAIN
2994,TRD102993,MARUTI,EQ-ALPHA-03,1000,1000,2026-08-18,CUSTODIAN,TRAIN
2995,TRD102994,SBIN,EQ-ALPHA-03,750,750,2026-08-15,CUSTODIAN,TRAIN
2996,TRD102995,HINDUNILVR,EQ-CORE-02,750,750,2026-08-11,CUSTODIAN,TRAIN
2997,TRD102996,WIPRO,EQ-CORE-01,750,750,2026-08-11,CUSTODIAN,TRAIN
2998,TRD102997,AXISBANK,EQ-ALPHA-03,500,500,2026-08-09,CUSTODIAN,TRAIN
2999,TRD102998,AXISBANK,EQ-INDEX-04,2000,2000,2026-08-20,CUSTODIAN,TRAIN
3000,TRD102999,RELIANCE,EQ-ALPHA-03,250,250,2026-08-03,CUSTODIAN,TRAIN
3001,TRD103000,INFY,EQ-ALPHA-03,2000,2000,2026-08-08,CUSTODIAN,TRAIN
3002,TRD103001,HDFCBANK,EQ-INDEX-04,250,250,2026-08-02,CUSTODIAN,TRAIN
3003,TRD103002,RELIANCE,EQ-INDEX-04,250,250,2026-08-17,CUSTODIAN,TRAIN
3004,TRD103003,ICICIBANK,EQ-INDEX-04,1000,1000,2026-08-22,CUSTODIAN,TRAIN
3005,TRD103004,SBIN,EQ-CORE-01,2000,2000,2026-08-06,CUSTODIAN,TEST
3006,TRD103005,RELIANCE,EQ-ALPHA-03,100,100,2026-08-20,CUSTODIAN,TRAIN
3007,TRD103006,TATASTEEL,EQ-CORE-01,200,200,2026-08-21,CUSTODIAN,TRAIN
3008,TRD103007,INFY,EQ-INDEX-04,1000,1000,2026-08-05,CUSTODIAN,TRAIN
3009,TRD103008,MARUTI,EQ-INDEX-04,1500,1500,2026-08-18,CUSTODIAN,TEST
3010,TRD103009,SBIN,EQ-INDEX-04,1000,1000,2026-08-17,CUSTODIAN,TRAIN
3011,TRD103010,TATASTEEL,EQ-ALPHA-03,500,500,2026-08-10,CUSTODIAN,TRAIN
3012,TRD103011,HDFCBANK,EQ-CORE-02,750,750,2026-08-14,CUSTODIAN,TRAIN
3013,TRD103012,TCS,EQ-CORE-01,500,500,2026-08-20,CUSTODIAN,TRAIN
3014,TRD103013,ICICIBANK,EQ-CORE-02,250,250,2026-08-15,CUSTODIAN,TRAIN
3015,TRD103014,MARUTI,EQ-CORE-02,500,500,2026-08-16,CUSTODIAN,TEST
3016,TRD103015,BHARTIARTL,EQ-CORE-02,500,500,2026-08-02,CUSTODIAN,TRAIN
3017,TRD103016,WIPRO,EQ-CORE-01,1500,1500,2026-08-14,CUSTODIAN,TRAIN
3018,TRD103017,LT,EQ-ALPHA-03,1000,1000,2026-08-06,CUSTODIAN,TRAIN
3019,TRD103018,HINDUNILVR,EQ-INDEX-04,100,100,2026-08-22,CUSTODIAN,TRAIN
3020,TRD103019,TATASTEEL,EQ-CORE-01,750,750,2026-08-10,CUSTODIAN,TRAIN
3021,TRD103020,HDFCBANK,EQ-ALPHA-03,1000,1000,2026-08-09,CUSTODIAN,TRAIN
3022,TRD103021,INFY,EQ-INDEX-04,250,250,2026-08-21,CUSTODIAN,TRAIN
3023,TRD103022,SBIN,EQ-CORE-02,250,250,2026-08-12,CUSTODIAN,TEST
3024,TRD103023,HDFCBANK,EQ-CORE-02,250,250,2026-08-07,CUSTODIAN,TRAIN
3025,TRD103024,INFY,EQ-CORE-01,100,100,2026-08-14,CUSTODIAN,TRAIN
3026,TRD103025,HDFCBANK,EQ-ALPHA-03,100,100,2026-08-09,CUSTODIAN,TRAIN
3027,TRD103026,ITC,EQ-INDEX-04,2000,2000,2026-08-05,CUSTODIAN,TRAIN
3028,TRD103027,SBIN,EQ-INDEX-04,100,100,2026-08-15,CUSTODIAN,TEST
3029,TRD103028,HINDUNILVR,EQ-ALPHA-03,1000,1000,2026-08-03,CUSTODIAN,TEST
3030,TRD103029,HDFCBANK,EQ-ALPHA-03,100,100,2026-08-07,CUSTODIAN,TEST
3031,TRD103030,INFY,EQ-CORE-02,500,500,2026-08-10,CUSTODIAN,TRAIN
3032,TRD103031,INFY,EQ-CORE-01,750,750,2026-08-20,CUSTODIAN,TRAIN
3033,TRD103032,ITC,EQ-CORE-01,250,250,2026-08-06,CUSTODIAN,TRAIN
3034,TRD103033,RELIANCE,EQ-INDEX-04,2000,2000,2026-08-15,CUSTODIAN,TRAIN
3035,TRD103034,MARUTI,EQ-ALPHA-03,2000,0,2026-08-17,MISSING,TEST
3036,TRD103035,TCS,EQ-ALPHA-03,250,0,2026-08-03,MISSING,TRAIN
3037,TRD103036,LT,EQ-CORE-02,2000,2000,2026-08-17,CUSTODIAN,TRAIN
3038,TRD103037,LT,EQ-CORE-01,200,174,2026-08-12,CUSTODIAN,TEST
3039,TRD103038,BHARTIARTL,EQ-ALPHA-03,1500,1500,2026-08-11,CUSTODIAN,TRAIN
3040,TRD103039,HDFCBANK,EQ-CORE-01,2000,2000,2026-08-08,CUSTODIAN,TRAIN
3041,TRD103040,TCS,EQ-INDEX-04,250,250,2026-08-03,CUSTODIAN,TRAIN
3042,TRD103041,HDFCBANK,EQ-CORE-01,1000,1000,2026-08-19,CUSTODIAN,TRAIN
3043,TRD103042,ITC,EQ-CORE-01,100,100,2026-08-18,CUSTODIAN,TEST
3044,TRD103043,AXISBANK,EQ-ALPHA-03,250,250,2026-08-20,CUSTODIAN,TRAIN
3045,TRD103044,INFY,EQ-CORE-01,1000,1000,2026-08-05,CUSTODIAN,TRAIN
3046,TRD103045,INFY,EQ-ALPHA-03,250,250,2026-08-14,CUSTODIAN,TEST
3047,TRD103046,HDFCBANK,EQ-ALPHA-03,2000,2000,2026-08-02,CUSTODIAN,TEST
3048,TRD103047,INFY,EQ-ALPHA-03,200,200,2026-08-14,CUSTODIAN,TRAIN
3049,TRD103048,AXISBANK,EQ-CORE-01,1500,1500,2026-08-08,CUSTODIAN,TRAIN
3050,TRD103049,HDFCBANK,EQ-ALPHA-03,750,750,2026-08-16,CUSTODIAN,TRAIN
3051,TRD103050,LT,EQ-CORE-02,1000,1000,2026-08-16,CUSTODIAN,TRAIN
3052,TRD103051,MARUTI,EQ-ALPHA-03,1000,1000,2026-08-14,CUSTODIAN,TRAIN
3053,TRD103052,AXISBANK,EQ-ALPHA-03,1000,1000,2026-08-16,CUSTODIAN,TRAIN
3054,TRD103053,BHARTIARTL,EQ-ALPHA-03,1500,1500,2026-08-08,CUSTODIAN,TRAIN
3055,TRD103054,HDFCBANK,EQ-ALPHA-03,750,750,2026-08-17,CUSTODIAN,TRAIN
3056,TRD103055,INFY,EQ-CORE-01,1000,1000,2026-08-02,CUSTODIAN,TRAIN
3057,TRD103056,SBIN,EQ-CORE-01,200,200,2026-08-21,CUSTODIAN,TRAIN
3058,TRD103057,AXISBANK,EQ-CORE-01,250,250,2026-08-11,CUSTODIAN,TRAIN
3059,TRD103058,TATASTEEL,EQ-ALPHA-03,1500,1500,2026-08-06,CUSTODIAN,TRAIN
3060,TRD103059,HINDUNILVR,EQ-CORE-02,1500,1500,2026-08-09,CUSTODIAN,TRAIN
3061,TRD103060,INFY,EQ-INDEX-04,750,750,2026-08-07,CUSTODIAN,TRAIN
3062,TRD103061,TCS,EQ-CORE-01,1000,1000,2026-08-21,CUSTODIAN,TRAIN
3063,TRD103062,TCS,EQ-CORE-01,500,500,2026-08-05,CUSTODIAN,TRAIN
3064,TRD103063,ICICIBANK,EQ-CORE-01,500,500,2026-08-07,CUSTODIAN,TRAIN
3065,TRD103064,MARUTI,EQ-ALPHA-03,250,250,2026-08-07,CUSTODIAN,TRAIN
3066,TRD103065,LT,EQ-INDEX-04,200,200,2026-08-19,CUSTODIAN,TRAIN
3067,TRD103066,LT,EQ-CORE-01,2000,2000,2026-08-11,CUSTODIAN,TRAIN
3068,TRD103067,LT,EQ-INDEX-04,1000,1000,2026-08-19,CUSTODIAN,TRAIN
3069,TRD103068,ICICIBANK,EQ-INDEX-04,250,250,2026-08-02,CUSTODIAN,TRAIN
3070,TRD103069,AXISBANK,EQ-CORE-02,2000,2000,2026-08-18,CUSTODIAN,TRAIN
3071,TRD103070,LT,EQ-INDEX-04,1000,1000,2026-08-14,CUSTODIAN,TRAIN
3072,TRD103071,MARUTI,EQ-INDEX-04,1500,1500,2026-08-05,CUSTODIAN,TRAIN
3073,TRD103072,HDFCBANK,EQ-CORE-02,750,750,2026-08-05,CUSTODIAN,TRAIN
3074,TRD103073,HINDUNILVR,EQ-CORE-01,250,250,2026-08-08,CUSTODIAN,TRAIN
3075,TRD103074,WIPRO,EQ-ALPHA-03,200,200,2026-08-07,CUSTODIAN,TRAIN
3076,TRD103075,HINDUNILVR,EQ-CORE-01,200,200,2026-08-17,CUSTODIAN,TRAIN
3077,TRD103076,ITC,EQ-ALPHA-03,2000,2000,2026-08-15,CUSTODIAN,TRAIN
3078,TRD103077,KOTAKBANK,EQ-CORE-01,250,250,2026-08-08,CUSTODIAN,TRAIN
3079,TRD103078,HDFCBANK,EQ-CORE-02,1500,1500,2026-08-02,CUSTODIAN,TEST
3080,TRD103079,RELIANCE,EQ-CORE-02,100,100,2026-08-08,CUSTODIAN,TEST
3081,TRD103080,HDFCBANK,EQ-ALPHA-03,1500,1500,2026-08-05,CUSTODIAN,TRAIN
3082,TRD103081,SBIN,EQ-CORE-01,250,250,2026-08-18,CUSTODIAN,TRAIN
3083,TRD103082,LT,EQ-CORE-01,250,250,2026-08-21,CUSTODIAN,TRAIN
3084,TRD103083,ITC,EQ-INDEX-04,1500,0,2026-08-15,MISSING,TRAIN
3085,TRD103084,TATASTEEL,EQ-CORE-02,500,500,2026-08-07,CUSTODIAN,TRAIN
3086,TRD103085,KOTAKBANK,EQ-CORE-01,500,500,2026-08-17,CUSTODIAN,TRAIN
3087,TRD103086,KOTAKBANK,EQ-CORE-02,200,200,2026-08-19,CUSTODIAN,TEST
3088,TRD103087,ITC,EQ-CORE-01,200,200,2026-08-19,CUSTODIAN,TRAIN
3089,TRD103088,TCS,EQ-CORE-02,500,850,2026-08-18,CUSTODIAN,TEST
3090,TRD103089,WIPRO,EQ-CORE-02,250,250,2026-08-19,CUSTODIAN,TRAIN
3091,TRD103090,TATASTEEL,EQ-CORE-01,250,250,2026-08-21,CUSTODIAN,TRAIN
3092,TRD103091,SBIN,EQ-INDEX-04,100,100,2026-08-17,CUSTODIAN,TRAIN
3093,TRD103092,KOTAKBANK,EQ-ALPHA-03,100,100,2026-08-22,CUSTODIAN,TRAIN
3094,TRD103093,RELIANCE,EQ-CORE-01,200,240,2026-08-10,CUSTODIAN,TRAIN
3095,TRD103094,ITC,EQ-CORE-01,2000,2000,2026-08-05,CUSTODIAN,TEST
3096,TRD103095,AXISBANK,EQ-CORE-02,1500,1500,2026-08-19,CUSTODIAN,TRAIN
3097,TRD103096,SBIN,EQ-CORE-02,2000,2000,2026-08-02,CUSTODIAN,TRAIN
3098,TRD103097,BHARTIARTL,EQ-INDEX-04,1000,2300,2026-08-14,CUSTODIAN,TEST
3099,TRD103098,AXISBANK,EQ-ALPHA-03,1000,1000,2026-08-05,CUSTODIAN,TRAIN
3100,TRD103099,HDFCBANK,EQ-CORE-02,750,750,2026-08-20,CUSTODIAN,TRAIN
3101,TRD103100,SBIN,EQ-CORE-01,500,500,2026-08-15,CUSTODIAN,TRAIN
3102,TRD103101,WIPRO,EQ-CORE-01,750,750,2026-08-20,CUSTODIAN,TRAIN
3103,TRD103102,ICICIBANK,EQ-INDEX-04,2000,2000,2026-08-21,CUSTODIAN,TRAIN
3104,TRD103103,TCS,EQ-CORE-01,2000,2000,2026-08-14,CUSTODIAN,TRAIN
3105,TRD103104,LT,EQ-ALPHA-03,2000,2000,2026-08-17,CUSTODIAN,TRAIN
3106,TRD103105,BHARTIARTL,EQ-ALPHA-03,750,750,2026-08-18,CUSTODIAN,TRAIN
3107,TRD103106,BHARTIARTL,EQ-ALPHA-03,2000,2000,2026-08-17,CUSTODIAN,TRAIN
3108,TRD103107,BHARTIARTL,EQ-CORE-01,200,200,2026-08-11,CUSTODIAN,TRAIN
3109,TRD103108,ICICIBANK,EQ-INDEX-04,1000,1000,2026-08-21,CUSTODIAN,TRAIN
3110,TRD103109,SBIN,EQ-INDEX-04,250,250,2026-08-03,CUSTODIAN,TRAIN
3111,TRD103110,ITC,EQ-CORE-01,100,100,2026-08-11,CUSTODIAN,TRAIN
3112,TRD103111,MARUTI,EQ-CORE-01,250,250,2026-08-10,CUSTODIAN,TRAIN
3113,TRD103112,RELIANCE,EQ-INDEX-04,500,500,2026-08-03,CUSTODIAN,TRAIN
3114,TRD103113,KOTAKBANK,EQ-CORE-01,500,500,2026-08-17,CUSTODIAN,TRAIN
3115,TRD103114,BHARTIARTL,EQ-CORE-01,500,500,2026-08-16,CUSTODIAN,TRAIN
3116,TRD103115,RELIANCE,EQ-INDEX-04,500,500,2026-08-13,CUSTODIAN,TRAIN
3117,TRD103116,TCS,EQ-INDEX-04,1000,1000,2026-08-02,CUSTODIAN,TRAIN
3118,TRD103117,TCS,EQ-ALPHA-03,750,750,2026-08-08,CUSTODIAN,TRAIN
3119,TRD103118,ITC,EQ-CORE-01,100,170,2026-08-17,CUSTODIAN,TEST
3120,TRD103119,LT,EQ-CORE-01,2000,2000,2026-08-22,CUSTODIAN,TEST
3121,TRD103120,KOTAKBANK,EQ-CORE-02,500,500,2026-08-05,CUSTODIAN,TRAIN
3122,TRD103121,TATASTEEL,EQ-CORE-01,750,750,2026-08-10,CUSTODIAN,TEST
3123,TRD103122,ITC,EQ-INDEX-04,750,750,2026-08-15,CUSTODIAN,TRAIN
3124,TRD103123,INFY,EQ-CORE-02,750,750,2026-08-14,CUSTODIAN,TEST
3125,TRD103124,SBIN,EQ-CORE-02,1000,1000,2026-08-15,CUSTODIAN,TEST
3126,TRD103125,TATASTEEL,EQ-CORE-01,1500,1500,2026-08-07,CUSTODIAN,TEST
3127,TRD103126,SBIN,EQ-ALPHA-03,500,500,2026-08-22,CUSTODIAN,TRAIN
3128,TRD103127,HINDUNILVR,EQ-INDEX-04,100,100,2026-08-11,CUSTODIAN,TEST
3129,TRD103128,LT,EQ-CORE-02,750,750,2026-08-12,CUSTODIAN,TRAIN
3130,TRD103129,SBIN,EQ-CORE-02,250,250,2026-08-09,CUSTODIAN,TRAIN
3131,TRD103130,RELIANCE,EQ-ALPHA-03,2000,2000,2026-08-06,CUSTODIAN,TRAIN
3132,TRD103131,HDFCBANK,EQ-CORE-01,200,200,2026-08-21,CUSTODIAN,TRAIN
3133,TRD103132,BHARTIARTL,EQ-INDEX-04,250,250,2026-08-04,CUSTODIAN,TRAIN
3134,TRD103133,TATASTEEL,EQ-CORE-02,250,250,2026-08-16,CUSTODIAN,TRAIN
3135,TRD103134,HINDUNILVR,EQ-CORE-02,750,750,2026-08-19,CUSTODIAN,TRAIN
3136,TRD103135,LT,EQ-ALPHA-03,1000,1000,2026-08-12,CUSTODIAN,TRAIN
3137,TRD103136,INFY,EQ-ALPHA-03,750,750,2026-08-13,CUSTODIAN,TRAIN
3138,TRD103137,BHARTIARTL,EQ-ALPHA-03,200,200,2026-08-12,CUSTODIAN,TRAIN
3139,TRD103138,ITC,EQ-CORE-01,200,200,2026-08-03,CUSTODIAN,TEST
3140,TRD103139,ICICIBANK,EQ-ALPHA-03,200,200,2026-08-16,CUSTODIAN,TRAIN
3141,TRD103140,HDFCBANK,EQ-ALPHA-03,1000,1000,2026-08-13,CUSTODIAN,TRAIN
3142,TRD103141,MARUTI,EQ-ALPHA-03,750,750,2026-08-16,CUSTODIAN,TRAIN
3143,TRD103142,WIPRO,EQ-CORE-02,2000,2000,2026-08-11,CUSTODIAN,TRAIN
3144,TRD103143,SBIN,EQ-CORE-02,500,500,2026-08-19,CUSTODIAN,TEST
3145,TRD103144,TCS,EQ-CORE-02,500,500,2026-08-04,CUSTODIAN,TRAIN
3146,TRD103145,MARUTI,EQ-INDEX-04,250,250,2026-08-03,CUSTODIAN,TRAIN
3147,TRD103146,HINDUNILVR,EQ-INDEX-04,200,200,2026-08-07,CUSTODIAN,TRAIN
3148,TRD103147,RELIANCE,EQ-ALPHA-03,750,750,2026-08-15,CUSTODIAN,TRAIN
3149,TRD103148,SBIN,EQ-ALPHA-03,250,250,2026-08-11,CUSTODIAN,TRAIN
3150,TRD103149,TATASTEEL,EQ-CORE-01,1000,1000,2026-08-17,CUSTODIAN,TRAIN
3151,TRD103150,LT,EQ-ALPHA-03,200,200,2026-08-17,CUSTODIAN,TRAIN
3152,TRD103151,MARUTI,EQ-INDEX-04,1500,1500,2026-08-17,CUSTODIAN,TRAIN
3153,TRD103152,AXISBANK,EQ-CORE-02,1500,4200,2026-08-04,CUSTODIAN,TEST
3154,TRD103153,MARUTI,EQ-ALPHA-03,1500,1500,2026-08-21,CUSTODIAN,TRAIN
3155,TRD103154,KOTAKBANK,EQ-CORE-01,1500,1500,2026-08-12,CUSTODIAN,TRAIN
3156,TRD103155,TCS,EQ-INDEX-04,100,100,2026-08-19,CUSTODIAN,TRAIN
3157,TRD103156,AXISBANK,EQ-ALPHA-03,100,100,2026-08-09,CUSTODIAN,TEST
3158,TRD103157,TCS,EQ-ALPHA-03,200,200,2026-08-15,CUSTODIAN,TEST
3159,TRD103158,INFY,EQ-ALPHA-03,750,750,2026-08-18,CUSTODIAN,TRAIN
3160,TRD103159,AXISBANK,EQ-INDEX-04,1000,1000,2026-08-19,CUSTODIAN,TRAIN
3161,TRD103160,KOTAKBANK,EQ-CORE-01,1000,1000,2026-08-07,CUSTODIAN,TRAIN
3162,TRD103161,INFY,EQ-CORE-01,250,250,2026-08-20,CUSTODIAN,TRAIN
3163,TRD103162,ICICIBANK,EQ-INDEX-04,500,500,2026-08-16,CUSTODIAN,TRAIN
3164,TRD103163,TATASTEEL,EQ-ALPHA-03,1000,1000,2026-08-18,CUSTODIAN,TRAIN
3165,TRD103164,HINDUNILVR,EQ-INDEX-04,200,200,2026-08-08,CUSTODIAN,TRAIN
3166,TRD103165,LT,EQ-CORE-02,1500,1500,2026-08-05,CUSTODIAN,TRAIN
3167,TRD103166,KOTAKBANK,EQ-INDEX-04,100,124,2026-08-18,CUSTODIAN,TRAIN
3168,TRD103167,HINDUNILVR,EQ-CORE-01,200,200,2026-08-21,CUSTODIAN,TRAIN
3169,TRD103168,TATASTEEL,EQ-CORE-02,1000,1000,2026-08-02,CUSTODIAN,TRAIN
3170,TRD103169,ITC,EQ-CORE-02,2000,2000,2026-08-13,CUSTODIAN,TRAIN
3171,TRD103170,TATASTEEL,EQ-CORE-01,1500,1500,2026-08-09,CUSTODIAN,TEST
3172,TRD103171,WIPRO,EQ-CORE-01,100,100,2026-08-16,CUSTODIAN,TRAIN
3173,TRD103172,HDFCBANK,EQ-CORE-01,250,250,2026-08-02,CUSTODIAN,TRAIN
3174,TRD103173,AXISBANK,EQ-CORE-02,500,500,2026-08-04,CUSTODIAN,TEST
3175,TRD103174,MARUTI,EQ-ALPHA-03,2000,2000,2026-08-22,CUSTODIAN,TRAIN
3176,TRD103175,HDFCBANK,EQ-ALPHA-03,1500,1500,2026-08-03,CUSTODIAN,TRAIN
3177,TRD103176,MARUTI,EQ-CORE-02,200,200,2026-08-12,CUSTODIAN,TRAIN
3178,TRD103177,HDFCBANK,EQ-INDEX-04,2000,2000,2026-08-04,CUSTODIAN,TEST
3179,TRD103178,BHARTIARTL,EQ-CORE-02,1500,1500,2026-08-17,CUSTODIAN,TRAIN
3180,TRD103179,LT,EQ-CORE-02,1500,1500,2026-08-08,CUSTODIAN,TRAIN
3181,TRD103180,WIPRO,EQ-INDEX-04,100,100,2026-08-19,CUSTODIAN,TEST
3182,TRD103181,SBIN,EQ-ALPHA-03,750,750,2026-08-09,CUSTODIAN,TRAIN
3183,TRD103182,MARUTI,EQ-CORE-02,1500,1500,2026-08-17,CUSTODIAN,TRAIN
3184,TRD103183,SBIN,EQ-INDEX-04,200,200,2026-08-11,CUSTODIAN,TRAIN
3185,TRD103184,KOTAKBANK,EQ-INDEX-04,250,250,2026-08-09,CUSTODIAN,TRAIN
3186,TRD103185,ITC,EQ-INDEX-04,100,100,2026-08-19,CUSTODIAN,TRAIN
3187,TRD103186,BHARTIARTL,EQ-CORE-02,100,100,2026-08-09,CUSTODIAN,TRAIN
3188,TRD103187,BHARTIARTL,EQ-CORE-01,750,750,2026-08-15,CUSTODIAN,TEST
3189,TRD103188,AXISBANK,EQ-CORE-02,2000,2000,2026-08-12,CUSTODIAN,TRAIN
3190,TRD103189,LT,EQ-ALPHA-03,750,750,2026-08-10,CUSTODIAN,TRAIN
3191,TRD103190,RELIANCE,EQ-CORE-02,500,500,2026-08-19,CUSTODIAN,TRAIN
3192,TRD103191,HDFCBANK,EQ-CORE-02,100,100,2026-08-17,CUSTODIAN,TRAIN
3193,TRD103192,INFY,EQ-ALPHA-03,200,200,2026-08-10,CUSTODIAN,TRAIN
3194,TRD103193,TCS,EQ-INDEX-04,500,500,2026-08-08,CUSTODIAN,TRAIN
3195,TRD103194,BHARTIARTL,EQ-CORE-01,2000,2000,2026-08-21,CUSTODIAN,TRAIN
3196,TRD103195,INFY,EQ-ALPHA-03,750,750,2026-08-18,CUSTODIAN,TEST
3197,TRD103196,HINDUNILVR,EQ-INDEX-04,1000,1000,2026-08-09,CUSTODIAN,TRAIN
3198,TRD103197,MARUTI,EQ-CORE-01,2000,2000,2026-08-10,CUSTODIAN,TRAIN
3199,TRD103198,HINDUNILVR,EQ-CORE-01,200,200,2026-08-14,CUSTODIAN,TRAIN
3200,TRD103199,ICICIBANK,EQ-INDEX-04,500,500,2026-08-18,CUSTODIAN,TRAIN
3201,TRD103200,LT,EQ-CORE-02,2000,2000,2026-08-13,CUSTODIAN,TRAIN
3202,TRD103201,HDFCBANK,EQ-CORE-01,1500,1500,2026-08-17,CUSTODIAN,TRAIN
3203,TRD103202,TCS,EQ-CORE-01,500,500,2026-08-21,CUSTODIAN,TRAIN
3204,TRD103203,HDFCBANK,EQ-CORE-02,1500,1500,2026-08-07,CUSTODIAN,TEST
3205,TRD103204,INFY,EQ-ALPHA-03,1000,1000,2026-08-07,CUSTODIAN,TEST
3206,TRD103205,KOTAKBANK,EQ-CORE-01,250,250,2026-08-09,CUSTODIAN,TEST
3207,TRD103206,ITC,EQ-CORE-01,2000,2000,2026-08-10,CUSTODIAN,TRAIN
3208,TRD103207,RELIANCE,EQ-CORE-02,2000,2000,2026-08-10,CUSTODIAN,TRAIN
3209,TRD103208,ICICIBANK,EQ-CORE-01,1000,1000,2026-08-09,CUSTODIAN,TRAIN
3210,TRD103209,AXISBANK,EQ-CORE-02,2000,2000,2026-08-11,CUSTODIAN,TEST
3211,TRD103210,HINDUNILVR,EQ-INDEX-04,750,750,2026-08-16,CUSTODIAN,TRAIN
3212,TRD103211,WIPRO,EQ-CORE-02,1500,1500,2026-08-20,CUSTODIAN,TRAIN
3213,TRD103212,INFY,EQ-CORE-02,1000,1000,2026-08-17,CUSTODIAN,TEST
3214,TRD103213,ICICIBANK,EQ-CORE-02,100,100,2026-08-22,CUSTODIAN,TRAIN
3215,TRD103214,BHARTIARTL,EQ-CORE-01,200,200,2026-08-21,CUSTODIAN,TEST
3216,TRD103215,ICICIBANK,EQ-INDEX-04,1500,1500,2026-08-06,CUSTODIAN,TEST
3217,TRD103216,RELIANCE,EQ-INDEX-04,2000,2000,2026-08-19,CUSTODIAN,TRAIN
3218,TRD103217,RELIANCE,EQ-ALPHA-03,250,250,2026-08-03,CUSTODIAN,TRAIN
3219,TRD103218,BHARTIARTL,EQ-ALPHA-03,1500,1500,2026-08-04,CUSTODIAN,TEST
3220,TRD103219,BHARTIARTL,EQ-ALPHA-03,100,100,2026-08-16,CUSTODIAN,TRAIN
3221,TRD103220,RELIANCE,EQ-CORE-01,200,200,2026-08-06,CUSTODIAN,TRAIN
3222,TRD103221,HINDUNILVR,EQ-CORE-02,2000,2000,2026-08-17,CUSTODIAN,TRAIN
3223,TRD103222,KOTAKBANK,EQ-CORE-02,2000,2000,2026-08-04,CUSTODIAN,TRAIN
3224,TRD103223,AXISBANK,EQ-INDEX-04,100,100,2026-08-17,CUSTODIAN,TRAIN
3225,TRD103224,INFY,EQ-ALPHA-03,250,250,2026-08-10,CUSTODIAN,TEST
3226,TRD103225,HINDUNILVR,EQ-CORE-02,200,200,2026-08-05,CUSTODIAN,TEST
3227,TRD103226,ITC,EQ-INDEX-04,100,0,2026-08-11,MISSING,TEST
3228,TRD103227,INFY,EQ-CORE-02,500,500,2026-08-11,CUSTODIAN,TRAIN
3229,TRD103228,INFY,EQ-ALPHA-03,200,248,2026-08-02,CUSTODIAN,TRAIN
3230,TRD103229,HDFCBANK,EQ-CORE-01,750,750,2026-08-06,CUSTODIAN,TRAIN
3231,TRD103230,ICICIBANK,EQ-INDEX-04,2000,2000,2026-08-17,CUSTODIAN,TRAIN
3232,TRD103231,HDFCBANK,EQ-ALPHA-03,250,250,2026-08-22,CUSTODIAN,TRAIN
3233,TRD103232,HDFCBANK,EQ-INDEX-04,250,250,2026-08-04,CUSTODIAN,TRAIN
3234,TRD103233,WIPRO,EQ-ALPHA-03,100,100,2026-08-06,CUSTODIAN,TRAIN
3235,TRD103234,AXISBANK,EQ-CORE-01,1000,1000,2026-08-03,CUSTODIAN,TRAIN
3236,TRD103235,AXISBANK,EQ-CORE-01,200,200,2026-08-19,CUSTODIAN,TRAIN
3237,TRD103236,HINDUNILVR,EQ-ALPHA-03,1500,1500,2026-08-14,CUSTODIAN,TRAIN
3238,TRD103237,ICICIBANK,EQ-INDEX-04,2000,2000,2026-08-18,CUSTODIAN,TRAIN
3239,TRD103238,HDFCBANK,EQ-ALPHA-03,2000,2000,2026-08-03,CUSTODIAN,TRAIN
3240,TRD103239,ITC,EQ-CORE-01,750,750,2026-08-09,CUSTODIAN,TRAIN
3241,TRD103240,AXISBANK,EQ-CORE-02,100,100,2026-08-21,CUSTODIAN,TRAIN
3242,TRD103241,BHARTIARTL,EQ-CORE-02,750,750,2026-08-15,CUSTODIAN,TEST
3243,TRD103242,AXISBANK,EQ-ALPHA-03,250,250,2026-08-12,CUSTODIAN,TRAIN
3244,TRD103243,LT,EQ-CORE-02,1500,0,2026-08-03,MISSING,TRAIN
3245,TRD103244,HDFCBANK,EQ-CORE-02,1500,1035,2026-08-15,CUSTODIAN,TRAIN
3246,TRD103245,INFY,EQ-INDEX-04,200,200,2026-08-08,CUSTODIAN,TRAIN
3247,TRD103246,MARUTI,EQ-CORE-02,100,100,2026-08-12,CUSTODIAN,TEST
3248,TRD103247,RELIANCE,EQ-INDEX-04,100,100,2026-08-19,CUSTODIAN,TRAIN
3249,TRD103248,HINDUNILVR,EQ-CORE-02,750,750,2026-08-14,CUSTODIAN,TRAIN
3250,TRD103249,AXISBANK,EQ-CORE-01,100,100,2026-08-18,CUSTODIAN,TRAIN
3251,TRD103250,ICICIBANK,EQ-CORE-01,200,248,2026-08-02,CUSTODIAN,TRAIN
3252,TRD103251,AXISBANK,EQ-INDEX-04,250,250,2026-08-06,CUSTODIAN,TEST
3253,TRD103252,TATASTEEL,EQ-INDEX-04,2000,2000,2026-08-20,CUSTODIAN,TRAIN
3254,TRD103253,BHARTIARTL,EQ-CORE-01,100,100,2026-08-12,CUSTODIAN,TRAIN
3255,TRD103254,ITC,EQ-CORE-01,750,750,2026-08-03,CUSTODIAN,TRAIN
3256,TRD103255,KOTAKBANK,EQ-CORE-02,500,500,2026-08-05,CUSTODIAN,TRAIN
3257,TRD103256,TCS,EQ-CORE-01,200,200,2026-08-04,CUSTODIAN,TRAIN
3258,TRD103257,WIPRO,EQ-ALPHA-03,750,750,2026-08-06,CUSTODIAN,TRAIN
3259,TRD103258,RELIANCE,EQ-ALPHA-03,500,390,2026-08-02,CUSTODIAN,TEST
3260,TRD103259,SBIN,EQ-INDEX-04,500,500,2026-08-15,CUSTODIAN,TEST
3261,TRD103260,BHARTIARTL,EQ-INDEX-04,750,750,2026-08-10,CUSTODIAN,TRAIN
3262,TRD103261,INFY,EQ-ALPHA-03,100,130,2026-08-19,CUSTODIAN,TRAIN
3263,TRD103262,HINDUNILVR,EQ-CORE-02,250,250,2026-08-19,CUSTODIAN,TRAIN
3264,TRD103263,KOTAKBANK,EQ-CORE-01,500,500,2026-08-21,CUSTODIAN,TRAIN
3265,TRD103264,TATASTEEL,EQ-CORE-01,1500,1500,2026-08-18,CUSTODIAN,TRAIN
3266,TRD103265,ICICIBANK,EQ-ALPHA-03,1000,1000,2026-08-16,CUSTODIAN,TEST
3267,TRD103266,BHARTIARTL,EQ-INDEX-04,750,750,2026-08-09,CUSTODIAN,TRAIN
3268,TRD103267,RELIANCE,EQ-CORE-02,750,750,2026-08-21,CUSTODIAN,TRAIN
3269,TRD103268,TCS,EQ-CORE-02,200,200,2026-08-04,CUSTODIAN,TEST
3270,TRD103269,SBIN,EQ-CORE-01,100,100,2026-08-14,CUSTODIAN,TRAIN
3271,TRD103270,ITC,EQ-INDEX-04,250,250,2026-08-10,CUSTODIAN,TRAIN
3272,TRD103271,RELIANCE,EQ-CORE-02,200,200,2026-08-09,CUSTODIAN,TEST
3273,TRD103272,TCS,EQ-CORE-02,100,100,2026-08-07,CUSTODIAN,TEST
3274,TRD103273,TCS,EQ-ALPHA-03,1000,1000,2026-08-02,CUSTODIAN,TRAIN
3275,TRD103274,RELIANCE,EQ-CORE-02,2000,2000,2026-08-15,CUSTODIAN,TRAIN
3276,TRD103275,ICICIBANK,EQ-CORE-02,1500,1500,2026-08-12,CUSTODIAN,TRAIN
3277,TRD103276,ITC,EQ-INDEX-04,1500,0,2026-08-22,MISSING,TRAIN
3278,TRD103277,TCS,EQ-INDEX-04,200,200,2026-08-02,CUSTODIAN,TRAIN
3279,TRD103278,WIPRO,EQ-CORE-02,750,750,2026-08-06,CUSTODIAN,TRAIN
3280,TRD103279,LT,EQ-CORE-02,1500,1500,2026-08-15,CUSTODIAN,TRAIN
3281,TRD103280,SBIN,EQ-CORE-02,200,200,2026-08-06,CUSTODIAN,TRAIN
3282,TRD103281,ITC,EQ-INDEX-04,100,100,2026-08-15,CUSTODIAN,TEST
3283,TRD103282,TATASTEEL,EQ-CORE-01,1500,1500,2026-08-06,CUSTODIAN,TEST
3284,TRD103283,TATASTEEL,EQ-ALPHA-03,1500,1500,2026-08-16,CUSTODIAN,TRAIN
3285,TRD103284,ITC,EQ-CORE-01,2000,2000,2026-08-07,CUSTODIAN,TRAIN
3286,TRD103285,SBIN,EQ-ALPHA-03,100,124,2026-08-05,CUSTODIAN,TRAIN
3287,TRD103286,ICICIBANK,EQ-CORE-02,250,250,2026-08-12,CUSTODIAN,TEST
3288,TRD103287,RELIANCE,EQ-CORE-02,750,750,2026-08-14,CUSTODIAN,TRAIN
3289,TRD103288,INFY,EQ-ALPHA-03,200,200,2026-08-22,CUSTODIAN,TRAIN
3290,TRD103289,INFY,EQ-INDEX-04,1000,1000,2026-08-07,CUSTODIAN,TRAIN
3291,TRD103290,HINDUNILVR,EQ-CORE-01,750,750,2026-08-04,CUSTODIAN,TRAIN
3292,TRD103291,HINDUNILVR,EQ-CORE-02,500,500,2026-08-04,CUSTODIAN,TEST
3293,TRD103292,HDFCBANK,EQ-ALPHA-03,100,100,2026-08-15,CUSTODIAN,TRAIN
3294,TRD103293,SBIN,EQ-CORE-01,750,750,2026-08-18,CUSTODIAN,TRAIN
3295,TRD103294,AXISBANK,EQ-ALPHA-03,1500,1500,2026-08-14,CUSTODIAN,TRAIN
3296,TRD103295,SBIN,EQ-CORE-01,200,200,2026-08-03,CUSTODIAN,TEST
3297,TRD103296,MARUTI,EQ-CORE-02,1000,1000,2026-08-10,CUSTODIAN,TRAIN
3298,TRD103297,MARUTI,EQ-ALPHA-03,100,100,2026-08-14,CUSTODIAN,TRAIN
3299,TRD103298,RELIANCE,EQ-INDEX-04,500,500,2026-08-05,CUSTODIAN,TRAIN
3300,TRD103299,RELIANCE,EQ-INDEX-04,500,500,2026-08-08,CUSTODIAN,TRAIN
3301,TRD103300,TCS,EQ-CORE-02,200,200,2026-08-03,CUSTODIAN,TRAIN
3302,TRD103301,TATASTEEL,EQ-INDEX-04,2000,2000,2026-08-09,CUSTODIAN,TRAIN
3303,TRD103302,AXISBANK,EQ-CORE-01,2000,2000,2026-08-19,CUSTODIAN,TEST
3304,TRD103303,TATASTEEL,EQ-CORE-01,1500,1755,2026-08-06,CUSTODIAN,TEST
3305,TRD103304,TCS,EQ-ALPHA-03,750,750,2026-08-22,CUSTODIAN,TRAIN
3306,TRD103305,TATASTEEL,EQ-INDEX-04,100,100,2026-08-04,CUSTODIAN,TRAIN
3307,TRD103306,HDFCBANK,EQ-INDEX-04,1000,1000,2026-08-05,CUSTODIAN,TRAIN
3308,TRD103307,LT,EQ-CORE-02,2000,2000,2026-08-02,CUSTODIAN,TRAIN
3309,TRD103308,AXISBANK,EQ-INDEX-04,100,100,2026-08-16,CUSTODIAN,TRAIN
3310,TRD103309,BHARTIARTL,EQ-INDEX-04,100,100,2026-08-18,CUSTODIAN,TRAIN
3311,TRD103310,INFY,EQ-INDEX-04,500,500,2026-08-20,CUSTODIAN,TRAIN
3312,TRD103311,ITC,EQ-INDEX-04,2000,2000,2026-08-19,CUSTODIAN,TRAIN
3313,TRD103312,MARUTI,EQ-CORE-01,500,500,2026-08-15,CUSTODIAN,TEST
3314,TRD103313,INFY,EQ-ALPHA-03,750,750,2026-08-19,CUSTODIAN,TEST
3315,TRD103314,MARUTI,EQ-ALPHA-03,100,100,2026-08-22,CUSTODIAN,TRAIN
3316,TRD103315,HINDUNILVR,EQ-CORE-02,250,250,2026-08-14,CUSTODIAN,TRAIN
3317,TRD103316,BHARTIARTL,EQ-INDEX-04,100,100,2026-08-14,CUSTODIAN,TRAIN
3318,TRD103317,MARUTI,EQ-INDEX-04,2000,2000,2026-08-17,CUSTODIAN,TEST
3319,TRD103318,KOTAKBANK,EQ-CORE-01,1000,1000,2026-08-21,CUSTODIAN,TRAIN
3320,TRD103319,AXISBANK,EQ-ALPHA-03,1000,1000,2026-08-06,CUSTODIAN,TEST
3321,TRD103320,WIPRO,EQ-INDEX-04,200,200,2026-08-11,CUSTODIAN,TRAIN
3322,TRD103321,RELIANCE,EQ-ALPHA-03,2000,2000,2026-08-08,CUSTODIAN,TRAIN
3323,TRD103322,MARUTI,EQ-CORE-02,750,750,2026-08-07,CUSTODIAN,TRAIN
3324,TRD103323,AXISBANK,EQ-ALPHA-03,500,500,2026-08-11,CUSTODIAN,TRAIN
3325,TRD103324,HDFCBANK,EQ-INDEX-04,100,100,2026-08-05,CUSTODIAN,TRAIN
3326,TRD103325,MARUTI,EQ-CORE-02,100,100,2026-08-09,CUSTODIAN,TRAIN
3327,TRD103326,SBIN,EQ-INDEX-04,200,200,2026-08-13,CUSTODIAN,TRAIN
3328,TRD103327,BHARTIARTL,EQ-CORE-02,500,500,2026-08-21,CUSTODIAN,TRAIN
3329,TRD103328,LT,EQ-CORE-01,200,200,2026-08-12,CUSTODIAN,TRAIN
3330,TRD103329,TATASTEEL,EQ-INDEX-04,2000,2000,2026-08-06,CUSTODIAN,TRAIN
3331,TRD103330,SBIN,EQ-CORE-01,2000,2000,2026-08-12,CUSTODIAN,TRAIN
3332,TRD103331,LT,EQ-CORE-01,200,200,2026-08-18,CUSTODIAN,TRAIN
3333,TRD103332,HDFCBANK,EQ-CORE-01,1000,1000,2026-08-17,CUSTODIAN,TRAIN
3334,TRD103333,SBIN,EQ-INDEX-04,750,750,2026-08-22,CUSTODIAN,TRAIN
3335,TRD103334,HDFCBANK,EQ-INDEX-04,1500,1500,2026-08-11,CUSTODIAN,TRAIN
3336,TRD103335,HINDUNILVR,EQ-CORE-02,750,750,2026-08-16,CUSTODIAN,TRAIN
3337,TRD103336,SBIN,EQ-CORE-02,200,200,2026-08-02,CUSTODIAN,TRAIN
3338,TRD103337,MARUTI,EQ-INDEX-04,2000,2000,2026-08-14,CUSTODIAN,TRAIN
3339,TRD103338,ITC,EQ-ALPHA-03,100,100,2026-08-17,CUSTODIAN,TEST
3340,TRD103339,LT,EQ-CORE-01,100,100,2026-08-16,CUSTODIAN,TRAIN
3341,TRD103340,LT,EQ-CORE-01,1000,1290,2026-08-07,CUSTODIAN,TRAIN
3342,TRD103341,AXISBANK,EQ-INDEX-04,250,450,2026-08-14,CUSTODIAN,TEST
3343,TRD103342,TATASTEEL,EQ-CORE-01,2000,2000,2026-08-18,CUSTODIAN,TEST
3344,TRD103343,BHARTIARTL,EQ-INDEX-04,1500,1500,2026-08-02,CUSTODIAN,TEST
3345,TRD103344,INFY,EQ-CORE-02,2000,2000,2026-08-08,CUSTODIAN,TRAIN
3346,TRD103345,ITC,EQ-CORE-02,1500,1500,2026-08-13,CUSTODIAN,TRAIN
3347,TRD103346,TATASTEEL,EQ-CORE-01,1500,1500,2026-08-17,CUSTODIAN,TRAIN
3348,TRD103347,TATASTEEL,EQ-INDEX-04,100,100,2026-08-18,CUSTODIAN,TRAIN
3349,TRD103348,INFY,EQ-ALPHA-03,100,87,2026-08-13,CUSTODIAN,TRAIN
3350,TRD103349,SBIN,EQ-INDEX-04,100,100,2026-08-21,CUSTODIAN,TEST
3351,TRD103350,AXISBANK,EQ-INDEX-04,1500,1500,2026-08-12,CUSTODIAN,TRAIN
3352,TRD103351,ICICIBANK,EQ-ALPHA-03,100,100,2026-08-22,CUSTODIAN,TRAIN
3353,TRD103352,ITC,EQ-INDEX-04,100,100,2026-08-18,CUSTODIAN,TRAIN
3354,TRD103353,WIPRO,EQ-CORE-01,1000,1000,2026-08-07,CUSTODIAN,TRAIN
3355,TRD103354,HDFCBANK,EQ-CORE-02,750,750,2026-08-07,CUSTODIAN,TRAIN
3356,TRD103355,WIPRO,EQ-CORE-01,250,250,2026-08-08,CUSTODIAN,TRAIN
3357,TRD103356,INFY,EQ-INDEX-04,250,250,2026-08-05,CUSTODIAN,TRAIN
3358,TRD103357,KOTAKBANK,EQ-CORE-01,2000,2000,2026-08-05,CUSTODIAN,TRAIN
3359,TRD103358,INFY,EQ-ALPHA-03,100,180,2026-08-07,CUSTODIAN,TRAIN
3360,TRD103359,ICICIBANK,EQ-CORE-02,750,750,2026-08-14,CUSTODIAN,TRAIN
3361,TRD103360,SBIN,EQ-CORE-01,250,250,2026-08-15,CUSTODIAN,TRAIN
3362,TRD103361,AXISBANK,EQ-INDEX-04,250,250,2026-08-07,CUSTODIAN,TRAIN
3363,TRD103362,TCS,EQ-INDEX-04,750,750,2026-08-15,CUSTODIAN,TEST
3364,TRD103363,RELIANCE,EQ-INDEX-04,1500,1500,2026-08-04,CUSTODIAN,TEST
3365,TRD103364,TATASTEEL,EQ-CORE-02,500,500,2026-08-04,CUSTODIAN,TRAIN
3366,TRD103365,TATASTEEL,EQ-ALPHA-03,100,100,2026-08-02,CUSTODIAN,TEST
3367,TRD103366,HDFCBANK,EQ-ALPHA-03,250,250,2026-08-16,CUSTODIAN,TRAIN
3368,TRD103367,BHARTIARTL,EQ-ALPHA-03,500,0,2026-08-16,MISSING,TRAIN
3369,TRD103368,BHARTIARTL,EQ-CORE-02,500,500,2026-08-02,CUSTODIAN,TEST
3370,TRD103369,WIPRO,EQ-CORE-01,1500,1500,2026-08-12,CUSTODIAN,TEST
3371,TRD103370,TATASTEEL,EQ-ALPHA-03,1000,1000,2026-08-21,CUSTODIAN,TRAIN
3372,TRD103371,WIPRO,EQ-INDEX-04,500,500,2026-08-09,CUSTODIAN,TRAIN
3373,TRD103372,HINDUNILVR,EQ-CORE-01,2000,2000,2026-08-04,CUSTODIAN,TRAIN
3374,TRD103373,HDFCBANK,EQ-INDEX-04,1000,1000,2026-08-11,CUSTODIAN,TRAIN
3375,TRD103374,INFY,EQ-ALPHA-03,1500,1500,2026-08-16,CUSTODIAN,TRAIN
3376,TRD103375,ITC,EQ-CORE-02,250,250,2026-08-11,CUSTODIAN,TEST
3377,TRD103376,ICICIBANK,EQ-INDEX-04,1000,1000,2026-08-02,CUSTODIAN,TRAIN
3378,TRD103377,MARUTI,EQ-INDEX-04,100,129,2026-08-17,CUSTODIAN,TEST
3379,TRD103378,INFY,EQ-CORE-02,100,100,2026-08-05,CUSTODIAN,TRAIN
3380,TRD103379,INFY,EQ-CORE-02,250,250,2026-08-13,CUSTODIAN,TRAIN
3381,TRD103380,ICICIBANK,EQ-CORE-02,750,750,2026-08-03,CUSTODIAN,TRAIN
3382,TRD103381,TATASTEEL,EQ-CORE-02,250,250,2026-08-08,CUSTODIAN,TRAIN
3383,TRD103382,RELIANCE,EQ-CORE-02,250,250,2026-08-04,CUSTODIAN,TRAIN
3384,TRD103383,TATASTEEL,EQ-CORE-02,1000,1000,2026-08-03,CUSTODIAN,TEST
3385,TRD103384,ICICIBANK,EQ-INDEX-04,1000,1000,2026-08-03,CUSTODIAN,TRAIN
3386,TRD103385,WIPRO,EQ-CORE-02,500,500,2026-08-09,CUSTODIAN,TRAIN
3387,TRD103386,MARUTI,EQ-INDEX-04,500,500,2026-08-07,CUSTODIAN,TRAIN
3388,TRD103387,RELIANCE,EQ-CORE-02,100,100,2026-08-19,CUSTODIAN,TRAIN
3389,TRD103388,INFY,EQ-CORE-01,750,1350,2026-08-04,CUSTODIAN,TEST
3390,TRD103389,HINDUNILVR,EQ-CORE-02,1000,2300,2026-08-14,CUSTODIAN,TRAIN
3391,TRD103390,TCS,EQ-CORE-02,250,250,2026-08-17,CUSTODIAN,TRAIN
3392,TRD103391,ITC,EQ-CORE-02,2000,2000,2026-08-13,CUSTODIAN,TRAIN
3393,TRD103392,TATASTEEL,EQ-CORE-01,100,100,2026-08-21,CUSTODIAN,TRAIN
3394,TRD103393,TATASTEEL,EQ-CORE-02,2000,2000,2026-08-05,CUSTODIAN,TEST
3395,TRD103394,BHARTIARTL,EQ-INDEX-04,2000,0,2026-08-09,MISSING,TRAIN
3396,TRD103395,HDFCBANK,EQ-INDEX-04,1500,1500,2026-08-15,CUSTODIAN,TRAIN
3397,TRD103396,INFY,EQ-CORE-01,1500,1500,2026-08-05,CUSTODIAN,TRAIN
3398,TRD103397,TCS,EQ-CORE-01,2000,2000,2026-08-09,CUSTODIAN,TRAIN
3399,TRD103398,KOTAKBANK,EQ-CORE-01,750,750,2026-08-06,CUSTODIAN,TRAIN
3400,TRD103399,INFY,EQ-ALPHA-03,200,200,2026-08-09,CUSTODIAN,TEST
3401,TRD103400,SBIN,EQ-CORE-01,200,460,2026-08-06,CUSTODIAN,TRAIN
3402,TRD103401,HDFCBANK,EQ-INDEX-04,100,124,2026-08-16,CUSTODIAN,TEST
3403,TRD103402,ICICIBANK,EQ-ALPHA-03,2000,2000,2026-08-06,CUSTODIAN,TRAIN
3404,TRD103403,INFY,EQ-ALPHA-03,200,200,2026-08-09,CUSTODIAN,TRAIN
3405,TRD103404,WIPRO,EQ-INDEX-04,200,200,2026-08-03,CUSTODIAN,TRAIN
3406,TRD103405,RELIANCE,EQ-CORE-02,1500,1500,2026-08-14,CUSTODIAN,TRAIN
3407,TRD103406,TATASTEEL,EQ-INDEX-04,500,645,2026-08-20,CUSTODIAN,TRAIN
3408,TRD103407,TCS,EQ-ALPHA-03,1000,1000,2026-08-03,CUSTODIAN,TRAIN
3409,TRD103408,WIPRO,EQ-ALPHA-03,750,750,2026-08-10,CUSTODIAN,TEST
3410,TRD103409,WIPRO,EQ-ALPHA-03,500,500,2026-08-19,CUSTODIAN,TRAIN
3411,TRD103410,WIPRO,EQ-ALPHA-03,2000,2000,2026-08-07,CUSTODIAN,TRAIN
3412,TRD103411,ITC,EQ-ALPHA-03,250,250,2026-08-07,CUSTODIAN,TRAIN
3413,TRD103412,MARUTI,EQ-INDEX-04,1000,1000,2026-08-04,CUSTODIAN,TRAIN
3414,TRD103413,LT,EQ-CORE-01,250,250,2026-08-13,CUSTODIAN,TRAIN
3415,TRD103414,SBIN,EQ-CORE-02,1500,1500,2026-08-11,CUSTODIAN,TRAIN
3416,TRD103415,HDFCBANK,EQ-CORE-01,750,750,2026-08-22,CUSTODIAN,TRAIN
3417,TRD103416,HINDUNILVR,EQ-ALPHA-03,250,250,2026-08-10,CUSTODIAN,TRAIN
3418,TRD103417,AXISBANK,EQ-INDEX-04,100,100,2026-08-21,CUSTODIAN,TRAIN
3419,TRD103418,INFY,EQ-CORE-01,2000,2000,2026-08-15,CUSTODIAN,TRAIN
3420,TRD103419,TATASTEEL,EQ-ALPHA-03,1000,1000,2026-08-04,CUSTODIAN,TEST
3421,TRD103420,HDFCBANK,EQ-CORE-01,250,250,2026-08-11,CUSTODIAN,TRAIN
3422,TRD103421,WIPRO,EQ-CORE-01,500,500,2026-08-03,CUSTODIAN,TRAIN
3423,TRD103422,HDFCBANK,EQ-CORE-02,1000,1000,2026-08-19,CUSTODIAN,TEST
3424,TRD103423,INFY,EQ-CORE-02,750,750,2026-08-04,CUSTODIAN,TRAIN
3425,TRD103424,MARUTI,EQ-CORE-02,100,100,2026-08-15,CUSTODIAN,TRAIN
3426,TRD103425,ITC,EQ-CORE-01,100,100,2026-08-10,CUSTODIAN,TRAIN
3427,TRD103426,MARUTI,EQ-INDEX-04,100,100,2026-08-15,CUSTODIAN,TRAIN
3428,TRD103427,HDFCBANK,EQ-CORE-02,1000,1000,2026-08-20,CUSTODIAN,TRAIN
3429,TRD103428,INFY,EQ-INDEX-04,500,500,2026-08-04,CUSTODIAN,TEST
3430,TRD103429,MARUTI,EQ-INDEX-04,500,500,2026-08-08,CUSTODIAN,TRAIN
3431,TRD103430,RELIANCE,EQ-ALPHA-03,750,750,2026-08-04,CUSTODIAN,TRAIN
3432,TRD103431,HDFCBANK,EQ-CORE-01,200,200,2026-08-10,CUSTODIAN,TRAIN
3433,TRD103432,ITC,EQ-ALPHA-03,250,250,2026-08-14,CUSTODIAN,TRAIN
3434,TRD103433,BHARTIARTL,EQ-ALPHA-03,100,100,2026-08-08,CUSTODIAN,TRAIN
3435,TRD103434,AXISBANK,EQ-INDEX-04,100,100,2026-08-15,CUSTODIAN,TRAIN
3436,TRD103435,MARUTI,EQ-CORE-01,1000,1000,2026-08-19,CUSTODIAN,TRAIN
3437,TRD103436,MARUTI,EQ-CORE-02,2000,2000,2026-08-20,CUSTODIAN,TRAIN
3438,TRD103437,WIPRO,EQ-CORE-02,250,250,2026-08-07,CUSTODIAN,TRAIN
3439,TRD103438,ICICIBANK,EQ-CORE-02,750,750,2026-08-04,CUSTODIAN,TRAIN
3440,TRD103439,ICICIBANK,EQ-INDEX-04,1000,1000,2026-08-12,CUSTODIAN,TRAIN
3441,TRD103440,ITC,EQ-ALPHA-03,100,100,2026-08-11,CUSTODIAN,TRAIN
3442,TRD103441,BHARTIARTL,EQ-ALPHA-03,250,250,2026-08-20,CUSTODIAN,TRAIN
3443,TRD103442,INFY,EQ-CORE-01,500,500,2026-08-10,CUSTODIAN,TRAIN
3444,TRD103443,AXISBANK,EQ-ALPHA-03,1000,1000,2026-08-12,CUSTODIAN,TRAIN
3445,TRD103444,WIPRO,EQ-ALPHA-03,750,750,2026-08-14,CUSTODIAN,TRAIN
3446,TRD103445,SBIN,EQ-CORE-02,100,100,2026-08-04,CUSTODIAN,TRAIN
3447,TRD103446,LT,EQ-ALPHA-03,200,200,2026-08-15,CUSTODIAN,TRAIN
3448,TRD103447,MARUTI,EQ-INDEX-04,1500,1500,2026-08-12,CUSTODIAN,TEST
3449,TRD103448,ICICIBANK,EQ-INDEX-04,500,0,2026-08-14,MISSING,TRAIN
3450,TRD103449,LT,EQ-ALPHA-03,2000,3400,2026-08-13,CUSTODIAN,TRAIN
3451,TRD103450,MARUTI,EQ-INDEX-04,2000,2000,2026-08-14,CUSTODIAN,TRAIN
3452,TRD103451,SBIN,EQ-ALPHA-03,750,750,2026-08-04,CUSTODIAN,TEST
3453,TRD103452,RELIANCE,EQ-CORE-01,250,250,2026-08-07,CUSTODIAN,TEST
3454,TRD103453,HINDUNILVR,EQ-INDEX-04,750,750,2026-08-16,CUSTODIAN,TEST
3455,TRD103454,ICICIBANK,EQ-ALPHA-03,500,500,2026-08-15,CUSTODIAN,TRAIN
3456,TRD103455,HDFCBANK,EQ-CORE-02,500,500,2026-08-15,CUSTODIAN,TEST
3457,TRD103456,RELIANCE,EQ-CORE-02,1500,1500,2026-08-16,CUSTODIAN,TRAIN
3458,TRD103457,MARUTI,EQ-CORE-02,1500,1500,2026-08-05,CUSTODIAN,TRAIN
3459,TRD103458,WIPRO,EQ-ALPHA-03,250,250,2026-08-17,CUSTODIAN,TRAIN
3460,TRD103459,AXISBANK,EQ-INDEX-04,100,100,2026-08-16,CUSTODIAN,TRAIN
3461,TRD103460,HDFCBANK,EQ-INDEX-04,1000,1000,2026-08-03,CUSTODIAN,TRAIN
3462,TRD103461,AXISBANK,EQ-INDEX-04,1500,1500,2026-08-07,CUSTODIAN,TRAIN
3463,TRD103462,RELIANCE,EQ-CORE-01,1000,1000,2026-08-22,CUSTODIAN,TRAIN
3464,TRD103463,AXISBANK,EQ-INDEX-04,250,250,2026-08-05,CUSTODIAN,TEST
3465,TRD103464,ICICIBANK,EQ-INDEX-04,1500,1500,2026-08-04,CUSTODIAN,TRAIN
3466,TRD103465,RELIANCE,EQ-CORE-01,1500,1500,2026-08-07,CUSTODIAN,TEST
3467,TRD103466,HINDUNILVR,EQ-CORE-02,250,250,2026-08-02,CUSTODIAN,TRAIN
3468,TRD103467,HINDUNILVR,EQ-CORE-02,200,200,2026-08-20,CUSTODIAN,TEST
3469,TRD103468,TCS,EQ-CORE-02,250,250,2026-08-12,CUSTODIAN,TRAIN
3470,TRD103469,TCS,EQ-INDEX-04,2000,2000,2026-08-02,CUSTODIAN,TRAIN
3471,TRD103470,AXISBANK,EQ-CORE-02,750,750,2026-08-20,CUSTODIAN,TRAIN
3472,TRD103471,HDFCBANK,EQ-CORE-02,500,500,2026-08-04,CUSTODIAN,TRAIN
3473,TRD103472,ICICIBANK,EQ-INDEX-04,100,100,2026-08-13,CUSTODIAN,TRAIN
3474,TRD103473,RELIANCE,EQ-ALPHA-03,1500,1500,2026-08-04,CUSTODIAN,TRAIN
3475,TRD103474,HDFCBANK,EQ-CORE-02,100,100,2026-08-21,CUSTODIAN,TRAIN
3476,TRD103475,HDFCBANK,EQ-CORE-02,750,750,2026-08-09,CUSTODIAN,TEST
3477,TRD103476,ITC,EQ-INDEX-04,200,200,2026-08-18,CUSTODIAN,TRAIN
3478,TRD103477,KOTAKBANK,EQ-CORE-01,750,750,2026-08-05,CUSTODIAN,TEST
3479,TRD103478,BHARTIARTL,EQ-CORE-02,750,750,2026-08-20,CUSTODIAN,TRAIN
3480,TRD103479,SBIN,EQ-CORE-01,100,100,2026-08-16,CUSTODIAN,TRAIN
3481,TRD103480,RELIANCE,EQ-INDEX-04,250,250,2026-08-11,CUSTODIAN,TEST
3482,TRD103481,HDFCBANK,EQ-CORE-01,100,100,2026-08-19,CUSTODIAN,TRAIN
3483,TRD103482,INFY,EQ-INDEX-04,1500,1935,2026-08-07,CUSTODIAN,TRAIN
3484,TRD103483,KOTAKBANK,EQ-CORE-01,750,750,2026-08-18,CUSTODIAN,TRAIN
3485,TRD103484,ITC,EQ-CORE-02,250,0,2026-08-20,MISSING,TRAIN
3486,TRD103485,KOTAKBANK,EQ-CORE-01,750,750,2026-08-15,CUSTODIAN,TRAIN
3487,TRD103486,TATASTEEL,EQ-CORE-02,200,200,2026-08-14,CUSTODIAN,TRAIN
3488,TRD103487,BHARTIARTL,EQ-CORE-02,1500,1500,2026-08-19,CUSTODIAN,TRAIN
3489,TRD103488,HDFCBANK,EQ-INDEX-04,200,200,2026-08-22,CUSTODIAN,TRAIN
3490,TRD103489,KOTAKBANK,EQ-INDEX-04,750,750,2026-08-08,CUSTODIAN,TRAIN
3491,TRD103490,KOTAKBANK,EQ-INDEX-04,750,750,2026-08-18,CUSTODIAN,TEST
3492,TRD103491,TCS,EQ-CORE-02,250,250,2026-08-11,CUSTODIAN,TRAIN
3493,TRD103492,INFY,EQ-CORE-01,1000,1000,2026-08-21,CUSTODIAN,TEST
3494,TRD103493,HDFCBANK,EQ-ALPHA-03,2000,2000,2026-08-02,CUSTODIAN,TEST
3495,TRD103494,BHARTIARTL,EQ-INDEX-04,100,100,2026-08-14,CUSTODIAN,TRAIN
3496,TRD103495,INFY,EQ-ALPHA-03,750,750,2026-08-12,CUSTODIAN,TRAIN
3497,TRD103496,SBIN,EQ-CORE-01,1000,1000,2026-08-15,CUSTODIAN,TRAIN
3498,TRD103497,HINDUNILVR,EQ-CORE-01,1000,1000,2026-08-10,CUSTODIAN,TRAIN
3499,TRD103498,MARUTI,EQ-CORE-02,1500,1500,2026-08-10,CUSTODIAN,TRAIN
3500,TRD103499,SBIN,EQ-ALPHA-03,2000,2000,2026-08-09,CUSTODIAN,TEST
3501,TRD103500,WIPRO,EQ-CORE-02,1500,1500,2026-08-08,CUSTODIAN,TRAIN
3502,TRD103501,RELIANCE,EQ-INDEX-04,1500,1500,2026-08-16,CUSTODIAN,TRAIN
3503,TRD103502,AXISBANK,EQ-INDEX-04,200,200,2026-08-20,CUSTODIAN,TRAIN
3504,TRD103503,INFY,EQ-INDEX-04,100,100,2026-08-07,CUSTODIAN,TRAIN
3505,TRD103504,INFY,EQ-INDEX-04,1500,1500,2026-08-06,CUSTODIAN,TEST
3506,TRD103505,BHARTIARTL,EQ-INDEX-04,200,200,2026-08-20,CUSTODIAN,TRAIN
3507,TRD103506,HDFCBANK,EQ-CORE-02,1000,1000,2026-08-20,CUSTODIAN,TRAIN
3508,TRD103507,HDFCBANK,EQ-INDEX-04,1000,0,2026-08-17,MISSING,TEST
3509,TRD103508,ITC,EQ-ALPHA-03,250,250,2026-08-15,CUSTODIAN,TRAIN
3510,TRD103509,HDFCBANK,EQ-ALPHA-03,750,750,2026-08-03,CUSTODIAN,TRAIN
3511,TRD103510,TCS,EQ-CORE-02,1000,1290,2026-08-18,CUSTODIAN,TEST
3512,TRD103511,INFY,EQ-CORE-01,250,250,2026-08-02,CUSTODIAN,TRAIN
3513,TRD103512,ICICIBANK,EQ-CORE-02,100,100,2026-08-16,CUSTODIAN,TRAIN
3514,TRD103513,HINDUNILVR,EQ-ALPHA-03,750,750,2026-08-09,CUSTODIAN,TRAIN
3515,TRD103514,HDFCBANK,EQ-INDEX-04,750,750,2026-08-08,CUSTODIAN,TRAIN
3516,TRD103515,INFY,EQ-INDEX-04,2000,2000,2026-08-20,CUSTODIAN,TRAIN
3517,TRD103516,MARUTI,EQ-CORE-01,1500,2700,2026-08-06,CUSTODIAN,TRAIN
3518,TRD103517,AXISBANK,EQ-ALPHA-03,250,250,2026-08-07,CUSTODIAN,TEST
3519,TRD103518,RELIANCE,EQ-CORE-01,2000,2000,2026-08-15,CUSTODIAN,TRAIN
3520,TRD103519,LT,EQ-CORE-01,1500,1500,2026-08-20,CUSTODIAN,TEST
3521,TRD103520,BHARTIARTL,EQ-ALPHA-03,250,250,2026-08-04,CUSTODIAN,TRAIN
3522,TRD103521,KOTAKBANK,EQ-CORE-01,100,100,2026-08-15,CUSTODIAN,TRAIN
3523,TRD103522,AXISBANK,EQ-ALPHA-03,1000,0,2026-08-06,MISSING,TRAIN
3524,TRD103523,ICICIBANK,EQ-ALPHA-03,500,500,2026-08-11,CUSTODIAN,TEST
3525,TRD103524,WIPRO,EQ-CORE-02,250,250,2026-08-04,CUSTODIAN,TRAIN
3526,TRD103525,KOTAKBANK,EQ-CORE-01,1000,1000,2026-08-05,CUSTODIAN,TRAIN
3527,TRD103526,ITC,EQ-INDEX-04,2000,2000,2026-08-07,CUSTODIAN,TRAIN
3528,TRD103527,RELIANCE,EQ-CORE-02,500,500,2026-08-20,CUSTODIAN,TEST
3529,TRD103528,INFY,EQ-CORE-01,1000,1000,2026-08-20,CUSTODIAN,TRAIN
3530,TRD103529,LT,EQ-CORE-02,2000,1740,2026-08-16,CUSTODIAN,TRAIN
3531,TRD103530,WIPRO,EQ-INDEX-04,250,250,2026-08-11,CUSTODIAN,TRAIN
3532,TRD103531,LT,EQ-CORE-01,100,100,2026-08-17,CUSTODIAN,TEST
3533,TRD103532,WIPRO,EQ-CORE-01,1500,1500,2026-08-09,CUSTODIAN,TRAIN
3534,TRD103533,WIPRO,EQ-CORE-01,2000,2000,2026-08-04,CUSTODIAN,TRAIN
3535,TRD103534,KOTAKBANK,EQ-CORE-01,100,100,2026-08-19,CUSTODIAN,TRAIN
3536,TRD103535,WIPRO,EQ-ALPHA-03,500,500,2026-08-07,CUSTODIAN,TEST
3537,TRD103536,ICICIBANK,EQ-CORE-01,1000,1000,2026-08-10,CUSTODIAN,TRAIN
3538,TRD103537,LT,EQ-CORE-01,100,100,2026-08-19,CUSTODIAN,TRAIN
3539,TRD103538,SBIN,EQ-ALPHA-03,2000,2000,2026-08-21,CUSTODIAN,TRAIN
3540,TRD103539,AXISBANK,EQ-INDEX-04,200,200,2026-08-03,CUSTODIAN,TRAIN
3541,TRD103540,RELIANCE,EQ-CORE-01,100,100,2026-08-20,CUSTODIAN,TEST
3542,TRD103541,SBIN,EQ-CORE-02,750,750,2026-08-10,CUSTODIAN,TEST
3543,TRD103542,INFY,EQ-CORE-02,200,200,2026-08-02,CUSTODIAN,TRAIN
3544,TRD103543,BHARTIARTL,EQ-ALPHA-03,250,250,2026-08-03,CUSTODIAN,TRAIN
3545,TRD103544,KOTAKBANK,EQ-INDEX-04,750,900,2026-08-02,CUSTODIAN,TRAIN
3546,TRD103545,INFY,EQ-ALPHA-03,1500,1500,2026-08-21,CUSTODIAN,TRAIN
3547,TRD103546,TATASTEEL,EQ-CORE-02,1500,1500,2026-08-15,CUSTODIAN,TRAIN
3548,TRD103547,WIPRO,EQ-CORE-02,500,500,2026-08-15,CUSTODIAN,TRAIN
3549,TRD103548,TATASTEEL,EQ-ALPHA-03,500,500,2026-08-16,CUSTODIAN,TRAIN
3550,TRD103549,LT,EQ-CORE-01,100,100,2026-08-15,CUSTODIAN,TRAIN
3551,TRD103550,RELIANCE,EQ-CORE-01,250,250,2026-08-05,CUSTODIAN,TRAIN
3552,TRD103551,MARUTI,EQ-CORE-02,500,500,2026-08-08,CUSTODIAN,TEST
3553,TRD103552,BHARTIARTL,EQ-ALPHA-03,200,200,2026-08-19,CUSTODIAN,TRAIN
3554,TRD103553,SBIN,EQ-CORE-01,250,250,2026-08-09,CUSTODIAN,TRAIN
3555,TRD103554,AXISBANK,EQ-CORE-02,1500,1500,2026-08-16,CUSTODIAN,TRAIN
3556,TRD103555,RELIANCE,EQ-CORE-01,1000,1000,2026-08-17,CUSTODIAN,TRAIN
3557,TRD103556,ITC,EQ-INDEX-04,750,750,2026-08-10,CUSTODIAN,TEST
3558,TRD103557,MARUTI,EQ-INDEX-04,250,250,2026-08-08,CUSTODIAN,TRAIN
3559,TRD103558,ICICIBANK,EQ-ALPHA-03,1500,1305,2026-08-21,CUSTODIAN,TEST
3560,TRD103559,AXISBANK,EQ-INDEX-04,750,750,2026-08-17,CUSTODIAN,TRAIN
3561,TRD103560,MARUTI,EQ-INDEX-04,1500,1500,2026-08-12,CUSTODIAN,TRAIN
3562,TRD103561,SBIN,EQ-INDEX-04,500,435,2026-08-06,CUSTODIAN,TRAIN
3563,TRD103562,WIPRO,EQ-INDEX-04,750,750,2026-08-13,CUSTODIAN,TEST
3564,TRD103563,HDFCBANK,EQ-CORE-01,1500,1500,2026-08-03,CUSTODIAN,TRAIN
3565,TRD103564,HDFCBANK,EQ-CORE-01,100,100,2026-08-09,CUSTODIAN,TRAIN
3566,TRD103565,RELIANCE,EQ-INDEX-04,250,250,2026-08-22,CUSTODIAN,TRAIN
3567,TRD103566,MARUTI,EQ-CORE-01,100,100,2026-08-20,CUSTODIAN,TRAIN
3568,TRD103567,AXISBANK,EQ-CORE-02,100,100,2026-08-07,CUSTODIAN,TEST
3569,TRD103568,INFY,EQ-ALPHA-03,1000,1000,2026-08-21,CUSTODIAN,TRAIN
3570,TRD103569,WIPRO,EQ-INDEX-04,500,390,2026-08-16,CUSTODIAN,TEST
3571,TRD103570,HDFCBANK,EQ-CORE-01,200,200,2026-08-07,CUSTODIAN,TRAIN
3572,TRD103571,AXISBANK,EQ-INDEX-04,1500,1500,2026-08-16,CUSTODIAN,TRAIN
3573,TRD103572,KOTAKBANK,EQ-CORE-02,1000,1000,2026-08-10,CUSTODIAN,TRAIN
3574,TRD103573,SBIN,EQ-ALPHA-03,750,750,2026-08-21,CUSTODIAN,TRAIN
3575,TRD103574,HDFCBANK,EQ-CORE-01,200,200,2026-08-02,CUSTODIAN,TRAIN
3576,TRD103575,SBIN,EQ-ALPHA-03,1000,1000,2026-08-11,CUSTODIAN,TRAIN
3577,TRD103576,BHARTIARTL,EQ-ALPHA-03,250,250,2026-08-21,CUSTODIAN,TRAIN
3578,TRD103577,TCS,EQ-INDEX-04,2000,2000,2026-08-03,CUSTODIAN,TRAIN
3579,TRD103578,RELIANCE,EQ-INDEX-04,500,500,2026-08-15,CUSTODIAN,TRAIN
3580,TRD103579,ICICIBANK,EQ-INDEX-04,1500,1500,2026-08-02,CUSTODIAN,TEST
3581,TRD103580,HINDUNILVR,EQ-CORE-02,1500,1500,2026-08-14,CUSTODIAN,TRAIN
3582,TRD103581,SBIN,EQ-CORE-01,200,200,2026-08-13,CUSTODIAN,TRAIN
3583,TRD103582,HDFCBANK,EQ-CORE-01,100,100,2026-08-09,CUSTODIAN,TEST
3584,TRD103583,ITC,EQ-INDEX-04,200,200,2026-08-03,CUSTODIAN,TRAIN
3585,TRD103584,SBIN,EQ-CORE-02,250,250,2026-08-11,CUSTODIAN,TRAIN
3586,TRD103585,AXISBANK,EQ-CORE-01,1000,1000,2026-08-20,CUSTODIAN,TRAIN
3587,TRD103586,ICICIBANK,EQ-INDEX-04,1000,1000,2026-08-12,CUSTODIAN,TRAIN
3588,TRD103587,SBIN,EQ-INDEX-04,2000,2000,2026-08-04,CUSTODIAN,TRAIN
3589,TRD103588,WIPRO,EQ-CORE-02,750,750,2026-08-14,CUSTODIAN,TEST
3590,TRD103589,SBIN,EQ-CORE-02,1500,1500,2026-08-19,CUSTODIAN,TRAIN
3591,TRD103590,WIPRO,EQ-INDEX-04,2000,2000,2026-08-19,CUSTODIAN,TEST
3592,TRD103591,SBIN,EQ-INDEX-04,2000,2000,2026-08-07,CUSTODIAN,TEST
3593,TRD103592,HINDUNILVR,EQ-CORE-01,200,200,2026-08-09,CUSTODIAN,TRAIN
3594,TRD103593,INFY,EQ-CORE-02,100,100,2026-08-15,CUSTODIAN,TEST
3595,TRD103594,HDFCBANK,EQ-INDEX-04,250,250,2026-08-21,CUSTODIAN,TRAIN
3596,TRD103595,HINDUNILVR,EQ-ALPHA-03,250,250,2026-08-14,CUSTODIAN,TEST
3597,TRD103596,INFY,EQ-INDEX-04,250,0,2026-08-07,MISSING,TRAIN
3598,TRD103597,AXISBANK,EQ-CORE-02,250,250,2026-08-16,CUSTODIAN,TRAIN
3599,TRD103598,HDFCBANK,EQ-CORE-02,1000,1000,2026-08-03,CUSTODIAN,TEST
3600,TRD103599,RELIANCE,EQ-INDEX-04,200,200,2026-08-02,CUSTODIAN,TRAIN
3601,TRD103600,HDFCBANK,EQ-CORE-02,250,250,2026-08-11,CUSTODIAN,TRAIN
3602,TRD103601,ITC,EQ-CORE-01,200,200,2026-08-18,CUSTODIAN,TRAIN
3603,TRD103602,SBIN,EQ-ALPHA-03,1000,1000,2026-08-12,CUSTODIAN,TRAIN
3604,TRD103603,TATASTEEL,EQ-INDEX-04,1500,1500,2026-08-16,CUSTODIAN,TRAIN
3605,TRD103604,HDFCBANK,EQ-INDEX-04,500,500,2026-08-02,CUSTODIAN,TRAIN
3606,TRD103605,HDFCBANK,EQ-CORE-02,500,500,2026-08-07,CUSTODIAN,TRAIN
3607,TRD103606,ITC,EQ-CORE-01,2000,2000,2026-08-08,CUSTODIAN,TEST
3608,TRD103607,TATASTEEL,EQ-INDEX-04,100,100,2026-08-14,CUSTODIAN,TRAIN
3609,TRD103608,TATASTEEL,EQ-CORE-01,2000,2000,2026-08-19,CUSTODIAN,TRAIN
3610,TRD103609,BHARTIARTL,EQ-ALPHA-03,100,100,2026-08-12,CUSTODIAN,TRAIN
3611,TRD103610,KOTAKBANK,EQ-INDEX-04,750,750,2026-08-03,CUSTODIAN,TRAIN
3612,TRD103611,WIPRO,EQ-CORE-01,100,100,2026-08-17,CUSTODIAN,TEST
3613,TRD103612,ITC,EQ-INDEX-04,1000,1000,2026-08-15,CUSTODIAN,TRAIN
3614,TRD103613,SBIN,EQ-CORE-01,100,100,2026-08-15,CUSTODIAN,TRAIN
3615,TRD103614,HDFCBANK,EQ-ALPHA-03,1500,1500,2026-08-18,CUSTODIAN,TEST
3616,TRD103615,TATASTEEL,EQ-INDEX-04,750,750,2026-08-04,CUSTODIAN,TRAIN
3617,TRD103616,SBIN,EQ-CORE-02,2000,2000,2026-08-08,CUSTODIAN,TRAIN
3618,TRD103617,WIPRO,EQ-ALPHA-03,750,750,2026-08-21,CUSTODIAN,TRAIN
3619,TRD103618,RELIANCE,EQ-CORE-02,1000,1000,2026-08-02,CUSTODIAN,TRAIN
3620,TRD103619,MARUTI,EQ-CORE-02,1500,1500,2026-08-15,CUSTODIAN,TRAIN
3621,TRD103620,INFY,EQ-CORE-01,500,500,2026-08-10,CUSTODIAN,TRAIN
3622,TRD103621,TCS,EQ-CORE-01,250,250,2026-08-20,CUSTODIAN,TEST
3623,TRD103622,SBIN,EQ-ALPHA-03,750,750,2026-08-12,CUSTODIAN,TRAIN
3624,TRD103623,RELIANCE,EQ-CORE-02,200,200,2026-08-16,CUSTODIAN,TRAIN
3625,TRD103624,TATASTEEL,EQ-ALPHA-03,500,500,2026-08-18,CUSTODIAN,TEST
3626,TRD103625,ICICIBANK,EQ-ALPHA-03,250,250,2026-08-22,CUSTODIAN,TRAIN
3627,TRD103626,WIPRO,EQ-CORE-02,2000,2000,2026-08-17,CUSTODIAN,TRAIN
3628,TRD103627,HDFCBANK,EQ-INDEX-04,2000,2000,2026-08-19,CUSTODIAN,TEST
3629,TRD103628,SBIN,EQ-INDEX-04,750,750,2026-08-18,CUSTODIAN,TRAIN
3630,TRD103629,WIPRO,EQ-ALPHA-03,500,500,2026-08-11,CUSTODIAN,TRAIN
3631,TRD103630,ICICIBANK,EQ-ALPHA-03,2000,2000,2026-08-20,CUSTODIAN,TRAIN
3632,TRD103631,RELIANCE,EQ-ALPHA-03,1000,1000,2026-08-16,CUSTODIAN,TEST
3633,TRD103632,HDFCBANK,EQ-CORE-02,500,500,2026-08-21,CUSTODIAN,TRAIN
3634,TRD103633,BHARTIARTL,EQ-CORE-02,200,0,2026-08-19,MISSING,TRAIN
3635,TRD103634,TCS,EQ-INDEX-04,1500,1500,2026-08-02,CUSTODIAN,TRAIN
3636,TRD103635,SBIN,EQ-ALPHA-03,1000,1000,2026-08-18,CUSTODIAN,TRAIN
3637,TRD103636,ITC,EQ-ALPHA-03,1500,1950,2026-08-13,CUSTODIAN,TEST
3638,TRD103637,INFY,EQ-CORE-01,750,750,2026-08-10,CUSTODIAN,TRAIN
3639,TRD103638,BHARTIARTL,EQ-CORE-02,2000,2000,2026-08-15,CUSTODIAN,TRAIN
3640,TRD103639,KOTAKBANK,EQ-ALPHA-03,100,100,2026-08-15,CUSTODIAN,TEST
3641,TRD103640,SBIN,EQ-ALPHA-03,200,200,2026-08-10,CUSTODIAN,TRAIN
3642,TRD103641,HINDUNILVR,EQ-CORE-02,2000,2000,2026-08-02,CUSTODIAN,TRAIN
3643,TRD103642,LT,EQ-CORE-02,1500,1500,2026-08-15,CUSTODIAN,TRAIN
3644,TRD103643,MARUTI,EQ-CORE-01,2000,2000,2026-08-04,CUSTODIAN,TRAIN
3645,TRD103644,BHARTIARTL,EQ-ALPHA-03,500,500,2026-08-21,CUSTODIAN,TEST
3646,TRD103645,TATASTEEL,EQ-CORE-02,500,500,2026-08-15,CUSTODIAN,TRAIN
3647,TRD103646,HINDUNILVR,EQ-CORE-02,1000,780,2026-08-19,CUSTODIAN,TRAIN
3648,TRD103647,AXISBANK,EQ-CORE-01,750,750,2026-08-08,CUSTODIAN,TRAIN
3649,TRD103648,KOTAKBANK,EQ-INDEX-04,200,200,2026-08-17,CUSTODIAN,TRAIN
3650,TRD103649,INFY,EQ-ALPHA-03,750,750,2026-08-06,CUSTODIAN,TRAIN
3651,TRD103650,HDFCBANK,EQ-CORE-01,1000,1000,2026-08-10,CUSTODIAN,TRAIN
3652,TRD103651,SBIN,EQ-INDEX-04,100,100,2026-08-13,CUSTODIAN,TEST
3653,TRD103652,LT,EQ-CORE-02,100,100,2026-08-17,CUSTODIAN,TRAIN
3654,TRD103653,KOTAKBANK,EQ-CORE-01,100,100,2026-08-20,CUSTODIAN,TRAIN
3655,TRD103654,KOTAKBANK,EQ-ALPHA-03,1500,1500,2026-08-21,CUSTODIAN,TRAIN
3656,TRD103655,KOTAKBANK,EQ-CORE-02,100,100,2026-08-04,CUSTODIAN,TEST
3657,TRD103656,LT,EQ-CORE-02,750,750,2026-08-02,CUSTODIAN,TRAIN
3658,TRD103657,INFY,EQ-INDEX-04,100,100,2026-08-20,CUSTODIAN,TEST
3659,TRD103658,ITC,EQ-ALPHA-03,750,750,2026-08-16,CUSTODIAN,TRAIN
3660,TRD103659,KOTAKBANK,EQ-ALPHA-03,750,750,2026-08-16,CUSTODIAN,TRAIN
3661,TRD103660,HDFCBANK,EQ-ALPHA-03,100,100,2026-08-06,CUSTODIAN,TEST
3662,TRD103661,WIPRO,EQ-CORE-02,750,750,2026-08-15,CUSTODIAN,TRAIN
3663,TRD103662,INFY,EQ-INDEX-04,1500,1500,2026-08-22,CUSTODIAN,TRAIN
3664,TRD103663,INFY,EQ-CORE-02,2000,2000,2026-08-17,CUSTODIAN,TEST
3665,TRD103664,MARUTI,EQ-INDEX-04,2000,2000,2026-08-02,CUSTODIAN,TRAIN
3666,TRD103665,MARUTI,EQ-CORE-01,500,585,2026-08-22,CUSTODIAN,TEST
3667,TRD103666,TCS,EQ-ALPHA-03,200,200,2026-08-18,CUSTODIAN,TEST
3668,TRD103667,TATASTEEL,EQ-ALPHA-03,1500,1500,2026-08-12,CUSTODIAN,TRAIN
3669,TRD103668,AXISBANK,EQ-CORE-02,100,100,2026-08-06,CUSTODIAN,TRAIN
3670,TRD103669,WIPRO,EQ-INDEX-04,250,250,2026-08-17,CUSTODIAN,TRAIN
3671,TRD103670,INFY,EQ-CORE-01,250,250,2026-08-20,CUSTODIAN,TRAIN
3672,TRD103671,SBIN,EQ-INDEX-04,750,750,2026-08-19,CUSTODIAN,TRAIN
3673,TRD103672,KOTAKBANK,EQ-ALPHA-03,750,750,2026-08-16,CUSTODIAN,TRAIN
3674,TRD103673,TCS,EQ-CORE-02,2000,2000,2026-08-12,CUSTODIAN,TRAIN
3675,TRD103674,MARUTI,EQ-CORE-01,100,100,2026-08-08,CUSTODIAN,TRAIN
3676,TRD103675,AXISBANK,EQ-ALPHA-03,200,200,2026-08-21,CUSTODIAN,TRAIN
3677,TRD103676,LT,EQ-ALPHA-03,1500,1500,2026-08-19,CUSTODIAN,TRAIN
3678,TRD103677,BHARTIARTL,EQ-INDEX-04,500,1600,2026-08-06,CUSTODIAN,TRAIN
3679,TRD103678,TCS,EQ-CORE-01,250,250,2026-08-14,CUSTODIAN,TRAIN
3680,TRD103679,TCS,EQ-CORE-01,100,129,2026-08-12,CUSTODIAN,TRAIN
3681,TRD103680,INFY,EQ-CORE-02,1500,1500,2026-08-05,CUSTODIAN,TRAIN
3682,TRD103681,KOTAKBANK,EQ-CORE-01,2000,2000,2026-08-14,CUSTODIAN,TRAIN
3683,TRD103682,RELIANCE,EQ-CORE-02,2000,2000,2026-08-09,CUSTODIAN,TRAIN
3684,TRD103683,BHARTIARTL,EQ-INDEX-04,500,500,2026-08-19,CUSTODIAN,TRAIN
3685,TRD103684,AXISBANK,EQ-ALPHA-03,2000,2000,2026-08-09,CUSTODIAN,TEST
3686,TRD103685,BHARTIARTL,EQ-INDEX-04,2000,0,2026-08-18,MISSING,TEST
3687,TRD103686,HDFCBANK,EQ-INDEX-04,1000,1000,2026-08-16,CUSTODIAN,TRAIN
3688,TRD103687,HDFCBANK,EQ-ALPHA-03,200,200,2026-08-08,CUSTODIAN,TRAIN
3689,TRD103688,SBIN,EQ-CORE-01,100,100,2026-08-12,CUSTODIAN,TRAIN
3690,TRD103689,INFY,EQ-CORE-02,200,0,2026-08-21,MISSING,TRAIN
3691,TRD103690,WIPRO,EQ-CORE-02,750,750,2026-08-11,CUSTODIAN,TEST
3692,TRD103691,TCS,EQ-CORE-01,750,750,2026-08-17,CUSTODIAN,TRAIN
3693,TRD103692,TATASTEEL,EQ-CORE-02,500,500,2026-08-12,CUSTODIAN,TRAIN
3694,TRD103693,LT,EQ-CORE-01,2000,4600,2026-08-22,CUSTODIAN,TRAIN
3695,TRD103694,AXISBANK,EQ-INDEX-04,2000,2000,2026-08-16,CUSTODIAN,TRAIN
3696,TRD103695,MARUTI,EQ-ALPHA-03,250,250,2026-08-11,CUSTODIAN,TRAIN
3697,TRD103696,BHARTIARTL,EQ-ALPHA-03,750,750,2026-08-17,CUSTODIAN,TRAIN
3698,TRD103697,TATASTEEL,EQ-INDEX-04,500,1100,2026-08-15,CUSTODIAN,TRAIN
3699,TRD103698,MARUTI,EQ-ALPHA-03,100,100,2026-08-08,CUSTODIAN,TRAIN
3700,TRD103699,HDFCBANK,EQ-ALPHA-03,2000,2000,2026-08-08,CUSTODIAN,TRAIN
3701,TRD103700,SBIN,EQ-CORE-02,2000,2000,2026-08-07,CUSTODIAN,TEST
3702,TRD103701,HDFCBANK,EQ-CORE-02,200,200,2026-08-19,CUSTODIAN,TRAIN
3703,TRD103702,INFY,EQ-ALPHA-03,200,200,2026-08-13,CUSTODIAN,TRAIN
3704,TRD103703,MARUTI,EQ-INDEX-04,500,500,2026-08-11,CUSTODIAN,TRAIN
3705,TRD103704,TCS,EQ-CORE-02,1000,690,2026-08-10,CUSTODIAN,TRAIN
3706,TRD103705,HINDUNILVR,EQ-ALPHA-03,1500,1500,2026-08-16,CUSTODIAN,TEST
3707,TRD103706,HINDUNILVR,EQ-CORE-02,1500,1500,2026-08-10,CUSTODIAN,TRAIN
3708,TRD103707,SBIN,EQ-INDEX-04,1000,1000,2026-08-22,CUSTODIAN,TRAIN
3709,TRD103708,WIPRO,EQ-ALPHA-03,200,200,2026-08-16,CUSTODIAN,TRAIN
3710,TRD103709,INFY,EQ-CORE-01,250,250,2026-08-05,CUSTODIAN,TRAIN
3711,TRD103710,TATASTEEL,EQ-INDEX-04,200,200,2026-08-11,CUSTODIAN,TRAIN
3712,TRD103711,WIPRO,EQ-CORE-02,100,100,2026-08-10,CUSTODIAN,TRAIN
3713,TRD103712,HINDUNILVR,EQ-CORE-02,2000,3400,2026-08-06,CUSTODIAN,TRAIN
3714,TRD103713,ICICIBANK,EQ-INDEX-04,500,500,2026-08-02,CUSTODIAN,TRAIN
3715,TRD103714,TATASTEEL,EQ-INDEX-04,100,0,2026-08-22,MISSING,TRAIN
3716,TRD103715,TCS,EQ-CORE-01,500,500,2026-08-16,CUSTODIAN,TRAIN
3717,TRD103716,BHARTIARTL,EQ-CORE-02,1500,1500,2026-08-04,CUSTODIAN,TRAIN
3718,TRD103717,WIPRO,EQ-CORE-01,1500,1500,2026-08-10,CUSTODIAN,TRAIN
3719,TRD103718,HINDUNILVR,EQ-CORE-01,250,250,2026-08-09,CUSTODIAN,TRAIN
3720,TRD103719,TATASTEEL,EQ-CORE-02,500,500,2026-08-15,CUSTODIAN,TRAIN
3721,TRD103720,ITC,EQ-INDEX-04,1000,1000,2026-08-02,CUSTODIAN,TRAIN
3722,TRD103721,AXISBANK,EQ-ALPHA-03,200,200,2026-08-22,CUSTODIAN,TEST
3723,TRD103722,TCS,EQ-CORE-02,750,750,2026-08-22,CUSTODIAN,TEST
3724,TRD103723,HINDUNILVR,EQ-ALPHA-03,1000,1000,2026-08-11,CUSTODIAN,TRAIN
3725,TRD103724,TATASTEEL,EQ-CORE-01,750,750,2026-08-14,CUSTODIAN,TRAIN
3726,TRD103725,HDFCBANK,EQ-CORE-01,2000,2000,2026-08-14,CUSTODIAN,TRAIN
3727,TRD103726,WIPRO,EQ-ALPHA-03,1500,1500,2026-08-22,CUSTODIAN,TEST
3728,TRD103727,KOTAKBANK,EQ-ALPHA-03,250,250,2026-08-16,CUSTODIAN,TRAIN
3729,TRD103728,ICICIBANK,EQ-CORE-01,100,100,2026-08-19,CUSTODIAN,TRAIN
3730,TRD103729,WIPRO,EQ-ALPHA-03,1000,1000,2026-08-08,CUSTODIAN,TRAIN
3731,TRD103730,TATASTEEL,EQ-CORE-02,1500,1500,2026-08-07,CUSTODIAN,TRAIN
3732,TRD103731,ICICIBANK,EQ-ALPHA-03,2000,2000,2026-08-09,CUSTODIAN,TEST
3733,TRD103732,ICICIBANK,EQ-INDEX-04,1500,1500,2026-08-04,CUSTODIAN,TRAIN
3734,TRD103733,AXISBANK,EQ-ALPHA-03,500,500,2026-08-04,CUSTODIAN,TEST
3735,TRD103734,LT,EQ-CORE-01,2000,2000,2026-08-12,CUSTODIAN,TRAIN
3736,TRD103735,MARUTI,EQ-ALPHA-03,100,100,2026-08-20,CUSTODIAN,TRAIN
3737,TRD103736,ITC,EQ-CORE-02,2000,2000,2026-08-15,CUSTODIAN,TRAIN
3738,TRD103737,WIPRO,EQ-INDEX-04,1000,1000,2026-08-03,CUSTODIAN,TRAIN
3739,TRD103738,TCS,EQ-CORE-01,750,750,2026-08-04,CUSTODIAN,TEST
3740,TRD103739,ICICIBANK,EQ-CORE-02,500,500,2026-08-19,CUSTODIAN,TRAIN
3741,TRD103740,HINDUNILVR,EQ-INDEX-04,100,0,2026-08-19,MISSING,TRAIN
3742,TRD103741,RELIANCE,EQ-ALPHA-03,1500,1500,2026-08-12,CUSTODIAN,TRAIN
3743,TRD103742,SBIN,EQ-CORE-01,2000,2000,2026-08-15,CUSTODIAN,TRAIN
3744,TRD103743,MARUTI,EQ-CORE-01,1500,1500,2026-08-08,CUSTODIAN,TRAIN
3745,TRD103744,ICICIBANK,EQ-INDEX-04,250,250,2026-08-08,CUSTODIAN,TRAIN
3746,TRD103745,RELIANCE,EQ-INDEX-04,250,250,2026-08-07,CUSTODIAN,TRAIN
3747,TRD103746,KOTAKBANK,EQ-ALPHA-03,1000,1000,2026-08-02,CUSTODIAN,TRAIN
3748,TRD103747,INFY,EQ-CORE-02,750,750,2026-08-05,CUSTODIAN,TRAIN
3749,TRD103748,BHARTIARTL,EQ-CORE-01,1500,1500,2026-08-05,CUSTODIAN,TRAIN
3750,TRD103749,SBIN,EQ-CORE-02,250,250,2026-08-14,CUSTODIAN,TRAIN
3751,TRD103750,MARUTI,EQ-CORE-01,250,250,2026-08-06,CUSTODIAN,TEST
3752,TRD103751,SBIN,EQ-CORE-02,500,500,2026-08-20,CUSTODIAN,TRAIN
3753,TRD103752,RELIANCE,EQ-CORE-01,1000,1000,2026-08-22,CUSTODIAN,TEST
3754,TRD103753,MARUTI,EQ-ALPHA-03,200,200,2026-08-08,CUSTODIAN,TEST
3755,TRD103754,HDFCBANK,EQ-ALPHA-03,200,200,2026-08-22,CUSTODIAN,TEST
3756,TRD103755,LT,EQ-CORE-02,1500,1500,2026-08-05,CUSTODIAN,TEST
3757,TRD103756,WIPRO,EQ-ALPHA-03,750,750,2026-08-15,CUSTODIAN,TRAIN
3758,TRD103757,INFY,EQ-ALPHA-03,500,500,2026-08-18,CUSTODIAN,TRAIN
3759,TRD103758,AXISBANK,EQ-ALPHA-03,2000,2000,2026-08-02,CUSTODIAN,TEST
3760,TRD103759,BHARTIARTL,EQ-ALPHA-03,500,500,2026-08-03,CUSTODIAN,TRAIN
3761,TRD103760,BHARTIARTL,EQ-CORE-02,2000,2000,2026-08-17,CUSTODIAN,TEST
3762,TRD103761,KOTAKBANK,EQ-ALPHA-03,1000,1000,2026-08-17,CUSTODIAN,TRAIN
3763,TRD103762,MARUTI,EQ-INDEX-04,200,200,2026-08-07,CUSTODIAN,TRAIN
3764,TRD103763,MARUTI,EQ-INDEX-04,1000,1000,2026-08-04,CUSTODIAN,TRAIN
3765,TRD103764,INFY,EQ-CORE-01,1000,1000,2026-08-22,CUSTODIAN,TRAIN
3766,TRD103765,BHARTIARTL,EQ-CORE-02,750,750,2026-08-17,CUSTODIAN,TRAIN
3767,TRD103766,BHARTIARTL,EQ-INDEX-04,1000,1000,2026-08-16,CUSTODIAN,TRAIN
3768,TRD103767,WIPRO,EQ-INDEX-04,1000,1000,2026-08-12,CUSTODIAN,TRAIN
3769,TRD103768,HINDUNILVR,EQ-CORE-02,1000,1000,2026-08-06,CUSTODIAN,TRAIN
3770,TRD103769,ITC,EQ-CORE-01,250,250,2026-08-12,CUSTODIAN,TEST
3771,TRD103770,KOTAKBANK,EQ-CORE-02,2000,2000,2026-08-15,CUSTODIAN,TRAIN
3772,TRD103771,ICICIBANK,EQ-ALPHA-03,500,0,2026-08-11,MISSING,TRAIN
3773,TRD103772,HDFCBANK,EQ-CORE-02,100,100,2026-08-05,CUSTODIAN,TRAIN
3774,TRD103773,AXISBANK,EQ-CORE-01,2000,2000,2026-08-09,CUSTODIAN,TRAIN
3775,TRD103774,TCS,EQ-CORE-01,1000,1000,2026-08-18,CUSTODIAN,TRAIN
3776,TRD103775,TATASTEEL,EQ-CORE-02,500,500,2026-08-04,CUSTODIAN,TRAIN
3777,TRD103776,ITC,EQ-INDEX-04,500,500,2026-08-14,CUSTODIAN,TRAIN
3778,TRD103777,HINDUNILVR,EQ-INDEX-04,100,100,2026-08-10,CUSTODIAN,TRAIN
3779,TRD103778,LT,EQ-ALPHA-03,100,100,2026-08-06,CUSTODIAN,TRAIN
3780,TRD103779,TCS,EQ-CORE-02,250,250,2026-08-11,CUSTODIAN,TRAIN
3781,TRD103780,HINDUNILVR,EQ-ALPHA-03,2000,2000,2026-08-12,CUSTODIAN,TRAIN
3782,TRD103781,WIPRO,EQ-INDEX-04,250,250,2026-08-11,CUSTODIAN,TRAIN
3783,TRD103782,TATASTEEL,EQ-ALPHA-03,500,500,2026-08-16,CUSTODIAN,TRAIN
3784,TRD103783,HDFCBANK,EQ-CORE-01,1500,1500,2026-08-10,CUSTODIAN,TRAIN
3785,TRD103784,INFY,EQ-ALPHA-03,1500,1500,2026-08-14,CUSTODIAN,TRAIN
3786,TRD103785,TCS,EQ-CORE-02,1500,1500,2026-08-02,CUSTODIAN,TRAIN
3787,TRD103786,SBIN,EQ-INDEX-04,500,500,2026-08-03,CUSTODIAN,TRAIN
3788,TRD103787,INFY,EQ-CORE-01,1000,1000,2026-08-20,CUSTODIAN,TRAIN
3789,TRD103788,HINDUNILVR,EQ-CORE-01,500,500,2026-08-10,CUSTODIAN,TRAIN
3790,TRD103789,HDFCBANK,EQ-INDEX-04,500,500,2026-08-10,CUSTODIAN,TRAIN
3791,TRD103790,MARUTI,EQ-ALPHA-03,2000,2000,2026-08-08,CUSTODIAN,TRAIN
3792,TRD103791,ICICIBANK,EQ-ALPHA-03,100,100,2026-08-19,CUSTODIAN,TRAIN
3793,TRD103792,WIPRO,EQ-CORE-02,100,100,2026-08-15,CUSTODIAN,TRAIN
3794,TRD103793,TCS,EQ-INDEX-04,750,750,2026-08-04,CUSTODIAN,TRAIN
3795,TRD103794,ICICIBANK,EQ-CORE-02,200,200,2026-08-03,CUSTODIAN,TRAIN
3796,TRD103795,INFY,EQ-CORE-01,1500,1500,2026-08-05,CUSTODIAN,TRAIN
3797,TRD103796,TATASTEEL,EQ-CORE-02,100,100,2026-08-06,CUSTODIAN,TRAIN
3798,TRD103797,LT,EQ-CORE-01,1000,1000,2026-08-10,CUSTODIAN,TEST
3799,TRD103798,SBIN,EQ-INDEX-04,500,500,2026-08-03,CUSTODIAN,TRAIN
3800,TRD103799,ITC,EQ-CORE-01,200,200,2026-08-19,CUSTODIAN,TRAIN
3801,TRD103800,SBIN,EQ-CORE-01,2000,2000,2026-08-04,CUSTODIAN,TRAIN
3802,TRD103801,TATASTEEL,EQ-ALPHA-03,250,250,2026-08-05,CUSTODIAN,TEST
3803,TRD103802,INFY,EQ-CORE-01,750,750,2026-08-02,CUSTODIAN,TRAIN
3804,TRD103803,TCS,EQ-ALPHA-03,200,200,2026-08-19,CUSTODIAN,TRAIN
3805,TRD103804,INFY,EQ-CORE-02,2000,2000,2026-08-04,CUSTODIAN,TRAIN
3806,TRD103805,ITC,EQ-CORE-02,1000,1000,2026-08-11,CUSTODIAN,TRAIN
3807,TRD103806,HDFCBANK,EQ-ALPHA-03,200,200,2026-08-22,CUSTODIAN,TRAIN
3808,TRD103807,KOTAKBANK,EQ-CORE-02,1500,1500,2026-08-20,CUSTODIAN,TRAIN
3809,TRD103808,KOTAKBANK,EQ-CORE-01,250,250,2026-08-11,CUSTODIAN,TEST
3810,TRD103809,TCS,EQ-INDEX-04,1000,3300,2026-08-03,CUSTODIAN,TRAIN
3811,TRD103810,BHARTIARTL,EQ-ALPHA-03,200,200,2026-08-10,CUSTODIAN,TRAIN
3812,TRD103811,SBIN,EQ-ALPHA-03,250,250,2026-08-17,CUSTODIAN,TRAIN
3813,TRD103812,RELIANCE,EQ-CORE-01,250,250,2026-08-11,CUSTODIAN,TRAIN
3814,TRD103813,AXISBANK,EQ-INDEX-04,750,750,2026-08-13,CUSTODIAN,TRAIN
3815,TRD103814,LT,EQ-CORE-01,500,500,2026-08-02,CUSTODIAN,TRAIN
3816,TRD103815,BHARTIARTL,EQ-ALPHA-03,2000,2000,2026-08-14,CUSTODIAN,TRAIN
3817,TRD103816,HINDUNILVR,EQ-CORE-01,750,750,2026-08-07,CUSTODIAN,TRAIN
3818,TRD103817,INFY,EQ-INDEX-04,1500,1500,2026-08-22,CUSTODIAN,TRAIN
3819,TRD103818,RELIANCE,EQ-CORE-01,750,930,2026-08-02,CUSTODIAN,TRAIN
3820,TRD103819,TCS,EQ-CORE-01,750,750,2026-08-22,CUSTODIAN,TEST
3821,TRD103820,RELIANCE,EQ-ALPHA-03,1500,1860,2026-08-15,CUSTODIAN,TEST
3822,TRD103821,HINDUNILVR,EQ-CORE-01,2000,0,2026-08-05,MISSING,TRAIN
3823,TRD103822,BHARTIARTL,EQ-CORE-02,100,100,2026-08-05,CUSTODIAN,TRAIN
3824,TRD103823,RELIANCE,EQ-CORE-01,2000,0,2026-08-08,MISSING,TEST
3825,TRD103824,SBIN,EQ-CORE-02,250,250,2026-08-06,CUSTODIAN,TRAIN
3826,TRD103825,INFY,EQ-INDEX-04,250,250,2026-08-19,CUSTODIAN,TRAIN
3827,TRD103826,MARUTI,EQ-ALPHA-03,250,250,2026-08-13,CUSTODIAN,TRAIN
3828,TRD103827,RELIANCE,EQ-INDEX-04,750,750,2026-08-19,CUSTODIAN,TRAIN
3829,TRD103828,HDFCBANK,EQ-CORE-01,1000,1000,2026-08-05,CUSTODIAN,TRAIN
3830,TRD103829,SBIN,EQ-ALPHA-03,100,100,2026-08-12,CUSTODIAN,TRAIN
3831,TRD103830,TATASTEEL,EQ-CORE-02,250,250,2026-08-22,CUSTODIAN,TRAIN
3832,TRD103831,HINDUNILVR,EQ-ALPHA-03,1500,1500,2026-08-22,CUSTODIAN,TRAIN
3833,TRD103832,LT,EQ-CORE-02,100,100,2026-08-16,CUSTODIAN,TEST
3834,TRD103833,INFY,EQ-CORE-01,100,100,2026-08-02,CUSTODIAN,TRAIN
3835,TRD103834,TATASTEEL,EQ-ALPHA-03,1000,1000,2026-08-04,CUSTODIAN,TRAIN
3836,TRD103835,HINDUNILVR,EQ-INDEX-04,200,200,2026-08-10,CUSTODIAN,TRAIN
3837,TRD103836,HINDUNILVR,EQ-CORE-01,2000,2000,2026-08-22,CUSTODIAN,TEST
3838,TRD103837,TCS,EQ-INDEX-04,500,500,2026-08-09,CUSTODIAN,TRAIN
3839,TRD103838,KOTAKBANK,EQ-CORE-02,500,500,2026-08-20,CUSTODIAN,TRAIN
3840,TRD103839,HDFCBANK,EQ-INDEX-04,2000,2000,2026-08-09,CUSTODIAN,TRAIN
3841,TRD103840,SBIN,EQ-ALPHA-03,1000,1000,2026-08-14,CUSTODIAN,TRAIN
3842,TRD103841,WIPRO,EQ-CORE-01,100,100,2026-08-10,CUSTODIAN,TRAIN
3843,TRD103842,AXISBANK,EQ-ALPHA-03,1500,1500,2026-08-03,CUSTODIAN,TRAIN
3844,TRD103843,TATASTEEL,EQ-CORE-01,250,250,2026-08-19,CUSTODIAN,TRAIN
3845,TRD103844,TCS,EQ-CORE-02,100,100,2026-08-15,CUSTODIAN,TEST
3846,TRD103845,ITC,EQ-INDEX-04,750,750,2026-08-03,CUSTODIAN,TRAIN
3847,TRD103846,INFY,EQ-CORE-01,2000,2000,2026-08-09,CUSTODIAN,TRAIN
3848,TRD103847,AXISBANK,EQ-CORE-01,100,100,2026-08-09,CUSTODIAN,TRAIN
3849,TRD103848,HDFCBANK,EQ-CORE-02,2000,2000,2026-08-21,CUSTODIAN,TRAIN
3850,TRD103849,ICICIBANK,EQ-ALPHA-03,750,750,2026-08-17,CUSTODIAN,TEST
3851,TRD103850,LT,EQ-CORE-02,750,750,2026-08-09,CUSTODIAN,TRAIN
3852,TRD103851,INFY,EQ-ALPHA-03,500,500,2026-08-02,CUSTODIAN,TRAIN
3853,TRD103852,ITC,EQ-CORE-02,250,250,2026-08-12,CUSTODIAN,TRAIN
3854,TRD103853,AXISBANK,EQ-INDEX-04,200,200,2026-08-12,CUSTODIAN,TRAIN
3855,TRD103854,MARUTI,EQ-INDEX-04,100,100,2026-08-17,CUSTODIAN,TRAIN
3856,TRD103855,INFY,EQ-CORE-02,750,750,2026-08-16,CUSTODIAN,TEST
3857,TRD103856,HDFCBANK,EQ-ALPHA-03,250,250,2026-08-12,CUSTODIAN,TEST
3858,TRD103857,INFY,EQ-CORE-02,500,500,2026-08-12,CUSTODIAN,TEST
3859,TRD103858,HDFCBANK,EQ-INDEX-04,100,100,2026-08-06,CUSTODIAN,TRAIN
3860,TRD103859,INFY,EQ-ALPHA-03,200,200,2026-08-05,CUSTODIAN,TRAIN
3861,TRD103860,AXISBANK,EQ-CORE-01,250,250,2026-08-02,CUSTODIAN,TRAIN
3862,TRD103861,ITC,EQ-CORE-02,250,250,2026-08-13,CUSTODIAN,TRAIN
3863,TRD103862,TATASTEEL,EQ-CORE-01,1500,1500,2026-08-08,CUSTODIAN,TRAIN
3864,TRD103863,HDFCBANK,EQ-CORE-01,250,250,2026-08-04,CUSTODIAN,TRAIN
3865,TRD103864,AXISBANK,EQ-ALPHA-03,250,250,2026-08-11,CUSTODIAN,TEST
3866,TRD103865,INFY,EQ-CORE-01,250,250,2026-08-05,CUSTODIAN,TRAIN
3867,TRD103866,AXISBANK,EQ-CORE-02,500,500,2026-08-08,CUSTODIAN,TEST
3868,TRD103867,AXISBANK,EQ-CORE-01,2000,2000,2026-08-03,CUSTODIAN,TRAIN
3869,TRD103868,INFY,EQ-CORE-02,1000,1000,2026-08-14,CUSTODIAN,TRAIN
3870,TRD103869,BHARTIARTL,EQ-ALPHA-03,750,750,2026-08-05,CUSTODIAN,TRAIN
3871,TRD103870,AXISBANK,EQ-CORE-02,750,750,2026-08-16,CUSTODIAN,TRAIN
3872,TRD103871,RELIANCE,EQ-CORE-02,750,1725,2026-08-13,CUSTODIAN,TRAIN
3873,TRD103872,WIPRO,EQ-INDEX-04,500,500,2026-08-15,CUSTODIAN,TRAIN
3874,TRD103873,TATASTEEL,EQ-INDEX-04,200,200,2026-08-14,CUSTODIAN,TRAIN
3875,TRD103874,MARUTI,EQ-ALPHA-03,500,500,2026-08-05,CUSTODIAN,TRAIN
3876,TRD103875,HDFCBANK,EQ-INDEX-04,200,200,2026-08-16,CUSTODIAN,TRAIN
3877,TRD103876,WIPRO,EQ-INDEX-04,1500,1500,2026-08-13,CUSTODIAN,TRAIN
3878,TRD103877,TCS,EQ-CORE-01,250,250,2026-08-21,CUSTODIAN,TRAIN
3879,TRD103878,ITC,EQ-CORE-01,100,100,2026-08-04,CUSTODIAN,TRAIN
3880,TRD103879,INFY,EQ-INDEX-04,500,500,2026-08-05,CUSTODIAN,TRAIN
3881,TRD103880,RELIANCE,EQ-INDEX-04,1500,1500,2026-08-17,CUSTODIAN,TRAIN
3882,TRD103881,SBIN,EQ-INDEX-04,500,500,2026-08-08,CUSTODIAN,TRAIN
3883,TRD103882,LT,EQ-INDEX-04,1000,1000,2026-08-04,CUSTODIAN,TRAIN
3884,TRD103883,KOTAKBANK,EQ-CORE-01,1000,1000,2026-08-17,CUSTODIAN,TRAIN
3885,TRD103884,MARUTI,EQ-CORE-01,250,250,2026-08-08,CUSTODIAN,TEST
3886,TRD103885,WIPRO,EQ-CORE-02,500,500,2026-08-12,CUSTODIAN,TRAIN
3887,TRD103886,WIPRO,EQ-ALPHA-03,200,200,2026-08-10,CUSTODIAN,TRAIN
3888,TRD103887,BHARTIARTL,EQ-ALPHA-03,500,500,2026-08-17,CUSTODIAN,TRAIN
3889,TRD103888,ITC,EQ-ALPHA-03,500,500,2026-08-17,CUSTODIAN,TRAIN
3890,TRD103889,TATASTEEL,EQ-CORE-01,1000,1000,2026-08-18,CUSTODIAN,TRAIN
3891,TRD103890,TCS,EQ-ALPHA-03,750,750,2026-08-02,CUSTODIAN,TRAIN
3892,TRD103891,WIPRO,EQ-INDEX-04,1500,1500,2026-08-07,CUSTODIAN,TRAIN
3893,TRD103892,MARUTI,EQ-CORE-02,1000,1000,2026-08-06,CUSTODIAN,TRAIN
3894,TRD103893,SBIN,EQ-ALPHA-03,1000,1000,2026-08-09,CUSTODIAN,TRAIN
3895,TRD103894,SBIN,EQ-INDEX-04,1500,1500,2026-08-15,CUSTODIAN,TRAIN
3896,TRD103895,AXISBANK,EQ-ALPHA-03,1500,1500,2026-08-10,CUSTODIAN,TRAIN
3897,TRD103896,MARUTI,EQ-CORE-02,200,200,2026-08-15,CUSTODIAN,TRAIN
3898,TRD103897,RELIANCE,EQ-ALPHA-03,1500,1500,2026-08-20,CUSTODIAN,TRAIN
3899,TRD103898,LT,EQ-CORE-01,1000,1000,2026-08-06,CUSTODIAN,TRAIN
3900,TRD103899,HINDUNILVR,EQ-INDEX-04,250,0,2026-08-15,MISSING,TRAIN
3901,TRD103900,AXISBANK,EQ-INDEX-04,500,500,2026-08-02,CUSTODIAN,TRAIN
3902,TRD103901,ICICIBANK,EQ-CORE-01,750,750,2026-08-04,CUSTODIAN,TRAIN
3903,TRD103902,BHARTIARTL,EQ-CORE-02,1000,1000,2026-08-07,CUSTODIAN,TRAIN
3904,TRD103903,TATASTEEL,EQ-ALPHA-03,2000,2000,2026-08-02,CUSTODIAN,TRAIN
3905,TRD103904,WIPRO,EQ-CORE-01,2000,2000,2026-08-06,CUSTODIAN,TRAIN
3906,TRD103905,WIPRO,EQ-CORE-02,100,100,2026-08-09,CUSTODIAN,TRAIN
3907,TRD103906,ICICIBANK,EQ-CORE-02,2000,2000,2026-08-07,CUSTODIAN,TRAIN
3908,TRD103907,KOTAKBANK,EQ-ALPHA-03,250,250,2026-08-20,CUSTODIAN,TEST
3909,TRD103908,TCS,EQ-INDEX-04,1500,1500,2026-08-16,CUSTODIAN,TRAIN
3910,TRD103909,BHARTIARTL,EQ-CORE-02,500,500,2026-08-18,CUSTODIAN,TRAIN
3911,TRD103910,TCS,EQ-CORE-01,200,200,2026-08-06,CUSTODIAN,TRAIN
3912,TRD103911,LT,EQ-CORE-02,750,750,2026-08-10,CUSTODIAN,TEST
3913,TRD103912,HINDUNILVR,EQ-INDEX-04,500,500,2026-08-16,CUSTODIAN,TRAIN
3914,TRD103913,HINDUNILVR,EQ-INDEX-04,250,250,2026-08-19,CUSTODIAN,TRAIN
3915,TRD103914,WIPRO,EQ-ALPHA-03,200,200,2026-08-14,CUSTODIAN,TRAIN
3916,TRD103915,AXISBANK,EQ-CORE-01,750,750,2026-08-21,CUSTODIAN,TRAIN
3917,TRD103916,TATASTEEL,EQ-CORE-02,1500,1500,2026-08-03,CUSTODIAN,TRAIN
3918,TRD103917,ICICIBANK,EQ-CORE-02,1000,870,2026-08-04,CUSTODIAN,TEST
3919,TRD103918,RELIANCE,EQ-INDEX-04,100,100,2026-08-12,CUSTODIAN,TRAIN
3920,TRD103919,ITC,EQ-CORE-01,1000,1000,2026-08-18,CUSTODIAN,TEST
3921,TRD103920,HDFCBANK,EQ-CORE-01,100,100,2026-08-23,CUSTODIAN,TRAIN
3922,TRD103921,RELIANCE,EQ-INDEX-04,750,750,2026-08-13,CUSTODIAN,TRAIN
3923,TRD103922,TCS,EQ-CORE-01,500,500,2026-08-08,CUSTODIAN,TRAIN
3924,TRD103923,LT,EQ-ALPHA-03,500,1100,2026-08-16,CUSTODIAN,TRAIN
3925,TRD103924,HDFCBANK,EQ-INDEX-04,100,100,2026-08-02,CUSTODIAN,TRAIN
3926,TRD103925,BHARTIARTL,EQ-ALPHA-03,750,750,2026-08-17,CUSTODIAN,TEST
3927,TRD103926,TCS,EQ-CORE-01,100,100,2026-08-16,CUSTODIAN,TRAIN
3928,TRD103927,TATASTEEL,EQ-CORE-01,500,500,2026-08-05,CUSTODIAN,TEST
3929,TRD103928,SBIN,EQ-CORE-01,1500,1500,2026-08-18,CUSTODIAN,TRAIN
3930,TRD103929,AXISBANK,EQ-ALPHA-03,2000,2000,2026-08-14,CUSTODIAN,TRAIN
3931,TRD103930,KOTAKBANK,EQ-CORE-01,500,500,2026-08-04,CUSTODIAN,TRAIN
3932,TRD103931,MARUTI,EQ-ALPHA-03,100,100,2026-08-19,CUSTODIAN,TRAIN
3933,TRD103932,ICICIBANK,EQ-ALPHA-03,1000,1000,2026-08-04,CUSTODIAN,TRAIN
3934,TRD103933,SBIN,EQ-CORE-02,2000,2000,2026-08-19,CUSTODIAN,TRAIN
3935,TRD103934,HDFCBANK,EQ-CORE-02,500,585,2026-08-20,CUSTODIAN,TRAIN
3936,TRD103935,INFY,EQ-INDEX-04,1500,1500,2026-08-06,CUSTODIAN,TRAIN
3937,TRD103936,SBIN,EQ-ALPHA-03,100,100,2026-08-12,CUSTODIAN,TRAIN
3938,TRD103937,BHARTIARTL,EQ-CORE-02,2000,2000,2026-08-08,CUSTODIAN,TRAIN
3939,TRD103938,INFY,EQ-INDEX-04,1000,1000,2026-08-16,CUSTODIAN,TRAIN
3940,TRD103939,BHARTIARTL,EQ-ALPHA-03,500,500,2026-08-04,CUSTODIAN,TRAIN
3941,TRD103940,INFY,EQ-ALPHA-03,1000,1000,2026-08-18,CUSTODIAN,TRAIN
3942,TRD103941,TCS,EQ-CORE-02,500,500,2026-08-19,CUSTODIAN,TRAIN
3943,TRD103942,LT,EQ-INDEX-04,2000,0,2026-08-02,MISSING,TRAIN
3944,TRD103943,LT,EQ-INDEX-04,250,250,2026-08-17,CUSTODIAN,TRAIN
3945,TRD103944,TCS,EQ-INDEX-04,750,750,2026-08-06,CUSTODIAN,TRAIN
3946,TRD103945,HDFCBANK,EQ-INDEX-04,100,100,2026-08-03,CUSTODIAN,TRAIN
3947,TRD103946,INFY,EQ-ALPHA-03,200,200,2026-08-06,CUSTODIAN,TRAIN
3948,TRD103947,HDFCBANK,EQ-CORE-01,750,750,2026-08-17,CUSTODIAN,TRAIN
3949,TRD103948,WIPRO,EQ-CORE-01,2000,2000,2026-08-16,CUSTODIAN,TEST
3950,TRD103949,TATASTEEL,EQ-INDEX-04,200,200,2026-08-20,CUSTODIAN,TRAIN
3951,TRD103950,BHARTIARTL,EQ-INDEX-04,1000,1000,2026-08-15,CUSTODIAN,TEST
3952,TRD103951,HINDUNILVR,EQ-INDEX-04,2000,2000,2026-08-03,CUSTODIAN,TEST
3953,TRD103952,HDFCBANK,EQ-ALPHA-03,750,750,2026-08-02,CUSTODIAN,TRAIN
3954,TRD103953,INFY,EQ-ALPHA-03,750,750,2026-08-14,CUSTODIAN,TRAIN
3955,TRD103954,HINDUNILVR,EQ-CORE-01,2000,2000,2026-08-07,CUSTODIAN,TRAIN
3956,TRD103955,HINDUNILVR,EQ-CORE-01,750,750,2026-08-21,CUSTODIAN,TRAIN
3957,TRD103956,RELIANCE,EQ-CORE-02,1000,1000,2026-08-17,CUSTODIAN,TRAIN
3958,TRD103957,RELIANCE,EQ-CORE-01,200,200,2026-08-22,CUSTODIAN,TRAIN
3959,TRD103958,TATASTEEL,EQ-CORE-01,1000,1000,2026-08-05,CUSTODIAN,TRAIN
3960,TRD103959,WIPRO,EQ-CORE-01,250,250,2026-08-02,CUSTODIAN,TRAIN
3961,TRD103960,BHARTIARTL,EQ-ALPHA-03,1000,1000,2026-08-08,CUSTODIAN,TEST
3962,TRD103961,TATASTEEL,EQ-CORE-02,1000,1000,2026-08-19,CUSTODIAN,TRAIN
3963,TRD103962,ICICIBANK,EQ-CORE-02,500,500,2026-08-04,CUSTODIAN,TRAIN
3964,TRD103963,ICICIBANK,EQ-INDEX-04,1500,1500,2026-08-04,CUSTODIAN,TEST
3965,TRD103964,TATASTEEL,EQ-CORE-02,1500,1500,2026-08-14,CUSTODIAN,TRAIN
3966,TRD103965,RELIANCE,EQ-CORE-02,500,500,2026-08-17,CUSTODIAN,TRAIN
3967,TRD103966,BHARTIARTL,EQ-ALPHA-03,1000,1000,2026-08-18,CUSTODIAN,TEST
3968,TRD103967,LT,EQ-INDEX-04,1000,1000,2026-08-20,CUSTODIAN,TRAIN
3969,TRD103968,ICICIBANK,EQ-CORE-02,100,220,2026-08-03,CUSTODIAN,TRAIN
3970,TRD103969,LT,EQ-INDEX-04,1500,1500,2026-08-04,CUSTODIAN,TRAIN
3971,TRD103970,SBIN,EQ-ALPHA-03,200,200,2026-08-19,CUSTODIAN,TEST
3972,TRD103971,MARUTI,EQ-CORE-02,250,250,2026-08-05,CUSTODIAN,TRAIN
3973,TRD103972,TATASTEEL,EQ-CORE-02,500,500,2026-08-12,CUSTODIAN,TRAIN
3974,TRD103973,AXISBANK,EQ-CORE-01,500,500,2026-08-04,CUSTODIAN,TRAIN
3975,TRD103974,AXISBANK,EQ-CORE-02,100,100,2026-08-21,CUSTODIAN,TEST
3976,TRD103975,LT,EQ-CORE-01,2000,2000,2026-08-02,CUSTODIAN,TEST
3977,TRD103976,LT,EQ-ALPHA-03,500,500,2026-08-10,CUSTODIAN,TRAIN
3978,TRD103977,AXISBANK,EQ-ALPHA-03,100,100,2026-08-09,CUSTODIAN,TRAIN
3979,TRD103978,KOTAKBANK,EQ-INDEX-04,2000,2000,2026-08-04,CUSTODIAN,TRAIN
3980,TRD103979,INFY,EQ-CORE-02,100,100,2026-08-04,CUSTODIAN,TRAIN
3981,TRD103980,LT,EQ-INDEX-04,200,200,2026-08-20,CUSTODIAN,TRAIN
3982,TRD103981,HINDUNILVR,EQ-CORE-02,2000,2000,2026-08-13,CUSTODIAN,TRAIN
3983,TRD103982,MARUTI,EQ-CORE-02,200,200,2026-08-13,CUSTODIAN,TRAIN
3984,TRD103983,RELIANCE,EQ-INDEX-04,1500,1500,2026-08-08,CUSTODIAN,TRAIN
3985,TRD103984,INFY,EQ-ALPHA-03,200,200,2026-08-05,CUSTODIAN,TRAIN
3986,TRD103985,KOTAKBANK,EQ-ALPHA-03,1500,1500,2026-08-17,CUSTODIAN,TRAIN
3987,TRD103986,HINDUNILVR,EQ-INDEX-04,200,200,2026-08-17,CUSTODIAN,TRAIN
3988,TRD103987,LT,EQ-CORE-02,2000,2000,2026-08-06,CUSTODIAN,TRAIN
3989,TRD103988,TATASTEEL,EQ-ALPHA-03,500,500,2026-08-18,CUSTODIAN,TRAIN
3990,TRD103989,TCS,EQ-INDEX-04,1500,1500,2026-08-22,CUSTODIAN,TRAIN
3991,TRD103990,INFY,EQ-INDEX-04,250,0,2026-08-15,MISSING,TRAIN
3992,TRD103991,AXISBANK,EQ-INDEX-04,500,500,2026-08-15,CUSTODIAN,TEST
3993,TRD103992,INFY,EQ-CORE-01,250,250,2026-08-22,CUSTODIAN,TRAIN
3994,TRD103993,ICICIBANK,EQ-CORE-01,500,500,2026-08-20,CUSTODIAN,TRAIN
3995,TRD103994,SBIN,EQ-CORE-02,1000,1000,2026-08-17,CUSTODIAN,TRAIN
3996,TRD103995,SBIN,EQ-CORE-02,2000,2000,2026-08-02,CUSTODIAN,TRAIN
3997,TRD103996,WIPRO,EQ-ALPHA-03,100,270,2026-08-04,CUSTODIAN,TRAIN
3998,TRD103997,HINDUNILVR,EQ-INDEX-04,2000,2000,2026-08-14,CUSTODIAN,TRAIN
3999,TRD103998,AXISBANK,EQ-ALPHA-03,200,200,2026-08-06,CUSTODIAN,TRAIN
4000,TRD103999,SBIN,EQ-CORE-01,200,200,2026-08-16,CUSTODIAN,TEST
4001,TRD104000,LT,EQ-CORE-01,1500,1500,2026-08-22,CUSTODIAN,TEST
4002,TRD104001,WIPRO,EQ-CORE-02,250,250,2026-08-21,CUSTODIAN,TRAIN
4003,TRD104002,LT,EQ-CORE-02,2000,2000,2026-08-16,CUSTODIAN,TRAIN
4004,TRD104003,HINDUNILVR,EQ-CORE-01,250,250,2026-08-02,CUSTODIAN,TRAIN
4005,TRD104004,SBIN,EQ-CORE-01,100,0,2026-08-18,MISSING,TRAIN
4006,TRD104005,ICICIBANK,EQ-ALPHA-03,250,250,2026-08-02,CUSTODIAN,TRAIN
4007,TRD104006,INFY,EQ-CORE-02,250,0,2026-08-08,MISSING,TEST
4008,TRD104007,KOTAKBANK,EQ-INDEX-04,100,100,2026-08-03,CUSTODIAN,TRAIN
4009,TRD104008,RELIANCE,EQ-INDEX-04,250,250,2026-08-07,CUSTODIAN,TRAIN
4010,TRD104009,ICICIBANK,EQ-ALPHA-03,2000,2000,2026-08-17,CUSTODIAN,TRAIN
4011,TRD104010,WIPRO,EQ-ALPHA-03,1000,1000,2026-08-04,CUSTODIAN,TRAIN
4012,TRD104011,BHARTIARTL,EQ-CORE-01,1000,1000,2026-08-17,CUSTODIAN,TRAIN
4013,TRD104012,LT,EQ-ALPHA-03,2000,2000,2026-08-13,CUSTODIAN,TRAIN
4014,TRD104013,SBIN,EQ-INDEX-04,500,500,2026-08-04,CUSTODIAN,TEST
4015,TRD104014,TATASTEEL,EQ-ALPHA-03,1500,0,2026-08-18,MISSING,TRAIN
4016,TRD104015,HINDUNILVR,EQ-ALPHA-03,750,750,2026-08-09,CUSTODIAN,TRAIN
4017,TRD104016,KOTAKBANK,EQ-INDEX-04,250,250,2026-08-18,CUSTODIAN,TRAIN
4018,TRD104017,MARUTI,EQ-CORE-01,750,750,2026-08-09,CUSTODIAN,TRAIN
4019,TRD104018,ITC,EQ-ALPHA-03,1000,1000,2026-08-02,CUSTODIAN,TRAIN
4020,TRD104019,INFY,EQ-CORE-02,1500,1500,2026-08-21,CUSTODIAN,TRAIN
4021,TRD104020,ICICIBANK,EQ-ALPHA-03,500,500,2026-08-15,CUSTODIAN,TRAIN
4022,TRD104021,SBIN,EQ-CORE-01,100,100,2026-08-11,CUSTODIAN,TRAIN
4023,TRD104022,WIPRO,EQ-INDEX-04,100,100,2026-08-19,CUSTODIAN,TRAIN
4024,TRD104023,INFY,EQ-CORE-02,100,100,2026-08-08,CUSTODIAN,TRAIN
4025,TRD104024,AXISBANK,EQ-INDEX-04,100,100,2026-08-16,CUSTODIAN,TRAIN
4026,TRD104025,MARUTI,EQ-CORE-01,1000,1000,2026-08-13,CUSTODIAN,TEST
4027,TRD104026,LT,EQ-ALPHA-03,100,100,2026-08-06,CUSTODIAN,TRAIN
4028,TRD104027,SBIN,EQ-ALPHA-03,100,100,2026-08-22,CUSTODIAN,TRAIN
4029,TRD104028,RELIANCE,EQ-CORE-02,250,250,2026-08-05,CUSTODIAN,TRAIN
4030,TRD104029,HDFCBANK,EQ-ALPHA-03,200,200,2026-08-16,CUSTODIAN,TEST
4031,TRD104030,MARUTI,EQ-CORE-02,500,500,2026-08-21,CUSTODIAN,TRAIN
4032,TRD104031,HINDUNILVR,EQ-ALPHA-03,200,640,2026-08-09,CUSTODIAN,TRAIN
4033,TRD104032,ICICIBANK,EQ-ALPHA-03,250,250,2026-08-07,CUSTODIAN,TRAIN
4034,TRD104033,LT,EQ-ALPHA-03,1500,1500,2026-08-14,CUSTODIAN,TRAIN
4035,TRD104034,WIPRO,EQ-CORE-02,100,100,2026-08-17,CUSTODIAN,TRAIN
4036,TRD104035,SBIN,EQ-INDEX-04,750,750,2026-08-04,CUSTODIAN,TEST
4037,TRD104036,HINDUNILVR,EQ-CORE-01,200,200,2026-08-12,CUSTODIAN,TEST
4038,TRD104037,KOTAKBANK,EQ-CORE-02,750,750,2026-08-13,CUSTODIAN,TRAIN
4039,TRD104038,WIPRO,EQ-INDEX-04,100,100,2026-08-15,CUSTODIAN,TRAIN
4040,TRD104039,LT,EQ-INDEX-04,200,200,2026-08-08,CUSTODIAN,TRAIN
4041,TRD104040,BHARTIARTL,EQ-ALPHA-03,200,200,2026-08-07,CUSTODIAN,TEST
4042,TRD104041,SBIN,EQ-ALPHA-03,1500,1500,2026-08-07,CUSTODIAN,TEST
4043,TRD104042,INFY,EQ-CORE-01,1500,1500,2026-08-10,CUSTODIAN,TRAIN
4044,TRD104043,BHARTIARTL,EQ-INDEX-04,250,250,2026-08-21,CUSTODIAN,TRAIN
4045,TRD104044,TCS,EQ-ALPHA-03,1500,1500,2026-08-09,CUSTODIAN,TEST
4046,TRD104045,BHARTIARTL,EQ-CORE-01,2000,2000,2026-08-11,CUSTODIAN,TEST
4047,TRD104046,WIPRO,EQ-INDEX-04,250,250,2026-08-06,CUSTODIAN,TRAIN
4048,TRD104047,HDFCBANK,EQ-CORE-02,200,200,2026-08-08,CUSTODIAN,TRAIN
4049,TRD104048,ICICIBANK,EQ-ALPHA-03,1000,1000,2026-08-04,CUSTODIAN,TRAIN
4050,TRD104049,RELIANCE,EQ-ALPHA-03,250,250,2026-08-09,CUSTODIAN,TRAIN
4051,TRD104050,RELIANCE,EQ-CORE-02,250,250,2026-08-09,CUSTODIAN,TRAIN
4052,TRD104051,INFY,EQ-INDEX-04,2000,2000,2026-08-13,CUSTODIAN,TRAIN
4053,TRD104052,INFY,EQ-CORE-01,200,200,2026-08-12,CUSTODIAN,TRAIN
4054,TRD104053,KOTAKBANK,EQ-CORE-02,750,750,2026-08-04,CUSTODIAN,TRAIN
4055,TRD104054,HDFCBANK,EQ-CORE-01,1500,1755,2026-08-13,CUSTODIAN,TRAIN
4056,TRD104055,KOTAKBANK,EQ-INDEX-04,250,250,2026-08-20,CUSTODIAN,TRAIN
4057,TRD104056,KOTAKBANK,EQ-CORE-01,200,200,2026-08-15,CUSTODIAN,TRAIN
4058,TRD104057,AXISBANK,EQ-INDEX-04,250,250,2026-08-12,CUSTODIAN,TRAIN
4059,TRD104058,MARUTI,EQ-CORE-01,250,825,2026-08-15,CUSTODIAN,TRAIN
4060,TRD104059,WIPRO,EQ-CORE-02,2000,2000,2026-08-21,CUSTODIAN,TRAIN
4061,TRD104060,AXISBANK,EQ-INDEX-04,500,500,2026-08-04,CUSTODIAN,TEST
4062,TRD104061,KOTAKBANK,EQ-CORE-01,2000,2000,2026-08-17,CUSTODIAN,TRAIN
4063,TRD104062,INFY,EQ-ALPHA-03,2000,2000,2026-08-16,CUSTODIAN,TRAIN
4064,TRD104063,MARUTI,EQ-ALPHA-03,200,0,2026-08-08,MISSING,TRAIN
4065,TRD104064,SBIN,EQ-CORE-02,100,100,2026-08-07,CUSTODIAN,TEST
4066,TRD104065,WIPRO,EQ-CORE-01,500,500,2026-08-19,CUSTODIAN,TRAIN
4067,TRD104066,WIPRO,EQ-ALPHA-03,750,750,2026-08-03,CUSTODIAN,TRAIN
4068,TRD104067,ITC,EQ-ALPHA-03,1500,1500,2026-08-22,CUSTODIAN,TEST
4069,TRD104068,AXISBANK,EQ-ALPHA-03,500,500,2026-08-16,CUSTODIAN,TRAIN
4070,TRD104069,KOTAKBANK,EQ-INDEX-04,200,200,2026-08-06,CUSTODIAN,TEST
4071,TRD104070,RELIANCE,EQ-CORE-02,200,200,2026-08-19,CUSTODIAN,TEST
4072,TRD104071,INFY,EQ-CORE-02,200,200,2026-08-12,CUSTODIAN,TRAIN
4073,TRD104072,ICICIBANK,EQ-CORE-02,1500,1500,2026-08-19,CUSTODIAN,TRAIN
4074,TRD104073,RELIANCE,EQ-ALPHA-03,200,200,2026-08-19,CUSTODIAN,TRAIN
4075,TRD104074,INFY,EQ-CORE-01,100,100,2026-08-08,CUSTODIAN,TRAIN
4076,TRD104075,LT,EQ-CORE-02,200,360,2026-08-22,CUSTODIAN,TRAIN
4077,TRD104076,MARUTI,EQ-CORE-01,100,100,2026-08-20,CUSTODIAN,TRAIN
4078,TRD104077,HDFCBANK,EQ-ALPHA-03,1500,1500,2026-08-16,CUSTODIAN,TEST
4079,TRD104078,BHARTIARTL,EQ-ALPHA-03,2000,2000,2026-08-03,CUSTODIAN,TRAIN
4080,TRD104079,TCS,EQ-INDEX-04,750,750,2026-08-05,CUSTODIAN,TRAIN
4081,TRD104080,ITC,EQ-ALPHA-03,200,200,2026-08-10,CUSTODIAN,TRAIN
4082,TRD104081,HINDUNILVR,EQ-CORE-01,1000,1000,2026-08-08,CUSTODIAN,TRAIN
4083,TRD104082,TCS,EQ-ALPHA-03,200,200,2026-08-20,CUSTODIAN,TRAIN
4084,TRD104083,SBIN,EQ-INDEX-04,750,750,2026-08-15,CUSTODIAN,TRAIN
4085,TRD104084,AXISBANK,EQ-CORE-02,1500,1500,2026-08-14,CUSTODIAN,TRAIN
4086,TRD104085,BHARTIARTL,EQ-CORE-01,2000,2000,2026-08-16,CUSTODIAN,TEST
4087,TRD104086,HINDUNILVR,EQ-ALPHA-03,250,250,2026-08-09,CUSTODIAN,TRAIN
4088,TRD104087,TCS,EQ-CORE-02,250,250,2026-08-14,CUSTODIAN,TEST
4089,TRD104088,SBIN,EQ-CORE-02,1000,1000,2026-08-16,CUSTODIAN,TRAIN
4090,TRD104089,WIPRO,EQ-CORE-02,750,750,2026-08-03,CUSTODIAN,TEST
4091,TRD104090,KOTAKBANK,EQ-ALPHA-03,750,750,2026-08-04,CUSTODIAN,TRAIN
4092,TRD104091,TATASTEEL,EQ-CORE-02,1500,1500,2026-08-15,CUSTODIAN,TRAIN
4093,TRD104092,ICICIBANK,EQ-CORE-01,200,200,2026-08-16,CUSTODIAN,TRAIN
4094,TRD104093,INFY,EQ-CORE-02,200,200,2026-08-11,CUSTODIAN,TRAIN
4095,TRD104094,AXISBANK,EQ-INDEX-04,1500,1500,2026-08-15,CUSTODIAN,TRAIN
4096,TRD104095,ITC,EQ-INDEX-04,100,100,2026-08-14,CUSTODIAN,TRAIN
4097,TRD104096,AXISBANK,EQ-CORE-02,2000,2000,2026-08-08,CUSTODIAN,TEST
4098,TRD104097,RELIANCE,EQ-CORE-02,750,750,2026-08-17,CUSTODIAN,TRAIN
4099,TRD104098,WIPRO,EQ-CORE-02,500,500,2026-08-04,CUSTODIAN,TRAIN
4100,TRD104099,HINDUNILVR,EQ-CORE-01,200,200,2026-08-07,CUSTODIAN,TRAIN
4101,TRD104100,SBIN,EQ-CORE-01,500,500,2026-08-03,CUSTODIAN,TRAIN
4102,TRD104101,WIPRO,EQ-INDEX-04,250,250,2026-08-04,CUSTODIAN,TRAIN
4103,TRD104102,INFY,EQ-CORE-02,250,250,2026-08-05,CUSTODIAN,TRAIN
4104,TRD104103,TCS,EQ-CORE-01,200,200,2026-08-20,CUSTODIAN,TRAIN
4105,TRD104104,SBIN,EQ-ALPHA-03,2000,2000,2026-08-18,CUSTODIAN,TRAIN
4106,TRD104105,TATASTEEL,EQ-CORE-01,750,1350,2026-08-16,CUSTODIAN,TRAIN
4107,TRD104106,INFY,EQ-ALPHA-03,250,0,2026-08-05,MISSING,TRAIN
4108,TRD104107,HINDUNILVR,EQ-CORE-01,1000,1000,2026-08-13,CUSTODIAN,TRAIN
4109,TRD104108,TATASTEEL,EQ-ALPHA-03,100,100,2026-08-17,CUSTODIAN,TRAIN
4110,TRD104109,MARUTI,EQ-CORE-01,500,500,2026-08-15,CUSTODIAN,TRAIN
4111,TRD104110,AXISBANK,EQ-INDEX-04,2000,2000,2026-08-13,CUSTODIAN,TRAIN
4112,TRD104111,WIPRO,EQ-INDEX-04,1500,1500,2026-08-21,CUSTODIAN,TRAIN
4113,TRD104112,ITC,EQ-CORE-01,200,200,2026-08-08,CUSTODIAN,TEST
4114,TRD104113,LT,EQ-CORE-01,250,250,2026-08-05,CUSTODIAN,TRAIN
4115,TRD104114,TCS,EQ-CORE-02,1500,1500,2026-08-13,CUSTODIAN,TRAIN
4116,TRD104115,BHARTIARTL,EQ-CORE-01,500,500,2026-08-08,CUSTODIAN,TRAIN
4117,TRD104116,TCS,EQ-ALPHA-03,2000,2000,2026-08-18,CUSTODIAN,TEST
4118,TRD104117,HINDUNILVR,EQ-CORE-02,100,100,2026-08-21,CUSTODIAN,TRAIN
4119,TRD104118,KOTAKBANK,EQ-ALPHA-03,250,250,2026-08-11,CUSTODIAN,TEST
4120,TRD104119,SBIN,EQ-CORE-01,1500,1500,2026-08-09,CUSTODIAN,TRAIN
4121,TRD104120,ITC,EQ-CORE-02,750,750,2026-08-08,CUSTODIAN,TEST
4122,TRD104121,TATASTEEL,EQ-INDEX-04,1000,1000,2026-08-12,CUSTODIAN,TRAIN
4123,TRD104122,TCS,EQ-ALPHA-03,250,172,2026-08-04,CUSTODIAN,TRAIN
4124,TRD104123,MARUTI,EQ-CORE-02,1500,1500,2026-08-05,CUSTODIAN,TEST
4125,TRD104124,BHARTIARTL,EQ-CORE-02,100,100,2026-08-19,CUSTODIAN,TRAIN
4126,TRD104125,SBIN,EQ-ALPHA-03,750,750,2026-08-08,CUSTODIAN,TRAIN
4127,TRD104126,HDFCBANK,EQ-CORE-02,200,200,2026-08-08,CUSTODIAN,TRAIN
4128,TRD104127,TATASTEEL,EQ-ALPHA-03,2000,2000,2026-08-18,CUSTODIAN,TRAIN
4129,TRD104128,KOTAKBANK,EQ-INDEX-04,1500,1500,2026-08-11,CUSTODIAN,TRAIN
4130,TRD104129,KOTAKBANK,EQ-CORE-02,750,750,2026-08-03,CUSTODIAN,TRAIN
4131,TRD104130,ITC,EQ-CORE-01,2000,2000,2026-08-08,CUSTODIAN,TRAIN
4132,TRD104131,BHARTIARTL,EQ-INDEX-04,200,200,2026-08-08,CUSTODIAN,TRAIN
4133,TRD104132,TATASTEEL,EQ-CORE-02,1500,1500,2026-08-17,CUSTODIAN,TRAIN
4134,TRD104133,ITC,EQ-CORE-02,500,500,2026-08-02,CUSTODIAN,TRAIN
4135,TRD104134,INFY,EQ-CORE-02,250,250,2026-08-10,CUSTODIAN,TEST
4136,TRD104135,BHARTIARTL,EQ-ALPHA-03,500,500,2026-08-09,CUSTODIAN,TRAIN
4137,TRD104136,TATASTEEL,EQ-ALPHA-03,100,100,2026-08-19,CUSTODIAN,TRAIN
4138,TRD104137,ICICIBANK,EQ-CORE-02,250,250,2026-08-19,CUSTODIAN,TEST
4139,TRD104138,INFY,EQ-ALPHA-03,750,750,2026-08-13,CUSTODIAN,TRAIN
4140,TRD104139,BHARTIARTL,EQ-INDEX-04,1000,1000,2026-08-04,CUSTODIAN,TRAIN
4141,TRD104140,SBIN,EQ-ALPHA-03,1500,1500,2026-08-02,CUSTODIAN,TRAIN
4142,TRD104141,ICICIBANK,EQ-CORE-01,2000,2000,2026-08-21,CUSTODIAN,TRAIN
4143,TRD104142,ITC,EQ-ALPHA-03,100,100,2026-08-22,CUSTODIAN,TEST
4144,TRD104143,TCS,EQ-CORE-01,100,100,2026-08-07,CUSTODIAN,TRAIN
4145,TRD104144,RELIANCE,EQ-ALPHA-03,500,500,2026-08-12,CUSTODIAN,TRAIN
4146,TRD104145,WIPRO,EQ-INDEX-04,250,250,2026-08-07,CUSTODIAN,TRAIN
4147,TRD104146,WIPRO,EQ-CORE-02,1500,1500,2026-08-15,CUSTODIAN,TRAIN
4148,TRD104147,AXISBANK,EQ-CORE-01,1000,780,2026-08-19,CUSTODIAN,TEST
4149,TRD104148,TCS,EQ-CORE-01,200,200,2026-08-19,CUSTODIAN,TRAIN
4150,TRD104149,HINDUNILVR,EQ-CORE-02,750,750,2026-08-22,CUSTODIAN,TRAIN
4151,TRD104150,RELIANCE,EQ-CORE-02,1500,1500,2026-08-07,CUSTODIAN,TRAIN
4152,TRD104151,BHARTIARTL,EQ-CORE-02,500,500,2026-08-11,CUSTODIAN,TRAIN
4153,TRD104152,ICICIBANK,EQ-INDEX-04,500,500,2026-08-05,CUSTODIAN,TRAIN
4154,TRD104153,TATASTEEL,EQ-ALPHA-03,750,750,2026-08-18,CUSTODIAN,TRAIN
4155,TRD104154,INFY,EQ-INDEX-04,750,750,2026-08-19,CUSTODIAN,TEST
4156,TRD104155,LT,EQ-CORE-02,1000,1000,2026-08-16,CUSTODIAN,TRAIN
4157,TRD104156,MARUTI,EQ-ALPHA-03,100,100,2026-08-13,CUSTODIAN,TEST
4158,TRD104157,TATASTEEL,EQ-INDEX-04,2000,2000,2026-08-03,CUSTODIAN,TRAIN
4159,TRD104158,ICICIBANK,EQ-INDEX-04,1000,1000,2026-08-21,CUSTODIAN,TEST
4160,TRD104159,SBIN,EQ-CORE-02,100,100,2026-08-05,CUSTODIAN,TRAIN
4161,TRD104160,RELIANCE,EQ-INDEX-04,1000,1000,2026-08-19,CUSTODIAN,TRAIN
4162,TRD104161,TATASTEEL,EQ-INDEX-04,750,750,2026-08-21,CUSTODIAN,TEST
4163,TRD104162,LT,EQ-ALPHA-03,1500,1500,2026-08-20,CUSTODIAN,TRAIN
4164,TRD104163,RELIANCE,EQ-CORE-01,1500,1500,2026-08-16,CUSTODIAN,TRAIN
4165,TRD104164,AXISBANK,EQ-INDEX-04,100,100,2026-08-10,CUSTODIAN,TEST
4166,TRD104165,TCS,EQ-ALPHA-03,100,100,2026-08-08,CUSTODIAN,TEST
4167,TRD104166,TCS,EQ-INDEX-04,1000,1000,2026-08-13,CUSTODIAN,TRAIN
4168,TRD104167,RELIANCE,EQ-CORE-01,1000,1000,2026-08-18,CUSTODIAN,TEST
4169,TRD104168,BHARTIARTL,EQ-CORE-02,2000,2000,2026-08-10,CUSTODIAN,TRAIN
4170,TRD104169,ICICIBANK,EQ-INDEX-04,500,500,2026-08-13,CUSTODIAN,TRAIN
4171,TRD104170,RELIANCE,EQ-ALPHA-03,750,750,2026-08-02,CUSTODIAN,TRAIN
4172,TRD104171,BHARTIARTL,EQ-CORE-02,500,500,2026-08-11,CUSTODIAN,TEST
4173,TRD104172,TATASTEEL,EQ-INDEX-04,250,250,2026-08-15,CUSTODIAN,TRAIN
4174,TRD104173,TATASTEEL,EQ-CORE-01,1000,1000,2026-08-05,CUSTODIAN,TRAIN
4175,TRD104174,SBIN,EQ-ALPHA-03,100,100,2026-08-09,CUSTODIAN,TRAIN
4176,TRD104175,BHARTIARTL,EQ-CORE-01,250,250,2026-08-11,CUSTODIAN,TRAIN
4177,TRD104176,HINDUNILVR,EQ-CORE-02,500,500,2026-08-12,CUSTODIAN,TRAIN
4178,TRD104177,MARUTI,EQ-ALPHA-03,100,100,2026-08-08,CUSTODIAN,TRAIN
4179,TRD104178,RELIANCE,EQ-INDEX-04,200,248,2026-08-04,CUSTODIAN,TRAIN
4180,TRD104179,AXISBANK,EQ-CORE-02,1000,1000,2026-08-21,CUSTODIAN,TRAIN
4181,TRD104180,HINDUNILVR,EQ-CORE-02,750,0,2026-08-18,MISSING,TRAIN
4182,TRD104181,ITC,EQ-CORE-02,1000,1000,2026-08-17,CUSTODIAN,TRAIN
4183,TRD104182,SBIN,EQ-INDEX-04,1500,1500,2026-08-08,CUSTODIAN,TRAIN
4184,TRD104183,ICICIBANK,EQ-ALPHA-03,750,750,2026-08-08,CUSTODIAN,TEST
4185,TRD104184,LT,EQ-CORE-01,1500,1500,2026-08-09,CUSTODIAN,TRAIN
4186,TRD104185,KOTAKBANK,EQ-INDEX-04,250,250,2026-08-13,CUSTODIAN,TRAIN
4187,TRD104186,ITC,EQ-INDEX-04,100,100,2026-08-09,CUSTODIAN,TRAIN
4188,TRD104187,ICICIBANK,EQ-INDEX-04,1000,1000,2026-08-15,CUSTODIAN,TRAIN
4189,TRD104188,BHARTIARTL,EQ-ALPHA-03,500,500,2026-08-16,CUSTODIAN,TRAIN
4190,TRD104189,LT,EQ-ALPHA-03,2000,2000,2026-08-10,CUSTODIAN,TRAIN
4191,TRD104190,KOTAKBANK,EQ-ALPHA-03,750,750,2026-08-11,CUSTODIAN,TRAIN
4192,TRD104191,AXISBANK,EQ-INDEX-04,1000,1000,2026-08-16,CUSTODIAN,TRAIN
4193,TRD104192,TATASTEEL,EQ-INDEX-04,100,100,2026-08-09,CUSTODIAN,TRAIN
4194,TRD104193,BHARTIARTL,EQ-CORE-01,2000,2000,2026-08-10,CUSTODIAN,TRAIN
4195,TRD104194,BHARTIARTL,EQ-INDEX-04,2000,2000,2026-08-11,CUSTODIAN,TRAIN
4196,TRD104195,HDFCBANK,EQ-CORE-02,750,750,2026-08-12,CUSTODIAN,TEST
4197,TRD104196,RELIANCE,EQ-CORE-01,100,100,2026-08-22,CUSTODIAN,TRAIN
4198,TRD104197,WIPRO,EQ-ALPHA-03,100,100,2026-08-13,CUSTODIAN,TRAIN
4199,TRD104198,HDFCBANK,EQ-ALPHA-03,750,750,2026-08-12,CUSTODIAN,TRAIN
4200,TRD104199,SBIN,EQ-CORE-02,500,500,2026-08-07,CUSTODIAN,TRAIN
4201,TRD104200,BHARTIARTL,EQ-ALPHA-03,100,100,2026-08-02,CUSTODIAN,TRAIN
4202,TRD104201,RELIANCE,EQ-ALPHA-03,200,200,2026-08-09,CUSTODIAN,TRAIN
4203,TRD104202,TCS,EQ-INDEX-04,200,200,2026-08-21,CUSTODIAN,TRAIN
4204,TRD104203,TCS,EQ-CORE-02,200,200,2026-08-12,CUSTODIAN,TRAIN
4205,TRD104204,HINDUNILVR,EQ-ALPHA-03,750,750,2026-08-04,CUSTODIAN,TRAIN
4206,TRD104205,ITC,EQ-INDEX-04,1500,1500,2026-08-18,CUSTODIAN,TRAIN
4207,TRD104206,KOTAKBANK,EQ-INDEX-04,100,100,2026-08-16,CUSTODIAN,TRAIN
4208,TRD104207,KOTAKBANK,EQ-CORE-01,1500,1500,2026-08-06,CUSTODIAN,TEST
4209,TRD104208,WIPRO,EQ-ALPHA-03,250,250,2026-08-12,CUSTODIAN,TRAIN
4210,TRD104209,LT,EQ-CORE-02,200,200,2026-08-07,CUSTODIAN,TRAIN
4211,TRD104210,RELIANCE,EQ-INDEX-04,250,250,2026-08-07,CUSTODIAN,TRAIN
4212,TRD104211,MARUTI,EQ-CORE-02,100,100,2026-08-17,CUSTODIAN,TRAIN
4213,TRD104212,INFY,EQ-CORE-01,250,250,2026-08-03,CUSTODIAN,TRAIN
4214,TRD104213,TATASTEEL,EQ-ALPHA-03,200,200,2026-08-14,CUSTODIAN,TRAIN
4215,TRD104214,ICICIBANK,EQ-CORE-01,2000,2000,2026-08-08,CUSTODIAN,TRAIN
4216,TRD104215,ITC,EQ-ALPHA-03,1000,1000,2026-08-16,CUSTODIAN,TRAIN
4217,TRD104216,RELIANCE,EQ-CORE-01,500,500,2026-08-10,CUSTODIAN,TRAIN
4218,TRD104217,TATASTEEL,EQ-INDEX-04,250,250,2026-08-09,CUSTODIAN,TRAIN
4219,TRD104218,MARUTI,EQ-INDEX-04,1000,1000,2026-08-19,CUSTODIAN,TRAIN
4220,TRD104219,ICICIBANK,EQ-CORE-01,2000,2000,2026-08-05,CUSTODIAN,TRAIN
4221,TRD104220,TATASTEEL,EQ-CORE-02,1000,1000,2026-08-08,CUSTODIAN,TRAIN
4222,TRD104221,LT,EQ-CORE-01,1000,1000,2026-08-15,CUSTODIAN,TRAIN
4223,TRD104222,HDFCBANK,EQ-ALPHA-03,1000,1000,2026-08-05,CUSTODIAN,TRAIN
4224,TRD104223,TATASTEEL,EQ-CORE-01,100,100,2026-08-18,CUSTODIAN,TEST
4225,TRD104224,LT,EQ-INDEX-04,1500,1500,2026-08-18,CUSTODIAN,TRAIN
4226,TRD104225,SBIN,EQ-CORE-02,250,250,2026-08-08,CUSTODIAN,TEST
4227,TRD104226,LT,EQ-CORE-01,200,0,2026-08-03,MISSING,TRAIN
4228,TRD104227,LT,EQ-ALPHA-03,200,200,2026-08-14,CUSTODIAN,TRAIN
4229,TRD104228,WIPRO,EQ-ALPHA-03,250,250,2026-08-07,CUSTODIAN,TRAIN
4230,TRD104229,WIPRO,EQ-CORE-01,500,500,2026-08-03,CUSTODIAN,TEST
4231,TRD104230,TCS,EQ-CORE-01,1000,1000,2026-08-08,CUSTODIAN,TEST
4232,TRD104231,ICICIBANK,EQ-ALPHA-03,1500,1500,2026-08-09,CUSTODIAN,TRAIN
4233,TRD104232,SBIN,EQ-CORE-02,500,500,2026-08-04,CUSTODIAN,TEST
4234,TRD104233,HDFCBANK,EQ-INDEX-04,100,100,2026-08-11,CUSTODIAN,TRAIN
4235,TRD104234,LT,EQ-INDEX-04,200,200,2026-08-05,CUSTODIAN,TRAIN
4236,TRD104235,AXISBANK,EQ-INDEX-04,750,750,2026-08-12,CUSTODIAN,TRAIN
4237,TRD104236,WIPRO,EQ-ALPHA-03,1500,1500,2026-08-11,CUSTODIAN,TRAIN
4238,TRD104237,HINDUNILVR,EQ-INDEX-04,250,250,2026-08-05,CUSTODIAN,TRAIN
4239,TRD104238,SBIN,EQ-CORE-01,250,250,2026-08-11,CUSTODIAN,TRAIN
4240,TRD104239,RELIANCE,EQ-INDEX-04,1500,1500,2026-08-14,CUSTODIAN,TEST
4241,TRD104240,RELIANCE,EQ-CORE-02,100,100,2026-08-18,CUSTODIAN,TRAIN
4242,TRD104241,KOTAKBANK,EQ-CORE-02,750,750,2026-08-05,CUSTODIAN,TRAIN
4243,TRD104242,MARUTI,EQ-INDEX-04,250,250,2026-08-04,CUSTODIAN,TRAIN
4244,TRD104243,TATASTEEL,EQ-INDEX-04,1500,1500,2026-08-14,CUSTODIAN,TRAIN
4245,TRD104244,RELIANCE,EQ-CORE-01,500,500,2026-08-17,CUSTODIAN,TEST
4246,TRD104245,RELIANCE,EQ-ALPHA-03,1000,1000,2026-08-06,CUSTODIAN,TRAIN
4247,TRD104246,INFY,EQ-CORE-02,250,250,2026-08-16,CUSTODIAN,TRAIN
4248,TRD104247,INFY,EQ-INDEX-04,100,100,2026-08-22,CUSTODIAN,TRAIN
4249,TRD104248,LT,EQ-CORE-02,1000,1000,2026-08-06,CUSTODIAN,TRAIN
4250,TRD104249,TCS,EQ-ALPHA-03,250,250,2026-08-04,CUSTODIAN,TRAIN
4251,TRD104250,TATASTEEL,EQ-CORE-01,100,100,2026-08-18,CUSTODIAN,TRAIN
4252,TRD104251,TATASTEEL,EQ-ALPHA-03,1500,1500,2026-08-14,CUSTODIAN,TRAIN
4253,TRD104252,INFY,EQ-ALPHA-03,250,250,2026-08-15,CUSTODIAN,TRAIN
4254,TRD104253,ICICIBANK,EQ-ALPHA-03,2000,2000,2026-08-14,CUSTODIAN,TRAIN
4255,TRD104254,WIPRO,EQ-ALPHA-03,100,100,2026-08-04,CUSTODIAN,TRAIN
4256,TRD104255,BHARTIARTL,EQ-ALPHA-03,750,750,2026-08-05,CUSTODIAN,TEST
4257,TRD104256,BHARTIARTL,EQ-INDEX-04,250,250,2026-08-20,CUSTODIAN,TRAIN
4258,TRD104257,SBIN,EQ-CORE-02,1500,1500,2026-08-21,CUSTODIAN,TRAIN
4259,TRD104258,HDFCBANK,EQ-CORE-02,1500,1500,2026-08-03,CUSTODIAN,TRAIN
4260,TRD104259,MARUTI,EQ-CORE-02,100,100,2026-08-05,CUSTODIAN,TRAIN
4261,TRD104260,RELIANCE,EQ-INDEX-04,750,750,2026-08-20,CUSTODIAN,TRAIN
4262,TRD104261,HINDUNILVR,EQ-ALPHA-03,100,100,2026-08-02,CUSTODIAN,TEST
4263,TRD104262,HINDUNILVR,EQ-ALPHA-03,750,750,2026-08-18,CUSTODIAN,TRAIN
4264,TRD104263,LT,EQ-ALPHA-03,250,250,2026-08-20,CUSTODIAN,TRAIN
4265,TRD104264,AXISBANK,EQ-CORE-01,200,200,2026-08-20,CUSTODIAN,TRAIN
4266,TRD104265,HDFCBANK,EQ-ALPHA-03,750,878,2026-08-19,CUSTODIAN,TRAIN
4267,TRD104266,WIPRO,EQ-ALPHA-03,1500,1500,2026-08-22,CUSTODIAN,TEST
4268,TRD104267,INFY,EQ-INDEX-04,1500,1500,2026-08-19,CUSTODIAN,TEST
4269,TRD104268,MARUTI,EQ-CORE-02,1000,1000,2026-08-06,CUSTODIAN,TRAIN
4270,TRD104269,HINDUNILVR,EQ-CORE-02,250,250,2026-08-07,CUSTODIAN,TRAIN
4271,TRD104270,HINDUNILVR,EQ-ALPHA-03,200,200,2026-08-06,CUSTODIAN,TRAIN
4272,TRD104271,RELIANCE,EQ-INDEX-04,1500,1500,2026-08-18,CUSTODIAN,TRAIN
4273,TRD104272,KOTAKBANK,EQ-INDEX-04,1500,1500,2026-08-15,CUSTODIAN,TRAIN
4274,TRD104273,AXISBANK,EQ-INDEX-04,1500,1500,2026-08-19,CUSTODIAN,TRAIN
4275,TRD104274,WIPRO,EQ-ALPHA-03,750,750,2026-08-20,CUSTODIAN,TRAIN
4276,TRD104275,TCS,EQ-INDEX-04,500,500,2026-08-08,CUSTODIAN,TEST
4277,TRD104276,TATASTEEL,EQ-CORE-02,1000,1000,2026-08-12,CUSTODIAN,TEST
4278,TRD104277,ICICIBANK,EQ-CORE-01,2000,2000,2026-08-04,CUSTODIAN,TEST
4279,TRD104278,LT,EQ-INDEX-04,1500,1500,2026-08-07,CUSTODIAN,TEST
4280,TRD104279,HINDUNILVR,EQ-INDEX-04,200,200,2026-08-22,CUSTODIAN,TEST
4281,TRD104280,ICICIBANK,EQ-ALPHA-03,1000,1000,2026-08-21,CUSTODIAN,TRAIN
4282,TRD104281,TCS,EQ-CORE-01,1000,1000,2026-08-15,CUSTODIAN,TRAIN
4283,TRD104282,ITC,EQ-CORE-02,1500,1500,2026-08-02,CUSTODIAN,TRAIN
4284,TRD104283,WIPRO,EQ-CORE-02,250,250,2026-08-05,CUSTODIAN,TRAIN
4285,TRD104284,TCS,EQ-CORE-02,1000,1000,2026-08-22,CUSTODIAN,TEST
4286,TRD104285,TATASTEEL,EQ-CORE-02,750,750,2026-08-18,CUSTODIAN,TEST
4287,TRD104286,HINDUNILVR,EQ-CORE-01,250,195,2026-08-15,CUSTODIAN,TEST
4288,TRD104287,BHARTIARTL,EQ-CORE-01,100,100,2026-08-22,CUSTODIAN,TRAIN
4289,TRD104288,RELIANCE,EQ-CORE-01,500,500,2026-08-11,CUSTODIAN,TRAIN
4290,TRD104289,MARUTI,EQ-CORE-02,1000,1000,2026-08-16,CUSTODIAN,TRAIN
4291,TRD104290,HINDUNILVR,EQ-ALPHA-03,1500,1500,2026-08-17,CUSTODIAN,TEST
4292,TRD104291,ICICIBANK,EQ-CORE-02,750,750,2026-08-02,CUSTODIAN,TRAIN
4293,TRD104292,TATASTEEL,EQ-ALPHA-03,1500,1500,2026-08-16,CUSTODIAN,TRAIN
4294,TRD104293,KOTAKBANK,EQ-ALPHA-03,250,250,2026-08-03,CUSTODIAN,TRAIN
4295,TRD104294,BHARTIARTL,EQ-CORE-02,750,750,2026-08-04,CUSTODIAN,TEST
4296,TRD104295,BHARTIARTL,EQ-ALPHA-03,2000,2000,2026-08-06,CUSTODIAN,TRAIN
4297,TRD104296,INFY,EQ-CORE-02,200,200,2026-08-13,CUSTODIAN,TRAIN
4298,TRD104297,MARUTI,EQ-ALPHA-03,100,100,2026-08-16,CUSTODIAN,TRAIN
4299,TRD104298,TCS,EQ-CORE-02,250,250,2026-08-15,CUSTODIAN,TRAIN
4300,TRD104299,BHARTIARTL,EQ-INDEX-04,2000,2000,2026-08-10,CUSTODIAN,TRAIN
4301,TRD104300,ITC,EQ-CORE-01,100,100,2026-08-12,CUSTODIAN,TRAIN
4302,TRD104301,ITC,EQ-ALPHA-03,2000,2000,2026-08-04,CUSTODIAN,TRAIN
4303,TRD104302,TCS,EQ-CORE-02,750,750,2026-08-07,CUSTODIAN,TRAIN
4304,TRD104303,BHARTIARTL,EQ-CORE-02,750,750,2026-08-07,CUSTODIAN,TRAIN
4305,TRD104304,KOTAKBANK,EQ-ALPHA-03,2000,2000,2026-08-16,CUSTODIAN,TRAIN
4306,TRD104305,HINDUNILVR,EQ-CORE-01,1000,1000,2026-08-03,CUSTODIAN,TRAIN
4307,TRD104306,SBIN,EQ-CORE-02,750,750,2026-08-10,CUSTODIAN,TRAIN
4308,TRD104307,HDFCBANK,EQ-ALPHA-03,1500,1500,2026-08-17,CUSTODIAN,TRAIN
4309,TRD104308,HINDUNILVR,EQ-ALPHA-03,250,250,2026-08-02,CUSTODIAN,TRAIN
4310,TRD104309,ITC,EQ-CORE-01,1500,1500,2026-08-09,CUSTODIAN,TRAIN
4311,TRD104310,HDFCBANK,EQ-CORE-01,1000,1000,2026-08-16,CUSTODIAN,TEST
4312,TRD104311,TCS,EQ-INDEX-04,200,200,2026-08-22,CUSTODIAN,TEST
4313,TRD104312,MARUTI,EQ-CORE-02,500,500,2026-08-21,CUSTODIAN,TEST
4314,TRD104313,MARUTI,EQ-CORE-02,750,750,2026-08-17,CUSTODIAN,TRAIN
4315,TRD104314,SBIN,EQ-ALPHA-03,2000,2000,2026-08-12,CUSTODIAN,TRAIN
4316,TRD104315,HDFCBANK,EQ-ALPHA-03,1000,1000,2026-08-22,CUSTODIAN,TRAIN
4317,TRD104316,BHARTIARTL,EQ-CORE-02,1000,1000,2026-08-13,CUSTODIAN,TEST
4318,TRD104317,INFY,EQ-ALPHA-03,500,500,2026-08-19,CUSTODIAN,TEST
4319,TRD104318,LT,EQ-INDEX-04,100,0,2026-08-20,MISSING,TRAIN
4320,TRD104319,MARUTI,EQ-INDEX-04,2000,2000,2026-08-18,CUSTODIAN,TRAIN
4321,TRD104320,RELIANCE,EQ-CORE-01,250,250,2026-08-18,CUSTODIAN,TRAIN
4322,TRD104321,BHARTIARTL,EQ-ALPHA-03,250,250,2026-08-22,CUSTODIAN,TRAIN
4323,TRD104322,RELIANCE,EQ-INDEX-04,750,750,2026-08-05,CUSTODIAN,TRAIN
4324,TRD104323,KOTAKBANK,EQ-INDEX-04,200,200,2026-08-17,CUSTODIAN,TEST
4325,TRD104324,ICICIBANK,EQ-ALPHA-03,200,200,2026-08-12,CUSTODIAN,TRAIN
4326,TRD104325,LT,EQ-INDEX-04,500,500,2026-08-11,CUSTODIAN,TRAIN
4327,TRD104326,TCS,EQ-CORE-01,2000,2000,2026-08-21,CUSTODIAN,TRAIN
4328,TRD104327,TCS,EQ-CORE-01,2000,2000,2026-08-02,CUSTODIAN,TRAIN
4329,TRD104328,ITC,EQ-ALPHA-03,100,100,2026-08-16,CUSTODIAN,TRAIN
4330,TRD104329,ITC,EQ-ALPHA-03,1500,1500,2026-08-07,CUSTODIAN,TRAIN
4331,TRD104330,KOTAKBANK,EQ-ALPHA-03,200,200,2026-08-06,CUSTODIAN,TEST
4332,TRD104331,KOTAKBANK,EQ-CORE-02,1500,1500,2026-08-09,CUSTODIAN,TRAIN
4333,TRD104332,ITC,EQ-INDEX-04,500,500,2026-08-13,CUSTODIAN,TRAIN
4334,TRD104333,ITC,EQ-CORE-02,100,100,2026-08-06,CUSTODIAN,TRAIN
4335,TRD104334,HINDUNILVR,EQ-CORE-01,200,200,2026-08-09,CUSTODIAN,TRAIN
4336,TRD104335,AXISBANK,EQ-INDEX-04,100,100,2026-08-08,CUSTODIAN,TRAIN
4337,TRD104336,INFY,EQ-INDEX-04,2000,2000,2026-08-21,CUSTODIAN,TRAIN
4338,TRD104337,MARUTI,EQ-INDEX-04,500,500,2026-08-20,CUSTODIAN,TRAIN
4339,TRD104338,WIPRO,EQ-CORE-01,750,750,2026-08-02,CUSTODIAN,TRAIN
4340,TRD104339,TATASTEEL,EQ-INDEX-04,2000,2000,2026-08-09,CUSTODIAN,TRAIN
4341,TRD104340,LT,EQ-CORE-02,250,250,2026-08-02,CUSTODIAN,TRAIN
4342,TRD104341,INFY,EQ-ALPHA-03,1500,4800,2026-08-17,CUSTODIAN,TRAIN
4343,TRD104342,INFY,EQ-CORE-01,1500,1500,2026-08-20,CUSTODIAN,TEST
4344,TRD104343,KOTAKBANK,EQ-ALPHA-03,250,250,2026-08-07,CUSTODIAN,TRAIN
4345,TRD104344,SBIN,EQ-INDEX-04,250,250,2026-08-04,CUSTODIAN,TRAIN
4346,TRD104345,MARUTI,EQ-ALPHA-03,1000,1000,2026-08-12,CUSTODIAN,TEST
4347,TRD104346,ICICIBANK,EQ-CORE-02,750,750,2026-08-13,CUSTODIAN,TRAIN
4348,TRD104347,SBIN,EQ-CORE-01,1000,1000,2026-08-04,CUSTODIAN,TRAIN
4349,TRD104348,TCS,EQ-CORE-01,500,500,2026-08-16,CUSTODIAN,TRAIN
4350,TRD104349,INFY,EQ-CORE-01,100,100,2026-08-22,CUSTODIAN,TRAIN
4351,TRD104350,ITC,EQ-ALPHA-03,1500,1500,2026-08-05,CUSTODIAN,TEST
4352,TRD104351,TCS,EQ-CORE-01,750,750,2026-08-06,CUSTODIAN,TRAIN
4353,TRD104352,ICICIBANK,EQ-CORE-01,500,500,2026-08-12,CUSTODIAN,TRAIN
4354,TRD104353,TCS,EQ-INDEX-04,250,250,2026-08-19,CUSTODIAN,TRAIN
4355,TRD104354,HDFCBANK,EQ-INDEX-04,100,100,2026-08-14,CUSTODIAN,TRAIN
4356,TRD104355,RELIANCE,EQ-CORE-01,100,100,2026-08-18,CUSTODIAN,TRAIN
4357,TRD104356,HINDUNILVR,EQ-CORE-01,2000,2000,2026-08-21,CUSTODIAN,TRAIN
4358,TRD104357,BHARTIARTL,EQ-INDEX-04,2000,2000,2026-08-04,CUSTODIAN,TRAIN
4359,TRD104358,TCS,EQ-INDEX-04,2000,2000,2026-08-11,CUSTODIAN,TRAIN
4360,TRD104359,KOTAKBANK,EQ-CORE-02,750,750,2026-08-14,CUSTODIAN,TRAIN
4361,TRD104360,HDFCBANK,EQ-ALPHA-03,250,250,2026-08-11,CUSTODIAN,TEST
4362,TRD104361,ICICIBANK,EQ-CORE-01,1500,1500,2026-08-05,CUSTODIAN,TRAIN
4363,TRD104362,RELIANCE,EQ-CORE-01,1000,1000,2026-08-09,CUSTODIAN,TEST
4364,TRD104363,HINDUNILVR,EQ-INDEX-04,750,975,2026-08-20,CUSTODIAN,TRAIN
4365,TRD104364,HDFCBANK,EQ-INDEX-04,750,750,2026-08-05,CUSTODIAN,TRAIN
4366,TRD104365,TCS,EQ-CORE-01,200,200,2026-08-13,CUSTODIAN,TRAIN
4367,TRD104366,BHARTIARTL,EQ-INDEX-04,250,250,2026-08-16,CUSTODIAN,TRAIN
4368,TRD104367,INFY,EQ-CORE-02,200,200,2026-08-09,CUSTODIAN,TRAIN
4369,TRD104368,WIPRO,EQ-INDEX-04,250,250,2026-08-12,CUSTODIAN,TRAIN
4370,TRD104369,INFY,EQ-CORE-01,250,250,2026-08-20,CUSTODIAN,TRAIN
4371,TRD104370,SBIN,EQ-CORE-02,750,750,2026-08-06,CUSTODIAN,TEST
4372,TRD104371,HINDUNILVR,EQ-CORE-02,1000,1000,2026-08-18,CUSTODIAN,TRAIN
4373,TRD104372,RELIANCE,EQ-CORE-01,1500,1500,2026-08-09,CUSTODIAN,TRAIN
4374,TRD104373,ICICIBANK,EQ-CORE-02,1000,1000,2026-08-14,CUSTODIAN,TRAIN
4375,TRD104374,TCS,EQ-CORE-01,100,100,2026-08-04,CUSTODIAN,TRAIN
4376,TRD104375,INFY,EQ-ALPHA-03,500,500,2026-08-20,CUSTODIAN,TRAIN
4377,TRD104376,AXISBANK,EQ-INDEX-04,100,117,2026-08-12,CUSTODIAN,TRAIN
4378,TRD104377,ITC,EQ-CORE-01,2000,2000,2026-08-17,CUSTODIAN,TRAIN
4379,TRD104378,RELIANCE,EQ-ALPHA-03,1000,1000,2026-08-16,CUSTODIAN,TRAIN
4380,TRD104379,INFY,EQ-ALPHA-03,750,750,2026-08-14,CUSTODIAN,TRAIN
4381,TRD104380,BHARTIARTL,EQ-ALPHA-03,750,750,2026-08-09,CUSTODIAN,TEST
4382,TRD104381,HDFCBANK,EQ-INDEX-04,2000,2000,2026-08-10,CUSTODIAN,TEST
4383,TRD104382,ITC,EQ-CORE-01,2000,2000,2026-08-15,CUSTODIAN,TRAIN
4384,TRD104383,ICICIBANK,EQ-INDEX-04,500,500,2026-08-22,CUSTODIAN,TRAIN
4385,TRD104384,MARUTI,EQ-CORE-01,200,0,2026-08-17,MISSING,TRAIN
4386,TRD104385,HDFCBANK,EQ-INDEX-04,250,250,2026-08-15,CUSTODIAN,TRAIN
4387,TRD104386,TATASTEEL,EQ-CORE-01,2000,2000,2026-08-10,CUSTODIAN,TRAIN
4388,TRD104387,ICICIBANK,EQ-ALPHA-03,750,750,2026-08-04,CUSTODIAN,TRAIN
4389,TRD104388,WIPRO,EQ-ALPHA-03,500,500,2026-08-19,CUSTODIAN,TRAIN
4390,TRD104389,RELIANCE,EQ-CORE-01,1000,1000,2026-08-07,CUSTODIAN,TRAIN
4391,TRD104390,AXISBANK,EQ-INDEX-04,1000,1000,2026-08-11,CUSTODIAN,TRAIN
4392,TRD104391,TCS,EQ-INDEX-04,200,200,2026-08-20,CUSTODIAN,TRAIN
4393,TRD104392,TATASTEEL,EQ-ALPHA-03,2000,2000,2026-08-13,CUSTODIAN,TRAIN
4394,TRD104393,INFY,EQ-CORE-02,2000,2000,2026-08-14,CUSTODIAN,TRAIN
4395,TRD104394,LT,EQ-CORE-01,1000,1000,2026-08-02,CUSTODIAN,TRAIN
4396,TRD104395,KOTAKBANK,EQ-INDEX-04,1500,1500,2026-08-13,CUSTODIAN,TEST
4397,TRD104396,MARUTI,EQ-CORE-02,1500,1500,2026-08-20,CUSTODIAN,TRAIN
4398,TRD104397,TCS,EQ-INDEX-04,500,500,2026-08-15,CUSTODIAN,TRAIN
4399,TRD104398,AXISBANK,EQ-ALPHA-03,2000,2000,2026-08-16,CUSTODIAN,TRAIN
4400,TRD104399,RELIANCE,EQ-INDEX-04,500,500,2026-08-15,CUSTODIAN,TRAIN
4401,TRD104400,ITC,EQ-CORE-01,2000,2000,2026-08-16,CUSTODIAN,TEST
4402,TRD104401,ITC,EQ-INDEX-04,500,500,2026-08-05,CUSTODIAN,TRAIN
4403,TRD104402,INFY,EQ-ALPHA-03,100,100,2026-08-22,CUSTODIAN,TEST
4404,TRD104403,INFY,EQ-CORE-02,500,500,2026-08-09,CUSTODIAN,TRAIN
4405,TRD104404,AXISBANK,EQ-INDEX-04,500,500,2026-08-14,CUSTODIAN,TRAIN
4406,TRD104405,MARUTI,EQ-CORE-02,1500,1500,2026-08-10,CUSTODIAN,TRAIN
4407,TRD104406,BHARTIARTL,EQ-INDEX-04,1000,1000,2026-08-08,CUSTODIAN,TRAIN
4408,TRD104407,SBIN,EQ-ALPHA-03,250,250,2026-08-04,CUSTODIAN,TRAIN
4409,TRD104408,ITC,EQ-ALPHA-03,100,100,2026-08-14,CUSTODIAN,TRAIN
4410,TRD104409,ICICIBANK,EQ-CORE-01,2000,2000,2026-08-12,CUSTODIAN,TRAIN
4411,TRD104410,AXISBANK,EQ-ALPHA-03,100,100,2026-08-13,CUSTODIAN,TEST
4412,TRD104411,LT,EQ-ALPHA-03,100,100,2026-08-16,CUSTODIAN,TRAIN
4413,TRD104412,SBIN,EQ-INDEX-04,1000,1000,2026-08-17,CUSTODIAN,TRAIN
4414,TRD104413,LT,EQ-CORE-02,1500,1500,2026-08-07,CUSTODIAN,TRAIN
4415,TRD104414,INFY,EQ-CORE-01,200,200,2026-08-04,CUSTODIAN,TRAIN
4416,TRD104415,AXISBANK,EQ-CORE-02,1000,1000,2026-08-15,CUSTODIAN,TRAIN
4417,TRD104416,AXISBANK,EQ-CORE-02,2000,2000,2026-08-18,CUSTODIAN,TRAIN
4418,TRD104417,ICICIBANK,EQ-INDEX-04,250,250,2026-08-20,CUSTODIAN,TRAIN
4419,TRD104418,AXISBANK,EQ-ALPHA-03,200,200,2026-08-20,CUSTODIAN,TRAIN
4420,TRD104419,TCS,EQ-CORE-01,1500,1500,2026-08-08,CUSTODIAN,TRAIN
4421,TRD104420,RELIANCE,EQ-INDEX-04,100,100,2026-08-03,CUSTODIAN,TRAIN
4422,TRD104421,SBIN,EQ-CORE-02,200,200,2026-08-02,CUSTODIAN,TEST
4423,TRD104422,TCS,EQ-CORE-01,2000,2000,2026-08-13,CUSTODIAN,TEST
4424,TRD104423,ICICIBANK,EQ-ALPHA-03,2000,2000,2026-08-04,CUSTODIAN,TRAIN
4425,TRD104424,BHARTIARTL,EQ-CORE-01,250,250,2026-08-12,CUSTODIAN,TRAIN
4426,TRD104425,SBIN,EQ-ALPHA-03,250,250,2026-08-20,CUSTODIAN,TRAIN
4427,TRD104426,INFY,EQ-INDEX-04,100,100,2026-08-14,CUSTODIAN,TRAIN
4428,TRD104427,ICICIBANK,EQ-INDEX-04,500,500,2026-08-20,CUSTODIAN,TRAIN
4429,TRD104428,TATASTEEL,EQ-CORE-01,500,500,2026-08-08,CUSTODIAN,TRAIN
4430,TRD104429,RELIANCE,EQ-CORE-02,200,200,2026-08-12,CUSTODIAN,TRAIN
4431,TRD104430,INFY,EQ-ALPHA-03,1500,1500,2026-08-10,CUSTODIAN,TRAIN
4432,TRD104431,AXISBANK,EQ-CORE-01,2000,2000,2026-08-13,CUSTODIAN,TEST
4433,TRD104432,ITC,EQ-CORE-02,2000,2000,2026-08-02,CUSTODIAN,TEST
4434,TRD104433,TCS,EQ-ALPHA-03,250,250,2026-08-19,CUSTODIAN,TRAIN
4435,TRD104434,HDFCBANK,EQ-CORE-01,500,500,2026-08-20,CUSTODIAN,TRAIN
4436,TRD104435,AXISBANK,EQ-CORE-02,500,500,2026-08-20,CUSTODIAN,TRAIN
4437,TRD104436,SBIN,EQ-INDEX-04,1000,1000,2026-08-05,CUSTODIAN,TRAIN
4438,TRD104437,HINDUNILVR,EQ-CORE-01,2000,2000,2026-08-21,CUSTODIAN,TRAIN
4439,TRD104438,SBIN,EQ-CORE-02,2000,2000,2026-08-05,CUSTODIAN,TRAIN
4440,TRD104439,LT,EQ-CORE-02,2000,2000,2026-08-20,CUSTODIAN,TRAIN
4441,TRD104440,INFY,EQ-CORE-02,1000,1000,2026-08-18,CUSTODIAN,TRAIN
4442,TRD104441,INFY,EQ-INDEX-04,750,750,2026-08-17,CUSTODIAN,TRAIN
4443,TRD104442,HINDUNILVR,EQ-CORE-02,1500,1500,2026-08-16,CUSTODIAN,TRAIN
4444,TRD104443,ICICIBANK,EQ-ALPHA-03,500,500,2026-08-08,CUSTODIAN,TRAIN
4445,TRD104444,AXISBANK,EQ-INDEX-04,2000,2000,2026-08-07,CUSTODIAN,TRAIN
4446,TRD104445,ITC,EQ-ALPHA-03,200,200,2026-08-14,CUSTODIAN,TRAIN
4447,TRD104446,TATASTEEL,EQ-CORE-01,100,100,2026-08-21,CUSTODIAN,TRAIN
4448,TRD104447,ICICIBANK,EQ-INDEX-04,100,100,2026-08-06,CUSTODIAN,TRAIN
4449,TRD104448,RELIANCE,EQ-CORE-01,100,100,2026-08-20,CUSTODIAN,TRAIN
4450,TRD104449,BHARTIARTL,EQ-CORE-02,1000,1000,2026-08-17,CUSTODIAN,TRAIN
4451,TRD104450,TATASTEEL,EQ-ALPHA-03,250,250,2026-08-06,CUSTODIAN,TRAIN
4452,TRD104451,AXISBANK,EQ-CORE-02,250,250,2026-08-09,CUSTODIAN,TRAIN
4453,TRD104452,AXISBANK,EQ-CORE-01,200,200,2026-08-10,CUSTODIAN,TRAIN
4454,TRD104453,KOTAKBANK,EQ-CORE-01,1000,1700,2026-08-09,CUSTODIAN,TRAIN
4455,TRD104454,INFY,EQ-INDEX-04,250,250,2026-08-04,CUSTODIAN,TRAIN
4456,TRD104455,BHARTIARTL,EQ-ALPHA-03,100,100,2026-08-22,CUSTODIAN,TEST
4457,TRD104456,TATASTEEL,EQ-ALPHA-03,500,500,2026-08-12,CUSTODIAN,TRAIN
4458,TRD104457,HINDUNILVR,EQ-CORE-02,750,750,2026-08-20,CUSTODIAN,TRAIN
4459,TRD104458,AXISBANK,EQ-CORE-01,1500,1500,2026-08-17,CUSTODIAN,TRAIN
4460,TRD104459,HDFCBANK,EQ-CORE-02,100,100,2026-08-07,CUSTODIAN,TRAIN
4461,TRD104460,ITC,EQ-CORE-02,500,500,2026-08-02,CUSTODIAN,TRAIN
4462,TRD104461,AXISBANK,EQ-INDEX-04,100,100,2026-08-22,CUSTODIAN,TEST
4463,TRD104462,MARUTI,EQ-ALPHA-03,2000,2000,2026-08-22,CUSTODIAN,TRAIN
4464,TRD104463,ITC,EQ-ALPHA-03,2000,2000,2026-08-12,CUSTODIAN,TRAIN
4465,TRD104464,WIPRO,EQ-INDEX-04,750,750,2026-08-09,CUSTODIAN,TRAIN
4466,TRD104465,AXISBANK,EQ-INDEX-04,250,250,2026-08-03,CUSTODIAN,TRAIN
4467,TRD104466,SBIN,EQ-CORE-02,750,750,2026-08-09,CUSTODIAN,TEST
4468,TRD104467,HDFCBANK,EQ-CORE-02,1500,1500,2026-08-10,CUSTODIAN,TRAIN
4469,TRD104468,HINDUNILVR,EQ-CORE-02,1000,1000,2026-08-17,CUSTODIAN,TRAIN
4470,TRD104469,ITC,EQ-CORE-02,500,500,2026-08-18,CUSTODIAN,TRAIN
4471,TRD104470,RELIANCE,EQ-CORE-02,2000,2000,2026-08-12,CUSTODIAN,TEST
4472,TRD104471,INFY,EQ-CORE-02,500,500,2026-08-05,CUSTODIAN,TRAIN
4473,TRD104472,HINDUNILVR,EQ-ALPHA-03,2000,2000,2026-08-02,CUSTODIAN,TRAIN
4474,TRD104473,WIPRO,EQ-ALPHA-03,2000,2000,2026-08-09,CUSTODIAN,TRAIN
4475,TRD104474,SBIN,EQ-CORE-02,200,200,2026-08-06,CUSTODIAN,TRAIN
4476,TRD104475,TCS,EQ-ALPHA-03,100,100,2026-08-04,CUSTODIAN,TRAIN
4477,TRD104476,LT,EQ-CORE-01,2000,2400,2026-08-20,CUSTODIAN,TRAIN
4478,TRD104477,INFY,EQ-INDEX-04,250,250,2026-08-11,CUSTODIAN,TRAIN
4479,TRD104478,TCS,EQ-ALPHA-03,200,200,2026-08-07,CUSTODIAN,TRAIN
4480,TRD104479,INFY,EQ-CORE-01,1000,1000,2026-08-03,CUSTODIAN,TRAIN
4481,TRD104480,MARUTI,EQ-ALPHA-03,500,500,2026-08-13,CUSTODIAN,TRAIN
4482,TRD104481,WIPRO,EQ-INDEX-04,750,750,2026-08-10,CUSTODIAN,TRAIN
4483,TRD104482,SBIN,EQ-INDEX-04,2000,2000,2026-08-12,CUSTODIAN,TRAIN
4484,TRD104483,TATASTEEL,EQ-CORE-02,1500,1500,2026-08-09,CUSTODIAN,TRAIN
4485,TRD104484,BHARTIARTL,EQ-INDEX-04,500,500,2026-08-15,CUSTODIAN,TRAIN
4486,TRD104485,MARUTI,EQ-ALPHA-03,200,200,2026-08-19,CUSTODIAN,TEST
4487,TRD104486,HDFCBANK,EQ-INDEX-04,1000,1000,2026-08-02,CUSTODIAN,TEST
4488,TRD104487,SBIN,EQ-INDEX-04,100,100,2026-08-03,CUSTODIAN,TRAIN
4489,TRD104488,KOTAKBANK,EQ-ALPHA-03,1500,1500,2026-08-16,CUSTODIAN,TRAIN
4490,TRD104489,KOTAKBANK,EQ-CORE-01,500,0,2026-08-15,MISSING,TRAIN
4491,TRD104490,TCS,EQ-CORE-01,100,100,2026-08-11,CUSTODIAN,TRAIN
4492,TRD104491,WIPRO,EQ-CORE-01,500,1600,2026-08-17,CUSTODIAN,TRAIN
4493,TRD104492,RELIANCE,EQ-CORE-01,750,750,2026-08-14,CUSTODIAN,TEST
4494,TRD104493,HDFCBANK,EQ-ALPHA-03,200,200,2026-08-18,CUSTODIAN,TRAIN
4495,TRD104494,LT,EQ-ALPHA-03,1000,1000,2026-08-21,CUSTODIAN,TEST
4496,TRD104495,KOTAKBANK,EQ-CORE-02,1500,1500,2026-08-14,CUSTODIAN,TEST
4497,TRD104496,ITC,EQ-CORE-02,250,250,2026-08-02,CUSTODIAN,TRAIN
4498,TRD104497,INFY,EQ-ALPHA-03,100,100,2026-08-19,CUSTODIAN,TEST
4499,TRD104498,INFY,EQ-ALPHA-03,500,1100,2026-08-13,CUSTODIAN,TRAIN
4500,TRD104499,ITC,EQ-CORE-02,500,500,2026-08-02,CUSTODIAN,TRAIN
4501,TRD104500,HINDUNILVR,EQ-ALPHA-03,1500,1500,2026-08-18,CUSTODIAN,TRAIN
4502,TRD104501,KOTAKBANK,EQ-CORE-02,750,750,2026-08-11,CUSTODIAN,TRAIN
4503,TRD104502,ITC,EQ-CORE-01,200,200,2026-08-17,CUSTODIAN,TEST
4504,TRD104503,BHARTIARTL,EQ-ALPHA-03,1500,1500,2026-08-04,CUSTODIAN,TRAIN
4505,TRD104504,TATASTEEL,EQ-INDEX-04,200,200,2026-08-11,CUSTODIAN,TRAIN
4506,TRD104505,SBIN,EQ-CORE-02,1000,1000,2026-08-08,CUSTODIAN,TRAIN
4507,TRD104506,LT,EQ-CORE-02,100,100,2026-08-23,CUSTODIAN,TRAIN
4508,TRD104507,RELIANCE,EQ-INDEX-04,100,100,2026-08-18,CUSTODIAN,TRAIN
4509,TRD104508,HINDUNILVR,EQ-INDEX-04,500,500,2026-08-17,CUSTODIAN,TRAIN
4510,TRD104509,HINDUNILVR,EQ-INDEX-04,500,500,2026-08-08,CUSTODIAN,TEST
4511,TRD104510,WIPRO,EQ-CORE-01,2000,2000,2026-08-07,CUSTODIAN,TRAIN
4512,TRD104511,ICICIBANK,EQ-CORE-02,2000,2000,2026-08-02,CUSTODIAN,TRAIN
4513,TRD104512,KOTAKBANK,EQ-ALPHA-03,100,100,2026-08-13,CUSTODIAN,TRAIN
4514,TRD104513,RELIANCE,EQ-CORE-01,100,100,2026-08-11,CUSTODIAN,TRAIN
4515,TRD104514,KOTAKBANK,EQ-INDEX-04,500,500,2026-08-17,CUSTODIAN,TRAIN
4516,TRD104515,LT,EQ-INDEX-04,2000,2000,2026-08-14,CUSTODIAN,TRAIN
4517,TRD104516,RELIANCE,EQ-CORE-02,500,500,2026-08-12,CUSTODIAN,TRAIN
4518,TRD104517,RELIANCE,EQ-ALPHA-03,100,100,2026-08-11,CUSTODIAN,TRAIN
4519,TRD104518,AXISBANK,EQ-INDEX-04,750,750,2026-08-09,CUSTODIAN,TRAIN
4520,TRD104519,TCS,EQ-INDEX-04,2000,2000,2026-08-20,CUSTODIAN,TRAIN
4521,TRD104520,ICICIBANK,EQ-INDEX-04,1500,1500,2026-08-06,CUSTODIAN,TEST
4522,TRD104521,SBIN,EQ-CORE-02,200,200,2026-08-14,CUSTODIAN,TRAIN
4523,TRD104522,INFY,EQ-CORE-01,2000,2000,2026-08-22,CUSTODIAN,TRAIN
4524,TRD104523,INFY,EQ-ALPHA-03,250,250,2026-08-06,CUSTODIAN,TRAIN
4525,TRD104524,SBIN,EQ-CORE-02,1500,1500,2026-08-16,CUSTODIAN,TEST
4526,TRD104525,TCS,EQ-CORE-01,1000,1000,2026-08-03,CUSTODIAN,TRAIN
4527,TRD104526,HINDUNILVR,EQ-INDEX-04,100,100,2026-08-15,CUSTODIAN,TRAIN
4528,TRD104527,WIPRO,EQ-CORE-02,200,200,2026-08-08,CUSTODIAN,TRAIN
4529,TRD104528,LT,EQ-CORE-01,750,750,2026-08-17,CUSTODIAN,TEST
4530,TRD104529,HINDUNILVR,EQ-INDEX-04,500,500,2026-08-12,CUSTODIAN,TRAIN
4531,TRD104530,AXISBANK,EQ-ALPHA-03,1000,1000,2026-08-11,CUSTODIAN,TRAIN
4532,TRD104531,RELIANCE,EQ-CORE-02,250,250,2026-08-10,CUSTODIAN,TRAIN
4533,TRD104532,LT,EQ-INDEX-04,1500,1500,2026-08-04,CUSTODIAN,TRAIN
4534,TRD104533,ITC,EQ-CORE-01,200,200,2026-08-03,CUSTODIAN,TRAIN
4535,TRD104534,TATASTEEL,EQ-INDEX-04,100,100,2026-08-14,CUSTODIAN,TRAIN
4536,TRD104535,TATASTEEL,EQ-INDEX-04,750,750,2026-08-22,CUSTODIAN,TRAIN
4537,TRD104536,BHARTIARTL,EQ-CORE-01,200,200,2026-08-16,CUSTODIAN,TEST
4538,TRD104537,MARUTI,EQ-CORE-02,250,250,2026-08-14,CUSTODIAN,TRAIN
4539,TRD104538,WIPRO,EQ-CORE-02,2000,2000,2026-08-19,CUSTODIAN,TRAIN
4540,TRD104539,TCS,EQ-CORE-01,100,100,2026-08-04,CUSTODIAN,TRAIN
4541,TRD104540,HINDUNILVR,EQ-CORE-01,200,200,2026-08-05,CUSTODIAN,TRAIN
4542,TRD104541,RELIANCE,EQ-ALPHA-03,1000,1000,2026-08-09,CUSTODIAN,TRAIN
4543,TRD104542,ITC,EQ-ALPHA-03,100,100,2026-08-16,CUSTODIAN,TRAIN
4544,TRD104543,RELIANCE,EQ-CORE-01,750,750,2026-08-14,CUSTODIAN,TEST
4545,TRD104544,KOTAKBANK,EQ-CORE-02,2000,2000,2026-08-04,CUSTODIAN,TRAIN
4546,TRD104545,ICICIBANK,EQ-ALPHA-03,1000,1000,2026-08-14,CUSTODIAN,TRAIN
4547,TRD104546,INFY,EQ-ALPHA-03,250,250,2026-08-17,CUSTODIAN,TRAIN
4548,TRD104547,ITC,EQ-ALPHA-03,750,750,2026-08-08,CUSTODIAN,TRAIN
4549,TRD104548,AXISBANK,EQ-CORE-01,2000,2000,2026-08-09,CUSTODIAN,TEST
4550,TRD104549,BHARTIARTL,EQ-ALPHA-03,750,750,2026-08-22,CUSTODIAN,TRAIN
4551,TRD104550,RELIANCE,EQ-INDEX-04,1500,1500,2026-08-07,CUSTODIAN,TRAIN
4552,TRD104551,HDFCBANK,EQ-ALPHA-03,200,200,2026-08-19,CUSTODIAN,TRAIN
4553,TRD104552,TATASTEEL,EQ-CORE-01,1500,2700,2026-08-03,CUSTODIAN,TRAIN
4554,TRD104553,KOTAKBANK,EQ-ALPHA-03,1000,1000,2026-08-05,CUSTODIAN,TEST
4555,TRD104554,BHARTIARTL,EQ-CORE-01,100,100,2026-08-11,CUSTODIAN,TEST
4556,TRD104555,ITC,EQ-ALPHA-03,750,750,2026-08-14,CUSTODIAN,TRAIN
4557,TRD104556,HINDUNILVR,EQ-INDEX-04,750,750,2026-08-18,CUSTODIAN,TRAIN
4558,TRD104557,TATASTEEL,EQ-CORE-01,500,500,2026-08-05,CUSTODIAN,TRAIN
4559,TRD104558,HINDUNILVR,EQ-INDEX-04,2000,2000,2026-08-04,CUSTODIAN,TEST
4560,TRD104559,KOTAKBANK,EQ-CORE-02,2000,2000,2026-08-11,CUSTODIAN,TRAIN
4561,TRD104560,MARUTI,EQ-CORE-01,100,100,2026-08-05,CUSTODIAN,TRAIN
4562,TRD104561,TCS,EQ-CORE-01,1500,1500,2026-08-03,CUSTODIAN,TEST
4563,TRD104562,TATASTEEL,EQ-ALPHA-03,200,200,2026-08-11,CUSTODIAN,TRAIN
4564,TRD104563,MARUTI,EQ-CORE-02,1500,1500,2026-08-09,CUSTODIAN,TRAIN
4565,TRD104564,KOTAKBANK,EQ-CORE-02,1500,1500,2026-08-12,CUSTODIAN,TRAIN
4566,TRD104565,AXISBANK,EQ-CORE-02,200,200,2026-08-02,CUSTODIAN,TRAIN
4567,TRD104566,HDFCBANK,EQ-CORE-02,100,100,2026-08-03,CUSTODIAN,TRAIN
4568,TRD104567,KOTAKBANK,EQ-INDEX-04,1500,1500,2026-08-08,CUSTODIAN,TEST
4569,TRD104568,WIPRO,EQ-CORE-01,2000,2000,2026-08-16,CUSTODIAN,TRAIN
4570,TRD104569,HDFCBANK,EQ-INDEX-04,750,968,2026-08-06,CUSTODIAN,TRAIN
4571,TRD104570,TATASTEEL,EQ-INDEX-04,500,500,2026-08-19,CUSTODIAN,TRAIN
4572,TRD104571,KOTAKBANK,EQ-INDEX-04,500,500,2026-08-06,CUSTODIAN,TRAIN
4573,TRD104572,KOTAKBANK,EQ-ALPHA-03,200,200,2026-08-04,CUSTODIAN,TRAIN
4574,TRD104573,HINDUNILVR,EQ-INDEX-04,200,200,2026-08-17,CUSTODIAN,TRAIN
4575,TRD104574,TATASTEEL,EQ-CORE-01,100,100,2026-08-13,CUSTODIAN,TRAIN
4576,TRD104575,MARUTI,EQ-CORE-02,500,500,2026-08-16,CUSTODIAN,TRAIN
4577,TRD104576,TATASTEEL,EQ-INDEX-04,200,200,2026-08-12,CUSTODIAN,TRAIN
4578,TRD104577,TATASTEEL,EQ-INDEX-04,1000,1000,2026-08-14,CUSTODIAN,TRAIN
4579,TRD104578,MARUTI,EQ-ALPHA-03,2000,2000,2026-08-11,CUSTODIAN,TEST
4580,TRD104579,ITC,EQ-CORE-02,100,100,2026-08-09,CUSTODIAN,TRAIN
4581,TRD104580,KOTAKBANK,EQ-INDEX-04,250,250,2026-08-05,CUSTODIAN,TRAIN
4582,TRD104581,WIPRO,EQ-CORE-01,250,250,2026-08-06,CUSTODIAN,TRAIN
4583,TRD104582,RELIANCE,EQ-CORE-01,250,250,2026-08-03,CUSTODIAN,TRAIN
4584,TRD104583,HINDUNILVR,EQ-ALPHA-03,200,200,2026-08-03,CUSTODIAN,TEST
4585,TRD104584,TCS,EQ-CORE-02,1500,1500,2026-08-20,CUSTODIAN,TRAIN
4586,TRD104585,HINDUNILVR,EQ-CORE-01,750,750,2026-08-21,CUSTODIAN,TRAIN
4587,TRD104586,TCS,EQ-CORE-02,500,500,2026-08-19,CUSTODIAN,TRAIN
4588,TRD104587,LT,EQ-CORE-01,750,750,2026-08-14,CUSTODIAN,TRAIN
4589,TRD104588,ITC,EQ-CORE-01,250,250,2026-08-08,CUSTODIAN,TEST
4590,TRD104589,KOTAKBANK,EQ-INDEX-04,750,750,2026-08-17,CUSTODIAN,TRAIN
4591,TRD104590,KOTAKBANK,EQ-INDEX-04,1500,1500,2026-08-13,CUSTODIAN,TRAIN
4592,TRD104591,AXISBANK,EQ-CORE-02,250,250,2026-08-04,CUSTODIAN,TRAIN
4593,TRD104592,RELIANCE,EQ-INDEX-04,1500,1500,2026-08-05,CUSTODIAN,TRAIN
4594,TRD104593,TCS,EQ-CORE-02,2000,2000,2026-08-22,CUSTODIAN,TRAIN
4595,TRD104594,INFY,EQ-INDEX-04,500,600,2026-08-05,CUSTODIAN,TRAIN
4596,TRD104595,BHARTIARTL,EQ-CORE-01,500,500,2026-08-22,CUSTODIAN,TRAIN
4597,TRD104596,MARUTI,EQ-CORE-02,2000,2000,2026-08-02,CUSTODIAN,TRAIN
4598,TRD104597,HINDUNILVR,EQ-CORE-02,200,200,2026-08-09,CUSTODIAN,TRAIN
4599,TRD104598,INFY,EQ-INDEX-04,250,218,2026-08-22,CUSTODIAN,TEST
4600,TRD104599,INFY,EQ-ALPHA-03,1500,1500,2026-08-09,CUSTODIAN,TRAIN
4601,TRD104600,MARUTI,EQ-INDEX-04,250,250,2026-08-12,CUSTODIAN,TRAIN
4602,TRD104601,ICICIBANK,EQ-INDEX-04,750,750,2026-08-10,CUSTODIAN,TRAIN
4603,TRD104602,LT,EQ-ALPHA-03,200,200,2026-08-05,CUSTODIAN,TRAIN
4604,TRD104603,HDFCBANK,EQ-CORE-01,100,100,2026-08-02,CUSTODIAN,TEST
4605,TRD104604,LT,EQ-ALPHA-03,2000,3400,2026-08-12,CUSTODIAN,TRAIN
4606,TRD104605,HINDUNILVR,EQ-INDEX-04,1500,1500,2026-08-07,CUSTODIAN,TEST
4607,TRD104606,INFY,EQ-ALPHA-03,1000,1000,2026-08-06,CUSTODIAN,TRAIN
4608,TRD104607,HDFCBANK,EQ-INDEX-04,2000,2000,2026-08-15,CUSTODIAN,TRAIN
4609,TRD104608,WIPRO,EQ-ALPHA-03,100,100,2026-08-08,CUSTODIAN,TEST
4610,TRD104609,LT,EQ-INDEX-04,100,100,2026-08-12,CUSTODIAN,TRAIN
4611,TRD104610,HINDUNILVR,EQ-ALPHA-03,500,500,2026-08-20,CUSTODIAN,TRAIN
4612,TRD104611,MARUTI,EQ-CORE-02,1000,1000,2026-08-04,CUSTODIAN,TRAIN
4613,TRD104612,WIPRO,EQ-CORE-01,2000,2000,2026-08-04,CUSTODIAN,TRAIN
4614,TRD104613,KOTAKBANK,EQ-CORE-02,500,500,2026-08-16,CUSTODIAN,TRAIN
4615,TRD104614,INFY,EQ-INDEX-04,1000,1000,2026-08-22,CUSTODIAN,TRAIN
4616,TRD104615,TCS,EQ-CORE-02,250,250,2026-08-19,CUSTODIAN,TRAIN
4617,TRD104616,HDFCBANK,EQ-ALPHA-03,100,100,2026-08-19,CUSTODIAN,TEST
4618,TRD104617,HDFCBANK,EQ-CORE-02,100,100,2026-08-18,CUSTODIAN,TEST
4619,TRD104618,KOTAKBANK,EQ-INDEX-04,750,750,2026-08-19,CUSTODIAN,TRAIN
4620,TRD104619,TATASTEEL,EQ-CORE-02,250,250,2026-08-03,CUSTODIAN,TRAIN
4621,TRD104620,INFY,EQ-ALPHA-03,2000,2000,2026-08-15,CUSTODIAN,TRAIN
4622,TRD104621,INFY,EQ-CORE-01,250,250,2026-08-06,CUSTODIAN,TRAIN
4623,TRD104622,MARUTI,EQ-INDEX-04,100,100,2026-08-06,CUSTODIAN,TRAIN
4624,TRD104623,MARUTI,EQ-INDEX-04,200,200,2026-08-07,CUSTODIAN,TRAIN
4625,TRD104624,KOTAKBANK,EQ-ALPHA-03,1500,1500,2026-08-07,CUSTODIAN,TRAIN
4626,TRD104625,SBIN,EQ-ALPHA-03,200,200,2026-08-02,CUSTODIAN,TRAIN
4627,TRD104626,RELIANCE,EQ-CORE-02,200,200,2026-08-19,CUSTODIAN,TRAIN
4628,TRD104627,BHARTIARTL,EQ-CORE-02,250,250,2026-08-03,CUSTODIAN,TRAIN
4629,TRD104628,RELIANCE,EQ-CORE-01,2000,2000,2026-08-09,CUSTODIAN,TRAIN
4630,TRD104629,WIPRO,EQ-ALPHA-03,500,500,2026-08-08,CUSTODIAN,TRAIN
4631,TRD104630,TATASTEEL,EQ-CORE-02,750,750,2026-08-16,CUSTODIAN,TRAIN
4632,TRD104631,BHARTIARTL,EQ-CORE-01,250,250,2026-08-19,CUSTODIAN,TRAIN
4633,TRD104632,WIPRO,EQ-INDEX-04,1500,1500,2026-08-15,CUSTODIAN,TEST
4634,TRD104633,WIPRO,EQ-ALPHA-03,750,750,2026-08-08,CUSTODIAN,TRAIN
4635,TRD104634,ICICIBANK,EQ-CORE-01,750,750,2026-08-02,CUSTODIAN,TRAIN
4636,TRD104635,BHARTIARTL,EQ-ALPHA-03,750,750,2026-08-02,CUSTODIAN,TRAIN
4637,TRD104636,HINDUNILVR,EQ-CORE-01,1000,1000,2026-08-05,CUSTODIAN,TRAIN
4638,TRD104637,BHARTIARTL,EQ-CORE-02,750,750,2026-08-15,CUSTODIAN,TRAIN
4639,TRD104638,AXISBANK,EQ-CORE-01,250,250,2026-08-05,CUSTODIAN,TRAIN
4640,TRD104639,MARUTI,EQ-INDEX-04,100,120,2026-08-15,CUSTODIAN,TRAIN
4641,TRD104640,WIPRO,EQ-ALPHA-03,500,500,2026-08-07,CUSTODIAN,TRAIN
4642,TRD104641,INFY,EQ-CORE-01,500,500,2026-08-06,CUSTODIAN,TRAIN
4643,TRD104642,LT,EQ-ALPHA-03,500,500,2026-08-22,CUSTODIAN,TRAIN
4644,TRD104643,SBIN,EQ-INDEX-04,750,750,2026-08-11,CUSTODIAN,TEST
4645,TRD104644,SBIN,EQ-CORE-01,500,500,2026-08-03,CUSTODIAN,TRAIN
4646,TRD104645,TATASTEEL,EQ-INDEX-04,1000,1000,2026-08-12,CUSTODIAN,TRAIN
4647,TRD104646,ITC,EQ-CORE-02,2000,2000,2026-08-19,CUSTODIAN,TEST
4648,TRD104647,RELIANCE,EQ-CORE-01,500,500,2026-08-16,CUSTODIAN,TEST
4649,TRD104648,RELIANCE,EQ-CORE-01,750,750,2026-08-13,CUSTODIAN,TRAIN
4650,TRD104649,TCS,EQ-CORE-02,1500,1500,2026-08-11,CUSTODIAN,TRAIN
4651,TRD104650,SBIN,EQ-ALPHA-03,1000,1000,2026-08-11,CUSTODIAN,TRAIN
4652,TRD104651,RELIANCE,EQ-INDEX-04,1000,1000,2026-08-13,CUSTODIAN,TRAIN
4653,TRD104652,SBIN,EQ-CORE-01,2000,2000,2026-08-21,CUSTODIAN,TEST
4654,TRD104653,HINDUNILVR,EQ-CORE-01,2000,2000,2026-08-19,CUSTODIAN,TRAIN
4655,TRD104654,HINDUNILVR,EQ-ALPHA-03,1000,1000,2026-08-06,CUSTODIAN,TRAIN
4656,TRD104655,HINDUNILVR,EQ-ALPHA-03,200,200,2026-08-15,CUSTODIAN,TRAIN
4657,TRD104656,TATASTEEL,EQ-CORE-02,100,100,2026-08-05,CUSTODIAN,TEST
4658,TRD104657,TCS,EQ-INDEX-04,500,500,2026-08-18,CUSTODIAN,TRAIN
4659,TRD104658,RELIANCE,EQ-CORE-01,500,500,2026-08-15,CUSTODIAN,TRAIN
4660,TRD104659,KOTAKBANK,EQ-INDEX-04,500,500,2026-08-17,CUSTODIAN,TRAIN
4661,TRD104660,WIPRO,EQ-INDEX-04,200,200,2026-08-20,CUSTODIAN,TRAIN
4662,TRD104661,ITC,EQ-INDEX-04,200,200,2026-08-12,CUSTODIAN,TRAIN
4663,TRD104662,TATASTEEL,EQ-ALPHA-03,500,500,2026-08-17,CUSTODIAN,TRAIN
4664,TRD104663,LT,EQ-INDEX-04,1000,1000,2026-08-19,CUSTODIAN,TRAIN
4665,TRD104664,LT,EQ-INDEX-04,750,750,2026-08-20,CUSTODIAN,TRAIN
4666,TRD104665,RELIANCE,EQ-INDEX-04,100,0,2026-08-17,MISSING,TRAIN
4667,TRD104666,AXISBANK,EQ-ALPHA-03,750,750,2026-08-12,CUSTODIAN,TEST
4668,TRD104667,ICICIBANK,EQ-INDEX-04,200,200,2026-08-03,CUSTODIAN,TRAIN
4669,TRD104668,WIPRO,EQ-ALPHA-03,1500,1500,2026-08-22,CUSTODIAN,TRAIN
4670,TRD104669,ICICIBANK,EQ-INDEX-04,2000,2000,2026-08-20,CUSTODIAN,TEST
4671,TRD104670,TATASTEEL,EQ-CORE-02,750,750,2026-08-20,CUSTODIAN,TRAIN
4672,TRD104671,KOTAKBANK,EQ-INDEX-04,100,0,2026-08-21,MISSING,TRAIN
4673,TRD104672,LT,EQ-INDEX-04,1000,1000,2026-08-09,CUSTODIAN,TEST
4674,TRD104673,BHARTIARTL,EQ-CORE-02,200,200,2026-08-18,CUSTODIAN,TRAIN
4675,TRD104674,KOTAKBANK,EQ-INDEX-04,100,100,2026-08-08,CUSTODIAN,TRAIN
4676,TRD104675,HINDUNILVR,EQ-CORE-02,2000,2000,2026-08-14,CUSTODIAN,TRAIN
4677,TRD104676,KOTAKBANK,EQ-CORE-02,100,100,2026-08-02,CUSTODIAN,TRAIN
4678,TRD104677,AXISBANK,EQ-ALPHA-03,250,250,2026-08-08,CUSTODIAN,TRAIN
4679,TRD104678,RELIANCE,EQ-ALPHA-03,500,500,2026-08-15,CUSTODIAN,TRAIN
4680,TRD104679,LT,EQ-CORE-02,1000,1000,2026-08-03,CUSTODIAN,TRAIN
4681,TRD104680,TCS,EQ-CORE-02,250,250,2026-08-14,CUSTODIAN,TEST
4682,TRD104681,ITC,EQ-ALPHA-03,500,500,2026-08-12,CUSTODIAN,TRAIN
4683,TRD104682,INFY,EQ-CORE-02,750,1275,2026-08-03,CUSTODIAN,TRAIN
4684,TRD104683,HDFCBANK,EQ-INDEX-04,750,750,2026-08-04,CUSTODIAN,TRAIN
4685,TRD104684,TATASTEEL,EQ-ALPHA-03,100,100,2026-08-13,CUSTODIAN,TRAIN
4686,TRD104685,WIPRO,EQ-CORE-01,2000,2000,2026-08-03,CUSTODIAN,TRAIN
4687,TRD104686,BHARTIARTL,EQ-INDEX-04,200,200,2026-08-04,CUSTODIAN,TRAIN
4688,TRD104687,ICICIBANK,EQ-CORE-01,1000,1000,2026-08-17,CUSTODIAN,TEST
4689,TRD104688,TCS,EQ-CORE-02,500,500,2026-08-21,CUSTODIAN,TRAIN
4690,TRD104689,KOTAKBANK,EQ-INDEX-04,100,100,2026-08-12,CUSTODIAN,TEST
4691,TRD104690,TCS,EQ-CORE-02,250,250,2026-08-06,CUSTODIAN,TRAIN
4692,TRD104691,SBIN,EQ-ALPHA-03,1500,1500,2026-08-15,CUSTODIAN,TRAIN
4693,TRD104692,KOTAKBANK,EQ-ALPHA-03,100,100,2026-08-13,CUSTODIAN,TRAIN
4694,TRD104693,AXISBANK,EQ-ALPHA-03,1000,1000,2026-08-15,CUSTODIAN,TRAIN
4695,TRD104694,RELIANCE,EQ-ALPHA-03,2000,2000,2026-08-19,CUSTODIAN,TRAIN
4696,TRD104695,HDFCBANK,EQ-CORE-01,250,250,2026-08-08,CUSTODIAN,TRAIN
4697,TRD104696,KOTAKBANK,EQ-CORE-02,1500,1500,2026-08-18,CUSTODIAN,TRAIN
4698,TRD104697,AXISBANK,EQ-CORE-01,1500,1500,2026-08-06,CUSTODIAN,TRAIN
4699,TRD104698,KOTAKBANK,EQ-ALPHA-03,250,250,2026-08-20,CUSTODIAN,TRAIN
4700,TRD104699,KOTAKBANK,EQ-CORE-01,100,100,2026-08-16,CUSTODIAN,TRAIN
4701,TRD104700,KOTAKBANK,EQ-CORE-01,2000,2000,2026-08-04,CUSTODIAN,TRAIN
4702,TRD104701,RELIANCE,EQ-ALPHA-03,100,100,2026-08-08,CUSTODIAN,TEST
4703,TRD104702,ITC,EQ-INDEX-04,1500,1860,2026-08-07,CUSTODIAN,TRAIN
4704,TRD104703,WIPRO,EQ-CORE-02,200,200,2026-08-08,CUSTODIAN,TEST
4705,TRD104704,AXISBANK,EQ-INDEX-04,200,200,2026-08-07,CUSTODIAN,TEST
4706,TRD104705,TCS,EQ-INDEX-04,100,100,2026-08-09,CUSTODIAN,TRAIN
4707,TRD104706,INFY,EQ-CORE-02,250,250,2026-08-03,CUSTODIAN,TRAIN
4708,TRD104707,LT,EQ-ALPHA-03,500,500,2026-08-16,CUSTODIAN,TRAIN
4709,TRD104708,ITC,EQ-ALPHA-03,100,100,2026-08-21,CUSTODIAN,TRAIN
4710,TRD104709,WIPRO,EQ-CORE-01,2000,2000,2026-08-19,CUSTODIAN,TRAIN
4711,TRD104710,HDFCBANK,EQ-CORE-01,250,250,2026-08-18,CUSTODIAN,TRAIN
4712,TRD104711,INFY,EQ-ALPHA-03,1500,1500,2026-08-19,CUSTODIAN,TEST
4713,TRD104712,BHARTIARTL,EQ-CORE-02,1500,1500,2026-08-20,CUSTODIAN,TEST
4714,TRD104713,ITC,EQ-CORE-01,1500,1500,2026-08-21,CUSTODIAN,TRAIN
4715,TRD104714,TATASTEEL,EQ-ALPHA-03,750,750,2026-08-22,CUSTODIAN,TRAIN
4716,TRD104715,SBIN,EQ-ALPHA-03,2000,0,2026-08-19,MISSING,TRAIN
4717,TRD104716,ITC,EQ-ALPHA-03,750,750,2026-08-02,CUSTODIAN,TRAIN
4718,TRD104717,SBIN,EQ-CORE-01,2000,2000,2026-08-03,CUSTODIAN,TRAIN
4719,TRD104718,TATASTEEL,EQ-ALPHA-03,2000,2000,2026-08-06,CUSTODIAN,TRAIN
4720,TRD104719,BHARTIARTL,EQ-CORE-02,100,69,2026-08-06,CUSTODIAN,TEST
4721,TRD104720,KOTAKBANK,EQ-CORE-01,200,200,2026-08-14,CUSTODIAN,TRAIN
4722,TRD104721,RELIANCE,EQ-INDEX-04,100,100,2026-08-17,CUSTODIAN,TEST
4723,TRD104722,SBIN,EQ-CORE-01,1500,1500,2026-08-14,CUSTODIAN,TRAIN
4724,TRD104723,TCS,EQ-ALPHA-03,1500,1500,2026-08-17,CUSTODIAN,TEST
4725,TRD104724,INFY,EQ-CORE-02,2000,2000,2026-08-08,CUSTODIAN,TRAIN
4726,TRD104725,INFY,EQ-ALPHA-03,1000,1000,2026-08-13,CUSTODIAN,TEST
4727,TRD104726,MARUTI,EQ-CORE-01,1500,1500,2026-08-04,CUSTODIAN,TRAIN
4728,TRD104727,LT,EQ-CORE-01,100,100,2026-08-02,CUSTODIAN,TRAIN
4729,TRD104728,RELIANCE,EQ-CORE-02,1500,0,2026-08-05,MISSING,TRAIN
4730,TRD104729,ITC,EQ-ALPHA-03,2000,2000,2026-08-03,CUSTODIAN,TRAIN
4731,TRD104730,ICICIBANK,EQ-ALPHA-03,500,500,2026-08-19,CUSTODIAN,TRAIN
4732,TRD104731,AXISBANK,EQ-ALPHA-03,1500,1500,2026-08-06,CUSTODIAN,TRAIN
4733,TRD104732,TCS,EQ-CORE-01,100,100,2026-08-04,CUSTODIAN,TRAIN
4734,TRD104733,RELIANCE,EQ-ALPHA-03,2000,2000,2026-08-05,CUSTODIAN,TRAIN
4735,TRD104734,WIPRO,EQ-ALPHA-03,250,250,2026-08-03,CUSTODIAN,TRAIN
4736,TRD104735,AXISBANK,EQ-CORE-02,2000,2000,2026-08-22,CUSTODIAN,TRAIN
4737,TRD104736,TCS,EQ-INDEX-04,100,100,2026-08-07,CUSTODIAN,TRAIN
4738,TRD104737,TATASTEEL,EQ-ALPHA-03,2000,2000,2026-08-16,CUSTODIAN,TRAIN
4739,TRD104738,MARUTI,EQ-ALPHA-03,1500,3300,2026-08-16,CUSTODIAN,TRAIN
4740,TRD104739,MARUTI,EQ-ALPHA-03,250,250,2026-08-14,CUSTODIAN,TRAIN
4741,TRD104740,RELIANCE,EQ-ALPHA-03,750,750,2026-08-11,CUSTODIAN,TRAIN
4742,TRD104741,ITC,EQ-CORE-02,750,750,2026-08-13,CUSTODIAN,TRAIN
4743,TRD104742,ITC,EQ-INDEX-04,500,500,2026-08-15,CUSTODIAN,TRAIN
4744,TRD104743,LT,EQ-ALPHA-03,200,200,2026-08-14,CUSTODIAN,TRAIN
4745,TRD104744,ITC,EQ-CORE-01,200,200,2026-08-16,CUSTODIAN,TRAIN
4746,TRD104745,LT,EQ-CORE-01,750,750,2026-08-14,CUSTODIAN,TEST
4747,TRD104746,ICICIBANK,EQ-INDEX-04,100,100,2026-08-08,CUSTODIAN,TRAIN
4748,TRD104747,ICICIBANK,EQ-ALPHA-03,100,100,2026-08-16,CUSTODIAN,TRAIN
4749,TRD104748,RELIANCE,EQ-CORE-02,1500,1500,2026-08-10,CUSTODIAN,TRAIN
4750,TRD104749,INFY,EQ-CORE-01,2000,2000,2026-08-05,CUSTODIAN,TRAIN
4751,TRD104750,WIPRO,EQ-CORE-01,100,100,2026-08-18,CUSTODIAN,TRAIN
4752,TRD104751,BHARTIARTL,EQ-ALPHA-03,1500,1500,2026-08-21,CUSTODIAN,TEST
4753,TRD104752,MARUTI,EQ-INDEX-04,250,250,2026-08-14,CUSTODIAN,TRAIN
4754,TRD104753,LT,EQ-CORE-02,500,500,2026-08-16,CUSTODIAN,TRAIN
4755,TRD104754,WIPRO,EQ-CORE-02,100,100,2026-08-03,CUSTODIAN,TRAIN
4756,TRD104755,ICICIBANK,EQ-CORE-02,250,250,2026-08-17,CUSTODIAN,TRAIN
4757,TRD104756,SBIN,EQ-INDEX-04,1000,1000,2026-08-07,CUSTODIAN,TRAIN
4758,TRD104757,WIPRO,EQ-ALPHA-03,250,250,2026-08-11,CUSTODIAN,TRAIN
4759,TRD104758,ITC,EQ-CORE-02,750,750,2026-08-11,CUSTODIAN,TEST
4760,TRD104759,TCS,EQ-INDEX-04,2000,2000,2026-08-10,CUSTODIAN,TRAIN
4761,TRD104760,TCS,EQ-INDEX-04,750,750,2026-08-16,CUSTODIAN,TRAIN
4762,TRD104761,LT,EQ-CORE-02,100,100,2026-08-13,CUSTODIAN,TEST
4763,TRD104762,ITC,EQ-INDEX-04,1500,1500,2026-08-18,CUSTODIAN,TRAIN
4764,TRD104763,ITC,EQ-ALPHA-03,1000,1000,2026-08-12,CUSTODIAN,TRAIN
4765,TRD104764,HINDUNILVR,EQ-CORE-01,750,750,2026-08-09,CUSTODIAN,TRAIN
4766,TRD104765,TATASTEEL,EQ-CORE-02,250,250,2026-08-20,CUSTODIAN,TRAIN
4767,TRD104766,TATASTEEL,EQ-CORE-02,100,100,2026-08-21,CUSTODIAN,TRAIN
4768,TRD104767,SBIN,EQ-ALPHA-03,200,240,2026-08-20,CUSTODIAN,TRAIN
4769,TRD104768,TATASTEEL,EQ-CORE-02,500,500,2026-08-02,CUSTODIAN,TRAIN
4770,TRD104769,MARUTI,EQ-CORE-02,750,750,2026-08-17,CUSTODIAN,TRAIN
4771,TRD104770,WIPRO,EQ-INDEX-04,1000,2700,2026-08-04,CUSTODIAN,TEST
4772,TRD104771,INFY,EQ-INDEX-04,250,250,2026-08-09,CUSTODIAN,TEST
4773,TRD104772,KOTAKBANK,EQ-CORE-01,1500,1500,2026-08-10,CUSTODIAN,TRAIN
4774,TRD104773,HDFCBANK,EQ-CORE-02,200,0,2026-08-06,MISSING,TRAIN
4775,TRD104774,KOTAKBANK,EQ-INDEX-04,750,750,2026-08-03,CUSTODIAN,TRAIN
4776,TRD104775,HINDUNILVR,EQ-CORE-02,2000,2000,2026-08-15,CUSTODIAN,TRAIN
4777,TRD104776,ICICIBANK,EQ-CORE-02,2000,2000,2026-08-14,CUSTODIAN,TRAIN
4778,TRD104777,HINDUNILVR,EQ-CORE-01,200,200,2026-08-04,CUSTODIAN,TEST
4779,TRD104778,LT,EQ-CORE-01,250,300,2026-08-17,CUSTODIAN,TRAIN
4780,TRD104779,BHARTIARTL,EQ-ALPHA-03,200,200,2026-08-11,CUSTODIAN,TRAIN
4781,TRD104780,BHARTIARTL,EQ-ALPHA-03,500,500,2026-08-12,CUSTODIAN,TRAIN
4782,TRD104781,LT,EQ-CORE-02,100,100,2026-08-19,CUSTODIAN,TRAIN
4783,TRD104782,INFY,EQ-INDEX-04,200,200,2026-08-18,CUSTODIAN,TRAIN
4784,TRD104783,AXISBANK,EQ-ALPHA-03,100,100,2026-08-12,CUSTODIAN,TRAIN
4785,TRD104784,AXISBANK,EQ-ALPHA-03,750,750,2026-08-18,CUSTODIAN,TRAIN
4786,TRD104785,TATASTEEL,EQ-CORE-01,100,100,2026-08-04,CUSTODIAN,TEST
4787,TRD104786,MARUTI,EQ-INDEX-04,250,250,2026-08-19,CUSTODIAN,TRAIN
4788,TRD104787,HINDUNILVR,EQ-CORE-02,250,250,2026-08-07,CUSTODIAN,TEST
4789,TRD104788,BHARTIARTL,EQ-INDEX-04,1500,1500,2026-08-06,CUSTODIAN,TRAIN
4790,TRD104789,INFY,EQ-INDEX-04,1500,1500,2026-08-12,CUSTODIAN,TRAIN
4791,TRD104790,LT,EQ-CORE-02,2000,2000,2026-08-02,CUSTODIAN,TEST
4792,TRD104791,RELIANCE,EQ-INDEX-04,2000,2000,2026-08-09,CUSTODIAN,TRAIN
4793,TRD104792,WIPRO,EQ-CORE-02,100,100,2026-08-19,CUSTODIAN,TEST
4794,TRD104793,KOTAKBANK,EQ-ALPHA-03,1000,1000,2026-08-22,CUSTODIAN,TRAIN
4795,TRD104794,HDFCBANK,EQ-CORE-02,1000,1000,2026-08-07,CUSTODIAN,TRAIN
4796,TRD104795,ITC,EQ-ALPHA-03,100,100,2026-08-12,CUSTODIAN,TRAIN
4797,TRD104796,WIPRO,EQ-CORE-02,2000,2000,2026-08-06,CUSTODIAN,TRAIN
4798,TRD104797,INFY,EQ-ALPHA-03,1000,1000,2026-08-16,CUSTODIAN,TRAIN
4799,TRD104798,HINDUNILVR,EQ-ALPHA-03,750,0,2026-08-06,MISSING,TRAIN
4800,TRD104799,ICICIBANK,EQ-INDEX-04,1500,1500,2026-08-09,CUSTODIAN,TRAIN
4801,TRD104800,KOTAKBANK,EQ-INDEX-04,100,100,2026-08-05,CUSTODIAN,TEST
4802,TRD104801,SBIN,EQ-INDEX-04,1500,1500,2026-08-11,CUSTODIAN,TRAIN
4803,TRD104802,LT,EQ-CORE-01,1500,1500,2026-08-12,CUSTODIAN,TRAIN
4804,TRD104803,ICICIBANK,EQ-CORE-02,750,750,2026-08-15,CUSTODIAN,TEST
4805,TRD104804,INFY,EQ-CORE-02,250,250,2026-08-04,CUSTODIAN,TEST
4806,TRD104805,LT,EQ-INDEX-04,1000,1000,2026-08-16,CUSTODIAN,TRAIN
4807,TRD104806,RELIANCE,EQ-ALPHA-03,1500,1500,2026-08-09,CUSTODIAN,TRAIN
4808,TRD104807,AXISBANK,EQ-CORE-01,750,750,2026-08-15,CUSTODIAN,TRAIN
4809,TRD104808,BHARTIARTL,EQ-CORE-02,100,100,2026-08-21,CUSTODIAN,TRAIN
4810,TRD104809,TCS,EQ-CORE-02,250,250,2026-08-03,CUSTODIAN,TRAIN
4811,TRD104810,WIPRO,EQ-CORE-01,200,200,2026-08-18,CUSTODIAN,TEST
4812,TRD104811,INFY,EQ-CORE-01,500,500,2026-08-15,CUSTODIAN,TRAIN
4813,TRD104812,TATASTEEL,EQ-ALPHA-03,200,200,2026-08-02,CUSTODIAN,TRAIN
4814,TRD104813,HDFCBANK,EQ-INDEX-04,2000,2000,2026-08-08,CUSTODIAN,TRAIN
4815,TRD104814,RELIANCE,EQ-CORE-02,250,250,2026-08-16,CUSTODIAN,TEST
4816,TRD104815,TCS,EQ-INDEX-04,1000,1000,2026-08-13,CUSTODIAN,TRAIN
4817,TRD104816,ITC,EQ-ALPHA-03,750,750,2026-08-17,CUSTODIAN,TRAIN
4818,TRD104817,SBIN,EQ-CORE-02,100,100,2026-08-12,CUSTODIAN,TRAIN
4819,TRD104818,INFY,EQ-ALPHA-03,200,260,2026-08-11,CUSTODIAN,TRAIN
4820,TRD104819,TATASTEEL,EQ-CORE-02,200,200,2026-08-21,CUSTODIAN,TRAIN
4821,TRD104820,INFY,EQ-CORE-02,1000,1000,2026-08-03,CUSTODIAN,TEST
4822,TRD104821,BHARTIARTL,EQ-CORE-02,1000,1000,2026-08-04,CUSTODIAN,TRAIN
4823,TRD104822,ICICIBANK,EQ-CORE-02,1000,1000,2026-08-11,CUSTODIAN,TRAIN
4824,TRD104823,HINDUNILVR,EQ-INDEX-04,500,500,2026-08-06,CUSTODIAN,TRAIN
4825,TRD104824,ITC,EQ-ALPHA-03,500,500,2026-08-19,CUSTODIAN,TRAIN
4826,TRD104825,HDFCBANK,EQ-CORE-01,1000,1000,2026-08-09,CUSTODIAN,TRAIN
4827,TRD104826,WIPRO,EQ-CORE-02,750,750,2026-08-11,CUSTODIAN,TRAIN
4828,TRD104827,HINDUNILVR,EQ-ALPHA-03,1500,1500,2026-08-22,CUSTODIAN,TRAIN
4829,TRD104828,INFY,EQ-CORE-02,200,200,2026-08-03,CUSTODIAN,TRAIN
4830,TRD104829,ITC,EQ-CORE-01,1000,1000,2026-08-03,CUSTODIAN,TRAIN
4831,TRD104830,TATASTEEL,EQ-CORE-02,2000,2000,2026-08-10,CUSTODIAN,TEST
4832,TRD104831,TATASTEEL,EQ-CORE-01,250,250,2026-08-15,CUSTODIAN,TRAIN
4833,TRD104832,HINDUNILVR,EQ-CORE-02,200,200,2026-08-11,CUSTODIAN,TRAIN
4834,TRD104833,HINDUNILVR,EQ-INDEX-04,1000,1000,2026-08-08,CUSTODIAN,TEST
4835,TRD104834,TATASTEEL,EQ-CORE-02,2000,2000,2026-08-15,CUSTODIAN,TRAIN
4836,TRD104835,HDFCBANK,EQ-CORE-02,750,2475,2026-08-05,CUSTODIAN,TEST
4837,TRD104836,HINDUNILVR,EQ-CORE-01,250,250,2026-08-08,CUSTODIAN,TRAIN
4838,TRD104837,RELIANCE,EQ-CORE-01,200,200,2026-08-11,CUSTODIAN,TEST
4839,TRD104838,AXISBANK,EQ-CORE-01,100,100,2026-08-22,CUSTODIAN,TRAIN
4840,TRD104839,KOTAKBANK,EQ-CORE-02,1500,1500,2026-08-13,CUSTODIAN,TEST
4841,TRD104840,MARUTI,EQ-CORE-02,200,200,2026-08-20,CUSTODIAN,TRAIN
4842,TRD104841,KOTAKBANK,EQ-CORE-02,500,500,2026-08-14,CUSTODIAN,TRAIN
4843,TRD104842,ITC,EQ-INDEX-04,250,250,2026-08-15,CUSTODIAN,TEST
4844,TRD104843,RELIANCE,EQ-CORE-01,750,750,2026-08-04,CUSTODIAN,TRAIN
4845,TRD104844,MARUTI,EQ-CORE-01,500,500,2026-08-20,CUSTODIAN,TRAIN
4846,TRD104845,ICICIBANK,EQ-CORE-02,100,100,2026-08-02,CUSTODIAN,TRAIN
4847,TRD104846,HINDUNILVR,EQ-ALPHA-03,250,250,2026-08-09,CUSTODIAN,TRAIN
4848,TRD104847,BHARTIARTL,EQ-INDEX-04,100,100,2026-08-04,CUSTODIAN,TEST
4849,TRD104848,SBIN,EQ-ALPHA-03,100,100,2026-08-17,CUSTODIAN,TRAIN
4850,TRD104849,SBIN,EQ-CORE-02,2000,2000,2026-08-04,CUSTODIAN,TRAIN
4851,TRD104850,BHARTIARTL,EQ-CORE-01,100,100,2026-08-17,CUSTODIAN,TRAIN
4852,TRD104851,KOTAKBANK,EQ-CORE-02,100,100,2026-08-16,CUSTODIAN,TRAIN
4853,TRD104852,MARUTI,EQ-CORE-01,500,500,2026-08-14,CUSTODIAN,TRAIN
4854,TRD104853,SBIN,EQ-INDEX-04,750,750,2026-08-21,CUSTODIAN,TRAIN
4855,TRD104854,MARUTI,EQ-INDEX-04,250,250,2026-08-09,CUSTODIAN,TRAIN
4856,TRD104855,RELIANCE,EQ-CORE-01,2000,2000,2026-08-12,CUSTODIAN,TRAIN
4857,TRD104856,AXISBANK,EQ-CORE-01,2000,2000,2026-08-04,CUSTODIAN,TRAIN
4858,TRD104857,HDFCBANK,EQ-CORE-01,500,500,2026-08-11,CUSTODIAN,TEST
4859,TRD104858,SBIN,EQ-CORE-02,2000,2000,2026-08-19,CUSTODIAN,TRAIN
4860,TRD104859,HDFCBANK,EQ-INDEX-04,2000,2000,2026-08-02,CUSTODIAN,TRAIN
4861,TRD104860,INFY,EQ-ALPHA-03,1000,1000,2026-08-06,CUSTODIAN,TRAIN
4862,TRD104861,WIPRO,EQ-CORE-01,750,0,2026-08-05,MISSING,TRAIN
4863,TRD104862,HINDUNILVR,EQ-CORE-02,100,100,2026-08-11,CUSTODIAN,TRAIN
4864,TRD104863,BHARTIARTL,EQ-INDEX-04,2000,2000,2026-08-08,CUSTODIAN,TEST
4865,TRD104864,BHARTIARTL,EQ-CORE-01,500,500,2026-08-09,CUSTODIAN,TRAIN
4866,TRD104865,ICICIBANK,EQ-ALPHA-03,500,500,2026-08-16,CUSTODIAN,TRAIN
4867,TRD104866,BHARTIARTL,EQ-ALPHA-03,750,750,2026-08-17,CUSTODIAN,TEST
4868,TRD104867,BHARTIARTL,EQ-CORE-01,500,500,2026-08-04,CUSTODIAN,TRAIN
4869,TRD104868,HDFCBANK,EQ-INDEX-04,200,200,2026-08-13,CUSTODIAN,TRAIN
4870,TRD104869,BHARTIARTL,EQ-ALPHA-03,100,100,2026-08-13,CUSTODIAN,TEST
4871,TRD104870,LT,EQ-CORE-01,200,200,2026-08-10,CUSTODIAN,TRAIN
4872,TRD104871,ITC,EQ-CORE-02,250,250,2026-08-11,CUSTODIAN,TEST
4873,TRD104872,TATASTEEL,EQ-CORE-01,200,200,2026-08-19,CUSTODIAN,TRAIN
4874,TRD104873,ICICIBANK,EQ-CORE-01,1500,1500,2026-08-08,CUSTODIAN,TRAIN
4875,TRD104874,LT,EQ-ALPHA-03,250,250,2026-08-02,CUSTODIAN,TEST
4876,TRD104875,WIPRO,EQ-CORE-02,750,750,2026-08-13,CUSTODIAN,TRAIN
4877,TRD104876,LT,EQ-INDEX-04,500,500,2026-08-11,CUSTODIAN,TEST
4878,TRD104877,TCS,EQ-ALPHA-03,750,750,2026-08-08,CUSTODIAN,TRAIN
4879,TRD104878,ICICIBANK,EQ-INDEX-04,1000,1000,2026-08-13,CUSTODIAN,TEST
4880,TRD104879,RELIANCE,EQ-CORE-01,100,100,2026-08-02,CUSTODIAN,TRAIN
4881,TRD104880,KOTAKBANK,EQ-INDEX-04,250,250,2026-08-06,CUSTODIAN,TRAIN
4882,TRD104881,TATASTEEL,EQ-INDEX-04,750,750,2026-08-05,CUSTODIAN,TRAIN
4883,TRD104882,BHARTIARTL,EQ-ALPHA-03,500,500,2026-08-03,CUSTODIAN,TRAIN
4884,TRD104883,RELIANCE,EQ-CORE-01,500,500,2026-08-21,CUSTODIAN,TEST
4885,TRD104884,KOTAKBANK,EQ-CORE-02,1000,1000,2026-08-05,CUSTODIAN,TEST
4886,TRD104885,HINDUNILVR,EQ-ALPHA-03,750,750,2026-08-02,CUSTODIAN,TRAIN
4887,TRD104886,LT,EQ-CORE-01,750,750,2026-08-17,CUSTODIAN,TRAIN
4888,TRD104887,WIPRO,EQ-ALPHA-03,1500,1500,2026-08-17,CUSTODIAN,TRAIN
4889,TRD104888,TATASTEEL,EQ-ALPHA-03,200,200,2026-08-07,CUSTODIAN,TRAIN
4890,TRD104889,ICICIBANK,EQ-CORE-02,1500,1500,2026-08-12,CUSTODIAN,TRAIN
4891,TRD104890,WIPRO,EQ-CORE-02,2000,2000,2026-08-13,CUSTODIAN,TRAIN
4892,TRD104891,SBIN,EQ-INDEX-04,250,250,2026-08-02,CUSTODIAN,TRAIN
4893,TRD104892,KOTAKBANK,EQ-ALPHA-03,2000,2000,2026-08-11,CUSTODIAN,TEST
4894,TRD104893,AXISBANK,EQ-CORE-02,250,250,2026-08-05,CUSTODIAN,TRAIN
4895,TRD104894,MARUTI,EQ-INDEX-04,250,250,2026-08-18,CUSTODIAN,TEST
4896,TRD104895,KOTAKBANK,EQ-INDEX-04,100,100,2026-08-16,CUSTODIAN,TRAIN
4897,TRD104896,INFY,EQ-INDEX-04,750,750,2026-08-12,CUSTODIAN,TRAIN
4898,TRD104897,WIPRO,EQ-ALPHA-03,500,500,2026-08-10,CUSTODIAN,TRAIN
4899,TRD104898,TCS,EQ-ALPHA-03,750,750,2026-08-22,CUSTODIAN,TRAIN
4900,TRD104899,HINDUNILVR,EQ-CORE-02,250,250,2026-08-19,CUSTODIAN,TRAIN
4901,TRD104900,INFY,EQ-INDEX-04,2000,2000,2026-08-14,CUSTODIAN,TEST
4902,TRD104901,KOTAKBANK,EQ-ALPHA-03,500,500,2026-08-06,CUSTODIAN,TRAIN
4903,TRD104902,ICICIBANK,EQ-CORE-01,2000,2000,2026-08-17,CUSTODIAN,TEST
4904,TRD104903,LT,EQ-INDEX-04,250,250,2026-08-04,CUSTODIAN,TRAIN
4905,TRD104904,KOTAKBANK,EQ-CORE-01,750,750,2026-08-02,CUSTODIAN,TRAIN
4906,TRD104905,BHARTIARTL,EQ-ALPHA-03,200,200,2026-08-14,CUSTODIAN,TRAIN
4907,TRD104906,WIPRO,EQ-CORE-02,200,200,2026-08-20,CUSTODIAN,TRAIN
4908,TRD104907,HINDUNILVR,EQ-ALPHA-03,2000,2000,2026-08-11,CUSTODIAN,TRAIN
4909,TRD104908,HDFCBANK,EQ-INDEX-04,1000,1000,2026-08-07,CUSTODIAN,TEST
4910,TRD104909,ICICIBANK,EQ-CORE-01,2000,2000,2026-08-03,CUSTODIAN,TRAIN
4911,TRD104910,SBIN,EQ-CORE-01,500,1150,2026-08-05,CUSTODIAN,TRAIN
4912,TRD104911,LT,EQ-CORE-01,250,250,2026-08-14,CUSTODIAN,TRAIN
4913,TRD104912,KOTAKBANK,EQ-INDEX-04,1500,1500,2026-08-02,CUSTODIAN,TRAIN
4914,TRD104913,TATASTEEL,EQ-ALPHA-03,500,500,2026-08-08,CUSTODIAN,TRAIN
4915,TRD104914,TCS,EQ-CORE-01,1500,1500,2026-08-18,CUSTODIAN,TRAIN
4916,TRD104915,MARUTI,EQ-CORE-01,100,100,2026-08-17,CUSTODIAN,TRAIN
4917,TRD104916,RELIANCE,EQ-INDEX-04,500,500,2026-08-03,CUSTODIAN,TRAIN
4918,TRD104917,HINDUNILVR,EQ-CORE-01,500,500,2026-08-17,CUSTODIAN,TRAIN
4919,TRD104918,ICICIBANK,EQ-ALPHA-03,750,750,2026-08-15,CUSTODIAN,TRAIN
4920,TRD104919,MARUTI,EQ-INDEX-04,1500,1500,2026-08-07,CUSTODIAN,TRAIN
4921,TRD104920,RELIANCE,EQ-INDEX-04,2000,2000,2026-08-10,CUSTODIAN,TRAIN
4922,TRD104921,ITC,EQ-ALPHA-03,250,172,2026-08-14,CUSTODIAN,TRAIN
4923,TRD104922,HINDUNILVR,EQ-ALPHA-03,250,250,2026-08-16,CUSTODIAN,TEST
4924,TRD104923,ITC,EQ-ALPHA-03,1000,1000,2026-08-03,CUSTODIAN,TRAIN
4925,TRD104924,HINDUNILVR,EQ-INDEX-04,250,250,2026-08-03,CUSTODIAN,TRAIN
4926,TRD104925,BHARTIARTL,EQ-INDEX-04,500,500,2026-08-06,CUSTODIAN,TRAIN
4927,TRD104926,SBIN,EQ-CORE-02,250,250,2026-08-13,CUSTODIAN,TEST
4928,TRD104927,RELIANCE,EQ-CORE-01,100,100,2026-08-16,CUSTODIAN,TRAIN
4929,TRD104928,HDFCBANK,EQ-CORE-02,1000,1000,2026-08-18,CUSTODIAN,TRAIN
4930,TRD104929,ICICIBANK,EQ-CORE-01,2000,2000,2026-08-17,CUSTODIAN,TRAIN
4931,TRD104930,SBIN,EQ-CORE-01,500,500,2026-08-22,CUSTODIAN,TRAIN
4932,TRD104931,WIPRO,EQ-INDEX-04,1000,1000,2026-08-08,CUSTODIAN,TRAIN
4933,TRD104932,HDFCBANK,EQ-ALPHA-03,250,250,2026-08-10,CUSTODIAN,TRAIN
4934,TRD104933,INFY,EQ-CORE-02,1000,1000,2026-08-07,CUSTODIAN,TRAIN
4935,TRD104934,INFY,EQ-ALPHA-03,500,500,2026-08-07,CUSTODIAN,TRAIN
4936,TRD104935,TCS,EQ-INDEX-04,100,87,2026-08-09,CUSTODIAN,TRAIN
4937,TRD104936,RELIANCE,EQ-CORE-01,750,750,2026-08-08,CUSTODIAN,TRAIN
4938,TRD104937,WIPRO,EQ-CORE-02,2000,2000,2026-08-08,CUSTODIAN,TRAIN
4939,TRD104938,KOTAKBANK,EQ-CORE-02,200,200,2026-08-19,CUSTODIAN,TEST
4940,TRD104939,SBIN,EQ-ALPHA-03,1500,1500,2026-08-04,CUSTODIAN,TEST
4941,TRD104940,TATASTEEL,EQ-CORE-01,100,100,2026-08-09,CUSTODIAN,TRAIN
4942,TRD104941,HINDUNILVR,EQ-INDEX-04,200,200,2026-08-15,CUSTODIAN,TRAIN
4943,TRD104942,TATASTEEL,EQ-ALPHA-03,1500,1500,2026-08-13,CUSTODIAN,TEST
4944,TRD104943,TCS,EQ-INDEX-04,1000,1000,2026-08-19,CUSTODIAN,TRAIN
4945,TRD104944,BHARTIARTL,EQ-CORE-02,750,750,2026-08-08,CUSTODIAN,TEST
4946,TRD104945,HDFCBANK,EQ-CORE-02,1500,1500,2026-08-14,CUSTODIAN,TRAIN
4947,TRD104946,WIPRO,EQ-CORE-01,250,250,2026-08-19,CUSTODIAN,TRAIN
4948,TRD104947,AXISBANK,EQ-CORE-02,2000,2000,2026-08-21,CUSTODIAN,TRAIN
4949,TRD104948,TCS,EQ-ALPHA-03,1000,1000,2026-08-07,CUSTODIAN,TRAIN
4950,TRD104949,SBIN,EQ-ALPHA-03,1000,1000,2026-08-02,CUSTODIAN,TEST
4951,TRD104950,BHARTIARTL,EQ-INDEX-04,1500,1500,2026-08-22,CUSTODIAN,TRAIN
4952,TRD104951,BHARTIARTL,EQ-INDEX-04,2000,2000,2026-08-11,CUSTODIAN,TRAIN
4953,TRD104952,TCS,EQ-INDEX-04,750,968,2026-08-20,CUSTODIAN,TRAIN
4954,TRD104953,INFY,EQ-CORE-01,1000,1000,2026-08-04,CUSTODIAN,TRAIN
4955,TRD104954,LT,EQ-INDEX-04,1000,1000,2026-08-06,CUSTODIAN,TRAIN
4956,TRD104955,INFY,EQ-CORE-02,200,200,2026-08-20,CUSTODIAN,TRAIN
4957,TRD104956,ICICIBANK,EQ-ALPHA-03,500,500,2026-08-15,CUSTODIAN,TRAIN
4958,TRD104957,TATASTEEL,EQ-ALPHA-03,750,900,2026-08-19,CUSTODIAN,TRAIN
4959,TRD104958,HINDUNILVR,EQ-ALPHA-03,750,750,2026-08-15,CUSTODIAN,TRAIN
4960,TRD104959,TCS,EQ-CORE-01,2000,0,2026-08-17,MISSING,TRAIN
4961,TRD104960,INFY,EQ-INDEX-04,200,200,2026-08-06,CUSTODIAN,TRAIN
4962,TRD104961,BHARTIARTL,EQ-INDEX-04,1500,1755,2026-08-07,CUSTODIAN,TRAIN
4963,TRD104962,HDFCBANK,EQ-INDEX-04,250,250,2026-08-08,CUSTODIAN,TRAIN
4964,TRD104963,AXISBANK,EQ-INDEX-04,500,500,2026-08-04,CUSTODIAN,TRAIN
4965,TRD104964,HINDUNILVR,EQ-CORE-01,200,200,2026-08-03,CUSTODIAN,TEST
4966,TRD104965,LT,EQ-INDEX-04,1500,1500,2026-08-02,CUSTODIAN,TRAIN
4967,TRD104966,MARUTI,EQ-CORE-02,250,250,2026-08-11,CUSTODIAN,TRAIN
4968,TRD104967,LT,EQ-CORE-01,1000,1000,2026-08-22,CUSTODIAN,TRAIN
4969,TRD104968,BHARTIARTL,EQ-CORE-01,100,0,2026-08-21,MISSING,TEST
4970,TRD104969,ITC,EQ-ALPHA-03,200,200,2026-08-11,CUSTODIAN,TRAIN
4971,TRD104970,RELIANCE,EQ-ALPHA-03,750,518,2026-08-17,CUSTODIAN,TRAIN
4972,TRD104971,BHARTIARTL,EQ-CORE-02,750,750,2026-08-17,CUSTODIAN,TRAIN
4973,TRD104972,HINDUNILVR,EQ-CORE-01,100,100,2026-08-12,CUSTODIAN,TRAIN
4974,TRD104973,BHARTIARTL,EQ-CORE-02,1500,1500,2026-08-04,CUSTODIAN,TRAIN
4975,TRD104974,LT,EQ-CORE-02,750,750,2026-08-16,CUSTODIAN,TRAIN
4976,TRD104975,ICICIBANK,EQ-INDEX-04,500,500,2026-08-13,CUSTODIAN,TRAIN
4977,TRD104976,AXISBANK,EQ-ALPHA-03,500,435,2026-08-14,CUSTODIAN,TRAIN
4978,TRD104977,INFY,EQ-INDEX-04,500,500,2026-08-20,CUSTODIAN,TRAIN
4979,TRD104978,BHARTIARTL,EQ-CORE-02,250,250,2026-08-09,CUSTODIAN,TRAIN
4980,TRD104979,ICICIBANK,EQ-CORE-02,1500,1500,2026-08-07,CUSTODIAN,TRAIN
4981,TRD104980,KOTAKBANK,EQ-INDEX-04,1000,1000,2026-08-09,CUSTODIAN,TRAIN
4982,TRD104981,RELIANCE,EQ-ALPHA-03,100,100,2026-08-11,CUSTODIAN,TRAIN
4983,TRD104982,BHARTIARTL,EQ-CORE-02,100,100,2026-08-20,CUSTODIAN,TRAIN
4984,TRD104983,BHARTIARTL,EQ-CORE-01,750,750,2026-08-16,CUSTODIAN,TRAIN
4985,TRD104984,BHARTIARTL,EQ-CORE-01,200,200,2026-08-05,CUSTODIAN,TEST
4986,TRD104985,WIPRO,EQ-INDEX-04,1500,1500,2026-08-13,CUSTODIAN,TRAIN
4987,TRD104986,KOTAKBANK,EQ-ALPHA-03,100,0,2026-08-11,MISSING,TEST
4988,TRD104987,HDFCBANK,EQ-INDEX-04,500,500,2026-08-19,CUSTODIAN,TRAIN
4989,TRD104988,TCS,EQ-CORE-01,500,500,2026-08-12,CUSTODIAN,TRAIN
4990,TRD104989,INFY,EQ-CORE-01,1000,1000,2026-08-17,CUSTODIAN,TRAIN
4991,TRD104990,TATASTEEL,EQ-INDEX-04,100,100,2026-08-11,CUSTODIAN,TRAIN
4992,TRD104991,LT,EQ-INDEX-04,200,200,2026-08-19,CUSTODIAN,TRAIN
4993,TRD104992,AXISBANK,EQ-CORE-02,750,750,2026-08-20,CUSTODIAN,TEST
4994,TRD104993,KOTAKBANK,EQ-CORE-01,1000,1000,2026-08-13,CUSTODIAN,TRAIN
4995,TRD104994,KOTAKBANK,EQ-INDEX-04,500,500,2026-08-20,CUSTODIAN,TEST
4996,TRD104995,LT,EQ-INDEX-04,1500,1500,2026-08-17,CUSTODIAN,TRAIN
4997,TRD104996,LT,EQ-CORE-02,100,100,2026-08-21,CUSTODIAN,TEST
4998,TRD104997,HINDUNILVR,EQ-INDEX-04,1000,1000,2026-08-05,CUSTODIAN,TEST
4999,TRD104998,INFY,EQ-CORE-02,500,500,2026-08-06,CUSTODIAN,TRAIN
5000,TRD104999,AXISBANK,EQ-ALPHA-03,1000,780,2026-08-06,CUSTODIAN,TRAIN
5001,TRD105000,KOTAKBANK,EQ-CORE-01,100,100,2026-08-08,CUSTODIAN,TRAIN
5002,TRD105001,ITC,EQ-CORE-02,1000,1000,2026-08-13,CUSTODIAN,TRAIN
5003,TRD105002,ICICIBANK,EQ-CORE-02,100,100,2026-08-05,CUSTODIAN,TEST
5004,TRD105003,HINDUNILVR,EQ-CORE-01,250,250,2026-08-22,CUSTODIAN,TRAIN
5005,TRD105004,AXISBANK,EQ-INDEX-04,1000,1000,2026-08-15,CUSTODIAN,TRAIN
5006,TRD105005,INFY,EQ-CORE-01,200,200,2026-08-15,CUSTODIAN,TRAIN
5007,TRD105006,TATASTEEL,EQ-CORE-02,200,200,2026-08-06,CUSTODIAN,TEST
5008,TRD105007,HDFCBANK,EQ-INDEX-04,100,100,2026-08-13,CUSTODIAN,TEST
5009,TRD105008,RELIANCE,EQ-ALPHA-03,1500,1500,2026-08-09,CUSTODIAN,TRAIN
5010,TRD105009,AXISBANK,EQ-CORE-01,1500,1500,2026-08-18,CUSTODIAN,TRAIN
5011,TRD105010,TATASTEEL,EQ-CORE-01,1500,1500,2026-08-20,CUSTODIAN,TRAIN
5012,TRD105011,SBIN,EQ-CORE-02,100,100,2026-08-04,CUSTODIAN,TRAIN
5013,TRD105012,MARUTI,EQ-CORE-01,500,500,2026-08-02,CUSTODIAN,TRAIN
5014,TRD105013,HINDUNILVR,EQ-ALPHA-03,750,750,2026-08-19,CUSTODIAN,TEST
5015,TRD105014,WIPRO,EQ-CORE-01,1500,1500,2026-08-19,CUSTODIAN,TRAIN
5016,TRD105015,TATASTEEL,EQ-ALPHA-03,200,200,2026-08-19,CUSTODIAN,TRAIN
5017,TRD105016,AXISBANK,EQ-CORE-01,1000,1000,2026-08-20,CUSTODIAN,TRAIN
5018,TRD105017,RELIANCE,EQ-INDEX-04,1000,1000,2026-08-18,CUSTODIAN,TRAIN
5019,TRD105018,WIPRO,EQ-CORE-02,2000,2580,2026-08-14,CUSTODIAN,TRAIN
5020,TRD105019,AXISBANK,EQ-ALPHA-03,100,100,2026-08-06,CUSTODIAN,TRAIN
5021,TRD105020,ICICIBANK,EQ-ALPHA-03,250,250,2026-08-02,CUSTODIAN,TRAIN
5022,TRD105021,TATASTEEL,EQ-CORE-02,2000,2000,2026-08-07,CUSTODIAN,TRAIN
5023,TRD105022,ITC,EQ-ALPHA-03,1500,0,2026-08-21,MISSING,TEST
5024,TRD105023,RELIANCE,EQ-CORE-02,200,200,2026-08-11,CUSTODIAN,TRAIN
5025,TRD105024,TCS,EQ-ALPHA-03,2000,2000,2026-08-14,CUSTODIAN,TRAIN
5026,TRD105025,INFY,EQ-CORE-01,1500,1500,2026-08-16,CUSTODIAN,TRAIN
5027,TRD105026,HINDUNILVR,EQ-INDEX-04,1500,1860,2026-08-19,CUSTODIAN,TEST
5028,TRD105027,HINDUNILVR,EQ-ALPHA-03,500,500,2026-08-18,CUSTODIAN,TRAIN
5029,TRD105028,TATASTEEL,EQ-INDEX-04,1500,1500,2026-08-03,CUSTODIAN,TEST
5030,TRD105029,BHARTIARTL,EQ-ALPHA-03,250,250,2026-08-17,CUSTODIAN,TRAIN
5031,TRD105030,INFY,EQ-CORE-02,200,200,2026-08-17,CUSTODIAN,TRAIN
5032,TRD105031,WIPRO,EQ-CORE-02,250,250,2026-08-10,CUSTODIAN,TRAIN
5033,TRD105032,INFY,EQ-CORE-01,1000,1000,2026-08-14,CUSTODIAN,TEST
5034,TRD105033,WIPRO,EQ-CORE-02,750,750,2026-08-04,CUSTODIAN,TRAIN
5035,TRD105034,SBIN,EQ-ALPHA-03,100,100,2026-08-06,CUSTODIAN,TEST
5036,TRD105035,SBIN,EQ-CORE-01,500,500,2026-08-08,CUSTODIAN,TRAIN
5037,TRD105036,SBIN,EQ-CORE-02,1500,1500,2026-08-21,CUSTODIAN,TRAIN
5038,TRD105037,KOTAKBANK,EQ-CORE-01,250,250,2026-08-06,CUSTODIAN,TRAIN
5039,TRD105038,AXISBANK,EQ-ALPHA-03,200,200,2026-08-20,CUSTODIAN,TRAIN
5040,TRD105039,WIPRO,EQ-CORE-01,200,200,2026-08-10,CUSTODIAN,TRAIN
5041,TRD105040,MARUTI,EQ-CORE-02,100,100,2026-08-19,CUSTODIAN,TRAIN
5042,TRD105041,WIPRO,EQ-INDEX-04,500,500,2026-08-22,CUSTODIAN,TRAIN
5043,TRD105042,WIPRO,EQ-CORE-01,750,750,2026-08-06,CUSTODIAN,TRAIN
5044,TRD105043,TATASTEEL,EQ-CORE-01,250,250,2026-08-08,CUSTODIAN,TRAIN
5045,TRD105044,KOTAKBANK,EQ-CORE-02,100,100,2026-08-20,CUSTODIAN,TRAIN
5046,TRD105045,INFY,EQ-INDEX-04,1500,1500,2026-08-16,CUSTODIAN,TRAIN
5047,TRD105046,KOTAKBANK,EQ-ALPHA-03,1000,1000,2026-08-17,CUSTODIAN,TRAIN
5048,TRD105047,MARUTI,EQ-CORE-02,250,250,2026-08-11,CUSTODIAN,TRAIN
5049,TRD105048,WIPRO,EQ-ALPHA-03,2000,2000,2026-08-06,CUSTODIAN,TRAIN
5050,TRD105049,WIPRO,EQ-ALPHA-03,250,250,2026-08-12,CUSTODIAN,TEST
5051,TRD105050,TCS,EQ-CORE-01,2000,2000,2026-08-19,CUSTODIAN,TRAIN
5052,TRD105051,RELIANCE,EQ-CORE-02,500,500,2026-08-13,CUSTODIAN,TRAIN
5053,TRD105052,INFY,EQ-INDEX-04,100,100,2026-08-16,CUSTODIAN,TRAIN
5054,TRD105053,BHARTIARTL,EQ-INDEX-04,1500,1500,2026-08-19,CUSTODIAN,TEST
5055,TRD105054,SBIN,EQ-INDEX-04,2000,2000,2026-08-06,CUSTODIAN,TRAIN
5056,TRD105055,HDFCBANK,EQ-INDEX-04,200,200,2026-08-08,CUSTODIAN,TRAIN
5057,TRD105056,AXISBANK,EQ-CORE-02,500,500,2026-08-06,CUSTODIAN,TRAIN
5058,TRD105057,KOTAKBANK,EQ-CORE-01,100,100,2026-08-11,CUSTODIAN,TRAIN
5059,TRD105058,HINDUNILVR,EQ-CORE-01,750,750,2026-08-22,CUSTODIAN,TEST
5060,TRD105059,TCS,EQ-INDEX-04,750,0,2026-08-13,MISSING,TRAIN
5061,TRD105060,SBIN,EQ-CORE-01,2000,2000,2026-08-08,CUSTODIAN,TRAIN
5062,TRD105061,TCS,EQ-CORE-02,200,200,2026-08-13,CUSTODIAN,TRAIN
5063,TRD105062,TATASTEEL,EQ-INDEX-04,750,750,2026-08-17,CUSTODIAN,TRAIN
5064,TRD105063,RELIANCE,EQ-CORE-02,200,200,2026-08-03,CUSTODIAN,TRAIN
5065,TRD105064,HDFCBANK,EQ-ALPHA-03,750,750,2026-08-21,CUSTODIAN,TRAIN
5066,TRD105065,MARUTI,EQ-CORE-01,1500,0,2026-08-18,MISSING,TRAIN
5067,TRD105066,LT,EQ-ALPHA-03,1500,1500,2026-08-06,CUSTODIAN,TRAIN
5068,TRD105067,ITC,EQ-CORE-02,750,750,2026-08-15,CUSTODIAN,TRAIN
5069,TRD105068,TATASTEEL,EQ-CORE-02,750,750,2026-08-03,CUSTODIAN,TRAIN
5070,TRD105069,INFY,EQ-ALPHA-03,250,250,2026-08-21,CUSTODIAN,TRAIN
5071,TRD105070,TATASTEEL,EQ-CORE-01,2000,2000,2026-08-16,CUSTODIAN,TRAIN
5072,TRD105071,WIPRO,EQ-ALPHA-03,500,500,2026-08-19,CUSTODIAN,TEST
5073,TRD105072,ITC,EQ-CORE-02,2000,2000,2026-08-16,CUSTODIAN,TRAIN
5074,TRD105073,BHARTIARTL,EQ-CORE-01,1500,1500,2026-08-13,CUSTODIAN,TRAIN
5075,TRD105074,KOTAKBANK,EQ-CORE-02,2000,1560,2026-08-06,CUSTODIAN,TRAIN
5076,TRD105075,MARUTI,EQ-CORE-02,250,250,2026-08-22,CUSTODIAN,TRAIN
5077,TRD105076,AXISBANK,EQ-CORE-02,500,500,2026-08-18,CUSTODIAN,TRAIN
5078,TRD105077,LT,EQ-ALPHA-03,750,750,2026-08-06,CUSTODIAN,TEST
5079,TRD105078,AXISBANK,EQ-ALPHA-03,500,500,2026-08-02,CUSTODIAN,TRAIN
5080,TRD105079,AXISBANK,EQ-INDEX-04,250,310,2026-08-03,CUSTODIAN,TRAIN
5081,TRD105080,RELIANCE,EQ-CORE-02,750,750,2026-08-09,CUSTODIAN,TRAIN
5082,TRD105081,ICICIBANK,EQ-ALPHA-03,750,750,2026-08-12,CUSTODIAN,TRAIN
5083,TRD105082,TCS,EQ-CORE-01,750,750,2026-08-15,CUSTODIAN,TRAIN
5084,TRD105083,ICICIBANK,EQ-CORE-02,250,250,2026-08-14,CUSTODIAN,TRAIN
5085,TRD105084,LT,EQ-CORE-02,200,200,2026-08-02,CUSTODIAN,TRAIN
5086,TRD105085,ICICIBANK,EQ-ALPHA-03,200,200,2026-08-15,CUSTODIAN,TEST
5087,TRD105086,TATASTEEL,EQ-ALPHA-03,1000,1000,2026-08-19,CUSTODIAN,TRAIN
5088,TRD105087,INFY,EQ-CORE-02,200,200,2026-08-17,CUSTODIAN,TRAIN
5089,TRD105088,HDFCBANK,EQ-INDEX-04,1500,1500,2026-08-14,CUSTODIAN,TRAIN
5090,TRD105089,ITC,EQ-INDEX-04,1500,1755,2026-08-18,CUSTODIAN,TEST
5091,TRD105090,SBIN,EQ-CORE-01,500,500,2026-08-19,CUSTODIAN,TRAIN
5092,TRD105091,MARUTI,EQ-CORE-01,750,878,2026-08-10,CUSTODIAN,TRAIN
5093,TRD105092,HDFCBANK,EQ-ALPHA-03,100,330,2026-08-22,CUSTODIAN,TRAIN
5094,TRD105093,BHARTIARTL,EQ-CORE-01,2000,2000,2026-08-08,CUSTODIAN,TRAIN
5095,TRD105094,MARUTI,EQ-CORE-01,1500,1500,2026-08-02,CUSTODIAN,TEST
5096,TRD105095,TCS,EQ-CORE-01,500,500,2026-08-13,CUSTODIAN,TRAIN
5097,TRD105096,ICICIBANK,EQ-INDEX-04,250,250,2026-08-15,CUSTODIAN,TRAIN
5098,TRD105097,HINDUNILVR,EQ-CORE-01,200,200,2026-08-20,CUSTODIAN,TRAIN
5099,TRD105098,RELIANCE,EQ-INDEX-04,1500,1500,2026-08-14,CUSTODIAN,TRAIN
5100,TRD105099,ICICIBANK,EQ-CORE-01,200,200,2026-08-17,CUSTODIAN,TRAIN
5101,TRD105100,ITC,EQ-INDEX-04,1500,1500,2026-08-09,CUSTODIAN,TEST
5102,TRD105101,RELIANCE,EQ-INDEX-04,1500,1500,2026-08-07,CUSTODIAN,TRAIN
5103,TRD105102,BHARTIARTL,EQ-ALPHA-03,750,750,2026-08-07,CUSTODIAN,TRAIN
5104,TRD105103,AXISBANK,EQ-INDEX-04,2000,2000,2026-08-10,CUSTODIAN,TRAIN
5105,TRD105104,KOTAKBANK,EQ-CORE-02,1000,0,2026-08-16,MISSING,TRAIN
5106,TRD105105,HINDUNILVR,EQ-ALPHA-03,2000,2000,2026-08-05,CUSTODIAN,TRAIN
5107,TRD105106,KOTAKBANK,EQ-INDEX-04,200,200,2026-08-16,CUSTODIAN,TRAIN
5108,TRD105107,KOTAKBANK,EQ-INDEX-04,250,300,2026-08-15,CUSTODIAN,TRAIN
5109,TRD105108,BHARTIARTL,EQ-ALPHA-03,1500,1500,2026-08-03,CUSTODIAN,TRAIN
5110,TRD105109,HDFCBANK,EQ-ALPHA-03,1000,1000,2026-08-17,CUSTODIAN,TRAIN
5111,TRD105110,WIPRO,EQ-ALPHA-03,500,500,2026-08-15,CUSTODIAN,TRAIN
5112,TRD105111,RELIANCE,EQ-INDEX-04,250,250,2026-08-06,CUSTODIAN,TRAIN
5113,TRD105112,KOTAKBANK,EQ-INDEX-04,1500,1500,2026-08-13,CUSTODIAN,TEST
5114,TRD105113,WIPRO,EQ-INDEX-04,1000,1000,2026-08-22,CUSTODIAN,TRAIN
5115,TRD105114,AXISBANK,EQ-INDEX-04,750,750,2026-08-22,CUSTODIAN,TEST
5116,TRD105115,SBIN,EQ-INDEX-04,1000,1000,2026-08-09,CUSTODIAN,TRAIN
5117,TRD105116,MARUTI,EQ-ALPHA-03,1000,1000,2026-08-22,CUSTODIAN,TRAIN
5118,TRD105117,HINDUNILVR,EQ-CORE-01,1000,1000,2026-08-17,CUSTODIAN,TRAIN
5119,TRD105118,KOTAKBANK,EQ-ALPHA-03,1500,1500,2026-08-09,CUSTODIAN,TEST
5120,TRD105119,TATASTEEL,EQ-CORE-01,100,124,2026-08-13,CUSTODIAN,TRAIN
5121,TRD105120,LT,EQ-CORE-02,100,100,2026-08-19,CUSTODIAN,TRAIN
5122,TRD105121,TATASTEEL,EQ-CORE-01,1500,1500,2026-08-07,CUSTODIAN,TRAIN
5123,TRD105122,BHARTIARTL,EQ-ALPHA-03,1500,1500,2026-08-18,CUSTODIAN,TEST
5124,TRD105123,ITC,EQ-CORE-01,500,500,2026-08-03,CUSTODIAN,TRAIN
5125,TRD105124,RELIANCE,EQ-ALPHA-03,1500,1500,2026-08-10,CUSTODIAN,TRAIN
5126,TRD105125,RELIANCE,EQ-INDEX-04,250,250,2026-08-18,CUSTODIAN,TRAIN
5127,TRD105126,HDFCBANK,EQ-ALPHA-03,500,500,2026-08-14,CUSTODIAN,TEST
5128,TRD105127,ICICIBANK,EQ-CORE-02,1500,1500,2026-08-03,CUSTODIAN,TEST
5129,TRD105128,TATASTEEL,EQ-INDEX-04,2000,2000,2026-08-20,CUSTODIAN,TEST
5130,TRD105129,TCS,EQ-ALPHA-03,1000,1000,2026-08-03,CUSTODIAN,TEST
5131,TRD105130,RELIANCE,EQ-INDEX-04,200,200,2026-08-22,CUSTODIAN,TRAIN
5132,TRD105131,ITC,EQ-CORE-01,200,200,2026-08-21,CUSTODIAN,TRAIN
5133,TRD105132,ICICIBANK,EQ-INDEX-04,750,750,2026-08-16,CUSTODIAN,TRAIN
5134,TRD105133,LT,EQ-CORE-01,500,500,2026-08-02,CUSTODIAN,TRAIN
5135,TRD105134,ICICIBANK,EQ-ALPHA-03,500,500,2026-08-16,CUSTODIAN,TRAIN
5136,TRD105135,WIPRO,EQ-CORE-01,2000,2000,2026-08-08,CUSTODIAN,TRAIN
5137,TRD105136,KOTAKBANK,EQ-CORE-01,250,250,2026-08-07,CUSTODIAN,TRAIN
5138,TRD105137,MARUTI,EQ-INDEX-04,2000,2000,2026-08-17,CUSTODIAN,TRAIN
5139,TRD105138,KOTAKBANK,EQ-CORE-02,200,640,2026-08-21,CUSTODIAN,TEST
5140,TRD105139,TATASTEEL,EQ-CORE-02,200,200,2026-08-20,CUSTODIAN,TRAIN
5141,TRD105140,ITC,EQ-ALPHA-03,2000,2000,2026-08-21,CUSTODIAN,TRAIN
5142,TRD105141,WIPRO,EQ-INDEX-04,500,500,2026-08-09,CUSTODIAN,TRAIN
5143,TRD105142,RELIANCE,EQ-INDEX-04,1000,1000,2026-08-18,CUSTODIAN,TRAIN
5144,TRD105143,HINDUNILVR,EQ-ALPHA-03,100,100,2026-08-14,CUSTODIAN,TRAIN
5145,TRD105144,TATASTEEL,EQ-INDEX-04,100,100,2026-08-10,CUSTODIAN,TRAIN
5146,TRD105145,ITC,EQ-INDEX-04,500,500,2026-08-22,CUSTODIAN,TRAIN
5147,TRD105146,LT,EQ-ALPHA-03,500,500,2026-08-09,CUSTODIAN,TRAIN
5148,TRD105147,HDFCBANK,EQ-ALPHA-03,1500,1500,2026-08-12,CUSTODIAN,TEST
5149,TRD105148,MARUTI,EQ-INDEX-04,750,750,2026-08-21,CUSTODIAN,TRAIN
5150,TRD105149,LT,EQ-INDEX-04,100,100,2026-08-08,CUSTODIAN,TRAIN
5151,TRD105150,HINDUNILVR,EQ-CORE-01,1500,1500,2026-08-10,CUSTODIAN,TRAIN
5152,TRD105151,ITC,EQ-ALPHA-03,1000,1000,2026-08-18,CUSTODIAN,TRAIN
5153,TRD105152,TATASTEEL,EQ-CORE-02,100,100,2026-08-20,CUSTODIAN,TRAIN
5154,TRD105153,HDFCBANK,EQ-ALPHA-03,250,0,2026-08-03,MISSING,TRAIN
5155,TRD105154,RELIANCE,EQ-CORE-01,1000,1000,2026-08-21,CUSTODIAN,TRAIN
5156,TRD105155,WIPRO,EQ-CORE-02,1000,1000,2026-08-22,CUSTODIAN,TRAIN
5157,TRD105156,BHARTIARTL,EQ-CORE-02,500,500,2026-08-21,CUSTODIAN,TRAIN
5158,TRD105157,MARUTI,EQ-CORE-01,1500,1500,2026-08-02,CUSTODIAN,TRAIN
5159,TRD105158,AXISBANK,EQ-CORE-02,200,200,2026-08-10,CUSTODIAN,TRAIN
5160,TRD105159,HDFCBANK,EQ-ALPHA-03,250,250,2026-08-06,CUSTODIAN,TRAIN
5161,TRD105160,TCS,EQ-CORE-02,1000,1000,2026-08-11,CUSTODIAN,TRAIN
5162,TRD105161,KOTAKBANK,EQ-CORE-02,250,250,2026-08-14,CUSTODIAN,TEST
5163,TRD105162,ICICIBANK,EQ-CORE-02,200,200,2026-08-03,CUSTODIAN,TEST
5164,TRD105163,TATASTEEL,EQ-INDEX-04,1000,1000,2026-08-11,CUSTODIAN,TEST
5165,TRD105164,TATASTEEL,EQ-INDEX-04,1000,1000,2026-08-17,CUSTODIAN,TRAIN
5166,TRD105165,AXISBANK,EQ-ALPHA-03,250,250,2026-08-12,CUSTODIAN,TRAIN
5167,TRD105166,LT,EQ-CORE-02,200,200,2026-08-04,CUSTODIAN,TRAIN
5168,TRD105167,INFY,EQ-ALPHA-03,500,500,2026-08-06,CUSTODIAN,TRAIN
5169,TRD105168,AXISBANK,EQ-ALPHA-03,1000,1000,2026-08-05,CUSTODIAN,TRAIN
5170,TRD105169,MARUTI,EQ-INDEX-04,1000,1000,2026-08-16,CUSTODIAN,TRAIN
5171,TRD105170,SBIN,EQ-CORE-01,1000,1000,2026-08-09,CUSTODIAN,TRAIN
5172,TRD105171,WIPRO,EQ-INDEX-04,1000,1000,2026-08-10,CUSTODIAN,TRAIN
5173,TRD105172,TCS,EQ-ALPHA-03,1000,1000,2026-08-11,CUSTODIAN,TRAIN
5174,TRD105173,TATASTEEL,EQ-CORE-02,1000,1000,2026-08-18,CUSTODIAN,TRAIN
5175,TRD105174,ICICIBANK,EQ-ALPHA-03,1500,2550,2026-08-03,CUSTODIAN,TRAIN
5176,TRD105175,ITC,EQ-ALPHA-03,1500,1500,2026-08-13,CUSTODIAN,TEST
5177,TRD105176,SBIN,EQ-CORE-02,1000,1000,2026-08-04,CUSTODIAN,TRAIN
5178,TRD105177,ITC,EQ-INDEX-04,2000,2000,2026-08-11,CUSTODIAN,TRAIN
5179,TRD105178,TATASTEEL,EQ-ALPHA-03,2000,3600,2026-08-20,CUSTODIAN,TRAIN
5180,TRD105179,TATASTEEL,EQ-CORE-02,200,200,2026-08-18,CUSTODIAN,TEST
5181,TRD105180,WIPRO,EQ-CORE-01,500,500,2026-08-17,CUSTODIAN,TRAIN
5182,TRD105181,ITC,EQ-ALPHA-03,100,0,2026-08-12,MISSING,TRAIN
5183,TRD105182,AXISBANK,EQ-CORE-01,1500,1500,2026-08-10,CUSTODIAN,TRAIN
5184,TRD105183,BHARTIARTL,EQ-INDEX-04,250,250,2026-08-20,CUSTODIAN,TRAIN
5185,TRD105184,TCS,EQ-ALPHA-03,250,250,2026-08-20,CUSTODIAN,TRAIN
5186,TRD105185,TATASTEEL,EQ-ALPHA-03,250,250,2026-08-15,CUSTODIAN,TEST
5187,TRD105186,BHARTIARTL,EQ-INDEX-04,750,750,2026-08-06,CUSTODIAN,TRAIN
5188,TRD105187,KOTAKBANK,EQ-ALPHA-03,2000,2000,2026-08-08,CUSTODIAN,TRAIN
5189,TRD105188,TCS,EQ-CORE-01,500,0,2026-08-17,MISSING,TEST
5190,TRD105189,SBIN,EQ-CORE-02,750,750,2026-08-12,CUSTODIAN,TRAIN
5191,TRD105190,SBIN,EQ-INDEX-04,1000,1000,2026-08-12,CUSTODIAN,TRAIN
5192,TRD105191,TCS,EQ-ALPHA-03,1500,1500,2026-08-08,CUSTODIAN,TRAIN
5193,TRD105192,WIPRO,EQ-ALPHA-03,1500,1500,2026-08-03,CUSTODIAN,TEST
5194,TRD105193,ICICIBANK,EQ-CORE-01,200,200,2026-08-15,CUSTODIAN,TEST
5195,TRD105194,HDFCBANK,EQ-INDEX-04,200,200,2026-08-13,CUSTODIAN,TRAIN
5196,TRD105195,HINDUNILVR,EQ-CORE-02,250,250,2026-08-21,CUSTODIAN,TRAIN
5197,TRD105196,BHARTIARTL,EQ-CORE-02,1500,1500,2026-08-21,CUSTODIAN,TRAIN
5198,TRD105197,KOTAKBANK,EQ-ALPHA-03,1500,1500,2026-08-20,CUSTODIAN,TRAIN
5199,TRD105198,TCS,EQ-CORE-01,100,100,2026-08-19,CUSTODIAN,TRAIN
5200,TRD105199,TCS,EQ-CORE-02,1000,1000,2026-08-07,CUSTODIAN,TRAIN
5201,TRD105200,ICICIBANK,EQ-CORE-02,100,100,2026-08-08,CUSTODIAN,TRAIN
5202,TRD105201,AXISBANK,EQ-CORE-02,1500,1500,2026-08-20,CUSTODIAN,TRAIN
5203,TRD105202,KOTAKBANK,EQ-CORE-02,500,500,2026-08-22,CUSTODIAN,TRAIN
5204,TRD105203,LT,EQ-CORE-01,500,500,2026-08-11,CUSTODIAN,TEST
5205,TRD105204,HINDUNILVR,EQ-ALPHA-03,2000,2000,2026-08-09,CUSTODIAN,TRAIN
5206,TRD105205,WIPRO,EQ-CORE-01,100,100,2026-08-11,CUSTODIAN,TRAIN
5207,TRD105206,ICICIBANK,EQ-ALPHA-03,250,250,2026-08-14,CUSTODIAN,TRAIN
5208,TRD105207,ICICIBANK,EQ-ALPHA-03,250,250,2026-08-15,CUSTODIAN,TRAIN
5209,TRD105208,ICICIBANK,EQ-CORE-02,2000,2000,2026-08-08,CUSTODIAN,TRAIN
5210,TRD105209,AXISBANK,EQ-ALPHA-03,1500,1035,2026-08-16,CUSTODIAN,TEST
5211,TRD105210,KOTAKBANK,EQ-CORE-02,2000,2000,2026-08-11,CUSTODIAN,TEST
5212,TRD105211,BHARTIARTL,EQ-INDEX-04,2000,2000,2026-08-11,CUSTODIAN,TEST
5213,TRD105212,HINDUNILVR,EQ-INDEX-04,1000,1000,2026-08-12,CUSTODIAN,TRAIN
5214,TRD105213,ICICIBANK,EQ-CORE-02,250,0,2026-08-10,MISSING,TRAIN
5215,TRD105214,HINDUNILVR,EQ-ALPHA-03,100,100,2026-08-20,CUSTODIAN,TRAIN
5216,TRD105215,BHARTIARTL,EQ-CORE-01,1500,1500,2026-08-18,CUSTODIAN,TRAIN
5217,TRD105216,MARUTI,EQ-CORE-02,250,250,2026-08-06,CUSTODIAN,TRAIN
5218,TRD105217,BHARTIARTL,EQ-INDEX-04,2000,2000,2026-08-03,CUSTODIAN,TRAIN
5219,TRD105218,HDFCBANK,EQ-INDEX-04,2000,2000,2026-08-10,CUSTODIAN,TRAIN
5220,TRD105219,HDFCBANK,EQ-ALPHA-03,1500,1500,2026-08-11,CUSTODIAN,TRAIN
5221,TRD105220,LT,EQ-ALPHA-03,500,500,2026-08-11,CUSTODIAN,TRAIN
5222,TRD105221,KOTAKBANK,EQ-INDEX-04,1000,1000,2026-08-16,CUSTODIAN,TRAIN
5223,TRD105222,MARUTI,EQ-CORE-01,2000,2000,2026-08-19,CUSTODIAN,TRAIN
5224,TRD105223,TATASTEEL,EQ-INDEX-04,1000,1000,2026-08-06,CUSTODIAN,TRAIN
5225,TRD105224,ICICIBANK,EQ-INDEX-04,750,750,2026-08-10,CUSTODIAN,TRAIN
5226,TRD105225,INFY,EQ-ALPHA-03,2000,2000,2026-08-15,CUSTODIAN,TRAIN
5227,TRD105226,SBIN,EQ-CORE-01,500,500,2026-08-10,CUSTODIAN,TEST
5228,TRD105227,ICICIBANK,EQ-INDEX-04,250,195,2026-08-18,CUSTODIAN,TEST
5229,TRD105228,ITC,EQ-CORE-02,200,0,2026-08-06,MISSING,TRAIN
5230,TRD105229,TCS,EQ-CORE-01,200,200,2026-08-18,CUSTODIAN,TRAIN
5231,TRD105230,BHARTIARTL,EQ-ALPHA-03,1000,1000,2026-08-09,CUSTODIAN,TRAIN
5232,TRD105231,RELIANCE,EQ-CORE-02,200,200,2026-08-09,CUSTODIAN,TEST
5233,TRD105232,TATASTEEL,EQ-INDEX-04,1500,1500,2026-08-08,CUSTODIAN,TRAIN
5234,TRD105233,HINDUNILVR,EQ-CORE-01,750,750,2026-08-08,CUSTODIAN,TRAIN
5235,TRD105234,BHARTIARTL,EQ-CORE-01,100,100,2026-08-19,CUSTODIAN,TEST
5236,TRD105235,RELIANCE,EQ-CORE-01,100,270,2026-08-06,CUSTODIAN,TRAIN
5237,TRD105236,SBIN,EQ-INDEX-04,2000,2000,2026-08-22,CUSTODIAN,TEST
5238,TRD105237,AXISBANK,EQ-CORE-01,100,100,2026-08-06,CUSTODIAN,TRAIN
5239,TRD105238,SBIN,EQ-CORE-02,1500,1500,2026-08-05,CUSTODIAN,TRAIN
5240,TRD105239,TATASTEEL,EQ-INDEX-04,500,500,2026-08-02,CUSTODIAN,TRAIN
5241,TRD105240,WIPRO,EQ-CORE-01,1000,1000,2026-08-03,CUSTODIAN,TRAIN
5242,TRD105241,AXISBANK,EQ-INDEX-04,250,250,2026-08-06,CUSTODIAN,TRAIN
5243,TRD105242,ICICIBANK,EQ-CORE-01,1000,1000,2026-08-08,CUSTODIAN,TEST
5244,TRD105243,ITC,EQ-ALPHA-03,500,500,2026-08-06,CUSTODIAN,TRAIN
5245,TRD105244,TCS,EQ-CORE-02,250,250,2026-08-09,CUSTODIAN,TEST
5246,TRD105245,BHARTIARTL,EQ-CORE-02,1500,1500,2026-08-03,CUSTODIAN,TRAIN
5247,TRD105246,BHARTIARTL,EQ-CORE-01,200,200,2026-08-13,CUSTODIAN,TRAIN
5248,TRD105247,HINDUNILVR,EQ-ALPHA-03,250,250,2026-08-12,CUSTODIAN,TEST
5249,TRD105248,BHARTIARTL,EQ-CORE-02,2000,2000,2026-08-03,CUSTODIAN,TEST
5250,TRD105249,KOTAKBANK,EQ-ALPHA-03,2000,2000,2026-08-07,CUSTODIAN,TRAIN
5251,TRD105250,RELIANCE,EQ-INDEX-04,100,100,2026-08-13,CUSTODIAN,TRAIN
5252,TRD105251,RELIANCE,EQ-CORE-01,1500,1500,2026-08-12,CUSTODIAN,TRAIN
5253,TRD105252,INFY,EQ-INDEX-04,200,200,2026-08-04,CUSTODIAN,TRAIN
5254,TRD105253,HINDUNILVR,EQ-CORE-02,250,0,2026-08-13,MISSING,TRAIN
5255,TRD105254,RELIANCE,EQ-ALPHA-03,1000,1000,2026-08-11,CUSTODIAN,TRAIN
5256,TRD105255,MARUTI,EQ-ALPHA-03,1500,1500,2026-08-03,CUSTODIAN,TRAIN
5257,TRD105256,INFY,EQ-CORE-02,200,200,2026-08-09,CUSTODIAN,TRAIN
5258,TRD105257,INFY,EQ-ALPHA-03,1500,1500,2026-08-15,CUSTODIAN,TRAIN
5259,TRD105258,WIPRO,EQ-CORE-01,200,200,2026-08-06,CUSTODIAN,TEST
5260,TRD105259,TCS,EQ-CORE-01,200,200,2026-08-12,CUSTODIAN,TRAIN
5261,TRD105260,TCS,EQ-INDEX-04,100,100,2026-08-08,CUSTODIAN,TRAIN
5262,TRD105261,WIPRO,EQ-CORE-02,500,500,2026-08-15,CUSTODIAN,TRAIN
5263,TRD105262,SBIN,EQ-ALPHA-03,2000,2000,2026-08-13,CUSTODIAN,TRAIN
5264,TRD105263,ITC,EQ-CORE-01,100,100,2026-08-19,CUSTODIAN,TRAIN
5265,TRD105264,HINDUNILVR,EQ-CORE-02,750,750,2026-08-16,CUSTODIAN,TRAIN
5266,TRD105265,HINDUNILVR,EQ-CORE-01,2000,2000,2026-08-10,CUSTODIAN,TEST
5267,TRD105266,MARUTI,EQ-CORE-02,250,250,2026-08-21,CUSTODIAN,TEST
5268,TRD105267,TATASTEEL,EQ-ALPHA-03,2000,2000,2026-08-22,CUSTODIAN,TRAIN
5269,TRD105268,LT,EQ-ALPHA-03,200,200,2026-08-21,CUSTODIAN,TRAIN
5270,TRD105269,SBIN,EQ-CORE-02,200,200,2026-08-09,CUSTODIAN,TRAIN
5271,TRD105270,HINDUNILVR,EQ-ALPHA-03,200,234,2026-08-13,CUSTODIAN,TRAIN
5272,TRD105271,HINDUNILVR,EQ-CORE-02,1500,1755,2026-08-19,CUSTODIAN,TRAIN
5273,TRD105272,ITC,EQ-INDEX-04,500,500,2026-08-14,CUSTODIAN,TRAIN
5274,TRD105273,LT,EQ-ALPHA-03,750,750,2026-08-03,CUSTODIAN,TRAIN
5275,TRD105274,TATASTEEL,EQ-CORE-02,1000,1000,2026-08-12,CUSTODIAN,TRAIN
5276,TRD105275,ITC,EQ-CORE-01,100,100,2026-08-14,CUSTODIAN,TEST
5277,TRD105276,BHARTIARTL,EQ-ALPHA-03,250,250,2026-08-17,CUSTODIAN,TEST
5278,TRD105277,INFY,EQ-CORE-02,250,250,2026-08-20,CUSTODIAN,TRAIN
5279,TRD105278,RELIANCE,EQ-INDEX-04,250,250,2026-08-22,CUSTODIAN,TRAIN
5280,TRD105279,TCS,EQ-CORE-01,1500,1500,2026-08-02,CUSTODIAN,TRAIN
5281,TRD105280,AXISBANK,EQ-CORE-01,500,500,2026-08-02,CUSTODIAN,TRAIN
5282,TRD105281,MARUTI,EQ-INDEX-04,100,100,2026-08-04,CUSTODIAN,TEST
5283,TRD105282,RELIANCE,EQ-INDEX-04,500,500,2026-08-17,CUSTODIAN,TEST
5284,TRD105283,LT,EQ-INDEX-04,100,100,2026-08-18,CUSTODIAN,TRAIN
5285,TRD105284,MARUTI,EQ-INDEX-04,2000,2000,2026-08-04,CUSTODIAN,TEST
5286,TRD105285,WIPRO,EQ-ALPHA-03,1500,1500,2026-08-05,CUSTODIAN,TRAIN
5287,TRD105286,KOTAKBANK,EQ-INDEX-04,1500,1500,2026-08-02,CUSTODIAN,TRAIN
5288,TRD105287,KOTAKBANK,EQ-CORE-01,1000,1000,2026-08-13,CUSTODIAN,TRAIN
5289,TRD105288,INFY,EQ-ALPHA-03,100,100,2026-08-05,CUSTODIAN,TEST
5290,TRD105289,HDFCBANK,EQ-CORE-02,2000,2480,2026-08-18,CUSTODIAN,TRAIN
5291,TRD105290,RELIANCE,EQ-INDEX-04,100,130,2026-08-05,CUSTODIAN,TRAIN
5292,TRD105291,TATASTEEL,EQ-CORE-01,1500,1500,2026-08-08,CUSTODIAN,TEST
5293,TRD105292,WIPRO,EQ-INDEX-04,200,200,2026-08-18,CUSTODIAN,TRAIN
5294,TRD105293,ITC,EQ-ALPHA-03,2000,2000,2026-08-13,CUSTODIAN,TRAIN
5295,TRD105294,HDFCBANK,EQ-INDEX-04,500,500,2026-08-21,CUSTODIAN,TEST
5296,TRD105295,INFY,EQ-CORE-02,1000,1000,2026-08-03,CUSTODIAN,TRAIN
5297,TRD105296,WIPRO,EQ-CORE-01,1500,3300,2026-08-15,CUSTODIAN,TRAIN
5298,TRD105297,BHARTIARTL,EQ-INDEX-04,2000,2000,2026-08-04,CUSTODIAN,TRAIN
5299,TRD105298,HDFCBANK,EQ-CORE-01,1000,1000,2026-08-03,CUSTODIAN,TRAIN
5300,TRD105299,HINDUNILVR,EQ-INDEX-04,2000,2000,2026-08-03,CUSTODIAN,TRAIN
5301,TRD105300,LT,EQ-ALPHA-03,2000,2000,2026-08-09,CUSTODIAN,TRAIN
5302,TRD105301,BHARTIARTL,EQ-ALPHA-03,250,250,2026-08-21,CUSTODIAN,TEST
5303,TRD105302,ICICIBANK,EQ-CORE-02,2000,2000,2026-08-05,CUSTODIAN,TRAIN
5304,TRD105303,AXISBANK,EQ-INDEX-04,500,500,2026-08-13,CUSTODIAN,TEST
5305,TRD105304,AXISBANK,EQ-CORE-02,250,322,2026-08-06,CUSTODIAN,TEST
5306,TRD105305,ITC,EQ-CORE-02,2000,2000,2026-08-12,CUSTODIAN,TRAIN
5307,TRD105306,KOTAKBANK,EQ-CORE-01,2000,2000,2026-08-22,CUSTODIAN,TRAIN
5308,TRD105307,SBIN,EQ-INDEX-04,2000,2480,2026-08-17,CUSTODIAN,TRAIN
5309,TRD105308,ITC,EQ-ALPHA-03,750,750,2026-08-06,CUSTODIAN,TEST
5310,TRD105309,ICICIBANK,EQ-CORE-01,1000,1000,2026-08-09,CUSTODIAN,TRAIN
5311,TRD105310,WIPRO,EQ-CORE-02,1000,1000,2026-08-03,CUSTODIAN,TRAIN
5312,TRD105311,INFY,EQ-CORE-02,100,100,2026-08-18,CUSTODIAN,TRAIN
5313,TRD105312,AXISBANK,EQ-CORE-02,1000,1000,2026-08-13,CUSTODIAN,TRAIN
5314,TRD105313,HDFCBANK,EQ-INDEX-04,500,645,2026-08-15,CUSTODIAN,TRAIN
5315,TRD105314,RELIANCE,EQ-ALPHA-03,1000,1000,2026-08-14,CUSTODIAN,TRAIN
5316,TRD105315,HINDUNILVR,EQ-CORE-01,750,750,2026-08-05,CUSTODIAN,TRAIN
5317,TRD105316,ICICIBANK,EQ-ALPHA-03,250,250,2026-08-20,CUSTODIAN,TRAIN
5318,TRD105317,SBIN,EQ-CORE-01,750,750,2026-08-06,CUSTODIAN,TRAIN
5319,TRD105318,MARUTI,EQ-INDEX-04,200,138,2026-08-22,CUSTODIAN,TRAIN
5320,TRD105319,HDFCBANK,EQ-CORE-02,250,250,2026-08-22,CUSTODIAN,TRAIN
5321,TRD105320,ITC,EQ-CORE-01,1000,1000,2026-08-11,CUSTODIAN,TRAIN
5322,TRD105321,TCS,EQ-ALPHA-03,1000,1000,2026-08-03,CUSTODIAN,TRAIN
5323,TRD105322,SBIN,EQ-ALPHA-03,1500,1500,2026-08-04,CUSTODIAN,TRAIN
5324,TRD105323,BHARTIARTL,EQ-ALPHA-03,250,250,2026-08-12,CUSTODIAN,TRAIN
5325,TRD105324,INFY,EQ-ALPHA-03,100,100,2026-08-05,CUSTODIAN,TRAIN
5326,TRD105325,HINDUNILVR,EQ-CORE-02,1500,1500,2026-08-07,CUSTODIAN,TRAIN
5327,TRD105326,RELIANCE,EQ-CORE-02,2000,2000,2026-08-04,CUSTODIAN,TRAIN
5328,TRD105327,HDFCBANK,EQ-ALPHA-03,750,750,2026-08-03,CUSTODIAN,TRAIN
5329,TRD105328,ITC,EQ-CORE-01,100,100,2026-08-03,CUSTODIAN,TRAIN
5330,TRD105329,TATASTEEL,EQ-CORE-01,200,0,2026-08-20,MISSING,TEST
5331,TRD105330,HDFCBANK,EQ-CORE-01,1000,1000,2026-08-10,CUSTODIAN,TRAIN
5332,TRD105331,RELIANCE,EQ-INDEX-04,250,250,2026-08-22,CUSTODIAN,TRAIN
5333,TRD105332,BHARTIARTL,EQ-ALPHA-03,200,200,2026-08-03,CUSTODIAN,TRAIN
5334,TRD105333,ICICIBANK,EQ-CORE-01,200,200,2026-08-12,CUSTODIAN,TRAIN
5335,TRD105334,HDFCBANK,EQ-CORE-01,500,500,2026-08-13,CUSTODIAN,TRAIN
5336,TRD105335,LT,EQ-ALPHA-03,1000,1000,2026-08-21,CUSTODIAN,TEST
5337,TRD105336,WIPRO,EQ-CORE-01,1000,1000,2026-08-16,CUSTODIAN,TEST
5338,TRD105337,WIPRO,EQ-ALPHA-03,2000,2000,2026-08-20,CUSTODIAN,TRAIN
5339,TRD105338,WIPRO,EQ-CORE-01,750,750,2026-08-07,CUSTODIAN,TRAIN
5340,TRD105339,KOTAKBANK,EQ-ALPHA-03,750,750,2026-08-20,CUSTODIAN,TRAIN
5341,TRD105340,ICICIBANK,EQ-ALPHA-03,200,200,2026-08-04,CUSTODIAN,TRAIN
5342,TRD105341,TATASTEEL,EQ-INDEX-04,500,500,2026-08-11,CUSTODIAN,TRAIN
5343,TRD105342,INFY,EQ-CORE-01,100,100,2026-08-07,CUSTODIAN,TRAIN
5344,TRD105343,ITC,EQ-ALPHA-03,750,750,2026-08-06,CUSTODIAN,TRAIN
5345,TRD105344,BHARTIARTL,EQ-CORE-01,1500,1500,2026-08-21,CUSTODIAN,TRAIN
5346,TRD105345,ITC,EQ-CORE-02,250,250,2026-08-21,CUSTODIAN,TRAIN
5347,TRD105346,ITC,EQ-ALPHA-03,1000,1000,2026-08-05,CUSTODIAN,TRAIN
5348,TRD105347,WIPRO,EQ-CORE-02,200,200,2026-08-12,CUSTODIAN,TRAIN
5349,TRD105348,LT,EQ-CORE-01,100,100,2026-08-06,CUSTODIAN,TEST
5350,TRD105349,TATASTEEL,EQ-CORE-02,250,250,2026-08-13,CUSTODIAN,TRAIN
5351,TRD105350,ICICIBANK,EQ-CORE-02,250,250,2026-08-02,CUSTODIAN,TRAIN
5352,TRD105351,TATASTEEL,EQ-CORE-01,750,750,2026-08-14,CUSTODIAN,TRAIN
5353,TRD105352,HINDUNILVR,EQ-CORE-02,250,250,2026-08-06,CUSTODIAN,TEST
5354,TRD105353,INFY,EQ-INDEX-04,500,500,2026-08-16,CUSTODIAN,TRAIN
5355,TRD105354,BHARTIARTL,EQ-CORE-02,100,100,2026-08-06,CUSTODIAN,TEST
5356,TRD105355,KOTAKBANK,EQ-CORE-01,1500,1500,2026-08-17,CUSTODIAN,TRAIN
5357,TRD105356,ITC,EQ-ALPHA-03,250,250,2026-08-16,CUSTODIAN,TRAIN
5358,TRD105357,HINDUNILVR,EQ-CORE-02,750,750,2026-08-03,CUSTODIAN,TRAIN
5359,TRD105358,WIPRO,EQ-CORE-01,100,100,2026-08-13,CUSTODIAN,TRAIN
5360,TRD105359,TATASTEEL,EQ-ALPHA-03,250,250,2026-08-16,CUSTODIAN,TRAIN
5361,TRD105360,INFY,EQ-CORE-02,1500,1500,2026-08-04,CUSTODIAN,TRAIN
5362,TRD105361,ITC,EQ-ALPHA-03,1500,1500,2026-08-09,CUSTODIAN,TEST
5363,TRD105362,HDFCBANK,EQ-CORE-02,200,200,2026-08-07,CUSTODIAN,TRAIN
5364,TRD105363,KOTAKBANK,EQ-INDEX-04,500,500,2026-08-22,CUSTODIAN,TRAIN
5365,TRD105364,LT,EQ-CORE-02,100,100,2026-08-03,CUSTODIAN,TEST
5366,TRD105365,SBIN,EQ-ALPHA-03,2000,2000,2026-08-09,CUSTODIAN,TEST
5367,TRD105366,TCS,EQ-CORE-02,200,200,2026-08-20,CUSTODIAN,TRAIN
5368,TRD105367,KOTAKBANK,EQ-INDEX-04,500,500,2026-08-11,CUSTODIAN,TRAIN
5369,TRD105368,SBIN,EQ-INDEX-04,100,117,2026-08-22,CUSTODIAN,TRAIN
5370,TRD105369,SBIN,EQ-ALPHA-03,100,100,2026-08-19,CUSTODIAN,TRAIN
5371,TRD105370,HDFCBANK,EQ-INDEX-04,1000,1000,2026-08-18,CUSTODIAN,TRAIN
5372,TRD105371,HINDUNILVR,EQ-ALPHA-03,200,200,2026-08-02,CUSTODIAN,TRAIN
5373,TRD105372,AXISBANK,EQ-CORE-02,750,518,2026-08-13,CUSTODIAN,TRAIN
5374,TRD105373,TATASTEEL,EQ-CORE-02,1000,1000,2026-08-12,CUSTODIAN,TRAIN
5375,TRD105374,WIPRO,EQ-ALPHA-03,100,129,2026-08-21,CUSTODIAN,TRAIN
5376,TRD105375,TCS,EQ-CORE-01,1500,1500,2026-08-13,CUSTODIAN,TRAIN
5377,TRD105376,AXISBANK,EQ-CORE-02,1500,1500,2026-08-12,CUSTODIAN,TRAIN
5378,TRD105377,HDFCBANK,EQ-ALPHA-03,1500,1170,2026-08-21,CUSTODIAN,TRAIN
5379,TRD105378,ICICIBANK,EQ-CORE-02,200,200,2026-08-17,CUSTODIAN,TRAIN
5380,TRD105379,ICICIBANK,EQ-INDEX-04,250,250,2026-08-17,CUSTODIAN,TRAIN
5381,TRD105380,WIPRO,EQ-CORE-01,500,500,2026-08-07,CUSTODIAN,TRAIN
5382,TRD105381,LT,EQ-CORE-02,200,200,2026-08-18,CUSTODIAN,TRAIN
5383,TRD105382,MARUTI,EQ-CORE-01,750,750,2026-08-12,CUSTODIAN,TRAIN
5384,TRD105383,TATASTEEL,EQ-INDEX-04,250,0,2026-08-12,MISSING,TRAIN
5385,TRD105384,HINDUNILVR,EQ-CORE-01,2000,2000,2026-08-08,CUSTODIAN,TRAIN
5386,TRD105385,AXISBANK,EQ-INDEX-04,500,500,2026-08-05,CUSTODIAN,TEST
5387,TRD105386,HDFCBANK,EQ-ALPHA-03,100,100,2026-08-12,CUSTODIAN,TRAIN
5388,TRD105387,RELIANCE,EQ-CORE-01,500,500,2026-08-19,CUSTODIAN,TRAIN
5389,TRD105388,WIPRO,EQ-CORE-01,1500,1500,2026-08-13,CUSTODIAN,TRAIN
5390,TRD105389,TATASTEEL,EQ-ALPHA-03,100,100,2026-08-18,CUSTODIAN,TEST
5391,TRD105390,WIPRO,EQ-CORE-01,750,750,2026-08-04,CUSTODIAN,TEST
5392,TRD105391,LT,EQ-INDEX-04,750,2025,2026-08-04,CUSTODIAN,TEST
5393,TRD105392,KOTAKBANK,EQ-INDEX-04,500,500,2026-08-04,CUSTODIAN,TRAIN
5394,TRD105393,HDFCBANK,EQ-ALPHA-03,250,250,2026-08-10,CUSTODIAN,TEST
5395,TRD105394,ICICIBANK,EQ-CORE-02,500,500,2026-08-11,CUSTODIAN,TRAIN
5396,TRD105395,RELIANCE,EQ-ALPHA-03,1500,1500,2026-08-03,CUSTODIAN,TRAIN
5397,TRD105396,RELIANCE,EQ-CORE-02,200,200,2026-08-11,CUSTODIAN,TEST
5398,TRD105397,HDFCBANK,EQ-ALPHA-03,1000,1000,2026-08-16,CUSTODIAN,TRAIN
5399,TRD105398,RELIANCE,EQ-CORE-02,2000,2000,2026-08-06,CUSTODIAN,TEST
5400,TRD105399,AXISBANK,EQ-CORE-01,1000,1000,2026-08-16,CUSTODIAN,TRAIN
5401,TRD105400,BHARTIARTL,EQ-INDEX-04,200,200,2026-08-21,CUSTODIAN,TEST
5402,TRD105401,ITC,EQ-CORE-01,1500,1500,2026-08-16,CUSTODIAN,TRAIN
5403,TRD105402,LT,EQ-CORE-02,2000,2000,2026-08-04,CUSTODIAN,TRAIN
5404,TRD105403,LT,EQ-CORE-02,500,500,2026-08-22,CUSTODIAN,TRAIN
5405,TRD105404,ICICIBANK,EQ-CORE-01,2000,2000,2026-08-10,CUSTODIAN,TEST
5406,TRD105405,SBIN,EQ-CORE-01,1000,1000,2026-08-15,CUSTODIAN,TRAIN
5407,TRD105406,MARUTI,EQ-CORE-01,500,500,2026-08-19,CUSTODIAN,TEST
5408,TRD105407,AXISBANK,EQ-CORE-01,1500,1500,2026-08-03,CUSTODIAN,TRAIN
5409,TRD105408,TATASTEEL,EQ-CORE-02,2000,2000,2026-08-18,CUSTODIAN,TRAIN
5410,TRD105409,HINDUNILVR,EQ-CORE-02,1000,1000,2026-08-14,CUSTODIAN,TRAIN
5411,TRD105410,SBIN,EQ-CORE-02,750,750,2026-08-21,CUSTODIAN,TRAIN
5412,TRD105411,ITC,EQ-CORE-01,200,200,2026-08-12,CUSTODIAN,TEST
5413,TRD105412,HDFCBANK,EQ-CORE-02,1000,1000,2026-08-16,CUSTODIAN,TEST
5414,TRD105413,WIPRO,EQ-CORE-02,2000,2000,2026-08-04,CUSTODIAN,TEST
5415,TRD105414,LT,EQ-ALPHA-03,750,975,2026-08-13,CUSTODIAN,TRAIN
5416,TRD105415,HINDUNILVR,EQ-CORE-01,500,500,2026-08-10,CUSTODIAN,TRAIN
5417,TRD105416,HINDUNILVR,EQ-CORE-02,1500,1500,2026-08-18,CUSTODIAN,TEST
5418,TRD105417,HINDUNILVR,EQ-CORE-01,200,200,2026-08-03,CUSTODIAN,TRAIN
5419,TRD105418,HINDUNILVR,EQ-CORE-01,250,250,2026-08-02,CUSTODIAN,TRAIN
5420,TRD105419,ITC,EQ-INDEX-04,200,200,2026-08-07,CUSTODIAN,TRAIN
5421,TRD105420,WIPRO,EQ-CORE-01,2000,2000,2026-08-17,CUSTODIAN,TRAIN
5422,TRD105421,TCS,EQ-INDEX-04,100,100,2026-08-11,CUSTODIAN,TRAIN
5423,TRD105422,ITC,EQ-CORE-02,200,200,2026-08-10,CUSTODIAN,TRAIN
5424,TRD105423,INFY,EQ-ALPHA-03,750,750,2026-08-17,CUSTODIAN,TEST
5425,TRD105424,ITC,EQ-INDEX-04,200,200,2026-08-02,CUSTODIAN,TRAIN
5426,TRD105425,HINDUNILVR,EQ-INDEX-04,100,100,2026-08-07,CUSTODIAN,TEST
5427,TRD105426,WIPRO,EQ-INDEX-04,750,750,2026-08-09,CUSTODIAN,TRAIN
5428,TRD105427,INFY,EQ-INDEX-04,750,750,2026-08-15,CUSTODIAN,TRAIN
5429,TRD105428,AXISBANK,EQ-ALPHA-03,100,100,2026-08-22,CUSTODIAN,TRAIN
5430,TRD105429,LT,EQ-CORE-02,200,200,2026-08-16,CUSTODIAN,TRAIN
5431,TRD105430,BHARTIARTL,EQ-CORE-01,250,250,2026-08-02,CUSTODIAN,TRAIN
5432,TRD105431,TATASTEEL,EQ-ALPHA-03,500,500,2026-08-18,CUSTODIAN,TRAIN
5433,TRD105432,INFY,EQ-INDEX-04,500,0,2026-08-10,MISSING,TRAIN
5434,TRD105433,TCS,EQ-CORE-01,200,200,2026-08-13,CUSTODIAN,TRAIN
5435,TRD105434,RELIANCE,EQ-ALPHA-03,100,100,2026-08-09,CUSTODIAN,TRAIN
5436,TRD105435,WIPRO,EQ-INDEX-04,250,250,2026-08-14,CUSTODIAN,TRAIN
5437,TRD105436,RELIANCE,EQ-CORE-01,1000,1000,2026-08-07,CUSTODIAN,TRAIN
5438,TRD105437,HDFCBANK,EQ-CORE-01,200,200,2026-08-12,CUSTODIAN,TRAIN
5439,TRD105438,TCS,EQ-CORE-01,100,100,2026-08-02,CUSTODIAN,TRAIN
5440,TRD105439,TCS,EQ-CORE-02,500,500,2026-08-22,CUSTODIAN,TEST
5441,TRD105440,HINDUNILVR,EQ-CORE-01,100,100,2026-08-06,CUSTODIAN,TRAIN
5442,TRD105441,ICICIBANK,EQ-CORE-02,250,250,2026-08-15,CUSTODIAN,TRAIN
5443,TRD105442,MARUTI,EQ-INDEX-04,500,500,2026-08-06,CUSTODIAN,TRAIN
5444,TRD105443,TCS,EQ-ALPHA-03,1500,1500,2026-08-12,CUSTODIAN,TEST
5445,TRD105444,WIPRO,EQ-ALPHA-03,250,250,2026-08-04,CUSTODIAN,TEST
5446,TRD105445,SBIN,EQ-CORE-02,500,500,2026-08-12,CUSTODIAN,TRAIN
5447,TRD105446,LT,EQ-CORE-01,250,250,2026-08-21,CUSTODIAN,TRAIN
5448,TRD105447,ICICIBANK,EQ-CORE-02,750,750,2026-08-07,CUSTODIAN,TRAIN
5449,TRD105448,SBIN,EQ-CORE-01,1000,1000,2026-08-13,CUSTODIAN,TRAIN
5450,TRD105449,KOTAKBANK,EQ-CORE-01,1000,1000,2026-08-07,CUSTODIAN,TEST
5451,TRD105450,RELIANCE,EQ-CORE-01,2000,2000,2026-08-17,CUSTODIAN,TEST
5452,TRD105451,HINDUNILVR,EQ-ALPHA-03,500,1100,2026-08-11,CUSTODIAN,TEST
5453,TRD105452,ICICIBANK,EQ-ALPHA-03,2000,2000,2026-08-17,CUSTODIAN,TRAIN
5454,TRD105453,AXISBANK,EQ-CORE-01,1500,1500,2026-08-20,CUSTODIAN,TEST
5455,TRD105454,BHARTIARTL,EQ-CORE-01,750,750,2026-08-03,CUSTODIAN,TRAIN
5456,TRD105455,AXISBANK,EQ-CORE-02,250,250,2026-08-19,CUSTODIAN,TRAIN
5457,TRD105456,SBIN,EQ-CORE-02,1000,1000,2026-08-17,CUSTODIAN,TRAIN
5458,TRD105457,TATASTEEL,EQ-CORE-01,750,750,2026-08-14,CUSTODIAN,TRAIN
5459,TRD105458,TCS,EQ-INDEX-04,100,100,2026-08-10,CUSTODIAN,TRAIN
5460,TRD105459,MARUTI,EQ-CORE-02,1000,1000,2026-08-13,CUSTODIAN,TRAIN
5461,TRD105460,RELIANCE,EQ-CORE-02,200,200,2026-08-03,CUSTODIAN,TRAIN
5462,TRD105461,MARUTI,EQ-CORE-02,750,750,2026-08-16,CUSTODIAN,TRAIN
5463,TRD105462,INFY,EQ-INDEX-04,1000,0,2026-08-05,MISSING,TRAIN
5464,TRD105463,HDFCBANK,EQ-CORE-02,200,200,2026-08-03,CUSTODIAN,TRAIN
5465,TRD105464,RELIANCE,EQ-CORE-02,500,500,2026-08-20,CUSTODIAN,TRAIN
5466,TRD105465,ICICIBANK,EQ-CORE-02,250,250,2026-08-20,CUSTODIAN,TRAIN
5467,TRD105466,BHARTIARTL,EQ-ALPHA-03,200,200,2026-08-17,CUSTODIAN,TRAIN
5468,TRD105467,WIPRO,EQ-ALPHA-03,750,750,2026-08-11,CUSTODIAN,TRAIN
5469,TRD105468,MARUTI,EQ-INDEX-04,2000,2000,2026-08-05,CUSTODIAN,TRAIN
5470,TRD105469,WIPRO,EQ-CORE-02,200,200,2026-08-11,CUSTODIAN,TRAIN
5471,TRD105470,WIPRO,EQ-ALPHA-03,200,200,2026-08-06,CUSTODIAN,TRAIN
5472,TRD105471,INFY,EQ-CORE-02,500,500,2026-08-08,CUSTODIAN,TEST
5473,TRD105472,BHARTIARTL,EQ-CORE-01,200,200,2026-08-10,CUSTODIAN,TEST
5474,TRD105473,RELIANCE,EQ-ALPHA-03,750,750,2026-08-14,CUSTODIAN,TRAIN
5475,TRD105474,TCS,EQ-CORE-01,250,250,2026-08-09,CUSTODIAN,TRAIN
5476,TRD105475,RELIANCE,EQ-CORE-02,1000,0,2026-08-06,MISSING,TRAIN
5477,TRD105476,RELIANCE,EQ-ALPHA-03,2000,2000,2026-08-11,CUSTODIAN,TEST
5478,TRD105477,INFY,EQ-INDEX-04,250,250,2026-08-15,CUSTODIAN,TRAIN
5479,TRD105478,INFY,EQ-ALPHA-03,500,500,2026-08-12,CUSTODIAN,TRAIN
5480,TRD105479,TATASTEEL,EQ-CORE-02,500,500,2026-08-16,CUSTODIAN,TRAIN
5481,TRD105480,LT,EQ-CORE-01,500,500,2026-08-20,CUSTODIAN,TRAIN
5482,TRD105481,TCS,EQ-INDEX-04,100,100,2026-08-14,CUSTODIAN,TRAIN
5483,TRD105482,HINDUNILVR,EQ-ALPHA-03,250,250,2026-08-08,CUSTODIAN,TRAIN
5484,TRD105483,TATASTEEL,EQ-INDEX-04,1500,1500,2026-08-12,CUSTODIAN,TRAIN
5485,TRD105484,SBIN,EQ-ALPHA-03,1000,1000,2026-08-05,CUSTODIAN,TRAIN
5486,TRD105485,RELIANCE,EQ-CORE-01,500,0,2026-08-16,MISSING,TRAIN
5487,TRD105486,RELIANCE,EQ-INDEX-04,2000,2000,2026-08-09,CUSTODIAN,TEST
5488,TRD105487,TCS,EQ-CORE-01,250,195,2026-08-08,CUSTODIAN,TRAIN
5489,TRD105488,LT,EQ-INDEX-04,1000,1000,2026-08-07,CUSTODIAN,TEST
5490,TRD105489,AXISBANK,EQ-CORE-01,100,100,2026-08-15,CUSTODIAN,TRAIN
5491,TRD105490,AXISBANK,EQ-INDEX-04,100,100,2026-08-07,CUSTODIAN,TRAIN
5492,TRD105491,MARUTI,EQ-ALPHA-03,250,250,2026-08-05,CUSTODIAN,TRAIN
5493,TRD105492,INFY,EQ-ALPHA-03,500,500,2026-08-22,CUSTODIAN,TRAIN
5494,TRD105493,HINDUNILVR,EQ-ALPHA-03,100,100,2026-08-08,CUSTODIAN,TRAIN
5495,TRD105494,SBIN,EQ-CORE-01,200,0,2026-08-16,MISSING,TRAIN
5496,TRD105495,INFY,EQ-CORE-01,500,500,2026-08-19,CUSTODIAN,TRAIN
5497,TRD105496,MARUTI,EQ-INDEX-04,100,100,2026-08-11,CUSTODIAN,TRAIN
5498,TRD105497,RELIANCE,EQ-CORE-02,250,250,2026-08-10,CUSTODIAN,TRAIN
5499,TRD105498,RELIANCE,EQ-INDEX-04,2000,2000,2026-08-19,CUSTODIAN,TRAIN
5500,TRD105499,LT,EQ-CORE-01,2000,2000,2026-08-19,CUSTODIAN,TRAIN
5501,TRD105500,AXISBANK,EQ-INDEX-04,200,200,2026-08-03,CUSTODIAN,TRAIN
5502,TRD105501,TATASTEEL,EQ-INDEX-04,500,500,2026-08-21,CUSTODIAN,TRAIN
5503,TRD105502,ITC,EQ-CORE-01,250,250,2026-08-12,CUSTODIAN,TEST
5504,TRD105503,HINDUNILVR,EQ-ALPHA-03,250,250,2026-08-09,CUSTODIAN,TRAIN
5505,TRD105504,TATASTEEL,EQ-CORE-02,100,100,2026-08-10,CUSTODIAN,TRAIN
5506,TRD105505,ITC,EQ-CORE-02,1500,1500,2026-08-08,CUSTODIAN,TEST
5507,TRD105506,TCS,EQ-ALPHA-03,1500,0,2026-08-14,MISSING,TRAIN
5508,TRD105507,ITC,EQ-ALPHA-03,1500,1500,2026-08-13,CUSTODIAN,TRAIN
5509,TRD105508,ICICIBANK,EQ-INDEX-04,200,200,2026-08-04,CUSTODIAN,TRAIN
5510,TRD105509,ITC,EQ-INDEX-04,250,250,2026-08-11,CUSTODIAN,TRAIN
5511,TRD105510,KOTAKBANK,EQ-INDEX-04,2000,2000,2026-08-12,CUSTODIAN,TRAIN
5512,TRD105511,RELIANCE,EQ-CORE-02,200,200,2026-08-10,CUSTODIAN,TRAIN
5513,TRD105512,BHARTIARTL,EQ-CORE-02,750,750,2026-08-21,CUSTODIAN,TRAIN
5514,TRD105513,HDFCBANK,EQ-CORE-01,2000,2000,2026-08-10,CUSTODIAN,TRAIN
5515,TRD105514,RELIANCE,EQ-ALPHA-03,2000,2000,2026-08-08,CUSTODIAN,TRAIN
5516,TRD105515,HINDUNILVR,EQ-INDEX-04,2000,2000,2026-08-20,CUSTODIAN,TRAIN
5517,TRD105516,HINDUNILVR,EQ-CORE-02,100,100,2026-08-09,CUSTODIAN,TRAIN
5518,TRD105517,HDFCBANK,EQ-ALPHA-03,1000,1000,2026-08-05,CUSTODIAN,TRAIN
5519,TRD105518,TATASTEEL,EQ-CORE-02,2000,2000,2026-08-04,CUSTODIAN,TRAIN
5520,TRD105519,RELIANCE,EQ-ALPHA-03,1000,1000,2026-08-18,CUSTODIAN,TRAIN
5521,TRD105520,SBIN,EQ-ALPHA-03,500,500,2026-08-11,CUSTODIAN,TEST
5522,TRD105521,BHARTIARTL,EQ-CORE-01,100,100,2026-08-19,CUSTODIAN,TRAIN
5523,TRD105522,TATASTEEL,EQ-CORE-01,2000,2000,2026-08-08,CUSTODIAN,TRAIN
5524,TRD105523,RELIANCE,EQ-CORE-02,500,500,2026-08-10,CUSTODIAN,TRAIN
5525,TRD105524,SBIN,EQ-INDEX-04,500,500,2026-08-18,CUSTODIAN,TRAIN
5526,TRD105525,AXISBANK,EQ-INDEX-04,2000,2000,2026-08-16,CUSTODIAN,TRAIN
5527,TRD105526,BHARTIARTL,EQ-CORE-01,100,100,2026-08-10,CUSTODIAN,TRAIN
5528,TRD105527,HINDUNILVR,EQ-CORE-01,500,500,2026-08-16,CUSTODIAN,TRAIN
5529,TRD105528,WIPRO,EQ-ALPHA-03,200,200,2026-08-17,CUSTODIAN,TRAIN
5530,TRD105529,BHARTIARTL,EQ-CORE-02,2000,2000,2026-08-22,CUSTODIAN,TRAIN
5531,TRD105530,BHARTIARTL,EQ-INDEX-04,250,250,2026-08-13,CUSTODIAN,TRAIN
5532,TRD105531,MARUTI,EQ-INDEX-04,100,100,2026-08-10,CUSTODIAN,TRAIN
5533,TRD105532,TCS,EQ-INDEX-04,250,250,2026-08-19,CUSTODIAN,TEST
5534,TRD105533,TCS,EQ-CORE-02,750,750,2026-08-18,CUSTODIAN,TRAIN
5535,TRD105534,ICICIBANK,EQ-INDEX-04,200,200,2026-08-21,CUSTODIAN,TRAIN
5536,TRD105535,BHARTIARTL,EQ-CORE-01,500,500,2026-08-20,CUSTODIAN,TRAIN
5537,TRD105536,INFY,EQ-CORE-02,500,500,2026-08-20,CUSTODIAN,TEST
5538,TRD105537,SBIN,EQ-CORE-02,100,100,2026-08-05,CUSTODIAN,TRAIN
5539,TRD105538,ICICIBANK,EQ-INDEX-04,750,750,2026-08-11,CUSTODIAN,TRAIN
5540,TRD105539,TATASTEEL,EQ-INDEX-04,2000,2000,2026-08-10,CUSTODIAN,TRAIN
5541,TRD105540,BHARTIARTL,EQ-CORE-02,100,100,2026-08-15,CUSTODIAN,TRAIN
5542,TRD105541,TATASTEEL,EQ-INDEX-04,200,200,2026-08-11,CUSTODIAN,TRAIN
5543,TRD105542,ITC,EQ-INDEX-04,2000,2000,2026-08-14,CUSTODIAN,TRAIN
5544,TRD105543,BHARTIARTL,EQ-CORE-01,1500,1500,2026-08-18,CUSTODIAN,TEST
5545,TRD105544,INFY,EQ-CORE-02,100,100,2026-08-12,CUSTODIAN,TRAIN
5546,TRD105545,ICICIBANK,EQ-INDEX-04,1000,1000,2026-08-07,CUSTODIAN,TRAIN
5547,TRD105546,RELIANCE,EQ-INDEX-04,750,750,2026-08-20,CUSTODIAN,TRAIN
5548,TRD105547,AXISBANK,EQ-ALPHA-03,2000,2000,2026-08-16,CUSTODIAN,TRAIN
5549,TRD105548,INFY,EQ-ALPHA-03,250,250,2026-08-04,CUSTODIAN,TRAIN
5550,TRD105549,BHARTIARTL,EQ-CORE-02,250,250,2026-08-19,CUSTODIAN,TEST
5551,TRD105550,HINDUNILVR,EQ-CORE-02,750,750,2026-08-14,CUSTODIAN,TRAIN
5552,TRD105551,BHARTIARTL,EQ-CORE-02,1500,1500,2026-08-03,CUSTODIAN,TRAIN
5553,TRD105552,ICICIBANK,EQ-CORE-02,500,500,2026-08-04,CUSTODIAN,TRAIN
5554,TRD105553,HDFCBANK,EQ-ALPHA-03,100,100,2026-08-05,CUSTODIAN,TRAIN
5555,TRD105554,BHARTIARTL,EQ-ALPHA-03,1000,1000,2026-08-19,CUSTODIAN,TRAIN
5556,TRD105555,SBIN,EQ-CORE-02,1000,1000,2026-08-11,CUSTODIAN,TRAIN
5557,TRD105556,TCS,EQ-INDEX-04,1000,1000,2026-08-08,CUSTODIAN,TRAIN
5558,TRD105557,SBIN,EQ-ALPHA-03,2000,2000,2026-08-18,CUSTODIAN,TRAIN
5559,TRD105558,TATASTEEL,EQ-INDEX-04,2000,2580,2026-08-19,CUSTODIAN,TRAIN
5560,TRD105559,KOTAKBANK,EQ-INDEX-04,500,500,2026-08-14,CUSTODIAN,TRAIN
5561,TRD105560,KOTAKBANK,EQ-ALPHA-03,500,500,2026-08-19,CUSTODIAN,TRAIN
5562,TRD105561,KOTAKBANK,EQ-CORE-02,750,750,2026-08-22,CUSTODIAN,TRAIN
5563,TRD105562,KOTAKBANK,EQ-CORE-01,1500,4950,2026-08-05,CUSTODIAN,TRAIN
5564,TRD105563,INFY,EQ-INDEX-04,750,750,2026-08-21,CUSTODIAN,TEST
5565,TRD105564,WIPRO,EQ-ALPHA-03,250,250,2026-08-14,CUSTODIAN,TRAIN
5566,TRD105565,BHARTIARTL,EQ-INDEX-04,1000,1000,2026-08-17,CUSTODIAN,TEST
5567,TRD105566,BHARTIARTL,EQ-CORE-01,2000,2000,2026-08-21,CUSTODIAN,TRAIN
5568,TRD105567,INFY,EQ-ALPHA-03,2000,2000,2026-08-21,CUSTODIAN,TRAIN
5569,TRD105568,MARUTI,EQ-CORE-01,100,100,2026-08-16,CUSTODIAN,TRAIN
5570,TRD105569,TCS,EQ-ALPHA-03,1000,1000,2026-08-20,CUSTODIAN,TEST
5571,TRD105570,WIPRO,EQ-ALPHA-03,1500,1500,2026-08-11,CUSTODIAN,TRAIN
5572,TRD105571,WIPRO,EQ-ALPHA-03,250,250,2026-08-05,CUSTODIAN,TRAIN
5573,TRD105572,BHARTIARTL,EQ-CORE-02,500,500,2026-08-09,CUSTODIAN,TRAIN
5574,TRD105573,RELIANCE,EQ-CORE-02,250,250,2026-08-06,CUSTODIAN,TRAIN
5575,TRD105574,HDFCBANK,EQ-CORE-01,200,0,2026-08-02,MISSING,TRAIN
5576,TRD105575,SBIN,EQ-ALPHA-03,1000,1000,2026-08-21,CUSTODIAN,TRAIN
5577,TRD105576,KOTAKBANK,EQ-ALPHA-03,750,750,2026-08-03,CUSTODIAN,TRAIN
5578,TRD105577,HDFCBANK,EQ-CORE-01,1000,1000,2026-08-10,CUSTODIAN,TEST
5579,TRD105578,WIPRO,EQ-INDEX-04,500,500,2026-08-18,CUSTODIAN,TRAIN
5580,TRD105579,INFY,EQ-CORE-01,750,750,2026-08-11,CUSTODIAN,TRAIN
5581,TRD105580,TATASTEEL,EQ-CORE-02,100,100,2026-08-05,CUSTODIAN,TEST
5582,TRD105581,KOTAKBANK,EQ-INDEX-04,1000,1000,2026-08-09,CUSTODIAN,TEST
5583,TRD105582,KOTAKBANK,EQ-ALPHA-03,500,500,2026-08-13,CUSTODIAN,TRAIN
5584,TRD105583,BHARTIARTL,EQ-INDEX-04,200,200,2026-08-16,CUSTODIAN,TEST
5585,TRD105584,SBIN,EQ-INDEX-04,1000,1000,2026-08-05,CUSTODIAN,TRAIN
5586,TRD105585,INFY,EQ-CORE-02,1500,2550,2026-08-05,CUSTODIAN,TRAIN
5587,TRD105586,HINDUNILVR,EQ-CORE-01,250,250,2026-08-07,CUSTODIAN,TRAIN
5588,TRD105587,TCS,EQ-CORE-02,1000,1000,2026-08-22,CUSTODIAN,TEST
5589,TRD105588,MARUTI,EQ-INDEX-04,500,500,2026-08-20,CUSTODIAN,TRAIN
5590,TRD105589,ITC,EQ-INDEX-04,1000,1000,2026-08-11,CUSTODIAN,TEST
5591,TRD105590,HDFCBANK,EQ-CORE-01,200,200,2026-08-21,CUSTODIAN,TEST
5592,TRD105591,ITC,EQ-INDEX-04,200,200,2026-08-05,CUSTODIAN,TEST
5593,TRD105592,AXISBANK,EQ-INDEX-04,500,0,2026-08-13,MISSING,TRAIN
5594,TRD105593,ICICIBANK,EQ-CORE-02,250,250,2026-08-04,CUSTODIAN,TRAIN
5595,TRD105594,RELIANCE,EQ-CORE-01,1500,1500,2026-08-12,CUSTODIAN,TRAIN
5596,TRD105595,RELIANCE,EQ-ALPHA-03,750,750,2026-08-09,CUSTODIAN,TRAIN
5597,TRD105596,BHARTIARTL,EQ-INDEX-04,750,750,2026-08-08,CUSTODIAN,TEST
5598,TRD105597,ICICIBANK,EQ-CORE-01,250,322,2026-08-02,CUSTODIAN,TRAIN
5599,TRD105598,KOTAKBANK,EQ-CORE-02,250,250,2026-08-16,CUSTODIAN,TRAIN
5600,TRD105599,INFY,EQ-INDEX-04,2000,2000,2026-08-22,CUSTODIAN,TRAIN
5601,TRD105600,KOTAKBANK,EQ-CORE-02,2000,2000,2026-08-21,CUSTODIAN,TRAIN
5602,TRD105601,HDFCBANK,EQ-CORE-01,100,100,2026-08-20,CUSTODIAN,TRAIN
5603,TRD105602,HDFCBANK,EQ-INDEX-04,250,250,2026-08-15,CUSTODIAN,TEST
5604,TRD105603,TATASTEEL,EQ-INDEX-04,1000,1000,2026-08-13,CUSTODIAN,TRAIN
5605,TRD105604,ITC,EQ-CORE-01,250,250,2026-08-11,CUSTODIAN,TRAIN
5606,TRD105605,ICICIBANK,EQ-CORE-02,750,750,2026-08-22,CUSTODIAN,TRAIN
5607,TRD105606,WIPRO,EQ-INDEX-04,750,750,2026-08-14,CUSTODIAN,TRAIN
5608,TRD105607,MARUTI,EQ-CORE-02,200,200,2026-08-15,CUSTODIAN,TRAIN
5609,TRD105608,TCS,EQ-CORE-01,2000,2000,2026-08-08,CUSTODIAN,TRAIN
5610,TRD105609,TCS,EQ-ALPHA-03,2000,0,2026-08-14,MISSING,TRAIN
5611,TRD105610,SBIN,EQ-CORE-02,1500,1500,2026-08-22,CUSTODIAN,TRAIN
5612,TRD105611,WIPRO,EQ-ALPHA-03,1000,1000,2026-08-20,CUSTODIAN,TRAIN
5613,TRD105612,KOTAKBANK,EQ-CORE-02,250,250,2026-08-20,CUSTODIAN,TRAIN
5614,TRD105613,SBIN,EQ-INDEX-04,200,200,2026-08-12,CUSTODIAN,TEST
5615,TRD105614,MARUTI,EQ-INDEX-04,500,500,2026-08-06,CUSTODIAN,TRAIN
5616,TRD105615,BHARTIARTL,EQ-INDEX-04,100,100,2026-08-11,CUSTODIAN,TRAIN
5617,TRD105616,HDFCBANK,EQ-CORE-01,100,78,2026-08-17,CUSTODIAN,TRAIN
5618,TRD105617,HINDUNILVR,EQ-CORE-02,2000,2000,2026-08-20,CUSTODIAN,TRAIN
5619,TRD105618,RELIANCE,EQ-CORE-02,500,500,2026-08-06,CUSTODIAN,TRAIN
5620,TRD105619,INFY,EQ-INDEX-04,1000,1000,2026-08-11,CUSTODIAN,TRAIN
5621,TRD105620,LT,EQ-ALPHA-03,750,750,2026-08-15,CUSTODIAN,TEST
5622,TRD105621,AXISBANK,EQ-CORE-02,100,100,2026-08-16,CUSTODIAN,TRAIN
5623,TRD105622,HINDUNILVR,EQ-CORE-01,2000,2000,2026-08-21,CUSTODIAN,TRAIN
5624,TRD105623,LT,EQ-INDEX-04,250,250,2026-08-14,CUSTODIAN,TRAIN
5625,TRD105624,AXISBANK,EQ-CORE-01,750,750,2026-08-09,CUSTODIAN,TRAIN
5626,TRD105625,HDFCBANK,EQ-CORE-01,1500,1500,2026-08-13,CUSTODIAN,TEST
5627,TRD105626,SBIN,EQ-CORE-02,250,250,2026-08-22,CUSTODIAN,TRAIN
5628,TRD105627,HINDUNILVR,EQ-CORE-02,250,250,2026-08-20,CUSTODIAN,TRAIN
5629,TRD105628,SBIN,EQ-CORE-02,2000,2000,2026-08-07,CUSTODIAN,TRAIN
5630,TRD105629,WIPRO,EQ-CORE-02,1500,0,2026-08-21,MISSING,TRAIN
5631,TRD105630,RELIANCE,EQ-CORE-02,750,750,2026-08-08,CUSTODIAN,TRAIN
5632,TRD105631,KOTAKBANK,EQ-INDEX-04,750,750,2026-08-15,CUSTODIAN,TEST
5633,TRD105632,RELIANCE,EQ-INDEX-04,1000,1000,2026-08-11,CUSTODIAN,TRAIN
5634,TRD105633,LT,EQ-CORE-02,100,100,2026-08-18,CUSTODIAN,TRAIN
5635,TRD105634,HINDUNILVR,EQ-ALPHA-03,2000,2000,2026-08-21,CUSTODIAN,TRAIN
5636,TRD105635,AXISBANK,EQ-ALPHA-03,750,750,2026-08-09,CUSTODIAN,TEST
5637,TRD105636,LT,EQ-CORE-01,1500,1500,2026-08-12,CUSTODIAN,TRAIN
5638,TRD105637,KOTAKBANK,EQ-CORE-02,750,750,2026-08-19,CUSTODIAN,TEST
5639,TRD105638,MARUTI,EQ-CORE-01,200,200,2026-08-19,CUSTODIAN,TRAIN
5640,TRD105639,AXISBANK,EQ-CORE-01,500,500,2026-08-15,CUSTODIAN,TRAIN
5641,TRD105640,KOTAKBANK,EQ-CORE-02,500,0,2026-08-17,MISSING,TRAIN
5642,TRD105641,TCS,EQ-INDEX-04,250,250,2026-08-02,CUSTODIAN,TRAIN
5643,TRD105642,TCS,EQ-CORE-02,1000,1000,2026-08-02,CUSTODIAN,TRAIN
5644,TRD105643,AXISBANK,EQ-CORE-02,200,200,2026-08-08,CUSTODIAN,TRAIN
5645,TRD105644,MARUTI,EQ-CORE-01,1500,1500,2026-08-08,CUSTODIAN,TRAIN
5646,TRD105645,HINDUNILVR,EQ-CORE-02,100,100,2026-08-07,CUSTODIAN,TRAIN
5647,TRD105646,RELIANCE,EQ-INDEX-04,250,250,2026-08-19,CUSTODIAN,TRAIN
5648,TRD105647,INFY,EQ-ALPHA-03,100,100,2026-08-08,CUSTODIAN,TEST
5649,TRD105648,TATASTEEL,EQ-ALPHA-03,500,500,2026-08-16,CUSTODIAN,TRAIN
5650,TRD105649,TATASTEEL,EQ-CORE-01,100,100,2026-08-02,CUSTODIAN,TRAIN
5651,TRD105650,ITC,EQ-ALPHA-03,1500,1500,2026-08-08,CUSTODIAN,TRAIN
5652,TRD105651,LT,EQ-INDEX-04,500,500,2026-08-08,CUSTODIAN,TEST
5653,TRD105652,SBIN,EQ-INDEX-04,200,200,2026-08-17,CUSTODIAN,TRAIN
5654,TRD105653,TCS,EQ-INDEX-04,2000,2000,2026-08-03,CUSTODIAN,TEST
5655,TRD105654,INFY,EQ-ALPHA-03,2000,0,2026-08-07,MISSING,TEST
5656,TRD105655,RELIANCE,EQ-CORE-02,500,500,2026-08-18,CUSTODIAN,TRAIN
5657,TRD105656,KOTAKBANK,EQ-CORE-01,200,200,2026-08-09,CUSTODIAN,TRAIN
5658,TRD105657,KOTAKBANK,EQ-CORE-02,100,100,2026-08-22,CUSTODIAN,TEST
5659,TRD105658,ICICIBANK,EQ-ALPHA-03,200,200,2026-08-06,CUSTODIAN,TRAIN
5660,TRD105659,WIPRO,EQ-CORE-01,2000,2000,2026-08-13,CUSTODIAN,TEST
5661,TRD105660,TCS,EQ-ALPHA-03,500,500,2026-08-15,CUSTODIAN,TRAIN
5662,TRD105661,INFY,EQ-CORE-01,500,500,2026-08-15,CUSTODIAN,TRAIN
5663,TRD105662,WIPRO,EQ-CORE-01,200,200,2026-08-18,CUSTODIAN,TEST
5664,TRD105663,TATASTEEL,EQ-CORE-02,2000,2000,2026-08-19,CUSTODIAN,TEST
5665,TRD105664,INFY,EQ-INDEX-04,1000,2800,2026-08-08,CUSTODIAN,TRAIN
5666,TRD105665,HINDUNILVR,EQ-CORE-02,250,425,2026-08-09,CUSTODIAN,TEST
5667,TRD105666,RELIANCE,EQ-CORE-01,750,652,2026-08-12,CUSTODIAN,TRAIN
5668,TRD105667,KOTAKBANK,EQ-ALPHA-03,100,100,2026-08-08,CUSTODIAN,TRAIN
5669,TRD105668,RELIANCE,EQ-CORE-01,1000,1000,2026-08-12,CUSTODIAN,TRAIN
5670,TRD105669,LT,EQ-INDEX-04,1000,1000,2026-08-11,CUSTODIAN,TEST
5671,TRD105670,RELIANCE,EQ-INDEX-04,500,500,2026-08-18,CUSTODIAN,TRAIN
5672,TRD105671,AXISBANK,EQ-CORE-02,2000,2000,2026-08-02,CUSTODIAN,TRAIN
5673,TRD105672,KOTAKBANK,EQ-ALPHA-03,2000,2000,2026-08-12,CUSTODIAN,TRAIN
5674,TRD105673,SBIN,EQ-INDEX-04,1000,1000,2026-08-02,CUSTODIAN,TRAIN
5675,TRD105674,ITC,EQ-CORE-02,250,250,2026-08-21,CUSTODIAN,TRAIN
5676,TRD105675,LT,EQ-CORE-02,250,250,2026-08-05,CUSTODIAN,TRAIN
5677,TRD105676,RELIANCE,EQ-CORE-02,1000,1000,2026-08-08,CUSTODIAN,TRAIN
5678,TRD105677,RELIANCE,EQ-CORE-01,1500,1500,2026-08-14,CUSTODIAN,TRAIN
5679,TRD105678,TATASTEEL,EQ-CORE-01,100,100,2026-08-07,CUSTODIAN,TEST
5680,TRD105679,SBIN,EQ-ALPHA-03,200,200,2026-08-17,CUSTODIAN,TRAIN
5681,TRD105680,HINDUNILVR,EQ-INDEX-04,200,200,2026-08-16,CUSTODIAN,TRAIN
5682,TRD105681,LT,EQ-INDEX-04,1000,1000,2026-08-16,CUSTODIAN,TRAIN
5683,TRD105682,HDFCBANK,EQ-INDEX-04,200,200,2026-08-10,CUSTODIAN,TEST
5684,TRD105683,ICICIBANK,EQ-CORE-01,750,750,2026-08-04,CUSTODIAN,TRAIN
5685,TRD105684,TATASTEEL,EQ-INDEX-04,200,200,2026-08-10,CUSTODIAN,TRAIN
5686,TRD105685,HINDUNILVR,EQ-ALPHA-03,1500,1500,2026-08-15,CUSTODIAN,TRAIN
5687,TRD105686,ICICIBANK,EQ-CORE-01,1500,1500,2026-08-05,CUSTODIAN,TEST
5688,TRD105687,HINDUNILVR,EQ-CORE-01,200,200,2026-08-11,CUSTODIAN,TRAIN
5689,TRD105688,MARUTI,EQ-CORE-02,2000,2000,2026-08-03,CUSTODIAN,TRAIN
5690,TRD105689,LT,EQ-ALPHA-03,100,100,2026-08-13,CUSTODIAN,TRAIN
5691,TRD105690,LT,EQ-CORE-02,250,250,2026-08-06,CUSTODIAN,TRAIN
5692,TRD105691,RELIANCE,EQ-CORE-02,1000,1000,2026-08-22,CUSTODIAN,TRAIN
5693,TRD105692,LT,EQ-INDEX-04,2000,2000,2026-08-13,CUSTODIAN,TRAIN
5694,TRD105693,ITC,EQ-ALPHA-03,250,250,2026-08-08,CUSTODIAN,TRAIN
5695,TRD105694,TATASTEEL,EQ-CORE-02,100,100,2026-08-11,CUSTODIAN,TRAIN
5696,TRD105695,KOTAKBANK,EQ-ALPHA-03,1500,1500,2026-08-21,CUSTODIAN,TRAIN
5697,TRD105696,ICICIBANK,EQ-CORE-02,750,750,2026-08-16,CUSTODIAN,TRAIN
5698,TRD105697,WIPRO,EQ-CORE-02,1500,1500,2026-08-13,CUSTODIAN,TRAIN
5699,TRD105698,LT,EQ-CORE-02,1500,1500,2026-08-14,CUSTODIAN,TRAIN
5700,TRD105699,HDFCBANK,EQ-ALPHA-03,1000,1000,2026-08-09,CUSTODIAN,TRAIN
5701,TRD105700,BHARTIARTL,EQ-INDEX-04,250,250,2026-08-05,CUSTODIAN,TRAIN
5702,TRD105701,HDFCBANK,EQ-CORE-02,750,750,2026-08-05,CUSTODIAN,TRAIN
5703,TRD105702,SBIN,EQ-ALPHA-03,1500,1500,2026-08-10,CUSTODIAN,TRAIN
5704,TRD105703,MARUTI,EQ-INDEX-04,1500,1500,2026-08-08,CUSTODIAN,TRAIN
5705,TRD105704,TATASTEEL,EQ-ALPHA-03,500,1400,2026-08-16,CUSTODIAN,TEST
5706,TRD105705,ICICIBANK,EQ-ALPHA-03,1000,1000,2026-08-05,CUSTODIAN,TRAIN
5707,TRD105706,ICICIBANK,EQ-CORE-01,750,750,2026-08-04,CUSTODIAN,TRAIN
5708,TRD105707,SBIN,EQ-ALPHA-03,750,750,2026-08-10,CUSTODIAN,TRAIN
5709,TRD105708,KOTAKBANK,EQ-ALPHA-03,750,750,2026-08-04,CUSTODIAN,TRAIN
5710,TRD105709,MARUTI,EQ-ALPHA-03,750,750,2026-08-18,CUSTODIAN,TRAIN
5711,TRD105710,INFY,EQ-INDEX-04,200,200,2026-08-15,CUSTODIAN,TRAIN
5712,TRD105711,TATASTEEL,EQ-INDEX-04,750,750,2026-08-11,CUSTODIAN,TRAIN
5713,TRD105712,ICICIBANK,EQ-INDEX-04,2000,2000,2026-08-12,CUSTODIAN,TEST
5714,TRD105713,HINDUNILVR,EQ-INDEX-04,200,200,2026-08-02,CUSTODIAN,TRAIN
5715,TRD105714,HINDUNILVR,EQ-CORE-02,200,200,2026-08-22,CUSTODIAN,TRAIN
5716,TRD105715,ITC,EQ-ALPHA-03,250,250,2026-08-09,CUSTODIAN,TRAIN
5717,TRD105716,MARUTI,EQ-CORE-01,250,250,2026-08-08,CUSTODIAN,TRAIN
5718,TRD105717,INFY,EQ-INDEX-04,750,750,2026-08-11,CUSTODIAN,TRAIN
5719,TRD105718,INFY,EQ-CORE-01,750,750,2026-08-03,CUSTODIAN,TRAIN
5720,TRD105719,KOTAKBANK,EQ-INDEX-04,1500,1500,2026-08-15,CUSTODIAN,TRAIN
5721,TRD105720,WIPRO,EQ-INDEX-04,100,100,2026-08-21,CUSTODIAN,TRAIN
5722,TRD105721,WIPRO,EQ-CORE-02,2000,1560,2026-08-21,CUSTODIAN,TRAIN
5723,TRD105722,LT,EQ-INDEX-04,2000,2000,2026-08-22,CUSTODIAN,TRAIN
5724,TRD105723,RELIANCE,EQ-CORE-01,1500,3300,2026-08-10,CUSTODIAN,TEST
5725,TRD105724,AXISBANK,EQ-CORE-01,100,100,2026-08-07,CUSTODIAN,TRAIN
5726,TRD105725,WIPRO,EQ-ALPHA-03,500,500,2026-08-03,CUSTODIAN,TRAIN
5727,TRD105726,INFY,EQ-INDEX-04,2000,2000,2026-08-21,CUSTODIAN,TRAIN
5728,TRD105727,KOTAKBANK,EQ-INDEX-04,250,250,2026-08-07,CUSTODIAN,TRAIN
5729,TRD105728,ICICIBANK,EQ-INDEX-04,750,750,2026-08-03,CUSTODIAN,TEST
5730,TRD105729,AXISBANK,EQ-CORE-01,2000,2000,2026-08-10,CUSTODIAN,TRAIN
5731,TRD105730,KOTAKBANK,EQ-CORE-02,200,200,2026-08-10,CUSTODIAN,TRAIN
5732,TRD105731,BHARTIARTL,EQ-CORE-02,100,100,2026-08-09,CUSTODIAN,TRAIN
5733,TRD105732,WIPRO,EQ-ALPHA-03,1500,1500,2026-08-13,CUSTODIAN,TRAIN
5734,TRD105733,LT,EQ-INDEX-04,1000,1000,2026-08-21,CUSTODIAN,TRAIN
5735,TRD105734,KOTAKBANK,EQ-CORE-02,2000,2000,2026-08-08,CUSTODIAN,TRAIN
5736,TRD105735,RELIANCE,EQ-INDEX-04,1000,1000,2026-08-17,CUSTODIAN,TRAIN
5737,TRD105736,BHARTIARTL,EQ-CORE-01,2000,2000,2026-08-17,CUSTODIAN,TRAIN
5738,TRD105737,SBIN,EQ-ALPHA-03,500,500,2026-08-19,CUSTODIAN,TRAIN
5739,TRD105738,HINDUNILVR,EQ-CORE-01,750,750,2026-08-09,CUSTODIAN,TRAIN
5740,TRD105739,SBIN,EQ-ALPHA-03,1500,1500,2026-08-06,CUSTODIAN,TRAIN
5741,TRD105740,AXISBANK,EQ-INDEX-04,1500,1500,2026-08-02,CUSTODIAN,TRAIN
5742,TRD105741,SBIN,EQ-INDEX-04,750,750,2026-08-14,CUSTODIAN,TRAIN
5743,TRD105742,MARUTI,EQ-CORE-01,200,200,2026-08-04,CUSTODIAN,TRAIN
5744,TRD105743,INFY,EQ-ALPHA-03,1500,1500,2026-08-06,CUSTODIAN,TRAIN
5745,TRD105744,TATASTEEL,EQ-ALPHA-03,200,0,2026-08-06,MISSING,TRAIN
5746,TRD105745,RELIANCE,EQ-CORE-02,1000,1000,2026-08-21,CUSTODIAN,TRAIN
5747,TRD105746,BHARTIARTL,EQ-CORE-02,1000,1000,2026-08-07,CUSTODIAN,TRAIN
5748,TRD105747,HINDUNILVR,EQ-CORE-01,2000,2000,2026-08-20,CUSTODIAN,TRAIN
5749,TRD105748,WIPRO,EQ-INDEX-04,1500,1500,2026-08-13,CUSTODIAN,TRAIN
5750,TRD105749,ITC,EQ-CORE-02,750,750,2026-08-13,CUSTODIAN,TRAIN
5751,TRD105750,TCS,EQ-ALPHA-03,250,250,2026-08-12,CUSTODIAN,TRAIN
5752,TRD105751,ITC,EQ-CORE-02,100,100,2026-08-17,CUSTODIAN,TRAIN
5753,TRD105752,MARUTI,EQ-ALPHA-03,2000,2000,2026-08-22,CUSTODIAN,TEST
5754,TRD105753,SBIN,EQ-INDEX-04,250,250,2026-08-21,CUSTODIAN,TRAIN
5755,TRD105754,KOTAKBANK,EQ-ALPHA-03,100,100,2026-08-09,CUSTODIAN,TEST
5756,TRD105755,RELIANCE,EQ-CORE-01,2000,2000,2026-08-19,CUSTODIAN,TEST
5757,TRD105756,AXISBANK,EQ-INDEX-04,200,200,2026-08-11,CUSTODIAN,TRAIN
5758,TRD105757,ITC,EQ-CORE-01,1000,1000,2026-08-19,CUSTODIAN,TRAIN
5759,TRD105758,KOTAKBANK,EQ-CORE-02,2000,4600,2026-08-09,CUSTODIAN,TRAIN
5760,TRD105759,BHARTIARTL,EQ-CORE-02,200,200,2026-08-15,CUSTODIAN,TRAIN
5761,TRD105760,ICICIBANK,EQ-INDEX-04,100,100,2026-08-06,CUSTODIAN,TRAIN
5762,TRD105761,HDFCBANK,EQ-INDEX-04,750,750,2026-08-04,CUSTODIAN,TRAIN
5763,TRD105762,HDFCBANK,EQ-INDEX-04,2000,2000,2026-08-07,CUSTODIAN,TEST
5764,TRD105763,AXISBANK,EQ-ALPHA-03,500,500,2026-08-18,CUSTODIAN,TRAIN
5765,TRD105764,WIPRO,EQ-CORE-02,200,200,2026-08-14,CUSTODIAN,TRAIN
5766,TRD105765,MARUTI,EQ-ALPHA-03,500,500,2026-08-13,CUSTODIAN,TEST
5767,TRD105766,LT,EQ-CORE-01,750,750,2026-08-22,CUSTODIAN,TRAIN
5768,TRD105767,KOTAKBANK,EQ-CORE-02,100,100,2026-08-08,CUSTODIAN,TRAIN
5769,TRD105768,TATASTEEL,EQ-CORE-02,100,100,2026-08-04,CUSTODIAN,TRAIN
5770,TRD105769,ITC,EQ-INDEX-04,1500,1500,2026-08-16,CUSTODIAN,TRAIN
5771,TRD105770,MARUTI,EQ-ALPHA-03,1500,1500,2026-08-16,CUSTODIAN,TRAIN
5772,TRD105771,SBIN,EQ-ALPHA-03,750,750,2026-08-03,CUSTODIAN,TRAIN
5773,TRD105772,AXISBANK,EQ-ALPHA-03,1000,1240,2026-08-10,CUSTODIAN,TRAIN
5774,TRD105773,TCS,EQ-ALPHA-03,100,100,2026-08-21,CUSTODIAN,TRAIN
5775,TRD105774,HDFCBANK,EQ-CORE-02,500,500,2026-08-19,CUSTODIAN,TRAIN
5776,TRD105775,WIPRO,EQ-ALPHA-03,500,500,2026-08-04,CUSTODIAN,TRAIN
5777,TRD105776,ICICIBANK,EQ-CORE-01,1000,1000,2026-08-02,CUSTODIAN,TEST
5778,TRD105777,BHARTIARTL,EQ-CORE-01,750,750,2026-08-06,CUSTODIAN,TRAIN
5779,TRD105778,ITC,EQ-CORE-01,750,750,2026-08-12,CUSTODIAN,TEST
5780,TRD105779,ICICIBANK,EQ-ALPHA-03,2000,2000,2026-08-05,CUSTODIAN,TRAIN
5781,TRD105780,WIPRO,EQ-INDEX-04,750,750,2026-08-16,CUSTODIAN,TRAIN
5782,TRD105781,RELIANCE,EQ-ALPHA-03,250,250,2026-08-03,CUSTODIAN,TEST
5783,TRD105782,TATASTEEL,EQ-CORE-02,250,250,2026-08-04,CUSTODIAN,TRAIN
5784,TRD105783,LT,EQ-ALPHA-03,500,500,2026-08-05,CUSTODIAN,TRAIN
5785,TRD105784,LT,EQ-CORE-01,750,750,2026-08-19,CUSTODIAN,TRAIN
5786,TRD105785,MARUTI,EQ-ALPHA-03,1000,1000,2026-08-14,CUSTODIAN,TRAIN
5787,TRD105786,WIPRO,EQ-ALPHA-03,750,750,2026-08-14,CUSTODIAN,TRAIN
5788,TRD105787,BHARTIARTL,EQ-CORE-01,750,750,2026-08-06,CUSTODIAN,TRAIN
5789,TRD105788,ICICIBANK,EQ-CORE-02,200,200,2026-08-07,CUSTODIAN,TRAIN
5790,TRD105789,ITC,EQ-CORE-01,1000,1000,2026-08-17,CUSTODIAN,TRAIN
5791,TRD105790,HINDUNILVR,EQ-CORE-01,2000,2000,2026-08-13,CUSTODIAN,TRAIN
5792,TRD105791,BHARTIARTL,EQ-CORE-02,2000,2000,2026-08-21,CUSTODIAN,TRAIN
5793,TRD105792,ITC,EQ-CORE-02,250,250,2026-08-12,CUSTODIAN,TRAIN
5794,TRD105793,RELIANCE,EQ-CORE-01,750,750,2026-08-16,CUSTODIAN,TRAIN
5795,TRD105794,HDFCBANK,EQ-CORE-02,750,750,2026-08-15,CUSTODIAN,TEST
5796,TRD105795,BHARTIARTL,EQ-INDEX-04,200,200,2026-08-11,CUSTODIAN,TRAIN
5797,TRD105796,HINDUNILVR,EQ-INDEX-04,200,200,2026-08-10,CUSTODIAN,TEST
5798,TRD105797,MARUTI,EQ-CORE-02,250,250,2026-08-11,CUSTODIAN,TEST
5799,TRD105798,MARUTI,EQ-ALPHA-03,250,250,2026-08-14,CUSTODIAN,TRAIN
5800,TRD105799,SBIN,EQ-CORE-01,100,100,2026-08-14,CUSTODIAN,TRAIN
5801,TRD105800,SBIN,EQ-INDEX-04,2000,2000,2026-08-12,CUSTODIAN,TRAIN
5802,TRD105801,TCS,EQ-CORE-01,1500,1500,2026-08-20,CUSTODIAN,TEST
5803,TRD105802,BHARTIARTL,EQ-CORE-01,500,500,2026-08-16,CUSTODIAN,TEST
5804,TRD105803,AXISBANK,EQ-CORE-01,1000,1000,2026-08-16,CUSTODIAN,TRAIN
5805,TRD105804,HDFCBANK,EQ-CORE-02,1000,0,2026-08-08,MISSING,TRAIN
5806,TRD105805,TATASTEEL,EQ-ALPHA-03,1000,1000,2026-08-18,CUSTODIAN,TRAIN
5807,TRD105806,AXISBANK,EQ-CORE-02,1500,1500,2026-08-06,CUSTODIAN,TRAIN
5808,TRD105807,TATASTEEL,EQ-INDEX-04,2000,2000,2026-08-11,CUSTODIAN,TRAIN
5809,TRD105808,LT,EQ-INDEX-04,750,750,2026-08-20,CUSTODIAN,TRAIN
5810,TRD105809,TCS,EQ-CORE-02,1500,1500,2026-08-03,CUSTODIAN,TRAIN
5811,TRD105810,KOTAKBANK,EQ-CORE-02,100,100,2026-08-08,CUSTODIAN,TRAIN
5812,TRD105811,HINDUNILVR,EQ-ALPHA-03,1000,1000,2026-08-04,CUSTODIAN,TRAIN
5813,TRD105812,HDFCBANK,EQ-ALPHA-03,100,100,2026-08-06,CUSTODIAN,TRAIN
5814,TRD105813,AXISBANK,EQ-CORE-01,100,100,2026-08-14,CUSTODIAN,TRAIN
5815,TRD105814,AXISBANK,EQ-ALPHA-03,1500,1500,2026-08-22,CUSTODIAN,TRAIN
5816,TRD105815,HDFCBANK,EQ-CORE-02,1500,1500,2026-08-06,CUSTODIAN,TRAIN
5817,TRD105816,BHARTIARTL,EQ-ALPHA-03,500,500,2026-08-17,CUSTODIAN,TRAIN
5818,TRD105817,ITC,EQ-ALPHA-03,1000,1000,2026-08-11,CUSTODIAN,TRAIN
5819,TRD105818,RELIANCE,EQ-CORE-02,750,750,2026-08-03,CUSTODIAN,TRAIN
5820,TRD105819,HDFCBANK,EQ-CORE-02,100,100,2026-08-06,CUSTODIAN,TRAIN
5821,TRD105820,ICICIBANK,EQ-CORE-02,1500,1500,2026-08-12,CUSTODIAN,TRAIN
5822,TRD105821,MARUTI,EQ-CORE-02,1500,1500,2026-08-19,CUSTODIAN,TRAIN
5823,TRD105822,HDFCBANK,EQ-ALPHA-03,100,100,2026-08-15,CUSTODIAN,TRAIN
5824,TRD105823,INFY,EQ-CORE-01,200,200,2026-08-08,CUSTODIAN,TRAIN
5825,TRD105824,TCS,EQ-INDEX-04,250,250,2026-08-04,CUSTODIAN,TRAIN
5826,TRD105825,HINDUNILVR,EQ-INDEX-04,500,500,2026-08-15,CUSTODIAN,TRAIN
5827,TRD105826,BHARTIARTL,EQ-CORE-02,750,750,2026-08-18,CUSTODIAN,TRAIN
5828,TRD105827,BHARTIARTL,EQ-CORE-01,1000,1000,2026-08-10,CUSTODIAN,TRAIN
5829,TRD105828,HDFCBANK,EQ-ALPHA-03,2000,0,2026-08-07,MISSING,TRAIN
5830,TRD105829,MARUTI,EQ-CORE-02,500,500,2026-08-08,CUSTODIAN,TRAIN
5831,TRD105830,KOTAKBANK,EQ-ALPHA-03,500,500,2026-08-10,CUSTODIAN,TEST
5832,TRD105831,MARUTI,EQ-INDEX-04,2000,2000,2026-08-12,CUSTODIAN,TEST
5833,TRD105832,AXISBANK,EQ-ALPHA-03,1000,1000,2026-08-09,CUSTODIAN,TEST
5834,TRD105833,LT,EQ-CORE-02,2000,2000,2026-08-16,CUSTODIAN,TRAIN
5835,TRD105834,SBIN,EQ-CORE-01,250,300,2026-08-21,CUSTODIAN,TEST
5836,TRD105835,INFY,EQ-CORE-01,500,390,2026-08-07,CUSTODIAN,TEST
5837,TRD105836,TCS,EQ-INDEX-04,750,750,2026-08-16,CUSTODIAN,TRAIN
5838,TRD105837,AXISBANK,EQ-ALPHA-03,200,200,2026-08-04,CUSTODIAN,TEST
5839,TRD105838,BHARTIARTL,EQ-INDEX-04,1000,1000,2026-08-07,CUSTODIAN,TRAIN
5840,TRD105839,MARUTI,EQ-CORE-01,1000,1000,2026-08-20,CUSTODIAN,TRAIN
5841,TRD105840,AXISBANK,EQ-ALPHA-03,750,750,2026-08-10,CUSTODIAN,TRAIN
5842,TRD105841,KOTAKBANK,EQ-INDEX-04,750,750,2026-08-12,CUSTODIAN,TRAIN
5843,TRD105842,MARUTI,EQ-INDEX-04,1500,1500,2026-08-09,CUSTODIAN,TRAIN
5844,TRD105843,KOTAKBANK,EQ-CORE-01,1000,1000,2026-08-03,CUSTODIAN,TRAIN
5845,TRD105844,AXISBANK,EQ-CORE-02,1000,1000,2026-08-16,CUSTODIAN,TRAIN
5846,TRD105845,HDFCBANK,EQ-INDEX-04,1000,1000,2026-08-20,CUSTODIAN,TRAIN
5847,TRD105846,TATASTEEL,EQ-CORE-02,200,200,2026-08-11,CUSTODIAN,TEST
5848,TRD105847,RELIANCE,EQ-CORE-02,1500,1500,2026-08-19,CUSTODIAN,TEST
5849,TRD105848,RELIANCE,EQ-CORE-01,2000,2000,2026-08-16,CUSTODIAN,TRAIN
5850,TRD105849,RELIANCE,EQ-CORE-01,500,500,2026-08-08,CUSTODIAN,TRAIN
5851,TRD105850,INFY,EQ-INDEX-04,100,100,2026-08-20,CUSTODIAN,TEST
5852,TRD105851,MARUTI,EQ-CORE-02,2000,2000,2026-08-09,CUSTODIAN,TRAIN
5853,TRD105852,HDFCBANK,EQ-CORE-02,2000,2000,2026-08-10,CUSTODIAN,TEST
5854,TRD105853,SBIN,EQ-CORE-01,1500,1500,2026-08-16,CUSTODIAN,TRAIN
5855,TRD105854,SBIN,EQ-ALPHA-03,1500,1500,2026-08-12,CUSTODIAN,TEST
5856,TRD105855,AXISBANK,EQ-ALPHA-03,1500,1500,2026-08-03,CUSTODIAN,TRAIN
5857,TRD105856,MARUTI,EQ-INDEX-04,2000,2000,2026-08-09,CUSTODIAN,TRAIN
5858,TRD105857,WIPRO,EQ-INDEX-04,100,100,2026-08-12,CUSTODIAN,TRAIN
5859,TRD105858,WIPRO,EQ-INDEX-04,500,500,2026-08-03,CUSTODIAN,TRAIN
5860,TRD105859,RELIANCE,EQ-CORE-02,250,250,2026-08-05,CUSTODIAN,TRAIN
5861,TRD105860,MARUTI,EQ-CORE-01,1500,1500,2026-08-10,CUSTODIAN,TRAIN
5862,TRD105861,AXISBANK,EQ-CORE-01,1000,1000,2026-08-11,CUSTODIAN,TRAIN
5863,TRD105862,BHARTIARTL,EQ-CORE-01,200,200,2026-08-21,CUSTODIAN,TEST
5864,TRD105863,RELIANCE,EQ-INDEX-04,200,200,2026-08-04,CUSTODIAN,TEST
5865,TRD105864,LT,EQ-CORE-02,1000,1000,2026-08-16,CUSTODIAN,TRAIN
5866,TRD105865,WIPRO,EQ-CORE-02,2000,2000,2026-08-14,CUSTODIAN,TRAIN
5867,TRD105866,LT,EQ-ALPHA-03,750,750,2026-08-05,CUSTODIAN,TRAIN
5868,TRD105867,ITC,EQ-CORE-02,200,660,2026-08-06,CUSTODIAN,TRAIN
5869,TRD105868,SBIN,EQ-ALPHA-03,750,750,2026-08-19,CUSTODIAN,TRAIN
5870,TRD105869,SBIN,EQ-CORE-01,200,200,2026-08-20,CUSTODIAN,TRAIN
5871,TRD105870,HINDUNILVR,EQ-ALPHA-03,1000,1000,2026-08-02,CUSTODIAN,TRAIN
5872,TRD105871,KOTAKBANK,EQ-INDEX-04,750,750,2026-08-07,CUSTODIAN,TRAIN
5873,TRD105872,WIPRO,EQ-INDEX-04,500,500,2026-08-06,CUSTODIAN,TRAIN
5874,TRD105873,ITC,EQ-INDEX-04,1500,1500,2026-08-03,CUSTODIAN,TRAIN
5875,TRD105874,MARUTI,EQ-ALPHA-03,1000,1000,2026-08-04,CUSTODIAN,TRAIN
5876,TRD105875,KOTAKBANK,EQ-CORE-02,500,500,2026-08-17,CUSTODIAN,TRAIN
5877,TRD105876,ICICIBANK,EQ-CORE-01,750,750,2026-08-22,CUSTODIAN,TRAIN
5878,TRD105877,LT,EQ-CORE-02,500,500,2026-08-07,CUSTODIAN,TRAIN
5879,TRD105878,WIPRO,EQ-CORE-02,100,100,2026-08-14,CUSTODIAN,TRAIN
5880,TRD105879,ITC,EQ-CORE-01,200,200,2026-08-11,CUSTODIAN,TEST
5881,TRD105880,TCS,EQ-INDEX-04,500,500,2026-08-05,CUSTODIAN,TRAIN
5882,TRD105881,RELIANCE,EQ-INDEX-04,1000,1000,2026-08-16,CUSTODIAN,TRAIN
5883,TRD105882,TCS,EQ-CORE-02,250,250,2026-08-19,CUSTODIAN,TRAIN
5884,TRD105883,MARUTI,EQ-INDEX-04,500,500,2026-08-06,CUSTODIAN,TRAIN
5885,TRD105884,HINDUNILVR,EQ-CORE-02,2000,2000,2026-08-13,CUSTODIAN,TRAIN
5886,TRD105885,KOTAKBANK,EQ-INDEX-04,100,100,2026-08-02,CUSTODIAN,TRAIN
5887,TRD105886,LT,EQ-ALPHA-03,2000,1560,2026-08-22,CUSTODIAN,TRAIN
5888,TRD105887,KOTAKBANK,EQ-CORE-01,250,250,2026-08-12,CUSTODIAN,TEST
5889,TRD105888,TATASTEEL,EQ-ALPHA-03,1500,1500,2026-08-15,CUSTODIAN,TRAIN
5890,TRD105889,TCS,EQ-CORE-02,750,2400,2026-08-16,CUSTODIAN,TRAIN
5891,TRD105890,ITC,EQ-CORE-02,750,750,2026-08-11,CUSTODIAN,TEST
5892,TRD105891,INFY,EQ-CORE-01,1500,4950,2026-08-21,CUSTODIAN,TRAIN
5893,TRD105892,MARUTI,EQ-ALPHA-03,1000,1000,2026-08-05,CUSTODIAN,TEST
5894,TRD105893,ITC,EQ-CORE-01,500,500,2026-08-19,CUSTODIAN,TRAIN
5895,TRD105894,ITC,EQ-CORE-01,1500,1500,2026-08-15,CUSTODIAN,TEST
5896,TRD105895,RELIANCE,EQ-CORE-02,1500,1500,2026-08-19,CUSTODIAN,TRAIN
5897,TRD105896,TCS,EQ-CORE-01,500,500,2026-08-12,CUSTODIAN,TRAIN
5898,TRD105897,HINDUNILVR,EQ-CORE-02,2000,2000,2026-08-15,CUSTODIAN,TRAIN
5899,TRD105898,WIPRO,EQ-CORE-02,1000,1000,2026-08-09,CUSTODIAN,TRAIN
5900,TRD105899,ICICIBANK,EQ-CORE-01,1000,1000,2026-08-12,CUSTODIAN,TRAIN
5901,TRD105900,TCS,EQ-INDEX-04,1000,1000,2026-08-12,CUSTODIAN,TEST
5902,TRD105901,BHARTIARTL,EQ-CORE-02,500,500,2026-08-02,CUSTODIAN,TRAIN
5903,TRD105902,ICICIBANK,EQ-INDEX-04,250,250,2026-08-14,CUSTODIAN,TRAIN
5904,TRD105903,WIPRO,EQ-ALPHA-03,1500,1500,2026-08-16,CUSTODIAN,TEST
5905,TRD105904,BHARTIARTL,EQ-INDEX-04,250,250,2026-08-08,CUSTODIAN,TRAIN
5906,TRD105905,HDFCBANK,EQ-INDEX-04,1000,1000,2026-08-10,CUSTODIAN,TRAIN
5907,TRD105906,BHARTIARTL,EQ-CORE-02,200,200,2026-08-08,CUSTODIAN,TRAIN
5908,TRD105907,WIPRO,EQ-CORE-02,750,750,2026-08-07,CUSTODIAN,TRAIN
5909,TRD105908,LT,EQ-ALPHA-03,100,100,2026-08-14,CUSTODIAN,TRAIN
5910,TRD105909,KOTAKBANK,EQ-ALPHA-03,750,750,2026-08-05,CUSTODIAN,TRAIN
5911,TRD105910,SBIN,EQ-CORE-02,1000,0,2026-08-19,MISSING,TRAIN
5912,TRD105911,LT,EQ-CORE-02,500,645,2026-08-02,CUSTODIAN,TRAIN
5913,TRD105912,BHARTIARTL,EQ-CORE-02,500,500,2026-08-07,CUSTODIAN,TEST
5914,TRD105913,ITC,EQ-CORE-01,500,500,2026-08-11,CUSTODIAN,TRAIN
5915,TRD105914,ITC,EQ-INDEX-04,1500,1500,2026-08-05,CUSTODIAN,TRAIN
5916,TRD105915,TCS,EQ-INDEX-04,500,500,2026-08-13,CUSTODIAN,TRAIN
5917,TRD105916,MARUTI,EQ-ALPHA-03,1500,1500,2026-08-12,CUSTODIAN,TRAIN
5918,TRD105917,ICICIBANK,EQ-CORE-02,2000,2000,2026-08-18,CUSTODIAN,TRAIN
5919,TRD105918,RELIANCE,EQ-CORE-02,250,250,2026-08-19,CUSTODIAN,TRAIN
5920,TRD105919,BHARTIARTL,EQ-CORE-02,2000,2000,2026-08-08,CUSTODIAN,TEST
5921,TRD105920,BHARTIARTL,EQ-INDEX-04,500,500,2026-08-19,CUSTODIAN,TRAIN
5922,TRD105921,TCS,EQ-CORE-01,2000,2000,2026-08-14,CUSTODIAN,TRAIN
5923,TRD105922,HDFCBANK,EQ-ALPHA-03,1500,1500,2026-08-03,CUSTODIAN,TEST
5924,TRD105923,ICICIBANK,EQ-ALPHA-03,200,200,2026-08-15,CUSTODIAN,TRAIN
5925,TRD105924,MARUTI,EQ-CORE-01,100,0,2026-08-05,MISSING,TRAIN
5926,TRD105925,BHARTIARTL,EQ-CORE-02,500,500,2026-08-15,CUSTODIAN,TRAIN
5927,TRD105926,SBIN,EQ-ALPHA-03,1000,1000,2026-08-11,CUSTODIAN,TEST
5928,TRD105927,AXISBANK,EQ-CORE-01,1500,1500,2026-08-20,CUSTODIAN,TEST
5929,TRD105928,KOTAKBANK,EQ-CORE-01,100,100,2026-08-18,CUSTODIAN,TRAIN
5930,TRD105929,BHARTIARTL,EQ-INDEX-04,1500,1500,2026-08-03,CUSTODIAN,TEST
5931,TRD105930,ICICIBANK,EQ-INDEX-04,1500,1500,2026-08-22,CUSTODIAN,TRAIN
5932,TRD105931,AXISBANK,EQ-CORE-01,1000,1000,2026-08-22,CUSTODIAN,TEST
5933,TRD105932,TATASTEEL,EQ-CORE-01,250,250,2026-08-10,CUSTODIAN,TEST
5934,TRD105933,BHARTIARTL,EQ-INDEX-04,2000,2000,2026-08-11,CUSTODIAN,TRAIN
5935,TRD105934,MARUTI,EQ-CORE-01,250,250,2026-08-15,CUSTODIAN,TRAIN
5936,TRD105935,TATASTEEL,EQ-CORE-02,750,750,2026-08-08,CUSTODIAN,TRAIN
5937,TRD105936,ICICIBANK,EQ-CORE-01,750,750,2026-08-02,CUSTODIAN,TRAIN
5938,TRD105937,KOTAKBANK,EQ-ALPHA-03,100,100,2026-08-07,CUSTODIAN,TRAIN
5939,TRD105938,INFY,EQ-CORE-01,500,435,2026-08-02,CUSTODIAN,TRAIN
5940,TRD105939,BHARTIARTL,EQ-CORE-02,2000,2000,2026-08-20,CUSTODIAN,TRAIN
5941,TRD105940,KOTAKBANK,EQ-ALPHA-03,500,0,2026-08-17,MISSING,TRAIN
5942,TRD105941,AXISBANK,EQ-CORE-02,1000,1000,2026-08-04,CUSTODIAN,TRAIN
5943,TRD105942,HINDUNILVR,EQ-CORE-01,250,250,2026-08-07,CUSTODIAN,TRAIN
5944,TRD105943,HINDUNILVR,EQ-ALPHA-03,250,250,2026-08-20,CUSTODIAN,TRAIN
5945,TRD105944,TCS,EQ-CORE-01,2000,2000,2026-08-19,CUSTODIAN,TRAIN
5946,TRD105945,BHARTIARTL,EQ-CORE-01,1500,0,2026-08-03,MISSING,TRAIN
5947,TRD105946,WIPRO,EQ-CORE-01,500,500,2026-08-06,CUSTODIAN,TRAIN
5948,TRD105947,TATASTEEL,EQ-CORE-02,750,750,2026-08-09,CUSTODIAN,TRAIN
5949,TRD105948,RELIANCE,EQ-CORE-02,250,250,2026-08-21,CUSTODIAN,TRAIN
5950,TRD105949,LT,EQ-CORE-01,500,500,2026-08-11,CUSTODIAN,TRAIN
5951,TRD105950,ITC,EQ-ALPHA-03,1500,1500,2026-08-08,CUSTODIAN,TRAIN
5952,TRD105951,MARUTI,EQ-CORE-02,1000,1000,2026-08-02,CUSTODIAN,TRAIN
5953,TRD105952,LT,EQ-INDEX-04,1500,1500,2026-08-05,CUSTODIAN,TEST
5954,TRD105953,MARUTI,EQ-ALPHA-03,250,250,2026-08-03,CUSTODIAN,TRAIN
5955,TRD105954,SBIN,EQ-INDEX-04,100,100,2026-08-10,CUSTODIAN,TRAIN
5956,TRD105955,SBIN,EQ-CORE-02,100,100,2026-08-05,CUSTODIAN,TRAIN
5957,TRD105956,ITC,EQ-CORE-01,2000,2000,2026-08-03,CUSTODIAN,TRAIN
5958,TRD105957,ICICIBANK,EQ-CORE-02,750,750,2026-08-20,CUSTODIAN,TRAIN
5959,TRD105958,WIPRO,EQ-CORE-01,200,200,2026-08-17,CUSTODIAN,TRAIN
5960,TRD105959,HDFCBANK,EQ-ALPHA-03,750,750,2026-08-18,CUSTODIAN,TRAIN
5961,TRD105960,SBIN,EQ-ALPHA-03,2000,2000,2026-08-17,CUSTODIAN,TRAIN
5962,TRD105961,BHARTIARTL,EQ-CORE-02,1500,1500,2026-08-16,CUSTODIAN,TRAIN
5963,TRD105962,BHARTIARTL,EQ-CORE-01,100,100,2026-08-17,CUSTODIAN,TRAIN
5964,TRD105963,RELIANCE,EQ-CORE-02,200,540,2026-08-08,CUSTODIAN,TRAIN
5965,TRD105964,SBIN,EQ-ALPHA-03,250,250,2026-08-20,CUSTODIAN,TRAIN
5966,TRD105965,ICICIBANK,EQ-INDEX-04,500,500,2026-08-13,CUSTODIAN,TRAIN
5967,TRD105966,INFY,EQ-INDEX-04,1500,1500,2026-08-12,CUSTODIAN,TRAIN
5968,TRD105967,INFY,EQ-CORE-01,1500,1500,2026-08-11,CUSTODIAN,TRAIN
5969,TRD105968,KOTAKBANK,EQ-CORE-01,200,200,2026-08-14,CUSTODIAN,TRAIN
5970,TRD105969,SBIN,EQ-CORE-01,250,250,2026-08-22,CUSTODIAN,TEST
5971,TRD105970,SBIN,EQ-CORE-02,500,500,2026-08-10,CUSTODIAN,TRAIN
5972,TRD105971,RELIANCE,EQ-ALPHA-03,500,500,2026-08-13,CUSTODIAN,TEST
5973,TRD105972,WIPRO,EQ-ALPHA-03,1500,1500,2026-08-22,CUSTODIAN,TRAIN
5974,TRD105973,INFY,EQ-CORE-01,2000,2000,2026-08-11,CUSTODIAN,TRAIN
5975,TRD105974,TCS,EQ-ALPHA-03,750,750,2026-08-21,CUSTODIAN,TEST
5976,TRD105975,SBIN,EQ-INDEX-04,750,750,2026-08-08,CUSTODIAN,TRAIN
5977,TRD105976,RELIANCE,EQ-INDEX-04,750,750,2026-08-21,CUSTODIAN,TRAIN
5978,TRD105977,LT,EQ-ALPHA-03,200,200,2026-08-13,CUSTODIAN,TRAIN
5979,TRD105978,ITC,EQ-CORE-02,500,500,2026-08-05,CUSTODIAN,TRAIN
5980,TRD105979,RELIANCE,EQ-CORE-01,1000,1000,2026-08-14,CUSTODIAN,TRAIN
5981,TRD105980,LT,EQ-INDEX-04,100,100,2026-08-05,CUSTODIAN,TRAIN
5982,TRD105981,BHARTIARTL,EQ-CORE-02,750,750,2026-08-03,CUSTODIAN,TRAIN
5983,TRD105982,TATASTEEL,EQ-INDEX-04,2000,2000,2026-08-04,CUSTODIAN,TRAIN
5984,TRD105983,BHARTIARTL,EQ-INDEX-04,1000,1000,2026-08-07,CUSTODIAN,TEST
5985,TRD105984,ICICIBANK,EQ-ALPHA-03,200,200,2026-08-10,CUSTODIAN,TRAIN
5986,TRD105985,LT,EQ-INDEX-04,1500,1500,2026-08-05,CUSTODIAN,TRAIN
5987,TRD105986,HINDUNILVR,EQ-CORE-02,2000,2000,2026-08-19,CUSTODIAN,TRAIN
5988,TRD105987,INFY,EQ-ALPHA-03,2000,2000,2026-08-21,CUSTODIAN,TEST
5989,TRD105988,ICICIBANK,EQ-ALPHA-03,200,200,2026-08-14,CUSTODIAN,TRAIN
5990,TRD105989,WIPRO,EQ-ALPHA-03,1000,1000,2026-08-19,CUSTODIAN,TEST
5991,TRD105990,ITC,EQ-INDEX-04,500,1400,2026-08-10,CUSTODIAN,TRAIN
5992,TRD105991,HDFCBANK,EQ-INDEX-04,200,0,2026-08-13,MISSING,TRAIN
5993,TRD105992,RELIANCE,EQ-ALPHA-03,2000,2000,2026-08-15,CUSTODIAN,TRAIN
5994,TRD105993,LT,EQ-CORE-01,200,200,2026-08-11,CUSTODIAN,TRAIN
5995,TRD105994,WIPRO,EQ-INDEX-04,750,1350,2026-08-16,CUSTODIAN,TRAIN
5996,TRD105995,INFY,EQ-INDEX-04,500,500,2026-08-05,CUSTODIAN,TEST
5997,TRD105996,HINDUNILVR,EQ-CORE-02,100,100,2026-08-21,CUSTODIAN,TRAIN
5998,TRD105997,LT,EQ-ALPHA-03,250,250,2026-08-19,CUSTODIAN,TRAIN
5999,TRD105998,INFY,EQ-INDEX-04,2000,2000,2026-08-10,CUSTODIAN,TEST
6000,TRD105999,TATASTEEL,EQ-INDEX-04,1000,1000,2026-08-22,CUSTODIAN,TRAIN
