settlement_id,trade_id,settlement_date,settlement_status,instruction_status,custodian,quantity,amount,ssi_code,split
1,TRD100000,2026-08-10,SETTLED,INSTRUCTED,HDFC-CUST,200,389282.0,SSI-IN-0147,TRAIN
2,TRD100001,2026-08-19,SETTLED,INSTRUCTED,ICICI-CUST,200,122286.0,SSI-IN-0091,TRAIN
3,TRD100002,2026-08-18,SETTLED,INSTRUCTED,MORGANSTANLEY-BROKER,200,568496.0,SSI-US-7742,TEST
4,TRD100003,2026-08-25,PENDING,INSTRUCTED,KOTAK-CUST,1500,912960.0,SSI-IN-0203,TRAIN
5,TRD100004,2026-08-06,SETTLED,INSTRUCTED,HDFC-CUST,1500,914055.0,SSI-IN-0147,TEST
6,TRD100005,2026-08-13,SETTLED,INSTRUCTED,MORGANSTANLEY-BROKER,1500,6156195.0,SSI-US-7742,TEST
7,TRD100006,2026-08-14,SETTLED,INSTRUCTED,ICICI-CUST,2000,1221140.0,SSI-IN-0091,TRAIN
8,TRD100007,2026-08-03,SETTLED,INSTRUCTED,NOMURA-BROKER,500,591330.0,SSI-JP-3389,TRAIN
9,TRD100008,2026-08-14,SETTLED,INSTRUCTED,KOTAK-CUST,500,2067925.0,SSI-IN-0203,TEST
10,TRD100009,2026-08-12,PENDING,INSTRUCTED,NOMURA-BROKER,1000,1887560.0,SSI-JP-3389,TRAIN
11,TRD100010,2026-08-14,SETTLED,INSTRUCTED,KOTAK-CUST,500,1833880.0,SSI-IN-0203,TRAIN
12,TRD100011,2026-08-03,SETTLED,INSTRUCTED,KOTAK-CUST,100,1294483.0,SSI-IN-0203,TRAIN
13,TRD100012,2026-08-20,SETTLED,INSTRUCTED,NOMURA-BROKER,500,2068885.0,SSI-JP-3389,TRAIN
14,TRD100013,2026-08-22,SETTLED,INSTRUCTED,DEUTSCHE-BROKER,2000,3907320.0,SSI-DE-5510,TEST
15,TRD100014,2026-08-19,SETTLED,INSTRUCTED,KOTAK-CUST,500,947465.0,SSI-IN-0203,TRAIN
16,TRD100015,2026-08-06,SETTLED,INSTRUCTED,MORGANSTANLEY-BROKER,500,424905.0,SSI-US-7742,TRAIN
17,TRD100016,2026-08-06,SETTLED,INSTRUCTED,NOMURA-BROKER,100,275551.0,SSI-JP-3389,TEST
18,TRD100017,2026-08-21,SETTLED,INSTRUCTED,DEUTSCHE-BROKER,200,235778.0,SSI-DE-5510,TEST
19,TRD100018,2026-08-19,SETTLED,INSTRUCTED,KOTAK-CUST,200,391850.0,SSI-IN-0203,TRAIN
20,TRD100019,2026-08-02,SETTLED,INSTRUCTED,NOMURA-BROKER,1500,1854840.0,SSI-JP-3389,TRAIN
21,TRD100020,2026-08-11,SETTLED,INSTRUCTED,NOMURA-BROKER,200,738758.0,SSI-JP-3389,TRAIN
22,TRD100021,2026-08-18,SETTLED,INSTRUCTED,ICICI-CUST,250,211482.5,SSI-IN-0091,TRAIN
23,TRD100022,2026-08-11,SETTLED,INSTRUCTED,HDFC-CUST,200,572546.0,SSI-IN-0147,TRAIN
24,TRD100023,2026-08-17,SETTLED,INSTRUCTED,ICICI-CUST,200,34348.0,SSI-IN-0091,TRAIN
25,TRD100024,2026-08-07,FAILED,INCORRECT,KOTAK-CUST,2000,3928880.0,SSI-US-7742,TEST
26,TRD100025,2026-08-14,SETTLED,INSTRUCTED,NOMURA-BROKER,500,86410.0,SSI-JP-3389,TEST
27,TRD100026,2026-08-09,SETTLED,INSTRUCTED,ICICI-CUST,2000,343600.0,SSI-IN-0091,TRAIN
28,TRD100027,2026-08-02,SETTLED,INSTRUCTED,ICICI-CUST,500,590645.0,SSI-IN-0091,TRAIN
29,TRD100028,2026-08-04,SETTLED,INSTRUCTED,MORGANSTANLEY-BROKER,100,413557.0,SSI-US-7742,TEST
30,TRD100029,2026-08-07,SETTLED,INSTRUCTED,NOMURA-BROKER,2000,3900220.0,SSI-JP-3389,TRAIN
31,TRD100030,2026-08-08,SETTLED,INSTRUCTED,ICICI-CUST,2000,5508080.0,SSI-IN-0091,TRAIN
32,TRD100031,2026-08-03,SETTLED,INSTRUCTED,NOMURA-BROKER,1500,1267275.0,SSI-JP-3389,TRAIN
33,TRD100032,2026-08-05,SETTLED,INSTRUCTED,HDFC-CUST,1000,1695480.0,SSI-IN-0147,TRAIN
34,TRD100033,2026-08-07,SETTLED,INSTRUCTED,KOTAK-CUST,2000,7333820.0,SSI-IN-0203,TRAIN
35,TRD100034,2026-08-19,FAILED,INCORRECT,ICICI-CUST,200,2594524.0,SSI-DE-5510,TRAIN
36,TRD100035,2026-08-17,SETTLED,INSTRUCTED,DEUTSCHE-BROKER,500,2053500.0,SSI-DE-5510,TRAIN
37,TRD100036,2026-08-02,SETTLED,INSTRUCTED,DEUTSCHE-BROKER,100,17187.0,SSI-DE-5510,TEST
38,TRD100037,2026-08-19,SETTLED,INSTRUCTED,NOMURA-BROKER,1500,1864860.0,SSI-JP-3389,TEST
39,TRD100038,2026-08-03,SETTLED,INSTRUCTED,MORGANSTANLEY-BROKER,750,1252852.5,SSI-US-7742,TRAIN
40,TRD100039,2026-08-18,SETTLED,INSTRUCTED,MORGANSTANLEY-BROKER,100,285290.0,SSI-US-7742,TRAIN
41,TRD100040,2026-08-04,SETTLED,INSTRUCTED,MORGANSTANLEY-BROKER,200,738616.0,SSI-US-7742,TRAIN
42,TRD100041,2026-08-20,FAILED,INCORRECT,HDFC-CUST,200,339572.0,SSI-DE-5510,TRAIN
43,TRD100042,2026-08-08,SETTLED,INSTRUCTED,NOMURA-BROKER,1000,1697750.0,SSI-JP-3389,TRAIN
44,TRD100043,2026-08-22,SETTLED,INSTRUCTED,KOTAK-CUST,1500,1854330.0,SSI-IN-0203,TRAIN
45,TRD100044,2026-08-21,SETTLED,INSTRUCTED,MORGANSTANLEY-BROKER,200,34320.0,SSI-US-7742,TRAIN
46,TRD100045,2026-08-06,SETTLED,INSTRUCTED,KOTAK-CUST,500,1840185.0,SSI-IN-0203,TEST
47,TRD100046,2026-08-19,SETTLED,INSTRUCTED,NOMURA-BROKER,750,632032.5,SSI-JP-3389,TEST
48,TRD100047,2026-08-05,SETTLED,INSTRUCTED,HDFC-CUST,750,1473105.0,SSI-IN-0147,TRAIN
49,TRD100048,2026-08-06,SETTLED,INSTRUCTED,KOTAK-CUST,200,34574.0,SSI-IN-0203,TRAIN
50,TRD100049,2026-08-22,SETTLED,INSTRUCTED,KOTAK-CUST,1000,608540.0,SSI-IN-0203,TRAIN
51,TRD100050,2026-08-15,PENDING,MISSING,KOTAK-CUST,100,17175.0,,TRAIN
52,TRD100051,2026-08-10,SETTLED,INSTRUCTED,HDFC-CUST,250,211690.0,SSI-IN-0147,TRAIN
53,TRD100052,2026-08-06,SETTLED,INSTRUCTED,MORGANSTANLEY-BROKER,100,366587.0,SSI-US-7742,TRAIN
54,TRD100053,2026-08-03,SETTLED,INSTRUCTED,KOTAK-CUST,250,294855.0,SSI-IN-0203,TRAIN
55,TRD100054,2026-08-09,FAILED,INCORRECT,NOMURA-BROKER,1000,171950.0,SSI-IN-0147,TRAIN
56,TRD100055,2026-08-06,SETTLED,INSTRUCTED,HDFC-CUST,1500,4137915.0,SSI-IN-0147,TRAIN
57,TRD100056,2026-08-12,SETTLED,INSTRUCTED,DEUTSCHE-BROKER,1500,257445.0,SSI-DE-5510,TEST
58,TRD100057,2026-08-03,SETTLED,INSTRUCTED,DEUTSCHE-BROKER,200,377616.0,SSI-DE-5510,TRAIN
59,TRD100058,2026-08-09,SETTLED,INSTRUCTED,HDFC-CUST,2000,25920980.0,SSI-IN-0147,TRAIN
60,TRD100059,2026-08-04,SETTLED,INSTRUCTED,KOTAK-CUST,1000,1686660.0,SSI-IN-0203,TRAIN
61,TRD100060,2026-08-05,SETTLED,INSTRUCTED,KOTAK-CUST,1000,1964290.0,SSI-IN-0203,TRAIN
62,TRD100061,2026-08-13,SETTLED,INSTRUCTED,NOMURA-BROKER,200,570650.0,SSI-JP-3389,TRAIN
63,TRD100062,2026-08-20,SETTLED,INSTRUCTED,HDFC-CUST,200,235780.0,SSI-IN-0147,TRAIN
64,TRD100063,2026-08-19,SETTLED,INSTRUCTED,NOMURA-BROKER,1500,910965.0,SSI-JP-3389,TRAIN
65,TRD100064,2026-08-12,SETTLED,INSTRUCTED,MORGANSTANLEY-BROKER,200,339598.0,SSI-US-7742,TRAIN
66,TRD100065,2026-08-15,SETTLED,INSTRUCTED,KOTAK-CUST,750,457792.5,SSI-IN-0203,TRAIN
67,TRD100066,2026-08-14,SETTLED,INSTRUCTED,NOMURA-BROKER,250,917202.5,SSI-JP-3389,TRAIN
68,TRD100067,2026-08-08,SETTLED,INSTRUCTED,DEUTSCHE-BROKER,100,168708.0,SSI-DE-5510,TRAIN
69,TRD100068,2026-08-18,SETTLED,INSTRUCTED,DEUTSCHE-BROKER,2000,939440.0,SSI-DE-5510,TRAIN
70,TRD100069,2026-08-09,SETTLED,INSTRUCTED,NOMURA-BROKER,1000,1235750.0,SSI-JP-3389,TRAIN
71,TRD100070,2026-08-03,SETTLED,INSTRUCTED,HDFC-CUST,500,1367960.0,SSI-IN-0147,TEST
72,TRD100071,2026-08-20,SETTLED,INSTRUCTED,HDFC-CUST,1500,706065.0,SSI-IN-0147,TRAIN
73,TRD100072,2026-08-02,SETTLED,INSTRUCTED,ICICI-CUST,500,842220.0,SSI-IN-0091,TRAIN
74,TRD100073,2026-08-09,SETTLED,INSTRUCTED,ICICI-CUST,2000,3763600.0,SSI-IN-0091,TRAIN
75,TRD100074,2026-08-19,SETTLED,INSTRUCTED,MORGANSTANLEY-BROKER,2000,5500400.0,SSI-US-7742,TRAIN
76,TRD100075,2026-08-20,SETTLED,INSTRUCTED,DEUTSCHE-BROKER,1500,1776225.0,SSI-DE-5510,TEST
77,TRD100076,2026-08-22,SETTLED,INSTRUCTED,KOTAK-CUST,750,352560.0,SSI-IN-0203,TEST
78,TRD100077,2026-08-11,SETTLED,INSTRUCTED,HDFC-CUST,2000,2471120.0,SSI-IN-0147,TRAIN
79,TRD100078,2026-08-09,SETTLED,INSTRUCTED,DEUTSCHE-BROKER,200,168508.0,SSI-DE-5510,TEST
80,TRD100079,2026-08-19,SETTLED,INSTRUCTED,DEUTSCHE-BROKER,1500,6175410.0,SSI-DE-5510,TRAIN
81,TRD100080,2026-08-20,SETTLED,INSTRUCTED,NOMURA-BROKER,1500,2510025.0,SSI-JP-3389,TRAIN
82,TRD100081,2026-08-11,SETTLED,INSTRUCTED,DEUTSCHE-BROKER,100,47098.0,SSI-DE-5510,TRAIN
83,TRD100082,2026-08-17,SETTLED,INSTRUCTED,ICICI-CUST,500,233920.0,SSI-IN-0091,TRAIN
84,TRD100083,2026-08-16,SETTLED,INSTRUCTED,HDFC-CUST,1500,2940120.0,SSI-IN-0147,TRAIN
85,TRD100084,2026-08-15,SETTLED,INSTRUCTED,HDFC-CUST,100,117534.0,SSI-IN-0147,TRAIN
86,TRD100085,2026-08-08,SETTLED,INSTRUCTED,DEUTSCHE-BROKER,750,2135287.5,SSI-DE-5510,TEST
87,TRD100086,2026-08-15,SETTLED,INSTRUCTED,KOTAK-CUST,1500,4109265.0,SSI-IN-0203,TRAIN
88,TRD100087,2026-08-13,SETTLED,INSTRUCTED,HDFC-CUST,100,286475.0,SSI-IN-0147,TRAIN
89,TRD100088,2026-08-08,SETTLED,INSTRUCTED,ICICI-CUST,100,275794.0,SSI-IN-0091,TRAIN
90,TRD100089,2026-08-20,SETTLED,INSTRUCTED,HDFC-CUST,2000,3787000.0,SSI-IN-0147,TRAIN
91,TRD100090,2026-08-21,SETTLED,INSTRUCTED,NOMURA-BROKER,1000,2736480.0,SSI-JP-3389,TRAIN
92,TRD100091,2026-08-11,SETTLED,INSTRUCTED,MORGANSTANLEY-BROKER,200,248356.0,SSI-US-7742,TRAIN
93,TRD100092,2026-08-22,SETTLED,INSTRUCTED,HDFC-CUST,500,303880.0,SSI-IN-0147,TRAIN
94,TRD100093,2026-08-20,SETTLED,INSTRUCTED,ICICI-CUST,200,2603690.0,SSI-IN-0091,TRAIN
95,TRD100094,2026-08-22,SETTLED,INSTRUCTED,KOTAK-CUST,1000,1947270.0,SSI-IN-0203,TEST
96,TRD100095,2026-08-13,SETTLED,INSTRUCTED,NOMURA-BROKER,2000,25857600.0,SSI-JP-3389,TRAIN
97,TRD100096,2026-08-22,SETTLED,INSTRUCTED,KOTAK-CUST,250,423587.5,SSI-IN-0203,TRAIN
98,TRD100097,2026-08-09,SETTLED,INSTRUCTED,ICICI-CUST,750,1265550.0,SSI-IN-0091,TRAIN
99,TRD100098,2026-08-14,SETTLED,INSTRUCTED,KOTAK-CUST,2000,3352740.0,SSI-IN-0203,TRAIN
100,TRD100099,2026-08-08,SETTLED,INSTRUCTED,KOTAK-CUST,1000,12938700.0,SSI-IN-0203,TRAIN
101,TRD100100,2026-08-18,SETTLED,INSTRUCTED,HDFC-CUST,750,931117.5,SSI-IN-0147,TRAIN
102,TRD100101,2026-08-09,SETTLED,INSTRUCTED,NOMURA-BROKER,1500,915420.0,SSI-JP-3389,TRAIN
103,TRD100102,2026-08-09,SETTLED,INSTRUCTED,DEUTSCHE-BROKER,100,46699.0,SSI-DE-5510,TRAIN
104,TRD100103,2026-08-18,SETTLED,INSTRUCTED,KOTAK-CUST,1000,1955180.0,SSI-IN-0203,TRAIN
105,TRD100104,2026-08-10,SETTLED,INSTRUCTED,HDFC-CUST,2000,1687320.0,SSI-IN-0147,TRAIN
106,TRD100105,2026-08-07,SETTLED,INSTRUCTED,HDFC-CUST,200,169530.0,SSI-IN-0147,TEST
107,TRD100106,2026-08-08,SETTLED,INSTRUCTED,KOTAK-CUST,750,935070.0,SSI-IN-0203,TEST
108,TRD100107,2026-08-19,SETTLED,INSTRUCTED,HDFC-CUST,750,1410840.0,SSI-IN-0147,TRAIN
109,TRD100108,2026-08-06,SETTLED,INSTRUCTED,NOMURA-BROKER,750,2142097.5,SSI-JP-3389,TRAIN
110,TRD100109,2026-08-17,PENDING,MISSING,DEUTSCHE-BROKER,100,1298961.0,,TRAIN
111,TRD100110,2026-08-17,SETTLED,INSTRUCTED,ICICI-CUST,100,188562.0,SSI-IN-0091,TRAIN
112,TRD100111,2026-08-03,SETTLED,INSTRUCTED,HDFC-CUST,200,93852.0,SSI-IN-0147,TRAIN
113,TRD100112,2026-08-15,SETTLED,INSTRUCTED,MORGANSTANLEY-BROKER,500,2052515.0,SSI-US-7742,TRAIN
114,TRD100113,2026-08-20,SETTLED,INSTRUCTED,DEUTSCHE-BROKER,2000,935900.0,SSI-DE-5510,TRAIN
115,TRD100114,2026-08-08,SETTLED,INSTRUCTED,NOMURA-BROKER,200,237106.0,SSI-JP-3389,TEST
116,TRD100115,2026-08-07,FAILED,INCORRECT,MORGANSTANLEY-BROKER,200,389798.0,SSI-IN-0147,TRAIN
117,TRD100116,2026-08-21,FAILED,INCORRECT,DEUTSCHE-BROKER,1500,4273635.0,SSI-JP-3389,TRAIN
118,TRD100117,2026-08-16,SETTLED,INSTRUCTED,ICICI-CUST,750,1259002.5,SSI-IN-0091,TEST
119,TRD100118,2026-08-24,PENDING,INSTRUCTED,HDFC-CUST,500,1371770.0,SSI-IN-0147,TRAIN
120,TRD100119,2026-08-07,SETTLED,INSTRUCTED,KOTAK-CUST,250,3231092.5,SSI-IN-0203,TRAIN
121,TRD100120,2026-08-14,SETTLED,INSTRUCTED,KOTAK-CUST,2000,8257040.0,SSI-IN-0203,TRAIN
122,TRD100121,2026-08-15,PENDING,INSTRUCTED,MORGANSTANLEY-BROKER,100,413680.0,SSI-US-7742,TRAIN
123,TRD100122,2026-08-20,SETTLED,INSTRUCTED,MORGANSTANLEY-BROKER,500,2069890.0,SSI-US-7742,TEST
124,TRD100123,2026-08-07,SETTLED,INSTRUCTED,DEUTSCHE-BROKER,100,118336.0,SSI-DE-5510,TEST
125,TRD100124,2026-08-17,PENDING,MISSING,ICICI-CUST,1500,2839275.0,,TRAIN
126,TRD100125,2026-08-05,SETTLED,INSTRUCTED,HDFC-CUST,1000,1687380.0,SSI-IN-0147,TRAIN
127,TRD100126,2026-08-19,PENDING,INSTRUCTED,MORGANSTANLEY-BROKER,2000,1218120.0,SSI-US-7742,TEST
128,TRD100127,2026-08-05,SETTLED,INSTRUCTED,DEUTSCHE-BROKER,1000,4110550.0,SSI-DE-5510,TRAIN
129,TRD100128,2026-08-13,SETTLED,INSTRUCTED,MORGANSTANLEY-BROKER,100,168512.0,SSI-US-7742,TRAIN
130,TRD100129,2026-08-22,PENDING,INSTRUCTED,HDFC-CUST,100,273746.0,SSI-IN-0147,TRAIN
131,TRD100130,2026-08-22,SETTLED,INSTRUCTED,MORGANSTANLEY-BROKER,2000,343600.0,SSI-US-7742,TRAIN
132,TRD100131,2026-08-04,SETTLED,INSTRUCTED,HDFC-CUST,100,124145.0,SSI-IN-0147,TEST
133,TRD100132,2026-08-11,SETTLED,INSTRUCTED,MORGANSTANLEY-BROKER,250,1030170.0,SSI-US-7742,TEST
134,TRD100133,2026-08-09,SETTLED,INSTRUCTED,DEUTSCHE-BROKER,2000,26084680.0,SSI-DE-5510,TEST
135,TRD100134,2026-08-10,SETTLED,INSTRUCTED,DEUTSCHE-BROKER,250,420325.0,SSI-DE-5510,TRAIN
136,TRD100135,2026-08-11,PENDING,MISSING,MORGANSTANLEY-BROKER,100,1295181.0,,TRAIN
137,TRD100136,2026-08-19,SETTLED,INSTRUCTED,MORGANSTANLEY-BROKER,2000,936340.0,SSI-US-7742,TEST
138,TRD100137,2026-08-09,SETTLED,INSTRUCTED,MORGANSTANLEY-BROKER,1000,173090.0,SSI-US-7742,TRAIN
139,TRD100138,2026-08-17,SETTLED,INSTRUCTED,NOMURA-BROKER,1500,19381155.0,SSI-JP-3389,TRAIN
140,TRD100139,2026-08-03,SETTLED,INSTRUCTED,HDFC-CUST,250,488902.5,SSI-IN-0147,TRAIN
141,TRD100140,2026-08-16,SETTLED,INSTRUCTED,ICICI-CUST,2000,25856080.0,SSI-IN-0091,TRAIN
142,TRD100141,2026-08-10,SETTLED,INSTRUCTED,KOTAK-CUST,250,3231202.5,SSI-IN-0203,TRAIN
143,TRD100142,2026-08-19,SETTLED,INSTRUCTED,DEUTSCHE-BROKER,1000,13025730.0,SSI-DE-5510,TRAIN
144,TRD100143,2026-08-09,SETTLED,INSTRUCTED,NOMURA-BROKER,100,1299525.0,SSI-JP-3389,TRAIN
145,TRD100144,2026-08-06,SETTLED,INSTRUCTED,NOMURA-BROKER,200,121990.0,SSI-JP-3389,TRAIN
146,TRD100145,2026-08-03,SETTLED,INSTRUCTED,KOTAK-CUST,750,1423447.5,SSI-IN-0203,TEST
147,TRD100146,2026-08-09,SETTLED,INSTRUCTED,MORGANSTANLEY-BROKER,1000,845010.0,SSI-US-7742,TRAIN
148,TRD100147,2026-08-14,SETTLED,INSTRUCTED,MORGANSTANLEY-BROKER,250,470585.0,SSI-US-7742,TRAIN
149,TRD100148,2026-08-23,SETTLED,INSTRUCTED,KOTAK-CUST,250,42997.5,SSI-IN-0203,TEST
150,TRD100149,2026-08-16,SETTLED,INSTRUCTED,KOTAK-CUST,100,196350.0,SSI-IN-0203,TRAIN
151,TRD100150,2026-08-11,PENDING,MISSING,NOMURA-BROKER,1000,471190.0,,TRAIN
152,TRD100151,2026-08-14,SETTLED,INSTRUCTED,DEUTSCHE-BROKER,750,350617.5,SSI-DE-5510,TEST
153,TRD100152,2026-08-11,SETTLED,INSTRUCTED,ICICI-CUST,1000,1691660.0,SSI-IN-0091,TEST
154,TRD100153,2026-08-17,SETTLED,INSTRUCTED,KOTAK-CUST,100,286220.0,SSI-IN-0203,TRAIN
155,TRD100154,2026-08-06,SETTLED,INSTRUCTED,NOMURA-BROKER,500,838615.0,SSI-JP-3389,TRAIN
156,TRD100155,2026-08-14,SETTLED,INSTRUCTED,NOMURA-BROKER,2000,2470020.0,SSI-JP-3389,TRAIN
157,TRD100156,2026-08-15,SETTLED,INSTRUCTED,HDFC-CUST,750,129112.5,SSI-IN-0147,TRAIN
158,TRD100157,2026-08-10,SETTLED,INSTRUCTED,HDFC-CUST,1000,2746450.0,SSI-IN-0147,TEST
159,TRD100158,2026-08-12,SETTLED,INSTRUCTED,ICICI-CUST,750,2064277.5,SSI-IN-0091,TEST
160,TRD100159,2026-08-14,SETTLED,INSTRUCTED,MORGANSTANLEY-BROKER,500,948555.0,SSI-US-7742,TRAIN
161,TRD100160,2026-08-19,SETTLED,INSTRUCTED,ICICI-CUST,1500,4098375.0,SSI-IN-0091,TRAIN
162,TRD100161,2026-08-22,SETTLED,INSTRUCTED,KOTAK-CUST,750,1468012.5,SSI-IN-0203,TEST
163,TRD100162,2026-08-19,SETTLED,INSTRUCTED,KOTAK-CUST,100,46946.0,SSI-IN-0203,TEST
164,TRD100163,2026-08-11,SETTLED,INSTRUCTED,NOMURA-BROKER,2000,3927420.0,SSI-JP-3389,TEST
165,TRD100164,2026-08-11,SETTLED,INSTRUCTED,DEUTSCHE-BROKER,100,189874.0,SSI-DE-5510,TRAIN
166,TRD100165,2026-08-13,SETTLED,INSTRUCTED,NOMURA-BROKER,250,418332.5,SSI-JP-3389,TRAIN
167,TRD100166,2026-08-17,SETTLED,INSTRUCTED,MORGANSTANLEY-BROKER,1500,259080.0,SSI-US-7742,TRAIN
168,TRD100167,2026-08-16,SETTLED,INSTRUCTED,HDFC-CUST,1000,2842440.0,SSI-IN-0147,TRAIN
169,TRD100168,2026-08-22,SETTLED,INSTRUCTED,KOTAK-CUST,1000,1956570.0,SSI-IN-0203,TRAIN
170,TRD100169,2026-08-16,SETTLED,INSTRUCTED,ICICI-CUST,500,623305.0,SSI-IN-0091,TEST
171,TRD100170,2026-08-06,SETTLED,INSTRUCTED,MORGANSTANLEY-BROKER,1000,2843190.0,SSI-US-7742,TRAIN
172,TRD100171,2026-08-11,PENDING,INSTRUCTED,KOTAK-CUST,500,6495605.0,SSI-IN-0203,TRAIN
173,TRD100172,2026-08-19,SETTLED,INSTRUCTED,KOTAK-CUST,250,311712.5,SSI-IN-0203,TEST
174,TRD100173,2026-08-13,SETTLED,INSTRUCTED,HDFC-CUST,100,194850.0,SSI-IN-0147,TRAIN
175,TRD100174,2026-08-15,SETTLED,INSTRUCTED,MORGANSTANLEY-BROKER,750,1411380.0,SSI-US-7742,TRAIN
176,TRD100175,2026-08-21,PENDING,INSTRUCTED,MORGANSTANLEY-BROKER,2000,940400.0,SSI-US-7742,TRAIN
177,TRD100176,2026-08-03,SETTLED,INSTRUCTED,NOMURA-BROKER,500,1848270.0,SSI-JP-3389,TRAIN
178,TRD100177,2026-08-17,SETTLED,INSTRUCTED,DEUTSCHE-BROKER,100,194711.0,SSI-DE-5510,TEST
179,TRD100178,2026-08-04,SETTLED,INSTRUCTED,KOTAK-CUST,2000,933800.0,SSI-IN-0203,TRAIN
180,TRD100179,2026-08-22,PENDING,INSTRUCTED,MORGANSTANLEY-BROKER,750,1419487.5,SSI-US-7742,TRAIN
181,TRD100180,2026-08-21,SETTLED,INSTRUCTED,DEUTSCHE-BROKER,750,884775.0,SSI-DE-5510,TRAIN
182,TRD100181,2026-08-09,SETTLED,INSTRUCTED,DEUTSCHE-BROKER,500,6485460.0,SSI-DE-5510,TEST
183,TRD100182,2026-08-12,SETTLED,INSTRUCTED,DEUTSCHE-BROKER,1500,2541420.0,SSI-DE-5510,TRAIN
184,TRD100183,2026-08-17,SETTLED,INSTRUCTED,ICICI-CUST,250,211795.0,SSI-IN-0091,TEST
185,TRD100184,2026-08-13,SETTLED,INSTRUCTED,HDFC-CUST,1500,6156195.0,SSI-IN-0147,TRAIN
186,TRD100185,2026-08-15,SETTLED,INSTRUCTED,NOMURA-BROKER,200,390792.0,SSI-JP-3389,TEST
187,TRD100186,2026-08-20,FAILED,INCORRECT,MORGANSTANLEY-BROKER,750,883875.0,SSI-IN-0203,TRAIN
188,TRD100187,2026-08-05,SETTLED,INSTRUCTED,KOTAK-CUST,2000,3900620.0,SSI-IN-0203,TEST
189,TRD100188,2026-08-15,SETTLED,INSTRUCTED,MORGANSTANLEY-BROKER,750,2060722.5,SSI-US-7742,TRAIN
190,TRD100189,2026-08-11,SETTLED,INSTRUCTED,KOTAK-CUST,250,711010.0,SSI-IN-0203,TRAIN
191,TRD100190,2026-08-14,SETTLED,INSTRUCTED,ICICI-CUST,250,472887.5,SSI-IN-0091,TEST
192,TRD100191,2026-08-16,SETTLED,INSTRUCTED,KOTAK-CUST,500,2057825.0,SSI-IN-0203,TRAIN
193,TRD100192,2026-08-21,SETTLED,INSTRUCTED,MORGANSTANLEY-BROKER,1000,1244230.0,SSI-US-7742,TEST
194,TRD100193,2026-08-03,SETTLED,INSTRUCTED,NOMURA-BROKER,250,473777.5,SSI-JP-3389,TEST
195,TRD100194,2026-08-16,SETTLED,INSTRUCTED,DEUTSCHE-BROKER,1500,703245.0,SSI-DE-5510,TRAIN
196,TRD100195,2026-08-05,SETTLED,INSTRUCTED,KOTAK-CUST,200,548270.0,SSI-IN-0203,TRAIN
197,TRD100196,2026-08-22,SETTLED,INSTRUCTED,ICICI-CUST,500,1423755.0,SSI-IN-0091,TRAIN
198,TRD100197,2026-08-10,SETTLED,INSTRUCTED,KOTAK-CUST,500,622060.0,SSI-IN-0203,TRAIN
199,TRD100198,2026-08-07,SETTLED,INSTRUCTED,HDFC-CUST,2000,5715080.0,SSI-IN-0147,TRAIN
200,TRD100199,2026-08-03,SETTLED,INSTRUCTED,DEUTSCHE-BROKER,1000,3664400.0,SSI-DE-5510,TRAIN
201,TRD100200,2026-08-20,SETTLED,INSTRUCTED,DEUTSCHE-BROKER,200,34614.0,SSI-DE-5510,TRAIN
202,TRD100201,2026-08-12,SETTLED,INSTRUCTED,HDFC-CUST,200,247924.0,SSI-IN-0147,TEST
203,TRD100202,2026-08-09,SETTLED,INSTRUCTED,DEUTSCHE-BROKER,1500,6202425.0,SSI-DE-5510,TRAIN
204,TRD100203,2026-08-09,FAILED,INCORRECT,KOTAK-CUST,750,1270920.0,SSI-IN-0091,TRAIN
205,TRD100204,2026-08-08,SETTLED,INSTRUCTED,KOTAK-CUST,200,736256.0,SSI-IN-0203,TRAIN
206,TRD100205,2026-08-08,SETTLED,INSTRUCTED,HDFC-CUST,200,333856.0,SSI-IN-0147,TRAIN
207,TRD100206,2026-08-20,SETTLED,INSTRUCTED,MORGANSTANLEY-BROKER,2000,3779240.0,SSI-US-7742,TRAIN
208,TRD100207,2026-08-04,SETTLED,INSTRUCTED,DEUTSCHE-BROKER,1000,12934690.0,SSI-DE-5510,TRAIN
209,TRD100208,2026-08-13,SETTLED,INSTRUCTED,MORGANSTANLEY-BROKER,750,2061082.5,SSI-US-7742,TRAIN
210,TRD100209,2026-08-14,SETTLED,INSTRUCTED,KOTAK-CUST,2000,933460.0,SSI-IN-0203,TEST
211,TRD100210,2026-08-19,SETTLED,INSTRUCTED,NOMURA-BROKER,1500,1769715.0,SSI-JP-3389,TEST
212,TRD100211,2026-08-17,SETTLED,INSTRUCTED,MORGANSTANLEY-BROKER,500,86070.0,SSI-US-7742,TEST
213,TRD100212,2026-08-12,SETTLED,INSTRUCTED,NOMURA-BROKER,200,94072.0,SSI-JP-3389,TRAIN
214,TRD100213,2026-08-16,SETTLED,INSTRUCTED,MORGANSTANLEY-BROKER,500,1428210.0,SSI-US-7742,TRAIN
215,TRD100214,2026-08-12,SETTLED,INSTRUCTED,NOMURA-BROKER,750,633487.5,SSI-JP-3389,TEST
216,TRD100215,2026-08-14,SETTLED,INSTRUCTED,KOTAK-CUST,1000,4104040.0,SSI-IN-0203,TEST
217,TRD100216,2026-08-06,SETTLED,INSTRUCTED,KOTAK-CUST,200,169260.0,SSI-IN-0203,TRAIN
218,TRD100217,2026-08-14,SETTLED,INSTRUCTED,NOMURA-BROKER,200,377340.0,SSI-JP-3389,TEST
219,TRD100218,2026-08-15,SETTLED,INSTRUCTED,MORGANSTANLEY-BROKER,200,391712.0,SSI-US-7742,TRAIN
220,TRD100219,2026-08-08,SETTLED,INSTRUCTED,KOTAK-CUST,750,632175.0,SSI-IN-0203,TRAIN
221,TRD100220,2026-08-11,FAILED,INCORRECT,ICICI-CUST,250,417355.0,SSI-US-7742,TEST
222,TRD100221,2026-08-06,SETTLED,INSTRUCTED,HDFC-CUST,250,43155.0,SSI-IN-0147,TRAIN
223,TRD100222,2026-08-13,SETTLED,INSTRUCTED,NOMURA-BROKER,2000,1215120.0,SSI-JP-3389,TRAIN
224,TRD100223,2026-08-19,PENDING,INSTRUCTED,HDFC-CUST,750,887422.5,SSI-IN-0147,TEST
225,TRD100224,2026-08-08,SETTLED,INSTRUCTED,KOTAK-CUST,2000,5513380.0,SSI-IN-0203,TEST
226,TRD100225,2026-08-18,SETTLED,INSTRUCTED,MORGANSTANLEY-BROKER,750,2064930.0,SSI-US-7742,TRAIN
227,TRD100226,2026-08-06,SETTLED,INSTRUCTED,KOTAK-CUST,500,6509550.0,SSI-IN-0203,TRAIN
228,TRD100227,2026-08-05,SETTLED,INSTRUCTED,NOMURA-BROKER,1000,12987080.0,SSI-JP-3389,TRAIN
229,TRD100228,2026-08-18,SETTLED,INSTRUCTED,HDFC-CUST,250,1027847.5,SSI-IN-0147,TEST
230,TRD100229,2026-08-13,SETTLED,INSTRUCTED,ICICI-CUST,500,86500.0,SSI-IN-0091,TRAIN
231,TRD100230,2026-08-04,SETTLED,INSTRUCTED,KOTAK-CUST,1000,1685930.0,SSI-IN-0203,TRAIN
232,TRD100231,2026-08-22,SETTLED,INSTRUCTED,KOTAK-CUST,200,169694.0,SSI-IN-0203,TRAIN
233,TRD100232,2026-08-17,SETTLED,INSTRUCTED,NOMURA-BROKER,750,2146800.0,SSI-JP-3389,TRAIN
234,TRD100233,2026-08-02,SETTLED,INSTRUCTED,KOTAK-CUST,100,47080.0,SSI-IN-0203,TRAIN
235,TRD100234,2026-08-11,SETTLED,INSTRUCTED,HDFC-CUST,1500,5498760.0,SSI-IN-0147,TRAIN
236,TRD100235,2026-08-21,SETTLED,INSTRUCTED,DEUTSCHE-BROKER,500,1424105.0,SSI-DE-5510,TRAIN
237,TRD100236,2026-08-02,SETTLED,INSTRUCTED,NOMURA-BROKER,2000,25985120.0,SSI-JP-3389,TRAIN
238,TRD100237,2026-08-13,SETTLED,INSTRUCTED,HDFC-CUST,1500,1851930.0,SSI-IN-0147,TRAIN
239,TRD100238,2026-08-13,PENDING,MISSING,ICICI-CUST,200,391232.0,,TRAIN
240,TRD100239,2026-08-14,SETTLED,INSTRUCTED,KOTAK-CUST,2000,25841500.0,SSI-IN-0203,TEST
241,TRD100240,2026-08-22,SETTLED,INSTRUCTED,ICICI-CUST,200,168858.0,SSI-IN-0091,TRAIN
242,TRD100241,2026-08-22,SETTLED,INSTRUCTED,HDFC-CUST,1000,2851810.0,SSI-IN-0147,TRAIN
243,TRD100242,2026-08-04,SETTLED,INSTRUCTED,NOMURA-BROKER,250,490447.5,SSI-JP-3389,TRAIN
244,TRD100243,2026-08-08,SETTLED,INSTRUCTED,ICICI-CUST,500,617570.0,SSI-IN-0091,TRAIN
245,TRD100244,2026-08-19,SETTLED,INSTRUCTED,DEUTSCHE-BROKER,1500,5547225.0,SSI-DE-5510,TRAIN
246,TRD100245,2026-08-03,SETTLED,INSTRUCTED,NOMURA-BROKER,500,1369865.0,SSI-JP-3389,TEST
247,TRD100246,2026-08-14,SETTLED,INSTRUCTED,NOMURA-BROKER,1000,4118150.0,SSI-JP-3389,TRAIN
248,TRD100247,2026-08-17,SETTLED,INSTRUCTED,KOTAK-CUST,250,211392.5,SSI-IN-0203,TEST
249,TRD100248,2026-08-21,SETTLED,INSTRUCTED,HDFC-CUST,1500,911670.0,SSI-IN-0147,TRAIN
250,TRD100249,2026-08-11,SETTLED,INSTRUCTED,KOTAK-CUST,200,822732.0,SSI-IN-0203,TRAIN
251,TRD100250,2026-08-03,SETTLED,INSTRUCTED,NOMURA-BROKER,2000,3774980.0,SSI-JP-3389,TRAIN
252,TRD100251,2026-08-22,SETTLED,INSTRUCTED,DEUTSCHE-BROKER,100,123553.0,SSI-DE-5510,TRAIN
253,TRD100252,2026-08-16,SETTLED,INSTRUCTED,ICICI-CUST,250,715110.0,SSI-IN-0091,TEST
254,TRD100253,2026-08-20,SETTLED,INSTRUCTED,ICICI-CUST,1000,1672890.0,SSI-IN-0091,TRAIN
255,TRD100254,2026-08-04,SETTLED,INSTRUCTED,MORGANSTANLEY-BROKER,1000,845130.0,SSI-US-7742,TRAIN
256,TRD100255,2026-08-09,SETTLED,INSTRUCTED,ICICI-CUST,1000,1692930.0,SSI-IN-0091,TRAIN
257,TRD100256,2026-08-05,SETTLED,INSTRUCTED,KOTAK-CUST,1500,706260.0,SSI-IN-0203,TRAIN
258,TRD100257,2026-08-17,SETTLED,INSTRUCTED,HDFC-CUST,750,1258837.5,SSI-IN-0147,TRAIN
259,TRD100258,2026-08-16,SETTLED,INSTRUCTED,ICICI-CUST,200,2594756.0,SSI-IN-0091,TRAIN
260,TRD100259,2026-08-11,SETTLED,INSTRUCTED,KOTAK-CUST,200,122132.0,SSI-IN-0203,TRAIN
261,TRD100260,2026-08-05,SETTLED,INSTRUCTED,HDFC-CUST,1000,2745840.0,SSI-IN-0147,TEST
262,TRD100261,2026-08-19,SETTLED,INSTRUCTED,MORGANSTANLEY-BROKER,2000,5465180.0,SSI-US-7742,TRAIN
263,TRD100262,2026-08-04,SETTLED,INSTRUCTED,ICICI-CUST,250,687167.5,SSI-IN-0091,TRAIN
264,TRD100263,2026-08-15,SETTLED,INSTRUCTED,MORGANSTANLEY-BROKER,2000,1221020.0,SSI-US-7742,TRAIN
265,TRD100264,2026-08-18,SETTLED,INSTRUCTED,KOTAK-CUST,200,169036.0,SSI-IN-0203,TEST
266,TRD100265,2026-08-03,SETTLED,INSTRUCTED,ICICI-CUST,250,685937.5,SSI-IN-0091,TRAIN
267,TRD100266,2026-08-09,SETTLED,INSTRUCTED,KOTAK-CUST,250,471737.5,SSI-IN-0203,TRAIN
268,TRD100267,2026-08-19,SETTLED,INSTRUCTED,KOTAK-CUST,500,621240.0,SSI-IN-0203,TRAIN
269,TRD100268,2026-08-07,SETTLED,INSTRUCTED,MORGANSTANLEY-BROKER,200,236056.0,SSI-US-7742,TRAIN
270,TRD100269,2026-08-20,SETTLED,INSTRUCTED,ICICI-CUST,1000,1962400.0,SSI-IN-0091,TRAIN
271,TRD100270,2026-08-20,SETTLED,INSTRUCTED,DEUTSCHE-BROKER,750,2141107.5,SSI-DE-5510,TRAIN
272,TRD100271,2026-08-11,SETTLED,INSTRUCTED,DEUTSCHE-BROKER,750,129517.5,SSI-DE-5510,TRAIN
273,TRD100272,2026-08-03,SETTLED,INSTRUCTED,HDFC-CUST,2000,2471000.0,SSI-IN-0147,TRAIN
274,TRD100273,2026-08-22,SETTLED,INSTRUCTED,HDFC-CUST,2000,935020.0,SSI-IN-0147,TRAIN
275,TRD100274,2026-08-06,SETTLED,INSTRUCTED,KOTAK-CUST,1000,613250.0,SSI-IN-0203,TRAIN
276,TRD100275,2026-08-16,SETTLED,INSTRUCTED,HDFC-CUST,2000,3337760.0,SSI-IN-0147,TRAIN
277,TRD100276,2026-08-21,SETTLED,INSTRUCTED,DEUTSCHE-BROKER,750,2147400.0,SSI-DE-5510,TRAIN
278,TRD100277,2026-08-12,SETTLED,INSTRUCTED,HDFC-CUST,1000,13036300.0,SSI-IN-0147,TRAIN
279,TRD100278,2026-08-11,SETTLED,INSTRUCTED,DEUTSCHE-BROKER,2000,7360200.0,SSI-DE-5510,TRAIN
280,TRD100279,2026-08-08,SETTLED,INSTRUCTED,MORGANSTANLEY-BROKER,2000,3396580.0,SSI-US-7742,TRAIN
281,TRD100280,2026-08-22,FAILED,INCORRECT,NOMURA-BROKER,750,2137762.5,SSI-IN-0203,TRAIN
282,TRD100281,2026-08-15,SETTLED,INSTRUCTED,HDFC-CUST,100,369293.0,SSI-IN-0147,TRAIN
283,TRD100282,2026-08-14,SETTLED,INSTRUCTED,ICICI-CUST,1500,4112880.0,SSI-IN-0091,TEST
284,TRD100283,2026-08-22,PENDING,INSTRUCTED,DEUTSCHE-BROKER,750,2748345.0,SSI-DE-5510,TEST
285,TRD100284,2026-08-12,SETTLED,INSTRUCTED,MORGANSTANLEY-BROKER,200,377658.0,SSI-US-7742,TRAIN
286,TRD100285,2026-08-03,SETTLED,INSTRUCTED,ICICI-CUST,1500,2512800.0,SSI-IN-0091,TRAIN
287,TRD100286,2026-08-06,SETTLED,INSTRUCTED,MORGANSTANLEY-BROKER,2000,5492260.0,SSI-US-7742,TRAIN
288,TRD100287,2026-08-21,SETTLED,INSTRUCTED,NOMURA-BROKER,1000,171870.0,SSI-JP-3389,TRAIN
289,TRD100288,2026-08-11,SETTLED,INSTRUCTED,DEUTSCHE-BROKER,2000,7375660.0,SSI-DE-5510,TRAIN
290,TRD100289,2026-08-20,SETTLED,INSTRUCTED,KOTAK-CUST,200,169932.0,SSI-IN-0203,TRAIN
291,TRD100290,2026-08-20,SETTLED,INSTRUCTED,DEUTSCHE-BROKER,500,621775.0,SSI-DE-5510,TEST
292,TRD100291,2026-08-05,SETTLED,INSTRUCTED,HDFC-CUST,500,940725.0,SSI-IN-0147,TRAIN
293,TRD100292,2026-08-08,SETTLED,INSTRUCTED,DEUTSCHE-BROKER,1500,1263975.0,SSI-DE-5510,TEST
294,TRD100293,2026-08-19,SETTLED,INSTRUCTED,KOTAK-CUST,250,152615.0,SSI-IN-0203,TEST
295,TRD100294,2026-08-19,SETTLED,INSTRUCTED,KOTAK-CUST,250,211315.0,SSI-IN-0203,TRAIN
296,TRD100295,2026-08-09,SETTLED,INSTRUCTED,KOTAK-CUST,2000,2353240.0,SSI-IN-0203,TEST
297,TRD100296,2026-08-17,PENDING,MISSING,KOTAK-CUST,750,932505.0,,TRAIN
298,TRD100297,2026-08-20,SETTLED,INSTRUCTED,NOMURA-BROKER,750,2754255.0,SSI-JP-3389,TRAIN
299,TRD100298,2026-08-06,SETTLED,INSTRUCTED,KOTAK-CUST,1000,13039010.0,SSI-IN-0203,TRAIN
300,TRD100299,2026-08-16,SETTLED,INSTRUCTED,NOMURA-BROKER,200,121882.0,SSI-JP-3389,TRAIN
301,TRD100300,2026-08-10,SETTLED,INSTRUCTED,MORGANSTANLEY-BROKER,500,840345.0,SSI-US-7742,TEST
302,TRD100301,2026-08-18,SETTLED,INSTRUCTED,HDFC-CUST,500,2055070.0,SSI-IN-0147,TRAIN
303,TRD100302,2026-08-17,SETTLED,INSTRUCTED,ICICI-CUST,1500,6170640.0,SSI-IN-0091,TEST
304,TRD100303,2026-08-17,SETTLED,INSTRUCTED,DEUTSCHE-BROKER,250,919180.0,SSI-DE-5510,TEST
305,TRD100304,2026-08-04,SETTLED,INSTRUCTED,NOMURA-BROKER,750,635122.5,SSI-JP-3389,TEST
306,TRD100305,2026-08-07,SETTLED,INSTRUCTED,ICICI-CUST,250,43077.5,SSI-IN-0091,TRAIN
307,TRD100306,2026-08-02,SETTLED,INSTRUCTED,KOTAK-CUST,750,1423065.0,SSI-IN-0203,TRAIN
308,TRD100307,2026-08-19,SETTLED,INSTRUCTED,MORGANSTANLEY-BROKER,2000,2493740.0,SSI-US-7742,TEST
309,TRD100308,2026-08-05,SETTLED,INSTRUCTED,KOTAK-CUST,2000,25901020.0,SSI-IN-0203,TEST
310,TRD100309,2026-08-02,SETTLED,INSTRUCTED,NOMURA-BROKER,750,1469985.0,SSI-JP-3389,TRAIN
311,TRD100310,2026-08-22,SETTLED,INSTRUCTED,DEUTSCHE-BROKER,500,588210.0,SSI-DE-5510,TRAIN
312,TRD100311,2026-08-07,SETTLED,INSTRUCTED,HDFC-CUST,1500,6191580.0,SSI-IN-0147,TRAIN
313,TRD100312,2026-08-14,SETTLED,INSTRUCTED,HDFC-CUST,500,85800.0,SSI-IN-0147,TRAIN
314,TRD100313,2026-08-20,SETTLED,INSTRUCTED,ICICI-CUST,750,634725.0,SSI-IN-0091,TRAIN
315,TRD100314,2026-08-05,SETTLED,INSTRUCTED,DEUTSCHE-BROKER,500,303840.0,SSI-DE-5510,TRAIN
316,TRD100315,2026-08-27,PENDING,INSTRUCTED,KOTAK-CUST,750,1270215.0,SSI-IN-0203,TRAIN
317,TRD100316,2026-08-16,SETTLED,INSTRUCTED,NOMURA-BROKER,250,418707.5,SSI-JP-3389,TRAIN
318,TRD100317,2026-08-08,SETTLED,INSTRUCTED,HDFC-CUST,2000,1223840.0,SSI-IN-0147,TRAIN
319,TRD100318,2026-08-20,SETTLED,INSTRUCTED,ICICI-CUST,1000,3664620.0,SSI-IN-0091,TEST
320,TRD100319,2026-08-18,SETTLED,INSTRUCTED,DEUTSCHE-BROKER,250,294072.5,SSI-DE-5510,TEST
321,TRD100320,2026-08-20,PENDING,INSTRUCTED,DEUTSCHE-BROKER,2000,1215700.0,SSI-DE-5510,TRAIN
322,TRD100321,2026-08-03,SETTLED,INSTRUCTED,MORGANSTANLEY-BROKER,1500,2834220.0,SSI-US-7742,TRAIN
323,TRD100322,2026-08-02,SETTLED,INSTRUCTED,NOMURA-BROKER,100,60971.0,SSI-JP-3389,TRAIN
324,TRD100323,2026-08-04,SETTLED,INSTRUCTED,MORGANSTANLEY-BROKER,1500,4269105.0,SSI-US-7742,TRAIN
325,TRD100324,2026-08-15,SETTLED,INSTRUCTED,HDFC-CUST,2000,343280.0,SSI-IN-0147,TRAIN
326,TRD100325,2026-08-14,SETTLED,INSTRUCTED,DEUTSCHE-BROKER,1500,1267740.0,SSI-DE-5510,TEST
327,TRD100326,2026-08-19,SETTLED,INSTRUCTED,DEUTSCHE-BROKER,1000,1948240.0,SSI-DE-5510,TRAIN
328,TRD100327,2026-08-11,SETTLED,INSTRUCTED,DEUTSCHE-BROKER,100,1301325.0,SSI-DE-5510,TRAIN
329,TRD100328,2026-08-13,SETTLED,INSTRUCTED,HDFC-CUST,500,6473615.0,SSI-IN-0147,TEST
330,TRD100329,2026-08-15,SETTLED,INSTRUCTED,MORGANSTANLEY-BROKER,200,34328.0,SSI-US-7742,TRAIN
331,TRD100330,2026-08-03,SETTLED,INSTRUCTED,DEUTSCHE-BROKER,200,333702.0,SSI-DE-5510,TRAIN
332,TRD100331,2026-08-09,SETTLED,INSTRUCTED,MORGANSTANLEY-BROKER,100,60975.0,SSI-US-7742,TRAIN
333,TRD100332,2026-08-20,SETTLED,INSTRUCTED,KOTAK-CUST,750,1413952.5,SSI-IN-0203,TEST
334,TRD100333,2026-08-19,SETTLED,INSTRUCTED,HDFC-CUST,250,311707.5,SSI-IN-0147,TRAIN
335,TRD100334,2026-08-20,SETTLED,INSTRUCTED,NOMURA-BROKER,100,124150.0,SSI-JP-3389,TRAIN
336,TRD100335,2026-08-13,SETTLED,INSTRUCTED,NOMURA-BROKER,2000,7326940.0,SSI-JP-3389,TRAIN
337,TRD100336,2026-08-11,SETTLED,INSTRUCTED,DEUTSCHE-BROKER,1500,914685.0,SSI-DE-5510,TRAIN
338,TRD100337,2026-08-06,SETTLED,INSTRUCTED,DEUTSCHE-BROKER,500,835930.0,SSI-DE-5510,TRAIN
339,TRD100338,2026-08-10,SETTLED,INSTRUCTED,HDFC-CUST,250,422127.5,SSI-IN-0147,TEST
340,TRD100339,2026-08-04,SETTLED,INSTRUCTED,MORGANSTANLEY-BROKER,2000,346100.0,SSI-US-7742,TRAIN
341,TRD100340,2026-08-21,SETTLED,INSTRUCTED,ICICI-CUST,1500,1864425.0,SSI-IN-0091,TEST
342,TRD100341,2026-08-12,PENDING,MISSING,KOTAK-CUST,500,1372515.0,,TRAIN
343,TRD100342,2026-08-06,SETTLED,INSTRUCTED,NOMURA-BROKER,500,86625.0,SSI-JP-3389,TRAIN
344,TRD100343,2026-08-09,SETTLED,INSTRUCTED,MORGANSTANLEY-BROKER,500,304860.0,SSI-US-7742,TRAIN
345,TRD100344,2026-08-13,SETTLED,INSTRUCTED,KOTAK-CUST,2000,3381940.0,SSI-IN-0203,TRAIN
346,TRD100345,2026-08-21,PENDING,INSTRUCTED,KOTAK-CUST,2000,7357800.0,SSI-IN-0203,TEST
347,TRD100346,2026-08-09,SETTLED,INSTRUCTED,NOMURA-BROKER,1500,1262640.0,SSI-JP-3389,TEST
348,TRD100347,2026-08-08,SETTLED,INSTRUCTED,KOTAK-CUST,1500,1857390.0,SSI-IN-0203,TEST
349,TRD100348,2026-08-22,SETTLED,INSTRUCTED,NOMURA-BROKER,500,590120.0,SSI-JP-3389,TRAIN
350,TRD100349,2026-08-23,SETTLED,INSTRUCTED,NOMURA-BROKER,2000,5516820.0,SSI-JP-3389,TEST
351,TRD100350,2026-08-19,SETTLED,INSTRUCTED,DEUTSCHE-BROKER,1000,1884050.0,SSI-DE-5510,TRAIN
352,TRD100351,2026-08-04,SETTLED,INSTRUCTED,NOMURA-BROKER,100,369263.0,SSI-JP-3389,TRAIN
353,TRD100352,2026-08-09,SETTLED,INSTRUCTED,ICICI-CUST,250,424047.5,SSI-IN-0091,TEST
354,TRD100353,2026-08-21,SETTLED,INSTRUCTED,NOMURA-BROKER,2000,3346160.0,SSI-JP-3389,TRAIN
355,TRD100354,2026-08-15,SETTLED,INSTRUCTED,ICICI-CUST,100,285142.0,SSI-IN-0091,TRAIN
356,TRD100355,2026-08-15,SETTLED,INSTRUCTED,HDFC-CUST,750,2746785.0,SSI-IN-0147,TRAIN
357,TRD100356,2026-08-21,SETTLED,INSTRUCTED,MORGANSTANLEY-BROKER,250,917655.0,SSI-US-7742,TEST
358,TRD100357,2026-08-14,SETTLED,INSTRUCTED,DEUTSCHE-BROKER,1500,1853370.0,SSI-DE-5510,TRAIN
359,TRD100358,2026-08-22,SETTLED,INSTRUCTED,ICICI-CUST,200,248542.0,SSI-IN-0091,TRAIN
360,TRD100359,2026-08-03,SETTLED,INSTRUCTED,NOMURA-BROKER,1500,2536935.0,SSI-JP-3389,TRAIN
361,TRD100360,2026-08-22,SETTLED,INSTRUCTED,KOTAK-CUST,2000,8269960.0,SSI-IN-0203,TEST
362,TRD100361,2026-08-20,SETTLED,INSTRUCTED,DEUTSCHE-BROKER,500,840960.0,SSI-DE-5510,TRAIN
363,TRD100362,2026-08-10,SETTLED,INSTRUCTED,MORGANSTANLEY-BROKER,200,34554.0,SSI-US-7742,TEST
364,TRD100363,2026-08-08,SETTLED,INSTRUCTED,MORGANSTANLEY-BROKER,1000,171610.0,SSI-US-7742,TRAIN
365,TRD100364,2026-08-20,SETTLED,INSTRUCTED,HDFC-CUST,200,34420.0,SSI-IN-0147,TRAIN
366,TRD100365,2026-08-04,SETTLED,INSTRUCTED,MORGANSTANLEY-BROKER,250,423827.5,SSI-US-7742,TRAIN
367,TRD100366,2026-08-04,SETTLED,INSTRUCTED,KOTAK-CUST,1500,6164565.0,SSI-IN-0203,TEST
368,TRD100367,2026-08-16,SETTLED,INSTRUCTED,DEUTSCHE-BROKER,750,2143935.0,SSI-DE-5510,TRAIN
369,TRD100368,2026-08-20,SETTLED,INSTRUCTED,NOMURA-BROKER,1500,5516460.0,SSI-JP-3389,TRAIN
370,TRD100369,2026-08-04,SETTLED,INSTRUCTED,ICICI-CUST,750,2065335.0,SSI-IN-0091,TRAIN
371,TRD100370,2026-08-12,SETTLED,INSTRUCTED,KOTAK-CUST,250,423612.5,SSI-IN-0203,TRAIN
372,TRD100371,2026-08-12,PENDING,INSTRUCTED,ICICI-CUST,750,2136690.0,SSI-IN-0091,TRAIN
373,TRD100372,2026-08-19,SETTLED,INSTRUCTED,MORGANSTANLEY-BROKER,1500,2833995.0,SSI-US-7742,TRAIN
374,TRD100373,2026-08-04,SETTLED,INSTRUCTED,MORGANSTANLEY-BROKER,200,569268.0,SSI-US-7742,TRAIN
375,TRD100374,2026-08-04,SETTLED,INSTRUCTED,NOMURA-BROKER,750,2136030.0,SSI-JP-3389,TRAIN
376,TRD100375,2026-08-10,SETTLED,INSTRUCTED,KOTAK-CUST,1500,2923860.0,SSI-IN-0203,TEST
377,TRD100376,2026-08-10,SETTLED,INSTRUCTED,DEUTSCHE-BROKER,200,376802.0,SSI-DE-5510,TRAIN
378,TRD100377,2026-08-09,SETTLED,INSTRUCTED,NOMURA-BROKER,200,548358.0,SSI-JP-3389,TRAIN
379,TRD100378,2026-08-02,SETTLED,INSTRUCTED,DEUTSCHE-BROKER,200,93438.0,SSI-DE-5510,TRAIN
380,TRD100379,2026-08-15,SETTLED,INSTRUCTED,NOMURA-BROKER,1000,2743960.0,SSI-JP-3389,TRAIN
381,TRD100380,2026-08-07,SETTLED,INSTRUCTED,DEUTSCHE-BROKER,500,422710.0,SSI-DE-5510,TRAIN
382,TRD100381,2026-08-09,SETTLED,INSTRUCTED,KOTAK-CUST,2000,1226400.0,SSI-IN-0203,TRAIN
383,TRD100382,2026-08-25,PENDING,INSTRUCTED,HDFC-CUST,1500,19443720.0,SSI-IN-0147,TRAIN
384,TRD100383,2026-08-08,SETTLED,INSTRUCTED,DEUTSCHE-BROKER,2000,1226100.0,SSI-DE-5510,TRAIN
385,TRD100384,2026-08-06,SETTLED,INSTRUCTED,NOMURA-BROKER,1500,19503675.0,SSI-JP-3389,TRAIN
386,TRD100385,2026-08-14,SETTLED,INSTRUCTED,ICICI-CUST,250,310867.5,SSI-IN-0091,TRAIN
387,TRD100386,2026-08-15,SETTLED,INSTRUCTED,MORGANSTANLEY-BROKER,1500,1770990.0,SSI-US-7742,TRAIN
388,TRD100387,2026-08-09,SETTLED,INSTRUCTED,NOMURA-BROKER,200,121594.0,SSI-JP-3389,TRAIN
389,TRD100388,2026-08-22,SETTLED,INSTRUCTED,NOMURA-BROKER,100,195694.0,SSI-JP-3389,TRAIN
390,TRD100389,2026-08-05,SETTLED,INSTRUCTED,KOTAK-CUST,1500,4102170.0,SSI-IN-0203,TRAIN
391,TRD100390,2026-08-20,SETTLED,INSTRUCTED,NOMURA-BROKER,1000,468390.0,SSI-JP-3389,TRAIN
392,TRD100391,2026-08-15,SETTLED,INSTRUCTED,ICICI-CUST,2000,5678460.0,SSI-IN-0091,TRAIN
393,TRD100392,2026-08-08,SETTLED,INSTRUCTED,MORGANSTANLEY-BROKER,750,633202.5,SSI-US-7742,TEST
394,TRD100393,2026-08-16,SETTLED,INSTRUCTED,KOTAK-CUST,200,93722.0,SSI-IN-0203,TEST
395,TRD100394,2026-08-12,SETTLED,INSTRUCTED,NOMURA-BROKER,200,567378.0,SSI-JP-3389,TEST
396,TRD100395,2026-08-19,SETTLED,INSTRUCTED,HDFC-CUST,500,86240.0,SSI-IN-0147,TRAIN
397,TRD100396,2026-08-22,SETTLED,INSTRUCTED,HDFC-CUST,500,235150.0,SSI-IN-0147,TRAIN
398,TRD100397,2026-08-08,SETTLED,INSTRUCTED,DEUTSCHE-BROKER,100,169441.0,SSI-DE-5510,TRAIN
399,TRD100398,2026-08-04,SETTLED,INSTRUCTED,MORGANSTANLEY-BROKER,500,1421055.0,SSI-US-7742,TEST
400,TRD100399,2026-08-05,SETTLED,INSTRUCTED,KOTAK-CUST,1000,843040.0,SSI-IN-0203,TRAIN
401,TRD100400,2026-08-20,SETTLED,INSTRUCTED,ICICI-CUST,1500,1772340.0,SSI-IN-0091,TRAIN
402,TRD100401,2026-08-11,SETTLED,INSTRUCTED,MORGANSTANLEY-BROKER,2000,25990460.0,SSI-US-7742,TRAIN
403,TRD100402,2026-08-05,SETTLED,INSTRUCTED,HDFC-CUST,200,168678.0,SSI-IN-0147,TRAIN
404,TRD100403,2026-08-06,SETTLED,INSTRUCTED,MORGANSTANLEY-BROKER,1500,5515710.0,SSI-US-7742,TRAIN
405,TRD100404,2026-08-22,SETTLED,INSTRUCTED,HDFC-CUST,2000,3785720.0,SSI-IN-0147,TEST
406,TRD100405,2026-08-16,SETTLED,INSTRUCTED,MORGANSTANLEY-BROKER,250,309230.0,SSI-US-7742,TRAIN
407,TRD100406,2026-08-14,SETTLED,INSTRUCTED,MORGANSTANLEY-BROKER,2000,5680280.0,SSI-US-7742,TRAIN
408,TRD100407,2026-08-16,SETTLED,INSTRUCTED,DEUTSCHE-BROKER,2000,3908100.0,SSI-DE-5510,TRAIN
409,TRD100408,2026-08-09,SETTLED,INSTRUCTED,KOTAK-CUST,100,118374.0,SSI-IN-0203,TRAIN
410,TRD100409,2026-08-16,SETTLED,INSTRUCTED,MORGANSTANLEY-BROKER,750,1252230.0,SSI-US-7742,TRAIN
411,TRD100410,2026-08-19,SETTLED,INSTRUCTED,KOTAK-CUST,200,235502.0,SSI-IN-0203,TRAIN
412,TRD100411,2026-08-05,PENDING,MISSING,NOMURA-BROKER,500,1849085.0,,TRAIN
413,TRD100412,2026-08-13,SETTLED,INSTRUCTED,ICICI-CUST,100,1297348.0,SSI-IN-0091,TRAIN
414,TRD100413,2026-08-20,SETTLED,INSTRUCTED,NOMURA-BROKER,500,1368815.0,SSI-JP-3389,TRAIN
415,TRD100414,2026-08-08,SETTLED,INSTRUCTED,ICICI-CUST,250,473920.0,SSI-IN-0091,TRAIN
416,TRD100415,2026-08-11,SETTLED,INSTRUCTED,KOTAK-CUST,250,294542.5,SSI-IN-0203,TRAIN
417,TRD100416,2026-08-10,SETTLED,INSTRUCTED,NOMURA-BROKER,1500,2847330.0,SSI-JP-3389,TRAIN
418,TRD100417,2026-08-09,SETTLED,INSTRUCTED,NOMURA-BROKER,250,419685.0,SSI-JP-3389,TRAIN
419,TRD100418,2026-08-14,SETTLED,INSTRUCTED,DEUTSCHE-BROKER,750,1419540.0,SSI-DE-5510,TRAIN
420,TRD100419,2026-08-13,SETTLED,INSTRUCTED,DEUTSCHE-BROKER,750,1270267.5,SSI-DE-5510,TRAIN
421,TRD100420,2026-08-04,SETTLED,INSTRUCTED,NOMURA-BROKER,100,118460.0,SSI-JP-3389,TRAIN
422,TRD100421,2026-08-14,SETTLED,INSTRUCTED,HDFC-CUST,200,2603676.0,SSI-IN-0147,TRAIN
423,TRD100422,2026-08-11,SETTLED,INSTRUCTED,KOTAK-CUST,750,351052.5,SSI-IN-0203,TRAIN
424,TRD100423,2026-08-03,PENDING,MISSING,ICICI-CUST,1000,2756420.0,,TEST
425,TRD100424,2026-08-07,SETTLED,INSTRUCTED,DEUTSCHE-BROKER,200,572548.0,SSI-DE-5510,TRAIN
426,TRD100425,2026-08-06,SETTLED,INSTRUCTED,NOMURA-BROKER,500,849390.0,SSI-JP-3389,TRAIN
427,TRD100426,2026-08-13,SETTLED,INSTRUCTED,KOTAK-CUST,750,9695415.0,SSI-IN-0203,TRAIN
428,TRD100427,2026-08-22,SETTLED,INSTRUCTED,KOTAK-CUST,250,486732.5,SSI-IN-0203,TRAIN
429,TRD100428,2026-08-02,SETTLED,INSTRUCTED,HDFC-CUST,200,391936.0,SSI-IN-0147,TRAIN
430,TRD100429,2026-08-16,SETTLED,INSTRUCTED,ICICI-CUST,500,945335.0,SSI-IN-0091,TEST
431,TRD100430,2026-08-15,PENDING,MISSING,NOMURA-BROKER,200,2608672.0,,TRAIN
432,TRD100431,2026-08-05,FAILED,INCORRECT,ICICI-CUST,500,2057965.0,SSI-IN-0203,TRAIN
433,TRD100432,2026-08-06,SETTLED,INSTRUCTED,NOMURA-BROKER,750,128865.0,SSI-JP-3389,TRAIN
434,TRD100433,2026-08-07,SETTLED,INSTRUCTED,DEUTSCHE-BROKER,100,368421.0,SSI-DE-5510,TRAIN
435,TRD100434,2026-08-21,SETTLED,INSTRUCTED,NOMURA-BROKER,250,490977.5,SSI-JP-3389,TRAIN
436,TRD100435,2026-08-05,SETTLED,INSTRUCTED,MORGANSTANLEY-BROKER,200,821184.0,SSI-US-7742,TRAIN
437,TRD100436,2026-08-09,SETTLED,INSTRUCTED,KOTAK-CUST,1000,1695320.0,SSI-IN-0203,TEST
438,TRD100437,2026-08-02,SETTLED,INSTRUCTED,NOMURA-BROKER,750,2767815.0,SSI-JP-3389,TRAIN
439,TRD100438,2026-08-11,SETTLED,INSTRUCTED,NOMURA-BROKER,500,1844635.0,SSI-JP-3389,TRAIN
440,TRD100439,2026-08-17,SETTLED,INSTRUCTED,NOMURA-BROKER,1500,700620.0,SSI-JP-3389,TRAIN
441,TRD100440,2026-08-20,SETTLED,INSTRUCTED,DEUTSCHE-BROKER,1000,842490.0,SSI-DE-5510,TEST
442,TRD100441,2026-08-04,SETTLED,INSTRUCTED,ICICI-CUST,2000,5516160.0,SSI-IN-0091,TRAIN
443,TRD100442,2026-08-03,SETTLED,INSTRUCTED,DEUTSCHE-BROKER,500,617545.0,SSI-DE-5510,TRAIN
444,TRD100443,2026-08-19,SETTLED,INSTRUCTED,MORGANSTANLEY-BROKER,1500,2525010.0,SSI-US-7742,TRAIN
445,TRD100444,2026-08-08,SETTLED,INSTRUCTED,HDFC-CUST,750,3077550.0,SSI-IN-0147,TRAIN
446,TRD100445,2026-08-15,SETTLED,INSTRUCTED,NOMURA-BROKER,200,235602.0,SSI-JP-3389,TRAIN
447,TRD100446,2026-08-05,SETTLED,INSTRUCTED,DEUTSCHE-BROKER,200,336462.0,SSI-DE-5510,TRAIN
448,TRD100447,2026-08-06,FAILED,INCORRECT,NOMURA-BROKER,250,487065.0,SSI-IN-0147,TEST
449,TRD100448,2026-08-10,SETTLED,INSTRUCTED,HDFC-CUST,1000,469010.0,SSI-IN-0147,TEST
450,TRD100449,2026-08-05,SETTLED,INSTRUCTED,ICICI-CUST,750,458827.5,SSI-IN-0091,TRAIN
451,TRD100450,2026-08-20,FAILED,INCORRECT,NOMURA-BROKER,200,247572.0,SSI-IN-0203,TRAIN
452,TRD100451,2026-08-21,SETTLED,INSTRUCTED,HDFC-CUST,1000,466820.0,SSI-IN-0147,TRAIN
453,TRD100452,2026-08-05,SETTLED,INSTRUCTED,HDFC-CUST,200,249138.0,SSI-IN-0147,TRAIN
454,TRD100453,2026-08-17,SETTLED,INSTRUCTED,KOTAK-CUST,100,1294684.0,SSI-IN-0203,TRAIN
455,TRD100454,2026-08-22,SETTLED,INSTRUCTED,DEUTSCHE-BROKER,100,189130.0,SSI-DE-5510,TEST
456,TRD100455,2026-08-12,SETTLED,INSTRUCTED,KOTAK-CUST,1500,2523255.0,SSI-IN-0203,TRAIN
457,TRD100456,2026-08-18,SETTLED,INSTRUCTED,ICICI-CUST,100,410754.0,SSI-IN-0091,TEST
458,TRD100457,2026-08-11,SETTLED,INSTRUCTED,KOTAK-CUST,2000,346160.0,SSI-IN-0203,TRAIN
459,TRD100458,2026-08-20,SETTLED,INSTRUCTED,KOTAK-CUST,1000,2841970.0,SSI-IN-0203,TEST
460,TRD100459,2026-08-08,SETTLED,INSTRUCTED,NOMURA-BROKER,2000,1699620.0,SSI-JP-3389,TRAIN
461,TRD100460,2026-08-19,SETTLED,INSTRUCTED,KOTAK-CUST,1500,4255395.0,SSI-IN-0203,TRAIN
462,TRD100461,2026-08-11,SETTLED,INSTRUCTED,ICICI-CUST,1500,4290675.0,SSI-IN-0091,TRAIN
463,TRD100462,2026-08-06,PENDING,MISSING,NOMURA-BROKER,2000,3396400.0,,TRAIN
464,TRD100463,2026-08-18,SETTLED,INSTRUCTED,DEUTSCHE-BROKER,500,1430910.0,SSI-DE-5510,TEST
465,TRD100464,2026-08-20,PENDING,INSTRUCTED,HDFC-CUST,200,122168.0,SSI-IN-0147,TEST
466,TRD100465,2026-08-06,SETTLED,INSTRUCTED,HDFC-CUST,100,117948.0,SSI-IN-0147,TRAIN
467,TRD100466,2026-08-14,SETTLED,INSTRUCTED,NOMURA-BROKER,1000,13035300.0,SSI-JP-3389,TRAIN
468,TRD100467,2026-08-08,SETTLED,INSTRUCTED,HDFC-CUST,750,350737.5,SSI-IN-0147,TRAIN
469,TRD100468,2026-08-12,SETTLED,INSTRUCTED,DEUTSCHE-BROKER,250,1029667.5,SSI-DE-5510,TRAIN
470,TRD100469,2026-08-16,SETTLED,INSTRUCTED,KOTAK-CUST,500,1372140.0,SSI-IN-0203,TRAIN
471,TRD100470,2026-08-21,SETTLED,INSTRUCTED,ICICI-CUST,750,1422352.5,SSI-IN-0091,TRAIN
472,TRD100471,2026-08-13,SETTLED,INSTRUCTED,DEUTSCHE-BROKER,200,378858.0,SSI-DE-5510,TRAIN
473,TRD100472,2026-08-14,SETTLED,INSTRUCTED,DEUTSCHE-BROKER,250,308745.0,SSI-DE-5510,TRAIN
474,TRD100473,2026-08-06,SETTLED,INSTRUCTED,ICICI-CUST,200,94064.0,SSI-IN-0091,TRAIN
475,TRD100474,2026-08-14,SETTLED,INSTRUCTED,KOTAK-CUST,500,6466035.0,SSI-IN-0203,TEST
476,TRD100475,2026-08-04,SETTLED,INSTRUCTED,HDFC-CUST,200,34326.0,SSI-IN-0147,TRAIN
477,TRD100476,2026-08-16,SETTLED,INSTRUCTED,ICICI-CUST,1000,4105200.0,SSI-IN-0091,TRAIN
478,TRD100477,2026-08-14,SETTLED,INSTRUCTED,NOMURA-BROKER,1500,19469250.0,SSI-JP-3389,TRAIN
479,TRD100478,2026-08-10,SETTLED,INSTRUCTED,KOTAK-CUST,500,424525.0,SSI-IN-0203,TRAIN
480,TRD100479,2026-08-17,SETTLED,INSTRUCTED,DEUTSCHE-BROKER,500,1427350.0,SSI-DE-5510,TRAIN
481,TRD100480,2026-08-15,FAILED,INCORRECT,HDFC-CUST,750,3086947.5,SSI-JP-3389,TEST
482,TRD100481,2026-08-17,SETTLED,INSTRUCTED,KOTAK-CUST,1000,1690060.0,SSI-IN-0203,TRAIN
483,TRD100482,2026-08-21,SETTLED,INSTRUCTED,HDFC-CUST,250,308730.0,SSI-IN-0147,TEST
484,TRD100483,2026-08-20,SETTLED,INSTRUCTED,HDFC-CUST,2000,5702680.0,SSI-IN-0147,TEST
485,TRD100484,2026-08-03,SETTLED,INSTRUCTED,HDFC-CUST,500,835645.0,SSI-IN-0147,TEST
486,TRD100485,2026-08-20,SETTLED,INSTRUCTED,KOTAK-CUST,250,42972.5,SSI-IN-0203,TRAIN
487,TRD100486,2026-08-20,SETTLED,INSTRUCTED,HDFC-CUST,1000,613080.0,SSI-IN-0147,TRAIN
488,TRD100487,2026-08-03,SETTLED,INSTRUCTED,ICICI-CUST,750,2751157.5,SSI-IN-0091,TEST
489,TRD100488,2026-08-17,FAILED,INCORRECT,ICICI-CUST,500,587290.0,SSI-US-7742,TEST
490,TRD100489,2026-08-07,SETTLED,INSTRUCTED,KOTAK-CUST,250,685307.5,SSI-IN-0203,TRAIN
491,TRD100490,2026-08-19,SETTLED,INSTRUCTED,KOTAK-CUST,250,473872.5,SSI-IN-0203,TRAIN
492,TRD100491,2026-08-12,SETTLED,INSTRUCTED,KOTAK-CUST,1500,916320.0,SSI-IN-0203,TRAIN
493,TRD100492,2026-08-17,SETTLED,INSTRUCTED,NOMURA-BROKER,1500,2843730.0,SSI-JP-3389,TRAIN
494,TRD100493,2026-08-20,SETTLED,INSTRUCTED,HDFC-CUST,1000,608660.0,SSI-IN-0147,TRAIN
495,TRD100494,2026-08-02,SETTLED,INSTRUCTED,NOMURA-BROKER,750,456060.0,SSI-JP-3389,TRAIN
496,TRD100495,2026-08-21,SETTLED,INSTRUCTED,HDFC-CUST,1000,1898260.0,SSI-IN-0147,TRAIN
497,TRD100496,2026-08-09,SETTLED,INSTRUCTED,KOTAK-CUST,1000,1894940.0,SSI-IN-0203,TRAIN
498,TRD100497,2026-08-22,SETTLED,INSTRUCTED,NOMURA-BROKER,200,392398.0,SSI-JP-3389,TRAIN
499,TRD100498,2026-08-04,SETTLED,INSTRUCTED,KOTAK-CUST,750,2131665.0,SSI-IN-0203,TRAIN
500,TRD100499,2026-08-16,SETTLED,INSTRUCTED,NOMURA-BROKER,100,60759.0,SSI-JP-3389,TRAIN
501,TRD100500,2026-08-14,SETTLED,INSTRUCTED,KOTAK-CUST,1500,258660.0,SSI-IN-0203,TRAIN
502,TRD100501,2026-08-21,SETTLED,INSTRUCTED,NOMURA-BROKER,2000,26034960.0,SSI-JP-3389,TEST
503,TRD100502,2026-08-03,SETTLED,INSTRUCTED,KOTAK-CUST,200,94060.0,SSI-IN-0203,TEST
504,TRD100503,2026-08-07,SETTLED,INSTRUCTED,DEUTSCHE-BROKER,200,247104.0,SSI-DE-5510,TRAIN
505,TRD100504,2026-08-23,PENDING,INSTRUCTED,DEUTSCHE-BROKER,200,734838.0,SSI-DE-5510,TRAIN
506,TRD100505,2026-08-20,PENDING,INSTRUCTED,HDFC-CUST,250,489450.0,SSI-IN-0147,TEST
507,TRD100506,2026-08-15,SETTLED,INSTRUCTED,NOMURA-BROKER,500,424805.0,SSI-JP-3389,TRAIN
508,TRD100507,2026-08-14,SETTLED,INSTRUCTED,MORGANSTANLEY-BROKER,500,617895.0,SSI-US-7742,TEST
509,TRD100508,2026-08-04,SETTLED,INSTRUCTED,KOTAK-CUST,1000,2836360.0,SSI-IN-0203,TEST
510,TRD100509,2026-08-22,SETTLED,INSTRUCTED,KOTAK-CUST,100,410867.0,SSI-IN-0203,TRAIN
511,TRD100510,2026-08-14,SETTLED,INSTRUCTED,DEUTSCHE-BROKER,200,2591024.0,SSI-DE-5510,TRAIN
512,TRD100511,2026-08-14,SETTLED,INSTRUCTED,KOTAK-CUST,1500,6161640.0,SSI-IN-0203,TRAIN
513,TRD100512,2026-08-10,SETTLED,INSTRUCTED,HDFC-CUST,750,2136585.0,SSI-IN-0147,TEST
514,TRD100513,2026-08-13,SETTLED,INSTRUCTED,MORGANSTANLEY-BROKER,200,376494.0,SSI-US-7742,TRAIN
515,TRD100514,2026-08-18,SETTLED,INSTRUCTED,DEUTSCHE-BROKER,100,369269.0,SSI-DE-5510,TRAIN
516,TRD100515,2026-08-03,SETTLED,INSTRUCTED,MORGANSTANLEY-BROKER,750,350197.5,SSI-US-7742,TRAIN
517,TRD100516,2026-08-07,SETTLED,INSTRUCTED,HDFC-CUST,2000,5473240.0,SSI-IN-0147,TRAIN
518,TRD100517,2026-08-15,SETTLED,INSTRUCTED,HDFC-CUST,1500,4257720.0,SSI-IN-0147,TRAIN
519,TRD100518,2026-08-19,SETTLED,INSTRUCTED,DEUTSCHE-BROKER,200,168422.0,SSI-DE-5510,TRAIN
520,TRD100519,2026-08-02,SETTLED,INSTRUCTED,NOMURA-BROKER,2000,7391000.0,SSI-JP-3389,TEST
521,TRD100520,2026-08-20,SETTLED,INSTRUCTED,MORGANSTANLEY-BROKER,250,421112.5,SSI-US-7742,TRAIN
522,TRD100521,2026-08-19,SETTLED,INSTRUCTED,KOTAK-CUST,200,236724.0,SSI-IN-0203,TRAIN
523,TRD100522,2026-08-17,SETTLED,INSTRUCTED,ICICI-CUST,2000,3383240.0,SSI-IN-0091,TRAIN
524,TRD100523,2026-08-14,SETTLED,INSTRUCTED,ICICI-CUST,250,423100.0,SSI-IN-0091,TRAIN
525,TRD100524,2026-08-17,SETTLED,INSTRUCTED,KOTAK-CUST,500,303800.0,SSI-IN-0203,TEST
526,TRD100525,2026-08-17,SETTLED,INSTRUCTED,NOMURA-BROKER,750,633000.0,SSI-JP-3389,TRAIN
527,TRD100526,2026-08-16,SETTLED,INSTRUCTED,KOTAK-CUST,750,1424445.0,SSI-IN-0203,TRAIN
528,TRD100527,2026-08-08,SETTLED,INSTRUCTED,DEUTSCHE-BROKER,200,235314.0,SSI-DE-5510,TRAIN
529,TRD100528,2026-08-07,SETTLED,INSTRUCTED,ICICI-CUST,100,1298198.0,SSI-IN-0091,TRAIN
530,TRD100529,2026-08-08,SETTLED,INSTRUCTED,ICICI-CUST,100,188413.0,SSI-IN-0091,TRAIN
531,TRD100530,2026-08-08,SETTLED,INSTRUCTED,KOTAK-CUST,100,47086.0,SSI-IN-0203,TRAIN
532,TRD100531,2026-08-05,SETTLED,INSTRUCTED,NOMURA-BROKER,1500,5527695.0,SSI-JP-3389,TRAIN
533,TRD100532,2026-08-07,SETTLED,INSTRUCTED,DEUTSCHE-BROKER,2000,1692800.0,SSI-DE-5510,TEST
534,TRD100533,2026-08-04,SETTLED,INSTRUCTED,KOTAK-CUST,750,1421257.5,SSI-IN-0203,TRAIN
535,TRD100534,2026-08-09,SETTLED,INSTRUCTED,HDFC-CUST,250,715147.5,SSI-IN-0147,TRAIN
536,TRD100535,2026-08-02,SETTLED,INSTRUCTED,DEUTSCHE-BROKER,1500,1861440.0,SSI-DE-5510,TRAIN
537,TRD100536,2026-08-21,SETTLED,INSTRUCTED,KOTAK-CUST,100,117699.0,SSI-IN-0203,TRAIN
538,TRD100537,2026-08-16,SETTLED,INSTRUCTED,KOTAK-CUST,1500,259590.0,SSI-IN-0203,TRAIN
539,TRD100538,2026-08-02,SETTLED,INSTRUCTED,MORGANSTANLEY-BROKER,1500,1862775.0,SSI-US-7742,TRAIN
540,TRD100539,2026-08-12,SETTLED,INSTRUCTED,KOTAK-CUST,200,248114.0,SSI-IN-0203,TEST
541,TRD100540,2026-08-18,SETTLED,INSTRUCTED,HDFC-CUST,750,927697.5,SSI-IN-0147,TRAIN
542,TRD100541,2026-08-02,SETTLED,INSTRUCTED,NOMURA-BROKER,1000,1959240.0,SSI-JP-3389,TRAIN
543,TRD100542,2026-08-03,SETTLED,INSTRUCTED,MORGANSTANLEY-BROKER,1500,1859430.0,SSI-US-7742,TRAIN
544,TRD100543,2026-08-22,SETTLED,INSTRUCTED,DEUTSCHE-BROKER,500,305745.0,SSI-DE-5510,TRAIN
545,TRD100544,2026-08-19,SETTLED,INSTRUCTED,HDFC-CUST,250,3256052.5,SSI-IN-0147,TRAIN
546,TRD100545,2026-08-19,SETTLED,INSTRUCTED,HDFC-CUST,250,117507.5,SSI-IN-0147,TEST
547,TRD100546,2026-08-11,FAILED,INCORRECT,DEUTSCHE-BROKER,1000,1670570.0,SSI-IN-0147,TRAIN
548,TRD100547,2026-08-05,SETTLED,INSTRUCTED,DEUTSCHE-BROKER,750,930262.5,SSI-DE-5510,TRAIN
549,TRD100548,2026-08-14,SETTLED,INSTRUCTED,MORGANSTANLEY-BROKER,500,234450.0,SSI-US-7742,TRAIN
550,TRD100549,2026-08-08,SETTLED,INSTRUCTED,KOTAK-CUST,250,710040.0,SSI-IN-0203,TRAIN
551,TRD100550,2026-08-07,SETTLED,INSTRUCTED,ICICI-CUST,1000,1897150.0,SSI-IN-0091,TEST
552,TRD100551,2026-08-03,SETTLED,INSTRUCTED,ICICI-CUST,250,488012.5,SSI-IN-0091,TRAIN
553,TRD100552,2026-08-07,SETTLED,INSTRUCTED,DEUTSCHE-BROKER,250,419120.0,SSI-DE-5510,TRAIN
554,TRD100553,2026-08-14,SETTLED,INSTRUCTED,DEUTSCHE-BROKER,1500,1772745.0,SSI-DE-5510,TEST
555,TRD100554,2026-08-13,SETTLED,INSTRUCTED,ICICI-CUST,100,285146.0,SSI-IN-0091,TRAIN
556,TRD100555,2026-08-09,PENDING,MISSING,HDFC-CUST,100,285411.0,,TRAIN
557,TRD100556,2026-08-20,SETTLED,INSTRUCTED,KOTAK-CUST,200,377620.0,SSI-IN-0203,TEST
558,TRD100557,2026-08-11,SETTLED,INSTRUCTED,DEUTSCHE-BROKER,100,1295381.0,SSI-DE-5510,TRAIN
559,TRD100558,2026-08-17,SETTLED,INSTRUCTED,KOTAK-CUST,250,43045.0,SSI-IN-0203,TRAIN
560,TRD100559,2026-08-09,SETTLED,INSTRUCTED,NOMURA-BROKER,1500,257430.0,SSI-JP-3389,TRAIN
561,TRD100560,2026-08-07,SETTLED,INSTRUCTED,ICICI-CUST,100,61090.0,SSI-IN-0091,TRAIN
562,TRD100561,2026-08-21,SETTLED,INSTRUCTED,ICICI-CUST,750,1271242.5,SSI-IN-0091,TRAIN
563,TRD100562,2026-08-05,SETTLED,INSTRUCTED,DEUTSCHE-BROKER,100,194686.0,SSI-DE-5510,TRAIN
564,TRD100563,2026-08-06,SETTLED,INSTRUCTED,HDFC-CUST,750,3089767.5,SSI-IN-0147,TRAIN
565,TRD100564,2026-08-10,SETTLED,INSTRUCTED,MORGANSTANLEY-BROKER,200,338630.0,SSI-US-7742,TEST
566,TRD100565,2026-08-21,SETTLED,INSTRUCTED,ICICI-CUST,200,2596300.0,SSI-IN-0091,TRAIN
567,TRD100566,2026-08-21,SETTLED,INSTRUCTED,HDFC-CUST,200,549108.0,SSI-IN-0147,TEST
568,TRD100567,2026-08-03,SETTLED,INSTRUCTED,MORGANSTANLEY-BROKER,1500,1265805.0,SSI-US-7742,TRAIN
569,TRD100568,2026-08-02,SETTLED,INSTRUCTED,ICICI-CUST,2000,1218640.0,SSI-IN-0091,TEST
570,TRD100569,2026-08-04,SETTLED,INSTRUCTED,MORGANSTANLEY-BROKER,2000,25868920.0,SSI-US-7742,TEST
571,TRD100570,2026-08-16,SETTLED,INSTRUCTED,KOTAK-CUST,750,129525.0,SSI-IN-0203,TRAIN
572,TRD100571,2026-08-03,SETTLED,INSTRUCTED,KOTAK-CUST,200,571886.0,SSI-IN-0203,TRAIN
573,TRD100572,2026-08-03,SETTLED,INSTRUCTED,ICICI-CUST,200,336710.0,SSI-IN-0091,TRAIN
574,TRD100573,2026-08-21,SETTLED,INSTRUCTED,KOTAK-CUST,1000,848940.0,SSI-IN-0203,TEST
575,TRD100574,2026-08-14,SETTLED,INSTRUCTED,DEUTSCHE-BROKER,1000,12938840.0,SSI-DE-5510,TEST
576,TRD100575,2026-08-17,SETTLED,INSTRUCTED,DEUTSCHE-BROKER,1500,19506975.0,SSI-DE-5510,TRAIN
577,TRD100576,2026-08-07,SETTLED,INSTRUCTED,ICICI-CUST,100,189940.0,SSI-IN-0091,TRAIN
578,TRD100577,2026-08-14,SETTLED,INSTRUCTED,KOTAK-CUST,2000,5473700.0,SSI-IN-0203,TEST
579,TRD100578,2026-08-15,SETTLED,INSTRUCTED,DEUTSCHE-BROKER,2000,934180.0,SSI-DE-5510,TRAIN
580,TRD100579,2026-08-18,SETTLED,INSTRUCTED,NOMURA-BROKER,1000,1234750.0,SSI-JP-3389,TRAIN
581,TRD100580,2026-08-09,SETTLED,INSTRUCTED,DEUTSCHE-BROKER,200,735536.0,SSI-DE-5510,TRAIN
582,TRD100581,2026-08-07,SETTLED,INSTRUCTED,MORGANSTANLEY-BROKER,100,188107.0,SSI-US-7742,TRAIN
583,TRD100582,2026-08-17,SETTLED,INSTRUCTED,KOTAK-CUST,250,3231205.0,SSI-IN-0203,TRAIN
584,TRD100583,2026-08-19,SETTLED,INSTRUCTED,NOMURA-BROKER,100,124089.0,SSI-JP-3389,TEST
585,TRD100584,2026-08-16,SETTLED,INSTRUCTED,MORGANSTANLEY-BROKER,500,6462665.0,SSI-US-7742,TEST
586,TRD100585,2026-08-05,SETTLED,INSTRUCTED,DEUTSCHE-BROKER,2000,25946260.0,SSI-DE-5510,TRAIN
587,TRD100586,2026-08-19,SETTLED,INSTRUCTED,ICICI-CUST,1500,2523825.0,SSI-IN-0091,TRAIN
588,TRD100587,2026-08-16,PENDING,MISSING,KOTAK-CUST,500,86360.0,,TEST
589,TRD100588,2026-08-12,SETTLED,INSTRUCTED,MORGANSTANLEY-BROKER,500,6512345.0,SSI-US-7742,TRAIN
590,TRD100589,2026-08-09,SETTLED,INSTRUCTED,ICICI-CUST,2000,1215980.0,SSI-IN-0091,TEST
591,TRD100590,2026-08-13,SETTLED,INSTRUCTED,NOMURA-BROKER,750,9739642.5,SSI-JP-3389,TRAIN
592,TRD100591,2026-08-15,SETTLED,INSTRUCTED,ICICI-CUST,250,43110.0,SSI-IN-0091,TRAIN
593,TRD100592,2026-08-14,SETTLED,INSTRUCTED,HDFC-CUST,200,336482.0,SSI-IN-0147,TRAIN
594,TRD100593,2026-08-15,SETTLED,INSTRUCTED,ICICI-CUST,1000,607960.0,SSI-IN-0091,TRAIN
595,TRD100594,2026-08-02,SETTLED,INSTRUCTED,MORGANSTANLEY-BROKER,250,117770.0,SSI-US-7742,TRAIN
596,TRD100595,2026-08-07,SETTLED,INSTRUCTED,NOMURA-BROKER,2000,26070160.0,SSI-JP-3389,TRAIN
597,TRD100596,2026-08-21,SETTLED,INSTRUCTED,KOTAK-CUST,1500,6190860.0,SSI-IN-0203,TRAIN
598,TRD100597,2026-08-12,SETTLED,INSTRUCTED,KOTAK-CUST,500,588790.0,SSI-IN-0203,TRAIN
599,TRD100598,2026-08-18,SETTLED,INSTRUCTED,KOTAK-CUST,1500,2838360.0,SSI-IN-0203,TRAIN
600,TRD100599,2026-08-11,SETTLED,INSTRUCTED,NOMURA-BROKER,500,838640.0,SSI-JP-3389,TRAIN
601,TRD100600,2026-08-22,SETTLED,INSTRUCTED,KOTAK-CUST,250,152592.5,SSI-IN-0203,TRAIN
602,TRD100601,2026-08-15,SETTLED,INSTRUCTED,NOMURA-BROKER,2000,7366400.0,SSI-JP-3389,TEST
603,TRD100602,2026-08-02,SETTLED,INSTRUCTED,DEUTSCHE-BROKER,100,274622.0,SSI-DE-5510,TRAIN
604,TRD100603,2026-08-07,SETTLED,INSTRUCTED,KOTAK-CUST,100,194983.0,SSI-IN-0203,TRAIN
605,TRD100604,2026-08-11,SETTLED,INSTRUCTED,HDFC-CUST,100,1300474.0,SSI-IN-0147,TRAIN
606,TRD100605,2026-08-19,SETTLED,INSTRUCTED,HDFC-CUST,2000,25856800.0,SSI-IN-0147,TRAIN
607,TRD100606,2026-08-03,SETTLED,INSTRUCTED,DEUTSCHE-BROKER,750,2765437.5,SSI-DE-5510,TRAIN
608,TRD100607,2026-08-03,SETTLED,INSTRUCTED,ICICI-CUST,1000,2758390.0,SSI-IN-0091,TRAIN
609,TRD100608,2026-08-22,SETTLED,INSTRUCTED,NOMURA-BROKER,2000,2368280.0,SSI-JP-3389,TRAIN
610,TRD100609,2026-08-08,SETTLED,INSTRUCTED,NOMURA-BROKER,500,1369975.0,SSI-JP-3389,TEST
611,TRD100610,2026-08-15,SETTLED,INSTRUCTED,KOTAK-CUST,200,377596.0,SSI-IN-0203,TRAIN
612,TRD100611,2026-08-16,SETTLED,INSTRUCTED,NOMURA-BROKER,750,1410720.0,SSI-JP-3389,TRAIN
613,TRD100612,2026-08-22,SETTLED,INSTRUCTED,MORGANSTANLEY-BROKER,1000,1892130.0,SSI-US-7742,TRAIN
614,TRD100613,2026-08-12,FAILED,INCORRECT,MORGANSTANLEY-BROKER,1000,2733870.0,SSI-JP-3389,TEST
615,TRD100614,2026-08-07,SETTLED,INSTRUCTED,DEUTSCHE-BROKER,200,738136.0,SSI-DE-5510,TEST
616,TRD100615,2026-08-12,SETTLED,INSTRUCTED,KOTAK-CUST,500,424420.0,SSI-IN-0203,TRAIN
617,TRD100616,2026-08-22,SETTLED,INSTRUCTED,ICICI-CUST,2000,3367040.0,SSI-IN-0091,TRAIN
618,TRD100617,2026-08-21,SETTLED,INSTRUCTED,MORGANSTANLEY-BROKER,500,235400.0,SSI-US-7742,TRAIN
619,TRD100618,2026-08-05,SETTLED,INSTRUCTED,DEUTSCHE-BROKER,1000,1953380.0,SSI-DE-5510,TRAIN
620,TRD100619,2026-08-18,SETTLED,INSTRUCTED,DEUTSCHE-BROKER,1000,2850910.0,SSI-DE-5510,TRAIN
621,TRD100620,2026-08-04,SETTLED,INSTRUCTED,ICICI-CUST,500,619285.0,SSI-IN-0091,TEST
622,TRD100621,2026-08-22,SETTLED,INSTRUCTED,HDFC-CUST,200,390008.0,SSI-IN-0147,TRAIN
623,TRD100622,2026-08-04,SETTLED,INSTRUCTED,NOMURA-BROKER,1500,2516490.0,SSI-JP-3389,TRAIN
624,TRD100623,2026-08-04,SETTLED,INSTRUCTED,ICICI-CUST,1000,466730.0,SSI-IN-0091,TRAIN
625,TRD100624,2026-08-09,SETTLED,INSTRUCTED,KOTAK-CUST,200,736582.0,SSI-IN-0203,TRAIN
626,TRD100625,2026-08-02,SETTLED,INSTRUCTED,DEUTSCHE-BROKER,1500,702885.0,SSI-DE-5510,TRAIN
627,TRD100626,2026-08-20,SETTLED,INSTRUCTED,ICICI-CUST,200,392142.0,SSI-IN-0091,TRAIN
628,TRD100627,2026-08-11,SETTLED,INSTRUCTED,MORGANSTANLEY-BROKER,200,34418.0,SSI-US-7742,TRAIN
629,TRD100628,2026-08-02,SETTLED,INSTRUCTED,DEUTSCHE-BROKER,2000,5484680.0,SSI-DE-5510,TEST
630,TRD100629,2026-08-19,SETTLED,INSTRUCTED,KOTAK-CUST,1500,2843865.0,SSI-IN-0203,TEST
631,TRD100630,2026-08-02,SETTLED,INSTRUCTED,MORGANSTANLEY-BROKER,1000,1964650.0,SSI-US-7742,TRAIN
632,TRD100631,2026-08-14,SETTLED,INSTRUCTED,MORGANSTANLEY-BROKER,100,285257.0,SSI-US-7742,TRAIN
633,TRD100632,2026-08-22,SETTLED,INSTRUCTED,MORGANSTANLEY-BROKER,1000,1670370.0,SSI-US-7742,TRAIN
634,TRD100633,2026-08-10,SETTLED,INSTRUCTED,HDFC-CUST,500,946255.0,SSI-IN-0147,TRAIN
635,TRD100634,2026-08-19,SETTLED,INSTRUCTED,DEUTSCHE-BROKER,100,196257.0,SSI-DE-5510,TRAIN
636,TRD100635,2026-08-08,SETTLED,INSTRUCTED,NOMURA-BROKER,200,390164.0,SSI-JP-3389,TRAIN
637,TRD100636,2026-08-09,SETTLED,INSTRUCTED,ICICI-CUST,250,211762.5,SSI-IN-0091,TRAIN
638,TRD100637,2026-08-16,SETTLED,INSTRUCTED,KOTAK-CUST,500,86070.0,SSI-IN-0203,TEST
639,TRD100638,2026-08-15,SETTLED,INSTRUCTED,HDFC-CUST,1000,1183880.0,SSI-IN-0147,TRAIN
640,TRD100639,2026-08-22,SETTLED,INSTRUCTED,DEUTSCHE-BROKER,500,839375.0,SSI-DE-5510,TEST
641,TRD100640,2026-08-16,SETTLED,INSTRUCTED,DEUTSCHE-BROKER,1000,1897440.0,SSI-DE-5510,TRAIN
642,TRD100641,2026-08-21,SETTLED,INSTRUCTED,ICICI-CUST,200,93476.0,SSI-IN-0091,TRAIN
643,TRD100642,2026-08-22,SETTLED,INSTRUCTED,ICICI-CUST,500,86020.0,SSI-IN-0091,TEST
644,TRD100643,2026-08-25,PENDING,INSTRUCTED,DEUTSCHE-BROKER,100,1302058.0,SSI-DE-5510,TEST
645,TRD100644,2026-08-19,SETTLED,INSTRUCTED,DEUTSCHE-BROKER,750,2761312.5,SSI-DE-5510,TRAIN
646,TRD100645,2026-08-20,SETTLED,INSTRUCTED,NOMURA-BROKER,500,848510.0,SSI-JP-3389,TRAIN
647,TRD100646,2026-08-18,SETTLED,INSTRUCTED,ICICI-CUST,200,93684.0,SSI-IN-0091,TRAIN
648,TRD100647,2026-08-07,SETTLED,INSTRUCTED,MORGANSTANLEY-BROKER,250,686030.0,SSI-US-7742,TRAIN
649,TRD100648,2026-08-17,SETTLED,INSTRUCTED,HDFC-CUST,100,84322.0,SSI-IN-0147,TRAIN
650,TRD100649,2026-08-08,SETTLED,INSTRUCTED,MORGANSTANLEY-BROKER,500,420865.0,SSI-US-7742,TEST
651,TRD100650,2026-08-03,SETTLED,INSTRUCTED,NOMURA-BROKER,2000,941380.0,SSI-JP-3389,TRAIN
652,TRD100651,2026-08-10,SETTLED,INSTRUCTED,MORGANSTANLEY-BROKER,750,459292.5,SSI-US-7742,TRAIN
653,TRD100652,2026-08-22,SETTLED,INSTRUCTED,ICICI-CUST,1500,2929605.0,SSI-IN-0091,TEST
654,TRD100653,2026-08-13,SETTLED,INSTRUCTED,KOTAK-CUST,500,86240.0,SSI-IN-0203,TRAIN
655,TRD100654,2026-08-06,SETTLED,INSTRUCTED,DEUTSCHE-BROKER,100,17245.0,SSI-DE-5510,TRAIN
656,TRD100655,2026-08-07,SETTLED,INSTRUCTED,HDFC-CUST,750,3081645.0,SSI-IN-0147,TRAIN
657,TRD100656,2026-08-12,SETTLED,INSTRUCTED,NOMURA-BROKER,500,977015.0,SSI-JP-3389,TRAIN
658,TRD100657,2026-08-20,SETTLED,INSTRUCTED,HDFC-CUST,2000,3910580.0,SSI-IN-0147,TRAIN
659,TRD100658,2026-08-20,SETTLED,INSTRUCTED,HDFC-CUST,100,166897.0,SSI-IN-0147,TRAIN
660,TRD100659,2026-08-10,SETTLED,INSTRUCTED,HDFC-CUST,250,42920.0,SSI-IN-0147,TRAIN
661,TRD100660,2026-08-08,SETTLED,INSTRUCTED,DEUTSCHE-BROKER,750,129915.0,SSI-DE-5510,TRAIN
662,TRD100661,2026-08-21,SETTLED,INSTRUCTED,HDFC-CUST,500,948270.0,SSI-IN-0147,TRAIN
663,TRD100662,2026-08-21,SETTLED,INSTRUCTED,MORGANSTANLEY-BROKER,1000,1898280.0,SSI-US-7742,TRAIN
664,TRD100663,2026-08-02,SETTLED,INSTRUCTED,HDFC-CUST,1500,2526270.0,SSI-IN-0147,TRAIN
665,TRD100664,2026-08-21,SETTLED,INSTRUCTED,MORGANSTANLEY-BROKER,200,235288.0,SSI-US-7742,TRAIN
666,TRD100665,2026-08-21,SETTLED,INSTRUCTED,MORGANSTANLEY-BROKER,2000,8254640.0,SSI-US-7742,TRAIN
667,TRD100666,2026-08-03,SETTLED,INSTRUCTED,NOMURA-BROKER,1500,5513070.0,SSI-JP-3389,TRAIN
668,TRD100667,2026-08-14,SETTLED,INSTRUCTED,KOTAK-CUST,2000,5507100.0,SSI-IN-0203,TRAIN
669,TRD100668,2026-08-09,SETTLED,INSTRUCTED,ICICI-CUST,750,1417402.5,SSI-IN-0091,TRAIN
670,TRD100669,2026-08-02,SETTLED,INSTRUCTED,MORGANSTANLEY-BROKER,500,617330.0,SSI-US-7742,TRAIN
671,TRD100670,2026-08-12,SETTLED,INSTRUCTED,DEUTSCHE-BROKER,500,846785.0,SSI-DE-5510,TRAIN
672,TRD100671,2026-08-10,SETTLED,INSTRUCTED,KOTAK-CUST,1500,2839755.0,SSI-IN-0203,TRAIN
673,TRD100672,2026-08-14,SETTLED,INSTRUCTED,HDFC-CUST,750,889537.5,SSI-IN-0147,TRAIN
674,TRD100673,2026-08-17,SETTLED,INSTRUCTED,KOTAK-CUST,1000,1891420.0,SSI-IN-0203,TRAIN
675,TRD100674,2026-08-05,SETTLED,INSTRUCTED,NOMURA-BROKER,1500,4128105.0,SSI-JP-3389,TEST
676,TRD100675,2026-08-18,SETTLED,INSTRUCTED,DEUTSCHE-BROKER,250,683657.5,SSI-DE-5510,TRAIN
677,TRD100676,2026-08-02,SETTLED,INSTRUCTED,ICICI-CUST,1500,2848620.0,SSI-IN-0091,TRAIN
678,TRD100677,2026-08-10,SETTLED,INSTRUCTED,HDFC-CUST,1500,257610.0,SSI-IN-0147,TEST
679,TRD100678,2026-08-14,SETTLED,INSTRUCTED,MORGANSTANLEY-BROKER,100,118290.0,SSI-US-7742,TRAIN
680,TRD100679,2026-08-16,SETTLED,INSTRUCTED,ICICI-CUST,250,687362.5,SSI-IN-0091,TRAIN
681,TRD100680,2026-08-18,SETTLED,INSTRUCTED,MORGANSTANLEY-BROKER,100,167996.0,SSI-US-7742,TEST
682,TRD100681,2026-08-22,SETTLED,INSTRUCTED,ICICI-CUST,100,195296.0,SSI-IN-0091,TEST
683,TRD100682,2026-08-14,SETTLED,INSTRUCTED,DEUTSCHE-BROKER,1500,1858470.0,SSI-DE-5510,TRAIN
684,TRD100683,2026-08-19,SETTLED,INSTRUCTED,KOTAK-CUST,200,122582.0,SSI-IN-0203,TRAIN
685,TRD100684,2026-08-08,SETTLED,INSTRUCTED,DEUTSCHE-BROKER,750,9708352.5,SSI-DE-5510,TRAIN
686,TRD100685,2026-08-05,SETTLED,INSTRUCTED,MORGANSTANLEY-BROKER,250,309912.5,SSI-US-7742,TRAIN
687,TRD100686,2026-08-10,SETTLED,INSTRUCTED,MORGANSTANLEY-BROKER,200,169632.0,SSI-US-7742,TRAIN
688,TRD100687,2026-08-12,SETTLED,INSTRUCTED,DEUTSCHE-BROKER,2000,3389920.0,SSI-DE-5510,TEST
689,TRD100688,2026-08-14,SETTLED,INSTRUCTED,NOMURA-BROKER,200,93552.0,SSI-JP-3389,TRAIN
690,TRD100689,2026-08-13,SETTLED,INSTRUCTED,MORGANSTANLEY-BROKER,1000,2743200.0,SSI-US-7742,TRAIN
691,TRD100690,2026-08-12,PENDING,MISSING,ICICI-CUST,750,1251285.0,,TEST
692,TRD100691,2026-08-20,SETTLED,INSTRUCTED,KOTAK-CUST,1000,843220.0,SSI-IN-0203,TEST
693,TRD100692,2026-08-09,SETTLED,INSTRUCTED,KOTAK-CUST,500,233830.0,SSI-IN-0203,TRAIN
694,TRD100693,2026-08-13,SETTLED,INSTRUCTED,HDFC-CUST,500,840415.0,SSI-IN-0147,TRAIN
695,TRD100694,2026-08-17,SETTLED,INSTRUCTED,MORGANSTANLEY-BROKER,200,34550.0,SSI-US-7742,TRAIN
696,TRD100695,2026-08-12,SETTLED,INSTRUCTED,DEUTSCHE-BROKER,2000,25926560.0,SSI-DE-5510,TRAIN
697,TRD100696,2026-08-20,SETTLED,INSTRUCTED,HDFC-CUST,750,1416277.5,SSI-IN-0147,TRAIN
698,TRD100697,2026-08-14,SETTLED,INSTRUCTED,NOMURA-BROKER,100,46891.0,SSI-JP-3389,TRAIN
699,TRD100698,2026-08-02,SETTLED,INSTRUCTED,ICICI-CUST,2000,8226300.0,SSI-IN-0091,TRAIN
700,TRD100699,2026-08-21,SETTLED,INSTRUCTED,KOTAK-CUST,200,235638.0,SSI-IN-0203,TRAIN
701,TRD100700,2026-08-21,SETTLED,INSTRUCTED,KOTAK-CUST,750,1256040.0,SSI-IN-0203,TRAIN
702,TRD100701,2026-08-13,SETTLED,INSTRUCTED,KOTAK-CUST,1500,701310.0,SSI-IN-0203,TEST
703,TRD100702,2026-08-20,SETTLED,INSTRUCTED,NOMURA-BROKER,250,117307.5,SSI-JP-3389,TRAIN
704,TRD100703,2026-08-19,SETTLED,INSTRUCTED,DEUTSCHE-BROKER,750,459157.5,SSI-DE-5510,TRAIN
705,TRD100704,2026-08-02,SETTLED,INSTRUCTED,HDFC-CUST,250,472447.5,SSI-IN-0147,TRAIN
706,TRD100705,2026-08-11,SETTLED,INSTRUCTED,KOTAK-CUST,1000,1895690.0,SSI-IN-0203,TRAIN
707,TRD100706,2026-08-10,SETTLED,INSTRUCTED,DEUTSCHE-BROKER,250,1025655.0,SSI-DE-5510,TRAIN
708,TRD100707,2026-08-17,PENDING,INSTRUCTED,MORGANSTANLEY-BROKER,1000,608880.0,SSI-US-7742,TRAIN
709,TRD100708,2026-08-21,SETTLED,INSTRUCTED,HDFC-CUST,1500,4259550.0,SSI-IN-0147,TRAIN
710,TRD100709,2026-08-17,SETTLED,INSTRUCTED,NOMURA-BROKER,1000,847060.0,SSI-JP-3389,TRAIN
711,TRD100710,2026-08-06,SETTLED,INSTRUCTED,HDFC-CUST,750,1267342.5,SSI-IN-0147,TRAIN
712,TRD100711,2026-08-04,SETTLED,INSTRUCTED,ICICI-CUST,1500,2943780.0,SSI-IN-0091,TRAIN
713,TRD100712,2026-08-11,SETTLED,INSTRUCTED,NOMURA-BROKER,1000,1672130.0,SSI-JP-3389,TEST
714,TRD100713,2026-08-13,PENDING,MISSING,NOMURA-BROKER,2000,2488580.0,,TRAIN
715,TRD100714,2026-08-06,SETTLED,INSTRUCTED,NOMURA-BROKER,250,474250.0,SSI-JP-3389,TRAIN
716,TRD100715,2026-08-14,SETTLED,INSTRUCTED,ICICI-CUST,200,121716.0,SSI-IN-0091,TRAIN
717,TRD100716,2026-08-02,SETTLED,INSTRUCTED,DEUTSCHE-BROKER,2000,345060.0,SSI-DE-5510,TEST
718,TRD100717,2026-08-14,SETTLED,INSTRUCTED,KOTAK-CUST,250,308910.0,SSI-IN-0203,TRAIN
719,TRD100718,2026-08-06,SETTLED,INSTRUCTED,HDFC-CUST,750,457500.0,SSI-IN-0147,TRAIN
720,TRD100719,2026-08-12,SETTLED,INSTRUCTED,DEUTSCHE-BROKER,1000,2860770.0,SSI-DE-5510,TRAIN
721,TRD100720,2026-08-19,SETTLED,INSTRUCTED,HDFC-CUST,2000,7333440.0,SSI-IN-0147,TRAIN
722,TRD100721,2026-08-17,SETTLED,INSTRUCTED,MORGANSTANLEY-BROKER,750,2771400.0,SSI-US-7742,TRAIN
723,TRD100722,2026-08-10,SETTLED,INSTRUCTED,HDFC-CUST,750,351202.5,SSI-IN-0147,TEST
724,TRD100723,2026-08-17,SETTLED,INSTRUCTED,MORGANSTANLEY-BROKER,250,711512.5,SSI-US-7742,TRAIN
725,TRD100724,2026-08-15,SETTLED,INSTRUCTED,KOTAK-CUST,2000,5480200.0,SSI-IN-0203,TRAIN
726,TRD100725,2026-08-19,SETTLED,INSTRUCTED,DEUTSCHE-BROKER,1000,3668690.0,SSI-DE-5510,TRAIN
727,TRD100726,2026-08-09,SETTLED,INSTRUCTED,KOTAK-CUST,1500,2844765.0,SSI-IN-0203,TEST
728,TRD100727,2026-08-21,PENDING,MISSING,NOMURA-BROKER,500,978010.0,,TRAIN
729,TRD100728,2026-08-04,SETTLED,INSTRUCTED,HDFC-CUST,750,1465500.0,SSI-IN-0147,TRAIN
730,TRD100729,2026-08-10,SETTLED,INSTRUCTED,NOMURA-BROKER,2000,8251200.0,SSI-JP-3389,TEST
731,TRD100730,2026-08-19,SETTLED,INSTRUCTED,ICICI-CUST,100,84266.0,SSI-IN-0091,TRAIN
732,TRD100731,2026-08-16,SETTLED,INSTRUCTED,NOMURA-BROKER,750,927112.5,SSI-JP-3389,TRAIN
733,TRD100732,2026-08-08,SETTLED,INSTRUCTED,KOTAK-CUST,250,1025187.5,SSI-IN-0203,TRAIN
734,TRD100733,2026-08-16,FAILED,INCORRECT,NOMURA-BROKER,2000,5518540.0,SSI-IN-0147,TRAIN
735,TRD100734,2026-08-14,SETTLED,INSTRUCTED,ICICI-CUST,250,1025615.0,SSI-IN-0091,TRAIN
736,TRD100735,2026-08-02,SETTLED,INSTRUCTED,ICICI-CUST,750,1260382.5,SSI-IN-0091,TRAIN
737,TRD100736,2026-08-03,SETTLED,INSTRUCTED,HDFC-CUST,2000,5477320.0,SSI-IN-0147,TRAIN
738,TRD100737,2026-08-11,SETTLED,INSTRUCTED,KOTAK-CUST,500,1839575.0,SSI-IN-0203,TRAIN
739,TRD100738,2026-08-22,FAILED,INCORRECT,KOTAK-CUST,200,121768.0,SSI-JP-3389,TRAIN
740,TRD100739,2026-08-08,SETTLED,INSTRUCTED,ICICI-CUST,100,17308.0,SSI-IN-0091,TRAIN
741,TRD100740,2026-08-10,SETTLED,INSTRUCTED,MORGANSTANLEY-BROKER,100,84279.0,SSI-US-7742,TRAIN
742,TRD100741,2026-08-03,SETTLED,INSTRUCTED,MORGANSTANLEY-BROKER,500,1366060.0,SSI-US-7742,TRAIN
743,TRD100742,2026-08-17,SETTLED,INSTRUCTED,ICICI-CUST,200,168696.0,SSI-IN-0091,TRAIN
744,TRD100743,2026-08-19,SETTLED,INSTRUCTED,ICICI-CUST,1000,2854620.0,SSI-IN-0091,TRAIN
745,TRD100744,2026-08-22,SETTLED,INSTRUCTED,KOTAK-CUST,1000,1683270.0,SSI-IN-0203,TEST
746,TRD100745,2026-08-06,SETTLED,INSTRUCTED,KOTAK-CUST,1500,4269690.0,SSI-IN-0203,TEST
747,TRD100746,2026-08-19,SETTLED,INSTRUCTED,NOMURA-BROKER,2000,1221420.0,SSI-JP-3389,TRAIN
748,TRD100747,2026-08-12,SETTLED,INSTRUCTED,NOMURA-BROKER,250,295190.0,SSI-JP-3389,TRAIN
749,TRD100748,2026-08-06,SETTLED,INSTRUCTED,DEUTSCHE-BROKER,250,3231010.0,SSI-DE-5510,TRAIN
750,TRD100749,2026-08-22,SETTLED,INSTRUCTED,MORGANSTANLEY-BROKER,1000,3678460.0,SSI-US-7742,TRAIN
751,TRD100750,2026-08-13,SETTLED,INSTRUCTED,MORGANSTANLEY-BROKER,100,17266.0,SSI-US-7742,TRAIN
752,TRD100751,2026-08-19,PENDING,MISSING,DEUTSCHE-BROKER,200,122264.0,,TRAIN
753,TRD100752,2026-08-12,SETTLED,INSTRUCTED,DEUTSCHE-BROKER,250,687175.0,SSI-DE-5510,TRAIN
754,TRD100753,2026-08-06,SETTLED,INSTRUCTED,HDFC-CUST,200,820390.0,SSI-IN-0147,TRAIN
755,TRD100754,2026-08-03,SETTLED,INSTRUCTED,MORGANSTANLEY-BROKER,2000,8216080.0,SSI-US-7742,TRAIN
756,TRD100755,2026-08-09,SETTLED,INSTRUCTED,MORGANSTANLEY-BROKER,750,2747670.0,SSI-US-7742,TEST
757,TRD100756,2026-08-04,SETTLED,INSTRUCTED,DEUTSCHE-BROKER,500,86360.0,SSI-DE-5510,TRAIN
758,TRD100757,2026-08-03,SETTLED,INSTRUCTED,MORGANSTANLEY-BROKER,1500,5538000.0,SSI-US-7742,TRAIN
759,TRD100758,2026-08-04,SETTLED,INSTRUCTED,HDFC-CUST,200,122478.0,SSI-IN-0147,TRAIN
760,TRD100759,2026-08-08,SETTLED,INSTRUCTED,HDFC-CUST,500,305270.0,SSI-IN-0147,TRAIN
761,TRD100760,2026-08-22,SETTLED,INSTRUCTED,MORGANSTANLEY-BROKER,1500,5533815.0,SSI-US-7742,TRAIN
762,TRD100761,2026-08-07,SETTLED,INSTRUCTED,HDFC-CUST,1500,919035.0,SSI-IN-0147,TRAIN
763,TRD100762,2026-08-25,PENDING,INSTRUCTED,DEUTSCHE-BROKER,250,489090.0,SSI-DE-5510,TRAIN
764,TRD100763,2026-08-15,SETTLED,INSTRUCTED,NOMURA-BROKER,1000,3692840.0,SSI-JP-3389,TRAIN
765,TRD100764,2026-08-08,SETTLED,INSTRUCTED,DEUTSCHE-BROKER,500,590500.0,SSI-DE-5510,TRAIN
766,TRD100765,2026-08-02,SETTLED,INSTRUCTED,NOMURA-BROKER,2000,942120.0,SSI-JP-3389,TRAIN
767,TRD100766,2026-08-11,SETTLED,INSTRUCTED,ICICI-CUST,100,118046.0,SSI-IN-0091,TEST
768,TRD100767,2026-08-10,SETTLED,INSTRUCTED,MORGANSTANLEY-BROKER,1000,1667190.0,SSI-US-7742,TEST
769,TRD100768,2026-08-06,SETTLED,INSTRUCTED,KOTAK-CUST,2000,5692780.0,SSI-IN-0203,TRAIN
770,TRD100769,2026-08-04,SETTLED,INSTRUCTED,MORGANSTANLEY-BROKER,750,1260307.5,SSI-US-7742,TRAIN
771,TRD100770,2026-08-17,SETTLED,INSTRUCTED,HDFC-CUST,200,122342.0,SSI-IN-0147,TRAIN
772,TRD100771,2026-08-20,PENDING,MISSING,DEUTSCHE-BROKER,750,881092.5,,TRAIN
773,TRD100772,2026-08-15,PENDING,MISSING,DEUTSCHE-BROKER,1000,172190.0,,TRAIN
774,TRD100773,2026-08-22,SETTLED,INSTRUCTED,DEUTSCHE-BROKER,100,61117.0,SSI-DE-5510,TRAIN
775,TRD100774,2026-08-20,SETTLED,INSTRUCTED,HDFC-CUST,100,367350.0,SSI-IN-0147,TRAIN
776,TRD100775,2026-08-14,SETTLED,INSTRUCTED,DEUTSCHE-BROKER,100,189358.0,SSI-DE-5510,TRAIN
777,TRD100776,2026-08-06,SETTLED,INSTRUCTED,HDFC-CUST,750,1271430.0,SSI-IN-0147,TRAIN
778,TRD100777,2026-08-10,SETTLED,INSTRUCTED,ICICI-CUST,100,46913.0,SSI-IN-0091,TRAIN
779,TRD100778,2026-08-17,SETTLED,INSTRUCTED,MORGANSTANLEY-BROKER,250,688197.5,SSI-US-7742,TRAIN
780,TRD100779,2026-08-18,SETTLED,INSTRUCTED,HDFC-CUST,500,845715.0,SSI-IN-0147,TRAIN
781,TRD100780,2026-08-20,SETTLED,INSTRUCTED,ICICI-CUST,1500,1857915.0,SSI-IN-0091,TRAIN
782,TRD100781,2026-08-12,SETTLED,INSTRUCTED,KOTAK-CUST,1000,1687840.0,SSI-IN-0203,TRAIN
783,TRD100782,2026-08-16,FAILED,INCORRECT,MORGANSTANLEY-BROKER,1000,1892500.0,SSI-DE-5510,TRAIN
784,TRD100783,2026-08-13,SETTLED,INSTRUCTED,HDFC-CUST,500,1420970.0,SSI-IN-0147,TRAIN
785,TRD100784,2026-08-21,SETTLED,INSTRUCTED,HDFC-CUST,100,60878.0,SSI-IN-0147,TRAIN
786,TRD100785,2026-08-17,SETTLED,INSTRUCTED,ICICI-CUST,200,168790.0,SSI-IN-0091,TEST
787,TRD100786,2026-08-18,SETTLED,INSTRUCTED,KOTAK-CUST,500,304270.0,SSI-IN-0203,TRAIN
788,TRD100787,2026-08-18,PENDING,MISSING,ICICI-CUST,100,60960.0,,TRAIN
789,TRD100788,2026-08-21,SETTLED,INSTRUCTED,KOTAK-CUST,750,2131477.5,SSI-IN-0203,TEST
790,TRD100789,2026-08-10,SETTLED,INSTRUCTED,NOMURA-BROKER,100,194722.0,SSI-JP-3389,TRAIN
791,TRD100790,2026-08-22,SETTLED,INSTRUCTED,DEUTSCHE-BROKER,750,2145727.5,SSI-DE-5510,TEST
792,TRD100791,2026-08-17,SETTLED,INSTRUCTED,MORGANSTANLEY-BROKER,200,739002.0,SSI-US-7742,TRAIN
793,TRD100792,2026-08-02,SETTLED,INSTRUCTED,ICICI-CUST,2000,3352440.0,SSI-IN-0091,TRAIN
794,TRD100793,2026-08-07,SETTLED,INSTRUCTED,ICICI-CUST,2000,1689400.0,SSI-IN-0091,TEST
795,TRD100794,2026-08-18,SETTLED,INSTRUCTED,KOTAK-CUST,750,632527.5,SSI-IN-0203,TRAIN
796,TRD100795,2026-08-02,SETTLED,INSTRUCTED,MORGANSTANLEY-BROKER,1500,259680.0,SSI-US-7742,TEST
797,TRD100796,2026-08-06,SETTLED,INSTRUCTED,ICICI-CUST,1000,1897810.0,SSI-IN-0091,TRAIN
798,TRD100797,2026-08-15,SETTLED,INSTRUCTED,KOTAK-CUST,500,845815.0,SSI-IN-0203,TRAIN
799,TRD100798,2026-08-06,SETTLED,INSTRUCTED,MORGANSTANLEY-BROKER,250,917340.0,SSI-US-7742,TRAIN
800,TRD100799,2026-08-06,SETTLED,INSTRUCTED,NOMURA-BROKER,250,309982.5,SSI-JP-3389,TRAIN
801,TRD100800,2026-08-06,SETTLED,INSTRUCTED,NOMURA-BROKER,200,821546.0,SSI-JP-3389,TRAIN
802,TRD100801,2026-08-11,SETTLED,INSTRUCTED,DEUTSCHE-BROKER,1500,259875.0,SSI-DE-5510,TRAIN
803,TRD100802,2026-08-07,SETTLED,INSTRUCTED,ICICI-CUST,500,1367400.0,SSI-IN-0091,TEST
804,TRD100803,2026-08-02,SETTLED,INSTRUCTED,KOTAK-CUST,500,588535.0,SSI-IN-0203,TRAIN
805,TRD100804,2026-08-13,SETTLED,INSTRUCTED,HDFC-CUST,2000,3788620.0,SSI-IN-0147,TRAIN
806,TRD100805,2026-08-09,SETTLED,INSTRUCTED,ICICI-CUST,250,116830.0,SSI-IN-0091,TEST
807,TRD100806,2026-08-09,SETTLED,INSTRUCTED,NOMURA-BROKER,750,129922.5,SSI-JP-3389,TRAIN
808,TRD100807,2026-08-16,SETTLED,INSTRUCTED,MORGANSTANLEY-BROKER,250,1034587.5,SSI-US-7742,TRAIN
809,TRD100808,2026-08-15,SETTLED,INSTRUCTED,DEUTSCHE-BROKER,2000,26060620.0,SSI-DE-5510,TRAIN
810,TRD100809,2026-08-20,SETTLED,INSTRUCTED,MORGANSTANLEY-BROKER,1000,609700.0,SSI-US-7742,TRAIN
811,TRD100810,2026-08-03,SETTLED,INSTRUCTED,HDFC-CUST,2000,940860.0,SSI-IN-0147,TRAIN
812,TRD100811,2026-08-22,SETTLED,INSTRUCTED,ICICI-CUST,1500,5521110.0,SSI-IN-0091,TRAIN
813,TRD100812,2026-08-11,SETTLED,INSTRUCTED,DEUTSCHE-BROKER,1500,706050.0,SSI-DE-5510,TEST
814,TRD100813,2026-08-06,SETTLED,INSTRUCTED,DEUTSCHE-BROKER,100,124316.0,SSI-DE-5510,TRAIN
815,TRD100814,2026-08-20,SETTLED,INSTRUCTED,NOMURA-BROKER,200,121680.0,SSI-JP-3389,TRAIN
816,TRD100815,2026-08-07,SETTLED,INSTRUCTED,DEUTSCHE-BROKER,1000,1689570.0,SSI-DE-5510,TRAIN
817,TRD100816,2026-08-22,SETTLED,INSTRUCTED,NOMURA-BROKER,750,3085125.0,SSI-JP-3389,TRAIN
818,TRD100817,2026-08-22,SETTLED,INSTRUCTED,KOTAK-CUST,200,825850.0,SSI-IN-0203,TRAIN
819,TRD100818,2026-08-14,FAILED,INCORRECT,ICICI-CUST,250,152402.5,SSI-JP-3389,TRAIN
820,TRD100819,2026-08-06,SETTLED,INSTRUCTED,HDFC-CUST,250,294065.0,SSI-IN-0147,TRAIN
821,TRD100820,2026-08-16,SETTLED,INSTRUCTED,KOTAK-CUST,750,932745.0,SSI-IN-0203,TRAIN
822,TRD100821,2026-08-02,SETTLED,INSTRUCTED,MORGANSTANLEY-BROKER,250,43310.0,SSI-US-7742,TRAIN
823,TRD100822,2026-08-20,SETTLED,INSTRUCTED,ICICI-CUST,2000,941140.0,SSI-IN-0091,TRAIN
824,TRD100823,2026-08-16,SETTLED,INSTRUCTED,ICICI-CUST,2000,3348860.0,SSI-IN-0091,TRAIN
825,TRD100824,2026-08-19,SETTLED,INSTRUCTED,HDFC-CUST,750,129495.0,SSI-IN-0147,TRAIN
826,TRD100825,2026-08-03,SETTLED,INSTRUCTED,HDFC-CUST,100,189320.0,SSI-IN-0147,TEST
827,TRD100826,2026-08-15,SETTLED,INSTRUCTED,HDFC-CUST,200,168358.0,SSI-IN-0147,TRAIN
828,TRD100827,2026-08-20,SETTLED,INSTRUCTED,KOTAK-CUST,250,296437.5,SSI-IN-0203,TRAIN
829,TRD100828,2026-08-14,SETTLED,INSTRUCTED,ICICI-CUST,750,2055555.0,SSI-IN-0091,TRAIN
830,TRD100829,2026-08-10,SETTLED,INSTRUCTED,KOTAK-CUST,2000,2472540.0,SSI-IN-0203,TRAIN
831,TRD100830,2026-08-05,SETTLED,INSTRUCTED,MORGANSTANLEY-BROKER,500,305515.0,SSI-US-7742,TRAIN
832,TRD100831,2026-08-12,SETTLED,INSTRUCTED,KOTAK-CUST,750,457425.0,SSI-IN-0203,TRAIN
833,TRD100832,2026-08-22,SETTLED,INSTRUCTED,DEUTSCHE-BROKER,2000,2360960.0,SSI-DE-5510,TRAIN
834,TRD100833,2026-08-08,SETTLED,INSTRUCTED,ICICI-CUST,500,86405.0,SSI-IN-0091,TRAIN
835,TRD100834,2026-08-08,SETTLED,INSTRUCTED,MORGANSTANLEY-BROKER,200,94002.0,SSI-US-7742,TRAIN
836,TRD100835,2026-08-22,SETTLED,INSTRUCTED,HDFC-CUST,1000,2846210.0,SSI-IN-0147,TRAIN
837,TRD100836,2026-08-04,SETTLED,INSTRUCTED,KOTAK-CUST,750,456637.5,SSI-IN-0203,TRAIN
838,TRD100837,2026-08-12,SETTLED,INSTRUCTED,KOTAK-CUST,100,273500.0,SSI-IN-0203,TRAIN
839,TRD100838,2026-08-12,SETTLED,INSTRUCTED,NOMURA-BROKER,250,3235070.0,SSI-JP-3389,TRAIN
840,TRD100839,2026-08-17,SETTLED,INSTRUCTED,HDFC-CUST,100,274960.0,SSI-IN-0147,TRAIN
841,TRD100840,2026-08-03,SETTLED,INSTRUCTED,MORGANSTANLEY-BROKER,1500,706365.0,SSI-US-7742,TRAIN
842,TRD100841,2026-08-12,PENDING,MISSING,KOTAK-CUST,100,366941.0,,TRAIN
843,TRD100842,2026-08-14,SETTLED,INSTRUCTED,NOMURA-BROKER,100,123880.0,SSI-JP-3389,TRAIN
844,TRD100843,2026-08-11,SETTLED,INSTRUCTED,NOMURA-BROKER,200,379438.0,SSI-JP-3389,TRAIN
845,TRD100844,2026-08-09,SETTLED,INSTRUCTED,KOTAK-CUST,1500,1853505.0,SSI-IN-0203,TRAIN
846,TRD100845,2026-08-13,SETTLED,INSTRUCTED,ICICI-CUST,750,1252320.0,SSI-IN-0091,TRAIN
847,TRD100846,2026-08-18,SETTLED,INSTRUCTED,HDFC-CUST,100,47030.0,SSI-IN-0147,TEST
848,TRD100847,2026-08-18,SETTLED,INSTRUCTED,KOTAK-CUST,2000,345700.0,SSI-IN-0203,TRAIN
849,TRD100848,2026-08-18,SETTLED,INSTRUCTED,NOMURA-BROKER,200,550888.0,SSI-JP-3389,TRAIN
850,TRD100849,2026-08-18,SETTLED,INSTRUCTED,ICICI-CUST,100,61010.0,SSI-IN-0091,TRAIN
851,TRD100850,2026-08-21,SETTLED,INSTRUCTED,ICICI-CUST,100,17277.0,SSI-IN-0091,TRAIN
852,TRD100851,2026-08-11,SETTLED,INSTRUCTED,ICICI-CUST,100,17177.0,SSI-IN-0091,TRAIN
853,TRD100852,2026-08-10,SETTLED,INSTRUCTED,MORGANSTANLEY-BROKER,500,421500.0,SSI-US-7742,TRAIN
854,TRD100853,2026-08-07,SETTLED,INSTRUCTED,KOTAK-CUST,200,390250.0,SSI-IN-0203,TRAIN
855,TRD100854,2026-08-13,SETTLED,INSTRUCTED,MORGANSTANLEY-BROKER,200,235358.0,SSI-US-7742,TRAIN
856,TRD100855,2026-08-07,SETTLED,INSTRUCTED,ICICI-CUST,750,1418775.0,SSI-IN-0091,TEST
857,TRD100856,2026-08-02,SETTLED,INSTRUCTED,DEUTSCHE-BROKER,2000,7327240.0,SSI-DE-5510,TRAIN
858,TRD100857,2026-08-19,PENDING,INSTRUCTED,HDFC-CUST,100,168340.0,SSI-IN-0147,TEST
859,TRD100858,2026-08-19,SETTLED,INSTRUCTED,ICICI-CUST,1000,1244740.0,SSI-IN-0091,TEST
860,TRD100859,2026-08-11,SETTLED,INSTRUCTED,NOMURA-BROKER,2000,8208300.0,SSI-JP-3389,TRAIN
861,TRD100860,2026-08-21,SETTLED,INSTRUCTED,KOTAK-CUST,500,834615.0,SSI-IN-0203,TEST
862,TRD100861,2026-08-12,SETTLED,INSTRUCTED,DEUTSCHE-BROKER,1000,1895760.0,SSI-DE-5510,TEST
863,TRD100862,2026-08-17,SETTLED,INSTRUCTED,DEUTSCHE-BROKER,2000,8209600.0,SSI-DE-5510,TRAIN
864,TRD100863,2026-08-06,SETTLED,INSTRUCTED,MORGANSTANLEY-BROKER,1000,2748470.0,SSI-US-7742,TRAIN
865,TRD100864,2026-08-22,SETTLED,INSTRUCTED,ICICI-CUST,200,2591480.0,SSI-IN-0091,TRAIN
866,TRD100865,2026-08-09,SETTLED,INSTRUCTED,MORGANSTANLEY-BROKER,1500,2528970.0,SSI-US-7742,TRAIN
867,TRD100866,2026-08-20,SETTLED,INSTRUCTED,DEUTSCHE-BROKER,200,337542.0,SSI-DE-5510,TRAIN
868,TRD100867,2026-08-04,SETTLED,INSTRUCTED,NOMURA-BROKER,500,1834060.0,SSI-JP-3389,TRAIN
869,TRD100868,2026-08-05,SETTLED,INSTRUCTED,DEUTSCHE-BROKER,2000,2356380.0,SSI-DE-5510,TRAIN
870,TRD100869,2026-08-21,SETTLED,INSTRUCTED,DEUTSCHE-BROKER,200,338412.0,SSI-DE-5510,TRAIN
871,TRD100870,2026-08-06,SETTLED,INSTRUCTED,MORGANSTANLEY-BROKER,100,194769.0,SSI-US-7742,TRAIN
872,TRD100871,2026-08-11,SETTLED,INSTRUCTED,DEUTSCHE-BROKER,250,488695.0,SSI-DE-5510,TRAIN
873,TRD100872,2026-08-11,SETTLED,INSTRUCTED,DEUTSCHE-BROKER,1000,1671850.0,SSI-DE-5510,TRAIN
874,TRD100873,2026-08-18,SETTLED,INSTRUCTED,DEUTSCHE-BROKER,100,118157.0,SSI-DE-5510,TRAIN
875,TRD100874,2026-08-03,SETTLED,INSTRUCTED,ICICI-CUST,1000,2861930.0,SSI-IN-0091,TRAIN
876,TRD100875,2026-08-09,SETTLED,INSTRUCTED,DEUTSCHE-BROKER,750,9770602.5,SSI-DE-5510,TRAIN
877,TRD100876,2026-08-15,SETTLED,INSTRUCTED,MORGANSTANLEY-BROKER,1500,914670.0,SSI-US-7742,TRAIN
878,TRD100877,2026-08-14,SETTLED,INSTRUCTED,KOTAK-CUST,250,116860.0,SSI-IN-0203,TRAIN
879,TRD100878,2026-08-04,SETTLED,INSTRUCTED,NOMURA-BROKER,250,309065.0,SSI-JP-3389,TRAIN
880,TRD100879,2026-08-06,SETTLED,INSTRUCTED,ICICI-CUST,2000,1222620.0,SSI-IN-0091,TRAIN
881,TRD100880,2026-08-22,SETTLED,INSTRUCTED,DEUTSCHE-BROKER,2000,26062180.0,SSI-DE-5510,TRAIN
882,TRD100881,2026-08-16,SETTLED,INSTRUCTED,DEUTSCHE-BROKER,1500,5523105.0,SSI-DE-5510,TRAIN
883,TRD100882,2026-08-20,SETTLED,INSTRUCTED,DEUTSCHE-BROKER,1500,2838420.0,SSI-DE-5510,TRAIN
884,TRD100883,2026-08-03,SETTLED,INSTRUCTED,MORGANSTANLEY-BROKER,1000,1682510.0,SSI-US-7742,TRAIN
885,TRD100884,2026-08-04,SETTLED,INSTRUCTED,HDFC-CUST,2000,8279560.0,SSI-IN-0147,TRAIN
886,TRD100885,2026-08-21,SETTLED,INSTRUCTED,ICICI-CUST,200,736202.0,SSI-IN-0091,TEST
887,TRD100886,2026-08-19,SETTLED,INSTRUCTED,MORGANSTANLEY-BROKER,200,391860.0,SSI-US-7742,TRAIN
888,TRD100887,2026-08-02,SETTLED,INSTRUCTED,DEUTSCHE-BROKER,1000,172510.0,SSI-DE-5510,TRAIN
889,TRD100888,2026-08-11,SETTLED,INSTRUCTED,KOTAK-CUST,1000,1179320.0,SSI-IN-0203,TRAIN
890,TRD100889,2026-08-20,SETTLED,INSTRUCTED,KOTAK-CUST,750,458805.0,SSI-IN-0203,TRAIN
891,TRD100890,2026-08-11,SETTLED,INSTRUCTED,NOMURA-BROKER,250,295277.5,SSI-JP-3389,TRAIN
892,TRD100891,2026-08-04,SETTLED,INSTRUCTED,KOTAK-CUST,200,93430.0,SSI-IN-0203,TEST
893,TRD100892,2026-08-10,SETTLED,INSTRUCTED,ICICI-CUST,750,883200.0,SSI-IN-0091,TRAIN
894,TRD100893,2026-08-13,SETTLED,INSTRUCTED,HDFC-CUST,250,43180.0,SSI-IN-0147,TRAIN
895,TRD100894,2026-08-03,SETTLED,INSTRUCTED,KOTAK-CUST,250,117575.0,SSI-IN-0203,TEST
896,TRD100895,2026-08-15,SETTLED,INSTRUCTED,DEUTSCHE-BROKER,250,296057.5,SSI-DE-5510,TRAIN
897,TRD100896,2026-08-13,SETTLED,INSTRUCTED,ICICI-CUST,250,152147.5,SSI-IN-0091,TRAIN
898,TRD100897,2026-08-17,SETTLED,INSTRUCTED,KOTAK-CUST,250,712367.5,SSI-IN-0203,TEST
899,TRD100898,2026-08-06,SETTLED,INSTRUCTED,MORGANSTANLEY-BROKER,1500,2534955.0,SSI-US-7742,TRAIN
900,TRD100899,2026-08-12,SETTLED,INSTRUCTED,MORGANSTANLEY-BROKER,2000,2478680.0,SSI-US-7742,TRAIN
901,TRD100900,2026-08-15,SETTLED,INSTRUCTED,MORGANSTANLEY-BROKER,1000,173240.0,SSI-US-7742,TRAIN
902,TRD100901,2026-08-10,SETTLED,INSTRUCTED,NOMURA-BROKER,750,933412.5,SSI-JP-3389,TRAIN
903,TRD100902,2026-08-20,SETTLED,INSTRUCTED,HDFC-CUST,500,1376015.0,SSI-IN-0147,TRAIN
904,TRD100903,2026-08-04,SETTLED,INSTRUCTED,ICICI-CUST,100,84706.0,SSI-IN-0091,TRAIN
905,TRD100904,2026-08-13,SETTLED,INSTRUCTED,HDFC-CUST,200,737396.0,SSI-IN-0147,TEST
906,TRD100905,2026-08-04,SETTLED,INSTRUCTED,ICICI-CUST,100,166722.0,SSI-IN-0091,TEST
907,TRD100906,2026-08-21,SETTLED,INSTRUCTED,HDFC-CUST,200,121566.0,SSI-IN-0147,TEST
908,TRD100907,2026-08-10,SETTLED,INSTRUCTED,KOTAK-CUST,200,34558.0,SSI-IN-0203,TRAIN
909,TRD100908,2026-08-10,SETTLED,INSTRUCTED,DEUTSCHE-BROKER,2000,3927940.0,SSI-DE-5510,TRAIN
910,TRD100909,2026-08-03,SETTLED,INSTRUCTED,DEUTSCHE-BROKER,200,377218.0,SSI-DE-5510,TRAIN
911,TRD100910,2026-08-10,SETTLED,INSTRUCTED,HDFC-CUST,750,2147617.5,SSI-IN-0147,TRAIN
912,TRD100911,2026-08-08,SETTLED,INSTRUCTED,NOMURA-BROKER,500,234710.0,SSI-JP-3389,TRAIN
913,TRD100912,2026-08-22,SETTLED,INSTRUCTED,ICICI-CUST,1500,2827470.0,SSI-IN-0091,TEST
914,TRD100913,2026-08-20,SETTLED,INSTRUCTED,NOMURA-BROKER,100,410315.0,SSI-JP-3389,TRAIN
915,TRD100914,2026-08-24,PENDING,INSTRUCTED,ICICI-CUST,2000,5680980.0,SSI-IN-0091,TRAIN
916,TRD100915,2026-08-14,SETTLED,INSTRUCTED,MORGANSTANLEY-BROKER,250,310820.0,SSI-US-7742,TRAIN
917,TRD100916,2026-08-04,FAILED,INCORRECT,MORGANSTANLEY-BROKER,1500,702675.0,SSI-IN-0203,TEST
918,TRD100917,2026-08-19,PENDING,MISSING,KOTAK-CUST,2000,3368000.0,,TRAIN
919,TRD100918,2026-08-22,SETTLED,INSTRUCTED,ICICI-CUST,100,169264.0,SSI-IN-0091,TRAIN
920,TRD100919,2026-08-11,SETTLED,INSTRUCTED,NOMURA-BROKER,2000,8262960.0,SSI-JP-3389,TRAIN
921,TRD100920,2026-08-08,SETTLED,INSTRUCTED,KOTAK-CUST,100,369736.0,SSI-IN-0203,TRAIN
922,TRD100921,2026-08-22,SETTLED,INSTRUCTED,DEUTSCHE-BROKER,1000,1955440.0,SSI-DE-5510,TEST
923,TRD100922,2026-08-20,SETTLED,INSTRUCTED,HDFC-CUST,500,1418485.0,SSI-IN-0147,TRAIN
924,TRD100923,2026-08-16,SETTLED,INSTRUCTED,ICICI-CUST,750,3090555.0,SSI-IN-0091,TRAIN
925,TRD100924,2026-08-03,SETTLED,INSTRUCTED,DEUTSCHE-BROKER,1000,2858700.0,SSI-DE-5510,TRAIN
926,TRD100925,2026-08-19,PENDING,MISSING,HDFC-CUST,2000,5515360.0,,TEST
927,TRD100926,2026-08-02,PENDING,MISSING,DEUTSCHE-BROKER,250,712545.0,,TRAIN
928,TRD100927,2026-08-23,SETTLED,INSTRUCTED,ICICI-CUST,250,151847.5,SSI-IN-0091,TRAIN
929,TRD100928,2026-08-04,SETTLED,INSTRUCTED,ICICI-CUST,250,117617.5,SSI-IN-0091,TRAIN
930,TRD100929,2026-08-08,FAILED,INCORRECT,DEUTSCHE-BROKER,500,587545.0,SSI-IN-0147,TRAIN
931,TRD100930,2026-08-20,SETTLED,INSTRUCTED,MORGANSTANLEY-BROKER,200,169924.0,SSI-US-7742,TRAIN
932,TRD100931,2026-08-20,SETTLED,INSTRUCTED,HDFC-CUST,500,6507150.0,SSI-IN-0147,TRAIN
933,TRD100932,2026-08-15,SETTLED,INSTRUCTED,HDFC-CUST,750,3079477.5,SSI-IN-0147,TEST
934,TRD100933,2026-08-03,SETTLED,INSTRUCTED,HDFC-CUST,500,235450.0,SSI-IN-0147,TRAIN
935,TRD100934,2026-08-17,SETTLED,INSTRUCTED,ICICI-CUST,250,683075.0,SSI-IN-0091,TRAIN
936,TRD100935,2026-08-20,SETTLED,INSTRUCTED,KOTAK-CUST,200,378842.0,SSI-IN-0203,TRAIN
937,TRD100936,2026-08-22,SETTLED,INSTRUCTED,KOTAK-CUST,250,152140.0,SSI-IN-0203,TEST
938,TRD100937,2026-08-03,SETTLED,INSTRUCTED,MORGANSTANLEY-BROKER,250,419262.5,SSI-US-7742,TRAIN
939,TRD100938,2026-08-11,SETTLED,INSTRUCTED,KOTAK-CUST,200,236350.0,SSI-IN-0203,TRAIN
940,TRD100939,2026-08-18,SETTLED,INSTRUCTED,ICICI-CUST,500,1834405.0,SSI-IN-0091,TRAIN
941,TRD100940,2026-08-08,SETTLED,INSTRUCTED,ICICI-CUST,500,233925.0,SSI-IN-0091,TEST
942,TRD100941,2026-08-03,SETTLED,INSTRUCTED,ICICI-CUST,250,116825.0,SSI-IN-0091,TRAIN
943,TRD100942,2026-08-21,SETTLED,INSTRUCTED,DEUTSCHE-BROKER,1500,2506560.0,SSI-DE-5510,TRAIN
944,TRD100943,2026-08-07,SETTLED,INSTRUCTED,HDFC-CUST,100,61294.0,SSI-IN-0147,TRAIN
945,TRD100944,2026-08-09,SETTLED,INSTRUCTED,NOMURA-BROKER,200,732872.0,SSI-JP-3389,TRAIN
946,TRD100945,2026-08-12,SETTLED,INSTRUCTED,HDFC-CUST,500,847290.0,SSI-IN-0147,TRAIN
947,TRD100946,2026-08-15,SETTLED,INSTRUCTED,HDFC-CUST,200,334160.0,SSI-IN-0147,TRAIN
948,TRD100947,2026-08-03,SETTLED,INSTRUCTED,DEUTSCHE-BROKER,2000,8248520.0,SSI-DE-5510,TEST
949,TRD100948,2026-08-13,SETTLED,INSTRUCTED,HDFC-CUST,2000,343780.0,SSI-IN-0147,TEST
950,TRD100949,2026-08-08,SETTLED,INSTRUCTED,KOTAK-CUST,1000,1965000.0,SSI-IN-0203,TRAIN
951,TRD100950,2026-08-05,SETTLED,INSTRUCTED,DEUTSCHE-BROKER,100,60901.0,SSI-DE-5510,TEST
952,TRD100951,2026-08-11,SETTLED,INSTRUCTED,MORGANSTANLEY-BROKER,1000,1885000.0,SSI-US-7742,TRAIN
953,TRD100952,2026-08-18,SETTLED,INSTRUCTED,DEUTSCHE-BROKER,500,587685.0,SSI-DE-5510,TRAIN
954,TRD100953,2026-08-15,SETTLED,INSTRUCTED,NOMURA-BROKER,2000,25902680.0,SSI-JP-3389,TRAIN
955,TRD100954,2026-08-20,SETTLED,INSTRUCTED,HDFC-CUST,1500,1269405.0,SSI-IN-0147,TEST
956,TRD100955,2026-08-18,SETTLED,INSTRUCTED,ICICI-CUST,100,286450.0,SSI-IN-0091,TRAIN
957,TRD100956,2026-08-09,SETTLED,INSTRUCTED,ICICI-CUST,200,93736.0,SSI-IN-0091,TRAIN
958,TRD100957,2026-08-09,SETTLED,INSTRUCTED,NOMURA-BROKER,250,418207.5,SSI-JP-3389,TRAIN
959,TRD100958,2026-08-16,SETTLED,INSTRUCTED,MORGANSTANLEY-BROKER,750,350482.5,SSI-US-7742,TRAIN
960,TRD100959,2026-08-14,SETTLED,INSTRUCTED,HDFC-CUST,250,117662.5,SSI-IN-0147,TEST
961,TRD100960,2026-08-04,SETTLED,INSTRUCTED,DEUTSCHE-BROKER,100,61255.0,SSI-DE-5510,TRAIN
962,TRD100961,2026-08-21,PENDING,MISSING,MORGANSTANLEY-BROKER,1500,1865910.0,,TRAIN
963,TRD100962,2026-08-03,SETTLED,INSTRUCTED,MORGANSTANLEY-BROKER,1000,1183030.0,SSI-US-7742,TEST
964,TRD100963,2026-08-21,SETTLED,INSTRUCTED,ICICI-CUST,1500,6172815.0,SSI-IN-0091,TEST
965,TRD100964,2026-08-08,SETTLED,INSTRUCTED,HDFC-CUST,200,378290.0,SSI-IN-0147,TRAIN
966,TRD100965,2026-08-20,SETTLED,INSTRUCTED,NOMURA-BROKER,200,737126.0,SSI-JP-3389,TRAIN
967,TRD100966,2026-08-18,SETTLED,INSTRUCTED,NOMURA-BROKER,1000,848960.0,SSI-JP-3389,TRAIN
968,TRD100967,2026-08-16,SETTLED,INSTRUCTED,DEUTSCHE-BROKER,200,569374.0,SSI-DE-5510,TRAIN
969,TRD100968,2026-08-13,SETTLED,INSTRUCTED,NOMURA-BROKER,750,457545.0,SSI-JP-3389,TRAIN
970,TRD100969,2026-08-14,SETTLED,INSTRUCTED,HDFC-CUST,2000,343480.0,SSI-IN-0147,TRAIN
971,TRD100970,2026-08-06,SETTLED,INSTRUCTED,DEUTSCHE-BROKER,250,1027880.0,SSI-DE-5510,TRAIN
972,TRD100971,2026-08-19,SETTLED,INSTRUCTED,HDFC-CUST,100,367254.0,SSI-IN-0147,TRAIN
973,TRD100972,2026-08-02,SETTLED,INSTRUCTED,KOTAK-CUST,2000,3388840.0,SSI-IN-0203,TRAIN
974,TRD100973,2026-08-18,FAILED,INCORRECT,NOMURA-BROKER,500,1430025.0,SSI-IN-0147,TRAIN
975,TRD100974,2026-08-12,SETTLED,INSTRUCTED,DEUTSCHE-BROKER,1000,1182090.0,SSI-DE-5510,TEST
976,TRD100975,2026-08-11,SETTLED,INSTRUCTED,HDFC-CUST,250,311435.0,SSI-IN-0147,TRAIN
977,TRD100976,2026-08-04,SETTLED,INSTRUCTED,HDFC-CUST,1000,471110.0,SSI-IN-0147,TRAIN
978,TRD100977,2026-08-07,SETTLED,INSTRUCTED,NOMURA-BROKER,250,117365.0,SSI-JP-3389,TRAIN
979,TRD100978,2026-08-05,FAILED,INCORRECT,ICICI-CUST,250,470975.0,SSI-IN-0147,TRAIN
980,TRD100979,2026-08-08,SETTLED,INSTRUCTED,MORGANSTANLEY-BROKER,750,351217.5,SSI-US-7742,TRAIN
981,TRD100980,2026-08-19,SETTLED,INSTRUCTED,HDFC-CUST,250,211132.5,SSI-IN-0147,TRAIN
982,TRD100981,2026-08-17,SETTLED,INSTRUCTED,HDFC-CUST,100,17229.0,SSI-IN-0147,TEST
983,TRD100982,2026-08-19,SETTLED,INSTRUCTED,MORGANSTANLEY-BROKER,100,189919.0,SSI-US-7742,TRAIN
984,TRD100983,2026-08-20,SETTLED,INSTRUCTED,NOMURA-BROKER,750,353325.0,SSI-JP-3389,TRAIN
985,TRD100984,2026-08-03,SETTLED,INSTRUCTED,HDFC-CUST,200,169512.0,SSI-IN-0147,TRAIN
986,TRD100985,2026-08-09,SETTLED,INSTRUCTED,DEUTSCHE-BROKER,1500,4280775.0,SSI-DE-5510,TRAIN
987,TRD100986,2026-08-11,PENDING,INSTRUCTED,MORGANSTANLEY-BROKER,100,84651.0,SSI-US-7742,TEST
988,TRD100987,2026-08-16,SETTLED,INSTRUCTED,NOMURA-BROKER,100,166822.0,SSI-JP-3389,TRAIN
989,TRD100988,2026-08-21,SETTLED,INSTRUCTED,MORGANSTANLEY-BROKER,2000,3344300.0,SSI-US-7742,TEST
990,TRD100989,2026-08-15,PENDING,MISSING,KOTAK-CUST,250,423512.5,,TRAIN
991,TRD100990,2026-08-11,SETTLED,INSTRUCTED,DEUTSCHE-BROKER,750,2134560.0,SSI-DE-5510,TRAIN
992,TRD100991,2026-08-15,PENDING,MISSING,DEUTSCHE-BROKER,2000,1223640.0,,TRAIN
993,TRD100992,2026-08-15,SETTLED,INSTRUCTED,HDFC-CUST,1500,4127820.0,SSI-IN-0147,TRAIN
994,TRD100993,2026-08-18,SETTLED,INSTRUCTED,KOTAK-CUST,750,1256077.5,SSI-IN-0203,TRAIN
995,TRD100994,2026-08-10,SETTLED,INSTRUCTED,DEUTSCHE-BROKER,100,411702.0,SSI-DE-5510,TRAIN
996,TRD100995,2026-08-14,SETTLED,INSTRUCTED,KOTAK-CUST,250,152127.5,SSI-IN-0203,TEST
997,TRD100996,2026-08-11,SETTLED,INSTRUCTED,DEUTSCHE-BROKER,750,9767572.5,SSI-DE-5510,TRAIN
998,TRD100997,2026-08-11,SETTLED,INSTRUCTED,NOMURA-BROKER,100,284064.0,SSI-JP-3389,TRAIN
999,TRD100998,2026-08-17,SETTLED,INSTRUCTED,NOMURA-BROKER,750,1465560.0,SSI-JP-3389,TRAIN
1000,TRD100999,2026-08-04,SETTLED,INSTRUCTED,MORGANSTANLEY-BROKER,750,3090345.0,SSI-US-7742,TEST
1001,TRD101000,2026-08-22,SETTLED,INSTRUCTED,NOMURA-BROKER,1500,1776900.0,SSI-JP-3389,TEST
1002,TRD101001,2026-08-07,SETTLED,INSTRUCTED,MORGANSTANLEY-BROKER,100,84852.0,SSI-US-7742,TRAIN
1003,TRD101002,2026-08-06,SETTLED,INSTRUCTED,KOTAK-CUST,2000,1697600.0,SSI-IN-0203,TRAIN
1004,TRD101003,2026-08-13,SETTLED,INSTRUCTED,ICICI-CUST,1000,1239800.0,SSI-IN-0091,TRAIN
1005,TRD101004,2026-08-22,SETTLED,INSTRUCTED,HDFC-CUST,200,736132.0,SSI-IN-0147,TRAIN
1006,TRD101005,2026-08-11,SETTLED,INSTRUCTED,KOTAK-CUST,1000,3693860.0,SSI-IN-0203,TRAIN
1007,TRD101006,2026-08-02,SETTLED,INSTRUCTED,HDFC-CUST,1000,3692050.0,SSI-IN-0147,TRAIN
1008,TRD101007,2026-08-07,PENDING,MISSING,ICICI-CUST,2000,5486360.0,,TRAIN
1009,TRD101008,2026-08-19,SETTLED,INSTRUCTED,MORGANSTANLEY-BROKER,500,1846175.0,SSI-US-7742,TRAIN
1010,TRD101009,2026-08-06,SETTLED,INSTRUCTED,ICICI-CUST,200,93420.0,SSI-IN-0091,TRAIN
1011,TRD101010,2026-08-16,SETTLED,INSTRUCTED,MORGANSTANLEY-BROKER,1000,1236320.0,SSI-US-7742,TRAIN
1012,TRD101011,2026-08-05,SETTLED,INSTRUCTED,HDFC-CUST,750,455602.5,SSI-IN-0147,TRAIN
1013,TRD101012,2026-08-08,SETTLED,INSTRUCTED,HDFC-CUST,500,304585.0,SSI-IN-0147,TRAIN
1014,TRD101013,2026-08-17,SETTLED,INSTRUCTED,DEUTSCHE-BROKER,200,121554.0,SSI-DE-5510,TRAIN
1015,TRD101014,2026-08-18,SETTLED,INSTRUCTED,MORGANSTANLEY-BROKER,100,413283.0,SSI-US-7742,TRAIN
1016,TRD101015,2026-08-12,SETTLED,INSTRUCTED,NOMURA-BROKER,750,3076447.5,SSI-JP-3389,TRAIN
1017,TRD101016,2026-08-08,SETTLED,INSTRUCTED,MORGANSTANLEY-BROKER,200,551426.0,SSI-US-7742,TRAIN
1018,TRD101017,2026-08-06,SETTLED,INSTRUCTED,NOMURA-BROKER,1000,1946490.0,SSI-JP-3389,TRAIN
1019,TRD101018,2026-08-21,SETTLED,INSTRUCTED,HDFC-CUST,250,212150.0,SSI-IN-0147,TRAIN
1020,TRD101019,2026-08-08,SETTLED,INSTRUCTED,KOTAK-CUST,100,1298374.0,SSI-IN-0203,TRAIN
1021,TRD101020,2026-08-18,SETTLED,INSTRUCTED,NOMURA-BROKER,200,122588.0,SSI-JP-3389,TRAIN
1022,TRD101021,2026-08-05,SETTLED,INSTRUCTED,HDFC-CUST,250,152495.0,SSI-IN-0147,TRAIN
1023,TRD101022,2026-08-16,SETTLED,INSTRUCTED,ICICI-CUST,500,845320.0,SSI-IN-0091,TRAIN
1024,TRD101023,2026-08-17,SETTLED,INSTRUCTED,KOTAK-CUST,200,93798.0,SSI-IN-0203,TRAIN
1025,TRD101024,2026-08-14,SETTLED,INSTRUCTED,KOTAK-CUST,1000,4120490.0,SSI-IN-0203,TRAIN
1026,TRD101025,2026-08-15,SETTLED,INSTRUCTED,KOTAK-CUST,2000,3900680.0,SSI-IN-0203,TEST
1027,TRD101026,2026-08-17,SETTLED,INSTRUCTED,NOMURA-BROKER,200,2606248.0,SSI-JP-3389,TRAIN
1028,TRD101027,2026-08-14,SETTLED,INSTRUCTED,DEUTSCHE-BROKER,2000,5710820.0,SSI-DE-5510,TRAIN
1029,TRD101028,2026-08-20,SETTLED,INSTRUCTED,ICICI-CUST,1500,2832630.0,SSI-IN-0091,TRAIN
1030,TRD101029,2026-08-21,SETTLED,INSTRUCTED,DEUTSCHE-BROKER,500,422120.0,SSI-DE-5510,TRAIN
1031,TRD101030,2026-08-10,SETTLED,INSTRUCTED,NOMURA-BROKER,1500,19513845.0,SSI-JP-3389,TRAIN
1032,TRD101031,2026-08-14,SETTLED,INSTRUCTED,DEUTSCHE-BROKER,2000,1694020.0,SSI-DE-5510,TRAIN
1033,TRD101032,2026-08-10,SETTLED,INSTRUCTED,DEUTSCHE-BROKER,2000,5469680.0,SSI-DE-5510,TRAIN
1034,TRD101033,2026-08-03,SETTLED,INSTRUCTED,ICICI-CUST,250,486625.0,SSI-IN-0091,TRAIN
1035,TRD101034,2026-08-12,SETTLED,INSTRUCTED,HDFC-CUST,1500,2838420.0,SSI-IN-0147,TRAIN
1036,TRD101035,2026-08-18,SETTLED,INSTRUCTED,DEUTSCHE-BROKER,200,550004.0,SSI-DE-5510,TRAIN
1037,TRD101036,2026-08-10,SETTLED,INSTRUCTED,MORGANSTANLEY-BROKER,2000,2481360.0,SSI-US-7742,TRAIN
1038,TRD101037,2026-08-05,SETTLED,INSTRUCTED,DEUTSCHE-BROKER,100,275907.0,SSI-DE-5510,TRAIN
1039,TRD101038,2026-08-03,SETTLED,INSTRUCTED,ICICI-CUST,1500,19458810.0,SSI-IN-0091,TEST
1040,TRD101039,2026-08-06,PENDING,MISSING,KOTAK-CUST,250,43110.0,,TRAIN
1041,TRD101040,2026-08-17,SETTLED,INSTRUCTED,NOMURA-BROKER,200,549498.0,SSI-JP-3389,TRAIN
1042,TRD101041,2026-08-14,SETTLED,INSTRUCTED,KOTAK-CUST,250,920100.0,SSI-IN-0203,TRAIN
1043,TRD101042,2026-08-11,SETTLED,INSTRUCTED,KOTAK-CUST,1000,1183400.0,SSI-IN-0203,TRAIN
1044,TRD101043,2026-08-13,SETTLED,INSTRUCTED,KOTAK-CUST,100,117586.0,SSI-IN-0203,TRAIN
1045,TRD101044,2026-08-13,SETTLED,INSTRUCTED,DEUTSCHE-BROKER,200,337838.0,SSI-DE-5510,TRAIN
1046,TRD101045,2026-08-22,SETTLED,INSTRUCTED,KOTAK-CUST,500,975380.0,SSI-IN-0203,TRAIN
1047,TRD101046,2026-08-07,SETTLED,INSTRUCTED,ICICI-CUST,750,9697470.0,SSI-IN-0091,TRAIN
1048,TRD101047,2026-08-15,SETTLED,INSTRUCTED,KOTAK-CUST,1500,703830.0,SSI-IN-0203,TRAIN
1049,TRD101048,2026-08-14,SETTLED,INSTRUCTED,MORGANSTANLEY-BROKER,100,118598.0,SSI-US-7742,TRAIN
1050,TRD101049,2026-08-05,SETTLED,INSTRUCTED,NOMURA-BROKER,200,236778.0,SSI-JP-3389,TRAIN
1051,TRD101050,2026-08-11,SETTLED,INSTRUCTED,KOTAK-CUST,1000,467340.0,SSI-IN-0203,TRAIN
1052,TRD101051,2026-08-19,SETTLED,INSTRUCTED,HDFC-CUST,200,94100.0,SSI-IN-0147,TEST
1053,TRD101052,2026-08-14,SETTLED,INSTRUCTED,HDFC-CUST,750,2148480.0,SSI-IN-0147,TRAIN
1054,TRD101053,2026-08-20,FAILED,INCORRECT,MORGANSTANLEY-BROKER,1000,1177580.0,SSI-DE-5510,TRAIN
1055,TRD101054,2026-08-22,SETTLED,INSTRUCTED,KOTAK-CUST,1000,1680150.0,SSI-IN-0203,TRAIN
1056,TRD101055,2026-08-14,SETTLED,INSTRUCTED,KOTAK-CUST,1000,1949830.0,SSI-IN-0203,TEST
1057,TRD101056,2026-08-18,SETTLED,INSTRUCTED,HDFC-CUST,100,17267.0,SSI-IN-0147,TRAIN
1058,TRD101057,2026-08-22,PENDING,MISSING,MORGANSTANLEY-BROKER,2000,3902320.0,,TEST
1059,TRD101058,2026-08-06,SETTLED,INSTRUCTED,HDFC-CUST,500,1837580.0,SSI-IN-0147,TRAIN
1060,TRD101059,2026-08-04,SETTLED,INSTRUCTED,NOMURA-BROKER,1500,19452525.0,SSI-JP-3389,TRAIN
1061,TRD101060,2026-08-10,SETTLED,INSTRUCTED,NOMURA-BROKER,750,931957.5,SSI-JP-3389,TEST
1062,TRD101061,2026-08-02,SETTLED,INSTRUCTED,HDFC-CUST,200,333868.0,SSI-IN-0147,TRAIN
1063,TRD101062,2026-08-03,PENDING,MISSING,HDFC-CUST,1500,702795.0,,TRAIN
1064,TRD101063,2026-08-10,SETTLED,INSTRUCTED,NOMURA-BROKER,100,188573.0,SSI-JP-3389,TRAIN
1065,TRD101064,2026-08-03,SETTLED,INSTRUCTED,ICICI-CUST,2000,1224140.0,SSI-IN-0091,TRAIN
1066,TRD101065,2026-08-15,SETTLED,INSTRUCTED,KOTAK-CUST,200,2606398.0,SSI-IN-0203,TEST
1067,TRD101066,2026-08-20,SETTLED,INSTRUCTED,NOMURA-BROKER,250,3236435.0,SSI-JP-3389,TEST
1068,TRD101067,2026-08-05,SETTLED,INSTRUCTED,KOTAK-CUST,200,93534.0,SSI-IN-0203,TRAIN
1069,TRD101068,2026-08-08,SETTLED,INSTRUCTED,HDFC-CUST,500,1378780.0,SSI-IN-0147,TRAIN
1070,TRD101069,2026-08-10,SETTLED,INSTRUCTED,MORGANSTANLEY-BROKER,750,1255642.5,SSI-US-7742,TRAIN
1071,TRD101070,2026-08-05,SETTLED,INSTRUCTED,KOTAK-CUST,1000,3687500.0,SSI-IN-0203,TRAIN
1072,TRD101071,2026-08-06,PENDING,MISSING,KOTAK-CUST,500,982380.0,,TEST
1073,TRD101072,2026-08-21,SETTLED,INSTRUCTED,ICICI-CUST,750,9688380.0,SSI-IN-0091,TRAIN
1074,TRD101073,2026-08-13,SETTLED,INSTRUCTED,NOMURA-BROKER,1500,1857645.0,SSI-JP-3389,TRAIN
1075,TRD101074,2026-08-14,SETTLED,INSTRUCTED,KOTAK-CUST,2000,25931040.0,SSI-IN-0203,TRAIN
1076,TRD101075,2026-08-07,SETTLED,INSTRUCTED,DEUTSCHE-BROKER,500,86050.0,SSI-DE-5510,TRAIN
1077,TRD101076,2026-08-04,SETTLED,INSTRUCTED,DEUTSCHE-BROKER,100,273940.0,SSI-DE-5510,TRAIN
1078,TRD101077,2026-08-05,PENDING,MISSING,HDFC-CUST,1000,172820.0,,TEST
1079,TRD101078,2026-08-19,SETTLED,INSTRUCTED,NOMURA-BROKER,1500,1269690.0,SSI-JP-3389,TEST
1080,TRD101079,2026-08-22,SETTLED,INSTRUCTED,NOMURA-BROKER,100,61195.0,SSI-JP-3389,TRAIN
1081,TRD101080,2026-08-08,FAILED,INCORRECT,NOMURA-BROKER,250,682990.0,SSI-IN-0203,TRAIN
1082,TRD101081,2026-08-09,SETTLED,INSTRUCTED,MORGANSTANLEY-BROKER,200,235132.0,SSI-US-7742,TRAIN
1083,TRD101082,2026-08-06,SETTLED,INSTRUCTED,KOTAK-CUST,1000,2744270.0,SSI-IN-0203,TRAIN
1084,TRD101083,2026-08-19,PENDING,INSTRUCTED,KOTAK-CUST,750,2052997.5,SSI-IN-0203,TEST
1085,TRD101084,2026-08-20,SETTLED,INSTRUCTED,HDFC-CUST,1500,259830.0,SSI-IN-0147,TRAIN
1086,TRD101085,2026-08-16,SETTLED,INSTRUCTED,HDFC-CUST,500,86575.0,SSI-IN-0147,TRAIN
1087,TRD101086,2026-08-21,SETTLED,INSTRUCTED,KOTAK-CUST,1500,4280790.0,SSI-IN-0203,TRAIN
1088,TRD101087,2026-08-05,SETTLED,INSTRUCTED,ICICI-CUST,250,212345.0,SSI-IN-0091,TRAIN
1089,TRD101088,2026-08-08,SETTLED,INSTRUCTED,HDFC-CUST,2000,25860960.0,SSI-IN-0147,TEST
1090,TRD101089,2026-08-15,SETTLED,INSTRUCTED,HDFC-CUST,2000,1219260.0,SSI-IN-0147,TRAIN
1091,TRD101090,2026-08-15,SETTLED,INSTRUCTED,HDFC-CUST,500,304925.0,SSI-IN-0147,TEST
1092,TRD101091,2026-08-09,SETTLED,INSTRUCTED,KOTAK-CUST,500,621130.0,SSI-IN-0203,TRAIN
1093,TRD101092,2026-08-13,SETTLED,INSTRUCTED,NOMURA-BROKER,2000,5680080.0,SSI-JP-3389,TRAIN
1094,TRD101093,2026-08-21,SETTLED,INSTRUCTED,KOTAK-CUST,1500,917430.0,SSI-IN-0203,TRAIN
1095,TRD101094,2026-08-09,SETTLED,INSTRUCTED,DEUTSCHE-BROKER,100,366367.0,SSI-DE-5510,TEST
1096,TRD101095,2026-08-14,SETTLED,INSTRUCTED,KOTAK-CUST,750,2137972.5,SSI-IN-0203,TRAIN
1097,TRD101096,2026-08-10,SETTLED,INSTRUCTED,HDFC-CUST,100,189182.0,SSI-IN-0147,TRAIN
1098,TRD101097,2026-08-12,SETTLED,INSTRUCTED,NOMURA-BROKER,2000,343640.0,SSI-JP-3389,TEST
1099,TRD101098,2026-08-06,SETTLED,INSTRUCTED,DEUTSCHE-BROKER,200,247696.0,SSI-DE-5510,TRAIN
1100,TRD101099,2026-08-11,SETTLED,INSTRUCTED,MORGANSTANLEY-BROKER,1500,258120.0,SSI-US-7742,TRAIN
1101,TRD101100,2026-08-17,SETTLED,INSTRUCTED,HDFC-CUST,250,421820.0,SSI-IN-0147,TRAIN
1102,TRD101101,2026-08-07,SETTLED,INSTRUCTED,ICICI-CUST,250,416935.0,SSI-IN-0091,TRAIN
1103,TRD101102,2026-08-17,SETTLED,INSTRUCTED,ICICI-CUST,2000,3778200.0,SSI-IN-0091,TRAIN
1104,TRD101103,2026-08-05,SETTLED,INSTRUCTED,NOMURA-BROKER,2000,1220180.0,SSI-JP-3389,TEST
1105,TRD101104,2026-08-11,SETTLED,INSTRUCTED,HDFC-CUST,200,168618.0,SSI-IN-0147,TRAIN
1106,TRD101105,2026-08-02,SETTLED,INSTRUCTED,MORGANSTANLEY-BROKER,500,590620.0,SSI-US-7742,TRAIN
1107,TRD101106,2026-08-17,SETTLED,INSTRUCTED,NOMURA-BROKER,200,34402.0,SSI-JP-3389,TRAIN
1108,TRD101107,2026-08-05,SETTLED,INSTRUCTED,DEUTSCHE-BROKER,750,2141752.5,SSI-DE-5510,TEST
1109,TRD101108,2026-08-04,SETTLED,INSTRUCTED,DEUTSCHE-BROKER,1000,12935060.0,SSI-DE-5510,TRAIN
1110,TRD101109,2026-08-02,PENDING,MISSING,KOTAK-CUST,750,1468155.0,,TRAIN
1111,TRD101110,2026-08-03,SETTLED,INSTRUCTED,NOMURA-BROKER,250,210790.0,SSI-JP-3389,TRAIN
1112,TRD101111,2026-08-19,SETTLED,INSTRUCTED,MORGANSTANLEY-BROKER,100,275229.0,SSI-US-7742,TEST
1113,TRD101112,2026-08-14,SETTLED,INSTRUCTED,ICICI-CUST,750,1263720.0,SSI-IN-0091,TRAIN
1114,TRD101113,2026-08-11,SETTLED,INSTRUCTED,NOMURA-BROKER,1500,2843370.0,SSI-JP-3389,TRAIN
1115,TRD101114,2026-08-11,SETTLED,INSTRUCTED,NOMURA-BROKER,2000,2489080.0,SSI-JP-3389,TRAIN
1116,TRD101115,2026-08-18,SETTLED,INSTRUCTED,HDFC-CUST,200,392438.0,SSI-IN-0147,TRAIN
1117,TRD101116,2026-08-20,SETTLED,INSTRUCTED,MORGANSTANLEY-BROKER,1500,258615.0,SSI-US-7742,TRAIN
1118,TRD101117,2026-08-21,SETTLED,INSTRUCTED,HDFC-CUST,1500,4131210.0,SSI-IN-0147,TEST
1119,TRD101118,2026-08-16,SETTLED,INSTRUCTED,NOMURA-BROKER,100,412130.0,SSI-JP-3389,TRAIN
1120,TRD101119,2026-08-22,SETTLED,INSTRUCTED,MORGANSTANLEY-BROKER,2000,345000.0,SSI-US-7742,TEST
1121,TRD101120,2026-08-17,SETTLED,INSTRUCTED,KOTAK-CUST,1500,700395.0,SSI-IN-0203,TRAIN
1122,TRD101121,2026-08-18,SETTLED,INSTRUCTED,DEUTSCHE-BROKER,750,1471785.0,SSI-DE-5510,TRAIN
1123,TRD101122,2026-08-18,SETTLED,INSTRUCTED,ICICI-CUST,200,739102.0,SSI-IN-0091,TRAIN
1124,TRD101123,2026-08-20,SETTLED,INSTRUCTED,KOTAK-CUST,2000,8254760.0,SSI-IN-0203,TRAIN
1125,TRD101124,2026-08-02,SETTLED,INSTRUCTED,ICICI-CUST,200,236684.0,SSI-IN-0091,TRAIN
1126,TRD101125,2026-08-03,SETTLED,INSTRUCTED,ICICI-CUST,250,688752.5,SSI-IN-0091,TEST
1127,TRD101126,2026-08-16,SETTLED,INSTRUCTED,MORGANSTANLEY-BROKER,2000,1695560.0,SSI-US-7742,TRAIN
1128,TRD101127,2026-08-04,SETTLED,INSTRUCTED,NOMURA-BROKER,250,42987.5,SSI-JP-3389,TRAIN
1129,TRD101128,2026-08-05,SETTLED,INSTRUCTED,ICICI-CUST,100,168205.0,SSI-IN-0091,TRAIN
1130,TRD101129,2026-08-21,SETTLED,INSTRUCTED,NOMURA-BROKER,1500,705945.0,SSI-JP-3389,TRAIN
1131,TRD101130,2026-08-14,SETTLED,INSTRUCTED,KOTAK-CUST,1000,1182500.0,SSI-IN-0203,TRAIN
1132,TRD101131,2026-08-02,SETTLED,INSTRUCTED,NOMURA-BROKER,100,188446.0,SSI-JP-3389,TRAIN
1133,TRD101132,2026-08-22,SETTLED,INSTRUCTED,HDFC-CUST,2000,3355380.0,SSI-IN-0147,TRAIN
1134,TRD101133,2026-08-06,SETTLED,INSTRUCTED,DEUTSCHE-BROKER,750,3098895.0,SSI-DE-5510,TRAIN
1135,TRD101134,2026-08-16,SETTLED,INSTRUCTED,DEUTSCHE-BROKER,250,1034332.5,SSI-DE-5510,TRAIN
1136,TRD101135,2026-08-08,SETTLED,INSTRUCTED,KOTAK-CUST,2000,25982120.0,SSI-IN-0203,TRAIN
1137,TRD101136,2026-08-15,SETTLED,INSTRUCTED,DEUTSCHE-BROKER,100,84224.0,SSI-DE-5510,TRAIN
1138,TRD101137,2026-08-18,SETTLED,INSTRUCTED,MORGANSTANLEY-BROKER,2000,5695280.0,SSI-US-7742,TRAIN
1139,TRD101138,2026-08-15,SETTLED,INSTRUCTED,MORGANSTANLEY-BROKER,100,61052.0,SSI-US-7742,TRAIN
1140,TRD101139,2026-08-05,SETTLED,INSTRUCTED,DEUTSCHE-BROKER,1500,1868445.0,SSI-DE-5510,TRAIN
1141,TRD101140,2026-08-11,SETTLED,INSTRUCTED,NOMURA-BROKER,1500,911145.0,SSI-JP-3389,TRAIN
1142,TRD101141,2026-08-09,SETTLED,INSTRUCTED,MORGANSTANLEY-BROKER,2000,1686660.0,SSI-US-7742,TEST
1143,TRD101142,2026-08-14,SETTLED,INSTRUCTED,DEUTSCHE-BROKER,750,1420890.0,SSI-DE-5510,TRAIN
1144,TRD101143,2026-08-11,SETTLED,INSTRUCTED,NOMURA-BROKER,250,687237.5,SSI-JP-3389,TRAIN
1145,TRD101144,2026-08-21,SETTLED,INSTRUCTED,DEUTSCHE-BROKER,250,471155.0,SSI-DE-5510,TRAIN
1146,TRD101145,2026-08-20,SETTLED,INSTRUCTED,ICICI-CUST,750,350745.0,SSI-IN-0091,TRAIN
1147,TRD101146,2026-08-07,SETTLED,INSTRUCTED,HDFC-CUST,750,129150.0,SSI-IN-0147,TRAIN
1148,TRD101147,2026-08-09,SETTLED,INSTRUCTED,ICICI-CUST,1500,1263510.0,SSI-IN-0091,TRAIN
1149,TRD101148,2026-08-03,SETTLED,INSTRUCTED,MORGANSTANLEY-BROKER,1000,1244330.0,SSI-US-7742,TEST
1150,TRD101149,2026-08-16,SETTLED,INSTRUCTED,DEUTSCHE-BROKER,200,2601358.0,SSI-DE-5510,TRAIN
1151,TRD101150,2026-08-03,SETTLED,INSTRUCTED,MORGANSTANLEY-BROKER,200,550898.0,SSI-US-7742,TEST
1152,TRD101151,2026-08-13,SETTLED,INSTRUCTED,HDFC-CUST,200,392590.0,SSI-IN-0147,TRAIN
1153,TRD101152,2026-08-05,SETTLED,INSTRUCTED,HDFC-CUST,2000,5503960.0,SSI-IN-0147,TRAIN
1154,TRD101153,2026-08-09,SETTLED,INSTRUCTED,DEUTSCHE-BROKER,250,3232765.0,SSI-DE-5510,TRAIN
1155,TRD101154,2026-08-18,SETTLED,INSTRUCTED,HDFC-CUST,2000,3345080.0,SSI-IN-0147,TRAIN
1156,TRD101155,2026-08-09,SETTLED,INSTRUCTED,HDFC-CUST,1500,1266630.0,SSI-IN-0147,TRAIN
1157,TRD101156,2026-08-15,SETTLED,INSTRUCTED,DEUTSCHE-BROKER,1500,2832990.0,SSI-DE-5510,TRAIN
1158,TRD101157,2026-08-18,SETTLED,INSTRUCTED,ICICI-CUST,250,117542.5,SSI-IN-0091,TEST
1159,TRD101158,2026-08-07,SETTLED,INSTRUCTED,DEUTSCHE-BROKER,1500,1274520.0,SSI-DE-5510,TRAIN
1160,TRD101159,2026-08-22,SETTLED,INSTRUCTED,HDFC-CUST,100,275000.0,SSI-IN-0147,TRAIN
1161,TRD101160,2026-08-19,SETTLED,INSTRUCTED,KOTAK-CUST,1500,2545380.0,SSI-IN-0203,TRAIN
1162,TRD101161,2026-08-21,SETTLED,INSTRUCTED,HDFC-CUST,750,2146432.5,SSI-IN-0147,TRAIN
1163,TRD101162,2026-08-21,SETTLED,INSTRUCTED,MORGANSTANLEY-BROKER,500,981640.0,SSI-US-7742,TRAIN
1164,TRD101163,2026-08-12,SETTLED,INSTRUCTED,ICICI-CUST,1500,259380.0,SSI-IN-0091,TRAIN
1165,TRD101164,2026-08-19,SETTLED,INSTRUCTED,KOTAK-CUST,250,422687.5,SSI-IN-0203,TEST
1166,TRD101165,2026-08-27,PENDING,INSTRUCTED,HDFC-CUST,750,2760705.0,SSI-IN-0147,TRAIN
1167,TRD101166,2026-08-11,SETTLED,INSTRUCTED,NOMURA-BROKER,750,129000.0,SSI-JP-3389,TRAIN
1168,TRD101167,2026-08-10,SETTLED,INSTRUCTED,NOMURA-BROKER,100,61243.0,SSI-JP-3389,TRAIN
1169,TRD101168,2026-08-20,SETTLED,INSTRUCTED,NOMURA-BROKER,200,569808.0,SSI-JP-3389,TRAIN
1170,TRD101169,2026-08-21,SETTLED,INSTRUCTED,MORGANSTANLEY-BROKER,500,424090.0,SSI-US-7742,TRAIN
1171,TRD101170,2026-08-20,SETTLED,INSTRUCTED,NOMURA-BROKER,750,932152.5,SSI-JP-3389,TEST
1172,TRD101171,2026-08-18,SETTLED,INSTRUCTED,MORGANSTANLEY-BROKER,500,1832810.0,SSI-US-7742,TRAIN
1173,TRD101172,2026-08-15,SETTLED,INSTRUCTED,DEUTSCHE-BROKER,200,93448.0,SSI-DE-5510,TRAIN
1174,TRD101173,2026-08-17,SETTLED,INSTRUCTED,HDFC-CUST,1500,4292355.0,SSI-IN-0147,TEST
1175,TRD101174,2026-08-18,SETTLED,INSTRUCTED,DEUTSCHE-BROKER,1500,1269525.0,SSI-DE-5510,TRAIN
1176,TRD101175,2026-08-17,FAILED,INCORRECT,NOMURA-BROKER,1500,2948115.0,SSI-IN-0203,TRAIN
1177,TRD101176,2026-08-16,SETTLED,INSTRUCTED,HDFC-CUST,250,472502.5,SSI-IN-0147,TRAIN
1178,TRD101177,2026-08-07,SETTLED,INSTRUCTED,MORGANSTANLEY-BROKER,2000,933420.0,SSI-US-7742,TRAIN
1179,TRD101178,2026-08-13,SETTLED,INSTRUCTED,MORGANSTANLEY-BROKER,1500,1763475.0,SSI-US-7742,TRAIN
1180,TRD101179,2026-08-11,SETTLED,INSTRUCTED,KOTAK-CUST,250,916520.0,SSI-IN-0203,TRAIN
1181,TRD101180,2026-08-06,SETTLED,INSTRUCTED,MORGANSTANLEY-BROKER,100,47027.0,SSI-US-7742,TRAIN
1182,TRD101181,2026-08-08,FAILED,INCORRECT,HDFC-CUST,750,129840.0,SSI-IN-0091,TRAIN
1183,TRD101182,2026-08-04,SETTLED,INSTRUCTED,DEUTSCHE-BROKER,1000,4102930.0,SSI-DE-5510,TRAIN
1184,TRD101183,2026-08-14,SETTLED,INSTRUCTED,DEUTSCHE-BROKER,2000,2369940.0,SSI-DE-5510,TEST
1185,TRD101184,2026-08-16,SETTLED,INSTRUCTED,HDFC-CUST,2000,7379560.0,SSI-IN-0147,TEST
1186,TRD101185,2026-08-14,SETTLED,INSTRUCTED,KOTAK-CUST,1500,4113750.0,SSI-IN-0203,TEST
1187,TRD101186,2026-08-08,SETTLED,INSTRUCTED,NOMURA-BROKER,750,458430.0,SSI-JP-3389,TRAIN
1188,TRD101187,2026-08-04,SETTLED,INSTRUCTED,HDFC-CUST,200,737090.0,SSI-IN-0147,TRAIN
1189,TRD101188,2026-08-02,SETTLED,INSTRUCTED,ICICI-CUST,2000,5491340.0,SSI-IN-0091,TEST
1190,TRD101189,2026-08-20,SETTLED,INSTRUCTED,DEUTSCHE-BROKER,500,618820.0,SSI-DE-5510,TRAIN
1191,TRD101190,2026-08-02,SETTLED,INSTRUCTED,KOTAK-CUST,100,169026.0,SSI-IN-0203,TRAIN
1192,TRD101191,2026-08-12,PENDING,MISSING,DEUTSCHE-BROKER,100,169648.0,,TRAIN
1193,TRD101192,2026-08-11,SETTLED,INSTRUCTED,HDFC-CUST,200,824494.0,SSI-IN-0147,TEST
1194,TRD101193,2026-08-15,SETTLED,INSTRUCTED,NOMURA-BROKER,200,547222.0,SSI-JP-3389,TEST
1195,TRD101194,2026-08-03,SETTLED,INSTRUCTED,KOTAK-CUST,1000,1176490.0,SSI-IN-0203,TRAIN
1196,TRD101195,2026-08-12,SETTLED,INSTRUCTED,KOTAK-CUST,250,211215.0,SSI-IN-0203,TRAIN
1197,TRD101196,2026-08-21,SETTLED,INSTRUCTED,MORGANSTANLEY-BROKER,500,1421540.0,SSI-US-7742,TRAIN
1198,TRD101197,2026-08-10,SETTLED,INSTRUCTED,ICICI-CUST,1500,5545035.0,SSI-IN-0091,TRAIN
1199,TRD101198,2026-08-02,SETTLED,INSTRUCTED,DEUTSCHE-BROKER,1500,5496240.0,SSI-DE-5510,TRAIN
1200,TRD101199,2026-08-19,SETTLED,INSTRUCTED,NOMURA-BROKER,200,247530.0,SSI-JP-3389,TRAIN
1201,TRD101200,2026-08-22,SETTLED,INSTRUCTED,MORGANSTANLEY-BROKER,1500,1769415.0,SSI-US-7742,TRAIN
1202,TRD101201,2026-08-19,SETTLED,INSTRUCTED,DEUTSCHE-BROKER,250,211995.0,SSI-DE-5510,TRAIN
1203,TRD101202,2026-08-21,SETTLED,INSTRUCTED,KOTAK-CUST,2000,5727280.0,SSI-IN-0203,TRAIN
1204,TRD101203,2026-08-10,SETTLED,INSTRUCTED,NOMURA-BROKER,2000,5688080.0,SSI-JP-3389,TRAIN
1205,TRD101204,2026-08-18,SETTLED,INSTRUCTED,KOTAK-CUST,500,6495525.0,SSI-IN-0203,TEST
1206,TRD101205,2026-08-14,SETTLED,INSTRUCTED,NOMURA-BROKER,200,121826.0,SSI-JP-3389,TRAIN
1207,TRD101206,2026-08-08,SETTLED,INSTRUCTED,MORGANSTANLEY-BROKER,750,459495.0,SSI-US-7742,TRAIN
1208,TRD101207,2026-08-16,SETTLED,INSTRUCTED,KOTAK-CUST,750,1473810.0,SSI-IN-0203,TRAIN
1209,TRD101208,2026-08-21,SETTLED,INSTRUCTED,KOTAK-CUST,500,422630.0,SSI-IN-0203,TRAIN
1210,TRD101209,2026-08-02,SETTLED,INSTRUCTED,ICICI-CUST,100,195783.0,SSI-IN-0091,TRAIN
1211,TRD101210,2026-08-19,SETTLED,INSTRUCTED,ICICI-CUST,2000,7379620.0,SSI-IN-0091,TRAIN
1212,TRD101211,2026-08-13,SETTLED,INSTRUCTED,DEUTSCHE-BROKER,2000,345500.0,SSI-DE-5510,TRAIN
1213,TRD101212,2026-08-13,SETTLED,INSTRUCTED,HDFC-CUST,100,188321.0,SSI-IN-0147,TRAIN
1214,TRD101213,2026-08-13,SETTLED,INSTRUCTED,HDFC-CUST,100,167953.0,SSI-IN-0147,TRAIN
1215,TRD101214,2026-08-17,SETTLED,INSTRUCTED,KOTAK-CUST,500,1369150.0,SSI-IN-0203,TRAIN
1216,TRD101215,2026-08-22,SETTLED,INSTRUCTED,DEUTSCHE-BROKER,500,233295.0,SSI-DE-5510,TEST
1217,TRD101216,2026-08-08,SETTLED,INSTRUCTED,NOMURA-BROKER,2000,2352720.0,SSI-JP-3389,TRAIN
1218,TRD101217,2026-08-06,SETTLED,INSTRUCTED,KOTAK-CUST,250,295787.5,SSI-IN-0203,TEST
1219,TRD101218,2026-08-22,PENDING,INSTRUCTED,MORGANSTANLEY-BROKER,100,168344.0,SSI-US-7742,TRAIN
1220,TRD101219,2026-08-22,SETTLED,INSTRUCTED,ICICI-CUST,1500,4281780.0,SSI-IN-0091,TRAIN
1221,TRD101220,2026-08-18,SETTLED,INSTRUCTED,DEUTSCHE-BROKER,1500,19426005.0,SSI-DE-5510,TEST
1222,TRD101221,2026-08-09,SETTLED,INSTRUCTED,ICICI-CUST,100,369427.0,SSI-IN-0091,TRAIN
1223,TRD101222,2026-08-14,SETTLED,INSTRUCTED,HDFC-CUST,2000,7346780.0,SSI-IN-0147,TRAIN
1224,TRD101223,2026-08-09,SETTLED,INSTRUCTED,NOMURA-BROKER,100,17330.0,SSI-JP-3389,TEST
1225,TRD101224,2026-08-12,SETTLED,INSTRUCTED,KOTAK-CUST,500,85965.0,SSI-IN-0203,TRAIN
1226,TRD101225,2026-08-02,SETTLED,INSTRUCTED,MORGANSTANLEY-BROKER,2000,5697120.0,SSI-US-7742,TRAIN
1227,TRD101226,2026-08-12,SETTLED,INSTRUCTED,ICICI-CUST,200,334952.0,SSI-IN-0091,TRAIN
1228,TRD101227,2026-08-22,SETTLED,INSTRUCTED,DEUTSCHE-BROKER,2000,8263260.0,SSI-DE-5510,TRAIN
1229,TRD101228,2026-08-04,SETTLED,INSTRUCTED,HDFC-CUST,100,284701.0,SSI-IN-0147,TEST
1230,TRD101229,2026-08-15,SETTLED,INSTRUCTED,ICICI-CUST,750,2140245.0,SSI-IN-0091,TRAIN
1231,TRD101230,2026-08-15,SETTLED,INSTRUCTED,DEUTSCHE-BROKER,100,367260.0,SSI-DE-5510,TRAIN
1232,TRD101231,2026-08-16,SETTLED,INSTRUCTED,DEUTSCHE-BROKER,100,167442.0,SSI-DE-5510,TRAIN
1233,TRD101232,2026-08-12,SETTLED,INSTRUCTED,MORGANSTANLEY-BROKER,100,195480.0,SSI-US-7742,TRAIN
1234,TRD101233,2026-08-04,SETTLED,INSTRUCTED,MORGANSTANLEY-BROKER,100,412467.0,SSI-US-7742,TRAIN
1235,TRD101234,2026-08-17,SETTLED,INSTRUCTED,NOMURA-BROKER,750,1464652.5,SSI-JP-3389,TRAIN
1236,TRD101235,2026-08-03,SETTLED,INSTRUCTED,HDFC-CUST,250,420045.0,SSI-IN-0147,TRAIN
1237,TRD101236,2026-08-19,SETTLED,INSTRUCTED,HDFC-CUST,1000,3673200.0,SSI-IN-0147,TRAIN
1238,TRD101237,2026-08-02,SETTLED,INSTRUCTED,MORGANSTANLEY-BROKER,1000,1238210.0,SSI-US-7742,TEST
1239,TRD101238,2026-08-08,SETTLED,INSTRUCTED,HDFC-CUST,100,167389.0,SSI-IN-0147,TRAIN
1240,TRD101239,2026-08-17,SETTLED,INSTRUCTED,MORGANSTANLEY-BROKER,500,423510.0,SSI-US-7742,TRAIN
1241,TRD101240,2026-08-07,SETTLED,INSTRUCTED,ICICI-CUST,750,884467.5,SSI-IN-0091,TRAIN
1242,TRD101241,2026-08-22,SETTLED,INSTRUCTED,HDFC-CUST,500,235435.0,SSI-IN-0147,TRAIN
1243,TRD101242,2026-08-12,SETTLED,INSTRUCTED,NOMURA-BROKER,500,588585.0,SSI-JP-3389,TRAIN
1244,TRD101243,2026-08-02,SETTLED,INSTRUCTED,KOTAK-CUST,250,423977.5,SSI-IN-0203,TRAIN
1245,TRD101244,2026-08-06,SETTLED,INSTRUCTED,KOTAK-CUST,100,84606.0,SSI-IN-0203,TRAIN
1246,TRD101245,2026-08-02,SETTLED,INSTRUCTED,HDFC-CUST,1000,1946780.0,SSI-IN-0147,TRAIN
1247,TRD101246,2026-08-07,SETTLED,INSTRUCTED,KOTAK-CUST,500,948790.0,SSI-IN-0203,TRAIN
1248,TRD101247,2026-08-10,SETTLED,INSTRUCTED,ICICI-CUST,100,166977.0,SSI-IN-0091,TEST
1249,TRD101248,2026-08-08,SETTLED,INSTRUCTED,KOTAK-CUST,200,337534.0,SSI-IN-0203,TRAIN
1250,TRD101249,2026-08-18,SETTLED,INSTRUCTED,MORGANSTANLEY-BROKER,1000,846960.0,SSI-US-7742,TRAIN
1251,TRD101250,2026-08-06,SETTLED,INSTRUCTED,HDFC-CUST,250,1034130.0,SSI-IN-0147,TRAIN
1252,TRD101251,2026-08-15,SETTLED,INSTRUCTED,NOMURA-BROKER,1000,609240.0,SSI-JP-3389,TRAIN
1253,TRD101252,2026-08-11,SETTLED,INSTRUCTED,HDFC-CUST,500,1377665.0,SSI-IN-0147,TRAIN
1254,TRD101253,2026-08-18,SETTLED,INSTRUCTED,MORGANSTANLEY-BROKER,750,2145847.5,SSI-US-7742,TRAIN
1255,TRD101254,2026-08-21,SETTLED,INSTRUCTED,ICICI-CUST,200,122418.0,SSI-IN-0091,TRAIN
1256,TRD101255,2026-08-16,SETTLED,INSTRUCTED,HDFC-CUST,1000,2745560.0,SSI-IN-0147,TRAIN
1257,TRD101256,2026-08-17,SETTLED,INSTRUCTED,DEUTSCHE-BROKER,2000,7376180.0,SSI-DE-5510,TRAIN
1258,TRD101257,2026-08-08,SETTLED,INSTRUCTED,DEUTSCHE-BROKER,100,194997.0,SSI-DE-5510,TRAIN
1259,TRD101258,2026-08-14,SETTLED,INSTRUCTED,MORGANSTANLEY-BROKER,750,1255455.0,SSI-US-7742,TRAIN
1260,TRD101259,2026-08-04,SETTLED,INSTRUCTED,KOTAK-CUST,200,247252.0,SSI-IN-0203,TRAIN
1261,TRD101260,2026-08-21,SETTLED,INSTRUCTED,KOTAK-CUST,100,167462.0,SSI-IN-0203,TRAIN
1262,TRD101261,2026-08-17,SETTLED,INSTRUCTED,KOTAK-CUST,1500,702705.0,SSI-IN-0203,TEST
1263,TRD101262,2026-08-10,SETTLED,INSTRUCTED,NOMURA-BROKER,250,712210.0,SSI-JP-3389,TRAIN
1264,TRD101263,2026-08-18,SETTLED,INSTRUCTED,MORGANSTANLEY-BROKER,200,34420.0,SSI-US-7742,TRAIN
1265,TRD101264,2026-08-04,SETTLED,INSTRUCTED,KOTAK-CUST,500,85880.0,SSI-IN-0203,TRAIN
1266,TRD101265,2026-08-10,SETTLED,INSTRUCTED,KOTAK-CUST,500,423540.0,SSI-IN-0203,TRAIN
1267,TRD101266,2026-08-19,SETTLED,INSTRUCTED,KOTAK-CUST,250,153347.5,SSI-IN-0203,TRAIN
1268,TRD101267,2026-08-14,SETTLED,INSTRUCTED,DEUTSCHE-BROKER,1000,1244310.0,SSI-DE-5510,TRAIN
1269,TRD101268,2026-08-09,SETTLED,INSTRUCTED,HDFC-CUST,250,490712.5,SSI-IN-0147,TEST
1270,TRD101269,2026-08-16,SETTLED,INSTRUCTED,KOTAK-CUST,2000,3357860.0,SSI-IN-0203,TRAIN
1271,TRD101270,2026-08-15,SETTLED,INSTRUCTED,HDFC-CUST,500,6485380.0,SSI-IN-0147,TRAIN
1272,TRD101271,2026-08-20,SETTLED,INSTRUCTED,HDFC-CUST,100,1296374.0,SSI-IN-0147,TRAIN
1273,TRD101272,2026-08-15,SETTLED,INSTRUCTED,DEUTSCHE-BROKER,1000,468150.0,SSI-DE-5510,TRAIN
1274,TRD101273,2026-08-03,SETTLED,INSTRUCTED,HDFC-CUST,100,84617.0,SSI-IN-0147,TRAIN
1275,TRD101274,2026-08-08,SETTLED,INSTRUCTED,DEUTSCHE-BROKER,1500,1778880.0,SSI-DE-5510,TRAIN
1276,TRD101275,2026-08-20,SETTLED,INSTRUCTED,DEUTSCHE-BROKER,2000,3337280.0,SSI-DE-5510,TRAIN
1277,TRD101276,2026-08-07,SETTLED,INSTRUCTED,ICICI-CUST,200,378722.0,SSI-IN-0091,TEST
1278,TRD101277,2026-08-14,SETTLED,INSTRUCTED,KOTAK-CUST,500,941080.0,SSI-IN-0203,TRAIN
1279,TRD101278,2026-08-13,SETTLED,INSTRUCTED,MORGANSTANLEY-BROKER,200,248048.0,SSI-US-7742,TEST
1280,TRD101279,2026-08-05,SETTLED,INSTRUCTED,HDFC-CUST,1500,1267020.0,SSI-IN-0147,TEST
1281,TRD101280,2026-08-08,SETTLED,INSTRUCTED,HDFC-CUST,200,121934.0,SSI-IN-0147,TEST
1282,TRD101281,2026-08-20,SETTLED,INSTRUCTED,KOTAK-CUST,2000,3369260.0,SSI-IN-0203,TRAIN
1283,TRD101282,2026-08-06,PENDING,MISSING,DEUTSCHE-BROKER,500,617345.0,,TRAIN
1284,TRD101283,2026-08-20,SETTLED,INSTRUCTED,DEUTSCHE-BROKER,500,590280.0,SSI-DE-5510,TRAIN
1285,TRD101284,2026-08-11,SETTLED,INSTRUCTED,NOMURA-BROKER,100,118305.0,SSI-JP-3389,TRAIN
1286,TRD101285,2026-08-07,SETTLED,INSTRUCTED,DEUTSCHE-BROKER,750,457267.5,SSI-DE-5510,TRAIN
1287,TRD101286,2026-08-07,SETTLED,INSTRUCTED,NOMURA-BROKER,1500,258570.0,SSI-JP-3389,TEST
1288,TRD101287,2026-08-07,SETTLED,INSTRUCTED,KOTAK-CUST,100,60876.0,SSI-IN-0203,TRAIN
1289,TRD101288,2026-08-15,SETTLED,INSTRUCTED,MORGANSTANLEY-BROKER,500,306420.0,SSI-US-7742,TRAIN
1290,TRD101289,2026-08-12,SETTLED,INSTRUCTED,DEUTSCHE-BROKER,200,824186.0,SSI-DE-5510,TRAIN
1291,TRD101290,2026-08-21,PENDING,INSTRUCTED,ICICI-CUST,500,620440.0,SSI-IN-0091,TRAIN
1292,TRD101291,2026-08-08,SETTLED,INSTRUCTED,DEUTSCHE-BROKER,1000,1694560.0,SSI-DE-5510,TRAIN
1293,TRD101292,2026-08-06,SETTLED,INSTRUCTED,KOTAK-CUST,200,248678.0,SSI-IN-0203,TEST
1294,TRD101293,2026-08-09,SETTLED,INSTRUCTED,NOMURA-BROKER,200,93388.0,SSI-JP-3389,TRAIN
1295,TRD101294,2026-08-07,SETTLED,INSTRUCTED,ICICI-CUST,750,352875.0,SSI-IN-0091,TRAIN
1296,TRD101295,2026-08-14,SETTLED,INSTRUCTED,HDFC-CUST,200,248246.0,SSI-IN-0147,TRAIN
1297,TRD101296,2026-08-14,SETTLED,INSTRUCTED,HDFC-CUST,750,1461690.0,SSI-IN-0147,TRAIN
1298,TRD101297,2026-08-03,SETTLED,INSTRUCTED,NOMURA-BROKER,500,86175.0,SSI-JP-3389,TRAIN
1299,TRD101298,2026-08-21,PENDING,MISSING,ICICI-CUST,750,457507.5,,TEST
1300,TRD101299,2026-08-13,SETTLED,INSTRUCTED,HDFC-CUST,500,1378685.0,SSI-IN-0147,TRAIN
1301,TRD101300,2026-08-02,SETTLED,INSTRUCTED,KOTAK-CUST,1500,4255560.0,SSI-IN-0203,TRAIN
1302,TRD101301,2026-08-07,SETTLED,INSTRUCTED,NOMURA-BROKER,200,336034.0,SSI-JP-3389,TRAIN
1303,TRD101302,2026-08-12,SETTLED,INSTRUCTED,MORGANSTANLEY-BROKER,200,339148.0,SSI-US-7742,TRAIN
1304,TRD101303,2026-08-05,SETTLED,INSTRUCTED,HDFC-CUST,1500,259815.0,SSI-IN-0147,TRAIN
1305,TRD101304,2026-08-14,SETTLED,INSTRUCTED,NOMURA-BROKER,1000,842840.0,SSI-JP-3389,TRAIN
1306,TRD101305,2026-08-04,SETTLED,INSTRUCTED,NOMURA-BROKER,500,844850.0,SSI-JP-3389,TRAIN
1307,TRD101306,2026-08-15,SETTLED,INSTRUCTED,KOTAK-CUST,200,572298.0,SSI-IN-0203,TRAIN
1308,TRD101307,2026-08-05,SETTLED,INSTRUCTED,MORGANSTANLEY-BROKER,250,152210.0,SSI-US-7742,TEST
1309,TRD101308,2026-08-22,SETTLED,INSTRUCTED,NOMURA-BROKER,250,488105.0,SSI-JP-3389,TRAIN
1310,TRD101309,2026-08-20,SETTLED,INSTRUCTED,DEUTSCHE-BROKER,1000,4100870.0,SSI-DE-5510,TRAIN
1311,TRD101310,2026-08-21,SETTLED,INSTRUCTED,ICICI-CUST,100,367031.0,SSI-IN-0091,TEST
1312,TRD101311,2026-08-21,SETTLED,INSTRUCTED,ICICI-CUST,1500,917880.0,SSI-IN-0091,TEST
1313,TRD101312,2026-08-06,SETTLED,INSTRUCTED,DEUTSCHE-BROKER,2000,1687760.0,SSI-DE-5510,TRAIN
1314,TRD101313,2026-08-12,SETTLED,INSTRUCTED,HDFC-CUST,2000,3358420.0,SSI-IN-0147,TRAIN
1315,TRD101314,2026-08-15,SETTLED,INSTRUCTED,NOMURA-BROKER,100,195611.0,SSI-JP-3389,TEST
1316,TRD101315,2026-08-08,SETTLED,INSTRUCTED,MORGANSTANLEY-BROKER,1000,1672570.0,SSI-US-7742,TEST
1317,TRD101316,2026-08-14,SETTLED,INSTRUCTED,MORGANSTANLEY-BROKER,500,1374285.0,SSI-US-7742,TRAIN
1318,TRD101317,2026-08-17,SETTLED,INSTRUCTED,ICICI-CUST,100,46686.0,SSI-IN-0091,TRAIN
1319,TRD101318,2026-08-06,SETTLED,INSTRUCTED,ICICI-CUST,250,491067.5,SSI-IN-0091,TRAIN
1320,TRD101319,2026-08-16,SETTLED,INSTRUCTED,KOTAK-CUST,200,334792.0,SSI-IN-0203,TEST
1321,TRD101320,2026-08-09,SETTLED,INSTRUCTED,KOTAK-CUST,1500,2504670.0,SSI-IN-0203,TRAIN
1322,TRD101321,2026-08-17,SETTLED,INSTRUCTED,ICICI-CUST,500,975620.0,SSI-IN-0091,TRAIN
1323,TRD101322,2026-08-15,SETTLED,INSTRUCTED,MORGANSTANLEY-BROKER,250,422475.0,SSI-US-7742,TRAIN
1324,TRD101323,2026-08-14,SETTLED,INSTRUCTED,DEUTSCHE-BROKER,2000,25835340.0,SSI-DE-5510,TRAIN
1325,TRD101324,2026-08-07,SETTLED,INSTRUCTED,KOTAK-CUST,250,295217.5,SSI-IN-0203,TRAIN
1326,TRD101325,2026-08-19,SETTLED,INSTRUCTED,MORGANSTANLEY-BROKER,2000,2476220.0,SSI-US-7742,TEST
1327,TRD101326,2026-08-08,SETTLED,INSTRUCTED,HDFC-CUST,250,211855.0,SSI-IN-0147,TRAIN
1328,TRD101327,2026-08-15,SETTLED,INSTRUCTED,DEUTSCHE-BROKER,1000,2850260.0,SSI-DE-5510,TRAIN
1329,TRD101328,2026-08-20,SETTLED,INSTRUCTED,ICICI-CUST,750,352170.0,SSI-IN-0091,TRAIN
1330,TRD101329,2026-08-20,SETTLED,INSTRUCTED,HDFC-CUST,200,34450.0,SSI-IN-0147,TRAIN
1331,TRD101330,2026-08-17,SETTLED,INSTRUCTED,NOMURA-BROKER,1000,1240920.0,SSI-JP-3389,TRAIN
1332,TRD101331,2026-08-09,SETTLED,INSTRUCTED,HDFC-CUST,1500,2946060.0,SSI-IN-0147,TRAIN
1333,TRD101332,2026-08-02,SETTLED,INSTRUCTED,NOMURA-BROKER,1000,172680.0,SSI-JP-3389,TRAIN
1334,TRD101333,2026-08-06,SETTLED,INSTRUCTED,KOTAK-CUST,2000,2370980.0,SSI-IN-0203,TRAIN
1335,TRD101334,2026-08-22,SETTLED,INSTRUCTED,NOMURA-BROKER,200,571644.0,SSI-JP-3389,TRAIN
1336,TRD101335,2026-08-08,SETTLED,INSTRUCTED,DEUTSCHE-BROKER,200,122092.0,SSI-DE-5510,TRAIN
1337,TRD101336,2026-08-19,SETTLED,INSTRUCTED,NOMURA-BROKER,750,930607.5,SSI-JP-3389,TRAIN
1338,TRD101337,2026-08-05,SETTLED,INSTRUCTED,ICICI-CUST,1500,917835.0,SSI-IN-0091,TEST
1339,TRD101338,2026-08-16,PENDING,INSTRUCTED,NOMURA-BROKER,500,623070.0,SSI-JP-3389,TEST
1340,TRD101339,2026-08-04,SETTLED,INSTRUCTED,NOMURA-BROKER,2000,3761760.0,SSI-JP-3389,TEST
1341,TRD101340,2026-08-07,SETTLED,INSTRUCTED,HDFC-CUST,750,1470195.0,SSI-IN-0147,TRAIN
1342,TRD101341,2026-08-07,SETTLED,INSTRUCTED,MORGANSTANLEY-BROKER,250,152127.5,SSI-US-7742,TEST
1343,TRD101342,2026-08-03,SETTLED,INSTRUCTED,NOMURA-BROKER,500,588270.0,SSI-JP-3389,TEST
1344,TRD101343,2026-08-21,SETTLED,INSTRUCTED,ICICI-CUST,1500,1860090.0,SSI-IN-0091,TEST
1345,TRD101344,2026-08-10,SETTLED,INSTRUCTED,ICICI-CUST,200,247856.0,SSI-IN-0091,TRAIN
1346,TRD101345,2026-08-05,SETTLED,INSTRUCTED,ICICI-CUST,500,589995.0,SSI-IN-0091,TRAIN
1347,TRD101346,2026-08-03,SETTLED,INSTRUCTED,ICICI-CUST,100,275014.0,SSI-IN-0091,TRAIN
1348,TRD101347,2026-08-17,SETTLED,INSTRUCTED,KOTAK-CUST,750,1273275.0,SSI-IN-0203,TRAIN
1349,TRD101348,2026-08-09,SETTLED,INSTRUCTED,KOTAK-CUST,1000,849820.0,SSI-IN-0203,TRAIN
1350,TRD101349,2026-08-12,SETTLED,INSTRUCTED,ICICI-CUST,100,118586.0,SSI-IN-0091,TEST
1351,TRD101350,2026-08-06,SETTLED,INSTRUCTED,ICICI-CUST,1500,19513845.0,SSI-IN-0091,TRAIN
1352,TRD101351,2026-08-21,SETTLED,INSTRUCTED,NOMURA-BROKER,500,304775.0,SSI-JP-3389,TRAIN
1353,TRD101352,2026-08-22,SETTLED,INSTRUCTED,KOTAK-CUST,500,972990.0,SSI-IN-0203,TRAIN
1354,TRD101353,2026-08-12,SETTLED,INSTRUCTED,NOMURA-BROKER,100,1304095.0,SSI-JP-3389,TRAIN
1355,TRD101354,2026-08-21,SETTLED,INSTRUCTED,ICICI-CUST,2000,2358140.0,SSI-IN-0091,TRAIN
1356,TRD101355,2026-08-05,SETTLED,INSTRUCTED,NOMURA-BROKER,2000,346580.0,SSI-JP-3389,TRAIN
1357,TRD101356,2026-08-18,SETTLED,INSTRUCTED,MORGANSTANLEY-BROKER,500,591375.0,SSI-US-7742,TRAIN
1358,TRD101357,2026-08-19,SETTLED,INSTRUCTED,DEUTSCHE-BROKER,200,93594.0,SSI-DE-5510,TEST
1359,TRD101358,2026-08-09,SETTLED,INSTRUCTED,HDFC-CUST,2000,8254900.0,SSI-IN-0147,TRAIN
1360,TRD101359,2026-08-02,SETTLED,INSTRUCTED,HDFC-CUST,200,546954.0,SSI-IN-0147,TEST
1361,TRD101360,2026-08-12,PENDING,INSTRUCTED,NOMURA-BROKER,750,2053440.0,SSI-JP-3389,TRAIN
1362,TRD101361,2026-08-22,SETTLED,INSTRUCTED,NOMURA-BROKER,250,490992.5,SSI-JP-3389,TEST
1363,TRD101362,2026-08-21,SETTLED,INSTRUCTED,MORGANSTANLEY-BROKER,1000,2755810.0,SSI-US-7742,TRAIN
1364,TRD101363,2026-08-19,SETTLED,INSTRUCTED,DEUTSCHE-BROKER,1500,2539500.0,SSI-DE-5510,TRAIN
1365,TRD101364,2026-08-05,SETTLED,INSTRUCTED,ICICI-CUST,200,247642.0,SSI-IN-0091,TRAIN
1366,TRD101365,2026-08-06,SETTLED,INSTRUCTED,KOTAK-CUST,200,122158.0,SSI-IN-0203,TRAIN
1367,TRD101366,2026-08-08,SETTLED,INSTRUCTED,DEUTSCHE-BROKER,100,124192.0,SSI-DE-5510,TRAIN
1368,TRD101367,2026-08-06,SETTLED,INSTRUCTED,MORGANSTANLEY-BROKER,1000,2753770.0,SSI-US-7742,TRAIN
1369,TRD101368,2026-08-16,SETTLED,INSTRUCTED,KOTAK-CUST,100,169105.0,SSI-IN-0203,TRAIN
1370,TRD101369,2026-08-16,SETTLED,INSTRUCTED,HDFC-CUST,500,6489990.0,SSI-IN-0147,TRAIN
1371,TRD101370,2026-08-11,SETTLED,INSTRUCTED,MORGANSTANLEY-BROKER,100,61095.0,SSI-US-7742,TRAIN
1372,TRD101371,2026-08-08,SETTLED,INSTRUCTED,DEUTSCHE-BROKER,2000,25994020.0,SSI-DE-5510,TRAIN
1373,TRD101372,2026-08-08,SETTLED,INSTRUCTED,NOMURA-BROKER,1000,2840600.0,SSI-JP-3389,TRAIN
1374,TRD101373,2026-08-14,SETTLED,INSTRUCTED,KOTAK-CUST,250,43267.5,SSI-IN-0203,TRAIN
1375,TRD101374,2026-08-17,SETTLED,INSTRUCTED,KOTAK-CUST,1500,5511255.0,SSI-IN-0203,TRAIN
1376,TRD101375,2026-08-08,SETTLED,INSTRUCTED,NOMURA-BROKER,750,3083835.0,SSI-JP-3389,TRAIN
1377,TRD101376,2026-08-20,SETTLED,INSTRUCTED,ICICI-CUST,1000,1895070.0,SSI-IN-0091,TRAIN
1378,TRD101377,2026-08-16,SETTLED,INSTRUCTED,NOMURA-BROKER,250,489302.5,SSI-JP-3389,TEST
1379,TRD101378,2026-08-08,SETTLED,INSTRUCTED,NOMURA-BROKER,250,42987.5,SSI-JP-3389,TRAIN
1380,TRD101379,2026-08-06,SETTLED,INSTRUCTED,DEUTSCHE-BROKER,200,122288.0,SSI-DE-5510,TRAIN
1381,TRD101380,2026-08-17,SETTLED,INSTRUCTED,HDFC-CUST,100,17175.0,SSI-IN-0147,TRAIN
1382,TRD101381,2026-08-06,SETTLED,INSTRUCTED,NOMURA-BROKER,1000,3683590.0,SSI-JP-3389,TRAIN
1383,TRD101382,2026-08-17,SETTLED,INSTRUCTED,KOTAK-CUST,200,568622.0,SSI-IN-0203,TRAIN
1384,TRD101383,2026-08-22,SETTLED,INSTRUCTED,DEUTSCHE-BROKER,200,550646.0,SSI-DE-5510,TEST
1385,TRD101384,2026-08-04,SETTLED,INSTRUCTED,ICICI-CUST,100,84239.0,SSI-IN-0091,TRAIN
1386,TRD101385,2026-08-05,SETTLED,INSTRUCTED,MORGANSTANLEY-BROKER,2000,5688100.0,SSI-US-7742,TRAIN
1387,TRD101386,2026-08-06,SETTLED,INSTRUCTED,ICICI-CUST,1500,701925.0,SSI-IN-0091,TEST
1388,TRD101387,2026-08-02,SETTLED,INSTRUCTED,DEUTSCHE-BROKER,250,152442.5,SSI-DE-5510,TEST
1389,TRD101388,2026-08-08,SETTLED,INSTRUCTED,NOMURA-BROKER,200,737896.0,SSI-JP-3389,TEST
1390,TRD101389,2026-08-16,SETTLED,INSTRUCTED,KOTAK-CUST,250,3228947.5,SSI-IN-0203,TRAIN
1391,TRD101390,2026-08-04,SETTLED,INSTRUCTED,MORGANSTANLEY-BROKER,500,946595.0,SSI-US-7742,TRAIN
1392,TRD101391,2026-08-13,SETTLED,INSTRUCTED,MORGANSTANLEY-BROKER,200,824200.0,SSI-US-7742,TRAIN
1393,TRD101392,2026-08-03,SETTLED,INSTRUCTED,MORGANSTANLEY-BROKER,100,195078.0,SSI-US-7742,TRAIN
1394,TRD101393,2026-08-18,SETTLED,INSTRUCTED,KOTAK-CUST,2000,3787980.0,SSI-IN-0203,TRAIN
1395,TRD101394,2026-08-08,SETTLED,INSTRUCTED,HDFC-CUST,100,195056.0,SSI-IN-0147,TRAIN
1396,TRD101395,2026-08-10,SETTLED,INSTRUCTED,HDFC-CUST,500,946015.0,SSI-IN-0147,TRAIN
1397,TRD101396,2026-08-22,SETTLED,INSTRUCTED,HDFC-CUST,750,2753505.0,SSI-IN-0147,TEST
1398,TRD101397,2026-08-06,SETTLED,INSTRUCTED,MORGANSTANLEY-BROKER,750,3096015.0,SSI-US-7742,TRAIN
1399,TRD101398,2026-08-22,SETTLED,INSTRUCTED,HDFC-CUST,750,1474042.5,SSI-IN-0147,TRAIN
1400,TRD101399,2026-08-15,SETTLED,INSTRUCTED,DEUTSCHE-BROKER,250,421825.0,SSI-DE-5510,TEST
1401,TRD101400,2026-08-05,SETTLED,INSTRUCTED,NOMURA-BROKER,750,3078960.0,SSI-JP-3389,TRAIN
1402,TRD101401,2026-08-12,SETTLED,INSTRUCTED,KOTAK-CUST,200,168888.0,SSI-IN-0203,TEST
1403,TRD101402,2026-08-09,SETTLED,INSTRUCTED,DEUTSCHE-BROKER,100,123581.0,SSI-DE-5510,TRAIN
1404,TRD101403,2026-08-17,SETTLED,INSTRUCTED,ICICI-CUST,750,1418985.0,SSI-IN-0091,TEST
1405,TRD101404,2026-08-03,SETTLED,INSTRUCTED,HDFC-CUST,750,2763075.0,SSI-IN-0147,TRAIN
1406,TRD101405,2026-08-19,SETTLED,INSTRUCTED,MORGANSTANLEY-BROKER,1000,1896090.0,SSI-US-7742,TRAIN
1407,TRD101406,2026-08-18,SETTLED,INSTRUCTED,NOMURA-BROKER,250,294352.5,SSI-JP-3389,TRAIN
1408,TRD101407,2026-08-10,SETTLED,INSTRUCTED,ICICI-CUST,1500,2837370.0,SSI-IN-0091,TEST
1409,TRD101408,2026-08-07,SETTLED,INSTRUCTED,DEUTSCHE-BROKER,1500,2939610.0,SSI-DE-5510,TRAIN
1410,TRD101409,2026-08-15,FAILED,INCORRECT,MORGANSTANLEY-BROKER,750,2753925.0,SSI-IN-0203,TRAIN
1411,TRD101410,2026-08-15,SETTLED,INSTRUCTED,KOTAK-CUST,200,392890.0,SSI-IN-0203,TRAIN
1412,TRD101411,2026-08-07,SETTLED,INSTRUCTED,MORGANSTANLEY-BROKER,500,2069540.0,SSI-US-7742,TRAIN
1413,TRD101412,2026-08-17,SETTLED,INSTRUCTED,ICICI-CUST,750,458010.0,SSI-IN-0091,TRAIN
1414,TRD101413,2026-08-19,SETTLED,INSTRUCTED,NOMURA-BROKER,2000,937940.0,SSI-JP-3389,TRAIN
1415,TRD101414,2026-08-02,FAILED,INCORRECT,NOMURA-BROKER,500,1431105.0,SSI-IN-0091,TEST
1416,TRD101415,2026-08-07,SETTLED,INSTRUCTED,NOMURA-BROKER,100,167700.0,SSI-JP-3389,TRAIN
1417,TRD101416,2026-08-18,SETTLED,INSTRUCTED,KOTAK-CUST,1000,4134740.0,SSI-IN-0203,TRAIN
1418,TRD101417,2026-08-05,SETTLED,INSTRUCTED,KOTAK-CUST,1500,701025.0,SSI-IN-0203,TEST
1419,TRD101418,2026-08-10,FAILED,INCORRECT,HDFC-CUST,750,930442.5,SSI-IN-0203,TRAIN
1420,TRD101419,2026-08-22,SETTLED,INSTRUCTED,MORGANSTANLEY-BROKER,750,1261792.5,SSI-US-7742,TRAIN
1421,TRD101420,2026-08-06,PENDING,INSTRUCTED,MORGANSTANLEY-BROKER,2000,343380.0,SSI-US-7742,TRAIN
1422,TRD101421,2026-08-13,SETTLED,INSTRUCTED,NOMURA-BROKER,1000,1235930.0,SSI-JP-3389,TRAIN
1423,TRD101422,2026-08-17,SETTLED,INSTRUCTED,HDFC-CUST,100,84223.0,SSI-IN-0147,TRAIN
1424,TRD101423,2026-08-02,SETTLED,INSTRUCTED,HDFC-CUST,200,339476.0,SSI-IN-0147,TEST
1425,TRD101424,2026-08-13,SETTLED,INSTRUCTED,DEUTSCHE-BROKER,1500,702465.0,SSI-DE-5510,TRAIN
1426,TRD101425,2026-08-16,SETTLED,INSTRUCTED,HDFC-CUST,2000,8254380.0,SSI-IN-0147,TRAIN
1427,TRD101426,2026-08-08,SETTLED,INSTRUCTED,ICICI-CUST,1500,910995.0,SSI-IN-0091,TEST
1428,TRD101427,2026-08-12,SETTLED,INSTRUCTED,ICICI-CUST,250,711872.5,SSI-IN-0091,TRAIN
1429,TRD101428,2026-08-17,SETTLED,INSTRUCTED,MORGANSTANLEY-BROKER,750,350332.5,SSI-US-7742,TRAIN
1430,TRD101429,2026-08-14,SETTLED,INSTRUCTED,HDFC-CUST,1500,1268430.0,SSI-IN-0147,TRAIN
1431,TRD101430,2026-08-13,SETTLED,INSTRUCTED,MORGANSTANLEY-BROKER,100,273533.0,SSI-US-7742,TRAIN
1432,TRD101431,2026-08-21,SETTLED,INSTRUCTED,NOMURA-BROKER,1000,2848500.0,SSI-JP-3389,TRAIN
1433,TRD101432,2026-08-04,SETTLED,INSTRUCTED,DEUTSCHE-BROKER,750,350910.0,SSI-DE-5510,TRAIN
1434,TRD101433,2026-08-05,SETTLED,INSTRUCTED,KOTAK-CUST,250,152205.0,SSI-IN-0203,TRAIN
1435,TRD101434,2026-08-05,SETTLED,INSTRUCTED,NOMURA-BROKER,2000,3357320.0,SSI-JP-3389,TRAIN
1436,TRD101435,2026-08-06,SETTLED,INSTRUCTED,DEUTSCHE-BROKER,250,3236217.5,SSI-DE-5510,TRAIN
1437,TRD101436,2026-08-21,SETTLED,INSTRUCTED,HDFC-CUST,250,418492.5,SSI-IN-0147,TRAIN
1438,TRD101437,2026-08-22,SETTLED,INSTRUCTED,HDFC-CUST,1500,2536230.0,SSI-IN-0147,TRAIN
1439,TRD101438,2026-08-15,SETTLED,INSTRUCTED,NOMURA-BROKER,2000,3365980.0,SSI-JP-3389,TRAIN
1440,TRD101439,2026-08-13,SETTLED,INSTRUCTED,NOMURA-BROKER,750,3086347.5,SSI-JP-3389,TRAIN
1441,TRD101440,2026-08-02,SETTLED,INSTRUCTED,ICICI-CUST,100,84291.0,SSI-IN-0091,TRAIN
1442,TRD101441,2026-08-21,SETTLED,INSTRUCTED,ICICI-CUST,2000,2476140.0,SSI-IN-0091,TRAIN
1443,TRD101442,2026-08-16,PENDING,INSTRUCTED,ICICI-CUST,2000,2478220.0,SSI-IN-0091,TRAIN
1444,TRD101443,2026-08-13,SETTLED,INSTRUCTED,NOMURA-BROKER,250,488100.0,SSI-JP-3389,TEST
1445,TRD101444,2026-08-14,SETTLED,INSTRUCTED,ICICI-CUST,750,1462522.5,SSI-IN-0091,TRAIN
1446,TRD101445,2026-08-22,SETTLED,INSTRUCTED,HDFC-CUST,200,389344.0,SSI-IN-0147,TRAIN
1447,TRD101446,2026-08-22,PENDING,INSTRUCTED,MORGANSTANLEY-BROKER,200,34344.0,SSI-US-7742,TEST
1448,TRD101447,2026-08-08,SETTLED,INSTRUCTED,MORGANSTANLEY-BROKER,2000,1226680.0,SSI-US-7742,TRAIN
1449,TRD101448,2026-08-10,SETTLED,INSTRUCTED,MORGANSTANLEY-BROKER,500,944375.0,SSI-US-7742,TEST
1450,TRD101449,2026-08-04,SETTLED,INSTRUCTED,DEUTSCHE-BROKER,200,94166.0,SSI-DE-5510,TRAIN
1451,TRD101450,2026-08-06,SETTLED,INSTRUCTED,KOTAK-CUST,750,1420515.0,SSI-IN-0203,TRAIN
1452,TRD101451,2026-08-14,SETTLED,INSTRUCTED,DEUTSCHE-BROKER,500,1376105.0,SSI-DE-5510,TRAIN
1453,TRD101452,2026-08-14,SETTLED,INSTRUCTED,DEUTSCHE-BROKER,1500,703785.0,SSI-DE-5510,TEST
1454,TRD101453,2026-08-08,SETTLED,INSTRUCTED,MORGANSTANLEY-BROKER,100,188387.0,SSI-US-7742,TRAIN
1455,TRD101454,2026-08-09,SETTLED,INSTRUCTED,KOTAK-CUST,750,2754690.0,SSI-IN-0203,TRAIN
1456,TRD101455,2026-08-09,SETTLED,INSTRUCTED,KOTAK-CUST,500,940855.0,SSI-IN-0203,TRAIN
1457,TRD101456,2026-08-10,SETTLED,INSTRUCTED,ICICI-CUST,750,129892.5,SSI-IN-0091,TRAIN
1458,TRD101457,2026-08-13,SETTLED,INSTRUCTED,NOMURA-BROKER,200,732360.0,SSI-JP-3389,TEST
1459,TRD101458,2026-08-15,SETTLED,INSTRUCTED,MORGANSTANLEY-BROKER,750,3097425.0,SSI-US-7742,TRAIN
1460,TRD101459,2026-08-09,SETTLED,INSTRUCTED,NOMURA-BROKER,100,285973.0,SSI-JP-3389,TRAIN
1461,TRD101460,2026-08-20,SETTLED,INSTRUCTED,ICICI-CUST,100,124126.0,SSI-IN-0091,TRAIN
1462,TRD101461,2026-08-10,SETTLED,INSTRUCTED,KOTAK-CUST,500,6510565.0,SSI-IN-0203,TEST
1463,TRD101462,2026-08-09,SETTLED,INSTRUCTED,NOMURA-BROKER,1500,1764285.0,SSI-JP-3389,TRAIN
1464,TRD101463,2026-08-07,SETTLED,INSTRUCTED,DEUTSCHE-BROKER,2000,3765240.0,SSI-DE-5510,TRAIN
1465,TRD101464,2026-08-07,SETTLED,INSTRUCTED,NOMURA-BROKER,2000,3365260.0,SSI-JP-3389,TRAIN
1466,TRD101465,2026-08-14,SETTLED,INSTRUCTED,NOMURA-BROKER,250,311395.0,SSI-JP-3389,TRAIN
1467,TRD101466,2026-08-16,SETTLED,INSTRUCTED,NOMURA-BROKER,200,377782.0,SSI-JP-3389,TRAIN
1468,TRD101467,2026-08-02,SETTLED,INSTRUCTED,MORGANSTANLEY-BROKER,250,152932.5,SSI-US-7742,TRAIN
1469,TRD101468,2026-08-03,SETTLED,INSTRUCTED,NOMURA-BROKER,100,168381.0,SSI-JP-3389,TRAIN
1470,TRD101469,2026-08-22,SETTLED,INSTRUCTED,MORGANSTANLEY-BROKER,200,334262.0,SSI-US-7742,TEST
1471,TRD101470,2026-08-12,SETTLED,INSTRUCTED,NOMURA-BROKER,200,549352.0,SSI-JP-3389,TRAIN
1472,TRD101471,2026-08-16,SETTLED,INSTRUCTED,HDFC-CUST,2000,3790420.0,SSI-IN-0147,TRAIN
1473,TRD101472,2026-08-19,SETTLED,INSTRUCTED,NOMURA-BROKER,250,116925.0,SSI-JP-3389,TEST
1474,TRD101473,2026-08-11,SETTLED,INSTRUCTED,ICICI-CUST,100,283918.0,SSI-IN-0091,TRAIN
1475,TRD101474,2026-08-20,PENDING,INSTRUCTED,DEUTSCHE-BROKER,500,1418465.0,SSI-DE-5510,TRAIN
1476,TRD101475,2026-08-14,SETTLED,INSTRUCTED,NOMURA-BROKER,750,1462755.0,SSI-JP-3389,TEST
1477,TRD101476,2026-08-11,SETTLED,INSTRUCTED,KOTAK-CUST,200,377018.0,SSI-IN-0203,TEST
1478,TRD101477,2026-08-04,SETTLED,INSTRUCTED,ICICI-CUST,1000,4138190.0,SSI-IN-0091,TRAIN
1479,TRD101478,2026-08-16,SETTLED,INSTRUCTED,HDFC-CUST,1000,1692080.0,SSI-IN-0147,TEST
1480,TRD101479,2026-08-17,SETTLED,INSTRUCTED,NOMURA-BROKER,200,168732.0,SSI-JP-3389,TRAIN
1481,TRD101480,2026-08-06,SETTLED,INSTRUCTED,NOMURA-BROKER,200,550706.0,SSI-JP-3389,TEST
1482,TRD101481,2026-08-17,SETTLED,INSTRUCTED,ICICI-CUST,1500,2833935.0,SSI-IN-0091,TRAIN
1483,TRD101482,2026-08-12,SETTLED,INSTRUCTED,HDFC-CUST,750,456135.0,SSI-IN-0147,TRAIN
1484,TRD101483,2026-08-17,SETTLED,INSTRUCTED,NOMURA-BROKER,1000,845550.0,SSI-JP-3389,TRAIN
1485,TRD101484,2026-08-19,SETTLED,INSTRUCTED,DEUTSCHE-BROKER,500,944045.0,SSI-DE-5510,TRAIN
1486,TRD101485,2026-08-19,PENDING,INSTRUCTED,MORGANSTANLEY-BROKER,200,338354.0,SSI-US-7742,TRAIN
1487,TRD101486,2026-08-02,SETTLED,INSTRUCTED,KOTAK-CUST,1000,1666870.0,SSI-IN-0203,TRAIN
1488,TRD101487,2026-08-13,SETTLED,INSTRUCTED,KOTAK-CUST,200,34338.0,SSI-IN-0203,TRAIN
1489,TRD101488,2026-08-19,SETTLED,INSTRUCTED,DEUTSCHE-BROKER,250,117617.5,SSI-DE-5510,TEST
1490,TRD101489,2026-08-06,SETTLED,INSTRUCTED,ICICI-CUST,500,6461175.0,SSI-IN-0091,TRAIN
1491,TRD101490,2026-08-15,SETTLED,INSTRUCTED,KOTAK-CUST,100,61155.0,SSI-IN-0203,TEST
1492,TRD101491,2026-08-21,SETTLED,INSTRUCTED,HDFC-CUST,200,391050.0,SSI-IN-0147,TRAIN
1493,TRD101492,2026-08-04,SETTLED,INSTRUCTED,ICICI-CUST,250,210510.0,SSI-IN-0091,TRAIN
1494,TRD101493,2026-08-06,SETTLED,INSTRUCTED,NOMURA-BROKER,250,686192.5,SSI-JP-3389,TEST
1495,TRD101494,2026-08-22,SETTLED,INSTRUCTED,NOMURA-BROKER,1000,1689450.0,SSI-JP-3389,TRAIN
1496,TRD101495,2026-08-22,SETTLED,INSTRUCTED,ICICI-CUST,250,1025655.0,SSI-IN-0091,TRAIN
1497,TRD101496,2026-08-16,SETTLED,INSTRUCTED,MORGANSTANLEY-BROKER,1500,4289970.0,SSI-US-7742,TRAIN
1498,TRD101497,2026-08-07,SETTLED,INSTRUCTED,KOTAK-CUST,500,304940.0,SSI-IN-0203,TRAIN
1499,TRD101498,2026-08-03,SETTLED,INSTRUCTED,HDFC-CUST,500,944210.0,SSI-IN-0147,TRAIN
1500,TRD101499,2026-08-16,SETTLED,INSTRUCTED,DEUTSCHE-BROKER,200,2604218.0,SSI-DE-5510,TRAIN
1501,TRD101500,2026-08-13,SETTLED,INSTRUCTED,NOMURA-BROKER,1500,19404735.0,SSI-JP-3389,TRAIN
1502,TRD101501,2026-08-13,SETTLED,INSTRUCTED,MORGANSTANLEY-BROKER,200,247178.0,SSI-US-7742,TEST
1503,TRD101502,2026-08-05,SETTLED,INSTRUCTED,ICICI-CUST,750,1252162.5,SSI-IN-0091,TRAIN
1504,TRD101503,2026-08-08,SETTLED,INSTRUCTED,NOMURA-BROKER,750,2052772.5,SSI-JP-3389,TRAIN
1505,TRD101504,2026-08-20,SETTLED,INSTRUCTED,ICICI-CUST,200,249342.0,SSI-IN-0091,TRAIN
1506,TRD101505,2026-08-11,SETTLED,INSTRUCTED,ICICI-CUST,1000,2838900.0,SSI-IN-0091,TEST
1507,TRD101506,2026-08-14,SETTLED,INSTRUCTED,NOMURA-BROKER,500,843630.0,SSI-JP-3389,TRAIN
1508,TRD101507,2026-08-22,PENDING,INSTRUCTED,ICICI-CUST,200,121864.0,SSI-IN-0091,TRAIN
1509,TRD101508,2026-08-03,SETTLED,INSTRUCTED,KOTAK-CUST,1500,1769970.0,SSI-IN-0203,TRAIN
1510,TRD101509,2026-08-22,SETTLED,INSTRUCTED,ICICI-CUST,2000,3894920.0,SSI-IN-0091,TRAIN
1511,TRD101510,2026-08-11,PENDING,INSTRUCTED,MORGANSTANLEY-BROKER,250,688245.0,SSI-US-7742,TRAIN
1512,TRD101511,2026-08-13,SETTLED,INSTRUCTED,MORGANSTANLEY-BROKER,250,685295.0,SSI-US-7742,TRAIN
1513,TRD101512,2026-08-21,SETTLED,INSTRUCTED,MORGANSTANLEY-BROKER,1500,258000.0,SSI-US-7742,TRAIN
1514,TRD101513,2026-08-02,SETTLED,INSTRUCTED,HDFC-CUST,2000,2351000.0,SSI-IN-0147,TEST
1515,TRD101514,2026-08-07,SETTLED,INSTRUCTED,KOTAK-CUST,200,93738.0,SSI-IN-0203,TRAIN
1516,TRD101515,2026-08-04,SETTLED,INSTRUCTED,HDFC-CUST,1000,1238980.0,SSI-IN-0147,TRAIN
1517,TRD101516,2026-08-16,SETTLED,INSTRUCTED,NOMURA-BROKER,750,352597.5,SSI-JP-3389,TEST
1518,TRD101517,2026-08-11,SETTLED,INSTRUCTED,DEUTSCHE-BROKER,2000,2349640.0,SSI-DE-5510,TRAIN
1519,TRD101518,2026-08-22,SETTLED,INSTRUCTED,KOTAK-CUST,1000,468960.0,SSI-IN-0203,TRAIN
1520,TRD101519,2026-08-10,SETTLED,INSTRUCTED,NOMURA-BROKER,1500,2933730.0,SSI-JP-3389,TEST
1521,TRD101520,2026-08-20,SETTLED,INSTRUCTED,ICICI-CUST,500,305785.0,SSI-IN-0091,TRAIN
1522,TRD101521,2026-08-14,SETTLED,INSTRUCTED,ICICI-CUST,1500,1854840.0,SSI-IN-0091,TRAIN
1523,TRD101522,2026-08-13,FAILED,INCORRECT,DEUTSCHE-BROKER,2000,26003920.0,SSI-IN-0091,TRAIN
1524,TRD101523,2026-08-05,SETTLED,INSTRUCTED,DEUTSCHE-BROKER,200,821514.0,SSI-DE-5510,TRAIN
1525,TRD101524,2026-08-12,SETTLED,INSTRUCTED,MORGANSTANLEY-BROKER,1000,1683040.0,SSI-US-7742,TEST
1526,TRD101525,2026-08-16,SETTLED,INSTRUCTED,ICICI-CUST,2000,1216000.0,SSI-IN-0091,TRAIN
1527,TRD101526,2026-08-03,SETTLED,INSTRUCTED,MORGANSTANLEY-BROKER,500,943450.0,SSI-US-7742,TEST
1528,TRD101527,2026-08-17,SETTLED,INSTRUCTED,HDFC-CUST,1000,172950.0,SSI-IN-0147,TRAIN
1529,TRD101528,2026-08-15,SETTLED,INSTRUCTED,KOTAK-CUST,100,1303875.0,SSI-IN-0203,TRAIN
1530,TRD101529,2026-08-14,SETTLED,INSTRUCTED,ICICI-CUST,250,1025750.0,SSI-IN-0091,TRAIN
1531,TRD101530,2026-08-10,SETTLED,INSTRUCTED,HDFC-CUST,1500,19474830.0,SSI-IN-0147,TEST
1532,TRD101531,2026-08-11,SETTLED,INSTRUCTED,HDFC-CUST,1500,258270.0,SSI-IN-0147,TEST
1533,TRD101532,2026-08-07,SETTLED,INSTRUCTED,NOMURA-BROKER,2000,3379980.0,SSI-JP-3389,TEST
1534,TRD101533,2026-08-19,SETTLED,INSTRUCTED,MORGANSTANLEY-BROKER,1500,259515.0,SSI-US-7742,TRAIN
1535,TRD101534,2026-08-12,SETTLED,INSTRUCTED,ICICI-CUST,250,152317.5,SSI-IN-0091,TRAIN
1536,TRD101535,2026-08-12,FAILED,INCORRECT,ICICI-CUST,250,43112.5,SSI-DE-5510,TRAIN
1537,TRD101536,2026-08-06,SETTLED,INSTRUCTED,NOMURA-BROKER,100,369812.0,SSI-JP-3389,TRAIN
1538,TRD101537,2026-08-08,SETTLED,INSTRUCTED,DEUTSCHE-BROKER,500,1428750.0,SSI-DE-5510,TEST
1539,TRD101538,2026-08-08,SETTLED,INSTRUCTED,NOMURA-BROKER,1000,1670340.0,SSI-JP-3389,TRAIN
1540,TRD101539,2026-08-11,SETTLED,INSTRUCTED,MORGANSTANLEY-BROKER,1000,12917200.0,SSI-US-7742,TRAIN
1541,TRD101540,2026-08-13,SETTLED,INSTRUCTED,KOTAK-CUST,2000,3908040.0,SSI-IN-0203,TRAIN
1542,TRD101541,2026-08-13,SETTLED,INSTRUCTED,HDFC-CUST,250,1029762.5,SSI-IN-0147,TRAIN
1543,TRD101542,2026-08-15,SETTLED,INSTRUCTED,NOMURA-BROKER,750,1272172.5,SSI-JP-3389,TEST
1544,TRD101543,2026-08-02,SETTLED,INSTRUCTED,MORGANSTANLEY-BROKER,200,820768.0,SSI-US-7742,TRAIN
1545,TRD101544,2026-08-18,SETTLED,INSTRUCTED,MORGANSTANLEY-BROKER,200,93906.0,SSI-US-7742,TRAIN
1546,TRD101545,2026-08-16,SETTLED,INSTRUCTED,MORGANSTANLEY-BROKER,1500,19413900.0,SSI-US-7742,TRAIN
1547,TRD101546,2026-08-13,PENDING,MISSING,DEUTSCHE-BROKER,2000,3365500.0,,TRAIN
1548,TRD101547,2026-08-18,SETTLED,INSTRUCTED,KOTAK-CUST,1000,2858540.0,SSI-IN-0203,TRAIN
1549,TRD101548,2026-08-02,SETTLED,INSTRUCTED,DEUTSCHE-BROKER,1500,1864425.0,SSI-DE-5510,TEST
1550,TRD101549,2026-08-18,SETTLED,INSTRUCTED,NOMURA-BROKER,250,714695.0,SSI-JP-3389,TEST
1551,TRD101550,2026-08-14,SETTLED,INSTRUCTED,HDFC-CUST,1500,2828130.0,SSI-IN-0147,TEST
1552,TRD101551,2026-08-22,SETTLED,INSTRUCTED,DEUTSCHE-BROKER,1500,4103115.0,SSI-DE-5510,TRAIN
1553,TRD101552,2026-08-15,SETTLED,INSTRUCTED,HDFC-CUST,1000,172480.0,SSI-IN-0147,TRAIN
1554,TRD101553,2026-08-14,PENDING,MISSING,NOMURA-BROKER,200,736998.0,,TRAIN
1555,TRD101554,2026-08-02,SETTLED,INSTRUCTED,DEUTSCHE-BROKER,500,421080.0,SSI-DE-5510,TRAIN
1556,TRD101555,2026-08-02,SETTLED,INSTRUCTED,NOMURA-BROKER,200,570510.0,SSI-JP-3389,TRAIN
1557,TRD101556,2026-08-22,SETTLED,INSTRUCTED,HDFC-CUST,1000,1949570.0,SSI-IN-0147,TRAIN
1558,TRD101557,2026-08-14,PENDING,MISSING,KOTAK-CUST,500,1844240.0,,TEST
1559,TRD101558,2026-08-22,SETTLED,INSTRUCTED,MORGANSTANLEY-BROKER,250,1031500.0,SSI-US-7742,TEST
1560,TRD101559,2026-08-11,SETTLED,INSTRUCTED,KOTAK-CUST,200,93412.0,SSI-IN-0203,TRAIN
1561,TRD101560,2026-08-08,SETTLED,INSTRUCTED,DEUTSCHE-BROKER,2000,8269900.0,SSI-DE-5510,TRAIN
1562,TRD101561,2026-08-17,SETTLED,INSTRUCTED,NOMURA-BROKER,100,274323.0,SSI-JP-3389,TRAIN
1563,TRD101562,2026-08-12,SETTLED,INSTRUCTED,NOMURA-BROKER,1500,2929890.0,SSI-JP-3389,TEST
1564,TRD101563,2026-08-07,SETTLED,INSTRUCTED,NOMURA-BROKER,750,1410780.0,SSI-JP-3389,TRAIN
1565,TRD101564,2026-08-21,PENDING,MISSING,MORGANSTANLEY-BROKER,1000,845460.0,,TEST
1566,TRD101565,2026-08-08,SETTLED,INSTRUCTED,MORGANSTANLEY-BROKER,750,2771887.5,SSI-US-7742,TEST
1567,TRD101566,2026-08-13,SETTLED,INSTRUCTED,ICICI-CUST,250,917427.5,SSI-IN-0091,TRAIN
1568,TRD101567,2026-08-06,SETTLED,INSTRUCTED,KOTAK-CUST,250,210807.5,SSI-IN-0203,TRAIN
1569,TRD101568,2026-08-19,SETTLED,INSTRUCTED,NOMURA-BROKER,200,334532.0,SSI-JP-3389,TRAIN
1570,TRD101569,2026-08-14,SETTLED,INSTRUCTED,HDFC-CUST,2000,1219920.0,SSI-IN-0147,TRAIN
1571,TRD101570,2026-08-05,SETTLED,INSTRUCTED,MORGANSTANLEY-BROKER,750,1262205.0,SSI-US-7742,TEST
1572,TRD101571,2026-08-17,SETTLED,INSTRUCTED,DEUTSCHE-BROKER,500,1379030.0,SSI-DE-5510,TRAIN
1573,TRD101572,2026-08-21,SETTLED,INSTRUCTED,ICICI-CUST,750,887985.0,SSI-IN-0091,TEST
1574,TRD101573,2026-08-22,SETTLED,INSTRUCTED,ICICI-CUST,1000,1673090.0,SSI-IN-0091,TRAIN
1575,TRD101574,2026-08-10,SETTLED,INSTRUCTED,MORGANSTANLEY-BROKER,100,17324.0,SSI-US-7742,TRAIN
1576,TRD101575,2026-08-05,SETTLED,INSTRUCTED,HDFC-CUST,1000,1179050.0,SSI-IN-0147,TEST
1577,TRD101576,2026-08-04,SETTLED,INSTRUCTED,HDFC-CUST,250,685422.5,SSI-IN-0147,TRAIN
1578,TRD101577,2026-08-13,SETTLED,INSTRUCTED,NOMURA-BROKER,1000,1883160.0,SSI-JP-3389,TRAIN
1579,TRD101578,2026-08-12,SETTLED,INSTRUCTED,HDFC-CUST,2000,3352660.0,SSI-IN-0147,TRAIN
1580,TRD101579,2026-08-05,SETTLED,INSTRUCTED,MORGANSTANLEY-BROKER,500,620570.0,SSI-US-7742,TEST
1581,TRD101580,2026-08-15,SETTLED,INSTRUCTED,KOTAK-CUST,1500,1773600.0,SSI-IN-0203,TRAIN
1582,TRD101581,2026-08-17,SETTLED,INSTRUCTED,ICICI-CUST,100,168027.0,SSI-IN-0091,TRAIN
1583,TRD101582,2026-08-21,SETTLED,INSTRUCTED,KOTAK-CUST,200,823760.0,SSI-IN-0203,TRAIN
1584,TRD101583,2026-08-22,SETTLED,INSTRUCTED,MORGANSTANLEY-BROKER,100,117771.0,SSI-US-7742,TRAIN
1585,TRD101584,2026-08-14,SETTLED,INSTRUCTED,ICICI-CUST,250,311260.0,SSI-IN-0091,TRAIN
1586,TRD101585,2026-08-05,SETTLED,INSTRUCTED,DEUTSCHE-BROKER,100,194728.0,SSI-DE-5510,TRAIN
1587,TRD101586,2026-08-19,SETTLED,INSTRUCTED,KOTAK-CUST,1000,844760.0,SSI-IN-0203,TEST
1588,TRD101587,2026-08-16,SETTLED,INSTRUCTED,DEUTSCHE-BROKER,750,1270290.0,SSI-DE-5510,TRAIN
1589,TRD101588,2026-08-03,SETTLED,INSTRUCTED,ICICI-CUST,200,234938.0,SSI-IN-0091,TRAIN
1590,TRD101589,2026-08-04,SETTLED,INSTRUCTED,HDFC-CUST,1500,1264935.0,SSI-IN-0147,TRAIN
1591,TRD101590,2026-08-03,SETTLED,INSTRUCTED,ICICI-CUST,100,17204.0,SSI-IN-0091,TRAIN
1592,TRD101591,2026-08-21,SETTLED,INSTRUCTED,DEUTSCHE-BROKER,750,3085290.0,SSI-DE-5510,TEST
1593,TRD101592,2026-08-05,SETTLED,INSTRUCTED,HDFC-CUST,250,43147.5,SSI-IN-0147,TRAIN
1594,TRD101593,2026-08-05,SETTLED,INSTRUCTED,MORGANSTANLEY-BROKER,1500,4124040.0,SSI-US-7742,TRAIN
1595,TRD101594,2026-08-12,SETTLED,INSTRUCTED,NOMURA-BROKER,2000,3930040.0,SSI-JP-3389,TRAIN
1596,TRD101595,2026-08-04,SETTLED,INSTRUCTED,KOTAK-CUST,750,3098790.0,SSI-IN-0203,TRAIN
1597,TRD101596,2026-08-17,SETTLED,INSTRUCTED,ICICI-CUST,200,121552.0,SSI-IN-0091,TRAIN
1598,TRD101597,2026-08-14,SETTLED,INSTRUCTED,HDFC-CUST,500,977540.0,SSI-IN-0147,TRAIN
1599,TRD101598,2026-08-18,SETTLED,INSTRUCTED,MORGANSTANLEY-BROKER,500,424130.0,SSI-US-7742,TRAIN
1600,TRD101599,2026-08-18,SETTLED,INSTRUCTED,ICICI-CUST,2000,1222600.0,SSI-IN-0091,TRAIN
1601,TRD101600,2026-08-16,SETTLED,INSTRUCTED,MORGANSTANLEY-BROKER,1000,172250.0,SSI-US-7742,TRAIN
1602,TRD101601,2026-08-07,SETTLED,INSTRUCTED,NOMURA-BROKER,200,334296.0,SSI-JP-3389,TEST
1603,TRD101602,2026-08-05,FAILED,INCORRECT,HDFC-CUST,2000,3794820.0,SSI-JP-3389,TRAIN
1604,TRD101603,2026-08-18,SETTLED,INSTRUCTED,DEUTSCHE-BROKER,750,1411042.5,SSI-DE-5510,TRAIN
1605,TRD101604,2026-08-08,SETTLED,INSTRUCTED,HDFC-CUST,200,822950.0,SSI-IN-0147,TRAIN
1606,TRD101605,2026-08-10,SETTLED,INSTRUCTED,KOTAK-CUST,1000,3663710.0,SSI-IN-0203,TRAIN
1607,TRD101606,2026-08-15,SETTLED,INSTRUCTED,HDFC-CUST,1500,2940360.0,SSI-IN-0147,TRAIN
1608,TRD101607,2026-08-18,SETTLED,INSTRUCTED,MORGANSTANLEY-BROKER,250,422997.5,SSI-US-7742,TRAIN
1609,TRD101608,2026-08-05,SETTLED,INSTRUCTED,HDFC-CUST,100,412678.0,SSI-IN-0147,TRAIN
1610,TRD101609,2026-08-09,SETTLED,INSTRUCTED,ICICI-CUST,100,17258.0,SSI-IN-0091,TRAIN
1611,TRD101610,2026-08-05,SETTLED,INSTRUCTED,HDFC-CUST,1500,2510085.0,SSI-IN-0147,TEST
1612,TRD101611,2026-08-13,SETTLED,INSTRUCTED,NOMURA-BROKER,250,419997.5,SSI-JP-3389,TEST
1613,TRD101612,2026-08-18,SETTLED,INSTRUCTED,NOMURA-BROKER,100,60787.0,SSI-JP-3389,TEST
1614,TRD101613,2026-08-04,SETTLED,INSTRUCTED,HDFC-CUST,500,6468600.0,SSI-IN-0147,TRAIN
1615,TRD101614,2026-08-02,SETTLED,INSTRUCTED,NOMURA-BROKER,2000,343660.0,SSI-JP-3389,TRAIN
1616,TRD101615,2026-08-10,SETTLED,INSTRUCTED,ICICI-CUST,100,84287.0,SSI-IN-0091,TRAIN
1617,TRD101616,2026-08-20,SETTLED,INSTRUCTED,ICICI-CUST,1000,1185790.0,SSI-IN-0091,TRAIN
1618,TRD101617,2026-08-02,SETTLED,INSTRUCTED,MORGANSTANLEY-BROKER,200,93354.0,SSI-US-7742,TRAIN
1619,TRD101618,2026-08-05,SETTLED,INSTRUCTED,ICICI-CUST,250,922382.5,SSI-IN-0091,TRAIN
1620,TRD101619,2026-08-19,SETTLED,INSTRUCTED,KOTAK-CUST,2000,940000.0,SSI-IN-0203,TRAIN
1621,TRD101620,2026-08-13,SETTLED,INSTRUCTED,KOTAK-CUST,2000,1682980.0,SSI-IN-0203,TEST
1622,TRD101621,2026-08-22,SETTLED,INSTRUCTED,ICICI-CUST,750,3096307.5,SSI-IN-0091,TRAIN
1623,TRD101622,2026-08-06,SETTLED,INSTRUCTED,KOTAK-CUST,500,6500345.0,SSI-IN-0203,TRAIN
1624,TRD101623,2026-08-04,SETTLED,INSTRUCTED,HDFC-CUST,1500,2509275.0,SSI-IN-0147,TRAIN
1625,TRD101624,2026-08-22,PENDING,INSTRUCTED,HDFC-CUST,2000,2493700.0,SSI-IN-0147,TRAIN
1626,TRD101625,2026-08-15,SETTLED,INSTRUCTED,KOTAK-CUST,1000,172260.0,SSI-IN-0203,TRAIN
1627,TRD101626,2026-08-08,PENDING,INSTRUCTED,DEUTSCHE-BROKER,1000,2860030.0,SSI-DE-5510,TEST
1628,TRD101627,2026-08-18,SETTLED,INSTRUCTED,NOMURA-BROKER,200,249326.0,SSI-JP-3389,TRAIN
1629,TRD101628,2026-08-11,SETTLED,INSTRUCTED,MORGANSTANLEY-BROKER,250,489037.5,SSI-US-7742,TRAIN
1630,TRD101629,2026-08-11,SETTLED,INSTRUCTED,ICICI-CUST,750,350145.0,SSI-IN-0091,TRAIN
1631,TRD101630,2026-08-05,SETTLED,INSTRUCTED,ICICI-CUST,750,1260487.5,SSI-IN-0091,TEST
1632,TRD101631,2026-08-02,SETTLED,INSTRUCTED,ICICI-CUST,1500,4269435.0,SSI-IN-0091,TRAIN
1633,TRD101632,2026-08-18,SETTLED,INSTRUCTED,NOMURA-BROKER,750,636007.5,SSI-JP-3389,TEST
1634,TRD101633,2026-08-08,SETTLED,INSTRUCTED,DEUTSCHE-BROKER,750,456127.5,SSI-DE-5510,TRAIN
1635,TRD101634,2026-08-13,SETTLED,INSTRUCTED,HDFC-CUST,100,167475.0,SSI-IN-0147,TRAIN
1636,TRD101635,2026-08-11,SETTLED,INSTRUCTED,MORGANSTANLEY-BROKER,200,339408.0,SSI-US-7742,TRAIN
1637,TRD101636,2026-08-12,SETTLED,INSTRUCTED,MORGANSTANLEY-BROKER,1500,1773540.0,SSI-US-7742,TRAIN
1638,TRD101637,2026-08-08,SETTLED,INSTRUCTED,KOTAK-CUST,250,309940.0,SSI-IN-0203,TRAIN
1639,TRD101638,2026-08-14,SETTLED,INSTRUCTED,DEUTSCHE-BROKER,2000,2482740.0,SSI-DE-5510,TEST
1640,TRD101639,2026-08-18,SETTLED,INSTRUCTED,NOMURA-BROKER,2000,7374580.0,SSI-JP-3389,TRAIN
1641,TRD101640,2026-08-15,SETTLED,INSTRUCTED,DEUTSCHE-BROKER,1500,1267980.0,SSI-DE-5510,TRAIN
1642,TRD101641,2026-08-06,SETTLED,INSTRUCTED,MORGANSTANLEY-BROKER,1500,4101450.0,SSI-US-7742,TEST
1643,TRD101642,2026-08-19,SETTLED,INSTRUCTED,MORGANSTANLEY-BROKER,1000,1175850.0,SSI-US-7742,TRAIN
1644,TRD101643,2026-08-02,SETTLED,INSTRUCTED,DEUTSCHE-BROKER,1500,4102995.0,SSI-DE-5510,TRAIN
1645,TRD101644,2026-08-22,SETTLED,INSTRUCTED,ICICI-CUST,100,411128.0,SSI-IN-0091,TRAIN
1646,TRD101645,2026-08-13,SETTLED,INSTRUCTED,ICICI-CUST,750,9741367.5,SSI-IN-0091,TRAIN
1647,TRD101646,2026-08-19,PENDING,MISSING,NOMURA-BROKER,500,305225.0,,TRAIN
1648,TRD101647,2026-08-11,SETTLED,INSTRUCTED,NOMURA-BROKER,250,417965.0,SSI-JP-3389,TRAIN
1649,TRD101648,2026-08-02,SETTLED,INSTRUCTED,HDFC-CUST,500,587850.0,SSI-IN-0147,TRAIN
1650,TRD101649,2026-08-02,SETTLED,INSTRUCTED,MORGANSTANLEY-BROKER,500,834280.0,SSI-US-7742,TEST
1651,TRD101650,2026-08-17,SETTLED,INSTRUCTED,HDFC-CUST,200,568960.0,SSI-IN-0147,TRAIN
1652,TRD101651,2026-08-24,PENDING,INSTRUCTED,ICICI-CUST,2000,26053280.0,SSI-IN-0091,TRAIN
1653,TRD101652,2026-08-09,SETTLED,INSTRUCTED,HDFC-CUST,100,194954.0,SSI-IN-0147,TRAIN
1654,TRD101653,2026-08-05,SETTLED,INSTRUCTED,MORGANSTANLEY-BROKER,750,350932.5,SSI-US-7742,TRAIN
1655,TRD101654,2026-08-05,SETTLED,INSTRUCTED,DEUTSCHE-BROKER,750,1465177.5,SSI-DE-5510,TEST
1656,TRD101655,2026-08-05,SETTLED,INSTRUCTED,MORGANSTANLEY-BROKER,100,188621.0,SSI-US-7742,TRAIN
1657,TRD101656,2026-08-26,PENDING,INSTRUCTED,NOMURA-BROKER,750,881062.5,SSI-JP-3389,TRAIN
1658,TRD101657,2026-08-16,SETTLED,INSTRUCTED,NOMURA-BROKER,1000,173250.0,SSI-JP-3389,TRAIN
1659,TRD101658,2026-08-18,SETTLED,INSTRUCTED,HDFC-CUST,250,711612.5,SSI-IN-0147,TRAIN
1660,TRD101659,2026-08-06,SETTLED,INSTRUCTED,KOTAK-CUST,200,733634.0,SSI-IN-0203,TRAIN
1661,TRD101660,2026-08-11,SETTLED,INSTRUCTED,DEUTSCHE-BROKER,250,152250.0,SSI-DE-5510,TEST
1662,TRD101661,2026-08-07,FAILED,INCORRECT,MORGANSTANLEY-BROKER,2000,3384380.0,SSI-IN-0147,TRAIN
1663,TRD101662,2026-08-20,SETTLED,INSTRUCTED,KOTAK-CUST,1000,610890.0,SSI-IN-0203,TRAIN
1664,TRD101663,2026-08-07,SETTLED,INSTRUCTED,HDFC-CUST,100,286053.0,SSI-IN-0147,TRAIN
1665,TRD101664,2026-08-09,SETTLED,INSTRUCTED,NOMURA-BROKER,2000,936140.0,SSI-JP-3389,TRAIN
1666,TRD101665,2026-08-14,SETTLED,INSTRUCTED,DEUTSCHE-BROKER,250,43210.0,SSI-DE-5510,TRAIN
1667,TRD101666,2026-08-04,SETTLED,INSTRUCTED,DEUTSCHE-BROKER,750,881775.0,SSI-DE-5510,TEST
1668,TRD101667,2026-08-16,SETTLED,INSTRUCTED,DEUTSCHE-BROKER,250,43035.0,SSI-DE-5510,TRAIN
1669,TRD101668,2026-08-11,SETTLED,INSTRUCTED,HDFC-CUST,750,1256287.5,SSI-IN-0147,TRAIN
1670,TRD101669,2026-08-02,SETTLED,INSTRUCTED,NOMURA-BROKER,500,841700.0,SSI-JP-3389,TRAIN
1671,TRD101670,2026-08-13,SETTLED,INSTRUCTED,DEUTSCHE-BROKER,250,715427.5,SSI-DE-5510,TRAIN
1672,TRD101671,2026-08-08,SETTLED,INSTRUCTED,MORGANSTANLEY-BROKER,2000,3768880.0,SSI-US-7742,TRAIN
1673,TRD101672,2026-08-16,SETTLED,INSTRUCTED,DEUTSCHE-BROKER,250,212037.5,SSI-DE-5510,TRAIN
1674,TRD101673,2026-08-18,SETTLED,INSTRUCTED,KOTAK-CUST,200,235170.0,SSI-IN-0203,TRAIN
1675,TRD101674,2026-08-19,SETTLED,INSTRUCTED,KOTAK-CUST,500,233400.0,SSI-IN-0203,TRAIN
1676,TRD101675,2026-08-10,SETTLED,INSTRUCTED,DEUTSCHE-BROKER,750,9776107.5,SSI-DE-5510,TRAIN
1677,TRD101676,2026-08-05,SETTLED,INSTRUCTED,MORGANSTANLEY-BROKER,250,3260190.0,SSI-US-7742,TRAIN
1678,TRD101677,2026-08-05,SETTLED,INSTRUCTED,MORGANSTANLEY-BROKER,100,169118.0,SSI-US-7742,TRAIN
1679,TRD101678,2026-08-15,SETTLED,INSTRUCTED,KOTAK-CUST,100,194655.0,SSI-IN-0203,TRAIN
1680,TRD101679,2026-08-22,PENDING,INSTRUCTED,NOMURA-BROKER,100,17183.0,SSI-JP-3389,TRAIN
1681,TRD101680,2026-08-20,SETTLED,INSTRUCTED,MORGANSTANLEY-BROKER,2000,3336100.0,SSI-US-7742,TRAIN
1682,TRD101681,2026-08-21,SETTLED,INSTRUCTED,ICICI-CUST,1500,6187185.0,SSI-IN-0091,TRAIN
1683,TRD101682,2026-08-17,SETTLED,INSTRUCTED,MORGANSTANLEY-BROKER,100,123589.0,SSI-US-7742,TRAIN
1684,TRD101683,2026-08-09,SETTLED,INSTRUCTED,ICICI-CUST,2000,3374160.0,SSI-IN-0091,TRAIN
1685,TRD101684,2026-08-14,PENDING,MISSING,NOMURA-BROKER,500,1373270.0,,TRAIN
1686,TRD101685,2026-08-06,SETTLED,INSTRUCTED,DEUTSCHE-BROKER,1500,4287105.0,SSI-DE-5510,TRAIN
1687,TRD101686,2026-08-21,FAILED,INCORRECT,KOTAK-CUST,2000,8210020.0,SSI-IN-0147,TRAIN
1688,TRD101687,2026-08-09,SETTLED,INSTRUCTED,HDFC-CUST,1500,1273710.0,SSI-IN-0147,TRAIN
1689,TRD101688,2026-08-19,SETTLED,INSTRUCTED,MORGANSTANLEY-BROKER,1500,2519025.0,SSI-US-7742,TRAIN
1690,TRD101689,2026-08-04,SETTLED,INSTRUCTED,ICICI-CUST,500,6510290.0,SSI-IN-0091,TRAIN
1691,TRD101690,2026-08-13,SETTLED,INSTRUCTED,MORGANSTANLEY-BROKER,750,1411252.5,SSI-US-7742,TRAIN
1692,TRD101691,2026-08-05,SETTLED,INSTRUCTED,NOMURA-BROKER,1500,2834850.0,SSI-JP-3389,TRAIN
1693,TRD101692,2026-08-13,SETTLED,INSTRUCTED,HDFC-CUST,500,620370.0,SSI-IN-0147,TRAIN
1694,TRD101693,2026-08-09,SETTLED,INSTRUCTED,MORGANSTANLEY-BROKER,750,636540.0,SSI-US-7742,TEST
1695,TRD101694,2026-08-15,SETTLED,INSTRUCTED,NOMURA-BROKER,200,121526.0,SSI-JP-3389,TRAIN
1696,TRD101695,2026-08-18,SETTLED,INSTRUCTED,HDFC-CUST,500,2068865.0,SSI-IN-0147,TEST
1697,TRD101696,2026-08-07,SETTLED,INSTRUCTED,ICICI-CUST,1000,4130020.0,SSI-IN-0091,TRAIN
1698,TRD101697,2026-08-02,SETTLED,INSTRUCTED,DEUTSCHE-BROKER,2000,3929120.0,SSI-DE-5510,TEST
1699,TRD101698,2026-08-04,SETTLED,INSTRUCTED,ICICI-CUST,1500,1857480.0,SSI-IN-0091,TRAIN
1700,TRD101699,2026-08-14,SETTLED,INSTRUCTED,DEUTSCHE-BROKER,100,47060.0,SSI-DE-5510,TEST
1701,TRD101700,2026-08-15,SETTLED,INSTRUCTED,MORGANSTANLEY-BROKER,1500,2504865.0,SSI-US-7742,TRAIN
1702,TRD101701,2026-08-21,SETTLED,INSTRUCTED,KOTAK-CUST,1000,2862960.0,SSI-IN-0203,TEST
1703,TRD101702,2026-08-21,SETTLED,INSTRUCTED,DEUTSCHE-BROKER,100,274123.0,SSI-DE-5510,TEST
1704,TRD101703,2026-08-11,SETTLED,INSTRUCTED,MORGANSTANLEY-BROKER,200,549412.0,SSI-US-7742,TEST
1705,TRD101704,2026-08-14,SETTLED,INSTRUCTED,DEUTSCHE-BROKER,750,882202.5,SSI-DE-5510,TRAIN
1706,TRD101705,2026-08-10,SETTLED,INSTRUCTED,ICICI-CUST,100,17207.0,SSI-IN-0091,TRAIN
1707,TRD101706,2026-08-10,SETTLED,INSTRUCTED,KOTAK-CUST,1500,1262550.0,SSI-IN-0203,TRAIN
1708,TRD101707,2026-08-20,SETTLED,INSTRUCTED,NOMURA-BROKER,100,273528.0,SSI-JP-3389,TRAIN
1709,TRD101708,2026-08-02,SETTLED,INSTRUCTED,DEUTSCHE-BROKER,250,3243177.5,SSI-DE-5510,TRAIN
1710,TRD101709,2026-08-19,SETTLED,INSTRUCTED,HDFC-CUST,1000,2849940.0,SSI-IN-0147,TEST
1711,TRD101710,2026-08-21,SETTLED,INSTRUCTED,MORGANSTANLEY-BROKER,200,235522.0,SSI-US-7742,TRAIN
1712,TRD101711,2026-08-10,SETTLED,INSTRUCTED,KOTAK-CUST,250,116942.5,SSI-IN-0203,TEST
1713,TRD101712,2026-08-21,SETTLED,INSTRUCTED,NOMURA-BROKER,250,417320.0,SSI-JP-3389,TRAIN
1714,TRD101713,2026-08-18,SETTLED,INSTRUCTED,DEUTSCHE-BROKER,100,410774.0,SSI-DE-5510,TRAIN
1715,TRD101714,2026-08-10,SETTLED,INSTRUCTED,KOTAK-CUST,500,1831995.0,SSI-IN-0203,TRAIN
1716,TRD101715,2026-08-13,SETTLED,INSTRUCTED,ICICI-CUST,100,368385.0,SSI-IN-0091,TRAIN
1717,TRD101716,2026-08-12,SETTLED,INSTRUCTED,MORGANSTANLEY-BROKER,200,821982.0,SSI-US-7742,TRAIN
1718,TRD101717,2026-08-06,SETTLED,INSTRUCTED,ICICI-CUST,1500,6204360.0,SSI-IN-0091,TRAIN
1719,TRD101718,2026-08-13,SETTLED,INSTRUCTED,DEUTSCHE-BROKER,1500,1273440.0,SSI-DE-5510,TRAIN
1720,TRD101719,2026-08-06,SETTLED,INSTRUCTED,MORGANSTANLEY-BROKER,1000,1881690.0,SSI-US-7742,TRAIN
1721,TRD101720,2026-08-18,SETTLED,INSTRUCTED,NOMURA-BROKER,500,591945.0,SSI-JP-3389,TRAIN
1722,TRD101721,2026-08-06,SETTLED,INSTRUCTED,DEUTSCHE-BROKER,100,169305.0,SSI-DE-5510,TRAIN
1723,TRD101722,2026-08-20,SETTLED,INSTRUCTED,NOMURA-BROKER,500,86280.0,SSI-JP-3389,TRAIN
1724,TRD101723,2026-08-18,SETTLED,INSTRUCTED,MORGANSTANLEY-BROKER,100,1299390.0,SSI-US-7742,TRAIN
1725,TRD101724,2026-08-11,SETTLED,INSTRUCTED,HDFC-CUST,500,622485.0,SSI-IN-0147,TEST
1726,TRD101725,2026-08-12,SETTLED,INSTRUCTED,NOMURA-BROKER,1000,2738210.0,SSI-JP-3389,TRAIN
1727,TRD101726,2026-08-14,SETTLED,INSTRUCTED,MORGANSTANLEY-BROKER,1500,702375.0,SSI-US-7742,TRAIN
1728,TRD101727,2026-08-16,SETTLED,INSTRUCTED,DEUTSCHE-BROKER,2000,3915520.0,SSI-DE-5510,TRAIN
1729,TRD101728,2026-08-15,SETTLED,INSTRUCTED,NOMURA-BROKER,500,86465.0,SSI-JP-3389,TRAIN
1730,TRD101729,2026-08-05,SETTLED,INSTRUCTED,ICICI-CUST,750,2055937.5,SSI-IN-0091,TRAIN
1731,TRD101730,2026-08-22,SETTLED,INSTRUCTED,HDFC-CUST,250,920737.5,SSI-IN-0147,TEST
1732,TRD101731,2026-08-10,SETTLED,INSTRUCTED,MORGANSTANLEY-BROKER,250,709922.5,SSI-US-7742,TRAIN
1733,TRD101732,2026-08-02,SETTLED,INSTRUCTED,NOMURA-BROKER,100,189661.0,SSI-JP-3389,TRAIN
1734,TRD101733,2026-08-13,SETTLED,INSTRUCTED,HDFC-CUST,1500,2846910.0,SSI-IN-0147,TRAIN
1735,TRD101734,2026-08-12,SETTLED,INSTRUCTED,MORGANSTANLEY-BROKER,750,456015.0,SSI-US-7742,TRAIN
1736,TRD101735,2026-08-15,SETTLED,INSTRUCTED,NOMURA-BROKER,1000,4139290.0,SSI-JP-3389,TRAIN
1737,TRD101736,2026-08-07,SETTLED,INSTRUCTED,NOMURA-BROKER,2000,2486560.0,SSI-JP-3389,TRAIN
1738,TRD101737,2026-08-13,SETTLED,INSTRUCTED,NOMURA-BROKER,100,17261.0,SSI-JP-3389,TRAIN
1739,TRD101738,2026-08-20,SETTLED,INSTRUCTED,KOTAK-CUST,2000,1685740.0,SSI-IN-0203,TRAIN
1740,TRD101739,2026-08-21,SETTLED,INSTRUCTED,MORGANSTANLEY-BROKER,2000,2477660.0,SSI-US-7742,TRAIN
1741,TRD101740,2026-08-07,SETTLED,INSTRUCTED,HDFC-CUST,1500,1266105.0,SSI-IN-0147,TRAIN
1742,TRD101741,2026-08-21,SETTLED,INSTRUCTED,KOTAK-CUST,750,1268752.5,SSI-IN-0203,TRAIN
1743,TRD101742,2026-08-10,SETTLED,INSTRUCTED,DEUTSCHE-BROKER,250,309017.5,SSI-DE-5510,TRAIN
1744,TRD101743,2026-08-10,SETTLED,INSTRUCTED,MORGANSTANLEY-BROKER,250,43022.5,SSI-US-7742,TRAIN
1745,TRD101744,2026-08-08,SETTLED,INSTRUCTED,MORGANSTANLEY-BROKER,750,1461510.0,SSI-US-7742,TEST
1746,TRD101745,2026-08-19,PENDING,MISSING,MORGANSTANLEY-BROKER,100,118568.0,,TRAIN
1747,TRD101746,2026-08-11,SETTLED,INSTRUCTED,MORGANSTANLEY-BROKER,100,46829.0,SSI-US-7742,TRAIN
1748,TRD101747,2026-08-11,SETTLED,INSTRUCTED,ICICI-CUST,250,923082.5,SSI-IN-0091,TRAIN
1749,TRD101748,2026-08-04,SETTLED,INSTRUCTED,HDFC-CUST,1500,258660.0,SSI-IN-0147,TRAIN
1750,TRD101749,2026-08-09,SETTLED,INSTRUCTED,NOMURA-BROKER,200,169534.0,SSI-JP-3389,TRAIN
1751,TRD101750,2026-08-22,SETTLED,INSTRUCTED,NOMURA-BROKER,1000,1886070.0,SSI-JP-3389,TRAIN
1752,TRD101751,2026-08-18,SETTLED,INSTRUCTED,KOTAK-CUST,100,17234.0,SSI-IN-0203,TRAIN
1753,TRD101752,2026-08-20,SETTLED,INSTRUCTED,DEUTSCHE-BROKER,100,195073.0,SSI-DE-5510,TRAIN
1754,TRD101753,2026-08-07,SETTLED,INSTRUCTED,NOMURA-BROKER,2000,2472940.0,SSI-JP-3389,TRAIN
1755,TRD101754,2026-08-04,FAILED,INCORRECT,MORGANSTANLEY-BROKER,500,946425.0,SSI-IN-0147,TRAIN
1756,TRD101755,2026-08-21,SETTLED,INSTRUCTED,HDFC-CUST,200,338048.0,SSI-IN-0147,TRAIN
1757,TRD101756,2026-08-22,FAILED,INCORRECT,MORGANSTANLEY-BROKER,750,1269240.0,SSI-DE-5510,TRAIN
1758,TRD101757,2026-08-09,SETTLED,INSTRUCTED,KOTAK-CUST,250,117667.5,SSI-IN-0203,TRAIN
1759,TRD101758,2026-08-19,SETTLED,INSTRUCTED,DEUTSCHE-BROKER,1500,4122435.0,SSI-DE-5510,TRAIN
1760,TRD101759,2026-08-11,SETTLED,INSTRUCTED,DEUTSCHE-BROKER,200,336590.0,SSI-DE-5510,TRAIN
1761,TRD101760,2026-08-16,SETTLED,INSTRUCTED,KOTAK-CUST,1500,2503140.0,SSI-IN-0203,TRAIN
1762,TRD101761,2026-08-17,SETTLED,INSTRUCTED,DEUTSCHE-BROKER,1500,917400.0,SSI-DE-5510,TRAIN
1763,TRD101762,2026-08-08,SETTLED,INSTRUCTED,DEUTSCHE-BROKER,750,2132910.0,SSI-DE-5510,TRAIN
1764,TRD101763,2026-08-16,SETTLED,INSTRUCTED,DEUTSCHE-BROKER,1000,1239700.0,SSI-DE-5510,TRAIN
1765,TRD101764,2026-08-09,SETTLED,INSTRUCTED,KOTAK-CUST,100,17205.0,SSI-IN-0203,TEST
1766,TRD101765,2026-08-07,SETTLED,INSTRUCTED,MORGANSTANLEY-BROKER,1500,701385.0,SSI-US-7742,TEST
1767,TRD101766,2026-08-19,SETTLED,INSTRUCTED,ICICI-CUST,1000,1175870.0,SSI-IN-0091,TRAIN
1768,TRD101767,2026-08-21,PENDING,INSTRUCTED,ICICI-CUST,1000,4137740.0,SSI-IN-0091,TRAIN
1769,TRD101768,2026-08-19,SETTLED,INSTRUCTED,DEUTSCHE-BROKER,500,424850.0,SSI-DE-5510,TRAIN
1770,TRD101769,2026-08-12,SETTLED,INSTRUCTED,DEUTSCHE-BROKER,250,689217.5,SSI-DE-5510,TRAIN
1771,TRD101770,2026-08-18,SETTLED,INSTRUCTED,ICICI-CUST,100,286035.0,SSI-IN-0091,TEST
1772,TRD101771,2026-08-02,SETTLED,INSTRUCTED,HDFC-CUST,250,711080.0,SSI-IN-0147,TEST
1773,TRD101772,2026-08-14,SETTLED,INSTRUCTED,NOMURA-BROKER,200,248936.0,SSI-JP-3389,TEST
1774,TRD101773,2026-08-04,SETTLED,INSTRUCTED,ICICI-CUST,750,9770242.5,SSI-IN-0091,TRAIN
1775,TRD101774,2026-08-20,SETTLED,INSTRUCTED,DEUTSCHE-BROKER,250,709742.5,SSI-DE-5510,TRAIN
1776,TRD101775,2026-08-02,SETTLED,INSTRUCTED,KOTAK-CUST,1000,2743540.0,SSI-IN-0203,TRAIN
1777,TRD101776,2026-08-22,SETTLED,INSTRUCTED,MORGANSTANLEY-BROKER,200,334250.0,SSI-US-7742,TRAIN
1778,TRD101777,2026-08-15,SETTLED,INSTRUCTED,MORGANSTANLEY-BROKER,1500,1853625.0,SSI-US-7742,TEST
1779,TRD101778,2026-08-17,SETTLED,INSTRUCTED,NOMURA-BROKER,500,619670.0,SSI-JP-3389,TRAIN
1780,TRD101779,2026-08-20,SETTLED,INSTRUCTED,ICICI-CUST,200,548858.0,SSI-IN-0091,TEST
1781,TRD101780,2026-08-05,SETTLED,INSTRUCTED,NOMURA-BROKER,1000,468790.0,SSI-JP-3389,TRAIN
1782,TRD101781,2026-08-07,SETTLED,INSTRUCTED,HDFC-CUST,200,376530.0,SSI-IN-0147,TEST
1783,TRD101782,2026-08-17,SETTLED,INSTRUCTED,MORGANSTANLEY-BROKER,250,1029190.0,SSI-US-7742,TRAIN
1784,TRD101783,2026-08-11,SETTLED,INSTRUCTED,NOMURA-BROKER,2000,5477580.0,SSI-JP-3389,TRAIN
1785,TRD101784,2026-08-21,SETTLED,INSTRUCTED,DEUTSCHE-BROKER,1000,2855890.0,SSI-DE-5510,TEST
1786,TRD101785,2026-08-17,SETTLED,INSTRUCTED,MORGANSTANLEY-BROKER,500,305955.0,SSI-US-7742,TRAIN
1787,TRD101786,2026-08-17,PENDING,MISSING,MORGANSTANLEY-BROKER,500,976110.0,,TEST
1788,TRD101787,2026-08-02,SETTLED,INSTRUCTED,HDFC-CUST,200,337660.0,SSI-IN-0147,TRAIN
1789,TRD101788,2026-08-05,SETTLED,INSTRUCTED,ICICI-CUST,2000,3362780.0,SSI-IN-0091,TRAIN
1790,TRD101789,2026-08-19,SETTLED,INSTRUCTED,DEUTSCHE-BROKER,2000,3766980.0,SSI-DE-5510,TRAIN
1791,TRD101790,2026-08-11,SETTLED,INSTRUCTED,NOMURA-BROKER,200,248000.0,SSI-JP-3389,TEST
1792,TRD101791,2026-08-07,SETTLED,INSTRUCTED,HDFC-CUST,1000,1181000.0,SSI-IN-0147,TRAIN
1793,TRD101792,2026-08-10,SETTLED,INSTRUCTED,DEUTSCHE-BROKER,1000,2746130.0,SSI-DE-5510,TRAIN
1794,TRD101793,2026-08-06,SETTLED,INSTRUCTED,HDFC-CUST,1000,173190.0,SSI-IN-0147,TEST
1795,TRD101794,2026-08-17,PENDING,MISSING,ICICI-CUST,1500,1264335.0,,TRAIN
1796,TRD101795,2026-08-05,SETTLED,INSTRUCTED,MORGANSTANLEY-BROKER,500,304255.0,SSI-US-7742,TRAIN
1797,TRD101796,2026-08-21,SETTLED,INSTRUCTED,HDFC-CUST,100,412590.0,SSI-IN-0147,TRAIN
1798,TRD101797,2026-08-02,SETTLED,INSTRUCTED,HDFC-CUST,500,976335.0,SSI-IN-0147,TRAIN
1799,TRD101798,2026-08-11,SETTLED,INSTRUCTED,KOTAK-CUST,1500,19486440.0,SSI-IN-0203,TRAIN
1800,TRD101799,2026-08-06,SETTLED,INSTRUCTED,ICICI-CUST,500,1832300.0,SSI-IN-0091,TRAIN
1801,TRD101800,2026-08-06,SETTLED,INSTRUCTED,MORGANSTANLEY-BROKER,750,1418625.0,SSI-US-7742,TRAIN
1802,TRD101801,2026-08-21,SETTLED,INSTRUCTED,NOMURA-BROKER,750,889320.0,SSI-JP-3389,TEST
1803,TRD101802,2026-08-08,SETTLED,INSTRUCTED,ICICI-CUST,100,189566.0,SSI-IN-0091,TRAIN
1804,TRD101803,2026-08-12,SETTLED,INSTRUCTED,ICICI-CUST,2000,3794760.0,SSI-IN-0091,TRAIN
1805,TRD101804,2026-08-17,SETTLED,INSTRUCTED,KOTAK-CUST,2000,7354800.0,SSI-IN-0203,TRAIN
1806,TRD101805,2026-08-14,SETTLED,INSTRUCTED,NOMURA-BROKER,1500,2509710.0,SSI-JP-3389,TRAIN
1807,TRD101806,2026-08-21,FAILED,INCORRECT,HDFC-CUST,1000,1241180.0,SSI-US-7742,TEST
1808,TRD101807,2026-08-19,SETTLED,INSTRUCTED,DEUTSCHE-BROKER,250,153105.0,SSI-DE-5510,TEST
1809,TRD101808,2026-08-15,SETTLED,INSTRUCTED,NOMURA-BROKER,200,391366.0,SSI-JP-3389,TRAIN
1810,TRD101809,2026-08-13,SETTLED,INSTRUCTED,NOMURA-BROKER,1000,2860630.0,SSI-JP-3389,TRAIN
1811,TRD101810,2026-08-07,SETTLED,INSTRUCTED,NOMURA-BROKER,500,589430.0,SSI-JP-3389,TRAIN
1812,TRD101811,2026-08-02,SETTLED,INSTRUCTED,MORGANSTANLEY-BROKER,1000,469020.0,SSI-US-7742,TRAIN
1813,TRD101812,2026-08-18,SETTLED,INSTRUCTED,ICICI-CUST,1000,4137880.0,SSI-IN-0091,TRAIN
1814,TRD101813,2026-08-14,SETTLED,INSTRUCTED,ICICI-CUST,750,1468852.5,SSI-IN-0091,TRAIN
1815,TRD101814,2026-08-02,SETTLED,INSTRUCTED,NOMURA-BROKER,100,196491.0,SSI-JP-3389,TRAIN
1816,TRD101815,2026-08-22,SETTLED,INSTRUCTED,MORGANSTANLEY-BROKER,250,117195.0,SSI-US-7742,TRAIN
1817,TRD101816,2026-08-11,PENDING,INSTRUCTED,NOMURA-BROKER,100,84655.0,SSI-JP-3389,TRAIN
1818,TRD101817,2026-08-05,SETTLED,INSTRUCTED,ICICI-CUST,1500,6201780.0,SSI-IN-0091,TRAIN
1819,TRD101818,2026-08-10,SETTLED,INSTRUCTED,HDFC-CUST,200,169726.0,SSI-IN-0147,TRAIN
1820,TRD101819,2026-08-07,SETTLED,INSTRUCTED,MORGANSTANLEY-BROKER,1000,13031630.0,SSI-US-7742,TRAIN
1821,TRD101820,2026-08-03,SETTLED,INSTRUCTED,ICICI-CUST,1500,2931090.0,SSI-IN-0091,TRAIN
1822,TRD101821,2026-08-16,SETTLED,INSTRUCTED,ICICI-CUST,750,455857.5,SSI-IN-0091,TEST
1823,TRD101822,2026-08-02,SETTLED,INSTRUCTED,KOTAK-CUST,1500,912525.0,SSI-IN-0203,TRAIN
1824,TRD101823,2026-08-04,SETTLED,INSTRUCTED,MORGANSTANLEY-BROKER,1000,4119360.0,SSI-US-7742,TRAIN
1825,TRD101824,2026-08-04,SETTLED,INSTRUCTED,HDFC-CUST,200,821534.0,SSI-IN-0147,TEST
1826,TRD101825,2026-08-08,SETTLED,INSTRUCTED,NOMURA-BROKER,250,688382.5,SSI-JP-3389,TRAIN
1827,TRD101826,2026-08-22,SETTLED,INSTRUCTED,HDFC-CUST,500,2056415.0,SSI-IN-0147,TEST
1828,TRD101827,2026-08-07,SETTLED,INSTRUCTED,KOTAK-CUST,1500,4284555.0,SSI-IN-0203,TEST
1829,TRD101828,2026-08-10,SETTLED,INSTRUCTED,HDFC-CUST,500,848035.0,SSI-IN-0147,TRAIN
1830,TRD101829,2026-08-17,SETTLED,INSTRUCTED,KOTAK-CUST,2000,2475760.0,SSI-IN-0203,TEST
1831,TRD101830,2026-08-07,SETTLED,INSTRUCTED,ICICI-CUST,2000,5509300.0,SSI-IN-0091,TRAIN
1832,TRD101831,2026-08-15,SETTLED,INSTRUCTED,KOTAK-CUST,500,1849160.0,SSI-IN-0203,TRAIN
1833,TRD101832,2026-08-08,FAILED,INCORRECT,KOTAK-CUST,750,631605.0,SSI-DE-5510,TRAIN
1834,TRD101833,2026-08-18,SETTLED,INSTRUCTED,NOMURA-BROKER,100,124604.0,SSI-JP-3389,TEST
1835,TRD101834,2026-08-13,SETTLED,INSTRUCTED,MORGANSTANLEY-BROKER,2000,3783880.0,SSI-US-7742,TRAIN
1836,TRD101835,2026-08-02,SETTLED,INSTRUCTED,HDFC-CUST,200,169338.0,SSI-IN-0147,TRAIN
1837,TRD101836,2026-08-05,SETTLED,INSTRUCTED,HDFC-CUST,1000,846850.0,SSI-IN-0147,TRAIN
1838,TRD101837,2026-08-02,SETTLED,INSTRUCTED,DEUTSCHE-BROKER,2000,3782360.0,SSI-DE-5510,TRAIN
1839,TRD101838,2026-08-09,SETTLED,INSTRUCTED,KOTAK-CUST,1500,915285.0,SSI-IN-0203,TRAIN
1840,TRD101839,2026-08-09,SETTLED,INSTRUCTED,MORGANSTANLEY-BROKER,1500,701940.0,SSI-US-7742,TEST
1841,TRD101840,2026-08-14,SETTLED,INSTRUCTED,MORGANSTANLEY-BROKER,750,1273552.5,SSI-US-7742,TRAIN
1842,TRD101841,2026-08-21,SETTLED,INSTRUCTED,NOMURA-BROKER,250,923922.5,SSI-JP-3389,TRAIN
1843,TRD101842,2026-08-03,SETTLED,INSTRUCTED,ICICI-CUST,1000,1895750.0,SSI-IN-0091,TEST
1844,TRD101843,2026-08-07,SETTLED,INSTRUCTED,DEUTSCHE-BROKER,1000,2744470.0,SSI-DE-5510,TEST
1845,TRD101844,2026-08-04,SETTLED,INSTRUCTED,HDFC-CUST,250,417967.5,SSI-IN-0147,TEST
1846,TRD101845,2026-08-06,PENDING,MISSING,NOMURA-BROKER,200,338838.0,,TRAIN
1847,TRD101846,2026-08-17,SETTLED,INSTRUCTED,MORGANSTANLEY-BROKER,250,117042.5,SSI-US-7742,TRAIN
1848,TRD101847,2026-08-16,SETTLED,INSTRUCTED,NOMURA-BROKER,2000,345480.0,SSI-JP-3389,TRAIN
1849,TRD101848,2026-08-06,SETTLED,INSTRUCTED,DEUTSCHE-BROKER,250,421832.5,SSI-DE-5510,TRAIN
1850,TRD101849,2026-08-19,SETTLED,INSTRUCTED,ICICI-CUST,1500,19488870.0,SSI-IN-0091,TRAIN
1851,TRD101850,2026-08-21,SETTLED,INSTRUCTED,HDFC-CUST,100,195026.0,SSI-IN-0147,TEST
1852,TRD101851,2026-08-02,SETTLED,INSTRUCTED,MORGANSTANLEY-BROKER,1000,845610.0,SSI-US-7742,TRAIN
1853,TRD101852,2026-08-09,SETTLED,INSTRUCTED,ICICI-CUST,500,974310.0,SSI-IN-0091,TRAIN
1854,TRD101853,2026-08-22,SETTLED,INSTRUCTED,HDFC-CUST,200,337538.0,SSI-IN-0147,TRAIN
1855,TRD101854,2026-08-17,SETTLED,INSTRUCTED,ICICI-CUST,750,929550.0,SSI-IN-0091,TRAIN
1856,TRD101855,2026-08-18,SETTLED,INSTRUCTED,ICICI-CUST,250,472095.0,SSI-IN-0091,TRAIN
1857,TRD101856,2026-08-14,SETTLED,INSTRUCTED,ICICI-CUST,200,169384.0,SSI-IN-0091,TRAIN
1858,TRD101857,2026-08-02,SETTLED,INSTRUCTED,DEUTSCHE-BROKER,1500,2840730.0,SSI-DE-5510,TEST
1859,TRD101858,2026-08-10,SETTLED,INSTRUCTED,NOMURA-BROKER,100,274019.0,SSI-JP-3389,TRAIN
1860,TRD101859,2026-08-12,SETTLED,INSTRUCTED,MORGANSTANLEY-BROKER,1000,3690490.0,SSI-US-7742,TRAIN
1861,TRD101860,2026-08-19,SETTLED,INSTRUCTED,DEUTSCHE-BROKER,250,689700.0,SSI-DE-5510,TRAIN
1862,TRD101861,2026-08-20,SETTLED,INSTRUCTED,KOTAK-CUST,1000,2863280.0,SSI-IN-0203,TRAIN
1863,TRD101862,2026-08-03,SETTLED,INSTRUCTED,ICICI-CUST,100,168980.0,SSI-IN-0091,TRAIN
1864,TRD101863,2026-08-13,SETTLED,INSTRUCTED,KOTAK-CUST,100,84889.0,SSI-IN-0203,TRAIN
1865,TRD101864,2026-08-02,SETTLED,INSTRUCTED,MORGANSTANLEY-BROKER,750,1470690.0,SSI-US-7742,TRAIN
1866,TRD101865,2026-08-16,SETTLED,INSTRUCTED,KOTAK-CUST,1000,1239770.0,SSI-IN-0203,TRAIN
1867,TRD101866,2026-08-03,SETTLED,INSTRUCTED,MORGANSTANLEY-BROKER,200,235714.0,SSI-US-7742,TRAIN
1868,TRD101867,2026-08-06,SETTLED,INSTRUCTED,NOMURA-BROKER,200,378192.0,SSI-JP-3389,TEST
1869,TRD101868,2026-08-16,SETTLED,INSTRUCTED,NOMURA-BROKER,750,1265842.5,SSI-JP-3389,TRAIN
1870,TRD101869,2026-08-03,SETTLED,INSTRUCTED,HDFC-CUST,200,569112.0,SSI-IN-0147,TRAIN
1871,TRD101870,2026-08-22,SETTLED,INSTRUCTED,NOMURA-BROKER,200,734836.0,SSI-JP-3389,TRAIN
1872,TRD101871,2026-08-10,SETTLED,INSTRUCTED,NOMURA-BROKER,100,168506.0,SSI-JP-3389,TRAIN
1873,TRD101872,2026-08-11,SETTLED,INSTRUCTED,MORGANSTANLEY-BROKER,500,2061835.0,SSI-US-7742,TEST
1874,TRD101873,2026-08-15,SETTLED,INSTRUCTED,KOTAK-CUST,2000,1686380.0,SSI-IN-0203,TRAIN
1875,TRD101874,2026-08-07,SETTLED,INSTRUCTED,NOMURA-BROKER,100,368400.0,SSI-JP-3389,TRAIN
1876,TRD101875,2026-08-15,SETTLED,INSTRUCTED,NOMURA-BROKER,1500,4263225.0,SSI-JP-3389,TRAIN
1877,TRD101876,2026-08-22,SETTLED,INSTRUCTED,KOTAK-CUST,2000,2484060.0,SSI-IN-0203,TRAIN
1878,TRD101877,2026-08-09,SETTLED,INSTRUCTED,ICICI-CUST,100,167870.0,SSI-IN-0091,TRAIN
1879,TRD101878,2026-08-12,SETTLED,INSTRUCTED,MORGANSTANLEY-BROKER,1500,1772760.0,SSI-US-7742,TRAIN
1880,TRD101879,2026-08-12,SETTLED,INSTRUCTED,KOTAK-CUST,100,17218.0,SSI-IN-0203,TRAIN
1881,TRD101880,2026-08-07,SETTLED,INSTRUCTED,NOMURA-BROKER,2000,935080.0,SSI-JP-3389,TRAIN
1882,TRD101881,2026-08-20,SETTLED,INSTRUCTED,ICICI-CUST,100,169312.0,SSI-IN-0091,TRAIN
1883,TRD101882,2026-08-18,PENDING,MISSING,KOTAK-CUST,500,2065485.0,,TRAIN
1884,TRD101883,2026-08-16,SETTLED,INSTRUCTED,ICICI-CUST,1000,2744270.0,SSI-IN-0091,TRAIN
1885,TRD101884,2026-08-15,SETTLED,INSTRUCTED,ICICI-CUST,1000,1181020.0,SSI-IN-0091,TRAIN
1886,TRD101885,2026-08-06,SETTLED,INSTRUCTED,DEUTSCHE-BROKER,1500,2523390.0,SSI-DE-5510,TRAIN
1887,TRD101886,2026-08-05,SETTLED,INSTRUCTED,MORGANSTANLEY-BROKER,500,842760.0,SSI-US-7742,TEST
1888,TRD101887,2026-08-14,SETTLED,INSTRUCTED,MORGANSTANLEY-BROKER,250,3253660.0,SSI-US-7742,TRAIN
1889,TRD101888,2026-08-21,SETTLED,INSTRUCTED,KOTAK-CUST,500,1371675.0,SSI-IN-0203,TRAIN
1890,TRD101889,2026-08-22,SETTLED,INSTRUCTED,NOMURA-BROKER,200,391782.0,SSI-JP-3389,TRAIN
1891,TRD101890,2026-08-17,SETTLED,INSTRUCTED,KOTAK-CUST,1500,2512665.0,SSI-IN-0203,TRAIN
1892,TRD101891,2026-08-02,SETTLED,INSTRUCTED,MORGANSTANLEY-BROKER,250,43070.0,SSI-US-7742,TRAIN
1893,TRD101892,2026-08-06,SETTLED,INSTRUCTED,DEUTSCHE-BROKER,250,489822.5,SSI-DE-5510,TRAIN
1894,TRD101893,2026-08-21,SETTLED,INSTRUCTED,HDFC-CUST,500,846355.0,SSI-IN-0147,TRAIN
1895,TRD101894,2026-08-13,SETTLED,INSTRUCTED,MORGANSTANLEY-BROKER,1500,1778265.0,SSI-US-7742,TRAIN
1896,TRD101895,2026-08-13,SETTLED,INSTRUCTED,ICICI-CUST,2000,2364860.0,SSI-IN-0091,TEST
1897,TRD101896,2026-08-09,SETTLED,INSTRUCTED,HDFC-CUST,250,3243630.0,SSI-IN-0147,TRAIN
1898,TRD101897,2026-08-02,SETTLED,INSTRUCTED,HDFC-CUST,250,210962.5,SSI-IN-0147,TRAIN
1899,TRD101898,2026-08-07,SETTLED,INSTRUCTED,DEUTSCHE-BROKER,2000,3366800.0,SSI-DE-5510,TRAIN
1900,TRD101899,2026-08-07,PENDING,INSTRUCTED,ICICI-CUST,250,3236720.0,SSI-IN-0091,TEST
1901,TRD101900,2026-08-04,SETTLED,INSTRUCTED,DEUTSCHE-BROKER,2000,26054020.0,SSI-DE-5510,TRAIN
1902,TRD101901,2026-08-03,SETTLED,INSTRUCTED,KOTAK-CUST,100,60997.0,SSI-IN-0203,TRAIN
1903,TRD101902,2026-08-18,SETTLED,INSTRUCTED,NOMURA-BROKER,1500,1271145.0,SSI-JP-3389,TRAIN
1904,TRD101903,2026-08-10,SETTLED,INSTRUCTED,MORGANSTANLEY-BROKER,200,546944.0,SSI-US-7742,TRAIN
1905,TRD101904,2026-08-06,SETTLED,INSTRUCTED,HDFC-CUST,1500,1270380.0,SSI-IN-0147,TRAIN
1906,TRD101905,2026-08-04,PENDING,MISSING,DEUTSCHE-BROKER,200,247738.0,,TEST
1907,TRD101906,2026-08-16,SETTLED,INSTRUCTED,KOTAK-CUST,750,2055952.5,SSI-IN-0203,TEST
1908,TRD101907,2026-08-06,SETTLED,INSTRUCTED,HDFC-CUST,750,886020.0,SSI-IN-0147,TRAIN
1909,TRD101908,2026-08-11,SETTLED,INSTRUCTED,KOTAK-CUST,1000,1676260.0,SSI-IN-0203,TRAIN
1910,TRD101909,2026-08-06,SETTLED,INSTRUCTED,NOMURA-BROKER,2000,939420.0,SSI-JP-3389,TRAIN
1911,TRD101910,2026-08-10,SETTLED,INSTRUCTED,NOMURA-BROKER,750,888367.5,SSI-JP-3389,TRAIN
1912,TRD101911,2026-08-06,SETTLED,INSTRUCTED,MORGANSTANLEY-BROKER,500,6495400.0,SSI-US-7742,TEST
1913,TRD101912,2026-08-07,SETTLED,INSTRUCTED,KOTAK-CUST,1500,1268115.0,SSI-IN-0203,TRAIN
1914,TRD101913,2026-08-17,SETTLED,INSTRUCTED,NOMURA-BROKER,1000,3675660.0,SSI-JP-3389,TEST
1915,TRD101914,2026-08-02,SETTLED,INSTRUCTED,NOMURA-BROKER,2000,3795620.0,SSI-JP-3389,TRAIN
1916,TRD101915,2026-08-06,SETTLED,INSTRUCTED,KOTAK-CUST,750,1252710.0,SSI-IN-0203,TRAIN
1917,TRD101916,2026-08-22,SETTLED,INSTRUCTED,ICICI-CUST,2000,1690520.0,SSI-IN-0091,TRAIN
1918,TRD101917,2026-08-05,SETTLED,INSTRUCTED,KOTAK-CUST,100,84474.0,SSI-IN-0203,TRAIN
1919,TRD101918,2026-08-03,SETTLED,INSTRUCTED,DEUTSCHE-BROKER,200,739492.0,SSI-DE-5510,TRAIN
1920,TRD101919,2026-08-22,SETTLED,INSTRUCTED,HDFC-CUST,250,310787.5,SSI-IN-0147,TEST
1921,TRD101920,2026-08-10,SETTLED,INSTRUCTED,MORGANSTANLEY-BROKER,100,189936.0,SSI-US-7742,TRAIN
1922,TRD101921,2026-08-04,SETTLED,INSTRUCTED,HDFC-CUST,500,305885.0,SSI-IN-0147,TRAIN
1923,TRD101922,2026-08-20,SETTLED,INSTRUCTED,DEUTSCHE-BROKER,500,835455.0,SSI-DE-5510,TRAIN
1924,TRD101923,2026-08-22,SETTLED,INSTRUCTED,ICICI-CUST,100,367348.0,SSI-IN-0091,TEST
1925,TRD101924,2026-08-08,SETTLED,INSTRUCTED,ICICI-CUST,2000,8207160.0,SSI-IN-0091,TRAIN
1926,TRD101925,2026-08-05,SETTLED,INSTRUCTED,NOMURA-BROKER,100,124181.0,SSI-JP-3389,TRAIN
1927,TRD101926,2026-08-10,SETTLED,INSTRUCTED,DEUTSCHE-BROKER,2000,2372120.0,SSI-DE-5510,TRAIN
1928,TRD101927,2026-08-17,SETTLED,INSTRUCTED,MORGANSTANLEY-BROKER,250,488087.5,SSI-US-7742,TRAIN
1929,TRD101928,2026-08-19,SETTLED,INSTRUCTED,MORGANSTANLEY-BROKER,500,619415.0,SSI-US-7742,TRAIN
1930,TRD101929,2026-08-12,SETTLED,INSTRUCTED,MORGANSTANLEY-BROKER,250,1030060.0,SSI-US-7742,TRAIN
1931,TRD101930,2026-08-15,SETTLED,INSTRUCTED,NOMURA-BROKER,250,470522.5,SSI-JP-3389,TRAIN
1932,TRD101931,2026-08-19,SETTLED,INSTRUCTED,HDFC-CUST,2000,344360.0,SSI-IN-0147,TEST
1933,TRD101932,2026-08-18,SETTLED,INSTRUCTED,KOTAK-CUST,500,1368865.0,SSI-IN-0203,TRAIN
1934,TRD101933,2026-08-08,SETTLED,INSTRUCTED,MORGANSTANLEY-BROKER,750,3103777.5,SSI-US-7742,TRAIN
1935,TRD101934,2026-08-07,SETTLED,INSTRUCTED,HDFC-CUST,500,947670.0,SSI-IN-0147,TRAIN
1936,TRD101935,2026-08-18,PENDING,INSTRUCTED,NOMURA-BROKER,2000,7371600.0,SSI-JP-3389,TRAIN
1937,TRD101936,2026-08-11,SETTLED,INSTRUCTED,KOTAK-CUST,750,129300.0,SSI-IN-0203,TRAIN
1938,TRD101937,2026-08-12,SETTLED,INSTRUCTED,DEUTSCHE-BROKER,1000,848380.0,SSI-DE-5510,TRAIN
1939,TRD101938,2026-08-02,SETTLED,INSTRUCTED,DEUTSCHE-BROKER,1500,1775025.0,SSI-DE-5510,TRAIN
1940,TRD101939,2026-08-10,SETTLED,INSTRUCTED,ICICI-CUST,250,212405.0,SSI-IN-0091,TRAIN
1941,TRD101940,2026-08-13,SETTLED,INSTRUCTED,ICICI-CUST,750,1463767.5,SSI-IN-0091,TRAIN
1942,TRD101941,2026-08-20,SETTLED,INSTRUCTED,NOMURA-BROKER,1500,4111215.0,SSI-JP-3389,TEST
1943,TRD101942,2026-08-05,SETTLED,INSTRUCTED,ICICI-CUST,2000,2368920.0,SSI-IN-0091,TRAIN
1944,TRD101943,2026-08-20,SETTLED,INSTRUCTED,DEUTSCHE-BROKER,2000,1698660.0,SSI-DE-5510,TRAIN
1945,TRD101944,2026-08-21,SETTLED,INSTRUCTED,MORGANSTANLEY-BROKER,2000,1217640.0,SSI-US-7742,TRAIN
1946,TRD101945,2026-08-10,SETTLED,INSTRUCTED,MORGANSTANLEY-BROKER,100,412650.0,SSI-US-7742,TEST
1947,TRD101946,2026-08-06,SETTLED,INSTRUCTED,NOMURA-BROKER,750,128835.0,SSI-JP-3389,TEST
1948,TRD101947,2026-08-06,SETTLED,INSTRUCTED,MORGANSTANLEY-BROKER,1500,4131750.0,SSI-US-7742,TRAIN
1949,TRD101948,2026-08-12,SETTLED,INSTRUCTED,MORGANSTANLEY-BROKER,200,735576.0,SSI-US-7742,TRAIN
1950,TRD101949,2026-08-04,SETTLED,INSTRUCTED,NOMURA-BROKER,100,60816.0,SSI-JP-3389,TRAIN
1951,TRD101950,2026-08-08,SETTLED,INSTRUCTED,HDFC-CUST,2000,345760.0,SSI-IN-0147,TRAIN
1952,TRD101951,2026-08-08,SETTLED,INSTRUCTED,NOMURA-BROKER,2000,3345780.0,SSI-JP-3389,TRAIN
1953,TRD101952,2026-08-22,SETTLED,INSTRUCTED,DEUTSCHE-BROKER,100,117600.0,SSI-DE-5510,TRAIN
1954,TRD101953,2026-08-18,SETTLED,INSTRUCTED,ICICI-CUST,2000,5507560.0,SSI-IN-0091,TRAIN
1955,TRD101954,2026-08-18,SETTLED,INSTRUCTED,KOTAK-CUST,1500,1779150.0,SSI-IN-0203,TRAIN
1956,TRD101955,2026-08-04,SETTLED,INSTRUCTED,MORGANSTANLEY-BROKER,1000,1181840.0,SSI-US-7742,TEST
1957,TRD101956,2026-08-04,SETTLED,INSTRUCTED,MORGANSTANLEY-BROKER,250,922785.0,SSI-US-7742,TRAIN
1958,TRD101957,2026-08-15,SETTLED,INSTRUCTED,KOTAK-CUST,200,550586.0,SSI-IN-0203,TRAIN
1959,TRD101958,2026-08-04,SETTLED,INSTRUCTED,HDFC-CUST,250,43177.5,SSI-IN-0147,TEST
1960,TRD101959,2026-08-14,SETTLED,INSTRUCTED,MORGANSTANLEY-BROKER,1500,5541720.0,SSI-US-7742,TRAIN
1961,TRD101960,2026-08-09,SETTLED,INSTRUCTED,KOTAK-CUST,1500,1761855.0,SSI-IN-0203,TEST
1962,TRD101961,2026-08-12,SETTLED,INSTRUCTED,MORGANSTANLEY-BROKER,500,620925.0,SSI-US-7742,TRAIN
1963,TRD101962,2026-08-20,SETTLED,INSTRUCTED,HDFC-CUST,1000,2756400.0,SSI-IN-0147,TRAIN
1964,TRD101963,2026-08-02,SETTLED,INSTRUCTED,MORGANSTANLEY-BROKER,750,1252402.5,SSI-US-7742,TRAIN
1965,TRD101964,2026-08-12,FAILED,INCORRECT,KOTAK-CUST,1000,3696880.0,SSI-DE-5510,TEST
1966,TRD101965,2026-08-10,SETTLED,INSTRUCTED,HDFC-CUST,750,1252170.0,SSI-IN-0147,TRAIN
1967,TRD101966,2026-08-16,SETTLED,INSTRUCTED,ICICI-CUST,250,715315.0,SSI-IN-0091,TRAIN
1968,TRD101967,2026-08-16,SETTLED,INSTRUCTED,DEUTSCHE-BROKER,500,234170.0,SSI-DE-5510,TEST
1969,TRD101968,2026-08-05,SETTLED,INSTRUCTED,ICICI-CUST,1500,2515065.0,SSI-IN-0091,TRAIN
1970,TRD101969,2026-08-17,SETTLED,INSTRUCTED,NOMURA-BROKER,500,941560.0,SSI-JP-3389,TRAIN
1971,TRD101970,2026-08-04,SETTLED,INSTRUCTED,MORGANSTANLEY-BROKER,500,842750.0,SSI-US-7742,TRAIN
1972,TRD101971,2026-08-02,SETTLED,INSTRUCTED,ICICI-CUST,200,249264.0,SSI-IN-0091,TRAIN
1973,TRD101972,2026-08-11,SETTLED,INSTRUCTED,ICICI-CUST,200,337588.0,SSI-IN-0091,TEST
1974,TRD101973,2026-08-14,SETTLED,INSTRUCTED,DEUTSCHE-BROKER,200,335544.0,SSI-DE-5510,TRAIN
1975,TRD101974,2026-08-09,SETTLED,INSTRUCTED,HDFC-CUST,1000,607580.0,SSI-IN-0147,TRAIN
1976,TRD101975,2026-08-17,SETTLED,INSTRUCTED,ICICI-CUST,250,916727.5,SSI-IN-0091,TRAIN
1977,TRD101976,2026-08-15,SETTLED,INSTRUCTED,HDFC-CUST,750,9722512.5,SSI-IN-0147,TRAIN
1978,TRD101977,2026-08-07,PENDING,MISSING,KOTAK-CUST,250,473717.5,,TRAIN
1979,TRD101978,2026-08-14,SETTLED,INSTRUCTED,NOMURA-BROKER,2000,5684120.0,SSI-JP-3389,TRAIN
1980,TRD101979,2026-08-02,SETTLED,INSTRUCTED,KOTAK-CUST,1000,1174680.0,SSI-IN-0203,TRAIN
1981,TRD101980,2026-08-03,SETTLED,INSTRUCTED,MORGANSTANLEY-BROKER,250,715572.5,SSI-US-7742,TRAIN
1982,TRD101981,2026-08-09,SETTLED,INSTRUCTED,ICICI-CUST,200,376226.0,SSI-IN-0091,TRAIN
1983,TRD101982,2026-08-15,SETTLED,INSTRUCTED,MORGANSTANLEY-BROKER,2000,8238560.0,SSI-US-7742,TRAIN
1984,TRD101983,2026-08-17,SETTLED,INSTRUCTED,KOTAK-CUST,100,1295552.0,SSI-IN-0203,TEST
1985,TRD101984,2026-08-05,SETTLED,INSTRUCTED,DEUTSCHE-BROKER,1000,1964640.0,SSI-DE-5510,TEST
1986,TRD101985,2026-08-06,SETTLED,INSTRUCTED,HDFC-CUST,500,945290.0,SSI-IN-0147,TRAIN
1987,TRD101986,2026-08-21,SETTLED,INSTRUCTED,ICICI-CUST,1500,913530.0,SSI-IN-0091,TRAIN
1988,TRD101987,2026-08-11,SETTLED,INSTRUCTED,KOTAK-CUST,250,310912.5,SSI-IN-0203,TRAIN
1989,TRD101988,2026-08-13,SETTLED,INSTRUCTED,NOMURA-BROKER,250,685220.0,SSI-JP-3389,TRAIN
1990,TRD101989,2026-08-08,SETTLED,INSTRUCTED,HDFC-CUST,1500,916725.0,SSI-IN-0147,TEST
1991,TRD101990,2026-08-09,PENDING,MISSING,HDFC-CUST,100,196226.0,,TRAIN
1992,TRD101991,2026-08-13,FAILED,INCORRECT,HDFC-CUST,2000,5700080.0,SSI-IN-0203,TRAIN
1993,TRD101992,2026-08-19,SETTLED,INSTRUCTED,DEUTSCHE-BROKER,2000,3354460.0,SSI-DE-5510,TRAIN
1994,TRD101993,2026-08-07,SETTLED,INSTRUCTED,KOTAK-CUST,1000,1952520.0,SSI-IN-0203,TRAIN
1995,TRD101994,2026-08-12,SETTLED,INSTRUCTED,MORGANSTANLEY-BROKER,2000,5500160.0,SSI-US-7742,TRAIN
1996,TRD101995,2026-08-02,SETTLED,INSTRUCTED,MORGANSTANLEY-BROKER,1000,2743580.0,SSI-US-7742,TRAIN
1997,TRD101996,2026-08-05,SETTLED,INSTRUCTED,MORGANSTANLEY-BROKER,2000,3361460.0,SSI-US-7742,TRAIN
1998,TRD101997,2026-08-15,SETTLED,INSTRUCTED,MORGANSTANLEY-BROKER,1000,12954950.0,SSI-US-7742,TRAIN
1999,TRD101998,2026-08-09,SETTLED,INSTRUCTED,ICICI-CUST,500,842170.0,SSI-IN-0091,TRAIN
2000,TRD101999,2026-08-18,SETTLED,INSTRUCTED,MORGANSTANLEY-BROKER,250,920615.0,SSI-US-7742,TRAIN
2001,TRD102000,2026-08-18,SETTLED,INSTRUCTED,HDFC-CUST,500,1843640.0,SSI-IN-0147,TRAIN
2002,TRD102001,2026-08-21,SETTLED,INSTRUCTED,HDFC-CUST,250,1031577.5,SSI-IN-0147,TRAIN
2003,TRD102002,2026-08-14,SETTLED,INSTRUCTED,KOTAK-CUST,500,6475620.0,SSI-IN-0203,TRAIN
2004,TRD102003,2026-08-06,SETTLED,INSTRUCTED,NOMURA-BROKER,2000,344780.0,SSI-JP-3389,TRAIN
2005,TRD102004,2026-08-11,SETTLED,INSTRUCTED,HDFC-CUST,750,3097005.0,SSI-IN-0147,TRAIN
2006,TRD102005,2026-08-17,SETTLED,INSTRUCTED,HDFC-CUST,1500,4103580.0,SSI-IN-0147,TRAIN
2007,TRD102006,2026-08-14,SETTLED,INSTRUCTED,MORGANSTANLEY-BROKER,250,687402.5,SSI-US-7742,TRAIN
2008,TRD102007,2026-08-10,SETTLED,INSTRUCTED,HDFC-CUST,1000,12924260.0,SSI-IN-0147,TRAIN
2009,TRD102008,2026-08-06,SETTLED,INSTRUCTED,NOMURA-BROKER,250,152137.5,SSI-JP-3389,TRAIN
2010,TRD102009,2026-08-18,SETTLED,INSTRUCTED,ICICI-CUST,200,570218.0,SSI-IN-0091,TRAIN
2011,TRD102010,2026-08-05,FAILED,INCORRECT,MORGANSTANLEY-BROKER,2000,3903540.0,SSI-JP-3389,TRAIN
2012,TRD102011,2026-08-03,SETTLED,INSTRUCTED,DEUTSCHE-BROKER,1000,4136210.0,SSI-DE-5510,TRAIN
2013,TRD102012,2026-08-07,SETTLED,INSTRUCTED,NOMURA-BROKER,2000,3908500.0,SSI-JP-3389,TRAIN
2014,TRD102013,2026-08-21,SETTLED,INSTRUCTED,MORGANSTANLEY-BROKER,200,333662.0,SSI-US-7742,TRAIN
2015,TRD102014,2026-08-15,SETTLED,INSTRUCTED,DEUTSCHE-BROKER,2000,26047400.0,SSI-DE-5510,TRAIN
2016,TRD102015,2026-08-10,SETTLED,INSTRUCTED,KOTAK-CUST,750,9768322.5,SSI-IN-0203,TEST
2017,TRD102016,2026-08-04,SETTLED,INSTRUCTED,ICICI-CUST,750,1473862.5,SSI-IN-0091,TRAIN
2018,TRD102017,2026-08-16,SETTLED,INSTRUCTED,NOMURA-BROKER,2000,3341060.0,SSI-JP-3389,TEST
2019,TRD102018,2026-08-20,SETTLED,INSTRUCTED,DEUTSCHE-BROKER,2000,5494540.0,SSI-DE-5510,TRAIN
2020,TRD102019,2026-08-22,SETTLED,INSTRUCTED,ICICI-CUST,200,236264.0,SSI-IN-0091,TRAIN
2021,TRD102020,2026-08-21,SETTLED,INSTRUCTED,DEUTSCHE-BROKER,500,1370890.0,SSI-DE-5510,TRAIN
2022,TRD102021,2026-08-20,SETTLED,INSTRUCTED,MORGANSTANLEY-BROKER,2000,1697160.0,SSI-US-7742,TRAIN
2023,TRD102022,2026-08-02,SETTLED,INSTRUCTED,HDFC-CUST,1500,19502925.0,SSI-IN-0147,TRAIN
2024,TRD102023,2026-08-15,SETTLED,INSTRUCTED,ICICI-CUST,1000,1947850.0,SSI-IN-0091,TRAIN
2025,TRD102024,2026-08-09,FAILED,INCORRECT,KOTAK-CUST,1000,844350.0,SSI-IN-0091,TRAIN
2026,TRD102025,2026-08-26,PENDING,INSTRUCTED,KOTAK-CUST,2000,1694560.0,SSI-IN-0203,TRAIN
2027,TRD102026,2026-08-13,SETTLED,INSTRUCTED,HDFC-CUST,1000,3689010.0,SSI-IN-0147,TRAIN
2028,TRD102027,2026-08-09,SETTLED,INSTRUCTED,KOTAK-CUST,1000,846580.0,SSI-IN-0203,TEST
2029,TRD102028,2026-08-12,SETTLED,INSTRUCTED,MORGANSTANLEY-BROKER,200,34538.0,SSI-US-7742,TRAIN
2030,TRD102029,2026-08-17,SETTLED,INSTRUCTED,KOTAK-CUST,1500,4106130.0,SSI-IN-0203,TEST
2031,TRD102030,2026-08-07,SETTLED,INSTRUCTED,KOTAK-CUST,1000,172890.0,SSI-IN-0203,TRAIN
2032,TRD102031,2026-08-22,SETTLED,INSTRUCTED,MORGANSTANLEY-BROKER,750,1261537.5,SSI-US-7742,TRAIN
2033,TRD102032,2026-08-04,SETTLED,INSTRUCTED,NOMURA-BROKER,200,337062.0,SSI-JP-3389,TRAIN
2034,TRD102033,2026-08-15,SETTLED,INSTRUCTED,HDFC-CUST,1000,1890920.0,SSI-IN-0147,TRAIN
2035,TRD102034,2026-08-04,SETTLED,INSTRUCTED,KOTAK-CUST,750,9746040.0,SSI-IN-0203,TEST
2036,TRD102035,2026-08-06,SETTLED,INSTRUCTED,NOMURA-BROKER,100,1294702.0,SSI-JP-3389,TRAIN
2037,TRD102036,2026-08-09,SETTLED,INSTRUCTED,HDFC-CUST,500,235230.0,SSI-IN-0147,TRAIN
2038,TRD102037,2026-08-11,SETTLED,INSTRUCTED,HDFC-CUST,500,974380.0,SSI-IN-0147,TRAIN
2039,TRD102038,2026-08-19,SETTLED,INSTRUCTED,MORGANSTANLEY-BROKER,2000,25937820.0,SSI-US-7742,TRAIN
2040,TRD102039,2026-08-14,SETTLED,INSTRUCTED,NOMURA-BROKER,1500,2839065.0,SSI-JP-3389,TEST
2041,TRD102040,2026-08-13,SETTLED,INSTRUCTED,HDFC-CUST,750,2057782.5,SSI-IN-0147,TEST
2042,TRD102041,2026-08-09,SETTLED,INSTRUCTED,MORGANSTANLEY-BROKER,250,1028350.0,SSI-US-7742,TRAIN
2043,TRD102042,2026-08-05,SETTLED,INSTRUCTED,MORGANSTANLEY-BROKER,2000,345020.0,SSI-US-7742,TRAIN
2044,TRD102043,2026-08-20,SETTLED,INSTRUCTED,ICICI-CUST,500,305070.0,SSI-IN-0091,TRAIN
2045,TRD102044,2026-08-07,SETTLED,INSTRUCTED,ICICI-CUST,1500,700290.0,SSI-IN-0091,TEST
2046,TRD102045,2026-08-06,SETTLED,INSTRUCTED,ICICI-CUST,1000,172410.0,SSI-IN-0091,TRAIN
2047,TRD102046,2026-08-02,SETTLED,INSTRUCTED,NOMURA-BROKER,750,458085.0,SSI-JP-3389,TRAIN
2048,TRD102047,2026-08-08,PENDING,MISSING,NOMURA-BROKER,250,153330.0,,TRAIN
2049,TRD102048,2026-08-20,SETTLED,INSTRUCTED,MORGANSTANLEY-BROKER,750,2755432.5,SSI-US-7742,TRAIN
2050,TRD102049,2026-08-21,SETTLED,INSTRUCTED,ICICI-CUST,1000,2755560.0,SSI-IN-0091,TEST
2051,TRD102050,2026-08-18,SETTLED,INSTRUCTED,DEUTSCHE-BROKER,200,549746.0,SSI-DE-5510,TRAIN
2052,TRD102051,2026-08-04,PENDING,INSTRUCTED,NOMURA-BROKER,250,420205.0,SSI-JP-3389,TRAIN
2053,TRD102052,2026-08-14,SETTLED,INSTRUCTED,MORGANSTANLEY-BROKER,200,168434.0,SSI-US-7742,TEST
2054,TRD102053,2026-08-12,SETTLED,INSTRUCTED,HDFC-CUST,2000,3368580.0,SSI-IN-0147,TRAIN
2055,TRD102054,2026-08-10,SETTLED,INSTRUCTED,DEUTSCHE-BROKER,250,211837.5,SSI-DE-5510,TRAIN
2056,TRD102055,2026-08-13,SETTLED,INSTRUCTED,NOMURA-BROKER,1500,1855635.0,SSI-JP-3389,TRAIN
2057,TRD102056,2026-08-02,SETTLED,INSTRUCTED,MORGANSTANLEY-BROKER,200,93802.0,SSI-US-7742,TRAIN
2058,TRD102057,2026-08-02,PENDING,MISSING,MORGANSTANLEY-BROKER,1000,1947790.0,,TRAIN
2059,TRD102058,2026-08-20,SETTLED,INSTRUCTED,MORGANSTANLEY-BROKER,1500,1265940.0,SSI-US-7742,TRAIN
2060,TRD102059,2026-08-17,SETTLED,INSTRUCTED,HDFC-CUST,500,946440.0,SSI-IN-0147,TEST
2061,TRD102060,2026-08-20,SETTLED,INSTRUCTED,HDFC-CUST,250,1031215.0,SSI-IN-0147,TEST
2062,TRD102061,2026-08-16,SETTLED,INSTRUCTED,ICICI-CUST,250,922930.0,SSI-IN-0091,TEST
2063,TRD102062,2026-08-05,SETTLED,INSTRUCTED,KOTAK-CUST,750,2068155.0,SSI-IN-0203,TRAIN
2064,TRD102063,2026-08-21,SETTLED,INSTRUCTED,HDFC-CUST,200,34490.0,SSI-IN-0147,TRAIN
2065,TRD102064,2026-08-05,SETTLED,INSTRUCTED,NOMURA-BROKER,1500,259410.0,SSI-JP-3389,TEST
2066,TRD102065,2026-08-17,SETTLED,INSTRUCTED,HDFC-CUST,1000,1669190.0,SSI-IN-0147,TRAIN
2067,TRD102066,2026-08-17,SETTLED,INSTRUCTED,NOMURA-BROKER,100,84912.0,SSI-JP-3389,TRAIN
2068,TRD102067,2026-08-20,SETTLED,INSTRUCTED,MORGANSTANLEY-BROKER,1000,1963750.0,SSI-US-7742,TRAIN
2069,TRD102068,2026-08-08,SETTLED,INSTRUCTED,KOTAK-CUST,1000,1236280.0,SSI-IN-0203,TRAIN
2070,TRD102069,2026-08-02,FAILED,INCORRECT,DEUTSCHE-BROKER,1500,2525010.0,SSI-IN-0203,TRAIN
2071,TRD102070,2026-08-11,SETTLED,INSTRUCTED,DEUTSCHE-BROKER,2000,7368380.0,SSI-DE-5510,TRAIN
2072,TRD102071,2026-08-04,SETTLED,INSTRUCTED,KOTAK-CUST,100,366867.0,SSI-IN-0203,TRAIN
2073,TRD102072,2026-08-03,SETTLED,INSTRUCTED,KOTAK-CUST,100,61056.0,SSI-IN-0203,TRAIN
2074,TRD102073,2026-08-15,PENDING,MISSING,NOMURA-BROKER,100,84834.0,,TRAIN
2075,TRD102074,2026-08-05,SETTLED,INSTRUCTED,DEUTSCHE-BROKER,100,196373.0,SSI-DE-5510,TEST
2076,TRD102075,2026-08-08,SETTLED,INSTRUCTED,DEUTSCHE-BROKER,1000,607740.0,SSI-DE-5510,TRAIN
2077,TRD102076,2026-08-05,SETTLED,INSTRUCTED,KOTAK-CUST,1500,4263180.0,SSI-IN-0203,TRAIN
2078,TRD102077,2026-08-14,SETTLED,INSTRUCTED,HDFC-CUST,1000,1965170.0,SSI-IN-0147,TRAIN
2079,TRD102078,2026-08-09,SETTLED,INSTRUCTED,MORGANSTANLEY-BROKER,250,710072.5,SSI-US-7742,TEST
2080,TRD102079,2026-08-22,SETTLED,INSTRUCTED,NOMURA-BROKER,750,1462447.5,SSI-JP-3389,TRAIN
2081,TRD102080,2026-08-15,SETTLED,INSTRUCTED,DEUTSCHE-BROKER,100,60984.0,SSI-DE-5510,TRAIN
2082,TRD102081,2026-08-02,SETTLED,INSTRUCTED,NOMURA-BROKER,2000,25895980.0,SSI-JP-3389,TRAIN
2083,TRD102082,2026-08-09,SETTLED,INSTRUCTED,ICICI-CUST,2000,1216160.0,SSI-IN-0091,TRAIN
2084,TRD102083,2026-08-19,SETTLED,INSTRUCTED,KOTAK-CUST,2000,3764220.0,SSI-IN-0203,TRAIN
2085,TRD102084,2026-08-11,SETTLED,INSTRUCTED,KOTAK-CUST,1500,2927235.0,SSI-IN-0203,TRAIN
2086,TRD102085,2026-08-08,SETTLED,INSTRUCTED,ICICI-CUST,200,548542.0,SSI-IN-0091,TRAIN
2087,TRD102086,2026-08-05,SETTLED,INSTRUCTED,ICICI-CUST,100,188971.0,SSI-IN-0091,TEST
2088,TRD102087,2026-08-04,SETTLED,INSTRUCTED,HDFC-CUST,1500,19408575.0,SSI-IN-0147,TRAIN
2089,TRD102088,2026-08-03,SETTLED,INSTRUCTED,NOMURA-BROKER,250,117157.5,SSI-JP-3389,TEST
2090,TRD102089,2026-08-02,SETTLED,INSTRUCTED,HDFC-CUST,1000,607570.0,SSI-IN-0147,TEST
2091,TRD102090,2026-08-08,SETTLED,INSTRUCTED,NOMURA-BROKER,250,43047.5,SSI-JP-3389,TRAIN
2092,TRD102091,2026-08-18,SETTLED,INSTRUCTED,ICICI-CUST,250,424487.5,SSI-IN-0091,TRAIN
2093,TRD102092,2026-08-16,SETTLED,INSTRUCTED,ICICI-CUST,500,976245.0,SSI-IN-0091,TRAIN
2094,TRD102093,2026-08-14,PENDING,INSTRUCTED,MORGANSTANLEY-BROKER,500,6496600.0,SSI-US-7742,TRAIN
2095,TRD102094,2026-08-04,SETTLED,INSTRUCTED,DEUTSCHE-BROKER,1000,3663840.0,SSI-DE-5510,TRAIN
2096,TRD102095,2026-08-06,PENDING,MISSING,ICICI-CUST,1000,609560.0,,TRAIN
2097,TRD102096,2026-08-14,SETTLED,INSTRUCTED,MORGANSTANLEY-BROKER,100,169146.0,SSI-US-7742,TRAIN
2098,TRD102097,2026-08-05,SETTLED,INSTRUCTED,ICICI-CUST,100,274735.0,SSI-IN-0091,TEST
2099,TRD102098,2026-08-09,SETTLED,INSTRUCTED,NOMURA-BROKER,1500,1860270.0,SSI-JP-3389,TEST
2100,TRD102099,2026-08-06,SETTLED,INSTRUCTED,DEUTSCHE-BROKER,2000,1690840.0,SSI-DE-5510,TRAIN
2101,TRD102100,2026-08-07,SETTLED,INSTRUCTED,DEUTSCHE-BROKER,750,1419667.5,SSI-DE-5510,TRAIN
2102,TRD102101,2026-08-11,SETTLED,INSTRUCTED,HDFC-CUST,100,84502.0,SSI-IN-0147,TRAIN
2103,TRD102102,2026-08-06,SETTLED,INSTRUCTED,NOMURA-BROKER,500,849320.0,SSI-JP-3389,TRAIN
2104,TRD102103,2026-08-16,SETTLED,INSTRUCTED,NOMURA-BROKER,1500,2545320.0,SSI-JP-3389,TRAIN
2105,TRD102104,2026-08-13,SETTLED,INSTRUCTED,NOMURA-BROKER,2000,3376180.0,SSI-JP-3389,TEST
2106,TRD102105,2026-08-08,SETTLED,INSTRUCTED,MORGANSTANLEY-BROKER,500,304400.0,SSI-US-7742,TRAIN
2107,TRD102106,2026-08-15,FAILED,INCORRECT,KOTAK-CUST,2000,345060.0,SSI-US-7742,TEST
2108,TRD102107,2026-08-19,SETTLED,INSTRUCTED,NOMURA-BROKER,250,422475.0,SSI-JP-3389,TRAIN
2109,TRD102108,2026-08-08,SETTLED,INSTRUCTED,KOTAK-CUST,1500,257520.0,SSI-IN-0203,TRAIN
2110,TRD102109,2026-08-16,SETTLED,INSTRUCTED,ICICI-CUST,1500,257850.0,SSI-IN-0091,TEST
2111,TRD102110,2026-08-20,SETTLED,INSTRUCTED,HDFC-CUST,250,294392.5,SSI-IN-0147,TRAIN
2112,TRD102111,2026-08-09,SETTLED,INSTRUCTED,NOMURA-BROKER,1500,2830245.0,SSI-JP-3389,TRAIN
2113,TRD102112,2026-08-04,SETTLED,INSTRUCTED,ICICI-CUST,100,84709.0,SSI-IN-0091,TRAIN
2114,TRD102113,2026-08-04,SETTLED,INSTRUCTED,KOTAK-CUST,100,17216.0,SSI-IN-0203,TRAIN
2115,TRD102114,2026-08-11,SETTLED,INSTRUCTED,ICICI-CUST,250,153287.5,SSI-IN-0091,TRAIN
2116,TRD102115,2026-08-07,SETTLED,INSTRUCTED,KOTAK-CUST,2000,2359920.0,SSI-IN-0203,TRAIN
2117,TRD102116,2026-08-06,SETTLED,INSTRUCTED,HDFC-CUST,250,689150.0,SSI-IN-0147,TRAIN
2118,TRD102117,2026-08-19,SETTLED,INSTRUCTED,NOMURA-BROKER,1500,5501355.0,SSI-JP-3389,TRAIN
2119,TRD102118,2026-08-06,SETTLED,INSTRUCTED,DEUTSCHE-BROKER,500,306630.0,SSI-DE-5510,TRAIN
2120,TRD102119,2026-08-17,SETTLED,INSTRUCTED,HDFC-CUST,1500,2834685.0,SSI-IN-0147,TEST
2121,TRD102120,2026-08-07,SETTLED,INSTRUCTED,DEUTSCHE-BROKER,2000,345200.0,SSI-DE-5510,TRAIN
2122,TRD102121,2026-08-04,SETTLED,INSTRUCTED,KOTAK-CUST,1000,1963240.0,SSI-IN-0203,TRAIN
2123,TRD102122,2026-08-06,SETTLED,INSTRUCTED,ICICI-CUST,750,1420237.5,SSI-IN-0091,TRAIN
2124,TRD102123,2026-08-18,SETTLED,INSTRUCTED,ICICI-CUST,200,247800.0,SSI-IN-0091,TRAIN
2125,TRD102124,2026-08-10,SETTLED,INSTRUCTED,MORGANSTANLEY-BROKER,750,632250.0,SSI-US-7742,TRAIN
2126,TRD102125,2026-08-09,SETTLED,INSTRUCTED,NOMURA-BROKER,250,210452.5,SSI-JP-3389,TRAIN
2127,TRD102126,2026-08-10,SETTLED,INSTRUCTED,NOMURA-BROKER,1500,702210.0,SSI-JP-3389,TRAIN
2128,TRD102127,2026-08-21,SETTLED,INSTRUCTED,ICICI-CUST,100,84248.0,SSI-IN-0091,TRAIN
2129,TRD102128,2026-08-15,SETTLED,INSTRUCTED,DEUTSCHE-BROKER,500,848620.0,SSI-DE-5510,TRAIN
2130,TRD102129,2026-08-18,SETTLED,INSTRUCTED,DEUTSCHE-BROKER,1500,914025.0,SSI-DE-5510,TRAIN
2131,TRD102130,2026-08-19,SETTLED,INSTRUCTED,HDFC-CUST,1000,1894440.0,SSI-IN-0147,TRAIN
2132,TRD102131,2026-08-04,SETTLED,INSTRUCTED,NOMURA-BROKER,200,249186.0,SSI-JP-3389,TRAIN
2133,TRD102132,2026-08-05,SETTLED,INSTRUCTED,HDFC-CUST,250,714807.5,SSI-IN-0147,TRAIN
2134,TRD102133,2026-08-09,SETTLED,INSTRUCTED,ICICI-CUST,200,168534.0,SSI-IN-0091,TRAIN
2135,TRD102134,2026-08-12,SETTLED,INSTRUCTED,MORGANSTANLEY-BROKER,100,61179.0,SSI-US-7742,TEST
2136,TRD102135,2026-08-12,SETTLED,INSTRUCTED,NOMURA-BROKER,2000,2363600.0,SSI-JP-3389,TEST
2137,TRD102136,2026-08-04,SETTLED,INSTRUCTED,HDFC-CUST,250,710482.5,SSI-IN-0147,TRAIN
2138,TRD102137,2026-08-09,SETTLED,INSTRUCTED,HDFC-CUST,1500,4288215.0,SSI-IN-0147,TRAIN
2139,TRD102138,2026-08-08,SETTLED,INSTRUCTED,DEUTSCHE-BROKER,1000,1692520.0,SSI-DE-5510,TRAIN
2140,TRD102139,2026-08-20,SETTLED,INSTRUCTED,ICICI-CUST,250,294972.5,SSI-IN-0091,TRAIN
2141,TRD102140,2026-08-08,SETTLED,INSTRUCTED,KOTAK-CUST,100,366468.0,SSI-IN-0203,TEST
2142,TRD102141,2026-08-04,SETTLED,INSTRUCTED,HDFC-CUST,200,122318.0,SSI-IN-0147,TRAIN
2143,TRD102142,2026-08-22,SETTLED,INSTRUCTED,MORGANSTANLEY-BROKER,500,1368165.0,SSI-US-7742,TRAIN
2144,TRD102143,2026-08-10,SETTLED,INSTRUCTED,KOTAK-CUST,750,2752335.0,SSI-IN-0203,TRAIN
2145,TRD102144,2026-08-07,SETTLED,INSTRUCTED,ICICI-CUST,750,1463572.5,SSI-IN-0091,TRAIN
2146,TRD102145,2026-08-03,SETTLED,INSTRUCTED,MORGANSTANLEY-BROKER,1000,470790.0,SSI-US-7742,TRAIN
2147,TRD102146,2026-08-04,SETTLED,INSTRUCTED,KOTAK-CUST,2000,3892320.0,SSI-IN-0203,TRAIN
2148,TRD102147,2026-08-12,SETTLED,INSTRUCTED,DEUTSCHE-BROKER,750,887197.5,SSI-DE-5510,TRAIN
2149,TRD102148,2026-08-17,SETTLED,INSTRUCTED,KOTAK-CUST,2000,1687820.0,SSI-IN-0203,TRAIN
2150,TRD102149,2026-08-13,SETTLED,INSTRUCTED,DEUTSCHE-BROKER,250,293712.5,SSI-DE-5510,TRAIN
2151,TRD102150,2026-08-17,SETTLED,INSTRUCTED,DEUTSCHE-BROKER,1500,1267935.0,SSI-DE-5510,TRAIN
2152,TRD102151,2026-08-02,SETTLED,INSTRUCTED,HDFC-CUST,1500,914790.0,SSI-IN-0147,TRAIN
2153,TRD102152,2026-08-02,SETTLED,INSTRUCTED,DEUTSCHE-BROKER,250,3241735.0,SSI-DE-5510,TRAIN
2154,TRD102153,2026-08-02,SETTLED,INSTRUCTED,DEUTSCHE-BROKER,250,294227.5,SSI-DE-5510,TRAIN
2155,TRD102154,2026-08-17,SETTLED,INSTRUCTED,DEUTSCHE-BROKER,1000,1237050.0,SSI-DE-5510,TRAIN
2156,TRD102155,2026-08-17,SETTLED,INSTRUCTED,MORGANSTANLEY-BROKER,750,9708495.0,SSI-US-7742,TRAIN
2157,TRD102156,2026-08-03,SETTLED,INSTRUCTED,KOTAK-CUST,250,422547.5,SSI-IN-0203,TEST
2158,TRD102157,2026-08-06,SETTLED,INSTRUCTED,HDFC-CUST,2000,1693020.0,SSI-IN-0147,TRAIN
2159,TRD102158,2026-08-16,PENDING,INSTRUCTED,NOMURA-BROKER,2000,3364340.0,SSI-JP-3389,TEST
2160,TRD102159,2026-08-15,SETTLED,INSTRUCTED,MORGANSTANLEY-BROKER,750,1469475.0,SSI-US-7742,TRAIN
2161,TRD102160,2026-08-13,SETTLED,INSTRUCTED,NOMURA-BROKER,750,2755725.0,SSI-JP-3389,TRAIN
2162,TRD102161,2026-08-16,SETTLED,INSTRUCTED,KOTAK-CUST,2000,2350180.0,SSI-IN-0203,TRAIN
2163,TRD102162,2026-08-12,SETTLED,INSTRUCTED,NOMURA-BROKER,1000,1678350.0,SSI-JP-3389,TRAIN
2164,TRD102163,2026-08-13,SETTLED,INSTRUCTED,NOMURA-BROKER,1000,3682990.0,SSI-JP-3389,TRAIN
2165,TRD102164,2026-08-21,SETTLED,INSTRUCTED,HDFC-CUST,500,423680.0,SSI-IN-0147,TEST
2166,TRD102165,2026-08-12,SETTLED,INSTRUCTED,MORGANSTANLEY-BROKER,2000,2369720.0,SSI-US-7742,TRAIN
2167,TRD102166,2026-08-04,SETTLED,INSTRUCTED,MORGANSTANLEY-BROKER,250,687247.5,SSI-US-7742,TRAIN
2168,TRD102167,2026-08-14,SETTLED,INSTRUCTED,HDFC-CUST,750,881355.0,SSI-IN-0147,TRAIN
2169,TRD102168,2026-08-09,SETTLED,INSTRUCTED,NOMURA-BROKER,100,84538.0,SSI-JP-3389,TEST
2170,TRD102169,2026-08-10,SETTLED,INSTRUCTED,KOTAK-CUST,2000,1692240.0,SSI-IN-0203,TEST
2171,TRD102170,2026-08-22,PENDING,MISSING,HDFC-CUST,500,592040.0,,TEST
2172,TRD102171,2026-08-08,SETTLED,INSTRUCTED,MORGANSTANLEY-BROKER,100,61179.0,SSI-US-7742,TRAIN
2173,TRD102172,2026-08-02,SETTLED,INSTRUCTED,KOTAK-CUST,1500,4115235.0,SSI-IN-0203,TRAIN
2174,TRD102173,2026-08-22,FAILED,INCORRECT,NOMURA-BROKER,750,1410997.5,SSI-IN-0147,TEST
2175,TRD102174,2026-08-11,PENDING,INSTRUCTED,DEUTSCHE-BROKER,2000,1695860.0,SSI-DE-5510,TRAIN
2176,TRD102175,2026-08-05,SETTLED,INSTRUCTED,KOTAK-CUST,2000,2366600.0,SSI-IN-0203,TRAIN
2177,TRD102176,2026-08-20,SETTLED,INSTRUCTED,HDFC-CUST,2000,3343180.0,SSI-IN-0147,TRAIN
2178,TRD102177,2026-08-19,SETTLED,INSTRUCTED,DEUTSCHE-BROKER,100,413590.0,SSI-DE-5510,TEST
2179,TRD102178,2026-08-22,SETTLED,INSTRUCTED,DEUTSCHE-BROKER,1500,1269030.0,SSI-DE-5510,TRAIN
2180,TRD102179,2026-08-03,SETTLED,INSTRUCTED,NOMURA-BROKER,1000,1892440.0,SSI-JP-3389,TRAIN
2181,TRD102180,2026-08-05,PENDING,INSTRUCTED,NOMURA-BROKER,100,118477.0,SSI-JP-3389,TRAIN
2182,TRD102181,2026-08-05,SETTLED,INSTRUCTED,MORGANSTANLEY-BROKER,200,821182.0,SSI-US-7742,TRAIN
2183,TRD102182,2026-08-12,SETTLED,INSTRUCTED,ICICI-CUST,1000,4140210.0,SSI-IN-0091,TRAIN
2184,TRD102183,2026-08-19,SETTLED,INSTRUCTED,ICICI-CUST,200,549078.0,SSI-IN-0091,TEST
2185,TRD102184,2026-08-04,SETTLED,INSTRUCTED,HDFC-CUST,250,152660.0,SSI-IN-0147,TEST
2186,TRD102185,2026-08-03,SETTLED,INSTRUCTED,NOMURA-BROKER,750,3082140.0,SSI-JP-3389,TRAIN
2187,TRD102186,2026-08-03,PENDING,MISSING,HDFC-CUST,500,977640.0,,TRAIN
2188,TRD102187,2026-08-12,SETTLED,INSTRUCTED,DEUTSCHE-BROKER,250,3245020.0,SSI-DE-5510,TRAIN
2189,TRD102188,2026-08-15,SETTLED,INSTRUCTED,MORGANSTANLEY-BROKER,750,2759895.0,SSI-US-7742,TRAIN
2190,TRD102189,2026-08-20,SETTLED,INSTRUCTED,DEUTSCHE-BROKER,100,167032.0,SSI-DE-5510,TEST
2191,TRD102190,2026-08-13,SETTLED,INSTRUCTED,MORGANSTANLEY-BROKER,200,122170.0,SSI-US-7742,TRAIN
2192,TRD102191,2026-08-22,SETTLED,INSTRUCTED,NOMURA-BROKER,250,418952.5,SSI-JP-3389,TRAIN
2193,TRD102192,2026-08-07,SETTLED,INSTRUCTED,HDFC-CUST,1000,3680550.0,SSI-IN-0147,TRAIN
2194,TRD102193,2026-08-14,FAILED,INCORRECT,ICICI-CUST,1000,1681870.0,SSI-IN-0147,TRAIN
2195,TRD102194,2026-08-22,SETTLED,INSTRUCTED,NOMURA-BROKER,2000,5706900.0,SSI-JP-3389,TRAIN
2196,TRD102195,2026-08-05,SETTLED,INSTRUCTED,NOMURA-BROKER,200,376328.0,SSI-JP-3389,TEST
2197,TRD102196,2026-08-08,SETTLED,INSTRUCTED,MORGANSTANLEY-BROKER,750,2066055.0,SSI-US-7742,TRAIN
2198,TRD102197,2026-08-09,SETTLED,INSTRUCTED,MORGANSTANLEY-BROKER,100,46959.0,SSI-US-7742,TRAIN
2199,TRD102198,2026-08-08,SETTLED,INSTRUCTED,HDFC-CUST,100,367315.0,SSI-IN-0147,TRAIN
2200,TRD102199,2026-08-16,SETTLED,INSTRUCTED,DEUTSCHE-BROKER,1500,704895.0,SSI-DE-5510,TRAIN
2201,TRD102200,2026-08-09,SETTLED,INSTRUCTED,ICICI-CUST,750,352710.0,SSI-IN-0091,TEST
2202,TRD102201,2026-08-02,SETTLED,INSTRUCTED,KOTAK-CUST,100,1299548.0,SSI-IN-0203,TRAIN
2203,TRD102202,2026-08-09,PENDING,INSTRUCTED,ICICI-CUST,1500,704955.0,SSI-IN-0091,TEST
2204,TRD102203,2026-08-13,SETTLED,INSTRUCTED,ICICI-CUST,500,841545.0,SSI-IN-0091,TRAIN
2205,TRD102204,2026-08-03,SETTLED,INSTRUCTED,ICICI-CUST,100,195174.0,SSI-IN-0091,TEST
2206,TRD102205,2026-08-08,SETTLED,INSTRUCTED,ICICI-CUST,2000,2492280.0,SSI-IN-0091,TRAIN
2207,TRD102206,2026-08-09,SETTLED,INSTRUCTED,DEUTSCHE-BROKER,100,188298.0,SSI-DE-5510,TRAIN
2208,TRD102207,2026-08-06,SETTLED,INSTRUCTED,HDFC-CUST,2000,5676100.0,SSI-IN-0147,TRAIN
2209,TRD102208,2026-08-17,SETTLED,INSTRUCTED,DEUTSCHE-BROKER,1500,2919765.0,SSI-DE-5510,TEST
2210,TRD102209,2026-08-03,SETTLED,INSTRUCTED,NOMURA-BROKER,100,189175.0,SSI-JP-3389,TRAIN
2211,TRD102210,2026-08-08,PENDING,MISSING,KOTAK-CUST,750,458767.5,,TRAIN
2212,TRD102211,2026-08-16,SETTLED,INSTRUCTED,ICICI-CUST,500,6472790.0,SSI-IN-0091,TRAIN
2213,TRD102212,2026-08-03,SETTLED,INSTRUCTED,KOTAK-CUST,2000,7381780.0,SSI-IN-0203,TRAIN
2214,TRD102213,2026-08-17,SETTLED,INSTRUCTED,MORGANSTANLEY-BROKER,1000,1179730.0,SSI-US-7742,TRAIN
2215,TRD102214,2026-08-19,SETTLED,INSTRUCTED,HDFC-CUST,1000,1960120.0,SSI-IN-0147,TRAIN
2216,TRD102215,2026-08-13,SETTLED,INSTRUCTED,DEUTSCHE-BROKER,250,422940.0,SSI-DE-5510,TRAIN
2217,TRD102216,2026-08-15,SETTLED,INSTRUCTED,KOTAK-CUST,2000,3787240.0,SSI-IN-0203,TRAIN
2218,TRD102217,2026-08-12,SETTLED,INSTRUCTED,KOTAK-CUST,750,888592.5,SSI-IN-0203,TEST
2219,TRD102218,2026-08-12,SETTLED,INSTRUCTED,MORGANSTANLEY-BROKER,250,689075.0,SSI-US-7742,TEST
2220,TRD102219,2026-08-20,SETTLED,INSTRUCTED,HDFC-CUST,250,923267.5,SSI-IN-0147,TRAIN
2221,TRD102220,2026-08-18,SETTLED,INSTRUCTED,MORGANSTANLEY-BROKER,1500,6204660.0,SSI-US-7742,TEST
2222,TRD102221,2026-08-19,SETTLED,INSTRUCTED,NOMURA-BROKER,100,117736.0,SSI-JP-3389,TRAIN
2223,TRD102222,2026-08-12,SETTLED,INSTRUCTED,NOMURA-BROKER,1000,1955490.0,SSI-JP-3389,TRAIN
2224,TRD102223,2026-08-13,SETTLED,INSTRUCTED,NOMURA-BROKER,1500,5504715.0,SSI-JP-3389,TRAIN
2225,TRD102224,2026-08-08,SETTLED,INSTRUCTED,NOMURA-BROKER,2000,3338860.0,SSI-JP-3389,TRAIN
2226,TRD102225,2026-08-11,SETTLED,INSTRUCTED,HDFC-CUST,250,117712.5,SSI-IN-0147,TRAIN
2227,TRD102226,2026-08-05,SETTLED,INSTRUCTED,HDFC-CUST,500,6492725.0,SSI-IN-0147,TRAIN
2228,TRD102227,2026-08-07,SETTLED,INSTRUCTED,NOMURA-BROKER,750,2129775.0,SSI-JP-3389,TRAIN
2229,TRD102228,2026-08-15,SETTLED,INSTRUCTED,KOTAK-CUST,2000,2492800.0,SSI-IN-0203,TRAIN
2230,TRD102229,2026-08-13,FAILED,INCORRECT,HDFC-CUST,750,457042.5,SSI-JP-3389,TRAIN
2231,TRD102230,2026-08-20,SETTLED,INSTRUCTED,ICICI-CUST,2000,2363700.0,SSI-IN-0091,TRAIN
2232,TRD102231,2026-08-10,SETTLED,INSTRUCTED,NOMURA-BROKER,1000,468200.0,SSI-JP-3389,TRAIN
2233,TRD102232,2026-08-20,FAILED,INCORRECT,MORGANSTANLEY-BROKER,200,548696.0,SSI-IN-0147,TRAIN
2234,TRD102233,2026-08-17,SETTLED,INSTRUCTED,ICICI-CUST,1500,4256025.0,SSI-IN-0091,TRAIN
2235,TRD102234,2026-08-22,SETTLED,INSTRUCTED,ICICI-CUST,200,732960.0,SSI-IN-0091,TRAIN
2236,TRD102235,2026-08-17,SETTLED,INSTRUCTED,ICICI-CUST,1000,608770.0,SSI-IN-0091,TRAIN
2237,TRD102236,2026-08-16,SETTLED,INSTRUCTED,ICICI-CUST,2000,7339440.0,SSI-IN-0091,TRAIN
2238,TRD102237,2026-08-16,FAILED,INCORRECT,ICICI-CUST,100,118539.0,SSI-JP-3389,TRAIN
2239,TRD102238,2026-08-19,SETTLED,INSTRUCTED,NOMURA-BROKER,1500,1866810.0,SSI-JP-3389,TRAIN
2240,TRD102239,2026-08-17,SETTLED,INSTRUCTED,HDFC-CUST,200,236518.0,SSI-IN-0147,TEST
2241,TRD102240,2026-08-21,SETTLED,INSTRUCTED,KOTAK-CUST,250,3230067.5,SSI-IN-0203,TRAIN
2242,TRD102241,2026-08-04,SETTLED,INSTRUCTED,HDFC-CUST,250,491215.0,SSI-IN-0147,TRAIN
2243,TRD102242,2026-08-22,SETTLED,INSTRUCTED,HDFC-CUST,100,167331.0,SSI-IN-0147,TRAIN
2244,TRD102243,2026-08-20,SETTLED,INSTRUCTED,DEUTSCHE-BROKER,250,309342.5,SSI-DE-5510,TRAIN
2245,TRD102244,2026-08-06,SETTLED,INSTRUCTED,HDFC-CUST,200,546932.0,SSI-IN-0147,TRAIN
2246,TRD102245,2026-08-20,PENDING,INSTRUCTED,ICICI-CUST,1000,470280.0,SSI-IN-0091,TRAIN
2247,TRD102246,2026-08-15,SETTLED,INSTRUCTED,MORGANSTANLEY-BROKER,2000,3365020.0,SSI-US-7742,TRAIN
2248,TRD102247,2026-08-13,SETTLED,INSTRUCTED,DEUTSCHE-BROKER,200,822194.0,SSI-DE-5510,TRAIN
2249,TRD102248,2026-08-07,SETTLED,INSTRUCTED,ICICI-CUST,250,42950.0,SSI-IN-0091,TEST
2250,TRD102249,2026-08-17,SETTLED,INSTRUCTED,ICICI-CUST,1000,469170.0,SSI-IN-0091,TRAIN
2251,TRD102250,2026-08-06,SETTLED,INSTRUCTED,KOTAK-CUST,100,410972.0,SSI-IN-0203,TRAIN
2252,TRD102251,2026-08-03,SETTLED,INSTRUCTED,ICICI-CUST,1000,2837960.0,SSI-IN-0091,TEST
2253,TRD102252,2026-08-09,SETTLED,INSTRUCTED,DEUTSCHE-BROKER,250,309640.0,SSI-DE-5510,TRAIN
2254,TRD102253,2026-08-08,SETTLED,INSTRUCTED,ICICI-CUST,2000,3910560.0,SSI-IN-0091,TEST
2255,TRD102254,2026-08-06,SETTLED,INSTRUCTED,MORGANSTANLEY-BROKER,200,733426.0,SSI-US-7742,TRAIN
2256,TRD102255,2026-08-09,SETTLED,INSTRUCTED,NOMURA-BROKER,200,93842.0,SSI-JP-3389,TRAIN
2257,TRD102256,2026-08-15,SETTLED,INSTRUCTED,ICICI-CUST,750,1255222.5,SSI-IN-0091,TRAIN
2258,TRD102257,2026-08-13,SETTLED,INSTRUCTED,DEUTSCHE-BROKER,500,1427695.0,SSI-DE-5510,TRAIN
2259,TRD102258,2026-08-18,SETTLED,INSTRUCTED,DEUTSCHE-BROKER,250,152555.0,SSI-DE-5510,TEST
2260,TRD102259,2026-08-04,SETTLED,INSTRUCTED,DEUTSCHE-BROKER,750,885165.0,SSI-DE-5510,TRAIN
2261,TRD102260,2026-08-06,SETTLED,INSTRUCTED,NOMURA-BROKER,200,825836.0,SSI-JP-3389,TRAIN
2262,TRD102261,2026-08-22,SETTLED,INSTRUCTED,KOTAK-CUST,1500,1857120.0,SSI-IN-0203,TRAIN
2263,TRD102262,2026-08-17,FAILED,INCORRECT,MORGANSTANLEY-BROKER,750,129795.0,SSI-IN-0203,TRAIN
2264,TRD102263,2026-08-04,SETTLED,INSTRUCTED,NOMURA-BROKER,250,686190.0,SSI-JP-3389,TRAIN
2265,TRD102264,2026-08-13,PENDING,INSTRUCTED,KOTAK-CUST,200,734202.0,SSI-IN-0203,TRAIN
2266,TRD102265,2026-08-20,SETTLED,INSTRUCTED,HDFC-CUST,1000,849040.0,SSI-IN-0147,TRAIN
2267,TRD102266,2026-08-15,SETTLED,INSTRUCTED,KOTAK-CUST,1000,1675500.0,SSI-IN-0203,TRAIN
2268,TRD102267,2026-08-06,SETTLED,INSTRUCTED,NOMURA-BROKER,500,980475.0,SSI-JP-3389,TRAIN
2269,TRD102268,2026-08-20,SETTLED,INSTRUCTED,KOTAK-CUST,1000,1959860.0,SSI-IN-0203,TRAIN
2270,TRD102269,2026-08-11,SETTLED,INSTRUCTED,NOMURA-BROKER,250,293932.5,SSI-JP-3389,TRAIN
2271,TRD102270,2026-08-22,SETTLED,INSTRUCTED,DEUTSCHE-BROKER,1000,1176510.0,SSI-DE-5510,TEST
2272,TRD102271,2026-08-20,SETTLED,INSTRUCTED,DEUTSCHE-BROKER,2000,3388140.0,SSI-DE-5510,TRAIN
2273,TRD102272,2026-08-15,SETTLED,INSTRUCTED,MORGANSTANLEY-BROKER,200,247546.0,SSI-US-7742,TRAIN
2274,TRD102273,2026-08-10,SETTLED,INSTRUCTED,DEUTSCHE-BROKER,500,2066805.0,SSI-DE-5510,TRAIN
2275,TRD102274,2026-08-03,FAILED,INCORRECT,DEUTSCHE-BROKER,1500,5503620.0,SSI-US-7742,TRAIN
2276,TRD102275,2026-08-05,SETTLED,INSTRUCTED,HDFC-CUST,1500,702555.0,SSI-IN-0147,TRAIN
2277,TRD102276,2026-08-04,SETTLED,INSTRUCTED,KOTAK-CUST,100,84172.0,SSI-IN-0203,TEST
2278,TRD102277,2026-08-16,SETTLED,INSTRUCTED,HDFC-CUST,200,379670.0,SSI-IN-0147,TRAIN
2279,TRD102278,2026-08-21,SETTLED,INSTRUCTED,NOMURA-BROKER,200,569174.0,SSI-JP-3389,TRAIN
2280,TRD102279,2026-08-21,SETTLED,INSTRUCTED,MORGANSTANLEY-BROKER,500,842920.0,SSI-US-7742,TRAIN
2281,TRD102280,2026-08-19,SETTLED,INSTRUCTED,MORGANSTANLEY-BROKER,500,6467395.0,SSI-US-7742,TEST
2282,TRD102281,2026-08-21,SETTLED,INSTRUCTED,ICICI-CUST,1500,2827035.0,SSI-IN-0091,TEST
2283,TRD102282,2026-08-05,SETTLED,INSTRUCTED,ICICI-CUST,750,887925.0,SSI-IN-0091,TRAIN
2284,TRD102283,2026-08-07,SETTLED,INSTRUCTED,HDFC-CUST,500,837260.0,SSI-IN-0147,TRAIN
2285,TRD102284,2026-08-11,SETTLED,INSTRUCTED,DEUTSCHE-BROKER,100,410999.0,SSI-DE-5510,TRAIN
2286,TRD102285,2026-08-04,SETTLED,INSTRUCTED,DEUTSCHE-BROKER,500,834255.0,SSI-DE-5510,TRAIN
2287,TRD102286,2026-08-14,SETTLED,INSTRUCTED,ICICI-CUST,1500,2845395.0,SSI-IN-0091,TEST
2288,TRD102287,2026-08-18,SETTLED,INSTRUCTED,KOTAK-CUST,2000,344680.0,SSI-IN-0203,TRAIN
2289,TRD102288,2026-08-21,SETTLED,INSTRUCTED,HDFC-CUST,1500,705735.0,SSI-IN-0147,TEST
2290,TRD102289,2026-08-14,SETTLED,INSTRUCTED,HDFC-CUST,200,122194.0,SSI-IN-0147,TEST
2291,TRD102290,2026-08-10,SETTLED,INSTRUCTED,HDFC-CUST,1000,1672740.0,SSI-IN-0147,TEST
2292,TRD102291,2026-08-20,SETTLED,INSTRUCTED,HDFC-CUST,2000,3396380.0,SSI-IN-0147,TRAIN
2293,TRD102292,2026-08-13,SETTLED,INSTRUCTED,KOTAK-CUST,100,60967.0,SSI-IN-0203,TRAIN
2294,TRD102293,2026-08-15,SETTLED,INSTRUCTED,ICICI-CUST,1500,704925.0,SSI-IN-0091,TRAIN
2295,TRD102294,2026-08-10,SETTLED,INSTRUCTED,DEUTSCHE-BROKER,500,421825.0,SSI-DE-5510,TRAIN
2296,TRD102295,2026-08-14,SETTLED,INSTRUCTED,KOTAK-CUST,500,840495.0,SSI-IN-0203,TRAIN
2297,TRD102296,2026-08-19,SETTLED,INSTRUCTED,ICICI-CUST,250,1025987.5,SSI-IN-0091,TRAIN
2298,TRD102297,2026-08-11,SETTLED,INSTRUCTED,HDFC-CUST,750,2758815.0,SSI-IN-0147,TRAIN
2299,TRD102298,2026-08-11,SETTLED,INSTRUCTED,HDFC-CUST,250,3236210.0,SSI-IN-0147,TRAIN
2300,TRD102299,2026-08-20,SETTLED,INSTRUCTED,NOMURA-BROKER,200,2599140.0,SSI-JP-3389,TEST
2301,TRD102300,2026-08-07,SETTLED,INSTRUCTED,HDFC-CUST,2000,7392840.0,SSI-IN-0147,TEST
2302,TRD102301,2026-08-05,SETTLED,INSTRUCTED,KOTAK-CUST,200,235028.0,SSI-IN-0203,TRAIN
2303,TRD102302,2026-08-13,SETTLED,INSTRUCTED,NOMURA-BROKER,2000,5494140.0,SSI-JP-3389,TRAIN
2304,TRD102303,2026-08-02,SETTLED,INSTRUCTED,KOTAK-CUST,250,917697.5,SSI-IN-0203,TRAIN
2305,TRD102304,2026-08-03,SETTLED,INSTRUCTED,DEUTSCHE-BROKER,100,368018.0,SSI-DE-5510,TRAIN
2306,TRD102305,2026-08-06,SETTLED,INSTRUCTED,HDFC-CUST,2000,5681380.0,SSI-IN-0147,TRAIN
2307,TRD102306,2026-08-05,SETTLED,INSTRUCTED,NOMURA-BROKER,500,234345.0,SSI-JP-3389,TRAIN
2308,TRD102307,2026-08-14,SETTLED,INSTRUCTED,HDFC-CUST,100,194723.0,SSI-IN-0147,TEST
2309,TRD102308,2026-08-14,SETTLED,INSTRUCTED,MORGANSTANLEY-BROKER,2000,939460.0,SSI-US-7742,TEST
2310,TRD102309,2026-08-20,SETTLED,INSTRUCTED,NOMURA-BROKER,1000,1961300.0,SSI-JP-3389,TRAIN
2311,TRD102310,2026-08-17,SETTLED,INSTRUCTED,HDFC-CUST,1500,5501835.0,SSI-IN-0147,TRAIN
2312,TRD102311,2026-08-05,SETTLED,INSTRUCTED,MORGANSTANLEY-BROKER,1000,4134840.0,SSI-US-7742,TRAIN
2313,TRD102312,2026-08-13,SETTLED,INSTRUCTED,DEUTSCHE-BROKER,750,1266195.0,SSI-DE-5510,TRAIN
2314,TRD102313,2026-08-06,SETTLED,INSTRUCTED,DEUTSCHE-BROKER,1500,2519715.0,SSI-DE-5510,TRAIN
2315,TRD102314,2026-08-09,SETTLED,INSTRUCTED,DEUTSCHE-BROKER,500,842175.0,SSI-DE-5510,TRAIN
2316,TRD102315,2026-08-13,SETTLED,INSTRUCTED,HDFC-CUST,2000,3388000.0,SSI-IN-0147,TRAIN
2317,TRD102316,2026-08-06,SETTLED,INSTRUCTED,NOMURA-BROKER,100,168610.0,SSI-JP-3389,TRAIN
2318,TRD102317,2026-08-14,SETTLED,INSTRUCTED,NOMURA-BROKER,100,84434.0,SSI-JP-3389,TRAIN
2319,TRD102318,2026-08-18,SETTLED,INSTRUCTED,MORGANSTANLEY-BROKER,750,883905.0,SSI-US-7742,TRAIN
2320,TRD102319,2026-08-12,SETTLED,INSTRUCTED,HDFC-CUST,2000,343400.0,SSI-IN-0147,TRAIN
2321,TRD102320,2026-08-19,SETTLED,INSTRUCTED,KOTAK-CUST,200,568082.0,SSI-IN-0203,TEST
2322,TRD102321,2026-08-13,SETTLED,INSTRUCTED,ICICI-CUST,500,1842480.0,SSI-IN-0091,TRAIN
2323,TRD102322,2026-08-12,SETTLED,INSTRUCTED,KOTAK-CUST,2000,1688620.0,SSI-IN-0203,TRAIN
2324,TRD102323,2026-08-17,SETTLED,INSTRUCTED,DEUTSCHE-BROKER,200,551226.0,SSI-DE-5510,TRAIN
2325,TRD102324,2026-08-16,SETTLED,INSTRUCTED,NOMURA-BROKER,1500,2830635.0,SSI-JP-3389,TRAIN
2326,TRD102325,2026-08-14,SETTLED,INSTRUCTED,KOTAK-CUST,500,941305.0,SSI-IN-0203,TRAIN
2327,TRD102326,2026-08-06,SETTLED,INSTRUCTED,HDFC-CUST,100,284488.0,SSI-IN-0147,TRAIN
2328,TRD102327,2026-08-20,SETTLED,INSTRUCTED,KOTAK-CUST,250,422290.0,SSI-IN-0203,TRAIN
2329,TRD102328,2026-08-10,SETTLED,INSTRUCTED,NOMURA-BROKER,250,1033885.0,SSI-JP-3389,TRAIN
2330,TRD102329,2026-08-07,SETTLED,INSTRUCTED,NOMURA-BROKER,2000,3364300.0,SSI-JP-3389,TRAIN
2331,TRD102330,2026-08-16,PENDING,INSTRUCTED,MORGANSTANLEY-BROKER,2000,8267180.0,SSI-US-7742,TEST
2332,TRD102331,2026-08-12,SETTLED,INSTRUCTED,MORGANSTANLEY-BROKER,1000,1242430.0,SSI-US-7742,TRAIN
2333,TRD102332,2026-08-02,SETTLED,INSTRUCTED,DEUTSCHE-BROKER,500,1369040.0,SSI-DE-5510,TRAIN
2334,TRD102333,2026-08-14,SETTLED,INSTRUCTED,ICICI-CUST,750,634192.5,SSI-IN-0091,TRAIN
2335,TRD102334,2026-08-09,SETTLED,INSTRUCTED,HDFC-CUST,250,1030755.0,SSI-IN-0147,TRAIN
2336,TRD102335,2026-08-18,SETTLED,INSTRUCTED,KOTAK-CUST,200,34558.0,SSI-IN-0203,TEST
2337,TRD102336,2026-08-09,SETTLED,INSTRUCTED,HDFC-CUST,1000,1687000.0,SSI-IN-0147,TRAIN
2338,TRD102337,2026-08-03,SETTLED,INSTRUCTED,DEUTSCHE-BROKER,1000,2757300.0,SSI-DE-5510,TRAIN
2339,TRD102338,2026-08-02,SETTLED,INSTRUCTED,KOTAK-CUST,1500,2834685.0,SSI-IN-0203,TEST
2340,TRD102339,2026-08-17,SETTLED,INSTRUCTED,DEUTSCHE-BROKER,500,620315.0,SSI-DE-5510,TRAIN
2341,TRD102340,2026-08-21,SETTLED,INSTRUCTED,HDFC-CUST,500,843395.0,SSI-IN-0147,TRAIN
2342,TRD102341,2026-08-04,SETTLED,INSTRUCTED,ICICI-CUST,1000,1181350.0,SSI-IN-0091,TEST
2343,TRD102342,2026-08-15,SETTLED,INSTRUCTED,DEUTSCHE-BROKER,100,273599.0,SSI-DE-5510,TRAIN
2344,TRD102343,2026-08-03,SETTLED,INSTRUCTED,HDFC-CUST,100,284968.0,SSI-IN-0147,TRAIN
2345,TRD102344,2026-08-04,SETTLED,INSTRUCTED,ICICI-CUST,1000,1958950.0,SSI-IN-0091,TRAIN
2346,TRD102345,2026-08-20,SETTLED,INSTRUCTED,ICICI-CUST,200,168340.0,SSI-IN-0091,TRAIN
2347,TRD102346,2026-08-14,SETTLED,INSTRUCTED,DEUTSCHE-BROKER,500,6508790.0,SSI-DE-5510,TRAIN
2348,TRD102347,2026-08-18,SETTLED,INSTRUCTED,ICICI-CUST,750,886207.5,SSI-IN-0091,TRAIN
2349,TRD102348,2026-08-12,PENDING,INSTRUCTED,HDFC-CUST,2000,8250240.0,SSI-IN-0147,TRAIN
2350,TRD102349,2026-08-03,SETTLED,INSTRUCTED,DEUTSCHE-BROKER,500,591240.0,SSI-DE-5510,TRAIN
2351,TRD102350,2026-08-13,SETTLED,INSTRUCTED,MORGANSTANLEY-BROKER,2000,1224480.0,SSI-US-7742,TRAIN
2352,TRD102351,2026-08-09,SETTLED,INSTRUCTED,KOTAK-CUST,1500,2931150.0,SSI-IN-0203,TRAIN
2353,TRD102352,2026-08-06,SETTLED,INSTRUCTED,ICICI-CUST,2000,3338640.0,SSI-IN-0091,TRAIN
2354,TRD102353,2026-08-20,PENDING,INSTRUCTED,HDFC-CUST,200,235218.0,SSI-IN-0147,TEST
2355,TRD102354,2026-08-20,SETTLED,INSTRUCTED,HDFC-CUST,1000,1243130.0,SSI-IN-0147,TRAIN
2356,TRD102355,2026-08-19,SETTLED,INSTRUCTED,NOMURA-BROKER,200,339534.0,SSI-JP-3389,TEST
2357,TRD102356,2026-08-13,SETTLED,INSTRUCTED,HDFC-CUST,2000,345440.0,SSI-IN-0147,TRAIN
2358,TRD102357,2026-08-10,SETTLED,INSTRUCTED,DEUTSCHE-BROKER,200,168358.0,SSI-DE-5510,TRAIN
2359,TRD102358,2026-08-12,SETTLED,INSTRUCTED,DEUTSCHE-BROKER,1500,705345.0,SSI-DE-5510,TEST
2360,TRD102359,2026-08-20,SETTLED,INSTRUCTED,NOMURA-BROKER,1500,916980.0,SSI-JP-3389,TRAIN
2361,TRD102360,2026-08-15,SETTLED,INSTRUCTED,ICICI-CUST,250,3259742.5,SSI-IN-0091,TRAIN
2362,TRD102361,2026-08-09,SETTLED,INSTRUCTED,MORGANSTANLEY-BROKER,100,189756.0,SSI-US-7742,TRAIN
2363,TRD102362,2026-08-15,SETTLED,INSTRUCTED,ICICI-CUST,500,86415.0,SSI-IN-0091,TRAIN
2364,TRD102363,2026-08-13,SETTLED,INSTRUCTED,KOTAK-CUST,1000,612180.0,SSI-IN-0203,TRAIN
2365,TRD102364,2026-08-12,SETTLED,INSTRUCTED,NOMURA-BROKER,500,233775.0,SSI-JP-3389,TRAIN
2366,TRD102365,2026-08-03,SETTLED,INSTRUCTED,DEUTSCHE-BROKER,500,86170.0,SSI-DE-5510,TRAIN
2367,TRD102366,2026-08-15,SETTLED,INSTRUCTED,MORGANSTANLEY-BROKER,750,2134297.5,SSI-US-7742,TEST
2368,TRD102367,2026-08-21,SETTLED,INSTRUCTED,MORGANSTANLEY-BROKER,1500,19553535.0,SSI-US-7742,TEST
2369,TRD102368,2026-08-11,SETTLED,INSTRUCTED,NOMURA-BROKER,500,6486710.0,SSI-JP-3389,TEST
2370,TRD102369,2026-08-02,SETTLED,INSTRUCTED,MORGANSTANLEY-BROKER,750,1465230.0,SSI-US-7742,TRAIN
2371,TRD102370,2026-08-02,SETTLED,INSTRUCTED,DEUTSCHE-BROKER,2000,3341660.0,SSI-DE-5510,TRAIN
2372,TRD102371,2026-08-20,SETTLED,INSTRUCTED,DEUTSCHE-BROKER,750,2059927.5,SSI-DE-5510,TEST
2373,TRD102372,2026-08-20,SETTLED,INSTRUCTED,HDFC-CUST,100,274551.0,SSI-IN-0147,TRAIN
2374,TRD102373,2026-08-14,SETTLED,INSTRUCTED,MORGANSTANLEY-BROKER,500,6517625.0,SSI-US-7742,TRAIN
2375,TRD102374,2026-08-15,SETTLED,INSTRUCTED,ICICI-CUST,500,1831135.0,SSI-IN-0091,TRAIN
2376,TRD102375,2026-08-10,SETTLED,INSTRUCTED,HDFC-CUST,100,46702.0,SSI-IN-0147,TEST
2377,TRD102376,2026-08-08,SETTLED,INSTRUCTED,NOMURA-BROKER,250,424315.0,SSI-JP-3389,TRAIN
2378,TRD102377,2026-08-19,SETTLED,INSTRUCTED,NOMURA-BROKER,750,3084675.0,SSI-JP-3389,TRAIN
2379,TRD102378,2026-08-02,SETTLED,INSTRUCTED,HDFC-CUST,200,379394.0,SSI-IN-0147,TRAIN
2380,TRD102379,2026-08-12,SETTLED,INSTRUCTED,ICICI-CUST,200,379062.0,SSI-IN-0091,TEST
2381,TRD102380,2026-08-17,PENDING,INSTRUCTED,ICICI-CUST,750,352680.0,SSI-IN-0091,TRAIN
2382,TRD102381,2026-08-10,SETTLED,INSTRUCTED,NOMURA-BROKER,500,845585.0,SSI-JP-3389,TRAIN
2383,TRD102382,2026-08-07,SETTLED,INSTRUCTED,MORGANSTANLEY-BROKER,250,1026537.5,SSI-US-7742,TRAIN
2384,TRD102383,2026-08-14,PENDING,MISSING,DEUTSCHE-BROKER,1000,171640.0,,TRAIN
2385,TRD102384,2026-08-22,SETTLED,INSTRUCTED,DEUTSCHE-BROKER,250,417502.5,SSI-DE-5510,TEST
2386,TRD102385,2026-08-16,SETTLED,INSTRUCTED,DEUTSCHE-BROKER,2000,25974920.0,SSI-DE-5510,TRAIN
2387,TRD102386,2026-08-08,SETTLED,INSTRUCTED,ICICI-CUST,100,166743.0,SSI-IN-0091,TEST
2388,TRD102387,2026-08-15,SETTLED,INSTRUCTED,NOMURA-BROKER,1000,1958610.0,SSI-JP-3389,TEST
2389,TRD102388,2026-08-05,SETTLED,INSTRUCTED,MORGANSTANLEY-BROKER,2000,25852320.0,SSI-US-7742,TRAIN
2390,TRD102389,2026-08-19,SETTLED,INSTRUCTED,NOMURA-BROKER,2000,938300.0,SSI-JP-3389,TRAIN
2391,TRD102390,2026-08-22,SETTLED,INSTRUCTED,KOTAK-CUST,100,118363.0,SSI-IN-0203,TRAIN
2392,TRD102391,2026-08-06,SETTLED,INSTRUCTED,ICICI-CUST,1500,5508825.0,SSI-IN-0091,TRAIN
2393,TRD102392,2026-08-06,SETTLED,INSTRUCTED,KOTAK-CUST,750,459210.0,SSI-IN-0203,TRAIN
2394,TRD102393,2026-08-11,SETTLED,INSTRUCTED,NOMURA-BROKER,1000,4103240.0,SSI-JP-3389,TRAIN
2395,TRD102394,2026-08-12,PENDING,MISSING,HDFC-CUST,100,286422.0,,TRAIN
2396,TRD102395,2026-08-05,SETTLED,INSTRUCTED,KOTAK-CUST,200,34442.0,SSI-IN-0203,TRAIN
2397,TRD102396,2026-08-08,SETTLED,INSTRUCTED,MORGANSTANLEY-BROKER,200,34380.0,SSI-US-7742,TRAIN
2398,TRD102397,2026-08-19,SETTLED,INSTRUCTED,MORGANSTANLEY-BROKER,750,2133847.5,SSI-US-7742,TRAIN
2399,TRD102398,2026-08-14,SETTLED,INSTRUCTED,ICICI-CUST,750,128820.0,SSI-IN-0091,TRAIN
2400,TRD102399,2026-08-03,SETTLED,INSTRUCTED,HDFC-CUST,1000,4111230.0,SSI-IN-0147,TRAIN
2401,TRD102400,2026-08-18,SETTLED,INSTRUCTED,ICICI-CUST,100,117561.0,SSI-IN-0091,TRAIN
2402,TRD102401,2026-08-20,SETTLED,INSTRUCTED,MORGANSTANLEY-BROKER,200,337284.0,SSI-US-7742,TRAIN
2403,TRD102402,2026-08-20,SETTLED,INSTRUCTED,NOMURA-BROKER,250,210735.0,SSI-JP-3389,TRAIN
2404,TRD102403,2026-08-06,SETTLED,INSTRUCTED,HDFC-CUST,500,234985.0,SSI-IN-0147,TEST
2405,TRD102404,2026-08-11,PENDING,INSTRUCTED,DEUTSCHE-BROKER,750,2139517.5,SSI-DE-5510,TRAIN
2406,TRD102405,2026-08-14,SETTLED,INSTRUCTED,HDFC-CUST,500,846155.0,SSI-IN-0147,TRAIN
2407,TRD102406,2026-08-15,FAILED,INCORRECT,MORGANSTANLEY-BROKER,1500,2848875.0,SSI-IN-0091,TRAIN
2408,TRD102407,2026-08-10,SETTLED,INSTRUCTED,NOMURA-BROKER,200,335734.0,SSI-JP-3389,TRAIN
2409,TRD102408,2026-08-10,SETTLED,INSTRUCTED,NOMURA-BROKER,1500,6186735.0,SSI-JP-3389,TEST
2410,TRD102409,2026-08-09,SETTLED,INSTRUCTED,HDFC-CUST,200,2608128.0,SSI-IN-0147,TRAIN
2411,TRD102410,2026-08-14,SETTLED,INSTRUCTED,HDFC-CUST,100,167907.0,SSI-IN-0147,TEST
2412,TRD102411,2026-08-05,SETTLED,INSTRUCTED,NOMURA-BROKER,100,412701.0,SSI-JP-3389,TEST
2413,TRD102412,2026-08-06,SETTLED,INSTRUCTED,HDFC-CUST,1000,4108650.0,SSI-IN-0147,TRAIN
2414,TRD102413,2026-08-18,SETTLED,INSTRUCTED,NOMURA-BROKER,1500,1266855.0,SSI-JP-3389,TEST
2415,TRD102414,2026-08-06,SETTLED,INSTRUCTED,HDFC-CUST,500,981350.0,SSI-IN-0147,TRAIN
2416,TRD102415,2026-08-10,SETTLED,INSTRUCTED,DEUTSCHE-BROKER,500,837515.0,SSI-DE-5510,TRAIN
2417,TRD102416,2026-08-03,SETTLED,INSTRUCTED,ICICI-CUST,1500,4274190.0,SSI-IN-0091,TEST
2418,TRD102417,2026-08-11,SETTLED,INSTRUCTED,HDFC-CUST,1500,2503005.0,SSI-IN-0147,TRAIN
2419,TRD102418,2026-08-17,SETTLED,INSTRUCTED,MORGANSTANLEY-BROKER,1500,2843085.0,SSI-US-7742,TRAIN
2420,TRD102419,2026-08-16,SETTLED,INSTRUCTED,HDFC-CUST,750,635115.0,SSI-IN-0147,TEST
2421,TRD102420,2026-08-09,SETTLED,INSTRUCTED,DEUTSCHE-BROKER,750,1263495.0,SSI-DE-5510,TRAIN
2422,TRD102421,2026-08-14,SETTLED,INSTRUCTED,HDFC-CUST,500,1374795.0,SSI-IN-0147,TRAIN
2423,TRD102422,2026-08-05,SETTLED,INSTRUCTED,KOTAK-CUST,1000,1241070.0,SSI-IN-0203,TRAIN
2424,TRD102423,2026-08-05,SETTLED,INSTRUCTED,HDFC-CUST,200,570482.0,SSI-IN-0147,TRAIN
2425,TRD102424,2026-08-19,SETTLED,INSTRUCTED,MORGANSTANLEY-BROKER,500,1376340.0,SSI-US-7742,TRAIN
2426,TRD102425,2026-08-02,SETTLED,INSTRUCTED,KOTAK-CUST,100,366724.0,SSI-IN-0203,TRAIN
2427,TRD102426,2026-08-09,PENDING,INSTRUCTED,NOMURA-BROKER,2000,5683520.0,SSI-JP-3389,TRAIN
2428,TRD102427,2026-08-22,SETTLED,INSTRUCTED,DEUTSCHE-BROKER,750,931402.5,SSI-DE-5510,TRAIN
2429,TRD102428,2026-08-09,SETTLED,INSTRUCTED,KOTAK-CUST,2000,3385020.0,SSI-IN-0203,TRAIN
2430,TRD102429,2026-08-19,SETTLED,INSTRUCTED,KOTAK-CUST,2000,1695580.0,SSI-IN-0203,TRAIN
2431,TRD102430,2026-08-05,SETTLED,INSTRUCTED,MORGANSTANLEY-BROKER,100,169361.0,SSI-US-7742,TRAIN
2432,TRD102431,2026-08-15,SETTLED,INSTRUCTED,MORGANSTANLEY-BROKER,100,168541.0,SSI-US-7742,TRAIN
2433,TRD102432,2026-08-09,SETTLED,INSTRUCTED,NOMURA-BROKER,2000,3919940.0,SSI-JP-3389,TRAIN
2434,TRD102433,2026-08-02,SETTLED,INSTRUCTED,MORGANSTANLEY-BROKER,200,168336.0,SSI-US-7742,TRAIN
2435,TRD102434,2026-08-04,SETTLED,INSTRUCTED,KOTAK-CUST,2000,2491360.0,SSI-IN-0203,TRAIN
2436,TRD102435,2026-08-19,SETTLED,INSTRUCTED,NOMURA-BROKER,750,3099562.5,SSI-JP-3389,TEST
2437,TRD102436,2026-08-02,SETTLED,INSTRUCTED,DEUTSCHE-BROKER,750,351817.5,SSI-DE-5510,TRAIN
2438,TRD102437,2026-08-18,SETTLED,INSTRUCTED,MORGANSTANLEY-BROKER,1000,171760.0,SSI-US-7742,TRAIN
2439,TRD102438,2026-08-13,SETTLED,INSTRUCTED,DEUTSCHE-BROKER,1500,4284150.0,SSI-DE-5510,TRAIN
2440,TRD102439,2026-08-20,SETTLED,INSTRUCTED,ICICI-CUST,200,122656.0,SSI-IN-0091,TRAIN
2441,TRD102440,2026-08-03,SETTLED,INSTRUCTED,NOMURA-BROKER,250,471320.0,SSI-JP-3389,TEST
2442,TRD102441,2026-08-11,SETTLED,INSTRUCTED,DEUTSCHE-BROKER,500,6470375.0,SSI-DE-5510,TEST
2443,TRD102442,2026-08-08,SETTLED,INSTRUCTED,KOTAK-CUST,250,416837.5,SSI-IN-0203,TRAIN
2444,TRD102443,2026-08-07,SETTLED,INSTRUCTED,DEUTSCHE-BROKER,200,379322.0,SSI-DE-5510,TRAIN
2445,TRD102444,2026-08-07,SETTLED,INSTRUCTED,NOMURA-BROKER,1000,1881510.0,SSI-JP-3389,TEST
2446,TRD102445,2026-08-06,SETTLED,INSTRUCTED,DEUTSCHE-BROKER,250,1027217.5,SSI-DE-5510,TRAIN
2447,TRD102446,2026-08-18,SETTLED,INSTRUCTED,NOMURA-BROKER,250,417820.0,SSI-JP-3389,TRAIN
2448,TRD102447,2026-08-15,SETTLED,INSTRUCTED,HDFC-CUST,500,949435.0,SSI-IN-0147,TRAIN
2449,TRD102448,2026-08-02,SETTLED,INSTRUCTED,HDFC-CUST,750,634875.0,SSI-IN-0147,TRAIN
2450,TRD102449,2026-08-20,SETTLED,INSTRUCTED,ICICI-CUST,2000,3395240.0,SSI-IN-0091,TRAIN
2451,TRD102450,2026-08-14,SETTLED,INSTRUCTED,NOMURA-BROKER,200,335242.0,SSI-JP-3389,TRAIN
2452,TRD102451,2026-08-09,SETTLED,INSTRUCTED,HDFC-CUST,250,920397.5,SSI-IN-0147,TEST
2453,TRD102452,2026-08-19,SETTLED,INSTRUCTED,ICICI-CUST,200,734128.0,SSI-IN-0091,TRAIN
2454,TRD102453,2026-08-06,SETTLED,INSTRUCTED,HDFC-CUST,750,929040.0,SSI-IN-0147,TRAIN
2455,TRD102454,2026-08-09,SETTLED,INSTRUCTED,NOMURA-BROKER,500,233605.0,SSI-JP-3389,TRAIN
2456,TRD102455,2026-08-22,SETTLED,INSTRUCTED,MORGANSTANLEY-BROKER,2000,2350380.0,SSI-US-7742,TRAIN
2457,TRD102456,2026-08-12,SETTLED,INSTRUCTED,ICICI-CUST,250,117437.5,SSI-IN-0091,TRAIN
2458,TRD102457,2026-08-02,SETTLED,INSTRUCTED,NOMURA-BROKER,100,275316.0,SSI-JP-3389,TRAIN
2459,TRD102458,2026-08-22,SETTLED,INSTRUCTED,MORGANSTANLEY-BROKER,250,211945.0,SSI-US-7742,TRAIN
2460,TRD102459,2026-08-05,SETTLED,INSTRUCTED,DEUTSCHE-BROKER,500,305115.0,SSI-DE-5510,TRAIN
2461,TRD102460,2026-08-13,SETTLED,INSTRUCTED,KOTAK-CUST,100,275162.0,SSI-IN-0203,TRAIN
2462,TRD102461,2026-08-10,SETTLED,INSTRUCTED,HDFC-CUST,750,2064397.5,SSI-IN-0147,TRAIN
2463,TRD102462,2026-08-18,SETTLED,INSTRUCTED,ICICI-CUST,2000,2355480.0,SSI-IN-0091,TEST
2464,TRD102463,2026-08-03,SETTLED,INSTRUCTED,KOTAK-CUST,750,9735135.0,SSI-IN-0203,TEST
2465,TRD102464,2026-08-03,SETTLED,INSTRUCTED,MORGANSTANLEY-BROKER,1500,4274355.0,SSI-US-7742,TRAIN
2466,TRD102465,2026-08-14,SETTLED,INSTRUCTED,KOTAK-CUST,750,1472430.0,SSI-IN-0203,TRAIN
2467,TRD102466,2026-08-14,SETTLED,INSTRUCTED,DEUTSCHE-BROKER,750,634387.5,SSI-DE-5510,TRAIN
2468,TRD102467,2026-08-18,SETTLED,INSTRUCTED,HDFC-CUST,250,423857.5,SSI-IN-0147,TEST
2469,TRD102468,2026-08-07,SETTLED,INSTRUCTED,MORGANSTANLEY-BROKER,100,195308.0,SSI-US-7742,TRAIN
2470,TRD102469,2026-08-03,SETTLED,INSTRUCTED,DEUTSCHE-BROKER,100,368475.0,SSI-DE-5510,TRAIN
2471,TRD102470,2026-08-02,SETTLED,INSTRUCTED,MORGANSTANLEY-BROKER,2000,3384800.0,SSI-US-7742,TRAIN
2472,TRD102471,2026-08-03,SETTLED,INSTRUCTED,ICICI-CUST,100,411118.0,SSI-IN-0091,TRAIN
2473,TRD102472,2026-08-18,SETTLED,INSTRUCTED,NOMURA-BROKER,200,2606130.0,SSI-JP-3389,TRAIN
2474,TRD102473,2026-08-22,SETTLED,INSTRUCTED,HDFC-CUST,750,1473555.0,SSI-IN-0147,TRAIN
2475,TRD102474,2026-08-14,SETTLED,INSTRUCTED,NOMURA-BROKER,500,86240.0,SSI-JP-3389,TRAIN
2476,TRD102475,2026-08-04,SETTLED,INSTRUCTED,HDFC-CUST,750,1264530.0,SSI-IN-0147,TEST
2477,TRD102476,2026-08-22,SETTLED,INSTRUCTED,NOMURA-BROKER,250,152620.0,SSI-JP-3389,TEST
2478,TRD102477,2026-08-15,SETTLED,INSTRUCTED,NOMURA-BROKER,250,308712.5,SSI-JP-3389,TRAIN
2479,TRD102478,2026-08-11,SETTLED,INSTRUCTED,KOTAK-CUST,1500,912900.0,SSI-IN-0203,TRAIN
2480,TRD102479,2026-08-11,SETTLED,INSTRUCTED,NOMURA-BROKER,100,1302180.0,SSI-JP-3389,TRAIN
2481,TRD102480,2026-08-03,SETTLED,INSTRUCTED,HDFC-CUST,1000,847780.0,SSI-IN-0147,TRAIN
2482,TRD102481,2026-08-07,SETTLED,INSTRUCTED,KOTAK-CUST,1000,609370.0,SSI-IN-0203,TRAIN
2483,TRD102482,2026-08-11,SETTLED,INSTRUCTED,DEUTSCHE-BROKER,200,391022.0,SSI-DE-5510,TRAIN
2484,TRD102483,2026-08-05,SETTLED,INSTRUCTED,KOTAK-CUST,100,369016.0,SSI-IN-0203,TRAIN
2485,TRD102484,2026-08-06,SETTLED,INSTRUCTED,DEUTSCHE-BROKER,750,9718605.0,SSI-DE-5510,TEST
2486,TRD102485,2026-08-03,SETTLED,INSTRUCTED,KOTAK-CUST,750,2141872.5,SSI-IN-0203,TRAIN
2487,TRD102486,2026-08-13,SETTLED,INSTRUCTED,HDFC-CUST,500,85975.0,SSI-IN-0147,TEST
2488,TRD102487,2026-08-09,SETTLED,INSTRUCTED,HDFC-CUST,200,34454.0,SSI-IN-0147,TEST
2489,TRD102488,2026-08-05,SETTLED,INSTRUCTED,MORGANSTANLEY-BROKER,2000,8243660.0,SSI-US-7742,TEST
2490,TRD102489,2026-08-08,SETTLED,INSTRUCTED,DEUTSCHE-BROKER,200,335478.0,SSI-DE-5510,TRAIN
2491,TRD102490,2026-08-03,SETTLED,INSTRUCTED,DEUTSCHE-BROKER,1000,1698840.0,SSI-DE-5510,TRAIN
2492,TRD102491,2026-08-12,FAILED,INCORRECT,DEUTSCHE-BROKER,2000,8262800.0,SSI-IN-0091,TRAIN
2493,TRD102492,2026-08-18,SETTLED,INSTRUCTED,ICICI-CUST,1500,5535615.0,SSI-IN-0091,TEST
2494,TRD102493,2026-08-02,SETTLED,INSTRUCTED,MORGANSTANLEY-BROKER,100,168353.0,SSI-US-7742,TRAIN
2495,TRD102494,2026-08-06,SETTLED,INSTRUCTED,MORGANSTANLEY-BROKER,1500,4102425.0,SSI-US-7742,TRAIN
2496,TRD102495,2026-08-22,SETTLED,INSTRUCTED,NOMURA-BROKER,1500,914010.0,SSI-JP-3389,TRAIN
2497,TRD102496,2026-08-21,SETTLED,INSTRUCTED,ICICI-CUST,750,459240.0,SSI-IN-0091,TRAIN
2498,TRD102497,2026-08-21,SETTLED,INSTRUCTED,KOTAK-CUST,500,86130.0,SSI-IN-0203,TRAIN
2499,TRD102498,2026-08-05,SETTLED,INSTRUCTED,MORGANSTANLEY-BROKER,750,3093765.0,SSI-US-7742,TRAIN
2500,TRD102499,2026-08-14,SETTLED,INSTRUCTED,MORGANSTANLEY-BROKER,750,2752545.0,SSI-US-7742,TRAIN
2501,TRD102500,2026-08-15,SETTLED,INSTRUCTED,HDFC-CUST,100,1299124.0,SSI-IN-0147,TRAIN
2502,TRD102501,2026-08-16,SETTLED,INSTRUCTED,KOTAK-CUST,250,417015.0,SSI-IN-0203,TRAIN
2503,TRD102502,2026-08-03,SETTLED,INSTRUCTED,NOMURA-BROKER,200,336702.0,SSI-JP-3389,TRAIN
2504,TRD102503,2026-08-03,SETTLED,INSTRUCTED,KOTAK-CUST,1500,5544555.0,SSI-IN-0203,TRAIN
2505,TRD102504,2026-08-16,SETTLED,INSTRUCTED,DEUTSCHE-BROKER,2000,3365000.0,SSI-DE-5510,TRAIN
2506,TRD102505,2026-08-02,SETTLED,INSTRUCTED,ICICI-CUST,250,1029430.0,SSI-IN-0091,TEST
2507,TRD102506,2026-08-14,SETTLED,INSTRUCTED,MORGANSTANLEY-BROKER,500,1837525.0,SSI-US-7742,TEST
2508,TRD102507,2026-08-04,SETTLED,INSTRUCTED,KOTAK-CUST,250,423382.5,SSI-IN-0203,TRAIN
2509,TRD102508,2026-08-12,SETTLED,INSTRUCTED,KOTAK-CUST,500,942825.0,SSI-IN-0203,TEST
2510,TRD102509,2026-08-05,SETTLED,INSTRUCTED,DEUTSCHE-BROKER,250,919450.0,SSI-DE-5510,TRAIN
2511,TRD102510,2026-08-18,SETTLED,INSTRUCTED,KOTAK-CUST,250,687232.5,SSI-IN-0203,TRAIN
2512,TRD102511,2026-08-19,SETTLED,INSTRUCTED,ICICI-CUST,500,2056335.0,SSI-IN-0091,TRAIN
2513,TRD102512,2026-08-19,SETTLED,INSTRUCTED,NOMURA-BROKER,750,632535.0,SSI-JP-3389,TRAIN
2514,TRD102513,2026-08-13,SETTLED,INSTRUCTED,MORGANSTANLEY-BROKER,500,1421455.0,SSI-US-7742,TRAIN
2515,TRD102514,2026-08-02,SETTLED,INSTRUCTED,MORGANSTANLEY-BROKER,1000,4118750.0,SSI-US-7742,TRAIN
2516,TRD102515,2026-08-11,SETTLED,INSTRUCTED,MORGANSTANLEY-BROKER,200,236766.0,SSI-US-7742,TRAIN
2517,TRD102516,2026-08-20,SETTLED,INSTRUCTED,HDFC-CUST,2000,1226700.0,SSI-IN-0147,TRAIN
2518,TRD102517,2026-08-11,SETTLED,INSTRUCTED,MORGANSTANLEY-BROKER,1500,4133625.0,SSI-US-7742,TRAIN
2519,TRD102518,2026-08-13,SETTLED,INSTRUCTED,MORGANSTANLEY-BROKER,750,128880.0,SSI-US-7742,TEST
2520,TRD102519,2026-08-11,SETTLED,INSTRUCTED,ICICI-CUST,1000,1891540.0,SSI-IN-0091,TEST
2521,TRD102520,2026-08-09,SETTLED,INSTRUCTED,KOTAK-CUST,500,941450.0,SSI-IN-0203,TRAIN
2522,TRD102521,2026-08-02,SETTLED,INSTRUCTED,MORGANSTANLEY-BROKER,100,168884.0,SSI-US-7742,TRAIN
2523,TRD102522,2026-08-15,SETTLED,INSTRUCTED,ICICI-CUST,200,337936.0,SSI-IN-0091,TRAIN
2524,TRD102523,2026-08-09,SETTLED,INSTRUCTED,MORGANSTANLEY-BROKER,500,304595.0,SSI-US-7742,TRAIN
2525,TRD102524,2026-08-18,SETTLED,INSTRUCTED,HDFC-CUST,1000,1958640.0,SSI-IN-0147,TRAIN
2526,TRD102525,2026-08-15,SETTLED,INSTRUCTED,NOMURA-BROKER,100,1303156.0,SSI-JP-3389,TRAIN
2527,TRD102526,2026-08-19,SETTLED,INSTRUCTED,HDFC-CUST,1500,258270.0,SSI-IN-0147,TRAIN
2528,TRD102527,2026-08-10,SETTLED,INSTRUCTED,ICICI-CUST,250,919432.5,SSI-IN-0091,TEST
2529,TRD102528,2026-08-08,SETTLED,INSTRUCTED,ICICI-CUST,1500,1270050.0,SSI-IN-0091,TRAIN
2530,TRD102529,2026-08-18,SETTLED,INSTRUCTED,KOTAK-CUST,250,1032932.5,SSI-IN-0203,TRAIN
2531,TRD102530,2026-08-14,SETTLED,INSTRUCTED,MORGANSTANLEY-BROKER,500,622120.0,SSI-US-7742,TRAIN
2532,TRD102531,2026-08-10,SETTLED,INSTRUCTED,NOMURA-BROKER,750,888285.0,SSI-JP-3389,TRAIN
2533,TRD102532,2026-08-09,SETTLED,INSTRUCTED,ICICI-CUST,250,3244300.0,SSI-IN-0091,TRAIN
2534,TRD102533,2026-08-14,SETTLED,INSTRUCTED,ICICI-CUST,1500,1777590.0,SSI-IN-0091,TRAIN
2535,TRD102534,2026-08-04,SETTLED,INSTRUCTED,ICICI-CUST,1500,19470765.0,SSI-IN-0091,TRAIN
2536,TRD102535,2026-08-04,SETTLED,INSTRUCTED,DEUTSCHE-BROKER,100,1292132.0,SSI-DE-5510,TRAIN
2537,TRD102536,2026-08-04,SETTLED,INSTRUCTED,NOMURA-BROKER,750,3094575.0,SSI-JP-3389,TRAIN
2538,TRD102537,2026-08-22,SETTLED,INSTRUCTED,MORGANSTANLEY-BROKER,1500,705270.0,SSI-US-7742,TRAIN
2539,TRD102538,2026-08-03,SETTLED,INSTRUCTED,NOMURA-BROKER,1500,2937270.0,SSI-JP-3389,TRAIN
2540,TRD102539,2026-08-17,SETTLED,INSTRUCTED,DEUTSCHE-BROKER,750,1463400.0,SSI-DE-5510,TRAIN
2541,TRD102540,2026-08-16,SETTLED,INSTRUCTED,HDFC-CUST,250,420732.5,SSI-IN-0147,TRAIN
2542,TRD102541,2026-08-13,SETTLED,INSTRUCTED,ICICI-CUST,250,489395.0,SSI-IN-0091,TRAIN
2543,TRD102542,2026-08-03,SETTLED,INSTRUCTED,HDFC-CUST,2000,1225860.0,SSI-IN-0147,TRAIN
2544,TRD102543,2026-08-19,SETTLED,INSTRUCTED,KOTAK-CUST,1500,4294410.0,SSI-IN-0203,TEST
2545,TRD102544,2026-08-04,SETTLED,INSTRUCTED,HDFC-CUST,500,837215.0,SSI-IN-0147,TRAIN
2546,TRD102545,2026-08-14,SETTLED,INSTRUCTED,ICICI-CUST,250,152132.5,SSI-IN-0091,TRAIN
2547,TRD102546,2026-08-07,SETTLED,INSTRUCTED,NOMURA-BROKER,100,46752.0,SSI-JP-3389,TRAIN
2548,TRD102547,2026-08-05,SETTLED,INSTRUCTED,HDFC-CUST,250,293587.5,SSI-IN-0147,TRAIN
2549,TRD102548,2026-08-17,SETTLED,INSTRUCTED,MORGANSTANLEY-BROKER,1000,12932280.0,SSI-US-7742,TRAIN
2550,TRD102549,2026-08-04,SETTLED,INSTRUCTED,NOMURA-BROKER,500,2054570.0,SSI-JP-3389,TRAIN
2551,TRD102550,2026-08-07,SETTLED,INSTRUCTED,MORGANSTANLEY-BROKER,100,124360.0,SSI-US-7742,TRAIN
2552,TRD102551,2026-08-03,SETTLED,INSTRUCTED,ICICI-CUST,1500,2829615.0,SSI-IN-0091,TEST
2553,TRD102552,2026-08-08,SETTLED,INSTRUCTED,NOMURA-BROKER,100,123753.0,SSI-JP-3389,TEST
2554,TRD102553,2026-08-06,SETTLED,INSTRUCTED,DEUTSCHE-BROKER,2000,3381960.0,SSI-DE-5510,TRAIN
2555,TRD102554,2026-08-07,SETTLED,INSTRUCTED,NOMURA-BROKER,250,42930.0,SSI-JP-3389,TRAIN
2556,TRD102555,2026-08-08,SETTLED,INSTRUCTED,KOTAK-CUST,250,42940.0,SSI-IN-0203,TRAIN
2557,TRD102556,2026-08-17,SETTLED,INSTRUCTED,NOMURA-BROKER,1000,1183020.0,SSI-JP-3389,TRAIN
2558,TRD102557,2026-08-09,SETTLED,INSTRUCTED,MORGANSTANLEY-BROKER,1500,4133490.0,SSI-US-7742,TRAIN
2559,TRD102558,2026-08-12,SETTLED,INSTRUCTED,DEUTSCHE-BROKER,250,3246412.5,SSI-DE-5510,TRAIN
2560,TRD102559,2026-08-02,SETTLED,INSTRUCTED,DEUTSCHE-BROKER,2000,3365800.0,SSI-DE-5510,TEST
2561,TRD102560,2026-08-03,SETTLED,INSTRUCTED,DEUTSCHE-BROKER,200,390958.0,SSI-DE-5510,TRAIN
2562,TRD102561,2026-08-06,SETTLED,INSTRUCTED,ICICI-CUST,1500,258720.0,SSI-IN-0091,TRAIN
2563,TRD102562,2026-08-07,SETTLED,INSTRUCTED,HDFC-CUST,250,420842.5,SSI-IN-0147,TRAIN
2564,TRD102563,2026-08-14,SETTLED,INSTRUCTED,NOMURA-BROKER,250,210525.0,SSI-JP-3389,TRAIN
2565,TRD102564,2026-08-16,SETTLED,INSTRUCTED,ICICI-CUST,1000,2746670.0,SSI-IN-0091,TEST
2566,TRD102565,2026-08-18,SETTLED,INSTRUCTED,NOMURA-BROKER,250,295747.5,SSI-JP-3389,TRAIN
2567,TRD102566,2026-08-14,SETTLED,INSTRUCTED,DEUTSCHE-BROKER,250,294552.5,SSI-DE-5510,TRAIN
2568,TRD102567,2026-08-19,SETTLED,INSTRUCTED,KOTAK-CUST,1500,2515905.0,SSI-IN-0203,TRAIN
2569,TRD102568,2026-08-03,SETTLED,INSTRUCTED,MORGANSTANLEY-BROKER,100,189693.0,SSI-US-7742,TRAIN
2570,TRD102569,2026-08-11,SETTLED,INSTRUCTED,NOMURA-BROKER,750,457792.5,SSI-JP-3389,TRAIN
2571,TRD102570,2026-08-21,SETTLED,INSTRUCTED,MORGANSTANLEY-BROKER,1000,173050.0,SSI-US-7742,TRAIN
2572,TRD102571,2026-08-19,SETTLED,INSTRUCTED,MORGANSTANLEY-BROKER,1000,1240200.0,SSI-US-7742,TRAIN
2573,TRD102572,2026-08-07,SETTLED,INSTRUCTED,HDFC-CUST,2000,1215720.0,SSI-IN-0147,TRAIN
2574,TRD102573,2026-08-07,SETTLED,INSTRUCTED,ICICI-CUST,2000,3370520.0,SSI-IN-0091,TRAIN
2575,TRD102574,2026-08-04,SETTLED,INSTRUCTED,NOMURA-BROKER,200,339648.0,SSI-JP-3389,TRAIN
2576,TRD102575,2026-08-06,SETTLED,INSTRUCTED,MORGANSTANLEY-BROKER,2000,2357780.0,SSI-US-7742,TRAIN
2577,TRD102576,2026-08-06,SETTLED,INSTRUCTED,KOTAK-CUST,250,153102.5,SSI-IN-0203,TRAIN
2578,TRD102577,2026-08-22,PENDING,INSTRUCTED,KOTAK-CUST,100,61212.0,SSI-IN-0203,TRAIN
2579,TRD102578,2026-08-09,SETTLED,INSTRUCTED,KOTAK-CUST,250,489817.5,SSI-IN-0203,TRAIN
2580,TRD102579,2026-08-13,SETTLED,INSTRUCTED,DEUTSCHE-BROKER,100,17273.0,SSI-DE-5510,TRAIN
2581,TRD102580,2026-08-02,SETTLED,INSTRUCTED,NOMURA-BROKER,2000,3914100.0,SSI-JP-3389,TRAIN
2582,TRD102581,2026-08-14,PENDING,INSTRUCTED,KOTAK-CUST,250,311062.5,SSI-IN-0203,TRAIN
2583,TRD102582,2026-08-15,SETTLED,INSTRUCTED,HDFC-CUST,1500,2834340.0,SSI-IN-0147,TRAIN
2584,TRD102583,2026-08-09,SETTLED,INSTRUCTED,NOMURA-BROKER,750,9704400.0,SSI-JP-3389,TRAIN
2585,TRD102584,2026-08-09,SETTLED,INSTRUCTED,HDFC-CUST,1500,4132005.0,SSI-IN-0147,TEST
2586,TRD102585,2026-08-12,SETTLED,INSTRUCTED,HDFC-CUST,250,421590.0,SSI-IN-0147,TRAIN
2587,TRD102586,2026-08-20,SETTLED,INSTRUCTED,HDFC-CUST,1000,1888200.0,SSI-IN-0147,TRAIN
2588,TRD102587,2026-08-21,SETTLED,INSTRUCTED,NOMURA-BROKER,500,6479830.0,SSI-JP-3389,TRAIN
2589,TRD102588,2026-08-14,SETTLED,INSTRUCTED,KOTAK-CUST,200,335240.0,SSI-IN-0203,TRAIN
2590,TRD102589,2026-08-16,PENDING,INSTRUCTED,MORGANSTANLEY-BROKER,2000,3912140.0,SSI-US-7742,TRAIN
2591,TRD102590,2026-08-11,SETTLED,INSTRUCTED,KOTAK-CUST,1000,1183270.0,SSI-IN-0203,TRAIN
2592,TRD102591,2026-08-05,SETTLED,INSTRUCTED,NOMURA-BROKER,750,1258012.5,SSI-JP-3389,TRAIN
2593,TRD102592,2026-08-07,SETTLED,INSTRUCTED,ICICI-CUST,2000,345240.0,SSI-IN-0091,TEST
2594,TRD102593,2026-08-03,SETTLED,INSTRUCTED,ICICI-CUST,500,588765.0,SSI-IN-0091,TRAIN
2595,TRD102594,2026-08-11,SETTLED,INSTRUCTED,DEUTSCHE-BROKER,750,1262580.0,SSI-DE-5510,TRAIN
2596,TRD102595,2026-08-08,SETTLED,INSTRUCTED,NOMURA-BROKER,1000,12941360.0,SSI-JP-3389,TRAIN
2597,TRD102596,2026-08-17,SETTLED,INSTRUCTED,NOMURA-BROKER,500,592000.0,SSI-JP-3389,TRAIN
2598,TRD102597,2026-08-12,SETTLED,INSTRUCTED,ICICI-CUST,1500,4116225.0,SSI-IN-0091,TEST
2599,TRD102598,2026-08-22,SETTLED,INSTRUCTED,ICICI-CUST,250,3251397.5,SSI-IN-0091,TRAIN
2600,TRD102599,2026-08-14,SETTLED,INSTRUCTED,MORGANSTANLEY-BROKER,1000,2841300.0,SSI-US-7742,TEST
2601,TRD102600,2026-08-06,SETTLED,INSTRUCTED,DEUTSCHE-BROKER,100,368402.0,SSI-DE-5510,TRAIN
2602,TRD102601,2026-08-18,FAILED,INCORRECT,MORGANSTANLEY-BROKER,250,210840.0,SSI-JP-3389,TEST
2603,TRD102602,2026-08-19,SETTLED,INSTRUCTED,DEUTSCHE-BROKER,250,474632.5,SSI-DE-5510,TRAIN
2604,TRD102603,2026-08-16,SETTLED,INSTRUCTED,MORGANSTANLEY-BROKER,1500,1272105.0,SSI-US-7742,TRAIN
2605,TRD102604,2026-08-12,PENDING,MISSING,MORGANSTANLEY-BROKER,250,309077.5,,TRAIN
2606,TRD102605,2026-08-15,SETTLED,INSTRUCTED,KOTAK-CUST,1000,3688720.0,SSI-IN-0203,TRAIN
2607,TRD102606,2026-08-22,SETTLED,INSTRUCTED,ICICI-CUST,250,471652.5,SSI-IN-0091,TRAIN
2608,TRD102607,2026-08-02,SETTLED,INSTRUCTED,ICICI-CUST,100,84252.0,SSI-IN-0091,TRAIN
2609,TRD102608,2026-08-09,SETTLED,INSTRUCTED,MORGANSTANLEY-BROKER,750,2056575.0,SSI-US-7742,TRAIN
2610,TRD102609,2026-08-05,SETTLED,INSTRUCTED,KOTAK-CUST,250,419397.5,SSI-IN-0203,TRAIN
2611,TRD102610,2026-08-17,SETTLED,INSTRUCTED,ICICI-CUST,100,167225.0,SSI-IN-0091,TEST
2612,TRD102611,2026-08-11,FAILED,INCORRECT,KOTAK-CUST,250,921712.5,SSI-IN-0091,TEST
2613,TRD102612,2026-08-09,SETTLED,INSTRUCTED,DEUTSCHE-BROKER,2000,3368760.0,SSI-DE-5510,TRAIN
2614,TRD102613,2026-08-06,SETTLED,INSTRUCTED,NOMURA-BROKER,750,458415.0,SSI-JP-3389,TRAIN
2615,TRD102614,2026-08-11,SETTLED,INSTRUCTED,HDFC-CUST,250,212287.5,SSI-IN-0147,TRAIN
2616,TRD102615,2026-08-06,SETTLED,INSTRUCTED,NOMURA-BROKER,250,687825.0,SSI-JP-3389,TRAIN
2617,TRD102616,2026-08-21,SETTLED,INSTRUCTED,HDFC-CUST,200,2586298.0,SSI-IN-0147,TRAIN
2618,TRD102617,2026-08-02,SETTLED,INSTRUCTED,ICICI-CUST,200,235008.0,SSI-IN-0091,TRAIN
2619,TRD102618,2026-08-19,SETTLED,INSTRUCTED,DEUTSCHE-BROKER,2000,2473160.0,SSI-DE-5510,TRAIN
2620,TRD102619,2026-08-16,PENDING,INSTRUCTED,MORGANSTANLEY-BROKER,250,922492.5,SSI-US-7742,TRAIN
2621,TRD102620,2026-08-17,SETTLED,INSTRUCTED,DEUTSCHE-BROKER,250,474465.0,SSI-DE-5510,TRAIN
2622,TRD102621,2026-08-10,SETTLED,INSTRUCTED,DEUTSCHE-BROKER,1000,610730.0,SSI-DE-5510,TRAIN
2623,TRD102622,2026-08-21,SETTLED,INSTRUCTED,ICICI-CUST,100,188700.0,SSI-IN-0091,TEST
2624,TRD102623,2026-08-14,SETTLED,INSTRUCTED,ICICI-CUST,500,86425.0,SSI-IN-0091,TRAIN
2625,TRD102624,2026-08-16,SETTLED,INSTRUCTED,NOMURA-BROKER,2000,8214760.0,SSI-JP-3389,TRAIN
2626,TRD102625,2026-08-27,PENDING,INSTRUCTED,MORGANSTANLEY-BROKER,500,235450.0,SSI-US-7742,TRAIN
2627,TRD102626,2026-08-24,PENDING,INSTRUCTED,MORGANSTANLEY-BROKER,250,210707.5,SSI-US-7742,TRAIN
2628,TRD102627,2026-08-15,SETTLED,INSTRUCTED,KOTAK-CUST,250,43310.0,SSI-IN-0203,TRAIN
2629,TRD102628,2026-08-07,SETTLED,INSTRUCTED,KOTAK-CUST,250,417697.5,SSI-IN-0203,TEST
2630,TRD102629,2026-08-11,SETTLED,INSTRUCTED,KOTAK-CUST,500,1370330.0,SSI-IN-0203,TRAIN
2631,TRD102630,2026-08-17,SETTLED,INSTRUCTED,HDFC-CUST,2000,940020.0,SSI-IN-0147,TRAIN
2632,TRD102631,2026-08-20,SETTLED,INSTRUCTED,KOTAK-CUST,500,623140.0,SSI-IN-0203,TEST
2633,TRD102632,2026-08-05,SETTLED,INSTRUCTED,HDFC-CUST,2000,2363120.0,SSI-IN-0147,TRAIN
2634,TRD102633,2026-08-16,SETTLED,INSTRUCTED,ICICI-CUST,250,713132.5,SSI-IN-0091,TRAIN
2635,TRD102634,2026-08-21,SETTLED,INSTRUCTED,DEUTSCHE-BROKER,500,423505.0,SSI-DE-5510,TRAIN
2636,TRD102635,2026-08-12,SETTLED,INSTRUCTED,HDFC-CUST,2000,3357360.0,SSI-IN-0147,TRAIN
2637,TRD102636,2026-08-06,SETTLED,INSTRUCTED,HDFC-CUST,100,189620.0,SSI-IN-0147,TRAIN
2638,TRD102637,2026-08-07,SETTLED,INSTRUCTED,ICICI-CUST,100,61064.0,SSI-IN-0091,TEST
2639,TRD102638,2026-08-16,SETTLED,INSTRUCTED,MORGANSTANLEY-BROKER,2000,5497060.0,SSI-US-7742,TRAIN
2640,TRD102639,2026-08-13,SETTLED,INSTRUCTED,NOMURA-BROKER,500,979740.0,SSI-JP-3389,TEST
2641,TRD102640,2026-08-03,SETTLED,INSTRUCTED,HDFC-CUST,1500,2523465.0,SSI-IN-0147,TRAIN
2642,TRD102641,2026-08-22,SETTLED,INSTRUCTED,ICICI-CUST,500,623020.0,SSI-IN-0091,TRAIN
2643,TRD102642,2026-08-07,FAILED,INCORRECT,HDFC-CUST,200,93636.0,SSI-IN-0203,TRAIN
2644,TRD102643,2026-08-07,SETTLED,INSTRUCTED,NOMURA-BROKER,250,687380.0,SSI-JP-3389,TEST
2645,TRD102644,2026-08-15,PENDING,INSTRUCTED,NOMURA-BROKER,750,3081255.0,SSI-JP-3389,TRAIN
2646,TRD102645,2026-08-20,SETTLED,INSTRUCTED,DEUTSCHE-BROKER,500,592555.0,SSI-DE-5510,TRAIN
2647,TRD102646,2026-08-05,SETTLED,INSTRUCTED,HDFC-CUST,2000,3336760.0,SSI-IN-0147,TEST
2648,TRD102647,2026-08-05,SETTLED,INSTRUCTED,HDFC-CUST,250,490057.5,SSI-IN-0147,TRAIN
2649,TRD102648,2026-08-06,SETTLED,INSTRUCTED,ICICI-CUST,2000,25936660.0,SSI-IN-0091,TRAIN
2650,TRD102649,2026-08-05,SETTLED,INSTRUCTED,HDFC-CUST,200,823182.0,SSI-IN-0147,TRAIN
2651,TRD102650,2026-08-12,SETTLED,INSTRUCTED,NOMURA-BROKER,100,411855.0,SSI-JP-3389,TRAIN
2652,TRD102651,2026-08-20,SETTLED,INSTRUCTED,HDFC-CUST,500,833720.0,SSI-IN-0147,TRAIN
2653,TRD102652,2026-08-07,SETTLED,INSTRUCTED,DEUTSCHE-BROKER,500,422955.0,SSI-DE-5510,TRAIN
2654,TRD102653,2026-08-04,SETTLED,INSTRUCTED,KOTAK-CUST,750,1413135.0,SSI-IN-0203,TRAIN
2655,TRD102654,2026-08-02,SETTLED,INSTRUCTED,MORGANSTANLEY-BROKER,250,490987.5,SSI-US-7742,TRAIN
2656,TRD102655,2026-08-02,SETTLED,INSTRUCTED,MORGANSTANLEY-BROKER,750,1415962.5,SSI-US-7742,TRAIN
2657,TRD102656,2026-08-04,SETTLED,INSTRUCTED,NOMURA-BROKER,1500,1272705.0,SSI-JP-3389,TRAIN
2658,TRD102657,2026-08-20,SETTLED,INSTRUCTED,DEUTSCHE-BROKER,1000,608080.0,SSI-DE-5510,TRAIN
2659,TRD102658,2026-08-10,SETTLED,INSTRUCTED,HDFC-CUST,2000,3337620.0,SSI-IN-0147,TRAIN
2660,TRD102659,2026-08-14,SETTLED,INSTRUCTED,KOTAK-CUST,1000,3681610.0,SSI-IN-0203,TRAIN
2661,TRD102660,2026-08-04,SETTLED,INSTRUCTED,NOMURA-BROKER,100,1294876.0,SSI-JP-3389,TRAIN
2662,TRD102661,2026-08-15,SETTLED,INSTRUCTED,ICICI-CUST,2000,3796860.0,SSI-IN-0091,TEST
2663,TRD102662,2026-08-10,SETTLED,INSTRUCTED,ICICI-CUST,500,234585.0,SSI-IN-0091,TEST
2664,TRD102663,2026-08-20,SETTLED,INSTRUCTED,ICICI-CUST,200,93716.0,SSI-IN-0091,TRAIN
2665,TRD102664,2026-08-18,SETTLED,INSTRUCTED,NOMURA-BROKER,250,474277.5,SSI-JP-3389,TRAIN
2666,TRD102665,2026-08-07,SETTLED,INSTRUCTED,NOMURA-BROKER,750,637072.5,SSI-JP-3389,TEST
2667,TRD102666,2026-08-03,SETTLED,INSTRUCTED,ICICI-CUST,750,455625.0,SSI-IN-0091,TRAIN
2668,TRD102667,2026-08-20,SETTLED,INSTRUCTED,NOMURA-BROKER,1500,259860.0,SSI-JP-3389,TEST
2669,TRD102668,2026-08-13,SETTLED,INSTRUCTED,DEUTSCHE-BROKER,750,1269360.0,SSI-DE-5510,TRAIN
2670,TRD102669,2026-08-10,SETTLED,INSTRUCTED,KOTAK-CUST,1500,1867590.0,SSI-IN-0203,TRAIN
2671,TRD102670,2026-08-02,SETTLED,INSTRUCTED,ICICI-CUST,750,1417185.0,SSI-IN-0091,TRAIN
2672,TRD102671,2026-08-18,SETTLED,INSTRUCTED,ICICI-CUST,200,550752.0,SSI-IN-0091,TRAIN
2673,TRD102672,2026-08-05,SETTLED,INSTRUCTED,DEUTSCHE-BROKER,1500,4278045.0,SSI-DE-5510,TRAIN
2674,TRD102673,2026-08-15,SETTLED,INSTRUCTED,MORGANSTANLEY-BROKER,200,549060.0,SSI-US-7742,TRAIN
2675,TRD102674,2026-08-13,SETTLED,INSTRUCTED,DEUTSCHE-BROKER,200,738328.0,SSI-DE-5510,TRAIN
2676,TRD102675,2026-08-05,PENDING,MISSING,KOTAK-CUST,100,118460.0,,TRAIN
2677,TRD102676,2026-08-15,SETTLED,INSTRUCTED,DEUTSCHE-BROKER,500,2060545.0,SSI-DE-5510,TRAIN
2678,TRD102677,2026-08-12,SETTLED,INSTRUCTED,ICICI-CUST,2000,5713120.0,SSI-IN-0091,TRAIN
2679,TRD102678,2026-08-08,SETTLED,INSTRUCTED,DEUTSCHE-BROKER,750,634147.5,SSI-DE-5510,TRAIN
2680,TRD102679,2026-08-20,SETTLED,INSTRUCTED,DEUTSCHE-BROKER,500,303725.0,SSI-DE-5510,TRAIN
2681,TRD102680,2026-08-15,SETTLED,INSTRUCTED,MORGANSTANLEY-BROKER,1000,3678190.0,SSI-US-7742,TRAIN
2682,TRD102681,2026-08-05,PENDING,INSTRUCTED,KOTAK-CUST,500,1419840.0,SSI-IN-0203,TRAIN
2683,TRD102682,2026-08-16,SETTLED,INSTRUCTED,KOTAK-CUST,1500,1764300.0,SSI-IN-0203,TRAIN
2684,TRD102683,2026-08-20,SETTLED,INSTRUCTED,ICICI-CUST,250,420820.0,SSI-IN-0091,TRAIN
2685,TRD102684,2026-08-03,SETTLED,INSTRUCTED,KOTAK-CUST,2000,1214820.0,SSI-IN-0203,TRAIN
2686,TRD102685,2026-08-12,SETTLED,INSTRUCTED,NOMURA-BROKER,200,337440.0,SSI-JP-3389,TRAIN
2687,TRD102686,2026-08-20,SETTLED,INSTRUCTED,DEUTSCHE-BROKER,200,546652.0,SSI-DE-5510,TRAIN
2688,TRD102687,2026-08-22,SETTLED,INSTRUCTED,KOTAK-CUST,750,128737.5,SSI-IN-0203,TRAIN
2689,TRD102688,2026-08-12,FAILED,INCORRECT,HDFC-CUST,750,9742222.5,SSI-US-7742,TRAIN
2690,TRD102689,2026-08-21,SETTLED,INSTRUCTED,MORGANSTANLEY-BROKER,250,683257.5,SSI-US-7742,TRAIN
2691,TRD102690,2026-08-14,SETTLED,INSTRUCTED,MORGANSTANLEY-BROKER,2000,3928200.0,SSI-US-7742,TRAIN
2692,TRD102691,2026-08-20,SETTLED,INSTRUCTED,DEUTSCHE-BROKER,200,389962.0,SSI-DE-5510,TRAIN
2693,TRD102692,2026-08-14,SETTLED,INSTRUCTED,ICICI-CUST,750,1262752.5,SSI-IN-0091,TRAIN
2694,TRD102693,2026-08-17,SETTLED,INSTRUCTED,DEUTSCHE-BROKER,750,353265.0,SSI-DE-5510,TRAIN
2695,TRD102694,2026-08-15,SETTLED,INSTRUCTED,HDFC-CUST,250,419897.5,SSI-IN-0147,TRAIN
2696,TRD102695,2026-08-16,SETTLED,INSTRUCTED,ICICI-CUST,200,237220.0,SSI-IN-0091,TRAIN
2697,TRD102696,2026-08-06,SETTLED,INSTRUCTED,ICICI-CUST,1500,2845320.0,SSI-IN-0091,TRAIN
2698,TRD102697,2026-08-19,SETTLED,INSTRUCTED,HDFC-CUST,2000,5719240.0,SSI-IN-0147,TEST
2699,TRD102698,2026-08-04,PENDING,INSTRUCTED,NOMURA-BROKER,100,169616.0,SSI-JP-3389,TRAIN
2700,TRD102699,2026-08-21,SETTLED,INSTRUCTED,MORGANSTANLEY-BROKER,200,2589126.0,SSI-US-7742,TRAIN
2701,TRD102700,2026-08-16,SETTLED,INSTRUCTED,ICICI-CUST,200,34346.0,SSI-IN-0091,TEST
2702,TRD102701,2026-08-14,SETTLED,INSTRUCTED,KOTAK-CUST,200,2608214.0,SSI-IN-0203,TRAIN
2703,TRD102702,2026-08-13,SETTLED,INSTRUCTED,MORGANSTANLEY-BROKER,200,377876.0,SSI-US-7742,TEST
2704,TRD102703,2026-08-02,SETTLED,INSTRUCTED,MORGANSTANLEY-BROKER,1000,3677860.0,SSI-US-7742,TRAIN
2705,TRD102704,2026-08-03,SETTLED,INSTRUCTED,DEUTSCHE-BROKER,100,273900.0,SSI-DE-5510,TRAIN
2706,TRD102705,2026-08-07,SETTLED,INSTRUCTED,HDFC-CUST,200,94088.0,SSI-IN-0147,TRAIN
2707,TRD102706,2026-08-22,SETTLED,INSTRUCTED,NOMURA-BROKER,1500,1853595.0,SSI-JP-3389,TRAIN
2708,TRD102707,2026-08-20,SETTLED,INSTRUCTED,KOTAK-CUST,2000,7373140.0,SSI-IN-0203,TRAIN
2709,TRD102708,2026-08-14,SETTLED,INSTRUCTED,MORGANSTANLEY-BROKER,250,919700.0,SSI-US-7742,TRAIN
2710,TRD102709,2026-08-09,SETTLED,INSTRUCTED,NOMURA-BROKER,100,124190.0,SSI-JP-3389,TEST
2711,TRD102710,2026-08-15,SETTLED,INSTRUCTED,ICICI-CUST,200,34590.0,SSI-IN-0091,TRAIN
2712,TRD102711,2026-08-22,SETTLED,INSTRUCTED,HDFC-CUST,2000,5723780.0,SSI-IN-0147,TRAIN
2713,TRD102712,2026-08-14,SETTLED,INSTRUCTED,KOTAK-CUST,500,619365.0,SSI-IN-0203,TEST
2714,TRD102713,2026-08-22,SETTLED,INSTRUCTED,ICICI-CUST,1500,1764735.0,SSI-IN-0091,TRAIN
2715,TRD102714,2026-08-09,SETTLED,INSTRUCTED,NOMURA-BROKER,1500,19447365.0,SSI-JP-3389,TRAIN
2716,TRD102715,2026-08-11,SETTLED,INSTRUCTED,HDFC-CUST,750,2136870.0,SSI-IN-0147,TRAIN
2717,TRD102716,2026-08-05,SETTLED,INSTRUCTED,DEUTSCHE-BROKER,250,713057.5,SSI-DE-5510,TRAIN
2718,TRD102717,2026-08-09,SETTLED,INSTRUCTED,NOMURA-BROKER,1000,172590.0,SSI-JP-3389,TRAIN
2719,TRD102718,2026-08-20,FAILED,INCORRECT,HDFC-CUST,250,915440.0,SSI-JP-3389,TRAIN
2720,TRD102719,2026-08-15,SETTLED,INSTRUCTED,HDFC-CUST,500,1842175.0,SSI-IN-0147,TRAIN
2721,TRD102720,2026-08-18,SETTLED,INSTRUCTED,DEUTSCHE-BROKER,250,117800.0,SSI-DE-5510,TEST
2722,TRD102721,2026-08-04,SETTLED,INSTRUCTED,HDFC-CUST,200,567758.0,SSI-IN-0147,TRAIN
2723,TRD102722,2026-08-08,SETTLED,INSTRUCTED,NOMURA-BROKER,250,212455.0,SSI-JP-3389,TRAIN
2724,TRD102723,2026-08-15,SETTLED,INSTRUCTED,ICICI-CUST,500,837390.0,SSI-IN-0091,TEST
2725,TRD102724,2026-08-12,FAILED,INCORRECT,MORGANSTANLEY-BROKER,100,168221.0,SSI-JP-3389,TRAIN
2726,TRD102725,2026-08-13,SETTLED,INSTRUCTED,KOTAK-CUST,100,84907.0,SSI-IN-0203,TRAIN
2727,TRD102726,2026-08-05,SETTLED,INSTRUCTED,DEUTSCHE-BROKER,750,1412400.0,SSI-DE-5510,TEST
2728,TRD102727,2026-08-10,PENDING,MISSING,ICICI-CUST,500,6502785.0,,TEST
2729,TRD102728,2026-08-17,SETTLED,INSTRUCTED,NOMURA-BROKER,200,2595222.0,SSI-JP-3389,TRAIN
2730,TRD102729,2026-08-20,SETTLED,INSTRUCTED,MORGANSTANLEY-BROKER,750,458197.5,SSI-US-7742,TRAIN
2731,TRD102730,2026-08-19,SETTLED,INSTRUCTED,HDFC-CUST,1500,19462545.0,SSI-IN-0147,TRAIN
2732,TRD102731,2026-08-18,SETTLED,INSTRUCTED,ICICI-CUST,2000,8222620.0,SSI-IN-0091,TRAIN
2733,TRD102732,2026-08-22,SETTLED,INSTRUCTED,DEUTSCHE-BROKER,250,296300.0,SSI-DE-5510,TRAIN
2734,TRD102733,2026-08-20,SETTLED,INSTRUCTED,DEUTSCHE-BROKER,500,591300.0,SSI-DE-5510,TRAIN
2735,TRD102734,2026-08-04,SETTLED,INSTRUCTED,KOTAK-CUST,1500,258855.0,SSI-IN-0203,TRAIN
2736,TRD102735,2026-08-21,SETTLED,INSTRUCTED,HDFC-CUST,100,84231.0,SSI-IN-0147,TRAIN
2737,TRD102736,2026-08-09,SETTLED,INSTRUCTED,NOMURA-BROKER,2000,26088420.0,SSI-JP-3389,TEST
2738,TRD102737,2026-08-04,SETTLED,INSTRUCTED,DEUTSCHE-BROKER,200,168394.0,SSI-DE-5510,TRAIN
2739,TRD102738,2026-08-12,SETTLED,INSTRUCTED,HDFC-CUST,1500,19412985.0,SSI-IN-0147,TEST
2740,TRD102739,2026-08-21,SETTLED,INSTRUCTED,ICICI-CUST,750,3085237.5,SSI-IN-0091,TEST
2741,TRD102740,2026-08-22,SETTLED,INSTRUCTED,NOMURA-BROKER,100,283695.0,SSI-JP-3389,TRAIN
2742,TRD102741,2026-08-11,SETTLED,INSTRUCTED,DEUTSCHE-BROKER,750,927615.0,SSI-DE-5510,TRAIN
2743,TRD102742,2026-08-15,SETTLED,INSTRUCTED,ICICI-CUST,1500,4115565.0,SSI-IN-0091,TRAIN
2744,TRD102743,2026-08-11,SETTLED,INSTRUCTED,KOTAK-CUST,250,308692.5,SSI-IN-0203,TEST
2745,TRD102744,2026-08-02,SETTLED,INSTRUCTED,MORGANSTANLEY-BROKER,2000,936300.0,SSI-US-7742,TRAIN
2746,TRD102745,2026-08-08,SETTLED,INSTRUCTED,MORGANSTANLEY-BROKER,1000,2758360.0,SSI-US-7742,TEST
2747,TRD102746,2026-08-13,SETTLED,INSTRUCTED,KOTAK-CUST,500,948525.0,SSI-IN-0203,TRAIN
2748,TRD102747,2026-08-07,SETTLED,INSTRUCTED,DEUTSCHE-BROKER,250,688832.5,SSI-DE-5510,TEST
2749,TRD102748,2026-08-12,SETTLED,INSTRUCTED,MORGANSTANLEY-BROKER,200,569510.0,SSI-US-7742,TRAIN
2750,TRD102749,2026-08-15,SETTLED,INSTRUCTED,HDFC-CUST,100,17160.0,SSI-IN-0147,TEST
2751,TRD102750,2026-08-16,SETTLED,INSTRUCTED,DEUTSCHE-BROKER,250,471602.5,SSI-DE-5510,TRAIN
2752,TRD102751,2026-08-12,SETTLED,INSTRUCTED,MORGANSTANLEY-BROKER,1500,1854390.0,SSI-US-7742,TRAIN
2753,TRD102752,2026-08-10,SETTLED,INSTRUCTED,NOMURA-BROKER,200,567700.0,SSI-JP-3389,TRAIN
2754,TRD102753,2026-08-18,SETTLED,INSTRUCTED,NOMURA-BROKER,750,634410.0,SSI-JP-3389,TRAIN
2755,TRD102754,2026-08-20,PENDING,MISSING,MORGANSTANLEY-BROKER,100,283934.0,,TRAIN
2756,TRD102755,2026-08-07,SETTLED,INSTRUCTED,HDFC-CUST,2000,1226700.0,SSI-IN-0147,TRAIN
2757,TRD102756,2026-08-02,SETTLED,INSTRUCTED,KOTAK-CUST,1000,1179590.0,SSI-IN-0203,TRAIN
2758,TRD102757,2026-08-09,PENDING,INSTRUCTED,NOMURA-BROKER,1500,918210.0,SSI-JP-3389,TRAIN
2759,TRD102758,2026-08-03,SETTLED,INSTRUCTED,HDFC-CUST,200,379646.0,SSI-IN-0147,TEST
2760,TRD102759,2026-08-15,PENDING,MISSING,KOTAK-CUST,2000,1218780.0,,TRAIN
2761,TRD102760,2026-08-22,SETTLED,INSTRUCTED,HDFC-CUST,1000,471120.0,SSI-IN-0147,TRAIN
2762,TRD102761,2026-08-05,SETTLED,INSTRUCTED,NOMURA-BROKER,250,918287.5,SSI-JP-3389,TRAIN
2763,TRD102762,2026-08-10,SETTLED,INSTRUCTED,ICICI-CUST,750,129157.5,SSI-IN-0091,TRAIN
2764,TRD102763,2026-08-11,SETTLED,INSTRUCTED,NOMURA-BROKER,750,932025.0,SSI-JP-3389,TRAIN
2765,TRD102764,2026-08-04,SETTLED,INSTRUCTED,ICICI-CUST,250,153152.5,SSI-IN-0091,TRAIN
2766,TRD102765,2026-08-19,SETTLED,INSTRUCTED,MORGANSTANLEY-BROKER,2000,3772480.0,SSI-US-7742,TRAIN
2767,TRD102766,2026-08-14,SETTLED,INSTRUCTED,HDFC-CUST,2000,941560.0,SSI-IN-0147,TRAIN
2768,TRD102767,2026-08-02,SETTLED,INSTRUCTED,HDFC-CUST,250,488872.5,SSI-IN-0147,TEST
2769,TRD102768,2026-08-13,SETTLED,INSTRUCTED,NOMURA-BROKER,200,2606326.0,SSI-JP-3389,TRAIN
2770,TRD102769,2026-08-16,PENDING,INSTRUCTED,HDFC-CUST,200,549706.0,SSI-IN-0147,TRAIN
2771,TRD102770,2026-08-21,SETTLED,INSTRUCTED,HDFC-CUST,500,420825.0,SSI-IN-0147,TRAIN
2772,TRD102771,2026-08-09,SETTLED,INSTRUCTED,KOTAK-CUST,500,619350.0,SSI-IN-0203,TRAIN
2773,TRD102772,2026-08-14,SETTLED,INSTRUCTED,DEUTSCHE-BROKER,200,2596382.0,SSI-DE-5510,TEST
2774,TRD102773,2026-08-13,SETTLED,INSTRUCTED,HDFC-CUST,200,738552.0,SSI-IN-0147,TRAIN
2775,TRD102774,2026-08-15,SETTLED,INSTRUCTED,ICICI-CUST,1000,1237840.0,SSI-IN-0091,TRAIN
2776,TRD102775,2026-08-21,SETTLED,INSTRUCTED,HDFC-CUST,200,122040.0,SSI-IN-0147,TRAIN
2777,TRD102776,2026-08-21,PENDING,MISSING,ICICI-CUST,1000,2843120.0,,TRAIN
2778,TRD102777,2026-08-14,SETTLED,INSTRUCTED,MORGANSTANLEY-BROKER,750,2770440.0,SSI-US-7742,TEST
2779,TRD102778,2026-08-12,FAILED,INCORRECT,DEUTSCHE-BROKER,100,17212.0,SSI-IN-0091,TRAIN
2780,TRD102779,2026-08-06,SETTLED,INSTRUCTED,KOTAK-CUST,750,3101062.5,SSI-IN-0203,TRAIN
2781,TRD102780,2026-08-21,SETTLED,INSTRUCTED,MORGANSTANLEY-BROKER,200,572162.0,SSI-US-7742,TEST
2782,TRD102781,2026-08-08,SETTLED,INSTRUCTED,MORGANSTANLEY-BROKER,750,1412512.5,SSI-US-7742,TRAIN
2783,TRD102782,2026-08-05,SETTLED,INSTRUCTED,HDFC-CUST,500,942675.0,SSI-IN-0147,TRAIN
2784,TRD102783,2026-08-07,SETTLED,INSTRUCTED,MORGANSTANLEY-BROKER,1500,4293705.0,SSI-US-7742,TEST
2785,TRD102784,2026-08-24,PENDING,INSTRUCTED,HDFC-CUST,100,368794.0,SSI-IN-0147,TEST
2786,TRD102785,2026-08-02,SETTLED,INSTRUCTED,HDFC-CUST,100,413378.0,SSI-IN-0147,TRAIN
2787,TRD102786,2026-08-18,SETTLED,INSTRUCTED,DEUTSCHE-BROKER,100,17162.0,SSI-DE-5510,TRAIN
2788,TRD102787,2026-08-02,SETTLED,INSTRUCTED,MORGANSTANLEY-BROKER,200,336542.0,SSI-US-7742,TEST
2789,TRD102788,2026-08-11,SETTLED,INSTRUCTED,HDFC-CUST,100,412272.0,SSI-IN-0147,TEST
2790,TRD102789,2026-08-09,SETTLED,INSTRUCTED,MORGANSTANLEY-BROKER,200,547960.0,SSI-US-7742,TEST
2791,TRD102790,2026-08-04,SETTLED,INSTRUCTED,MORGANSTANLEY-BROKER,500,979230.0,SSI-US-7742,TRAIN
2792,TRD102791,2026-08-19,SETTLED,INSTRUCTED,NOMURA-BROKER,1500,1866465.0,SSI-JP-3389,TRAIN
2793,TRD102792,2026-08-20,SETTLED,INSTRUCTED,KOTAK-CUST,750,633622.5,SSI-IN-0203,TRAIN
2794,TRD102793,2026-08-02,SETTLED,INSTRUCTED,DEUTSCHE-BROKER,500,1428575.0,SSI-DE-5510,TRAIN
2795,TRD102794,2026-08-10,SETTLED,INSTRUCTED,KOTAK-CUST,1000,2859550.0,SSI-IN-0203,TRAIN
2796,TRD102795,2026-08-03,SETTLED,INSTRUCTED,DEUTSCHE-BROKER,200,2591624.0,SSI-DE-5510,TRAIN
2797,TRD102796,2026-08-02,SETTLED,INSTRUCTED,NOMURA-BROKER,750,1262625.0,SSI-JP-3389,TRAIN
2798,TRD102797,2026-08-13,PENDING,INSTRUCTED,KOTAK-CUST,200,248678.0,SSI-IN-0203,TRAIN
2799,TRD102798,2026-08-21,SETTLED,INSTRUCTED,MORGANSTANLEY-BROKER,1000,3665450.0,SSI-US-7742,TRAIN
2800,TRD102799,2026-08-19,SETTLED,INSTRUCTED,HDFC-CUST,100,284672.0,SSI-IN-0147,TRAIN
2801,TRD102800,2026-08-06,SETTLED,INSTRUCTED,DEUTSCHE-BROKER,500,1836290.0,SSI-DE-5510,TEST
2802,TRD102801,2026-08-18,SETTLED,INSTRUCTED,HDFC-CUST,2000,3390440.0,SSI-IN-0147,TEST
2803,TRD102802,2026-08-04,SETTLED,INSTRUCTED,KOTAK-CUST,2000,940440.0,SSI-IN-0203,TRAIN
2804,TRD102803,2026-08-16,SETTLED,INSTRUCTED,ICICI-CUST,1500,4105245.0,SSI-IN-0091,TRAIN
2805,TRD102804,2026-08-04,SETTLED,INSTRUCTED,HDFC-CUST,500,1419925.0,SSI-IN-0147,TRAIN
2806,TRD102805,2026-08-11,SETTLED,INSTRUCTED,ICICI-CUST,250,117085.0,SSI-IN-0091,TRAIN
2807,TRD102806,2026-08-16,SETTLED,INSTRUCTED,KOTAK-CUST,250,43302.5,SSI-IN-0203,TRAIN
2808,TRD102807,2026-08-11,SETTLED,INSTRUCTED,NOMURA-BROKER,2000,8240400.0,SSI-JP-3389,TEST
2809,TRD102808,2026-08-07,SETTLED,INSTRUCTED,ICICI-CUST,750,351270.0,SSI-IN-0091,TRAIN
2810,TRD102809,2026-08-20,SETTLED,INSTRUCTED,DEUTSCHE-BROKER,200,248430.0,SSI-DE-5510,TRAIN
2811,TRD102810,2026-08-21,SETTLED,INSTRUCTED,DEUTSCHE-BROKER,250,309155.0,SSI-DE-5510,TRAIN
2812,TRD102811,2026-08-10,SETTLED,INSTRUCTED,NOMURA-BROKER,100,47036.0,SSI-JP-3389,TRAIN
2813,TRD102812,2026-08-19,SETTLED,INSTRUCTED,KOTAK-CUST,250,42942.5,SSI-IN-0203,TRAIN
2814,TRD102813,2026-08-18,SETTLED,INSTRUCTED,HDFC-CUST,100,46805.0,SSI-IN-0147,TRAIN
2815,TRD102814,2026-08-02,SETTLED,INSTRUCTED,NOMURA-BROKER,1000,1890240.0,SSI-JP-3389,TRAIN
2816,TRD102815,2026-08-12,SETTLED,INSTRUCTED,DEUTSCHE-BROKER,1500,6163785.0,SSI-DE-5510,TRAIN
2817,TRD102816,2026-08-06,SETTLED,INSTRUCTED,KOTAK-CUST,250,116887.5,SSI-IN-0203,TRAIN
2818,TRD102817,2026-08-21,SETTLED,INSTRUCTED,KOTAK-CUST,250,923897.5,SSI-IN-0203,TRAIN
2819,TRD102818,2026-08-22,SETTLED,INSTRUCTED,MORGANSTANLEY-BROKER,200,570018.0,SSI-US-7742,TRAIN
2820,TRD102819,2026-08-09,SETTLED,INSTRUCTED,ICICI-CUST,750,458752.5,SSI-IN-0091,TRAIN
2821,TRD102820,2026-08-19,FAILED,INCORRECT,KOTAK-CUST,1500,6208425.0,SSI-DE-5510,TRAIN
2822,TRD102821,2026-08-19,SETTLED,INSTRUCTED,NOMURA-BROKER,100,413255.0,SSI-JP-3389,TRAIN
2823,TRD102822,2026-08-21,SETTLED,INSTRUCTED,HDFC-CUST,1000,4140310.0,SSI-IN-0147,TEST
2824,TRD102823,2026-08-15,SETTLED,INSTRUCTED,ICICI-CUST,200,2591196.0,SSI-IN-0091,TRAIN
2825,TRD102824,2026-08-20,SETTLED,INSTRUCTED,HDFC-CUST,2000,3335440.0,SSI-IN-0147,TRAIN
2826,TRD102825,2026-08-15,SETTLED,INSTRUCTED,MORGANSTANLEY-BROKER,2000,5676540.0,SSI-US-7742,TRAIN
2827,TRD102826,2026-08-22,SETTLED,INSTRUCTED,ICICI-CUST,2000,5687120.0,SSI-IN-0091,TRAIN
2828,TRD102827,2026-08-22,SETTLED,INSTRUCTED,HDFC-CUST,750,456510.0,SSI-IN-0147,TRAIN
2829,TRD102828,2026-08-15,SETTLED,INSTRUCTED,KOTAK-CUST,500,592280.0,SSI-IN-0203,TEST
2830,TRD102829,2026-08-15,SETTLED,INSTRUCTED,NOMURA-BROKER,2000,2488200.0,SSI-JP-3389,TEST
2831,TRD102830,2026-08-19,SETTLED,INSTRUCTED,ICICI-CUST,500,235165.0,SSI-IN-0091,TEST
2832,TRD102831,2026-08-06,SETTLED,INSTRUCTED,KOTAK-CUST,750,2134290.0,SSI-IN-0203,TRAIN
2833,TRD102832,2026-08-12,SETTLED,INSTRUCTED,HDFC-CUST,250,486817.5,SSI-IN-0147,TRAIN
2834,TRD102833,2026-08-06,SETTLED,INSTRUCTED,DEUTSCHE-BROKER,500,619390.0,SSI-DE-5510,TRAIN
2835,TRD102834,2026-08-15,SETTLED,INSTRUCTED,ICICI-CUST,750,9781635.0,SSI-IN-0091,TRAIN
2836,TRD102835,2026-08-10,SETTLED,INSTRUCTED,KOTAK-CUST,500,841700.0,SSI-IN-0203,TRAIN
2837,TRD102836,2026-08-14,SETTLED,INSTRUCTED,NOMURA-BROKER,1000,1895970.0,SSI-JP-3389,TRAIN
2838,TRD102837,2026-08-12,SETTLED,INSTRUCTED,KOTAK-CUST,250,43130.0,SSI-IN-0203,TRAIN
2839,TRD102838,2026-08-03,SETTLED,INSTRUCTED,DEUTSCHE-BROKER,2000,26070860.0,SSI-DE-5510,TEST
2840,TRD102839,2026-08-13,SETTLED,INSTRUCTED,DEUTSCHE-BROKER,1000,1178510.0,SSI-DE-5510,TRAIN
2841,TRD102840,2026-08-02,SETTLED,INSTRUCTED,MORGANSTANLEY-BROKER,250,295737.5,SSI-US-7742,TRAIN
2842,TRD102841,2026-08-17,SETTLED,INSTRUCTED,NOMURA-BROKER,1000,171770.0,SSI-JP-3389,TRAIN
2843,TRD102842,2026-08-05,SETTLED,INSTRUCTED,ICICI-CUST,200,392664.0,SSI-IN-0091,TRAIN
2844,TRD102843,2026-08-02,SETTLED,INSTRUCTED,HDFC-CUST,1500,4101705.0,SSI-IN-0147,TEST
2845,TRD102844,2026-08-03,SETTLED,INSTRUCTED,NOMURA-BROKER,2000,1222920.0,SSI-JP-3389,TRAIN
2846,TRD102845,2026-08-21,SETTLED,INSTRUCTED,KOTAK-CUST,100,195386.0,SSI-IN-0203,TRAIN
2847,TRD102846,2026-08-04,SETTLED,INSTRUCTED,NOMURA-BROKER,750,9754335.0,SSI-JP-3389,TEST
2848,TRD102847,2026-08-07,SETTLED,INSTRUCTED,DEUTSCHE-BROKER,200,34548.0,SSI-DE-5510,TRAIN
2849,TRD102848,2026-08-15,SETTLED,INSTRUCTED,NOMURA-BROKER,100,1291647.0,SSI-JP-3389,TEST
2850,TRD102849,2026-08-07,SETTLED,INSTRUCTED,KOTAK-CUST,200,168844.0,SSI-IN-0203,TRAIN
2851,TRD102850,2026-08-11,SETTLED,INSTRUCTED,ICICI-CUST,1000,1946550.0,SSI-IN-0091,TEST
2852,TRD102851,2026-08-06,SETTLED,INSTRUCTED,DEUTSCHE-BROKER,2000,5502420.0,SSI-DE-5510,TRAIN
2853,TRD102852,2026-08-09,FAILED,INCORRECT,NOMURA-BROKER,1000,611230.0,SSI-DE-5510,TRAIN
2854,TRD102853,2026-08-21,SETTLED,INSTRUCTED,HDFC-CUST,1500,4266675.0,SSI-IN-0147,TRAIN
2855,TRD102854,2026-08-13,SETTLED,INSTRUCTED,HDFC-CUST,200,333374.0,SSI-IN-0147,TEST
2856,TRD102855,2026-08-11,SETTLED,INSTRUCTED,ICICI-CUST,100,169051.0,SSI-IN-0091,TRAIN
2857,TRD102856,2026-08-22,SETTLED,INSTRUCTED,KOTAK-CUST,200,392922.0,SSI-IN-0203,TRAIN
2858,TRD102857,2026-08-20,SETTLED,INSTRUCTED,KOTAK-CUST,500,424530.0,SSI-IN-0203,TRAIN
2859,TRD102858,2026-08-03,SETTLED,INSTRUCTED,DEUTSCHE-BROKER,1500,1262955.0,SSI-DE-5510,TRAIN
2860,TRD102859,2026-08-15,SETTLED,INSTRUCTED,MORGANSTANLEY-BROKER,100,195370.0,SSI-US-7742,TRAIN
2861,TRD102860,2026-08-17,SETTLED,INSTRUCTED,KOTAK-CUST,1500,5532210.0,SSI-IN-0203,TRAIN
2862,TRD102861,2026-08-06,SETTLED,INSTRUCTED,NOMURA-BROKER,750,352357.5,SSI-JP-3389,TRAIN
2863,TRD102862,2026-08-13,SETTLED,INSTRUCTED,HDFC-CUST,750,883477.5,SSI-IN-0147,TRAIN
2864,TRD102863,2026-08-07,SETTLED,INSTRUCTED,KOTAK-CUST,2000,3379400.0,SSI-IN-0203,TRAIN
2865,TRD102864,2026-08-02,SETTLED,INSTRUCTED,ICICI-CUST,250,419357.5,SSI-IN-0091,TRAIN
2866,TRD102865,2026-08-14,SETTLED,INSTRUCTED,HDFC-CUST,1000,1686260.0,SSI-IN-0147,TRAIN
2867,TRD102866,2026-08-03,FAILED,INCORRECT,NOMURA-BROKER,750,350565.0,SSI-IN-0091,TRAIN
2868,TRD102867,2026-08-05,SETTLED,INSTRUCTED,ICICI-CUST,500,835990.0,SSI-IN-0091,TEST
2869,TRD102868,2026-08-15,SETTLED,INSTRUCTED,NOMURA-BROKER,100,118194.0,SSI-JP-3389,TRAIN
2870,TRD102869,2026-08-19,SETTLED,INSTRUCTED,MORGANSTANLEY-BROKER,100,167750.0,SSI-US-7742,TRAIN
2871,TRD102870,2026-08-05,SETTLED,INSTRUCTED,ICICI-CUST,100,166936.0,SSI-IN-0091,TRAIN
2872,TRD102871,2026-08-21,SETTLED,INSTRUCTED,ICICI-CUST,500,235140.0,SSI-IN-0091,TRAIN
2873,TRD102872,2026-08-20,SETTLED,INSTRUCTED,MORGANSTANLEY-BROKER,2000,344320.0,SSI-US-7742,TRAIN
2874,TRD102873,2026-08-20,SETTLED,INSTRUCTED,NOMURA-BROKER,250,3231622.5,SSI-JP-3389,TRAIN
2875,TRD102874,2026-08-09,SETTLED,INSTRUCTED,DEUTSCHE-BROKER,1500,2822595.0,SSI-DE-5510,TRAIN
2876,TRD102875,2026-08-13,SETTLED,INSTRUCTED,MORGANSTANLEY-BROKER,250,43095.0,SSI-US-7742,TRAIN
2877,TRD102876,2026-08-02,SETTLED,INSTRUCTED,NOMURA-BROKER,2000,2493600.0,SSI-JP-3389,TEST
2878,TRD102877,2026-08-13,SETTLED,INSTRUCTED,HDFC-CUST,2000,343580.0,SSI-IN-0147,TRAIN
2879,TRD102878,2026-08-07,SETTLED,INSTRUCTED,ICICI-CUST,500,944500.0,SSI-IN-0091,TRAIN
2880,TRD102879,2026-08-17,SETTLED,INSTRUCTED,NOMURA-BROKER,200,169158.0,SSI-JP-3389,TEST
2881,TRD102880,2026-08-05,SETTLED,INSTRUCTED,MORGANSTANLEY-BROKER,200,235894.0,SSI-US-7742,TRAIN
2882,TRD102881,2026-08-19,SETTLED,INSTRUCTED,ICICI-CUST,1000,3673980.0,SSI-IN-0091,TRAIN
2883,TRD102882,2026-08-05,SETTLED,INSTRUCTED,DEUTSCHE-BROKER,2000,1216640.0,SSI-DE-5510,TRAIN
2884,TRD102883,2026-08-17,SETTLED,INSTRUCTED,MORGANSTANLEY-BROKER,1000,2757050.0,SSI-US-7742,TRAIN
2885,TRD102884,2026-08-06,SETTLED,INSTRUCTED,MORGANSTANLEY-BROKER,1500,5526225.0,SSI-US-7742,TRAIN
2886,TRD102885,2026-08-11,SETTLED,INSTRUCTED,ICICI-CUST,750,2055735.0,SSI-IN-0091,TEST
2887,TRD102886,2026-08-03,SETTLED,INSTRUCTED,HDFC-CUST,2000,3767840.0,SSI-IN-0147,TEST
2888,TRD102887,2026-08-09,SETTLED,INSTRUCTED,HDFC-CUST,250,921190.0,SSI-IN-0147,TRAIN
2889,TRD102888,2026-08-17,SETTLED,INSTRUCTED,KOTAK-CUST,200,247608.0,SSI-IN-0203,TRAIN
2890,TRD102889,2026-08-13,SETTLED,INSTRUCTED,MORGANSTANLEY-BROKER,200,34340.0,SSI-US-7742,TRAIN
2891,TRD102890,2026-08-02,SETTLED,INSTRUCTED,HDFC-CUST,250,490077.5,SSI-IN-0147,TRAIN
2892,TRD102891,2026-08-06,SETTLED,INSTRUCTED,HDFC-CUST,750,2147220.0,SSI-IN-0147,TRAIN
2893,TRD102892,2026-08-06,SETTLED,INSTRUCTED,NOMURA-BROKER,2000,1220680.0,SSI-JP-3389,TRAIN
2894,TRD102893,2026-08-06,SETTLED,INSTRUCTED,MORGANSTANLEY-BROKER,500,420860.0,SSI-US-7742,TRAIN
2895,TRD102894,2026-08-14,SETTLED,INSTRUCTED,HDFC-CUST,100,84481.0,SSI-IN-0147,TRAIN
2896,TRD102895,2026-08-16,SETTLED,INSTRUCTED,DEUTSCHE-BROKER,500,424640.0,SSI-DE-5510,TRAIN
2897,TRD102896,2026-08-09,SETTLED,INSTRUCTED,HDFC-CUST,200,338456.0,SSI-IN-0147,TEST
2898,TRD102897,2026-08-05,SETTLED,INSTRUCTED,DEUTSCHE-BROKER,250,491325.0,SSI-DE-5510,TRAIN
2899,TRD102898,2026-08-03,SETTLED,INSTRUCTED,HDFC-CUST,1500,1867995.0,SSI-IN-0147,TRAIN
2900,TRD102899,2026-08-19,SETTLED,INSTRUCTED,KOTAK-CUST,100,273911.0,SSI-IN-0203,TRAIN
2901,TRD102900,2026-08-04,SETTLED,INSTRUCTED,HDFC-CUST,250,421125.0,SSI-IN-0147,TRAIN
2902,TRD102901,2026-08-13,PENDING,MISSING,DEUTSCHE-BROKER,100,46891.0,,TEST
2903,TRD102902,2026-08-03,SETTLED,INSTRUCTED,DEUTSCHE-BROKER,1500,19462305.0,SSI-DE-5510,TRAIN
2904,TRD102903,2026-08-18,FAILED,INCORRECT,DEUTSCHE-BROKER,250,42932.5,SSI-IN-0091,TEST
2905,TRD102904,2026-08-10,SETTLED,INSTRUCTED,KOTAK-CUST,750,2139607.5,SSI-IN-0203,TRAIN
2906,TRD102905,2026-08-12,SETTLED,INSTRUCTED,MORGANSTANLEY-BROKER,1500,2547765.0,SSI-US-7742,TRAIN
2907,TRD102906,2026-08-11,SETTLED,INSTRUCTED,NOMURA-BROKER,1500,1767615.0,SSI-JP-3389,TRAIN
2908,TRD102907,2026-08-07,SETTLED,INSTRUCTED,DEUTSCHE-BROKER,500,233580.0,SSI-DE-5510,TRAIN
2909,TRD102908,2026-08-06,SETTLED,INSTRUCTED,KOTAK-CUST,200,34348.0,SSI-IN-0203,TEST
2910,TRD102909,2026-08-12,SETTLED,INSTRUCTED,NOMURA-BROKER,250,490977.5,SSI-JP-3389,TRAIN
2911,TRD102910,2026-08-18,SETTLED,INSTRUCTED,MORGANSTANLEY-BROKER,250,486975.0,SSI-US-7742,TRAIN
2912,TRD102911,2026-08-15,SETTLED,INSTRUCTED,HDFC-CUST,200,236616.0,SSI-IN-0147,TEST
2913,TRD102912,2026-08-20,SETTLED,INSTRUCTED,NOMURA-BROKER,200,34544.0,SSI-JP-3389,TEST
2914,TRD102913,2026-08-09,SETTLED,INSTRUCTED,HDFC-CUST,500,838100.0,SSI-IN-0147,TEST
2915,TRD102914,2026-08-13,SETTLED,INSTRUCTED,MORGANSTANLEY-BROKER,1000,1893450.0,SSI-US-7742,TRAIN
2916,TRD102915,2026-08-03,SETTLED,INSTRUCTED,NOMURA-BROKER,750,1262047.5,SSI-JP-3389,TEST
2917,TRD102916,2026-08-18,SETTLED,INSTRUCTED,DEUTSCHE-BROKER,1000,4135100.0,SSI-DE-5510,TRAIN
2918,TRD102917,2026-08-16,SETTLED,INSTRUCTED,NOMURA-BROKER,750,633375.0,SSI-JP-3389,TRAIN
2919,TRD102918,2026-08-14,SETTLED,INSTRUCTED,MORGANSTANLEY-BROKER,1000,470290.0,SSI-US-7742,TRAIN
2920,TRD102919,2026-08-15,SETTLED,INSTRUCTED,KOTAK-CUST,1000,1683020.0,SSI-IN-0203,TRAIN
2921,TRD102920,2026-08-21,SETTLED,INSTRUCTED,MORGANSTANLEY-BROKER,1500,2546535.0,SSI-US-7742,TRAIN
2922,TRD102921,2026-08-06,SETTLED,INSTRUCTED,ICICI-CUST,500,848630.0,SSI-IN-0091,TRAIN
2923,TRD102922,2026-08-02,SETTLED,INSTRUCTED,MORGANSTANLEY-BROKER,1000,1234870.0,SSI-US-7742,TRAIN
2924,TRD102923,2026-08-07,SETTLED,INSTRUCTED,DEUTSCHE-BROKER,200,738346.0,SSI-DE-5510,TRAIN
2925,TRD102924,2026-08-14,SETTLED,INSTRUCTED,KOTAK-CUST,1000,2747680.0,SSI-IN-0203,TRAIN
2926,TRD102925,2026-08-10,SETTLED,INSTRUCTED,HDFC-CUST,500,2050350.0,SSI-IN-0147,TRAIN
2927,TRD102926,2026-08-14,SETTLED,INSTRUCTED,ICICI-CUST,200,547834.0,SSI-IN-0091,TRAIN
2928,TRD102927,2026-08-20,SETTLED,INSTRUCTED,HDFC-CUST,750,1468987.5,SSI-IN-0147,TRAIN
2929,TRD102928,2026-08-12,SETTLED,INSTRUCTED,KOTAK-CUST,200,337408.0,SSI-IN-0203,TRAIN
2930,TRD102929,2026-08-16,SETTLED,INSTRUCTED,HDFC-CUST,1500,701385.0,SSI-IN-0147,TRAIN
2931,TRD102930,2026-08-18,SETTLED,INSTRUCTED,KOTAK-CUST,200,570076.0,SSI-IN-0203,TEST
2932,TRD102931,2026-08-19,SETTLED,INSTRUCTED,DEUTSCHE-BROKER,200,34344.0,SSI-DE-5510,TRAIN
2933,TRD102932,2026-08-10,SETTLED,INSTRUCTED,NOMURA-BROKER,250,210785.0,SSI-JP-3389,TRAIN
2934,TRD102933,2026-08-22,SETTLED,INSTRUCTED,NOMURA-BROKER,2000,344080.0,SSI-JP-3389,TRAIN
2935,TRD102934,2026-08-07,SETTLED,INSTRUCTED,NOMURA-BROKER,2000,8216280.0,SSI-JP-3389,TRAIN
2936,TRD102935,2026-08-06,SETTLED,INSTRUCTED,HDFC-CUST,1000,2755900.0,SSI-IN-0147,TRAIN
2937,TRD102936,2026-08-14,SETTLED,INSTRUCTED,NOMURA-BROKER,250,117315.0,SSI-JP-3389,TEST
2938,TRD102937,2026-08-05,SETTLED,INSTRUCTED,KOTAK-CUST,500,837330.0,SSI-IN-0203,TRAIN
2939,TRD102938,2026-08-16,SETTLED,INSTRUCTED,MORGANSTANLEY-BROKER,1000,172990.0,SSI-US-7742,TRAIN
2940,TRD102939,2026-08-18,SETTLED,INSTRUCTED,NOMURA-BROKER,1000,172150.0,SSI-JP-3389,TRAIN
2941,TRD102940,2026-08-07,SETTLED,INSTRUCTED,NOMURA-BROKER,250,712510.0,SSI-JP-3389,TEST
2942,TRD102941,2026-08-08,SETTLED,INSTRUCTED,ICICI-CUST,250,309640.0,SSI-IN-0091,TRAIN
2943,TRD102942,2026-08-20,SETTLED,INSTRUCTED,NOMURA-BROKER,750,882765.0,SSI-JP-3389,TRAIN
2944,TRD102943,2026-08-22,SETTLED,INSTRUCTED,NOMURA-BROKER,1500,4119600.0,SSI-JP-3389,TRAIN
2945,TRD102944,2026-08-08,SETTLED,INSTRUCTED,DEUTSCHE-BROKER,100,188460.0,SSI-DE-5510,TRAIN
2946,TRD102945,2026-08-14,SETTLED,INSTRUCTED,HDFC-CUST,250,152615.0,SSI-IN-0147,TRAIN
2947,TRD102946,2026-08-13,SETTLED,INSTRUCTED,HDFC-CUST,2000,2367200.0,SSI-IN-0147,TRAIN
2948,TRD102947,2026-08-06,SETTLED,INSTRUCTED,HDFC-CUST,500,6516580.0,SSI-IN-0147,TRAIN
2949,TRD102948,2026-08-21,SETTLED,INSTRUCTED,MORGANSTANLEY-BROKER,500,840895.0,SSI-US-7742,TRAIN
2950,TRD102949,2026-08-09,SETTLED,INSTRUCTED,KOTAK-CUST,1000,1245180.0,SSI-IN-0203,TEST
2951,TRD102950,2026-08-18,SETTLED,INSTRUCTED,KOTAK-CUST,1500,2510955.0,SSI-IN-0203,TRAIN
2952,TRD102951,2026-08-19,SETTLED,INSTRUCTED,DEUTSCHE-BROKER,200,339458.0,SSI-DE-5510,TRAIN
2953,TRD102952,2026-08-05,SETTLED,INSTRUCTED,MORGANSTANLEY-BROKER,2000,3390540.0,SSI-US-7742,TRAIN
2954,TRD102953,2026-08-17,SETTLED,INSTRUCTED,ICICI-CUST,100,168362.0,SSI-IN-0091,TEST
2955,TRD102954,2026-08-19,SETTLED,INSTRUCTED,HDFC-CUST,1000,4126720.0,SSI-IN-0147,TEST
2956,TRD102955,2026-08-22,SETTLED,INSTRUCTED,DEUTSCHE-BROKER,2000,26003160.0,SSI-DE-5510,TRAIN
2957,TRD102956,2026-08-12,SETTLED,INSTRUCTED,DEUTSCHE-BROKER,1500,4117515.0,SSI-DE-5510,TRAIN
2958,TRD102957,2026-08-08,SETTLED,INSTRUCTED,NOMURA-BROKER,500,949685.0,SSI-JP-3389,TRAIN
2959,TRD102958,2026-08-21,SETTLED,INSTRUCTED,KOTAK-CUST,100,189285.0,SSI-IN-0203,TRAIN
2960,TRD102959,2026-08-22,SETTLED,INSTRUCTED,HDFC-CUST,250,211860.0,SSI-IN-0147,TRAIN
2961,TRD102960,2026-08-21,SETTLED,INSTRUCTED,KOTAK-CUST,100,168832.0,SSI-IN-0203,TEST
2962,TRD102961,2026-08-09,SETTLED,INSTRUCTED,NOMURA-BROKER,100,196353.0,SSI-JP-3389,TRAIN
2963,TRD102962,2026-08-10,SETTLED,INSTRUCTED,DEUTSCHE-BROKER,200,824410.0,SSI-DE-5510,TRAIN
2964,TRD102963,2026-08-12,SETTLED,INSTRUCTED,HDFC-CUST,500,2050205.0,SSI-IN-0147,TRAIN
2965,TRD102964,2026-08-04,PENDING,MISSING,HDFC-CUST,1000,1948830.0,,TRAIN
2966,TRD102965,2026-08-11,SETTLED,INSTRUCTED,NOMURA-BROKER,100,169055.0,SSI-JP-3389,TRAIN
2967,TRD102966,2026-08-14,SETTLED,INSTRUCTED,ICICI-CUST,2000,2364200.0,SSI-IN-0091,TRAIN
2968,TRD102967,2026-08-12,FAILED,INCORRECT,KOTAK-CUST,2000,5466220.0,SSI-US-7742,TRAIN
2969,TRD102968,2026-08-15,SETTLED,INSTRUCTED,NOMURA-BROKER,200,34444.0,SSI-JP-3389,TRAIN
2970,TRD102969,2026-08-10,SETTLED,INSTRUCTED,ICICI-CUST,1000,4113740.0,SSI-IN-0091,TRAIN
2971,TRD102970,2026-08-16,SETTLED,INSTRUCTED,MORGANSTANLEY-BROKER,500,590660.0,SSI-US-7742,TRAIN
2972,TRD102971,2026-08-02,SETTLED,INSTRUCTED,HDFC-CUST,250,683380.0,SSI-IN-0147,TRAIN
2973,TRD102972,2026-08-02,FAILED,INCORRECT,ICICI-CUST,1500,2848965.0,SSI-JP-3389,TEST
2974,TRD102973,2026-08-04,SETTLED,INSTRUCTED,HDFC-CUST,200,376736.0,SSI-IN-0147,TRAIN
2975,TRD102974,2026-08-20,SETTLED,INSTRUCTED,NOMURA-BROKER,1500,258585.0,SSI-JP-3389,TEST
2976,TRD102975,2026-08-07,SETTLED,INSTRUCTED,DEUTSCHE-BROKER,2000,5684780.0,SSI-DE-5510,TRAIN
2977,TRD102976,2026-08-07,SETTLED,INSTRUCTED,HDFC-CUST,200,336038.0,SSI-IN-0147,TRAIN
2978,TRD102977,2026-08-12,SETTLED,INSTRUCTED,NOMURA-BROKER,100,195493.0,SSI-JP-3389,TEST
2979,TRD102978,2026-08-08,SETTLED,INSTRUCTED,NOMURA-BROKER,500,424240.0,SSI-JP-3389,TRAIN
2980,TRD102979,2026-08-14,SETTLED,INSTRUCTED,KOTAK-CUST,200,825222.0,SSI-IN-0203,TRAIN
2981,TRD102980,2026-08-05,SETTLED,INSTRUCTED,HDFC-CUST,1000,2841430.0,SSI-IN-0147,TRAIN
2982,TRD102981,2026-08-07,PENDING,INSTRUCTED,KOTAK-CUST,200,822930.0,SSI-IN-0203,TRAIN
2983,TRD102982,2026-08-16,SETTLED,INSTRUCTED,KOTAK-CUST,750,931185.0,SSI-IN-0203,TRAIN
2984,TRD102983,2026-08-15,SETTLED,INSTRUCTED,MORGANSTANLEY-BROKER,100,60731.0,SSI-US-7742,TRAIN
2985,TRD102984,2026-08-16,SETTLED,INSTRUCTED,DEUTSCHE-BROKER,750,931020.0,SSI-DE-5510,TRAIN
2986,TRD102985,2026-08-11,SETTLED,INSTRUCTED,ICICI-CUST,2000,2362700.0,SSI-IN-0091,TEST
2987,TRD102986,2026-08-03,SETTLED,INSTRUCTED,KOTAK-CUST,1000,1689160.0,SSI-IN-0203,TRAIN
2988,TRD102987,2026-08-12,SETTLED,INSTRUCTED,NOMURA-BROKER,1500,4264815.0,SSI-JP-3389,TRAIN
2989,TRD102988,2026-08-14,SETTLED,INSTRUCTED,KOTAK-CUST,100,167669.0,SSI-IN-0203,TRAIN
2990,TRD102989,2026-08-22,SETTLED,INSTRUCTED,MORGANSTANLEY-BROKER,2000,933860.0,SSI-US-7742,TRAIN
2991,TRD102990,2026-08-08,SETTLED,INSTRUCTED,ICICI-CUST,1500,1765470.0,SSI-IN-0091,TRAIN
2992,TRD102991,2026-08-13,SETTLED,INSTRUCTED,ICICI-CUST,100,60839.0,SSI-IN-0091,TEST
2993,TRD102992,2026-08-15,SETTLED,INSTRUCTED,KOTAK-CUST,1500,704580.0,SSI-IN-0203,TRAIN
2994,TRD102993,2026-08-23,PENDING,INSTRUCTED,MORGANSTANLEY-BROKER,1000,12994810.0,SSI-US-7742,TRAIN
2995,TRD102994,2026-08-15,SETTLED,INSTRUCTED,HDFC-CUST,750,633652.5,SSI-IN-0147,TRAIN
2996,TRD102995,2026-08-11,SETTLED,INSTRUCTED,NOMURA-BROKER,750,2066917.5,SSI-JP-3389,TRAIN
2997,TRD102996,2026-08-11,SETTLED,INSTRUCTED,MORGANSTANLEY-BROKER,750,459067.5,SSI-US-7742,TRAIN
2998,TRD102997,2026-08-09,SETTLED,INSTRUCTED,NOMURA-BROKER,500,591620.0,SSI-JP-3389,TRAIN
2999,TRD102998,2026-08-20,SETTLED,INSTRUCTED,KOTAK-CUST,2000,2355420.0,SSI-IN-0203,TRAIN
3000,TRD102999,2026-08-03,SETTLED,INSTRUCTED,MORGANSTANLEY-BROKER,250,710102.5,SSI-US-7742,TRAIN
3001,TRD103000,2026-08-08,SETTLED,INSTRUCTED,MORGANSTANLEY-BROKER,2000,3789060.0,SSI-US-7742,TRAIN
3002,TRD103001,2026-08-02,SETTLED,INSTRUCTED,MORGANSTANLEY-BROKER,250,417140.0,SSI-US-7742,TRAIN
3003,TRD103002,2026-08-17,SETTLED,INSTRUCTED,ICICI-CUST,250,709882.5,SSI-IN-0091,TRAIN
3004,TRD103003,2026-08-22,SETTLED,INSTRUCTED,NOMURA-BROKER,1000,1236990.0,SSI-JP-3389,TRAIN
3005,TRD103004,2026-08-06,SETTLED,INSTRUCTED,HDFC-CUST,2000,1696280.0,SSI-IN-0147,TEST
3006,TRD103005,2026-08-20,SETTLED,INSTRUCTED,DEUTSCHE-BROKER,100,284485.0,SSI-DE-5510,TRAIN
3007,TRD103006,2026-08-21,SETTLED,INSTRUCTED,HDFC-CUST,200,34368.0,SSI-IN-0147,TRAIN
3008,TRD103007,2026-08-05,SETTLED,INSTRUCTED,HDFC-CUST,1000,1882860.0,SSI-IN-0147,TRAIN
3009,TRD103008,2026-08-18,SETTLED,INSTRUCTED,NOMURA-BROKER,1500,19540935.0,SSI-JP-3389,TEST
3010,TRD103009,2026-08-17,SETTLED,INSTRUCTED,ICICI-CUST,1000,846680.0,SSI-IN-0091,TRAIN
3011,TRD103010,2026-08-10,SETTLED,INSTRUCTED,NOMURA-BROKER,500,86610.0,SSI-JP-3389,TRAIN
3012,TRD103011,2026-08-14,SETTLED,INSTRUCTED,DEUTSCHE-BROKER,750,1258860.0,SSI-DE-5510,TRAIN
3013,TRD103012,2026-08-19,SETTLED,INSTRUCTED,KOTAK-CUST,500,2069330.0,SSI-IN-0203,TRAIN
3014,TRD103013,2026-08-15,SETTLED,INSTRUCTED,HDFC-CUST,250,309240.0,SSI-IN-0147,TRAIN
3015,TRD103014,2026-08-16,SETTLED,INSTRUCTED,KOTAK-CUST,500,6470200.0,SSI-IN-0203,TEST
3016,TRD103015,2026-08-02,SETTLED,INSTRUCTED,KOTAK-CUST,500,846520.0,SSI-IN-0203,TRAIN
3017,TRD103016,2026-08-18,PENDING,INSTRUCTED,MORGANSTANLEY-BROKER,1500,915570.0,SSI-US-7742,TRAIN
3018,TRD103017,2026-08-06,SETTLED,INSTRUCTED,MORGANSTANLEY-BROKER,1000,3687910.0,SSI-US-7742,TRAIN
3019,TRD103018,2026-08-22,SETTLED,INSTRUCTED,ICICI-CUST,100,273607.0,SSI-IN-0091,TRAIN
3020,TRD103019,2026-08-10,SETTLED,INSTRUCTED,HDFC-CUST,750,128775.0,SSI-IN-0147,TRAIN
3021,TRD103020,2026-08-09,SETTLED,INSTRUCTED,MORGANSTANLEY-BROKER,1000,1667800.0,SSI-US-7742,TRAIN
3022,TRD103021,2026-08-21,SETTLED,INSTRUCTED,KOTAK-CUST,250,474065.0,SSI-IN-0203,TRAIN
3023,TRD103022,2026-08-12,SETTLED,INSTRUCTED,NOMURA-BROKER,250,211290.0,SSI-JP-3389,TEST
3024,TRD103023,2026-08-06,SETTLED,INSTRUCTED,MORGANSTANLEY-BROKER,250,418885.0,SSI-US-7742,TRAIN
3025,TRD103024,2026-08-14,SETTLED,INSTRUCTED,MORGANSTANLEY-BROKER,100,188339.0,SSI-US-7742,TRAIN
3026,TRD103025,2026-08-09,SETTLED,INSTRUCTED,HDFC-CUST,100,167067.0,SSI-IN-0147,TRAIN
3027,TRD103026,2026-08-05,SETTLED,INSTRUCTED,NOMURA-BROKER,2000,933740.0,SSI-JP-3389,TRAIN
3028,TRD103027,2026-08-15,SETTLED,INSTRUCTED,HDFC-CUST,100,84507.0,SSI-IN-0147,TEST
3029,TRD103028,2026-08-04,SETTLED,INSTRUCTED,HDFC-CUST,1000,2738710.0,SSI-IN-0147,TEST
3030,TRD103029,2026-08-07,SETTLED,INSTRUCTED,HDFC-CUST,100,166813.0,SSI-IN-0147,TEST
3031,TRD103030,2026-08-10,FAILED,INCORRECT,NOMURA-BROKER,500,940700.0,SSI-US-7742,TRAIN
3032,TRD103031,2026-08-20,SETTLED,INSTRUCTED,NOMURA-BROKER,750,1417132.5,SSI-JP-3389,TRAIN
3033,TRD103032,2026-08-06,SETTLED,INSTRUCTED,KOTAK-CUST,250,117762.5,SSI-IN-0203,TRAIN
3034,TRD103033,2026-08-15,SETTLED,INSTRUCTED,KOTAK-CUST,2000,5718920.0,SSI-IN-0203,TRAIN
3035,TRD103034,2026-08-17,SETTLED,INSTRUCTED,KOTAK-CUST,2000,25996920.0,SSI-IN-0203,TEST
3036,TRD103035,2026-08-03,SETTLED,INSTRUCTED,DEUTSCHE-BROKER,250,1034572.5,SSI-DE-5510,TRAIN
3037,TRD103036,2026-08-17,SETTLED,INSTRUCTED,NOMURA-BROKER,2000,7334840.0,SSI-JP-3389,TRAIN
3038,TRD103037,2026-08-12,SETTLED,INSTRUCTED,MORGANSTANLEY-BROKER,200,733674.0,SSI-US-7742,TEST
3039,TRD103038,2026-08-11,SETTLED,INSTRUCTED,NOMURA-BROKER,1500,2542155.0,SSI-JP-3389,TRAIN
3040,TRD103039,2026-08-08,SETTLED,INSTRUCTED,DEUTSCHE-BROKER,2000,3342000.0,SSI-DE-5510,TRAIN
3041,TRD103040,2026-08-06,PENDING,INSTRUCTED,ICICI-CUST,250,1025907.5,SSI-IN-0091,TRAIN
3042,TRD103041,2026-08-19,SETTLED,INSTRUCTED,DEUTSCHE-BROKER,1000,1683280.0,SSI-DE-5510,TRAIN
3043,TRD103042,2026-08-17,SETTLED,INSTRUCTED,KOTAK-CUST,100,47060.0,SSI-IN-0203,TEST
3044,TRD103043,2026-08-20,SETTLED,INSTRUCTED,MORGANSTANLEY-BROKER,250,294627.5,SSI-US-7742,TRAIN
3045,TRD103044,2026-08-05,SETTLED,INSTRUCTED,DEUTSCHE-BROKER,1000,1894750.0,SSI-DE-5510,TRAIN
3046,TRD103045,2026-08-14,SETTLED,INSTRUCTED,NOMURA-BROKER,250,474490.0,SSI-JP-3389,TEST
3047,TRD103046,2026-08-02,SETTLED,INSTRUCTED,KOTAK-CUST,2000,3339740.0,SSI-IN-0203,TEST
3048,TRD103047,2026-08-14,SETTLED,INSTRUCTED,NOMURA-BROKER,200,377590.0,SSI-JP-3389,TRAIN
3049,TRD103048,2026-08-08,SETTLED,INSTRUCTED,HDFC-CUST,1500,1776570.0,SSI-IN-0147,TRAIN
3050,TRD103049,2026-08-16,FAILED,INCORRECT,ICICI-CUST,750,1253820.0,SSI-IN-0203,TRAIN
3051,TRD103050,2026-08-16,SETTLED,INSTRUCTED,ICICI-CUST,1000,3662180.0,SSI-IN-0091,TRAIN
3052,TRD103051,2026-08-14,SETTLED,INSTRUCTED,MORGANSTANLEY-BROKER,1000,12994780.0,SSI-US-7742,TRAIN
3053,TRD103052,2026-08-16,SETTLED,INSTRUCTED,DEUTSCHE-BROKER,1000,1176580.0,SSI-DE-5510,TRAIN
3054,TRD103053,2026-08-08,SETTLED,INSTRUCTED,HDFC-CUST,1500,2539020.0,SSI-IN-0147,TRAIN
3055,TRD103054,2026-08-17,SETTLED,INSTRUCTED,DEUTSCHE-BROKER,750,1252440.0,SSI-DE-5510,TRAIN
3056,TRD103055,2026-08-02,SETTLED,INSTRUCTED,DEUTSCHE-BROKER,1000,1891570.0,SSI-DE-5510,TRAIN
3057,TRD103056,2026-08-21,SETTLED,INSTRUCTED,HDFC-CUST,200,168514.0,SSI-IN-0147,TRAIN
3058,TRD103057,2026-08-11,SETTLED,INSTRUCTED,ICICI-CUST,250,294032.5,SSI-IN-0091,TRAIN
3059,TRD103058,2026-08-07,SETTLED,INSTRUCTED,MORGANSTANLEY-BROKER,1500,257940.0,SSI-US-7742,TRAIN
3060,TRD103059,2026-08-09,FAILED,INCORRECT,DEUTSCHE-BROKER,1500,4107390.0,SSI-IN-0203,TRAIN
3061,TRD103060,2026-08-07,SETTLED,INSTRUCTED,ICICI-CUST,750,1420050.0,SSI-IN-0091,TRAIN
3062,TRD103061,2026-08-21,SETTLED,INSTRUCTED,MORGANSTANLEY-BROKER,1000,4127480.0,SSI-US-7742,TRAIN
3063,TRD103062,2026-08-05,SETTLED,INSTRUCTED,HDFC-CUST,500,2054290.0,SSI-IN-0147,TRAIN
3064,TRD103063,2026-08-07,SETTLED,INSTRUCTED,ICICI-CUST,500,621670.0,SSI-IN-0091,TRAIN
3065,TRD103064,2026-08-07,SETTLED,INSTRUCTED,ICICI-CUST,250,3231837.5,SSI-IN-0091,TRAIN
3066,TRD103065,2026-08-19,SETTLED,INSTRUCTED,HDFC-CUST,200,737584.0,SSI-IN-0147,TRAIN
3067,TRD103066,2026-08-11,SETTLED,INSTRUCTED,ICICI-CUST,2000,7396480.0,SSI-IN-0091,TRAIN
3068,TRD103067,2026-08-19,SETTLED,INSTRUCTED,ICICI-CUST,1000,3671400.0,SSI-IN-0091,TRAIN
3069,TRD103068,2026-08-02,SETTLED,INSTRUCTED,ICICI-CUST,250,311245.0,SSI-IN-0091,TRAIN
3070,TRD103069,2026-08-18,SETTLED,INSTRUCTED,DEUTSCHE-BROKER,2000,2359140.0,SSI-DE-5510,TRAIN
3071,TRD103070,2026-08-14,SETTLED,INSTRUCTED,NOMURA-BROKER,1000,3690300.0,SSI-JP-3389,TRAIN
3072,TRD103071,2026-08-05,SETTLED,INSTRUCTED,MORGANSTANLEY-BROKER,1500,19518465.0,SSI-US-7742,TRAIN
3073,TRD103072,2026-08-05,SETTLED,INSTRUCTED,MORGANSTANLEY-BROKER,750,1258395.0,SSI-US-7742,TRAIN
3074,TRD103073,2026-08-08,SETTLED,INSTRUCTED,HDFC-CUST,250,684197.5,SSI-IN-0147,TRAIN
3075,TRD103074,2026-08-07,SETTLED,INSTRUCTED,MORGANSTANLEY-BROKER,200,121516.0,SSI-US-7742,TRAIN
3076,TRD103075,2026-08-17,SETTLED,INSTRUCTED,MORGANSTANLEY-BROKER,200,547920.0,SSI-US-7742,TRAIN
3077,TRD103076,2026-08-15,SETTLED,INSTRUCTED,MORGANSTANLEY-BROKER,2000,934540.0,SSI-US-7742,TRAIN
3078,TRD103077,2026-08-08,SETTLED,INSTRUCTED,ICICI-CUST,250,488992.5,SSI-IN-0091,TRAIN
3079,TRD103078,2026-08-02,SETTLED,INSTRUCTED,NOMURA-BROKER,1500,2510850.0,SSI-JP-3389,TEST
3080,TRD103079,2026-08-08,SETTLED,INSTRUCTED,NOMURA-BROKER,100,284616.0,SSI-JP-3389,TEST
3081,TRD103080,2026-08-05,SETTLED,INSTRUCTED,ICICI-CUST,1500,2504970.0,SSI-IN-0091,TRAIN
3082,TRD103081,2026-08-18,SETTLED,INSTRUCTED,HDFC-CUST,250,210915.0,SSI-IN-0147,TRAIN
3083,TRD103082,2026-08-21,SETTLED,INSTRUCTED,HDFC-CUST,250,923947.5,SSI-IN-0147,TRAIN
3084,TRD103083,2026-08-15,SETTLED,INSTRUCTED,HDFC-CUST,1500,703590.0,SSI-IN-0147,TRAIN
3085,TRD103084,2026-08-07,SETTLED,INSTRUCTED,MORGANSTANLEY-BROKER,500,86535.0,SSI-US-7742,TRAIN
3086,TRD103085,2026-08-17,SETTLED,INSTRUCTED,DEUTSCHE-BROKER,500,975060.0,SSI-DE-5510,TRAIN
3087,TRD103086,2026-08-19,SETTLED,INSTRUCTED,DEUTSCHE-BROKER,200,392640.0,SSI-DE-5510,TEST
3088,TRD103087,2026-08-19,SETTLED,INSTRUCTED,KOTAK-CUST,200,93544.0,SSI-IN-0203,TRAIN
3089,TRD103088,2026-08-18,SETTLED,INSTRUCTED,HDFC-CUST,500,2053270.0,SSI-IN-0147,TEST
3090,TRD103089,2026-08-19,SETTLED,INSTRUCTED,MORGANSTANLEY-BROKER,250,151975.0,SSI-US-7742,TRAIN
3091,TRD103090,2026-08-21,SETTLED,INSTRUCTED,NOMURA-BROKER,250,43095.0,SSI-JP-3389,TRAIN
3092,TRD103091,2026-08-17,SETTLED,INSTRUCTED,DEUTSCHE-BROKER,100,84481.0,SSI-DE-5510,TRAIN
3093,TRD103092,2026-08-22,SETTLED,INSTRUCTED,NOMURA-BROKER,100,195418.0,SSI-JP-3389,TRAIN
3094,TRD103093,2026-08-10,SETTLED,INSTRUCTED,HDFC-CUST,200,572132.0,SSI-IN-0147,TRAIN
3095,TRD103094,2026-08-05,SETTLED,INSTRUCTED,DEUTSCHE-BROKER,2000,942080.0,SSI-DE-5510,TEST
3096,TRD103095,2026-08-19,SETTLED,INSTRUCTED,NOMURA-BROKER,1500,1771785.0,SSI-JP-3389,TRAIN
3097,TRD103096,2026-08-02,SETTLED,INSTRUCTED,NOMURA-BROKER,2000,1685760.0,SSI-JP-3389,TRAIN
3098,TRD103097,2026-08-14,SETTLED,INSTRUCTED,MORGANSTANLEY-BROKER,1000,1693710.0,SSI-US-7742,TEST
3099,TRD103098,2026-08-05,SETTLED,INSTRUCTED,HDFC-CUST,1000,1181130.0,SSI-IN-0147,TRAIN
3100,TRD103099,2026-08-20,SETTLED,INSTRUCTED,MORGANSTANLEY-BROKER,750,1257870.0,SSI-US-7742,TRAIN
3101,TRD103100,2026-08-15,PENDING,MISSING,NOMURA-BROKER,500,423235.0,,TRAIN
3102,TRD103101,2026-08-20,SETTLED,INSTRUCTED,MORGANSTANLEY-BROKER,750,459532.5,SSI-US-7742,TRAIN
3103,TRD103102,2026-08-21,FAILED,INCORRECT,DEUTSCHE-BROKER,2000,2472740.0,SSI-JP-3389,TRAIN
3104,TRD103103,2026-08-14,PENDING,MISSING,DEUTSCHE-BROKER,2000,8247600.0,,TRAIN
3105,TRD103104,2026-08-17,SETTLED,INSTRUCTED,KOTAK-CUST,2000,7346100.0,SSI-IN-0203,TRAIN
3106,TRD103105,2026-08-18,SETTLED,INSTRUCTED,HDFC-CUST,750,1262415.0,SSI-IN-0147,TRAIN
3107,TRD103106,2026-08-16,SETTLED,INSTRUCTED,MORGANSTANLEY-BROKER,2000,3372100.0,SSI-US-7742,TRAIN
3108,TRD103107,2026-08-11,SETTLED,INSTRUCTED,MORGANSTANLEY-BROKER,200,339762.0,SSI-US-7742,TRAIN
3109,TRD103108,2026-08-21,SETTLED,INSTRUCTED,HDFC-CUST,1000,1234720.0,SSI-IN-0147,TRAIN
3110,TRD103109,2026-08-03,SETTLED,INSTRUCTED,HDFC-CUST,250,210592.5,SSI-IN-0147,TRAIN
3111,TRD103110,2026-08-11,SETTLED,INSTRUCTED,MORGANSTANLEY-BROKER,100,46842.0,SSI-US-7742,TRAIN
3112,TRD103111,2026-08-10,SETTLED,INSTRUCTED,KOTAK-CUST,250,3237555.0,SSI-IN-0203,TRAIN
3113,TRD103112,2026-08-03,SETTLED,INSTRUCTED,KOTAK-CUST,500,1430595.0,SSI-IN-0203,TRAIN
3114,TRD103113,2026-08-17,SETTLED,INSTRUCTED,KOTAK-CUST,500,979010.0,SSI-IN-0203,TRAIN
3115,TRD103114,2026-08-16,SETTLED,INSTRUCTED,KOTAK-CUST,500,841095.0,SSI-IN-0203,TRAIN
3116,TRD103115,2026-08-18,PENDING,INSTRUCTED,NOMURA-BROKER,500,1418780.0,SSI-JP-3389,TRAIN
3117,TRD103116,2026-08-02,SETTLED,INSTRUCTED,KOTAK-CUST,1000,4126730.0,SSI-IN-0203,TRAIN
3118,TRD103117,2026-08-08,SETTLED,INSTRUCTED,DEUTSCHE-BROKER,750,3098820.0,SSI-DE-5510,TRAIN
3119,TRD103118,2026-08-17,SETTLED,INSTRUCTED,NOMURA-BROKER,100,46891.0,SSI-JP-3389,TEST
3120,TRD103119,2026-08-22,SETTLED,INSTRUCTED,ICICI-CUST,2000,7335420.0,SSI-IN-0091,TEST
3121,TRD103120,2026-08-05,SETTLED,INSTRUCTED,ICICI-CUST,500,977145.0,SSI-IN-0091,TRAIN
3122,TRD103121,2026-08-11,SETTLED,INSTRUCTED,HDFC-CUST,750,129082.5,SSI-IN-0147,TEST
3123,TRD103122,2026-08-15,SETTLED,INSTRUCTED,MORGANSTANLEY-BROKER,750,352252.5,SSI-US-7742,TRAIN
3124,TRD103123,2026-08-14,SETTLED,INSTRUCTED,HDFC-CUST,750,1423965.0,SSI-IN-0147,TEST
3125,TRD103124,2026-08-15,SETTLED,INSTRUCTED,DEUTSCHE-BROKER,1000,846540.0,SSI-DE-5510,TEST
3126,TRD103125,2026-08-07,SETTLED,INSTRUCTED,HDFC-CUST,1500,259365.0,SSI-IN-0147,TEST
3127,TRD103126,2026-08-22,SETTLED,INSTRUCTED,NOMURA-BROKER,500,421595.0,SSI-JP-3389,TRAIN
3128,TRD103127,2026-08-11,SETTLED,INSTRUCTED,DEUTSCHE-BROKER,100,273897.0,SSI-DE-5510,TEST
3129,TRD103128,2026-08-12,SETTLED,INSTRUCTED,KOTAK-CUST,750,2765212.5,SSI-IN-0203,TRAIN
3130,TRD103129,2026-08-09,SETTLED,INSTRUCTED,MORGANSTANLEY-BROKER,250,210547.5,SSI-US-7742,TRAIN
3131,TRD103130,2026-08-06,SETTLED,INSTRUCTED,KOTAK-CUST,2000,5719840.0,SSI-IN-0203,TRAIN
3132,TRD103131,2026-08-21,SETTLED,INSTRUCTED,ICICI-CUST,200,333922.0,SSI-IN-0091,TRAIN
3133,TRD103132,2026-08-04,SETTLED,INSTRUCTED,ICICI-CUST,250,423270.0,SSI-IN-0091,TRAIN
3134,TRD103133,2026-08-16,SETTLED,INSTRUCTED,DEUTSCHE-BROKER,250,43170.0,SSI-DE-5510,TRAIN
3135,TRD103134,2026-08-19,SETTLED,INSTRUCTED,NOMURA-BROKER,750,2059942.5,SSI-JP-3389,TRAIN
3136,TRD103135,2026-08-12,SETTLED,INSTRUCTED,MORGANSTANLEY-BROKER,1000,3687970.0,SSI-US-7742,TRAIN
3137,TRD103136,2026-08-13,SETTLED,INSTRUCTED,HDFC-CUST,750,1413052.5,SSI-IN-0147,TRAIN
3138,TRD103137,2026-08-12,SETTLED,INSTRUCTED,DEUTSCHE-BROKER,200,339694.0,SSI-DE-5510,TRAIN
3139,TRD103138,2026-08-03,PENDING,MISSING,MORGANSTANLEY-BROKER,200,93362.0,,TEST
3140,TRD103139,2026-08-16,SETTLED,INSTRUCTED,KOTAK-CUST,200,247560.0,SSI-IN-0203,TRAIN
3141,TRD103140,2026-08-13,SETTLED,INSTRUCTED,HDFC-CUST,1000,1677520.0,SSI-IN-0147,TRAIN
3142,TRD103141,2026-08-16,SETTLED,INSTRUCTED,ICICI-CUST,750,9697245.0,SSI-IN-0091,TRAIN
3143,TRD103142,2026-08-11,SETTLED,INSTRUCTED,MORGANSTANLEY-BROKER,2000,1217040.0,SSI-US-7742,TRAIN
3144,TRD103143,2026-08-19,SETTLED,INSTRUCTED,ICICI-CUST,500,422750.0,SSI-IN-0091,TEST
3145,TRD103144,2026-08-04,SETTLED,INSTRUCTED,NOMURA-BROKER,500,2058755.0,SSI-JP-3389,TRAIN
3146,TRD103145,2026-08-03,SETTLED,INSTRUCTED,MORGANSTANLEY-BROKER,250,3242635.0,SSI-US-7742,TRAIN
3147,TRD103146,2026-08-07,SETTLED,INSTRUCTED,DEUTSCHE-BROKER,200,548310.0,SSI-DE-5510,TRAIN
3148,TRD103147,2026-08-15,SETTLED,INSTRUCTED,HDFC-CUST,750,2144872.5,SSI-IN-0147,TRAIN
3149,TRD103148,2026-08-12,SETTLED,INSTRUCTED,DEUTSCHE-BROKER,250,210602.5,SSI-DE-5510,TRAIN
3150,TRD103149,2026-08-22,PENDING,INSTRUCTED,MORGANSTANLEY-BROKER,1000,172840.0,SSI-US-7742,TRAIN
3151,TRD103150,2026-08-17,SETTLED,INSTRUCTED,HDFC-CUST,200,734972.0,SSI-IN-0147,TRAIN
3152,TRD103151,2026-08-17,SETTLED,INSTRUCTED,DEUTSCHE-BROKER,1500,19469325.0,SSI-DE-5510,TRAIN
3153,TRD103152,2026-08-04,SETTLED,INSTRUCTED,KOTAK-CUST,1500,1771950.0,SSI-IN-0203,TEST
3154,TRD103153,2026-08-21,SETTLED,INSTRUCTED,MORGANSTANLEY-BROKER,1500,19399230.0,SSI-US-7742,TRAIN
3155,TRD103154,2026-08-12,SETTLED,INSTRUCTED,ICICI-CUST,1500,2926575.0,SSI-IN-0091,TRAIN
3156,TRD103155,2026-08-19,SETTLED,INSTRUCTED,KOTAK-CUST,100,412208.0,SSI-IN-0203,TRAIN
3157,TRD103156,2026-08-09,SETTLED,INSTRUCTED,NOMURA-BROKER,100,118062.0,SSI-JP-3389,TEST
3158,TRD103157,2026-08-15,PENDING,MISSING,NOMURA-BROKER,200,824482.0,,TEST
3159,TRD103158,2026-08-18,SETTLED,INSTRUCTED,MORGANSTANLEY-BROKER,750,1416165.0,SSI-US-7742,TRAIN
3160,TRD103159,2026-08-19,SETTLED,INSTRUCTED,KOTAK-CUST,1000,1179520.0,SSI-IN-0203,TRAIN
3161,TRD103160,2026-08-06,SETTLED,INSTRUCTED,MORGANSTANLEY-BROKER,1000,1960670.0,SSI-US-7742,TRAIN
3162,TRD103161,2026-08-23,PENDING,INSTRUCTED,DEUTSCHE-BROKER,250,470550.0,SSI-DE-5510,TRAIN
3163,TRD103162,2026-08-17,SETTLED,INSTRUCTED,ICICI-CUST,500,621265.0,SSI-IN-0091,TRAIN
3164,TRD103163,2026-08-18,SETTLED,INSTRUCTED,KOTAK-CUST,1000,172880.0,SSI-IN-0203,TRAIN
3165,TRD103164,2026-08-08,SETTLED,INSTRUCTED,DEUTSCHE-BROKER,200,550712.0,SSI-DE-5510,TRAIN
3166,TRD103165,2026-08-05,SETTLED,INSTRUCTED,ICICI-CUST,1500,5546835.0,SSI-IN-0091,TRAIN
3167,TRD103166,2026-08-18,SETTLED,INSTRUCTED,KOTAK-CUST,100,195003.0,SSI-IN-0203,TRAIN
3168,TRD103167,2026-08-21,SETTLED,INSTRUCTED,DEUTSCHE-BROKER,200,549548.0,SSI-DE-5510,TRAIN
3169,TRD103168,2026-08-02,SETTLED,INSTRUCTED,NOMURA-BROKER,1000,172580.0,SSI-JP-3389,TRAIN
3170,TRD103169,2026-08-13,SETTLED,INSTRUCTED,KOTAK-CUST,2000,938520.0,SSI-IN-0203,TRAIN
3171,TRD103170,2026-08-09,SETTLED,INSTRUCTED,KOTAK-CUST,1500,258900.0,SSI-IN-0203,TEST
3172,TRD103171,2026-08-16,SETTLED,INSTRUCTED,NOMURA-BROKER,100,61190.0,SSI-JP-3389,TRAIN
3173,TRD103172,2026-08-02,SETTLED,INSTRUCTED,NOMURA-BROKER,250,419525.0,SSI-JP-3389,TRAIN
3174,TRD103173,2026-08-04,SETTLED,INSTRUCTED,ICICI-CUST,500,591820.0,SSI-IN-0091,TEST
3175,TRD103174,2026-08-22,SETTLED,INSTRUCTED,KOTAK-CUST,2000,25910000.0,SSI-IN-0203,TRAIN
3176,TRD103175,2026-08-03,SETTLED,INSTRUCTED,NOMURA-BROKER,1500,2501295.0,SSI-JP-3389,TRAIN
3177,TRD103176,2026-08-12,SETTLED,INSTRUCTED,ICICI-CUST,200,2584128.0,SSI-IN-0091,TRAIN
3178,TRD103177,2026-08-04,SETTLED,INSTRUCTED,KOTAK-CUST,2000,3340560.0,SSI-IN-0203,TEST
3179,TRD103178,2026-08-16,SETTLED,INSTRUCTED,ICICI-CUST,1500,2526465.0,SSI-IN-0091,TRAIN
3180,TRD103179,2026-08-08,SETTLED,INSTRUCTED,KOTAK-CUST,1500,5524005.0,SSI-IN-0203,TRAIN
3181,TRD103180,2026-08-19,SETTLED,INSTRUCTED,KOTAK-CUST,100,61112.0,SSI-IN-0203,TEST
3182,TRD103181,2026-08-09,SETTLED,INSTRUCTED,ICICI-CUST,750,633885.0,SSI-IN-0091,TRAIN
3183,TRD103182,2026-08-17,SETTLED,INSTRUCTED,MORGANSTANLEY-BROKER,1500,19419270.0,SSI-US-7742,TRAIN
3184,TRD103183,2026-08-11,SETTLED,INSTRUCTED,HDFC-CUST,200,168446.0,SSI-IN-0147,TRAIN
3185,TRD103184,2026-08-09,SETTLED,INSTRUCTED,DEUTSCHE-BROKER,250,490580.0,SSI-DE-5510,TRAIN
3186,TRD103185,2026-08-19,PENDING,MISSING,MORGANSTANLEY-BROKER,100,47057.0,,TRAIN
3187,TRD103186,2026-08-09,SETTLED,INSTRUCTED,KOTAK-CUST,100,168775.0,SSI-IN-0203,TRAIN
3188,TRD103187,2026-08-15,SETTLED,INSTRUCTED,ICICI-CUST,750,1264710.0,SSI-IN-0091,TEST
3189,TRD103188,2026-08-12,SETTLED,INSTRUCTED,NOMURA-BROKER,2000,2371340.0,SSI-JP-3389,TRAIN
3190,TRD103189,2026-08-10,SETTLED,INSTRUCTED,ICICI-CUST,750,2757615.0,SSI-IN-0091,TRAIN
3191,TRD103190,2026-08-19,SETTLED,INSTRUCTED,ICICI-CUST,500,1427665.0,SSI-IN-0091,TRAIN
3192,TRD103191,2026-08-17,SETTLED,INSTRUCTED,DEUTSCHE-BROKER,100,167125.0,SSI-DE-5510,TRAIN
3193,TRD103192,2026-08-10,SETTLED,INSTRUCTED,NOMURA-BROKER,200,377166.0,SSI-JP-3389,TRAIN
3194,TRD103193,2026-08-08,SETTLED,INSTRUCTED,ICICI-CUST,500,2062270.0,SSI-IN-0091,TRAIN
3195,TRD103194,2026-08-21,SETTLED,INSTRUCTED,NOMURA-BROKER,2000,3377500.0,SSI-JP-3389,TRAIN
3196,TRD103195,2026-08-18,FAILED,INCORRECT,DEUTSCHE-BROKER,750,1423942.5,SSI-IN-0091,TEST
3197,TRD103196,2026-08-09,SETTLED,INSTRUCTED,KOTAK-CUST,1000,2734940.0,SSI-IN-0203,TRAIN
3198,TRD103197,2026-08-10,SETTLED,INSTRUCTED,HDFC-CUST,2000,25862200.0,SSI-IN-0147,TRAIN
3199,TRD103198,2026-08-14,SETTLED,INSTRUCTED,KOTAK-CUST,200,550706.0,SSI-IN-0203,TRAIN
3200,TRD103199,2026-08-18,SETTLED,INSTRUCTED,ICICI-CUST,500,620960.0,SSI-IN-0091,TRAIN
3201,TRD103200,2026-08-13,PENDING,MISSING,MORGANSTANLEY-BROKER,2000,7356120.0,,TRAIN
3202,TRD103201,2026-08-17,SETTLED,INSTRUCTED,DEUTSCHE-BROKER,1500,2507370.0,SSI-DE-5510,TRAIN
3203,TRD103202,2026-08-21,SETTLED,INSTRUCTED,ICICI-CUST,500,2064855.0,SSI-IN-0091,TRAIN
3204,TRD103203,2026-08-07,FAILED,INCORRECT,MORGANSTANLEY-BROKER,1500,2524590.0,SSI-IN-0091,TEST
3205,TRD103204,2026-08-07,SETTLED,INSTRUCTED,ICICI-CUST,1000,1885850.0,SSI-IN-0091,TEST
3206,TRD103205,2026-08-09,SETTLED,INSTRUCTED,ICICI-CUST,250,490697.5,SSI-IN-0091,TEST
3207,TRD103206,2026-08-11,SETTLED,INSTRUCTED,KOTAK-CUST,2000,934360.0,SSI-IN-0203,TRAIN
3208,TRD103207,2026-08-10,SETTLED,INSTRUCTED,ICICI-CUST,2000,5711800.0,SSI-IN-0091,TRAIN
3209,TRD103208,2026-08-09,SETTLED,INSTRUCTED,MORGANSTANLEY-BROKER,1000,1246980.0,SSI-US-7742,TRAIN
3210,TRD103209,2026-08-11,SETTLED,INSTRUCTED,ICICI-CUST,2000,2365560.0,SSI-IN-0091,TEST
3211,TRD103210,2026-08-16,FAILED,INCORRECT,ICICI-CUST,750,2060107.5,SSI-IN-0147,TRAIN
3212,TRD103211,2026-08-20,SETTLED,INSTRUCTED,DEUTSCHE-BROKER,1500,919950.0,SSI-DE-5510,TRAIN
3213,TRD103212,2026-08-17,SETTLED,INSTRUCTED,KOTAK-CUST,1000,1882330.0,SSI-IN-0203,TEST
3214,TRD103213,2026-08-22,SETTLED,INSTRUCTED,NOMURA-BROKER,100,123788.0,SSI-JP-3389,TRAIN
3215,TRD103214,2026-08-21,FAILED,INCORRECT,ICICI-CUST,200,336754.0,SSI-IN-0203,TEST
3216,TRD103215,2026-08-05,SETTLED,INSTRUCTED,NOMURA-BROKER,1500,1861680.0,SSI-JP-3389,TEST
3217,TRD103216,2026-08-19,SETTLED,INSTRUCTED,DEUTSCHE-BROKER,2000,5673180.0,SSI-DE-5510,TRAIN
3218,TRD103217,2026-08-03,SETTLED,INSTRUCTED,MORGANSTANLEY-BROKER,250,714612.5,SSI-US-7742,TRAIN
3219,TRD103218,2026-08-04,SETTLED,INSTRUCTED,MORGANSTANLEY-BROKER,1500,2541210.0,SSI-US-7742,TEST
3220,TRD103219,2026-08-16,FAILED,INCORRECT,DEUTSCHE-BROKER,100,168212.0,SSI-IN-0147,TRAIN
3221,TRD103220,2026-08-06,SETTLED,INSTRUCTED,KOTAK-CUST,200,570072.0,SSI-IN-0203,TRAIN
3222,TRD103221,2026-08-16,SETTLED,INSTRUCTED,ICICI-CUST,2000,5475620.0,SSI-IN-0091,TRAIN
3223,TRD103222,2026-08-04,SETTLED,INSTRUCTED,ICICI-CUST,2000,3898560.0,SSI-IN-0091,TRAIN
3224,TRD103223,2026-08-17,SETTLED,INSTRUCTED,ICICI-CUST,100,118312.0,SSI-IN-0091,TRAIN
3225,TRD103224,2026-08-10,SETTLED,INSTRUCTED,KOTAK-CUST,250,470780.0,SSI-IN-0203,TEST
3226,TRD103225,2026-08-05,FAILED,INCORRECT,MORGANSTANLEY-BROKER,200,551858.0,SSI-DE-5510,TEST
3227,TRD103226,2026-08-11,SETTLED,INSTRUCTED,HDFC-CUST,100,46869.0,SSI-IN-0147,TEST
3228,TRD103227,2026-08-11,SETTLED,INSTRUCTED,HDFC-CUST,500,947605.0,SSI-IN-0147,TRAIN
3229,TRD103228,2026-08-02,SETTLED,INSTRUCTED,HDFC-CUST,200,378620.0,SSI-IN-0147,TRAIN
3230,TRD103229,2026-08-08,PENDING,INSTRUCTED,NOMURA-BROKER,750,1259610.0,SSI-JP-3389,TRAIN
3231,TRD103230,2026-08-17,SETTLED,INSTRUCTED,HDFC-CUST,2000,2489000.0,SSI-IN-0147,TRAIN
3232,TRD103231,2026-08-22,PENDING,MISSING,KOTAK-CUST,250,418467.5,,TRAIN
3233,TRD103232,2026-08-04,SETTLED,INSTRUCTED,NOMURA-BROKER,250,418675.0,SSI-JP-3389,TRAIN
3234,TRD103233,2026-08-06,SETTLED,INSTRUCTED,KOTAK-CUST,100,61322.0,SSI-IN-0203,TRAIN
3235,TRD103234,2026-08-03,SETTLED,INSTRUCTED,HDFC-CUST,1000,1175670.0,SSI-IN-0147,TRAIN
3236,TRD103235,2026-08-19,SETTLED,INSTRUCTED,MORGANSTANLEY-BROKER,200,235624.0,SSI-US-7742,TRAIN
3237,TRD103236,2026-08-15,SETTLED,INSTRUCTED,NOMURA-BROKER,1500,4120065.0,SSI-JP-3389,TRAIN
3238,TRD103237,2026-08-18,SETTLED,INSTRUCTED,NOMURA-BROKER,2000,2482980.0,SSI-JP-3389,TRAIN
3239,TRD103238,2026-08-03,SETTLED,INSTRUCTED,ICICI-CUST,2000,3346360.0,SSI-IN-0091,TRAIN
3240,TRD103239,2026-08-09,SETTLED,INSTRUCTED,DEUTSCHE-BROKER,750,350002.5,SSI-DE-5510,TRAIN
3241,TRD103240,2026-08-21,SETTLED,INSTRUCTED,MORGANSTANLEY-BROKER,100,118014.0,SSI-US-7742,TRAIN
3242,TRD103241,2026-08-14,SETTLED,INSTRUCTED,MORGANSTANLEY-BROKER,750,1262017.5,SSI-US-7742,TEST
3243,TRD103242,2026-08-12,SETTLED,INSTRUCTED,HDFC-CUST,250,296047.5,SSI-IN-0147,TRAIN
3244,TRD103243,2026-08-03,SETTLED,INSTRUCTED,MORGANSTANLEY-BROKER,1500,5507550.0,SSI-US-7742,TRAIN
3245,TRD103244,2026-08-15,SETTLED,INSTRUCTED,HDFC-CUST,1500,2508240.0,SSI-IN-0147,TRAIN
3246,TRD103245,2026-08-08,SETTLED,INSTRUCTED,NOMURA-BROKER,200,379942.0,SSI-JP-3389,TRAIN
3247,TRD103246,2026-08-12,SETTLED,INSTRUCTED,ICICI-CUST,100,1296173.0,SSI-IN-0091,TEST
3248,TRD103247,2026-08-19,SETTLED,INSTRUCTED,MORGANSTANLEY-BROKER,100,283684.0,SSI-US-7742,TRAIN
3249,TRD103248,2026-08-14,SETTLED,INSTRUCTED,DEUTSCHE-BROKER,750,2064217.5,SSI-DE-5510,TRAIN
3250,TRD103249,2026-08-18,SETTLED,INSTRUCTED,MORGANSTANLEY-BROKER,100,117439.0,SSI-US-7742,TRAIN
3251,TRD103250,2026-08-02,SETTLED,INSTRUCTED,ICICI-CUST,200,247928.0,SSI-IN-0091,TRAIN
3252,TRD103251,2026-08-06,SETTLED,INSTRUCTED,NOMURA-BROKER,250,296007.5,SSI-JP-3389,TEST
3253,TRD103252,2026-08-20,SETTLED,INSTRUCTED,NOMURA-BROKER,2000,345740.0,SSI-JP-3389,TRAIN
3254,TRD103253,2026-08-12,SETTLED,INSTRUCTED,KOTAK-CUST,100,169111.0,SSI-IN-0203,TRAIN
3255,TRD103254,2026-08-03,SETTLED,INSTRUCTED,ICICI-CUST,750,351285.0,SSI-IN-0091,TRAIN
3256,TRD103255,2026-08-05,SETTLED,INSTRUCTED,ICICI-CUST,500,975395.0,SSI-IN-0091,TRAIN
3257,TRD103256,2026-08-04,FAILED,INCORRECT,KOTAK-CUST,200,824342.0,SSI-US-7742,TRAIN
3258,TRD103257,2026-08-06,SETTLED,INSTRUCTED,MORGANSTANLEY-BROKER,750,456982.5,SSI-US-7742,TRAIN
3259,TRD103258,2026-08-02,SETTLED,INSTRUCTED,ICICI-CUST,500,1427185.0,SSI-IN-0091,TEST
3260,TRD103259,2026-08-15,SETTLED,INSTRUCTED,ICICI-CUST,500,421860.0,SSI-IN-0091,TEST
3261,TRD103260,2026-08-10,SETTLED,INSTRUCTED,DEUTSCHE-BROKER,750,1265055.0,SSI-DE-5510,TRAIN
3262,TRD103261,2026-08-19,SETTLED,INSTRUCTED,HDFC-CUST,100,188265.0,SSI-IN-0147,TRAIN
3263,TRD103262,2026-08-20,SETTLED,INSTRUCTED,ICICI-CUST,250,687817.5,SSI-IN-0091,TRAIN
3264,TRD103263,2026-08-21,SETTLED,INSTRUCTED,KOTAK-CUST,500,977980.0,SSI-IN-0203,TRAIN
3265,TRD103264,2026-08-18,FAILED,INCORRECT,KOTAK-CUST,1500,257745.0,SSI-IN-0147,TRAIN
3266,TRD103265,2026-08-16,SETTLED,INSTRUCTED,HDFC-CUST,1000,1245820.0,SSI-IN-0147,TEST
3267,TRD103266,2026-08-09,SETTLED,INSTRUCTED,KOTAK-CUST,750,1263487.5,SSI-IN-0203,TRAIN
3268,TRD103267,2026-08-21,SETTLED,INSTRUCTED,ICICI-CUST,750,2129047.5,SSI-IN-0091,TRAIN
3269,TRD103268,2026-08-04,SETTLED,INSTRUCTED,NOMURA-BROKER,200,825688.0,SSI-JP-3389,TEST
3270,TRD103269,2026-08-14,SETTLED,INSTRUCTED,ICICI-CUST,100,84380.0,SSI-IN-0091,TRAIN
3271,TRD103270,2026-08-10,SETTLED,INSTRUCTED,DEUTSCHE-BROKER,250,116895.0,SSI-DE-5510,TRAIN
3272,TRD103271,2026-08-09,SETTLED,INSTRUCTED,MORGANSTANLEY-BROKER,200,567978.0,SSI-US-7742,TEST
3273,TRD103272,2026-08-07,SETTLED,INSTRUCTED,HDFC-CUST,100,410384.0,SSI-IN-0147,TEST
3274,TRD103273,2026-08-02,SETTLED,INSTRUCTED,NOMURA-BROKER,1000,4103840.0,SSI-JP-3389,TRAIN
3275,TRD103274,2026-08-15,SETTLED,INSTRUCTED,KOTAK-CUST,2000,5714420.0,SSI-IN-0203,TRAIN
3276,TRD103275,2026-08-11,SETTLED,INSTRUCTED,NOMURA-BROKER,1500,1865400.0,SSI-JP-3389,TRAIN
3277,TRD103276,2026-08-22,SETTLED,INSTRUCTED,KOTAK-CUST,1500,706785.0,SSI-IN-0203,TRAIN
3278,TRD103277,2026-08-02,SETTLED,INSTRUCTED,KOTAK-CUST,200,822772.0,SSI-IN-0203,TRAIN
3279,TRD103278,2026-08-06,SETTLED,INSTRUCTED,KOTAK-CUST,750,457725.0,SSI-IN-0203,TRAIN
3280,TRD103279,2026-08-15,SETTLED,INSTRUCTED,MORGANSTANLEY-BROKER,1500,5497215.0,SSI-US-7742,TRAIN
3281,TRD103280,2026-08-06,SETTLED,INSTRUCTED,DEUTSCHE-BROKER,200,169542.0,SSI-DE-5510,TRAIN
3282,TRD103281,2026-08-15,SETTLED,INSTRUCTED,NOMURA-BROKER,100,46894.0,SSI-JP-3389,TEST
3283,TRD103282,2026-08-06,SETTLED,INSTRUCTED,KOTAK-CUST,1500,259845.0,SSI-IN-0203,TEST
3284,TRD103283,2026-08-16,SETTLED,INSTRUCTED,MORGANSTANLEY-BROKER,1500,259590.0,SSI-US-7742,TRAIN
3285,TRD103284,2026-08-07,SETTLED,INSTRUCTED,MORGANSTANLEY-BROKER,2000,940900.0,SSI-US-7742,TRAIN
3286,TRD103285,2026-08-05,SETTLED,INSTRUCTED,MORGANSTANLEY-BROKER,100,84168.0,SSI-US-7742,TRAIN
3287,TRD103286,2026-08-12,SETTLED,INSTRUCTED,KOTAK-CUST,250,309037.5,SSI-IN-0203,TEST
3288,TRD103287,2026-08-14,SETTLED,INSTRUCTED,MORGANSTANLEY-BROKER,750,2142705.0,SSI-US-7742,TRAIN
3289,TRD103288,2026-08-22,SETTLED,INSTRUCTED,DEUTSCHE-BROKER,200,377442.0,SSI-DE-5510,TRAIN
3290,TRD103289,2026-08-07,SETTLED,INSTRUCTED,ICICI-CUST,1000,1885700.0,SSI-IN-0091,TRAIN
3291,TRD103290,2026-08-04,SETTLED,INSTRUCTED,ICICI-CUST,750,2062140.0,SSI-IN-0091,TRAIN
3292,TRD103291,2026-08-04,SETTLED,INSTRUCTED,MORGANSTANLEY-BROKER,500,1373440.0,SSI-US-7742,TEST
3293,TRD103292,2026-08-18,PENDING,INSTRUCTED,HDFC-CUST,100,168118.0,SSI-IN-0147,TRAIN
3294,TRD103293,2026-08-18,SETTLED,INSTRUCTED,HDFC-CUST,750,634200.0,SSI-IN-0147,TRAIN
3295,TRD103294,2026-08-14,SETTLED,INSTRUCTED,DEUTSCHE-BROKER,1500,1771020.0,SSI-DE-5510,TRAIN
3296,TRD103295,2026-08-03,SETTLED,INSTRUCTED,HDFC-CUST,200,169656.0,SSI-IN-0147,TEST
3297,TRD103296,2026-08-10,SETTLED,INSTRUCTED,ICICI-CUST,1000,12955470.0,SSI-IN-0091,TRAIN
3298,TRD103297,2026-08-14,SETTLED,INSTRUCTED,ICICI-CUST,100,1293048.0,SSI-IN-0091,TRAIN
3299,TRD103298,2026-08-05,SETTLED,INSTRUCTED,NOMURA-BROKER,500,1425205.0,SSI-JP-3389,TRAIN
3300,TRD103299,2026-08-08,SETTLED,INSTRUCTED,ICICI-CUST,500,1420450.0,SSI-IN-0091,TRAIN
3301,TRD103300,2026-08-03,SETTLED,INSTRUCTED,ICICI-CUST,200,826684.0,SSI-IN-0091,TRAIN
3302,TRD103301,2026-08-09,SETTLED,INSTRUCTED,ICICI-CUST,2000,345980.0,SSI-IN-0091,TRAIN
3303,TRD103302,2026-08-19,SETTLED,INSTRUCTED,DEUTSCHE-BROKER,2000,2366680.0,SSI-DE-5510,TEST
3304,TRD103303,2026-08-06,SETTLED,INSTRUCTED,KOTAK-CUST,1500,259665.0,SSI-IN-0203,TEST
3305,TRD103304,2026-08-22,SETTLED,INSTRUCTED,DEUTSCHE-BROKER,750,3101235.0,SSI-DE-5510,TRAIN
3306,TRD103305,2026-08-04,PENDING,MISSING,HDFC-CUST,100,17267.0,,TRAIN
3307,TRD103306,2026-08-05,SETTLED,INSTRUCTED,ICICI-CUST,1000,1675700.0,SSI-IN-0091,TRAIN
3308,TRD103307,2026-08-02,SETTLED,INSTRUCTED,DEUTSCHE-BROKER,2000,7361960.0,SSI-DE-5510,TRAIN
3309,TRD103308,2026-08-16,SETTLED,INSTRUCTED,ICICI-CUST,100,118279.0,SSI-IN-0091,TRAIN
3310,TRD103309,2026-08-18,SETTLED,INSTRUCTED,ICICI-CUST,100,169129.0,SSI-IN-0091,TRAIN
3311,TRD103310,2026-08-20,SETTLED,INSTRUCTED,NOMURA-BROKER,500,946820.0,SSI-JP-3389,TRAIN
3312,TRD103311,2026-08-19,SETTLED,INSTRUCTED,HDFC-CUST,2000,940380.0,SSI-IN-0147,TRAIN
3313,TRD103312,2026-08-15,SETTLED,INSTRUCTED,MORGANSTANLEY-BROKER,500,6460165.0,SSI-US-7742,TEST
3314,TRD103313,2026-08-19,SETTLED,INSTRUCTED,KOTAK-CUST,750,1418392.5,SSI-IN-0203,TEST
3315,TRD103314,2026-08-22,SETTLED,INSTRUCTED,KOTAK-CUST,100,1291701.0,SSI-IN-0203,TRAIN
3316,TRD103315,2026-08-14,SETTLED,INSTRUCTED,HDFC-CUST,250,684432.5,SSI-IN-0147,TRAIN
3317,TRD103316,2026-08-14,SETTLED,INSTRUCTED,MORGANSTANLEY-BROKER,100,169529.0,SSI-US-7742,TRAIN
3318,TRD103317,2026-08-17,SETTLED,INSTRUCTED,ICICI-CUST,2000,25897580.0,SSI-IN-0091,TEST
3319,TRD103318,2026-08-21,SETTLED,INSTRUCTED,NOMURA-BROKER,1000,1947220.0,SSI-JP-3389,TRAIN
3320,TRD103319,2026-08-06,SETTLED,INSTRUCTED,ICICI-CUST,1000,1182570.0,SSI-IN-0091,TEST
3321,TRD103320,2026-08-11,SETTLED,INSTRUCTED,HDFC-CUST,200,122484.0,SSI-IN-0147,TRAIN
3322,TRD103321,2026-08-08,SETTLED,INSTRUCTED,HDFC-CUST,2000,5725380.0,SSI-IN-0147,TRAIN
3323,TRD103322,2026-08-07,SETTLED,INSTRUCTED,KOTAK-CUST,750,9773235.0,SSI-IN-0203,TRAIN
3324,TRD103323,2026-08-11,SETTLED,INSTRUCTED,MORGANSTANLEY-BROKER,500,590585.0,SSI-US-7742,TRAIN
3325,TRD103324,2026-08-05,SETTLED,INSTRUCTED,NOMURA-BROKER,100,166700.0,SSI-JP-3389,TRAIN
3326,TRD103325,2026-08-09,SETTLED,INSTRUCTED,ICICI-CUST,100,1295617.0,SSI-IN-0091,TRAIN
3327,TRD103326,2026-08-13,SETTLED,INSTRUCTED,NOMURA-BROKER,200,168912.0,SSI-JP-3389,TRAIN
3328,TRD103327,2026-08-21,SETTLED,INSTRUCTED,KOTAK-CUST,500,842925.0,SSI-IN-0203,TRAIN
3329,TRD103328,2026-08-12,SETTLED,INSTRUCTED,ICICI-CUST,200,733038.0,SSI-IN-0091,TRAIN
3330,TRD103329,2026-08-06,SETTLED,INSTRUCTED,DEUTSCHE-BROKER,2000,344620.0,SSI-DE-5510,TRAIN
3331,TRD103330,2026-08-12,SETTLED,INSTRUCTED,KOTAK-CUST,2000,1686920.0,SSI-IN-0203,TRAIN
3332,TRD103331,2026-08-17,SETTLED,INSTRUCTED,KOTAK-CUST,200,739018.0,SSI-IN-0203,TRAIN
3333,TRD103332,2026-08-17,SETTLED,INSTRUCTED,MORGANSTANLEY-BROKER,1000,1679640.0,SSI-US-7742,TRAIN
3334,TRD103333,2026-08-22,SETTLED,INSTRUCTED,ICICI-CUST,750,632010.0,SSI-IN-0091,TRAIN
3335,TRD103334,2026-08-11,SETTLED,INSTRUCTED,KOTAK-CUST,1500,2500710.0,SSI-IN-0203,TRAIN
3336,TRD103335,2026-08-16,SETTLED,INSTRUCTED,DEUTSCHE-BROKER,750,2057610.0,SSI-DE-5510,TRAIN
3337,TRD103336,2026-08-02,SETTLED,INSTRUCTED,DEUTSCHE-BROKER,200,169022.0,SSI-DE-5510,TRAIN
3338,TRD103337,2026-08-14,SETTLED,INSTRUCTED,KOTAK-CUST,2000,25862000.0,SSI-IN-0203,TRAIN
3339,TRD103338,2026-08-17,SETTLED,INSTRUCTED,KOTAK-CUST,100,46757.0,SSI-IN-0203,TEST
3340,TRD103339,2026-08-16,SETTLED,INSTRUCTED,KOTAK-CUST,100,369032.0,SSI-IN-0203,TRAIN
3341,TRD103340,2026-08-07,SETTLED,INSTRUCTED,DEUTSCHE-BROKER,1000,3687720.0,SSI-DE-5510,TRAIN
3342,TRD103341,2026-08-14,SETTLED,INSTRUCTED,NOMURA-BROKER,250,294567.5,SSI-JP-3389,TEST
3343,TRD103342,2026-08-18,SETTLED,INSTRUCTED,KOTAK-CUST,2000,343820.0,SSI-IN-0203,TEST
3344,TRD103343,2026-08-02,SETTLED,INSTRUCTED,DEUTSCHE-BROKER,1500,2529285.0,SSI-DE-5510,TEST
3345,TRD103344,2026-08-08,SETTLED,INSTRUCTED,KOTAK-CUST,2000,3797440.0,SSI-IN-0203,TRAIN
3346,TRD103345,2026-08-13,SETTLED,INSTRUCTED,MORGANSTANLEY-BROKER,1500,704700.0,SSI-US-7742,TRAIN
3347,TRD103346,2026-08-17,SETTLED,INSTRUCTED,MORGANSTANLEY-BROKER,1500,259245.0,SSI-US-7742,TRAIN
3348,TRD103347,2026-08-18,SETTLED,INSTRUCTED,MORGANSTANLEY-BROKER,100,17296.0,SSI-US-7742,TRAIN
3349,TRD103348,2026-08-13,SETTLED,INSTRUCTED,HDFC-CUST,100,189397.0,SSI-IN-0147,TRAIN
3350,TRD103349,2026-08-21,SETTLED,INSTRUCTED,HDFC-CUST,100,84718.0,SSI-IN-0147,TEST
3351,TRD103350,2026-08-12,SETTLED,INSTRUCTED,MORGANSTANLEY-BROKER,1500,1774665.0,SSI-US-7742,TRAIN
3352,TRD103351,2026-08-22,SETTLED,INSTRUCTED,NOMURA-BROKER,100,123850.0,SSI-JP-3389,TRAIN
3353,TRD103352,2026-08-18,SETTLED,INSTRUCTED,MORGANSTANLEY-BROKER,100,47001.0,SSI-US-7742,TRAIN
3354,TRD103353,2026-08-07,SETTLED,INSTRUCTED,DEUTSCHE-BROKER,1000,609400.0,SSI-DE-5510,TRAIN
3355,TRD103354,2026-08-07,SETTLED,INSTRUCTED,DEUTSCHE-BROKER,750,1251967.5,SSI-DE-5510,TRAIN
3356,TRD103355,2026-08-08,SETTLED,INSTRUCTED,HDFC-CUST,250,152520.0,SSI-IN-0147,TRAIN
3357,TRD103356,2026-08-05,SETTLED,INSTRUCTED,ICICI-CUST,250,472490.0,SSI-IN-0091,TRAIN
3358,TRD103357,2026-08-05,SETTLED,INSTRUCTED,DEUTSCHE-BROKER,2000,3908500.0,SSI-DE-5510,TRAIN
3359,TRD103358,2026-08-07,SETTLED,INSTRUCTED,MORGANSTANLEY-BROKER,100,189558.0,SSI-US-7742,TRAIN
3360,TRD103359,2026-08-14,SETTLED,INSTRUCTED,MORGANSTANLEY-BROKER,750,933735.0,SSI-US-7742,TRAIN
3361,TRD103360,2026-08-15,SETTLED,INSTRUCTED,MORGANSTANLEY-BROKER,250,212330.0,SSI-US-7742,TRAIN
3362,TRD103361,2026-08-07,SETTLED,INSTRUCTED,NOMURA-BROKER,250,294140.0,SSI-JP-3389,TRAIN
3363,TRD103362,2026-08-14,SETTLED,INSTRUCTED,KOTAK-CUST,750,3080805.0,SSI-IN-0203,TEST
3364,TRD103363,2026-08-04,SETTLED,INSTRUCTED,DEUTSCHE-BROKER,1500,4277730.0,SSI-DE-5510,TEST
3365,TRD103364,2026-08-04,SETTLED,INSTRUCTED,DEUTSCHE-BROKER,500,86490.0,SSI-DE-5510,TRAIN
3366,TRD103365,2026-08-02,SETTLED,INSTRUCTED,ICICI-CUST,100,17312.0,SSI-IN-0091,TEST
3367,TRD103366,2026-08-16,SETTLED,INSTRUCTED,HDFC-CUST,250,418437.5,SSI-IN-0147,TRAIN
3368,TRD103367,2026-08-16,SETTLED,INSTRUCTED,HDFC-CUST,500,848180.0,SSI-IN-0147,TRAIN
3369,TRD103368,2026-08-02,SETTLED,INSTRUCTED,MORGANSTANLEY-BROKER,500,848715.0,SSI-US-7742,TEST
3370,TRD103369,2026-08-12,SETTLED,INSTRUCTED,KOTAK-CUST,1500,917865.0,SSI-IN-0203,TEST
3371,TRD103370,2026-08-21,SETTLED,INSTRUCTED,MORGANSTANLEY-BROKER,1000,172650.0,SSI-US-7742,TRAIN
3372,TRD103371,2026-08-09,SETTLED,INSTRUCTED,HDFC-CUST,500,305900.0,SSI-IN-0147,TRAIN
3373,TRD103372,2026-08-04,SETTLED,INSTRUCTED,HDFC-CUST,2000,5473640.0,SSI-IN-0147,TRAIN
3374,TRD103373,2026-08-11,SETTLED,INSTRUCTED,MORGANSTANLEY-BROKER,1000,1677750.0,SSI-US-7742,TRAIN
3375,TRD103374,2026-08-16,SETTLED,INSTRUCTED,DEUTSCHE-BROKER,1500,2841645.0,SSI-DE-5510,TRAIN
3376,TRD103375,2026-08-11,SETTLED,INSTRUCTED,KOTAK-CUST,250,117287.5,SSI-IN-0203,TEST
3377,TRD103376,2026-08-02,SETTLED,INSTRUCTED,MORGANSTANLEY-BROKER,1000,1234890.0,SSI-US-7742,TRAIN
3378,TRD103377,2026-08-17,SETTLED,INSTRUCTED,KOTAK-CUST,100,1296945.0,SSI-IN-0203,TEST
3379,TRD103378,2026-08-05,SETTLED,INSTRUCTED,MORGANSTANLEY-BROKER,100,189116.0,SSI-US-7742,TRAIN
3380,TRD103379,2026-08-13,SETTLED,INSTRUCTED,KOTAK-CUST,250,473857.5,SSI-IN-0203,TRAIN
3381,TRD103380,2026-08-03,SETTLED,INSTRUCTED,MORGANSTANLEY-BROKER,750,930990.0,SSI-US-7742,TRAIN
3382,TRD103381,2026-08-08,SETTLED,INSTRUCTED,HDFC-CUST,250,43047.5,SSI-IN-0147,TRAIN
3383,TRD103382,2026-08-05,SETTLED,INSTRUCTED,ICICI-CUST,250,710805.0,SSI-IN-0091,TRAIN
3384,TRD103383,2026-08-03,FAILED,INCORRECT,ICICI-CUST,1000,172180.0,SSI-IN-0147,TEST
3385,TRD103384,2026-08-03,SETTLED,INSTRUCTED,HDFC-CUST,1000,1244480.0,SSI-IN-0147,TRAIN
3386,TRD103385,2026-08-09,SETTLED,INSTRUCTED,HDFC-CUST,500,305555.0,SSI-IN-0147,TRAIN
3387,TRD103386,2026-08-07,SETTLED,INSTRUCTED,MORGANSTANLEY-BROKER,500,6483130.0,SSI-US-7742,TRAIN
3388,TRD103387,2026-08-19,SETTLED,INSTRUCTED,NOMURA-BROKER,100,284613.0,SSI-JP-3389,TRAIN
3389,TRD103388,2026-08-04,SETTLED,INSTRUCTED,HDFC-CUST,750,1421310.0,SSI-IN-0147,TEST
3390,TRD103389,2026-08-14,SETTLED,INSTRUCTED,KOTAK-CUST,1000,2752500.0,SSI-IN-0203,TRAIN
3391,TRD103390,2026-08-17,SETTLED,INSTRUCTED,DEUTSCHE-BROKER,250,1027537.5,SSI-DE-5510,TRAIN
3392,TRD103391,2026-08-13,SETTLED,INSTRUCTED,KOTAK-CUST,2000,936000.0,SSI-IN-0203,TRAIN
3393,TRD103392,2026-08-21,SETTLED,INSTRUCTED,KOTAK-CUST,100,17225.0,SSI-IN-0203,TRAIN
3394,TRD103393,2026-08-05,SETTLED,INSTRUCTED,MORGANSTANLEY-BROKER,2000,344360.0,SSI-US-7742,TEST
3395,TRD103394,2026-08-09,SETTLED,INSTRUCTED,ICICI-CUST,2000,3366460.0,SSI-IN-0091,TRAIN
3396,TRD103395,2026-08-15,SETTLED,INSTRUCTED,KOTAK-CUST,1500,2503455.0,SSI-IN-0203,TRAIN
3397,TRD103396,2026-08-05,SETTLED,INSTRUCTED,HDFC-CUST,1500,2828415.0,SSI-IN-0147,TRAIN
3398,TRD103397,2026-08-09,SETTLED,INSTRUCTED,ICICI-CUST,2000,8266940.0,SSI-IN-0091,TRAIN
3399,TRD103398,2026-08-06,SETTLED,INSTRUCTED,KOTAK-CUST,750,1464067.5,SSI-IN-0203,TRAIN
3400,TRD103399,2026-08-09,SETTLED,INSTRUCTED,KOTAK-CUST,200,376408.0,SSI-IN-0203,TEST
3401,TRD103400,2026-08-06,SETTLED,INSTRUCTED,ICICI-CUST,200,168732.0,SSI-IN-0091,TRAIN
3402,TRD103401,2026-08-16,SETTLED,INSTRUCTED,DEUTSCHE-BROKER,100,167549.0,SSI-DE-5510,TEST
3403,TRD103402,2026-08-06,SETTLED,INSTRUCTED,KOTAK-CUST,2000,2484220.0,SSI-IN-0203,TRAIN
3404,TRD103403,2026-08-09,SETTLED,INSTRUCTED,NOMURA-BROKER,200,378066.0,SSI-JP-3389,TRAIN
3405,TRD103404,2026-08-02,SETTLED,INSTRUCTED,KOTAK-CUST,200,122180.0,SSI-IN-0203,TRAIN
3406,TRD103405,2026-08-14,SETTLED,INSTRUCTED,MORGANSTANLEY-BROKER,1500,4275435.0,SSI-US-7742,TRAIN
3407,TRD103406,2026-08-20,SETTLED,INSTRUCTED,MORGANSTANLEY-BROKER,500,86445.0,SSI-US-7742,TRAIN
3408,TRD103407,2026-08-03,SETTLED,INSTRUCTED,HDFC-CUST,1000,4136100.0,SSI-IN-0147,TRAIN
3409,TRD103408,2026-08-10,SETTLED,INSTRUCTED,ICICI-CUST,750,459870.0,SSI-IN-0091,TEST
3410,TRD103409,2026-08-19,SETTLED,INSTRUCTED,HDFC-CUST,500,306180.0,SSI-IN-0147,TRAIN
3411,TRD103410,2026-08-07,SETTLED,INSTRUCTED,ICICI-CUST,2000,1216240.0,SSI-IN-0091,TRAIN
3412,TRD103411,2026-08-07,SETTLED,INSTRUCTED,KOTAK-CUST,250,117410.0,SSI-IN-0203,TRAIN
3413,TRD103412,2026-08-04,SETTLED,INSTRUCTED,MORGANSTANLEY-BROKER,1000,13010780.0,SSI-US-7742,TRAIN
3414,TRD103413,2026-08-13,SETTLED,INSTRUCTED,ICICI-CUST,250,917025.0,SSI-IN-0091,TRAIN
3415,TRD103414,2026-08-11,SETTLED,INSTRUCTED,DEUTSCHE-BROKER,1500,1264185.0,SSI-DE-5510,TRAIN
3416,TRD103415,2026-08-22,SETTLED,INSTRUCTED,ICICI-CUST,750,1261185.0,SSI-IN-0091,TRAIN
3417,TRD103416,2026-08-10,SETTLED,INSTRUCTED,ICICI-CUST,250,684655.0,SSI-IN-0091,TRAIN
3418,TRD103417,2026-08-21,PENDING,MISSING,NOMURA-BROKER,100,118365.0,,TRAIN
3419,TRD103418,2026-08-15,SETTLED,INSTRUCTED,DEUTSCHE-BROKER,2000,3763200.0,SSI-DE-5510,TRAIN
3420,TRD103419,2026-08-03,SETTLED,INSTRUCTED,MORGANSTANLEY-BROKER,1000,173020.0,SSI-US-7742,TEST
3421,TRD103420,2026-08-11,SETTLED,INSTRUCTED,NOMURA-BROKER,250,416985.0,SSI-JP-3389,TRAIN
3422,TRD103421,2026-08-03,SETTLED,INSTRUCTED,NOMURA-BROKER,500,305525.0,SSI-JP-3389,TRAIN
3423,TRD103422,2026-08-19,SETTLED,INSTRUCTED,MORGANSTANLEY-BROKER,1000,1679610.0,SSI-US-7742,TEST
3424,TRD103423,2026-08-04,SETTLED,INSTRUCTED,ICICI-CUST,750,1422495.0,SSI-IN-0091,TRAIN
3425,TRD103424,2026-08-15,SETTLED,INSTRUCTED,ICICI-CUST,100,1300529.0,SSI-IN-0091,TRAIN
3426,TRD103425,2026-08-10,SETTLED,INSTRUCTED,DEUTSCHE-BROKER,100,46806.0,SSI-DE-5510,TRAIN
3427,TRD103426,2026-08-15,SETTLED,INSTRUCTED,HDFC-CUST,100,1297663.0,SSI-IN-0147,TRAIN
3428,TRD103427,2026-08-20,SETTLED,INSTRUCTED,KOTAK-CUST,1000,1667000.0,SSI-IN-0203,TRAIN
3429,TRD103428,2026-08-04,SETTLED,INSTRUCTED,DEUTSCHE-BROKER,500,942990.0,SSI-DE-5510,TEST
3430,TRD103429,2026-08-08,SETTLED,INSTRUCTED,HDFC-CUST,500,6501245.0,SSI-IN-0147,TRAIN
3431,TRD103430,2026-08-04,SETTLED,INSTRUCTED,DEUTSCHE-BROKER,750,2133240.0,SSI-DE-5510,TRAIN
3432,TRD103431,2026-08-10,SETTLED,INSTRUCTED,KOTAK-CUST,200,334668.0,SSI-IN-0203,TRAIN
3433,TRD103432,2026-08-14,SETTLED,INSTRUCTED,MORGANSTANLEY-BROKER,250,117182.5,SSI-US-7742,TRAIN
3434,TRD103433,2026-08-08,SETTLED,INSTRUCTED,KOTAK-CUST,100,168908.0,SSI-IN-0203,TRAIN
3435,TRD103434,2026-08-15,SETTLED,INSTRUCTED,ICICI-CUST,100,118401.0,SSI-IN-0091,TRAIN
3436,TRD103435,2026-08-19,SETTLED,INSTRUCTED,DEUTSCHE-BROKER,1000,12928090.0,SSI-DE-5510,TRAIN
3437,TRD103436,2026-08-20,SETTLED,INSTRUCTED,HDFC-CUST,2000,25991080.0,SSI-IN-0147,TRAIN
3438,TRD103437,2026-08-07,SETTLED,INSTRUCTED,KOTAK-CUST,250,151887.5,SSI-IN-0203,TRAIN
3439,TRD103438,2026-08-04,SETTLED,INSTRUCTED,DEUTSCHE-BROKER,750,933127.5,SSI-DE-5510,TRAIN
3440,TRD103439,2026-08-12,SETTLED,INSTRUCTED,HDFC-CUST,1000,1239910.0,SSI-IN-0147,TRAIN
3441,TRD103440,2026-08-11,SETTLED,INSTRUCTED,MORGANSTANLEY-BROKER,100,46733.0,SSI-US-7742,TRAIN
3442,TRD103441,2026-08-20,SETTLED,INSTRUCTED,ICICI-CUST,250,422252.5,SSI-IN-0091,TRAIN
3443,TRD103442,2026-08-10,SETTLED,INSTRUCTED,ICICI-CUST,500,945300.0,SSI-IN-0091,TRAIN
3444,TRD103443,2026-08-12,SETTLED,INSTRUCTED,NOMURA-BROKER,1000,1177030.0,SSI-JP-3389,TRAIN
3445,TRD103444,2026-08-14,SETTLED,INSTRUCTED,NOMURA-BROKER,750,456270.0,SSI-JP-3389,TRAIN
3446,TRD103445,2026-08-03,SETTLED,INSTRUCTED,MORGANSTANLEY-BROKER,100,84843.0,SSI-US-7742,TRAIN
3447,TRD103446,2026-08-15,SETTLED,INSTRUCTED,ICICI-CUST,200,734278.0,SSI-IN-0091,TRAIN
3448,TRD103447,2026-08-11,SETTLED,INSTRUCTED,HDFC-CUST,1500,19516155.0,SSI-IN-0147,TEST
3449,TRD103448,2026-08-14,SETTLED,INSTRUCTED,NOMURA-BROKER,500,620135.0,SSI-JP-3389,TRAIN
3450,TRD103449,2026-08-13,SETTLED,INSTRUCTED,DEUTSCHE-BROKER,2000,7385560.0,SSI-DE-5510,TRAIN
3451,TRD103450,2026-08-14,SETTLED,INSTRUCTED,HDFC-CUST,2000,25864300.0,SSI-IN-0147,TRAIN
3452,TRD103451,2026-08-04,SETTLED,INSTRUCTED,MORGANSTANLEY-BROKER,750,636622.5,SSI-US-7742,TEST
3453,TRD103452,2026-08-07,SETTLED,INSTRUCTED,MORGANSTANLEY-BROKER,250,712287.5,SSI-US-7742,TEST
3454,TRD103453,2026-08-16,SETTLED,INSTRUCTED,NOMURA-BROKER,750,2055795.0,SSI-JP-3389,TEST
3455,TRD103454,2026-08-17,PENDING,INSTRUCTED,ICICI-CUST,500,619550.0,SSI-IN-0091,TRAIN
3456,TRD103455,2026-08-15,SETTLED,INSTRUCTED,MORGANSTANLEY-BROKER,500,837135.0,SSI-US-7742,TEST
3457,TRD103456,2026-08-16,SETTLED,INSTRUCTED,NOMURA-BROKER,1500,4275030.0,SSI-JP-3389,TRAIN
3458,TRD103457,2026-08-05,SETTLED,INSTRUCTED,MORGANSTANLEY-BROKER,1500,19464360.0,SSI-US-7742,TRAIN
3459,TRD103458,2026-08-17,SETTLED,INSTRUCTED,MORGANSTANLEY-BROKER,250,152467.5,SSI-US-7742,TRAIN
3460,TRD103459,2026-08-16,SETTLED,INSTRUCTED,MORGANSTANLEY-BROKER,100,118345.0,SSI-US-7742,TRAIN
3461,TRD103460,2026-08-03,SETTLED,INSTRUCTED,DEUTSCHE-BROKER,1000,1678150.0,SSI-DE-5510,TRAIN
3462,TRD103461,2026-08-07,SETTLED,INSTRUCTED,NOMURA-BROKER,1500,1765140.0,SSI-JP-3389,TRAIN
3463,TRD103462,2026-08-22,SETTLED,INSTRUCTED,KOTAK-CUST,1000,2859020.0,SSI-IN-0203,TRAIN
3464,TRD103463,2026-08-05,SETTLED,INSTRUCTED,NOMURA-BROKER,250,293997.5,SSI-JP-3389,TEST
3465,TRD103464,2026-08-04,PENDING,MISSING,MORGANSTANLEY-BROKER,1500,1866135.0,,TRAIN
3466,TRD103465,2026-08-07,SETTLED,INSTRUCTED,ICICI-CUST,1500,4271085.0,SSI-IN-0091,TEST
3467,TRD103466,2026-08-02,FAILED,INCORRECT,DEUTSCHE-BROKER,250,686935.0,SSI-US-7742,TRAIN
3468,TRD103467,2026-08-20,SETTLED,INSTRUCTED,MORGANSTANLEY-BROKER,200,550070.0,SSI-US-7742,TEST
3469,TRD103468,2026-08-12,FAILED,INCORRECT,HDFC-CUST,250,1029350.0,SSI-IN-0091,TRAIN
3470,TRD103469,2026-08-02,SETTLED,INSTRUCTED,MORGANSTANLEY-BROKER,2000,8261080.0,SSI-US-7742,TRAIN
3471,TRD103470,2026-08-20,SETTLED,INSTRUCTED,KOTAK-CUST,750,882277.5,SSI-IN-0203,TRAIN
3472,TRD103471,2026-08-04,SETTLED,INSTRUCTED,NOMURA-BROKER,500,841555.0,SSI-JP-3389,TRAIN
3473,TRD103472,2026-08-13,SETTLED,INSTRUCTED,MORGANSTANLEY-BROKER,100,123600.0,SSI-US-7742,TRAIN
3474,TRD103473,2026-08-04,SETTLED,INSTRUCTED,MORGANSTANLEY-BROKER,1500,4279980.0,SSI-US-7742,TRAIN
3475,TRD103474,2026-08-24,PENDING,INSTRUCTED,MORGANSTANLEY-BROKER,100,167299.0,SSI-US-7742,TRAIN
3476,TRD103475,2026-08-10,SETTLED,INSTRUCTED,ICICI-CUST,750,1258395.0,SSI-IN-0091,TEST
3477,TRD103476,2026-08-18,SETTLED,INSTRUCTED,ICICI-CUST,200,93700.0,SSI-IN-0091,TRAIN
3478,TRD103477,2026-08-05,SETTLED,INSTRUCTED,KOTAK-CUST,750,1469167.5,SSI-IN-0203,TEST
3479,TRD103478,2026-08-20,SETTLED,INSTRUCTED,NOMURA-BROKER,750,1272652.5,SSI-JP-3389,TRAIN
3480,TRD103479,2026-08-16,SETTLED,INSTRUCTED,ICICI-CUST,100,84306.0,SSI-IN-0091,TRAIN
3481,TRD103480,2026-08-11,FAILED,INCORRECT,ICICI-CUST,250,712000.0,SSI-IN-0203,TEST
3482,TRD103481,2026-08-19,SETTLED,INSTRUCTED,ICICI-CUST,100,167542.0,SSI-IN-0091,TRAIN
3483,TRD103482,2026-08-07,SETTLED,INSTRUCTED,MORGANSTANLEY-BROKER,1500,2825535.0,SSI-US-7742,TRAIN
3484,TRD103483,2026-08-18,FAILED,INCORRECT,KOTAK-CUST,750,1471657.5,SSI-DE-5510,TRAIN
3485,TRD103484,2026-08-20,SETTLED,INSTRUCTED,KOTAK-CUST,250,117245.0,SSI-IN-0203,TRAIN
3486,TRD103485,2026-08-15,SETTLED,INSTRUCTED,MORGANSTANLEY-BROKER,750,1460745.0,SSI-US-7742,TRAIN
3487,TRD103486,2026-08-19,PENDING,INSTRUCTED,ICICI-CUST,200,34566.0,SSI-IN-0091,TRAIN
3488,TRD103487,2026-08-19,SETTLED,INSTRUCTED,ICICI-CUST,1500,2526285.0,SSI-IN-0091,TRAIN
3489,TRD103488,2026-08-22,SETTLED,INSTRUCTED,HDFC-CUST,200,334894.0,SSI-IN-0147,TRAIN
3490,TRD103489,2026-08-08,SETTLED,INSTRUCTED,KOTAK-CUST,750,1463557.5,SSI-IN-0203,TRAIN
3491,TRD103490,2026-08-18,SETTLED,INSTRUCTED,NOMURA-BROKER,750,1464337.5,SSI-JP-3389,TEST
3492,TRD103491,2026-08-11,SETTLED,INSTRUCTED,NOMURA-BROKER,250,1025150.0,SSI-JP-3389,TRAIN
3493,TRD103492,2026-08-21,SETTLED,INSTRUCTED,ICICI-CUST,1000,1884910.0,SSI-IN-0091,TEST
3494,TRD103493,2026-08-02,SETTLED,INSTRUCTED,HDFC-CUST,2000,3345860.0,SSI-IN-0147,TEST
3495,TRD103494,2026-08-14,SETTLED,INSTRUCTED,NOMURA-BROKER,100,168617.0,SSI-JP-3389,TRAIN
3496,TRD103495,2026-08-12,SETTLED,INSTRUCTED,HDFC-CUST,750,1414072.5,SSI-IN-0147,TRAIN
3497,TRD103496,2026-08-15,SETTLED,INSTRUCTED,KOTAK-CUST,1000,843250.0,SSI-IN-0203,TRAIN
3498,TRD103497,2026-08-10,SETTLED,INSTRUCTED,NOMURA-BROKER,1000,2753260.0,SSI-JP-3389,TRAIN
3499,TRD103498,2026-08-10,SETTLED,INSTRUCTED,MORGANSTANLEY-BROKER,1500,19533675.0,SSI-US-7742,TRAIN
3500,TRD103499,2026-08-09,SETTLED,INSTRUCTED,MORGANSTANLEY-BROKER,2000,1699620.0,SSI-US-7742,TEST
3501,TRD103500,2026-08-08,SETTLED,INSTRUCTED,HDFC-CUST,1500,914715.0,SSI-IN-0147,TRAIN
3502,TRD103501,2026-08-16,SETTLED,INSTRUCTED,MORGANSTANLEY-BROKER,1500,4271610.0,SSI-US-7742,TRAIN
3503,TRD103502,2026-08-20,SETTLED,INSTRUCTED,KOTAK-CUST,200,235176.0,SSI-IN-0203,TRAIN
3504,TRD103503,2026-08-07,SETTLED,INSTRUCTED,MORGANSTANLEY-BROKER,100,189883.0,SSI-US-7742,TRAIN
3505,TRD103504,2026-08-06,SETTLED,INSTRUCTED,ICICI-CUST,1500,2837250.0,SSI-IN-0091,TEST
3506,TRD103505,2026-08-20,SETTLED,INSTRUCTED,MORGANSTANLEY-BROKER,200,339658.0,SSI-US-7742,TRAIN
3507,TRD103506,2026-08-20,SETTLED,INSTRUCTED,MORGANSTANLEY-BROKER,1000,1673140.0,SSI-US-7742,TRAIN
3508,TRD103507,2026-08-17,SETTLED,INSTRUCTED,DEUTSCHE-BROKER,1000,1679410.0,SSI-DE-5510,TEST
3509,TRD103508,2026-08-15,SETTLED,INSTRUCTED,ICICI-CUST,250,117075.0,SSI-IN-0091,TRAIN
3510,TRD103509,2026-08-03,SETTLED,INSTRUCTED,MORGANSTANLEY-BROKER,750,1256715.0,SSI-US-7742,TRAIN
3511,TRD103510,2026-08-18,SETTLED,INSTRUCTED,NOMURA-BROKER,1000,4108390.0,SSI-JP-3389,TEST
3512,TRD103511,2026-08-02,SETTLED,INSTRUCTED,ICICI-CUST,250,472115.0,SSI-IN-0091,TRAIN
3513,TRD103512,2026-08-16,SETTLED,INSTRUCTED,DEUTSCHE-BROKER,100,124269.0,SSI-DE-5510,TRAIN
3514,TRD103513,2026-08-09,SETTLED,INSTRUCTED,ICICI-CUST,750,2064165.0,SSI-IN-0091,TRAIN
3515,TRD103514,2026-08-08,SETTLED,INSTRUCTED,MORGANSTANLEY-BROKER,750,1251600.0,SSI-US-7742,TRAIN
3516,TRD103515,2026-08-20,SETTLED,INSTRUCTED,MORGANSTANLEY-BROKER,2000,3766700.0,SSI-US-7742,TRAIN
3517,TRD103516,2026-08-06,SETTLED,INSTRUCTED,KOTAK-CUST,1500,19430505.0,SSI-IN-0203,TRAIN
3518,TRD103517,2026-08-07,SETTLED,INSTRUCTED,HDFC-CUST,250,293752.5,SSI-IN-0147,TEST
3519,TRD103518,2026-08-15,PENDING,MISSING,MORGANSTANLEY-BROKER,2000,5729120.0,,TRAIN
3520,TRD103519,2026-08-20,SETTLED,INSTRUCTED,MORGANSTANLEY-BROKER,1500,5499525.0,SSI-US-7742,TEST
3521,TRD103520,2026-08-04,SETTLED,INSTRUCTED,DEUTSCHE-BROKER,250,424202.5,SSI-DE-5510,TRAIN
3522,TRD103521,2026-08-15,SETTLED,INSTRUCTED,DEUTSCHE-BROKER,100,195469.0,SSI-DE-5510,TRAIN
3523,TRD103522,2026-08-06,SETTLED,INSTRUCTED,NOMURA-BROKER,1000,1185890.0,SSI-JP-3389,TRAIN
3524,TRD103523,2026-08-11,FAILED,INCORRECT,DEUTSCHE-BROKER,500,622235.0,SSI-IN-0203,TEST
3525,TRD103524,2026-08-04,SETTLED,INSTRUCTED,NOMURA-BROKER,250,152310.0,SSI-JP-3389,TRAIN
3526,TRD103525,2026-08-07,PENDING,INSTRUCTED,ICICI-CUST,1000,1962550.0,SSI-IN-0091,TRAIN
3527,TRD103526,2026-08-07,SETTLED,INSTRUCTED,ICICI-CUST,2000,934960.0,SSI-IN-0091,TRAIN
3528,TRD103527,2026-08-20,SETTLED,INSTRUCTED,NOMURA-BROKER,500,1424095.0,SSI-JP-3389,TEST
3529,TRD103528,2026-08-20,SETTLED,INSTRUCTED,MORGANSTANLEY-BROKER,1000,1896600.0,SSI-US-7742,TRAIN
3530,TRD103529,2026-08-16,SETTLED,INSTRUCTED,ICICI-CUST,2000,7337740.0,SSI-IN-0091,TRAIN
3531,TRD103530,2026-08-11,SETTLED,INSTRUCTED,KOTAK-CUST,250,153060.0,SSI-IN-0203,TRAIN
3532,TRD103531,2026-08-17,SETTLED,INSTRUCTED,DEUTSCHE-BROKER,100,369044.0,SSI-DE-5510,TEST
3533,TRD103532,2026-08-09,SETTLED,INSTRUCTED,KOTAK-CUST,1500,918870.0,SSI-IN-0203,TRAIN
3534,TRD103533,2026-08-04,SETTLED,INSTRUCTED,MORGANSTANLEY-BROKER,2000,1219640.0,SSI-US-7742,TRAIN
3535,TRD103534,2026-08-20,SETTLED,INSTRUCTED,KOTAK-CUST,100,196504.0,SSI-IN-0203,TRAIN
3536,TRD103535,2026-08-07,SETTLED,INSTRUCTED,MORGANSTANLEY-BROKER,500,306580.0,SSI-US-7742,TEST
3537,TRD103536,2026-08-10,SETTLED,INSTRUCTED,ICICI-CUST,1000,1239350.0,SSI-IN-0091,TRAIN
3538,TRD103537,2026-08-19,SETTLED,INSTRUCTED,NOMURA-BROKER,100,367442.0,SSI-JP-3389,TRAIN
3539,TRD103538,2026-08-21,SETTLED,INSTRUCTED,DEUTSCHE-BROKER,2000,1687160.0,SSI-DE-5510,TRAIN
3540,TRD103539,2026-08-03,SETTLED,INSTRUCTED,NOMURA-BROKER,200,237046.0,SSI-JP-3389,TRAIN
3541,TRD103540,2026-08-20,SETTLED,INSTRUCTED,HDFC-CUST,100,284437.0,SSI-IN-0147,TEST
3542,TRD103541,2026-08-10,SETTLED,INSTRUCTED,ICICI-CUST,750,631770.0,SSI-IN-0091,TEST
3543,TRD103542,2026-08-02,SETTLED,INSTRUCTED,NOMURA-BROKER,200,379210.0,SSI-JP-3389,TRAIN
3544,TRD103543,2026-08-03,SETTLED,INSTRUCTED,HDFC-CUST,250,423730.0,SSI-IN-0147,TRAIN
3545,TRD103544,2026-08-02,SETTLED,INSTRUCTED,NOMURA-BROKER,750,1468657.5,SSI-JP-3389,TRAIN
3546,TRD103545,2026-08-21,SETTLED,INSTRUCTED,NOMURA-BROKER,1500,2830395.0,SSI-JP-3389,TRAIN
3547,TRD103546,2026-08-15,SETTLED,INSTRUCTED,NOMURA-BROKER,1500,258105.0,SSI-JP-3389,TRAIN
3548,TRD103547,2026-08-15,SETTLED,INSTRUCTED,HDFC-CUST,500,304695.0,SSI-IN-0147,TRAIN
3549,TRD103548,2026-08-16,SETTLED,INSTRUCTED,KOTAK-CUST,500,86315.0,SSI-IN-0203,TRAIN
3550,TRD103549,2026-08-15,SETTLED,INSTRUCTED,DEUTSCHE-BROKER,100,368980.0,SSI-DE-5510,TRAIN
3551,TRD103550,2026-08-05,SETTLED,INSTRUCTED,MORGANSTANLEY-BROKER,250,709355.0,SSI-US-7742,TRAIN
3552,TRD103551,2026-08-08,SETTLED,INSTRUCTED,NOMURA-BROKER,500,6462670.0,SSI-JP-3389,TEST
3553,TRD103552,2026-08-19,SETTLED,INSTRUCTED,KOTAK-CUST,200,336714.0,SSI-IN-0203,TRAIN
3554,TRD103553,2026-08-09,SETTLED,INSTRUCTED,HDFC-CUST,250,212035.0,SSI-IN-0147,TRAIN
3555,TRD103554,2026-08-16,SETTLED,INSTRUCTED,NOMURA-BROKER,1500,1762095.0,SSI-JP-3389,TRAIN
3556,TRD103555,2026-08-22,PENDING,INSTRUCTED,NOMURA-BROKER,1000,2842690.0,SSI-JP-3389,TRAIN
3557,TRD103556,2026-08-10,SETTLED,INSTRUCTED,KOTAK-CUST,750,351195.0,SSI-IN-0203,TEST
3558,TRD103557,2026-08-08,SETTLED,INSTRUCTED,ICICI-CUST,250,3258582.5,SSI-IN-0091,TRAIN
3559,TRD103558,2026-08-21,SETTLED,INSTRUCTED,MORGANSTANLEY-BROKER,1500,1865775.0,SSI-US-7742,TEST
3560,TRD103559,2026-08-17,SETTLED,INSTRUCTED,DEUTSCHE-BROKER,750,884490.0,SSI-DE-5510,TRAIN
3561,TRD103560,2026-08-12,SETTLED,INSTRUCTED,NOMURA-BROKER,1500,19407660.0,SSI-JP-3389,TRAIN
3562,TRD103561,2026-08-06,SETTLED,INSTRUCTED,NOMURA-BROKER,500,424815.0,SSI-JP-3389,TRAIN
3563,TRD103562,2026-08-13,SETTLED,INSTRUCTED,DEUTSCHE-BROKER,750,455550.0,SSI-DE-5510,TEST
3564,TRD103563,2026-08-03,SETTLED,INSTRUCTED,KOTAK-CUST,1500,2513220.0,SSI-IN-0203,TRAIN
3565,TRD103564,2026-08-09,SETTLED,INSTRUCTED,DEUTSCHE-BROKER,100,167346.0,SSI-DE-5510,TRAIN
3566,TRD103565,2026-08-22,SETTLED,INSTRUCTED,ICICI-CUST,250,714270.0,SSI-IN-0091,TRAIN
3567,TRD103566,2026-08-20,SETTLED,INSTRUCTED,ICICI-CUST,100,1299607.0,SSI-IN-0091,TRAIN
3568,TRD103567,2026-08-07,SETTLED,INSTRUCTED,ICICI-CUST,100,118134.0,SSI-IN-0091,TEST
3569,TRD103568,2026-08-21,SETTLED,INSTRUCTED,KOTAK-CUST,1000,1883410.0,SSI-IN-0203,TRAIN
3570,TRD103569,2026-08-16,SETTLED,INSTRUCTED,KOTAK-CUST,500,305990.0,SSI-IN-0203,TEST
3571,TRD103570,2026-08-07,SETTLED,INSTRUCTED,DEUTSCHE-BROKER,200,335290.0,SSI-DE-5510,TRAIN
3572,TRD103571,2026-08-16,SETTLED,INSTRUCTED,KOTAK-CUST,1500,1762290.0,SSI-IN-0203,TRAIN
3573,TRD103572,2026-08-10,SETTLED,INSTRUCTED,NOMURA-BROKER,1000,1950960.0,SSI-JP-3389,TRAIN
3574,TRD103573,2026-08-21,SETTLED,INSTRUCTED,KOTAK-CUST,750,635767.5,SSI-IN-0203,TRAIN
3575,TRD103574,2026-08-02,SETTLED,INSTRUCTED,NOMURA-BROKER,200,333782.0,SSI-JP-3389,TRAIN
3576,TRD103575,2026-08-12,SETTLED,INSTRUCTED,KOTAK-CUST,1000,845850.0,SSI-IN-0203,TRAIN
3577,TRD103576,2026-08-23,PENDING,INSTRUCTED,NOMURA-BROKER,250,424150.0,SSI-JP-3389,TRAIN
3578,TRD103577,2026-08-03,SETTLED,INSTRUCTED,KOTAK-CUST,2000,8251100.0,SSI-IN-0203,TRAIN
3579,TRD103578,2026-08-15,SETTLED,INSTRUCTED,ICICI-CUST,500,1431940.0,SSI-IN-0091,TRAIN
3580,TRD103579,2026-08-02,SETTLED,INSTRUCTED,KOTAK-CUST,1500,1852455.0,SSI-IN-0203,TEST
3581,TRD103580,2026-08-14,PENDING,MISSING,ICICI-CUST,1500,4134945.0,,TRAIN
3582,TRD103581,2026-08-13,SETTLED,INSTRUCTED,ICICI-CUST,200,168894.0,SSI-IN-0091,TRAIN
3583,TRD103582,2026-08-09,SETTLED,INSTRUCTED,NOMURA-BROKER,100,166796.0,SSI-JP-3389,TEST
3584,TRD103583,2026-08-03,SETTLED,INSTRUCTED,KOTAK-CUST,200,93608.0,SSI-IN-0203,TRAIN
3585,TRD103584,2026-08-11,SETTLED,INSTRUCTED,ICICI-CUST,250,210722.5,SSI-IN-0091,TRAIN
3586,TRD103585,2026-08-20,SETTLED,INSTRUCTED,KOTAK-CUST,1000,1177980.0,SSI-IN-0203,TRAIN
3587,TRD103586,2026-08-12,SETTLED,INSTRUCTED,NOMURA-BROKER,1000,1237250.0,SSI-JP-3389,TRAIN
3588,TRD103587,2026-08-04,SETTLED,INSTRUCTED,NOMURA-BROKER,2000,1684820.0,SSI-JP-3389,TRAIN
3589,TRD103588,2026-08-14,SETTLED,INSTRUCTED,MORGANSTANLEY-BROKER,750,459352.5,SSI-US-7742,TEST
3590,TRD103589,2026-08-19,SETTLED,INSTRUCTED,HDFC-CUST,1500,1273290.0,SSI-IN-0147,TRAIN
3591,TRD103590,2026-08-19,SETTLED,INSTRUCTED,DEUTSCHE-BROKER,2000,1217820.0,SSI-DE-5510,TEST
3592,TRD103591,2026-08-08,SETTLED,INSTRUCTED,HDFC-CUST,2000,1683580.0,SSI-IN-0147,TEST
3593,TRD103592,2026-08-12,PENDING,INSTRUCTED,ICICI-CUST,200,549350.0,SSI-IN-0091,TRAIN
3594,TRD103593,2026-08-15,SETTLED,INSTRUCTED,DEUTSCHE-BROKER,100,189226.0,SSI-DE-5510,TEST
3595,TRD103594,2026-08-21,SETTLED,INSTRUCTED,NOMURA-BROKER,250,419597.5,SSI-JP-3389,TRAIN
3596,TRD103595,2026-08-14,SETTLED,INSTRUCTED,KOTAK-CUST,250,684412.5,SSI-IN-0203,TEST
3597,TRD103596,2026-08-07,SETTLED,INSTRUCTED,DEUTSCHE-BROKER,250,471735.0,SSI-DE-5510,TRAIN
3598,TRD103597,2026-08-16,SETTLED,INSTRUCTED,DEUTSCHE-BROKER,250,294350.0,SSI-DE-5510,TRAIN
3599,TRD103598,2026-08-03,SETTLED,INSTRUCTED,HDFC-CUST,1000,1677740.0,SSI-IN-0147,TEST
3600,TRD103599,2026-08-02,SETTLED,INSTRUCTED,ICICI-CUST,200,568682.0,SSI-IN-0091,TRAIN
3601,TRD103600,2026-08-11,PENDING,MISSING,HDFC-CUST,250,418867.5,,TRAIN
3602,TRD103601,2026-08-18,SETTLED,INSTRUCTED,HDFC-CUST,200,93878.0,SSI-IN-0147,TRAIN
3603,TRD103602,2026-08-12,SETTLED,INSTRUCTED,KOTAK-CUST,1000,848660.0,SSI-IN-0203,TRAIN
3604,TRD103603,2026-08-16,SETTLED,INSTRUCTED,KOTAK-CUST,1500,257535.0,SSI-IN-0203,TRAIN
3605,TRD103604,2026-08-02,SETTLED,INSTRUCTED,NOMURA-BROKER,500,834455.0,SSI-JP-3389,TRAIN
3606,TRD103605,2026-08-07,SETTLED,INSTRUCTED,DEUTSCHE-BROKER,500,839055.0,SSI-DE-5510,TRAIN
3607,TRD103606,2026-08-08,SETTLED,INSTRUCTED,HDFC-CUST,2000,937500.0,SSI-IN-0147,TEST
3608,TRD103607,2026-08-14,SETTLED,INSTRUCTED,KOTAK-CUST,100,17323.0,SSI-IN-0203,TRAIN
3609,TRD103608,2026-08-19,SETTLED,INSTRUCTED,KOTAK-CUST,2000,343180.0,SSI-IN-0203,TRAIN
3610,TRD103609,2026-08-12,FAILED,INCORRECT,HDFC-CUST,100,168761.0,SSI-US-7742,TRAIN
3611,TRD103610,2026-08-03,SETTLED,INSTRUCTED,NOMURA-BROKER,750,1460685.0,SSI-JP-3389,TRAIN
3612,TRD103611,2026-08-17,SETTLED,INSTRUCTED,KOTAK-CUST,100,60811.0,SSI-IN-0203,TEST
3613,TRD103612,2026-08-15,SETTLED,INSTRUCTED,DEUTSCHE-BROKER,1000,468930.0,SSI-DE-5510,TRAIN
3614,TRD103613,2026-08-15,SETTLED,INSTRUCTED,HDFC-CUST,100,84849.0,SSI-IN-0147,TRAIN
3615,TRD103614,2026-08-18,FAILED,INCORRECT,NOMURA-BROKER,1500,2505030.0,SSI-US-7742,TEST
3616,TRD103615,2026-08-04,SETTLED,INSTRUCTED,KOTAK-CUST,750,129915.0,SSI-IN-0203,TRAIN
3617,TRD103616,2026-08-08,SETTLED,INSTRUCTED,ICICI-CUST,2000,1693660.0,SSI-IN-0091,TRAIN
3618,TRD103617,2026-08-21,SETTLED,INSTRUCTED,ICICI-CUST,750,459330.0,SSI-IN-0091,TRAIN
3619,TRD103618,2026-08-07,PENDING,INSTRUCTED,KOTAK-CUST,1000,2859450.0,SSI-IN-0203,TRAIN
3620,TRD103619,2026-08-15,SETTLED,INSTRUCTED,KOTAK-CUST,1500,19523565.0,SSI-IN-0203,TRAIN
3621,TRD103620,2026-08-10,SETTLED,INSTRUCTED,DEUTSCHE-BROKER,500,949645.0,SSI-DE-5510,TRAIN
3622,TRD103621,2026-08-20,FAILED,INCORRECT,NOMURA-BROKER,250,1032440.0,SSI-US-7742,TEST
3623,TRD103622,2026-08-12,SETTLED,INSTRUCTED,HDFC-CUST,750,634597.5,SSI-IN-0147,TRAIN
3624,TRD103623,2026-08-16,SETTLED,INSTRUCTED,DEUTSCHE-BROKER,200,568290.0,SSI-DE-5510,TRAIN
3625,TRD103624,2026-08-18,SETTLED,INSTRUCTED,NOMURA-BROKER,500,86500.0,SSI-JP-3389,TEST
3626,TRD103625,2026-08-22,SETTLED,INSTRUCTED,HDFC-CUST,250,311212.5,SSI-IN-0147,TRAIN
3627,TRD103626,2026-08-17,FAILED,INCORRECT,ICICI-CUST,2000,1223700.0,SSI-US-7742,TRAIN
3628,TRD103627,2026-08-19,SETTLED,INSTRUCTED,NOMURA-BROKER,2000,3351260.0,SSI-JP-3389,TEST
3629,TRD103628,2026-08-18,SETTLED,INSTRUCTED,ICICI-CUST,750,631455.0,SSI-IN-0091,TRAIN
3630,TRD103629,2026-08-10,SETTLED,INSTRUCTED,MORGANSTANLEY-BROKER,500,305780.0,SSI-US-7742,TRAIN
3631,TRD103630,2026-08-20,SETTLED,INSTRUCTED,MORGANSTANLEY-BROKER,2000,2487740.0,SSI-US-7742,TRAIN
3632,TRD103631,2026-08-17,SETTLED,INSTRUCTED,MORGANSTANLEY-BROKER,1000,2850940.0,SSI-US-7742,TEST
3633,TRD103632,2026-08-21,SETTLED,INSTRUCTED,DEUTSCHE-BROKER,500,841545.0,SSI-DE-5510,TRAIN
3634,TRD103633,2026-08-19,SETTLED,INSTRUCTED,ICICI-CUST,200,336560.0,SSI-IN-0091,TRAIN
3635,TRD103634,2026-08-02,SETTLED,INSTRUCTED,ICICI-CUST,1500,6174990.0,SSI-IN-0091,TRAIN
3636,TRD103635,2026-08-18,SETTLED,INSTRUCTED,DEUTSCHE-BROKER,1000,847570.0,SSI-DE-5510,TRAIN
3637,TRD103636,2026-08-13,SETTLED,INSTRUCTED,DEUTSCHE-BROKER,1500,702105.0,SSI-DE-5510,TEST
3638,TRD103637,2026-08-10,SETTLED,INSTRUCTED,ICICI-CUST,750,1417305.0,SSI-IN-0091,TRAIN
3639,TRD103638,2026-08-15,SETTLED,INSTRUCTED,MORGANSTANLEY-BROKER,2000,3375300.0,SSI-US-7742,TRAIN
3640,TRD103639,2026-08-15,SETTLED,INSTRUCTED,DEUTSCHE-BROKER,100,195291.0,SSI-DE-5510,TEST
3641,TRD103640,2026-08-11,SETTLED,INSTRUCTED,KOTAK-CUST,200,168534.0,SSI-IN-0203,TRAIN
3642,TRD103641,2026-08-02,SETTLED,INSTRUCTED,HDFC-CUST,2000,5514980.0,SSI-IN-0147,TRAIN
3643,TRD103642,2026-08-15,SETTLED,INSTRUCTED,ICICI-CUST,1500,5542980.0,SSI-IN-0091,TRAIN
3644,TRD103643,2026-08-04,SETTLED,INSTRUCTED,DEUTSCHE-BROKER,2000,26055340.0,SSI-DE-5510,TRAIN
3645,TRD103644,2026-08-21,SETTLED,INSTRUCTED,KOTAK-CUST,500,841360.0,SSI-IN-0203,TEST
3646,TRD103645,2026-08-15,SETTLED,INSTRUCTED,ICICI-CUST,500,86235.0,SSI-IN-0091,TRAIN
3647,TRD103646,2026-08-19,SETTLED,INSTRUCTED,MORGANSTANLEY-BROKER,1000,2751950.0,SSI-US-7742,TRAIN
3648,TRD103647,2026-08-08,SETTLED,INSTRUCTED,KOTAK-CUST,750,887370.0,SSI-IN-0203,TRAIN
3649,TRD103648,2026-08-21,PENDING,INSTRUCTED,MORGANSTANLEY-BROKER,200,392406.0,SSI-US-7742,TRAIN
3650,TRD103649,2026-08-06,SETTLED,INSTRUCTED,MORGANSTANLEY-BROKER,750,1415407.5,SSI-US-7742,TRAIN
3651,TRD103650,2026-08-10,SETTLED,INSTRUCTED,MORGANSTANLEY-BROKER,1000,1673340.0,SSI-US-7742,TRAIN
3652,TRD103651,2026-08-13,SETTLED,INSTRUCTED,DEUTSCHE-BROKER,100,84530.0,SSI-DE-5510,TEST
3653,TRD103652,2026-08-17,SETTLED,INSTRUCTED,NOMURA-BROKER,100,368284.0,SSI-JP-3389,TRAIN
3654,TRD103653,2026-08-20,SETTLED,INSTRUCTED,NOMURA-BROKER,100,196329.0,SSI-JP-3389,TRAIN
3655,TRD103654,2026-08-21,SETTLED,INSTRUCTED,KOTAK-CUST,1500,2918910.0,SSI-IN-0203,TRAIN
3656,TRD103655,2026-08-04,SETTLED,INSTRUCTED,KOTAK-CUST,100,196160.0,SSI-IN-0203,TEST
3657,TRD103656,2026-08-02,SETTLED,INSTRUCTED,DEUTSCHE-BROKER,750,2763165.0,SSI-DE-5510,TRAIN
3658,TRD103657,2026-08-20,SETTLED,INSTRUCTED,NOMURA-BROKER,100,188515.0,SSI-JP-3389,TEST
3659,TRD103658,2026-08-16,SETTLED,INSTRUCTED,KOTAK-CUST,750,351787.5,SSI-IN-0203,TRAIN
3660,TRD103659,2026-08-15,SETTLED,INSTRUCTED,NOMURA-BROKER,750,1460422.5,SSI-JP-3389,TRAIN
3661,TRD103660,2026-08-06,SETTLED,INSTRUCTED,MORGANSTANLEY-BROKER,100,167521.0,SSI-US-7742,TEST
3662,TRD103661,2026-08-19,PENDING,INSTRUCTED,HDFC-CUST,750,455962.5,SSI-IN-0147,TRAIN
3663,TRD103662,2026-08-22,SETTLED,INSTRUCTED,KOTAK-CUST,1500,2822160.0,SSI-IN-0203,TRAIN
3664,TRD103663,2026-08-17,SETTLED,INSTRUCTED,KOTAK-CUST,2000,3777580.0,SSI-IN-0203,TEST
3665,TRD103664,2026-08-02,SETTLED,INSTRUCTED,DEUTSCHE-BROKER,2000,25880160.0,SSI-DE-5510,TRAIN
3666,TRD103665,2026-08-22,SETTLED,INSTRUCTED,NOMURA-BROKER,500,6500200.0,SSI-JP-3389,TEST
3667,TRD103666,2026-08-18,SETTLED,INSTRUCTED,HDFC-CUST,200,823892.0,SSI-IN-0147,TEST
3668,TRD103667,2026-08-12,SETTLED,INSTRUCTED,MORGANSTANLEY-BROKER,1500,259515.0,SSI-US-7742,TRAIN
3669,TRD103668,2026-08-06,SETTLED,INSTRUCTED,HDFC-CUST,100,118537.0,SSI-IN-0147,TRAIN
3670,TRD103669,2026-08-17,PENDING,MISSING,ICICI-CUST,250,152160.0,,TRAIN
3671,TRD103670,2026-08-20,SETTLED,INSTRUCTED,ICICI-CUST,250,471290.0,SSI-IN-0091,TRAIN
3672,TRD103671,2026-08-19,SETTLED,INSTRUCTED,NOMURA-BROKER,750,636562.5,SSI-JP-3389,TRAIN
3673,TRD103672,2026-08-16,SETTLED,INSTRUCTED,MORGANSTANLEY-BROKER,750,1471320.0,SSI-US-7742,TRAIN
3674,TRD103673,2026-08-12,FAILED,INCORRECT,KOTAK-CUST,2000,8234960.0,SSI-JP-3389,TRAIN
3675,TRD103674,2026-08-08,SETTLED,INSTRUCTED,DEUTSCHE-BROKER,100,1302452.0,SSI-DE-5510,TRAIN
3676,TRD103675,2026-08-25,PENDING,INSTRUCTED,ICICI-CUST,200,235626.0,SSI-IN-0091,TRAIN
3677,TRD103676,2026-08-19,SETTLED,INSTRUCTED,HDFC-CUST,1500,5501880.0,SSI-IN-0147,TRAIN
3678,TRD103677,2026-08-06,SETTLED,INSTRUCTED,ICICI-CUST,500,845410.0,SSI-IN-0091,TRAIN
3679,TRD103678,2026-08-14,SETTLED,INSTRUCTED,NOMURA-BROKER,250,1027487.5,SSI-JP-3389,TRAIN
3680,TRD103679,2026-08-12,SETTLED,INSTRUCTED,NOMURA-BROKER,100,412619.0,SSI-JP-3389,TRAIN
3681,TRD103680,2026-08-05,SETTLED,INSTRUCTED,MORGANSTANLEY-BROKER,1500,2845305.0,SSI-US-7742,TRAIN
3682,TRD103681,2026-08-14,SETTLED,INSTRUCTED,DEUTSCHE-BROKER,2000,3892120.0,SSI-DE-5510,TRAIN
3683,TRD103682,2026-08-09,SETTLED,INSTRUCTED,DEUTSCHE-BROKER,2000,5705920.0,SSI-DE-5510,TRAIN
3684,TRD103683,2026-08-18,SETTLED,INSTRUCTED,NOMURA-BROKER,500,842865.0,SSI-JP-3389,TRAIN
3685,TRD103684,2026-08-09,SETTLED,INSTRUCTED,NOMURA-BROKER,2000,2370440.0,SSI-JP-3389,TEST
3686,TRD103685,2026-08-18,SETTLED,INSTRUCTED,MORGANSTANLEY-BROKER,2000,3374980.0,SSI-US-7742,TEST
3687,TRD103686,2026-08-16,SETTLED,INSTRUCTED,ICICI-CUST,1000,1672760.0,SSI-IN-0091,TRAIN
3688,TRD103687,2026-08-08,SETTLED,INSTRUCTED,ICICI-CUST,200,335932.0,SSI-IN-0091,TRAIN
3689,TRD103688,2026-08-12,SETTLED,INSTRUCTED,DEUTSCHE-BROKER,100,84713.0,SSI-DE-5510,TRAIN
3690,TRD103689,2026-08-21,SETTLED,INSTRUCTED,MORGANSTANLEY-BROKER,200,378154.0,SSI-US-7742,TRAIN
3691,TRD103690,2026-08-11,SETTLED,INSTRUCTED,KOTAK-CUST,750,456682.5,SSI-IN-0203,TEST
3692,TRD103691,2026-08-17,SETTLED,INSTRUCTED,ICICI-CUST,750,3077085.0,SSI-IN-0091,TRAIN
3693,TRD103692,2026-08-12,SETTLED,INSTRUCTED,ICICI-CUST,500,86635.0,SSI-IN-0091,TRAIN
3694,TRD103693,2026-08-22,SETTLED,INSTRUCTED,DEUTSCHE-BROKER,2000,7331880.0,SSI-DE-5510,TRAIN
3695,TRD103694,2026-08-16,PENDING,MISSING,MORGANSTANLEY-BROKER,2000,2369440.0,,TRAIN
3696,TRD103695,2026-08-11,SETTLED,INSTRUCTED,NOMURA-BROKER,250,3236307.5,SSI-JP-3389,TRAIN
3697,TRD103696,2026-08-17,SETTLED,INSTRUCTED,MORGANSTANLEY-BROKER,750,1264800.0,SSI-US-7742,TRAIN
3698,TRD103697,2026-08-15,SETTLED,INSTRUCTED,NOMURA-BROKER,500,86500.0,SSI-JP-3389,TRAIN
3699,TRD103698,2026-08-08,FAILED,INCORRECT,HDFC-CUST,100,1292372.0,SSI-US-7742,TRAIN
3700,TRD103699,2026-08-08,SETTLED,INSTRUCTED,ICICI-CUST,2000,3350600.0,SSI-IN-0091,TRAIN
3701,TRD103700,2026-08-07,SETTLED,INSTRUCTED,MORGANSTANLEY-BROKER,2000,1694700.0,SSI-US-7742,TEST
3702,TRD103701,2026-08-19,SETTLED,INSTRUCTED,NOMURA-BROKER,200,335070.0,SSI-JP-3389,TRAIN
3703,TRD103702,2026-08-13,SETTLED,INSTRUCTED,NOMURA-BROKER,200,377422.0,SSI-JP-3389,TRAIN
3704,TRD103703,2026-08-11,SETTLED,INSTRUCTED,ICICI-CUST,500,6472260.0,SSI-IN-0091,TRAIN
3705,TRD103704,2026-08-10,SETTLED,INSTRUCTED,MORGANSTANLEY-BROKER,1000,4125980.0,SSI-US-7742,TRAIN
3706,TRD103705,2026-08-16,SETTLED,INSTRUCTED,HDFC-CUST,1500,4098795.0,SSI-IN-0147,TEST
3707,TRD103706,2026-08-10,SETTLED,INSTRUCTED,DEUTSCHE-BROKER,1500,4132680.0,SSI-DE-5510,TRAIN
3708,TRD103707,2026-08-23,SETTLED,INSTRUCTED,ICICI-CUST,1000,845980.0,SSI-IN-0091,TRAIN
3709,TRD103708,2026-08-16,FAILED,INCORRECT,ICICI-CUST,200,121978.0,SSI-JP-3389,TRAIN
3710,TRD103709,2026-08-05,SETTLED,INSTRUCTED,DEUTSCHE-BROKER,250,470575.0,SSI-DE-5510,TRAIN
3711,TRD103710,2026-08-11,SETTLED,INSTRUCTED,KOTAK-CUST,200,34396.0,SSI-IN-0203,TRAIN
3712,TRD103711,2026-08-10,SETTLED,INSTRUCTED,MORGANSTANLEY-BROKER,100,61160.0,SSI-US-7742,TRAIN
3713,TRD103712,2026-08-06,SETTLED,INSTRUCTED,MORGANSTANLEY-BROKER,2000,5479540.0,SSI-US-7742,TRAIN
3714,TRD103713,2026-08-02,SETTLED,INSTRUCTED,HDFC-CUST,500,623325.0,SSI-IN-0147,TRAIN
3715,TRD103714,2026-08-22,SETTLED,INSTRUCTED,MORGANSTANLEY-BROKER,100,17258.0,SSI-US-7742,TRAIN
3716,TRD103715,2026-08-16,SETTLED,INSTRUCTED,DEUTSCHE-BROKER,500,2058635.0,SSI-DE-5510,TRAIN
3717,TRD103716,2026-08-05,SETTLED,INSTRUCTED,ICICI-CUST,1500,2533965.0,SSI-IN-0091,TRAIN
3718,TRD103717,2026-08-10,SETTLED,INSTRUCTED,HDFC-CUST,1500,919320.0,SSI-IN-0147,TRAIN
3719,TRD103718,2026-08-09,SETTLED,INSTRUCTED,KOTAK-CUST,250,683885.0,SSI-IN-0203,TRAIN
3720,TRD103719,2026-08-15,SETTLED,INSTRUCTED,MORGANSTANLEY-BROKER,500,86420.0,SSI-US-7742,TRAIN
3721,TRD103720,2026-08-02,SETTLED,INSTRUCTED,ICICI-CUST,1000,469450.0,SSI-IN-0091,TRAIN
3722,TRD103721,2026-08-22,SETTLED,INSTRUCTED,KOTAK-CUST,200,235642.0,SSI-IN-0203,TEST
3723,TRD103722,2026-08-21,SETTLED,INSTRUCTED,HDFC-CUST,750,3084187.5,SSI-IN-0147,TEST
3724,TRD103723,2026-08-11,SETTLED,INSTRUCTED,DEUTSCHE-BROKER,1000,2733590.0,SSI-DE-5510,TRAIN
3725,TRD103724,2026-08-14,SETTLED,INSTRUCTED,ICICI-CUST,750,128872.5,SSI-IN-0091,TRAIN
3726,TRD103725,2026-08-14,SETTLED,INSTRUCTED,HDFC-CUST,2000,3358820.0,SSI-IN-0147,TRAIN
3727,TRD103726,2026-08-23,SETTLED,INSTRUCTED,KOTAK-CUST,1500,919125.0,SSI-IN-0203,TEST
3728,TRD103727,2026-08-16,SETTLED,INSTRUCTED,DEUTSCHE-BROKER,250,488857.5,SSI-DE-5510,TRAIN
3729,TRD103728,2026-08-19,SETTLED,INSTRUCTED,KOTAK-CUST,100,123492.0,SSI-IN-0203,TRAIN
3730,TRD103729,2026-08-08,SETTLED,INSTRUCTED,KOTAK-CUST,1000,609390.0,SSI-IN-0203,TRAIN
3731,TRD103730,2026-08-07,SETTLED,INSTRUCTED,MORGANSTANLEY-BROKER,1500,258630.0,SSI-US-7742,TRAIN
3732,TRD103731,2026-08-09,SETTLED,INSTRUCTED,ICICI-CUST,2000,2487920.0,SSI-IN-0091,TEST
3733,TRD103732,2026-08-04,SETTLED,INSTRUCTED,KOTAK-CUST,1500,1865505.0,SSI-IN-0203,TRAIN
3734,TRD103733,2026-08-04,SETTLED,INSTRUCTED,ICICI-CUST,500,588055.0,SSI-IN-0091,TEST
3735,TRD103734,2026-08-12,SETTLED,INSTRUCTED,HDFC-CUST,2000,7366900.0,SSI-IN-0147,TRAIN
3736,TRD103735,2026-08-20,SETTLED,INSTRUCTED,KOTAK-CUST,100,1295268.0,SSI-IN-0203,TRAIN
3737,TRD103736,2026-08-15,SETTLED,INSTRUCTED,ICICI-CUST,2000,939220.0,SSI-IN-0091,TRAIN
3738,TRD103737,2026-08-07,PENDING,INSTRUCTED,ICICI-CUST,1000,610360.0,SSI-IN-0091,TRAIN
3739,TRD103738,2026-08-04,SETTLED,INSTRUCTED,KOTAK-CUST,750,3081480.0,SSI-IN-0203,TEST
3740,TRD103739,2026-08-19,SETTLED,INSTRUCTED,DEUTSCHE-BROKER,500,619985.0,SSI-DE-5510,TRAIN
3741,TRD103740,2026-08-19,SETTLED,INSTRUCTED,ICICI-CUST,100,274521.0,SSI-IN-0091,TRAIN
3742,TRD103741,2026-08-12,SETTLED,INSTRUCTED,DEUTSCHE-BROKER,1500,4281345.0,SSI-DE-5510,TRAIN
3743,TRD103742,2026-08-15,SETTLED,INSTRUCTED,NOMURA-BROKER,2000,1696940.0,SSI-JP-3389,TRAIN
3744,TRD103743,2026-08-08,SETTLED,INSTRUCTED,HDFC-CUST,1500,19532685.0,SSI-IN-0147,TRAIN
3745,TRD103744,2026-08-08,SETTLED,INSTRUCTED,ICICI-CUST,250,310842.5,SSI-IN-0091,TRAIN
3746,TRD103745,2026-08-07,SETTLED,INSTRUCTED,MORGANSTANLEY-BROKER,250,710452.5,SSI-US-7742,TRAIN
3747,TRD103746,2026-08-02,SETTLED,INSTRUCTED,NOMURA-BROKER,1000,1963720.0,SSI-JP-3389,TRAIN
3748,TRD103747,2026-08-05,PENDING,MISSING,KOTAK-CUST,750,1421137.5,,TRAIN
3749,TRD103748,2026-08-05,SETTLED,INSTRUCTED,KOTAK-CUST,1500,2535105.0,SSI-IN-0203,TRAIN
3750,TRD103749,2026-08-14,SETTLED,INSTRUCTED,DEUTSCHE-BROKER,250,210382.5,SSI-DE-5510,TRAIN
3751,TRD103750,2026-08-06,SETTLED,INSTRUCTED,KOTAK-CUST,250,3232952.5,SSI-IN-0203,TEST
3752,TRD103751,2026-08-20,SETTLED,INSTRUCTED,HDFC-CUST,500,424360.0,SSI-IN-0147,TRAIN
3753,TRD103752,2026-08-22,SETTLED,INSTRUCTED,ICICI-CUST,1000,2847020.0,SSI-IN-0091,TEST
3754,TRD103753,2026-08-08,SETTLED,INSTRUCTED,KOTAK-CUST,200,2585976.0,SSI-IN-0203,TEST
3755,TRD103754,2026-08-22,SETTLED,INSTRUCTED,HDFC-CUST,200,334010.0,SSI-IN-0147,TEST
3756,TRD103755,2026-08-05,FAILED,INCORRECT,HDFC-CUST,1500,5545365.0,SSI-IN-0091,TEST
3757,TRD103756,2026-08-15,SETTLED,INSTRUCTED,NOMURA-BROKER,750,457012.5,SSI-JP-3389,TRAIN
3758,TRD103757,2026-08-18,SETTLED,INSTRUCTED,DEUTSCHE-BROKER,500,943300.0,SSI-DE-5510,TRAIN
3759,TRD103758,2026-08-05,PENDING,INSTRUCTED,HDFC-CUST,2000,2358800.0,SSI-IN-0147,TEST
3760,TRD103759,2026-08-03,SETTLED,INSTRUCTED,NOMURA-BROKER,500,843235.0,SSI-JP-3389,TRAIN
3761,TRD103760,2026-08-17,SETTLED,INSTRUCTED,NOMURA-BROKER,2000,3385420.0,SSI-JP-3389,TEST
3762,TRD103761,2026-08-17,SETTLED,INSTRUCTED,HDFC-CUST,1000,1949390.0,SSI-IN-0147,TRAIN
3763,TRD103762,2026-08-07,SETTLED,INSTRUCTED,DEUTSCHE-BROKER,200,2591706.0,SSI-DE-5510,TRAIN
3764,TRD103763,2026-08-08,PENDING,INSTRUCTED,KOTAK-CUST,1000,12988140.0,SSI-IN-0203,TRAIN
3765,TRD103764,2026-08-22,SETTLED,INSTRUCTED,MORGANSTANLEY-BROKER,1000,1895740.0,SSI-US-7742,TRAIN
3766,TRD103765,2026-08-17,SETTLED,INSTRUCTED,KOTAK-CUST,750,1262797.5,SSI-IN-0203,TRAIN
3767,TRD103766,2026-08-16,SETTLED,INSTRUCTED,KOTAK-CUST,1000,1684640.0,SSI-IN-0203,TRAIN
3768,TRD103767,2026-08-12,SETTLED,INSTRUCTED,HDFC-CUST,1000,611370.0,SSI-IN-0147,TRAIN
3769,TRD103768,2026-08-06,SETTLED,INSTRUCTED,KOTAK-CUST,1000,2752410.0,SSI-IN-0203,TRAIN
3770,TRD103769,2026-08-12,SETTLED,INSTRUCTED,DEUTSCHE-BROKER,250,116987.5,SSI-DE-5510,TEST
3771,TRD103770,2026-08-15,SETTLED,INSTRUCTED,HDFC-CUST,2000,3925620.0,SSI-IN-0147,TRAIN
3772,TRD103771,2026-08-11,SETTLED,INSTRUCTED,DEUTSCHE-BROKER,500,623130.0,SSI-DE-5510,TRAIN
3773,TRD103772,2026-08-05,PENDING,MISSING,DEUTSCHE-BROKER,100,167374.0,,TRAIN
3774,TRD103773,2026-08-09,SETTLED,INSTRUCTED,MORGANSTANLEY-BROKER,2000,2362640.0,SSI-US-7742,TRAIN
3775,TRD103774,2026-08-18,SETTLED,INSTRUCTED,ICICI-CUST,1000,4135600.0,SSI-IN-0091,TRAIN
3776,TRD103775,2026-08-04,SETTLED,INSTRUCTED,ICICI-CUST,500,86395.0,SSI-IN-0091,TRAIN
3777,TRD103776,2026-08-14,SETTLED,INSTRUCTED,ICICI-CUST,500,234390.0,SSI-IN-0091,TRAIN
3778,TRD103777,2026-08-10,SETTLED,INSTRUCTED,MORGANSTANLEY-BROKER,100,275776.0,SSI-US-7742,TRAIN
3779,TRD103778,2026-08-06,FAILED,INCORRECT,DEUTSCHE-BROKER,100,368221.0,SSI-US-7742,TRAIN
3780,TRD103779,2026-08-11,SETTLED,INSTRUCTED,DEUTSCHE-BROKER,250,1035125.0,SSI-DE-5510,TRAIN
3781,TRD103780,2026-08-12,SETTLED,INSTRUCTED,NOMURA-BROKER,2000,5485540.0,SSI-JP-3389,TRAIN
3782,TRD103781,2026-08-11,SETTLED,INSTRUCTED,KOTAK-CUST,250,152417.5,SSI-IN-0203,TRAIN
3783,TRD103782,2026-08-16,SETTLED,INSTRUCTED,HDFC-CUST,500,86310.0,SSI-IN-0147,TRAIN
3784,TRD103783,2026-08-10,SETTLED,INSTRUCTED,MORGANSTANLEY-BROKER,1500,2520855.0,SSI-US-7742,TRAIN
3785,TRD103784,2026-08-14,SETTLED,INSTRUCTED,NOMURA-BROKER,1500,2841195.0,SSI-JP-3389,TRAIN
3786,TRD103785,2026-08-02,FAILED,INCORRECT,DEUTSCHE-BROKER,1500,6178125.0,SSI-US-7742,TRAIN
3787,TRD103786,2026-08-03,SETTLED,INSTRUCTED,ICICI-CUST,500,423225.0,SSI-IN-0091,TRAIN
3788,TRD103787,2026-08-20,SETTLED,INSTRUCTED,ICICI-CUST,1000,1895690.0,SSI-IN-0091,TRAIN
3789,TRD103788,2026-08-10,SETTLED,INSTRUCTED,NOMURA-BROKER,500,1373730.0,SSI-JP-3389,TRAIN
3790,TRD103789,2026-08-10,SETTLED,INSTRUCTED,HDFC-CUST,500,835350.0,SSI-IN-0147,TRAIN
3791,TRD103790,2026-08-08,SETTLED,INSTRUCTED,NOMURA-BROKER,2000,26000700.0,SSI-JP-3389,TRAIN
3792,TRD103791,2026-08-19,SETTLED,INSTRUCTED,NOMURA-BROKER,100,124484.0,SSI-JP-3389,TRAIN
3793,TRD103792,2026-08-15,PENDING,MISSING,DEUTSCHE-BROKER,100,61313.0,,TRAIN
3794,TRD103793,2026-08-04,SETTLED,INSTRUCTED,ICICI-CUST,750,3103192.5,SSI-IN-0091,TRAIN
3795,TRD103794,2026-08-03,SETTLED,INSTRUCTED,KOTAK-CUST,200,248834.0,SSI-IN-0203,TRAIN
3796,TRD103795,2026-08-06,SETTLED,INSTRUCTED,DEUTSCHE-BROKER,1500,2845470.0,SSI-DE-5510,TRAIN
3797,TRD103796,2026-08-06,SETTLED,INSTRUCTED,ICICI-CUST,100,17201.0,SSI-IN-0091,TRAIN
3798,TRD103797,2026-08-10,SETTLED,INSTRUCTED,HDFC-CUST,1000,3672880.0,SSI-IN-0147,TEST
3799,TRD103798,2026-08-03,SETTLED,INSTRUCTED,NOMURA-BROKER,500,421000.0,SSI-JP-3389,TRAIN
3800,TRD103799,2026-08-19,SETTLED,INSTRUCTED,DEUTSCHE-BROKER,200,93504.0,SSI-DE-5510,TRAIN
3801,TRD103800,2026-08-04,SETTLED,INSTRUCTED,DEUTSCHE-BROKER,2000,1684420.0,SSI-DE-5510,TRAIN
3802,TRD103801,2026-08-05,SETTLED,INSTRUCTED,MORGANSTANLEY-BROKER,250,43235.0,SSI-US-7742,TEST
3803,TRD103802,2026-08-02,SETTLED,INSTRUCTED,HDFC-CUST,750,1423485.0,SSI-IN-0147,TRAIN
3804,TRD103803,2026-08-19,SETTLED,INSTRUCTED,DEUTSCHE-BROKER,200,821122.0,SSI-DE-5510,TRAIN
3805,TRD103804,2026-08-04,SETTLED,INSTRUCTED,MORGANSTANLEY-BROKER,2000,3797000.0,SSI-US-7742,TRAIN
3806,TRD103805,2026-08-11,SETTLED,INSTRUCTED,DEUTSCHE-BROKER,1000,468860.0,SSI-DE-5510,TRAIN
3807,TRD103806,2026-08-22,SETTLED,INSTRUCTED,DEUTSCHE-BROKER,200,333490.0,SSI-DE-5510,TRAIN
3808,TRD103807,2026-08-20,SETTLED,INSTRUCTED,KOTAK-CUST,1500,2922465.0,SSI-IN-0203,TRAIN
3809,TRD103808,2026-08-11,SETTLED,INSTRUCTED,ICICI-CUST,250,487062.5,SSI-IN-0091,TEST
3810,TRD103809,2026-08-03,SETTLED,INSTRUCTED,DEUTSCHE-BROKER,1000,4109120.0,SSI-DE-5510,TRAIN
3811,TRD103810,2026-08-10,SETTLED,INSTRUCTED,KOTAK-CUST,200,337764.0,SSI-IN-0203,TRAIN
3812,TRD103811,2026-08-17,SETTLED,INSTRUCTED,NOMURA-BROKER,250,211945.0,SSI-JP-3389,TRAIN
3813,TRD103812,2026-08-11,SETTLED,INSTRUCTED,DEUTSCHE-BROKER,250,713572.5,SSI-DE-5510,TRAIN
3814,TRD103813,2026-08-13,SETTLED,INSTRUCTED,DEUTSCHE-BROKER,750,885367.5,SSI-DE-5510,TRAIN
3815,TRD103814,2026-08-02,SETTLED,INSTRUCTED,KOTAK-CUST,500,1848930.0,SSI-IN-0203,TRAIN
3816,TRD103815,2026-08-14,SETTLED,INSTRUCTED,HDFC-CUST,2000,3375660.0,SSI-IN-0147,TRAIN
3817,TRD103816,2026-08-07,SETTLED,INSTRUCTED,DEUTSCHE-BROKER,750,2067157.5,SSI-DE-5510,TRAIN
3818,TRD103817,2026-08-22,SETTLED,INSTRUCTED,KOTAK-CUST,1500,2832735.0,SSI-IN-0203,TRAIN
3819,TRD103818,2026-08-02,SETTLED,INSTRUCTED,DEUTSCHE-BROKER,750,2135370.0,SSI-DE-5510,TRAIN
3820,TRD103819,2026-08-22,PENDING,MISSING,KOTAK-CUST,750,3101655.0,,TEST
3821,TRD103820,2026-08-15,SETTLED,INSTRUCTED,HDFC-CUST,1500,4276140.0,SSI-IN-0147,TEST
3822,TRD103821,2026-08-05,SETTLED,INSTRUCTED,ICICI-CUST,2000,5506460.0,SSI-IN-0091,TRAIN
3823,TRD103822,2026-08-05,SETTLED,INSTRUCTED,DEUTSCHE-BROKER,100,169331.0,SSI-DE-5510,TRAIN
3824,TRD103823,2026-08-08,SETTLED,INSTRUCTED,MORGANSTANLEY-BROKER,2000,5695740.0,SSI-US-7742,TEST
3825,TRD103824,2026-08-11,PENDING,INSTRUCTED,MORGANSTANLEY-BROKER,250,210640.0,SSI-US-7742,TRAIN
3826,TRD103825,2026-08-19,SETTLED,INSTRUCTED,KOTAK-CUST,250,471555.0,SSI-IN-0203,TRAIN
3827,TRD103826,2026-08-13,SETTLED,INSTRUCTED,MORGANSTANLEY-BROKER,250,3245845.0,SSI-US-7742,TRAIN
3828,TRD103827,2026-08-19,SETTLED,INSTRUCTED,KOTAK-CUST,750,2129160.0,SSI-IN-0203,TRAIN
3829,TRD103828,2026-08-05,SETTLED,INSTRUCTED,NOMURA-BROKER,1000,1681730.0,SSI-JP-3389,TRAIN
3830,TRD103829,2026-08-12,SETTLED,INSTRUCTED,HDFC-CUST,100,84836.0,SSI-IN-0147,TRAIN
3831,TRD103830,2026-08-22,SETTLED,INSTRUCTED,MORGANSTANLEY-BROKER,250,42967.5,SSI-US-7742,TRAIN
3832,TRD103831,2026-08-22,SETTLED,INSTRUCTED,NOMURA-BROKER,1500,4109715.0,SSI-JP-3389,TRAIN
3833,TRD103832,2026-08-16,SETTLED,INSTRUCTED,MORGANSTANLEY-BROKER,100,368379.0,SSI-US-7742,TEST
3834,TRD103833,2026-08-02,SETTLED,INSTRUCTED,KOTAK-CUST,100,189694.0,SSI-IN-0203,TRAIN
3835,TRD103834,2026-08-04,SETTLED,INSTRUCTED,MORGANSTANLEY-BROKER,1000,172010.0,SSI-US-7742,TRAIN
3836,TRD103835,2026-08-10,SETTLED,INSTRUCTED,KOTAK-CUST,200,551480.0,SSI-IN-0203,TRAIN
3837,TRD103836,2026-08-22,SETTLED,INSTRUCTED,HDFC-CUST,2000,5479540.0,SSI-IN-0147,TEST
3838,TRD103837,2026-08-09,SETTLED,INSTRUCTED,KOTAK-CUST,500,2050540.0,SSI-IN-0203,TRAIN
3839,TRD103838,2026-08-20,SETTLED,INSTRUCTED,ICICI-CUST,500,977505.0,SSI-IN-0091,TRAIN
3840,TRD103839,2026-08-09,SETTLED,INSTRUCTED,NOMURA-BROKER,2000,3342040.0,SSI-JP-3389,TRAIN
3841,TRD103840,2026-08-13,SETTLED,INSTRUCTED,DEUTSCHE-BROKER,1000,846040.0,SSI-DE-5510,TRAIN
3842,TRD103841,2026-08-10,SETTLED,INSTRUCTED,HDFC-CUST,100,61062.0,SSI-IN-0147,TRAIN
3843,TRD103842,2026-08-03,PENDING,MISSING,NOMURA-BROKER,1500,1771545.0,,TRAIN
3844,TRD103843,2026-08-19,SETTLED,INSTRUCTED,DEUTSCHE-BROKER,250,43120.0,SSI-DE-5510,TRAIN
3845,TRD103844,2026-08-15,FAILED,INCORRECT,DEUTSCHE-BROKER,100,411616.0,SSI-IN-0091,TEST
3846,TRD103845,2026-08-03,SETTLED,INSTRUCTED,ICICI-CUST,750,351225.0,SSI-IN-0091,TRAIN
3847,TRD103846,2026-08-09,SETTLED,INSTRUCTED,DEUTSCHE-BROKER,2000,3777360.0,SSI-DE-5510,TRAIN
3848,TRD103847,2026-08-09,SETTLED,INSTRUCTED,NOMURA-BROKER,100,117600.0,SSI-JP-3389,TRAIN
3849,TRD103848,2026-08-21,SETTLED,INSTRUCTED,MORGANSTANLEY-BROKER,2000,3357860.0,SSI-US-7742,TRAIN
3850,TRD103849,2026-08-17,SETTLED,INSTRUCTED,HDFC-CUST,750,928747.5,SSI-IN-0147,TEST
3851,TRD103850,2026-08-12,PENDING,INSTRUCTED,NOMURA-BROKER,750,2764950.0,SSI-JP-3389,TRAIN
3852,TRD103851,2026-08-02,SETTLED,INSTRUCTED,ICICI-CUST,500,943275.0,SSI-IN-0091,TRAIN
3853,TRD103852,2026-08-12,SETTLED,INSTRUCTED,KOTAK-CUST,250,117000.0,SSI-IN-0203,TRAIN
3854,TRD103853,2026-08-12,SETTLED,INSTRUCTED,KOTAK-CUST,200,235644.0,SSI-IN-0203,TRAIN
3855,TRD103854,2026-08-17,SETTLED,INSTRUCTED,MORGANSTANLEY-BROKER,100,1296497.0,SSI-US-7742,TRAIN
3856,TRD103855,2026-08-16,SETTLED,INSTRUCTED,ICICI-CUST,750,1412970.0,SSI-IN-0091,TEST
3857,TRD103856,2026-08-12,SETTLED,INSTRUCTED,NOMURA-BROKER,250,419305.0,SSI-JP-3389,TEST
3858,TRD103857,2026-08-12,SETTLED,INSTRUCTED,NOMURA-BROKER,500,948440.0,SSI-JP-3389,TEST
3859,TRD103858,2026-08-07,SETTLED,INSTRUCTED,MORGANSTANLEY-BROKER,100,167151.0,SSI-US-7742,TRAIN
3860,TRD103859,2026-08-05,SETTLED,INSTRUCTED,DEUTSCHE-BROKER,200,377844.0,SSI-DE-5510,TRAIN
3861,TRD103860,2026-08-02,SETTLED,INSTRUCTED,KOTAK-CUST,250,296035.0,SSI-IN-0203,TRAIN
3862,TRD103861,2026-08-13,SETTLED,INSTRUCTED,NOMURA-BROKER,250,117700.0,SSI-JP-3389,TRAIN
3863,TRD103862,2026-08-08,SETTLED,INSTRUCTED,DEUTSCHE-BROKER,1500,258375.0,SSI-DE-5510,TRAIN
3864,TRD103863,2026-08-03,SETTLED,INSTRUCTED,HDFC-CUST,250,420137.5,SSI-IN-0147,TRAIN
3865,TRD103864,2026-08-11,SETTLED,INSTRUCTED,MORGANSTANLEY-BROKER,250,295062.5,SSI-US-7742,TEST
3866,TRD103865,2026-08-05,SETTLED,INSTRUCTED,NOMURA-BROKER,250,470425.0,SSI-JP-3389,TRAIN
3867,TRD103866,2026-08-08,SETTLED,INSTRUCTED,KOTAK-CUST,500,590970.0,SSI-IN-0203,TEST
3868,TRD103867,2026-08-03,SETTLED,INSTRUCTED,ICICI-CUST,2000,2350700.0,SSI-IN-0091,TRAIN
3869,TRD103868,2026-08-14,SETTLED,INSTRUCTED,HDFC-CUST,1000,1888980.0,SSI-IN-0147,TRAIN
3870,TRD103869,2026-08-04,SETTLED,INSTRUCTED,MORGANSTANLEY-BROKER,750,1270335.0,SSI-US-7742,TRAIN
3871,TRD103870,2026-08-16,SETTLED,INSTRUCTED,MORGANSTANLEY-BROKER,750,880785.0,SSI-US-7742,TRAIN
3872,TRD103871,2026-08-13,SETTLED,INSTRUCTED,NOMURA-BROKER,750,2144160.0,SSI-JP-3389,TRAIN
3873,TRD103872,2026-08-14,SETTLED,INSTRUCTED,NOMURA-BROKER,500,303900.0,SSI-JP-3389,TRAIN
3874,TRD103873,2026-08-14,SETTLED,INSTRUCTED,KOTAK-CUST,200,34416.0,SSI-IN-0203,TRAIN
3875,TRD103874,2026-08-05,PENDING,MISSING,MORGANSTANLEY-BROKER,500,6486360.0,,TRAIN
3876,TRD103875,2026-08-20,PENDING,INSTRUCTED,DEUTSCHE-BROKER,200,336448.0,SSI-DE-5510,TRAIN
3877,TRD103876,2026-08-13,SETTLED,INSTRUCTED,HDFC-CUST,1500,914055.0,SSI-IN-0147,TRAIN
3878,TRD103877,2026-08-20,SETTLED,INSTRUCTED,HDFC-CUST,250,1025310.0,SSI-IN-0147,TRAIN
3879,TRD103878,2026-08-04,SETTLED,INSTRUCTED,NOMURA-BROKER,100,46846.0,SSI-JP-3389,TRAIN
3880,TRD103879,2026-08-05,SETTLED,INSTRUCTED,DEUTSCHE-BROKER,500,941080.0,SSI-DE-5510,TRAIN
3881,TRD103880,2026-08-17,SETTLED,INSTRUCTED,NOMURA-BROKER,1500,4281270.0,SSI-JP-3389,TRAIN
3882,TRD103881,2026-08-08,SETTLED,INSTRUCTED,NOMURA-BROKER,500,421260.0,SSI-JP-3389,TRAIN
3883,TRD103882,2026-08-04,SETTLED,INSTRUCTED,HDFC-CUST,1000,3683310.0,SSI-IN-0147,TRAIN
3884,TRD103883,2026-08-17,SETTLED,INSTRUCTED,ICICI-CUST,1000,1954020.0,SSI-IN-0091,TRAIN
3885,TRD103884,2026-08-08,SETTLED,INSTRUCTED,ICICI-CUST,250,3248447.5,SSI-IN-0091,TEST
3886,TRD103885,2026-08-12,SETTLED,INSTRUCTED,HDFC-CUST,500,305035.0,SSI-IN-0147,TRAIN
3887,TRD103886,2026-08-10,SETTLED,INSTRUCTED,DEUTSCHE-BROKER,200,121712.0,SSI-DE-5510,TRAIN
3888,TRD103887,2026-08-17,PENDING,MISSING,MORGANSTANLEY-BROKER,500,842045.0,,TRAIN
3889,TRD103888,2026-08-17,SETTLED,INSTRUCTED,DEUTSCHE-BROKER,500,235155.0,SSI-DE-5510,TRAIN
3890,TRD103889,2026-08-18,SETTLED,INSTRUCTED,HDFC-CUST,1000,173130.0,SSI-IN-0147,TRAIN
3891,TRD103890,2026-08-02,SETTLED,INSTRUCTED,DEUTSCHE-BROKER,750,3095730.0,SSI-DE-5510,TRAIN
3892,TRD103891,2026-08-07,SETTLED,INSTRUCTED,DEUTSCHE-BROKER,1500,914550.0,SSI-DE-5510,TRAIN
3893,TRD103892,2026-08-06,SETTLED,INSTRUCTED,DEUTSCHE-BROKER,1000,12923360.0,SSI-DE-5510,TRAIN
3894,TRD103893,2026-08-09,SETTLED,INSTRUCTED,DEUTSCHE-BROKER,1000,843240.0,SSI-DE-5510,TRAIN
3895,TRD103894,2026-08-15,SETTLED,INSTRUCTED,KOTAK-CUST,1500,1269840.0,SSI-IN-0203,TRAIN
3896,TRD103895,2026-08-10,SETTLED,INSTRUCTED,MORGANSTANLEY-BROKER,1500,1764345.0,SSI-US-7742,TRAIN
3897,TRD103896,2026-08-15,SETTLED,INSTRUCTED,NOMURA-BROKER,200,2583582.0,SSI-JP-3389,TRAIN
3898,TRD103897,2026-08-20,SETTLED,INSTRUCTED,DEUTSCHE-BROKER,1500,4279110.0,SSI-DE-5510,TRAIN
3899,TRD103898,2026-08-06,SETTLED,INSTRUCTED,NOMURA-BROKER,1000,3693350.0,SSI-JP-3389,TRAIN
3900,TRD103899,2026-08-15,SETTLED,INSTRUCTED,NOMURA-BROKER,250,688120.0,SSI-JP-3389,TRAIN
3901,TRD103900,2026-08-02,PENDING,MISSING,MORGANSTANLEY-BROKER,500,591540.0,,TRAIN
3902,TRD103901,2026-08-04,SETTLED,INSTRUCTED,HDFC-CUST,750,934012.5,SSI-IN-0147,TRAIN
3903,TRD103902,2026-08-07,SETTLED,INSTRUCTED,HDFC-CUST,1000,1697180.0,SSI-IN-0147,TRAIN
3904,TRD103903,2026-08-02,SETTLED,INSTRUCTED,KOTAK-CUST,2000,344760.0,SSI-IN-0203,TRAIN
3905,TRD103904,2026-08-06,SETTLED,INSTRUCTED,KOTAK-CUST,2000,1225060.0,SSI-IN-0203,TRAIN
3906,TRD103905,2026-08-08,SETTLED,INSTRUCTED,HDFC-CUST,100,61010.0,SSI-IN-0147,TRAIN
3907,TRD103906,2026-08-06,SETTLED,INSTRUCTED,HDFC-CUST,2000,2482980.0,SSI-IN-0147,TRAIN
3908,TRD103907,2026-08-25,PENDING,INSTRUCTED,NOMURA-BROKER,250,489870.0,SSI-JP-3389,TEST
3909,TRD103908,2026-08-16,SETTLED,INSTRUCTED,ICICI-CUST,1500,6180405.0,SSI-IN-0091,TRAIN
3910,TRD103909,2026-08-18,PENDING,MISSING,DEUTSCHE-BROKER,500,846645.0,,TRAIN
3911,TRD103910,2026-08-06,SETTLED,INSTRUCTED,ICICI-CUST,200,828176.0,SSI-IN-0091,TRAIN
3912,TRD103911,2026-08-10,SETTLED,INSTRUCTED,MORGANSTANLEY-BROKER,750,2749800.0,SSI-US-7742,TEST
3913,TRD103912,2026-08-16,SETTLED,INSTRUCTED,NOMURA-BROKER,500,1371740.0,SSI-JP-3389,TRAIN
3914,TRD103913,2026-08-19,PENDING,MISSING,MORGANSTANLEY-BROKER,250,689410.0,,TRAIN
3915,TRD103914,2026-08-14,SETTLED,INSTRUCTED,ICICI-CUST,200,122310.0,SSI-IN-0091,TRAIN
3916,TRD103915,2026-08-21,SETTLED,INSTRUCTED,HDFC-CUST,750,888645.0,SSI-IN-0147,TRAIN
3917,TRD103916,2026-08-03,SETTLED,INSTRUCTED,ICICI-CUST,1500,258105.0,SSI-IN-0091,TRAIN
3918,TRD103917,2026-08-04,SETTLED,INSTRUCTED,MORGANSTANLEY-BROKER,1000,1244070.0,SSI-US-7742,TEST
3919,TRD103918,2026-08-12,SETTLED,INSTRUCTED,KOTAK-CUST,100,283846.0,SSI-IN-0203,TRAIN
3920,TRD103919,2026-08-18,SETTLED,INSTRUCTED,NOMURA-BROKER,1000,470250.0,SSI-JP-3389,TEST
3921,TRD103920,2026-08-22,SETTLED,INSTRUCTED,ICICI-CUST,100,167161.0,SSI-IN-0091,TRAIN
3922,TRD103921,2026-08-13,SETTLED,INSTRUCTED,DEUTSCHE-BROKER,750,2132362.5,SSI-DE-5510,TRAIN
3923,TRD103922,2026-08-08,SETTLED,INSTRUCTED,MORGANSTANLEY-BROKER,500,2067250.0,SSI-US-7742,TRAIN
3924,TRD103923,2026-08-16,SETTLED,INSTRUCTED,KOTAK-CUST,500,1839660.0,SSI-IN-0203,TRAIN
3925,TRD103924,2026-08-02,SETTLED,INSTRUCTED,ICICI-CUST,100,167729.0,SSI-IN-0091,TRAIN
3926,TRD103925,2026-08-17,FAILED,INCORRECT,DEUTSCHE-BROKER,750,1267132.5,SSI-JP-3389,TEST
3927,TRD103926,2026-08-16,SETTLED,INSTRUCTED,NOMURA-BROKER,100,410652.0,SSI-JP-3389,TRAIN
3928,TRD103927,2026-08-10,PENDING,INSTRUCTED,DEUTSCHE-BROKER,500,86210.0,SSI-DE-5510,TEST
3929,TRD103928,2026-08-18,SETTLED,INSTRUCTED,DEUTSCHE-BROKER,1500,1267440.0,SSI-DE-5510,TRAIN
3930,TRD103929,2026-08-14,SETTLED,INSTRUCTED,DEUTSCHE-BROKER,2000,2368200.0,SSI-DE-5510,TRAIN
3931,TRD103930,2026-08-04,SETTLED,INSTRUCTED,DEUTSCHE-BROKER,500,974525.0,SSI-DE-5510,TRAIN
3932,TRD103931,2026-08-19,SETTLED,INSTRUCTED,HDFC-CUST,100,1295830.0,SSI-IN-0147,TRAIN
3933,TRD103932,2026-08-04,SETTLED,INSTRUCTED,MORGANSTANLEY-BROKER,1000,1242580.0,SSI-US-7742,TRAIN
3934,TRD103933,2026-08-19,SETTLED,INSTRUCTED,KOTAK-CUST,2000,1694680.0,SSI-IN-0203,TRAIN
3935,TRD103934,2026-08-20,SETTLED,INSTRUCTED,MORGANSTANLEY-BROKER,500,838260.0,SSI-US-7742,TRAIN
3936,TRD103935,2026-08-06,SETTLED,INSTRUCTED,ICICI-CUST,1500,2832615.0,SSI-IN-0091,TRAIN
3937,TRD103936,2026-08-12,SETTLED,INSTRUCTED,MORGANSTANLEY-BROKER,100,84193.0,SSI-US-7742,TRAIN
3938,TRD103937,2026-08-08,SETTLED,INSTRUCTED,ICICI-CUST,2000,3384340.0,SSI-IN-0091,TRAIN
3939,TRD103938,2026-08-16,SETTLED,INSTRUCTED,HDFC-CUST,1000,1884710.0,SSI-IN-0147,TRAIN
3940,TRD103939,2026-08-04,SETTLED,INSTRUCTED,NOMURA-BROKER,500,843130.0,SSI-JP-3389,TRAIN
3941,TRD103940,2026-08-18,SETTLED,INSTRUCTED,KOTAK-CUST,1000,1883230.0,SSI-IN-0203,TRAIN
3942,TRD103941,2026-08-19,SETTLED,INSTRUCTED,DEUTSCHE-BROKER,500,2050165.0,SSI-DE-5510,TRAIN
3943,TRD103942,2026-08-02,SETTLED,INSTRUCTED,NOMURA-BROKER,2000,7332700.0,SSI-JP-3389,TRAIN
3944,TRD103943,2026-08-17,SETTLED,INSTRUCTED,DEUTSCHE-BROKER,250,924180.0,SSI-DE-5510,TRAIN
3945,TRD103944,2026-08-06,SETTLED,INSTRUCTED,NOMURA-BROKER,750,3079440.0,SSI-JP-3389,TRAIN
3946,TRD103945,2026-08-03,SETTLED,INSTRUCTED,ICICI-CUST,100,167989.0,SSI-IN-0091,TRAIN
3947,TRD103946,2026-08-06,SETTLED,INSTRUCTED,NOMURA-BROKER,200,376352.0,SSI-JP-3389,TRAIN
3948,TRD103947,2026-08-17,SETTLED,INSTRUCTED,HDFC-CUST,750,1258597.5,SSI-IN-0147,TRAIN
3949,TRD103948,2026-08-16,SETTLED,INSTRUCTED,DEUTSCHE-BROKER,2000,1224960.0,SSI-DE-5510,TEST
3950,TRD103949,2026-08-20,PENDING,MISSING,NOMURA-BROKER,200,34552.0,,TRAIN
3951,TRD103950,2026-08-15,SETTLED,INSTRUCTED,KOTAK-CUST,1000,1693950.0,SSI-IN-0203,TEST
3952,TRD103951,2026-08-03,SETTLED,INSTRUCTED,MORGANSTANLEY-BROKER,2000,5486080.0,SSI-US-7742,TEST
3953,TRD103952,2026-08-02,SETTLED,INSTRUCTED,ICICI-CUST,750,1259902.5,SSI-IN-0091,TRAIN
3954,TRD103953,2026-08-14,SETTLED,INSTRUCTED,NOMURA-BROKER,750,1424032.5,SSI-JP-3389,TRAIN
3955,TRD103954,2026-08-07,SETTLED,INSTRUCTED,HDFC-CUST,2000,5498020.0,SSI-IN-0147,TRAIN
3956,TRD103955,2026-08-21,SETTLED,INSTRUCTED,NOMURA-BROKER,750,2053927.5,SSI-JP-3389,TRAIN
3957,TRD103956,2026-08-17,SETTLED,INSTRUCTED,NOMURA-BROKER,1000,2856010.0,SSI-JP-3389,TRAIN
3958,TRD103957,2026-08-22,SETTLED,INSTRUCTED,MORGANSTANLEY-BROKER,200,569156.0,SSI-US-7742,TRAIN
3959,TRD103958,2026-08-05,SETTLED,INSTRUCTED,ICICI-CUST,1000,171650.0,SSI-IN-0091,TRAIN
3960,TRD103959,2026-08-02,SETTLED,INSTRUCTED,MORGANSTANLEY-BROKER,250,152465.0,SSI-US-7742,TRAIN
3961,TRD103960,2026-08-08,SETTLED,INSTRUCTED,NOMURA-BROKER,1000,1691420.0,SSI-JP-3389,TEST
3962,TRD103961,2026-08-19,SETTLED,INSTRUCTED,HDFC-CUST,1000,172620.0,SSI-IN-0147,TRAIN
3963,TRD103962,2026-08-04,SETTLED,INSTRUCTED,MORGANSTANLEY-BROKER,500,619520.0,SSI-US-7742,TRAIN
3964,TRD103963,2026-08-04,SETTLED,INSTRUCTED,KOTAK-CUST,1500,1860675.0,SSI-IN-0203,TEST
3965,TRD103964,2026-08-14,SETTLED,INSTRUCTED,KOTAK-CUST,1500,259935.0,SSI-IN-0203,TRAIN
3966,TRD103965,2026-08-17,SETTLED,INSTRUCTED,NOMURA-BROKER,500,1419430.0,SSI-JP-3389,TRAIN
3967,TRD103966,2026-08-18,SETTLED,INSTRUCTED,HDFC-CUST,1000,1684420.0,SSI-IN-0147,TEST
3968,TRD103967,2026-08-20,SETTLED,INSTRUCTED,HDFC-CUST,1000,3671460.0,SSI-IN-0147,TRAIN
3969,TRD103968,2026-08-03,SETTLED,INSTRUCTED,NOMURA-BROKER,100,123508.0,SSI-JP-3389,TRAIN
3970,TRD103969,2026-08-04,SETTLED,INSTRUCTED,KOTAK-CUST,1500,5529285.0,SSI-IN-0203,TRAIN
3971,TRD103970,2026-08-19,SETTLED,INSTRUCTED,KOTAK-CUST,200,169270.0,SSI-IN-0203,TEST
3972,TRD103971,2026-08-05,SETTLED,INSTRUCTED,DEUTSCHE-BROKER,250,3244855.0,SSI-DE-5510,TRAIN
3973,TRD103972,2026-08-12,SETTLED,INSTRUCTED,DEUTSCHE-BROKER,500,86645.0,SSI-DE-5510,TRAIN
3974,TRD103973,2026-08-04,SETTLED,INSTRUCTED,ICICI-CUST,500,591965.0,SSI-IN-0091,TRAIN
3975,TRD103974,2026-08-21,SETTLED,INSTRUCTED,MORGANSTANLEY-BROKER,100,118056.0,SSI-US-7742,TEST
3976,TRD103975,2026-08-02,SETTLED,INSTRUCTED,KOTAK-CUST,2000,7361840.0,SSI-IN-0203,TEST
3977,TRD103976,2026-08-10,SETTLED,INSTRUCTED,ICICI-CUST,500,1837055.0,SSI-IN-0091,TRAIN
3978,TRD103977,2026-08-09,SETTLED,INSTRUCTED,ICICI-CUST,100,118169.0,SSI-IN-0091,TRAIN
3979,TRD103978,2026-08-04,SETTLED,INSTRUCTED,HDFC-CUST,2000,3908160.0,SSI-IN-0147,TRAIN
3980,TRD103979,2026-08-04,SETTLED,INSTRUCTED,HDFC-CUST,100,189052.0,SSI-IN-0147,TRAIN
3981,TRD103980,2026-08-20,SETTLED,INSTRUCTED,KOTAK-CUST,200,734918.0,SSI-IN-0203,TRAIN
3982,TRD103981,2026-08-13,SETTLED,INSTRUCTED,NOMURA-BROKER,2000,5510240.0,SSI-JP-3389,TRAIN
3983,TRD103982,2026-08-13,SETTLED,INSTRUCTED,NOMURA-BROKER,200,2583964.0,SSI-JP-3389,TRAIN
3984,TRD103983,2026-08-08,SETTLED,INSTRUCTED,MORGANSTANLEY-BROKER,1500,4275630.0,SSI-US-7742,TRAIN
3985,TRD103984,2026-08-05,SETTLED,INSTRUCTED,NOMURA-BROKER,200,378278.0,SSI-JP-3389,TRAIN
3986,TRD103985,2026-08-17,SETTLED,INSTRUCTED,DEUTSCHE-BROKER,1500,2936670.0,SSI-DE-5510,TRAIN
3987,TRD103986,2026-08-17,SETTLED,INSTRUCTED,DEUTSCHE-BROKER,200,548602.0,SSI-DE-5510,TRAIN
3988,TRD103987,2026-08-06,SETTLED,INSTRUCTED,NOMURA-BROKER,2000,7358740.0,SSI-JP-3389,TRAIN
3989,TRD103988,2026-08-18,SETTLED,INSTRUCTED,NOMURA-BROKER,500,86165.0,SSI-JP-3389,TRAIN
3990,TRD103989,2026-08-22,SETTLED,INSTRUCTED,HDFC-CUST,1500,6204555.0,SSI-IN-0147,TRAIN
3991,TRD103990,2026-08-15,SETTLED,INSTRUCTED,DEUTSCHE-BROKER,250,471082.5,SSI-DE-5510,TRAIN
3992,TRD103991,2026-08-14,SETTLED,INSTRUCTED,ICICI-CUST,500,589815.0,SSI-IN-0091,TEST
3993,TRD103992,2026-08-22,SETTLED,INSTRUCTED,MORGANSTANLEY-BROKER,250,472812.5,SSI-US-7742,TRAIN
3994,TRD103993,2026-08-20,SETTLED,INSTRUCTED,MORGANSTANLEY-BROKER,500,622315.0,SSI-US-7742,TRAIN
3995,TRD103994,2026-08-17,SETTLED,INSTRUCTED,DEUTSCHE-BROKER,1000,846640.0,SSI-DE-5510,TRAIN
3996,TRD103995,2026-08-02,SETTLED,INSTRUCTED,MORGANSTANLEY-BROKER,2000,1689180.0,SSI-US-7742,TRAIN
3997,TRD103996,2026-08-04,SETTLED,INSTRUCTED,NOMURA-BROKER,100,60923.0,SSI-JP-3389,TRAIN
3998,TRD103997,2026-08-14,SETTLED,INSTRUCTED,KOTAK-CUST,2000,5469740.0,SSI-IN-0203,TRAIN
3999,TRD103998,2026-08-06,SETTLED,INSTRUCTED,MORGANSTANLEY-BROKER,200,237120.0,SSI-US-7742,TRAIN
4000,TRD103999,2026-08-16,SETTLED,INSTRUCTED,ICICI-CUST,200,169178.0,SSI-IN-0091,TEST
4001,TRD104000,2026-08-22,SETTLED,INSTRUCTED,KOTAK-CUST,1500,5494800.0,SSI-IN-0203,TEST
4002,TRD104001,2026-08-21,SETTLED,INSTRUCTED,NOMURA-BROKER,250,152225.0,SSI-JP-3389,TRAIN
4003,TRD104002,2026-08-16,SETTLED,INSTRUCTED,ICICI-CUST,2000,7349220.0,SSI-IN-0091,TRAIN
4004,TRD104003,2026-08-02,SETTLED,INSTRUCTED,ICICI-CUST,250,687015.0,SSI-IN-0091,TRAIN
4005,TRD104004,2026-08-18,SETTLED,INSTRUCTED,DEUTSCHE-BROKER,100,84191.0,SSI-DE-5510,TRAIN
4006,TRD104005,2026-08-03,SETTLED,INSTRUCTED,DEUTSCHE-BROKER,250,310422.5,SSI-DE-5510,TRAIN
4007,TRD104006,2026-08-08,SETTLED,INSTRUCTED,DEUTSCHE-BROKER,250,471285.0,SSI-DE-5510,TEST
4008,TRD104007,2026-08-03,SETTLED,INSTRUCTED,ICICI-CUST,100,195344.0,SSI-IN-0091,TRAIN
4009,TRD104008,2026-08-07,SETTLED,INSTRUCTED,DEUTSCHE-BROKER,250,714850.0,SSI-DE-5510,TRAIN
4010,TRD104009,2026-08-17,SETTLED,INSTRUCTED,NOMURA-BROKER,2000,2478220.0,SSI-JP-3389,TRAIN
4011,TRD104010,2026-08-04,SETTLED,INSTRUCTED,NOMURA-BROKER,1000,610320.0,SSI-JP-3389,TRAIN
4012,TRD104011,2026-08-17,SETTLED,INSTRUCTED,KOTAK-CUST,1000,1697180.0,SSI-IN-0203,TRAIN
4013,TRD104012,2026-08-13,SETTLED,INSTRUCTED,NOMURA-BROKER,2000,7381580.0,SSI-JP-3389,TRAIN
4014,TRD104013,2026-08-04,SETTLED,INSTRUCTED,KOTAK-CUST,500,421760.0,SSI-IN-0203,TEST
4015,TRD104014,2026-08-18,SETTLED,INSTRUCTED,HDFC-CUST,1500,258300.0,SSI-IN-0147,TRAIN
4016,TRD104015,2026-08-09,SETTLED,INSTRUCTED,NOMURA-BROKER,750,2060467.5,SSI-JP-3389,TRAIN
4017,TRD104016,2026-08-17,SETTLED,INSTRUCTED,HDFC-CUST,250,490660.0,SSI-IN-0147,TRAIN
4018,TRD104017,2026-08-09,SETTLED,INSTRUCTED,HDFC-CUST,750,9736710.0,SSI-IN-0147,TRAIN
4019,TRD104018,2026-08-05,PENDING,INSTRUCTED,MORGANSTANLEY-BROKER,1000,469010.0,SSI-US-7742,TRAIN
4020,TRD104019,2026-08-21,SETTLED,INSTRUCTED,MORGANSTANLEY-BROKER,1500,2843145.0,SSI-US-7742,TRAIN
4021,TRD104020,2026-08-15,SETTLED,INSTRUCTED,MORGANSTANLEY-BROKER,500,622705.0,SSI-US-7742,TRAIN
4022,TRD104021,2026-08-11,SETTLED,INSTRUCTED,KOTAK-CUST,100,84783.0,SSI-IN-0203,TRAIN
4023,TRD104022,2026-08-19,SETTLED,INSTRUCTED,KOTAK-CUST,100,61094.0,SSI-IN-0203,TRAIN
4024,TRD104023,2026-08-08,SETTLED,INSTRUCTED,KOTAK-CUST,100,188182.0,SSI-IN-0203,TRAIN
4025,TRD104024,2026-08-16,SETTLED,INSTRUCTED,HDFC-CUST,100,118257.0,SSI-IN-0147,TRAIN
4026,TRD104025,2026-08-13,SETTLED,INSTRUCTED,NOMURA-BROKER,1000,12950100.0,SSI-JP-3389,TEST
4027,TRD104026,2026-08-06,SETTLED,INSTRUCTED,KOTAK-CUST,100,366408.0,SSI-IN-0203,TRAIN
4028,TRD104027,2026-08-22,SETTLED,INSTRUCTED,ICICI-CUST,100,84709.0,SSI-IN-0091,TRAIN
4029,TRD104028,2026-08-05,SETTLED,INSTRUCTED,KOTAK-CUST,250,715900.0,SSI-IN-0203,TRAIN
4030,TRD104029,2026-08-16,PENDING,MISSING,MORGANSTANLEY-BROKER,200,333832.0,,TEST
4031,TRD104030,2026-08-21,SETTLED,INSTRUCTED,KOTAK-CUST,500,6506265.0,SSI-IN-0203,TRAIN
4032,TRD104031,2026-08-09,SETTLED,INSTRUCTED,NOMURA-BROKER,200,546988.0,SSI-JP-3389,TRAIN
4033,TRD104032,2026-08-07,SETTLED,INSTRUCTED,DEUTSCHE-BROKER,250,309892.5,SSI-DE-5510,TRAIN
4034,TRD104033,2026-08-14,SETTLED,INSTRUCTED,HDFC-CUST,1500,5539020.0,SSI-IN-0147,TRAIN
4035,TRD104034,2026-08-17,SETTLED,INSTRUCTED,HDFC-CUST,100,61049.0,SSI-IN-0147,TRAIN
4036,TRD104035,2026-08-04,SETTLED,INSTRUCTED,KOTAK-CUST,750,633202.5,SSI-IN-0203,TEST
4037,TRD104036,2026-08-12,SETTLED,INSTRUCTED,ICICI-CUST,200,549584.0,SSI-IN-0091,TEST
4038,TRD104037,2026-08-13,SETTLED,INSTRUCTED,KOTAK-CUST,750,1464487.5,SSI-IN-0203,TRAIN
4039,TRD104038,2026-08-15,SETTLED,INSTRUCTED,HDFC-CUST,100,61294.0,SSI-IN-0147,TRAIN
4040,TRD104039,2026-08-08,SETTLED,INSTRUCTED,HDFC-CUST,200,735410.0,SSI-IN-0147,TRAIN
4041,TRD104040,2026-08-06,SETTLED,INSTRUCTED,ICICI-CUST,200,339762.0,SSI-IN-0091,TEST
4042,TRD104041,2026-08-07,SETTLED,INSTRUCTED,DEUTSCHE-BROKER,1500,1271175.0,SSI-DE-5510,TEST
4043,TRD104042,2026-08-10,SETTLED,INSTRUCTED,MORGANSTANLEY-BROKER,1500,2822085.0,SSI-US-7742,TRAIN
4044,TRD104043,2026-08-21,SETTLED,INSTRUCTED,ICICI-CUST,250,420547.5,SSI-IN-0091,TRAIN
4045,TRD104044,2026-08-09,SETTLED,INSTRUCTED,MORGANSTANLEY-BROKER,1500,6165090.0,SSI-US-7742,TEST
4046,TRD104045,2026-08-11,SETTLED,INSTRUCTED,KOTAK-CUST,2000,3395720.0,SSI-IN-0203,TEST
4047,TRD104046,2026-08-06,SETTLED,INSTRUCTED,NOMURA-BROKER,250,153225.0,SSI-JP-3389,TRAIN
4048,TRD104047,2026-08-08,SETTLED,INSTRUCTED,KOTAK-CUST,200,336540.0,SSI-IN-0203,TRAIN
4049,TRD104048,2026-08-04,SETTLED,INSTRUCTED,NOMURA-BROKER,1000,1245150.0,SSI-JP-3389,TRAIN
4050,TRD104049,2026-08-09,SETTLED,INSTRUCTED,DEUTSCHE-BROKER,250,711692.5,SSI-DE-5510,TRAIN
4051,TRD104050,2026-08-09,SETTLED,INSTRUCTED,ICICI-CUST,250,713002.5,SSI-IN-0091,TRAIN
4052,TRD104051,2026-08-13,SETTLED,INSTRUCTED,DEUTSCHE-BROKER,2000,3775380.0,SSI-DE-5510,TRAIN
4053,TRD104052,2026-08-12,SETTLED,INSTRUCTED,KOTAK-CUST,200,376586.0,SSI-IN-0203,TRAIN
4054,TRD104053,2026-08-04,PENDING,MISSING,MORGANSTANLEY-BROKER,750,1462290.0,,TRAIN
4055,TRD104054,2026-08-13,SETTLED,INSTRUCTED,HDFC-CUST,1500,2522415.0,SSI-IN-0147,TRAIN
4056,TRD104055,2026-08-20,SETTLED,INSTRUCTED,DEUTSCHE-BROKER,250,489730.0,SSI-DE-5510,TRAIN
4057,TRD104056,2026-08-15,SETTLED,INSTRUCTED,HDFC-CUST,200,390438.0,SSI-IN-0147,TRAIN
4058,TRD104057,2026-08-12,SETTLED,INSTRUCTED,ICICI-CUST,250,294737.5,SSI-IN-0091,TRAIN
4059,TRD104058,2026-08-15,SETTLED,INSTRUCTED,HDFC-CUST,250,3245300.0,SSI-IN-0147,TRAIN
4060,TRD104059,2026-08-21,SETTLED,INSTRUCTED,HDFC-CUST,2000,1217380.0,SSI-IN-0147,TRAIN
4061,TRD104060,2026-08-04,SETTLED,INSTRUCTED,KOTAK-CUST,500,589520.0,SSI-IN-0203,TEST
4062,TRD104061,2026-08-17,FAILED,INCORRECT,ICICI-CUST,2000,3908860.0,SSI-US-7742,TRAIN
4063,TRD104062,2026-08-16,SETTLED,INSTRUCTED,NOMURA-BROKER,2000,3780120.0,SSI-JP-3389,TRAIN
4064,TRD104063,2026-08-08,SETTLED,INSTRUCTED,ICICI-CUST,200,2592708.0,SSI-IN-0091,TRAIN
4065,TRD104064,2026-08-07,SETTLED,INSTRUCTED,ICICI-CUST,100,84146.0,SSI-IN-0091,TEST
4066,TRD104065,2026-08-19,SETTLED,INSTRUCTED,MORGANSTANLEY-BROKER,500,305360.0,SSI-US-7742,TRAIN
4067,TRD104066,2026-08-06,PENDING,INSTRUCTED,HDFC-CUST,750,458392.5,SSI-IN-0147,TRAIN
4068,TRD104067,2026-08-22,SETTLED,INSTRUCTED,ICICI-CUST,1500,700170.0,SSI-IN-0091,TEST
4069,TRD104068,2026-08-16,FAILED,INCORRECT,NOMURA-BROKER,500,588785.0,SSI-IN-0091,TRAIN
4070,TRD104069,2026-08-06,SETTLED,INSTRUCTED,HDFC-CUST,200,391282.0,SSI-IN-0147,TEST
4071,TRD104070,2026-08-19,SETTLED,INSTRUCTED,NOMURA-BROKER,200,572316.0,SSI-JP-3389,TEST
4072,TRD104071,2026-08-12,SETTLED,INSTRUCTED,ICICI-CUST,200,376352.0,SSI-IN-0091,TRAIN
4073,TRD104072,2026-08-19,SETTLED,INSTRUCTED,KOTAK-CUST,1500,1853010.0,SSI-IN-0203,TRAIN
4074,TRD104073,2026-08-19,SETTLED,INSTRUCTED,HDFC-CUST,200,568590.0,SSI-IN-0147,TRAIN
4075,TRD104074,2026-08-08,SETTLED,INSTRUCTED,NOMURA-BROKER,100,189542.0,SSI-JP-3389,TRAIN
4076,TRD104075,2026-08-22,SETTLED,INSTRUCTED,DEUTSCHE-BROKER,200,737676.0,SSI-DE-5510,TRAIN
4077,TRD104076,2026-08-20,SETTLED,INSTRUCTED,NOMURA-BROKER,100,1294594.0,SSI-JP-3389,TRAIN
4078,TRD104077,2026-08-16,SETTLED,INSTRUCTED,NOMURA-BROKER,1500,2515320.0,SSI-JP-3389,TEST
4079,TRD104078,2026-08-03,FAILED,INCORRECT,ICICI-CUST,2000,3370120.0,SSI-US-7742,TRAIN
4080,TRD104079,2026-08-05,SETTLED,INSTRUCTED,ICICI-CUST,750,3096705.0,SSI-IN-0091,TRAIN
4081,TRD104080,2026-08-10,SETTLED,INSTRUCTED,MORGANSTANLEY-BROKER,200,93718.0,SSI-US-7742,TRAIN
4082,TRD104081,2026-08-08,SETTLED,INSTRUCTED,DEUTSCHE-BROKER,1000,2734730.0,SSI-DE-5510,TRAIN
4083,TRD104082,2026-08-20,SETTLED,INSTRUCTED,ICICI-CUST,200,827300.0,SSI-IN-0091,TRAIN
4084,TRD104083,2026-08-15,SETTLED,INSTRUCTED,MORGANSTANLEY-BROKER,750,636960.0,SSI-US-7742,TRAIN
4085,TRD104084,2026-08-14,SETTLED,INSTRUCTED,ICICI-CUST,1500,1767615.0,SSI-IN-0091,TRAIN
4086,TRD104085,2026-08-16,SETTLED,INSTRUCTED,DEUTSCHE-BROKER,2000,3366540.0,SSI-DE-5510,TEST
4087,TRD104086,2026-08-09,SETTLED,INSTRUCTED,MORGANSTANLEY-BROKER,250,688777.5,SSI-US-7742,TRAIN
4088,TRD104087,2026-08-14,SETTLED,INSTRUCTED,DEUTSCHE-BROKER,250,1032682.5,SSI-DE-5510,TEST
4089,TRD104088,2026-08-16,SETTLED,INSTRUCTED,ICICI-CUST,1000,845550.0,SSI-IN-0091,TRAIN
4090,TRD104089,2026-08-03,SETTLED,INSTRUCTED,HDFC-CUST,750,459240.0,SSI-IN-0147,TEST
4091,TRD104090,2026-08-04,SETTLED,INSTRUCTED,KOTAK-CUST,750,1469227.5,SSI-IN-0203,TRAIN
4092,TRD104091,2026-08-15,SETTLED,INSTRUCTED,HDFC-CUST,1500,257835.0,SSI-IN-0147,TRAIN
4093,TRD104092,2026-08-21,PENDING,INSTRUCTED,DEUTSCHE-BROKER,200,247096.0,SSI-DE-5510,TRAIN
4094,TRD104093,2026-08-11,SETTLED,INSTRUCTED,MORGANSTANLEY-BROKER,200,377586.0,SSI-US-7742,TRAIN
4095,TRD104094,2026-08-20,PENDING,INSTRUCTED,HDFC-CUST,1500,1779060.0,SSI-IN-0147,TRAIN
4096,TRD104095,2026-08-14,SETTLED,INSTRUCTED,KOTAK-CUST,100,47050.0,SSI-IN-0203,TRAIN
4097,TRD104096,2026-08-08,SETTLED,INSTRUCTED,DEUTSCHE-BROKER,2000,2370580.0,SSI-DE-5510,TEST
4098,TRD104097,2026-08-17,SETTLED,INSTRUCTED,NOMURA-BROKER,750,2138760.0,SSI-JP-3389,TRAIN
4099,TRD104098,2026-08-04,SETTLED,INSTRUCTED,KOTAK-CUST,500,305755.0,SSI-IN-0203,TRAIN
4100,TRD104099,2026-08-07,FAILED,INCORRECT,DEUTSCHE-BROKER,200,550006.0,SSI-JP-3389,TRAIN
4101,TRD104100,2026-08-03,SETTLED,INSTRUCTED,KOTAK-CUST,500,421870.0,SSI-IN-0203,TRAIN
4102,TRD104101,2026-08-04,SETTLED,INSTRUCTED,MORGANSTANLEY-BROKER,250,152707.5,SSI-US-7742,TRAIN
4103,TRD104102,2026-08-05,SETTLED,INSTRUCTED,MORGANSTANLEY-BROKER,250,471540.0,SSI-US-7742,TRAIN
4104,TRD104103,2026-08-20,SETTLED,INSTRUCTED,DEUTSCHE-BROKER,200,823708.0,SSI-DE-5510,TRAIN
4105,TRD104104,2026-08-18,SETTLED,INSTRUCTED,NOMURA-BROKER,2000,1691640.0,SSI-JP-3389,TRAIN
4106,TRD104105,2026-08-16,SETTLED,INSTRUCTED,MORGANSTANLEY-BROKER,750,129442.5,SSI-US-7742,TRAIN
4107,TRD104106,2026-08-05,SETTLED,INSTRUCTED,ICICI-CUST,250,470715.0,SSI-IN-0091,TRAIN
4108,TRD104107,2026-08-13,SETTLED,INSTRUCTED,MORGANSTANLEY-BROKER,1000,2758990.0,SSI-US-7742,TRAIN
4109,TRD104108,2026-08-17,SETTLED,INSTRUCTED,HDFC-CUST,100,17233.0,SSI-IN-0147,TRAIN
4110,TRD104109,2026-08-15,SETTLED,INSTRUCTED,HDFC-CUST,500,6463695.0,SSI-IN-0147,TRAIN
4111,TRD104110,2026-08-13,SETTLED,INSTRUCTED,KOTAK-CUST,2000,2371860.0,SSI-IN-0203,TRAIN
4112,TRD104111,2026-08-21,FAILED,INCORRECT,KOTAK-CUST,1500,911895.0,SSI-JP-3389,TRAIN
4113,TRD104112,2026-08-08,SETTLED,INSTRUCTED,MORGANSTANLEY-BROKER,200,93394.0,SSI-US-7742,TEST
4114,TRD104113,2026-08-10,PENDING,INSTRUCTED,HDFC-CUST,250,921857.5,SSI-IN-0147,TRAIN
4115,TRD104114,2026-08-13,SETTLED,INSTRUCTED,HDFC-CUST,1500,6211485.0,SSI-IN-0147,TRAIN
4116,TRD104115,2026-08-08,SETTLED,INSTRUCTED,DEUTSCHE-BROKER,500,847755.0,SSI-DE-5510,TRAIN
4117,TRD104116,2026-08-18,SETTLED,INSTRUCTED,KOTAK-CUST,2000,8250880.0,SSI-IN-0203,TEST
4118,TRD104117,2026-08-21,SETTLED,INSTRUCTED,ICICI-CUST,100,274040.0,SSI-IN-0091,TRAIN
4119,TRD104118,2026-08-11,SETTLED,INSTRUCTED,KOTAK-CUST,250,489420.0,SSI-IN-0203,TEST
4120,TRD104119,2026-08-09,SETTLED,INSTRUCTED,NOMURA-BROKER,1500,1273515.0,SSI-JP-3389,TRAIN
4121,TRD104120,2026-08-08,SETTLED,INSTRUCTED,MORGANSTANLEY-BROKER,750,353430.0,SSI-US-7742,TEST
4122,TRD104121,2026-08-12,SETTLED,INSTRUCTED,ICICI-CUST,1000,172930.0,SSI-IN-0091,TRAIN
4123,TRD104122,2026-08-04,SETTLED,INSTRUCTED,NOMURA-BROKER,250,1028360.0,SSI-JP-3389,TRAIN
4124,TRD104123,2026-08-09,PENDING,INSTRUCTED,NOMURA-BROKER,1500,19547490.0,SSI-JP-3389,TEST
4125,TRD104124,2026-08-19,SETTLED,INSTRUCTED,DEUTSCHE-BROKER,100,168400.0,SSI-DE-5510,TRAIN
4126,TRD104125,2026-08-08,SETTLED,INSTRUCTED,NOMURA-BROKER,750,631650.0,SSI-JP-3389,TRAIN
4127,TRD104126,2026-08-09,SETTLED,INSTRUCTED,ICICI-CUST,200,334416.0,SSI-IN-0091,TRAIN
4128,TRD104127,2026-08-18,SETTLED,INSTRUCTED,NOMURA-BROKER,2000,345240.0,SSI-JP-3389,TRAIN
4129,TRD104128,2026-08-11,SETTLED,INSTRUCTED,KOTAK-CUST,1500,2939295.0,SSI-IN-0203,TRAIN
4130,TRD104129,2026-08-03,SETTLED,INSTRUCTED,MORGANSTANLEY-BROKER,750,1472857.5,SSI-US-7742,TRAIN
4131,TRD104130,2026-08-08,SETTLED,INSTRUCTED,KOTAK-CUST,2000,939080.0,SSI-IN-0203,TRAIN
4132,TRD104131,2026-08-08,SETTLED,INSTRUCTED,HDFC-CUST,200,336614.0,SSI-IN-0147,TRAIN
4133,TRD104132,2026-08-17,SETTLED,INSTRUCTED,NOMURA-BROKER,1500,258555.0,SSI-JP-3389,TRAIN
4134,TRD104133,2026-08-02,SETTLED,INSTRUCTED,NOMURA-BROKER,500,234935.0,SSI-JP-3389,TRAIN
4135,TRD104134,2026-08-10,SETTLED,INSTRUCTED,ICICI-CUST,250,473267.5,SSI-IN-0091,TEST
4136,TRD104135,2026-08-09,SETTLED,INSTRUCTED,DEUTSCHE-BROKER,500,842535.0,SSI-DE-5510,TRAIN
4137,TRD104136,2026-08-19,SETTLED,INSTRUCTED,ICICI-CUST,100,17175.0,SSI-IN-0091,TRAIN
4138,TRD104137,2026-08-19,SETTLED,INSTRUCTED,KOTAK-CUST,250,309570.0,SSI-IN-0203,TEST
4139,TRD104138,2026-08-13,SETTLED,INSTRUCTED,ICICI-CUST,750,1414102.5,SSI-IN-0091,TRAIN
4140,TRD104139,2026-08-04,SETTLED,INSTRUCTED,ICICI-CUST,1000,1693810.0,SSI-IN-0091,TRAIN
4141,TRD104140,2026-08-02,PENDING,MISSING,MORGANSTANLEY-BROKER,1500,1274610.0,,TRAIN
4142,TRD104141,2026-08-23,PENDING,INSTRUCTED,MORGANSTANLEY-BROKER,2000,2477920.0,SSI-US-7742,TRAIN
4143,TRD104142,2026-08-22,FAILED,INCORRECT,HDFC-CUST,100,46806.0,SSI-DE-5510,TEST
4144,TRD104143,2026-08-07,SETTLED,INSTRUCTED,DEUTSCHE-BROKER,100,412110.0,SSI-DE-5510,TRAIN
4145,TRD104144,2026-08-12,SETTLED,INSTRUCTED,MORGANSTANLEY-BROKER,500,1422660.0,SSI-US-7742,TRAIN
4146,TRD104145,2026-08-07,SETTLED,INSTRUCTED,HDFC-CUST,250,151877.5,SSI-IN-0147,TRAIN
4147,TRD104146,2026-08-15,SETTLED,INSTRUCTED,MORGANSTANLEY-BROKER,1500,914910.0,SSI-US-7742,TRAIN
4148,TRD104147,2026-08-19,SETTLED,INSTRUCTED,DEUTSCHE-BROKER,1000,1177110.0,SSI-DE-5510,TEST
4149,TRD104148,2026-08-19,SETTLED,INSTRUCTED,HDFC-CUST,200,825182.0,SSI-IN-0147,TRAIN
4150,TRD104149,2026-08-22,SETTLED,INSTRUCTED,NOMURA-BROKER,750,2051512.5,SSI-JP-3389,TRAIN
4151,TRD104150,2026-08-07,SETTLED,INSTRUCTED,MORGANSTANLEY-BROKER,1500,4272525.0,SSI-US-7742,TRAIN
4152,TRD104151,2026-08-11,SETTLED,INSTRUCTED,NOMURA-BROKER,500,842680.0,SSI-JP-3389,TRAIN
4153,TRD104152,2026-08-05,SETTLED,INSTRUCTED,NOMURA-BROKER,500,620230.0,SSI-JP-3389,TRAIN
4154,TRD104153,2026-08-18,SETTLED,INSTRUCTED,DEUTSCHE-BROKER,750,129637.5,SSI-DE-5510,TRAIN
4155,TRD104154,2026-08-19,SETTLED,INSTRUCTED,HDFC-CUST,750,1414170.0,SSI-IN-0147,TEST
4156,TRD104155,2026-08-16,SETTLED,INSTRUCTED,KOTAK-CUST,1000,3674390.0,SSI-IN-0203,TRAIN
4157,TRD104156,2026-08-13,SETTLED,INSTRUCTED,HDFC-CUST,100,1299007.0,SSI-IN-0147,TEST
4158,TRD104157,2026-08-02,SETTLED,INSTRUCTED,HDFC-CUST,2000,346080.0,SSI-IN-0147,TRAIN
4159,TRD104158,2026-08-21,SETTLED,INSTRUCTED,ICICI-CUST,1000,1237200.0,SSI-IN-0091,TEST
4160,TRD104159,2026-08-05,SETTLED,INSTRUCTED,MORGANSTANLEY-BROKER,100,84356.0,SSI-US-7742,TRAIN
4161,TRD104160,2026-08-19,SETTLED,INSTRUCTED,MORGANSTANLEY-BROKER,1000,2844060.0,SSI-US-7742,TRAIN
4162,TRD104161,2026-08-21,SETTLED,INSTRUCTED,NOMURA-BROKER,750,129967.5,SSI-JP-3389,TEST
4163,TRD104162,2026-08-20,SETTLED,INSTRUCTED,MORGANSTANLEY-BROKER,1500,5516340.0,SSI-US-7742,TRAIN
4164,TRD104163,2026-08-16,SETTLED,INSTRUCTED,NOMURA-BROKER,1500,4284330.0,SSI-JP-3389,TRAIN
4165,TRD104164,2026-08-11,SETTLED,INSTRUCTED,MORGANSTANLEY-BROKER,100,117535.0,SSI-US-7742,TEST
4166,TRD104165,2026-08-08,SETTLED,INSTRUCTED,MORGANSTANLEY-BROKER,100,413984.0,SSI-US-7742,TEST
4167,TRD104166,2026-08-13,SETTLED,INSTRUCTED,DEUTSCHE-BROKER,1000,4116310.0,SSI-DE-5510,TRAIN
4168,TRD104167,2026-08-18,SETTLED,INSTRUCTED,DEUTSCHE-BROKER,1000,2838430.0,SSI-DE-5510,TEST
4169,TRD104168,2026-08-10,SETTLED,INSTRUCTED,MORGANSTANLEY-BROKER,2000,3386280.0,SSI-US-7742,TRAIN
4170,TRD104169,2026-08-13,SETTLED,INSTRUCTED,MORGANSTANLEY-BROKER,500,623315.0,SSI-US-7742,TRAIN
4171,TRD104170,2026-08-02,SETTLED,INSTRUCTED,NOMURA-BROKER,750,2134117.5,SSI-JP-3389,TRAIN
4172,TRD104171,2026-08-11,SETTLED,INSTRUCTED,ICICI-CUST,500,845070.0,SSI-IN-0091,TEST
4173,TRD104172,2026-08-15,SETTLED,INSTRUCTED,ICICI-CUST,250,43240.0,SSI-IN-0091,TRAIN
4174,TRD104173,2026-08-05,SETTLED,INSTRUCTED,KOTAK-CUST,1000,172970.0,SSI-IN-0203,TRAIN
4175,TRD104174,2026-08-09,SETTLED,INSTRUCTED,MORGANSTANLEY-BROKER,100,84966.0,SSI-US-7742,TRAIN
4176,TRD104175,2026-08-11,SETTLED,INSTRUCTED,MORGANSTANLEY-BROKER,250,423680.0,SSI-US-7742,TRAIN
4177,TRD104176,2026-08-11,SETTLED,INSTRUCTED,MORGANSTANLEY-BROKER,500,1373040.0,SSI-US-7742,TRAIN
4178,TRD104177,2026-08-08,SETTLED,INSTRUCTED,KOTAK-CUST,100,1300222.0,SSI-IN-0203,TRAIN
4179,TRD104178,2026-08-04,SETTLED,INSTRUCTED,HDFC-CUST,200,567374.0,SSI-IN-0147,TRAIN
4180,TRD104179,2026-08-21,SETTLED,INSTRUCTED,NOMURA-BROKER,1000,1175340.0,SSI-JP-3389,TRAIN
4181,TRD104180,2026-08-18,SETTLED,INSTRUCTED,KOTAK-CUST,750,2062140.0,SSI-IN-0203,TRAIN
4182,TRD104181,2026-08-18,SETTLED,INSTRUCTED,ICICI-CUST,1000,469010.0,SSI-IN-0091,TRAIN
4183,TRD104182,2026-08-08,SETTLED,INSTRUCTED,NOMURA-BROKER,1500,1263915.0,SSI-JP-3389,TRAIN
4184,TRD104183,2026-08-08,SETTLED,INSTRUCTED,NOMURA-BROKER,750,932272.5,SSI-JP-3389,TEST
4185,TRD104184,2026-08-09,SETTLED,INSTRUCTED,HDFC-CUST,1500,5533875.0,SSI-IN-0147,TRAIN
4186,TRD104185,2026-08-13,SETTLED,INSTRUCTED,DEUTSCHE-BROKER,250,487440.0,SSI-DE-5510,TRAIN
4187,TRD104186,2026-08-09,SETTLED,INSTRUCTED,ICICI-CUST,100,46866.0,SSI-IN-0091,TRAIN
4188,TRD104187,2026-08-15,SETTLED,INSTRUCTED,HDFC-CUST,1000,1240320.0,SSI-IN-0147,TRAIN
4189,TRD104188,2026-08-16,FAILED,INCORRECT,MORGANSTANLEY-BROKER,500,848945.0,SSI-IN-0203,TRAIN
4190,TRD104189,2026-08-10,SETTLED,INSTRUCTED,DEUTSCHE-BROKER,2000,7383400.0,SSI-DE-5510,TRAIN
4191,TRD104190,2026-08-11,SETTLED,INSTRUCTED,MORGANSTANLEY-BROKER,750,1468972.5,SSI-US-7742,TRAIN
4192,TRD104191,2026-08-16,SETTLED,INSTRUCTED,NOMURA-BROKER,1000,1184360.0,SSI-JP-3389,TRAIN
4193,TRD104192,2026-08-09,SETTLED,INSTRUCTED,DEUTSCHE-BROKER,100,17325.0,SSI-DE-5510,TRAIN
4194,TRD104193,2026-08-10,FAILED,INCORRECT,HDFC-CUST,2000,3373400.0,SSI-IN-0091,TRAIN
4195,TRD104194,2026-08-11,SETTLED,INSTRUCTED,MORGANSTANLEY-BROKER,2000,3375880.0,SSI-US-7742,TRAIN
4196,TRD104195,2026-08-13,SETTLED,INSTRUCTED,DEUTSCHE-BROKER,750,1251225.0,SSI-DE-5510,TEST
4197,TRD104196,2026-08-22,SETTLED,INSTRUCTED,NOMURA-BROKER,100,285873.0,SSI-JP-3389,TRAIN
4198,TRD104197,2026-08-13,SETTLED,INSTRUCTED,DEUTSCHE-BROKER,100,61216.0,SSI-DE-5510,TRAIN
4199,TRD104198,2026-08-12,SETTLED,INSTRUCTED,HDFC-CUST,750,1259190.0,SSI-IN-0147,TRAIN
4200,TRD104199,2026-08-07,SETTLED,INSTRUCTED,HDFC-CUST,500,422130.0,SSI-IN-0147,TRAIN
4201,TRD104200,2026-08-02,SETTLED,INSTRUCTED,ICICI-CUST,100,169262.0,SSI-IN-0091,TRAIN
4202,TRD104201,2026-08-09,SETTLED,INSTRUCTED,KOTAK-CUST,200,567650.0,SSI-IN-0203,TRAIN
4203,TRD104202,2026-08-21,SETTLED,INSTRUCTED,MORGANSTANLEY-BROKER,200,824974.0,SSI-US-7742,TRAIN
4204,TRD104203,2026-08-12,SETTLED,INSTRUCTED,MORGANSTANLEY-BROKER,200,824542.0,SSI-US-7742,TRAIN
4205,TRD104204,2026-08-04,SETTLED,INSTRUCTED,KOTAK-CUST,750,2057175.0,SSI-IN-0203,TRAIN
4206,TRD104205,2026-08-18,SETTLED,INSTRUCTED,NOMURA-BROKER,1500,706320.0,SSI-JP-3389,TRAIN
4207,TRD104206,2026-08-16,SETTLED,INSTRUCTED,NOMURA-BROKER,100,195141.0,SSI-JP-3389,TRAIN
4208,TRD104207,2026-08-06,SETTLED,INSTRUCTED,NOMURA-BROKER,1500,2934945.0,SSI-JP-3389,TEST
4209,TRD104208,2026-08-13,SETTLED,INSTRUCTED,MORGANSTANLEY-BROKER,250,152387.5,SSI-US-7742,TRAIN
4210,TRD104209,2026-08-07,SETTLED,INSTRUCTED,NOMURA-BROKER,200,734382.0,SSI-JP-3389,TRAIN
4211,TRD104210,2026-08-07,SETTLED,INSTRUCTED,DEUTSCHE-BROKER,250,713155.0,SSI-DE-5510,TRAIN
4212,TRD104211,2026-08-17,SETTLED,INSTRUCTED,NOMURA-BROKER,100,1295606.0,SSI-JP-3389,TRAIN
4213,TRD104212,2026-08-03,SETTLED,INSTRUCTED,KOTAK-CUST,250,470530.0,SSI-IN-0203,TRAIN
4214,TRD104213,2026-08-14,SETTLED,INSTRUCTED,ICICI-CUST,200,34502.0,SSI-IN-0091,TRAIN
4215,TRD104214,2026-08-08,SETTLED,INSTRUCTED,MORGANSTANLEY-BROKER,2000,2490720.0,SSI-US-7742,TRAIN
4216,TRD104215,2026-08-16,FAILED,INCORRECT,KOTAK-CUST,1000,467340.0,SSI-IN-0091,TRAIN
4217,TRD104216,2026-08-10,SETTLED,INSTRUCTED,KOTAK-CUST,500,1422790.0,SSI-IN-0203,TRAIN
4218,TRD104217,2026-08-09,SETTLED,INSTRUCTED,MORGANSTANLEY-BROKER,250,43292.5,SSI-US-7742,TRAIN
4219,TRD104218,2026-08-19,SETTLED,INSTRUCTED,NOMURA-BROKER,1000,13043880.0,SSI-JP-3389,TRAIN
4220,TRD104219,2026-08-05,SETTLED,INSTRUCTED,HDFC-CUST,2000,2481080.0,SSI-IN-0147,TRAIN
4221,TRD104220,2026-08-09,SETTLED,INSTRUCTED,ICICI-CUST,1000,171720.0,SSI-IN-0091,TRAIN
4222,TRD104221,2026-08-15,PENDING,MISSING,KOTAK-CUST,1000,3668950.0,,TRAIN
4223,TRD104222,2026-08-08,PENDING,INSTRUCTED,DEUTSCHE-BROKER,1000,1677510.0,SSI-DE-5510,TRAIN
4224,TRD104223,2026-08-18,SETTLED,INSTRUCTED,KOTAK-CUST,100,17298.0,SSI-IN-0203,TEST
4225,TRD104224,2026-08-18,SETTLED,INSTRUCTED,ICICI-CUST,1500,5510850.0,SSI-IN-0091,TRAIN
4226,TRD104225,2026-08-08,SETTLED,INSTRUCTED,ICICI-CUST,250,210797.5,SSI-IN-0091,TEST
4227,TRD104226,2026-08-03,SETTLED,INSTRUCTED,NOMURA-BROKER,200,736382.0,SSI-JP-3389,TRAIN
4228,TRD104227,2026-08-14,PENDING,MISSING,HDFC-CUST,200,738378.0,,TRAIN
4229,TRD104228,2026-08-07,SETTLED,INSTRUCTED,ICICI-CUST,250,152300.0,SSI-IN-0091,TRAIN
4230,TRD104229,2026-08-03,SETTLED,INSTRUCTED,MORGANSTANLEY-BROKER,500,306635.0,SSI-US-7742,TEST
4231,TRD104230,2026-08-08,SETTLED,INSTRUCTED,KOTAK-CUST,1000,4106520.0,SSI-IN-0203,TEST
4232,TRD104231,2026-08-09,SETTLED,INSTRUCTED,ICICI-CUST,1500,1853535.0,SSI-IN-0091,TRAIN
4233,TRD104232,2026-08-04,SETTLED,INSTRUCTED,KOTAK-CUST,500,424275.0,SSI-IN-0203,TEST
4234,TRD104233,2026-08-11,SETTLED,INSTRUCTED,ICICI-CUST,100,168037.0,SSI-IN-0091,TRAIN
4235,TRD104234,2026-08-05,SETTLED,INSTRUCTED,ICICI-CUST,200,737294.0,SSI-IN-0091,TRAIN
4236,TRD104235,2026-08-12,SETTLED,INSTRUCTED,KOTAK-CUST,750,886635.0,SSI-IN-0203,TRAIN
4237,TRD104236,2026-08-11,SETTLED,INSTRUCTED,KOTAK-CUST,1500,913125.0,SSI-IN-0203,TRAIN
4238,TRD104237,2026-08-05,SETTLED,INSTRUCTED,HDFC-CUST,250,687070.0,SSI-IN-0147,TRAIN
4239,TRD104238,2026-08-11,SETTLED,INSTRUCTED,NOMURA-BROKER,250,210460.0,SSI-JP-3389,TRAIN
4240,TRD104239,2026-08-14,SETTLED,INSTRUCTED,NOMURA-BROKER,1500,4295925.0,SSI-JP-3389,TEST
4241,TRD104240,2026-08-18,SETTLED,INSTRUCTED,NOMURA-BROKER,100,286176.0,SSI-JP-3389,TRAIN
4242,TRD104241,2026-08-05,SETTLED,INSTRUCTED,DEUTSCHE-BROKER,750,1461405.0,SSI-DE-5510,TRAIN
4243,TRD104242,2026-08-04,SETTLED,INSTRUCTED,NOMURA-BROKER,250,3233705.0,SSI-JP-3389,TRAIN
4244,TRD104243,2026-08-14,SETTLED,INSTRUCTED,MORGANSTANLEY-BROKER,1500,257820.0,SSI-US-7742,TRAIN
4245,TRD104244,2026-08-17,SETTLED,INSTRUCTED,MORGANSTANLEY-BROKER,500,1427125.0,SSI-US-7742,TEST
4246,TRD104245,2026-08-07,SETTLED,INSTRUCTED,NOMURA-BROKER,1000,2852460.0,SSI-JP-3389,TRAIN
4247,TRD104246,2026-08-16,SETTLED,INSTRUCTED,ICICI-CUST,250,472817.5,SSI-IN-0091,TRAIN
4248,TRD104247,2026-08-22,SETTLED,INSTRUCTED,NOMURA-BROKER,100,188173.0,SSI-JP-3389,TRAIN
4249,TRD104248,2026-08-06,SETTLED,INSTRUCTED,KOTAK-CUST,1000,3684410.0,SSI-IN-0203,TRAIN
4250,TRD104249,2026-08-04,SETTLED,INSTRUCTED,KOTAK-CUST,250,1031322.5,SSI-IN-0203,TRAIN
4251,TRD104250,2026-08-18,SETTLED,INSTRUCTED,NOMURA-BROKER,100,17216.0,SSI-JP-3389,TRAIN
4252,TRD104251,2026-08-14,SETTLED,INSTRUCTED,ICICI-CUST,1500,257430.0,SSI-IN-0091,TRAIN
4253,TRD104252,2026-08-15,SETTLED,INSTRUCTED,KOTAK-CUST,250,471450.0,SSI-IN-0203,TRAIN
4254,TRD104253,2026-08-14,SETTLED,INSTRUCTED,NOMURA-BROKER,2000,2492880.0,SSI-JP-3389,TRAIN
4255,TRD104254,2026-08-04,SETTLED,INSTRUCTED,NOMURA-BROKER,100,60887.0,SSI-JP-3389,TRAIN
4256,TRD104255,2026-08-05,FAILED,INCORRECT,DEUTSCHE-BROKER,750,1264050.0,SSI-IN-0203,TEST
4257,TRD104256,2026-08-19,SETTLED,INSTRUCTED,DEUTSCHE-BROKER,250,421420.0,SSI-DE-5510,TRAIN
4258,TRD104257,2026-08-21,SETTLED,INSTRUCTED,MORGANSTANLEY-BROKER,1500,1270905.0,SSI-US-7742,TRAIN
4259,TRD104258,2026-08-03,SETTLED,INSTRUCTED,DEUTSCHE-BROKER,1500,2516790.0,SSI-DE-5510,TRAIN
4260,TRD104259,2026-08-06,SETTLED,INSTRUCTED,NOMURA-BROKER,100,1302994.0,SSI-JP-3389,TRAIN
4261,TRD104260,2026-08-20,SETTLED,INSTRUCTED,KOTAK-CUST,750,2137492.5,SSI-IN-0203,TRAIN
4262,TRD104261,2026-08-02,SETTLED,INSTRUCTED,HDFC-CUST,100,273776.0,SSI-IN-0147,TEST
4263,TRD104262,2026-08-18,FAILED,INCORRECT,MORGANSTANLEY-BROKER,750,2066550.0,SSI-JP-3389,TRAIN
4264,TRD104263,2026-08-20,SETTLED,INSTRUCTED,KOTAK-CUST,250,924185.0,SSI-IN-0203,TRAIN
4265,TRD104264,2026-08-20,SETTLED,INSTRUCTED,NOMURA-BROKER,200,235482.0,SSI-JP-3389,TRAIN
4266,TRD104265,2026-08-19,SETTLED,INSTRUCTED,HDFC-CUST,750,1255650.0,SSI-IN-0147,TRAIN
4267,TRD104266,2026-08-22,SETTLED,INSTRUCTED,ICICI-CUST,1500,915285.0,SSI-IN-0091,TEST
4268,TRD104267,2026-08-19,FAILED,INCORRECT,KOTAK-CUST,1500,2835270.0,SSI-JP-3389,TEST
4269,TRD104268,2026-08-06,SETTLED,INSTRUCTED,MORGANSTANLEY-BROKER,1000,12964420.0,SSI-US-7742,TRAIN
4270,TRD104269,2026-08-07,SETTLED,INSTRUCTED,MORGANSTANLEY-BROKER,250,688957.5,SSI-US-7742,TRAIN
4271,TRD104270,2026-08-06,SETTLED,INSTRUCTED,HDFC-CUST,200,549268.0,SSI-IN-0147,TRAIN
4272,TRD104271,2026-08-18,SETTLED,INSTRUCTED,KOTAK-CUST,1500,4292775.0,SSI-IN-0203,TRAIN
4273,TRD104272,2026-08-15,SETTLED,INSTRUCTED,NOMURA-BROKER,1500,2933115.0,SSI-JP-3389,TRAIN
4274,TRD104273,2026-08-19,SETTLED,INSTRUCTED,HDFC-CUST,1500,1766460.0,SSI-IN-0147,TRAIN
4275,TRD104274,2026-08-20,SETTLED,INSTRUCTED,DEUTSCHE-BROKER,750,458100.0,SSI-DE-5510,TRAIN
4276,TRD104275,2026-08-08,SETTLED,INSTRUCTED,ICICI-CUST,500,2057435.0,SSI-IN-0091,TEST
4277,TRD104276,2026-08-12,SETTLED,INSTRUCTED,MORGANSTANLEY-BROKER,1000,172770.0,SSI-US-7742,TEST
4278,TRD104277,2026-08-04,SETTLED,INSTRUCTED,NOMURA-BROKER,2000,2493140.0,SSI-JP-3389,TEST
4279,TRD104278,2026-08-07,SETTLED,INSTRUCTED,DEUTSCHE-BROKER,1500,5530380.0,SSI-DE-5510,TEST
4280,TRD104279,2026-08-22,SETTLED,INSTRUCTED,ICICI-CUST,200,550982.0,SSI-IN-0091,TEST
4281,TRD104280,2026-08-21,SETTLED,INSTRUCTED,DEUTSCHE-BROKER,1000,1237380.0,SSI-DE-5510,TRAIN
4282,TRD104281,2026-08-15,PENDING,MISSING,KOTAK-CUST,1000,4132230.0,,TRAIN
4283,TRD104282,2026-08-02,SETTLED,INSTRUCTED,ICICI-CUST,1500,701505.0,SSI-IN-0091,TRAIN
4284,TRD104283,2026-08-05,SETTLED,INSTRUCTED,DEUTSCHE-BROKER,250,151917.5,SSI-DE-5510,TRAIN
4285,TRD104284,2026-08-22,SETTLED,INSTRUCTED,NOMURA-BROKER,1000,4123870.0,SSI-JP-3389,TEST
4286,TRD104285,2026-08-18,SETTLED,INSTRUCTED,KOTAK-CUST,750,128880.0,SSI-IN-0203,TEST
4287,TRD104286,2026-08-15,SETTLED,INSTRUCTED,MORGANSTANLEY-BROKER,250,686260.0,SSI-US-7742,TEST
4288,TRD104287,2026-08-22,SETTLED,INSTRUCTED,MORGANSTANLEY-BROKER,100,169809.0,SSI-US-7742,TRAIN
4289,TRD104288,2026-08-11,SETTLED,INSTRUCTED,MORGANSTANLEY-BROKER,500,1420925.0,SSI-US-7742,TRAIN
4290,TRD104289,2026-08-16,SETTLED,INSTRUCTED,NOMURA-BROKER,1000,13028090.0,SSI-JP-3389,TRAIN
4291,TRD104290,2026-08-17,SETTLED,INSTRUCTED,ICICI-CUST,1500,4114290.0,SSI-IN-0091,TEST
4292,TRD104291,2026-08-02,SETTLED,INSTRUCTED,KOTAK-CUST,750,929827.5,SSI-IN-0203,TRAIN
4293,TRD104292,2026-08-15,SETTLED,INSTRUCTED,DEUTSCHE-BROKER,1500,257490.0,SSI-DE-5510,TRAIN
4294,TRD104293,2026-08-03,SETTLED,INSTRUCTED,NOMURA-BROKER,250,488905.0,SSI-JP-3389,TRAIN
4295,TRD104294,2026-08-04,SETTLED,INSTRUCTED,ICICI-CUST,750,1269375.0,SSI-IN-0091,TEST
4296,TRD104295,2026-08-06,SETTLED,INSTRUCTED,MORGANSTANLEY-BROKER,2000,3388880.0,SSI-US-7742,TRAIN
4297,TRD104296,2026-08-13,SETTLED,INSTRUCTED,KOTAK-CUST,200,379494.0,SSI-IN-0203,TRAIN
4298,TRD104297,2026-08-16,SETTLED,INSTRUCTED,KOTAK-CUST,100,1300253.0,SSI-IN-0203,TRAIN
4299,TRD104298,2026-08-15,SETTLED,INSTRUCTED,KOTAK-CUST,250,1029015.0,SSI-IN-0203,TRAIN
4300,TRD104299,2026-08-10,SETTLED,INSTRUCTED,KOTAK-CUST,2000,3385580.0,SSI-IN-0203,TRAIN
4301,TRD104300,2026-08-12,SETTLED,INSTRUCTED,ICICI-CUST,100,47045.0,SSI-IN-0091,TRAIN
4302,TRD104301,2026-08-04,SETTLED,INSTRUCTED,HDFC-CUST,2000,936620.0,SSI-IN-0147,TRAIN
4303,TRD104302,2026-08-07,SETTLED,INSTRUCTED,KOTAK-CUST,750,3093780.0,SSI-IN-0203,TRAIN
4304,TRD104303,2026-08-07,SETTLED,INSTRUCTED,MORGANSTANLEY-BROKER,750,1269322.5,SSI-US-7742,TRAIN
4305,TRD104304,2026-08-16,SETTLED,INSTRUCTED,DEUTSCHE-BROKER,2000,3902480.0,SSI-DE-5510,TRAIN
4306,TRD104305,2026-08-03,SETTLED,INSTRUCTED,DEUTSCHE-BROKER,1000,2747860.0,SSI-DE-5510,TRAIN
4307,TRD104306,2026-08-10,SETTLED,INSTRUCTED,NOMURA-BROKER,750,635632.5,SSI-JP-3389,TRAIN
4308,TRD104307,2026-08-17,SETTLED,INSTRUCTED,ICICI-CUST,1500,2513730.0,SSI-IN-0091,TRAIN
4309,TRD104308,2026-08-02,SETTLED,INSTRUCTED,MORGANSTANLEY-BROKER,250,689495.0,SSI-US-7742,TRAIN
4310,TRD104309,2026-08-09,SETTLED,INSTRUCTED,KOTAK-CUST,1500,706485.0,SSI-IN-0203,TRAIN
4311,TRD104310,2026-08-16,SETTLED,INSTRUCTED,ICICI-CUST,1000,1676770.0,SSI-IN-0091,TEST
4312,TRD104311,2026-08-22,SETTLED,INSTRUCTED,KOTAK-CUST,200,827856.0,SSI-IN-0203,TEST
4313,TRD104312,2026-08-21,SETTLED,INSTRUCTED,KOTAK-CUST,500,6507295.0,SSI-IN-0203,TEST
4314,TRD104313,2026-08-17,SETTLED,INSTRUCTED,HDFC-CUST,750,9753907.5,SSI-IN-0147,TRAIN
4315,TRD104314,2026-08-12,SETTLED,INSTRUCTED,DEUTSCHE-BROKER,2000,1699020.0,SSI-DE-5510,TRAIN
4316,TRD104315,2026-08-22,SETTLED,INSTRUCTED,DEUTSCHE-BROKER,1000,1671350.0,SSI-DE-5510,TRAIN
4317,TRD104316,2026-08-13,SETTLED,INSTRUCTED,DEUTSCHE-BROKER,1000,1696750.0,SSI-DE-5510,TEST
4318,TRD104317,2026-08-19,SETTLED,INSTRUCTED,KOTAK-CUST,500,948560.0,SSI-IN-0203,TEST
4319,TRD104318,2026-08-20,SETTLED,INSTRUCTED,KOTAK-CUST,100,369244.0,SSI-IN-0203,TRAIN
4320,TRD104319,2026-08-18,SETTLED,INSTRUCTED,ICICI-CUST,2000,25924200.0,SSI-IN-0091,TRAIN
4321,TRD104320,2026-08-18,SETTLED,INSTRUCTED,KOTAK-CUST,250,714672.5,SSI-IN-0203,TRAIN
4322,TRD104321,2026-08-22,SETTLED,INSTRUCTED,NOMURA-BROKER,250,421495.0,SSI-JP-3389,TRAIN
4323,TRD104322,2026-08-05,SETTLED,INSTRUCTED,KOTAK-CUST,750,2127577.5,SSI-IN-0203,TRAIN
4324,TRD104323,2026-08-17,SETTLED,INSTRUCTED,NOMURA-BROKER,200,390180.0,SSI-JP-3389,TEST
4325,TRD104324,2026-08-12,SETTLED,INSTRUCTED,MORGANSTANLEY-BROKER,200,248298.0,SSI-US-7742,TRAIN
4326,TRD104325,2026-08-11,SETTLED,INSTRUCTED,KOTAK-CUST,500,1840060.0,SSI-IN-0203,TRAIN
4327,TRD104326,2026-08-21,SETTLED,INSTRUCTED,DEUTSCHE-BROKER,2000,8202380.0,SSI-DE-5510,TRAIN
4328,TRD104327,2026-08-07,PENDING,INSTRUCTED,NOMURA-BROKER,2000,8228960.0,SSI-JP-3389,TRAIN
4329,TRD104328,2026-08-16,SETTLED,INSTRUCTED,MORGANSTANLEY-BROKER,100,47096.0,SSI-US-7742,TRAIN
4330,TRD104329,2026-08-07,SETTLED,INSTRUCTED,MORGANSTANLEY-BROKER,1500,704760.0,SSI-US-7742,TRAIN
4331,TRD104330,2026-08-07,SETTLED,INSTRUCTED,ICICI-CUST,200,390740.0,SSI-IN-0091,TEST
4332,TRD104331,2026-08-09,PENDING,MISSING,KOTAK-CUST,1500,2931945.0,,TRAIN
4333,TRD104332,2026-08-14,SETTLED,INSTRUCTED,NOMURA-BROKER,500,234140.0,SSI-JP-3389,TRAIN
4334,TRD104333,2026-08-06,SETTLED,INSTRUCTED,MORGANSTANLEY-BROKER,100,46869.0,SSI-US-7742,TRAIN
4335,TRD104334,2026-08-09,PENDING,MISSING,KOTAK-CUST,200,551684.0,,TRAIN
4336,TRD104335,2026-08-08,PENDING,MISSING,ICICI-CUST,100,117523.0,,TRAIN
4337,TRD104336,2026-08-21,SETTLED,INSTRUCTED,HDFC-CUST,2000,3785720.0,SSI-IN-0147,TRAIN
4338,TRD104337,2026-08-20,SETTLED,INSTRUCTED,DEUTSCHE-BROKER,500,6477905.0,SSI-DE-5510,TRAIN
4339,TRD104338,2026-08-02,SETTLED,INSTRUCTED,HDFC-CUST,750,457852.5,SSI-IN-0147,TRAIN
4340,TRD104339,2026-08-09,SETTLED,INSTRUCTED,KOTAK-CUST,2000,345500.0,SSI-IN-0203,TRAIN
4341,TRD104340,2026-08-02,SETTLED,INSTRUCTED,MORGANSTANLEY-BROKER,250,919025.0,SSI-US-7742,TRAIN
4342,TRD104341,2026-08-17,SETTLED,INSTRUCTED,MORGANSTANLEY-BROKER,1500,2827995.0,SSI-US-7742,TRAIN
4343,TRD104342,2026-08-20,SETTLED,INSTRUCTED,ICICI-CUST,1500,2833440.0,SSI-IN-0091,TEST
4344,TRD104343,2026-08-07,SETTLED,INSTRUCTED,ICICI-CUST,250,491160.0,SSI-IN-0091,TRAIN
4345,TRD104344,2026-08-04,SETTLED,INSTRUCTED,ICICI-CUST,250,212045.0,SSI-IN-0091,TRAIN
4346,TRD104345,2026-08-11,SETTLED,INSTRUCTED,DEUTSCHE-BROKER,1000,13020240.0,SSI-DE-5510,TEST
4347,TRD104346,2026-08-13,SETTLED,INSTRUCTED,NOMURA-BROKER,750,929460.0,SSI-JP-3389,TRAIN
4348,TRD104347,2026-08-05,SETTLED,INSTRUCTED,ICICI-CUST,1000,843740.0,SSI-IN-0091,TRAIN
4349,TRD104348,2026-08-16,SETTLED,INSTRUCTED,HDFC-CUST,500,2057945.0,SSI-IN-0147,TRAIN
4350,TRD104349,2026-08-22,SETTLED,INSTRUCTED,NOMURA-BROKER,100,188474.0,SSI-JP-3389,TRAIN
4351,TRD104350,2026-08-05,PENDING,MISSING,MORGANSTANLEY-BROKER,1500,703440.0,,TEST
4352,TRD104351,2026-08-06,SETTLED,INSTRUCTED,HDFC-CUST,750,3086917.5,SSI-IN-0147,TRAIN
4353,TRD104352,2026-08-12,SETTLED,INSTRUCTED,KOTAK-CUST,500,618530.0,SSI-IN-0203,TRAIN
4354,TRD104353,2026-08-19,SETTLED,INSTRUCTED,HDFC-CUST,250,1029600.0,SSI-IN-0147,TRAIN
4355,TRD104354,2026-08-17,PENDING,INSTRUCTED,KOTAK-CUST,100,167534.0,SSI-IN-0203,TRAIN
4356,TRD104355,2026-08-17,SETTLED,INSTRUCTED,DEUTSCHE-BROKER,100,286451.0,SSI-DE-5510,TRAIN
4357,TRD104356,2026-08-21,SETTLED,INSTRUCTED,KOTAK-CUST,2000,5484460.0,SSI-IN-0203,TRAIN
4358,TRD104357,2026-08-04,SETTLED,INSTRUCTED,NOMURA-BROKER,2000,3387200.0,SSI-JP-3389,TRAIN
4359,TRD104358,2026-08-11,FAILED,INCORRECT,MORGANSTANLEY-BROKER,2000,8212440.0,SSI-IN-0203,TRAIN
4360,TRD104359,2026-08-14,SETTLED,INSTRUCTED,MORGANSTANLEY-BROKER,750,1460955.0,SSI-US-7742,TRAIN
4361,TRD104360,2026-08-11,SETTLED,INSTRUCTED,NOMURA-BROKER,250,418327.5,SSI-JP-3389,TEST
4362,TRD104361,2026-08-05,SETTLED,INSTRUCTED,MORGANSTANLEY-BROKER,1500,1860585.0,SSI-US-7742,TRAIN
4363,TRD104362,2026-08-09,SETTLED,INSTRUCTED,MORGANSTANLEY-BROKER,1000,2856710.0,SSI-US-7742,TEST
4364,TRD104363,2026-08-20,SETTLED,INSTRUCTED,ICICI-CUST,750,2065297.5,SSI-IN-0091,TRAIN
4365,TRD104364,2026-08-05,SETTLED,INSTRUCTED,NOMURA-BROKER,750,1251757.5,SSI-JP-3389,TRAIN
4366,TRD104365,2026-08-13,SETTLED,INSTRUCTED,MORGANSTANLEY-BROKER,200,826106.0,SSI-US-7742,TRAIN
4367,TRD104366,2026-08-16,SETTLED,INSTRUCTED,ICICI-CUST,250,422937.5,SSI-IN-0091,TRAIN
4368,TRD104367,2026-08-10,SETTLED,INSTRUCTED,ICICI-CUST,200,379802.0,SSI-IN-0091,TRAIN
4369,TRD104368,2026-08-12,SETTLED,INSTRUCTED,HDFC-CUST,250,153015.0,SSI-IN-0147,TRAIN
4370,TRD104369,2026-08-20,SETTLED,INSTRUCTED,NOMURA-BROKER,250,470747.5,SSI-JP-3389,TRAIN
4371,TRD104370,2026-08-06,PENDING,MISSING,MORGANSTANLEY-BROKER,750,634290.0,,TEST
4372,TRD104371,2026-08-18,SETTLED,INSTRUCTED,KOTAK-CUST,1000,2746840.0,SSI-IN-0203,TRAIN
4373,TRD104372,2026-08-09,SETTLED,INSTRUCTED,KOTAK-CUST,1500,4269855.0,SSI-IN-0203,TRAIN
4374,TRD104373,2026-08-14,SETTLED,INSTRUCTED,MORGANSTANLEY-BROKER,1000,1245990.0,SSI-US-7742,TRAIN
4375,TRD104374,2026-08-04,SETTLED,INSTRUCTED,KOTAK-CUST,100,413625.0,SSI-IN-0203,TRAIN
4376,TRD104375,2026-08-20,SETTLED,INSTRUCTED,KOTAK-CUST,500,942215.0,SSI-IN-0203,TRAIN
4377,TRD104376,2026-08-12,SETTLED,INSTRUCTED,MORGANSTANLEY-BROKER,100,118535.0,SSI-US-7742,TRAIN
4378,TRD104377,2026-08-17,SETTLED,INSTRUCTED,NOMURA-BROKER,2000,933880.0,SSI-JP-3389,TRAIN
4379,TRD104378,2026-08-16,SETTLED,INSTRUCTED,ICICI-CUST,1000,2847960.0,SSI-IN-0091,TRAIN
4380,TRD104379,2026-08-14,SETTLED,INSTRUCTED,ICICI-CUST,750,1423537.5,SSI-IN-0091,TRAIN
4381,TRD104380,2026-08-09,SETTLED,INSTRUCTED,NOMURA-BROKER,750,1268317.5,SSI-JP-3389,TEST
4382,TRD104381,2026-08-10,SETTLED,INSTRUCTED,ICICI-CUST,2000,3346560.0,SSI-IN-0091,TEST
4383,TRD104382,2026-08-15,SETTLED,INSTRUCTED,ICICI-CUST,2000,941220.0,SSI-IN-0091,TRAIN
4384,TRD104383,2026-08-22,SETTLED,INSTRUCTED,NOMURA-BROKER,500,619220.0,SSI-JP-3389,TRAIN
4385,TRD104384,2026-08-17,SETTLED,INSTRUCTED,HDFC-CUST,200,2599610.0,SSI-IN-0147,TRAIN
4386,TRD104385,2026-08-15,SETTLED,INSTRUCTED,NOMURA-BROKER,250,417812.5,SSI-JP-3389,TRAIN
4387,TRD104386,2026-08-10,SETTLED,INSTRUCTED,KOTAK-CUST,2000,346260.0,SSI-IN-0203,TRAIN
4388,TRD104387,2026-08-03,SETTLED,INSTRUCTED,MORGANSTANLEY-BROKER,750,934290.0,SSI-US-7742,TRAIN
4389,TRD104388,2026-08-19,SETTLED,INSTRUCTED,ICICI-CUST,500,306225.0,SSI-IN-0091,TRAIN
4390,TRD104389,2026-08-07,SETTLED,INSTRUCTED,DEUTSCHE-BROKER,1000,2860340.0,SSI-DE-5510,TRAIN
4391,TRD104390,2026-08-12,SETTLED,INSTRUCTED,DEUTSCHE-BROKER,1000,1184000.0,SSI-DE-5510,TRAIN
4392,TRD104391,2026-08-20,SETTLED,INSTRUCTED,DEUTSCHE-BROKER,200,820452.0,SSI-DE-5510,TRAIN
4393,TRD104392,2026-08-13,SETTLED,INSTRUCTED,DEUTSCHE-BROKER,2000,344420.0,SSI-DE-5510,TRAIN
4394,TRD104393,2026-08-14,SETTLED,INSTRUCTED,NOMURA-BROKER,2000,3767440.0,SSI-JP-3389,TRAIN
4395,TRD104394,2026-08-02,SETTLED,INSTRUCTED,HDFC-CUST,1000,3671630.0,SSI-IN-0147,TRAIN
4396,TRD104395,2026-08-13,SETTLED,INSTRUCTED,NOMURA-BROKER,1500,2934390.0,SSI-JP-3389,TEST
4397,TRD104396,2026-08-20,SETTLED,INSTRUCTED,NOMURA-BROKER,1500,19446435.0,SSI-JP-3389,TRAIN
4398,TRD104397,2026-08-15,SETTLED,INSTRUCTED,MORGANSTANLEY-BROKER,500,2060775.0,SSI-US-7742,TRAIN
4399,TRD104398,2026-08-16,SETTLED,INSTRUCTED,DEUTSCHE-BROKER,2000,2369540.0,SSI-DE-5510,TRAIN
4400,TRD104399,2026-08-15,SETTLED,INSTRUCTED,HDFC-CUST,500,1426240.0,SSI-IN-0147,TRAIN
4401,TRD104400,2026-08-20,PENDING,INSTRUCTED,ICICI-CUST,2000,938640.0,SSI-IN-0091,TEST
4402,TRD104401,2026-08-05,SETTLED,INSTRUCTED,HDFC-CUST,500,235595.0,SSI-IN-0147,TRAIN
4403,TRD104402,2026-08-22,SETTLED,INSTRUCTED,HDFC-CUST,100,188854.0,SSI-IN-0147,TEST
4404,TRD104403,2026-08-09,SETTLED,INSTRUCTED,ICICI-CUST,500,942245.0,SSI-IN-0091,TRAIN
4405,TRD104404,2026-08-14,SETTLED,INSTRUCTED,ICICI-CUST,500,588665.0,SSI-IN-0091,TRAIN
4406,TRD104405,2026-08-10,SETTLED,INSTRUCTED,NOMURA-BROKER,1500,19482855.0,SSI-JP-3389,TRAIN
4407,TRD104406,2026-08-08,FAILED,INCORRECT,KOTAK-CUST,1000,1693010.0,SSI-IN-0091,TRAIN
4408,TRD104407,2026-08-04,SETTLED,INSTRUCTED,HDFC-CUST,250,211610.0,SSI-IN-0147,TRAIN
4409,TRD104408,2026-08-14,SETTLED,INSTRUCTED,KOTAK-CUST,100,46671.0,SSI-IN-0203,TRAIN
4410,TRD104409,2026-08-12,SETTLED,INSTRUCTED,HDFC-CUST,2000,2488540.0,SSI-IN-0147,TRAIN
4411,TRD104410,2026-08-13,SETTLED,INSTRUCTED,KOTAK-CUST,100,117737.0,SSI-IN-0203,TEST
4412,TRD104411,2026-08-16,SETTLED,INSTRUCTED,DEUTSCHE-BROKER,100,367367.0,SSI-DE-5510,TRAIN
4413,TRD104412,2026-08-17,SETTLED,INSTRUCTED,MORGANSTANLEY-BROKER,1000,848140.0,SSI-US-7742,TRAIN
4414,TRD104413,2026-08-07,SETTLED,INSTRUCTED,ICICI-CUST,1500,5494140.0,SSI-IN-0091,TRAIN
4415,TRD104414,2026-08-04,SETTLED,INSTRUCTED,DEUTSCHE-BROKER,200,377112.0,SSI-DE-5510,TRAIN
4416,TRD104415,2026-08-15,SETTLED,INSTRUCTED,HDFC-CUST,1000,1180960.0,SSI-IN-0147,TRAIN
4417,TRD104416,2026-08-18,SETTLED,INSTRUCTED,DEUTSCHE-BROKER,2000,2352460.0,SSI-DE-5510,TRAIN
4418,TRD104417,2026-08-20,SETTLED,INSTRUCTED,KOTAK-CUST,250,311147.5,SSI-IN-0203,TRAIN
4419,TRD104418,2026-08-20,SETTLED,INSTRUCTED,DEUTSCHE-BROKER,200,235988.0,SSI-DE-5510,TRAIN
4420,TRD104419,2026-08-08,SETTLED,INSTRUCTED,HDFC-CUST,1500,6150735.0,SSI-IN-0147,TRAIN
4421,TRD104420,2026-08-03,SETTLED,INSTRUCTED,HDFC-CUST,100,284549.0,SSI-IN-0147,TRAIN
4422,TRD104421,2026-08-02,SETTLED,INSTRUCTED,HDFC-CUST,200,168528.0,SSI-IN-0147,TEST
4423,TRD104422,2026-08-13,PENDING,MISSING,KOTAK-CUST,2000,8230040.0,,TEST
4424,TRD104423,2026-08-04,SETTLED,INSTRUCTED,ICICI-CUST,2000,2484560.0,SSI-IN-0091,TRAIN
4425,TRD104424,2026-08-12,SETTLED,INSTRUCTED,NOMURA-BROKER,250,424182.5,SSI-JP-3389,TRAIN
4426,TRD104425,2026-08-20,SETTLED,INSTRUCTED,DEUTSCHE-BROKER,250,211200.0,SSI-DE-5510,TRAIN
4427,TRD104426,2026-08-14,SETTLED,INSTRUCTED,ICICI-CUST,100,188519.0,SSI-IN-0091,TRAIN
4428,TRD104427,2026-08-20,SETTLED,INSTRUCTED,KOTAK-CUST,500,618550.0,SSI-IN-0203,TRAIN
4429,TRD104428,2026-08-08,SETTLED,INSTRUCTED,DEUTSCHE-BROKER,500,86390.0,SSI-DE-5510,TRAIN
4430,TRD104429,2026-08-12,SETTLED,INSTRUCTED,DEUTSCHE-BROKER,200,572178.0,SSI-DE-5510,TRAIN
4431,TRD104430,2026-08-10,SETTLED,INSTRUCTED,NOMURA-BROKER,1500,2835030.0,SSI-JP-3389,TRAIN
4432,TRD104431,2026-08-13,SETTLED,INSTRUCTED,ICICI-CUST,2000,2348860.0,SSI-IN-0091,TEST
4433,TRD104432,2026-08-02,SETTLED,INSTRUCTED,MORGANSTANLEY-BROKER,2000,939380.0,SSI-US-7742,TEST
4434,TRD104433,2026-08-19,SETTLED,INSTRUCTED,HDFC-CUST,250,1025512.5,SSI-IN-0147,TRAIN
4435,TRD104434,2026-08-20,SETTLED,INSTRUCTED,DEUTSCHE-BROKER,500,839315.0,SSI-DE-5510,TRAIN
4436,TRD104435,2026-08-20,SETTLED,INSTRUCTED,KOTAK-CUST,500,591625.0,SSI-IN-0203,TRAIN
4437,TRD104436,2026-08-05,SETTLED,INSTRUCTED,ICICI-CUST,1000,849100.0,SSI-IN-0091,TRAIN
4438,TRD104437,2026-08-21,SETTLED,INSTRUCTED,HDFC-CUST,2000,5468320.0,SSI-IN-0147,TRAIN
4439,TRD104438,2026-08-05,SETTLED,INSTRUCTED,KOTAK-CUST,2000,1687860.0,SSI-IN-0203,TRAIN
4440,TRD104439,2026-08-20,SETTLED,INSTRUCTED,DEUTSCHE-BROKER,2000,7384340.0,SSI-DE-5510,TRAIN
4441,TRD104440,2026-08-18,SETTLED,INSTRUCTED,MORGANSTANLEY-BROKER,1000,1892210.0,SSI-US-7742,TRAIN
4442,TRD104441,2026-08-17,SETTLED,INSTRUCTED,NOMURA-BROKER,750,1419892.5,SSI-JP-3389,TRAIN
4443,TRD104442,2026-08-16,SETTLED,INSTRUCTED,DEUTSCHE-BROKER,1500,4126980.0,SSI-DE-5510,TRAIN
4444,TRD104443,2026-08-08,SETTLED,INSTRUCTED,NOMURA-BROKER,500,621240.0,SSI-JP-3389,TRAIN
4445,TRD104444,2026-08-07,SETTLED,INSTRUCTED,MORGANSTANLEY-BROKER,2000,2360940.0,SSI-US-7742,TRAIN
4446,TRD104445,2026-08-14,SETTLED,INSTRUCTED,NOMURA-BROKER,200,93628.0,SSI-JP-3389,TRAIN
4447,TRD104446,2026-08-21,SETTLED,INSTRUCTED,MORGANSTANLEY-BROKER,100,17303.0,SSI-US-7742,TRAIN
4448,TRD104447,2026-08-06,SETTLED,INSTRUCTED,KOTAK-CUST,100,124255.0,SSI-IN-0203,TRAIN
4449,TRD104448,2026-08-20,SETTLED,INSTRUCTED,KOTAK-CUST,100,285680.0,SSI-IN-0203,TRAIN
4450,TRD104449,2026-08-17,SETTLED,INSTRUCTED,DEUTSCHE-BROKER,1000,1690110.0,SSI-DE-5510,TRAIN
4451,TRD104450,2026-08-06,SETTLED,INSTRUCTED,HDFC-CUST,250,43072.5,SSI-IN-0147,TRAIN
4452,TRD104451,2026-08-09,SETTLED,INSTRUCTED,DEUTSCHE-BROKER,250,296310.0,SSI-DE-5510,TRAIN
4453,TRD104452,2026-08-10,SETTLED,INSTRUCTED,NOMURA-BROKER,200,236564.0,SSI-JP-3389,TRAIN
4454,TRD104453,2026-08-09,SETTLED,INSTRUCTED,ICICI-CUST,1000,1948820.0,SSI-IN-0091,TRAIN
4455,TRD104454,2026-08-04,SETTLED,INSTRUCTED,KOTAK-CUST,250,472082.5,SSI-IN-0203,TRAIN
4456,TRD104455,2026-08-22,FAILED,INCORRECT,ICICI-CUST,100,169680.0,SSI-DE-5510,TEST
4457,TRD104456,2026-08-12,SETTLED,INSTRUCTED,MORGANSTANLEY-BROKER,500,85980.0,SSI-US-7742,TRAIN
4458,TRD104457,2026-08-20,SETTLED,INSTRUCTED,MORGANSTANLEY-BROKER,750,2052270.0,SSI-US-7742,TRAIN
4459,TRD104458,2026-08-17,SETTLED,INSTRUCTED,DEUTSCHE-BROKER,1500,1773645.0,SSI-DE-5510,TRAIN
4460,TRD104459,2026-08-07,SETTLED,INSTRUCTED,DEUTSCHE-BROKER,100,168005.0,SSI-DE-5510,TRAIN
4461,TRD104460,2026-08-02,SETTLED,INSTRUCTED,ICICI-CUST,500,234220.0,SSI-IN-0091,TRAIN
4462,TRD104461,2026-08-22,SETTLED,INSTRUCTED,ICICI-CUST,100,118113.0,SSI-IN-0091,TEST
4463,TRD104462,2026-08-22,SETTLED,INSTRUCTED,KOTAK-CUST,2000,25935740.0,SSI-IN-0203,TRAIN
4464,TRD104463,2026-08-13,SETTLED,INSTRUCTED,KOTAK-CUST,2000,935460.0,SSI-IN-0203,TRAIN
4465,TRD104464,2026-08-09,SETTLED,INSTRUCTED,ICICI-CUST,750,456277.5,SSI-IN-0091,TRAIN
4466,TRD104465,2026-08-03,SETTLED,INSTRUCTED,NOMURA-BROKER,250,295725.0,SSI-JP-3389,TRAIN
4467,TRD104466,2026-08-09,SETTLED,INSTRUCTED,MORGANSTANLEY-BROKER,750,637027.5,SSI-US-7742,TEST
4468,TRD104467,2026-08-10,SETTLED,INSTRUCTED,KOTAK-CUST,1500,2515005.0,SSI-IN-0203,TRAIN
4469,TRD104468,2026-08-17,SETTLED,INSTRUCTED,MORGANSTANLEY-BROKER,1000,2736660.0,SSI-US-7742,TRAIN
4470,TRD104469,2026-08-18,SETTLED,INSTRUCTED,ICICI-CUST,500,233860.0,SSI-IN-0091,TRAIN
4471,TRD104470,2026-08-12,SETTLED,INSTRUCTED,HDFC-CUST,2000,5685740.0,SSI-IN-0147,TEST
4472,TRD104471,2026-08-05,SETTLED,INSTRUCTED,HDFC-CUST,500,944425.0,SSI-IN-0147,TRAIN
4473,TRD104472,2026-08-02,SETTLED,INSTRUCTED,NOMURA-BROKER,2000,5515000.0,SSI-JP-3389,TRAIN
4474,TRD104473,2026-08-09,SETTLED,INSTRUCTED,HDFC-CUST,2000,1216520.0,SSI-IN-0147,TRAIN
4475,TRD104474,2026-08-06,SETTLED,INSTRUCTED,HDFC-CUST,200,168950.0,SSI-IN-0147,TRAIN
4476,TRD104475,2026-08-04,SETTLED,INSTRUCTED,KOTAK-CUST,100,412023.0,SSI-IN-0203,TRAIN
4477,TRD104476,2026-08-20,SETTLED,INSTRUCTED,KOTAK-CUST,2000,7327480.0,SSI-IN-0203,TRAIN
4478,TRD104477,2026-08-11,SETTLED,INSTRUCTED,KOTAK-CUST,250,474442.5,SSI-IN-0203,TRAIN
4479,TRD104478,2026-08-07,SETTLED,INSTRUCTED,KOTAK-CUST,200,824922.0,SSI-IN-0203,TRAIN
4480,TRD104479,2026-08-03,SETTLED,INSTRUCTED,DEUTSCHE-BROKER,1000,1885240.0,SSI-DE-5510,TRAIN
4481,TRD104480,2026-08-13,SETTLED,INSTRUCTED,ICICI-CUST,500,6510915.0,SSI-IN-0091,TRAIN
4482,TRD104481,2026-08-10,SETTLED,INSTRUCTED,ICICI-CUST,750,458272.5,SSI-IN-0091,TRAIN
4483,TRD104482,2026-08-12,SETTLED,INSTRUCTED,KOTAK-CUST,2000,1697260.0,SSI-IN-0203,TRAIN
4484,TRD104483,2026-08-09,SETTLED,INSTRUCTED,HDFC-CUST,1500,258495.0,SSI-IN-0147,TRAIN
4485,TRD104484,2026-08-15,SETTLED,INSTRUCTED,ICICI-CUST,500,841120.0,SSI-IN-0091,TRAIN
4486,TRD104485,2026-08-19,SETTLED,INSTRUCTED,NOMURA-BROKER,200,2600448.0,SSI-JP-3389,TEST
4487,TRD104486,2026-08-02,FAILED,INCORRECT,DEUTSCHE-BROKER,1000,1669030.0,SSI-IN-0203,TEST
4488,TRD104487,2026-08-03,SETTLED,INSTRUCTED,KOTAK-CUST,100,84382.0,SSI-IN-0203,TRAIN
4489,TRD104488,2026-08-16,SETTLED,INSTRUCTED,ICICI-CUST,1500,2936355.0,SSI-IN-0091,TRAIN
4490,TRD104489,2026-08-15,SETTLED,INSTRUCTED,ICICI-CUST,500,979735.0,SSI-IN-0091,TRAIN
4491,TRD104490,2026-08-11,SETTLED,INSTRUCTED,DEUTSCHE-BROKER,100,410339.0,SSI-DE-5510,TRAIN
4492,TRD104491,2026-08-17,SETTLED,INSTRUCTED,MORGANSTANLEY-BROKER,500,305480.0,SSI-US-7742,TRAIN
4493,TRD104492,2026-08-14,SETTLED,INSTRUCTED,NOMURA-BROKER,750,2144272.5,SSI-JP-3389,TEST
4494,TRD104493,2026-08-18,SETTLED,INSTRUCTED,DEUTSCHE-BROKER,200,334730.0,SSI-DE-5510,TRAIN
4495,TRD104494,2026-08-21,SETTLED,INSTRUCTED,ICICI-CUST,1000,3696070.0,SSI-IN-0091,TEST
4496,TRD104495,2026-08-14,FAILED,INCORRECT,MORGANSTANLEY-BROKER,1500,2928675.0,SSI-IN-0147,TEST
4497,TRD104496,2026-08-02,SETTLED,INSTRUCTED,DEUTSCHE-BROKER,250,117252.5,SSI-DE-5510,TRAIN
4498,TRD104497,2026-08-19,SETTLED,INSTRUCTED,ICICI-CUST,100,189453.0,SSI-IN-0091,TEST
4499,TRD104498,2026-08-13,SETTLED,INSTRUCTED,DEUTSCHE-BROKER,500,944755.0,SSI-DE-5510,TRAIN
4500,TRD104499,2026-08-03,SETTLED,INSTRUCTED,MORGANSTANLEY-BROKER,500,234985.0,SSI-US-7742,TRAIN
4501,TRD104500,2026-08-18,SETTLED,INSTRUCTED,MORGANSTANLEY-BROKER,1500,4122675.0,SSI-US-7742,TRAIN
4502,TRD104501,2026-08-15,PENDING,INSTRUCTED,MORGANSTANLEY-BROKER,750,1464525.0,SSI-US-7742,TRAIN
4503,TRD104502,2026-08-17,SETTLED,INSTRUCTED,KOTAK-CUST,200,93556.0,SSI-IN-0203,TEST
4504,TRD104503,2026-08-04,SETTLED,INSTRUCTED,MORGANSTANLEY-BROKER,1500,2534325.0,SSI-US-7742,TRAIN
4505,TRD104504,2026-08-11,SETTLED,INSTRUCTED,KOTAK-CUST,200,34346.0,SSI-IN-0203,TRAIN
4506,TRD104505,2026-08-08,PENDING,MISSING,KOTAK-CUST,1000,848310.0,,TRAIN
4507,TRD104506,2026-08-22,SETTLED,INSTRUCTED,DEUTSCHE-BROKER,100,369546.0,SSI-DE-5510,TRAIN
4508,TRD104507,2026-08-18,SETTLED,INSTRUCTED,KOTAK-CUST,100,284009.0,SSI-IN-0203,TRAIN
4509,TRD104508,2026-08-17,SETTLED,INSTRUCTED,NOMURA-BROKER,500,1369235.0,SSI-JP-3389,TRAIN
4510,TRD104509,2026-08-08,SETTLED,INSTRUCTED,ICICI-CUST,500,1366190.0,SSI-IN-0091,TEST
4511,TRD104510,2026-08-10,PENDING,INSTRUCTED,DEUTSCHE-BROKER,2000,1215920.0,SSI-DE-5510,TRAIN
4512,TRD104511,2026-08-02,SETTLED,INSTRUCTED,ICICI-CUST,2000,2485900.0,SSI-IN-0091,TRAIN
4513,TRD104512,2026-08-13,SETTLED,INSTRUCTED,KOTAK-CUST,100,194863.0,SSI-IN-0203,TRAIN
4514,TRD104513,2026-08-11,SETTLED,INSTRUCTED,MORGANSTANLEY-BROKER,100,286466.0,SSI-US-7742,TRAIN
4515,TRD104514,2026-08-17,SETTLED,INSTRUCTED,DEUTSCHE-BROKER,500,978515.0,SSI-DE-5510,TRAIN
4516,TRD104515,2026-08-14,SETTLED,INSTRUCTED,ICICI-CUST,2000,7333440.0,SSI-IN-0091,TRAIN
4517,TRD104516,2026-08-11,SETTLED,INSTRUCTED,HDFC-CUST,500,1429500.0,SSI-IN-0147,TRAIN
4518,TRD104517,2026-08-11,SETTLED,INSTRUCTED,HDFC-CUST,100,285279.0,SSI-IN-0147,TRAIN
4519,TRD104518,2026-08-09,SETTLED,INSTRUCTED,ICICI-CUST,750,886237.5,SSI-IN-0091,TRAIN
4520,TRD104519,2026-08-20,SETTLED,INSTRUCTED,NOMURA-BROKER,2000,8282020.0,SSI-JP-3389,TRAIN
4521,TRD104520,2026-08-06,SETTLED,INSTRUCTED,MORGANSTANLEY-BROKER,1500,1865940.0,SSI-US-7742,TEST
4522,TRD104521,2026-08-14,SETTLED,INSTRUCTED,HDFC-CUST,200,169156.0,SSI-IN-0147,TRAIN
4523,TRD104522,2026-08-22,SETTLED,INSTRUCTED,DEUTSCHE-BROKER,2000,3791100.0,SSI-DE-5510,TRAIN
4524,TRD104523,2026-08-06,SETTLED,INSTRUCTED,HDFC-CUST,250,471392.5,SSI-IN-0147,TRAIN
4525,TRD104524,2026-08-16,SETTLED,INSTRUCTED,ICICI-CUST,1500,1271490.0,SSI-IN-0091,TEST
4526,TRD104525,2026-08-03,SETTLED,INSTRUCTED,KOTAK-CUST,1000,4121520.0,SSI-IN-0203,TRAIN
4527,TRD104526,2026-08-16,SETTLED,INSTRUCTED,DEUTSCHE-BROKER,100,274112.0,SSI-DE-5510,TRAIN
4528,TRD104527,2026-08-08,SETTLED,INSTRUCTED,MORGANSTANLEY-BROKER,200,122498.0,SSI-US-7742,TRAIN
4529,TRD104528,2026-08-17,SETTLED,INSTRUCTED,NOMURA-BROKER,750,2767605.0,SSI-JP-3389,TEST
4530,TRD104529,2026-08-12,SETTLED,INSTRUCTED,HDFC-CUST,500,1371650.0,SSI-IN-0147,TRAIN
4531,TRD104530,2026-08-11,SETTLED,INSTRUCTED,KOTAK-CUST,1000,1184130.0,SSI-IN-0203,TRAIN
4532,TRD104531,2026-08-10,SETTLED,INSTRUCTED,NOMURA-BROKER,250,710202.5,SSI-JP-3389,TRAIN
4533,TRD104532,2026-08-04,SETTLED,INSTRUCTED,HDFC-CUST,1500,5503185.0,SSI-IN-0147,TRAIN
4534,TRD104533,2026-08-03,SETTLED,INSTRUCTED,HDFC-CUST,200,93592.0,SSI-IN-0147,TRAIN
4535,TRD104534,2026-08-14,SETTLED,INSTRUCTED,NOMURA-BROKER,100,17279.0,SSI-JP-3389,TRAIN
4536,TRD104535,2026-08-21,SETTLED,INSTRUCTED,HDFC-CUST,750,129712.5,SSI-IN-0147,TRAIN
4537,TRD104536,2026-08-16,SETTLED,INSTRUCTED,ICICI-CUST,200,336472.0,SSI-IN-0091,TEST
4538,TRD104537,2026-08-14,SETTLED,INSTRUCTED,NOMURA-BROKER,250,3252582.5,SSI-JP-3389,TRAIN
4539,TRD104538,2026-08-19,SETTLED,INSTRUCTED,NOMURA-BROKER,2000,1219600.0,SSI-JP-3389,TRAIN
4540,TRD104539,2026-08-04,SETTLED,INSTRUCTED,KOTAK-CUST,100,410923.0,SSI-IN-0203,TRAIN
4541,TRD104540,2026-08-05,SETTLED,INSTRUCTED,MORGANSTANLEY-BROKER,200,549206.0,SSI-US-7742,TRAIN
4542,TRD104541,2026-08-09,SETTLED,INSTRUCTED,HDFC-CUST,1000,2862520.0,SSI-IN-0147,TRAIN
4543,TRD104542,2026-08-16,SETTLED,INSTRUCTED,ICICI-CUST,100,46801.0,SSI-IN-0091,TRAIN
4544,TRD104543,2026-08-14,SETTLED,INSTRUCTED,DEUTSCHE-BROKER,750,2144122.5,SSI-DE-5510,TEST
4545,TRD104544,2026-08-04,SETTLED,INSTRUCTED,ICICI-CUST,2000,3912440.0,SSI-IN-0091,TRAIN
4546,TRD104545,2026-08-14,SETTLED,INSTRUCTED,KOTAK-CUST,1000,1244060.0,SSI-IN-0203,TRAIN
4547,TRD104546,2026-08-17,SETTLED,INSTRUCTED,MORGANSTANLEY-BROKER,250,472375.0,SSI-US-7742,TRAIN
4548,TRD104547,2026-08-08,SETTLED,INSTRUCTED,DEUTSCHE-BROKER,750,350010.0,SSI-DE-5510,TRAIN
4549,TRD104548,2026-08-09,FAILED,INCORRECT,HDFC-CUST,2000,2348780.0,SSI-IN-0091,TEST
4550,TRD104549,2026-08-22,PENDING,MISSING,DEUTSCHE-BROKER,750,1262587.5,,TRAIN
4551,TRD104550,2026-08-07,SETTLED,INSTRUCTED,DEUTSCHE-BROKER,1500,4255095.0,SSI-DE-5510,TRAIN
4552,TRD104551,2026-08-19,SETTLED,INSTRUCTED,ICICI-CUST,200,335720.0,SSI-IN-0091,TRAIN
4553,TRD104552,2026-08-03,SETTLED,INSTRUCTED,ICICI-CUST,1500,258000.0,SSI-IN-0091,TRAIN
4554,TRD104553,2026-08-05,SETTLED,INSTRUCTED,HDFC-CUST,1000,1951700.0,SSI-IN-0147,TEST
4555,TRD104554,2026-08-11,SETTLED,INSTRUCTED,ICICI-CUST,100,168852.0,SSI-IN-0091,TEST
4556,TRD104555,2026-08-14,SETTLED,INSTRUCTED,DEUTSCHE-BROKER,750,353257.5,SSI-DE-5510,TRAIN
4557,TRD104556,2026-08-18,SETTLED,INSTRUCTED,ICICI-CUST,750,2059380.0,SSI-IN-0091,TRAIN
4558,TRD104557,2026-08-05,SETTLED,INSTRUCTED,ICICI-CUST,500,86145.0,SSI-IN-0091,TRAIN
4559,TRD104558,2026-08-04,SETTLED,INSTRUCTED,DEUTSCHE-BROKER,2000,5463960.0,SSI-DE-5510,TEST
4560,TRD104559,2026-08-11,SETTLED,INSTRUCTED,MORGANSTANLEY-BROKER,2000,3904100.0,SSI-US-7742,TRAIN
4561,TRD104560,2026-08-05,FAILED,INCORRECT,ICICI-CUST,100,1297275.0,SSI-DE-5510,TRAIN
4562,TRD104561,2026-08-03,SETTLED,INSTRUCTED,KOTAK-CUST,1500,6201660.0,SSI-IN-0203,TEST
4563,TRD104562,2026-08-11,SETTLED,INSTRUCTED,ICICI-CUST,200,34410.0,SSI-IN-0091,TRAIN
4564,TRD104563,2026-08-09,SETTLED,INSTRUCTED,HDFC-CUST,1500,19459830.0,SSI-IN-0147,TRAIN
4565,TRD104564,2026-08-12,SETTLED,INSTRUCTED,KOTAK-CUST,1500,2947770.0,SSI-IN-0203,TRAIN
4566,TRD104565,2026-08-02,SETTLED,INSTRUCTED,HDFC-CUST,200,236002.0,SSI-IN-0147,TRAIN
4567,TRD104566,2026-08-03,SETTLED,INSTRUCTED,KOTAK-CUST,100,168151.0,SSI-IN-0203,TRAIN
4568,TRD104567,2026-08-08,SETTLED,INSTRUCTED,NOMURA-BROKER,1500,2947635.0,SSI-JP-3389,TEST
4569,TRD104568,2026-08-16,SETTLED,INSTRUCTED,HDFC-CUST,2000,1222500.0,SSI-IN-0147,TRAIN
4570,TRD104569,2026-08-06,SETTLED,INSTRUCTED,KOTAK-CUST,750,1259707.5,SSI-IN-0203,TRAIN
4571,TRD104570,2026-08-19,SETTLED,INSTRUCTED,KOTAK-CUST,500,86475.0,SSI-IN-0203,TRAIN
4572,TRD104571,2026-08-06,SETTLED,INSTRUCTED,DEUTSCHE-BROKER,500,981130.0,SSI-DE-5510,TRAIN
4573,TRD104572,2026-08-04,SETTLED,INSTRUCTED,HDFC-CUST,200,390204.0,SSI-IN-0147,TRAIN
4574,TRD104573,2026-08-17,PENDING,MISSING,MORGANSTANLEY-BROKER,200,551286.0,,TRAIN
4575,TRD104574,2026-08-14,SETTLED,INSTRUCTED,KOTAK-CUST,100,17233.0,SSI-IN-0203,TRAIN
4576,TRD104575,2026-08-16,SETTLED,INSTRUCTED,MORGANSTANLEY-BROKER,500,6511075.0,SSI-US-7742,TRAIN
4577,TRD104576,2026-08-12,SETTLED,INSTRUCTED,ICICI-CUST,200,34452.0,SSI-IN-0091,TRAIN
4578,TRD104577,2026-08-14,SETTLED,INSTRUCTED,KOTAK-CUST,1000,172880.0,SSI-IN-0203,TRAIN
4579,TRD104578,2026-08-11,SETTLED,INSTRUCTED,NOMURA-BROKER,2000,25834240.0,SSI-JP-3389,TEST
4580,TRD104579,2026-08-09,SETTLED,INSTRUCTED,MORGANSTANLEY-BROKER,100,47053.0,SSI-US-7742,TRAIN
4581,TRD104580,2026-08-05,SETTLED,INSTRUCTED,NOMURA-BROKER,250,488805.0,SSI-JP-3389,TRAIN
4582,TRD104581,2026-08-06,SETTLED,INSTRUCTED,MORGANSTANLEY-BROKER,250,152377.5,SSI-US-7742,TRAIN
4583,TRD104582,2026-08-03,SETTLED,INSTRUCTED,ICICI-CUST,250,711837.5,SSI-IN-0091,TRAIN
4584,TRD104583,2026-08-03,SETTLED,INSTRUCTED,ICICI-CUST,200,550038.0,SSI-IN-0091,TEST
4585,TRD104584,2026-08-20,SETTLED,INSTRUCTED,DEUTSCHE-BROKER,1500,6154575.0,SSI-DE-5510,TRAIN
4586,TRD104585,2026-08-21,SETTLED,INSTRUCTED,NOMURA-BROKER,750,2068837.5,SSI-JP-3389,TRAIN
4587,TRD104586,2026-08-19,SETTLED,INSTRUCTED,MORGANSTANLEY-BROKER,500,2050100.0,SSI-US-7742,TRAIN
4588,TRD104587,2026-08-14,SETTLED,INSTRUCTED,MORGANSTANLEY-BROKER,750,2764695.0,SSI-US-7742,TRAIN
4589,TRD104588,2026-08-08,SETTLED,INSTRUCTED,ICICI-CUST,250,116870.0,SSI-IN-0091,TEST
4590,TRD104589,2026-08-19,PENDING,INSTRUCTED,NOMURA-BROKER,750,1467202.5,SSI-JP-3389,TRAIN
4591,TRD104590,2026-08-13,SETTLED,INSTRUCTED,KOTAK-CUST,1500,2943990.0,SSI-IN-0203,TRAIN
4592,TRD104591,2026-08-08,PENDING,INSTRUCTED,MORGANSTANLEY-BROKER,250,293960.0,SSI-US-7742,TRAIN
4593,TRD104592,2026-08-04,SETTLED,INSTRUCTED,MORGANSTANLEY-BROKER,1500,4263495.0,SSI-US-7742,TRAIN
4594,TRD104593,2026-08-22,SETTLED,INSTRUCTED,NOMURA-BROKER,2000,8231980.0,SSI-JP-3389,TRAIN
4595,TRD104594,2026-08-05,SETTLED,INSTRUCTED,NOMURA-BROKER,500,944330.0,SSI-JP-3389,TRAIN
4596,TRD104595,2026-08-22,SETTLED,INSTRUCTED,MORGANSTANLEY-BROKER,500,843650.0,SSI-US-7742,TRAIN
4597,TRD104596,2026-08-05,PENDING,INSTRUCTED,HDFC-CUST,2000,25943000.0,SSI-IN-0147,TRAIN
4598,TRD104597,2026-08-09,SETTLED,INSTRUCTED,NOMURA-BROKER,200,550290.0,SSI-JP-3389,TRAIN
4599,TRD104598,2026-08-22,SETTLED,INSTRUCTED,DEUTSCHE-BROKER,250,474397.5,SSI-DE-5510,TEST
4600,TRD104599,2026-08-09,SETTLED,INSTRUCTED,DEUTSCHE-BROKER,1500,2846460.0,SSI-DE-5510,TRAIN
4601,TRD104600,2026-08-12,SETTLED,INSTRUCTED,HDFC-CUST,250,3259157.5,SSI-IN-0147,TRAIN
4602,TRD104601,2026-08-10,SETTLED,INSTRUCTED,HDFC-CUST,750,932310.0,SSI-IN-0147,TRAIN
4603,TRD104602,2026-08-05,SETTLED,INSTRUCTED,ICICI-CUST,200,738768.0,SSI-IN-0091,TRAIN
4604,TRD104603,2026-08-02,SETTLED,INSTRUCTED,MORGANSTANLEY-BROKER,100,167396.0,SSI-US-7742,TEST
4605,TRD104604,2026-08-12,SETTLED,INSTRUCTED,KOTAK-CUST,2000,7358740.0,SSI-IN-0203,TRAIN
4606,TRD104605,2026-08-07,SETTLED,INSTRUCTED,DEUTSCHE-BROKER,1500,4126575.0,SSI-DE-5510,TEST
4607,TRD104606,2026-08-06,SETTLED,INSTRUCTED,ICICI-CUST,1000,1891760.0,SSI-IN-0091,TRAIN
4608,TRD104607,2026-08-15,SETTLED,INSTRUCTED,HDFC-CUST,2000,3339280.0,SSI-IN-0147,TRAIN
4609,TRD104608,2026-08-08,SETTLED,INSTRUCTED,KOTAK-CUST,100,60862.0,SSI-IN-0203,TEST
4610,TRD104609,2026-08-12,SETTLED,INSTRUCTED,KOTAK-CUST,100,366820.0,SSI-IN-0203,TRAIN
4611,TRD104610,2026-08-25,PENDING,INSTRUCTED,HDFC-CUST,500,1375840.0,SSI-IN-0147,TRAIN
4612,TRD104611,2026-08-04,SETTLED,INSTRUCTED,MORGANSTANLEY-BROKER,1000,13014220.0,SSI-US-7742,TRAIN
4613,TRD104612,2026-08-04,SETTLED,INSTRUCTED,ICICI-CUST,2000,1217880.0,SSI-IN-0091,TRAIN
4614,TRD104613,2026-08-16,SETTLED,INSTRUCTED,ICICI-CUST,500,982620.0,SSI-IN-0091,TRAIN
4615,TRD104614,2026-08-22,SETTLED,INSTRUCTED,DEUTSCHE-BROKER,1000,1888280.0,SSI-DE-5510,TRAIN
4616,TRD104615,2026-08-19,SETTLED,INSTRUCTED,KOTAK-CUST,250,1028795.0,SSI-IN-0203,TRAIN
4617,TRD104616,2026-08-21,PENDING,INSTRUCTED,ICICI-CUST,100,168017.0,SSI-IN-0091,TEST
4618,TRD104617,2026-08-18,PENDING,MISSING,NOMURA-BROKER,100,167927.0,,TEST
4619,TRD104618,2026-08-19,SETTLED,INSTRUCTED,HDFC-CUST,750,1474027.5,SSI-IN-0147,TRAIN
4620,TRD104619,2026-08-03,SETTLED,INSTRUCTED,DEUTSCHE-BROKER,250,43242.5,SSI-DE-5510,TRAIN
4621,TRD104620,2026-08-15,SETTLED,INSTRUCTED,KOTAK-CUST,2000,3770380.0,SSI-IN-0203,TRAIN
4622,TRD104621,2026-08-06,SETTLED,INSTRUCTED,ICICI-CUST,250,470225.0,SSI-IN-0091,TRAIN
4623,TRD104622,2026-08-06,SETTLED,INSTRUCTED,MORGANSTANLEY-BROKER,100,1298654.0,SSI-US-7742,TRAIN
4624,TRD104623,2026-08-07,SETTLED,INSTRUCTED,DEUTSCHE-BROKER,200,2594360.0,SSI-DE-5510,TRAIN
4625,TRD104624,2026-08-07,SETTLED,INSTRUCTED,MORGANSTANLEY-BROKER,1500,2928450.0,SSI-US-7742,TRAIN
4626,TRD104625,2026-08-02,SETTLED,INSTRUCTED,ICICI-CUST,200,169432.0,SSI-IN-0091,TRAIN
4627,TRD104626,2026-08-19,SETTLED,INSTRUCTED,KOTAK-CUST,200,570776.0,SSI-IN-0203,TRAIN
4628,TRD104627,2026-08-03,SETTLED,INSTRUCTED,ICICI-CUST,250,421365.0,SSI-IN-0091,TRAIN
4629,TRD104628,2026-08-09,FAILED,INCORRECT,KOTAK-CUST,2000,5680180.0,SSI-IN-0091,TRAIN
4630,TRD104629,2026-08-08,SETTLED,INSTRUCTED,NOMURA-BROKER,500,303660.0,SSI-JP-3389,TRAIN
4631,TRD104630,2026-08-17,SETTLED,INSTRUCTED,KOTAK-CUST,750,128947.5,SSI-IN-0203,TRAIN
4632,TRD104631,2026-08-19,SETTLED,INSTRUCTED,ICICI-CUST,250,424077.5,SSI-IN-0091,TRAIN
4633,TRD104632,2026-08-15,SETTLED,INSTRUCTED,DEUTSCHE-BROKER,1500,912975.0,SSI-DE-5510,TEST
4634,TRD104633,2026-08-08,SETTLED,INSTRUCTED,ICICI-CUST,750,455512.5,SSI-IN-0091,TRAIN
4635,TRD104634,2026-08-02,SETTLED,INSTRUCTED,DEUTSCHE-BROKER,750,926542.5,SSI-DE-5510,TRAIN
4636,TRD104635,2026-08-02,SETTLED,INSTRUCTED,ICICI-CUST,750,1268820.0,SSI-IN-0091,TRAIN
4637,TRD104636,2026-08-05,PENDING,MISSING,KOTAK-CUST,1000,2747040.0,,TRAIN
4638,TRD104637,2026-08-15,SETTLED,INSTRUCTED,NOMURA-BROKER,750,1263270.0,SSI-JP-3389,TRAIN
4639,TRD104638,2026-08-05,PENDING,MISSING,KOTAK-CUST,250,294460.0,,TRAIN
4640,TRD104639,2026-08-15,SETTLED,INSTRUCTED,MORGANSTANLEY-BROKER,100,1300001.0,SSI-US-7742,TRAIN
4641,TRD104640,2026-08-07,SETTLED,INSTRUCTED,NOMURA-BROKER,500,304020.0,SSI-JP-3389,TRAIN
4642,TRD104641,2026-08-06,SETTLED,INSTRUCTED,NOMURA-BROKER,500,947005.0,SSI-JP-3389,TRAIN
4643,TRD104642,2026-08-22,SETTLED,INSTRUCTED,DEUTSCHE-BROKER,500,1848985.0,SSI-DE-5510,TRAIN
4644,TRD104643,2026-08-11,SETTLED,INSTRUCTED,DEUTSCHE-BROKER,750,635722.5,SSI-DE-5510,TEST
4645,TRD104644,2026-08-03,SETTLED,INSTRUCTED,ICICI-CUST,500,423205.0,SSI-IN-0091,TRAIN
4646,TRD104645,2026-08-12,SETTLED,INSTRUCTED,KOTAK-CUST,1000,172930.0,SSI-IN-0203,TRAIN
4647,TRD104646,2026-08-19,FAILED,INCORRECT,MORGANSTANLEY-BROKER,2000,939720.0,SSI-DE-5510,TEST
4648,TRD104647,2026-08-16,SETTLED,INSTRUCTED,KOTAK-CUST,500,1419300.0,SSI-IN-0203,TEST
4649,TRD104648,2026-08-13,SETTLED,INSTRUCTED,MORGANSTANLEY-BROKER,750,2146605.0,SSI-US-7742,TRAIN
4650,TRD104649,2026-08-11,SETTLED,INSTRUCTED,HDFC-CUST,1500,6154380.0,SSI-IN-0147,TRAIN
4651,TRD104650,2026-08-11,SETTLED,INSTRUCTED,NOMURA-BROKER,1000,849490.0,SSI-JP-3389,TRAIN
4652,TRD104651,2026-08-13,SETTLED,INSTRUCTED,MORGANSTANLEY-BROKER,1000,2857240.0,SSI-US-7742,TRAIN
4653,TRD104652,2026-08-21,SETTLED,INSTRUCTED,ICICI-CUST,2000,1691140.0,SSI-IN-0091,TEST
4654,TRD104653,2026-08-19,SETTLED,INSTRUCTED,HDFC-CUST,2000,5518080.0,SSI-IN-0147,TRAIN
4655,TRD104654,2026-08-06,SETTLED,INSTRUCTED,DEUTSCHE-BROKER,1000,2744710.0,SSI-DE-5510,TRAIN
4656,TRD104655,2026-08-14,SETTLED,INSTRUCTED,ICICI-CUST,200,546856.0,SSI-IN-0091,TRAIN
4657,TRD104656,2026-08-05,SETTLED,INSTRUCTED,KOTAK-CUST,100,17296.0,SSI-IN-0203,TEST
4658,TRD104657,2026-08-18,SETTLED,INSTRUCTED,MORGANSTANLEY-BROKER,500,2054225.0,SSI-US-7742,TRAIN
4659,TRD104658,2026-08-15,SETTLED,INSTRUCTED,NOMURA-BROKER,500,1422005.0,SSI-JP-3389,TRAIN
4660,TRD104659,2026-08-17,SETTLED,INSTRUCTED,KOTAK-CUST,500,973030.0,SSI-IN-0203,TRAIN
4661,TRD104660,2026-08-20,SETTLED,INSTRUCTED,MORGANSTANLEY-BROKER,200,122372.0,SSI-US-7742,TRAIN
4662,TRD104661,2026-08-12,SETTLED,INSTRUCTED,NOMURA-BROKER,200,93906.0,SSI-JP-3389,TRAIN
4663,TRD104662,2026-08-17,SETTLED,INSTRUCTED,NOMURA-BROKER,500,85975.0,SSI-JP-3389,TRAIN
4664,TRD104663,2026-08-19,SETTLED,INSTRUCTED,MORGANSTANLEY-BROKER,1000,3688760.0,SSI-US-7742,TRAIN
4665,TRD104664,2026-08-20,SETTLED,INSTRUCTED,DEUTSCHE-BROKER,750,2767732.5,SSI-DE-5510,TRAIN
4666,TRD104665,2026-08-17,SETTLED,INSTRUCTED,HDFC-CUST,100,285463.0,SSI-IN-0147,TRAIN
4667,TRD104666,2026-08-12,SETTLED,INSTRUCTED,DEUTSCHE-BROKER,750,887685.0,SSI-DE-5510,TEST
4668,TRD104667,2026-08-03,SETTLED,INSTRUCTED,DEUTSCHE-BROKER,200,249028.0,SSI-DE-5510,TRAIN
4669,TRD104668,2026-08-22,SETTLED,INSTRUCTED,KOTAK-CUST,1500,912180.0,SSI-IN-0203,TRAIN
4670,TRD104669,2026-08-20,SETTLED,INSTRUCTED,ICICI-CUST,2000,2489800.0,SSI-IN-0091,TEST
4671,TRD104670,2026-08-20,SETTLED,INSTRUCTED,NOMURA-BROKER,750,129015.0,SSI-JP-3389,TRAIN
4672,TRD104671,2026-08-21,SETTLED,INSTRUCTED,NOMURA-BROKER,100,195496.0,SSI-JP-3389,TRAIN
4673,TRD104672,2026-08-09,SETTLED,INSTRUCTED,NOMURA-BROKER,1000,3678330.0,SSI-JP-3389,TEST
4674,TRD104673,2026-08-18,SETTLED,INSTRUCTED,KOTAK-CUST,200,337668.0,SSI-IN-0203,TRAIN
4675,TRD104674,2026-08-08,SETTLED,INSTRUCTED,ICICI-CUST,100,195548.0,SSI-IN-0091,TRAIN
4676,TRD104675,2026-08-14,SETTLED,INSTRUCTED,ICICI-CUST,2000,5489320.0,SSI-IN-0091,TRAIN
4677,TRD104676,2026-08-02,SETTLED,INSTRUCTED,DEUTSCHE-BROKER,100,195848.0,SSI-DE-5510,TRAIN
4678,TRD104677,2026-08-08,SETTLED,INSTRUCTED,NOMURA-BROKER,250,294025.0,SSI-JP-3389,TRAIN
4679,TRD104678,2026-08-15,SETTLED,INSTRUCTED,MORGANSTANLEY-BROKER,500,1431010.0,SSI-US-7742,TRAIN
4680,TRD104679,2026-08-03,SETTLED,INSTRUCTED,NOMURA-BROKER,1000,3686850.0,SSI-JP-3389,TRAIN
4681,TRD104680,2026-08-14,SETTLED,INSTRUCTED,KOTAK-CUST,250,1034615.0,SSI-IN-0203,TEST
4682,TRD104681,2026-08-12,SETTLED,INSTRUCTED,ICICI-CUST,500,234015.0,SSI-IN-0091,TRAIN
4683,TRD104682,2026-08-03,SETTLED,INSTRUCTED,HDFC-CUST,750,1419060.0,SSI-IN-0147,TRAIN
4684,TRD104683,2026-08-04,SETTLED,INSTRUCTED,KOTAK-CUST,750,1256175.0,SSI-IN-0203,TRAIN
4685,TRD104684,2026-08-13,SETTLED,INSTRUCTED,KOTAK-CUST,100,17260.0,SSI-IN-0203,TRAIN
4686,TRD104685,2026-08-03,SETTLED,INSTRUCTED,HDFC-CUST,2000,1226640.0,SSI-IN-0147,TRAIN
4687,TRD104686,2026-08-06,PENDING,INSTRUCTED,HDFC-CUST,200,337980.0,SSI-IN-0147,TRAIN
4688,TRD104687,2026-08-17,SETTLED,INSTRUCTED,DEUTSCHE-BROKER,1000,1241590.0,SSI-DE-5510,TEST
4689,TRD104688,2026-08-21,SETTLED,INSTRUCTED,ICICI-CUST,500,2069175.0,SSI-IN-0091,TRAIN
4690,TRD104689,2026-08-12,SETTLED,INSTRUCTED,ICICI-CUST,100,196240.0,SSI-IN-0091,TEST
4691,TRD104690,2026-08-06,SETTLED,INSTRUCTED,MORGANSTANLEY-BROKER,250,1026775.0,SSI-US-7742,TRAIN
4692,TRD104691,2026-08-15,SETTLED,INSTRUCTED,MORGANSTANLEY-BROKER,1500,1265820.0,SSI-US-7742,TRAIN
4693,TRD104692,2026-08-13,SETTLED,INSTRUCTED,KOTAK-CUST,100,196424.0,SSI-IN-0203,TRAIN
4694,TRD104693,2026-08-15,SETTLED,INSTRUCTED,HDFC-CUST,1000,1174950.0,SSI-IN-0147,TRAIN
4695,TRD104694,2026-08-19,SETTLED,INSTRUCTED,MORGANSTANLEY-BROKER,2000,5700900.0,SSI-US-7742,TRAIN
4696,TRD104695,2026-08-08,SETTLED,INSTRUCTED,MORGANSTANLEY-BROKER,250,418750.0,SSI-US-7742,TRAIN
4697,TRD104696,2026-08-18,SETTLED,INSTRUCTED,HDFC-CUST,1500,2919915.0,SSI-IN-0147,TRAIN
4698,TRD104697,2026-08-06,FAILED,INCORRECT,DEUTSCHE-BROKER,1500,1774290.0,SSI-IN-0147,TRAIN
4699,TRD104698,2026-08-20,SETTLED,INSTRUCTED,DEUTSCHE-BROKER,250,487212.5,SSI-DE-5510,TRAIN
4700,TRD104699,2026-08-16,SETTLED,INSTRUCTED,MORGANSTANLEY-BROKER,100,195375.0,SSI-US-7742,TRAIN
4701,TRD104700,2026-08-04,SETTLED,INSTRUCTED,KOTAK-CUST,2000,3892780.0,SSI-IN-0203,TRAIN
4702,TRD104701,2026-08-08,SETTLED,INSTRUCTED,KOTAK-CUST,100,284215.0,SSI-IN-0203,TEST
4703,TRD104702,2026-08-07,SETTLED,INSTRUCTED,ICICI-CUST,1500,704040.0,SSI-IN-0091,TRAIN
4704,TRD104703,2026-08-08,SETTLED,INSTRUCTED,NOMURA-BROKER,200,122132.0,SSI-JP-3389,TEST
4705,TRD104704,2026-08-07,SETTLED,INSTRUCTED,MORGANSTANLEY-BROKER,200,236618.0,SSI-US-7742,TEST
4706,TRD104705,2026-08-09,SETTLED,INSTRUCTED,ICICI-CUST,100,413518.0,SSI-IN-0091,TRAIN
4707,TRD104706,2026-08-03,SETTLED,INSTRUCTED,ICICI-CUST,250,474557.5,SSI-IN-0091,TRAIN
4708,TRD104707,2026-08-16,SETTLED,INSTRUCTED,NOMURA-BROKER,500,1842880.0,SSI-JP-3389,TRAIN
4709,TRD104708,2026-08-21,SETTLED,INSTRUCTED,MORGANSTANLEY-BROKER,100,46804.0,SSI-US-7742,TRAIN
4710,TRD104709,2026-08-19,SETTLED,INSTRUCTED,HDFC-CUST,2000,1224240.0,SSI-IN-0147,TRAIN
4711,TRD104710,2026-08-18,SETTLED,INSTRUCTED,NOMURA-BROKER,250,417370.0,SSI-JP-3389,TRAIN
4712,TRD104711,2026-08-19,SETTLED,INSTRUCTED,ICICI-CUST,1500,2848950.0,SSI-IN-0091,TEST
4713,TRD104712,2026-08-20,SETTLED,INSTRUCTED,KOTAK-CUST,1500,2532195.0,SSI-IN-0203,TEST
4714,TRD104713,2026-08-20,SETTLED,INSTRUCTED,DEUTSCHE-BROKER,1500,699930.0,SSI-DE-5510,TRAIN
4715,TRD104714,2026-08-22,SETTLED,INSTRUCTED,KOTAK-CUST,750,129262.5,SSI-IN-0203,TRAIN
4716,TRD104715,2026-08-19,SETTLED,INSTRUCTED,DEUTSCHE-BROKER,2000,1686420.0,SSI-DE-5510,TRAIN
4717,TRD104716,2026-08-02,SETTLED,INSTRUCTED,NOMURA-BROKER,750,349965.0,SSI-JP-3389,TRAIN
4718,TRD104717,2026-08-03,SETTLED,INSTRUCTED,DEUTSCHE-BROKER,2000,1690660.0,SSI-DE-5510,TRAIN
4719,TRD104718,2026-08-06,SETTLED,INSTRUCTED,MORGANSTANLEY-BROKER,2000,346460.0,SSI-US-7742,TRAIN
4720,TRD104719,2026-08-06,SETTLED,INSTRUCTED,MORGANSTANLEY-BROKER,100,169540.0,SSI-US-7742,TEST
4721,TRD104720,2026-08-14,SETTLED,INSTRUCTED,KOTAK-CUST,200,391952.0,SSI-IN-0203,TRAIN
4722,TRD104721,2026-08-17,FAILED,INCORRECT,ICICI-CUST,100,284598.0,SSI-IN-0203,TEST
4723,TRD104722,2026-08-16,PENDING,INSTRUCTED,MORGANSTANLEY-BROKER,1500,1271295.0,SSI-US-7742,TRAIN
4724,TRD104723,2026-08-17,FAILED,INCORRECT,MORGANSTANLEY-BROKER,1500,6173580.0,SSI-IN-0091,TEST
4725,TRD104724,2026-08-08,SETTLED,INSTRUCTED,ICICI-CUST,2000,3783720.0,SSI-IN-0091,TRAIN
4726,TRD104725,2026-08-13,SETTLED,INSTRUCTED,NOMURA-BROKER,1000,1885350.0,SSI-JP-3389,TEST
4727,TRD104726,2026-08-04,SETTLED,INSTRUCTED,MORGANSTANLEY-BROKER,1500,19526820.0,SSI-US-7742,TRAIN
4728,TRD104727,2026-08-02,FAILED,INCORRECT,NOMURA-BROKER,100,368097.0,SSI-IN-0147,TRAIN
4729,TRD104728,2026-08-05,SETTLED,INSTRUCTED,KOTAK-CUST,1500,4275150.0,SSI-IN-0203,TRAIN
4730,TRD104729,2026-08-03,SETTLED,INSTRUCTED,DEUTSCHE-BROKER,2000,939200.0,SSI-DE-5510,TRAIN
4731,TRD104730,2026-08-19,SETTLED,INSTRUCTED,MORGANSTANLEY-BROKER,500,618695.0,SSI-US-7742,TRAIN
4732,TRD104731,2026-08-06,SETTLED,INSTRUCTED,NOMURA-BROKER,1500,1769550.0,SSI-JP-3389,TRAIN
4733,TRD104732,2026-08-04,SETTLED,INSTRUCTED,ICICI-CUST,100,411364.0,SSI-IN-0091,TRAIN
4734,TRD104733,2026-08-05,PENDING,MISSING,DEUTSCHE-BROKER,2000,5675400.0,,TRAIN
4735,TRD104734,2026-08-03,SETTLED,INSTRUCTED,HDFC-CUST,250,151842.5,SSI-IN-0147,TRAIN
4736,TRD104735,2026-08-22,SETTLED,INSTRUCTED,HDFC-CUST,2000,2352560.0,SSI-IN-0147,TRAIN
4737,TRD104736,2026-08-07,SETTLED,INSTRUCTED,MORGANSTANLEY-BROKER,100,414093.0,SSI-US-7742,TRAIN
4738,TRD104737,2026-08-16,SETTLED,INSTRUCTED,NOMURA-BROKER,2000,344100.0,SSI-JP-3389,TRAIN
4739,TRD104738,2026-08-16,SETTLED,INSTRUCTED,NOMURA-BROKER,1500,19435200.0,SSI-JP-3389,TRAIN
4740,TRD104739,2026-08-14,SETTLED,INSTRUCTED,NOMURA-BROKER,250,3240020.0,SSI-JP-3389,TRAIN
4741,TRD104740,2026-08-11,SETTLED,INSTRUCTED,ICICI-CUST,750,2128965.0,SSI-IN-0091,TRAIN
4742,TRD104741,2026-08-13,SETTLED,INSTRUCTED,ICICI-CUST,750,350055.0,SSI-IN-0091,TRAIN
4743,TRD104742,2026-08-15,SETTLED,INSTRUCTED,DEUTSCHE-BROKER,500,235315.0,SSI-DE-5510,TRAIN
4744,TRD104743,2026-08-14,SETTLED,INSTRUCTED,ICICI-CUST,200,737822.0,SSI-IN-0091,TRAIN
4745,TRD104744,2026-08-16,SETTLED,INSTRUCTED,KOTAK-CUST,200,94070.0,SSI-IN-0203,TRAIN
4746,TRD104745,2026-08-14,SETTLED,INSTRUCTED,MORGANSTANLEY-BROKER,750,2763300.0,SSI-US-7742,TEST
4747,TRD104746,2026-08-08,SETTLED,INSTRUCTED,KOTAK-CUST,100,124099.0,SSI-IN-0203,TRAIN
4748,TRD104747,2026-08-16,SETTLED,INSTRUCTED,KOTAK-CUST,100,124296.0,SSI-IN-0203,TRAIN
4749,TRD104748,2026-08-10,SETTLED,INSTRUCTED,KOTAK-CUST,1500,4263315.0,SSI-IN-0203,TRAIN
4750,TRD104749,2026-08-05,SETTLED,INSTRUCTED,ICICI-CUST,2000,3789540.0,SSI-IN-0091,TRAIN
4751,TRD104750,2026-08-18,SETTLED,INSTRUCTED,KOTAK-CUST,100,61286.0,SSI-IN-0203,TRAIN
4752,TRD104751,2026-08-21,SETTLED,INSTRUCTED,MORGANSTANLEY-BROKER,1500,2545665.0,SSI-US-7742,TEST
4753,TRD104752,2026-08-13,SETTLED,INSTRUCTED,MORGANSTANLEY-BROKER,250,3231252.5,SSI-US-7742,TRAIN
4754,TRD104753,2026-08-16,SETTLED,INSTRUCTED,NOMURA-BROKER,500,1831835.0,SSI-JP-3389,TRAIN
4755,TRD104754,2026-08-03,SETTLED,INSTRUCTED,HDFC-CUST,100,61265.0,SSI-IN-0147,TRAIN
4756,TRD104755,2026-08-17,SETTLED,INSTRUCTED,NOMURA-BROKER,250,309722.5,SSI-JP-3389,TRAIN
4757,TRD104756,2026-08-07,SETTLED,INSTRUCTED,MORGANSTANLEY-BROKER,1000,843880.0,SSI-US-7742,TRAIN
4758,TRD104757,2026-08-11,SETTLED,INSTRUCTED,DEUTSCHE-BROKER,250,153302.5,SSI-DE-5510,TRAIN
4759,TRD104758,2026-08-11,SETTLED,INSTRUCTED,HDFC-CUST,750,351277.5,SSI-IN-0147,TEST
4760,TRD104759,2026-08-10,FAILED,INCORRECT,NOMURA-BROKER,2000,8259720.0,SSI-IN-0147,TRAIN
4761,TRD104760,2026-08-16,SETTLED,INSTRUCTED,HDFC-CUST,750,3088395.0,SSI-IN-0147,TRAIN
4762,TRD104761,2026-08-13,SETTLED,INSTRUCTED,HDFC-CUST,100,369151.0,SSI-IN-0147,TEST
4763,TRD104762,2026-08-18,SETTLED,INSTRUCTED,MORGANSTANLEY-BROKER,1500,704190.0,SSI-US-7742,TRAIN
4764,TRD104763,2026-08-12,SETTLED,INSTRUCTED,MORGANSTANLEY-BROKER,1000,467930.0,SSI-US-7742,TRAIN
4765,TRD104764,2026-08-09,SETTLED,INSTRUCTED,KOTAK-CUST,750,2068807.5,SSI-IN-0203,TRAIN
4766,TRD104765,2026-08-20,SETTLED,INSTRUCTED,NOMURA-BROKER,250,43207.5,SSI-JP-3389,TRAIN
4767,TRD104766,2026-08-21,SETTLED,INSTRUCTED,DEUTSCHE-BROKER,100,17278.0,SSI-DE-5510,TRAIN
4768,TRD104767,2026-08-20,SETTLED,INSTRUCTED,HDFC-CUST,200,169946.0,SSI-IN-0147,TRAIN
4769,TRD104768,2026-08-02,SETTLED,INSTRUCTED,ICICI-CUST,500,86240.0,SSI-IN-0091,TRAIN
4770,TRD104769,2026-08-17,SETTLED,INSTRUCTED,MORGANSTANLEY-BROKER,750,9762997.5,SSI-US-7742,TRAIN
4771,TRD104770,2026-08-04,SETTLED,INSTRUCTED,KOTAK-CUST,1000,609780.0,SSI-IN-0203,TEST
4772,TRD104771,2026-08-09,PENDING,MISSING,ICICI-CUST,250,473525.0,,TEST
4773,TRD104772,2026-08-10,SETTLED,INSTRUCTED,MORGANSTANLEY-BROKER,1500,2928720.0,SSI-US-7742,TRAIN
4774,TRD104773,2026-08-06,SETTLED,INSTRUCTED,NOMURA-BROKER,200,334634.0,SSI-JP-3389,TRAIN
4775,TRD104774,2026-08-03,FAILED,INCORRECT,HDFC-CUST,750,1462980.0,SSI-US-7742,TRAIN
4776,TRD104775,2026-08-15,SETTLED,INSTRUCTED,NOMURA-BROKER,2000,5467440.0,SSI-JP-3389,TRAIN
4777,TRD104776,2026-08-13,SETTLED,INSTRUCTED,DEUTSCHE-BROKER,2000,2490840.0,SSI-DE-5510,TRAIN
4778,TRD104777,2026-08-04,SETTLED,INSTRUCTED,HDFC-CUST,200,547088.0,SSI-IN-0147,TEST
4779,TRD104778,2026-08-17,SETTLED,INSTRUCTED,MORGANSTANLEY-BROKER,250,920567.5,SSI-US-7742,TRAIN
4780,TRD104779,2026-08-11,SETTLED,INSTRUCTED,KOTAK-CUST,200,337468.0,SSI-IN-0203,TRAIN
4781,TRD104780,2026-08-12,SETTLED,INSTRUCTED,NOMURA-BROKER,500,843965.0,SSI-JP-3389,TRAIN
4782,TRD104781,2026-08-19,SETTLED,INSTRUCTED,NOMURA-BROKER,100,366783.0,SSI-JP-3389,TRAIN
4783,TRD104782,2026-08-18,SETTLED,INSTRUCTED,NOMURA-BROKER,200,379716.0,SSI-JP-3389,TRAIN
4784,TRD104783,2026-08-12,PENDING,MISSING,MORGANSTANLEY-BROKER,100,118510.0,,TRAIN
4785,TRD104784,2026-08-18,SETTLED,INSTRUCTED,HDFC-CUST,750,882315.0,SSI-IN-0147,TRAIN
4786,TRD104785,2026-08-03,SETTLED,INSTRUCTED,HDFC-CUST,100,17215.0,SSI-IN-0147,TEST
4787,TRD104786,2026-08-20,SETTLED,INSTRUCTED,MORGANSTANLEY-BROKER,250,3255205.0,SSI-US-7742,TRAIN
4788,TRD104787,2026-08-07,SETTLED,INSTRUCTED,ICICI-CUST,250,684407.5,SSI-IN-0091,TEST
4789,TRD104788,2026-08-06,SETTLED,INSTRUCTED,DEUTSCHE-BROKER,1500,2547780.0,SSI-DE-5510,TRAIN
4790,TRD104789,2026-08-12,SETTLED,INSTRUCTED,HDFC-CUST,1500,2848065.0,SSI-IN-0147,TRAIN
4791,TRD104790,2026-08-02,SETTLED,INSTRUCTED,NOMURA-BROKER,2000,7377880.0,SSI-JP-3389,TEST
4792,TRD104791,2026-08-09,SETTLED,INSTRUCTED,KOTAK-CUST,2000,5698080.0,SSI-IN-0203,TRAIN
4793,TRD104792,2026-08-19,SETTLED,INSTRUCTED,HDFC-CUST,100,60978.0,SSI-IN-0147,TEST
4794,TRD104793,2026-08-22,SETTLED,INSTRUCTED,NOMURA-BROKER,1000,1961830.0,SSI-JP-3389,TRAIN
4795,TRD104794,2026-08-07,SETTLED,INSTRUCTED,HDFC-CUST,1000,1681750.0,SSI-IN-0147,TRAIN
4796,TRD104795,2026-08-12,SETTLED,INSTRUCTED,HDFC-CUST,100,46682.0,SSI-IN-0147,TRAIN
4797,TRD104796,2026-08-06,SETTLED,INSTRUCTED,DEUTSCHE-BROKER,2000,1217260.0,SSI-DE-5510,TRAIN
4798,TRD104797,2026-08-16,SETTLED,INSTRUCTED,ICICI-CUST,1000,1896270.0,SSI-IN-0091,TRAIN
4799,TRD104798,2026-08-06,SETTLED,INSTRUCTED,KOTAK-CUST,750,2049765.0,SSI-IN-0203,TRAIN
4800,TRD104799,2026-08-09,SETTLED,INSTRUCTED,MORGANSTANLEY-BROKER,1500,1861590.0,SSI-US-7742,TRAIN
4801,TRD104800,2026-08-05,SETTLED,INSTRUCTED,DEUTSCHE-BROKER,100,195166.0,SSI-DE-5510,TEST
4802,TRD104801,2026-08-11,FAILED,INCORRECT,DEUTSCHE-BROKER,1500,1270140.0,SSI-IN-0147,TRAIN
4803,TRD104802,2026-08-13,SETTLED,INSTRUCTED,DEUTSCHE-BROKER,1500,5539065.0,SSI-DE-5510,TRAIN
4804,TRD104803,2026-08-18,PENDING,INSTRUCTED,DEUTSCHE-BROKER,750,932887.5,SSI-DE-5510,TEST
4805,TRD104804,2026-08-04,SETTLED,INSTRUCTED,NOMURA-BROKER,250,473160.0,SSI-JP-3389,TEST
4806,TRD104805,2026-08-16,SETTLED,INSTRUCTED,NOMURA-BROKER,1000,3674710.0,SSI-JP-3389,TRAIN
4807,TRD104806,2026-08-10,SETTLED,INSTRUCTED,NOMURA-BROKER,1500,4292475.0,SSI-JP-3389,TRAIN
4808,TRD104807,2026-08-15,SETTLED,INSTRUCTED,KOTAK-CUST,750,889252.5,SSI-IN-0203,TRAIN
4809,TRD104808,2026-08-21,SETTLED,INSTRUCTED,KOTAK-CUST,100,169270.0,SSI-IN-0203,TRAIN
4810,TRD104809,2026-08-03,FAILED,INCORRECT,HDFC-CUST,250,1034762.5,SSI-JP-3389,TRAIN
4811,TRD104810,2026-08-18,SETTLED,INSTRUCTED,DEUTSCHE-BROKER,200,121754.0,SSI-DE-5510,TEST
4812,TRD104811,2026-08-15,SETTLED,INSTRUCTED,MORGANSTANLEY-BROKER,500,942765.0,SSI-US-7742,TRAIN
4813,TRD104812,2026-08-02,SETTLED,INSTRUCTED,ICICI-CUST,200,34330.0,SSI-IN-0091,TRAIN
4814,TRD104813,2026-08-08,SETTLED,INSTRUCTED,KOTAK-CUST,2000,3343040.0,SSI-IN-0203,TRAIN
4815,TRD104814,2026-08-16,SETTLED,INSTRUCTED,DEUTSCHE-BROKER,250,713592.5,SSI-DE-5510,TEST
4816,TRD104815,2026-08-13,SETTLED,INSTRUCTED,MORGANSTANLEY-BROKER,1000,4138300.0,SSI-US-7742,TRAIN
4817,TRD104816,2026-08-17,SETTLED,INSTRUCTED,KOTAK-CUST,750,351157.5,SSI-IN-0203,TRAIN
4818,TRD104817,2026-08-12,SETTLED,INSTRUCTED,NOMURA-BROKER,100,84891.0,SSI-JP-3389,TRAIN
4819,TRD104818,2026-08-11,SETTLED,INSTRUCTED,MORGANSTANLEY-BROKER,200,377844.0,SSI-US-7742,TRAIN
4820,TRD104819,2026-08-21,SETTLED,INSTRUCTED,KOTAK-CUST,200,34510.0,SSI-IN-0203,TRAIN
4821,TRD104820,2026-08-03,SETTLED,INSTRUCTED,DEUTSCHE-BROKER,1000,1883560.0,SSI-DE-5510,TEST
4822,TRD104821,2026-08-04,SETTLED,INSTRUCTED,MORGANSTANLEY-BROKER,1000,1683580.0,SSI-US-7742,TRAIN
4823,TRD104822,2026-08-11,SETTLED,INSTRUCTED,KOTAK-CUST,1000,1240690.0,SSI-IN-0203,TRAIN
4824,TRD104823,2026-08-06,SETTLED,INSTRUCTED,DEUTSCHE-BROKER,500,1366490.0,SSI-DE-5510,TRAIN
4825,TRD104824,2026-08-19,SETTLED,INSTRUCTED,HDFC-CUST,500,233340.0,SSI-IN-0147,TRAIN
4826,TRD104825,2026-08-09,SETTLED,INSTRUCTED,HDFC-CUST,1000,1678270.0,SSI-IN-0147,TRAIN
4827,TRD104826,2026-08-11,SETTLED,INSTRUCTED,ICICI-CUST,750,459495.0,SSI-IN-0091,TRAIN
4828,TRD104827,2026-08-22,SETTLED,INSTRUCTED,ICICI-CUST,1500,4107420.0,SSI-IN-0091,TRAIN
4829,TRD104828,2026-08-03,SETTLED,INSTRUCTED,KOTAK-CUST,200,379280.0,SSI-IN-0203,TRAIN
4830,TRD104829,2026-08-03,SETTLED,INSTRUCTED,NOMURA-BROKER,1000,469290.0,SSI-JP-3389,TRAIN
4831,TRD104830,2026-08-10,SETTLED,INSTRUCTED,ICICI-CUST,2000,345280.0,SSI-IN-0091,TEST
4832,TRD104831,2026-08-15,SETTLED,INSTRUCTED,ICICI-CUST,250,43037.5,SSI-IN-0091,TRAIN
4833,TRD104832,2026-08-11,SETTLED,INSTRUCTED,NOMURA-BROKER,200,547494.0,SSI-JP-3389,TRAIN
4834,TRD104833,2026-08-08,SETTLED,INSTRUCTED,HDFC-CUST,1000,2744860.0,SSI-IN-0147,TEST
4835,TRD104834,2026-08-15,SETTLED,INSTRUCTED,ICICI-CUST,2000,344660.0,SSI-IN-0091,TRAIN
4836,TRD104835,2026-08-05,SETTLED,INSTRUCTED,ICICI-CUST,750,1260412.5,SSI-IN-0091,TEST
4837,TRD104836,2026-08-08,SETTLED,INSTRUCTED,MORGANSTANLEY-BROKER,250,687217.5,SSI-US-7742,TRAIN
4838,TRD104837,2026-08-14,PENDING,INSTRUCTED,MORGANSTANLEY-BROKER,200,568902.0,SSI-US-7742,TEST
4839,TRD104838,2026-08-22,SETTLED,INSTRUCTED,MORGANSTANLEY-BROKER,100,118091.0,SSI-US-7742,TRAIN
4840,TRD104839,2026-08-13,SETTLED,INSTRUCTED,HDFC-CUST,1500,2927745.0,SSI-IN-0147,TEST
4841,TRD104840,2026-08-20,SETTLED,INSTRUCTED,ICICI-CUST,200,2600572.0,SSI-IN-0091,TRAIN
4842,TRD104841,2026-08-14,SETTLED,INSTRUCTED,MORGANSTANLEY-BROKER,500,974840.0,SSI-US-7742,TRAIN
4843,TRD104842,2026-08-15,SETTLED,INSTRUCTED,NOMURA-BROKER,250,116912.5,SSI-JP-3389,TEST
4844,TRD104843,2026-08-04,SETTLED,INSTRUCTED,DEUTSCHE-BROKER,750,2148007.5,SSI-DE-5510,TRAIN
4845,TRD104844,2026-08-24,PENDING,INSTRUCTED,ICICI-CUST,500,6502380.0,SSI-IN-0091,TRAIN
4846,TRD104845,2026-08-02,SETTLED,INSTRUCTED,ICICI-CUST,100,123858.0,SSI-IN-0091,TRAIN
4847,TRD104846,2026-08-09,SETTLED,INSTRUCTED,KOTAK-CUST,250,683125.0,SSI-IN-0203,TRAIN
4848,TRD104847,2026-08-04,SETTLED,INSTRUCTED,KOTAK-CUST,100,169814.0,SSI-IN-0203,TEST
4849,TRD104848,2026-08-17,SETTLED,INSTRUCTED,DEUTSCHE-BROKER,100,84836.0,SSI-DE-5510,TRAIN
4850,TRD104849,2026-08-04,SETTLED,INSTRUCTED,DEUTSCHE-BROKER,2000,1685320.0,SSI-DE-5510,TRAIN
4851,TRD104850,2026-08-17,SETTLED,INSTRUCTED,NOMURA-BROKER,100,169607.0,SSI-JP-3389,TRAIN
4852,TRD104851,2026-08-16,SETTLED,INSTRUCTED,ICICI-CUST,100,195209.0,SSI-IN-0091,TRAIN
4853,TRD104852,2026-08-14,SETTLED,INSTRUCTED,DEUTSCHE-BROKER,500,6461470.0,SSI-DE-5510,TRAIN
4854,TRD104853,2026-08-21,SETTLED,INSTRUCTED,DEUTSCHE-BROKER,750,633585.0,SSI-DE-5510,TRAIN
4855,TRD104854,2026-08-09,SETTLED,INSTRUCTED,HDFC-CUST,250,3260797.5,SSI-IN-0147,TRAIN
4856,TRD104855,2026-08-12,SETTLED,INSTRUCTED,MORGANSTANLEY-BROKER,2000,5678660.0,SSI-US-7742,TRAIN
4857,TRD104856,2026-08-04,SETTLED,INSTRUCTED,KOTAK-CUST,2000,2369160.0,SSI-IN-0203,TRAIN
4858,TRD104857,2026-08-11,SETTLED,INSTRUCTED,HDFC-CUST,500,834940.0,SSI-IN-0147,TEST
4859,TRD104858,2026-08-19,SETTLED,INSTRUCTED,NOMURA-BROKER,2000,1687700.0,SSI-JP-3389,TRAIN
4860,TRD104859,2026-08-03,SETTLED,INSTRUCTED,MORGANSTANLEY-BROKER,2000,3344880.0,SSI-US-7742,TRAIN
4861,TRD104860,2026-08-07,SETTLED,INSTRUCTED,NOMURA-BROKER,1000,1898110.0,SSI-JP-3389,TRAIN
4862,TRD104861,2026-08-05,SETTLED,INSTRUCTED,HDFC-CUST,750,457102.5,SSI-IN-0147,TRAIN
4863,TRD104862,2026-08-11,SETTLED,INSTRUCTED,MORGANSTANLEY-BROKER,100,275834.0,SSI-US-7742,TRAIN
4864,TRD104863,2026-08-08,SETTLED,INSTRUCTED,MORGANSTANLEY-BROKER,2000,3382240.0,SSI-US-7742,TEST
4865,TRD104864,2026-08-09,SETTLED,INSTRUCTED,MORGANSTANLEY-BROKER,500,842205.0,SSI-US-7742,TRAIN
4866,TRD104865,2026-08-16,SETTLED,INSTRUCTED,KOTAK-CUST,500,619850.0,SSI-IN-0203,TRAIN
4867,TRD104866,2026-08-17,FAILED,INCORRECT,NOMURA-BROKER,750,1268017.5,SSI-US-7742,TEST
4868,TRD104867,2026-08-04,SETTLED,INSTRUCTED,HDFC-CUST,500,845125.0,SSI-IN-0147,TRAIN
4869,TRD104868,2026-08-13,SETTLED,INSTRUCTED,HDFC-CUST,200,334898.0,SSI-IN-0147,TRAIN
4870,TRD104869,2026-08-13,SETTLED,INSTRUCTED,MORGANSTANLEY-BROKER,100,168401.0,SSI-US-7742,TEST
4871,TRD104870,2026-08-10,SETTLED,INSTRUCTED,KOTAK-CUST,200,733166.0,SSI-IN-0203,TRAIN
4872,TRD104871,2026-08-11,SETTLED,INSTRUCTED,NOMURA-BROKER,250,117277.5,SSI-JP-3389,TEST
4873,TRD104872,2026-08-19,SETTLED,INSTRUCTED,DEUTSCHE-BROKER,200,34342.0,SSI-DE-5510,TRAIN
4874,TRD104873,2026-08-08,SETTLED,INSTRUCTED,DEUTSCHE-BROKER,1500,1868970.0,SSI-DE-5510,TRAIN
4875,TRD104874,2026-08-02,SETTLED,INSTRUCTED,KOTAK-CUST,250,919115.0,SSI-IN-0203,TEST
4876,TRD104875,2026-08-13,SETTLED,INSTRUCTED,KOTAK-CUST,750,457207.5,SSI-IN-0203,TRAIN
4877,TRD104876,2026-08-10,SETTLED,INSTRUCTED,HDFC-CUST,500,1837865.0,SSI-IN-0147,TEST
4878,TRD104877,2026-08-08,SETTLED,INSTRUCTED,KOTAK-CUST,750,3100050.0,SSI-IN-0203,TRAIN
4879,TRD104878,2026-08-13,SETTLED,INSTRUCTED,NOMURA-BROKER,1000,1245110.0,SSI-JP-3389,TEST
4880,TRD104879,2026-08-02,SETTLED,INSTRUCTED,ICICI-CUST,100,284283.0,SSI-IN-0091,TRAIN
4881,TRD104880,2026-08-06,SETTLED,INSTRUCTED,HDFC-CUST,250,487225.0,SSI-IN-0147,TRAIN
4882,TRD104881,2026-08-05,SETTLED,INSTRUCTED,NOMURA-BROKER,750,129577.5,SSI-JP-3389,TRAIN
4883,TRD104882,2026-08-03,SETTLED,INSTRUCTED,MORGANSTANLEY-BROKER,500,845495.0,SSI-US-7742,TRAIN
4884,TRD104883,2026-08-21,SETTLED,INSTRUCTED,MORGANSTANLEY-BROKER,500,1421810.0,SSI-US-7742,TEST
4885,TRD104884,2026-08-05,SETTLED,INSTRUCTED,ICICI-CUST,1000,1946570.0,SSI-IN-0091,TEST
4886,TRD104885,2026-08-02,SETTLED,INSTRUCTED,HDFC-CUST,750,2066535.0,SSI-IN-0147,TRAIN
4887,TRD104886,2026-08-17,SETTLED,INSTRUCTED,DEUTSCHE-BROKER,750,2751525.0,SSI-DE-5510,TRAIN
4888,TRD104887,2026-08-17,SETTLED,INSTRUCTED,MORGANSTANLEY-BROKER,1500,912525.0,SSI-US-7742,TRAIN
4889,TRD104888,2026-08-07,SETTLED,INSTRUCTED,MORGANSTANLEY-BROKER,200,34422.0,SSI-US-7742,TRAIN
4890,TRD104889,2026-08-12,SETTLED,INSTRUCTED,KOTAK-CUST,1500,1859850.0,SSI-IN-0203,TRAIN
4891,TRD104890,2026-08-13,SETTLED,INSTRUCTED,DEUTSCHE-BROKER,2000,1224880.0,SSI-DE-5510,TRAIN
4892,TRD104891,2026-08-02,SETTLED,INSTRUCTED,ICICI-CUST,250,211400.0,SSI-IN-0091,TRAIN
4893,TRD104892,2026-08-11,SETTLED,INSTRUCTED,DEUTSCHE-BROKER,2000,3899840.0,SSI-DE-5510,TEST
4894,TRD104893,2026-08-05,SETTLED,INSTRUCTED,DEUTSCHE-BROKER,250,294277.5,SSI-DE-5510,TRAIN
4895,TRD104894,2026-08-18,SETTLED,INSTRUCTED,MORGANSTANLEY-BROKER,250,3242487.5,SSI-US-7742,TEST
4896,TRD104895,2026-08-16,SETTLED,INSTRUCTED,ICICI-CUST,100,194696.0,SSI-IN-0091,TRAIN
4897,TRD104896,2026-08-12,SETTLED,INSTRUCTED,DEUTSCHE-BROKER,750,1419660.0,SSI-DE-5510,TRAIN
4898,TRD104897,2026-08-10,SETTLED,INSTRUCTED,MORGANSTANLEY-BROKER,500,303775.0,SSI-US-7742,TRAIN
4899,TRD104898,2026-08-22,SETTLED,INSTRUCTED,HDFC-CUST,750,3080482.5,SSI-IN-0147,TRAIN
4900,TRD104899,2026-08-19,SETTLED,INSTRUCTED,HDFC-CUST,250,688370.0,SSI-IN-0147,TRAIN
4901,TRD104900,2026-08-14,SETTLED,INSTRUCTED,NOMURA-BROKER,2000,3788660.0,SSI-JP-3389,TEST
4902,TRD104901,2026-08-06,SETTLED,INSTRUCTED,DEUTSCHE-BROKER,500,973435.0,SSI-DE-5510,TRAIN
4903,TRD104902,2026-08-17,SETTLED,INSTRUCTED,ICICI-CUST,2000,2492780.0,SSI-IN-0091,TEST
4904,TRD104903,2026-08-04,SETTLED,INSTRUCTED,MORGANSTANLEY-BROKER,250,923565.0,SSI-US-7742,TRAIN
4905,TRD104904,2026-08-02,SETTLED,INSTRUCTED,DEUTSCHE-BROKER,750,1460512.5,SSI-DE-5510,TRAIN
4906,TRD104905,2026-08-14,SETTLED,INSTRUCTED,KOTAK-CUST,200,336646.0,SSI-IN-0203,TRAIN
4907,TRD104906,2026-08-20,SETTLED,INSTRUCTED,MORGANSTANLEY-BROKER,200,122642.0,SSI-US-7742,TRAIN
4908,TRD104907,2026-08-11,SETTLED,INSTRUCTED,HDFC-CUST,2000,5483700.0,SSI-IN-0147,TRAIN
4909,TRD104908,2026-08-07,SETTLED,INSTRUCTED,HDFC-CUST,1000,1683070.0,SSI-IN-0147,TEST
4910,TRD104909,2026-08-03,SETTLED,INSTRUCTED,DEUTSCHE-BROKER,2000,2480560.0,SSI-DE-5510,TRAIN
4911,TRD104910,2026-08-05,SETTLED,INSTRUCTED,HDFC-CUST,500,421415.0,SSI-IN-0147,TRAIN
4912,TRD104911,2026-08-14,SETTLED,INSTRUCTED,DEUTSCHE-BROKER,250,922382.5,SSI-DE-5510,TRAIN
4913,TRD104912,2026-08-02,SETTLED,INSTRUCTED,HDFC-CUST,1500,2930970.0,SSI-IN-0147,TRAIN
4914,TRD104913,2026-08-08,SETTLED,INSTRUCTED,MORGANSTANLEY-BROKER,500,86270.0,SSI-US-7742,TRAIN
4915,TRD104914,2026-08-18,PENDING,MISSING,HDFC-CUST,1500,6169230.0,,TRAIN
4916,TRD104915,2026-08-17,SETTLED,INSTRUCTED,ICICI-CUST,100,1293962.0,SSI-IN-0091,TRAIN
4917,TRD104916,2026-08-03,SETTLED,INSTRUCTED,MORGANSTANLEY-BROKER,500,1425070.0,SSI-US-7742,TRAIN
4918,TRD104917,2026-08-17,SETTLED,INSTRUCTED,NOMURA-BROKER,500,1368190.0,SSI-JP-3389,TRAIN
4919,TRD104918,2026-08-15,SETTLED,INSTRUCTED,DEUTSCHE-BROKER,750,931470.0,SSI-DE-5510,TRAIN
4920,TRD104919,2026-08-07,SETTLED,INSTRUCTED,MORGANSTANLEY-BROKER,1500,19554480.0,SSI-US-7742,TRAIN
4921,TRD104920,2026-08-10,SETTLED,INSTRUCTED,KOTAK-CUST,2000,5718020.0,SSI-IN-0203,TRAIN
4922,TRD104921,2026-08-14,SETTLED,INSTRUCTED,KOTAK-CUST,250,117140.0,SSI-IN-0203,TRAIN
4923,TRD104922,2026-08-16,SETTLED,INSTRUCTED,MORGANSTANLEY-BROKER,250,686415.0,SSI-US-7742,TEST
4924,TRD104923,2026-08-03,SETTLED,INSTRUCTED,HDFC-CUST,1000,466570.0,SSI-IN-0147,TRAIN
4925,TRD104924,2026-08-03,SETTLED,INSTRUCTED,HDFC-CUST,250,688150.0,SSI-IN-0147,TRAIN
4926,TRD104925,2026-08-06,SETTLED,INSTRUCTED,NOMURA-BROKER,500,841465.0,SSI-JP-3389,TRAIN
4927,TRD104926,2026-08-13,SETTLED,INSTRUCTED,DEUTSCHE-BROKER,250,212357.5,SSI-DE-5510,TEST
4928,TRD104927,2026-08-16,SETTLED,INSTRUCTED,KOTAK-CUST,100,286473.0,SSI-IN-0203,TRAIN
4929,TRD104928,2026-08-18,SETTLED,INSTRUCTED,KOTAK-CUST,1000,1668270.0,SSI-IN-0203,TRAIN
4930,TRD104929,2026-08-17,SETTLED,INSTRUCTED,KOTAK-CUST,2000,2479120.0,SSI-IN-0203,TRAIN
4931,TRD104930,2026-08-22,SETTLED,INSTRUCTED,MORGANSTANLEY-BROKER,500,422725.0,SSI-US-7742,TRAIN
4932,TRD104931,2026-08-08,SETTLED,INSTRUCTED,DEUTSCHE-BROKER,1000,612430.0,SSI-DE-5510,TRAIN
4933,TRD104932,2026-08-09,SETTLED,INSTRUCTED,HDFC-CUST,250,418770.0,SSI-IN-0147,TRAIN
4934,TRD104933,2026-08-07,SETTLED,INSTRUCTED,MORGANSTANLEY-BROKER,1000,1894030.0,SSI-US-7742,TRAIN
4935,TRD104934,2026-08-07,SETTLED,INSTRUCTED,HDFC-CUST,500,945125.0,SSI-IN-0147,TRAIN
4936,TRD104935,2026-08-09,SETTLED,INSTRUCTED,NOMURA-BROKER,100,410975.0,SSI-JP-3389,TRAIN
4937,TRD104936,2026-08-08,SETTLED,INSTRUCTED,KOTAK-CUST,750,2130232.5,SSI-IN-0203,TRAIN
4938,TRD104937,2026-08-13,PENDING,INSTRUCTED,HDFC-CUST,2000,1214740.0,SSI-IN-0147,TRAIN
4939,TRD104938,2026-08-19,SETTLED,INSTRUCTED,MORGANSTANLEY-BROKER,200,391658.0,SSI-US-7742,TEST
4940,TRD104939,2026-08-08,PENDING,INSTRUCTED,HDFC-CUST,1500,1270110.0,SSI-IN-0147,TEST
4941,TRD104940,2026-08-09,SETTLED,INSTRUCTED,DEUTSCHE-BROKER,100,17205.0,SSI-DE-5510,TRAIN
4942,TRD104941,2026-08-15,SETTLED,INSTRUCTED,MORGANSTANLEY-BROKER,200,548996.0,SSI-US-7742,TRAIN
4943,TRD104942,2026-08-13,SETTLED,INSTRUCTED,KOTAK-CUST,1500,258150.0,SSI-IN-0203,TEST
4944,TRD104943,2026-08-19,SETTLED,INSTRUCTED,HDFC-CUST,1000,4120320.0,SSI-IN-0147,TRAIN
4945,TRD104944,2026-08-08,SETTLED,INSTRUCTED,NOMURA-BROKER,750,1261845.0,SSI-JP-3389,TEST
4946,TRD104945,2026-08-13,SETTLED,INSTRUCTED,MORGANSTANLEY-BROKER,1500,2513370.0,SSI-US-7742,TRAIN
4947,TRD104946,2026-08-19,SETTLED,INSTRUCTED,HDFC-CUST,250,152627.5,SSI-IN-0147,TRAIN
4948,TRD104947,2026-08-21,SETTLED,INSTRUCTED,DEUTSCHE-BROKER,2000,2363180.0,SSI-DE-5510,TRAIN
4949,TRD104948,2026-08-07,SETTLED,INSTRUCTED,ICICI-CUST,1000,4101090.0,SSI-IN-0091,TRAIN
4950,TRD104949,2026-08-02,FAILED,INCORRECT,HDFC-CUST,1000,847960.0,SSI-US-7742,TEST
4951,TRD104950,2026-08-22,SETTLED,INSTRUCTED,MORGANSTANLEY-BROKER,1500,2533935.0,SSI-US-7742,TRAIN
4952,TRD104951,2026-08-11,SETTLED,INSTRUCTED,DEUTSCHE-BROKER,2000,3371440.0,SSI-DE-5510,TRAIN
4953,TRD104952,2026-08-20,SETTLED,INSTRUCTED,NOMURA-BROKER,750,3100725.0,SSI-JP-3389,TRAIN
4954,TRD104953,2026-08-04,SETTLED,INSTRUCTED,NOMURA-BROKER,1000,1894540.0,SSI-JP-3389,TRAIN
4955,TRD104954,2026-08-06,SETTLED,INSTRUCTED,DEUTSCHE-BROKER,1000,3668560.0,SSI-DE-5510,TRAIN
4956,TRD104955,2026-08-20,SETTLED,INSTRUCTED,DEUTSCHE-BROKER,200,377400.0,SSI-DE-5510,TRAIN
4957,TRD104956,2026-08-15,SETTLED,INSTRUCTED,HDFC-CUST,500,620850.0,SSI-IN-0147,TRAIN
4958,TRD104957,2026-08-19,SETTLED,INSTRUCTED,MORGANSTANLEY-BROKER,750,128700.0,SSI-US-7742,TRAIN
4959,TRD104958,2026-08-15,SETTLED,INSTRUCTED,NOMURA-BROKER,750,2057445.0,SSI-JP-3389,TRAIN
4960,TRD104959,2026-08-17,SETTLED,INSTRUCTED,HDFC-CUST,2000,8205080.0,SSI-IN-0147,TRAIN
4961,TRD104960,2026-08-06,SETTLED,INSTRUCTED,NOMURA-BROKER,200,376230.0,SSI-JP-3389,TRAIN
4962,TRD104961,2026-08-07,SETTLED,INSTRUCTED,KOTAK-CUST,1500,2528535.0,SSI-IN-0203,TRAIN
4963,TRD104962,2026-08-08,SETTLED,INSTRUCTED,KOTAK-CUST,250,417417.5,SSI-IN-0203,TRAIN
4964,TRD104963,2026-08-04,SETTLED,INSTRUCTED,DEUTSCHE-BROKER,500,590705.0,SSI-DE-5510,TRAIN
4965,TRD104964,2026-08-03,SETTLED,INSTRUCTED,MORGANSTANLEY-BROKER,200,549560.0,SSI-US-7742,TEST
4966,TRD104965,2026-08-02,SETTLED,INSTRUCTED,NOMURA-BROKER,1500,5514495.0,SSI-JP-3389,TRAIN
4967,TRD104966,2026-08-11,SETTLED,INSTRUCTED,DEUTSCHE-BROKER,250,3242187.5,SSI-DE-5510,TRAIN
4968,TRD104967,2026-08-22,SETTLED,INSTRUCTED,KOTAK-CUST,1000,3684350.0,SSI-IN-0203,TRAIN
4969,TRD104968,2026-08-21,SETTLED,INSTRUCTED,NOMURA-BROKER,100,169525.0,SSI-JP-3389,TEST
4970,TRD104969,2026-08-11,SETTLED,INSTRUCTED,NOMURA-BROKER,200,94172.0,SSI-JP-3389,TRAIN
4971,TRD104970,2026-08-17,SETTLED,INSTRUCTED,HDFC-CUST,750,2134672.5,SSI-IN-0147,TRAIN
4972,TRD104971,2026-08-17,SETTLED,INSTRUCTED,HDFC-CUST,750,1264695.0,SSI-IN-0147,TRAIN
4973,TRD104972,2026-08-12,SETTLED,INSTRUCTED,HDFC-CUST,100,275230.0,SSI-IN-0147,TRAIN
4974,TRD104973,2026-08-04,SETTLED,INSTRUCTED,MORGANSTANLEY-BROKER,1500,2531670.0,SSI-US-7742,TRAIN
4975,TRD104974,2026-08-16,SETTLED,INSTRUCTED,ICICI-CUST,750,2766742.5,SSI-IN-0091,TRAIN
4976,TRD104975,2026-08-13,SETTLED,INSTRUCTED,ICICI-CUST,500,622355.0,SSI-IN-0091,TRAIN
4977,TRD104976,2026-08-14,SETTLED,INSTRUCTED,HDFC-CUST,500,590145.0,SSI-IN-0147,TRAIN
4978,TRD104977,2026-08-20,SETTLED,INSTRUCTED,NOMURA-BROKER,500,940850.0,SSI-JP-3389,TRAIN
4979,TRD104978,2026-08-09,SETTLED,INSTRUCTED,KOTAK-CUST,250,421607.5,SSI-IN-0203,TRAIN
4980,TRD104979,2026-08-07,SETTLED,INSTRUCTED,ICICI-CUST,1500,1862970.0,SSI-IN-0091,TRAIN
4981,TRD104980,2026-08-09,SETTLED,INSTRUCTED,MORGANSTANLEY-BROKER,1000,1953530.0,SSI-US-7742,TRAIN
4982,TRD104981,2026-08-11,SETTLED,INSTRUCTED,DEUTSCHE-BROKER,100,284222.0,SSI-DE-5510,TRAIN
4983,TRD104982,2026-08-20,SETTLED,INSTRUCTED,ICICI-CUST,100,169724.0,SSI-IN-0091,TRAIN
4984,TRD104983,2026-08-16,SETTLED,INSTRUCTED,DEUTSCHE-BROKER,750,1267057.5,SSI-DE-5510,TRAIN
4985,TRD104984,2026-08-05,SETTLED,INSTRUCTED,KOTAK-CUST,200,337020.0,SSI-IN-0203,TEST
4986,TRD104985,2026-08-13,SETTLED,INSTRUCTED,MORGANSTANLEY-BROKER,1500,917340.0,SSI-US-7742,TRAIN
4987,TRD104986,2026-08-11,SETTLED,INSTRUCTED,ICICI-CUST,100,194675.0,SSI-IN-0091,TEST
4988,TRD104987,2026-08-19,SETTLED,INSTRUCTED,DEUTSCHE-BROKER,500,836535.0,SSI-DE-5510,TRAIN
4989,TRD104988,2026-08-12,SETTLED,INSTRUCTED,NOMURA-BROKER,500,2060695.0,SSI-JP-3389,TRAIN
4990,TRD104989,2026-08-17,SETTLED,INSTRUCTED,HDFC-CUST,1000,1895690.0,SSI-IN-0147,TRAIN
4991,TRD104990,2026-08-11,SETTLED,INSTRUCTED,KOTAK-CUST,100,17171.0,SSI-IN-0203,TRAIN
4992,TRD104991,2026-08-19,SETTLED,INSTRUCTED,ICICI-CUST,200,739056.0,SSI-IN-0091,TRAIN
4993,TRD104992,2026-08-20,SETTLED,INSTRUCTED,ICICI-CUST,750,886140.0,SSI-IN-0091,TEST
4994,TRD104993,2026-08-16,PENDING,INSTRUCTED,KOTAK-CUST,1000,1946630.0,SSI-IN-0203,TRAIN
4995,TRD104994,2026-08-20,SETTLED,INSTRUCTED,DEUTSCHE-BROKER,500,981110.0,SSI-DE-5510,TEST
4996,TRD104995,2026-08-17,FAILED,INCORRECT,ICICI-CUST,1500,5536500.0,SSI-JP-3389,TRAIN
4997,TRD104996,2026-08-21,SETTLED,INSTRUCTED,HDFC-CUST,100,368538.0,SSI-IN-0147,TEST
4998,TRD104997,2026-08-05,SETTLED,INSTRUCTED,MORGANSTANLEY-BROKER,1000,2732350.0,SSI-US-7742,TEST
4999,TRD104998,2026-08-06,SETTLED,INSTRUCTED,ICICI-CUST,500,942385.0,SSI-IN-0091,TRAIN
5000,TRD104999,2026-08-06,SETTLED,INSTRUCTED,ICICI-CUST,1000,1176270.0,SSI-IN-0091,TRAIN
5001,TRD105000,2026-08-08,SETTLED,INSTRUCTED,DEUTSCHE-BROKER,100,196438.0,SSI-DE-5510,TRAIN
5002,TRD105001,2026-08-13,SETTLED,INSTRUCTED,DEUTSCHE-BROKER,1000,469000.0,SSI-DE-5510,TRAIN
5003,TRD105002,2026-08-05,SETTLED,INSTRUCTED,ICICI-CUST,100,123942.0,SSI-IN-0091,TEST
5004,TRD105003,2026-08-22,SETTLED,INSTRUCTED,HDFC-CUST,250,687915.0,SSI-IN-0147,TRAIN
5005,TRD105004,2026-08-15,SETTLED,INSTRUCTED,KOTAK-CUST,1000,1185480.0,SSI-IN-0203,TRAIN
5006,TRD105005,2026-08-15,SETTLED,INSTRUCTED,ICICI-CUST,200,376616.0,SSI-IN-0091,TRAIN
5007,TRD105006,2026-08-06,SETTLED,INSTRUCTED,NOMURA-BROKER,200,34548.0,SSI-JP-3389,TEST
5008,TRD105007,2026-08-13,SETTLED,INSTRUCTED,MORGANSTANLEY-BROKER,100,166987.0,SSI-US-7742,TEST
5009,TRD105008,2026-08-09,SETTLED,INSTRUCTED,ICICI-CUST,1500,4288065.0,SSI-IN-0091,TRAIN
5010,TRD105009,2026-08-18,SETTLED,INSTRUCTED,NOMURA-BROKER,1500,1771350.0,SSI-JP-3389,TRAIN
5011,TRD105010,2026-08-20,SETTLED,INSTRUCTED,DEUTSCHE-BROKER,1500,259020.0,SSI-DE-5510,TRAIN
5012,TRD105011,2026-08-04,SETTLED,INSTRUCTED,ICICI-CUST,100,84428.0,SSI-IN-0091,TRAIN
5013,TRD105012,2026-08-02,SETTLED,INSTRUCTED,MORGANSTANLEY-BROKER,500,6508990.0,SSI-US-7742,TRAIN
5014,TRD105013,2026-08-19,SETTLED,INSTRUCTED,ICICI-CUST,750,2064885.0,SSI-IN-0091,TEST
5015,TRD105014,2026-08-24,PENDING,INSTRUCTED,NOMURA-BROKER,1500,918630.0,SSI-JP-3389,TRAIN
5016,TRD105015,2026-08-19,SETTLED,INSTRUCTED,HDFC-CUST,200,34406.0,SSI-IN-0147,TRAIN
5017,TRD105016,2026-08-20,SETTLED,INSTRUCTED,KOTAK-CUST,1000,1177460.0,SSI-IN-0203,TRAIN
5018,TRD105017,2026-08-18,SETTLED,INSTRUCTED,ICICI-CUST,1000,2859870.0,SSI-IN-0091,TRAIN
5019,TRD105018,2026-08-14,SETTLED,INSTRUCTED,DEUTSCHE-BROKER,2000,1217800.0,SSI-DE-5510,TRAIN
5020,TRD105019,2026-08-06,SETTLED,INSTRUCTED,MORGANSTANLEY-BROKER,100,118010.0,SSI-US-7742,TRAIN
5021,TRD105020,2026-08-02,SETTLED,INSTRUCTED,KOTAK-CUST,250,310712.5,SSI-IN-0203,TRAIN
5022,TRD105021,2026-08-07,SETTLED,INSTRUCTED,KOTAK-CUST,2000,346300.0,SSI-IN-0203,TRAIN
5023,TRD105022,2026-08-21,SETTLED,INSTRUCTED,ICICI-CUST,1500,705135.0,SSI-IN-0091,TEST
5024,TRD105023,2026-08-12,SETTLED,INSTRUCTED,DEUTSCHE-BROKER,200,569478.0,SSI-DE-5510,TRAIN
5025,TRD105024,2026-08-14,SETTLED,INSTRUCTED,MORGANSTANLEY-BROKER,2000,8281820.0,SSI-US-7742,TRAIN
5026,TRD105025,2026-08-16,SETTLED,INSTRUCTED,DEUTSCHE-BROKER,1500,2824950.0,SSI-DE-5510,TRAIN
5027,TRD105026,2026-08-19,SETTLED,INSTRUCTED,DEUTSCHE-BROKER,1500,4113750.0,SSI-DE-5510,TEST
5028,TRD105027,2026-08-18,SETTLED,INSTRUCTED,HDFC-CUST,500,1370170.0,SSI-IN-0147,TRAIN
5029,TRD105028,2026-08-03,SETTLED,INSTRUCTED,ICICI-CUST,1500,258630.0,SSI-IN-0091,TEST
5030,TRD105029,2026-08-17,SETTLED,INSTRUCTED,NOMURA-BROKER,250,424032.5,SSI-JP-3389,TRAIN
5031,TRD105030,2026-08-17,SETTLED,INSTRUCTED,HDFC-CUST,200,379560.0,SSI-IN-0147,TRAIN
5032,TRD105031,2026-08-10,SETTLED,INSTRUCTED,HDFC-CUST,250,152317.5,SSI-IN-0147,TRAIN
5033,TRD105032,2026-08-14,SETTLED,INSTRUCTED,ICICI-CUST,1000,1896500.0,SSI-IN-0091,TEST
5034,TRD105033,2026-08-04,SETTLED,INSTRUCTED,DEUTSCHE-BROKER,750,458220.0,SSI-DE-5510,TRAIN
5035,TRD105034,2026-08-06,SETTLED,INSTRUCTED,ICICI-CUST,100,84424.0,SSI-IN-0091,TEST
5036,TRD105035,2026-08-08,SETTLED,INSTRUCTED,NOMURA-BROKER,500,423930.0,SSI-JP-3389,TRAIN
5037,TRD105036,2026-08-21,SETTLED,INSTRUCTED,MORGANSTANLEY-BROKER,1500,1262265.0,SSI-US-7742,TRAIN
5038,TRD105037,2026-08-06,SETTLED,INSTRUCTED,NOMURA-BROKER,250,487665.0,SSI-JP-3389,TRAIN
5039,TRD105038,2026-08-20,SETTLED,INSTRUCTED,KOTAK-CUST,200,236954.0,SSI-IN-0203,TRAIN
5040,TRD105039,2026-08-10,SETTLED,INSTRUCTED,NOMURA-BROKER,200,122428.0,SSI-JP-3389,TRAIN
5041,TRD105040,2026-08-21,PENDING,INSTRUCTED,DEUTSCHE-BROKER,100,1301991.0,SSI-DE-5510,TRAIN
5042,TRD105041,2026-08-22,SETTLED,INSTRUCTED,DEUTSCHE-BROKER,500,305725.0,SSI-DE-5510,TRAIN
5043,TRD105042,2026-08-06,SETTLED,INSTRUCTED,ICICI-CUST,750,455677.5,SSI-IN-0091,TRAIN
5044,TRD105043,2026-08-08,SETTLED,INSTRUCTED,DEUTSCHE-BROKER,250,42995.0,SSI-DE-5510,TRAIN
5045,TRD105044,2026-08-20,SETTLED,INSTRUCTED,DEUTSCHE-BROKER,100,196470.0,SSI-DE-5510,TRAIN
5046,TRD105045,2026-08-16,PENDING,MISSING,MORGANSTANLEY-BROKER,1500,2831025.0,,TRAIN
5047,TRD105046,2026-08-17,SETTLED,INSTRUCTED,DEUTSCHE-BROKER,1000,1952990.0,SSI-DE-5510,TRAIN
5048,TRD105047,2026-08-11,PENDING,MISSING,MORGANSTANLEY-BROKER,250,3242307.5,,TRAIN
5049,TRD105048,2026-08-06,SETTLED,INSTRUCTED,KOTAK-CUST,2000,1224660.0,SSI-IN-0203,TRAIN
5050,TRD105049,2026-08-12,SETTLED,INSTRUCTED,HDFC-CUST,250,152020.0,SSI-IN-0147,TEST
5051,TRD105050,2026-08-19,SETTLED,INSTRUCTED,HDFC-CUST,2000,8280240.0,SSI-IN-0147,TRAIN
5052,TRD105051,2026-08-13,SETTLED,INSTRUCTED,HDFC-CUST,500,1421710.0,SSI-IN-0147,TRAIN
5053,TRD105052,2026-08-16,SETTLED,INSTRUCTED,DEUTSCHE-BROKER,100,189951.0,SSI-DE-5510,TRAIN
5054,TRD105053,2026-08-19,SETTLED,INSTRUCTED,HDFC-CUST,1500,2540895.0,SSI-IN-0147,TEST
5055,TRD105054,2026-08-06,SETTLED,INSTRUCTED,ICICI-CUST,2000,1684080.0,SSI-IN-0091,TRAIN
5056,TRD105055,2026-08-08,SETTLED,INSTRUCTED,NOMURA-BROKER,200,335656.0,SSI-JP-3389,TRAIN
5057,TRD105056,2026-08-06,SETTLED,INSTRUCTED,DEUTSCHE-BROKER,500,587780.0,SSI-DE-5510,TRAIN
5058,TRD105057,2026-08-11,SETTLED,INSTRUCTED,NOMURA-BROKER,100,195532.0,SSI-JP-3389,TRAIN
5059,TRD105058,2026-08-22,SETTLED,INSTRUCTED,ICICI-CUST,750,2053432.5,SSI-IN-0091,TEST
5060,TRD105059,2026-08-13,SETTLED,INSTRUCTED,HDFC-CUST,750,3103605.0,SSI-IN-0147,TRAIN
5061,TRD105060,2026-08-08,SETTLED,INSTRUCTED,HDFC-CUST,2000,1688020.0,SSI-IN-0147,TRAIN
5062,TRD105061,2026-08-13,SETTLED,INSTRUCTED,HDFC-CUST,200,825662.0,SSI-IN-0147,TRAIN
5063,TRD105062,2026-08-16,SETTLED,INSTRUCTED,HDFC-CUST,750,129705.0,SSI-IN-0147,TRAIN
5064,TRD105063,2026-08-03,SETTLED,INSTRUCTED,NOMURA-BROKER,200,567392.0,SSI-JP-3389,TRAIN
5065,TRD105064,2026-08-21,SETTLED,INSTRUCTED,DEUTSCHE-BROKER,750,1253910.0,SSI-DE-5510,TRAIN
5066,TRD105065,2026-08-18,SETTLED,INSTRUCTED,MORGANSTANLEY-BROKER,1500,19494705.0,SSI-US-7742,TRAIN
5067,TRD105066,2026-08-06,SETTLED,INSTRUCTED,ICICI-CUST,1500,5495595.0,SSI-IN-0091,TRAIN
5068,TRD105067,2026-08-15,SETTLED,INSTRUCTED,HDFC-CUST,750,350677.5,SSI-IN-0147,TRAIN
5069,TRD105068,2026-08-06,PENDING,INSTRUCTED,HDFC-CUST,750,129442.5,SSI-IN-0147,TRAIN
5070,TRD105069,2026-08-21,SETTLED,INSTRUCTED,KOTAK-CUST,250,471092.5,SSI-IN-0203,TRAIN
5071,TRD105070,2026-08-16,SETTLED,INSTRUCTED,HDFC-CUST,2000,343220.0,SSI-IN-0147,TRAIN
5072,TRD105071,2026-08-19,PENDING,MISSING,DEUTSCHE-BROKER,500,306085.0,,TEST
5073,TRD105072,2026-08-16,SETTLED,INSTRUCTED,ICICI-CUST,2000,935520.0,SSI-IN-0091,TRAIN
5074,TRD105073,2026-08-13,SETTLED,INSTRUCTED,DEUTSCHE-BROKER,1500,2544720.0,SSI-DE-5510,TRAIN
5075,TRD105074,2026-08-06,SETTLED,INSTRUCTED,HDFC-CUST,2000,3906620.0,SSI-IN-0147,TRAIN
5076,TRD105075,2026-08-22,SETTLED,INSTRUCTED,MORGANSTANLEY-BROKER,250,3254327.5,SSI-US-7742,TRAIN
5077,TRD105076,2026-08-18,SETTLED,INSTRUCTED,DEUTSCHE-BROKER,500,592240.0,SSI-DE-5510,TRAIN
5078,TRD105077,2026-08-06,SETTLED,INSTRUCTED,DEUTSCHE-BROKER,750,2767357.5,SSI-DE-5510,TEST
5079,TRD105078,2026-08-02,SETTLED,INSTRUCTED,KOTAK-CUST,500,588340.0,SSI-IN-0203,TRAIN
5080,TRD105079,2026-08-03,SETTLED,INSTRUCTED,DEUTSCHE-BROKER,250,295542.5,SSI-DE-5510,TRAIN
5081,TRD105080,2026-08-09,SETTLED,INSTRUCTED,ICICI-CUST,750,2138797.5,SSI-IN-0091,TRAIN
5082,TRD105081,2026-08-12,SETTLED,INSTRUCTED,MORGANSTANLEY-BROKER,750,927862.5,SSI-US-7742,TRAIN
5083,TRD105082,2026-08-15,SETTLED,INSTRUCTED,KOTAK-CUST,750,3105442.5,SSI-IN-0203,TRAIN
5084,TRD105083,2026-08-14,SETTLED,INSTRUCTED,NOMURA-BROKER,250,309015.0,SSI-JP-3389,TRAIN
5085,TRD105084,2026-08-02,SETTLED,INSTRUCTED,KOTAK-CUST,200,735838.0,SSI-IN-0203,TRAIN
5086,TRD105085,2026-08-19,PENDING,INSTRUCTED,NOMURA-BROKER,200,247126.0,SSI-JP-3389,TEST
5087,TRD105086,2026-08-19,SETTLED,INSTRUCTED,NOMURA-BROKER,1000,172860.0,SSI-JP-3389,TRAIN
5088,TRD105087,2026-08-17,SETTLED,INSTRUCTED,MORGANSTANLEY-BROKER,200,378524.0,SSI-US-7742,TRAIN
5089,TRD105088,2026-08-14,SETTLED,INSTRUCTED,KOTAK-CUST,1500,2505090.0,SSI-IN-0203,TRAIN
5090,TRD105089,2026-08-18,SETTLED,INSTRUCTED,DEUTSCHE-BROKER,1500,703080.0,SSI-DE-5510,TEST
5091,TRD105090,2026-08-19,SETTLED,INSTRUCTED,DEUTSCHE-BROKER,500,422210.0,SSI-DE-5510,TRAIN
5092,TRD105091,2026-08-10,SETTLED,INSTRUCTED,MORGANSTANLEY-BROKER,750,9695017.5,SSI-US-7742,TRAIN
5093,TRD105092,2026-08-22,SETTLED,INSTRUCTED,MORGANSTANLEY-BROKER,100,168290.0,SSI-US-7742,TRAIN
5094,TRD105093,2026-08-08,SETTLED,INSTRUCTED,HDFC-CUST,2000,3392800.0,SSI-IN-0147,TRAIN
5095,TRD105094,2026-08-02,SETTLED,INSTRUCTED,ICICI-CUST,1500,19395030.0,SSI-IN-0091,TEST
5096,TRD105095,2026-08-12,SETTLED,INSTRUCTED,KOTAK-CUST,500,2062635.0,SSI-IN-0203,TRAIN
5097,TRD105096,2026-08-15,SETTLED,INSTRUCTED,KOTAK-CUST,250,310972.5,SSI-IN-0203,TRAIN
5098,TRD105097,2026-08-20,FAILED,INCORRECT,MORGANSTANLEY-BROKER,200,547810.0,SSI-IN-0091,TRAIN
5099,TRD105098,2026-08-14,SETTLED,INSTRUCTED,KOTAK-CUST,1500,4258530.0,SSI-IN-0203,TRAIN
5100,TRD105099,2026-08-17,SETTLED,INSTRUCTED,HDFC-CUST,200,247770.0,SSI-IN-0147,TRAIN
5101,TRD105100,2026-08-14,PENDING,INSTRUCTED,DEUTSCHE-BROKER,1500,703080.0,SSI-DE-5510,TEST
5102,TRD105101,2026-08-07,SETTLED,INSTRUCTED,HDFC-CUST,1500,4259430.0,SSI-IN-0147,TRAIN
5103,TRD105102,2026-08-07,SETTLED,INSTRUCTED,ICICI-CUST,750,1264297.5,SSI-IN-0091,TRAIN
5104,TRD105103,2026-08-10,SETTLED,INSTRUCTED,KOTAK-CUST,2000,2371860.0,SSI-IN-0203,TRAIN
5105,TRD105104,2026-08-16,SETTLED,INSTRUCTED,MORGANSTANLEY-BROKER,1000,1953000.0,SSI-US-7742,TRAIN
5106,TRD105105,2026-08-05,SETTLED,INSTRUCTED,ICICI-CUST,2000,5489380.0,SSI-IN-0091,TRAIN
5107,TRD105106,2026-08-16,SETTLED,INSTRUCTED,NOMURA-BROKER,200,392444.0,SSI-JP-3389,TRAIN
5108,TRD105107,2026-08-15,SETTLED,INSTRUCTED,ICICI-CUST,250,490050.0,SSI-IN-0091,TRAIN
5109,TRD105108,2026-08-03,SETTLED,INSTRUCTED,MORGANSTANLEY-BROKER,1500,2542050.0,SSI-US-7742,TRAIN
5110,TRD105109,2026-08-17,SETTLED,INSTRUCTED,MORGANSTANLEY-BROKER,1000,1675220.0,SSI-US-7742,TRAIN
5111,TRD105110,2026-08-15,SETTLED,INSTRUCTED,KOTAK-CUST,500,306680.0,SSI-IN-0203,TRAIN
5112,TRD105111,2026-08-06,PENDING,MISSING,DEUTSCHE-BROKER,250,711790.0,,TRAIN
5113,TRD105112,2026-08-13,SETTLED,INSTRUCTED,MORGANSTANLEY-BROKER,1500,2944845.0,SSI-US-7742,TEST
5114,TRD105113,2026-08-22,SETTLED,INSTRUCTED,NOMURA-BROKER,1000,610460.0,SSI-JP-3389,TRAIN
5115,TRD105114,2026-08-22,SETTLED,INSTRUCTED,KOTAK-CUST,750,888015.0,SSI-IN-0203,TEST
5116,TRD105115,2026-08-09,FAILED,INCORRECT,KOTAK-CUST,1000,848490.0,SSI-IN-0091,TRAIN
5117,TRD105116,2026-08-22,SETTLED,INSTRUCTED,HDFC-CUST,1000,12999180.0,SSI-IN-0147,TRAIN
5118,TRD105117,2026-08-17,SETTLED,INSTRUCTED,HDFC-CUST,1000,2738500.0,SSI-IN-0147,TRAIN
5119,TRD105118,2026-08-09,SETTLED,INSTRUCTED,NOMURA-BROKER,1500,2928120.0,SSI-JP-3389,TEST
5120,TRD105119,2026-08-13,SETTLED,INSTRUCTED,KOTAK-CUST,100,17200.0,SSI-IN-0203,TRAIN
5121,TRD105120,2026-08-19,SETTLED,INSTRUCTED,HDFC-CUST,100,367553.0,SSI-IN-0147,TRAIN
5122,TRD105121,2026-08-07,SETTLED,INSTRUCTED,NOMURA-BROKER,1500,258885.0,SSI-JP-3389,TRAIN
5123,TRD105122,2026-08-18,SETTLED,INSTRUCTED,ICICI-CUST,1500,2530605.0,SSI-IN-0091,TEST
5124,TRD105123,2026-08-03,SETTLED,INSTRUCTED,KOTAK-CUST,500,234355.0,SSI-IN-0203,TRAIN
5125,TRD105124,2026-08-10,SETTLED,INSTRUCTED,ICICI-CUST,1500,4263705.0,SSI-IN-0091,TRAIN
5126,TRD105125,2026-08-18,SETTLED,INSTRUCTED,HDFC-CUST,250,711967.5,SSI-IN-0147,TRAIN
5127,TRD105126,2026-08-14,PENDING,MISSING,DEUTSCHE-BROKER,500,840875.0,,TEST
5128,TRD105127,2026-08-03,SETTLED,INSTRUCTED,HDFC-CUST,1500,1867965.0,SSI-IN-0147,TEST
5129,TRD105128,2026-08-20,SETTLED,INSTRUCTED,MORGANSTANLEY-BROKER,2000,343860.0,SSI-US-7742,TEST
5130,TRD105129,2026-08-03,SETTLED,INSTRUCTED,NOMURA-BROKER,1000,4124650.0,SSI-JP-3389,TEST
5131,TRD105130,2026-08-22,SETTLED,INSTRUCTED,DEUTSCHE-BROKER,200,567370.0,SSI-DE-5510,TRAIN
5132,TRD105131,2026-08-21,SETTLED,INSTRUCTED,KOTAK-CUST,200,93950.0,SSI-IN-0203,TRAIN
5133,TRD105132,2026-08-16,SETTLED,INSTRUCTED,DEUTSCHE-BROKER,750,931455.0,SSI-DE-5510,TRAIN
5134,TRD105133,2026-08-02,SETTLED,INSTRUCTED,DEUTSCHE-BROKER,500,1849200.0,SSI-DE-5510,TRAIN
5135,TRD105134,2026-08-16,SETTLED,INSTRUCTED,NOMURA-BROKER,500,622815.0,SSI-JP-3389,TRAIN
5136,TRD105135,2026-08-08,SETTLED,INSTRUCTED,KOTAK-CUST,2000,1221040.0,SSI-IN-0203,TRAIN
5137,TRD105136,2026-08-12,PENDING,INSTRUCTED,DEUTSCHE-BROKER,250,488485.0,SSI-DE-5510,TRAIN
5138,TRD105137,2026-08-17,SETTLED,INSTRUCTED,ICICI-CUST,2000,25916940.0,SSI-IN-0091,TRAIN
5139,TRD105138,2026-08-21,SETTLED,INSTRUCTED,HDFC-CUST,200,392866.0,SSI-IN-0147,TEST
5140,TRD105139,2026-08-20,SETTLED,INSTRUCTED,ICICI-CUST,200,34616.0,SSI-IN-0091,TRAIN
5141,TRD105140,2026-08-21,SETTLED,INSTRUCTED,NOMURA-BROKER,2000,935480.0,SSI-JP-3389,TRAIN
5142,TRD105141,2026-08-09,SETTLED,INSTRUCTED,DEUTSCHE-BROKER,500,306425.0,SSI-DE-5510,TRAIN
5143,TRD105142,2026-08-18,SETTLED,INSTRUCTED,ICICI-CUST,1000,2862380.0,SSI-IN-0091,TRAIN
5144,TRD105143,2026-08-14,SETTLED,INSTRUCTED,NOMURA-BROKER,100,274911.0,SSI-JP-3389,TRAIN
5145,TRD105144,2026-08-10,FAILED,INCORRECT,ICICI-CUST,100,17300.0,SSI-IN-0147,TRAIN
5146,TRD105145,2026-08-22,SETTLED,INSTRUCTED,KOTAK-CUST,500,235065.0,SSI-IN-0203,TRAIN
5147,TRD105146,2026-08-09,SETTLED,INSTRUCTED,KOTAK-CUST,500,1845695.0,SSI-IN-0203,TRAIN
5148,TRD105147,2026-08-12,SETTLED,INSTRUCTED,NOMURA-BROKER,1500,2523600.0,SSI-JP-3389,TEST
5149,TRD105148,2026-08-21,SETTLED,INSTRUCTED,HDFC-CUST,750,9771765.0,SSI-IN-0147,TRAIN
5150,TRD105149,2026-08-08,SETTLED,INSTRUCTED,ICICI-CUST,100,368436.0,SSI-IN-0091,TRAIN
5151,TRD105150,2026-08-10,SETTLED,INSTRUCTED,HDFC-CUST,1500,4130910.0,SSI-IN-0147,TRAIN
5152,TRD105151,2026-08-18,SETTLED,INSTRUCTED,KOTAK-CUST,1000,470050.0,SSI-IN-0203,TRAIN
5153,TRD105152,2026-08-20,SETTLED,INSTRUCTED,KOTAK-CUST,100,17254.0,SSI-IN-0203,TRAIN
5154,TRD105153,2026-08-03,SETTLED,INSTRUCTED,DEUTSCHE-BROKER,250,420775.0,SSI-DE-5510,TRAIN
5155,TRD105154,2026-08-21,SETTLED,INSTRUCTED,MORGANSTANLEY-BROKER,1000,2840650.0,SSI-US-7742,TRAIN
5156,TRD105155,2026-08-22,SETTLED,INSTRUCTED,ICICI-CUST,1000,608270.0,SSI-IN-0091,TRAIN
5157,TRD105156,2026-08-21,SETTLED,INSTRUCTED,HDFC-CUST,500,842825.0,SSI-IN-0147,TRAIN
5158,TRD105157,2026-08-02,SETTLED,INSTRUCTED,HDFC-CUST,1500,19441305.0,SSI-IN-0147,TRAIN
5159,TRD105158,2026-08-10,SETTLED,INSTRUCTED,ICICI-CUST,200,236766.0,SSI-IN-0091,TRAIN
5160,TRD105159,2026-08-06,PENDING,MISSING,NOMURA-BROKER,250,416815.0,,TRAIN
5161,TRD105160,2026-08-11,SETTLED,INSTRUCTED,HDFC-CUST,1000,4100330.0,SSI-IN-0147,TRAIN
5162,TRD105161,2026-08-14,SETTLED,INSTRUCTED,MORGANSTANLEY-BROKER,250,489902.5,SSI-US-7742,TEST
5163,TRD105162,2026-08-03,SETTLED,INSTRUCTED,MORGANSTANLEY-BROKER,200,248860.0,SSI-US-7742,TEST
5164,TRD105163,2026-08-12,SETTLED,INSTRUCTED,NOMURA-BROKER,1000,172100.0,SSI-JP-3389,TEST
5165,TRD105164,2026-08-17,SETTLED,INSTRUCTED,MORGANSTANLEY-BROKER,1000,172350.0,SSI-US-7742,TRAIN
5166,TRD105165,2026-08-12,SETTLED,INSTRUCTED,NOMURA-BROKER,250,294387.5,SSI-JP-3389,TRAIN
5167,TRD105166,2026-08-04,SETTLED,INSTRUCTED,MORGANSTANLEY-BROKER,200,735108.0,SSI-US-7742,TRAIN
5168,TRD105167,2026-08-06,SETTLED,INSTRUCTED,DEUTSCHE-BROKER,500,947650.0,SSI-DE-5510,TRAIN
5169,TRD105168,2026-08-05,SETTLED,INSTRUCTED,MORGANSTANLEY-BROKER,1000,1184590.0,SSI-US-7742,TRAIN
5170,TRD105169,2026-08-16,SETTLED,INSTRUCTED,NOMURA-BROKER,1000,12962490.0,SSI-JP-3389,TRAIN
5171,TRD105170,2026-08-09,SETTLED,INSTRUCTED,ICICI-CUST,1000,846380.0,SSI-IN-0091,TRAIN
5172,TRD105171,2026-08-10,SETTLED,INSTRUCTED,NOMURA-BROKER,1000,612460.0,SSI-JP-3389,TRAIN
5173,TRD105172,2026-08-11,SETTLED,INSTRUCTED,MORGANSTANLEY-BROKER,1000,4100760.0,SSI-US-7742,TRAIN
5174,TRD105173,2026-08-18,SETTLED,INSTRUCTED,MORGANSTANLEY-BROKER,1000,172860.0,SSI-US-7742,TRAIN
5175,TRD105174,2026-08-03,SETTLED,INSTRUCTED,HDFC-CUST,1500,1865145.0,SSI-IN-0147,TRAIN
5176,TRD105175,2026-08-13,SETTLED,INSTRUCTED,KOTAK-CUST,1500,704025.0,SSI-IN-0203,TEST
5177,TRD105176,2026-08-04,SETTLED,INSTRUCTED,ICICI-CUST,1000,845670.0,SSI-IN-0091,TRAIN
5178,TRD105177,2026-08-11,SETTLED,INSTRUCTED,DEUTSCHE-BROKER,2000,940380.0,SSI-DE-5510,TRAIN
5179,TRD105178,2026-08-20,SETTLED,INSTRUCTED,HDFC-CUST,2000,344120.0,SSI-IN-0147,TRAIN
5180,TRD105179,2026-08-18,SETTLED,INSTRUCTED,DEUTSCHE-BROKER,200,34362.0,SSI-DE-5510,TEST
5181,TRD105180,2026-08-17,SETTLED,INSTRUCTED,MORGANSTANLEY-BROKER,500,305120.0,SSI-US-7742,TRAIN
5182,TRD105181,2026-08-12,SETTLED,INSTRUCTED,KOTAK-CUST,100,46989.0,SSI-IN-0203,TRAIN
5183,TRD105182,2026-08-10,SETTLED,INSTRUCTED,NOMURA-BROKER,1500,1769700.0,SSI-JP-3389,TRAIN
5184,TRD105183,2026-08-20,SETTLED,INSTRUCTED,KOTAK-CUST,250,421322.5,SSI-IN-0203,TRAIN
5185,TRD105184,2026-08-20,SETTLED,INSTRUCTED,HDFC-CUST,250,1028435.0,SSI-IN-0147,TRAIN
5186,TRD105185,2026-08-15,SETTLED,INSTRUCTED,DEUTSCHE-BROKER,250,43232.5,SSI-DE-5510,TEST
5187,TRD105186,2026-08-06,SETTLED,INSTRUCTED,HDFC-CUST,750,1263030.0,SSI-IN-0147,TRAIN
5188,TRD105187,2026-08-08,SETTLED,INSTRUCTED,ICICI-CUST,2000,3907380.0,SSI-IN-0091,TRAIN
5189,TRD105188,2026-08-17,SETTLED,INSTRUCTED,NOMURA-BROKER,500,2055765.0,SSI-JP-3389,TEST
5190,TRD105189,2026-08-12,SETTLED,INSTRUCTED,MORGANSTANLEY-BROKER,750,637117.5,SSI-US-7742,TRAIN
5191,TRD105190,2026-08-12,SETTLED,INSTRUCTED,KOTAK-CUST,1000,846640.0,SSI-IN-0203,TRAIN
5192,TRD105191,2026-08-08,SETTLED,INSTRUCTED,HDFC-CUST,1500,6211545.0,SSI-IN-0147,TRAIN
5193,TRD105192,2026-08-03,SETTLED,INSTRUCTED,MORGANSTANLEY-BROKER,1500,914745.0,SSI-US-7742,TEST
5194,TRD105193,2026-08-15,SETTLED,INSTRUCTED,NOMURA-BROKER,200,246994.0,SSI-JP-3389,TEST
5195,TRD105194,2026-08-13,SETTLED,INSTRUCTED,KOTAK-CUST,200,334952.0,SSI-IN-0203,TRAIN
5196,TRD105195,2026-08-20,SETTLED,INSTRUCTED,DEUTSCHE-BROKER,250,683610.0,SSI-DE-5510,TRAIN
5197,TRD105196,2026-08-21,SETTLED,INSTRUCTED,NOMURA-BROKER,1500,2545410.0,SSI-JP-3389,TRAIN
5198,TRD105197,2026-08-20,SETTLED,INSTRUCTED,MORGANSTANLEY-BROKER,1500,2919945.0,SSI-US-7742,TRAIN
5199,TRD105198,2026-08-19,SETTLED,INSTRUCTED,HDFC-CUST,100,411533.0,SSI-IN-0147,TRAIN
5200,TRD105199,2026-08-07,SETTLED,INSTRUCTED,ICICI-CUST,1000,4134810.0,SSI-IN-0091,TRAIN
5201,TRD105200,2026-08-09,SETTLED,INSTRUCTED,NOMURA-BROKER,100,123501.0,SSI-JP-3389,TRAIN
5202,TRD105201,2026-08-20,SETTLED,INSTRUCTED,ICICI-CUST,1500,1765830.0,SSI-IN-0091,TRAIN
5203,TRD105202,2026-08-22,SETTLED,INSTRUCTED,DEUTSCHE-BROKER,500,978275.0,SSI-DE-5510,TRAIN
5204,TRD105203,2026-08-11,SETTLED,INSTRUCTED,DEUTSCHE-BROKER,500,1840595.0,SSI-DE-5510,TEST
5205,TRD105204,2026-08-09,SETTLED,INSTRUCTED,NOMURA-BROKER,2000,5487480.0,SSI-JP-3389,TRAIN
5206,TRD105205,2026-08-11,SETTLED,INSTRUCTED,MORGANSTANLEY-BROKER,100,61062.0,SSI-US-7742,TRAIN
5207,TRD105206,2026-08-14,SETTLED,INSTRUCTED,DEUTSCHE-BROKER,250,310952.5,SSI-DE-5510,TRAIN
5208,TRD105207,2026-08-15,SETTLED,INSTRUCTED,KOTAK-CUST,250,310907.5,SSI-IN-0203,TRAIN
5209,TRD105208,2026-08-08,SETTLED,INSTRUCTED,NOMURA-BROKER,2000,2485280.0,SSI-JP-3389,TRAIN
5210,TRD105209,2026-08-16,SETTLED,INSTRUCTED,MORGANSTANLEY-BROKER,1500,1768725.0,SSI-US-7742,TEST
5211,TRD105210,2026-08-11,SETTLED,INSTRUCTED,KOTAK-CUST,2000,3909200.0,SSI-IN-0203,TEST
5212,TRD105211,2026-08-11,SETTLED,INSTRUCTED,KOTAK-CUST,2000,3386340.0,SSI-IN-0203,TEST
5213,TRD105212,2026-08-12,SETTLED,INSTRUCTED,KOTAK-CUST,1000,2738720.0,SSI-IN-0203,TRAIN
5214,TRD105213,2026-08-10,SETTLED,INSTRUCTED,ICICI-CUST,250,309257.5,SSI-IN-0091,TRAIN
5215,TRD105214,2026-08-20,SETTLED,INSTRUCTED,DEUTSCHE-BROKER,100,275512.0,SSI-DE-5510,TRAIN
5216,TRD105215,2026-08-19,SETTLED,INSTRUCTED,ICICI-CUST,1500,2539845.0,SSI-IN-0091,TRAIN
5217,TRD105216,2026-08-06,SETTLED,INSTRUCTED,HDFC-CUST,250,3247482.5,SSI-IN-0147,TRAIN
5218,TRD105217,2026-08-03,SETTLED,INSTRUCTED,HDFC-CUST,2000,3368540.0,SSI-IN-0147,TRAIN
5219,TRD105218,2026-08-10,SETTLED,INSTRUCTED,ICICI-CUST,2000,3357340.0,SSI-IN-0091,TRAIN
5220,TRD105219,2026-08-16,PENDING,INSTRUCTED,NOMURA-BROKER,1500,2512590.0,SSI-JP-3389,TRAIN
5221,TRD105220,2026-08-10,SETTLED,INSTRUCTED,KOTAK-CUST,500,1831820.0,SSI-IN-0203,TRAIN
5222,TRD105221,2026-08-16,SETTLED,INSTRUCTED,NOMURA-BROKER,1000,1959140.0,SSI-JP-3389,TRAIN
5223,TRD105222,2026-08-19,SETTLED,INSTRUCTED,NOMURA-BROKER,2000,25960620.0,SSI-JP-3389,TRAIN
5224,TRD105223,2026-08-06,SETTLED,INSTRUCTED,DEUTSCHE-BROKER,1000,172170.0,SSI-DE-5510,TRAIN
5225,TRD105224,2026-08-15,PENDING,INSTRUCTED,HDFC-CUST,750,934702.5,SSI-IN-0147,TRAIN
5226,TRD105225,2026-08-15,SETTLED,INSTRUCTED,ICICI-CUST,2000,3763080.0,SSI-IN-0091,TRAIN
5227,TRD105226,2026-08-10,SETTLED,INSTRUCTED,HDFC-CUST,500,424420.0,SSI-IN-0147,TEST
5228,TRD105227,2026-08-18,SETTLED,INSTRUCTED,DEUTSCHE-BROKER,250,308922.5,SSI-DE-5510,TEST
5229,TRD105228,2026-08-06,SETTLED,INSTRUCTED,ICICI-CUST,200,94122.0,SSI-IN-0091,TRAIN
5230,TRD105229,2026-08-18,SETTLED,INSTRUCTED,KOTAK-CUST,200,824740.0,SSI-IN-0203,TRAIN
5231,TRD105230,2026-08-09,PENDING,MISSING,HDFC-CUST,1000,1692550.0,,TRAIN
5232,TRD105231,2026-08-08,SETTLED,INSTRUCTED,HDFC-CUST,200,570818.0,SSI-IN-0147,TEST
5233,TRD105232,2026-08-08,SETTLED,INSTRUCTED,HDFC-CUST,1500,258450.0,SSI-IN-0147,TRAIN
5234,TRD105233,2026-08-08,SETTLED,INSTRUCTED,MORGANSTANLEY-BROKER,750,2051557.5,SSI-US-7742,TRAIN
5235,TRD105234,2026-08-18,SETTLED,INSTRUCTED,MORGANSTANLEY-BROKER,100,169750.0,SSI-US-7742,TEST
5236,TRD105235,2026-08-06,SETTLED,INSTRUCTED,MORGANSTANLEY-BROKER,100,284661.0,SSI-US-7742,TRAIN
5237,TRD105236,2026-08-22,SETTLED,INSTRUCTED,KOTAK-CUST,2000,1697960.0,SSI-IN-0203,TEST
5238,TRD105237,2026-08-06,SETTLED,INSTRUCTED,DEUTSCHE-BROKER,100,117829.0,SSI-DE-5510,TRAIN
5239,TRD105238,2026-08-05,SETTLED,INSTRUCTED,KOTAK-CUST,1500,1263270.0,SSI-IN-0203,TRAIN
5240,TRD105239,2026-08-02,SETTLED,INSTRUCTED,NOMURA-BROKER,500,85830.0,SSI-JP-3389,TRAIN
5241,TRD105240,2026-08-03,SETTLED,INSTRUCTED,DEUTSCHE-BROKER,1000,608050.0,SSI-DE-5510,TRAIN
5242,TRD105241,2026-08-06,SETTLED,INSTRUCTED,ICICI-CUST,250,296235.0,SSI-IN-0091,TRAIN
5243,TRD105242,2026-08-08,SETTLED,INSTRUCTED,DEUTSCHE-BROKER,1000,1244570.0,SSI-DE-5510,TEST
5244,TRD105243,2026-08-08,PENDING,INSTRUCTED,ICICI-CUST,500,235545.0,SSI-IN-0091,TRAIN
5245,TRD105244,2026-08-09,SETTLED,INSTRUCTED,ICICI-CUST,250,1029605.0,SSI-IN-0091,TEST
5246,TRD105245,2026-08-03,SETTLED,INSTRUCTED,HDFC-CUST,1500,2531835.0,SSI-IN-0147,TRAIN
5247,TRD105246,2026-08-13,SETTLED,INSTRUCTED,KOTAK-CUST,200,339446.0,SSI-IN-0203,TRAIN
5248,TRD105247,2026-08-12,SETTLED,INSTRUCTED,KOTAK-CUST,250,684687.5,SSI-IN-0203,TEST
5249,TRD105248,2026-08-03,SETTLED,INSTRUCTED,NOMURA-BROKER,2000,3395680.0,SSI-JP-3389,TEST
5250,TRD105249,2026-08-06,SETTLED,INSTRUCTED,DEUTSCHE-BROKER,2000,3921080.0,SSI-DE-5510,TRAIN
5251,TRD105250,2026-08-13,SETTLED,INSTRUCTED,NOMURA-BROKER,100,286160.0,SSI-JP-3389,TRAIN
5252,TRD105251,2026-08-12,SETTLED,INSTRUCTED,DEUTSCHE-BROKER,1500,4279125.0,SSI-DE-5510,TRAIN
5253,TRD105252,2026-08-04,SETTLED,INSTRUCTED,DEUTSCHE-BROKER,200,378808.0,SSI-DE-5510,TRAIN
5254,TRD105253,2026-08-13,SETTLED,INSTRUCTED,HDFC-CUST,250,689637.5,SSI-IN-0147,TRAIN
5255,TRD105254,2026-08-11,SETTLED,INSTRUCTED,NOMURA-BROKER,1000,2844020.0,SSI-JP-3389,TRAIN
5256,TRD105255,2026-08-03,SETTLED,INSTRUCTED,DEUTSCHE-BROKER,1500,19437060.0,SSI-DE-5510,TRAIN
5257,TRD105256,2026-08-09,SETTLED,INSTRUCTED,ICICI-CUST,200,378840.0,SSI-IN-0091,TRAIN
5258,TRD105257,2026-08-15,SETTLED,INSTRUCTED,NOMURA-BROKER,1500,2840655.0,SSI-JP-3389,TRAIN
5259,TRD105258,2026-08-06,SETTLED,INSTRUCTED,NOMURA-BROKER,200,122160.0,SSI-JP-3389,TEST
5260,TRD105259,2026-08-11,SETTLED,INSTRUCTED,MORGANSTANLEY-BROKER,200,822692.0,SSI-US-7742,TRAIN
5261,TRD105260,2026-08-08,SETTLED,INSTRUCTED,KOTAK-CUST,100,412515.0,SSI-IN-0203,TRAIN
5262,TRD105261,2026-08-15,SETTLED,INSTRUCTED,HDFC-CUST,500,304335.0,SSI-IN-0147,TRAIN
5263,TRD105262,2026-08-13,SETTLED,INSTRUCTED,NOMURA-BROKER,2000,1694720.0,SSI-JP-3389,TRAIN
5264,TRD105263,2026-08-19,SETTLED,INSTRUCTED,KOTAK-CUST,100,46657.0,SSI-IN-0203,TRAIN
5265,TRD105264,2026-08-16,SETTLED,INSTRUCTED,ICICI-CUST,750,2053710.0,SSI-IN-0091,TRAIN
5266,TRD105265,2026-08-10,SETTLED,INSTRUCTED,DEUTSCHE-BROKER,2000,5464340.0,SSI-DE-5510,TEST
5267,TRD105266,2026-08-21,SETTLED,INSTRUCTED,HDFC-CUST,250,3239840.0,SSI-IN-0147,TEST
5268,TRD105267,2026-08-22,SETTLED,INSTRUCTED,MORGANSTANLEY-BROKER,2000,343500.0,SSI-US-7742,TRAIN
5269,TRD105268,2026-08-21,SETTLED,INSTRUCTED,DEUTSCHE-BROKER,200,735692.0,SSI-DE-5510,TRAIN
5270,TRD105269,2026-08-09,SETTLED,INSTRUCTED,NOMURA-BROKER,200,169110.0,SSI-JP-3389,TRAIN
5271,TRD105270,2026-08-13,SETTLED,INSTRUCTED,NOMURA-BROKER,200,551762.0,SSI-JP-3389,TRAIN
5272,TRD105271,2026-08-19,SETTLED,INSTRUCTED,HDFC-CUST,1500,4122795.0,SSI-IN-0147,TRAIN
5273,TRD105272,2026-08-14,SETTLED,INSTRUCTED,KOTAK-CUST,500,235610.0,SSI-IN-0203,TRAIN
5274,TRD105273,2026-08-03,SETTLED,INSTRUCTED,DEUTSCHE-BROKER,750,2766262.5,SSI-DE-5510,TRAIN
5275,TRD105274,2026-08-12,SETTLED,INSTRUCTED,MORGANSTANLEY-BROKER,1000,173020.0,SSI-US-7742,TRAIN
5276,TRD105275,2026-08-14,SETTLED,INSTRUCTED,KOTAK-CUST,100,46967.0,SSI-IN-0203,TEST
5277,TRD105276,2026-08-17,SETTLED,INSTRUCTED,MORGANSTANLEY-BROKER,250,424160.0,SSI-US-7742,TEST
5278,TRD105277,2026-08-20,SETTLED,INSTRUCTED,NOMURA-BROKER,250,472340.0,SSI-JP-3389,TRAIN
5279,TRD105278,2026-08-25,PENDING,INSTRUCTED,NOMURA-BROKER,250,716032.5,SSI-JP-3389,TRAIN
5280,TRD105279,2026-08-02,SETTLED,INSTRUCTED,NOMURA-BROKER,1500,6181905.0,SSI-JP-3389,TRAIN
5281,TRD105280,2026-08-02,SETTLED,INSTRUCTED,MORGANSTANLEY-BROKER,500,589745.0,SSI-US-7742,TRAIN
5282,TRD105281,2026-08-04,SETTLED,INSTRUCTED,NOMURA-BROKER,100,1302083.0,SSI-JP-3389,TEST
5283,TRD105282,2026-08-17,SETTLED,INSTRUCTED,NOMURA-BROKER,500,1432300.0,SSI-JP-3389,TEST
5284,TRD105283,2026-08-18,SETTLED,INSTRUCTED,DEUTSCHE-BROKER,100,367444.0,SSI-DE-5510,TRAIN
5285,TRD105284,2026-08-04,SETTLED,INSTRUCTED,KOTAK-CUST,2000,26033960.0,SSI-IN-0203,TEST
5286,TRD105285,2026-08-05,SETTLED,INSTRUCTED,ICICI-CUST,1500,915585.0,SSI-IN-0091,TRAIN
5287,TRD105286,2026-08-02,PENDING,MISSING,DEUTSCHE-BROKER,1500,2927850.0,,TRAIN
5288,TRD105287,2026-08-13,SETTLED,INSTRUCTED,DEUTSCHE-BROKER,1000,1964730.0,SSI-DE-5510,TRAIN
5289,TRD105288,2026-08-05,SETTLED,INSTRUCTED,HDFC-CUST,100,188754.0,SSI-IN-0147,TEST
5290,TRD105289,2026-08-18,SETTLED,INSTRUCTED,NOMURA-BROKER,2000,3360360.0,SSI-JP-3389,TRAIN
5291,TRD105290,2026-08-05,SETTLED,INSTRUCTED,DEUTSCHE-BROKER,100,285039.0,SSI-DE-5510,TRAIN
5292,TRD105291,2026-08-08,SETTLED,INSTRUCTED,KOTAK-CUST,1500,259035.0,SSI-IN-0203,TEST
5293,TRD105292,2026-08-17,SETTLED,INSTRUCTED,KOTAK-CUST,200,122058.0,SSI-IN-0203,TRAIN
5294,TRD105293,2026-08-13,SETTLED,INSTRUCTED,MORGANSTANLEY-BROKER,2000,938800.0,SSI-US-7742,TRAIN
5295,TRD105294,2026-08-21,SETTLED,INSTRUCTED,MORGANSTANLEY-BROKER,500,836535.0,SSI-US-7742,TEST
5296,TRD105295,2026-08-03,PENDING,MISSING,ICICI-CUST,1000,1883580.0,,TRAIN
5297,TRD105296,2026-08-15,SETTLED,INSTRUCTED,NOMURA-BROKER,1500,919110.0,SSI-JP-3389,TRAIN
5298,TRD105297,2026-08-04,SETTLED,INSTRUCTED,MORGANSTANLEY-BROKER,2000,3367680.0,SSI-US-7742,TRAIN
5299,TRD105298,2026-08-03,SETTLED,INSTRUCTED,HDFC-CUST,1000,1670830.0,SSI-IN-0147,TRAIN
5300,TRD105299,2026-08-03,SETTLED,INSTRUCTED,KOTAK-CUST,2000,5494320.0,SSI-IN-0203,TRAIN
5301,TRD105300,2026-08-09,SETTLED,INSTRUCTED,KOTAK-CUST,2000,7351020.0,SSI-IN-0203,TRAIN
5302,TRD105301,2026-08-21,SETTLED,INSTRUCTED,NOMURA-BROKER,250,420712.5,SSI-JP-3389,TEST
5303,TRD105302,2026-08-05,SETTLED,INSTRUCTED,HDFC-CUST,2000,2481700.0,SSI-IN-0147,TRAIN
5304,TRD105303,2026-08-13,SETTLED,INSTRUCTED,ICICI-CUST,500,588890.0,SSI-IN-0091,TEST
5305,TRD105304,2026-08-06,SETTLED,INSTRUCTED,MORGANSTANLEY-BROKER,250,295950.0,SSI-US-7742,TEST
5306,TRD105305,2026-08-12,SETTLED,INSTRUCTED,ICICI-CUST,2000,937900.0,SSI-IN-0091,TRAIN
5307,TRD105306,2026-08-22,SETTLED,INSTRUCTED,NOMURA-BROKER,2000,3906460.0,SSI-JP-3389,TRAIN
5308,TRD105307,2026-08-17,SETTLED,INSTRUCTED,NOMURA-BROKER,2000,1694460.0,SSI-JP-3389,TRAIN
5309,TRD105308,2026-08-08,PENDING,INSTRUCTED,NOMURA-BROKER,750,350632.5,SSI-JP-3389,TEST
5310,TRD105309,2026-08-09,SETTLED,INSTRUCTED,MORGANSTANLEY-BROKER,1000,1237160.0,SSI-US-7742,TRAIN
5311,TRD105310,2026-08-05,PENDING,INSTRUCTED,MORGANSTANLEY-BROKER,1000,610320.0,SSI-US-7742,TRAIN
5312,TRD105311,2026-08-18,SETTLED,INSTRUCTED,ICICI-CUST,100,189255.0,SSI-IN-0091,TRAIN
5313,TRD105312,2026-08-13,SETTLED,INSTRUCTED,DEUTSCHE-BROKER,1000,1179670.0,SSI-DE-5510,TRAIN
5314,TRD105313,2026-08-15,SETTLED,INSTRUCTED,MORGANSTANLEY-BROKER,500,838240.0,SSI-US-7742,TRAIN
5315,TRD105314,2026-08-14,SETTLED,INSTRUCTED,MORGANSTANLEY-BROKER,1000,2845500.0,SSI-US-7742,TRAIN
5316,TRD105315,2026-08-05,SETTLED,INSTRUCTED,ICICI-CUST,750,2054385.0,SSI-IN-0091,TRAIN
5317,TRD105316,2026-08-20,SETTLED,INSTRUCTED,DEUTSCHE-BROKER,250,311310.0,SSI-DE-5510,TRAIN
5318,TRD105317,2026-08-06,SETTLED,INSTRUCTED,ICICI-CUST,750,636367.5,SSI-IN-0091,TRAIN
5319,TRD105318,2026-08-22,SETTLED,INSTRUCTED,MORGANSTANLEY-BROKER,200,2596128.0,SSI-US-7742,TRAIN
5320,TRD105319,2026-08-22,SETTLED,INSTRUCTED,MORGANSTANLEY-BROKER,250,419900.0,SSI-US-7742,TRAIN
5321,TRD105320,2026-08-11,SETTLED,INSTRUCTED,MORGANSTANLEY-BROKER,1000,467540.0,SSI-US-7742,TRAIN
5322,TRD105321,2026-08-03,FAILED,INCORRECT,HDFC-CUST,1000,4129680.0,SSI-DE-5510,TRAIN
5323,TRD105322,2026-08-04,SETTLED,INSTRUCTED,DEUTSCHE-BROKER,1500,1262730.0,SSI-DE-5510,TRAIN
5324,TRD105323,2026-08-12,SETTLED,INSTRUCTED,KOTAK-CUST,250,421762.5,SSI-IN-0203,TRAIN
5325,TRD105324,2026-08-05,SETTLED,INSTRUCTED,HDFC-CUST,100,189809.0,SSI-IN-0147,TRAIN
5326,TRD105325,2026-08-07,SETTLED,INSTRUCTED,HDFC-CUST,1500,4123470.0,SSI-IN-0147,TRAIN
5327,TRD105326,2026-08-04,FAILED,INCORRECT,DEUTSCHE-BROKER,2000,5720180.0,SSI-IN-0203,TRAIN
5328,TRD105327,2026-08-03,PENDING,MISSING,MORGANSTANLEY-BROKER,750,1254952.5,,TRAIN
5329,TRD105328,2026-08-03,SETTLED,INSTRUCTED,DEUTSCHE-BROKER,100,46994.0,SSI-DE-5510,TRAIN
5330,TRD105329,2026-08-20,SETTLED,INSTRUCTED,KOTAK-CUST,200,34336.0,SSI-IN-0203,TEST
5331,TRD105330,2026-08-10,SETTLED,INSTRUCTED,NOMURA-BROKER,1000,1669060.0,SSI-JP-3389,TRAIN
5332,TRD105331,2026-08-22,SETTLED,INSTRUCTED,ICICI-CUST,250,710240.0,SSI-IN-0091,TRAIN
5333,TRD105332,2026-08-03,SETTLED,INSTRUCTED,MORGANSTANLEY-BROKER,200,337684.0,SSI-US-7742,TRAIN
5334,TRD105333,2026-08-12,SETTLED,INSTRUCTED,KOTAK-CUST,200,248232.0,SSI-IN-0203,TRAIN
5335,TRD105334,2026-08-14,SETTLED,INSTRUCTED,NOMURA-BROKER,500,837055.0,SSI-JP-3389,TRAIN
5336,TRD105335,2026-08-21,SETTLED,INSTRUCTED,ICICI-CUST,1000,3697830.0,SSI-IN-0091,TEST
5337,TRD105336,2026-08-21,PENDING,INSTRUCTED,NOMURA-BROKER,1000,610670.0,SSI-JP-3389,TEST
5338,TRD105337,2026-08-20,SETTLED,INSTRUCTED,ICICI-CUST,2000,1221300.0,SSI-IN-0091,TRAIN
5339,TRD105338,2026-08-08,SETTLED,INSTRUCTED,ICICI-CUST,750,458190.0,SSI-IN-0091,TRAIN
5340,TRD105339,2026-08-20,SETTLED,INSTRUCTED,MORGANSTANLEY-BROKER,750,1461787.5,SSI-US-7742,TRAIN
5341,TRD105340,2026-08-04,SETTLED,INSTRUCTED,HDFC-CUST,200,247624.0,SSI-IN-0147,TRAIN
5342,TRD105341,2026-08-11,SETTLED,INSTRUCTED,HDFC-CUST,500,86295.0,SSI-IN-0147,TRAIN
5343,TRD105342,2026-08-07,SETTLED,INSTRUCTED,NOMURA-BROKER,100,189797.0,SSI-JP-3389,TRAIN
5344,TRD105343,2026-08-06,SETTLED,INSTRUCTED,ICICI-CUST,750,353047.5,SSI-IN-0091,TRAIN
5345,TRD105344,2026-08-21,SETTLED,INSTRUCTED,KOTAK-CUST,1500,2533140.0,SSI-IN-0203,TRAIN
5346,TRD105345,2026-08-21,SETTLED,INSTRUCTED,ICICI-CUST,250,117740.0,SSI-IN-0091,TRAIN
5347,TRD105346,2026-08-05,SETTLED,INSTRUCTED,DEUTSCHE-BROKER,1000,471010.0,SSI-DE-5510,TRAIN
5348,TRD105347,2026-08-12,SETTLED,INSTRUCTED,HDFC-CUST,200,122676.0,SSI-IN-0147,TRAIN
5349,TRD105348,2026-08-05,SETTLED,INSTRUCTED,HDFC-CUST,100,369459.0,SSI-IN-0147,TEST
5350,TRD105349,2026-08-13,SETTLED,INSTRUCTED,DEUTSCHE-BROKER,250,42990.0,SSI-DE-5510,TRAIN
5351,TRD105350,2026-08-02,SETTLED,INSTRUCTED,NOMURA-BROKER,250,310335.0,SSI-JP-3389,TRAIN
5352,TRD105351,2026-08-14,SETTLED,INSTRUCTED,DEUTSCHE-BROKER,750,129202.5,SSI-DE-5510,TRAIN
5353,TRD105352,2026-08-06,SETTLED,INSTRUCTED,KOTAK-CUST,250,683037.5,SSI-IN-0203,TEST
5354,TRD105353,2026-08-16,SETTLED,INSTRUCTED,ICICI-CUST,500,945500.0,SSI-IN-0091,TRAIN
5355,TRD105354,2026-08-06,SETTLED,INSTRUCTED,MORGANSTANLEY-BROKER,100,168720.0,SSI-US-7742,TEST
5356,TRD105355,2026-08-17,PENDING,MISSING,KOTAK-CUST,1500,2939655.0,,TRAIN
5357,TRD105356,2026-08-16,SETTLED,INSTRUCTED,NOMURA-BROKER,250,116727.5,SSI-JP-3389,TRAIN
5358,TRD105357,2026-08-03,SETTLED,INSTRUCTED,ICICI-CUST,750,2066257.5,SSI-IN-0091,TRAIN
5359,TRD105358,2026-08-13,SETTLED,INSTRUCTED,ICICI-CUST,100,61268.0,SSI-IN-0091,TRAIN
5360,TRD105359,2026-08-16,SETTLED,INSTRUCTED,HDFC-CUST,250,43020.0,SSI-IN-0147,TRAIN
5361,TRD105360,2026-08-04,PENDING,MISSING,DEUTSCHE-BROKER,1500,2831100.0,,TRAIN
5362,TRD105361,2026-08-09,SETTLED,INSTRUCTED,MORGANSTANLEY-BROKER,1500,705120.0,SSI-US-7742,TEST
5363,TRD105362,2026-08-07,SETTLED,INSTRUCTED,MORGANSTANLEY-BROKER,200,336062.0,SSI-US-7742,TRAIN
5364,TRD105363,2026-08-22,SETTLED,INSTRUCTED,HDFC-CUST,500,982450.0,SSI-IN-0147,TRAIN
5365,TRD105364,2026-08-04,SETTLED,INSTRUCTED,KOTAK-CUST,100,367934.0,SSI-IN-0203,TEST
5366,TRD105365,2026-08-09,SETTLED,INSTRUCTED,ICICI-CUST,2000,1695820.0,SSI-IN-0091,TEST
5367,TRD105366,2026-08-20,SETTLED,INSTRUCTED,MORGANSTANLEY-BROKER,200,826008.0,SSI-US-7742,TRAIN
5368,TRD105367,2026-08-11,FAILED,INCORRECT,NOMURA-BROKER,500,976080.0,SSI-IN-0203,TRAIN
5369,TRD105368,2026-08-22,SETTLED,INSTRUCTED,ICICI-CUST,100,84826.0,SSI-IN-0091,TRAIN
5370,TRD105369,2026-08-19,SETTLED,INSTRUCTED,KOTAK-CUST,100,84749.0,SSI-IN-0203,TRAIN
5371,TRD105370,2026-08-18,SETTLED,INSTRUCTED,DEUTSCHE-BROKER,1000,1674460.0,SSI-DE-5510,TRAIN
5372,TRD105371,2026-08-02,SETTLED,INSTRUCTED,KOTAK-CUST,200,547680.0,SSI-IN-0203,TRAIN
5373,TRD105372,2026-08-13,SETTLED,INSTRUCTED,KOTAK-CUST,750,885652.5,SSI-IN-0203,TRAIN
5374,TRD105373,2026-08-12,SETTLED,INSTRUCTED,ICICI-CUST,1000,172590.0,SSI-IN-0091,TRAIN
5375,TRD105374,2026-08-21,SETTLED,INSTRUCTED,ICICI-CUST,100,61183.0,SSI-IN-0091,TRAIN
5376,TRD105375,2026-08-13,SETTLED,INSTRUCTED,ICICI-CUST,1500,6163080.0,SSI-IN-0091,TRAIN
5377,TRD105376,2026-08-12,SETTLED,INSTRUCTED,ICICI-CUST,1500,1770345.0,SSI-IN-0091,TRAIN
5378,TRD105377,2026-08-21,SETTLED,INSTRUCTED,ICICI-CUST,1500,2519235.0,SSI-IN-0091,TRAIN
5379,TRD105378,2026-08-17,SETTLED,INSTRUCTED,HDFC-CUST,200,248138.0,SSI-IN-0147,TRAIN
5380,TRD105379,2026-08-17,SETTLED,INSTRUCTED,MORGANSTANLEY-BROKER,250,309950.0,SSI-US-7742,TRAIN
5381,TRD105380,2026-08-07,SETTLED,INSTRUCTED,HDFC-CUST,500,306345.0,SSI-IN-0147,TRAIN
5382,TRD105381,2026-08-18,SETTLED,INSTRUCTED,MORGANSTANLEY-BROKER,200,735598.0,SSI-US-7742,TRAIN
5383,TRD105382,2026-08-12,SETTLED,INSTRUCTED,HDFC-CUST,750,9752010.0,SSI-IN-0147,TRAIN
5384,TRD105383,2026-08-12,SETTLED,INSTRUCTED,MORGANSTANLEY-BROKER,250,43087.5,SSI-US-7742,TRAIN
5385,TRD105384,2026-08-08,SETTLED,INSTRUCTED,ICICI-CUST,2000,5512680.0,SSI-IN-0091,TRAIN
5386,TRD105385,2026-08-05,SETTLED,INSTRUCTED,ICICI-CUST,500,588580.0,SSI-IN-0091,TEST
5387,TRD105386,2026-08-12,FAILED,INCORRECT,MORGANSTANLEY-BROKER,100,168050.0,SSI-DE-5510,TRAIN
5388,TRD105387,2026-08-19,SETTLED,INSTRUCTED,ICICI-CUST,500,1429725.0,SSI-IN-0091,TRAIN
5389,TRD105388,2026-08-13,SETTLED,INSTRUCTED,NOMURA-BROKER,1500,913680.0,SSI-JP-3389,TRAIN
5390,TRD105389,2026-08-18,SETTLED,INSTRUCTED,HDFC-CUST,100,17181.0,SSI-IN-0147,TEST
5391,TRD105390,2026-08-04,SETTLED,INSTRUCTED,DEUTSCHE-BROKER,750,455580.0,SSI-DE-5510,TEST
5392,TRD105391,2026-08-04,SETTLED,INSTRUCTED,DEUTSCHE-BROKER,750,2773155.0,SSI-DE-5510,TEST
5393,TRD105392,2026-08-04,SETTLED,INSTRUCTED,KOTAK-CUST,500,974755.0,SSI-IN-0203,TRAIN
5394,TRD105393,2026-08-10,SETTLED,INSTRUCTED,HDFC-CUST,250,420737.5,SSI-IN-0147,TEST
5395,TRD105394,2026-08-11,SETTLED,INSTRUCTED,KOTAK-CUST,500,621790.0,SSI-IN-0203,TRAIN
5396,TRD105395,2026-08-03,FAILED,INCORRECT,ICICI-CUST,1500,4269810.0,SSI-DE-5510,TRAIN
5397,TRD105396,2026-08-11,SETTLED,INSTRUCTED,ICICI-CUST,200,567318.0,SSI-IN-0091,TEST
5398,TRD105397,2026-08-16,SETTLED,INSTRUCTED,MORGANSTANLEY-BROKER,1000,1672960.0,SSI-US-7742,TRAIN
5399,TRD105398,2026-08-06,SETTLED,INSTRUCTED,NOMURA-BROKER,2000,5715820.0,SSI-JP-3389,TEST
5400,TRD105399,2026-08-16,SETTLED,INSTRUCTED,HDFC-CUST,1000,1179340.0,SSI-IN-0147,TRAIN
5401,TRD105400,2026-08-21,PENDING,MISSING,MORGANSTANLEY-BROKER,200,338792.0,,TEST
5402,TRD105401,2026-08-16,SETTLED,INSTRUCTED,KOTAK-CUST,1500,703185.0,SSI-IN-0203,TRAIN
5403,TRD105402,2026-08-04,SETTLED,INSTRUCTED,HDFC-CUST,2000,7357700.0,SSI-IN-0147,TRAIN
5404,TRD105403,2026-08-22,SETTLED,INSTRUCTED,NOMURA-BROKER,500,1842185.0,SSI-JP-3389,TRAIN
5405,TRD105404,2026-08-10,SETTLED,INSTRUCTED,KOTAK-CUST,2000,2474780.0,SSI-IN-0203,TEST
5406,TRD105405,2026-08-15,SETTLED,INSTRUCTED,MORGANSTANLEY-BROKER,1000,847620.0,SSI-US-7742,TRAIN
5407,TRD105406,2026-08-19,SETTLED,INSTRUCTED,MORGANSTANLEY-BROKER,500,6475760.0,SSI-US-7742,TEST
5408,TRD105407,2026-08-03,SETTLED,INSTRUCTED,HDFC-CUST,1500,1775310.0,SSI-IN-0147,TRAIN
5409,TRD105408,2026-08-18,SETTLED,INSTRUCTED,KOTAK-CUST,2000,345960.0,SSI-IN-0203,TRAIN
5410,TRD105409,2026-08-14,SETTLED,INSTRUCTED,NOMURA-BROKER,1000,2738420.0,SSI-JP-3389,TRAIN
5411,TRD105410,2026-08-22,SETTLED,INSTRUCTED,HDFC-CUST,750,636277.5,SSI-IN-0147,TRAIN
5412,TRD105411,2026-08-12,SETTLED,INSTRUCTED,KOTAK-CUST,200,93944.0,SSI-IN-0203,TEST
5413,TRD105412,2026-08-16,SETTLED,INSTRUCTED,ICICI-CUST,1000,1681020.0,SSI-IN-0091,TEST
5414,TRD105413,2026-08-04,SETTLED,INSTRUCTED,KOTAK-CUST,2000,1226360.0,SSI-IN-0203,TEST
5415,TRD105414,2026-08-13,SETTLED,INSTRUCTED,KOTAK-CUST,750,2751442.5,SSI-IN-0203,TRAIN
5416,TRD105415,2026-08-10,SETTLED,INSTRUCTED,KOTAK-CUST,500,1375185.0,SSI-IN-0203,TRAIN
5417,TRD105416,2026-08-18,SETTLED,INSTRUCTED,MORGANSTANLEY-BROKER,1500,4116585.0,SSI-US-7742,TEST
5418,TRD105417,2026-08-03,SETTLED,INSTRUCTED,NOMURA-BROKER,200,550560.0,SSI-JP-3389,TRAIN
5419,TRD105418,2026-08-02,SETTLED,INSTRUCTED,KOTAK-CUST,250,687630.0,SSI-IN-0203,TRAIN
5420,TRD105419,2026-08-07,SETTLED,INSTRUCTED,KOTAK-CUST,200,94236.0,SSI-IN-0203,TRAIN
5421,TRD105420,2026-08-17,SETTLED,INSTRUCTED,MORGANSTANLEY-BROKER,2000,1219080.0,SSI-US-7742,TRAIN
5422,TRD105421,2026-08-11,SETTLED,INSTRUCTED,MORGANSTANLEY-BROKER,100,413940.0,SSI-US-7742,TRAIN
5423,TRD105422,2026-08-10,SETTLED,INSTRUCTED,KOTAK-CUST,200,93800.0,SSI-IN-0203,TRAIN
5424,TRD105423,2026-08-17,SETTLED,INSTRUCTED,ICICI-CUST,750,1414897.5,SSI-IN-0091,TEST
5425,TRD105424,2026-08-02,SETTLED,INSTRUCTED,ICICI-CUST,200,93418.0,SSI-IN-0091,TRAIN
5426,TRD105425,2026-08-07,SETTLED,INSTRUCTED,KOTAK-CUST,100,273821.0,SSI-IN-0203,TEST
5427,TRD105426,2026-08-09,SETTLED,INSTRUCTED,ICICI-CUST,750,458490.0,SSI-IN-0091,TRAIN
5428,TRD105427,2026-08-15,PENDING,MISSING,MORGANSTANLEY-BROKER,750,1422547.5,,TRAIN
5429,TRD105428,2026-08-22,SETTLED,INSTRUCTED,ICICI-CUST,100,118326.0,SSI-IN-0091,TRAIN
5430,TRD105429,2026-08-16,SETTLED,INSTRUCTED,MORGANSTANLEY-BROKER,200,738258.0,SSI-US-7742,TRAIN
5431,TRD105430,2026-08-02,SETTLED,INSTRUCTED,KOTAK-CUST,250,421685.0,SSI-IN-0203,TRAIN
5432,TRD105431,2026-08-18,SETTLED,INSTRUCTED,DEUTSCHE-BROKER,500,85845.0,SSI-DE-5510,TRAIN
5433,TRD105432,2026-08-10,SETTLED,INSTRUCTED,KOTAK-CUST,500,941215.0,SSI-IN-0203,TRAIN
5434,TRD105433,2026-08-13,SETTLED,INSTRUCTED,MORGANSTANLEY-BROKER,200,821398.0,SSI-US-7742,TRAIN
5435,TRD105434,2026-08-09,PENDING,MISSING,DEUTSCHE-BROKER,100,284325.0,,TRAIN
5436,TRD105435,2026-08-14,SETTLED,INSTRUCTED,NOMURA-BROKER,250,152365.0,SSI-JP-3389,TRAIN
5437,TRD105436,2026-08-06,SETTLED,INSTRUCTED,KOTAK-CUST,1000,2842230.0,SSI-IN-0203,TRAIN
5438,TRD105437,2026-08-12,SETTLED,INSTRUCTED,KOTAK-CUST,200,333610.0,SSI-IN-0203,TRAIN
5439,TRD105438,2026-08-02,SETTLED,INSTRUCTED,DEUTSCHE-BROKER,100,412652.0,SSI-DE-5510,TRAIN
5440,TRD105439,2026-08-22,SETTLED,INSTRUCTED,MORGANSTANLEY-BROKER,500,2065260.0,SSI-US-7742,TEST
5441,TRD105440,2026-08-06,SETTLED,INSTRUCTED,HDFC-CUST,100,274177.0,SSI-IN-0147,TRAIN
5442,TRD105441,2026-08-15,SETTLED,INSTRUCTED,DEUTSCHE-BROKER,250,310655.0,SSI-DE-5510,TRAIN
5443,TRD105442,2026-08-06,SETTLED,INSTRUCTED,KOTAK-CUST,500,6493930.0,SSI-IN-0203,TRAIN
5444,TRD105443,2026-08-12,SETTLED,INSTRUCTED,NOMURA-BROKER,1500,6156930.0,SSI-JP-3389,TEST
5445,TRD105444,2026-08-04,SETTLED,INSTRUCTED,MORGANSTANLEY-BROKER,250,152455.0,SSI-US-7742,TEST
5446,TRD105445,2026-08-12,SETTLED,INSTRUCTED,MORGANSTANLEY-BROKER,500,422540.0,SSI-US-7742,TRAIN
5447,TRD105446,2026-08-21,SETTLED,INSTRUCTED,KOTAK-CUST,250,922060.0,SSI-IN-0203,TRAIN
5448,TRD105447,2026-08-07,SETTLED,INSTRUCTED,HDFC-CUST,750,934950.0,SSI-IN-0147,TRAIN
5449,TRD105448,2026-08-13,SETTLED,INSTRUCTED,MORGANSTANLEY-BROKER,1000,846390.0,SSI-US-7742,TRAIN
5450,TRD105449,2026-08-07,SETTLED,INSTRUCTED,MORGANSTANLEY-BROKER,1000,1963050.0,SSI-US-7742,TEST
5451,TRD105450,2026-08-17,SETTLED,INSTRUCTED,NOMURA-BROKER,2000,5690520.0,SSI-JP-3389,TEST
5452,TRD105451,2026-08-11,SETTLED,INSTRUCTED,HDFC-CUST,500,1370890.0,SSI-IN-0147,TEST
5453,TRD105452,2026-08-17,SETTLED,INSTRUCTED,KOTAK-CUST,2000,2481400.0,SSI-IN-0203,TRAIN
5454,TRD105453,2026-08-20,SETTLED,INSTRUCTED,HDFC-CUST,1500,1766205.0,SSI-IN-0147,TEST
5455,TRD105454,2026-08-03,SETTLED,INSTRUCTED,DEUTSCHE-BROKER,750,1271692.5,SSI-DE-5510,TRAIN
5456,TRD105455,2026-08-19,SETTLED,INSTRUCTED,DEUTSCHE-BROKER,250,294737.5,SSI-DE-5510,TRAIN
5457,TRD105456,2026-08-17,SETTLED,INSTRUCTED,DEUTSCHE-BROKER,1000,848160.0,SSI-DE-5510,TRAIN
5458,TRD105457,2026-08-14,FAILED,INCORRECT,ICICI-CUST,750,129532.5,SSI-DE-5510,TRAIN
5459,TRD105458,2026-08-10,SETTLED,INSTRUCTED,ICICI-CUST,100,413665.0,SSI-IN-0091,TRAIN
5460,TRD105459,2026-08-13,SETTLED,INSTRUCTED,NOMURA-BROKER,1000,12947980.0,SSI-JP-3389,TRAIN
5461,TRD105460,2026-08-03,SETTLED,INSTRUCTED,MORGANSTANLEY-BROKER,200,571558.0,SSI-US-7742,TRAIN
5462,TRD105461,2026-08-16,PENDING,MISSING,MORGANSTANLEY-BROKER,750,9731955.0,,TRAIN
5463,TRD105462,2026-08-05,SETTLED,INSTRUCTED,NOMURA-BROKER,1000,1893480.0,SSI-JP-3389,TRAIN
5464,TRD105463,2026-08-03,SETTLED,INSTRUCTED,HDFC-CUST,200,335662.0,SSI-IN-0147,TRAIN
5465,TRD105464,2026-08-20,SETTLED,INSTRUCTED,KOTAK-CUST,500,1428805.0,SSI-IN-0203,TRAIN
5466,TRD105465,2026-08-20,SETTLED,INSTRUCTED,KOTAK-CUST,250,310075.0,SSI-IN-0203,TRAIN
5467,TRD105466,2026-08-17,SETTLED,INSTRUCTED,MORGANSTANLEY-BROKER,200,339048.0,SSI-US-7742,TRAIN
5468,TRD105467,2026-08-11,SETTLED,INSTRUCTED,MORGANSTANLEY-BROKER,750,457012.5,SSI-US-7742,TRAIN
5469,TRD105468,2026-08-05,SETTLED,INSTRUCTED,HDFC-CUST,2000,26020500.0,SSI-IN-0147,TRAIN
5470,TRD105469,2026-08-14,PENDING,INSTRUCTED,NOMURA-BROKER,200,122062.0,SSI-JP-3389,TRAIN
5471,TRD105470,2026-08-06,SETTLED,INSTRUCTED,HDFC-CUST,200,122106.0,SSI-IN-0147,TRAIN
5472,TRD105471,2026-08-08,SETTLED,INSTRUCTED,DEUTSCHE-BROKER,500,946090.0,SSI-DE-5510,TEST
5473,TRD105472,2026-08-10,SETTLED,INSTRUCTED,NOMURA-BROKER,200,337950.0,SSI-JP-3389,TEST
5474,TRD105473,2026-08-14,SETTLED,INSTRUCTED,KOTAK-CUST,750,2142757.5,SSI-IN-0203,TRAIN
5475,TRD105474,2026-08-09,SETTLED,INSTRUCTED,MORGANSTANLEY-BROKER,250,1030727.5,SSI-US-7742,TRAIN
5476,TRD105475,2026-08-06,SETTLED,INSTRUCTED,NOMURA-BROKER,1000,2836430.0,SSI-JP-3389,TRAIN
5477,TRD105476,2026-08-11,SETTLED,INSTRUCTED,NOMURA-BROKER,2000,5716680.0,SSI-JP-3389,TEST
5478,TRD105477,2026-08-15,SETTLED,INSTRUCTED,DEUTSCHE-BROKER,250,472302.5,SSI-DE-5510,TRAIN
5479,TRD105478,2026-08-12,SETTLED,INSTRUCTED,NOMURA-BROKER,500,946330.0,SSI-JP-3389,TRAIN
5480,TRD105479,2026-08-17,SETTLED,INSTRUCTED,HDFC-CUST,500,86500.0,SSI-IN-0147,TRAIN
5481,TRD105480,2026-08-22,PENDING,INSTRUCTED,HDFC-CUST,500,1842060.0,SSI-IN-0147,TRAIN
5482,TRD105481,2026-08-14,SETTLED,INSTRUCTED,ICICI-CUST,100,410064.0,SSI-IN-0091,TRAIN
5483,TRD105482,2026-08-08,SETTLED,INSTRUCTED,NOMURA-BROKER,250,683432.5,SSI-JP-3389,TRAIN
5484,TRD105483,2026-08-12,FAILED,INCORRECT,HDFC-CUST,1500,259890.0,SSI-JP-3389,TRAIN
5485,TRD105484,2026-08-05,SETTLED,INSTRUCTED,ICICI-CUST,1000,845400.0,SSI-IN-0091,TRAIN
5486,TRD105485,2026-08-16,SETTLED,INSTRUCTED,HDFC-CUST,500,1419055.0,SSI-IN-0147,TRAIN
5487,TRD105486,2026-08-09,SETTLED,INSTRUCTED,DEUTSCHE-BROKER,2000,5708000.0,SSI-DE-5510,TEST
5488,TRD105487,2026-08-08,SETTLED,INSTRUCTED,KOTAK-CUST,250,1031345.0,SSI-IN-0203,TRAIN
5489,TRD105488,2026-08-07,PENDING,MISSING,NOMURA-BROKER,1000,3663650.0,,TEST
5490,TRD105489,2026-08-15,SETTLED,INSTRUCTED,MORGANSTANLEY-BROKER,100,118055.0,SSI-US-7742,TRAIN
5491,TRD105490,2026-08-07,SETTLED,INSTRUCTED,ICICI-CUST,100,117992.0,SSI-IN-0091,TRAIN
5492,TRD105491,2026-08-05,SETTLED,INSTRUCTED,MORGANSTANLEY-BROKER,250,3259400.0,SSI-US-7742,TRAIN
5493,TRD105492,2026-08-22,SETTLED,INSTRUCTED,NOMURA-BROKER,500,946060.0,SSI-JP-3389,TRAIN
5494,TRD105493,2026-08-08,SETTLED,INSTRUCTED,ICICI-CUST,100,273548.0,SSI-IN-0091,TRAIN
5495,TRD105494,2026-08-16,SETTLED,INSTRUCTED,MORGANSTANLEY-BROKER,200,169052.0,SSI-US-7742,TRAIN
5496,TRD105495,2026-08-19,SETTLED,INSTRUCTED,MORGANSTANLEY-BROKER,500,940555.0,SSI-US-7742,TRAIN
5497,TRD105496,2026-08-11,SETTLED,INSTRUCTED,ICICI-CUST,100,1303010.0,SSI-IN-0091,TRAIN
5498,TRD105497,2026-08-11,SETTLED,INSTRUCTED,ICICI-CUST,250,715865.0,SSI-IN-0091,TRAIN
5499,TRD105498,2026-08-19,SETTLED,INSTRUCTED,DEUTSCHE-BROKER,2000,5701760.0,SSI-DE-5510,TRAIN
5500,TRD105499,2026-08-19,SETTLED,INSTRUCTED,KOTAK-CUST,2000,7347380.0,SSI-IN-0203,TRAIN
5501,TRD105500,2026-08-03,SETTLED,INSTRUCTED,KOTAK-CUST,200,235586.0,SSI-IN-0203,TRAIN
5502,TRD105501,2026-08-21,SETTLED,INSTRUCTED,KOTAK-CUST,500,86130.0,SSI-IN-0203,TRAIN
5503,TRD105502,2026-08-12,SETTLED,INSTRUCTED,ICICI-CUST,250,117227.5,SSI-IN-0091,TEST
5504,TRD105503,2026-08-09,SETTLED,INSTRUCTED,NOMURA-BROKER,250,683237.5,SSI-JP-3389,TRAIN
5505,TRD105504,2026-08-10,SETTLED,INSTRUCTED,DEUTSCHE-BROKER,100,17276.0,SSI-DE-5510,TRAIN
5506,TRD105505,2026-08-08,FAILED,INCORRECT,KOTAK-CUST,1500,701670.0,SSI-US-7742,TEST
5507,TRD105506,2026-08-14,SETTLED,INSTRUCTED,DEUTSCHE-BROKER,1500,6198690.0,SSI-DE-5510,TRAIN
5508,TRD105507,2026-08-14,SETTLED,INSTRUCTED,MORGANSTANLEY-BROKER,1500,703800.0,SSI-US-7742,TRAIN
5509,TRD105508,2026-08-04,SETTLED,INSTRUCTED,ICICI-CUST,200,249296.0,SSI-IN-0091,TRAIN
5510,TRD105509,2026-08-11,SETTLED,INSTRUCTED,ICICI-CUST,250,117785.0,SSI-IN-0091,TRAIN
5511,TRD105510,2026-08-12,SETTLED,INSTRUCTED,HDFC-CUST,2000,3912880.0,SSI-IN-0147,TRAIN
5512,TRD105511,2026-08-10,SETTLED,INSTRUCTED,MORGANSTANLEY-BROKER,200,572762.0,SSI-US-7742,TRAIN
5513,TRD105512,2026-08-21,SETTLED,INSTRUCTED,MORGANSTANLEY-BROKER,750,1265977.5,SSI-US-7742,TRAIN
5514,TRD105513,2026-08-10,SETTLED,INSTRUCTED,DEUTSCHE-BROKER,2000,3351960.0,SSI-DE-5510,TRAIN
5515,TRD105514,2026-08-08,SETTLED,INSTRUCTED,DEUTSCHE-BROKER,2000,5708320.0,SSI-DE-5510,TRAIN
5516,TRD105515,2026-08-20,SETTLED,INSTRUCTED,HDFC-CUST,2000,5484240.0,SSI-IN-0147,TRAIN
5517,TRD105516,2026-08-09,SETTLED,INSTRUCTED,NOMURA-BROKER,100,275476.0,SSI-JP-3389,TRAIN
5518,TRD105517,2026-08-05,SETTLED,INSTRUCTED,HDFC-CUST,1000,1679830.0,SSI-IN-0147,TRAIN
5519,TRD105518,2026-08-04,SETTLED,INSTRUCTED,HDFC-CUST,2000,346600.0,SSI-IN-0147,TRAIN
5520,TRD105519,2026-08-18,SETTLED,INSTRUCTED,MORGANSTANLEY-BROKER,1000,2849300.0,SSI-US-7742,TRAIN
5521,TRD105520,2026-08-11,SETTLED,INSTRUCTED,HDFC-CUST,500,421285.0,SSI-IN-0147,TEST
5522,TRD105521,2026-08-19,SETTLED,INSTRUCTED,NOMURA-BROKER,100,168206.0,SSI-JP-3389,TRAIN
5523,TRD105522,2026-08-08,SETTLED,INSTRUCTED,DEUTSCHE-BROKER,2000,345980.0,SSI-DE-5510,TRAIN
5524,TRD105523,2026-08-10,SETTLED,INSTRUCTED,ICICI-CUST,500,1430980.0,SSI-IN-0091,TRAIN
5525,TRD105524,2026-08-18,SETTLED,INSTRUCTED,KOTAK-CUST,500,421215.0,SSI-IN-0203,TRAIN
5526,TRD105525,2026-08-16,SETTLED,INSTRUCTED,ICICI-CUST,2000,2369140.0,SSI-IN-0091,TRAIN
5527,TRD105526,2026-08-10,SETTLED,INSTRUCTED,DEUTSCHE-BROKER,100,168237.0,SSI-DE-5510,TRAIN
5528,TRD105527,2026-08-16,SETTLED,INSTRUCTED,ICICI-CUST,500,1369335.0,SSI-IN-0091,TRAIN
5529,TRD105528,2026-08-17,SETTLED,INSTRUCTED,KOTAK-CUST,200,122350.0,SSI-IN-0203,TRAIN
5530,TRD105529,2026-08-22,SETTLED,INSTRUCTED,DEUTSCHE-BROKER,2000,3366680.0,SSI-DE-5510,TRAIN
5531,TRD105530,2026-08-13,SETTLED,INSTRUCTED,DEUTSCHE-BROKER,250,424185.0,SSI-DE-5510,TRAIN
5532,TRD105531,2026-08-10,SETTLED,INSTRUCTED,KOTAK-CUST,100,1301103.0,SSI-IN-0203,TRAIN
5533,TRD105532,2026-08-19,SETTLED,INSTRUCTED,NOMURA-BROKER,250,1028030.0,SSI-JP-3389,TEST
5534,TRD105533,2026-08-18,SETTLED,INSTRUCTED,KOTAK-CUST,750,3080377.5,SSI-IN-0203,TRAIN
5535,TRD105534,2026-08-22,SETTLED,INSTRUCTED,MORGANSTANLEY-BROKER,200,248720.0,SSI-US-7742,TRAIN
5536,TRD105535,2026-08-20,SETTLED,INSTRUCTED,HDFC-CUST,500,846965.0,SSI-IN-0147,TRAIN
5537,TRD105536,2026-08-20,SETTLED,INSTRUCTED,MORGANSTANLEY-BROKER,500,947170.0,SSI-US-7742,TEST
5538,TRD105537,2026-08-05,SETTLED,INSTRUCTED,HDFC-CUST,100,84149.0,SSI-IN-0147,TRAIN
5539,TRD105538,2026-08-10,SETTLED,INSTRUCTED,KOTAK-CUST,750,934770.0,SSI-IN-0203,TRAIN
5540,TRD105539,2026-08-10,SETTLED,INSTRUCTED,ICICI-CUST,2000,343420.0,SSI-IN-0091,TRAIN
5541,TRD105540,2026-08-15,SETTLED,INSTRUCTED,MORGANSTANLEY-BROKER,100,168696.0,SSI-US-7742,TRAIN
5542,TRD105541,2026-08-12,SETTLED,INSTRUCTED,KOTAK-CUST,200,34456.0,SSI-IN-0203,TRAIN
5543,TRD105542,2026-08-15,SETTLED,INSTRUCTED,KOTAK-CUST,2000,940160.0,SSI-IN-0203,TRAIN
5544,TRD105543,2026-08-17,SETTLED,INSTRUCTED,DEUTSCHE-BROKER,1500,2544765.0,SSI-DE-5510,TEST
5545,TRD105544,2026-08-12,SETTLED,INSTRUCTED,NOMURA-BROKER,100,189030.0,SSI-JP-3389,TRAIN
5546,TRD105545,2026-08-07,SETTLED,INSTRUCTED,ICICI-CUST,1000,1245520.0,SSI-IN-0091,TRAIN
5547,TRD105546,2026-08-19,SETTLED,INSTRUCTED,MORGANSTANLEY-BROKER,750,2139442.5,SSI-US-7742,TRAIN
5548,TRD105547,2026-08-16,SETTLED,INSTRUCTED,KOTAK-CUST,2000,2372200.0,SSI-IN-0203,TRAIN
5549,TRD105548,2026-08-04,SETTLED,INSTRUCTED,NOMURA-BROKER,250,470235.0,SSI-JP-3389,TRAIN
5550,TRD105549,2026-08-19,SETTLED,INSTRUCTED,DEUTSCHE-BROKER,250,423000.0,SSI-DE-5510,TEST
5551,TRD105550,2026-08-14,SETTLED,INSTRUCTED,DEUTSCHE-BROKER,750,2049615.0,SSI-DE-5510,TRAIN
5552,TRD105551,2026-08-03,SETTLED,INSTRUCTED,HDFC-CUST,1500,2528055.0,SSI-IN-0147,TRAIN
5553,TRD105552,2026-08-04,SETTLED,INSTRUCTED,MORGANSTANLEY-BROKER,500,617645.0,SSI-US-7742,TRAIN
5554,TRD105553,2026-08-05,SETTLED,INSTRUCTED,ICICI-CUST,100,168185.0,SSI-IN-0091,TRAIN
5555,TRD105554,2026-08-19,SETTLED,INSTRUCTED,KOTAK-CUST,1000,1686200.0,SSI-IN-0203,TRAIN
5556,TRD105555,2026-08-11,SETTLED,INSTRUCTED,KOTAK-CUST,1000,842500.0,SSI-IN-0203,TRAIN
5557,TRD105556,2026-08-08,SETTLED,INSTRUCTED,DEUTSCHE-BROKER,1000,4103230.0,SSI-DE-5510,TRAIN
5558,TRD105557,2026-08-18,SETTLED,INSTRUCTED,HDFC-CUST,2000,1694700.0,SSI-IN-0147,TRAIN
5559,TRD105558,2026-08-19,SETTLED,INSTRUCTED,HDFC-CUST,2000,346480.0,SSI-IN-0147,TRAIN
5560,TRD105559,2026-08-14,SETTLED,INSTRUCTED,DEUTSCHE-BROKER,500,976170.0,SSI-DE-5510,TRAIN
5561,TRD105560,2026-08-19,SETTLED,INSTRUCTED,NOMURA-BROKER,500,980860.0,SSI-JP-3389,TRAIN
5562,TRD105561,2026-08-22,SETTLED,INSTRUCTED,MORGANSTANLEY-BROKER,750,1460445.0,SSI-US-7742,TRAIN
5563,TRD105562,2026-08-05,SETTLED,INSTRUCTED,MORGANSTANLEY-BROKER,1500,2945400.0,SSI-US-7742,TRAIN
5564,TRD105563,2026-08-21,SETTLED,INSTRUCTED,KOTAK-CUST,750,1422840.0,SSI-IN-0203,TEST
5565,TRD105564,2026-08-14,SETTLED,INSTRUCTED,NOMURA-BROKER,250,152727.5,SSI-JP-3389,TRAIN
5566,TRD105565,2026-08-17,FAILED,INCORRECT,MORGANSTANLEY-BROKER,1000,1696090.0,SSI-IN-0203,TEST
5567,TRD105566,2026-08-21,SETTLED,INSTRUCTED,ICICI-CUST,2000,3382980.0,SSI-IN-0091,TRAIN
5568,TRD105567,2026-08-21,SETTLED,INSTRUCTED,ICICI-CUST,2000,3792440.0,SSI-IN-0091,TRAIN
5569,TRD105568,2026-08-16,SETTLED,INSTRUCTED,HDFC-CUST,100,1293949.0,SSI-IN-0147,TRAIN
5570,TRD105569,2026-08-20,SETTLED,INSTRUCTED,ICICI-CUST,1000,4126390.0,SSI-IN-0091,TEST
5571,TRD105570,2026-08-11,SETTLED,INSTRUCTED,NOMURA-BROKER,1500,912525.0,SSI-JP-3389,TRAIN
5572,TRD105571,2026-08-05,PENDING,MISSING,DEUTSCHE-BROKER,250,152055.0,,TRAIN
5573,TRD105572,2026-08-09,SETTLED,INSTRUCTED,MORGANSTANLEY-BROKER,500,846315.0,SSI-US-7742,TRAIN
5574,TRD105573,2026-08-06,SETTLED,INSTRUCTED,DEUTSCHE-BROKER,250,711115.0,SSI-DE-5510,TRAIN
5575,TRD105574,2026-08-02,SETTLED,INSTRUCTED,HDFC-CUST,200,336562.0,SSI-IN-0147,TRAIN
5576,TRD105575,2026-08-21,SETTLED,INSTRUCTED,MORGANSTANLEY-BROKER,1000,849360.0,SSI-US-7742,TRAIN
5577,TRD105576,2026-08-03,SETTLED,INSTRUCTED,HDFC-CUST,750,1472550.0,SSI-IN-0147,TRAIN
5578,TRD105577,2026-08-10,SETTLED,INSTRUCTED,KOTAK-CUST,1000,1667650.0,SSI-IN-0203,TEST
5579,TRD105578,2026-08-18,SETTLED,INSTRUCTED,ICICI-CUST,500,306525.0,SSI-IN-0091,TRAIN
5580,TRD105579,2026-08-11,SETTLED,INSTRUCTED,HDFC-CUST,750,1414462.5,SSI-IN-0147,TRAIN
5581,TRD105580,2026-08-05,SETTLED,INSTRUCTED,NOMURA-BROKER,100,17239.0,SSI-JP-3389,TEST
5582,TRD105581,2026-08-09,SETTLED,INSTRUCTED,HDFC-CUST,1000,1959660.0,SSI-IN-0147,TEST
5583,TRD105582,2026-08-13,SETTLED,INSTRUCTED,KOTAK-CUST,500,977750.0,SSI-IN-0203,TRAIN
5584,TRD105583,2026-08-16,SETTLED,INSTRUCTED,KOTAK-CUST,200,337868.0,SSI-IN-0203,TEST
5585,TRD105584,2026-08-05,SETTLED,INSTRUCTED,KOTAK-CUST,1000,843990.0,SSI-IN-0203,TRAIN
5586,TRD105585,2026-08-05,SETTLED,INSTRUCTED,KOTAK-CUST,1500,2832795.0,SSI-IN-0203,TRAIN
5587,TRD105586,2026-08-07,SETTLED,INSTRUCTED,DEUTSCHE-BROKER,250,687135.0,SSI-DE-5510,TRAIN
5588,TRD105587,2026-08-22,SETTLED,INSTRUCTED,ICICI-CUST,1000,4102570.0,SSI-IN-0091,TEST
5589,TRD105588,2026-08-20,FAILED,INCORRECT,ICICI-CUST,500,6498865.0,SSI-IN-0147,TRAIN
5590,TRD105589,2026-08-11,SETTLED,INSTRUCTED,DEUTSCHE-BROKER,1000,468920.0,SSI-DE-5510,TEST
5591,TRD105590,2026-08-21,SETTLED,INSTRUCTED,MORGANSTANLEY-BROKER,200,336150.0,SSI-US-7742,TEST
5592,TRD105591,2026-08-05,SETTLED,INSTRUCTED,HDFC-CUST,200,93956.0,SSI-IN-0147,TEST
5593,TRD105592,2026-08-13,SETTLED,INSTRUCTED,KOTAK-CUST,500,590525.0,SSI-IN-0203,TRAIN
5594,TRD105593,2026-08-04,SETTLED,INSTRUCTED,DEUTSCHE-BROKER,250,308910.0,SSI-DE-5510,TRAIN
5595,TRD105594,2026-08-12,SETTLED,INSTRUCTED,MORGANSTANLEY-BROKER,1500,4290990.0,SSI-US-7742,TRAIN
5596,TRD105595,2026-08-08,SETTLED,INSTRUCTED,DEUTSCHE-BROKER,750,2145022.5,SSI-DE-5510,TRAIN
5597,TRD105596,2026-08-08,SETTLED,INSTRUCTED,HDFC-CUST,750,1265137.5,SSI-IN-0147,TEST
5598,TRD105597,2026-08-02,SETTLED,INSTRUCTED,NOMURA-BROKER,250,309135.0,SSI-JP-3389,TRAIN
5599,TRD105598,2026-08-16,SETTLED,INSTRUCTED,DEUTSCHE-BROKER,250,487287.5,SSI-DE-5510,TRAIN
5600,TRD105599,2026-08-22,FAILED,INCORRECT,MORGANSTANLEY-BROKER,2000,3780920.0,SSI-IN-0147,TRAIN
5601,TRD105600,2026-08-21,SETTLED,INSTRUCTED,HDFC-CUST,2000,3896000.0,SSI-IN-0147,TRAIN
5602,TRD105601,2026-08-20,SETTLED,INSTRUCTED,ICICI-CUST,100,166706.0,SSI-IN-0091,TRAIN
5603,TRD105602,2026-08-15,FAILED,INCORRECT,NOMURA-BROKER,250,418137.5,SSI-IN-0091,TEST
5604,TRD105603,2026-08-13,SETTLED,INSTRUCTED,MORGANSTANLEY-BROKER,1000,172080.0,SSI-US-7742,TRAIN
5605,TRD105604,2026-08-11,SETTLED,INSTRUCTED,DEUTSCHE-BROKER,250,117287.5,SSI-DE-5510,TRAIN
5606,TRD105605,2026-08-22,SETTLED,INSTRUCTED,HDFC-CUST,750,933420.0,SSI-IN-0147,TRAIN
5607,TRD105606,2026-08-13,SETTLED,INSTRUCTED,NOMURA-BROKER,750,459225.0,SSI-JP-3389,TRAIN
5608,TRD105607,2026-08-15,SETTLED,INSTRUCTED,NOMURA-BROKER,200,2591696.0,SSI-JP-3389,TRAIN
5609,TRD105608,2026-08-08,SETTLED,INSTRUCTED,KOTAK-CUST,2000,8226060.0,SSI-IN-0203,TRAIN
5610,TRD105609,2026-08-14,SETTLED,INSTRUCTED,KOTAK-CUST,2000,8232920.0,SSI-IN-0203,TRAIN
5611,TRD105610,2026-08-22,PENDING,MISSING,HDFC-CUST,1500,1262220.0,,TRAIN
5612,TRD105611,2026-08-20,SETTLED,INSTRUCTED,DEUTSCHE-BROKER,1000,608230.0,SSI-DE-5510,TRAIN
5613,TRD105612,2026-08-20,SETTLED,INSTRUCTED,HDFC-CUST,250,486912.5,SSI-IN-0147,TRAIN
5614,TRD105613,2026-08-12,SETTLED,INSTRUCTED,KOTAK-CUST,200,169512.0,SSI-IN-0203,TEST
5615,TRD105614,2026-08-06,SETTLED,INSTRUCTED,HDFC-CUST,500,6486960.0,SSI-IN-0147,TRAIN
5616,TRD105615,2026-08-11,SETTLED,INSTRUCTED,HDFC-CUST,100,168656.0,SSI-IN-0147,TRAIN
5617,TRD105616,2026-08-17,SETTLED,INSTRUCTED,ICICI-CUST,100,166992.0,SSI-IN-0091,TRAIN
5618,TRD105617,2026-08-20,SETTLED,INSTRUCTED,MORGANSTANLEY-BROKER,2000,5472260.0,SSI-US-7742,TRAIN
5619,TRD105618,2026-08-06,SETTLED,INSTRUCTED,KOTAK-CUST,500,1423280.0,SSI-IN-0203,TRAIN
5620,TRD105619,2026-08-11,SETTLED,INSTRUCTED,MORGANSTANLEY-BROKER,1000,1881470.0,SSI-US-7742,TRAIN
5621,TRD105620,2026-08-15,SETTLED,INSTRUCTED,NOMURA-BROKER,750,2747017.5,SSI-JP-3389,TEST
5622,TRD105621,2026-08-16,SETTLED,INSTRUCTED,MORGANSTANLEY-BROKER,100,118522.0,SSI-US-7742,TRAIN
5623,TRD105622,2026-08-21,SETTLED,INSTRUCTED,ICICI-CUST,2000,5485860.0,SSI-IN-0091,TRAIN
5624,TRD105623,2026-08-14,SETTLED,INSTRUCTED,DEUTSCHE-BROKER,250,918295.0,SSI-DE-5510,TRAIN
5625,TRD105624,2026-08-09,SETTLED,INSTRUCTED,DEUTSCHE-BROKER,750,886852.5,SSI-DE-5510,TRAIN
5626,TRD105625,2026-08-13,SETTLED,INSTRUCTED,NOMURA-BROKER,1500,2512935.0,SSI-JP-3389,TEST
5627,TRD105626,2026-08-22,SETTLED,INSTRUCTED,DEUTSCHE-BROKER,250,211050.0,SSI-DE-5510,TRAIN
5628,TRD105627,2026-08-20,SETTLED,INSTRUCTED,HDFC-CUST,250,685555.0,SSI-IN-0147,TRAIN
5629,TRD105628,2026-08-07,SETTLED,INSTRUCTED,DEUTSCHE-BROKER,2000,1695160.0,SSI-DE-5510,TRAIN
5630,TRD105629,2026-08-21,SETTLED,INSTRUCTED,NOMURA-BROKER,1500,919380.0,SSI-JP-3389,TRAIN
5631,TRD105630,2026-08-08,PENDING,MISSING,NOMURA-BROKER,750,2137177.5,,TRAIN
5632,TRD105631,2026-08-15,SETTLED,INSTRUCTED,DEUTSCHE-BROKER,750,1472280.0,SSI-DE-5510,TEST
5633,TRD105632,2026-08-11,PENDING,MISSING,MORGANSTANLEY-BROKER,1000,2839100.0,,TRAIN
5634,TRD105633,2026-08-18,SETTLED,INSTRUCTED,DEUTSCHE-BROKER,100,369783.0,SSI-DE-5510,TRAIN
5635,TRD105634,2026-08-21,SETTLED,INSTRUCTED,HDFC-CUST,2000,5515500.0,SSI-IN-0147,TRAIN
5636,TRD105635,2026-08-09,SETTLED,INSTRUCTED,NOMURA-BROKER,750,888637.5,SSI-JP-3389,TEST
5637,TRD105636,2026-08-12,SETTLED,INSTRUCTED,DEUTSCHE-BROKER,1500,5526930.0,SSI-DE-5510,TRAIN
5638,TRD105637,2026-08-19,SETTLED,INSTRUCTED,MORGANSTANLEY-BROKER,750,1463445.0,SSI-US-7742,TEST
5639,TRD105638,2026-08-19,SETTLED,INSTRUCTED,ICICI-CUST,200,2597154.0,SSI-IN-0091,TRAIN
5640,TRD105639,2026-08-15,SETTLED,INSTRUCTED,MORGANSTANLEY-BROKER,500,588755.0,SSI-US-7742,TRAIN
5641,TRD105640,2026-08-17,SETTLED,INSTRUCTED,MORGANSTANLEY-BROKER,500,977790.0,SSI-US-7742,TRAIN
5642,TRD105641,2026-08-02,SETTLED,INSTRUCTED,ICICI-CUST,250,1026685.0,SSI-IN-0091,TRAIN
5643,TRD105642,2026-08-02,SETTLED,INSTRUCTED,NOMURA-BROKER,1000,4107580.0,SSI-JP-3389,TRAIN
5644,TRD105643,2026-08-08,SETTLED,INSTRUCTED,ICICI-CUST,200,235728.0,SSI-IN-0091,TRAIN
5645,TRD105644,2026-08-08,SETTLED,INSTRUCTED,NOMURA-BROKER,1500,19496700.0,SSI-JP-3389,TRAIN
5646,TRD105645,2026-08-07,SETTLED,INSTRUCTED,ICICI-CUST,100,274817.0,SSI-IN-0091,TRAIN
5647,TRD105646,2026-08-19,SETTLED,INSTRUCTED,MORGANSTANLEY-BROKER,250,710802.5,SSI-US-7742,TRAIN
5648,TRD105647,2026-08-07,SETTLED,INSTRUCTED,MORGANSTANLEY-BROKER,100,189661.0,SSI-US-7742,TEST
5649,TRD105648,2026-08-16,SETTLED,INSTRUCTED,DEUTSCHE-BROKER,500,85880.0,SSI-DE-5510,TRAIN
5650,TRD105649,2026-08-02,SETTLED,INSTRUCTED,NOMURA-BROKER,100,17160.0,SSI-JP-3389,TRAIN
5651,TRD105650,2026-08-08,SETTLED,INSTRUCTED,HDFC-CUST,1500,705945.0,SSI-IN-0147,TRAIN
5652,TRD105651,2026-08-08,SETTLED,INSTRUCTED,MORGANSTANLEY-BROKER,500,1835605.0,SSI-US-7742,TEST
5653,TRD105652,2026-08-17,PENDING,MISSING,KOTAK-CUST,200,168804.0,,TRAIN
5654,TRD105653,2026-08-03,SETTLED,INSTRUCTED,NOMURA-BROKER,2000,8280760.0,SSI-JP-3389,TEST
5655,TRD105654,2026-08-07,SETTLED,INSTRUCTED,ICICI-CUST,2000,3767020.0,SSI-IN-0091,TEST
5656,TRD105655,2026-08-18,SETTLED,INSTRUCTED,ICICI-CUST,500,1427485.0,SSI-IN-0091,TRAIN
5657,TRD105656,2026-08-08,SETTLED,INSTRUCTED,HDFC-CUST,200,389884.0,SSI-IN-0147,TRAIN
5658,TRD105657,2026-08-21,SETTLED,INSTRUCTED,NOMURA-BROKER,100,194641.0,SSI-JP-3389,TEST
5659,TRD105658,2026-08-06,SETTLED,INSTRUCTED,NOMURA-BROKER,200,248276.0,SSI-JP-3389,TRAIN
5660,TRD105659,2026-08-13,SETTLED,INSTRUCTED,HDFC-CUST,2000,1219280.0,SSI-IN-0147,TEST
5661,TRD105660,2026-08-15,SETTLED,INSTRUCTED,DEUTSCHE-BROKER,500,2052375.0,SSI-DE-5510,TRAIN
5662,TRD105661,2026-08-14,SETTLED,INSTRUCTED,DEUTSCHE-BROKER,500,942005.0,SSI-DE-5510,TRAIN
5663,TRD105662,2026-08-18,SETTLED,INSTRUCTED,ICICI-CUST,200,121950.0,SSI-IN-0091,TEST
5664,TRD105663,2026-08-19,SETTLED,INSTRUCTED,DEUTSCHE-BROKER,2000,345920.0,SSI-DE-5510,TEST
5665,TRD105664,2026-08-08,SETTLED,INSTRUCTED,MORGANSTANLEY-BROKER,1000,1882660.0,SSI-US-7742,TRAIN
5666,TRD105665,2026-08-09,SETTLED,INSTRUCTED,ICICI-CUST,250,685935.0,SSI-IN-0091,TEST
5667,TRD105666,2026-08-12,SETTLED,INSTRUCTED,HDFC-CUST,750,2128972.5,SSI-IN-0147,TRAIN
5668,TRD105667,2026-08-08,SETTLED,INSTRUCTED,ICICI-CUST,100,195298.0,SSI-IN-0091,TRAIN
5669,TRD105668,2026-08-12,SETTLED,INSTRUCTED,KOTAK-CUST,1000,2837030.0,SSI-IN-0203,TRAIN
5670,TRD105669,2026-08-11,SETTLED,INSTRUCTED,DEUTSCHE-BROKER,1000,3667780.0,SSI-DE-5510,TEST
5671,TRD105670,2026-08-20,PENDING,INSTRUCTED,KOTAK-CUST,500,1429265.0,SSI-IN-0203,TRAIN
5672,TRD105671,2026-08-02,SETTLED,INSTRUCTED,MORGANSTANLEY-BROKER,2000,2349860.0,SSI-US-7742,TRAIN
5673,TRD105672,2026-08-11,SETTLED,INSTRUCTED,ICICI-CUST,2000,3907200.0,SSI-IN-0091,TRAIN
5674,TRD105673,2026-08-02,SETTLED,INSTRUCTED,ICICI-CUST,1000,847440.0,SSI-IN-0091,TRAIN
5675,TRD105674,2026-08-21,SETTLED,INSTRUCTED,DEUTSCHE-BROKER,250,117172.5,SSI-DE-5510,TRAIN
5676,TRD105675,2026-08-05,SETTLED,INSTRUCTED,NOMURA-BROKER,250,920632.5,SSI-JP-3389,TRAIN
5677,TRD105676,2026-08-07,SETTLED,INSTRUCTED,ICICI-CUST,1000,2839320.0,SSI-IN-0091,TRAIN
5678,TRD105677,2026-08-14,SETTLED,INSTRUCTED,MORGANSTANLEY-BROKER,1500,4292655.0,SSI-US-7742,TRAIN
5679,TRD105678,2026-08-07,SETTLED,INSTRUCTED,KOTAK-CUST,100,17222.0,SSI-IN-0203,TEST
5680,TRD105679,2026-08-17,SETTLED,INSTRUCTED,NOMURA-BROKER,200,168386.0,SSI-JP-3389,TRAIN
5681,TRD105680,2026-08-16,SETTLED,INSTRUCTED,ICICI-CUST,200,550322.0,SSI-IN-0091,TRAIN
5682,TRD105681,2026-08-16,SETTLED,INSTRUCTED,MORGANSTANLEY-BROKER,1000,3696310.0,SSI-US-7742,TRAIN
5683,TRD105682,2026-08-10,SETTLED,INSTRUCTED,ICICI-CUST,200,333912.0,SSI-IN-0091,TEST
5684,TRD105683,2026-08-04,SETTLED,INSTRUCTED,HDFC-CUST,750,930997.5,SSI-IN-0147,TRAIN
5685,TRD105684,2026-08-10,SETTLED,INSTRUCTED,KOTAK-CUST,200,34352.0,SSI-IN-0203,TRAIN
5686,TRD105685,2026-08-15,SETTLED,INSTRUCTED,ICICI-CUST,1500,4116945.0,SSI-IN-0091,TRAIN
5687,TRD105686,2026-08-05,SETTLED,INSTRUCTED,DEUTSCHE-BROKER,1500,1865625.0,SSI-DE-5510,TEST
5688,TRD105687,2026-08-11,SETTLED,INSTRUCTED,KOTAK-CUST,200,548844.0,SSI-IN-0203,TRAIN
5689,TRD105688,2026-08-03,SETTLED,INSTRUCTED,HDFC-CUST,2000,26027080.0,SSI-IN-0147,TRAIN
5690,TRD105689,2026-08-13,SETTLED,INSTRUCTED,HDFC-CUST,100,367101.0,SSI-IN-0147,TRAIN
5691,TRD105690,2026-08-06,SETTLED,INSTRUCTED,KOTAK-CUST,250,919490.0,SSI-IN-0203,TRAIN
5692,TRD105691,2026-08-22,SETTLED,INSTRUCTED,NOMURA-BROKER,1000,2854380.0,SSI-JP-3389,TRAIN
5693,TRD105692,2026-08-13,SETTLED,INSTRUCTED,NOMURA-BROKER,2000,7381200.0,SSI-JP-3389,TRAIN
5694,TRD105693,2026-08-08,SETTLED,INSTRUCTED,HDFC-CUST,250,117365.0,SSI-IN-0147,TRAIN
5695,TRD105694,2026-08-10,SETTLED,INSTRUCTED,ICICI-CUST,100,17187.0,SSI-IN-0091,TRAIN
5696,TRD105695,2026-08-21,SETTLED,INSTRUCTED,MORGANSTANLEY-BROKER,1500,2924610.0,SSI-US-7742,TRAIN
5697,TRD105696,2026-08-16,SETTLED,INSTRUCTED,HDFC-CUST,750,928425.0,SSI-IN-0147,TRAIN
5698,TRD105697,2026-08-13,SETTLED,INSTRUCTED,HDFC-CUST,1500,918240.0,SSI-IN-0147,TRAIN
5699,TRD105698,2026-08-14,SETTLED,INSTRUCTED,HDFC-CUST,1500,5529135.0,SSI-IN-0147,TRAIN
5700,TRD105699,2026-08-09,SETTLED,INSTRUCTED,HDFC-CUST,1000,1683130.0,SSI-IN-0147,TRAIN
5701,TRD105700,2026-08-05,SETTLED,INSTRUCTED,DEUTSCHE-BROKER,250,420725.0,SSI-DE-5510,TRAIN
5702,TRD105701,2026-08-05,SETTLED,INSTRUCTED,KOTAK-CUST,750,1259910.0,SSI-IN-0203,TRAIN
5703,TRD105702,2026-08-10,SETTLED,INSTRUCTED,NOMURA-BROKER,1500,1270800.0,SSI-JP-3389,TRAIN
5704,TRD105703,2026-08-07,SETTLED,INSTRUCTED,MORGANSTANLEY-BROKER,1500,19413885.0,SSI-US-7742,TRAIN
5705,TRD105704,2026-08-16,SETTLED,INSTRUCTED,ICICI-CUST,500,85960.0,SSI-IN-0091,TEST
5706,TRD105705,2026-08-05,SETTLED,INSTRUCTED,NOMURA-BROKER,1000,1239100.0,SSI-JP-3389,TRAIN
5707,TRD105706,2026-08-04,SETTLED,INSTRUCTED,ICICI-CUST,750,934642.5,SSI-IN-0091,TRAIN
5708,TRD105707,2026-08-10,SETTLED,INSTRUCTED,KOTAK-CUST,750,636667.5,SSI-IN-0203,TRAIN
5709,TRD105708,2026-08-04,SETTLED,INSTRUCTED,NOMURA-BROKER,750,1461885.0,SSI-JP-3389,TRAIN
5710,TRD105709,2026-08-18,SETTLED,INSTRUCTED,ICICI-CUST,750,9723180.0,SSI-IN-0091,TRAIN
5711,TRD105710,2026-08-15,SETTLED,INSTRUCTED,KOTAK-CUST,200,376634.0,SSI-IN-0203,TRAIN
5712,TRD105711,2026-08-11,SETTLED,INSTRUCTED,HDFC-CUST,750,129547.5,SSI-IN-0147,TRAIN
5713,TRD105712,2026-08-12,SETTLED,INSTRUCTED,HDFC-CUST,2000,2487260.0,SSI-IN-0147,TEST
5714,TRD105713,2026-08-02,SETTLED,INSTRUCTED,ICICI-CUST,200,548352.0,SSI-IN-0091,TRAIN
5715,TRD105714,2026-08-22,SETTLED,INSTRUCTED,ICICI-CUST,200,547808.0,SSI-IN-0091,TRAIN
5716,TRD105715,2026-08-09,SETTLED,INSTRUCTED,ICICI-CUST,250,117715.0,SSI-IN-0091,TRAIN
5717,TRD105716,2026-08-08,SETTLED,INSTRUCTED,ICICI-CUST,250,3237215.0,SSI-IN-0091,TRAIN
5718,TRD105717,2026-08-11,SETTLED,INSTRUCTED,HDFC-CUST,750,1416367.5,SSI-IN-0147,TRAIN
5719,TRD105718,2026-08-03,SETTLED,INSTRUCTED,NOMURA-BROKER,750,1413547.5,SSI-JP-3389,TRAIN
5720,TRD105719,2026-08-15,SETTLED,INSTRUCTED,NOMURA-BROKER,1500,2919270.0,SSI-JP-3389,TRAIN
5721,TRD105720,2026-08-21,SETTLED,INSTRUCTED,NOMURA-BROKER,100,60960.0,SSI-JP-3389,TRAIN
5722,TRD105721,2026-08-21,SETTLED,INSTRUCTED,ICICI-CUST,2000,1225740.0,SSI-IN-0091,TRAIN
5723,TRD105722,2026-08-22,SETTLED,INSTRUCTED,ICICI-CUST,2000,7367500.0,SSI-IN-0091,TRAIN
5724,TRD105723,2026-08-10,SETTLED,INSTRUCTED,DEUTSCHE-BROKER,1500,4257690.0,SSI-DE-5510,TEST
5725,TRD105724,2026-08-07,SETTLED,INSTRUCTED,KOTAK-CUST,100,117556.0,SSI-IN-0203,TRAIN
5726,TRD105725,2026-08-03,SETTLED,INSTRUCTED,ICICI-CUST,500,303900.0,SSI-IN-0091,TRAIN
5727,TRD105726,2026-08-21,SETTLED,INSTRUCTED,MORGANSTANLEY-BROKER,2000,3767940.0,SSI-US-7742,TRAIN
5728,TRD105727,2026-08-07,SETTLED,INSTRUCTED,ICICI-CUST,250,487032.5,SSI-IN-0091,TRAIN
5729,TRD105728,2026-08-03,SETTLED,INSTRUCTED,DEUTSCHE-BROKER,750,927262.5,SSI-DE-5510,TEST
5730,TRD105729,2026-08-10,SETTLED,INSTRUCTED,HDFC-CUST,2000,2360620.0,SSI-IN-0147,TRAIN
5731,TRD105730,2026-08-10,SETTLED,INSTRUCTED,KOTAK-CUST,200,390302.0,SSI-IN-0203,TRAIN
5732,TRD105731,2026-08-09,SETTLED,INSTRUCTED,DEUTSCHE-BROKER,100,169279.0,SSI-DE-5510,TRAIN
5733,TRD105732,2026-08-13,SETTLED,INSTRUCTED,MORGANSTANLEY-BROKER,1500,911565.0,SSI-US-7742,TRAIN
5734,TRD105733,2026-08-21,SETTLED,INSTRUCTED,KOTAK-CUST,1000,3688980.0,SSI-IN-0203,TRAIN
5735,TRD105734,2026-08-08,SETTLED,INSTRUCTED,DEUTSCHE-BROKER,2000,3919120.0,SSI-DE-5510,TRAIN
5736,TRD105735,2026-08-17,SETTLED,INSTRUCTED,MORGANSTANLEY-BROKER,1000,2845210.0,SSI-US-7742,TRAIN
5737,TRD105736,2026-08-17,PENDING,MISSING,KOTAK-CUST,2000,3378580.0,,TRAIN
5738,TRD105737,2026-08-19,SETTLED,INSTRUCTED,ICICI-CUST,500,423245.0,SSI-IN-0091,TRAIN
5739,TRD105738,2026-08-09,SETTLED,INSTRUCTED,MORGANSTANLEY-BROKER,750,2065732.5,SSI-US-7742,TRAIN
5740,TRD105739,2026-08-06,SETTLED,INSTRUCTED,MORGANSTANLEY-BROKER,1500,1271475.0,SSI-US-7742,TRAIN
5741,TRD105740,2026-08-02,SETTLED,INSTRUCTED,MORGANSTANLEY-BROKER,1500,1769055.0,SSI-US-7742,TRAIN
5742,TRD105741,2026-08-14,SETTLED,INSTRUCTED,ICICI-CUST,750,635317.5,SSI-IN-0091,TRAIN
5743,TRD105742,2026-08-04,SETTLED,INSTRUCTED,ICICI-CUST,200,2603716.0,SSI-IN-0091,TRAIN
5744,TRD105743,2026-08-06,SETTLED,INSTRUCTED,DEUTSCHE-BROKER,1500,2825955.0,SSI-DE-5510,TRAIN
5745,TRD105744,2026-08-06,SETTLED,INSTRUCTED,KOTAK-CUST,200,34500.0,SSI-IN-0203,TRAIN
5746,TRD105745,2026-08-21,SETTLED,INSTRUCTED,NOMURA-BROKER,1000,2864260.0,SSI-JP-3389,TRAIN
5747,TRD105746,2026-08-07,SETTLED,INSTRUCTED,KOTAK-CUST,1000,1686010.0,SSI-IN-0203,TRAIN
5748,TRD105747,2026-08-20,SETTLED,INSTRUCTED,KOTAK-CUST,2000,5505680.0,SSI-IN-0203,TRAIN
5749,TRD105748,2026-08-13,PENDING,MISSING,KOTAK-CUST,1500,919380.0,,TRAIN
5750,TRD105749,2026-08-13,SETTLED,INSTRUCTED,NOMURA-BROKER,750,351885.0,SSI-JP-3389,TRAIN
5751,TRD105750,2026-08-12,SETTLED,INSTRUCTED,NOMURA-BROKER,250,1026792.5,SSI-JP-3389,TRAIN
5752,TRD105751,2026-08-17,SETTLED,INSTRUCTED,KOTAK-CUST,100,46694.0,SSI-IN-0203,TRAIN
5753,TRD105752,2026-08-22,SETTLED,INSTRUCTED,HDFC-CUST,2000,25983100.0,SSI-IN-0147,TEST
5754,TRD105753,2026-08-21,SETTLED,INSTRUCTED,DEUTSCHE-BROKER,250,210785.0,SSI-DE-5510,TRAIN
5755,TRD105754,2026-08-09,SETTLED,INSTRUCTED,NOMURA-BROKER,100,194870.0,SSI-JP-3389,TEST
5756,TRD105755,2026-08-19,SETTLED,INSTRUCTED,KOTAK-CUST,2000,5672540.0,SSI-IN-0203,TEST
5757,TRD105756,2026-08-11,PENDING,MISSING,HDFC-CUST,200,237092.0,,TRAIN
5758,TRD105757,2026-08-19,SETTLED,INSTRUCTED,KOTAK-CUST,1000,467590.0,SSI-IN-0203,TRAIN
5759,TRD105758,2026-08-09,SETTLED,INSTRUCTED,KOTAK-CUST,2000,3906520.0,SSI-IN-0203,TRAIN
5760,TRD105759,2026-08-15,SETTLED,INSTRUCTED,NOMURA-BROKER,200,337446.0,SSI-JP-3389,TRAIN
5761,TRD105760,2026-08-06,SETTLED,INSTRUCTED,ICICI-CUST,100,124094.0,SSI-IN-0091,TRAIN
5762,TRD105761,2026-08-05,SETTLED,INSTRUCTED,ICICI-CUST,750,1261237.5,SSI-IN-0091,TRAIN
5763,TRD105762,2026-08-07,SETTLED,INSTRUCTED,NOMURA-BROKER,2000,3338460.0,SSI-JP-3389,TEST
5764,TRD105763,2026-08-18,SETTLED,INSTRUCTED,ICICI-CUST,500,591065.0,SSI-IN-0091,TRAIN
5765,TRD105764,2026-08-14,SETTLED,INSTRUCTED,ICICI-CUST,200,122046.0,SSI-IN-0091,TRAIN
5766,TRD105765,2026-08-13,SETTLED,INSTRUCTED,KOTAK-CUST,500,6461520.0,SSI-IN-0203,TEST
5767,TRD105766,2026-08-22,SETTLED,INSTRUCTED,DEUTSCHE-BROKER,750,2753205.0,SSI-DE-5510,TRAIN
5768,TRD105767,2026-08-08,SETTLED,INSTRUCTED,ICICI-CUST,100,195825.0,SSI-IN-0091,TRAIN
5769,TRD105768,2026-08-04,SETTLED,INSTRUCTED,ICICI-CUST,100,17285.0,SSI-IN-0091,TRAIN
5770,TRD105769,2026-08-16,SETTLED,INSTRUCTED,DEUTSCHE-BROKER,1500,703335.0,SSI-DE-5510,TRAIN
5771,TRD105770,2026-08-16,SETTLED,INSTRUCTED,DEUTSCHE-BROKER,1500,19439250.0,SSI-DE-5510,TRAIN
5772,TRD105771,2026-08-03,SETTLED,INSTRUCTED,HDFC-CUST,750,633127.5,SSI-IN-0147,TRAIN
5773,TRD105772,2026-08-10,SETTLED,INSTRUCTED,HDFC-CUST,1000,1183860.0,SSI-IN-0147,TRAIN
5774,TRD105773,2026-08-21,SETTLED,INSTRUCTED,HDFC-CUST,100,410590.0,SSI-IN-0147,TRAIN
5775,TRD105774,2026-08-19,PENDING,MISSING,MORGANSTANLEY-BROKER,500,840300.0,,TRAIN
5776,TRD105775,2026-08-04,SETTLED,INSTRUCTED,HDFC-CUST,500,304225.0,SSI-IN-0147,TRAIN
5777,TRD105776,2026-08-02,SETTLED,INSTRUCTED,DEUTSCHE-BROKER,1000,1238770.0,SSI-DE-5510,TEST
5778,TRD105777,2026-08-06,SETTLED,INSTRUCTED,DEUTSCHE-BROKER,750,1261680.0,SSI-DE-5510,TRAIN
5779,TRD105778,2026-08-12,SETTLED,INSTRUCTED,NOMURA-BROKER,750,352440.0,SSI-JP-3389,TEST
5780,TRD105779,2026-08-05,SETTLED,INSTRUCTED,DEUTSCHE-BROKER,2000,2480040.0,SSI-DE-5510,TRAIN
5781,TRD105780,2026-08-16,SETTLED,INSTRUCTED,NOMURA-BROKER,750,458497.5,SSI-JP-3389,TRAIN
5782,TRD105781,2026-08-03,SETTLED,INSTRUCTED,DEUTSCHE-BROKER,250,713217.5,SSI-DE-5510,TEST
5783,TRD105782,2026-08-03,SETTLED,INSTRUCTED,HDFC-CUST,250,43045.0,SSI-IN-0147,TRAIN
5784,TRD105783,2026-08-05,SETTLED,INSTRUCTED,HDFC-CUST,500,1839230.0,SSI-IN-0147,TRAIN
5785,TRD105784,2026-08-19,FAILED,INCORRECT,MORGANSTANLEY-BROKER,750,2760960.0,SSI-IN-0203,TRAIN
5786,TRD105785,2026-08-14,SETTLED,INSTRUCTED,NOMURA-BROKER,1000,13038630.0,SSI-JP-3389,TRAIN
5787,TRD105786,2026-08-14,SETTLED,INSTRUCTED,NOMURA-BROKER,750,456907.5,SSI-JP-3389,TRAIN
5788,TRD105787,2026-08-06,FAILED,INCORRECT,HDFC-CUST,750,1271190.0,SSI-DE-5510,TRAIN
5789,TRD105788,2026-08-07,PENDING,MISSING,KOTAK-CUST,200,249322.0,,TRAIN
5790,TRD105789,2026-08-17,SETTLED,INSTRUCTED,ICICI-CUST,1000,468100.0,SSI-IN-0091,TRAIN
5791,TRD105790,2026-08-13,SETTLED,INSTRUCTED,ICICI-CUST,2000,5496640.0,SSI-IN-0091,TRAIN
5792,TRD105791,2026-08-21,SETTLED,INSTRUCTED,NOMURA-BROKER,2000,3395640.0,SSI-JP-3389,TRAIN
5793,TRD105792,2026-08-12,SETTLED,INSTRUCTED,ICICI-CUST,250,117527.5,SSI-IN-0091,TRAIN
5794,TRD105793,2026-08-16,SETTLED,INSTRUCTED,DEUTSCHE-BROKER,750,2141422.5,SSI-DE-5510,TRAIN
5795,TRD105794,2026-08-15,PENDING,MISSING,ICICI-CUST,750,1258927.5,,TEST
5796,TRD105795,2026-08-11,SETTLED,INSTRUCTED,ICICI-CUST,200,337138.0,SSI-IN-0091,TRAIN
5797,TRD105796,2026-08-10,SETTLED,INSTRUCTED,KOTAK-CUST,200,548490.0,SSI-IN-0203,TEST
5798,TRD105797,2026-08-11,SETTLED,INSTRUCTED,NOMURA-BROKER,250,3244605.0,SSI-JP-3389,TEST
5799,TRD105798,2026-08-14,SETTLED,INSTRUCTED,DEUTSCHE-BROKER,250,3253445.0,SSI-DE-5510,TRAIN
5800,TRD105799,2026-08-14,SETTLED,INSTRUCTED,MORGANSTANLEY-BROKER,100,84495.0,SSI-US-7742,TRAIN
5801,TRD105800,2026-08-12,SETTLED,INSTRUCTED,KOTAK-CUST,2000,1684600.0,SSI-IN-0203,TRAIN
5802,TRD105801,2026-08-20,SETTLED,INSTRUCTED,KOTAK-CUST,1500,6175845.0,SSI-IN-0203,TEST
5803,TRD105802,2026-08-15,SETTLED,INSTRUCTED,NOMURA-BROKER,500,844255.0,SSI-JP-3389,TEST
5804,TRD105803,2026-08-15,SETTLED,INSTRUCTED,ICICI-CUST,1000,1178050.0,SSI-IN-0091,TRAIN
5805,TRD105804,2026-08-08,SETTLED,INSTRUCTED,HDFC-CUST,1000,1673780.0,SSI-IN-0147,TRAIN
5806,TRD105805,2026-08-18,PENDING,MISSING,HDFC-CUST,1000,173190.0,,TRAIN
5807,TRD105806,2026-08-06,SETTLED,INSTRUCTED,ICICI-CUST,1500,1762710.0,SSI-IN-0091,TRAIN
5808,TRD105807,2026-08-11,SETTLED,INSTRUCTED,MORGANSTANLEY-BROKER,2000,346100.0,SSI-US-7742,TRAIN
5809,TRD105808,2026-08-24,PENDING,INSTRUCTED,MORGANSTANLEY-BROKER,750,2760817.5,SSI-US-7742,TRAIN
5810,TRD105809,2026-08-03,SETTLED,INSTRUCTED,KOTAK-CUST,1500,6207690.0,SSI-IN-0203,TRAIN
5811,TRD105810,2026-08-08,SETTLED,INSTRUCTED,DEUTSCHE-BROKER,100,195100.0,SSI-DE-5510,TRAIN
5812,TRD105811,2026-08-04,SETTLED,INSTRUCTED,DEUTSCHE-BROKER,1000,2754210.0,SSI-DE-5510,TRAIN
5813,TRD105812,2026-08-06,SETTLED,INSTRUCTED,DEUTSCHE-BROKER,100,168259.0,SSI-DE-5510,TRAIN
5814,TRD105813,2026-08-15,SETTLED,INSTRUCTED,HDFC-CUST,100,117565.0,SSI-IN-0147,TRAIN
5815,TRD105814,2026-08-22,SETTLED,INSTRUCTED,ICICI-CUST,1500,1765845.0,SSI-IN-0091,TRAIN
5816,TRD105815,2026-08-06,SETTLED,INSTRUCTED,HDFC-CUST,1500,2500350.0,SSI-IN-0147,TRAIN
5817,TRD105816,2026-08-17,SETTLED,INSTRUCTED,HDFC-CUST,500,843920.0,SSI-IN-0147,TRAIN
5818,TRD105817,2026-08-11,SETTLED,INSTRUCTED,HDFC-CUST,1000,468390.0,SSI-IN-0147,TRAIN
5819,TRD105818,2026-08-03,SETTLED,INSTRUCTED,HDFC-CUST,750,2145997.5,SSI-IN-0147,TRAIN
5820,TRD105819,2026-08-06,SETTLED,INSTRUCTED,KOTAK-CUST,100,167048.0,SSI-IN-0203,TRAIN
5821,TRD105820,2026-08-12,SETTLED,INSTRUCTED,HDFC-CUST,1500,1855740.0,SSI-IN-0147,TRAIN
5822,TRD105821,2026-08-19,SETTLED,INSTRUCTED,MORGANSTANLEY-BROKER,1500,19388400.0,SSI-US-7742,TRAIN
5823,TRD105822,2026-08-15,SETTLED,INSTRUCTED,NOMURA-BROKER,100,167833.0,SSI-JP-3389,TRAIN
5824,TRD105823,2026-08-08,SETTLED,INSTRUCTED,NOMURA-BROKER,200,378296.0,SSI-JP-3389,TRAIN
5825,TRD105824,2026-08-08,PENDING,INSTRUCTED,DEUTSCHE-BROKER,250,1030212.5,SSI-DE-5510,TRAIN
5826,TRD105825,2026-08-15,SETTLED,INSTRUCTED,DEUTSCHE-BROKER,500,1374690.0,SSI-DE-5510,TRAIN
5827,TRD105826,2026-08-18,SETTLED,INSTRUCTED,ICICI-CUST,750,1267545.0,SSI-IN-0091,TRAIN
5828,TRD105827,2026-08-10,SETTLED,INSTRUCTED,KOTAK-CUST,1000,1691780.0,SSI-IN-0203,TRAIN
5829,TRD105828,2026-08-07,SETTLED,INSTRUCTED,NOMURA-BROKER,2000,3354120.0,SSI-JP-3389,TRAIN
5830,TRD105829,2026-08-08,SETTLED,INSTRUCTED,KOTAK-CUST,500,6489390.0,SSI-IN-0203,TRAIN
5831,TRD105830,2026-08-10,SETTLED,INSTRUCTED,NOMURA-BROKER,500,974480.0,SSI-JP-3389,TEST
5832,TRD105831,2026-08-12,SETTLED,INSTRUCTED,DEUTSCHE-BROKER,2000,26077560.0,SSI-DE-5510,TEST
5833,TRD105832,2026-08-09,SETTLED,INSTRUCTED,ICICI-CUST,1000,1174910.0,SSI-IN-0091,TEST
5834,TRD105833,2026-08-16,SETTLED,INSTRUCTED,ICICI-CUST,2000,7364380.0,SSI-IN-0091,TRAIN
5835,TRD105834,2026-08-21,SETTLED,INSTRUCTED,KOTAK-CUST,250,210942.5,SSI-IN-0203,TEST
5836,TRD105835,2026-08-07,SETTLED,INSTRUCTED,ICICI-CUST,500,945225.0,SSI-IN-0091,TEST
5837,TRD105836,2026-08-16,SETTLED,INSTRUCTED,DEUTSCHE-BROKER,750,3093255.0,SSI-DE-5510,TRAIN
5838,TRD105837,2026-08-04,SETTLED,INSTRUCTED,DEUTSCHE-BROKER,200,235450.0,SSI-DE-5510,TEST
5839,TRD105838,2026-08-07,SETTLED,INSTRUCTED,HDFC-CUST,1000,1684280.0,SSI-IN-0147,TRAIN
5840,TRD105839,2026-08-20,SETTLED,INSTRUCTED,NOMURA-BROKER,1000,13000320.0,SSI-JP-3389,TRAIN
5841,TRD105840,2026-08-10,SETTLED,INSTRUCTED,MORGANSTANLEY-BROKER,750,885735.0,SSI-US-7742,TRAIN
5842,TRD105841,2026-08-12,PENDING,MISSING,DEUTSCHE-BROKER,750,1470300.0,,TRAIN
5843,TRD105842,2026-08-09,SETTLED,INSTRUCTED,MORGANSTANLEY-BROKER,1500,19387605.0,SSI-US-7742,TRAIN
5844,TRD105843,2026-08-03,SETTLED,INSTRUCTED,NOMURA-BROKER,1000,1946240.0,SSI-JP-3389,TRAIN
5845,TRD105844,2026-08-21,PENDING,INSTRUCTED,MORGANSTANLEY-BROKER,1000,1182850.0,SSI-US-7742,TRAIN
5846,TRD105845,2026-08-20,SETTLED,INSTRUCTED,HDFC-CUST,1000,1682890.0,SSI-IN-0147,TRAIN
5847,TRD105846,2026-08-11,SETTLED,INSTRUCTED,ICICI-CUST,200,34518.0,SSI-IN-0091,TEST
5848,TRD105847,2026-08-19,SETTLED,INSTRUCTED,KOTAK-CUST,1500,4270740.0,SSI-IN-0203,TEST
5849,TRD105848,2026-08-16,SETTLED,INSTRUCTED,HDFC-CUST,2000,5703000.0,SSI-IN-0147,TRAIN
5850,TRD105849,2026-08-08,SETTLED,INSTRUCTED,MORGANSTANLEY-BROKER,500,1431325.0,SSI-US-7742,TRAIN
5851,TRD105850,2026-08-20,SETTLED,INSTRUCTED,MORGANSTANLEY-BROKER,100,189518.0,SSI-US-7742,TEST
5852,TRD105851,2026-08-09,SETTLED,INSTRUCTED,DEUTSCHE-BROKER,2000,25941460.0,SSI-DE-5510,TRAIN
5853,TRD105852,2026-08-10,SETTLED,INSTRUCTED,MORGANSTANLEY-BROKER,2000,3341140.0,SSI-US-7742,TEST
5854,TRD105853,2026-08-16,SETTLED,INSTRUCTED,NOMURA-BROKER,1500,1268190.0,SSI-JP-3389,TRAIN
5855,TRD105854,2026-08-13,SETTLED,INSTRUCTED,DEUTSCHE-BROKER,1500,1270425.0,SSI-DE-5510,TEST
5856,TRD105855,2026-08-03,SETTLED,INSTRUCTED,KOTAK-CUST,1500,1770180.0,SSI-IN-0203,TRAIN
5857,TRD105856,2026-08-09,SETTLED,INSTRUCTED,ICICI-CUST,2000,25882440.0,SSI-IN-0091,TRAIN
5858,TRD105857,2026-08-12,SETTLED,INSTRUCTED,KOTAK-CUST,100,61090.0,SSI-IN-0203,TRAIN
5859,TRD105858,2026-08-03,SETTLED,INSTRUCTED,KOTAK-CUST,500,305840.0,SSI-IN-0203,TRAIN
5860,TRD105859,2026-08-05,SETTLED,INSTRUCTED,HDFC-CUST,250,711417.5,SSI-IN-0147,TRAIN
5861,TRD105860,2026-08-10,SETTLED,INSTRUCTED,DEUTSCHE-BROKER,1500,19397535.0,SSI-DE-5510,TRAIN
5862,TRD105861,2026-08-11,SETTLED,INSTRUCTED,ICICI-CUST,1000,1180440.0,SSI-IN-0091,TRAIN
5863,TRD105862,2026-08-21,SETTLED,INSTRUCTED,DEUTSCHE-BROKER,200,339202.0,SSI-DE-5510,TEST
5864,TRD105863,2026-08-03,SETTLED,INSTRUCTED,ICICI-CUST,200,572474.0,SSI-IN-0091,TEST
5865,TRD105864,2026-08-16,PENDING,MISSING,NOMURA-BROKER,1000,3671230.0,,TRAIN
5866,TRD105865,2026-08-14,SETTLED,INSTRUCTED,MORGANSTANLEY-BROKER,2000,1218060.0,SSI-US-7742,TRAIN
5867,TRD105866,2026-08-06,SETTLED,INSTRUCTED,MORGANSTANLEY-BROKER,750,2749200.0,SSI-US-7742,TRAIN
5868,TRD105867,2026-08-06,SETTLED,INSTRUCTED,ICICI-CUST,200,93802.0,SSI-IN-0091,TRAIN
5869,TRD105868,2026-08-19,SETTLED,INSTRUCTED,NOMURA-BROKER,750,631830.0,SSI-JP-3389,TRAIN
5870,TRD105869,2026-08-20,SETTLED,INSTRUCTED,NOMURA-BROKER,200,168450.0,SSI-JP-3389,TRAIN
5871,TRD105870,2026-08-02,SETTLED,INSTRUCTED,MORGANSTANLEY-BROKER,1000,2748380.0,SSI-US-7742,TRAIN
5872,TRD105871,2026-08-07,SETTLED,INSTRUCTED,KOTAK-CUST,750,1460362.5,SSI-IN-0203,TRAIN
5873,TRD105872,2026-08-06,SETTLED,INSTRUCTED,HDFC-CUST,500,305970.0,SSI-IN-0147,TRAIN
5874,TRD105873,2026-08-03,SETTLED,INSTRUCTED,NOMURA-BROKER,1500,705825.0,SSI-JP-3389,TRAIN
5875,TRD105874,2026-08-04,SETTLED,INSTRUCTED,HDFC-CUST,1000,13031440.0,SSI-IN-0147,TRAIN
5876,TRD105875,2026-08-17,SETTLED,INSTRUCTED,MORGANSTANLEY-BROKER,500,978480.0,SSI-US-7742,TRAIN
5877,TRD105876,2026-08-22,SETTLED,INSTRUCTED,HDFC-CUST,750,932175.0,SSI-IN-0147,TRAIN
5878,TRD105877,2026-08-07,SETTLED,INSTRUCTED,NOMURA-BROKER,500,1838370.0,SSI-JP-3389,TRAIN
5879,TRD105878,2026-08-14,SETTLED,INSTRUCTED,HDFC-CUST,100,60840.0,SSI-IN-0147,TRAIN
5880,TRD105879,2026-08-11,SETTLED,INSTRUCTED,MORGANSTANLEY-BROKER,200,93638.0,SSI-US-7742,TEST
5881,TRD105880,2026-08-05,SETTLED,INSTRUCTED,ICICI-CUST,500,2054675.0,SSI-IN-0091,TRAIN
5882,TRD105881,2026-08-16,SETTLED,INSTRUCTED,DEUTSCHE-BROKER,1000,2848720.0,SSI-DE-5510,TRAIN
5883,TRD105882,2026-08-19,SETTLED,INSTRUCTED,MORGANSTANLEY-BROKER,250,1035210.0,SSI-US-7742,TRAIN
5884,TRD105883,2026-08-06,SETTLED,INSTRUCTED,MORGANSTANLEY-BROKER,500,6461385.0,SSI-US-7742,TRAIN
5885,TRD105884,2026-08-13,SETTLED,INSTRUCTED,MORGANSTANLEY-BROKER,2000,5478560.0,SSI-US-7742,TRAIN
5886,TRD105885,2026-08-02,SETTLED,INSTRUCTED,DEUTSCHE-BROKER,100,195001.0,SSI-DE-5510,TRAIN
5887,TRD105886,2026-08-22,SETTLED,INSTRUCTED,HDFC-CUST,2000,7331660.0,SSI-IN-0147,TRAIN
5888,TRD105887,2026-08-12,SETTLED,INSTRUCTED,DEUTSCHE-BROKER,250,488327.5,SSI-DE-5510,TEST
5889,TRD105888,2026-08-15,SETTLED,INSTRUCTED,DEUTSCHE-BROKER,1500,258105.0,SSI-DE-5510,TRAIN
5890,TRD105889,2026-08-16,SETTLED,INSTRUCTED,KOTAK-CUST,750,3084885.0,SSI-IN-0203,TRAIN
5891,TRD105890,2026-08-11,SETTLED,INSTRUCTED,NOMURA-BROKER,750,353340.0,SSI-JP-3389,TEST
5892,TRD105891,2026-08-21,SETTLED,INSTRUCTED,MORGANSTANLEY-BROKER,1500,2839830.0,SSI-US-7742,TRAIN
5893,TRD105892,2026-08-05,SETTLED,INSTRUCTED,ICICI-CUST,1000,13038190.0,SSI-IN-0091,TEST
5894,TRD105893,2026-08-19,SETTLED,INSTRUCTED,KOTAK-CUST,500,235125.0,SSI-IN-0203,TRAIN
5895,TRD105894,2026-08-15,SETTLED,INSTRUCTED,DEUTSCHE-BROKER,1500,701850.0,SSI-DE-5510,TEST
5896,TRD105895,2026-08-19,SETTLED,INSTRUCTED,ICICI-CUST,1500,4286475.0,SSI-IN-0091,TRAIN
5897,TRD105896,2026-08-12,SETTLED,INSTRUCTED,NOMURA-BROKER,500,2055415.0,SSI-JP-3389,TRAIN
5898,TRD105897,2026-08-15,SETTLED,INSTRUCTED,ICICI-CUST,2000,5481320.0,SSI-IN-0091,TRAIN
5899,TRD105898,2026-08-09,SETTLED,INSTRUCTED,HDFC-CUST,1000,609600.0,SSI-IN-0147,TRAIN
5900,TRD105899,2026-08-12,PENDING,MISSING,DEUTSCHE-BROKER,1000,1236310.0,,TRAIN
5901,TRD105900,2026-08-12,SETTLED,INSTRUCTED,NOMURA-BROKER,1000,4135730.0,SSI-JP-3389,TEST
5902,TRD105901,2026-08-02,SETTLED,INSTRUCTED,NOMURA-BROKER,500,845500.0,SSI-JP-3389,TRAIN
5903,TRD105902,2026-08-14,SETTLED,INSTRUCTED,ICICI-CUST,250,310087.5,SSI-IN-0091,TRAIN
5904,TRD105903,2026-08-16,SETTLED,INSTRUCTED,NOMURA-BROKER,1500,916260.0,SSI-JP-3389,TEST
5905,TRD105904,2026-08-08,SETTLED,INSTRUCTED,NOMURA-BROKER,250,424512.5,SSI-JP-3389,TRAIN
5906,TRD105905,2026-08-10,SETTLED,INSTRUCTED,DEUTSCHE-BROKER,1000,1677740.0,SSI-DE-5510,TRAIN
5907,TRD105906,2026-08-08,SETTLED,INSTRUCTED,ICICI-CUST,200,338320.0,SSI-IN-0091,TRAIN
5908,TRD105907,2026-08-07,SETTLED,INSTRUCTED,NOMURA-BROKER,750,455887.5,SSI-JP-3389,TRAIN
5909,TRD105908,2026-08-14,SETTLED,INSTRUCTED,HDFC-CUST,100,369366.0,SSI-IN-0147,TRAIN
5910,TRD105909,2026-08-05,SETTLED,INSTRUCTED,MORGANSTANLEY-BROKER,750,1472167.5,SSI-US-7742,TRAIN
5911,TRD105910,2026-08-19,SETTLED,INSTRUCTED,MORGANSTANLEY-BROKER,1000,843720.0,SSI-US-7742,TRAIN
5912,TRD105911,2026-08-02,SETTLED,INSTRUCTED,ICICI-CUST,500,1832450.0,SSI-IN-0091,TRAIN
5913,TRD105912,2026-08-07,SETTLED,INSTRUCTED,MORGANSTANLEY-BROKER,500,841210.0,SSI-US-7742,TEST
5914,TRD105913,2026-08-11,SETTLED,INSTRUCTED,MORGANSTANLEY-BROKER,500,234045.0,SSI-US-7742,TRAIN
5915,TRD105914,2026-08-05,SETTLED,INSTRUCTED,DEUTSCHE-BROKER,1500,702360.0,SSI-DE-5510,TRAIN
5916,TRD105915,2026-08-13,SETTLED,INSTRUCTED,ICICI-CUST,500,2053120.0,SSI-IN-0091,TRAIN
5917,TRD105916,2026-08-12,SETTLED,INSTRUCTED,DEUTSCHE-BROKER,1500,19549290.0,SSI-DE-5510,TRAIN
5918,TRD105917,2026-08-18,SETTLED,INSTRUCTED,MORGANSTANLEY-BROKER,2000,2478780.0,SSI-US-7742,TRAIN
5919,TRD105918,2026-08-19,SETTLED,INSTRUCTED,DEUTSCHE-BROKER,250,715127.5,SSI-DE-5510,TRAIN
5920,TRD105919,2026-08-08,SETTLED,INSTRUCTED,DEUTSCHE-BROKER,2000,3395440.0,SSI-DE-5510,TEST
5921,TRD105920,2026-08-19,SETTLED,INSTRUCTED,KOTAK-CUST,500,843035.0,SSI-IN-0203,TRAIN
5922,TRD105921,2026-08-14,SETTLED,INSTRUCTED,HDFC-CUST,2000,8213280.0,SSI-IN-0147,TRAIN
5923,TRD105922,2026-08-03,SETTLED,INSTRUCTED,MORGANSTANLEY-BROKER,1500,2508060.0,SSI-US-7742,TEST
5924,TRD105923,2026-08-16,SETTLED,INSTRUCTED,HDFC-CUST,200,248486.0,SSI-IN-0147,TRAIN
5925,TRD105924,2026-08-05,SETTLED,INSTRUCTED,ICICI-CUST,100,1294479.0,SSI-IN-0091,TRAIN
5926,TRD105925,2026-08-15,SETTLED,INSTRUCTED,HDFC-CUST,500,847470.0,SSI-IN-0147,TRAIN
5927,TRD105926,2026-08-12,SETTLED,INSTRUCTED,ICICI-CUST,1000,843960.0,SSI-IN-0091,TEST
5928,TRD105927,2026-08-20,SETTLED,INSTRUCTED,KOTAK-CUST,1500,1764225.0,SSI-IN-0203,TEST
5929,TRD105928,2026-08-18,SETTLED,INSTRUCTED,DEUTSCHE-BROKER,100,195592.0,SSI-DE-5510,TRAIN
5930,TRD105929,2026-08-03,SETTLED,INSTRUCTED,HDFC-CUST,1500,2541870.0,SSI-IN-0147,TEST
5931,TRD105930,2026-08-22,SETTLED,INSTRUCTED,ICICI-CUST,1500,1862895.0,SSI-IN-0091,TRAIN
5932,TRD105931,2026-08-22,SETTLED,INSTRUCTED,MORGANSTANLEY-BROKER,1000,1176700.0,SSI-US-7742,TEST
5933,TRD105932,2026-08-10,SETTLED,INSTRUCTED,ICICI-CUST,250,43285.0,SSI-IN-0091,TEST
5934,TRD105933,2026-08-11,SETTLED,INSTRUCTED,KOTAK-CUST,2000,3382340.0,SSI-IN-0203,TRAIN
5935,TRD105934,2026-08-15,SETTLED,INSTRUCTED,KOTAK-CUST,250,3258277.5,SSI-IN-0203,TRAIN
5936,TRD105935,2026-08-08,SETTLED,INSTRUCTED,MORGANSTANLEY-BROKER,750,128887.5,SSI-US-7742,TRAIN
5937,TRD105936,2026-08-02,SETTLED,INSTRUCTED,DEUTSCHE-BROKER,750,933832.5,SSI-DE-5510,TRAIN
5938,TRD105937,2026-08-07,SETTLED,INSTRUCTED,MORGANSTANLEY-BROKER,100,195936.0,SSI-US-7742,TRAIN
5939,TRD105938,2026-08-02,SETTLED,INSTRUCTED,KOTAK-CUST,500,946675.0,SSI-IN-0203,TRAIN
5940,TRD105939,2026-08-19,SETTLED,INSTRUCTED,KOTAK-CUST,2000,3367080.0,SSI-IN-0203,TRAIN
5941,TRD105940,2026-08-17,SETTLED,INSTRUCTED,ICICI-CUST,500,980550.0,SSI-IN-0091,TRAIN
5942,TRD105941,2026-08-04,SETTLED,INSTRUCTED,HDFC-CUST,1000,1178560.0,SSI-IN-0147,TRAIN
5943,TRD105942,2026-08-07,SETTLED,INSTRUCTED,MORGANSTANLEY-BROKER,250,684042.5,SSI-US-7742,TRAIN
5944,TRD105943,2026-08-20,SETTLED,INSTRUCTED,NOMURA-BROKER,250,683295.0,SSI-JP-3389,TRAIN
5945,TRD105944,2026-08-19,SETTLED,INSTRUCTED,ICICI-CUST,2000,8272240.0,SSI-IN-0091,TRAIN
5946,TRD105945,2026-08-03,SETTLED,INSTRUCTED,KOTAK-CUST,1500,2527140.0,SSI-IN-0203,TRAIN
5947,TRD105946,2026-08-06,SETTLED,INSTRUCTED,KOTAK-CUST,500,306660.0,SSI-IN-0203,TRAIN
5948,TRD105947,2026-08-09,SETTLED,INSTRUCTED,NOMURA-BROKER,750,129000.0,SSI-JP-3389,TRAIN
5949,TRD105948,2026-08-21,SETTLED,INSTRUCTED,DEUTSCHE-BROKER,250,712527.5,SSI-DE-5510,TRAIN
5950,TRD105949,2026-08-11,SETTLED,INSTRUCTED,KOTAK-CUST,500,1840180.0,SSI-IN-0203,TRAIN
5951,TRD105950,2026-08-08,SETTLED,INSTRUCTED,MORGANSTANLEY-BROKER,1500,702330.0,SSI-US-7742,TRAIN
5952,TRD105951,2026-08-03,SETTLED,INSTRUCTED,HDFC-CUST,1000,13010810.0,SSI-IN-0147,TRAIN
5953,TRD105952,2026-08-05,SETTLED,INSTRUCTED,KOTAK-CUST,1500,5527980.0,SSI-IN-0203,TEST
5954,TRD105953,2026-08-03,SETTLED,INSTRUCTED,MORGANSTANLEY-BROKER,250,3247945.0,SSI-US-7742,TRAIN
5955,TRD105954,2026-08-10,SETTLED,INSTRUCTED,NOMURA-BROKER,100,84775.0,SSI-JP-3389,TRAIN
5956,TRD105955,2026-08-05,SETTLED,INSTRUCTED,MORGANSTANLEY-BROKER,100,84844.0,SSI-US-7742,TRAIN
5957,TRD105956,2026-08-07,PENDING,INSTRUCTED,MORGANSTANLEY-BROKER,2000,934700.0,SSI-US-7742,TRAIN
5958,TRD105957,2026-08-20,SETTLED,INSTRUCTED,NOMURA-BROKER,750,928342.5,SSI-JP-3389,TRAIN
5959,TRD105958,2026-08-17,SETTLED,INSTRUCTED,KOTAK-CUST,200,122036.0,SSI-IN-0203,TRAIN
5960,TRD105959,2026-08-18,SETTLED,INSTRUCTED,NOMURA-BROKER,750,1254600.0,SSI-JP-3389,TRAIN
5961,TRD105960,2026-08-18,SETTLED,INSTRUCTED,KOTAK-CUST,2000,1695500.0,SSI-IN-0203,TRAIN
5962,TRD105961,2026-08-16,PENDING,MISSING,HDFC-CUST,1500,2546895.0,,TRAIN
5963,TRD105962,2026-08-17,FAILED,INCORRECT,KOTAK-CUST,100,169492.0,SSI-IN-0147,TRAIN
5964,TRD105963,2026-08-08,SETTLED,INSTRUCTED,DEUTSCHE-BROKER,200,570346.0,SSI-DE-5510,TRAIN
5965,TRD105964,2026-08-20,SETTLED,INSTRUCTED,NOMURA-BROKER,250,212015.0,SSI-JP-3389,TRAIN
5966,TRD105965,2026-08-13,SETTLED,INSTRUCTED,ICICI-CUST,500,620900.0,SSI-IN-0091,TRAIN
5967,TRD105966,2026-08-12,SETTLED,INSTRUCTED,DEUTSCHE-BROKER,1500,2838510.0,SSI-DE-5510,TRAIN
5968,TRD105967,2026-08-11,SETTLED,INSTRUCTED,MORGANSTANLEY-BROKER,1500,2833140.0,SSI-US-7742,TRAIN
5969,TRD105968,2026-08-14,SETTLED,INSTRUCTED,DEUTSCHE-BROKER,200,390856.0,SSI-DE-5510,TRAIN
5970,TRD105969,2026-08-23,SETTLED,INSTRUCTED,MORGANSTANLEY-BROKER,250,210895.0,SSI-US-7742,TEST
5971,TRD105970,2026-08-15,PENDING,INSTRUCTED,HDFC-CUST,500,422745.0,SSI-IN-0147,TRAIN
5972,TRD105971,2026-08-13,SETTLED,INSTRUCTED,HDFC-CUST,500,1431755.0,SSI-IN-0147,TEST
5973,TRD105972,2026-08-22,SETTLED,INSTRUCTED,MORGANSTANLEY-BROKER,1500,911325.0,SSI-US-7742,TRAIN
5974,TRD105973,2026-08-11,SETTLED,INSTRUCTED,NOMURA-BROKER,2000,3794960.0,SSI-JP-3389,TRAIN
5975,TRD105974,2026-08-21,SETTLED,INSTRUCTED,DEUTSCHE-BROKER,750,3094252.5,SSI-DE-5510,TEST
5976,TRD105975,2026-08-09,SETTLED,INSTRUCTED,NOMURA-BROKER,750,635640.0,SSI-JP-3389,TRAIN
5977,TRD105976,2026-08-21,SETTLED,INSTRUCTED,ICICI-CUST,750,2143455.0,SSI-IN-0091,TRAIN
5978,TRD105977,2026-08-13,SETTLED,INSTRUCTED,DEUTSCHE-BROKER,200,736790.0,SSI-DE-5510,TRAIN
5979,TRD105978,2026-08-05,SETTLED,INSTRUCTED,ICICI-CUST,500,234705.0,SSI-IN-0091,TRAIN
5980,TRD105979,2026-08-14,SETTLED,INSTRUCTED,MORGANSTANLEY-BROKER,1000,2849650.0,SSI-US-7742,TRAIN
5981,TRD105980,2026-08-05,SETTLED,INSTRUCTED,NOMURA-BROKER,100,367254.0,SSI-JP-3389,TRAIN
5982,TRD105981,2026-08-03,SETTLED,INSTRUCTED,DEUTSCHE-BROKER,750,1272750.0,SSI-DE-5510,TRAIN
5983,TRD105982,2026-08-04,SETTLED,INSTRUCTED,NOMURA-BROKER,2000,345460.0,SSI-JP-3389,TRAIN
5984,TRD105983,2026-08-07,SETTLED,INSTRUCTED,HDFC-CUST,1000,1690510.0,SSI-IN-0147,TEST
5985,TRD105984,2026-08-10,SETTLED,INSTRUCTED,MORGANSTANLEY-BROKER,200,247214.0,SSI-US-7742,TRAIN
5986,TRD105985,2026-08-05,SETTLED,INSTRUCTED,HDFC-CUST,1500,5517420.0,SSI-IN-0147,TRAIN
5987,TRD105986,2026-08-19,SETTLED,INSTRUCTED,ICICI-CUST,2000,5501860.0,SSI-IN-0091,TRAIN
5988,TRD105987,2026-08-21,FAILED,INCORRECT,NOMURA-BROKER,2000,3790360.0,SSI-US-7742,TEST
5989,TRD105988,2026-08-14,SETTLED,INSTRUCTED,ICICI-CUST,200,248470.0,SSI-IN-0091,TRAIN
5990,TRD105989,2026-08-19,SETTLED,INSTRUCTED,KOTAK-CUST,1000,611430.0,SSI-IN-0203,TEST
5991,TRD105990,2026-08-10,SETTLED,INSTRUCTED,HDFC-CUST,500,233420.0,SSI-IN-0147,TRAIN
5992,TRD105991,2026-08-13,SETTLED,INSTRUCTED,MORGANSTANLEY-BROKER,200,335140.0,SSI-US-7742,TRAIN
5993,TRD105992,2026-08-15,SETTLED,INSTRUCTED,MORGANSTANLEY-BROKER,2000,5719340.0,SSI-US-7742,TRAIN
5994,TRD105993,2026-08-11,SETTLED,INSTRUCTED,ICICI-CUST,200,734344.0,SSI-IN-0091,TRAIN
5995,TRD105994,2026-08-16,SETTLED,INSTRUCTED,KOTAK-CUST,750,455640.0,SSI-IN-0203,TRAIN
5996,TRD105995,2026-08-05,SETTLED,INSTRUCTED,ICICI-CUST,500,947740.0,SSI-IN-0091,TEST
5997,TRD105996,2026-08-21,SETTLED,INSTRUCTED,DEUTSCHE-BROKER,100,274408.0,SSI-DE-5510,TRAIN
5998,TRD105997,2026-08-19,SETTLED,INSTRUCTED,MORGANSTANLEY-BROKER,250,917060.0,SSI-US-7742,TRAIN
5999,TRD105998,2026-08-10,SETTLED,INSTRUCTED,KOTAK-CUST,2000,3796620.0,SSI-IN-0203,TEST
6000,TRD105999,2026-08-22,SETTLED,INSTRUCTED,MORGANSTANLEY-BROKER,1000,171790.0,SSI-US-7742,TRAIN
