trade_id,trade_date,security,isin,ticker,quantity,price,trade_value,counterparty,portfolio,booking_status,settlement_date,side,confirmed_price,confirmed_quantity,confirmed_trade_date,confirmed_counterparty,confirmation_status,split
TRD100000,2026-08-09,KOTAKBANK,INE100000,KOTAKBANK,200,1946.41,389282.0,HDFC-CUST,EQ-CORE-02,BOOKED,2026-08-10,BUY,1946.41,200,2026-08-09,HDFC-CUST,RECEIVED,TRAIN
TRD100001,2026-08-18,WIPRO,INE100001,WIPRO,200,611.43,122286.0,ICICI-CUST,EQ-INDEX-04,BOOKED,2026-08-19,BUY,611.43,200,2026-08-18,ICICI-CUST,RECEIVED,TRAIN
TRD100002,2026-08-17,RELIANCE,INE100002,RELIANCE,200,2842.48,568496.0,MORGANSTANLEY-BROKER,EQ-CORE-01,BOOKED,2026-08-18,BUY,2842.48,200,2026-08-17,MORGANSTANLEY-BROKER,RECEIVED,TEST
TRD100003,2026-08-19,WIPRO,INE100003,WIPRO,1500,608.64,912960.0,KOTAK-CUST,EQ-CORE-01,BOOKED,2026-08-20,BUY,608.64,1500,2026-08-19,KOTAK-CUST,RECEIVED,TRAIN
TRD100004,2026-08-05,WIPRO,INE100004,WIPRO,1500,609.37,914055.0,HDFC-CUST,EQ-ALPHA-03,BOOKED,2026-08-06,BUY,609.37,1500,2026-08-05,HDFC-CUST,RECEIVED,TEST
TRD100005,2026-08-12,TCS,INE100005,TCS,1500,4104.13,6156195.0,MORGANSTANLEY-BROKER,EQ-ALPHA-03,BOOKED,2026-08-13,BUY,4104.13,1500,2026-08-12,MORGANSTANLEY-BROKER,RECEIVED,TEST
TRD100006,2026-08-13,WIPRO,INE100006,WIPRO,2000,610.57,1221140.0,ICICI-CUST,EQ-ALPHA-03,BOOKED,2026-08-14,SELL,610.57,2000,2026-08-13,ICICI-CUST,RECEIVED,TRAIN
TRD100007,2026-08-02,AXISBANK,INE100007,AXISBANK,500,1182.66,591330.0,NOMURA-BROKER,EQ-CORE-02,BOOKED,2026-08-03,SELL,1182.66,500,2026-08-02,NOMURA-BROKER,RECEIVED,TRAIN
TRD100008,2026-08-13,TCS,INE100008,TCS,500,4135.85,2067925.0,KOTAK-CUST,EQ-INDEX-04,BOOKED,2026-08-14,SELL,4135.85,500,2026-08-13,KOTAK-CUST,RECEIVED,TEST
TRD100009,2026-08-09,INFY,INE100009,INFY,1000,1887.56,1887560.0,NOMURA-BROKER,EQ-CORE-01,BOOKED,2026-08-10,BUY,1887.56,1000,2026-08-09,NOMURA-BROKER,RECEIVED,TRAIN
TRD100010,2026-08-13,LT,INE100010,LT,500,3667.76,1833880.0,KOTAK-CUST,EQ-CORE-02,BOOKED,2026-08-14,SELL,3667.76,500,2026-08-13,KOTAK-CUST,RECEIVED,TRAIN
TRD100011,2026-08-02,MARUTI,INE100011,MARUTI,100,12944.83,1294483.0,KOTAK-CUST,EQ-INDEX-04,BOOKED,2026-08-03,SELL,12944.83,100,2026-08-02,KOTAK-CUST,RECEIVED,TRAIN
TRD100012,2026-08-19,TCS,INE100012,TCS,500,4137.77,2068885.0,NOMURA-BROKER,EQ-ALPHA-03,BOOKED,2026-08-20,BUY,4137.77,500,2026-08-19,NOMURA-BROKER,RECEIVED,TRAIN
TRD100013,2026-08-21,KOTAKBANK,INE100013,KOTAKBANK,2000,1953.66,3907320.0,DEUTSCHE-BROKER,EQ-CORE-02,BOOKED,2026-08-22,SELL,1953.66,2000,2026-08-21,DEUTSCHE-BROKER,RECEIVED,TEST
TRD100014,2026-08-18,INFY,INE100014,INFY,500,1894.93,947465.0,KOTAK-CUST,EQ-INDEX-04,BOOKED,2026-08-19,SELL,1894.93,500,2026-08-18,KOTAK-CUST,RECEIVED,TRAIN
TRD100015,2026-08-05,SBIN,INE100015,SBIN,500,849.81,424905.0,MORGANSTANLEY-BROKER,EQ-INDEX-04,BOOKED,2026-08-06,BUY,849.81,500,2026-08-05,MORGANSTANLEY-BROKER,RECEIVED,TRAIN
TRD100016,2026-08-05,HINDUNILVR,INE100016,HINDUNILVR,100,2755.51,275551.0,NOMURA-BROKER,EQ-CORE-02,BOOKED,2026-08-06,SELL,2755.51,100,2026-08-05,NOMURA-BROKER,RECEIVED,TEST
TRD100017,2026-08-20,AXISBANK,INE100017,AXISBANK,200,1178.89,235778.0,DEUTSCHE-BROKER,EQ-ALPHA-03,BOOKED,2026-08-21,BUY,1178.89,200,2026-08-20,DEUTSCHE-BROKER,RECEIVED,TEST
TRD100018,2026-08-18,KOTAKBANK,INE100018,KOTAKBANK,200,1959.25,391850.0,KOTAK-CUST,EQ-ALPHA-03,BOOKED,2026-08-19,BUY,1959.25,200,2026-08-18,DEUTSCHE-BROKER,RECEIVED,TRAIN
TRD100019,2026-08-01,ICICIBANK,INE100019,ICICIBANK,1500,1236.56,1854840.0,NOMURA-BROKER,EQ-ALPHA-03,BOOKED,2026-08-02,BUY,1236.56,1500,2026-08-01,NOMURA-BROKER,RECEIVED,TRAIN
TRD100020,2026-08-10,LT,INE100020,LT,200,3693.79,738758.0,NOMURA-BROKER,EQ-CORE-02,BOOKED,2026-08-11,BUY,3693.79,150,2026-08-10,NOMURA-BROKER,RECEIVED,TRAIN
TRD100021,2026-08-17,SBIN,INE100021,SBIN,250,845.93,211482.5,ICICI-CUST,EQ-ALPHA-03,BOOKED,2026-08-18,SELL,845.93,250,2026-08-17,ICICI-CUST,RECEIVED,TRAIN
TRD100022,2026-08-10,RELIANCE,INE100022,RELIANCE,200,2862.73,572546.0,HDFC-CUST,EQ-CORE-01,BOOKED,2026-08-11,BUY,2862.73,200,2026-08-10,HDFC-CUST,RECEIVED,TRAIN
TRD100023,2026-08-16,TATASTEEL,INE100023,TATASTEEL,200,171.74,34348.0,ICICI-CUST,EQ-CORE-02,BOOKED,2026-08-17,BUY,171.74,200,2026-08-17,ICICI-CUST,RECEIVED,TRAIN
TRD100024,2026-08-06,KOTAKBANK,INE100024,KOTAKBANK,2000,1964.44,3928880.0,KOTAK-CUST,EQ-INDEX-04,BOOKED,2026-08-07,BUY,1964.44,2000,2026-08-06,KOTAK-CUST,RECEIVED,TEST
TRD100025,2026-08-13,TATASTEEL,INE100025,TATASTEEL,500,172.82,86410.0,NOMURA-BROKER,EQ-ALPHA-03,BOOKED,2026-08-14,SELL,172.82,500,2026-08-13,NOMURA-BROKER,RECEIVED,TEST
TRD100026,2026-08-08,TATASTEEL,INE100026,TATASTEEL,2000,171.8,343600.0,ICICI-CUST,EQ-ALPHA-03,BOOKED,2026-08-09,BUY,171.8,2000,2026-08-08,ICICI-CUST,RECEIVED,TRAIN
TRD100027,2026-08-01,AXISBANK,INE100027,AXISBANK,500,1181.29,590645.0,ICICI-CUST,EQ-CORE-01,BOOKED,2026-08-02,BUY,1181.29,700,2026-08-01,ICICI-CUST,RECEIVED,TRAIN
TRD100028,2026-08-03,TCS,INE100028,TCS,100,4135.57,413557.0,MORGANSTANLEY-BROKER,EQ-CORE-02,BOOKED,2026-08-04,SELL,4135.57,100,2026-08-03,MORGANSTANLEY-BROKER,RECEIVED,TEST
TRD100029,2026-08-05,KOTAKBANK,INE100029,KOTAKBANK,2000,1950.11,3900220.0,NOMURA-BROKER,EQ-INDEX-04,BOOKED,2026-08-06,BUY,1950.11,2000,2026-08-05,NOMURA-BROKER,RECEIVED,TRAIN
TRD100030,2026-08-07,HINDUNILVR,INE100030,HINDUNILVR,2000,2754.04,5508080.0,ICICI-CUST,EQ-CORE-01,BOOKED,2026-08-08,SELL,2754.04,2000,2026-08-07,ICICI-CUST,RECEIVED,TRAIN
TRD100031,2026-08-02,SBIN,INE100031,SBIN,1500,844.85,1267275.0,NOMURA-BROKER,EQ-CORE-01,BOOKED,2026-08-03,BUY,844.85,1700,2026-08-02,NOMURA-BROKER,RECEIVED,TRAIN
TRD100032,2026-08-04,BHARTIARTL,INE100032,BHARTIARTL,1000,1695.48,1695480.0,HDFC-CUST,EQ-CORE-02,BOOKED,2026-08-05,BUY,1695.48,1000,2026-08-04,HDFC-CUST,RECEIVED,TRAIN
TRD100033,2026-08-06,LT,INE100033,LT,2000,3666.91,7333820.0,KOTAK-CUST,EQ-INDEX-04,BOOKED,2026-08-07,BUY,3666.91,2000,2026-08-06,KOTAK-CUST,RECEIVED,TRAIN
TRD100034,2026-08-18,MARUTI,INE100034,MARUTI,200,12972.62,2594524.0,ICICI-CUST,EQ-CORE-01,BOOKED,2026-08-19,BUY,12972.62,200,2026-08-18,ICICI-CUST,RECEIVED,TRAIN
TRD100035,2026-08-16,TCS,INE100035,TCS,500,4107.0,2053500.0,DEUTSCHE-BROKER,EQ-CORE-02,BOOKED,2026-08-17,SELL,4107.0,500,2026-08-16,DEUTSCHE-BROKER,RECEIVED,TRAIN
TRD100036,2026-08-01,TATASTEEL,INE100036,TATASTEEL,100,171.87,17187.0,DEUTSCHE-BROKER,EQ-ALPHA-03,BOOKED,2026-08-02,SELL,174.04,175,2026-08-01,DEUTSCHE-BROKER,RECEIVED,TEST
TRD100037,2026-08-18,ICICIBANK,INE100037,ICICIBANK,1500,1243.24,1864860.0,NOMURA-BROKER,EQ-INDEX-04,BOOKED,2026-08-19,BUY,1243.24,1500,2026-08-19,NOMURA-BROKER,RECEIVED,TEST
TRD100038,2026-08-02,HDFCBANK,INE100038,HDFCBANK,750,1670.47,1252852.5,MORGANSTANLEY-BROKER,EQ-CORE-01,BOOKED,2026-08-03,SELL,1670.47,750,2026-08-02,MORGANSTANLEY-BROKER,RECEIVED,TRAIN
TRD100039,2026-08-17,RELIANCE,INE100039,RELIANCE,100,2852.9,285290.0,MORGANSTANLEY-BROKER,EQ-CORE-02,BOOKED,2026-08-18,BUY,2852.9,100,2026-08-17,MORGANSTANLEY-BROKER,RECEIVED,TRAIN
TRD100040,2026-08-03,LT,INE100040,LT,200,3693.08,738616.0,MORGANSTANLEY-BROKER,EQ-CORE-01,BOOKED,2026-08-04,BUY,3693.08,200,2026-08-03,MORGANSTANLEY-BROKER,RECEIVED,TRAIN
TRD100041,2026-08-19,BHARTIARTL,INE100041,BHARTIARTL,200,1697.86,339572.0,HDFC-CUST,EQ-CORE-01,BOOKED,2026-08-20,BUY,1697.86,200,2026-08-19,HDFC-CUST,RECEIVED,TRAIN
TRD100042,2026-08-07,BHARTIARTL,INE100042,BHARTIARTL,1000,1697.75,1697750.0,NOMURA-BROKER,EQ-ALPHA-03,BOOKED,2026-08-08,BUY,1697.75,1000,2026-08-07,NOMURA-BROKER,RECEIVED,TRAIN
TRD100043,2026-08-21,ICICIBANK,INE100043,ICICIBANK,1500,1236.22,1854330.0,KOTAK-CUST,EQ-INDEX-04,BOOKED,2026-08-22,SELL,1236.22,1500,2026-08-21,KOTAK-CUST,RECEIVED,TRAIN
TRD100044,2026-08-20,TATASTEEL,INE100044,TATASTEEL,200,171.6,34320.0,MORGANSTANLEY-BROKER,EQ-CORE-01,BOOKED,2026-08-21,BUY,171.6,200,2026-08-20,MORGANSTANLEY-BROKER,RECEIVED,TRAIN
TRD100045,2026-08-05,LT,INE100045,LT,500,3680.37,1840185.0,KOTAK-CUST,EQ-CORE-01,BOOKED,2026-08-06,BUY,3680.37,500,2026-08-05,KOTAK-CUST,RECEIVED,TEST
TRD100046,2026-08-18,SBIN,INE100046,SBIN,750,842.71,632032.5,NOMURA-BROKER,EQ-ALPHA-03,BOOKED,2026-08-19,BUY,842.71,750,2026-08-18,MORGANSTANLEY-BROKER,RECEIVED,TEST
TRD100047,2026-08-04,KOTAKBANK,INE100047,KOTAKBANK,750,1964.14,1473105.0,HDFC-CUST,EQ-ALPHA-03,BOOKED,2026-08-05,BUY,1964.14,750,2026-08-04,HDFC-CUST,RECEIVED,TRAIN
TRD100048,2026-08-05,TATASTEEL,INE100048,TATASTEEL,200,172.87,34574.0,KOTAK-CUST,EQ-ALPHA-03,BOOKED,2026-08-06,BUY,172.87,200,2026-08-05,KOTAK-CUST,RECEIVED,TRAIN
TRD100049,2026-08-21,WIPRO,INE100049,WIPRO,1000,608.54,608540.0,KOTAK-CUST,EQ-INDEX-04,BOOKED,2026-08-22,SELL,608.54,1000,2026-08-21,KOTAK-CUST,RECEIVED,TRAIN
TRD100050,2026-08-14,TATASTEEL,INE100050,TATASTEEL,100,171.75,17175.0,KOTAK-CUST,EQ-CORE-01,BOOKED,2026-08-15,BUY,171.75,100,2026-08-14,KOTAK-CUST,RECEIVED,TRAIN
TRD100051,2026-08-09,SBIN,INE100051,SBIN,250,846.76,211690.0,HDFC-CUST,EQ-INDEX-04,BOOKED,2026-08-10,SELL,846.76,250,2026-08-09,HDFC-CUST,RECEIVED,TRAIN
TRD100052,2026-08-05,LT,INE100052,LT,100,3665.87,366587.0,MORGANSTANLEY-BROKER,EQ-CORE-01,BOOKED,2026-08-06,SELL,3665.87,100,2026-08-05,MORGANSTANLEY-BROKER,RECEIVED,TRAIN
TRD100053,2026-08-02,AXISBANK,INE100053,AXISBANK,250,1179.42,294855.0,KOTAK-CUST,EQ-ALPHA-03,BOOKED,2026-08-03,BUY,1179.42,250,2026-08-02,KOTAK-CUST,RECEIVED,TRAIN
TRD100054,2026-08-08,TATASTEEL,INE100054,TATASTEEL,1000,171.95,171950.0,NOMURA-BROKER,EQ-CORE-01,BOOKED,2026-08-09,SELL,171.95,1000,2026-08-08,NOMURA-BROKER,RECEIVED,TRAIN
TRD100055,2026-08-05,HINDUNILVR,INE100055,HINDUNILVR,1500,2758.61,4137915.0,HDFC-CUST,EQ-CORE-02,BOOKED,2026-08-06,BUY,2789.43,1425,2026-08-05,HDFC-CUST,RECEIVED,TRAIN
TRD100056,2026-08-11,TATASTEEL,INE100056,TATASTEEL,1500,171.63,257445.0,DEUTSCHE-BROKER,EQ-CORE-02,BOOKED,2026-08-12,SELL,171.63,1500,2026-08-11,DEUTSCHE-BROKER,RECEIVED,TEST
TRD100057,2026-08-02,INFY,INE100057,INFY,200,1888.08,377616.0,DEUTSCHE-BROKER,EQ-CORE-02,BOOKED,2026-08-03,BUY,1888.08,200,2026-08-02,DEUTSCHE-BROKER,RECEIVED,TRAIN
TRD100058,2026-08-08,MARUTI,INE100058,MARUTI,2000,12960.49,25920980.0,HDFC-CUST,EQ-CORE-01,BOOKED,2026-08-09,BUY,12960.49,2000,2026-08-08,HDFC-CUST,RECEIVED,TRAIN
TRD100059,2026-08-03,BHARTIARTL,INE100059,BHARTIARTL,1000,1686.66,1686660.0,KOTAK-CUST,EQ-ALPHA-03,BOOKED,2026-08-04,SELL,1686.66,1000,2026-08-03,KOTAK-CUST,RECEIVED,TRAIN
TRD100060,2026-08-04,KOTAKBANK,INE100060,KOTAKBANK,1000,1964.29,1964290.0,KOTAK-CUST,EQ-CORE-02,BOOKED,2026-08-05,SELL,1964.29,1050,2026-08-04,KOTAK-CUST,RECEIVED,TRAIN
TRD100061,2026-08-12,RELIANCE,INE100061,RELIANCE,200,2853.25,570650.0,NOMURA-BROKER,EQ-ALPHA-03,BOOKED,2026-08-13,SELL,2853.25,200,2026-08-12,NOMURA-BROKER,RECEIVED,TRAIN
TRD100062,2026-08-19,AXISBANK,INE100062,AXISBANK,200,1178.9,235780.0,HDFC-CUST,EQ-ALPHA-03,BOOKED,2026-08-20,BUY,1178.9,200,2026-08-19,HDFC-CUST,RECEIVED,TRAIN
TRD100063,2026-08-18,WIPRO,INE100063,WIPRO,1500,607.31,910965.0,NOMURA-BROKER,EQ-CORE-02,BOOKED,2026-08-19,SELL,607.31,1500,2026-08-18,NOMURA-BROKER,RECEIVED,TRAIN
TRD100064,2026-08-11,BHARTIARTL,INE100064,BHARTIARTL,200,1697.99,339598.0,MORGANSTANLEY-BROKER,EQ-ALPHA-03,BOOKED,2026-08-12,BUY,1697.99,200,2026-08-11,MORGANSTANLEY-BROKER,RECEIVED,TRAIN
TRD100065,2026-08-14,WIPRO,INE100065,WIPRO,750,610.39,457792.5,KOTAK-CUST,EQ-INDEX-04,BOOKED,2026-08-15,SELL,610.39,750,2026-08-14,KOTAK-CUST,RECEIVED,TRAIN
TRD100066,2026-08-13,LT,INE100066,LT,250,3668.81,917202.5,NOMURA-BROKER,EQ-CORE-02,BOOKED,2026-08-14,SELL,3668.81,250,2026-08-13,NOMURA-BROKER,RECEIVED,TRAIN
TRD100067,2026-08-07,BHARTIARTL,INE100067,BHARTIARTL,100,1687.08,168708.0,DEUTSCHE-BROKER,EQ-ALPHA-03,BOOKED,2026-08-08,SELL,1687.08,100,2026-08-07,DEUTSCHE-BROKER,RECEIVED,TRAIN
TRD100068,2026-08-17,ITC,INE100068,ITC,2000,469.72,939440.0,DEUTSCHE-BROKER,EQ-CORE-02,BOOKED,2026-08-18,BUY,469.72,2000,2026-08-17,DEUTSCHE-BROKER,RECEIVED,TRAIN
TRD100069,2026-08-08,ICICIBANK,INE100069,ICICIBANK,1000,1235.75,1235750.0,NOMURA-BROKER,EQ-ALPHA-03,BOOKED,2026-08-09,BUY,1235.75,1000,2026-08-08,NOMURA-BROKER,RECEIVED,TRAIN
TRD100070,2026-08-02,HINDUNILVR,INE100070,HINDUNILVR,500,2735.92,1367960.0,HDFC-CUST,EQ-INDEX-04,BOOKED,2026-08-03,BUY,2735.92,500,2026-08-02,HDFC-CUST,RECEIVED,TEST
TRD100071,2026-08-19,ITC,INE100071,ITC,1500,470.71,706065.0,HDFC-CUST,EQ-INDEX-04,BOOKED,2026-08-20,SELL,460.15,1500,2026-08-19,HDFC-CUST,RECEIVED,TRAIN
TRD100072,2026-08-01,BHARTIARTL,INE100072,BHARTIARTL,500,1684.44,842220.0,ICICI-CUST,EQ-INDEX-04,BOOKED,2026-08-02,BUY,1684.44,550,2026-08-01,ICICI-CUST,RECEIVED,TRAIN
TRD100073,2026-08-08,INFY,INE100073,INFY,2000,1881.8,3763600.0,ICICI-CUST,EQ-INDEX-04,BOOKED,2026-08-09,BUY,1881.8,2000,2026-08-08,HDFC-CUST,RECEIVED,TRAIN
TRD100074,2026-08-18,HINDUNILVR,INE100074,HINDUNILVR,2000,2750.2,5500400.0,MORGANSTANLEY-BROKER,EQ-ALPHA-03,BOOKED,2026-08-19,SELL,2750.2,2000,2026-08-18,HDFC-CUST,RECEIVED,TRAIN
TRD100075,2026-08-18,AXISBANK,INE100075,AXISBANK,1500,1184.15,1776225.0,DEUTSCHE-BROKER,EQ-CORE-02,BOOKED,2026-08-19,SELL,1184.15,1500,2026-08-18,DEUTSCHE-BROKER,RECEIVED,TEST
TRD100076,2026-08-21,ITC,INE100076,ITC,750,470.08,352560.0,KOTAK-CUST,EQ-INDEX-04,BOOKED,2026-08-22,BUY,470.08,750,2026-08-21,KOTAK-CUST,RECEIVED,TEST
TRD100077,2026-08-10,ICICIBANK,INE100077,ICICIBANK,2000,1235.56,2471120.0,HDFC-CUST,EQ-ALPHA-03,BOOKED,2026-08-11,SELL,1235.56,2200,2026-08-10,HDFC-CUST,RECEIVED,TRAIN
TRD100078,2026-08-08,SBIN,INE100078,SBIN,200,842.54,168508.0,DEUTSCHE-BROKER,EQ-CORE-02,BOOKED,2026-08-09,BUY,842.54,200,2026-08-08,DEUTSCHE-BROKER,RECEIVED,TEST
TRD100079,2026-08-18,TCS,INE100079,TCS,1500,4116.94,6175410.0,DEUTSCHE-BROKER,EQ-INDEX-04,BOOKED,2026-08-19,BUY,4116.94,1500,2026-08-18,DEUTSCHE-BROKER,RECEIVED,TRAIN
TRD100080,2026-08-19,HDFCBANK,INE100080,HDFCBANK,1500,1673.35,2510025.0,NOMURA-BROKER,EQ-CORE-01,BOOKED,2026-08-20,SELL,1673.35,1500,2026-08-19,NOMURA-BROKER,RECEIVED,TRAIN
TRD100081,2026-08-10,ITC,INE100081,ITC,100,470.98,47098.0,DEUTSCHE-BROKER,EQ-INDEX-04,BOOKED,2026-08-11,BUY,470.98,100,2026-08-10,DEUTSCHE-BROKER,RECEIVED,TRAIN
TRD100082,2026-08-16,ITC,INE100082,ITC,500,467.84,233920.0,ICICI-CUST,EQ-INDEX-04,BOOKED,2026-08-17,SELL,467.84,500,2026-08-16,ICICI-CUST,RECEIVED,TRAIN
TRD100083,2026-08-15,KOTAKBANK,INE100083,KOTAKBANK,1500,1960.08,2940120.0,HDFC-CUST,EQ-CORE-01,BOOKED,2026-08-16,SELL,1960.08,1500,2026-08-15,HDFC-CUST,RECEIVED,TRAIN
TRD100084,2026-08-14,AXISBANK,INE100084,AXISBANK,100,1175.34,117534.0,HDFC-CUST,EQ-INDEX-04,BOOKED,2026-08-15,BUY,1175.34,100,2026-08-14,HDFC-CUST,RECEIVED,TRAIN
TRD100085,2026-08-07,RELIANCE,INE100085,RELIANCE,750,2847.05,2135287.5,DEUTSCHE-BROKER,EQ-ALPHA-03,BOOKED,2026-08-08,SELL,2847.05,750,2026-08-07,DEUTSCHE-BROKER,RECEIVED,TEST
TRD100086,2026-08-14,HINDUNILVR,INE100086,HINDUNILVR,1500,2739.51,4109265.0,KOTAK-CUST,EQ-CORE-01,BOOKED,2026-08-15,SELL,2739.51,1500,2026-08-14,KOTAK-CUST,RECEIVED,TRAIN
TRD100087,2026-08-12,RELIANCE,INE100087,RELIANCE,100,2864.75,286475.0,HDFC-CUST,EQ-CORE-01,BOOKED,2026-08-13,BUY,2864.75,100,2026-08-12,HDFC-CUST,RECEIVED,TRAIN
TRD100088,2026-08-07,HINDUNILVR,INE100088,HINDUNILVR,100,2757.94,275794.0,ICICI-CUST,EQ-CORE-02,BOOKED,2026-08-08,BUY,2757.94,100,2026-08-07,ICICI-CUST,RECEIVED,TRAIN
TRD100089,2026-08-19,INFY,INE100089,INFY,2000,1893.5,3787000.0,HDFC-CUST,EQ-INDEX-04,BOOKED,2026-08-20,SELL,1893.5,2000,2026-08-19,HDFC-CUST,RECEIVED,TRAIN
TRD100090,2026-08-20,HINDUNILVR,INE100090,HINDUNILVR,1000,2736.48,2736480.0,NOMURA-BROKER,EQ-CORE-01,BOOKED,2026-08-21,BUY,2736.48,1000,2026-08-20,NOMURA-BROKER,RECEIVED,TRAIN
TRD100091,2026-08-10,ICICIBANK,INE100091,ICICIBANK,200,1241.78,248356.0,MORGANSTANLEY-BROKER,EQ-INDEX-04,BOOKED,2026-08-11,SELL,1241.78,200,2026-08-11,MORGANSTANLEY-BROKER,RECEIVED,TRAIN
TRD100092,2026-08-21,WIPRO,INE100092,WIPRO,500,607.76,303880.0,HDFC-CUST,EQ-CORE-01,BOOKED,2026-08-22,SELL,607.76,500,2026-08-21,HDFC-CUST,RECEIVED,TRAIN
TRD100093,2026-08-19,MARUTI,INE100093,MARUTI,200,13018.45,2603690.0,ICICI-CUST,EQ-ALPHA-03,BOOKED,2026-08-20,SELL,13018.45,200,2026-08-19,ICICI-CUST,RECEIVED,TRAIN
TRD100094,2026-08-21,KOTAKBANK,INE100094,KOTAKBANK,1000,1947.27,1947270.0,KOTAK-CUST,EQ-CORE-01,BOOKED,2026-08-22,SELL,1947.27,1000,2026-08-21,KOTAK-CUST,RECEIVED,TEST
TRD100095,2026-08-12,MARUTI,INE100095,MARUTI,2000,12928.8,25857600.0,NOMURA-BROKER,EQ-INDEX-04,BOOKED,2026-08-13,BUY,12928.8,2000,2026-08-12,NOMURA-BROKER,RECEIVED,TRAIN
TRD100096,2026-08-21,BHARTIARTL,INE100096,BHARTIARTL,250,1694.35,423587.5,KOTAK-CUST,EQ-INDEX-04,BOOKED,2026-08-22,SELL,1694.35,250,2026-08-21,KOTAK-CUST,RECEIVED,TRAIN
TRD100097,2026-08-08,BHARTIARTL,INE100097,BHARTIARTL,750,1687.4,1265550.0,ICICI-CUST,EQ-ALPHA-03,BOOKED,2026-08-09,SELL,1687.4,800,2026-08-08,ICICI-CUST,RECEIVED,TRAIN
TRD100098,2026-08-13,HDFCBANK,INE100098,HDFCBANK,2000,1676.37,3352740.0,KOTAK-CUST,EQ-CORE-01,BOOKED,2026-08-14,SELL,1676.37,2000,2026-08-13,HDFC-CUST,RECEIVED,TRAIN
TRD100099,2026-08-07,MARUTI,INE100099,MARUTI,1000,12938.7,12938700.0,KOTAK-CUST,EQ-ALPHA-03,BOOKED,2026-08-08,SELL,12938.7,1000,2026-08-07,KOTAK-CUST,RECEIVED,TRAIN
TRD100100,2026-08-17,ICICIBANK,INE100100,ICICIBANK,750,1241.49,931117.5,HDFC-CUST,EQ-CORE-01,BOOKED,2026-08-18,BUY,1241.49,750,2026-08-17,HDFC-CUST,RECEIVED,TRAIN
TRD100101,2026-08-08,WIPRO,INE100101,WIPRO,1500,610.28,915420.0,NOMURA-BROKER,EQ-INDEX-04,BOOKED,2026-08-09,SELL,610.28,1500,2026-08-08,NOMURA-BROKER,RECEIVED,TRAIN
TRD100102,2026-08-08,ITC,INE100102,ITC,100,466.99,46699.0,DEUTSCHE-BROKER,EQ-CORE-02,BOOKED,2026-08-09,SELL,466.99,100,2026-08-08,DEUTSCHE-BROKER,RECEIVED,TRAIN
TRD100103,2026-08-17,KOTAKBANK,INE100103,KOTAKBANK,1000,1955.18,1955180.0,KOTAK-CUST,EQ-INDEX-04,BOOKED,2026-08-18,SELL,1955.18,1000,2026-08-17,KOTAK-CUST,RECEIVED,TRAIN
TRD100104,2026-08-09,SBIN,INE100104,SBIN,2000,843.66,1687320.0,HDFC-CUST,EQ-CORE-01,BOOKED,2026-08-10,BUY,843.66,2000,2026-08-09,HDFC-CUST,RECEIVED,TRAIN
TRD100105,2026-08-06,SBIN,INE100105,SBIN,200,847.65,169530.0,HDFC-CUST,EQ-CORE-02,BOOKED,2026-08-07,SELL,847.65,200,2026-08-06,HDFC-CUST,RECEIVED,TEST
TRD100106,2026-08-07,ICICIBANK,INE100106,ICICIBANK,750,1246.76,935070.0,KOTAK-CUST,EQ-CORE-02,BOOKED,2026-08-08,SELL,1246.76,750,2026-08-07,KOTAK-CUST,RECEIVED,TEST
TRD100107,2026-08-18,INFY,INE100107,INFY,750,1881.12,1410840.0,HDFC-CUST,EQ-ALPHA-03,BOOKED,2026-08-19,BUY,1881.12,750,2026-08-18,HDFC-CUST,RECEIVED,TRAIN
TRD100108,2026-08-05,RELIANCE,INE100108,RELIANCE,750,2856.13,2142097.5,NOMURA-BROKER,EQ-INDEX-04,BOOKED,2026-08-06,BUY,,,,,MISSING,TRAIN
TRD100109,2026-08-16,MARUTI,INE100109,MARUTI,100,12989.61,1298961.0,DEUTSCHE-BROKER,EQ-INDEX-04,BOOKED,2026-08-17,SELL,12989.61,100,2026-08-16,DEUTSCHE-BROKER,RECEIVED,TRAIN
TRD100110,2026-08-16,INFY,INE100110,INFY,100,1885.62,188562.0,ICICI-CUST,EQ-CORE-01,BOOKED,2026-08-17,SELL,1885.62,100,2026-08-16,ICICI-CUST,RECEIVED,TRAIN
TRD100111,2026-08-02,ITC,INE100111,ITC,200,469.26,93852.0,HDFC-CUST,EQ-CORE-02,BOOKED,2026-08-03,SELL,469.26,200,2026-08-02,HDFC-CUST,RECEIVED,TRAIN
TRD100112,2026-08-14,TCS,INE100112,TCS,500,4105.03,2052515.0,MORGANSTANLEY-BROKER,EQ-CORE-02,BOOKED,2026-08-15,SELL,4166.78,425,2026-08-14,MORGANSTANLEY-BROKER,RECEIVED,TRAIN
TRD100113,2026-08-19,ITC,INE100113,ITC,2000,467.95,935900.0,DEUTSCHE-BROKER,EQ-ALPHA-03,BOOKED,2026-08-20,BUY,,,,,MISSING,TRAIN
TRD100114,2026-08-07,AXISBANK,INE100114,AXISBANK,200,1185.53,237106.0,NOMURA-BROKER,EQ-CORE-02,BOOKED,2026-08-08,SELL,1185.53,200,2026-08-07,NOMURA-BROKER,RECEIVED,TEST
TRD100115,2026-08-06,KOTAKBANK,INE100115,KOTAKBANK,200,1948.99,389798.0,MORGANSTANLEY-BROKER,EQ-CORE-01,BOOKED,2026-08-07,BUY,1948.99,200,2026-08-06,MORGANSTANLEY-BROKER,RECEIVED,TRAIN
TRD100116,2026-08-20,RELIANCE,INE100116,RELIANCE,1500,2849.09,4273635.0,DEUTSCHE-BROKER,EQ-ALPHA-03,BOOKED,2026-08-21,BUY,2849.09,1500,2026-08-20,DEUTSCHE-BROKER,RECEIVED,TRAIN
TRD100117,2026-08-15,HDFCBANK,INE100117,HDFCBANK,750,1678.67,1259002.5,ICICI-CUST,EQ-CORE-02,BOOKED,2026-08-16,SELL,1678.67,750,2026-08-15,ICICI-CUST,RECEIVED,TEST
TRD100118,2026-08-18,HINDUNILVR,INE100118,HINDUNILVR,500,2743.54,1371770.0,HDFC-CUST,EQ-CORE-02,BOOKED,2026-08-19,SELL,2743.54,500,2026-08-18,HDFC-CUST,RECEIVED,TRAIN
TRD100119,2026-08-06,MARUTI,INE100119,MARUTI,250,12924.37,3231092.5,KOTAK-CUST,EQ-ALPHA-03,BOOKED,2026-08-07,SELL,12924.37,250,2026-08-06,KOTAK-CUST,RECEIVED,TRAIN
TRD100120,2026-08-13,TCS,INE100120,TCS,2000,4128.52,8257040.0,KOTAK-CUST,EQ-INDEX-04,BOOKED,2026-08-14,SELL,4128.52,2000,2026-08-13,KOTAK-CUST,RECEIVED,TRAIN
TRD100121,2026-08-11,TCS,INE100121,TCS,100,4136.8,413680.0,MORGANSTANLEY-BROKER,EQ-ALPHA-03,BOOKED,2026-08-12,BUY,4136.8,100,2026-08-11,MORGANSTANLEY-BROKER,RECEIVED,TRAIN
TRD100122,2026-08-19,TCS,INE100122,TCS,500,4139.78,2069890.0,MORGANSTANLEY-BROKER,EQ-CORE-01,BOOKED,2026-08-20,SELL,4139.78,500,2026-08-19,MORGANSTANLEY-BROKER,RECEIVED,TEST
TRD100123,2026-08-06,AXISBANK,INE100123,AXISBANK,100,1183.36,118336.0,DEUTSCHE-BROKER,EQ-INDEX-04,BOOKED,2026-08-07,SELL,1183.36,100,2026-08-06,DEUTSCHE-BROKER,RECEIVED,TEST
TRD100124,2026-08-16,INFY,INE100124,INFY,1500,1892.85,2839275.0,ICICI-CUST,EQ-INDEX-04,BOOKED,2026-08-17,SELL,1892.85,1500,2026-08-16,ICICI-CUST,RECEIVED,TRAIN
TRD100125,2026-08-04,BHARTIARTL,INE100125,BHARTIARTL,1000,1687.38,1687380.0,HDFC-CUST,EQ-ALPHA-03,BOOKED,2026-08-05,SELL,1687.38,1000,2026-08-04,HDFC-CUST,RECEIVED,TRAIN
TRD100126,2026-08-13,WIPRO,INE100126,WIPRO,2000,609.06,1218120.0,MORGANSTANLEY-BROKER,EQ-CORE-01,BOOKED,2026-08-14,SELL,609.06,2000,2026-08-13,MORGANSTANLEY-BROKER,RECEIVED,TEST
TRD100127,2026-08-04,TCS,INE100127,TCS,1000,4110.55,4110550.0,DEUTSCHE-BROKER,EQ-CORE-01,BOOKED,2026-08-05,SELL,4110.55,1000,2026-08-04,DEUTSCHE-BROKER,RECEIVED,TRAIN
TRD100128,2026-08-12,BHARTIARTL,INE100128,BHARTIARTL,100,1685.12,168512.0,MORGANSTANLEY-BROKER,EQ-INDEX-04,BOOKED,2026-08-13,SELL,1685.12,100,2026-08-12,KOTAK-CUST,RECEIVED,TRAIN
TRD100129,2026-08-18,HINDUNILVR,INE100129,HINDUNILVR,100,2737.46,273746.0,HDFC-CUST,EQ-ALPHA-03,BOOKED,2026-08-19,SELL,2737.46,100,2026-08-18,HDFC-CUST,RECEIVED,TRAIN
TRD100130,2026-08-21,TATASTEEL,INE100130,TATASTEEL,2000,171.8,343600.0,MORGANSTANLEY-BROKER,EQ-CORE-02,BOOKED,2026-08-22,BUY,171.8,2000,2026-08-22,MORGANSTANLEY-BROKER,RECEIVED,TRAIN
TRD100131,2026-08-03,ICICIBANK,INE100131,ICICIBANK,100,1241.45,124145.0,HDFC-CUST,EQ-CORE-01,BOOKED,2026-08-04,SELL,1255.72,175,2026-08-03,HDFC-CUST,RECEIVED,TEST
TRD100132,2026-08-10,TCS,INE100132,TCS,250,4120.68,1030170.0,MORGANSTANLEY-BROKER,EQ-ALPHA-03,BOOKED,2026-08-11,SELL,4120.68,250,2026-08-10,MORGANSTANLEY-BROKER,RECEIVED,TEST
TRD100133,2026-08-08,MARUTI,INE100133,MARUTI,2000,13042.34,26084680.0,DEUTSCHE-BROKER,EQ-CORE-02,BOOKED,2026-08-09,SELL,13042.34,2000,2026-08-08,DEUTSCHE-BROKER,RECEIVED,TEST
TRD100134,2026-08-09,HDFCBANK,INE100134,HDFCBANK,250,1681.3,420325.0,DEUTSCHE-BROKER,EQ-ALPHA-03,BOOKED,2026-08-10,SELL,1681.3,250,2026-08-09,DEUTSCHE-BROKER,RECEIVED,TRAIN
TRD100135,2026-08-10,MARUTI,INE100135,MARUTI,100,12951.81,1295181.0,MORGANSTANLEY-BROKER,EQ-INDEX-04,BOOKED,2026-08-11,BUY,12951.81,100,2026-08-10,MORGANSTANLEY-BROKER,RECEIVED,TRAIN
TRD100136,2026-08-18,ITC,INE100136,ITC,2000,468.17,936340.0,MORGANSTANLEY-BROKER,EQ-INDEX-04,BOOKED,2026-08-19,SELL,468.17,2000,2026-08-18,MORGANSTANLEY-BROKER,RECEIVED,TEST
TRD100137,2026-08-08,TATASTEEL,INE100137,TATASTEEL,1000,173.09,173090.0,MORGANSTANLEY-BROKER,EQ-INDEX-04,BOOKED,2026-08-09,BUY,173.09,1000,2026-08-08,MORGANSTANLEY-BROKER,RECEIVED,TRAIN
TRD100138,2026-08-16,MARUTI,INE100138,MARUTI,1500,12920.77,19381155.0,NOMURA-BROKER,EQ-INDEX-04,BOOKED,2026-08-17,SELL,13140.25,1575,2026-08-16,NOMURA-BROKER,RECEIVED,TRAIN
TRD100139,2026-08-02,KOTAKBANK,INE100139,KOTAKBANK,250,1955.61,488902.5,HDFC-CUST,EQ-ALPHA-03,BOOKED,2026-08-03,BUY,1955.61,250,2026-08-02,HDFC-CUST,RECEIVED,TRAIN
TRD100140,2026-08-15,MARUTI,INE100140,MARUTI,2000,12928.04,25856080.0,ICICI-CUST,EQ-CORE-02,BOOKED,2026-08-16,SELL,12928.04,2000,2026-08-15,ICICI-CUST,RECEIVED,TRAIN
TRD100141,2026-08-09,MARUTI,INE100141,MARUTI,250,12924.81,3231202.5,KOTAK-CUST,EQ-INDEX-04,BOOKED,2026-08-10,BUY,12924.81,250,2026-08-09,ICICI-CUST,RECEIVED,TRAIN
TRD100142,2026-08-18,MARUTI,INE100142,MARUTI,1000,13025.73,13025730.0,DEUTSCHE-BROKER,EQ-ALPHA-03,BOOKED,2026-08-19,SELL,13025.73,1000,2026-08-18,DEUTSCHE-BROKER,RECEIVED,TRAIN
TRD100143,2026-08-08,MARUTI,INE100143,MARUTI,100,12995.25,1299525.0,NOMURA-BROKER,EQ-ALPHA-03,BOOKED,2026-08-09,BUY,12995.25,100,2026-08-08,NOMURA-BROKER,RECEIVED,TRAIN
TRD100144,2026-08-04,WIPRO,INE100144,WIPRO,200,609.95,121990.0,NOMURA-BROKER,EQ-CORE-01,BOOKED,2026-08-05,SELL,609.95,200,2026-08-04,NOMURA-BROKER,RECEIVED,TRAIN
TRD100145,2026-08-02,INFY,INE100145,INFY,750,1897.93,1423447.5,KOTAK-CUST,EQ-CORE-01,BOOKED,2026-08-03,SELL,,,,,MISSING,TEST
TRD100146,2026-08-08,SBIN,INE100146,SBIN,1000,845.01,845010.0,MORGANSTANLEY-BROKER,EQ-INDEX-04,BOOKED,2026-08-09,BUY,845.01,1000,2026-08-08,MORGANSTANLEY-BROKER,RECEIVED,TRAIN
TRD100147,2026-08-13,INFY,INE100147,INFY,250,1882.34,470585.0,MORGANSTANLEY-BROKER,EQ-CORE-02,BOOKED,2026-08-14,SELL,1882.34,250,2026-08-13,MORGANSTANLEY-BROKER,RECEIVED,TRAIN
TRD100148,2026-08-21,TATASTEEL,INE100148,TATASTEEL,250,171.99,42997.5,KOTAK-CUST,EQ-INDEX-04,BOOKED,2026-08-22,SELL,171.99,250,2026-08-21,KOTAK-CUST,RECEIVED,TEST
TRD100149,2026-08-15,KOTAKBANK,INE100149,KOTAKBANK,100,1963.5,196350.0,KOTAK-CUST,EQ-CORE-02,BOOKED,2026-08-16,BUY,1963.5,100,2026-08-15,KOTAK-CUST,RECEIVED,TRAIN
TRD100150,2026-08-10,ITC,INE100150,ITC,1000,471.19,471190.0,NOMURA-BROKER,EQ-INDEX-04,BOOKED,2026-08-11,SELL,471.19,1000,2026-08-10,NOMURA-BROKER,RECEIVED,TRAIN
TRD100151,2026-08-13,ITC,INE100151,ITC,750,467.49,350617.5,DEUTSCHE-BROKER,EQ-CORE-01,BOOKED,2026-08-14,BUY,467.49,750,2026-08-13,DEUTSCHE-BROKER,RECEIVED,TEST
TRD100152,2026-08-10,BHARTIARTL,INE100152,BHARTIARTL,1000,1691.66,1691660.0,ICICI-CUST,EQ-INDEX-04,BOOKED,2026-08-11,SELL,1691.66,1000,2026-08-10,ICICI-CUST,RECEIVED,TEST
TRD100153,2026-08-16,RELIANCE,INE100153,RELIANCE,100,2862.2,286220.0,KOTAK-CUST,EQ-CORE-02,BOOKED,2026-08-17,SELL,2862.2,100,2026-08-16,KOTAK-CUST,RECEIVED,TRAIN
TRD100154,2026-08-05,HDFCBANK,INE100154,HDFCBANK,500,1677.23,838615.0,NOMURA-BROKER,EQ-CORE-01,BOOKED,2026-08-06,BUY,1677.23,500,2026-08-05,NOMURA-BROKER,RECEIVED,TRAIN
TRD100155,2026-08-12,ICICIBANK,INE100155,ICICIBANK,2000,1235.01,2470020.0,NOMURA-BROKER,EQ-CORE-02,BOOKED,2026-08-13,BUY,1235.01,2000,2026-08-12,NOMURA-BROKER,RECEIVED,TRAIN
TRD100156,2026-08-14,TATASTEEL,INE100156,TATASTEEL,750,172.15,129112.5,HDFC-CUST,EQ-CORE-02,BOOKED,2026-08-15,BUY,172.15,750,2026-08-14,HDFC-CUST,RECEIVED,TRAIN
TRD100157,2026-08-09,HINDUNILVR,INE100157,HINDUNILVR,1000,2746.45,2746450.0,HDFC-CUST,EQ-ALPHA-03,BOOKED,2026-08-10,SELL,2746.45,1000,2026-08-09,HDFC-CUST,RECEIVED,TEST
TRD100158,2026-08-11,HINDUNILVR,INE100158,HINDUNILVR,750,2752.37,2064277.5,ICICI-CUST,EQ-INDEX-04,BOOKED,2026-08-12,BUY,2800.92,750,2026-08-11,ICICI-CUST,RECEIVED,TEST
TRD100159,2026-08-13,INFY,INE100159,INFY,500,1897.11,948555.0,MORGANSTANLEY-BROKER,EQ-ALPHA-03,BOOKED,2026-08-14,BUY,1897.11,500,2026-08-13,MORGANSTANLEY-BROKER,RECEIVED,TRAIN
TRD100160,2026-08-18,HINDUNILVR,INE100160,HINDUNILVR,1500,2732.25,4098375.0,ICICI-CUST,EQ-INDEX-04,BOOKED,2026-08-19,SELL,2732.25,1500,2026-08-18,ICICI-CUST,RECEIVED,TRAIN
TRD100161,2026-08-21,KOTAKBANK,INE100161,KOTAKBANK,750,1957.35,1468012.5,KOTAK-CUST,EQ-CORE-01,BOOKED,2026-08-22,BUY,1957.35,750,2026-08-22,KOTAK-CUST,RECEIVED,TEST
TRD100162,2026-08-18,ITC,INE100162,ITC,100,469.46,46946.0,KOTAK-CUST,EQ-CORE-02,BOOKED,2026-08-19,BUY,481.68,100,2026-08-18,KOTAK-CUST,RECEIVED,TEST
TRD100163,2026-08-10,KOTAKBANK,INE100163,KOTAKBANK,2000,1963.71,3927420.0,NOMURA-BROKER,EQ-INDEX-04,BOOKED,2026-08-11,BUY,1963.71,2000,2026-08-10,NOMURA-BROKER,RECEIVED,TEST
TRD100164,2026-08-10,INFY,INE100164,INFY,100,1898.74,189874.0,DEUTSCHE-BROKER,EQ-CORE-01,BOOKED,2026-08-11,BUY,1898.74,100,2026-08-10,DEUTSCHE-BROKER,RECEIVED,TRAIN
TRD100165,2026-08-12,HDFCBANK,INE100165,HDFCBANK,250,1673.33,418332.5,NOMURA-BROKER,EQ-INDEX-04,BOOKED,2026-08-13,BUY,1673.33,250,2026-08-12,NOMURA-BROKER,RECEIVED,TRAIN
TRD100166,2026-08-16,TATASTEEL,INE100166,TATASTEEL,1500,172.72,259080.0,MORGANSTANLEY-BROKER,EQ-INDEX-04,BOOKED,2026-08-17,SELL,167.72,1500,2026-08-16,MORGANSTANLEY-BROKER,RECEIVED,TRAIN
TRD100167,2026-08-15,RELIANCE,INE100167,RELIANCE,1000,2842.44,2842440.0,HDFC-CUST,EQ-ALPHA-03,BOOKED,2026-08-16,BUY,2842.44,1000,2026-08-15,HDFC-CUST,RECEIVED,TRAIN
TRD100168,2026-08-21,KOTAKBANK,INE100168,KOTAKBANK,1000,1956.57,1956570.0,KOTAK-CUST,EQ-CORE-01,BOOKED,2026-08-22,SELL,1956.57,1200,2026-08-21,KOTAK-CUST,RECEIVED,TRAIN
TRD100169,2026-08-15,ICICIBANK,INE100169,ICICIBANK,500,1246.61,623305.0,ICICI-CUST,EQ-CORE-02,BOOKED,2026-08-16,BUY,1246.61,500,2026-08-15,ICICI-CUST,RECEIVED,TEST
TRD100170,2026-08-05,RELIANCE,INE100170,RELIANCE,1000,2843.19,2843190.0,MORGANSTANLEY-BROKER,EQ-CORE-02,BOOKED,2026-08-06,BUY,2843.19,1000,2026-08-05,MORGANSTANLEY-BROKER,RECEIVED,TRAIN
TRD100171,2026-08-08,MARUTI,INE100171,MARUTI,500,12991.21,6495605.0,KOTAK-CUST,EQ-CORE-02,BOOKED,2026-08-09,BUY,12991.21,500,2026-08-08,KOTAK-CUST,RECEIVED,TRAIN
TRD100172,2026-08-18,ICICIBANK,INE100172,ICICIBANK,250,1246.85,311712.5,KOTAK-CUST,EQ-CORE-02,BOOKED,2026-08-19,BUY,1246.85,250,2026-08-18,KOTAK-CUST,RECEIVED,TEST
TRD100173,2026-08-12,KOTAKBANK,INE100173,KOTAKBANK,100,1948.5,194850.0,HDFC-CUST,EQ-ALPHA-03,BOOKED,2026-08-13,BUY,1948.5,100,2026-08-12,HDFC-CUST,RECEIVED,TRAIN
TRD100174,2026-08-14,INFY,INE100174,INFY,750,1881.84,1411380.0,MORGANSTANLEY-BROKER,EQ-CORE-01,BOOKED,2026-08-15,BUY,1881.84,750,2026-08-14,MORGANSTANLEY-BROKER,RECEIVED,TRAIN
TRD100175,2026-08-17,ITC,INE100175,ITC,2000,470.2,940400.0,MORGANSTANLEY-BROKER,EQ-CORE-01,BOOKED,2026-08-18,SELL,470.2,2000,2026-08-17,MORGANSTANLEY-BROKER,RECEIVED,TRAIN
TRD100176,2026-08-02,LT,INE100176,LT,500,3696.54,1848270.0,NOMURA-BROKER,EQ-ALPHA-03,BOOKED,2026-08-03,SELL,3696.54,500,2026-08-02,NOMURA-BROKER,RECEIVED,TRAIN
TRD100177,2026-08-16,KOTAKBANK,INE100177,KOTAKBANK,100,1947.11,194711.0,DEUTSCHE-BROKER,EQ-INDEX-04,BOOKED,2026-08-17,BUY,1947.11,100,2026-08-16,DEUTSCHE-BROKER,RECEIVED,TEST
TRD100178,2026-08-03,ITC,INE100178,ITC,2000,466.9,933800.0,KOTAK-CUST,EQ-CORE-02,BOOKED,2026-08-04,BUY,466.9,2000,2026-08-03,KOTAK-CUST,RECEIVED,TRAIN
TRD100179,2026-08-19,INFY,INE100179,INFY,750,1892.65,1419487.5,MORGANSTANLEY-BROKER,EQ-ALPHA-03,BOOKED,2026-08-20,SELL,1892.65,750,2026-08-19,MORGANSTANLEY-BROKER,RECEIVED,TRAIN
TRD100180,2026-08-20,AXISBANK,INE100180,AXISBANK,750,1179.7,884775.0,DEUTSCHE-BROKER,EQ-CORE-01,BOOKED,2026-08-21,BUY,1179.7,750,2026-08-20,DEUTSCHE-BROKER,RECEIVED,TRAIN
TRD100181,2026-08-08,MARUTI,INE100181,MARUTI,500,12970.92,6485460.0,DEUTSCHE-BROKER,EQ-ALPHA-03,BOOKED,2026-08-09,SELL,12970.92,500,2026-08-08,DEUTSCHE-BROKER,RECEIVED,TEST
TRD100182,2026-08-11,BHARTIARTL,INE100182,BHARTIARTL,1500,1694.28,2541420.0,DEUTSCHE-BROKER,EQ-ALPHA-03,BOOKED,2026-08-12,SELL,1694.28,1500,2026-08-11,DEUTSCHE-BROKER,RECEIVED,TRAIN
TRD100183,2026-08-16,SBIN,INE100183,SBIN,250,847.18,211795.0,ICICI-CUST,EQ-CORE-01,BOOKED,2026-08-17,BUY,847.18,250,2026-08-16,ICICI-CUST,RECEIVED,TEST
TRD100184,2026-08-12,TCS,INE100184,TCS,1500,4104.13,6156195.0,HDFC-CUST,EQ-CORE-01,BOOKED,2026-08-13,SELL,4104.13,1500,2026-08-12,HDFC-CUST,RECEIVED,TRAIN
TRD100185,2026-08-14,KOTAKBANK,INE100185,KOTAKBANK,200,1953.96,390792.0,NOMURA-BROKER,EQ-CORE-01,BOOKED,2026-08-15,SELL,1953.96,200,2026-08-14,NOMURA-BROKER,RECEIVED,TEST
TRD100186,2026-08-19,AXISBANK,INE100186,AXISBANK,750,1178.5,883875.0,MORGANSTANLEY-BROKER,EQ-CORE-02,BOOKED,2026-08-20,BUY,1178.5,750,2026-08-19,MORGANSTANLEY-BROKER,RECEIVED,TRAIN
TRD100187,2026-08-04,KOTAKBANK,INE100187,KOTAKBANK,2000,1950.31,3900620.0,KOTAK-CUST,EQ-ALPHA-03,BOOKED,2026-08-05,BUY,1950.31,2000,2026-08-04,KOTAK-CUST,RECEIVED,TEST
TRD100188,2026-08-14,HINDUNILVR,INE100188,HINDUNILVR,750,2747.63,2060722.5,MORGANSTANLEY-BROKER,EQ-CORE-01,BOOKED,2026-08-15,SELL,2747.63,750,2026-08-14,MORGANSTANLEY-BROKER,RECEIVED,TRAIN
TRD100189,2026-08-10,RELIANCE,INE100189,RELIANCE,250,2844.04,711010.0,KOTAK-CUST,EQ-ALPHA-03,BOOKED,2026-08-11,BUY,2844.04,250,2026-08-10,KOTAK-CUST,RECEIVED,TRAIN
TRD100190,2026-08-13,INFY,INE100190,INFY,250,1891.55,472887.5,ICICI-CUST,EQ-CORE-02,BOOKED,2026-08-14,BUY,1891.55,250,2026-08-14,ICICI-CUST,RECEIVED,TEST
TRD100191,2026-08-15,TCS,INE100191,TCS,500,4115.65,2057825.0,KOTAK-CUST,EQ-CORE-02,BOOKED,2026-08-16,SELL,4115.65,500,2026-08-15,KOTAK-CUST,RECEIVED,TRAIN
TRD100192,2026-08-19,ICICIBANK,INE100192,ICICIBANK,1000,1244.23,1244230.0,MORGANSTANLEY-BROKER,EQ-CORE-01,BOOKED,2026-08-20,BUY,1244.23,1000,2026-08-19,MORGANSTANLEY-BROKER,RECEIVED,TEST
TRD100193,2026-08-02,INFY,INE100193,INFY,250,1895.11,473777.5,NOMURA-BROKER,EQ-CORE-01,BOOKED,2026-08-03,SELL,1895.11,250,2026-08-02,NOMURA-BROKER,RECEIVED,TEST
TRD100194,2026-08-15,ITC,INE100194,ITC,1500,468.83,703245.0,DEUTSCHE-BROKER,EQ-ALPHA-03,BOOKED,2026-08-16,BUY,468.83,1500,2026-08-15,DEUTSCHE-BROKER,RECEIVED,TRAIN
TRD100195,2026-08-04,HINDUNILVR,INE100195,HINDUNILVR,200,2741.35,548270.0,KOTAK-CUST,EQ-INDEX-04,BOOKED,2026-08-05,SELL,2741.35,200,2026-08-04,KOTAK-CUST,RECEIVED,TRAIN
TRD100196,2026-08-20,RELIANCE,INE100196,RELIANCE,500,2847.51,1423755.0,ICICI-CUST,EQ-CORE-01,BOOKED,2026-08-21,BUY,2847.51,500,2026-08-20,ICICI-CUST,RECEIVED,TRAIN
TRD100197,2026-08-09,ICICIBANK,INE100197,ICICIBANK,500,1244.12,622060.0,KOTAK-CUST,EQ-ALPHA-03,BOOKED,2026-08-10,BUY,1244.12,500,2026-08-09,KOTAK-CUST,RECEIVED,TRAIN
TRD100198,2026-08-06,RELIANCE,INE100198,RELIANCE,2000,2857.54,5715080.0,HDFC-CUST,EQ-INDEX-04,BOOKED,2026-08-07,BUY,2857.54,2000,2026-08-06,HDFC-CUST,RECEIVED,TRAIN
TRD100199,2026-08-02,LT,INE100199,LT,1000,3664.4,3664400.0,DEUTSCHE-BROKER,EQ-CORE-01,BOOKED,2026-08-03,SELL,3664.4,1000,2026-08-02,DEUTSCHE-BROKER,RECEIVED,TRAIN
TRD100200,2026-08-19,TATASTEEL,INE100200,TATASTEEL,200,173.07,34614.0,DEUTSCHE-BROKER,EQ-INDEX-04,BOOKED,2026-08-20,SELL,173.07,200,2026-08-19,DEUTSCHE-BROKER,RECEIVED,TRAIN
TRD100201,2026-08-11,ICICIBANK,INE100201,ICICIBANK,200,1239.62,247924.0,HDFC-CUST,EQ-INDEX-04,BOOKED,2026-08-12,SELL,1239.62,200,2026-08-11,HDFC-CUST,RECEIVED,TEST
TRD100202,2026-08-08,TCS,INE100202,TCS,1500,4134.95,6202425.0,DEUTSCHE-BROKER,EQ-INDEX-04,BOOKED,2026-08-09,BUY,4134.95,1500,2026-08-08,DEUTSCHE-BROKER,RECEIVED,TRAIN
TRD100203,2026-08-08,BHARTIARTL,INE100203,BHARTIARTL,750,1694.56,1270920.0,KOTAK-CUST,EQ-CORE-02,BOOKED,2026-08-09,BUY,1694.56,750,2026-08-08,KOTAK-CUST,RECEIVED,TRAIN
TRD100204,2026-08-07,LT,INE100204,LT,200,3681.28,736256.0,KOTAK-CUST,EQ-ALPHA-03,BOOKED,2026-08-08,BUY,3681.28,200,2026-08-07,KOTAK-CUST,RECEIVED,TRAIN
TRD100205,2026-08-07,HDFCBANK,INE100205,HDFCBANK,200,1669.28,333856.0,HDFC-CUST,EQ-CORE-02,BOOKED,2026-08-08,BUY,1669.28,200,2026-08-07,HDFC-CUST,RECEIVED,TRAIN
TRD100206,2026-08-19,INFY,INE100206,INFY,2000,1889.62,3779240.0,MORGANSTANLEY-BROKER,EQ-INDEX-04,BOOKED,2026-08-20,SELL,1889.62,2000,2026-08-19,MORGANSTANLEY-BROKER,RECEIVED,TRAIN
TRD100207,2026-08-03,MARUTI,INE100207,MARUTI,1000,12934.69,12934690.0,DEUTSCHE-BROKER,EQ-INDEX-04,BOOKED,2026-08-04,SELL,12934.69,1000,2026-08-03,DEUTSCHE-BROKER,RECEIVED,TRAIN
TRD100208,2026-08-12,HINDUNILVR,INE100208,HINDUNILVR,750,2748.11,2061082.5,MORGANSTANLEY-BROKER,EQ-CORE-01,BOOKED,2026-08-13,SELL,2748.11,750,2026-08-12,MORGANSTANLEY-BROKER,RECEIVED,TRAIN
TRD100209,2026-08-12,ITC,INE100209,ITC,2000,466.73,933460.0,KOTAK-CUST,EQ-CORE-01,BOOKED,2026-08-13,BUY,466.73,2000,2026-08-12,KOTAK-CUST,RECEIVED,TEST
TRD100210,2026-08-18,AXISBANK,INE100210,AXISBANK,1500,1179.81,1769715.0,NOMURA-BROKER,EQ-CORE-01,BOOKED,2026-08-19,SELL,1179.81,1500,2026-08-18,NOMURA-BROKER,RECEIVED,TEST
TRD100211,2026-08-16,TATASTEEL,INE100211,TATASTEEL,500,172.14,86070.0,MORGANSTANLEY-BROKER,EQ-CORE-02,BOOKED,2026-08-17,BUY,172.14,500,2026-08-16,MORGANSTANLEY-BROKER,RECEIVED,TEST
TRD100212,2026-08-11,ITC,INE100212,ITC,200,470.36,94072.0,NOMURA-BROKER,EQ-CORE-01,BOOKED,2026-08-12,BUY,470.36,200,2026-08-11,NOMURA-BROKER,RECEIVED,TRAIN
TRD100213,2026-08-15,RELIANCE,INE100213,RELIANCE,500,2856.42,1428210.0,MORGANSTANLEY-BROKER,EQ-CORE-02,BOOKED,2026-08-16,SELL,2856.42,500,2026-08-15,MORGANSTANLEY-BROKER,RECEIVED,TRAIN
TRD100214,2026-08-11,SBIN,INE100214,SBIN,750,844.65,633487.5,NOMURA-BROKER,EQ-CORE-01,BOOKED,2026-08-12,SELL,844.65,750,2026-08-11,NOMURA-BROKER,RECEIVED,TEST
TRD100215,2026-08-13,TCS,INE100215,TCS,1000,4104.04,4104040.0,KOTAK-CUST,EQ-ALPHA-03,BOOKED,2026-08-14,BUY,4104.04,1000,2026-08-13,KOTAK-CUST,RECEIVED,TEST
TRD100216,2026-08-05,SBIN,INE100216,SBIN,200,846.3,169260.0,KOTAK-CUST,EQ-ALPHA-03,BOOKED,2026-08-06,SELL,846.3,200,2026-08-05,KOTAK-CUST,RECEIVED,TRAIN
TRD100217,2026-08-13,INFY,INE100217,INFY,200,1886.7,377340.0,NOMURA-BROKER,EQ-ALPHA-03,BOOKED,2026-08-14,BUY,1886.7,200,2026-08-13,NOMURA-BROKER,RECEIVED,TEST
TRD100218,2026-08-14,KOTAKBANK,INE100218,KOTAKBANK,200,1958.56,391712.0,MORGANSTANLEY-BROKER,EQ-ALPHA-03,BOOKED,2026-08-15,BUY,1958.56,200,2026-08-14,MORGANSTANLEY-BROKER,RECEIVED,TRAIN
TRD100219,2026-08-07,SBIN,INE100219,SBIN,750,842.9,632175.0,KOTAK-CUST,EQ-INDEX-04,BOOKED,2026-08-08,BUY,819.34,750,2026-08-07,KOTAK-CUST,RECEIVED,TRAIN
TRD100220,2026-08-10,HDFCBANK,INE100220,HDFCBANK,250,1669.42,417355.0,ICICI-CUST,EQ-CORE-01,BOOKED,2026-08-11,SELL,1669.42,250,2026-08-10,ICICI-CUST,RECEIVED,TEST
TRD100221,2026-08-05,TATASTEEL,INE100221,TATASTEEL,250,172.62,43155.0,HDFC-CUST,EQ-CORE-02,BOOKED,2026-08-06,BUY,172.62,250,2026-08-05,HDFC-CUST,RECEIVED,TRAIN
TRD100222,2026-08-12,WIPRO,INE100222,WIPRO,2000,607.56,1215120.0,NOMURA-BROKER,EQ-CORE-02,BOOKED,2026-08-13,SELL,616.79,1925,2026-08-12,NOMURA-BROKER,RECEIVED,TRAIN
TRD100223,2026-08-15,AXISBANK,INE100223,AXISBANK,750,1183.23,887422.5,HDFC-CUST,EQ-CORE-02,BOOKED,2026-08-16,SELL,1183.23,750,2026-08-15,HDFC-CUST,RECEIVED,TEST
TRD100224,2026-08-07,HINDUNILVR,INE100224,HINDUNILVR,2000,2756.69,5513380.0,KOTAK-CUST,EQ-INDEX-04,BOOKED,2026-08-08,SELL,2756.69,2000,2026-08-07,KOTAK-CUST,RECEIVED,TEST
TRD100225,2026-08-17,HINDUNILVR,INE100225,HINDUNILVR,750,2753.24,2064930.0,MORGANSTANLEY-BROKER,EQ-INDEX-04,BOOKED,2026-08-18,BUY,2753.24,750,2026-08-17,MORGANSTANLEY-BROKER,RECEIVED,TRAIN
TRD100226,2026-08-05,MARUTI,INE100226,MARUTI,500,13019.1,6509550.0,KOTAK-CUST,EQ-CORE-01,BOOKED,2026-08-06,SELL,13019.1,500,2026-08-05,KOTAK-CUST,RECEIVED,TRAIN
TRD100227,2026-08-04,MARUTI,INE100227,MARUTI,1000,12987.08,12987080.0,NOMURA-BROKER,EQ-CORE-01,BOOKED,2026-08-05,SELL,12987.08,1000,2026-08-04,NOMURA-BROKER,RECEIVED,TRAIN
TRD100228,2026-08-17,TCS,INE100228,TCS,250,4111.39,1027847.5,HDFC-CUST,EQ-INDEX-04,BOOKED,2026-08-18,BUY,4111.39,250,2026-08-17,HDFC-CUST,RECEIVED,TEST
TRD100229,2026-08-12,TATASTEEL,INE100229,TATASTEEL,500,173.0,86500.0,ICICI-CUST,EQ-INDEX-04,BOOKED,2026-08-13,BUY,173.0,500,2026-08-12,ICICI-CUST,RECEIVED,TRAIN
TRD100230,2026-08-03,BHARTIARTL,INE100230,BHARTIARTL,1000,1685.93,1685930.0,KOTAK-CUST,EQ-CORE-02,BOOKED,2026-08-04,BUY,1685.93,1000,2026-08-03,KOTAK-CUST,RECEIVED,TRAIN
TRD100231,2026-08-21,SBIN,INE100231,SBIN,200,848.47,169694.0,KOTAK-CUST,EQ-CORE-02,BOOKED,2026-08-22,BUY,848.47,200,2026-08-21,KOTAK-CUST,RECEIVED,TRAIN
TRD100232,2026-08-16,RELIANCE,INE100232,RELIANCE,750,2862.4,2146800.0,NOMURA-BROKER,EQ-CORE-02,BOOKED,2026-08-17,SELL,2862.4,750,2026-08-16,NOMURA-BROKER,RECEIVED,TRAIN
TRD100233,2026-08-01,ITC,INE100233,ITC,100,470.8,47080.0,KOTAK-CUST,EQ-CORE-02,BOOKED,2026-08-02,BUY,470.8,100,2026-08-01,KOTAK-CUST,RECEIVED,TRAIN
TRD100234,2026-08-10,LT,INE100234,LT,1500,3665.84,5498760.0,HDFC-CUST,EQ-ALPHA-03,BOOKED,2026-08-11,BUY,3665.84,1500,2026-08-10,HDFC-CUST,RECEIVED,TRAIN
TRD100235,2026-08-20,RELIANCE,INE100235,RELIANCE,500,2848.21,1424105.0,DEUTSCHE-BROKER,EQ-CORE-01,BOOKED,2026-08-21,BUY,2848.21,500,2026-08-20,NOMURA-BROKER,RECEIVED,TRAIN
TRD100236,2026-08-01,MARUTI,INE100236,MARUTI,2000,12992.56,25985120.0,NOMURA-BROKER,EQ-CORE-02,BOOKED,2026-08-02,BUY,12992.56,2000,2026-08-01,NOMURA-BROKER,RECEIVED,TRAIN
TRD100237,2026-08-12,ICICIBANK,INE100237,ICICIBANK,1500,1234.62,1851930.0,HDFC-CUST,EQ-INDEX-04,BOOKED,2026-08-13,BUY,1234.62,1500,2026-08-12,HDFC-CUST,RECEIVED,TRAIN
TRD100238,2026-08-12,KOTAKBANK,INE100238,KOTAKBANK,200,1956.16,391232.0,ICICI-CUST,EQ-CORE-01,BOOKED,2026-08-13,SELL,1956.16,200,2026-08-12,ICICI-CUST,RECEIVED,TRAIN
TRD100239,2026-08-13,MARUTI,INE100239,MARUTI,2000,12920.75,25841500.0,KOTAK-CUST,EQ-ALPHA-03,BOOKED,2026-08-14,BUY,12920.75,2000,2026-08-13,KOTAK-CUST,RECEIVED,TEST
TRD100240,2026-08-21,SBIN,INE100240,SBIN,200,844.29,168858.0,ICICI-CUST,EQ-ALPHA-03,BOOKED,2026-08-22,BUY,844.29,200,2026-08-21,ICICI-CUST,RECEIVED,TRAIN
TRD100241,2026-08-21,RELIANCE,INE100241,RELIANCE,1000,2851.81,2851810.0,HDFC-CUST,EQ-INDEX-04,BOOKED,2026-08-22,SELL,2851.81,1000,2026-08-21,HDFC-CUST,RECEIVED,TRAIN
TRD100242,2026-08-03,KOTAKBANK,INE100242,KOTAKBANK,250,1961.79,490447.5,NOMURA-BROKER,EQ-INDEX-04,BOOKED,2026-08-04,BUY,1961.79,250,2026-08-03,NOMURA-BROKER,RECEIVED,TRAIN
TRD100243,2026-08-07,ICICIBANK,INE100243,ICICIBANK,500,1235.14,617570.0,ICICI-CUST,EQ-ALPHA-03,BOOKED,2026-08-08,SELL,1235.14,500,2026-08-07,ICICI-CUST,RECEIVED,TRAIN
TRD100244,2026-08-18,LT,INE100244,LT,1500,3698.15,5547225.0,DEUTSCHE-BROKER,EQ-ALPHA-03,BOOKED,2026-08-19,BUY,3698.15,1500,2026-08-18,NOMURA-BROKER,RECEIVED,TRAIN
TRD100245,2026-08-02,HINDUNILVR,INE100245,HINDUNILVR,500,2739.73,1369865.0,NOMURA-BROKER,EQ-ALPHA-03,BOOKED,2026-08-03,SELL,2739.73,500,2026-08-02,NOMURA-BROKER,RECEIVED,TEST
TRD100246,2026-08-13,TCS,INE100246,TCS,1000,4118.15,4118150.0,NOMURA-BROKER,EQ-INDEX-04,BOOKED,2026-08-14,SELL,4118.15,1000,2026-08-13,NOMURA-BROKER,RECEIVED,TRAIN
TRD100247,2026-08-16,SBIN,INE100247,SBIN,250,845.57,211392.5,KOTAK-CUST,EQ-ALPHA-03,BOOKED,2026-08-17,BUY,845.57,250,2026-08-16,KOTAK-CUST,RECEIVED,TEST
TRD100248,2026-08-20,WIPRO,INE100248,WIPRO,1500,607.78,911670.0,HDFC-CUST,EQ-ALPHA-03,BOOKED,2026-08-21,SELL,607.78,1500,2026-08-20,HDFC-CUST,RECEIVED,TRAIN
TRD100249,2026-08-10,TCS,INE100249,TCS,200,4113.66,822732.0,KOTAK-CUST,EQ-INDEX-04,BOOKED,2026-08-11,SELL,4113.66,200,2026-08-10,KOTAK-CUST,RECEIVED,TRAIN
TRD100250,2026-08-02,INFY,INE100250,INFY,2000,1887.49,3774980.0,NOMURA-BROKER,EQ-ALPHA-03,BOOKED,2026-08-03,SELL,1887.49,2000,2026-08-02,NOMURA-BROKER,RECEIVED,TRAIN
TRD100251,2026-08-21,ICICIBANK,INE100251,ICICIBANK,100,1235.53,123553.0,DEUTSCHE-BROKER,EQ-ALPHA-03,BOOKED,2026-08-22,BUY,1269.48,100,2026-08-21,DEUTSCHE-BROKER,RECEIVED,TRAIN
TRD100252,2026-08-15,RELIANCE,INE100252,RELIANCE,250,2860.44,715110.0,ICICI-CUST,EQ-CORE-02,BOOKED,2026-08-16,BUY,2860.44,250,2026-08-15,ICICI-CUST,RECEIVED,TEST
TRD100253,2026-08-19,HDFCBANK,INE100253,HDFCBANK,1000,1672.89,1672890.0,ICICI-CUST,EQ-CORE-02,BOOKED,2026-08-20,SELL,1672.89,1000,2026-08-19,ICICI-CUST,RECEIVED,TRAIN
TRD100254,2026-08-03,SBIN,INE100254,SBIN,1000,845.13,845130.0,MORGANSTANLEY-BROKER,EQ-CORE-02,BOOKED,2026-08-04,SELL,845.13,1000,2026-08-03,MORGANSTANLEY-BROKER,RECEIVED,TRAIN
TRD100255,2026-08-08,BHARTIARTL,INE100255,BHARTIARTL,1000,1692.93,1692930.0,ICICI-CUST,EQ-CORE-01,BOOKED,2026-08-09,BUY,1692.93,1000,2026-08-08,ICICI-CUST,RECEIVED,TRAIN
TRD100256,2026-08-04,ITC,INE100256,ITC,1500,470.84,706260.0,KOTAK-CUST,EQ-ALPHA-03,BOOKED,2026-08-05,SELL,470.84,1500,2026-08-04,KOTAK-CUST,RECEIVED,TRAIN
TRD100257,2026-08-16,HDFCBANK,INE100257,HDFCBANK,750,1678.45,1258837.5,HDFC-CUST,EQ-CORE-01,BOOKED,2026-08-17,BUY,1678.45,750,2026-08-16,HDFC-CUST,RECEIVED,TRAIN
TRD100258,2026-08-15,MARUTI,INE100258,MARUTI,200,12973.78,2594756.0,ICICI-CUST,EQ-ALPHA-03,BOOKED,2026-08-16,SELL,12973.78,200,2026-08-15,ICICI-CUST,RECEIVED,TRAIN
TRD100259,2026-08-10,WIPRO,INE100259,WIPRO,200,610.66,122132.0,KOTAK-CUST,EQ-CORE-02,BOOKED,2026-08-11,BUY,610.66,200,2026-08-10,KOTAK-CUST,RECEIVED,TRAIN
TRD100260,2026-08-04,HINDUNILVR,INE100260,HINDUNILVR,1000,2745.84,2745840.0,HDFC-CUST,EQ-CORE-02,BOOKED,2026-08-05,BUY,2745.84,1000,2026-08-04,HDFC-CUST,RECEIVED,TEST
TRD100261,2026-08-18,HINDUNILVR,INE100261,HINDUNILVR,2000,2732.59,5465180.0,MORGANSTANLEY-BROKER,EQ-ALPHA-03,BOOKED,2026-08-19,SELL,2732.59,2000,2026-08-18,MORGANSTANLEY-BROKER,RECEIVED,TRAIN
TRD100262,2026-08-03,HINDUNILVR,INE100262,HINDUNILVR,250,2748.67,687167.5,ICICI-CUST,EQ-ALPHA-03,BOOKED,2026-08-04,SELL,,,,,MISSING,TRAIN
TRD100263,2026-08-14,WIPRO,INE100263,WIPRO,2000,610.51,1221020.0,MORGANSTANLEY-BROKER,EQ-CORE-01,BOOKED,2026-08-15,BUY,610.51,2000,2026-08-14,KOTAK-CUST,RECEIVED,TRAIN
TRD100264,2026-08-17,SBIN,INE100264,SBIN,200,845.18,169036.0,KOTAK-CUST,EQ-CORE-02,BOOKED,2026-08-18,BUY,845.18,200,2026-08-17,KOTAK-CUST,RECEIVED,TEST
TRD100265,2026-08-02,HINDUNILVR,INE100265,HINDUNILVR,250,2743.75,685937.5,ICICI-CUST,EQ-CORE-02,BOOKED,2026-08-03,SELL,2743.75,250,2026-08-02,ICICI-CUST,RECEIVED,TRAIN
TRD100266,2026-08-08,INFY,INE100266,INFY,250,1886.95,471737.5,KOTAK-CUST,EQ-ALPHA-03,BOOKED,2026-08-09,BUY,1886.95,250,2026-08-08,KOTAK-CUST,RECEIVED,TRAIN
TRD100267,2026-08-18,ICICIBANK,INE100267,ICICIBANK,500,1242.48,621240.0,KOTAK-CUST,EQ-CORE-02,BOOKED,2026-08-19,SELL,1242.48,500,2026-08-18,KOTAK-CUST,RECEIVED,TRAIN
TRD100268,2026-08-06,AXISBANK,INE100268,AXISBANK,200,1180.28,236056.0,MORGANSTANLEY-BROKER,EQ-CORE-02,BOOKED,2026-08-07,BUY,1180.28,200,2026-08-06,MORGANSTANLEY-BROKER,RECEIVED,TRAIN
TRD100269,2026-08-19,KOTAKBANK,INE100269,KOTAKBANK,1000,1962.4,1962400.0,ICICI-CUST,EQ-CORE-01,BOOKED,2026-08-20,BUY,1962.4,1000,2026-08-19,ICICI-CUST,RECEIVED,TRAIN
TRD100270,2026-08-19,RELIANCE,INE100270,RELIANCE,750,2854.81,2141107.5,DEUTSCHE-BROKER,EQ-CORE-01,BOOKED,2026-08-20,SELL,2854.81,750,2026-08-19,DEUTSCHE-BROKER,RECEIVED,TRAIN
TRD100271,2026-08-10,TATASTEEL,INE100271,TATASTEEL,750,172.69,129517.5,DEUTSCHE-BROKER,EQ-CORE-02,BOOKED,2026-08-11,SELL,172.69,750,2026-08-10,DEUTSCHE-BROKER,RECEIVED,TRAIN
TRD100272,2026-08-02,ICICIBANK,INE100272,ICICIBANK,2000,1235.5,2471000.0,HDFC-CUST,EQ-INDEX-04,BOOKED,2026-08-03,SELL,1235.5,2000,2026-08-02,HDFC-CUST,RECEIVED,TRAIN
TRD100273,2026-08-20,ITC,INE100273,ITC,2000,467.51,935020.0,HDFC-CUST,EQ-ALPHA-03,BOOKED,2026-08-21,SELL,467.51,2000,2026-08-20,HDFC-CUST,RECEIVED,TRAIN
TRD100274,2026-08-05,WIPRO,INE100274,WIPRO,1000,613.25,613250.0,KOTAK-CUST,EQ-CORE-01,BOOKED,2026-08-06,SELL,613.25,1000,2026-08-05,KOTAK-CUST,RECEIVED,TRAIN
TRD100275,2026-08-15,HDFCBANK,INE100275,HDFCBANK,2000,1668.88,3337760.0,HDFC-CUST,EQ-CORE-02,BOOKED,2026-08-16,BUY,1668.88,2000,2026-08-15,HDFC-CUST,RECEIVED,TRAIN
TRD100276,2026-08-20,RELIANCE,INE100276,RELIANCE,750,2863.2,2147400.0,DEUTSCHE-BROKER,EQ-CORE-02,BOOKED,2026-08-21,BUY,2863.2,850,2026-08-20,DEUTSCHE-BROKER,RECEIVED,TRAIN
TRD100277,2026-08-11,MARUTI,INE100277,MARUTI,1000,13036.3,13036300.0,HDFC-CUST,EQ-CORE-02,BOOKED,2026-08-12,SELL,12888.08,1000,2026-08-11,HDFC-CUST,RECEIVED,TRAIN
TRD100278,2026-08-10,LT,INE100278,LT,2000,3680.1,7360200.0,DEUTSCHE-BROKER,EQ-CORE-01,BOOKED,2026-08-11,BUY,3680.1,2000,2026-08-10,DEUTSCHE-BROKER,RECEIVED,TRAIN
TRD100279,2026-08-07,BHARTIARTL,INE100279,BHARTIARTL,2000,1698.29,3396580.0,MORGANSTANLEY-BROKER,EQ-ALPHA-03,BOOKED,2026-08-08,BUY,1698.29,2000,2026-08-07,MORGANSTANLEY-BROKER,RECEIVED,TRAIN
TRD100280,2026-08-21,RELIANCE,INE100280,RELIANCE,750,2850.35,2137762.5,NOMURA-BROKER,EQ-INDEX-04,BOOKED,2026-08-22,SELL,2850.35,750,2026-08-21,NOMURA-BROKER,RECEIVED,TRAIN
TRD100281,2026-08-14,LT,INE100281,LT,100,3692.93,369293.0,HDFC-CUST,EQ-ALPHA-03,BOOKED,2026-08-15,SELL,3692.93,100,2026-08-14,HDFC-CUST,RECEIVED,TRAIN
TRD100282,2026-08-13,HINDUNILVR,INE100282,HINDUNILVR,1500,2741.92,4112880.0,ICICI-CUST,EQ-CORE-02,BOOKED,2026-08-14,SELL,2741.92,1500,2026-08-13,ICICI-CUST,RECEIVED,TEST
TRD100283,2026-08-17,LT,INE100283,LT,750,3664.46,2748345.0,DEUTSCHE-BROKER,EQ-ALPHA-03,BOOKED,2026-08-18,BUY,3664.46,750,2026-08-17,DEUTSCHE-BROKER,RECEIVED,TEST
TRD100284,2026-08-11,INFY,INE100284,INFY,200,1888.29,377658.0,MORGANSTANLEY-BROKER,EQ-ALPHA-03,BOOKED,2026-08-12,BUY,1888.29,200,2026-08-11,MORGANSTANLEY-BROKER,RECEIVED,TRAIN
TRD100285,2026-08-02,HDFCBANK,INE100285,HDFCBANK,1500,1675.2,2512800.0,ICICI-CUST,EQ-CORE-02,BOOKED,2026-08-03,SELL,1675.2,1500,2026-08-02,ICICI-CUST,RECEIVED,TRAIN
TRD100286,2026-08-05,HINDUNILVR,INE100286,HINDUNILVR,2000,2746.13,5492260.0,MORGANSTANLEY-BROKER,EQ-CORE-02,BOOKED,2026-08-06,SELL,2708.98,2000,2026-08-05,MORGANSTANLEY-BROKER,RECEIVED,TRAIN
TRD100287,2026-08-20,TATASTEEL,INE100287,TATASTEEL,1000,171.87,171870.0,NOMURA-BROKER,EQ-ALPHA-03,BOOKED,2026-08-21,SELL,171.87,1000,2026-08-20,NOMURA-BROKER,RECEIVED,TRAIN
TRD100288,2026-08-10,LT,INE100288,LT,2000,3687.83,7375660.0,DEUTSCHE-BROKER,EQ-CORE-01,BOOKED,2026-08-11,SELL,3730.0,2075,2026-08-10,DEUTSCHE-BROKER,RECEIVED,TRAIN
TRD100289,2026-08-19,SBIN,INE100289,SBIN,200,849.66,169932.0,KOTAK-CUST,EQ-CORE-01,BOOKED,2026-08-20,SELL,849.66,200,2026-08-19,KOTAK-CUST,RECEIVED,TRAIN
TRD100290,2026-08-19,ICICIBANK,INE100290,ICICIBANK,500,1243.55,621775.0,DEUTSCHE-BROKER,EQ-CORE-02,BOOKED,2026-08-20,SELL,1243.55,500,2026-08-19,DEUTSCHE-BROKER,RECEIVED,TEST
TRD100291,2026-08-04,INFY,INE100291,INFY,500,1881.45,940725.0,HDFC-CUST,EQ-CORE-01,BOOKED,2026-08-05,SELL,1881.45,500,2026-08-04,HDFC-CUST,RECEIVED,TRAIN
TRD100292,2026-08-07,SBIN,INE100292,SBIN,1500,842.65,1263975.0,DEUTSCHE-BROKER,EQ-INDEX-04,BOOKED,2026-08-08,BUY,842.65,1500,2026-08-07,DEUTSCHE-BROKER,RECEIVED,TEST
TRD100293,2026-08-18,WIPRO,INE100293,WIPRO,250,610.46,152615.0,KOTAK-CUST,EQ-INDEX-04,BOOKED,2026-08-19,SELL,610.46,250,2026-08-18,KOTAK-CUST,RECEIVED,TEST
TRD100294,2026-08-18,SBIN,INE100294,SBIN,250,845.26,211315.0,KOTAK-CUST,EQ-ALPHA-03,BOOKED,2026-08-19,SELL,845.26,250,2026-08-18,KOTAK-CUST,RECEIVED,TRAIN
TRD100295,2026-08-08,AXISBANK,INE100295,AXISBANK,2000,1176.62,2353240.0,KOTAK-CUST,EQ-ALPHA-03,BOOKED,2026-08-09,BUY,1176.62,2000,2026-08-08,KOTAK-CUST,RECEIVED,TEST
TRD100296,2026-08-16,ICICIBANK,INE100296,ICICIBANK,750,1243.34,932505.0,KOTAK-CUST,EQ-INDEX-04,BOOKED,2026-08-17,SELL,1243.34,750,2026-08-16,KOTAK-CUST,RECEIVED,TRAIN
TRD100297,2026-08-19,LT,INE100297,LT,750,3672.34,2754255.0,NOMURA-BROKER,EQ-INDEX-04,BOOKED,2026-08-20,SELL,3672.34,750,2026-08-19,NOMURA-BROKER,RECEIVED,TRAIN
TRD100298,2026-08-05,MARUTI,INE100298,MARUTI,1000,13039.01,13039010.0,KOTAK-CUST,EQ-CORE-01,BOOKED,2026-08-06,SELL,13039.01,1000,2026-08-05,KOTAK-CUST,RECEIVED,TRAIN
TRD100299,2026-08-15,WIPRO,INE100299,WIPRO,200,609.41,121882.0,NOMURA-BROKER,EQ-ALPHA-03,BOOKED,2026-08-16,SELL,609.41,200,2026-08-15,NOMURA-BROKER,RECEIVED,TRAIN
TRD100300,2026-08-09,HDFCBANK,INE100300,HDFCBANK,500,1680.69,840345.0,MORGANSTANLEY-BROKER,EQ-ALPHA-03,BOOKED,2026-08-10,BUY,1680.69,450,2026-08-09,MORGANSTANLEY-BROKER,RECEIVED,TEST
TRD100301,2026-08-17,TCS,INE100301,TCS,500,4110.14,2055070.0,HDFC-CUST,EQ-CORE-02,BOOKED,2026-08-18,BUY,4110.14,500,2026-08-18,HDFC-CUST,RECEIVED,TRAIN
TRD100302,2026-08-16,TCS,INE100302,TCS,1500,4113.76,6170640.0,ICICI-CUST,EQ-CORE-02,BOOKED,2026-08-17,BUY,4113.76,1500,2026-08-16,ICICI-CUST,RECEIVED,TEST
TRD100303,2026-08-16,LT,INE100303,LT,250,3676.72,919180.0,DEUTSCHE-BROKER,EQ-CORE-02,BOOKED,2026-08-17,SELL,3676.72,250,2026-08-16,DEUTSCHE-BROKER,RECEIVED,TEST
TRD100304,2026-08-03,SBIN,INE100304,SBIN,750,846.83,635122.5,NOMURA-BROKER,EQ-CORE-02,BOOKED,2026-08-04,BUY,,,,,MISSING,TEST
TRD100305,2026-08-06,TATASTEEL,INE100305,TATASTEEL,250,172.31,43077.5,ICICI-CUST,EQ-INDEX-04,BOOKED,2026-08-07,SELL,172.31,250,2026-08-06,ICICI-CUST,RECEIVED,TRAIN
TRD100306,2026-08-01,INFY,INE100306,INFY,750,1897.42,1423065.0,KOTAK-CUST,EQ-CORE-01,BOOKED,2026-08-02,SELL,1897.42,750,2026-08-01,KOTAK-CUST,RECEIVED,TRAIN
TRD100307,2026-08-18,ICICIBANK,INE100307,ICICIBANK,2000,1246.87,2493740.0,MORGANSTANLEY-BROKER,EQ-INDEX-04,BOOKED,2026-08-19,BUY,1246.87,2000,2026-08-18,MORGANSTANLEY-BROKER,RECEIVED,TEST
TRD100308,2026-08-04,MARUTI,INE100308,MARUTI,2000,12950.51,25901020.0,KOTAK-CUST,EQ-CORE-02,BOOKED,2026-08-05,SELL,12950.51,2000,2026-08-04,KOTAK-CUST,RECEIVED,TEST
TRD100309,2026-08-01,KOTAKBANK,INE100309,KOTAKBANK,750,1959.98,1469985.0,NOMURA-BROKER,EQ-ALPHA-03,BOOKED,2026-08-02,SELL,1959.98,750,2026-08-01,NOMURA-BROKER,RECEIVED,TRAIN
TRD100310,2026-08-21,AXISBANK,INE100310,AXISBANK,500,1176.42,588210.0,DEUTSCHE-BROKER,EQ-INDEX-04,BOOKED,2026-08-22,SELL,1176.42,500,2026-08-21,DEUTSCHE-BROKER,RECEIVED,TRAIN
TRD100311,2026-08-06,TCS,INE100311,TCS,1500,4127.72,6191580.0,HDFC-CUST,EQ-INDEX-04,BOOKED,2026-08-07,SELL,4127.72,1500,2026-08-06,HDFC-CUST,RECEIVED,TRAIN
TRD100312,2026-08-13,TATASTEEL,INE100312,TATASTEEL,500,171.6,85800.0,HDFC-CUST,EQ-INDEX-04,BOOKED,2026-08-14,SELL,171.6,500,2026-08-13,HDFC-CUST,RECEIVED,TRAIN
TRD100313,2026-08-19,SBIN,INE100313,SBIN,750,846.3,634725.0,ICICI-CUST,EQ-ALPHA-03,BOOKED,2026-08-20,SELL,846.3,750,2026-08-19,ICICI-CUST,RECEIVED,TRAIN
TRD100314,2026-08-04,WIPRO,INE100314,WIPRO,500,607.68,303840.0,DEUTSCHE-BROKER,EQ-ALPHA-03,BOOKED,2026-08-05,BUY,607.68,500,2026-08-04,DEUTSCHE-BROKER,RECEIVED,TRAIN
TRD100315,2026-08-21,BHARTIARTL,INE100315,BHARTIARTL,750,1693.62,1270215.0,KOTAK-CUST,EQ-ALPHA-03,BOOKED,2026-08-22,BUY,1693.62,750,2026-08-21,KOTAK-CUST,RECEIVED,TRAIN
TRD100316,2026-08-15,HDFCBANK,INE100316,HDFCBANK,250,1674.83,418707.5,NOMURA-BROKER,EQ-ALPHA-03,BOOKED,2026-08-16,SELL,1674.83,250,2026-08-15,NOMURA-BROKER,RECEIVED,TRAIN
TRD100317,2026-08-07,WIPRO,INE100317,WIPRO,2000,611.92,1223840.0,HDFC-CUST,EQ-CORE-01,BOOKED,2026-08-08,SELL,611.92,2000,2026-08-07,HDFC-CUST,RECEIVED,TRAIN
TRD100318,2026-08-19,LT,INE100318,LT,1000,3664.62,3664620.0,ICICI-CUST,EQ-CORE-01,BOOKED,2026-08-20,BUY,3664.62,1000,2026-08-19,ICICI-CUST,RECEIVED,TEST
TRD100319,2026-08-17,AXISBANK,INE100319,AXISBANK,250,1176.29,294072.5,DEUTSCHE-BROKER,EQ-CORE-01,BOOKED,2026-08-18,BUY,1176.29,250,2026-08-17,DEUTSCHE-BROKER,RECEIVED,TEST
TRD100320,2026-08-17,WIPRO,INE100320,WIPRO,2000,607.85,1215700.0,DEUTSCHE-BROKER,EQ-CORE-01,BOOKED,2026-08-18,SELL,607.85,2000,2026-08-17,DEUTSCHE-BROKER,RECEIVED,TRAIN
TRD100321,2026-08-02,INFY,INE100321,INFY,1500,1889.48,2834220.0,MORGANSTANLEY-BROKER,EQ-INDEX-04,BOOKED,2026-08-03,SELL,1889.48,1500,2026-08-02,MORGANSTANLEY-BROKER,RECEIVED,TRAIN
TRD100322,2026-08-01,WIPRO,INE100322,WIPRO,100,609.71,60971.0,NOMURA-BROKER,EQ-CORE-02,BOOKED,2026-08-02,BUY,609.71,100,2026-08-01,NOMURA-BROKER,RECEIVED,TRAIN
TRD100323,2026-08-03,RELIANCE,INE100323,RELIANCE,1500,2846.07,4269105.0,MORGANSTANLEY-BROKER,EQ-CORE-01,BOOKED,2026-08-04,BUY,2846.07,1500,2026-08-03,MORGANSTANLEY-BROKER,RECEIVED,TRAIN
TRD100324,2026-08-14,TATASTEEL,INE100324,TATASTEEL,2000,171.64,343280.0,HDFC-CUST,EQ-CORE-02,BOOKED,2026-08-15,SELL,171.64,2000,2026-08-14,HDFC-CUST,RECEIVED,TRAIN
TRD100325,2026-08-13,SBIN,INE100325,SBIN,1500,845.16,1267740.0,DEUTSCHE-BROKER,EQ-CORE-01,BOOKED,2026-08-14,BUY,845.16,1500,2026-08-13,DEUTSCHE-BROKER,RECEIVED,TEST
TRD100326,2026-08-18,KOTAKBANK,INE100326,KOTAKBANK,1000,1948.24,1948240.0,DEUTSCHE-BROKER,EQ-CORE-02,BOOKED,2026-08-19,BUY,1948.24,1000,2026-08-18,DEUTSCHE-BROKER,RECEIVED,TRAIN
TRD100327,2026-08-10,MARUTI,INE100327,MARUTI,100,13013.25,1301325.0,DEUTSCHE-BROKER,EQ-INDEX-04,BOOKED,2026-08-11,SELL,13013.25,100,2026-08-10,DEUTSCHE-BROKER,RECEIVED,TRAIN
TRD100328,2026-08-12,MARUTI,INE100328,MARUTI,500,12947.23,6473615.0,HDFC-CUST,EQ-ALPHA-03,BOOKED,2026-08-13,BUY,12947.23,500,2026-08-12,HDFC-CUST,RECEIVED,TEST
TRD100329,2026-08-14,TATASTEEL,INE100329,TATASTEEL,200,171.64,34328.0,MORGANSTANLEY-BROKER,EQ-CORE-01,BOOKED,2026-08-15,BUY,171.64,200,2026-08-14,MORGANSTANLEY-BROKER,RECEIVED,TRAIN
TRD100330,2026-08-02,HDFCBANK,INE100330,HDFCBANK,200,1668.51,333702.0,DEUTSCHE-BROKER,EQ-CORE-01,BOOKED,2026-08-03,BUY,1668.51,200,2026-08-02,DEUTSCHE-BROKER,RECEIVED,TRAIN
TRD100331,2026-08-08,WIPRO,INE100331,WIPRO,100,609.75,60975.0,MORGANSTANLEY-BROKER,EQ-CORE-02,BOOKED,2026-08-09,BUY,,,,,MISSING,TRAIN
TRD100332,2026-08-19,INFY,INE100332,INFY,750,1885.27,1413952.5,KOTAK-CUST,EQ-ALPHA-03,BOOKED,2026-08-20,BUY,1916.11,675,2026-08-19,KOTAK-CUST,RECEIVED,TEST
TRD100333,2026-08-17,ICICIBANK,INE100333,ICICIBANK,250,1246.83,311707.5,HDFC-CUST,EQ-INDEX-04,BOOKED,2026-08-18,SELL,1246.83,250,2026-08-17,HDFC-CUST,RECEIVED,TRAIN
TRD100334,2026-08-19,ICICIBANK,INE100334,ICICIBANK,100,1241.5,124150.0,NOMURA-BROKER,EQ-CORE-02,BOOKED,2026-08-20,SELL,1241.5,100,2026-08-19,NOMURA-BROKER,RECEIVED,TRAIN
TRD100335,2026-08-12,LT,INE100335,LT,2000,3663.47,7326940.0,NOMURA-BROKER,EQ-INDEX-04,BOOKED,2026-08-13,SELL,3663.47,2000,2026-08-12,NOMURA-BROKER,RECEIVED,TRAIN
TRD100336,2026-08-10,WIPRO,INE100336,WIPRO,1500,609.79,914685.0,DEUTSCHE-BROKER,EQ-CORE-02,BOOKED,2026-08-11,SELL,609.79,1500,2026-08-10,DEUTSCHE-BROKER,RECEIVED,TRAIN
TRD100337,2026-08-05,HDFCBANK,INE100337,HDFCBANK,500,1671.86,835930.0,DEUTSCHE-BROKER,EQ-CORE-01,BOOKED,2026-08-06,SELL,1671.86,500,2026-08-05,DEUTSCHE-BROKER,RECEIVED,TRAIN
TRD100338,2026-08-09,BHARTIARTL,INE100338,BHARTIARTL,250,1688.51,422127.5,HDFC-CUST,EQ-ALPHA-03,BOOKED,2026-08-10,BUY,1688.51,250,2026-08-09,HDFC-CUST,RECEIVED,TEST
TRD100339,2026-08-03,TATASTEEL,INE100339,TATASTEEL,2000,173.05,346100.0,MORGANSTANLEY-BROKER,EQ-CORE-02,BOOKED,2026-08-04,BUY,173.05,2000,2026-08-03,MORGANSTANLEY-BROKER,RECEIVED,TRAIN
TRD100340,2026-08-20,ICICIBANK,INE100340,ICICIBANK,1500,1242.95,1864425.0,ICICI-CUST,EQ-CORE-01,BOOKED,2026-08-21,BUY,1242.95,1500,2026-08-20,ICICI-CUST,RECEIVED,TEST
TRD100341,2026-08-11,HINDUNILVR,INE100341,HINDUNILVR,500,2745.03,1372515.0,KOTAK-CUST,EQ-CORE-01,BOOKED,2026-08-12,BUY,2745.03,500,2026-08-11,KOTAK-CUST,RECEIVED,TRAIN
TRD100342,2026-08-04,TATASTEEL,INE100342,TATASTEEL,500,173.25,86625.0,NOMURA-BROKER,EQ-INDEX-04,BOOKED,2026-08-05,BUY,173.25,500,2026-08-04,NOMURA-BROKER,RECEIVED,TRAIN
TRD100343,2026-08-08,WIPRO,INE100343,WIPRO,500,609.72,304860.0,MORGANSTANLEY-BROKER,EQ-ALPHA-03,BOOKED,2026-08-09,SELL,609.72,500,2026-08-08,MORGANSTANLEY-BROKER,RECEIVED,TRAIN
TRD100344,2026-08-12,BHARTIARTL,INE100344,BHARTIARTL,2000,1690.97,3381940.0,KOTAK-CUST,EQ-ALPHA-03,BOOKED,2026-08-13,SELL,1690.97,2000,2026-08-12,KOTAK-CUST,RECEIVED,TRAIN
TRD100345,2026-08-16,LT,INE100345,LT,2000,3678.9,7357800.0,KOTAK-CUST,EQ-CORE-02,BOOKED,2026-08-17,SELL,3678.9,2000,2026-08-16,KOTAK-CUST,RECEIVED,TEST
TRD100346,2026-08-08,SBIN,INE100346,SBIN,1500,841.76,1262640.0,NOMURA-BROKER,EQ-CORE-02,BOOKED,2026-08-09,BUY,841.76,1500,2026-08-08,NOMURA-BROKER,RECEIVED,TEST
TRD100347,2026-08-07,ICICIBANK,INE100347,ICICIBANK,1500,1238.26,1857390.0,KOTAK-CUST,EQ-CORE-02,BOOKED,2026-08-08,SELL,1238.26,1500,2026-08-07,KOTAK-CUST,RECEIVED,TEST
TRD100348,2026-08-21,AXISBANK,INE100348,AXISBANK,500,1180.24,590120.0,NOMURA-BROKER,EQ-ALPHA-03,BOOKED,2026-08-22,SELL,1180.24,500,2026-08-21,NOMURA-BROKER,RECEIVED,TRAIN
TRD100349,2026-08-21,HINDUNILVR,INE100349,HINDUNILVR,2000,2758.41,5516820.0,NOMURA-BROKER,EQ-INDEX-04,BOOKED,2026-08-22,SELL,2758.41,2000,2026-08-21,NOMURA-BROKER,RECEIVED,TEST
TRD100350,2026-08-18,INFY,INE100350,INFY,1000,1884.05,1884050.0,DEUTSCHE-BROKER,EQ-CORE-02,BOOKED,2026-08-19,BUY,1884.05,1000,2026-08-18,DEUTSCHE-BROKER,RECEIVED,TRAIN
TRD100351,2026-08-03,LT,INE100351,LT,100,3692.63,369263.0,NOMURA-BROKER,EQ-CORE-01,BOOKED,2026-08-04,BUY,3692.63,100,2026-08-03,KOTAK-CUST,RECEIVED,TRAIN
TRD100352,2026-08-08,BHARTIARTL,INE100352,BHARTIARTL,250,1696.19,424047.5,ICICI-CUST,EQ-CORE-02,BOOKED,2026-08-09,BUY,1696.19,250,2026-08-08,ICICI-CUST,RECEIVED,TEST
TRD100353,2026-08-20,HDFCBANK,INE100353,HDFCBANK,2000,1673.08,3346160.0,NOMURA-BROKER,EQ-INDEX-04,BOOKED,2026-08-21,SELL,1673.08,2000,2026-08-20,NOMURA-BROKER,RECEIVED,TRAIN
TRD100354,2026-08-14,RELIANCE,INE100354,RELIANCE,100,2851.42,285142.0,ICICI-CUST,EQ-CORE-01,BOOKED,2026-08-15,SELL,2851.42,100,2026-08-14,ICICI-CUST,RECEIVED,TRAIN
TRD100355,2026-08-14,LT,INE100355,LT,750,3662.38,2746785.0,HDFC-CUST,EQ-CORE-01,BOOKED,2026-08-15,BUY,3662.38,750,2026-08-14,HDFC-CUST,RECEIVED,TRAIN
TRD100356,2026-08-20,LT,INE100356,LT,250,3670.62,917655.0,MORGANSTANLEY-BROKER,EQ-ALPHA-03,BOOKED,2026-08-21,SELL,3670.62,350,2026-08-20,MORGANSTANLEY-BROKER,RECEIVED,TEST
TRD100357,2026-08-13,ICICIBANK,INE100357,ICICIBANK,1500,1235.58,1853370.0,DEUTSCHE-BROKER,EQ-CORE-02,BOOKED,2026-08-14,BUY,1235.58,1500,2026-08-13,DEUTSCHE-BROKER,RECEIVED,TRAIN
TRD100358,2026-08-21,ICICIBANK,INE100358,ICICIBANK,200,1242.71,248542.0,ICICI-CUST,EQ-CORE-01,BOOKED,2026-08-22,SELL,1242.71,200,2026-08-21,ICICI-CUST,RECEIVED,TRAIN
TRD100359,2026-08-02,BHARTIARTL,INE100359,BHARTIARTL,1500,1691.29,2536935.0,NOMURA-BROKER,EQ-CORE-01,BOOKED,2026-08-03,BUY,1691.29,1500,2026-08-02,NOMURA-BROKER,RECEIVED,TRAIN
TRD100360,2026-08-21,TCS,INE100360,TCS,2000,4134.98,8269960.0,KOTAK-CUST,EQ-CORE-01,BOOKED,2026-08-22,BUY,4217.92,2000,2026-08-21,KOTAK-CUST,RECEIVED,TEST
TRD100361,2026-08-19,HDFCBANK,INE100361,HDFCBANK,500,1681.92,840960.0,DEUTSCHE-BROKER,EQ-ALPHA-03,BOOKED,2026-08-20,BUY,1681.92,500,2026-08-19,DEUTSCHE-BROKER,RECEIVED,TRAIN
TRD100362,2026-08-09,TATASTEEL,INE100362,TATASTEEL,200,172.77,34554.0,MORGANSTANLEY-BROKER,EQ-CORE-01,BOOKED,2026-08-10,BUY,172.77,200,2026-08-09,MORGANSTANLEY-BROKER,RECEIVED,TEST
TRD100363,2026-08-07,TATASTEEL,INE100363,TATASTEEL,1000,171.61,171610.0,MORGANSTANLEY-BROKER,EQ-CORE-02,BOOKED,2026-08-08,SELL,171.61,1000,2026-08-07,MORGANSTANLEY-BROKER,RECEIVED,TRAIN
TRD100364,2026-08-19,TATASTEEL,INE100364,TATASTEEL,200,172.1,34420.0,HDFC-CUST,EQ-INDEX-04,BOOKED,2026-08-20,SELL,172.1,200,2026-08-19,HDFC-CUST,RECEIVED,TRAIN
TRD100365,2026-08-03,BHARTIARTL,INE100365,BHARTIARTL,250,1695.31,423827.5,MORGANSTANLEY-BROKER,EQ-ALPHA-03,BOOKED,2026-08-04,BUY,,,,,MISSING,TRAIN
TRD100366,2026-08-03,TCS,INE100366,TCS,1500,4109.71,6164565.0,KOTAK-CUST,EQ-INDEX-04,BOOKED,2026-08-04,SELL,4109.71,1500,2026-08-03,KOTAK-CUST,RECEIVED,TEST
TRD100367,2026-08-15,RELIANCE,INE100367,RELIANCE,750,2858.58,2143935.0,DEUTSCHE-BROKER,EQ-CORE-02,BOOKED,2026-08-16,SELL,2858.58,750,2026-08-15,DEUTSCHE-BROKER,RECEIVED,TRAIN
TRD100368,2026-08-19,LT,INE100368,LT,1500,3677.64,5516460.0,NOMURA-BROKER,EQ-INDEX-04,BOOKED,2026-08-20,BUY,3677.64,1500,2026-08-19,NOMURA-BROKER,RECEIVED,TRAIN
TRD100369,2026-08-03,HINDUNILVR,INE100369,HINDUNILVR,750,2753.78,2065335.0,ICICI-CUST,EQ-ALPHA-03,BOOKED,2026-08-04,BUY,2753.78,750,2026-08-03,ICICI-CUST,RECEIVED,TRAIN
TRD100370,2026-08-11,BHARTIARTL,INE100370,BHARTIARTL,250,1694.45,423612.5,KOTAK-CUST,EQ-CORE-01,BOOKED,2026-08-12,BUY,1694.45,250,2026-08-11,KOTAK-CUST,RECEIVED,TRAIN
TRD100371,2026-08-09,RELIANCE,INE100371,RELIANCE,750,2848.92,2136690.0,ICICI-CUST,EQ-CORE-02,BOOKED,2026-08-10,BUY,2848.92,750,2026-08-09,ICICI-CUST,RECEIVED,TRAIN
TRD100372,2026-08-18,INFY,INE100372,INFY,1500,1889.33,2833995.0,MORGANSTANLEY-BROKER,EQ-INDEX-04,BOOKED,2026-08-19,BUY,1889.33,1500,2026-08-18,MORGANSTANLEY-BROKER,RECEIVED,TRAIN
TRD100373,2026-08-03,RELIANCE,INE100373,RELIANCE,200,2846.34,569268.0,MORGANSTANLEY-BROKER,EQ-ALPHA-03,BOOKED,2026-08-04,SELL,2846.34,200,2026-08-03,MORGANSTANLEY-BROKER,RECEIVED,TRAIN
TRD100374,2026-08-03,RELIANCE,INE100374,RELIANCE,750,2848.04,2136030.0,NOMURA-BROKER,EQ-CORE-02,BOOKED,2026-08-04,BUY,2848.04,750,2026-08-03,NOMURA-BROKER,RECEIVED,TRAIN
TRD100375,2026-08-09,KOTAKBANK,INE100375,KOTAKBANK,1500,1949.24,2923860.0,KOTAK-CUST,EQ-ALPHA-03,BOOKED,2026-08-10,SELL,1949.24,1500,2026-08-09,KOTAK-CUST,RECEIVED,TEST
TRD100376,2026-08-09,INFY,INE100376,INFY,200,1884.01,376802.0,DEUTSCHE-BROKER,EQ-ALPHA-03,BOOKED,2026-08-10,SELL,1913.2,200,2026-08-09,DEUTSCHE-BROKER,RECEIVED,TRAIN
TRD100377,2026-08-08,HINDUNILVR,INE100377,HINDUNILVR,200,2741.79,548358.0,NOMURA-BROKER,EQ-INDEX-04,BOOKED,2026-08-09,BUY,2741.79,200,2026-08-08,NOMURA-BROKER,RECEIVED,TRAIN
TRD100378,2026-08-01,ITC,INE100378,ITC,200,467.19,93438.0,DEUTSCHE-BROKER,EQ-ALPHA-03,BOOKED,2026-08-02,SELL,467.19,200,2026-08-01,DEUTSCHE-BROKER,RECEIVED,TRAIN
TRD100379,2026-08-14,HINDUNILVR,INE100379,HINDUNILVR,1000,2743.96,2743960.0,NOMURA-BROKER,EQ-CORE-02,BOOKED,2026-08-15,SELL,2743.96,1000,2026-08-14,NOMURA-BROKER,RECEIVED,TRAIN
TRD100380,2026-08-06,SBIN,INE100380,SBIN,500,845.42,422710.0,DEUTSCHE-BROKER,EQ-ALPHA-03,BOOKED,2026-08-07,SELL,845.42,700,2026-08-06,DEUTSCHE-BROKER,RECEIVED,TRAIN
TRD100381,2026-08-08,WIPRO,INE100381,WIPRO,2000,613.2,1226400.0,KOTAK-CUST,EQ-INDEX-04,BOOKED,2026-08-09,SELL,613.2,2000,2026-08-08,KOTAK-CUST,RECEIVED,TRAIN
TRD100382,2026-08-19,MARUTI,INE100382,MARUTI,1500,12962.48,19443720.0,HDFC-CUST,EQ-CORE-02,BOOKED,2026-08-20,BUY,12962.48,1500,2026-08-19,HDFC-CUST,RECEIVED,TRAIN
TRD100383,2026-08-07,WIPRO,INE100383,WIPRO,2000,613.05,1226100.0,DEUTSCHE-BROKER,EQ-ALPHA-03,BOOKED,2026-08-08,BUY,606.21,2000,2026-08-07,DEUTSCHE-BROKER,RECEIVED,TRAIN
TRD100384,2026-08-05,MARUTI,INE100384,MARUTI,1500,13002.45,19503675.0,NOMURA-BROKER,EQ-ALPHA-03,BOOKED,2026-08-06,BUY,13164.74,1575,2026-08-05,NOMURA-BROKER,RECEIVED,TRAIN
TRD100385,2026-08-13,ICICIBANK,INE100385,ICICIBANK,250,1243.47,310867.5,ICICI-CUST,EQ-INDEX-04,BOOKED,2026-08-14,SELL,1243.47,250,2026-08-13,ICICI-CUST,RECEIVED,TRAIN
TRD100386,2026-08-14,AXISBANK,INE100386,AXISBANK,1500,1180.66,1770990.0,MORGANSTANLEY-BROKER,EQ-CORE-01,BOOKED,2026-08-15,SELL,1180.66,1500,2026-08-14,MORGANSTANLEY-BROKER,RECEIVED,TRAIN
TRD100387,2026-08-08,WIPRO,INE100387,WIPRO,200,607.97,121594.0,NOMURA-BROKER,EQ-ALPHA-03,BOOKED,2026-08-09,BUY,,,,,MISSING,TRAIN
TRD100388,2026-08-21,KOTAKBANK,INE100388,KOTAKBANK,100,1956.94,195694.0,NOMURA-BROKER,EQ-INDEX-04,BOOKED,2026-08-22,SELL,1956.94,100,2026-08-21,NOMURA-BROKER,RECEIVED,TRAIN
TRD100389,2026-08-04,HINDUNILVR,INE100389,HINDUNILVR,1500,2734.78,4102170.0,KOTAK-CUST,EQ-CORE-02,BOOKED,2026-08-05,BUY,2676.08,1500,2026-08-04,KOTAK-CUST,RECEIVED,TRAIN
TRD100390,2026-08-19,ITC,INE100390,ITC,1000,468.39,468390.0,NOMURA-BROKER,EQ-CORE-02,BOOKED,2026-08-20,SELL,468.39,1000,2026-08-19,NOMURA-BROKER,RECEIVED,TRAIN
TRD100391,2026-08-14,RELIANCE,INE100391,RELIANCE,2000,2839.23,5678460.0,ICICI-CUST,EQ-CORE-01,BOOKED,2026-08-15,BUY,2839.23,2000,2026-08-14,ICICI-CUST,RECEIVED,TRAIN
TRD100392,2026-08-07,SBIN,INE100392,SBIN,750,844.27,633202.5,MORGANSTANLEY-BROKER,EQ-INDEX-04,BOOKED,2026-08-08,SELL,844.27,750,2026-08-07,MORGANSTANLEY-BROKER,RECEIVED,TEST
TRD100393,2026-08-15,ITC,INE100393,ITC,200,468.61,93722.0,KOTAK-CUST,EQ-CORE-01,BOOKED,2026-08-16,SELL,468.61,150,2026-08-15,KOTAK-CUST,RECEIVED,TEST
TRD100394,2026-08-11,RELIANCE,INE100394,RELIANCE,200,2836.89,567378.0,NOMURA-BROKER,EQ-CORE-01,BOOKED,2026-08-12,BUY,2836.89,200,2026-08-11,NOMURA-BROKER,RECEIVED,TEST
TRD100395,2026-08-18,TATASTEEL,INE100395,TATASTEEL,500,172.48,86240.0,HDFC-CUST,EQ-ALPHA-03,BOOKED,2026-08-19,SELL,172.48,500,2026-08-19,HDFC-CUST,RECEIVED,TRAIN
TRD100396,2026-08-21,ITC,INE100396,ITC,500,470.3,235150.0,HDFC-CUST,EQ-CORE-02,BOOKED,2026-08-22,SELL,470.3,500,2026-08-21,HDFC-CUST,RECEIVED,TRAIN
TRD100397,2026-08-07,BHARTIARTL,INE100397,BHARTIARTL,100,1694.41,169441.0,DEUTSCHE-BROKER,EQ-INDEX-04,BOOKED,2026-08-08,SELL,1694.41,100,2026-08-07,DEUTSCHE-BROKER,RECEIVED,TRAIN
TRD100398,2026-08-03,RELIANCE,INE100398,RELIANCE,500,2842.11,1421055.0,MORGANSTANLEY-BROKER,EQ-CORE-01,BOOKED,2026-08-04,BUY,2842.11,500,2026-08-03,MORGANSTANLEY-BROKER,RECEIVED,TEST
TRD100399,2026-08-04,SBIN,INE100399,SBIN,1000,843.04,843040.0,KOTAK-CUST,EQ-INDEX-04,BOOKED,2026-08-05,SELL,843.04,1000,2026-08-04,KOTAK-CUST,RECEIVED,TRAIN
TRD100400,2026-08-19,AXISBANK,INE100400,AXISBANK,1500,1181.56,1772340.0,ICICI-CUST,EQ-ALPHA-03,BOOKED,2026-08-20,SELL,1153.86,1500,2026-08-19,ICICI-CUST,RECEIVED,TRAIN
TRD100401,2026-08-10,MARUTI,INE100401,MARUTI,2000,12995.23,25990460.0,MORGANSTANLEY-BROKER,EQ-CORE-01,BOOKED,2026-08-11,BUY,12995.23,2000,2026-08-10,MORGANSTANLEY-BROKER,RECEIVED,TRAIN
TRD100402,2026-08-04,SBIN,INE100402,SBIN,200,843.39,168678.0,HDFC-CUST,EQ-ALPHA-03,BOOKED,2026-08-05,BUY,843.39,200,2026-08-04,NOMURA-BROKER,RECEIVED,TRAIN
TRD100403,2026-08-05,LT,INE100403,LT,1500,3677.14,5515710.0,MORGANSTANLEY-BROKER,EQ-INDEX-04,BOOKED,2026-08-06,SELL,3677.14,1500,2026-08-05,MORGANSTANLEY-BROKER,RECEIVED,TRAIN
TRD100404,2026-08-21,INFY,INE100404,INFY,2000,1892.86,3785720.0,HDFC-CUST,EQ-CORE-02,BOOKED,2026-08-22,SELL,1892.86,2000,2026-08-21,HDFC-CUST,RECEIVED,TEST
TRD100405,2026-08-15,ICICIBANK,INE100405,ICICIBANK,250,1236.92,309230.0,MORGANSTANLEY-BROKER,EQ-CORE-01,BOOKED,2026-08-16,SELL,1236.92,250,2026-08-15,MORGANSTANLEY-BROKER,RECEIVED,TRAIN
TRD100406,2026-08-13,RELIANCE,INE100406,RELIANCE,2000,2840.14,5680280.0,MORGANSTANLEY-BROKER,EQ-INDEX-04,BOOKED,2026-08-14,SELL,2840.14,2000,2026-08-13,MORGANSTANLEY-BROKER,RECEIVED,TRAIN
TRD100407,2026-08-15,KOTAKBANK,INE100407,KOTAKBANK,2000,1954.05,3908100.0,DEUTSCHE-BROKER,EQ-CORE-02,BOOKED,2026-08-16,BUY,1954.05,2000,2026-08-15,DEUTSCHE-BROKER,RECEIVED,TRAIN
TRD100408,2026-08-08,AXISBANK,INE100408,AXISBANK,100,1183.74,118374.0,KOTAK-CUST,EQ-CORE-01,BOOKED,2026-08-09,SELL,1183.74,100,2026-08-08,KOTAK-CUST,RECEIVED,TRAIN
TRD100409,2026-08-15,HDFCBANK,INE100409,HDFCBANK,750,1669.64,1252230.0,MORGANSTANLEY-BROKER,EQ-INDEX-04,BOOKED,2026-08-16,BUY,1669.64,750,2026-08-15,MORGANSTANLEY-BROKER,RECEIVED,TRAIN
TRD100410,2026-08-18,AXISBANK,INE100410,AXISBANK,200,1177.51,235502.0,KOTAK-CUST,EQ-CORE-01,BOOKED,2026-08-19,SELL,1177.51,200,2026-08-18,KOTAK-CUST,RECEIVED,TRAIN
TRD100411,2026-08-04,LT,INE100411,LT,500,3698.17,1849085.0,NOMURA-BROKER,EQ-CORE-02,BOOKED,2026-08-05,SELL,3698.17,500,2026-08-04,NOMURA-BROKER,RECEIVED,TRAIN
TRD100412,2026-08-12,MARUTI,INE100412,MARUTI,100,12973.48,1297348.0,ICICI-CUST,EQ-INDEX-04,BOOKED,2026-08-13,BUY,12973.48,100,2026-08-12,ICICI-CUST,RECEIVED,TRAIN
TRD100413,2026-08-19,HINDUNILVR,INE100413,HINDUNILVR,500,2737.63,1368815.0,NOMURA-BROKER,EQ-ALPHA-03,BOOKED,2026-08-20,SELL,2737.63,500,2026-08-19,NOMURA-BROKER,RECEIVED,TRAIN
TRD100414,2026-08-07,INFY,INE100414,INFY,250,1895.68,473920.0,ICICI-CUST,EQ-ALPHA-03,BOOKED,2026-08-08,SELL,1946.97,250,2026-08-07,ICICI-CUST,RECEIVED,TRAIN
TRD100415,2026-08-10,AXISBANK,INE100415,AXISBANK,250,1178.17,294542.5,KOTAK-CUST,EQ-ALPHA-03,BOOKED,2026-08-11,BUY,1178.17,250,2026-08-10,KOTAK-CUST,RECEIVED,TRAIN
TRD100416,2026-08-09,INFY,INE100416,INFY,1500,1898.22,2847330.0,NOMURA-BROKER,EQ-CORE-02,BOOKED,2026-08-10,BUY,1898.22,1500,2026-08-09,NOMURA-BROKER,RECEIVED,TRAIN
TRD100417,2026-08-08,HDFCBANK,INE100417,HDFCBANK,250,1678.74,419685.0,NOMURA-BROKER,EQ-INDEX-04,BOOKED,2026-08-09,SELL,1678.74,250,2026-08-08,NOMURA-BROKER,RECEIVED,TRAIN
TRD100418,2026-08-13,INFY,INE100418,INFY,750,1892.72,1419540.0,DEUTSCHE-BROKER,EQ-CORE-01,BOOKED,2026-08-14,BUY,1892.72,750,2026-08-13,DEUTSCHE-BROKER,RECEIVED,TRAIN
TRD100419,2026-08-12,BHARTIARTL,INE100419,BHARTIARTL,750,1693.69,1270267.5,DEUTSCHE-BROKER,EQ-INDEX-04,BOOKED,2026-08-13,SELL,1693.69,750,2026-08-12,DEUTSCHE-BROKER,RECEIVED,TRAIN
TRD100420,2026-08-03,AXISBANK,INE100420,AXISBANK,100,1184.6,118460.0,NOMURA-BROKER,EQ-INDEX-04,BOOKED,2026-08-04,SELL,1184.6,100,2026-08-03,NOMURA-BROKER,RECEIVED,TRAIN
TRD100421,2026-08-13,MARUTI,INE100421,MARUTI,200,13018.38,2603676.0,HDFC-CUST,EQ-INDEX-04,BOOKED,2026-08-14,BUY,13018.38,200,2026-08-13,HDFC-CUST,RECEIVED,TRAIN
TRD100422,2026-08-10,ITC,INE100422,ITC,750,468.07,351052.5,KOTAK-CUST,EQ-CORE-02,BOOKED,2026-08-11,SELL,480.39,750,2026-08-10,KOTAK-CUST,RECEIVED,TRAIN
TRD100423,2026-08-02,HINDUNILVR,INE100423,HINDUNILVR,1000,2756.42,2756420.0,ICICI-CUST,EQ-CORE-01,BOOKED,2026-08-03,SELL,2756.42,1000,2026-08-02,ICICI-CUST,RECEIVED,TEST
TRD100424,2026-08-06,RELIANCE,INE100424,RELIANCE,200,2862.74,572548.0,DEUTSCHE-BROKER,EQ-INDEX-04,BOOKED,2026-08-07,BUY,2862.74,200,2026-08-06,DEUTSCHE-BROKER,RECEIVED,TRAIN
TRD100425,2026-08-05,BHARTIARTL,INE100425,BHARTIARTL,500,1698.78,849390.0,NOMURA-BROKER,EQ-ALPHA-03,BOOKED,2026-08-06,BUY,1698.78,500,2026-08-05,NOMURA-BROKER,RECEIVED,TRAIN
TRD100426,2026-08-12,MARUTI,INE100426,MARUTI,750,12927.22,9695415.0,KOTAK-CUST,EQ-CORE-01,BOOKED,2026-08-13,SELL,12927.22,750,2026-08-12,ICICI-CUST,RECEIVED,TRAIN
TRD100427,2026-08-21,KOTAKBANK,INE100427,KOTAKBANK,250,1946.93,486732.5,KOTAK-CUST,EQ-CORE-02,BOOKED,2026-08-22,SELL,1946.93,250,2026-08-21,KOTAK-CUST,RECEIVED,TRAIN
TRD100428,2026-08-01,KOTAKBANK,INE100428,KOTAKBANK,200,1959.68,391936.0,HDFC-CUST,EQ-INDEX-04,BOOKED,2026-08-02,BUY,1959.68,200,2026-08-01,HDFC-CUST,RECEIVED,TRAIN
TRD100429,2026-08-15,INFY,INE100429,INFY,500,1890.67,945335.0,ICICI-CUST,EQ-CORE-01,BOOKED,2026-08-16,SELL,1912.5,575,2026-08-15,ICICI-CUST,RECEIVED,TEST
TRD100430,2026-08-14,MARUTI,INE100430,MARUTI,200,13043.36,2608672.0,NOMURA-BROKER,EQ-CORE-02,BOOKED,2026-08-15,SELL,13043.36,200,2026-08-14,NOMURA-BROKER,RECEIVED,TRAIN
TRD100431,2026-08-04,TCS,INE100431,TCS,500,4115.93,2057965.0,ICICI-CUST,EQ-ALPHA-03,BOOKED,2026-08-05,SELL,4115.93,500,2026-08-04,ICICI-CUST,RECEIVED,TRAIN
TRD100432,2026-08-05,TATASTEEL,INE100432,TATASTEEL,750,171.82,128865.0,NOMURA-BROKER,EQ-CORE-02,BOOKED,2026-08-06,BUY,171.82,750,2026-08-05,NOMURA-BROKER,RECEIVED,TRAIN
TRD100433,2026-08-06,LT,INE100433,LT,100,3684.21,368421.0,DEUTSCHE-BROKER,EQ-ALPHA-03,BOOKED,2026-08-07,BUY,3684.21,100,2026-08-06,DEUTSCHE-BROKER,RECEIVED,TRAIN
TRD100434,2026-08-20,KOTAKBANK,INE100434,KOTAKBANK,250,1963.91,490977.5,NOMURA-BROKER,EQ-INDEX-04,BOOKED,2026-08-21,BUY,1963.91,250,2026-08-20,NOMURA-BROKER,RECEIVED,TRAIN
TRD100435,2026-08-04,TCS,INE100435,TCS,200,4105.92,821184.0,MORGANSTANLEY-BROKER,EQ-INDEX-04,BOOKED,2026-08-05,SELL,4105.92,200,2026-08-04,MORGANSTANLEY-BROKER,RECEIVED,TRAIN
TRD100436,2026-08-08,BHARTIARTL,INE100436,BHARTIARTL,1000,1695.32,1695320.0,KOTAK-CUST,EQ-CORE-01,BOOKED,2026-08-09,BUY,1695.32,900,2026-08-08,KOTAK-CUST,RECEIVED,TEST
TRD100437,2026-08-01,LT,INE100437,LT,750,3690.42,2767815.0,NOMURA-BROKER,EQ-ALPHA-03,BOOKED,2026-08-02,BUY,3690.42,750,2026-08-01,NOMURA-BROKER,RECEIVED,TRAIN
TRD100438,2026-08-10,LT,INE100438,LT,500,3689.27,1844635.0,NOMURA-BROKER,EQ-CORE-01,BOOKED,2026-08-11,BUY,3689.27,500,2026-08-10,NOMURA-BROKER,RECEIVED,TRAIN
TRD100439,2026-08-16,ITC,INE100439,ITC,1500,467.08,700620.0,NOMURA-BROKER,EQ-CORE-01,BOOKED,2026-08-17,BUY,467.08,1500,2026-08-16,NOMURA-BROKER,RECEIVED,TRAIN
TRD100440,2026-08-19,SBIN,INE100440,SBIN,1000,842.49,842490.0,DEUTSCHE-BROKER,EQ-ALPHA-03,BOOKED,2026-08-20,BUY,842.49,1000,2026-08-19,DEUTSCHE-BROKER,RECEIVED,TEST
TRD100441,2026-08-03,HINDUNILVR,INE100441,HINDUNILVR,2000,2758.08,5516160.0,ICICI-CUST,EQ-CORE-01,BOOKED,2026-08-04,BUY,2758.08,2000,2026-08-03,ICICI-CUST,RECEIVED,TRAIN
TRD100442,2026-08-02,ICICIBANK,INE100442,ICICIBANK,500,1235.09,617545.0,DEUTSCHE-BROKER,EQ-ALPHA-03,BOOKED,2026-08-03,SELL,1235.09,500,2026-08-02,DEUTSCHE-BROKER,RECEIVED,TRAIN
TRD100443,2026-08-18,BHARTIARTL,INE100443,BHARTIARTL,1500,1683.34,2525010.0,MORGANSTANLEY-BROKER,EQ-CORE-02,BOOKED,2026-08-19,SELL,1683.34,1500,2026-08-19,MORGANSTANLEY-BROKER,RECEIVED,TRAIN
TRD100444,2026-08-07,TCS,INE100444,TCS,750,4103.4,3077550.0,HDFC-CUST,EQ-ALPHA-03,BOOKED,2026-08-08,SELL,4103.4,750,2026-08-07,HDFC-CUST,RECEIVED,TRAIN
TRD100445,2026-08-14,AXISBANK,INE100445,AXISBANK,200,1178.01,235602.0,NOMURA-BROKER,EQ-CORE-02,BOOKED,2026-08-15,BUY,1178.01,200,2026-08-14,NOMURA-BROKER,RECEIVED,TRAIN
TRD100446,2026-08-04,HDFCBANK,INE100446,HDFCBANK,200,1682.31,336462.0,DEUTSCHE-BROKER,EQ-CORE-01,BOOKED,2026-08-05,SELL,1682.31,200,2026-08-04,DEUTSCHE-BROKER,RECEIVED,TRAIN
TRD100447,2026-08-05,KOTAKBANK,INE100447,KOTAKBANK,250,1948.26,487065.0,NOMURA-BROKER,EQ-CORE-01,BOOKED,2026-08-06,BUY,1948.26,250,2026-08-05,NOMURA-BROKER,RECEIVED,TEST
TRD100448,2026-08-09,ITC,INE100448,ITC,1000,469.01,469010.0,HDFC-CUST,EQ-ALPHA-03,BOOKED,2026-08-10,BUY,469.01,1000,2026-08-09,HDFC-CUST,RECEIVED,TEST
TRD100449,2026-08-04,WIPRO,INE100449,WIPRO,750,611.77,458827.5,ICICI-CUST,EQ-ALPHA-03,BOOKED,2026-08-05,SELL,611.77,750,2026-08-04,ICICI-CUST,RECEIVED,TRAIN
TRD100450,2026-08-19,ICICIBANK,INE100450,ICICIBANK,200,1237.86,247572.0,NOMURA-BROKER,EQ-CORE-01,BOOKED,2026-08-20,SELL,1237.86,200,2026-08-19,NOMURA-BROKER,RECEIVED,TRAIN
TRD100451,2026-08-19,ITC,INE100451,ITC,1000,466.82,466820.0,HDFC-CUST,EQ-ALPHA-03,BOOKED,2026-08-20,BUY,466.82,1000,2026-08-19,HDFC-CUST,RECEIVED,TRAIN
TRD100452,2026-08-04,ICICIBANK,INE100452,ICICIBANK,200,1245.69,249138.0,HDFC-CUST,EQ-CORE-01,BOOKED,2026-08-05,BUY,1245.69,200,2026-08-04,HDFC-CUST,RECEIVED,TRAIN
TRD100453,2026-08-16,MARUTI,INE100453,MARUTI,100,12946.84,1294684.0,KOTAK-CUST,EQ-INDEX-04,BOOKED,2026-08-17,BUY,13293.7,100,2026-08-16,KOTAK-CUST,RECEIVED,TRAIN
TRD100454,2026-08-21,INFY,INE100454,INFY,100,1891.3,189130.0,DEUTSCHE-BROKER,EQ-CORE-02,BOOKED,2026-08-22,SELL,1891.3,100,2026-08-21,DEUTSCHE-BROKER,RECEIVED,TEST
TRD100455,2026-08-11,HDFCBANK,INE100455,HDFCBANK,1500,1682.17,2523255.0,KOTAK-CUST,EQ-CORE-01,BOOKED,2026-08-12,SELL,1682.17,1500,2026-08-11,KOTAK-CUST,RECEIVED,TRAIN
TRD100456,2026-08-17,TCS,INE100456,TCS,100,4107.54,410754.0,ICICI-CUST,EQ-INDEX-04,BOOKED,2026-08-18,BUY,4107.54,100,2026-08-17,ICICI-CUST,RECEIVED,TEST
TRD100457,2026-08-10,TATASTEEL,INE100457,TATASTEEL,2000,173.08,346160.0,KOTAK-CUST,EQ-CORE-01,BOOKED,2026-08-11,SELL,173.08,2000,2026-08-10,KOTAK-CUST,RECEIVED,TRAIN
TRD100458,2026-08-19,RELIANCE,INE100458,RELIANCE,1000,2841.97,2841970.0,KOTAK-CUST,EQ-CORE-02,BOOKED,2026-08-20,SELL,2841.97,1000,2026-08-19,KOTAK-CUST,RECEIVED,TEST
TRD100459,2026-08-07,SBIN,INE100459,SBIN,2000,849.81,1699620.0,NOMURA-BROKER,EQ-CORE-02,BOOKED,2026-08-08,BUY,868.29,2000,2026-08-07,NOMURA-BROKER,RECEIVED,TRAIN
TRD100460,2026-08-18,RELIANCE,INE100460,RELIANCE,1500,2836.93,4255395.0,KOTAK-CUST,EQ-CORE-01,BOOKED,2026-08-19,SELL,2836.93,1500,2026-08-18,KOTAK-CUST,RECEIVED,TRAIN
TRD100461,2026-08-10,RELIANCE,INE100461,RELIANCE,1500,2860.45,4290675.0,ICICI-CUST,EQ-CORE-02,BOOKED,2026-08-11,BUY,2860.45,1500,2026-08-10,ICICI-CUST,RECEIVED,TRAIN
TRD100462,2026-08-05,BHARTIARTL,INE100462,BHARTIARTL,2000,1698.2,3396400.0,NOMURA-BROKER,EQ-ALPHA-03,BOOKED,2026-08-06,BUY,1698.2,2000,2026-08-05,NOMURA-BROKER,RECEIVED,TRAIN
TRD100463,2026-08-17,RELIANCE,INE100463,RELIANCE,500,2861.82,1430910.0,DEUTSCHE-BROKER,EQ-ALPHA-03,BOOKED,2026-08-18,SELL,2861.82,500,2026-08-17,DEUTSCHE-BROKER,RECEIVED,TEST
TRD100464,2026-08-17,WIPRO,INE100464,WIPRO,200,610.84,122168.0,HDFC-CUST,EQ-INDEX-04,BOOKED,2026-08-18,BUY,610.84,200,2026-08-17,HDFC-CUST,RECEIVED,TEST
TRD100465,2026-08-05,AXISBANK,INE100465,AXISBANK,100,1179.48,117948.0,HDFC-CUST,EQ-ALPHA-03,BOOKED,2026-08-06,SELL,1179.48,100,2026-08-05,HDFC-CUST,RECEIVED,TRAIN
TRD100466,2026-08-13,MARUTI,INE100466,MARUTI,1000,13035.3,13035300.0,NOMURA-BROKER,EQ-ALPHA-03,BOOKED,2026-08-14,SELL,13035.3,1000,2026-08-13,NOMURA-BROKER,RECEIVED,TRAIN
TRD100467,2026-08-07,ITC,INE100467,ITC,750,467.65,350737.5,HDFC-CUST,EQ-CORE-01,BOOKED,2026-08-08,BUY,467.65,750,2026-08-07,HDFC-CUST,RECEIVED,TRAIN
TRD100468,2026-08-11,TCS,INE100468,TCS,250,4118.67,1029667.5,DEUTSCHE-BROKER,EQ-CORE-01,BOOKED,2026-08-12,SELL,4118.67,250,2026-08-11,DEUTSCHE-BROKER,RECEIVED,TRAIN
TRD100469,2026-08-15,HINDUNILVR,INE100469,HINDUNILVR,500,2744.28,1372140.0,KOTAK-CUST,EQ-CORE-01,BOOKED,2026-08-16,BUY,2744.28,500,2026-08-15,HDFC-CUST,RECEIVED,TRAIN
TRD100470,2026-08-20,INFY,INE100470,INFY,750,1896.47,1422352.5,ICICI-CUST,EQ-CORE-02,BOOKED,2026-08-21,SELL,1896.47,750,2026-08-20,ICICI-CUST,RECEIVED,TRAIN
TRD100471,2026-08-12,INFY,INE100471,INFY,200,1894.29,378858.0,DEUTSCHE-BROKER,EQ-CORE-01,BOOKED,2026-08-13,SELL,1894.29,200,2026-08-12,DEUTSCHE-BROKER,RECEIVED,TRAIN
TRD100472,2026-08-13,ICICIBANK,INE100472,ICICIBANK,250,1234.98,308745.0,DEUTSCHE-BROKER,EQ-CORE-02,BOOKED,2026-08-14,BUY,1234.98,250,2026-08-13,NOMURA-BROKER,RECEIVED,TRAIN
TRD100473,2026-08-05,ITC,INE100473,ITC,200,470.32,94064.0,ICICI-CUST,EQ-CORE-01,BOOKED,2026-08-06,BUY,,,,,MISSING,TRAIN
TRD100474,2026-08-13,MARUTI,INE100474,MARUTI,500,12932.07,6466035.0,KOTAK-CUST,EQ-CORE-01,BOOKED,2026-08-14,SELL,12932.07,500,2026-08-13,KOTAK-CUST,RECEIVED,TEST
TRD100475,2026-08-03,TATASTEEL,INE100475,TATASTEEL,200,171.63,34326.0,HDFC-CUST,EQ-INDEX-04,BOOKED,2026-08-04,BUY,171.63,200,2026-08-04,HDFC-CUST,RECEIVED,TRAIN
TRD100476,2026-08-15,TCS,INE100476,TCS,1000,4105.2,4105200.0,ICICI-CUST,EQ-CORE-02,BOOKED,2026-08-16,SELL,4105.2,1000,2026-08-15,ICICI-CUST,RECEIVED,TRAIN
TRD100477,2026-08-13,MARUTI,INE100477,MARUTI,1500,12979.5,19469250.0,NOMURA-BROKER,EQ-INDEX-04,BOOKED,2026-08-14,BUY,12979.5,1500,2026-08-13,NOMURA-BROKER,RECEIVED,TRAIN
TRD100478,2026-08-09,SBIN,INE100478,SBIN,500,849.05,424525.0,KOTAK-CUST,EQ-INDEX-04,BOOKED,2026-08-10,BUY,849.05,500,2026-08-09,KOTAK-CUST,RECEIVED,TRAIN
TRD100479,2026-08-16,RELIANCE,INE100479,RELIANCE,500,2854.7,1427350.0,DEUTSCHE-BROKER,EQ-INDEX-04,BOOKED,2026-08-17,BUY,2896.02,425,2026-08-16,DEUTSCHE-BROKER,RECEIVED,TRAIN
TRD100480,2026-08-14,TCS,INE100480,TCS,750,4115.93,3086947.5,HDFC-CUST,EQ-CORE-02,BOOKED,2026-08-15,BUY,4115.93,750,2026-08-14,HDFC-CUST,RECEIVED,TEST
TRD100481,2026-08-16,BHARTIARTL,INE100481,BHARTIARTL,1000,1690.06,1690060.0,KOTAK-CUST,EQ-ALPHA-03,BOOKED,2026-08-17,SELL,1690.06,1000,2026-08-16,KOTAK-CUST,RECEIVED,TRAIN
TRD100482,2026-08-20,ICICIBANK,INE100482,ICICIBANK,250,1234.92,308730.0,HDFC-CUST,EQ-CORE-01,BOOKED,2026-08-21,SELL,1234.92,350,2026-08-20,HDFC-CUST,RECEIVED,TEST
TRD100483,2026-08-19,RELIANCE,INE100483,RELIANCE,2000,2851.34,5702680.0,HDFC-CUST,EQ-CORE-02,BOOKED,2026-08-20,BUY,2851.34,2000,2026-08-19,HDFC-CUST,RECEIVED,TEST
TRD100484,2026-08-02,HDFCBANK,INE100484,HDFCBANK,500,1671.29,835645.0,HDFC-CUST,EQ-INDEX-04,BOOKED,2026-08-03,SELL,1671.29,500,2026-08-02,HDFC-CUST,RECEIVED,TEST
TRD100485,2026-08-19,TATASTEEL,INE100485,TATASTEEL,250,171.89,42972.5,KOTAK-CUST,EQ-ALPHA-03,BOOKED,2026-08-20,BUY,171.89,250,2026-08-19,KOTAK-CUST,RECEIVED,TRAIN
TRD100486,2026-08-19,WIPRO,INE100486,WIPRO,1000,613.08,613080.0,HDFC-CUST,EQ-CORE-02,BOOKED,2026-08-20,SELL,613.08,1000,2026-08-19,HDFC-CUST,RECEIVED,TRAIN
TRD100487,2026-08-02,LT,INE100487,LT,750,3668.21,2751157.5,ICICI-CUST,EQ-CORE-01,BOOKED,2026-08-03,BUY,3668.21,750,2026-08-02,ICICI-CUST,RECEIVED,TEST
TRD100488,2026-08-16,AXISBANK,INE100488,AXISBANK,500,1174.58,587290.0,ICICI-CUST,EQ-ALPHA-03,BOOKED,2026-08-17,BUY,1174.58,500,2026-08-16,ICICI-CUST,RECEIVED,TEST
TRD100489,2026-08-06,HINDUNILVR,INE100489,HINDUNILVR,250,2741.23,685307.5,KOTAK-CUST,EQ-CORE-01,BOOKED,2026-08-07,BUY,2741.23,250,2026-08-06,NOMURA-BROKER,RECEIVED,TRAIN
TRD100490,2026-08-17,INFY,INE100490,INFY,250,1895.49,473872.5,KOTAK-CUST,EQ-CORE-01,BOOKED,2026-08-18,SELL,1895.49,250,2026-08-17,KOTAK-CUST,RECEIVED,TRAIN
TRD100491,2026-08-11,WIPRO,INE100491,WIPRO,1500,610.88,916320.0,KOTAK-CUST,EQ-ALPHA-03,BOOKED,2026-08-12,BUY,610.88,1500,2026-08-11,KOTAK-CUST,RECEIVED,TRAIN
TRD100492,2026-08-16,INFY,INE100492,INFY,1500,1895.82,2843730.0,NOMURA-BROKER,EQ-ALPHA-03,BOOKED,2026-08-17,BUY,1895.82,1500,2026-08-16,NOMURA-BROKER,RECEIVED,TRAIN
TRD100493,2026-08-19,WIPRO,INE100493,WIPRO,1000,608.66,608660.0,HDFC-CUST,EQ-INDEX-04,BOOKED,2026-08-20,SELL,608.66,1000,2026-08-19,HDFC-CUST,RECEIVED,TRAIN
TRD100494,2026-08-01,WIPRO,INE100494,WIPRO,750,608.08,456060.0,NOMURA-BROKER,EQ-INDEX-04,BOOKED,2026-08-02,BUY,608.08,750,2026-08-01,NOMURA-BROKER,RECEIVED,TRAIN
TRD100495,2026-08-20,INFY,INE100495,INFY,1000,1898.26,1898260.0,HDFC-CUST,EQ-CORE-01,BOOKED,2026-08-21,SELL,1898.26,1000,2026-08-20,HDFC-CUST,RECEIVED,TRAIN
TRD100496,2026-08-08,INFY,INE100496,INFY,1000,1894.94,1894940.0,KOTAK-CUST,EQ-ALPHA-03,BOOKED,2026-08-09,BUY,1894.94,1000,2026-08-08,KOTAK-CUST,RECEIVED,TRAIN
TRD100497,2026-08-21,KOTAKBANK,INE100497,KOTAKBANK,200,1961.99,392398.0,NOMURA-BROKER,EQ-ALPHA-03,BOOKED,2026-08-22,SELL,1961.99,200,2026-08-21,NOMURA-BROKER,RECEIVED,TRAIN
TRD100498,2026-08-03,RELIANCE,INE100498,RELIANCE,750,2842.22,2131665.0,KOTAK-CUST,EQ-ALPHA-03,BOOKED,2026-08-04,BUY,2842.22,750,2026-08-03,KOTAK-CUST,RECEIVED,TRAIN
TRD100499,2026-08-15,WIPRO,INE100499,WIPRO,100,607.59,60759.0,NOMURA-BROKER,EQ-INDEX-04,BOOKED,2026-08-16,BUY,607.59,100,2026-08-15,NOMURA-BROKER,RECEIVED,TRAIN
TRD100500,2026-08-13,TATASTEEL,INE100500,TATASTEEL,1500,172.44,258660.0,KOTAK-CUST,EQ-INDEX-04,BOOKED,2026-08-14,BUY,172.44,1500,2026-08-13,KOTAK-CUST,RECEIVED,TRAIN
TRD100501,2026-08-19,MARUTI,INE100501,MARUTI,2000,13017.48,26034960.0,NOMURA-BROKER,EQ-CORE-02,BOOKED,2026-08-20,BUY,13017.48,2000,2026-08-19,NOMURA-BROKER,RECEIVED,TEST
TRD100502,2026-08-02,ITC,INE100502,ITC,200,470.3,94060.0,KOTAK-CUST,EQ-CORE-01,BOOKED,2026-08-03,SELL,470.3,200,2026-08-02,KOTAK-CUST,RECEIVED,TEST
TRD100503,2026-08-06,ICICIBANK,INE100503,ICICIBANK,200,1235.52,247104.0,DEUTSCHE-BROKER,EQ-CORE-02,BOOKED,2026-08-07,BUY,1235.52,200,2026-08-06,DEUTSCHE-BROKER,RECEIVED,TRAIN
TRD100504,2026-08-20,LT,INE100504,LT,200,3674.19,734838.0,DEUTSCHE-BROKER,EQ-CORE-01,BOOKED,2026-08-21,SELL,3674.19,200,2026-08-20,DEUTSCHE-BROKER,RECEIVED,TRAIN
TRD100505,2026-08-14,KOTAKBANK,INE100505,KOTAKBANK,250,1957.8,489450.0,HDFC-CUST,EQ-CORE-01,BOOKED,2026-08-15,BUY,1957.8,250,2026-08-14,HDFC-CUST,RECEIVED,TEST
TRD100506,2026-08-14,SBIN,INE100506,SBIN,500,849.61,424805.0,NOMURA-BROKER,EQ-ALPHA-03,BOOKED,2026-08-15,SELL,849.61,500,2026-08-14,NOMURA-BROKER,RECEIVED,TRAIN
TRD100507,2026-08-13,ICICIBANK,INE100507,ICICIBANK,500,1235.79,617895.0,MORGANSTANLEY-BROKER,EQ-INDEX-04,BOOKED,2026-08-14,BUY,1235.79,500,2026-08-13,MORGANSTANLEY-BROKER,RECEIVED,TEST
TRD100508,2026-08-03,RELIANCE,INE100508,RELIANCE,1000,2836.36,2836360.0,KOTAK-CUST,EQ-INDEX-04,BOOKED,2026-08-04,BUY,2836.36,1000,2026-08-03,KOTAK-CUST,RECEIVED,TEST
TRD100509,2026-08-21,TCS,INE100509,TCS,100,4108.67,410867.0,KOTAK-CUST,EQ-CORE-01,BOOKED,2026-08-22,SELL,4108.67,100,2026-08-21,KOTAK-CUST,RECEIVED,TRAIN
TRD100510,2026-08-13,MARUTI,INE100510,MARUTI,200,12955.12,2591024.0,DEUTSCHE-BROKER,EQ-INDEX-04,BOOKED,2026-08-14,SELL,12955.12,200,2026-08-13,DEUTSCHE-BROKER,RECEIVED,TRAIN
TRD100511,2026-08-13,TCS,INE100511,TCS,1500,4107.76,6161640.0,KOTAK-CUST,EQ-CORE-02,BOOKED,2026-08-14,SELL,4107.76,1500,2026-08-13,KOTAK-CUST,RECEIVED,TRAIN
TRD100512,2026-08-09,RELIANCE,INE100512,RELIANCE,750,2848.78,2136585.0,HDFC-CUST,EQ-ALPHA-03,BOOKED,2026-08-10,BUY,2848.78,750,2026-08-09,HDFC-CUST,RECEIVED,TEST
TRD100513,2026-08-12,INFY,INE100513,INFY,200,1882.47,376494.0,MORGANSTANLEY-BROKER,EQ-INDEX-04,BOOKED,2026-08-13,BUY,1838.23,200,2026-08-12,MORGANSTANLEY-BROKER,RECEIVED,TRAIN
TRD100514,2026-08-17,LT,INE100514,LT,100,3692.69,369269.0,DEUTSCHE-BROKER,EQ-INDEX-04,BOOKED,2026-08-18,BUY,3692.69,100,2026-08-17,DEUTSCHE-BROKER,RECEIVED,TRAIN
TRD100515,2026-08-02,ITC,INE100515,ITC,750,466.93,350197.5,MORGANSTANLEY-BROKER,EQ-CORE-02,BOOKED,2026-08-03,BUY,466.93,750,2026-08-02,HDFC-CUST,RECEIVED,TRAIN
TRD100516,2026-08-06,HINDUNILVR,INE100516,HINDUNILVR,2000,2736.62,5473240.0,HDFC-CUST,EQ-CORE-02,BOOKED,2026-08-07,BUY,2736.62,2000,2026-08-06,HDFC-CUST,RECEIVED,TRAIN
TRD100517,2026-08-14,RELIANCE,INE100517,RELIANCE,1500,2838.48,4257720.0,HDFC-CUST,EQ-CORE-02,BOOKED,2026-08-15,SELL,2838.48,1500,2026-08-14,HDFC-CUST,RECEIVED,TRAIN
TRD100518,2026-08-18,SBIN,INE100518,SBIN,200,842.11,168422.0,DEUTSCHE-BROKER,EQ-ALPHA-03,BOOKED,2026-08-19,SELL,842.11,200,2026-08-18,DEUTSCHE-BROKER,RECEIVED,TRAIN
TRD100519,2026-08-01,LT,INE100519,LT,2000,3695.5,7391000.0,NOMURA-BROKER,EQ-INDEX-04,BOOKED,2026-08-02,BUY,3695.5,2000,2026-08-01,NOMURA-BROKER,RECEIVED,TEST
TRD100520,2026-08-19,BHARTIARTL,INE100520,BHARTIARTL,250,1684.45,421112.5,MORGANSTANLEY-BROKER,EQ-CORE-01,BOOKED,2026-08-20,BUY,1684.45,250,2026-08-19,MORGANSTANLEY-BROKER,RECEIVED,TRAIN
TRD100521,2026-08-18,AXISBANK,INE100521,AXISBANK,200,1183.62,236724.0,KOTAK-CUST,EQ-INDEX-04,BOOKED,2026-08-19,SELL,1183.62,200,2026-08-18,KOTAK-CUST,RECEIVED,TRAIN
TRD100522,2026-08-16,BHARTIARTL,INE100522,BHARTIARTL,2000,1691.62,3383240.0,ICICI-CUST,EQ-CORE-02,BOOKED,2026-08-17,SELL,1691.62,2000,2026-08-16,ICICI-CUST,RECEIVED,TRAIN
TRD100523,2026-08-13,BHARTIARTL,INE100523,BHARTIARTL,250,1692.4,423100.0,ICICI-CUST,EQ-INDEX-04,BOOKED,2026-08-14,SELL,1692.4,250,2026-08-13,ICICI-CUST,RECEIVED,TRAIN
TRD100524,2026-08-16,WIPRO,INE100524,WIPRO,500,607.6,303800.0,KOTAK-CUST,EQ-ALPHA-03,BOOKED,2026-08-17,BUY,607.6,500,2026-08-16,KOTAK-CUST,RECEIVED,TEST
TRD100525,2026-08-16,SBIN,INE100525,SBIN,750,844.0,633000.0,NOMURA-BROKER,EQ-CORE-01,BOOKED,2026-08-17,BUY,844.0,750,2026-08-16,NOMURA-BROKER,RECEIVED,TRAIN
TRD100526,2026-08-15,INFY,INE100526,INFY,750,1899.26,1424445.0,KOTAK-CUST,EQ-ALPHA-03,BOOKED,2026-08-16,SELL,1918.53,825,2026-08-15,KOTAK-CUST,RECEIVED,TRAIN
TRD100527,2026-08-07,AXISBANK,INE100527,AXISBANK,200,1176.57,235314.0,DEUTSCHE-BROKER,EQ-INDEX-04,BOOKED,2026-08-08,SELL,1176.57,200,2026-08-08,DEUTSCHE-BROKER,RECEIVED,TRAIN
TRD100528,2026-08-06,MARUTI,INE100528,MARUTI,100,12981.98,1298198.0,ICICI-CUST,EQ-ALPHA-03,BOOKED,2026-08-07,SELL,12981.98,100,2026-08-07,ICICI-CUST,RECEIVED,TRAIN
TRD100529,2026-08-07,INFY,INE100529,INFY,100,1884.13,188413.0,ICICI-CUST,EQ-CORE-02,BOOKED,2026-08-08,BUY,1884.13,100,2026-08-07,ICICI-CUST,RECEIVED,TRAIN
TRD100530,2026-08-07,ITC,INE100530,ITC,100,470.86,47086.0,KOTAK-CUST,EQ-ALPHA-03,BOOKED,2026-08-08,SELL,470.86,100,2026-08-07,KOTAK-CUST,RECEIVED,TRAIN
TRD100531,2026-08-04,LT,INE100531,LT,1500,3685.13,5527695.0,NOMURA-BROKER,EQ-CORE-01,BOOKED,2026-08-05,BUY,3685.13,1500,2026-08-04,NOMURA-BROKER,RECEIVED,TRAIN
TRD100532,2026-08-06,SBIN,INE100532,SBIN,2000,846.4,1692800.0,DEUTSCHE-BROKER,EQ-ALPHA-03,BOOKED,2026-08-07,SELL,846.4,2000,2026-08-06,DEUTSCHE-BROKER,RECEIVED,TEST
TRD100533,2026-08-03,INFY,INE100533,INFY,750,1895.01,1421257.5,KOTAK-CUST,EQ-CORE-01,BOOKED,2026-08-04,SELL,1895.01,750,2026-08-03,KOTAK-CUST,RECEIVED,TRAIN
TRD100534,2026-08-07,RELIANCE,INE100534,RELIANCE,250,2860.59,715147.5,HDFC-CUST,EQ-CORE-02,BOOKED,2026-08-08,BUY,2860.59,250,2026-08-07,HDFC-CUST,RECEIVED,TRAIN
TRD100535,2026-08-01,ICICIBANK,INE100535,ICICIBANK,1500,1240.96,1861440.0,DEUTSCHE-BROKER,EQ-CORE-02,BOOKED,2026-08-02,BUY,1240.96,1500,2026-08-01,DEUTSCHE-BROKER,RECEIVED,TRAIN
TRD100536,2026-08-20,AXISBANK,INE100536,AXISBANK,100,1176.99,117699.0,KOTAK-CUST,EQ-ALPHA-03,BOOKED,2026-08-21,SELL,1176.99,100,2026-08-20,KOTAK-CUST,RECEIVED,TRAIN
TRD100537,2026-08-15,TATASTEEL,INE100537,TATASTEEL,1500,173.06,259590.0,KOTAK-CUST,EQ-CORE-02,BOOKED,2026-08-16,SELL,173.06,1500,2026-08-15,KOTAK-CUST,RECEIVED,TRAIN
TRD100538,2026-08-01,ICICIBANK,INE100538,ICICIBANK,1500,1241.85,1862775.0,MORGANSTANLEY-BROKER,EQ-ALPHA-03,BOOKED,2026-08-02,SELL,1241.85,1500,2026-08-01,MORGANSTANLEY-BROKER,RECEIVED,TRAIN
TRD100539,2026-08-11,ICICIBANK,INE100539,ICICIBANK,200,1240.57,248114.0,KOTAK-CUST,EQ-ALPHA-03,BOOKED,2026-08-12,SELL,1240.57,200,2026-08-11,KOTAK-CUST,RECEIVED,TEST
TRD100540,2026-08-17,ICICIBANK,INE100540,ICICIBANK,750,1236.93,927697.5,HDFC-CUST,EQ-CORE-01,BOOKED,2026-08-18,SELL,1236.93,750,2026-08-17,HDFC-CUST,RECEIVED,TRAIN
TRD100541,2026-08-01,KOTAKBANK,INE100541,KOTAKBANK,1000,1959.24,1959240.0,NOMURA-BROKER,EQ-INDEX-04,BOOKED,2026-08-02,SELL,1959.24,1000,2026-08-01,NOMURA-BROKER,RECEIVED,TRAIN
TRD100542,2026-08-02,ICICIBANK,INE100542,ICICIBANK,1500,1239.62,1859430.0,MORGANSTANLEY-BROKER,EQ-CORE-02,BOOKED,2026-08-03,SELL,1239.62,1500,2026-08-02,MORGANSTANLEY-BROKER,RECEIVED,TRAIN
TRD100543,2026-08-21,WIPRO,INE100543,WIPRO,500,611.49,305745.0,DEUTSCHE-BROKER,EQ-ALPHA-03,BOOKED,2026-08-22,SELL,611.49,500,2026-08-21,DEUTSCHE-BROKER,RECEIVED,TRAIN
TRD100544,2026-08-18,MARUTI,INE100544,MARUTI,250,13024.21,3256052.5,HDFC-CUST,EQ-ALPHA-03,BOOKED,2026-08-19,BUY,13024.21,250,2026-08-18,HDFC-CUST,RECEIVED,TRAIN
TRD100545,2026-08-18,ITC,INE100545,ITC,250,470.03,117507.5,HDFC-CUST,EQ-ALPHA-03,BOOKED,2026-08-19,BUY,470.03,250,2026-08-18,HDFC-CUST,RECEIVED,TEST
TRD100546,2026-08-10,HDFCBANK,INE100546,HDFCBANK,1000,1670.57,1670570.0,DEUTSCHE-BROKER,EQ-ALPHA-03,BOOKED,2026-08-11,SELL,1670.57,1000,2026-08-10,DEUTSCHE-BROKER,RECEIVED,TRAIN
TRD100547,2026-08-04,ICICIBANK,INE100547,ICICIBANK,750,1240.35,930262.5,DEUTSCHE-BROKER,EQ-CORE-01,BOOKED,2026-08-05,BUY,1240.35,750,2026-08-04,DEUTSCHE-BROKER,RECEIVED,TRAIN
TRD100548,2026-08-13,ITC,INE100548,ITC,500,468.9,234450.0,MORGANSTANLEY-BROKER,EQ-ALPHA-03,BOOKED,2026-08-14,SELL,468.9,500,2026-08-13,MORGANSTANLEY-BROKER,RECEIVED,TRAIN
TRD100549,2026-08-07,RELIANCE,INE100549,RELIANCE,250,2840.16,710040.0,KOTAK-CUST,EQ-INDEX-04,BOOKED,2026-08-08,SELL,2840.16,250,2026-08-07,KOTAK-CUST,RECEIVED,TRAIN
TRD100550,2026-08-06,INFY,INE100550,INFY,1000,1897.15,1897150.0,ICICI-CUST,EQ-INDEX-04,BOOKED,2026-08-07,SELL,1897.15,1000,2026-08-06,ICICI-CUST,RECEIVED,TEST
TRD100551,2026-08-02,KOTAKBANK,INE100551,KOTAKBANK,250,1952.05,488012.5,ICICI-CUST,EQ-INDEX-04,BOOKED,2026-08-03,SELL,1952.05,250,2026-08-02,ICICI-CUST,RECEIVED,TRAIN
TRD100552,2026-08-06,HDFCBANK,INE100552,HDFCBANK,250,1676.48,419120.0,DEUTSCHE-BROKER,EQ-CORE-01,BOOKED,2026-08-07,BUY,1676.48,250,2026-08-06,DEUTSCHE-BROKER,RECEIVED,TRAIN
TRD100553,2026-08-13,AXISBANK,INE100553,AXISBANK,1500,1181.83,1772745.0,DEUTSCHE-BROKER,EQ-INDEX-04,BOOKED,2026-08-14,SELL,1181.83,1550,2026-08-13,DEUTSCHE-BROKER,RECEIVED,TEST
TRD100554,2026-08-12,RELIANCE,INE100554,RELIANCE,100,2851.46,285146.0,ICICI-CUST,EQ-ALPHA-03,BOOKED,2026-08-13,BUY,2851.46,100,2026-08-12,ICICI-CUST,RECEIVED,TRAIN
TRD100555,2026-08-08,RELIANCE,INE100555,RELIANCE,100,2854.11,285411.0,HDFC-CUST,EQ-ALPHA-03,BOOKED,2026-08-09,SELL,2854.11,100,2026-08-08,HDFC-CUST,RECEIVED,TRAIN
TRD100556,2026-08-19,INFY,INE100556,INFY,200,1888.1,377620.0,KOTAK-CUST,EQ-CORE-02,BOOKED,2026-08-20,BUY,1888.1,200,2026-08-19,KOTAK-CUST,RECEIVED,TEST
TRD100557,2026-08-10,MARUTI,INE100557,MARUTI,100,12953.81,1295381.0,DEUTSCHE-BROKER,EQ-ALPHA-03,BOOKED,2026-08-11,SELL,12953.81,100,2026-08-10,DEUTSCHE-BROKER,RECEIVED,TRAIN
TRD100558,2026-08-16,TATASTEEL,INE100558,TATASTEEL,250,172.18,43045.0,KOTAK-CUST,EQ-CORE-02,BOOKED,2026-08-17,BUY,172.18,250,2026-08-16,KOTAK-CUST,RECEIVED,TRAIN
TRD100559,2026-08-08,TATASTEEL,INE100559,TATASTEEL,1500,171.62,257430.0,NOMURA-BROKER,EQ-CORE-02,BOOKED,2026-08-09,BUY,171.62,1500,2026-08-08,NOMURA-BROKER,RECEIVED,TRAIN
TRD100560,2026-08-06,WIPRO,INE100560,WIPRO,100,610.9,61090.0,ICICI-CUST,EQ-ALPHA-03,BOOKED,2026-08-07,BUY,610.9,100,2026-08-06,ICICI-CUST,RECEIVED,TRAIN
TRD100561,2026-08-20,BHARTIARTL,INE100561,BHARTIARTL,750,1694.99,1271242.5,ICICI-CUST,EQ-CORE-01,BOOKED,2026-08-21,BUY,1694.99,750,2026-08-20,ICICI-CUST,RECEIVED,TRAIN
TRD100562,2026-08-04,KOTAKBANK,INE100562,KOTAKBANK,100,1946.86,194686.0,DEUTSCHE-BROKER,EQ-INDEX-04,BOOKED,2026-08-05,SELL,1946.86,100,2026-08-04,DEUTSCHE-BROKER,RECEIVED,TRAIN
TRD100563,2026-08-05,TCS,INE100563,TCS,750,4119.69,3089767.5,HDFC-CUST,EQ-CORE-01,BOOKED,2026-08-06,SELL,4119.69,750,2026-08-05,HDFC-CUST,RECEIVED,TRAIN
TRD100564,2026-08-09,BHARTIARTL,INE100564,BHARTIARTL,200,1693.15,338630.0,MORGANSTANLEY-BROKER,EQ-CORE-02,BOOKED,2026-08-10,SELL,1693.15,200,2026-08-09,MORGANSTANLEY-BROKER,RECEIVED,TEST
TRD100565,2026-08-20,MARUTI,INE100565,MARUTI,200,12981.5,2596300.0,ICICI-CUST,EQ-ALPHA-03,BOOKED,2026-08-21,BUY,12981.5,200,2026-08-20,ICICI-CUST,RECEIVED,TRAIN
TRD100566,2026-08-20,HINDUNILVR,INE100566,HINDUNILVR,200,2745.54,549108.0,HDFC-CUST,EQ-ALPHA-03,BOOKED,2026-08-21,BUY,2745.54,200,2026-08-20,HDFC-CUST,RECEIVED,TEST
TRD100567,2026-08-02,SBIN,INE100567,SBIN,1500,843.87,1265805.0,MORGANSTANLEY-BROKER,EQ-INDEX-04,BOOKED,2026-08-03,BUY,843.87,1500,2026-08-02,MORGANSTANLEY-BROKER,RECEIVED,TRAIN
TRD100568,2026-08-01,WIPRO,INE100568,WIPRO,2000,609.32,1218640.0,ICICI-CUST,EQ-CORE-01,BOOKED,2026-08-02,BUY,609.32,2000,2026-08-01,ICICI-CUST,RECEIVED,TEST
TRD100569,2026-08-03,MARUTI,INE100569,MARUTI,2000,12934.46,25868920.0,MORGANSTANLEY-BROKER,EQ-CORE-01,BOOKED,2026-08-04,BUY,12934.46,2000,2026-08-03,MORGANSTANLEY-BROKER,RECEIVED,TEST
TRD100570,2026-08-15,TATASTEEL,INE100570,TATASTEEL,750,172.7,129525.0,KOTAK-CUST,EQ-ALPHA-03,BOOKED,2026-08-16,SELL,172.7,750,2026-08-15,KOTAK-CUST,RECEIVED,TRAIN
TRD100571,2026-08-02,RELIANCE,INE100571,RELIANCE,200,2859.43,571886.0,KOTAK-CUST,EQ-ALPHA-03,BOOKED,2026-08-03,SELL,2859.43,200,2026-08-02,KOTAK-CUST,RECEIVED,TRAIN
TRD100572,2026-08-02,BHARTIARTL,INE100572,BHARTIARTL,200,1683.55,336710.0,ICICI-CUST,EQ-CORE-02,BOOKED,2026-08-03,BUY,1683.55,200,2026-08-02,ICICI-CUST,RECEIVED,TRAIN
TRD100573,2026-08-20,SBIN,INE100573,SBIN,1000,848.94,848940.0,KOTAK-CUST,EQ-CORE-01,BOOKED,2026-08-21,SELL,848.94,1000,2026-08-20,KOTAK-CUST,RECEIVED,TEST
TRD100574,2026-08-13,MARUTI,INE100574,MARUTI,1000,12938.84,12938840.0,DEUTSCHE-BROKER,EQ-INDEX-04,BOOKED,2026-08-14,SELL,12938.84,1000,2026-08-13,DEUTSCHE-BROKER,RECEIVED,TEST
TRD100575,2026-08-16,MARUTI,INE100575,MARUTI,1500,13004.65,19506975.0,DEUTSCHE-BROKER,EQ-CORE-02,BOOKED,2026-08-17,BUY,13004.65,1500,2026-08-16,DEUTSCHE-BROKER,RECEIVED,TRAIN
TRD100576,2026-08-06,INFY,INE100576,INFY,100,1899.4,189940.0,ICICI-CUST,EQ-INDEX-04,BOOKED,2026-08-07,SELL,1899.4,100,2026-08-06,ICICI-CUST,RECEIVED,TRAIN
TRD100577,2026-08-13,HINDUNILVR,INE100577,HINDUNILVR,2000,2736.85,5473700.0,KOTAK-CUST,EQ-CORE-01,BOOKED,2026-08-14,BUY,2736.85,2000,2026-08-13,KOTAK-CUST,RECEIVED,TEST
TRD100578,2026-08-14,ITC,INE100578,ITC,2000,467.09,934180.0,DEUTSCHE-BROKER,EQ-CORE-01,BOOKED,2026-08-15,BUY,467.09,2000,2026-08-14,DEUTSCHE-BROKER,RECEIVED,TRAIN
TRD100579,2026-08-17,ICICIBANK,INE100579,ICICIBANK,1000,1234.75,1234750.0,NOMURA-BROKER,EQ-CORE-02,BOOKED,2026-08-18,SELL,1234.75,1000,2026-08-17,NOMURA-BROKER,RECEIVED,TRAIN
TRD100580,2026-08-08,LT,INE100580,LT,200,3677.68,735536.0,DEUTSCHE-BROKER,EQ-ALPHA-03,BOOKED,2026-08-09,SELL,3677.68,200,2026-08-08,DEUTSCHE-BROKER,RECEIVED,TRAIN
TRD100581,2026-08-06,INFY,INE100581,INFY,100,1881.07,188107.0,MORGANSTANLEY-BROKER,EQ-INDEX-04,BOOKED,2026-08-07,SELL,1881.07,100,2026-08-06,MORGANSTANLEY-BROKER,RECEIVED,TRAIN
TRD100582,2026-08-16,MARUTI,INE100582,MARUTI,250,12924.82,3231205.0,KOTAK-CUST,EQ-CORE-02,BOOKED,2026-08-17,SELL,12924.82,250,2026-08-16,KOTAK-CUST,RECEIVED,TRAIN
TRD100583,2026-08-18,ICICIBANK,INE100583,ICICIBANK,100,1240.89,124089.0,NOMURA-BROKER,EQ-INDEX-04,BOOKED,2026-08-19,SELL,1240.89,100,2026-08-18,NOMURA-BROKER,RECEIVED,TEST
TRD100584,2026-08-15,MARUTI,INE100584,MARUTI,500,12925.33,6462665.0,MORGANSTANLEY-BROKER,EQ-INDEX-04,BOOKED,2026-08-16,BUY,12925.33,500,2026-08-15,MORGANSTANLEY-BROKER,RECEIVED,TEST
TRD100585,2026-08-04,MARUTI,INE100585,MARUTI,2000,12973.13,25946260.0,DEUTSCHE-BROKER,EQ-CORE-01,BOOKED,2026-08-05,BUY,12973.13,2000,2026-08-04,DEUTSCHE-BROKER,RECEIVED,TRAIN
TRD100586,2026-08-18,BHARTIARTL,INE100586,BHARTIARTL,1500,1682.55,2523825.0,ICICI-CUST,EQ-CORE-01,BOOKED,2026-08-19,SELL,1682.55,1500,2026-08-18,ICICI-CUST,RECEIVED,TRAIN
TRD100587,2026-08-15,TATASTEEL,INE100587,TATASTEEL,500,172.72,86360.0,KOTAK-CUST,EQ-ALPHA-03,BOOKED,2026-08-16,BUY,172.72,500,2026-08-15,KOTAK-CUST,RECEIVED,TEST
TRD100588,2026-08-11,MARUTI,INE100588,MARUTI,500,13024.69,6512345.0,MORGANSTANLEY-BROKER,EQ-INDEX-04,BOOKED,2026-08-12,SELL,13024.69,500,2026-08-11,MORGANSTANLEY-BROKER,RECEIVED,TRAIN
TRD100589,2026-08-08,WIPRO,INE100589,WIPRO,2000,607.99,1215980.0,ICICI-CUST,EQ-ALPHA-03,BOOKED,2026-08-09,SELL,607.99,2000,2026-08-08,ICICI-CUST,RECEIVED,TEST
TRD100590,2026-08-12,MARUTI,INE100590,MARUTI,750,12986.19,9739642.5,NOMURA-BROKER,EQ-CORE-01,BOOKED,2026-08-13,BUY,12986.19,750,2026-08-12,NOMURA-BROKER,RECEIVED,TRAIN
TRD100591,2026-08-14,TATASTEEL,INE100591,TATASTEEL,250,172.44,43110.0,ICICI-CUST,EQ-ALPHA-03,BOOKED,2026-08-15,BUY,172.44,250,2026-08-14,ICICI-CUST,RECEIVED,TRAIN
TRD100592,2026-08-13,HDFCBANK,INE100592,HDFCBANK,200,1682.41,336482.0,HDFC-CUST,EQ-INDEX-04,BOOKED,2026-08-14,BUY,1682.41,200,2026-08-13,HDFC-CUST,RECEIVED,TRAIN
TRD100593,2026-08-14,WIPRO,INE100593,WIPRO,1000,607.96,607960.0,ICICI-CUST,EQ-CORE-01,BOOKED,2026-08-15,SELL,618.0,1075,2026-08-14,ICICI-CUST,RECEIVED,TRAIN
TRD100594,2026-08-01,ITC,INE100594,ITC,250,471.08,117770.0,MORGANSTANLEY-BROKER,EQ-CORE-01,BOOKED,2026-08-02,SELL,471.08,250,2026-08-01,MORGANSTANLEY-BROKER,RECEIVED,TRAIN
TRD100595,2026-08-06,MARUTI,INE100595,MARUTI,2000,13035.08,26070160.0,NOMURA-BROKER,EQ-CORE-02,BOOKED,2026-08-07,BUY,13035.08,2000,2026-08-07,NOMURA-BROKER,RECEIVED,TRAIN
TRD100596,2026-08-20,TCS,INE100596,TCS,1500,4127.24,6190860.0,KOTAK-CUST,EQ-INDEX-04,BOOKED,2026-08-21,SELL,4127.24,1500,2026-08-20,KOTAK-CUST,RECEIVED,TRAIN
TRD100597,2026-08-11,AXISBANK,INE100597,AXISBANK,500,1177.58,588790.0,KOTAK-CUST,EQ-INDEX-04,BOOKED,2026-08-12,BUY,1177.58,500,2026-08-12,KOTAK-CUST,RECEIVED,TRAIN
TRD100598,2026-08-17,INFY,INE100598,INFY,1500,1892.24,2838360.0,KOTAK-CUST,EQ-ALPHA-03,BOOKED,2026-08-18,BUY,1892.24,1500,2026-08-17,KOTAK-CUST,RECEIVED,TRAIN
TRD100599,2026-08-10,HDFCBANK,INE100599,HDFCBANK,500,1677.28,838640.0,NOMURA-BROKER,EQ-ALPHA-03,BOOKED,2026-08-11,BUY,1677.28,500,2026-08-10,NOMURA-BROKER,RECEIVED,TRAIN
TRD100600,2026-08-21,WIPRO,INE100600,WIPRO,250,610.37,152592.5,KOTAK-CUST,EQ-CORE-01,BOOKED,2026-08-22,SELL,610.37,250,2026-08-21,KOTAK-CUST,RECEIVED,TRAIN
TRD100601,2026-08-14,LT,INE100601,LT,2000,3683.2,7366400.0,NOMURA-BROKER,EQ-ALPHA-03,BOOKED,2026-08-15,SELL,3683.2,2000,2026-08-14,NOMURA-BROKER,RECEIVED,TEST
TRD100602,2026-08-01,HINDUNILVR,INE100602,HINDUNILVR,100,2746.22,274622.0,DEUTSCHE-BROKER,EQ-CORE-02,BOOKED,2026-08-02,BUY,2746.22,100,2026-08-01,DEUTSCHE-BROKER,RECEIVED,TRAIN
TRD100603,2026-08-06,KOTAKBANK,INE100603,KOTAKBANK,100,1949.83,194983.0,KOTAK-CUST,EQ-ALPHA-03,BOOKED,2026-08-07,BUY,1949.83,100,2026-08-06,KOTAK-CUST,RECEIVED,TRAIN
TRD100604,2026-08-10,MARUTI,INE100604,MARUTI,100,13004.74,1300474.0,HDFC-CUST,EQ-CORE-01,BOOKED,2026-08-11,SELL,13004.74,100,2026-08-10,HDFC-CUST,RECEIVED,TRAIN
TRD100605,2026-08-18,MARUTI,INE100605,MARUTI,2000,12928.4,25856800.0,HDFC-CUST,EQ-INDEX-04,BOOKED,2026-08-19,BUY,12928.4,2000,2026-08-18,HDFC-CUST,RECEIVED,TRAIN
TRD100606,2026-08-02,LT,INE100606,LT,750,3687.25,2765437.5,DEUTSCHE-BROKER,EQ-INDEX-04,BOOKED,2026-08-03,SELL,3687.25,750,2026-08-02,DEUTSCHE-BROKER,RECEIVED,TRAIN
TRD100607,2026-08-02,HINDUNILVR,INE100607,HINDUNILVR,1000,2758.39,2758390.0,ICICI-CUST,EQ-ALPHA-03,BOOKED,2026-08-03,BUY,2758.39,1000,2026-08-02,ICICI-CUST,RECEIVED,TRAIN
TRD100608,2026-08-21,AXISBANK,INE100608,AXISBANK,2000,1184.14,2368280.0,NOMURA-BROKER,EQ-ALPHA-03,BOOKED,2026-08-22,BUY,1184.14,2000,2026-08-21,NOMURA-BROKER,RECEIVED,TRAIN
TRD100609,2026-08-06,HINDUNILVR,INE100609,HINDUNILVR,500,2739.95,1369975.0,NOMURA-BROKER,EQ-CORE-01,BOOKED,2026-08-07,BUY,2739.95,500,2026-08-06,NOMURA-BROKER,RECEIVED,TEST
TRD100610,2026-08-14,INFY,INE100610,INFY,200,1887.98,377596.0,KOTAK-CUST,EQ-ALPHA-03,BOOKED,2026-08-15,BUY,1887.98,200,2026-08-14,KOTAK-CUST,RECEIVED,TRAIN
TRD100611,2026-08-15,INFY,INE100611,INFY,750,1880.96,1410720.0,NOMURA-BROKER,EQ-CORE-02,BOOKED,2026-08-16,BUY,1880.96,750,2026-08-15,NOMURA-BROKER,RECEIVED,TRAIN
TRD100612,2026-08-21,INFY,INE100612,INFY,1000,1892.13,1892130.0,MORGANSTANLEY-BROKER,EQ-ALPHA-03,BOOKED,2026-08-22,SELL,1892.13,1000,2026-08-21,MORGANSTANLEY-BROKER,RECEIVED,TRAIN
TRD100613,2026-08-11,HINDUNILVR,INE100613,HINDUNILVR,1000,2733.87,2733870.0,MORGANSTANLEY-BROKER,EQ-CORE-02,BOOKED,2026-08-12,BUY,2733.87,1000,2026-08-11,MORGANSTANLEY-BROKER,RECEIVED,TEST
TRD100614,2026-08-06,LT,INE100614,LT,200,3690.68,738136.0,DEUTSCHE-BROKER,EQ-INDEX-04,BOOKED,2026-08-07,BUY,3690.68,250,2026-08-06,DEUTSCHE-BROKER,RECEIVED,TEST
TRD100615,2026-08-11,SBIN,INE100615,SBIN,500,848.84,424420.0,KOTAK-CUST,EQ-ALPHA-03,BOOKED,2026-08-12,SELL,848.84,500,2026-08-11,KOTAK-CUST,RECEIVED,TRAIN
TRD100616,2026-08-21,HDFCBANK,INE100616,HDFCBANK,2000,1683.52,3367040.0,ICICI-CUST,EQ-CORE-01,BOOKED,2026-08-22,SELL,1683.52,2000,2026-08-21,ICICI-CUST,RECEIVED,TRAIN
TRD100617,2026-08-20,ITC,INE100617,ITC,500,470.8,235400.0,MORGANSTANLEY-BROKER,EQ-CORE-02,BOOKED,2026-08-21,BUY,470.8,500,2026-08-20,MORGANSTANLEY-BROKER,RECEIVED,TRAIN
TRD100618,2026-08-04,KOTAKBANK,INE100618,KOTAKBANK,1000,1953.38,1953380.0,DEUTSCHE-BROKER,EQ-ALPHA-03,BOOKED,2026-08-05,SELL,1953.38,1000,2026-08-04,DEUTSCHE-BROKER,RECEIVED,TRAIN
TRD100619,2026-08-17,RELIANCE,INE100619,RELIANCE,1000,2850.91,2850910.0,DEUTSCHE-BROKER,EQ-INDEX-04,BOOKED,2026-08-18,BUY,2850.91,1000,2026-08-17,DEUTSCHE-BROKER,RECEIVED,TRAIN
TRD100620,2026-08-03,ICICIBANK,INE100620,ICICIBANK,500,1238.57,619285.0,ICICI-CUST,EQ-CORE-02,BOOKED,2026-08-04,BUY,1238.57,550,2026-08-03,ICICI-CUST,RECEIVED,TEST
TRD100621,2026-08-21,KOTAKBANK,INE100621,KOTAKBANK,200,1950.04,390008.0,HDFC-CUST,EQ-INDEX-04,BOOKED,2026-08-22,BUY,1950.04,200,2026-08-21,HDFC-CUST,RECEIVED,TRAIN
TRD100622,2026-08-03,HDFCBANK,INE100622,HDFCBANK,1500,1677.66,2516490.0,NOMURA-BROKER,EQ-CORE-02,BOOKED,2026-08-04,BUY,1677.66,1500,2026-08-03,NOMURA-BROKER,RECEIVED,TRAIN
TRD100623,2026-08-03,ITC,INE100623,ITC,1000,466.73,466730.0,ICICI-CUST,EQ-CORE-02,BOOKED,2026-08-04,SELL,466.73,1000,2026-08-03,ICICI-CUST,RECEIVED,TRAIN
TRD100624,2026-08-08,LT,INE100624,LT,200,3682.91,736582.0,KOTAK-CUST,EQ-INDEX-04,BOOKED,2026-08-09,SELL,3682.91,200,2026-08-08,KOTAK-CUST,RECEIVED,TRAIN
TRD100625,2026-08-01,ITC,INE100625,ITC,1500,468.59,702885.0,DEUTSCHE-BROKER,EQ-CORE-01,BOOKED,2026-08-02,BUY,,,,,MISSING,TRAIN
TRD100626,2026-08-19,KOTAKBANK,INE100626,KOTAKBANK,200,1960.71,392142.0,ICICI-CUST,EQ-CORE-01,BOOKED,2026-08-20,SELL,1960.71,200,2026-08-19,ICICI-CUST,RECEIVED,TRAIN
TRD100627,2026-08-10,TATASTEEL,INE100627,TATASTEEL,200,172.09,34418.0,MORGANSTANLEY-BROKER,EQ-CORE-01,BOOKED,2026-08-11,SELL,172.09,200,2026-08-10,MORGANSTANLEY-BROKER,RECEIVED,TRAIN
TRD100628,2026-08-01,HINDUNILVR,INE100628,HINDUNILVR,2000,2742.34,5484680.0,DEUTSCHE-BROKER,EQ-CORE-02,BOOKED,2026-08-02,BUY,2742.34,2000,2026-08-01,DEUTSCHE-BROKER,RECEIVED,TEST
TRD100629,2026-08-18,INFY,INE100629,INFY,1500,1895.91,2843865.0,KOTAK-CUST,EQ-CORE-02,BOOKED,2026-08-19,SELL,1895.91,1500,2026-08-18,KOTAK-CUST,RECEIVED,TEST
TRD100630,2026-08-01,KOTAKBANK,INE100630,KOTAKBANK,1000,1964.65,1964650.0,MORGANSTANLEY-BROKER,EQ-CORE-02,BOOKED,2026-08-02,BUY,1964.65,1000,2026-08-01,MORGANSTANLEY-BROKER,RECEIVED,TRAIN
TRD100631,2026-08-13,RELIANCE,INE100631,RELIANCE,100,2852.57,285257.0,MORGANSTANLEY-BROKER,EQ-CORE-01,BOOKED,2026-08-14,SELL,2852.57,100,2026-08-13,MORGANSTANLEY-BROKER,RECEIVED,TRAIN
TRD100632,2026-08-21,HDFCBANK,INE100632,HDFCBANK,1000,1670.37,1670370.0,MORGANSTANLEY-BROKER,EQ-CORE-02,BOOKED,2026-08-22,BUY,1670.37,1000,2026-08-21,MORGANSTANLEY-BROKER,RECEIVED,TRAIN
TRD100633,2026-08-09,INFY,INE100633,INFY,500,1892.51,946255.0,HDFC-CUST,EQ-CORE-01,BOOKED,2026-08-10,BUY,1892.51,500,2026-08-09,HDFC-CUST,RECEIVED,TRAIN
TRD100634,2026-08-18,KOTAKBANK,INE100634,KOTAKBANK,100,1962.57,196257.0,DEUTSCHE-BROKER,EQ-CORE-01,BOOKED,2026-08-19,SELL,1962.57,100,2026-08-18,DEUTSCHE-BROKER,RECEIVED,TRAIN
TRD100635,2026-08-07,KOTAKBANK,INE100635,KOTAKBANK,200,1950.82,390164.0,NOMURA-BROKER,EQ-INDEX-04,BOOKED,2026-08-08,SELL,1950.82,200,2026-08-07,NOMURA-BROKER,RECEIVED,TRAIN
TRD100636,2026-08-08,SBIN,INE100636,SBIN,250,847.05,211762.5,ICICI-CUST,EQ-ALPHA-03,BOOKED,2026-08-09,BUY,847.05,250,2026-08-08,ICICI-CUST,RECEIVED,TRAIN
TRD100637,2026-08-15,TATASTEEL,INE100637,TATASTEEL,500,172.14,86070.0,KOTAK-CUST,EQ-ALPHA-03,BOOKED,2026-08-16,BUY,172.14,500,2026-08-15,KOTAK-CUST,RECEIVED,TEST
TRD100638,2026-08-14,AXISBANK,INE100638,AXISBANK,1000,1183.88,1183880.0,HDFC-CUST,EQ-CORE-01,BOOKED,2026-08-15,SELL,1183.88,1000,2026-08-14,HDFC-CUST,RECEIVED,TRAIN
TRD100639,2026-08-21,HDFCBANK,INE100639,HDFCBANK,500,1678.75,839375.0,DEUTSCHE-BROKER,EQ-ALPHA-03,BOOKED,2026-08-22,SELL,1678.75,500,2026-08-21,DEUTSCHE-BROKER,RECEIVED,TEST
TRD100640,2026-08-15,INFY,INE100640,INFY,1000,1897.44,1897440.0,DEUTSCHE-BROKER,EQ-ALPHA-03,BOOKED,2026-08-16,SELL,1897.44,1000,2026-08-15,DEUTSCHE-BROKER,RECEIVED,TRAIN
TRD100641,2026-08-20,ITC,INE100641,ITC,200,467.38,93476.0,ICICI-CUST,EQ-ALPHA-03,BOOKED,2026-08-21,BUY,467.38,200,2026-08-20,ICICI-CUST,RECEIVED,TRAIN
TRD100642,2026-08-21,TATASTEEL,INE100642,TATASTEEL,500,172.04,86020.0,ICICI-CUST,EQ-CORE-01,BOOKED,2026-08-22,BUY,172.04,500,2026-08-21,ICICI-CUST,RECEIVED,TEST
TRD100643,2026-08-19,MARUTI,INE100643,MARUTI,100,13020.58,1302058.0,DEUTSCHE-BROKER,EQ-CORE-02,BOOKED,2026-08-20,BUY,13020.58,100,2026-08-19,DEUTSCHE-BROKER,RECEIVED,TEST
TRD100644,2026-08-18,LT,INE100644,LT,750,3681.75,2761312.5,DEUTSCHE-BROKER,EQ-CORE-02,BOOKED,2026-08-19,SELL,3681.75,650,2026-08-18,DEUTSCHE-BROKER,RECEIVED,TRAIN
TRD100645,2026-08-19,BHARTIARTL,INE100645,BHARTIARTL,500,1697.02,848510.0,NOMURA-BROKER,EQ-ALPHA-03,BOOKED,2026-08-20,BUY,1697.02,500,2026-08-19,MORGANSTANLEY-BROKER,RECEIVED,TRAIN
TRD100646,2026-08-17,ITC,INE100646,ITC,200,468.42,93684.0,ICICI-CUST,EQ-CORE-02,BOOKED,2026-08-18,BUY,468.42,200,2026-08-17,ICICI-CUST,RECEIVED,TRAIN
TRD100647,2026-08-06,HINDUNILVR,INE100647,HINDUNILVR,250,2744.12,686030.0,MORGANSTANLEY-BROKER,EQ-CORE-02,BOOKED,2026-08-07,SELL,2744.12,250,2026-08-06,MORGANSTANLEY-BROKER,RECEIVED,TRAIN
TRD100648,2026-08-16,SBIN,INE100648,SBIN,100,843.22,84322.0,HDFC-CUST,EQ-CORE-01,BOOKED,2026-08-17,SELL,843.22,100,2026-08-16,HDFC-CUST,RECEIVED,TRAIN
TRD100649,2026-08-07,SBIN,INE100649,SBIN,500,841.73,420865.0,MORGANSTANLEY-BROKER,EQ-ALPHA-03,BOOKED,2026-08-08,SELL,841.73,500,2026-08-07,MORGANSTANLEY-BROKER,RECEIVED,TEST
TRD100650,2026-08-02,ITC,INE100650,ITC,2000,470.69,941380.0,NOMURA-BROKER,EQ-ALPHA-03,BOOKED,2026-08-03,BUY,470.69,2000,2026-08-02,NOMURA-BROKER,RECEIVED,TRAIN
TRD100651,2026-08-09,WIPRO,INE100651,WIPRO,750,612.39,459292.5,MORGANSTANLEY-BROKER,EQ-CORE-02,BOOKED,2026-08-10,SELL,612.39,750,2026-08-09,MORGANSTANLEY-BROKER,RECEIVED,TRAIN
TRD100652,2026-08-21,KOTAKBANK,INE100652,KOTAKBANK,1500,1953.07,2929605.0,ICICI-CUST,EQ-ALPHA-03,BOOKED,2026-08-22,SELL,1953.07,1500,2026-08-21,ICICI-CUST,RECEIVED,TEST
TRD100653,2026-08-12,TATASTEEL,INE100653,TATASTEEL,500,172.48,86240.0,KOTAK-CUST,EQ-INDEX-04,BOOKED,2026-08-13,SELL,172.48,500,2026-08-12,KOTAK-CUST,RECEIVED,TRAIN
TRD100654,2026-08-05,TATASTEEL,INE100654,TATASTEEL,100,172.45,17245.0,DEUTSCHE-BROKER,EQ-CORE-02,BOOKED,2026-08-06,BUY,172.45,100,2026-08-05,DEUTSCHE-BROKER,RECEIVED,TRAIN
TRD100655,2026-08-06,TCS,INE100655,TCS,750,4108.86,3081645.0,HDFC-CUST,EQ-ALPHA-03,BOOKED,2026-08-07,BUY,4108.86,750,2026-08-06,HDFC-CUST,RECEIVED,TRAIN
TRD100656,2026-08-11,KOTAKBANK,INE100656,KOTAKBANK,500,1954.03,977015.0,NOMURA-BROKER,EQ-CORE-01,BOOKED,2026-08-12,SELL,1954.03,500,2026-08-11,NOMURA-BROKER,RECEIVED,TRAIN
TRD100657,2026-08-19,KOTAKBANK,INE100657,KOTAKBANK,2000,1955.29,3910580.0,HDFC-CUST,EQ-INDEX-04,BOOKED,2026-08-20,BUY,1955.29,2000,2026-08-19,HDFC-CUST,RECEIVED,TRAIN
TRD100658,2026-08-19,HDFCBANK,INE100658,HDFCBANK,100,1668.97,166897.0,HDFC-CUST,EQ-CORE-02,BOOKED,2026-08-20,BUY,1668.97,100,2026-08-19,HDFC-CUST,RECEIVED,TRAIN
TRD100659,2026-08-09,TATASTEEL,INE100659,TATASTEEL,250,171.68,42920.0,HDFC-CUST,EQ-INDEX-04,BOOKED,2026-08-10,BUY,171.68,250,2026-08-09,HDFC-CUST,RECEIVED,TRAIN
TRD100660,2026-08-07,TATASTEEL,INE100660,TATASTEEL,750,173.22,129915.0,DEUTSCHE-BROKER,EQ-INDEX-04,BOOKED,2026-08-08,SELL,173.22,750,2026-08-07,DEUTSCHE-BROKER,RECEIVED,TRAIN
TRD100661,2026-08-20,INFY,INE100661,INFY,500,1896.54,948270.0,HDFC-CUST,EQ-CORE-02,BOOKED,2026-08-21,SELL,1896.54,500,2026-08-20,HDFC-CUST,RECEIVED,TRAIN
TRD100662,2026-08-20,INFY,INE100662,INFY,1000,1898.28,1898280.0,MORGANSTANLEY-BROKER,EQ-CORE-01,BOOKED,2026-08-21,BUY,1898.28,1000,2026-08-20,MORGANSTANLEY-BROKER,RECEIVED,TRAIN
TRD100663,2026-08-01,BHARTIARTL,INE100663,BHARTIARTL,1500,1684.18,2526270.0,HDFC-CUST,EQ-INDEX-04,BOOKED,2026-08-02,BUY,1684.18,1500,2026-08-01,HDFC-CUST,RECEIVED,TRAIN
TRD100664,2026-08-20,AXISBANK,INE100664,AXISBANK,200,1176.44,235288.0,MORGANSTANLEY-BROKER,EQ-CORE-01,BOOKED,2026-08-21,BUY,1176.44,200,2026-08-20,MORGANSTANLEY-BROKER,RECEIVED,TRAIN
TRD100665,2026-08-20,TCS,INE100665,TCS,2000,4127.32,8254640.0,MORGANSTANLEY-BROKER,EQ-CORE-01,BOOKED,2026-08-21,SELL,,,,,MISSING,TRAIN
TRD100666,2026-08-02,LT,INE100666,LT,1500,3675.38,5513070.0,NOMURA-BROKER,EQ-INDEX-04,BOOKED,2026-08-03,BUY,3675.38,1500,2026-08-02,NOMURA-BROKER,RECEIVED,TRAIN
TRD100667,2026-08-13,HINDUNILVR,INE100667,HINDUNILVR,2000,2753.55,5507100.0,KOTAK-CUST,EQ-CORE-01,BOOKED,2026-08-14,SELL,2753.55,2000,2026-08-13,KOTAK-CUST,RECEIVED,TRAIN
TRD100668,2026-08-08,INFY,INE100668,INFY,750,1889.87,1417402.5,ICICI-CUST,EQ-ALPHA-03,BOOKED,2026-08-09,SELL,1889.87,950,2026-08-08,ICICI-CUST,RECEIVED,TRAIN
TRD100669,2026-08-01,ICICIBANK,INE100669,ICICIBANK,500,1234.66,617330.0,MORGANSTANLEY-BROKER,EQ-CORE-01,BOOKED,2026-08-02,BUY,1258.29,425,2026-08-01,MORGANSTANLEY-BROKER,RECEIVED,TRAIN
TRD100670,2026-08-11,BHARTIARTL,INE100670,BHARTIARTL,500,1693.57,846785.0,DEUTSCHE-BROKER,EQ-ALPHA-03,BOOKED,2026-08-12,BUY,1693.57,500,2026-08-11,DEUTSCHE-BROKER,RECEIVED,TRAIN
TRD100671,2026-08-09,INFY,INE100671,INFY,1500,1893.17,2839755.0,KOTAK-CUST,EQ-INDEX-04,BOOKED,2026-08-10,SELL,1893.17,1500,2026-08-09,KOTAK-CUST,RECEIVED,TRAIN
TRD100672,2026-08-13,AXISBANK,INE100672,AXISBANK,750,1186.05,889537.5,HDFC-CUST,EQ-INDEX-04,BOOKED,2026-08-14,SELL,1186.05,750,2026-08-14,HDFC-CUST,RECEIVED,TRAIN
TRD100673,2026-08-16,INFY,INE100673,INFY,1000,1891.42,1891420.0,KOTAK-CUST,EQ-ALPHA-03,BOOKED,2026-08-17,SELL,1891.42,1000,2026-08-16,KOTAK-CUST,RECEIVED,TRAIN
TRD100674,2026-08-04,HINDUNILVR,INE100674,HINDUNILVR,1500,2752.07,4128105.0,NOMURA-BROKER,EQ-CORE-02,BOOKED,2026-08-05,SELL,2752.07,1500,2026-08-04,NOMURA-BROKER,RECEIVED,TEST
TRD100675,2026-08-17,HINDUNILVR,INE100675,HINDUNILVR,250,2734.63,683657.5,DEUTSCHE-BROKER,EQ-ALPHA-03,BOOKED,2026-08-18,BUY,2734.63,250,2026-08-17,DEUTSCHE-BROKER,RECEIVED,TRAIN
TRD100676,2026-08-01,INFY,INE100676,INFY,1500,1899.08,2848620.0,ICICI-CUST,EQ-CORE-02,BOOKED,2026-08-02,SELL,1899.08,1500,2026-08-01,ICICI-CUST,RECEIVED,TRAIN
TRD100677,2026-08-09,TATASTEEL,INE100677,TATASTEEL,1500,171.74,257610.0,HDFC-CUST,EQ-ALPHA-03,BOOKED,2026-08-10,BUY,171.74,1500,2026-08-09,HDFC-CUST,RECEIVED,TEST
TRD100678,2026-08-13,AXISBANK,INE100678,AXISBANK,100,1182.9,118290.0,MORGANSTANLEY-BROKER,EQ-ALPHA-03,BOOKED,2026-08-14,BUY,1182.9,100,2026-08-13,MORGANSTANLEY-BROKER,RECEIVED,TRAIN
TRD100679,2026-08-15,HINDUNILVR,INE100679,HINDUNILVR,250,2749.45,687362.5,ICICI-CUST,EQ-CORE-02,BOOKED,2026-08-16,SELL,2749.45,250,2026-08-15,ICICI-CUST,RECEIVED,TRAIN
TRD100680,2026-08-17,HDFCBANK,INE100680,HDFCBANK,100,1679.96,167996.0,MORGANSTANLEY-BROKER,EQ-CORE-02,BOOKED,2026-08-18,BUY,1679.96,100,2026-08-17,MORGANSTANLEY-BROKER,RECEIVED,TEST
TRD100681,2026-08-21,KOTAKBANK,INE100681,KOTAKBANK,100,1952.96,195296.0,ICICI-CUST,EQ-CORE-02,BOOKED,2026-08-22,BUY,1952.96,100,2026-08-21,ICICI-CUST,RECEIVED,TEST
TRD100682,2026-08-13,ICICIBANK,INE100682,ICICIBANK,1500,1238.98,1858470.0,DEUTSCHE-BROKER,EQ-CORE-02,BOOKED,2026-08-14,BUY,1238.98,1500,2026-08-13,DEUTSCHE-BROKER,RECEIVED,TRAIN
TRD100683,2026-08-18,WIPRO,INE100683,WIPRO,200,612.91,122582.0,KOTAK-CUST,EQ-ALPHA-03,BOOKED,2026-08-19,SELL,612.91,200,2026-08-18,KOTAK-CUST,RECEIVED,TRAIN
TRD100684,2026-08-07,MARUTI,INE100684,MARUTI,750,12944.47,9708352.5,DEUTSCHE-BROKER,EQ-INDEX-04,BOOKED,2026-08-08,BUY,12944.47,750,2026-08-07,DEUTSCHE-BROKER,RECEIVED,TRAIN
TRD100685,2026-08-04,ICICIBANK,INE100685,ICICIBANK,250,1239.65,309912.5,MORGANSTANLEY-BROKER,EQ-CORE-01,BOOKED,2026-08-05,SELL,1239.65,250,2026-08-04,MORGANSTANLEY-BROKER,RECEIVED,TRAIN
TRD100686,2026-08-09,SBIN,INE100686,SBIN,200,848.16,169632.0,MORGANSTANLEY-BROKER,EQ-ALPHA-03,BOOKED,2026-08-10,SELL,848.16,200,2026-08-10,MORGANSTANLEY-BROKER,RECEIVED,TRAIN
TRD100687,2026-08-11,BHARTIARTL,INE100687,BHARTIARTL,2000,1694.96,3389920.0,DEUTSCHE-BROKER,EQ-INDEX-04,BOOKED,2026-08-12,BUY,1694.96,2000,2026-08-11,DEUTSCHE-BROKER,RECEIVED,TEST
TRD100688,2026-08-13,ITC,INE100688,ITC,200,467.76,93552.0,NOMURA-BROKER,EQ-CORE-02,BOOKED,2026-08-14,BUY,467.76,200,2026-08-13,NOMURA-BROKER,RECEIVED,TRAIN
TRD100689,2026-08-12,HINDUNILVR,INE100689,HINDUNILVR,1000,2743.2,2743200.0,MORGANSTANLEY-BROKER,EQ-CORE-01,BOOKED,2026-08-13,SELL,2743.2,1000,2026-08-12,MORGANSTANLEY-BROKER,RECEIVED,TRAIN
TRD100690,2026-08-11,HDFCBANK,INE100690,HDFCBANK,750,1668.38,1251285.0,ICICI-CUST,EQ-CORE-02,BOOKED,2026-08-12,SELL,1668.38,750,2026-08-11,ICICI-CUST,RECEIVED,TEST
TRD100691,2026-08-19,SBIN,INE100691,SBIN,1000,843.22,843220.0,KOTAK-CUST,EQ-CORE-02,BOOKED,2026-08-20,BUY,843.22,1000,2026-08-19,HDFC-CUST,RECEIVED,TEST
TRD100692,2026-08-08,ITC,INE100692,ITC,500,467.66,233830.0,KOTAK-CUST,EQ-CORE-02,BOOKED,2026-08-09,BUY,467.66,500,2026-08-08,KOTAK-CUST,RECEIVED,TRAIN
TRD100693,2026-08-12,HDFCBANK,INE100693,HDFCBANK,500,1680.83,840415.0,HDFC-CUST,EQ-CORE-01,BOOKED,2026-08-13,BUY,1680.83,500,2026-08-12,HDFC-CUST,RECEIVED,TRAIN
TRD100694,2026-08-16,TATASTEEL,INE100694,TATASTEEL,200,172.75,34550.0,MORGANSTANLEY-BROKER,EQ-CORE-01,BOOKED,2026-08-17,BUY,172.75,200,2026-08-16,MORGANSTANLEY-BROKER,RECEIVED,TRAIN
TRD100695,2026-08-11,MARUTI,INE100695,MARUTI,2000,12963.28,25926560.0,DEUTSCHE-BROKER,EQ-ALPHA-03,BOOKED,2026-08-12,SELL,12963.28,2000,2026-08-11,DEUTSCHE-BROKER,RECEIVED,TRAIN
TRD100696,2026-08-19,INFY,INE100696,INFY,750,1888.37,1416277.5,HDFC-CUST,EQ-CORE-01,BOOKED,2026-08-20,SELL,1888.37,750,2026-08-19,HDFC-CUST,RECEIVED,TRAIN
TRD100697,2026-08-13,ITC,INE100697,ITC,100,468.91,46891.0,NOMURA-BROKER,EQ-CORE-02,BOOKED,2026-08-14,SELL,468.91,100,2026-08-13,NOMURA-BROKER,RECEIVED,TRAIN
TRD100698,2026-08-01,TCS,INE100698,TCS,2000,4113.15,8226300.0,ICICI-CUST,EQ-CORE-02,BOOKED,2026-08-02,SELL,4113.15,2000,2026-08-01,ICICI-CUST,RECEIVED,TRAIN
TRD100699,2026-08-20,AXISBANK,INE100699,AXISBANK,200,1178.19,235638.0,KOTAK-CUST,EQ-CORE-02,BOOKED,2026-08-21,SELL,1178.19,200,2026-08-21,KOTAK-CUST,RECEIVED,TRAIN
TRD100700,2026-08-20,HDFCBANK,INE100700,HDFCBANK,750,1674.72,1256040.0,KOTAK-CUST,EQ-ALPHA-03,BOOKED,2026-08-21,BUY,1674.72,750,2026-08-20,KOTAK-CUST,RECEIVED,TRAIN
TRD100701,2026-08-12,ITC,INE100701,ITC,1500,467.54,701310.0,KOTAK-CUST,EQ-INDEX-04,BOOKED,2026-08-13,SELL,474.59,1425,2026-08-12,KOTAK-CUST,RECEIVED,TEST
TRD100702,2026-08-19,ITC,INE100702,ITC,250,469.23,117307.5,NOMURA-BROKER,EQ-CORE-02,BOOKED,2026-08-20,BUY,469.23,250,2026-08-19,NOMURA-BROKER,RECEIVED,TRAIN
TRD100703,2026-08-18,WIPRO,INE100703,WIPRO,750,612.21,459157.5,DEUTSCHE-BROKER,EQ-INDEX-04,BOOKED,2026-08-19,BUY,612.21,750,2026-08-18,DEUTSCHE-BROKER,RECEIVED,TRAIN
TRD100704,2026-08-01,INFY,INE100704,INFY,250,1889.79,472447.5,HDFC-CUST,EQ-INDEX-04,BOOKED,2026-08-02,SELL,1889.79,250,2026-08-01,HDFC-CUST,RECEIVED,TRAIN
TRD100705,2026-08-10,INFY,INE100705,INFY,1000,1895.69,1895690.0,KOTAK-CUST,EQ-CORE-01,BOOKED,2026-08-11,SELL,1895.69,1000,2026-08-10,KOTAK-CUST,RECEIVED,TRAIN
TRD100706,2026-08-09,TCS,INE100706,TCS,250,4102.62,1025655.0,DEUTSCHE-BROKER,EQ-CORE-01,BOOKED,2026-08-10,SELL,4102.62,250,2026-08-09,NOMURA-BROKER,RECEIVED,TRAIN
TRD100707,2026-08-12,WIPRO,INE100707,WIPRO,1000,608.88,608880.0,MORGANSTANLEY-BROKER,EQ-ALPHA-03,BOOKED,2026-08-13,SELL,608.88,1000,2026-08-12,MORGANSTANLEY-BROKER,RECEIVED,TRAIN
TRD100708,2026-08-20,RELIANCE,INE100708,RELIANCE,1500,2839.7,4259550.0,HDFC-CUST,EQ-CORE-02,BOOKED,2026-08-21,SELL,2839.7,1500,2026-08-20,HDFC-CUST,RECEIVED,TRAIN
TRD100709,2026-08-16,SBIN,INE100709,SBIN,1000,847.06,847060.0,NOMURA-BROKER,EQ-INDEX-04,BOOKED,2026-08-17,BUY,847.06,1000,2026-08-16,NOMURA-BROKER,RECEIVED,TRAIN
TRD100710,2026-08-05,BHARTIARTL,INE100710,BHARTIARTL,750,1689.79,1267342.5,HDFC-CUST,EQ-ALPHA-03,BOOKED,2026-08-06,SELL,1689.79,750,2026-08-05,HDFC-CUST,RECEIVED,TRAIN
TRD100711,2026-08-03,KOTAKBANK,INE100711,KOTAKBANK,1500,1962.52,2943780.0,ICICI-CUST,EQ-CORE-02,BOOKED,2026-08-04,SELL,1962.52,1500,2026-08-03,ICICI-CUST,RECEIVED,TRAIN
TRD100712,2026-08-10,HDFCBANK,INE100712,HDFCBANK,1000,1672.13,1672130.0,NOMURA-BROKER,EQ-ALPHA-03,BOOKED,2026-08-11,SELL,1672.13,1000,2026-08-10,NOMURA-BROKER,RECEIVED,TEST
TRD100713,2026-08-12,ICICIBANK,INE100713,ICICIBANK,2000,1244.29,2488580.0,NOMURA-BROKER,EQ-INDEX-04,BOOKED,2026-08-13,SELL,1244.29,2000,2026-08-12,NOMURA-BROKER,RECEIVED,TRAIN
TRD100714,2026-08-05,INFY,INE100714,INFY,250,1897.0,474250.0,NOMURA-BROKER,EQ-CORE-02,BOOKED,2026-08-06,SELL,1897.0,250,2026-08-05,NOMURA-BROKER,RECEIVED,TRAIN
TRD100715,2026-08-13,WIPRO,INE100715,WIPRO,200,608.58,121716.0,ICICI-CUST,EQ-CORE-01,BOOKED,2026-08-14,BUY,608.58,200,2026-08-13,ICICI-CUST,RECEIVED,TRAIN
TRD100716,2026-08-01,TATASTEEL,INE100716,TATASTEEL,2000,172.53,345060.0,DEUTSCHE-BROKER,EQ-CORE-01,BOOKED,2026-08-02,BUY,172.53,2100,2026-08-01,DEUTSCHE-BROKER,RECEIVED,TEST
TRD100717,2026-08-13,ICICIBANK,INE100717,ICICIBANK,250,1235.64,308910.0,KOTAK-CUST,EQ-CORE-02,BOOKED,2026-08-14,BUY,1235.64,250,2026-08-13,HDFC-CUST,RECEIVED,TRAIN
TRD100718,2026-08-05,WIPRO,INE100718,WIPRO,750,610.0,457500.0,HDFC-CUST,EQ-CORE-02,BOOKED,2026-08-06,BUY,610.0,750,2026-08-05,HDFC-CUST,RECEIVED,TRAIN
TRD100719,2026-08-11,RELIANCE,INE100719,RELIANCE,1000,2860.77,2860770.0,DEUTSCHE-BROKER,EQ-INDEX-04,BOOKED,2026-08-12,SELL,2860.77,1000,2026-08-11,DEUTSCHE-BROKER,RECEIVED,TRAIN
TRD100720,2026-08-18,LT,INE100720,LT,2000,3666.72,7333440.0,HDFC-CUST,EQ-INDEX-04,BOOKED,2026-08-19,SELL,3734.2,1925,2026-08-18,HDFC-CUST,RECEIVED,TRAIN
TRD100721,2026-08-16,LT,INE100721,LT,750,3695.2,2771400.0,MORGANSTANLEY-BROKER,EQ-CORE-02,BOOKED,2026-08-17,BUY,3695.2,750,2026-08-16,MORGANSTANLEY-BROKER,RECEIVED,TRAIN
TRD100722,2026-08-09,ITC,INE100722,ITC,750,468.27,351202.5,HDFC-CUST,EQ-ALPHA-03,BOOKED,2026-08-10,BUY,468.27,750,2026-08-09,HDFC-CUST,RECEIVED,TEST
TRD100723,2026-08-16,RELIANCE,INE100723,RELIANCE,250,2846.05,711512.5,MORGANSTANLEY-BROKER,EQ-CORE-01,BOOKED,2026-08-17,SELL,2846.05,250,2026-08-16,MORGANSTANLEY-BROKER,RECEIVED,TRAIN
TRD100724,2026-08-14,HINDUNILVR,INE100724,HINDUNILVR,2000,2740.1,5480200.0,KOTAK-CUST,EQ-CORE-02,BOOKED,2026-08-15,BUY,2740.1,2000,2026-08-14,KOTAK-CUST,RECEIVED,TRAIN
TRD100725,2026-08-18,LT,INE100725,LT,1000,3668.69,3668690.0,DEUTSCHE-BROKER,EQ-INDEX-04,BOOKED,2026-08-19,BUY,3668.69,1000,2026-08-18,DEUTSCHE-BROKER,RECEIVED,TRAIN
TRD100726,2026-08-08,INFY,INE100726,INFY,1500,1896.51,2844765.0,KOTAK-CUST,EQ-CORE-01,BOOKED,2026-08-09,SELL,1896.51,1500,2026-08-08,KOTAK-CUST,RECEIVED,TEST
TRD100727,2026-08-20,KOTAKBANK,INE100727,KOTAKBANK,500,1956.02,978010.0,NOMURA-BROKER,EQ-ALPHA-03,BOOKED,2026-08-21,SELL,1956.02,500,2026-08-20,NOMURA-BROKER,RECEIVED,TRAIN
TRD100728,2026-08-03,KOTAKBANK,INE100728,KOTAKBANK,750,1954.0,1465500.0,HDFC-CUST,EQ-CORE-02,BOOKED,2026-08-04,SELL,1954.0,750,2026-08-03,HDFC-CUST,RECEIVED,TRAIN
TRD100729,2026-08-09,TCS,INE100729,TCS,2000,4125.6,8251200.0,NOMURA-BROKER,EQ-INDEX-04,BOOKED,2026-08-10,BUY,4125.6,2000,2026-08-09,NOMURA-BROKER,RECEIVED,TEST
TRD100730,2026-08-18,SBIN,INE100730,SBIN,100,842.66,84266.0,ICICI-CUST,EQ-CORE-02,BOOKED,2026-08-19,BUY,842.66,100,2026-08-18,ICICI-CUST,RECEIVED,TRAIN
TRD100731,2026-08-15,ICICIBANK,INE100731,ICICIBANK,750,1236.15,927112.5,NOMURA-BROKER,EQ-CORE-01,BOOKED,2026-08-16,BUY,1273.08,750,2026-08-15,NOMURA-BROKER,RECEIVED,TRAIN
TRD100732,2026-08-07,TCS,INE100732,TCS,250,4100.75,1025187.5,KOTAK-CUST,EQ-INDEX-04,BOOKED,2026-08-08,SELL,4100.75,250,2026-08-07,KOTAK-CUST,RECEIVED,TRAIN
TRD100733,2026-08-15,HINDUNILVR,INE100733,HINDUNILVR,2000,2759.27,5518540.0,NOMURA-BROKER,EQ-CORE-01,BOOKED,2026-08-16,SELL,2759.27,2000,2026-08-15,NOMURA-BROKER,RECEIVED,TRAIN
TRD100734,2026-08-13,TCS,INE100734,TCS,250,4102.46,1025615.0,ICICI-CUST,EQ-INDEX-04,BOOKED,2026-08-14,BUY,4102.46,250,2026-08-13,ICICI-CUST,RECEIVED,TRAIN
TRD100735,2026-08-01,HDFCBANK,INE100735,HDFCBANK,750,1680.51,1260382.5,ICICI-CUST,EQ-CORE-02,BOOKED,2026-08-02,SELL,1680.51,750,2026-08-01,ICICI-CUST,RECEIVED,TRAIN
TRD100736,2026-08-02,HINDUNILVR,INE100736,HINDUNILVR,2000,2738.66,5477320.0,HDFC-CUST,EQ-INDEX-04,BOOKED,2026-08-03,BUY,2738.66,2000,2026-08-02,HDFC-CUST,RECEIVED,TRAIN
TRD100737,2026-08-10,LT,INE100737,LT,500,3679.15,1839575.0,KOTAK-CUST,EQ-CORE-02,BOOKED,2026-08-11,BUY,3679.15,500,2026-08-10,KOTAK-CUST,RECEIVED,TRAIN
TRD100738,2026-08-21,WIPRO,INE100738,WIPRO,200,608.84,121768.0,KOTAK-CUST,EQ-CORE-02,BOOKED,2026-08-22,SELL,608.84,200,2026-08-21,KOTAK-CUST,RECEIVED,TRAIN
TRD100739,2026-08-07,TATASTEEL,INE100739,TATASTEEL,100,173.08,17308.0,ICICI-CUST,EQ-CORE-02,BOOKED,2026-08-08,SELL,173.08,100,2026-08-07,ICICI-CUST,RECEIVED,TRAIN
TRD100740,2026-08-09,SBIN,INE100740,SBIN,100,842.79,84279.0,MORGANSTANLEY-BROKER,EQ-CORE-01,BOOKED,2026-08-10,SELL,842.79,100,2026-08-09,MORGANSTANLEY-BROKER,RECEIVED,TRAIN
TRD100741,2026-08-02,HINDUNILVR,INE100741,HINDUNILVR,500,2732.12,1366060.0,MORGANSTANLEY-BROKER,EQ-INDEX-04,BOOKED,2026-08-03,BUY,2732.12,500,2026-08-02,MORGANSTANLEY-BROKER,RECEIVED,TRAIN
TRD100742,2026-08-16,SBIN,INE100742,SBIN,200,843.48,168696.0,ICICI-CUST,EQ-ALPHA-03,BOOKED,2026-08-17,BUY,843.48,200,2026-08-16,ICICI-CUST,RECEIVED,TRAIN
TRD100743,2026-08-18,RELIANCE,INE100743,RELIANCE,1000,2854.62,2854620.0,ICICI-CUST,EQ-CORE-02,BOOKED,2026-08-19,SELL,2854.62,1000,2026-08-18,ICICI-CUST,RECEIVED,TRAIN
TRD100744,2026-08-21,HDFCBANK,INE100744,HDFCBANK,1000,1683.27,1683270.0,KOTAK-CUST,EQ-INDEX-04,BOOKED,2026-08-22,BUY,1683.27,1000,2026-08-21,KOTAK-CUST,RECEIVED,TEST
TRD100745,2026-08-05,RELIANCE,INE100745,RELIANCE,1500,2846.46,4269690.0,KOTAK-CUST,EQ-CORE-01,BOOKED,2026-08-06,SELL,2846.46,1500,2026-08-05,KOTAK-CUST,RECEIVED,TEST
TRD100746,2026-08-18,WIPRO,INE100746,WIPRO,2000,610.71,1221420.0,NOMURA-BROKER,EQ-INDEX-04,BOOKED,2026-08-19,BUY,610.71,2000,2026-08-18,NOMURA-BROKER,RECEIVED,TRAIN
TRD100747,2026-08-11,AXISBANK,INE100747,AXISBANK,250,1180.76,295190.0,NOMURA-BROKER,EQ-INDEX-04,BOOKED,2026-08-12,SELL,1180.76,250,2026-08-11,NOMURA-BROKER,RECEIVED,TRAIN
TRD100748,2026-08-05,MARUTI,INE100748,MARUTI,250,12924.04,3231010.0,DEUTSCHE-BROKER,EQ-ALPHA-03,BOOKED,2026-08-06,SELL,12924.04,250,2026-08-05,DEUTSCHE-BROKER,RECEIVED,TRAIN
TRD100749,2026-08-21,LT,INE100749,LT,1000,3678.46,3678460.0,MORGANSTANLEY-BROKER,EQ-INDEX-04,BOOKED,2026-08-22,BUY,3678.46,1000,2026-08-21,MORGANSTANLEY-BROKER,RECEIVED,TRAIN
TRD100750,2026-08-12,TATASTEEL,INE100750,TATASTEEL,100,172.66,17266.0,MORGANSTANLEY-BROKER,EQ-CORE-02,BOOKED,2026-08-13,SELL,172.66,100,2026-08-12,MORGANSTANLEY-BROKER,RECEIVED,TRAIN
TRD100751,2026-08-18,WIPRO,INE100751,WIPRO,200,611.32,122264.0,DEUTSCHE-BROKER,EQ-CORE-02,BOOKED,2026-08-19,SELL,611.32,200,2026-08-18,DEUTSCHE-BROKER,RECEIVED,TRAIN
TRD100752,2026-08-11,HINDUNILVR,INE100752,HINDUNILVR,250,2748.7,687175.0,DEUTSCHE-BROKER,EQ-ALPHA-03,BOOKED,2026-08-12,BUY,2748.7,250,2026-08-11,DEUTSCHE-BROKER,RECEIVED,TRAIN
TRD100753,2026-08-05,TCS,INE100753,TCS,200,4101.95,820390.0,HDFC-CUST,EQ-CORE-01,BOOKED,2026-08-06,BUY,4001.1,200,2026-08-05,HDFC-CUST,RECEIVED,TRAIN
TRD100754,2026-08-02,TCS,INE100754,TCS,2000,4108.04,8216080.0,MORGANSTANLEY-BROKER,EQ-INDEX-04,BOOKED,2026-08-03,SELL,4108.04,2000,2026-08-02,MORGANSTANLEY-BROKER,RECEIVED,TRAIN
TRD100755,2026-08-08,LT,INE100755,LT,750,3663.56,2747670.0,MORGANSTANLEY-BROKER,EQ-CORE-01,BOOKED,2026-08-09,BUY,3663.56,750,2026-08-08,MORGANSTANLEY-BROKER,RECEIVED,TEST
TRD100756,2026-08-03,TATASTEEL,INE100756,TATASTEEL,500,172.72,86360.0,DEUTSCHE-BROKER,EQ-CORE-01,BOOKED,2026-08-04,SELL,172.72,500,2026-08-03,DEUTSCHE-BROKER,RECEIVED,TRAIN
TRD100757,2026-08-02,LT,INE100757,LT,1500,3692.0,5538000.0,MORGANSTANLEY-BROKER,EQ-ALPHA-03,BOOKED,2026-08-03,BUY,3692.0,1500,2026-08-02,MORGANSTANLEY-BROKER,RECEIVED,TRAIN
TRD100758,2026-08-03,WIPRO,INE100758,WIPRO,200,612.39,122478.0,HDFC-CUST,EQ-CORE-01,BOOKED,2026-08-04,BUY,612.39,200,2026-08-03,HDFC-CUST,RECEIVED,TRAIN
TRD100759,2026-08-07,WIPRO,INE100759,WIPRO,500,610.54,305270.0,HDFC-CUST,EQ-CORE-02,BOOKED,2026-08-08,BUY,610.54,500,2026-08-07,HDFC-CUST,RECEIVED,TRAIN
TRD100760,2026-08-21,LT,INE100760,LT,1500,3689.21,5533815.0,MORGANSTANLEY-BROKER,EQ-ALPHA-03,BOOKED,2026-08-22,SELL,3689.21,1500,2026-08-21,MORGANSTANLEY-BROKER,RECEIVED,TRAIN
TRD100761,2026-08-06,WIPRO,INE100761,WIPRO,1500,612.69,919035.0,HDFC-CUST,EQ-INDEX-04,BOOKED,2026-08-07,SELL,612.69,1500,2026-08-06,HDFC-CUST,RECEIVED,TRAIN
TRD100762,2026-08-20,KOTAKBANK,INE100762,KOTAKBANK,250,1956.36,489090.0,DEUTSCHE-BROKER,EQ-ALPHA-03,BOOKED,2026-08-21,SELL,1956.36,250,2026-08-20,DEUTSCHE-BROKER,RECEIVED,TRAIN
TRD100763,2026-08-14,LT,INE100763,LT,1000,3692.84,3692840.0,NOMURA-BROKER,EQ-INDEX-04,BOOKED,2026-08-15,SELL,3692.84,1000,2026-08-14,NOMURA-BROKER,RECEIVED,TRAIN
TRD100764,2026-08-07,AXISBANK,INE100764,AXISBANK,500,1181.0,590500.0,DEUTSCHE-BROKER,EQ-ALPHA-03,BOOKED,2026-08-08,SELL,1181.0,500,2026-08-07,DEUTSCHE-BROKER,RECEIVED,TRAIN
TRD100765,2026-08-01,ITC,INE100765,ITC,2000,471.06,942120.0,NOMURA-BROKER,EQ-CORE-01,BOOKED,2026-08-02,SELL,471.06,2000,2026-08-01,NOMURA-BROKER,RECEIVED,TRAIN
TRD100766,2026-08-10,AXISBANK,INE100766,AXISBANK,100,1180.46,118046.0,ICICI-CUST,EQ-ALPHA-03,BOOKED,2026-08-11,BUY,1180.46,100,2026-08-10,ICICI-CUST,RECEIVED,TEST
TRD100767,2026-08-09,HDFCBANK,INE100767,HDFCBANK,1000,1667.19,1667190.0,MORGANSTANLEY-BROKER,EQ-CORE-02,BOOKED,2026-08-10,BUY,1667.19,1000,2026-08-09,MORGANSTANLEY-BROKER,RECEIVED,TEST
TRD100768,2026-08-05,RELIANCE,INE100768,RELIANCE,2000,2846.39,5692780.0,KOTAK-CUST,EQ-ALPHA-03,BOOKED,2026-08-06,BUY,2846.39,2000,2026-08-05,KOTAK-CUST,RECEIVED,TRAIN
TRD100769,2026-08-03,HDFCBANK,INE100769,HDFCBANK,750,1680.41,1260307.5,MORGANSTANLEY-BROKER,EQ-INDEX-04,BOOKED,2026-08-04,BUY,1680.41,750,2026-08-03,MORGANSTANLEY-BROKER,RECEIVED,TRAIN
TRD100770,2026-08-16,WIPRO,INE100770,WIPRO,200,611.71,122342.0,HDFC-CUST,EQ-INDEX-04,BOOKED,2026-08-17,BUY,611.71,200,2026-08-16,HDFC-CUST,RECEIVED,TRAIN
TRD100771,2026-08-19,AXISBANK,INE100771,AXISBANK,750,1174.79,881092.5,DEUTSCHE-BROKER,EQ-CORE-01,BOOKED,2026-08-20,BUY,1174.79,750,2026-08-19,DEUTSCHE-BROKER,RECEIVED,TRAIN
TRD100772,2026-08-14,TATASTEEL,INE100772,TATASTEEL,1000,172.19,172190.0,DEUTSCHE-BROKER,EQ-CORE-01,BOOKED,2026-08-15,BUY,172.19,1000,2026-08-14,DEUTSCHE-BROKER,RECEIVED,TRAIN
TRD100773,2026-08-21,WIPRO,INE100773,WIPRO,100,611.17,61117.0,DEUTSCHE-BROKER,EQ-CORE-01,BOOKED,2026-08-22,SELL,611.17,100,2026-08-21,DEUTSCHE-BROKER,RECEIVED,TRAIN
TRD100774,2026-08-19,LT,INE100774,LT,100,3673.5,367350.0,HDFC-CUST,EQ-ALPHA-03,BOOKED,2026-08-20,BUY,3673.5,100,2026-08-19,HDFC-CUST,RECEIVED,TRAIN
TRD100775,2026-08-13,INFY,INE100775,INFY,100,1893.58,189358.0,DEUTSCHE-BROKER,EQ-CORE-01,BOOKED,2026-08-14,BUY,1893.58,100,2026-08-13,DEUTSCHE-BROKER,RECEIVED,TRAIN
TRD100776,2026-08-05,BHARTIARTL,INE100776,BHARTIARTL,750,1695.24,1271430.0,HDFC-CUST,EQ-ALPHA-03,BOOKED,2026-08-06,BUY,1695.24,750,2026-08-05,HDFC-CUST,RECEIVED,TRAIN
TRD100777,2026-08-09,ITC,INE100777,ITC,100,469.13,46913.0,ICICI-CUST,EQ-INDEX-04,BOOKED,2026-08-10,SELL,469.13,100,2026-08-09,ICICI-CUST,RECEIVED,TRAIN
TRD100778,2026-08-16,HINDUNILVR,INE100778,HINDUNILVR,250,2752.79,688197.5,MORGANSTANLEY-BROKER,EQ-CORE-02,BOOKED,2026-08-17,SELL,2752.79,250,2026-08-16,MORGANSTANLEY-BROKER,RECEIVED,TRAIN
TRD100779,2026-08-17,BHARTIARTL,INE100779,BHARTIARTL,500,1691.43,845715.0,HDFC-CUST,EQ-CORE-02,BOOKED,2026-08-18,BUY,1691.43,500,2026-08-17,HDFC-CUST,RECEIVED,TRAIN
TRD100780,2026-08-19,ICICIBANK,INE100780,ICICIBANK,1500,1238.61,1857915.0,ICICI-CUST,EQ-CORE-01,BOOKED,2026-08-20,SELL,1238.61,1500,2026-08-19,ICICI-CUST,RECEIVED,TRAIN
TRD100781,2026-08-11,BHARTIARTL,INE100781,BHARTIARTL,1000,1687.84,1687840.0,KOTAK-CUST,EQ-CORE-01,BOOKED,2026-08-12,SELL,1687.84,1000,2026-08-11,KOTAK-CUST,RECEIVED,TRAIN
TRD100782,2026-08-15,INFY,INE100782,INFY,1000,1892.5,1892500.0,MORGANSTANLEY-BROKER,EQ-CORE-02,BOOKED,2026-08-16,SELL,1892.5,1000,2026-08-15,MORGANSTANLEY-BROKER,RECEIVED,TRAIN
TRD100783,2026-08-12,RELIANCE,INE100783,RELIANCE,500,2841.94,1420970.0,HDFC-CUST,EQ-CORE-01,BOOKED,2026-08-13,BUY,2841.94,500,2026-08-12,HDFC-CUST,RECEIVED,TRAIN
TRD100784,2026-08-20,WIPRO,INE100784,WIPRO,100,608.78,60878.0,HDFC-CUST,EQ-ALPHA-03,BOOKED,2026-08-21,BUY,608.78,100,2026-08-20,HDFC-CUST,RECEIVED,TRAIN
TRD100785,2026-08-16,SBIN,INE100785,SBIN,200,843.95,168790.0,ICICI-CUST,EQ-ALPHA-03,BOOKED,2026-08-17,BUY,843.95,200,2026-08-16,ICICI-CUST,RECEIVED,TEST
TRD100786,2026-08-17,WIPRO,INE100786,WIPRO,500,608.54,304270.0,KOTAK-CUST,EQ-INDEX-04,BOOKED,2026-08-18,BUY,608.54,500,2026-08-17,KOTAK-CUST,RECEIVED,TRAIN
TRD100787,2026-08-17,WIPRO,INE100787,WIPRO,100,609.6,60960.0,ICICI-CUST,EQ-ALPHA-03,BOOKED,2026-08-18,BUY,609.6,100,2026-08-17,ICICI-CUST,RECEIVED,TRAIN
TRD100788,2026-08-20,RELIANCE,INE100788,RELIANCE,750,2841.97,2131477.5,KOTAK-CUST,EQ-CORE-01,BOOKED,2026-08-21,SELL,2841.97,750,2026-08-20,KOTAK-CUST,RECEIVED,TEST
TRD100789,2026-08-09,KOTAKBANK,INE100789,KOTAKBANK,100,1947.22,194722.0,NOMURA-BROKER,EQ-ALPHA-03,BOOKED,2026-08-10,BUY,1947.22,100,2026-08-09,NOMURA-BROKER,RECEIVED,TRAIN
TRD100790,2026-08-21,RELIANCE,INE100790,RELIANCE,750,2860.97,2145727.5,DEUTSCHE-BROKER,EQ-CORE-02,BOOKED,2026-08-22,SELL,,,,,MISSING,TEST
TRD100791,2026-08-16,LT,INE100791,LT,200,3695.01,739002.0,MORGANSTANLEY-BROKER,EQ-CORE-01,BOOKED,2026-08-17,BUY,,,,,MISSING,TRAIN
TRD100792,2026-08-01,HDFCBANK,INE100792,HDFCBANK,2000,1676.22,3352440.0,ICICI-CUST,EQ-CORE-02,BOOKED,2026-08-02,SELL,1676.22,2000,2026-08-01,ICICI-CUST,RECEIVED,TRAIN
TRD100793,2026-08-06,SBIN,INE100793,SBIN,2000,844.7,1689400.0,ICICI-CUST,EQ-ALPHA-03,BOOKED,2026-08-07,SELL,844.7,2000,2026-08-06,ICICI-CUST,RECEIVED,TEST
TRD100794,2026-08-17,SBIN,INE100794,SBIN,750,843.37,632527.5,KOTAK-CUST,EQ-CORE-01,BOOKED,2026-08-18,SELL,843.37,750,2026-08-17,KOTAK-CUST,RECEIVED,TRAIN
TRD100795,2026-08-01,TATASTEEL,INE100795,TATASTEEL,1500,173.12,259680.0,MORGANSTANLEY-BROKER,EQ-ALPHA-03,BOOKED,2026-08-02,BUY,173.12,1500,2026-08-01,MORGANSTANLEY-BROKER,RECEIVED,TEST
TRD100796,2026-08-05,INFY,INE100796,INFY,1000,1897.81,1897810.0,ICICI-CUST,EQ-INDEX-04,BOOKED,2026-08-06,BUY,1920.14,1075,2026-08-05,ICICI-CUST,RECEIVED,TRAIN
TRD100797,2026-08-14,BHARTIARTL,INE100797,BHARTIARTL,500,1691.63,845815.0,KOTAK-CUST,EQ-ALPHA-03,BOOKED,2026-08-15,SELL,1691.63,500,2026-08-14,KOTAK-CUST,RECEIVED,TRAIN
TRD100798,2026-08-05,LT,INE100798,LT,250,3669.36,917340.0,MORGANSTANLEY-BROKER,EQ-CORE-02,BOOKED,2026-08-06,BUY,3726.46,175,2026-08-05,MORGANSTANLEY-BROKER,RECEIVED,TRAIN
TRD100799,2026-08-05,ICICIBANK,INE100799,ICICIBANK,250,1239.93,309982.5,NOMURA-BROKER,EQ-CORE-02,BOOKED,2026-08-06,SELL,1239.93,250,2026-08-05,NOMURA-BROKER,RECEIVED,TRAIN
TRD100800,2026-08-05,TCS,INE100800,TCS,200,4107.73,821546.0,NOMURA-BROKER,EQ-CORE-01,BOOKED,2026-08-06,SELL,4107.73,200,2026-08-05,NOMURA-BROKER,RECEIVED,TRAIN
TRD100801,2026-08-10,TATASTEEL,INE100801,TATASTEEL,1500,173.25,259875.0,DEUTSCHE-BROKER,EQ-ALPHA-03,BOOKED,2026-08-11,BUY,173.25,1500,2026-08-10,DEUTSCHE-BROKER,RECEIVED,TRAIN
TRD100802,2026-08-06,HINDUNILVR,INE100802,HINDUNILVR,500,2734.8,1367400.0,ICICI-CUST,EQ-ALPHA-03,BOOKED,2026-08-07,BUY,2763.94,425,2026-08-06,ICICI-CUST,RECEIVED,TEST
TRD100803,2026-08-01,AXISBANK,INE100803,AXISBANK,500,1177.07,588535.0,KOTAK-CUST,EQ-CORE-01,BOOKED,2026-08-02,SELL,1177.07,500,2026-08-01,KOTAK-CUST,RECEIVED,TRAIN
TRD100804,2026-08-12,INFY,INE100804,INFY,2000,1894.31,3788620.0,HDFC-CUST,EQ-INDEX-04,BOOKED,2026-08-13,SELL,1894.31,2000,2026-08-12,HDFC-CUST,RECEIVED,TRAIN
TRD100805,2026-08-08,ITC,INE100805,ITC,250,467.32,116830.0,ICICI-CUST,EQ-INDEX-04,BOOKED,2026-08-09,BUY,467.32,250,2026-08-08,ICICI-CUST,RECEIVED,TEST
TRD100806,2026-08-08,TATASTEEL,INE100806,TATASTEEL,750,173.23,129922.5,NOMURA-BROKER,EQ-CORE-02,BOOKED,2026-08-09,BUY,173.23,750,2026-08-08,NOMURA-BROKER,RECEIVED,TRAIN
TRD100807,2026-08-15,TCS,INE100807,TCS,250,4138.35,1034587.5,MORGANSTANLEY-BROKER,EQ-INDEX-04,BOOKED,2026-08-16,SELL,4138.35,250,2026-08-15,MORGANSTANLEY-BROKER,RECEIVED,TRAIN
TRD100808,2026-08-14,MARUTI,INE100808,MARUTI,2000,13030.31,26060620.0,DEUTSCHE-BROKER,EQ-CORE-01,BOOKED,2026-08-15,SELL,13030.31,2000,2026-08-14,DEUTSCHE-BROKER,RECEIVED,TRAIN
TRD100809,2026-08-19,WIPRO,INE100809,WIPRO,1000,609.7,609700.0,MORGANSTANLEY-BROKER,EQ-CORE-01,BOOKED,2026-08-20,BUY,609.7,1000,2026-08-19,MORGANSTANLEY-BROKER,RECEIVED,TRAIN
TRD100810,2026-08-02,ITC,INE100810,ITC,2000,470.43,940860.0,HDFC-CUST,EQ-INDEX-04,BOOKED,2026-08-03,BUY,470.43,2000,2026-08-02,HDFC-CUST,RECEIVED,TRAIN
TRD100811,2026-08-21,LT,INE100811,LT,1500,3680.74,5521110.0,ICICI-CUST,EQ-CORE-02,BOOKED,2026-08-22,SELL,3680.74,1500,2026-08-21,ICICI-CUST,RECEIVED,TRAIN
TRD100812,2026-08-10,ITC,INE100812,ITC,1500,470.7,706050.0,DEUTSCHE-BROKER,EQ-CORE-02,BOOKED,2026-08-11,SELL,470.7,1500,2026-08-10,DEUTSCHE-BROKER,RECEIVED,TEST
TRD100813,2026-08-05,ICICIBANK,INE100813,ICICIBANK,100,1243.16,124316.0,DEUTSCHE-BROKER,EQ-INDEX-04,BOOKED,2026-08-06,BUY,1243.16,100,2026-08-05,DEUTSCHE-BROKER,RECEIVED,TRAIN
TRD100814,2026-08-19,WIPRO,INE100814,WIPRO,200,608.4,121680.0,NOMURA-BROKER,EQ-CORE-02,BOOKED,2026-08-20,SELL,608.4,200,2026-08-19,NOMURA-BROKER,RECEIVED,TRAIN
TRD100815,2026-08-06,BHARTIARTL,INE100815,BHARTIARTL,1000,1689.57,1689570.0,DEUTSCHE-BROKER,EQ-CORE-02,BOOKED,2026-08-07,SELL,1689.57,1000,2026-08-06,DEUTSCHE-BROKER,RECEIVED,TRAIN
TRD100816,2026-08-21,TCS,INE100816,TCS,750,4113.5,3085125.0,NOMURA-BROKER,EQ-CORE-02,BOOKED,2026-08-22,BUY,4113.5,750,2026-08-21,NOMURA-BROKER,RECEIVED,TRAIN
TRD100817,2026-08-21,TCS,INE100817,TCS,200,4129.25,825850.0,KOTAK-CUST,EQ-CORE-01,BOOKED,2026-08-22,SELL,4129.25,150,2026-08-21,KOTAK-CUST,RECEIVED,TRAIN
TRD100818,2026-08-13,WIPRO,INE100818,WIPRO,250,609.61,152402.5,ICICI-CUST,EQ-CORE-02,BOOKED,2026-08-14,SELL,609.61,250,2026-08-13,ICICI-CUST,RECEIVED,TRAIN
TRD100819,2026-08-05,AXISBANK,INE100819,AXISBANK,250,1176.26,294065.0,HDFC-CUST,EQ-CORE-01,BOOKED,2026-08-06,SELL,1176.26,250,2026-08-05,HDFC-CUST,RECEIVED,TRAIN
TRD100820,2026-08-15,ICICIBANK,INE100820,ICICIBANK,750,1243.66,932745.0,KOTAK-CUST,EQ-CORE-02,BOOKED,2026-08-16,BUY,1243.66,750,2026-08-15,KOTAK-CUST,RECEIVED,TRAIN
TRD100821,2026-08-01,TATASTEEL,INE100821,TATASTEEL,250,173.24,43310.0,MORGANSTANLEY-BROKER,EQ-ALPHA-03,BOOKED,2026-08-02,BUY,173.24,250,2026-08-01,MORGANSTANLEY-BROKER,RECEIVED,TRAIN
TRD100822,2026-08-18,ITC,INE100822,ITC,2000,470.57,941140.0,ICICI-CUST,EQ-INDEX-04,BOOKED,2026-08-19,BUY,470.57,2000,2026-08-18,ICICI-CUST,RECEIVED,TRAIN
TRD100823,2026-08-15,HDFCBANK,INE100823,HDFCBANK,2000,1674.43,3348860.0,ICICI-CUST,EQ-CORE-01,BOOKED,2026-08-16,BUY,1674.43,2000,2026-08-15,HDFC-CUST,RECEIVED,TRAIN
TRD100824,2026-08-18,TATASTEEL,INE100824,TATASTEEL,750,172.66,129495.0,HDFC-CUST,EQ-CORE-01,BOOKED,2026-08-19,BUY,172.66,750,2026-08-18,HDFC-CUST,RECEIVED,TRAIN
TRD100825,2026-08-02,INFY,INE100825,INFY,100,1893.2,189320.0,HDFC-CUST,EQ-CORE-01,BOOKED,2026-08-03,SELL,1893.2,100,2026-08-02,HDFC-CUST,RECEIVED,TEST
TRD100826,2026-08-14,SBIN,INE100826,SBIN,200,841.79,168358.0,HDFC-CUST,EQ-CORE-02,BOOKED,2026-08-15,SELL,841.79,200,2026-08-14,HDFC-CUST,RECEIVED,TRAIN
TRD100827,2026-08-19,AXISBANK,INE100827,AXISBANK,250,1185.75,296437.5,KOTAK-CUST,EQ-CORE-01,BOOKED,2026-08-20,BUY,1185.75,250,2026-08-19,KOTAK-CUST,RECEIVED,TRAIN
TRD100828,2026-08-13,HINDUNILVR,INE100828,HINDUNILVR,750,2740.74,2055555.0,ICICI-CUST,EQ-INDEX-04,BOOKED,2026-08-14,BUY,2740.74,750,2026-08-13,ICICI-CUST,RECEIVED,TRAIN
TRD100829,2026-08-09,ICICIBANK,INE100829,ICICIBANK,2000,1236.27,2472540.0,KOTAK-CUST,EQ-INDEX-04,BOOKED,2026-08-10,BUY,1236.27,2000,2026-08-09,KOTAK-CUST,RECEIVED,TRAIN
TRD100830,2026-08-04,WIPRO,INE100830,WIPRO,500,611.03,305515.0,MORGANSTANLEY-BROKER,EQ-CORE-01,BOOKED,2026-08-05,SELL,611.03,500,2026-08-04,MORGANSTANLEY-BROKER,RECEIVED,TRAIN
TRD100831,2026-08-11,WIPRO,INE100831,WIPRO,750,609.9,457425.0,KOTAK-CUST,EQ-ALPHA-03,BOOKED,2026-08-12,BUY,609.9,750,2026-08-11,KOTAK-CUST,RECEIVED,TRAIN
TRD100832,2026-08-21,AXISBANK,INE100832,AXISBANK,2000,1180.48,2360960.0,DEUTSCHE-BROKER,EQ-INDEX-04,BOOKED,2026-08-22,BUY,1180.48,2000,2026-08-21,DEUTSCHE-BROKER,RECEIVED,TRAIN
TRD100833,2026-08-07,TATASTEEL,INE100833,TATASTEEL,500,172.81,86405.0,ICICI-CUST,EQ-CORE-01,BOOKED,2026-08-08,BUY,172.81,500,2026-08-07,ICICI-CUST,RECEIVED,TRAIN
TRD100834,2026-08-07,ITC,INE100834,ITC,200,470.01,94002.0,MORGANSTANLEY-BROKER,EQ-INDEX-04,BOOKED,2026-08-08,SELL,470.01,200,2026-08-07,MORGANSTANLEY-BROKER,RECEIVED,TRAIN
TRD100835,2026-08-21,RELIANCE,INE100835,RELIANCE,1000,2846.21,2846210.0,HDFC-CUST,EQ-CORE-01,BOOKED,2026-08-22,BUY,2846.21,1000,2026-08-22,HDFC-CUST,RECEIVED,TRAIN
TRD100836,2026-08-03,WIPRO,INE100836,WIPRO,750,608.85,456637.5,KOTAK-CUST,EQ-ALPHA-03,BOOKED,2026-08-04,SELL,608.85,750,2026-08-03,KOTAK-CUST,RECEIVED,TRAIN
TRD100837,2026-08-11,HINDUNILVR,INE100837,HINDUNILVR,100,2735.0,273500.0,KOTAK-CUST,EQ-INDEX-04,BOOKED,2026-08-12,BUY,2735.0,100,2026-08-11,KOTAK-CUST,RECEIVED,TRAIN
TRD100838,2026-08-11,MARUTI,INE100838,MARUTI,250,12940.28,3235070.0,NOMURA-BROKER,EQ-INDEX-04,BOOKED,2026-08-12,SELL,12940.28,250,2026-08-11,NOMURA-BROKER,RECEIVED,TRAIN
TRD100839,2026-08-16,HINDUNILVR,INE100839,HINDUNILVR,100,2749.6,274960.0,HDFC-CUST,EQ-INDEX-04,BOOKED,2026-08-17,SELL,2749.6,100,2026-08-16,HDFC-CUST,RECEIVED,TRAIN
TRD100840,2026-08-02,ITC,INE100840,ITC,1500,470.91,706365.0,MORGANSTANLEY-BROKER,EQ-ALPHA-03,BOOKED,2026-08-03,SELL,457.2,1500,2026-08-02,MORGANSTANLEY-BROKER,RECEIVED,TRAIN
TRD100841,2026-08-11,LT,INE100841,LT,100,3669.41,366941.0,KOTAK-CUST,EQ-CORE-01,BOOKED,2026-08-12,BUY,3669.41,100,2026-08-11,KOTAK-CUST,RECEIVED,TRAIN
TRD100842,2026-08-13,ICICIBANK,INE100842,ICICIBANK,100,1238.8,123880.0,NOMURA-BROKER,EQ-CORE-02,BOOKED,2026-08-14,SELL,1238.8,1,2026-08-13,NOMURA-BROKER,RECEIVED,TRAIN
TRD100843,2026-08-10,INFY,INE100843,INFY,200,1897.19,379438.0,NOMURA-BROKER,EQ-ALPHA-03,BOOKED,2026-08-11,BUY,1897.19,200,2026-08-10,NOMURA-BROKER,RECEIVED,TRAIN
TRD100844,2026-08-08,ICICIBANK,INE100844,ICICIBANK,1500,1235.67,1853505.0,KOTAK-CUST,EQ-INDEX-04,BOOKED,2026-08-09,SELL,1235.67,1500,2026-08-08,KOTAK-CUST,RECEIVED,TRAIN
TRD100845,2026-08-12,HDFCBANK,INE100845,HDFCBANK,750,1669.76,1252320.0,ICICI-CUST,EQ-CORE-02,BOOKED,2026-08-13,BUY,1693.19,750,2026-08-12,ICICI-CUST,RECEIVED,TRAIN
TRD100846,2026-08-17,ITC,INE100846,ITC,100,470.3,47030.0,HDFC-CUST,EQ-CORE-02,BOOKED,2026-08-18,SELL,470.3,100,2026-08-17,HDFC-CUST,RECEIVED,TEST
TRD100847,2026-08-17,TATASTEEL,INE100847,TATASTEEL,2000,172.85,345700.0,KOTAK-CUST,EQ-ALPHA-03,BOOKED,2026-08-18,BUY,172.85,2000,2026-08-17,KOTAK-CUST,RECEIVED,TRAIN
TRD100848,2026-08-17,HINDUNILVR,INE100848,HINDUNILVR,200,2754.44,550888.0,NOMURA-BROKER,EQ-CORE-02,BOOKED,2026-08-18,BUY,2754.44,200,2026-08-17,NOMURA-BROKER,RECEIVED,TRAIN
TRD100849,2026-08-17,WIPRO,INE100849,WIPRO,100,610.1,61010.0,ICICI-CUST,EQ-CORE-01,BOOKED,2026-08-18,SELL,610.1,100,2026-08-17,ICICI-CUST,RECEIVED,TRAIN
TRD100850,2026-08-20,TATASTEEL,INE100850,TATASTEEL,100,172.77,17277.0,ICICI-CUST,EQ-ALPHA-03,BOOKED,2026-08-21,SELL,172.77,100,2026-08-20,ICICI-CUST,RECEIVED,TRAIN
TRD100851,2026-08-10,TATASTEEL,INE100851,TATASTEEL,100,171.77,17177.0,ICICI-CUST,EQ-ALPHA-03,BOOKED,2026-08-11,BUY,171.77,100,2026-08-10,ICICI-CUST,RECEIVED,TRAIN
TRD100852,2026-08-09,SBIN,INE100852,SBIN,500,843.0,421500.0,MORGANSTANLEY-BROKER,EQ-ALPHA-03,BOOKED,2026-08-10,SELL,843.0,500,2026-08-09,MORGANSTANLEY-BROKER,RECEIVED,TRAIN
TRD100853,2026-08-06,KOTAKBANK,INE100853,KOTAKBANK,200,1951.25,390250.0,KOTAK-CUST,EQ-CORE-01,BOOKED,2026-08-07,BUY,1951.25,200,2026-08-06,KOTAK-CUST,RECEIVED,TRAIN
TRD100854,2026-08-12,AXISBANK,INE100854,AXISBANK,200,1176.79,235358.0,MORGANSTANLEY-BROKER,EQ-ALPHA-03,BOOKED,2026-08-13,SELL,1176.79,200,2026-08-12,MORGANSTANLEY-BROKER,RECEIVED,TRAIN
TRD100855,2026-08-06,INFY,INE100855,INFY,750,1891.7,1418775.0,ICICI-CUST,EQ-ALPHA-03,BOOKED,2026-08-07,SELL,1891.7,750,2026-08-06,ICICI-CUST,RECEIVED,TEST
TRD100856,2026-08-01,LT,INE100856,LT,2000,3663.62,7327240.0,DEUTSCHE-BROKER,EQ-CORE-01,BOOKED,2026-08-02,BUY,3663.62,2000,2026-08-01,DEUTSCHE-BROKER,RECEIVED,TRAIN
TRD100857,2026-08-13,BHARTIARTL,INE100857,BHARTIARTL,100,1683.4,168340.0,HDFC-CUST,EQ-INDEX-04,BOOKED,2026-08-14,SELL,1683.4,100,2026-08-13,HDFC-CUST,RECEIVED,TEST
TRD100858,2026-08-18,ICICIBANK,INE100858,ICICIBANK,1000,1244.74,1244740.0,ICICI-CUST,EQ-INDEX-04,BOOKED,2026-08-19,BUY,1244.74,1000,2026-08-18,ICICI-CUST,RECEIVED,TEST
TRD100859,2026-08-10,TCS,INE100859,TCS,2000,4104.15,8208300.0,NOMURA-BROKER,EQ-INDEX-04,BOOKED,2026-08-11,SELL,4104.15,2000,2026-08-10,NOMURA-BROKER,RECEIVED,TRAIN
TRD100860,2026-08-20,HDFCBANK,INE100860,HDFCBANK,500,1669.23,834615.0,KOTAK-CUST,EQ-ALPHA-03,BOOKED,2026-08-21,SELL,1669.23,500,2026-08-20,KOTAK-CUST,RECEIVED,TEST
TRD100861,2026-08-11,INFY,INE100861,INFY,1000,1895.76,1895760.0,DEUTSCHE-BROKER,EQ-INDEX-04,BOOKED,2026-08-12,BUY,1895.76,1000,2026-08-11,DEUTSCHE-BROKER,RECEIVED,TEST
TRD100862,2026-08-16,TCS,INE100862,TCS,2000,4104.8,8209600.0,DEUTSCHE-BROKER,EQ-CORE-02,BOOKED,2026-08-17,SELL,4104.8,2000,2026-08-16,DEUTSCHE-BROKER,RECEIVED,TRAIN
TRD100863,2026-08-05,HINDUNILVR,INE100863,HINDUNILVR,1000,2748.47,2748470.0,MORGANSTANLEY-BROKER,EQ-CORE-01,BOOKED,2026-08-06,SELL,2697.99,1000,2026-08-05,MORGANSTANLEY-BROKER,RECEIVED,TRAIN
TRD100864,2026-08-21,MARUTI,INE100864,MARUTI,200,12957.4,2591480.0,ICICI-CUST,EQ-ALPHA-03,BOOKED,2026-08-22,SELL,12957.4,200,2026-08-21,ICICI-CUST,RECEIVED,TRAIN
TRD100865,2026-08-08,BHARTIARTL,INE100865,BHARTIARTL,1500,1685.98,2528970.0,MORGANSTANLEY-BROKER,EQ-CORE-02,BOOKED,2026-08-09,SELL,1685.98,1500,2026-08-08,MORGANSTANLEY-BROKER,RECEIVED,TRAIN
TRD100866,2026-08-19,BHARTIARTL,INE100866,BHARTIARTL,200,1687.71,337542.0,DEUTSCHE-BROKER,EQ-INDEX-04,BOOKED,2026-08-20,SELL,1687.71,200,2026-08-19,DEUTSCHE-BROKER,RECEIVED,TRAIN
TRD100867,2026-08-03,LT,INE100867,LT,500,3668.12,1834060.0,NOMURA-BROKER,EQ-INDEX-04,BOOKED,2026-08-04,BUY,3668.12,500,2026-08-03,NOMURA-BROKER,RECEIVED,TRAIN
TRD100868,2026-08-04,AXISBANK,INE100868,AXISBANK,2000,1178.19,2356380.0,DEUTSCHE-BROKER,EQ-CORE-02,BOOKED,2026-08-05,SELL,1178.19,2000,2026-08-04,DEUTSCHE-BROKER,RECEIVED,TRAIN
TRD100869,2026-08-20,BHARTIARTL,INE100869,BHARTIARTL,200,1692.06,338412.0,DEUTSCHE-BROKER,EQ-ALPHA-03,BOOKED,2026-08-21,SELL,1692.06,200,2026-08-20,DEUTSCHE-BROKER,RECEIVED,TRAIN
TRD100870,2026-08-05,KOTAKBANK,INE100870,KOTAKBANK,100,1947.69,194769.0,MORGANSTANLEY-BROKER,EQ-CORE-01,BOOKED,2026-08-06,BUY,1947.69,100,2026-08-05,MORGANSTANLEY-BROKER,RECEIVED,TRAIN
TRD100871,2026-08-10,KOTAKBANK,INE100871,KOTAKBANK,250,1954.78,488695.0,DEUTSCHE-BROKER,EQ-INDEX-04,BOOKED,2026-08-11,BUY,1954.78,250,2026-08-10,DEUTSCHE-BROKER,RECEIVED,TRAIN
TRD100872,2026-08-10,HDFCBANK,INE100872,HDFCBANK,1000,1671.85,1671850.0,DEUTSCHE-BROKER,EQ-ALPHA-03,BOOKED,2026-08-11,BUY,1671.85,1000,2026-08-10,DEUTSCHE-BROKER,RECEIVED,TRAIN
TRD100873,2026-08-17,AXISBANK,INE100873,AXISBANK,100,1181.57,118157.0,DEUTSCHE-BROKER,EQ-CORE-02,BOOKED,2026-08-18,SELL,,,,,MISSING,TRAIN
TRD100874,2026-08-02,RELIANCE,INE100874,RELIANCE,1000,2861.93,2861930.0,ICICI-CUST,EQ-ALPHA-03,BOOKED,2026-08-03,BUY,2861.93,1000,2026-08-02,ICICI-CUST,RECEIVED,TRAIN
TRD100875,2026-08-08,MARUTI,INE100875,MARUTI,750,13027.47,9770602.5,DEUTSCHE-BROKER,EQ-INDEX-04,BOOKED,2026-08-09,SELL,13027.47,750,2026-08-08,DEUTSCHE-BROKER,RECEIVED,TRAIN
TRD100876,2026-08-14,WIPRO,INE100876,WIPRO,1500,609.78,914670.0,MORGANSTANLEY-BROKER,EQ-CORE-02,BOOKED,2026-08-15,BUY,609.78,1500,2026-08-14,MORGANSTANLEY-BROKER,RECEIVED,TRAIN
TRD100877,2026-08-13,ITC,INE100877,ITC,250,467.44,116860.0,KOTAK-CUST,EQ-INDEX-04,BOOKED,2026-08-14,BUY,472.61,175,2026-08-13,KOTAK-CUST,RECEIVED,TRAIN
TRD100878,2026-08-03,ICICIBANK,INE100878,ICICIBANK,250,1236.26,309065.0,NOMURA-BROKER,EQ-CORE-01,BOOKED,2026-08-04,BUY,1254.67,175,2026-08-03,NOMURA-BROKER,RECEIVED,TRAIN
TRD100879,2026-08-05,WIPRO,INE100879,WIPRO,2000,611.31,1222620.0,ICICI-CUST,EQ-CORE-02,BOOKED,2026-08-06,SELL,611.31,2000,2026-08-05,ICICI-CUST,RECEIVED,TRAIN
TRD100880,2026-08-20,MARUTI,INE100880,MARUTI,2000,13031.09,26062180.0,DEUTSCHE-BROKER,EQ-CORE-02,BOOKED,2026-08-21,SELL,13031.09,2000,2026-08-20,DEUTSCHE-BROKER,RECEIVED,TRAIN
TRD100881,2026-08-15,LT,INE100881,LT,1500,3682.07,5523105.0,DEUTSCHE-BROKER,EQ-ALPHA-03,BOOKED,2026-08-16,BUY,3682.07,1500,2026-08-15,DEUTSCHE-BROKER,RECEIVED,TRAIN
TRD100882,2026-08-19,INFY,INE100882,INFY,1500,1892.28,2838420.0,DEUTSCHE-BROKER,EQ-CORE-02,BOOKED,2026-08-20,SELL,1892.28,1500,2026-08-20,DEUTSCHE-BROKER,RECEIVED,TRAIN
TRD100883,2026-08-02,BHARTIARTL,INE100883,BHARTIARTL,1000,1682.51,1682510.0,MORGANSTANLEY-BROKER,EQ-INDEX-04,BOOKED,2026-08-03,SELL,1682.51,1000,2026-08-02,MORGANSTANLEY-BROKER,RECEIVED,TRAIN
TRD100884,2026-08-03,TCS,INE100884,TCS,2000,4139.78,8279560.0,HDFC-CUST,EQ-ALPHA-03,BOOKED,2026-08-04,SELL,4139.78,2000,2026-08-03,HDFC-CUST,RECEIVED,TRAIN
TRD100885,2026-08-20,LT,INE100885,LT,200,3681.01,736202.0,ICICI-CUST,EQ-CORE-02,BOOKED,2026-08-21,SELL,3681.01,200,2026-08-20,ICICI-CUST,RECEIVED,TEST
TRD100886,2026-08-18,KOTAKBANK,INE100886,KOTAKBANK,200,1959.3,391860.0,MORGANSTANLEY-BROKER,EQ-ALPHA-03,BOOKED,2026-08-19,BUY,1959.3,200,2026-08-18,MORGANSTANLEY-BROKER,RECEIVED,TRAIN
TRD100887,2026-08-01,TATASTEEL,INE100887,TATASTEEL,1000,172.51,172510.0,DEUTSCHE-BROKER,EQ-INDEX-04,BOOKED,2026-08-02,SELL,,,,,MISSING,TRAIN
TRD100888,2026-08-10,AXISBANK,INE100888,AXISBANK,1000,1179.32,1179320.0,KOTAK-CUST,EQ-CORE-02,BOOKED,2026-08-11,BUY,1194.75,925,2026-08-10,KOTAK-CUST,RECEIVED,TRAIN
TRD100889,2026-08-19,WIPRO,INE100889,WIPRO,750,611.74,458805.0,KOTAK-CUST,EQ-CORE-01,BOOKED,2026-08-20,SELL,611.74,750,2026-08-19,KOTAK-CUST,RECEIVED,TRAIN
TRD100890,2026-08-10,AXISBANK,INE100890,AXISBANK,250,1181.11,295277.5,NOMURA-BROKER,EQ-CORE-01,BOOKED,2026-08-11,SELL,1181.11,250,2026-08-10,NOMURA-BROKER,RECEIVED,TRAIN
TRD100891,2026-08-03,ITC,INE100891,ITC,200,467.15,93430.0,KOTAK-CUST,EQ-ALPHA-03,BOOKED,2026-08-04,BUY,467.15,200,2026-08-03,KOTAK-CUST,RECEIVED,TEST
TRD100892,2026-08-09,AXISBANK,INE100892,AXISBANK,750,1177.6,883200.0,ICICI-CUST,EQ-CORE-01,BOOKED,2026-08-10,BUY,1177.6,750,2026-08-09,ICICI-CUST,RECEIVED,TRAIN
TRD100893,2026-08-12,TATASTEEL,INE100893,TATASTEEL,250,172.72,43180.0,HDFC-CUST,EQ-ALPHA-03,BOOKED,2026-08-13,BUY,172.72,250,2026-08-12,HDFC-CUST,RECEIVED,TRAIN
TRD100894,2026-08-02,ITC,INE100894,ITC,250,470.3,117575.0,KOTAK-CUST,EQ-CORE-01,BOOKED,2026-08-03,BUY,470.3,250,2026-08-02,KOTAK-CUST,RECEIVED,TEST
TRD100895,2026-08-14,AXISBANK,INE100895,AXISBANK,250,1184.23,296057.5,DEUTSCHE-BROKER,EQ-CORE-02,BOOKED,2026-08-15,SELL,1184.23,250,2026-08-14,DEUTSCHE-BROKER,RECEIVED,TRAIN
TRD100896,2026-08-12,WIPRO,INE100896,WIPRO,250,608.59,152147.5,ICICI-CUST,EQ-ALPHA-03,BOOKED,2026-08-13,BUY,,,,,MISSING,TRAIN
TRD100897,2026-08-16,RELIANCE,INE100897,RELIANCE,250,2849.47,712367.5,KOTAK-CUST,EQ-INDEX-04,BOOKED,2026-08-17,BUY,2849.47,250,2026-08-16,KOTAK-CUST,RECEIVED,TEST
TRD100898,2026-08-05,BHARTIARTL,INE100898,BHARTIARTL,1500,1689.97,2534955.0,MORGANSTANLEY-BROKER,EQ-INDEX-04,BOOKED,2026-08-06,BUY,1689.97,1500,2026-08-05,MORGANSTANLEY-BROKER,RECEIVED,TRAIN
TRD100899,2026-08-11,ICICIBANK,INE100899,ICICIBANK,2000,1239.34,2478680.0,MORGANSTANLEY-BROKER,EQ-CORE-01,BOOKED,2026-08-12,BUY,1239.34,2000,2026-08-11,MORGANSTANLEY-BROKER,RECEIVED,TRAIN
TRD100900,2026-08-14,TATASTEEL,INE100900,TATASTEEL,1000,173.24,173240.0,MORGANSTANLEY-BROKER,EQ-ALPHA-03,BOOKED,2026-08-15,SELL,173.24,1000,2026-08-15,MORGANSTANLEY-BROKER,RECEIVED,TRAIN
TRD100901,2026-08-09,ICICIBANK,INE100901,ICICIBANK,750,1244.55,933412.5,NOMURA-BROKER,EQ-INDEX-04,BOOKED,2026-08-10,SELL,1244.55,750,2026-08-09,NOMURA-BROKER,RECEIVED,TRAIN
TRD100902,2026-08-19,HINDUNILVR,INE100902,HINDUNILVR,500,2752.03,1376015.0,HDFC-CUST,EQ-ALPHA-03,BOOKED,2026-08-20,BUY,2752.03,500,2026-08-19,HDFC-CUST,RECEIVED,TRAIN
TRD100903,2026-08-03,SBIN,INE100903,SBIN,100,847.06,84706.0,ICICI-CUST,EQ-INDEX-04,BOOKED,2026-08-04,BUY,847.06,100,2026-08-03,ICICI-CUST,RECEIVED,TRAIN
TRD100904,2026-08-12,LT,INE100904,LT,200,3686.98,737396.0,HDFC-CUST,EQ-ALPHA-03,BOOKED,2026-08-13,SELL,3686.98,200,2026-08-12,HDFC-CUST,RECEIVED,TEST
TRD100905,2026-08-03,HDFCBANK,INE100905,HDFCBANK,100,1667.22,166722.0,ICICI-CUST,EQ-CORE-02,BOOKED,2026-08-04,BUY,1667.22,50,2026-08-03,ICICI-CUST,RECEIVED,TEST
TRD100906,2026-08-20,WIPRO,INE100906,WIPRO,200,607.83,121566.0,HDFC-CUST,EQ-INDEX-04,BOOKED,2026-08-21,BUY,607.83,200,2026-08-20,HDFC-CUST,RECEIVED,TEST
TRD100907,2026-08-09,TATASTEEL,INE100907,TATASTEEL,200,172.79,34558.0,KOTAK-CUST,EQ-INDEX-04,BOOKED,2026-08-10,BUY,172.79,200,2026-08-09,KOTAK-CUST,RECEIVED,TRAIN
TRD100908,2026-08-09,KOTAKBANK,INE100908,KOTAKBANK,2000,1963.97,3927940.0,DEUTSCHE-BROKER,EQ-ALPHA-03,BOOKED,2026-08-10,SELL,1963.97,2000,2026-08-09,DEUTSCHE-BROKER,RECEIVED,TRAIN
TRD100909,2026-08-02,INFY,INE100909,INFY,200,1886.09,377218.0,DEUTSCHE-BROKER,EQ-INDEX-04,BOOKED,2026-08-03,SELL,1886.09,200,2026-08-02,DEUTSCHE-BROKER,RECEIVED,TRAIN
TRD100910,2026-08-09,RELIANCE,INE100910,RELIANCE,750,2863.49,2147617.5,HDFC-CUST,EQ-INDEX-04,BOOKED,2026-08-10,BUY,2921.86,750,2026-08-09,HDFC-CUST,RECEIVED,TRAIN
TRD100911,2026-08-06,ITC,INE100911,ITC,500,469.42,234710.0,NOMURA-BROKER,EQ-INDEX-04,BOOKED,2026-08-07,BUY,469.42,500,2026-08-06,NOMURA-BROKER,RECEIVED,TRAIN
TRD100912,2026-08-21,INFY,INE100912,INFY,1500,1884.98,2827470.0,ICICI-CUST,EQ-INDEX-04,BOOKED,2026-08-22,SELL,1884.98,1500,2026-08-21,ICICI-CUST,RECEIVED,TEST
TRD100913,2026-08-19,TCS,INE100913,TCS,100,4103.15,410315.0,NOMURA-BROKER,EQ-ALPHA-03,BOOKED,2026-08-20,SELL,4103.15,100,2026-08-19,NOMURA-BROKER,RECEIVED,TRAIN
TRD100914,2026-08-21,RELIANCE,INE100914,RELIANCE,2000,2840.49,5680980.0,ICICI-CUST,EQ-CORE-01,BOOKED,2026-08-22,SELL,2840.49,2000,2026-08-21,ICICI-CUST,RECEIVED,TRAIN
TRD100915,2026-08-13,ICICIBANK,INE100915,ICICIBANK,250,1243.28,310820.0,MORGANSTANLEY-BROKER,EQ-CORE-01,BOOKED,2026-08-14,SELL,1243.28,250,2026-08-13,MORGANSTANLEY-BROKER,RECEIVED,TRAIN
TRD100916,2026-08-03,ITC,INE100916,ITC,1500,468.45,702675.0,MORGANSTANLEY-BROKER,EQ-CORE-02,BOOKED,2026-08-04,BUY,468.45,1500,2026-08-03,MORGANSTANLEY-BROKER,RECEIVED,TEST
TRD100917,2026-08-18,BHARTIARTL,INE100917,BHARTIARTL,2000,1684.0,3368000.0,KOTAK-CUST,EQ-ALPHA-03,BOOKED,2026-08-19,SELL,1684.0,2000,2026-08-18,KOTAK-CUST,RECEIVED,TRAIN
TRD100918,2026-08-21,BHARTIARTL,INE100918,BHARTIARTL,100,1692.64,169264.0,ICICI-CUST,EQ-ALPHA-03,BOOKED,2026-08-22,SELL,1692.64,100,2026-08-21,ICICI-CUST,RECEIVED,TRAIN
TRD100919,2026-08-10,TCS,INE100919,TCS,2000,4131.48,8262960.0,NOMURA-BROKER,EQ-CORE-02,BOOKED,2026-08-11,BUY,4131.48,2000,2026-08-10,NOMURA-BROKER,RECEIVED,TRAIN
TRD100920,2026-08-07,LT,INE100920,LT,100,3697.36,369736.0,KOTAK-CUST,EQ-INDEX-04,BOOKED,2026-08-08,BUY,3697.36,100,2026-08-07,KOTAK-CUST,RECEIVED,TRAIN
TRD100921,2026-08-21,KOTAKBANK,INE100921,KOTAKBANK,1000,1955.44,1955440.0,DEUTSCHE-BROKER,EQ-CORE-02,BOOKED,2026-08-22,BUY,1955.44,1000,2026-08-21,DEUTSCHE-BROKER,RECEIVED,TEST
TRD100922,2026-08-19,RELIANCE,INE100922,RELIANCE,500,2836.97,1418485.0,HDFC-CUST,EQ-INDEX-04,BOOKED,2026-08-20,SELL,2836.97,500,2026-08-19,HDFC-CUST,RECEIVED,TRAIN
TRD100923,2026-08-15,TCS,INE100923,TCS,750,4120.74,3090555.0,ICICI-CUST,EQ-CORE-01,BOOKED,2026-08-16,SELL,4120.74,750,2026-08-15,ICICI-CUST,RECEIVED,TRAIN
TRD100924,2026-08-02,RELIANCE,INE100924,RELIANCE,1000,2858.7,2858700.0,DEUTSCHE-BROKER,EQ-CORE-01,BOOKED,2026-08-03,BUY,2858.7,1000,2026-08-02,DEUTSCHE-BROKER,RECEIVED,TRAIN
TRD100925,2026-08-18,HINDUNILVR,INE100925,HINDUNILVR,2000,2757.68,5515360.0,HDFC-CUST,EQ-CORE-02,BOOKED,2026-08-19,BUY,2757.68,2000,2026-08-18,HDFC-CUST,RECEIVED,TEST
TRD100926,2026-08-01,RELIANCE,INE100926,RELIANCE,250,2850.18,712545.0,DEUTSCHE-BROKER,EQ-CORE-01,BOOKED,2026-08-02,BUY,2850.18,250,2026-08-01,DEUTSCHE-BROKER,RECEIVED,TRAIN
TRD100927,2026-08-21,WIPRO,INE100927,WIPRO,250,607.39,151847.5,ICICI-CUST,EQ-ALPHA-03,BOOKED,2026-08-22,BUY,607.39,250,2026-08-21,ICICI-CUST,RECEIVED,TRAIN
TRD100928,2026-08-03,ITC,INE100928,ITC,250,470.47,117617.5,ICICI-CUST,EQ-CORE-01,BOOKED,2026-08-04,SELL,475.29,175,2026-08-03,ICICI-CUST,RECEIVED,TRAIN
TRD100929,2026-08-07,AXISBANK,INE100929,AXISBANK,500,1175.09,587545.0,DEUTSCHE-BROKER,EQ-ALPHA-03,BOOKED,2026-08-08,SELL,1175.09,500,2026-08-07,DEUTSCHE-BROKER,RECEIVED,TRAIN
TRD100930,2026-08-19,SBIN,INE100930,SBIN,200,849.62,169924.0,MORGANSTANLEY-BROKER,EQ-CORE-02,BOOKED,2026-08-20,SELL,849.62,200,2026-08-19,MORGANSTANLEY-BROKER,RECEIVED,TRAIN
TRD100931,2026-08-19,MARUTI,INE100931,MARUTI,500,13014.3,6507150.0,HDFC-CUST,EQ-ALPHA-03,BOOKED,2026-08-20,BUY,13255.98,425,2026-08-19,HDFC-CUST,RECEIVED,TRAIN
TRD100932,2026-08-14,TCS,INE100932,TCS,750,4105.97,3079477.5,HDFC-CUST,EQ-ALPHA-03,BOOKED,2026-08-15,BUY,4105.97,750,2026-08-14,HDFC-CUST,RECEIVED,TEST
TRD100933,2026-08-02,ITC,INE100933,ITC,500,470.9,235450.0,HDFC-CUST,EQ-CORE-01,BOOKED,2026-08-03,SELL,477.12,500,2026-08-02,HDFC-CUST,RECEIVED,TRAIN
TRD100934,2026-08-16,HINDUNILVR,INE100934,HINDUNILVR,250,2732.3,683075.0,ICICI-CUST,EQ-CORE-01,BOOKED,2026-08-17,BUY,2732.3,250,2026-08-16,ICICI-CUST,RECEIVED,TRAIN
TRD100935,2026-08-19,INFY,INE100935,INFY,200,1894.21,378842.0,KOTAK-CUST,EQ-INDEX-04,BOOKED,2026-08-20,SELL,,,,,MISSING,TRAIN
TRD100936,2026-08-21,WIPRO,INE100936,WIPRO,250,608.56,152140.0,KOTAK-CUST,EQ-INDEX-04,BOOKED,2026-08-22,SELL,608.56,250,2026-08-21,KOTAK-CUST,RECEIVED,TEST
TRD100937,2026-08-02,HDFCBANK,INE100937,HDFCBANK,250,1677.05,419262.5,MORGANSTANLEY-BROKER,EQ-CORE-02,BOOKED,2026-08-03,SELL,1677.05,250,2026-08-02,MORGANSTANLEY-BROKER,RECEIVED,TRAIN
TRD100938,2026-08-10,AXISBANK,INE100938,AXISBANK,200,1181.75,236350.0,KOTAK-CUST,EQ-INDEX-04,BOOKED,2026-08-11,BUY,1181.75,200,2026-08-10,KOTAK-CUST,RECEIVED,TRAIN
TRD100939,2026-08-17,LT,INE100939,LT,500,3668.81,1834405.0,ICICI-CUST,EQ-ALPHA-03,BOOKED,2026-08-18,BUY,3668.81,500,2026-08-17,ICICI-CUST,RECEIVED,TRAIN
TRD100940,2026-08-07,ITC,INE100940,ITC,500,467.85,233925.0,ICICI-CUST,EQ-CORE-02,BOOKED,2026-08-08,SELL,467.85,500,2026-08-07,MORGANSTANLEY-BROKER,RECEIVED,TEST
TRD100941,2026-08-02,ITC,INE100941,ITC,250,467.3,116825.0,ICICI-CUST,EQ-ALPHA-03,BOOKED,2026-08-03,SELL,467.3,250,2026-08-02,ICICI-CUST,RECEIVED,TRAIN
TRD100942,2026-08-20,HDFCBANK,INE100942,HDFCBANK,1500,1671.04,2506560.0,DEUTSCHE-BROKER,EQ-CORE-01,BOOKED,2026-08-21,BUY,1671.04,1500,2026-08-20,DEUTSCHE-BROKER,RECEIVED,TRAIN
TRD100943,2026-08-06,WIPRO,INE100943,WIPRO,100,612.94,61294.0,HDFC-CUST,EQ-CORE-01,BOOKED,2026-08-07,SELL,612.94,100,2026-08-06,HDFC-CUST,RECEIVED,TRAIN
TRD100944,2026-08-08,LT,INE100944,LT,200,3664.36,732872.0,NOMURA-BROKER,EQ-INDEX-04,BOOKED,2026-08-09,SELL,3664.36,200,2026-08-08,NOMURA-BROKER,RECEIVED,TRAIN
TRD100945,2026-08-11,BHARTIARTL,INE100945,BHARTIARTL,500,1694.58,847290.0,HDFC-CUST,EQ-CORE-01,BOOKED,2026-08-12,SELL,1694.58,500,2026-08-11,HDFC-CUST,RECEIVED,TRAIN
TRD100946,2026-08-14,HDFCBANK,INE100946,HDFCBANK,200,1670.8,334160.0,HDFC-CUST,EQ-INDEX-04,BOOKED,2026-08-15,BUY,1670.8,200,2026-08-15,HDFC-CUST,RECEIVED,TRAIN
TRD100947,2026-08-02,TCS,INE100947,TCS,2000,4124.26,8248520.0,DEUTSCHE-BROKER,EQ-CORE-02,BOOKED,2026-08-03,BUY,4124.26,2000,2026-08-02,DEUTSCHE-BROKER,RECEIVED,TEST
TRD100948,2026-08-12,TATASTEEL,INE100948,TATASTEEL,2000,171.89,343780.0,HDFC-CUST,EQ-INDEX-04,BOOKED,2026-08-13,BUY,,,,,MISSING,TEST
TRD100949,2026-08-07,KOTAKBANK,INE100949,KOTAKBANK,1000,1965.0,1965000.0,KOTAK-CUST,EQ-CORE-02,BOOKED,2026-08-08,BUY,1965.0,1000,2026-08-07,KOTAK-CUST,RECEIVED,TRAIN
TRD100950,2026-08-04,WIPRO,INE100950,WIPRO,100,609.01,60901.0,DEUTSCHE-BROKER,EQ-INDEX-04,BOOKED,2026-08-05,SELL,609.01,100,2026-08-04,DEUTSCHE-BROKER,RECEIVED,TEST
TRD100951,2026-08-10,INFY,INE100951,INFY,1000,1885.0,1885000.0,MORGANSTANLEY-BROKER,EQ-CORE-02,BOOKED,2026-08-11,BUY,1885.0,1000,2026-08-10,MORGANSTANLEY-BROKER,RECEIVED,TRAIN
TRD100952,2026-08-17,AXISBANK,INE100952,AXISBANK,500,1175.37,587685.0,DEUTSCHE-BROKER,EQ-CORE-02,BOOKED,2026-08-18,SELL,1175.37,500,2026-08-17,DEUTSCHE-BROKER,RECEIVED,TRAIN
TRD100953,2026-08-14,MARUTI,INE100953,MARUTI,2000,12951.34,25902680.0,NOMURA-BROKER,EQ-CORE-02,BOOKED,2026-08-15,BUY,12753.45,2000,2026-08-14,NOMURA-BROKER,RECEIVED,TRAIN
TRD100954,2026-08-19,SBIN,INE100954,SBIN,1500,846.27,1269405.0,HDFC-CUST,EQ-CORE-01,BOOKED,2026-08-20,SELL,846.27,1500,2026-08-19,ICICI-CUST,RECEIVED,TEST
TRD100955,2026-08-17,RELIANCE,INE100955,RELIANCE,100,2864.5,286450.0,ICICI-CUST,EQ-INDEX-04,BOOKED,2026-08-18,SELL,2864.5,100,2026-08-17,ICICI-CUST,RECEIVED,TRAIN
TRD100956,2026-08-08,ITC,INE100956,ITC,200,468.68,93736.0,ICICI-CUST,EQ-CORE-01,BOOKED,2026-08-09,SELL,475.52,125,2026-08-08,ICICI-CUST,RECEIVED,TRAIN
TRD100957,2026-08-08,HDFCBANK,INE100957,HDFCBANK,250,1672.83,418207.5,NOMURA-BROKER,EQ-CORE-01,BOOKED,2026-08-09,BUY,1672.83,250,2026-08-08,NOMURA-BROKER,RECEIVED,TRAIN
TRD100958,2026-08-15,ITC,INE100958,ITC,750,467.31,350482.5,MORGANSTANLEY-BROKER,EQ-CORE-01,BOOKED,2026-08-16,SELL,467.31,750,2026-08-15,MORGANSTANLEY-BROKER,RECEIVED,TRAIN
TRD100959,2026-08-13,ITC,INE100959,ITC,250,470.65,117662.5,HDFC-CUST,EQ-ALPHA-03,BOOKED,2026-08-14,SELL,470.65,250,2026-08-13,HDFC-CUST,RECEIVED,TEST
TRD100960,2026-08-03,WIPRO,INE100960,WIPRO,100,612.55,61255.0,DEUTSCHE-BROKER,EQ-ALPHA-03,BOOKED,2026-08-04,BUY,612.55,100,2026-08-03,DEUTSCHE-BROKER,RECEIVED,TRAIN
TRD100961,2026-08-20,ICICIBANK,INE100961,ICICIBANK,1500,1243.94,1865910.0,MORGANSTANLEY-BROKER,EQ-CORE-02,BOOKED,2026-08-21,BUY,1243.94,1500,2026-08-20,MORGANSTANLEY-BROKER,RECEIVED,TRAIN
TRD100962,2026-08-02,AXISBANK,INE100962,AXISBANK,1000,1183.03,1183030.0,MORGANSTANLEY-BROKER,EQ-ALPHA-03,BOOKED,2026-08-03,BUY,1183.03,1000,2026-08-02,MORGANSTANLEY-BROKER,RECEIVED,TEST
TRD100963,2026-08-20,TCS,INE100963,TCS,1500,4115.21,6172815.0,ICICI-CUST,EQ-ALPHA-03,BOOKED,2026-08-21,SELL,4115.21,1500,2026-08-20,ICICI-CUST,RECEIVED,TEST
TRD100964,2026-08-07,INFY,INE100964,INFY,200,1891.45,378290.0,HDFC-CUST,EQ-ALPHA-03,BOOKED,2026-08-08,BUY,1891.45,200,2026-08-07,HDFC-CUST,RECEIVED,TRAIN
TRD100965,2026-08-19,LT,INE100965,LT,200,3685.63,737126.0,NOMURA-BROKER,EQ-CORE-02,BOOKED,2026-08-20,BUY,,,,,MISSING,TRAIN
TRD100966,2026-08-17,SBIN,INE100966,SBIN,1000,848.96,848960.0,NOMURA-BROKER,EQ-INDEX-04,BOOKED,2026-08-18,SELL,848.96,1000,2026-08-17,NOMURA-BROKER,RECEIVED,TRAIN
TRD100967,2026-08-15,RELIANCE,INE100967,RELIANCE,200,2846.87,569374.0,DEUTSCHE-BROKER,EQ-CORE-01,BOOKED,2026-08-16,SELL,2846.87,200,2026-08-15,DEUTSCHE-BROKER,RECEIVED,TRAIN
TRD100968,2026-08-12,WIPRO,INE100968,WIPRO,750,610.06,457545.0,NOMURA-BROKER,EQ-CORE-01,BOOKED,2026-08-13,BUY,600.74,750,2026-08-12,NOMURA-BROKER,RECEIVED,TRAIN
TRD100969,2026-08-13,TATASTEEL,INE100969,TATASTEEL,2000,171.74,343480.0,HDFC-CUST,EQ-ALPHA-03,BOOKED,2026-08-14,BUY,171.74,2000,2026-08-13,HDFC-CUST,RECEIVED,TRAIN
TRD100970,2026-08-05,TCS,INE100970,TCS,250,4111.52,1027880.0,DEUTSCHE-BROKER,EQ-CORE-02,BOOKED,2026-08-06,BUY,4111.52,250,2026-08-05,DEUTSCHE-BROKER,RECEIVED,TRAIN
TRD100971,2026-08-18,LT,INE100971,LT,100,3672.54,367254.0,HDFC-CUST,EQ-INDEX-04,BOOKED,2026-08-19,SELL,,,,,MISSING,TRAIN
TRD100972,2026-08-01,BHARTIARTL,INE100972,BHARTIARTL,2000,1694.42,3388840.0,KOTAK-CUST,EQ-CORE-02,BOOKED,2026-08-02,BUY,1694.42,2000,2026-08-01,KOTAK-CUST,RECEIVED,TRAIN
TRD100973,2026-08-17,RELIANCE,INE100973,RELIANCE,500,2860.05,1430025.0,NOMURA-BROKER,EQ-ALPHA-03,BOOKED,2026-08-18,SELL,2860.05,500,2026-08-17,NOMURA-BROKER,RECEIVED,TRAIN
TRD100974,2026-08-11,AXISBANK,INE100974,AXISBANK,1000,1182.09,1182090.0,DEUTSCHE-BROKER,EQ-INDEX-04,BOOKED,2026-08-12,SELL,1182.09,1000,2026-08-11,DEUTSCHE-BROKER,RECEIVED,TEST
TRD100975,2026-08-10,ICICIBANK,INE100975,ICICIBANK,250,1245.74,311435.0,HDFC-CUST,EQ-ALPHA-03,BOOKED,2026-08-11,BUY,1264.96,175,2026-08-10,HDFC-CUST,RECEIVED,TRAIN
TRD100976,2026-08-02,ITC,INE100976,ITC,1000,471.11,471110.0,HDFC-CUST,EQ-ALPHA-03,BOOKED,2026-08-03,SELL,471.11,1000,2026-08-02,HDFC-CUST,RECEIVED,TRAIN
TRD100977,2026-08-06,ITC,INE100977,ITC,250,469.46,117365.0,NOMURA-BROKER,EQ-ALPHA-03,BOOKED,2026-08-07,BUY,469.46,250,2026-08-06,NOMURA-BROKER,RECEIVED,TRAIN
TRD100978,2026-08-04,INFY,INE100978,INFY,250,1883.9,470975.0,ICICI-CUST,EQ-ALPHA-03,BOOKED,2026-08-05,BUY,1883.9,250,2026-08-04,ICICI-CUST,RECEIVED,TRAIN
TRD100979,2026-08-07,ITC,INE100979,ITC,750,468.29,351217.5,MORGANSTANLEY-BROKER,EQ-CORE-01,BOOKED,2026-08-08,SELL,468.29,750,2026-08-07,MORGANSTANLEY-BROKER,RECEIVED,TRAIN
TRD100980,2026-08-18,SBIN,INE100980,SBIN,250,844.53,211132.5,HDFC-CUST,EQ-ALPHA-03,BOOKED,2026-08-19,BUY,,,,,MISSING,TRAIN
TRD100981,2026-08-16,TATASTEEL,INE100981,TATASTEEL,100,172.29,17229.0,HDFC-CUST,EQ-INDEX-04,BOOKED,2026-08-17,SELL,172.29,100,2026-08-16,HDFC-CUST,RECEIVED,TEST
TRD100982,2026-08-18,INFY,INE100982,INFY,100,1899.19,189919.0,MORGANSTANLEY-BROKER,EQ-ALPHA-03,BOOKED,2026-08-19,SELL,1899.19,100,2026-08-18,MORGANSTANLEY-BROKER,RECEIVED,TRAIN
TRD100983,2026-08-19,ITC,INE100983,ITC,750,471.1,353325.0,NOMURA-BROKER,EQ-CORE-02,BOOKED,2026-08-20,SELL,471.1,750,2026-08-19,NOMURA-BROKER,RECEIVED,TRAIN
TRD100984,2026-08-02,SBIN,INE100984,SBIN,200,847.56,169512.0,HDFC-CUST,EQ-CORE-01,BOOKED,2026-08-03,SELL,847.56,200,2026-08-02,HDFC-CUST,RECEIVED,TRAIN
TRD100985,2026-08-08,RELIANCE,INE100985,RELIANCE,1500,2853.85,4280775.0,DEUTSCHE-BROKER,EQ-ALPHA-03,BOOKED,2026-08-09,BUY,2853.85,1500,2026-08-08,DEUTSCHE-BROKER,RECEIVED,TRAIN
TRD100986,2026-08-07,SBIN,INE100986,SBIN,100,846.51,84651.0,MORGANSTANLEY-BROKER,EQ-CORE-02,BOOKED,2026-08-08,SELL,846.51,100,2026-08-07,MORGANSTANLEY-BROKER,RECEIVED,TEST
TRD100987,2026-08-15,HDFCBANK,INE100987,HDFCBANK,100,1668.22,166822.0,NOMURA-BROKER,EQ-CORE-01,BOOKED,2026-08-16,SELL,1668.22,100,2026-08-15,NOMURA-BROKER,RECEIVED,TRAIN
TRD100988,2026-08-20,HDFCBANK,INE100988,HDFCBANK,2000,1672.15,3344300.0,MORGANSTANLEY-BROKER,EQ-CORE-01,BOOKED,2026-08-21,SELL,1672.15,2000,2026-08-20,MORGANSTANLEY-BROKER,RECEIVED,TEST
TRD100989,2026-08-14,BHARTIARTL,INE100989,BHARTIARTL,250,1694.05,423512.5,KOTAK-CUST,EQ-INDEX-04,BOOKED,2026-08-15,SELL,1694.05,250,2026-08-14,KOTAK-CUST,RECEIVED,TRAIN
TRD100990,2026-08-10,RELIANCE,INE100990,RELIANCE,750,2846.08,2134560.0,DEUTSCHE-BROKER,EQ-CORE-01,BOOKED,2026-08-11,BUY,2846.08,750,2026-08-10,DEUTSCHE-BROKER,RECEIVED,TRAIN
TRD100991,2026-08-14,WIPRO,INE100991,WIPRO,2000,611.82,1223640.0,DEUTSCHE-BROKER,EQ-ALPHA-03,BOOKED,2026-08-15,BUY,611.82,2000,2026-08-14,DEUTSCHE-BROKER,RECEIVED,TRAIN
TRD100992,2026-08-14,HINDUNILVR,INE100992,HINDUNILVR,1500,2751.88,4127820.0,HDFC-CUST,EQ-CORE-01,BOOKED,2026-08-15,BUY,2751.88,1500,2026-08-14,HDFC-CUST,RECEIVED,TRAIN
TRD100993,2026-08-17,HDFCBANK,INE100993,HDFCBANK,750,1674.77,1256077.5,KOTAK-CUST,EQ-CORE-01,BOOKED,2026-08-18,SELL,1674.77,750,2026-08-17,KOTAK-CUST,RECEIVED,TRAIN
TRD100994,2026-08-09,TCS,INE100994,TCS,100,4117.02,411702.0,DEUTSCHE-BROKER,EQ-CORE-02,BOOKED,2026-08-10,SELL,4117.02,100,2026-08-09,DEUTSCHE-BROKER,RECEIVED,TRAIN
TRD100995,2026-08-13,WIPRO,INE100995,WIPRO,250,608.51,152127.5,KOTAK-CUST,EQ-INDEX-04,BOOKED,2026-08-14,BUY,608.51,250,2026-08-13,KOTAK-CUST,RECEIVED,TEST
TRD100996,2026-08-10,MARUTI,INE100996,MARUTI,750,13023.43,9767572.5,DEUTSCHE-BROKER,EQ-INDEX-04,BOOKED,2026-08-11,BUY,13023.43,750,2026-08-10,DEUTSCHE-BROKER,RECEIVED,TRAIN
TRD100997,2026-08-10,RELIANCE,INE100997,RELIANCE,100,2840.64,284064.0,NOMURA-BROKER,EQ-INDEX-04,BOOKED,2026-08-11,BUY,2840.64,100,2026-08-10,NOMURA-BROKER,RECEIVED,TRAIN
TRD100998,2026-08-16,KOTAKBANK,INE100998,KOTAKBANK,750,1954.08,1465560.0,NOMURA-BROKER,EQ-CORE-02,BOOKED,2026-08-17,BUY,1954.08,750,2026-08-16,NOMURA-BROKER,RECEIVED,TRAIN
TRD100999,2026-08-03,TCS,INE100999,TCS,750,4120.46,3090345.0,MORGANSTANLEY-BROKER,EQ-ALPHA-03,BOOKED,2026-08-04,SELL,4120.46,750,2026-08-03,MORGANSTANLEY-BROKER,RECEIVED,TEST
TRD101000,2026-08-21,AXISBANK,INE101000,AXISBANK,1500,1184.6,1776900.0,NOMURA-BROKER,EQ-INDEX-04,BOOKED,2026-08-22,BUY,1184.6,1500,2026-08-21,NOMURA-BROKER,RECEIVED,TEST
TRD101001,2026-08-06,SBIN,INE101001,SBIN,100,848.52,84852.0,MORGANSTANLEY-BROKER,EQ-CORE-01,BOOKED,2026-08-07,BUY,,,,,MISSING,TRAIN
TRD101002,2026-08-05,SBIN,INE101002,SBIN,2000,848.8,1697600.0,KOTAK-CUST,EQ-CORE-02,BOOKED,2026-08-06,BUY,848.8,2000,2026-08-05,KOTAK-CUST,RECEIVED,TRAIN
TRD101003,2026-08-12,ICICIBANK,INE101003,ICICIBANK,1000,1239.8,1239800.0,ICICI-CUST,EQ-ALPHA-03,BOOKED,2026-08-13,SELL,1239.8,1000,2026-08-12,ICICI-CUST,RECEIVED,TRAIN
TRD101004,2026-08-21,LT,INE101004,LT,200,3680.66,736132.0,HDFC-CUST,EQ-CORE-01,BOOKED,2026-08-22,BUY,3680.66,200,2026-08-21,HDFC-CUST,RECEIVED,TRAIN
TRD101005,2026-08-10,LT,INE101005,LT,1000,3693.86,3693860.0,KOTAK-CUST,EQ-ALPHA-03,BOOKED,2026-08-11,BUY,3693.86,1000,2026-08-10,KOTAK-CUST,RECEIVED,TRAIN
TRD101006,2026-08-01,LT,INE101006,LT,1000,3692.05,3692050.0,HDFC-CUST,EQ-ALPHA-03,BOOKED,2026-08-02,SELL,3692.05,1000,2026-08-01,HDFC-CUST,RECEIVED,TRAIN
TRD101007,2026-08-06,HINDUNILVR,INE101007,HINDUNILVR,2000,2743.18,5486360.0,ICICI-CUST,EQ-CORE-02,BOOKED,2026-08-07,BUY,2743.18,2000,2026-08-06,ICICI-CUST,RECEIVED,TRAIN
TRD101008,2026-08-18,LT,INE101008,LT,500,3692.35,1846175.0,MORGANSTANLEY-BROKER,EQ-CORE-01,BOOKED,2026-08-19,SELL,3692.35,500,2026-08-18,MORGANSTANLEY-BROKER,RECEIVED,TRAIN
TRD101009,2026-08-05,ITC,INE101009,ITC,200,467.1,93420.0,ICICI-CUST,EQ-INDEX-04,BOOKED,2026-08-06,SELL,467.1,200,2026-08-05,ICICI-CUST,RECEIVED,TRAIN
TRD101010,2026-08-15,ICICIBANK,INE101010,ICICIBANK,1000,1236.32,1236320.0,MORGANSTANLEY-BROKER,EQ-ALPHA-03,BOOKED,2026-08-16,BUY,1236.32,1000,2026-08-15,MORGANSTANLEY-BROKER,RECEIVED,TRAIN
TRD101011,2026-08-04,WIPRO,INE101011,WIPRO,750,607.47,455602.5,HDFC-CUST,EQ-CORE-02,BOOKED,2026-08-05,BUY,607.47,750,2026-08-04,HDFC-CUST,RECEIVED,TRAIN
TRD101012,2026-08-07,WIPRO,INE101012,WIPRO,500,609.17,304585.0,HDFC-CUST,EQ-CORE-01,BOOKED,2026-08-08,SELL,,,,,MISSING,TRAIN
TRD101013,2026-08-16,WIPRO,INE101013,WIPRO,200,607.77,121554.0,DEUTSCHE-BROKER,EQ-CORE-01,BOOKED,2026-08-17,BUY,607.77,200,2026-08-17,DEUTSCHE-BROKER,RECEIVED,TRAIN
TRD101014,2026-08-17,TCS,INE101014,TCS,100,4132.83,413283.0,MORGANSTANLEY-BROKER,EQ-CORE-01,BOOKED,2026-08-18,SELL,4132.83,100,2026-08-17,MORGANSTANLEY-BROKER,RECEIVED,TRAIN
TRD101015,2026-08-10,TCS,INE101015,TCS,750,4101.93,3076447.5,NOMURA-BROKER,EQ-CORE-01,BOOKED,2026-08-11,BUY,4101.93,750,2026-08-10,NOMURA-BROKER,RECEIVED,TRAIN
TRD101016,2026-08-07,HINDUNILVR,INE101016,HINDUNILVR,200,2757.13,551426.0,MORGANSTANLEY-BROKER,EQ-CORE-02,BOOKED,2026-08-08,BUY,2757.13,200,2026-08-07,MORGANSTANLEY-BROKER,RECEIVED,TRAIN
TRD101017,2026-08-05,KOTAKBANK,INE101017,KOTAKBANK,1000,1946.49,1946490.0,NOMURA-BROKER,EQ-ALPHA-03,BOOKED,2026-08-06,SELL,1946.49,1000,2026-08-05,NOMURA-BROKER,RECEIVED,TRAIN
TRD101018,2026-08-20,SBIN,INE101018,SBIN,250,848.6,212150.0,HDFC-CUST,EQ-CORE-01,BOOKED,2026-08-21,BUY,848.6,250,2026-08-20,HDFC-CUST,RECEIVED,TRAIN
TRD101019,2026-08-07,MARUTI,INE101019,MARUTI,100,12983.74,1298374.0,KOTAK-CUST,EQ-CORE-02,BOOKED,2026-08-08,BUY,12983.74,100,2026-08-07,KOTAK-CUST,RECEIVED,TRAIN
TRD101020,2026-08-17,WIPRO,INE101020,WIPRO,200,612.94,122588.0,NOMURA-BROKER,EQ-INDEX-04,BOOKED,2026-08-18,SELL,612.94,200,2026-08-17,NOMURA-BROKER,RECEIVED,TRAIN
TRD101021,2026-08-04,WIPRO,INE101021,WIPRO,250,609.98,152495.0,HDFC-CUST,EQ-ALPHA-03,BOOKED,2026-08-05,SELL,609.98,450,2026-08-04,HDFC-CUST,RECEIVED,TRAIN
TRD101022,2026-08-14,BHARTIARTL,INE101022,BHARTIARTL,500,1690.64,845320.0,ICICI-CUST,EQ-ALPHA-03,BOOKED,2026-08-15,BUY,1690.64,500,2026-08-14,ICICI-CUST,RECEIVED,TRAIN
TRD101023,2026-08-16,ITC,INE101023,ITC,200,468.99,93798.0,KOTAK-CUST,EQ-ALPHA-03,BOOKED,2026-08-17,BUY,468.99,200,2026-08-16,KOTAK-CUST,RECEIVED,TRAIN
TRD101024,2026-08-13,TCS,INE101024,TCS,1000,4120.49,4120490.0,KOTAK-CUST,EQ-INDEX-04,BOOKED,2026-08-14,SELL,4120.49,1000,2026-08-13,KOTAK-CUST,RECEIVED,TRAIN
TRD101025,2026-08-14,KOTAKBANK,INE101025,KOTAKBANK,2000,1950.34,3900680.0,KOTAK-CUST,EQ-INDEX-04,BOOKED,2026-08-15,BUY,1950.34,2000,2026-08-14,KOTAK-CUST,RECEIVED,TEST
TRD101026,2026-08-16,MARUTI,INE101026,MARUTI,200,13031.24,2606248.0,NOMURA-BROKER,EQ-ALPHA-03,BOOKED,2026-08-17,BUY,13031.24,200,2026-08-16,NOMURA-BROKER,RECEIVED,TRAIN
TRD101027,2026-08-13,RELIANCE,INE101027,RELIANCE,2000,2855.41,5710820.0,DEUTSCHE-BROKER,EQ-CORE-01,BOOKED,2026-08-14,BUY,2855.41,2000,2026-08-13,DEUTSCHE-BROKER,RECEIVED,TRAIN
TRD101028,2026-08-19,INFY,INE101028,INFY,1500,1888.42,2832630.0,ICICI-CUST,EQ-CORE-02,BOOKED,2026-08-20,BUY,1888.42,1500,2026-08-19,ICICI-CUST,RECEIVED,TRAIN
TRD101029,2026-08-20,SBIN,INE101029,SBIN,500,844.24,422120.0,DEUTSCHE-BROKER,EQ-CORE-01,BOOKED,2026-08-21,BUY,844.24,500,2026-08-20,KOTAK-CUST,RECEIVED,TRAIN
TRD101030,2026-08-09,MARUTI,INE101030,MARUTI,1500,13009.23,19513845.0,NOMURA-BROKER,EQ-ALPHA-03,BOOKED,2026-08-10,SELL,13009.23,1500,2026-08-09,NOMURA-BROKER,RECEIVED,TRAIN
TRD101031,2026-08-13,SBIN,INE101031,SBIN,2000,847.01,1694020.0,DEUTSCHE-BROKER,EQ-ALPHA-03,BOOKED,2026-08-14,BUY,847.01,2000,2026-08-13,DEUTSCHE-BROKER,RECEIVED,TRAIN
TRD101032,2026-08-09,HINDUNILVR,INE101032,HINDUNILVR,2000,2734.84,5469680.0,DEUTSCHE-BROKER,EQ-INDEX-04,BOOKED,2026-08-10,BUY,2734.84,2000,2026-08-09,DEUTSCHE-BROKER,RECEIVED,TRAIN
TRD101033,2026-08-02,KOTAKBANK,INE101033,KOTAKBANK,250,1946.5,486625.0,ICICI-CUST,EQ-INDEX-04,BOOKED,2026-08-03,BUY,1946.5,250,2026-08-02,ICICI-CUST,RECEIVED,TRAIN
TRD101034,2026-08-11,INFY,INE101034,INFY,1500,1892.28,2838420.0,HDFC-CUST,EQ-ALPHA-03,BOOKED,2026-08-12,BUY,1892.28,1500,2026-08-11,HDFC-CUST,RECEIVED,TRAIN
TRD101035,2026-08-17,HINDUNILVR,INE101035,HINDUNILVR,200,2750.02,550004.0,DEUTSCHE-BROKER,EQ-INDEX-04,BOOKED,2026-08-18,BUY,2750.02,200,2026-08-17,DEUTSCHE-BROKER,RECEIVED,TRAIN
TRD101036,2026-08-09,ICICIBANK,INE101036,ICICIBANK,2000,1240.68,2481360.0,MORGANSTANLEY-BROKER,EQ-ALPHA-03,BOOKED,2026-08-10,BUY,1240.68,2000,2026-08-09,MORGANSTANLEY-BROKER,RECEIVED,TRAIN
TRD101037,2026-08-04,HINDUNILVR,INE101037,HINDUNILVR,100,2759.07,275907.0,DEUTSCHE-BROKER,EQ-INDEX-04,BOOKED,2026-08-05,SELL,2759.07,100,2026-08-04,DEUTSCHE-BROKER,RECEIVED,TRAIN
TRD101038,2026-08-02,MARUTI,INE101038,MARUTI,1500,12972.54,19458810.0,ICICI-CUST,EQ-CORE-02,BOOKED,2026-08-03,SELL,12972.54,1500,2026-08-02,ICICI-CUST,RECEIVED,TEST
TRD101039,2026-08-05,TATASTEEL,INE101039,TATASTEEL,250,172.44,43110.0,KOTAK-CUST,EQ-INDEX-04,BOOKED,2026-08-06,SELL,172.44,250,2026-08-05,KOTAK-CUST,RECEIVED,TRAIN
TRD101040,2026-08-16,HINDUNILVR,INE101040,HINDUNILVR,200,2747.49,549498.0,NOMURA-BROKER,EQ-INDEX-04,BOOKED,2026-08-17,SELL,2747.49,200,2026-08-16,NOMURA-BROKER,RECEIVED,TRAIN
TRD101041,2026-08-13,LT,INE101041,LT,250,3680.4,920100.0,KOTAK-CUST,EQ-INDEX-04,BOOKED,2026-08-14,SELL,3680.4,250,2026-08-13,KOTAK-CUST,RECEIVED,TRAIN
TRD101042,2026-08-10,AXISBANK,INE101042,AXISBANK,1000,1183.4,1183400.0,KOTAK-CUST,EQ-CORE-01,BOOKED,2026-08-11,BUY,1183.4,1000,2026-08-10,KOTAK-CUST,RECEIVED,TRAIN
TRD101043,2026-08-12,AXISBANK,INE101043,AXISBANK,100,1175.86,117586.0,KOTAK-CUST,EQ-CORE-01,BOOKED,2026-08-13,SELL,1175.86,100,2026-08-12,KOTAK-CUST,RECEIVED,TRAIN
TRD101044,2026-08-12,BHARTIARTL,INE101044,BHARTIARTL,200,1689.19,337838.0,DEUTSCHE-BROKER,EQ-ALPHA-03,BOOKED,2026-08-13,BUY,1689.19,200,2026-08-12,DEUTSCHE-BROKER,RECEIVED,TRAIN
TRD101045,2026-08-21,KOTAKBANK,INE101045,KOTAKBANK,500,1950.76,975380.0,KOTAK-CUST,EQ-CORE-01,BOOKED,2026-08-22,BUY,1950.76,500,2026-08-21,KOTAK-CUST,RECEIVED,TRAIN
TRD101046,2026-08-06,MARUTI,INE101046,MARUTI,750,12929.96,9697470.0,ICICI-CUST,EQ-ALPHA-03,BOOKED,2026-08-07,BUY,12929.96,750,2026-08-06,ICICI-CUST,RECEIVED,TRAIN
TRD101047,2026-08-14,ITC,INE101047,ITC,1500,469.22,703830.0,KOTAK-CUST,EQ-CORE-01,BOOKED,2026-08-15,SELL,469.22,1500,2026-08-14,KOTAK-CUST,RECEIVED,TRAIN
TRD101048,2026-08-13,AXISBANK,INE101048,AXISBANK,100,1185.98,118598.0,MORGANSTANLEY-BROKER,EQ-INDEX-04,BOOKED,2026-08-14,SELL,1185.98,100,2026-08-13,MORGANSTANLEY-BROKER,RECEIVED,TRAIN
TRD101049,2026-08-04,AXISBANK,INE101049,AXISBANK,200,1183.89,236778.0,NOMURA-BROKER,EQ-CORE-02,BOOKED,2026-08-05,SELL,1183.89,200,2026-08-04,NOMURA-BROKER,RECEIVED,TRAIN
TRD101050,2026-08-10,ITC,INE101050,ITC,1000,467.34,467340.0,KOTAK-CUST,EQ-INDEX-04,BOOKED,2026-08-11,BUY,467.34,1000,2026-08-10,KOTAK-CUST,RECEIVED,TRAIN
TRD101051,2026-08-18,ITC,INE101051,ITC,200,470.5,94100.0,HDFC-CUST,EQ-ALPHA-03,BOOKED,2026-08-19,SELL,470.5,200,2026-08-18,HDFC-CUST,RECEIVED,TEST
TRD101052,2026-08-13,RELIANCE,INE101052,RELIANCE,750,2864.64,2148480.0,HDFC-CUST,EQ-CORE-01,BOOKED,2026-08-14,BUY,2864.64,750,2026-08-13,HDFC-CUST,RECEIVED,TRAIN
TRD101053,2026-08-19,AXISBANK,INE101053,AXISBANK,1000,1177.58,1177580.0,MORGANSTANLEY-BROKER,EQ-INDEX-04,BOOKED,2026-08-20,SELL,1177.58,1000,2026-08-19,MORGANSTANLEY-BROKER,RECEIVED,TRAIN
TRD101054,2026-08-21,HDFCBANK,INE101054,HDFCBANK,1000,1680.15,1680150.0,KOTAK-CUST,EQ-ALPHA-03,BOOKED,2026-08-22,SELL,1680.15,1000,2026-08-21,HDFC-CUST,RECEIVED,TRAIN
TRD101055,2026-08-13,KOTAKBANK,INE101055,KOTAKBANK,1000,1949.83,1949830.0,KOTAK-CUST,EQ-INDEX-04,BOOKED,2026-08-14,BUY,1949.83,1000,2026-08-13,KOTAK-CUST,RECEIVED,TEST
TRD101056,2026-08-17,TATASTEEL,INE101056,TATASTEEL,100,172.67,17267.0,HDFC-CUST,EQ-INDEX-04,BOOKED,2026-08-18,BUY,172.67,100,2026-08-17,HDFC-CUST,RECEIVED,TRAIN
TRD101057,2026-08-21,KOTAKBANK,INE101057,KOTAKBANK,2000,1951.16,3902320.0,MORGANSTANLEY-BROKER,EQ-INDEX-04,BOOKED,2026-08-22,BUY,1951.16,2000,2026-08-21,MORGANSTANLEY-BROKER,RECEIVED,TEST
TRD101058,2026-08-05,LT,INE101058,LT,500,3675.16,1837580.0,HDFC-CUST,EQ-CORE-02,BOOKED,2026-08-06,SELL,3675.16,500,2026-08-05,HDFC-CUST,RECEIVED,TRAIN
TRD101059,2026-08-03,MARUTI,INE101059,MARUTI,1500,12968.35,19452525.0,NOMURA-BROKER,EQ-CORE-02,BOOKED,2026-08-04,SELL,12968.35,1500,2026-08-03,NOMURA-BROKER,RECEIVED,TRAIN
TRD101060,2026-08-09,ICICIBANK,INE101060,ICICIBANK,750,1242.61,931957.5,NOMURA-BROKER,EQ-CORE-02,BOOKED,2026-08-10,SELL,1242.61,750,2026-08-09,NOMURA-BROKER,RECEIVED,TEST
TRD101061,2026-08-01,HDFCBANK,INE101061,HDFCBANK,200,1669.34,333868.0,HDFC-CUST,EQ-ALPHA-03,BOOKED,2026-08-02,SELL,1669.34,200,2026-08-01,HDFC-CUST,RECEIVED,TRAIN
TRD101062,2026-08-02,ITC,INE101062,ITC,1500,468.53,702795.0,HDFC-CUST,EQ-CORE-02,BOOKED,2026-08-03,SELL,468.53,1500,2026-08-02,HDFC-CUST,RECEIVED,TRAIN
TRD101063,2026-08-09,INFY,INE101063,INFY,100,1885.73,188573.0,NOMURA-BROKER,EQ-CORE-02,BOOKED,2026-08-10,BUY,1885.73,100,2026-08-09,NOMURA-BROKER,RECEIVED,TRAIN
TRD101064,2026-08-02,WIPRO,INE101064,WIPRO,2000,612.07,1224140.0,ICICI-CUST,EQ-ALPHA-03,BOOKED,2026-08-03,SELL,612.07,2000,2026-08-03,ICICI-CUST,RECEIVED,TRAIN
TRD101065,2026-08-14,MARUTI,INE101065,MARUTI,200,13031.99,2606398.0,KOTAK-CUST,EQ-CORE-01,BOOKED,2026-08-15,SELL,13031.99,200,2026-08-14,KOTAK-CUST,RECEIVED,TEST
TRD101066,2026-08-19,MARUTI,INE101066,MARUTI,250,12945.74,3236435.0,NOMURA-BROKER,EQ-CORE-01,BOOKED,2026-08-20,SELL,12945.74,250,2026-08-20,NOMURA-BROKER,RECEIVED,TEST
TRD101067,2026-08-04,ITC,INE101067,ITC,200,467.67,93534.0,KOTAK-CUST,EQ-ALPHA-03,BOOKED,2026-08-05,SELL,467.67,200,2026-08-04,KOTAK-CUST,RECEIVED,TRAIN
TRD101068,2026-08-07,HINDUNILVR,INE101068,HINDUNILVR,500,2757.56,1378780.0,HDFC-CUST,EQ-CORE-01,BOOKED,2026-08-08,BUY,2757.56,500,2026-08-07,HDFC-CUST,RECEIVED,TRAIN
TRD101069,2026-08-09,HDFCBANK,INE101069,HDFCBANK,750,1674.19,1255642.5,MORGANSTANLEY-BROKER,EQ-CORE-01,BOOKED,2026-08-10,SELL,1674.19,650,2026-08-09,MORGANSTANLEY-BROKER,RECEIVED,TRAIN
TRD101070,2026-08-04,LT,INE101070,LT,1000,3687.5,3687500.0,KOTAK-CUST,EQ-INDEX-04,BOOKED,2026-08-05,SELL,3687.5,1000,2026-08-04,KOTAK-CUST,RECEIVED,TRAIN
TRD101071,2026-08-05,KOTAKBANK,INE101071,KOTAKBANK,500,1964.76,982380.0,KOTAK-CUST,EQ-INDEX-04,BOOKED,2026-08-06,SELL,1964.76,500,2026-08-05,KOTAK-CUST,RECEIVED,TEST
TRD101072,2026-08-20,MARUTI,INE101072,MARUTI,750,12917.84,9688380.0,ICICI-CUST,EQ-CORE-01,BOOKED,2026-08-21,BUY,12917.84,750,2026-08-20,ICICI-CUST,RECEIVED,TRAIN
TRD101073,2026-08-12,ICICIBANK,INE101073,ICICIBANK,1500,1238.43,1857645.0,NOMURA-BROKER,EQ-CORE-01,BOOKED,2026-08-13,BUY,1238.43,1500,2026-08-12,NOMURA-BROKER,RECEIVED,TRAIN
TRD101074,2026-08-13,MARUTI,INE101074,MARUTI,2000,12965.52,25931040.0,KOTAK-CUST,EQ-ALPHA-03,BOOKED,2026-08-14,BUY,12965.52,2000,2026-08-13,KOTAK-CUST,RECEIVED,TRAIN
TRD101075,2026-08-06,TATASTEEL,INE101075,TATASTEEL,500,172.1,86050.0,DEUTSCHE-BROKER,EQ-ALPHA-03,BOOKED,2026-08-07,SELL,172.1,500,2026-08-06,DEUTSCHE-BROKER,RECEIVED,TRAIN
TRD101076,2026-08-03,HINDUNILVR,INE101076,HINDUNILVR,100,2739.4,273940.0,DEUTSCHE-BROKER,EQ-INDEX-04,BOOKED,2026-08-04,SELL,2739.4,100,2026-08-03,DEUTSCHE-BROKER,RECEIVED,TRAIN
TRD101077,2026-08-04,TATASTEEL,INE101077,TATASTEEL,1000,172.82,172820.0,HDFC-CUST,EQ-ALPHA-03,BOOKED,2026-08-05,BUY,172.82,1000,2026-08-04,HDFC-CUST,RECEIVED,TEST
TRD101078,2026-08-18,SBIN,INE101078,SBIN,1500,846.46,1269690.0,NOMURA-BROKER,EQ-ALPHA-03,BOOKED,2026-08-19,SELL,846.46,1500,2026-08-18,NOMURA-BROKER,RECEIVED,TEST
TRD101079,2026-08-21,WIPRO,INE101079,WIPRO,100,611.95,61195.0,NOMURA-BROKER,EQ-CORE-02,BOOKED,2026-08-22,SELL,611.95,100,2026-08-21,NOMURA-BROKER,RECEIVED,TRAIN
TRD101080,2026-08-07,HINDUNILVR,INE101080,HINDUNILVR,250,2731.96,682990.0,NOMURA-BROKER,EQ-ALPHA-03,BOOKED,2026-08-08,SELL,2731.96,250,2026-08-07,NOMURA-BROKER,RECEIVED,TRAIN
TRD101081,2026-08-08,AXISBANK,INE101081,AXISBANK,200,1175.66,235132.0,MORGANSTANLEY-BROKER,EQ-CORE-02,BOOKED,2026-08-09,SELL,1175.66,200,2026-08-08,MORGANSTANLEY-BROKER,RECEIVED,TRAIN
TRD101082,2026-08-05,HINDUNILVR,INE101082,HINDUNILVR,1000,2744.27,2744270.0,KOTAK-CUST,EQ-CORE-02,BOOKED,2026-08-06,SELL,2744.27,1000,2026-08-05,KOTAK-CUST,RECEIVED,TRAIN
TRD101083,2026-08-14,HINDUNILVR,INE101083,HINDUNILVR,750,2737.33,2052997.5,KOTAK-CUST,EQ-CORE-02,BOOKED,2026-08-15,SELL,2737.33,750,2026-08-14,KOTAK-CUST,RECEIVED,TEST
TRD101084,2026-08-19,TATASTEEL,INE101084,TATASTEEL,1500,173.22,259830.0,HDFC-CUST,EQ-CORE-01,BOOKED,2026-08-20,BUY,173.22,1500,2026-08-19,HDFC-CUST,RECEIVED,TRAIN
TRD101085,2026-08-15,TATASTEEL,INE101085,TATASTEEL,500,173.15,86575.0,HDFC-CUST,EQ-ALPHA-03,BOOKED,2026-08-16,BUY,173.15,500,2026-08-15,HDFC-CUST,RECEIVED,TRAIN
TRD101086,2026-08-20,RELIANCE,INE101086,RELIANCE,1500,2853.86,4280790.0,KOTAK-CUST,EQ-CORE-02,BOOKED,2026-08-21,BUY,2853.86,1500,2026-08-20,KOTAK-CUST,RECEIVED,TRAIN
TRD101087,2026-08-04,SBIN,INE101087,SBIN,250,849.38,212345.0,ICICI-CUST,EQ-INDEX-04,BOOKED,2026-08-05,SELL,849.38,250,2026-08-04,ICICI-CUST,RECEIVED,TRAIN
TRD101088,2026-08-07,MARUTI,INE101088,MARUTI,2000,12930.48,25860960.0,HDFC-CUST,EQ-ALPHA-03,BOOKED,2026-08-08,SELL,12930.48,2000,2026-08-07,HDFC-CUST,RECEIVED,TEST
TRD101089,2026-08-14,WIPRO,INE101089,WIPRO,2000,609.63,1219260.0,HDFC-CUST,EQ-CORE-02,BOOKED,2026-08-15,SELL,609.63,2000,2026-08-14,HDFC-CUST,RECEIVED,TRAIN
TRD101090,2026-08-14,WIPRO,INE101090,WIPRO,500,609.85,304925.0,HDFC-CUST,EQ-CORE-01,BOOKED,2026-08-15,SELL,609.85,500,2026-08-14,HDFC-CUST,RECEIVED,TEST
TRD101091,2026-08-08,ICICIBANK,INE101091,ICICIBANK,500,1242.26,621130.0,KOTAK-CUST,EQ-INDEX-04,BOOKED,2026-08-09,BUY,1260.07,425,2026-08-08,KOTAK-CUST,RECEIVED,TRAIN
TRD101092,2026-08-11,RELIANCE,INE101092,RELIANCE,2000,2840.04,5680080.0,NOMURA-BROKER,EQ-INDEX-04,BOOKED,2026-08-12,BUY,2840.04,2000,2026-08-11,NOMURA-BROKER,RECEIVED,TRAIN
TRD101093,2026-08-20,WIPRO,INE101093,WIPRO,1500,611.62,917430.0,KOTAK-CUST,EQ-CORE-01,BOOKED,2026-08-21,BUY,611.62,1500,2026-08-20,KOTAK-CUST,RECEIVED,TRAIN
TRD101094,2026-08-08,LT,INE101094,LT,100,3663.67,366367.0,DEUTSCHE-BROKER,EQ-ALPHA-03,BOOKED,2026-08-09,BUY,3663.67,100,2026-08-08,DEUTSCHE-BROKER,RECEIVED,TEST
TRD101095,2026-08-13,RELIANCE,INE101095,RELIANCE,750,2850.63,2137972.5,KOTAK-CUST,EQ-INDEX-04,BOOKED,2026-08-14,SELL,2850.63,750,2026-08-13,KOTAK-CUST,RECEIVED,TRAIN
TRD101096,2026-08-09,INFY,INE101096,INFY,100,1891.82,189182.0,HDFC-CUST,EQ-INDEX-04,BOOKED,2026-08-10,SELL,1891.82,100,2026-08-09,HDFC-CUST,RECEIVED,TRAIN
TRD101097,2026-08-11,TATASTEEL,INE101097,TATASTEEL,2000,171.82,343640.0,NOMURA-BROKER,EQ-INDEX-04,BOOKED,2026-08-12,BUY,171.82,2000,2026-08-11,NOMURA-BROKER,RECEIVED,TEST
TRD101098,2026-08-05,ICICIBANK,INE101098,ICICIBANK,200,1238.48,247696.0,DEUTSCHE-BROKER,EQ-ALPHA-03,BOOKED,2026-08-06,SELL,1238.48,200,2026-08-05,DEUTSCHE-BROKER,RECEIVED,TRAIN
TRD101099,2026-08-09,TATASTEEL,INE101099,TATASTEEL,1500,172.08,258120.0,MORGANSTANLEY-BROKER,EQ-ALPHA-03,BOOKED,2026-08-10,SELL,172.08,1500,2026-08-09,MORGANSTANLEY-BROKER,RECEIVED,TRAIN
TRD101100,2026-08-16,BHARTIARTL,INE101100,BHARTIARTL,250,1687.28,421820.0,HDFC-CUST,EQ-INDEX-04,BOOKED,2026-08-17,BUY,1687.28,250,2026-08-16,HDFC-CUST,RECEIVED,TRAIN
TRD101101,2026-08-06,HDFCBANK,INE101101,HDFCBANK,250,1667.74,416935.0,ICICI-CUST,EQ-INDEX-04,BOOKED,2026-08-07,SELL,1667.74,250,2026-08-06,ICICI-CUST,RECEIVED,TRAIN
TRD101102,2026-08-16,INFY,INE101102,INFY,2000,1889.1,3778200.0,ICICI-CUST,EQ-INDEX-04,BOOKED,2026-08-17,SELL,1889.1,2000,2026-08-16,ICICI-CUST,RECEIVED,TRAIN
TRD101103,2026-08-04,WIPRO,INE101103,WIPRO,2000,610.09,1220180.0,NOMURA-BROKER,EQ-CORE-02,BOOKED,2026-08-05,BUY,610.09,2000,2026-08-04,NOMURA-BROKER,RECEIVED,TEST
TRD101104,2026-08-10,SBIN,INE101104,SBIN,200,843.09,168618.0,HDFC-CUST,EQ-CORE-02,BOOKED,2026-08-11,SELL,867.75,200,2026-08-10,HDFC-CUST,RECEIVED,TRAIN
TRD101105,2026-08-01,AXISBANK,INE101105,AXISBANK,500,1181.24,590620.0,MORGANSTANLEY-BROKER,EQ-CORE-02,BOOKED,2026-08-02,SELL,1181.24,500,2026-08-01,MORGANSTANLEY-BROKER,RECEIVED,TRAIN
TRD101106,2026-08-16,TATASTEEL,INE101106,TATASTEEL,200,172.01,34402.0,NOMURA-BROKER,EQ-CORE-01,BOOKED,2026-08-17,SELL,172.01,200,2026-08-16,ICICI-CUST,RECEIVED,TRAIN
TRD101107,2026-08-04,RELIANCE,INE101107,RELIANCE,750,2855.67,2141752.5,DEUTSCHE-BROKER,EQ-ALPHA-03,BOOKED,2026-08-05,BUY,2855.67,750,2026-08-04,DEUTSCHE-BROKER,RECEIVED,TEST
TRD101108,2026-08-03,MARUTI,INE101108,MARUTI,1000,12935.06,12935060.0,DEUTSCHE-BROKER,EQ-INDEX-04,BOOKED,2026-08-04,SELL,12935.06,1000,2026-08-03,DEUTSCHE-BROKER,RECEIVED,TRAIN
TRD101109,2026-08-01,KOTAKBANK,INE101109,KOTAKBANK,750,1957.54,1468155.0,KOTAK-CUST,EQ-CORE-01,BOOKED,2026-08-02,SELL,1957.54,750,2026-08-01,KOTAK-CUST,RECEIVED,TRAIN
TRD101110,2026-08-02,SBIN,INE101110,SBIN,250,843.16,210790.0,NOMURA-BROKER,EQ-ALPHA-03,BOOKED,2026-08-03,SELL,843.16,250,2026-08-02,HDFC-CUST,RECEIVED,TRAIN
TRD101111,2026-08-18,HINDUNILVR,INE101111,HINDUNILVR,100,2752.29,275229.0,MORGANSTANLEY-BROKER,EQ-INDEX-04,BOOKED,2026-08-19,BUY,2752.29,100,2026-08-18,MORGANSTANLEY-BROKER,RECEIVED,TEST
TRD101112,2026-08-13,BHARTIARTL,INE101112,BHARTIARTL,750,1684.96,1263720.0,ICICI-CUST,EQ-CORE-01,BOOKED,2026-08-14,BUY,1684.96,750,2026-08-13,ICICI-CUST,RECEIVED,TRAIN
TRD101113,2026-08-10,INFY,INE101113,INFY,1500,1895.58,2843370.0,NOMURA-BROKER,EQ-CORE-02,BOOKED,2026-08-11,BUY,1895.58,1500,2026-08-10,NOMURA-BROKER,RECEIVED,TRAIN
TRD101114,2026-08-10,ICICIBANK,INE101114,ICICIBANK,2000,1244.54,2489080.0,NOMURA-BROKER,EQ-CORE-02,BOOKED,2026-08-11,SELL,1244.54,2000,2026-08-10,NOMURA-BROKER,RECEIVED,TRAIN
TRD101115,2026-08-17,KOTAKBANK,INE101115,KOTAKBANK,200,1962.19,392438.0,HDFC-CUST,EQ-INDEX-04,BOOKED,2026-08-18,SELL,1962.19,200,2026-08-17,HDFC-CUST,RECEIVED,TRAIN
TRD101116,2026-08-19,TATASTEEL,INE101116,TATASTEEL,1500,172.41,258615.0,MORGANSTANLEY-BROKER,EQ-INDEX-04,BOOKED,2026-08-20,BUY,172.41,1500,2026-08-19,MORGANSTANLEY-BROKER,RECEIVED,TRAIN
TRD101117,2026-08-20,HINDUNILVR,INE101117,HINDUNILVR,1500,2754.14,4131210.0,HDFC-CUST,EQ-INDEX-04,BOOKED,2026-08-21,SELL,2754.14,1500,2026-08-20,HDFC-CUST,RECEIVED,TEST
TRD101118,2026-08-15,TCS,INE101118,TCS,100,4121.3,412130.0,NOMURA-BROKER,EQ-CORE-02,BOOKED,2026-08-16,BUY,4121.3,100,2026-08-15,NOMURA-BROKER,RECEIVED,TRAIN
TRD101119,2026-08-21,TATASTEEL,INE101119,TATASTEEL,2000,172.5,345000.0,MORGANSTANLEY-BROKER,EQ-CORE-01,BOOKED,2026-08-22,SELL,172.5,2000,2026-08-21,MORGANSTANLEY-BROKER,RECEIVED,TEST
TRD101120,2026-08-16,ITC,INE101120,ITC,1500,466.93,700395.0,KOTAK-CUST,EQ-CORE-02,BOOKED,2026-08-17,BUY,466.93,1500,2026-08-16,KOTAK-CUST,RECEIVED,TRAIN
TRD101121,2026-08-17,KOTAKBANK,INE101121,KOTAKBANK,750,1962.38,1471785.0,DEUTSCHE-BROKER,EQ-ALPHA-03,BOOKED,2026-08-18,BUY,1962.38,750,2026-08-17,DEUTSCHE-BROKER,RECEIVED,TRAIN
TRD101122,2026-08-17,LT,INE101122,LT,200,3695.51,739102.0,ICICI-CUST,EQ-INDEX-04,BOOKED,2026-08-18,SELL,3695.51,200,2026-08-17,ICICI-CUST,RECEIVED,TRAIN
TRD101123,2026-08-19,TCS,INE101123,TCS,2000,4127.38,8254760.0,KOTAK-CUST,EQ-ALPHA-03,BOOKED,2026-08-20,SELL,4127.38,2000,2026-08-19,KOTAK-CUST,RECEIVED,TRAIN
TRD101124,2026-08-01,AXISBANK,INE101124,AXISBANK,200,1183.42,236684.0,ICICI-CUST,EQ-INDEX-04,BOOKED,2026-08-02,BUY,1183.42,200,2026-08-01,ICICI-CUST,RECEIVED,TRAIN
TRD101125,2026-08-02,HINDUNILVR,INE101125,HINDUNILVR,250,2755.01,688752.5,ICICI-CUST,EQ-INDEX-04,BOOKED,2026-08-03,SELL,2791.16,175,2026-08-02,ICICI-CUST,RECEIVED,TEST
TRD101126,2026-08-15,SBIN,INE101126,SBIN,2000,847.78,1695560.0,MORGANSTANLEY-BROKER,EQ-ALPHA-03,BOOKED,2026-08-16,SELL,847.78,2000,2026-08-15,MORGANSTANLEY-BROKER,RECEIVED,TRAIN
TRD101127,2026-08-03,TATASTEEL,INE101127,TATASTEEL,250,171.95,42987.5,NOMURA-BROKER,EQ-ALPHA-03,BOOKED,2026-08-04,BUY,171.95,250,2026-08-03,NOMURA-BROKER,RECEIVED,TRAIN
TRD101128,2026-08-04,BHARTIARTL,INE101128,BHARTIARTL,100,1682.05,168205.0,ICICI-CUST,EQ-CORE-02,BOOKED,2026-08-05,SELL,1682.05,100,2026-08-04,ICICI-CUST,RECEIVED,TRAIN
TRD101129,2026-08-20,ITC,INE101129,ITC,1500,470.63,705945.0,NOMURA-BROKER,EQ-INDEX-04,BOOKED,2026-08-21,SELL,470.63,1500,2026-08-20,NOMURA-BROKER,RECEIVED,TRAIN
TRD101130,2026-08-13,AXISBANK,INE101130,AXISBANK,1000,1182.5,1182500.0,KOTAK-CUST,EQ-CORE-01,BOOKED,2026-08-14,BUY,1163.38,1000,2026-08-13,KOTAK-CUST,RECEIVED,TRAIN
TRD101131,2026-08-01,INFY,INE101131,INFY,100,1884.46,188446.0,NOMURA-BROKER,EQ-CORE-02,BOOKED,2026-08-02,BUY,1884.46,100,2026-08-01,NOMURA-BROKER,RECEIVED,TRAIN
TRD101132,2026-08-21,HDFCBANK,INE101132,HDFCBANK,2000,1677.69,3355380.0,HDFC-CUST,EQ-INDEX-04,BOOKED,2026-08-22,BUY,1677.69,2000,2026-08-21,HDFC-CUST,RECEIVED,TRAIN
TRD101133,2026-08-05,TCS,INE101133,TCS,750,4131.86,3098895.0,DEUTSCHE-BROKER,EQ-INDEX-04,BOOKED,2026-08-06,BUY,4131.86,750,2026-08-05,DEUTSCHE-BROKER,RECEIVED,TRAIN
TRD101134,2026-08-15,TCS,INE101134,TCS,250,4137.33,1034332.5,DEUTSCHE-BROKER,EQ-INDEX-04,BOOKED,2026-08-16,BUY,4137.33,250,2026-08-15,DEUTSCHE-BROKER,RECEIVED,TRAIN
TRD101135,2026-08-07,MARUTI,INE101135,MARUTI,2000,12991.06,25982120.0,KOTAK-CUST,EQ-INDEX-04,BOOKED,2026-08-08,BUY,12991.06,2000,2026-08-07,KOTAK-CUST,RECEIVED,TRAIN
TRD101136,2026-08-14,SBIN,INE101136,SBIN,100,842.24,84224.0,DEUTSCHE-BROKER,EQ-INDEX-04,BOOKED,2026-08-15,SELL,842.24,100,2026-08-14,DEUTSCHE-BROKER,RECEIVED,TRAIN
TRD101137,2026-08-17,RELIANCE,INE101137,RELIANCE,2000,2847.64,5695280.0,MORGANSTANLEY-BROKER,EQ-INDEX-04,BOOKED,2026-08-18,BUY,2847.64,2000,2026-08-17,MORGANSTANLEY-BROKER,RECEIVED,TRAIN
TRD101138,2026-08-14,WIPRO,INE101138,WIPRO,100,610.52,61052.0,MORGANSTANLEY-BROKER,EQ-ALPHA-03,BOOKED,2026-08-15,BUY,610.52,100,2026-08-14,MORGANSTANLEY-BROKER,RECEIVED,TRAIN
TRD101139,2026-08-04,ICICIBANK,INE101139,ICICIBANK,1500,1245.63,1868445.0,DEUTSCHE-BROKER,EQ-ALPHA-03,BOOKED,2026-08-05,SELL,1245.63,1500,2026-08-04,DEUTSCHE-BROKER,RECEIVED,TRAIN
TRD101140,2026-08-10,WIPRO,INE101140,WIPRO,1500,607.43,911145.0,NOMURA-BROKER,EQ-CORE-02,BOOKED,2026-08-11,SELL,607.43,1500,2026-08-10,NOMURA-BROKER,RECEIVED,TRAIN
TRD101141,2026-08-08,SBIN,INE101141,SBIN,2000,843.33,1686660.0,MORGANSTANLEY-BROKER,EQ-ALPHA-03,BOOKED,2026-08-09,SELL,843.33,2000,2026-08-08,MORGANSTANLEY-BROKER,RECEIVED,TEST
TRD101142,2026-08-13,INFY,INE101142,INFY,750,1894.52,1420890.0,DEUTSCHE-BROKER,EQ-ALPHA-03,BOOKED,2026-08-14,SELL,1894.52,750,2026-08-13,DEUTSCHE-BROKER,RECEIVED,TRAIN
TRD101143,2026-08-10,HINDUNILVR,INE101143,HINDUNILVR,250,2748.95,687237.5,NOMURA-BROKER,EQ-CORE-01,BOOKED,2026-08-11,SELL,2748.95,250,2026-08-10,NOMURA-BROKER,RECEIVED,TRAIN
TRD101144,2026-08-20,INFY,INE101144,INFY,250,1884.62,471155.0,DEUTSCHE-BROKER,EQ-CORE-01,BOOKED,2026-08-21,SELL,1884.62,250,2026-08-20,DEUTSCHE-BROKER,RECEIVED,TRAIN
TRD101145,2026-08-18,ITC,INE101145,ITC,750,467.66,350745.0,ICICI-CUST,EQ-CORE-01,BOOKED,2026-08-19,SELL,467.66,750,2026-08-18,ICICI-CUST,RECEIVED,TRAIN
TRD101146,2026-08-06,TATASTEEL,INE101146,TATASTEEL,750,172.2,129150.0,HDFC-CUST,EQ-CORE-01,BOOKED,2026-08-07,BUY,172.2,750,2026-08-06,HDFC-CUST,RECEIVED,TRAIN
TRD101147,2026-08-08,SBIN,INE101147,SBIN,1500,842.34,1263510.0,ICICI-CUST,EQ-CORE-02,BOOKED,2026-08-09,SELL,842.34,1550,2026-08-08,ICICI-CUST,RECEIVED,TRAIN
TRD101148,2026-08-02,ICICIBANK,INE101148,ICICIBANK,1000,1244.33,1244330.0,MORGANSTANLEY-BROKER,EQ-ALPHA-03,BOOKED,2026-08-03,BUY,1244.33,1000,2026-08-02,MORGANSTANLEY-BROKER,RECEIVED,TEST
TRD101149,2026-08-15,MARUTI,INE101149,MARUTI,200,13006.79,2601358.0,DEUTSCHE-BROKER,EQ-CORE-01,BOOKED,2026-08-16,BUY,13006.79,200,2026-08-15,DEUTSCHE-BROKER,RECEIVED,TRAIN
TRD101150,2026-08-02,HINDUNILVR,INE101150,HINDUNILVR,200,2754.49,550898.0,MORGANSTANLEY-BROKER,EQ-CORE-01,BOOKED,2026-08-03,BUY,2754.49,200,2026-08-02,MORGANSTANLEY-BROKER,RECEIVED,TEST
TRD101151,2026-08-12,KOTAKBANK,INE101151,KOTAKBANK,200,1962.95,392590.0,HDFC-CUST,EQ-ALPHA-03,BOOKED,2026-08-13,SELL,1962.95,200,2026-08-12,HDFC-CUST,RECEIVED,TRAIN
TRD101152,2026-08-04,HINDUNILVR,INE101152,HINDUNILVR,2000,2751.98,5503960.0,HDFC-CUST,EQ-ALPHA-03,BOOKED,2026-08-05,SELL,2751.98,2000,2026-08-04,HDFC-CUST,RECEIVED,TRAIN
TRD101153,2026-08-07,MARUTI,INE101153,MARUTI,250,12931.06,3232765.0,DEUTSCHE-BROKER,EQ-INDEX-04,BOOKED,2026-08-08,BUY,12931.06,250,2026-08-07,DEUTSCHE-BROKER,RECEIVED,TRAIN
TRD101154,2026-08-17,HDFCBANK,INE101154,HDFCBANK,2000,1672.54,3345080.0,HDFC-CUST,EQ-CORE-01,BOOKED,2026-08-18,SELL,1672.54,2000,2026-08-17,HDFC-CUST,RECEIVED,TRAIN
TRD101155,2026-08-08,SBIN,INE101155,SBIN,1500,844.42,1266630.0,HDFC-CUST,EQ-INDEX-04,BOOKED,2026-08-09,BUY,844.42,1500,2026-08-08,HDFC-CUST,RECEIVED,TRAIN
TRD101156,2026-08-14,INFY,INE101156,INFY,1500,1888.66,2832990.0,DEUTSCHE-BROKER,EQ-ALPHA-03,BOOKED,2026-08-15,BUY,1888.66,1550,2026-08-14,DEUTSCHE-BROKER,RECEIVED,TRAIN
TRD101157,2026-08-17,ITC,INE101157,ITC,250,470.17,117542.5,ICICI-CUST,EQ-CORE-01,BOOKED,2026-08-18,SELL,470.17,250,2026-08-17,ICICI-CUST,RECEIVED,TEST
TRD101158,2026-08-06,SBIN,INE101158,SBIN,1500,849.68,1274520.0,DEUTSCHE-BROKER,EQ-CORE-01,BOOKED,2026-08-07,SELL,859.94,1425,2026-08-06,DEUTSCHE-BROKER,RECEIVED,TRAIN
TRD101159,2026-08-21,HINDUNILVR,INE101159,HINDUNILVR,100,2750.0,275000.0,HDFC-CUST,EQ-CORE-01,BOOKED,2026-08-22,SELL,2750.0,100,2026-08-21,HDFC-CUST,RECEIVED,TRAIN
TRD101160,2026-08-18,BHARTIARTL,INE101160,BHARTIARTL,1500,1696.92,2545380.0,KOTAK-CUST,EQ-ALPHA-03,BOOKED,2026-08-19,SELL,1696.92,1450,2026-08-18,KOTAK-CUST,RECEIVED,TRAIN
TRD101161,2026-08-20,RELIANCE,INE101161,RELIANCE,750,2861.91,2146432.5,HDFC-CUST,EQ-INDEX-04,BOOKED,2026-08-21,SELL,2861.91,750,2026-08-20,ICICI-CUST,RECEIVED,TRAIN
TRD101162,2026-08-20,KOTAKBANK,INE101162,KOTAKBANK,500,1963.28,981640.0,MORGANSTANLEY-BROKER,EQ-INDEX-04,BOOKED,2026-08-21,SELL,1963.28,500,2026-08-20,MORGANSTANLEY-BROKER,RECEIVED,TRAIN
TRD101163,2026-08-10,TATASTEEL,INE101163,TATASTEEL,1500,172.92,259380.0,ICICI-CUST,EQ-CORE-01,BOOKED,2026-08-11,SELL,172.92,1500,2026-08-10,ICICI-CUST,RECEIVED,TRAIN
TRD101164,2026-08-18,BHARTIARTL,INE101164,BHARTIARTL,250,1690.75,422687.5,KOTAK-CUST,EQ-CORE-02,BOOKED,2026-08-19,BUY,1690.75,250,2026-08-18,KOTAK-CUST,RECEIVED,TEST
TRD101165,2026-08-21,LT,INE101165,LT,750,3680.94,2760705.0,HDFC-CUST,EQ-CORE-01,BOOKED,2026-08-22,BUY,3680.94,750,2026-08-21,HDFC-CUST,RECEIVED,TRAIN
TRD101166,2026-08-10,TATASTEEL,INE101166,TATASTEEL,750,172.0,129000.0,NOMURA-BROKER,EQ-INDEX-04,BOOKED,2026-08-11,BUY,172.0,750,2026-08-10,NOMURA-BROKER,RECEIVED,TRAIN
TRD101167,2026-08-09,WIPRO,INE101167,WIPRO,100,612.43,61243.0,NOMURA-BROKER,EQ-ALPHA-03,BOOKED,2026-08-10,BUY,612.43,100,2026-08-09,NOMURA-BROKER,RECEIVED,TRAIN
TRD101168,2026-08-19,RELIANCE,INE101168,RELIANCE,200,2849.04,569808.0,NOMURA-BROKER,EQ-CORE-01,BOOKED,2026-08-20,SELL,2849.04,200,2026-08-19,NOMURA-BROKER,RECEIVED,TRAIN
TRD101169,2026-08-19,SBIN,INE101169,SBIN,500,848.18,424090.0,MORGANSTANLEY-BROKER,EQ-CORE-02,BOOKED,2026-08-20,SELL,848.18,500,2026-08-19,MORGANSTANLEY-BROKER,RECEIVED,TRAIN
TRD101170,2026-08-19,ICICIBANK,INE101170,ICICIBANK,750,1242.87,932152.5,NOMURA-BROKER,EQ-CORE-02,BOOKED,2026-08-20,SELL,1227.9,750,2026-08-19,NOMURA-BROKER,RECEIVED,TEST
TRD101171,2026-08-17,LT,INE101171,LT,500,3665.62,1832810.0,MORGANSTANLEY-BROKER,EQ-CORE-02,BOOKED,2026-08-18,SELL,3665.62,500,2026-08-17,MORGANSTANLEY-BROKER,RECEIVED,TRAIN
TRD101172,2026-08-14,ITC,INE101172,ITC,200,467.24,93448.0,DEUTSCHE-BROKER,EQ-CORE-01,BOOKED,2026-08-15,BUY,467.24,200,2026-08-14,DEUTSCHE-BROKER,RECEIVED,TRAIN
TRD101173,2026-08-16,RELIANCE,INE101173,RELIANCE,1500,2861.57,4292355.0,HDFC-CUST,EQ-INDEX-04,BOOKED,2026-08-17,BUY,2861.57,1500,2026-08-16,HDFC-CUST,RECEIVED,TEST
TRD101174,2026-08-17,SBIN,INE101174,SBIN,1500,846.35,1269525.0,DEUTSCHE-BROKER,EQ-ALPHA-03,BOOKED,2026-08-18,SELL,846.35,1500,2026-08-17,DEUTSCHE-BROKER,RECEIVED,TRAIN
TRD101175,2026-08-16,KOTAKBANK,INE101175,KOTAKBANK,1500,1965.41,2948115.0,NOMURA-BROKER,EQ-INDEX-04,BOOKED,2026-08-17,BUY,1965.41,1500,2026-08-16,NOMURA-BROKER,RECEIVED,TRAIN
TRD101176,2026-08-15,INFY,INE101176,INFY,250,1890.01,472502.5,HDFC-CUST,EQ-CORE-01,BOOKED,2026-08-16,BUY,1890.01,250,2026-08-15,HDFC-CUST,RECEIVED,TRAIN
TRD101177,2026-08-06,ITC,INE101177,ITC,2000,466.71,933420.0,MORGANSTANLEY-BROKER,EQ-ALPHA-03,BOOKED,2026-08-07,BUY,466.71,2000,2026-08-06,MORGANSTANLEY-BROKER,RECEIVED,TRAIN
TRD101178,2026-08-12,AXISBANK,INE101178,AXISBANK,1500,1175.65,1763475.0,MORGANSTANLEY-BROKER,EQ-ALPHA-03,BOOKED,2026-08-13,BUY,1175.65,1500,2026-08-12,DEUTSCHE-BROKER,RECEIVED,TRAIN
TRD101179,2026-08-10,LT,INE101179,LT,250,3666.08,916520.0,KOTAK-CUST,EQ-ALPHA-03,BOOKED,2026-08-11,SELL,3666.08,250,2026-08-10,KOTAK-CUST,RECEIVED,TRAIN
TRD101180,2026-08-05,ITC,INE101180,ITC,100,470.27,47027.0,MORGANSTANLEY-BROKER,EQ-INDEX-04,BOOKED,2026-08-06,BUY,470.27,100,2026-08-05,MORGANSTANLEY-BROKER,RECEIVED,TRAIN
TRD101181,2026-08-07,TATASTEEL,INE101181,TATASTEEL,750,173.12,129840.0,HDFC-CUST,EQ-INDEX-04,BOOKED,2026-08-08,BUY,173.12,750,2026-08-07,HDFC-CUST,RECEIVED,TRAIN
TRD101182,2026-08-02,TCS,INE101182,TCS,1000,4102.93,4102930.0,DEUTSCHE-BROKER,EQ-INDEX-04,BOOKED,2026-08-03,SELL,4102.93,1000,2026-08-02,DEUTSCHE-BROKER,RECEIVED,TRAIN
TRD101183,2026-08-13,AXISBANK,INE101183,AXISBANK,2000,1184.97,2369940.0,DEUTSCHE-BROKER,EQ-CORE-02,BOOKED,2026-08-14,BUY,1184.97,2000,2026-08-13,DEUTSCHE-BROKER,RECEIVED,TEST
TRD101184,2026-08-15,LT,INE101184,LT,2000,3689.78,7379560.0,HDFC-CUST,EQ-ALPHA-03,BOOKED,2026-08-16,BUY,3689.78,2000,2026-08-15,HDFC-CUST,RECEIVED,TEST
TRD101185,2026-08-13,HINDUNILVR,INE101185,HINDUNILVR,1500,2742.5,4113750.0,KOTAK-CUST,EQ-CORE-01,BOOKED,2026-08-14,SELL,2742.5,1500,2026-08-13,KOTAK-CUST,RECEIVED,TEST
TRD101186,2026-08-06,WIPRO,INE101186,WIPRO,750,611.24,458430.0,NOMURA-BROKER,EQ-CORE-01,BOOKED,2026-08-07,SELL,611.24,750,2026-08-06,NOMURA-BROKER,RECEIVED,TRAIN
TRD101187,2026-08-03,LT,INE101187,LT,200,3685.45,737090.0,HDFC-CUST,EQ-CORE-01,BOOKED,2026-08-04,BUY,3685.45,200,2026-08-03,HDFC-CUST,RECEIVED,TRAIN
TRD101188,2026-08-01,HINDUNILVR,INE101188,HINDUNILVR,2000,2745.67,5491340.0,ICICI-CUST,EQ-CORE-02,BOOKED,2026-08-02,BUY,2745.67,2000,2026-08-01,ICICI-CUST,RECEIVED,TEST
TRD101189,2026-08-19,ICICIBANK,INE101189,ICICIBANK,500,1237.64,618820.0,DEUTSCHE-BROKER,EQ-CORE-01,BOOKED,2026-08-20,SELL,1237.64,500,2026-08-19,DEUTSCHE-BROKER,RECEIVED,TRAIN
TRD101190,2026-08-01,BHARTIARTL,INE101190,BHARTIARTL,100,1690.26,169026.0,KOTAK-CUST,EQ-INDEX-04,BOOKED,2026-08-02,BUY,1690.26,100,2026-08-01,KOTAK-CUST,RECEIVED,TRAIN
TRD101191,2026-08-11,BHARTIARTL,INE101191,BHARTIARTL,100,1696.48,169648.0,DEUTSCHE-BROKER,EQ-ALPHA-03,BOOKED,2026-08-12,BUY,1696.48,100,2026-08-11,DEUTSCHE-BROKER,RECEIVED,TRAIN
TRD101192,2026-08-10,TCS,INE101192,TCS,200,4122.47,824494.0,HDFC-CUST,EQ-CORE-02,BOOKED,2026-08-11,SELL,4122.47,200,2026-08-10,HDFC-CUST,RECEIVED,TEST
TRD101193,2026-08-14,HINDUNILVR,INE101193,HINDUNILVR,200,2736.11,547222.0,NOMURA-BROKER,EQ-CORE-02,BOOKED,2026-08-15,BUY,2736.11,200,2026-08-14,NOMURA-BROKER,RECEIVED,TEST
TRD101194,2026-08-02,AXISBANK,INE101194,AXISBANK,1000,1176.49,1176490.0,KOTAK-CUST,EQ-INDEX-04,BOOKED,2026-08-03,BUY,1176.49,1000,2026-08-02,KOTAK-CUST,RECEIVED,TRAIN
TRD101195,2026-08-11,SBIN,INE101195,SBIN,250,844.86,211215.0,KOTAK-CUST,EQ-INDEX-04,BOOKED,2026-08-12,BUY,844.86,250,2026-08-11,KOTAK-CUST,RECEIVED,TRAIN
TRD101196,2026-08-20,RELIANCE,INE101196,RELIANCE,500,2843.08,1421540.0,MORGANSTANLEY-BROKER,EQ-CORE-02,BOOKED,2026-08-21,SELL,2843.08,500,2026-08-20,MORGANSTANLEY-BROKER,RECEIVED,TRAIN
TRD101197,2026-08-09,LT,INE101197,LT,1500,3696.69,5545035.0,ICICI-CUST,EQ-ALPHA-03,BOOKED,2026-08-10,SELL,3696.69,1500,2026-08-09,ICICI-CUST,RECEIVED,TRAIN
TRD101198,2026-08-01,LT,INE101198,LT,1500,3664.16,5496240.0,DEUTSCHE-BROKER,EQ-CORE-02,BOOKED,2026-08-02,BUY,3664.16,1500,2026-08-02,DEUTSCHE-BROKER,RECEIVED,TRAIN
TRD101199,2026-08-18,ICICIBANK,INE101199,ICICIBANK,200,1237.65,247530.0,NOMURA-BROKER,EQ-CORE-02,BOOKED,2026-08-19,SELL,1254.2,275,2026-08-18,NOMURA-BROKER,RECEIVED,TRAIN
TRD101200,2026-08-21,AXISBANK,INE101200,AXISBANK,1500,1179.61,1769415.0,MORGANSTANLEY-BROKER,EQ-CORE-02,BOOKED,2026-08-22,BUY,1179.61,1500,2026-08-21,MORGANSTANLEY-BROKER,RECEIVED,TRAIN
TRD101201,2026-08-18,SBIN,INE101201,SBIN,250,847.98,211995.0,DEUTSCHE-BROKER,EQ-INDEX-04,BOOKED,2026-08-19,BUY,847.98,250,2026-08-18,DEUTSCHE-BROKER,RECEIVED,TRAIN
TRD101202,2026-08-20,RELIANCE,INE101202,RELIANCE,2000,2863.64,5727280.0,KOTAK-CUST,EQ-CORE-02,BOOKED,2026-08-21,BUY,2863.64,2000,2026-08-20,KOTAK-CUST,RECEIVED,TRAIN
TRD101203,2026-08-09,RELIANCE,INE101203,RELIANCE,2000,2844.04,5688080.0,NOMURA-BROKER,EQ-INDEX-04,BOOKED,2026-08-10,SELL,2844.04,2000,2026-08-09,HDFC-CUST,RECEIVED,TRAIN
TRD101204,2026-08-17,MARUTI,INE101204,MARUTI,500,12991.05,6495525.0,KOTAK-CUST,EQ-CORE-01,BOOKED,2026-08-18,BUY,12991.05,500,2026-08-17,KOTAK-CUST,RECEIVED,TEST
TRD101205,2026-08-13,WIPRO,INE101205,WIPRO,200,609.13,121826.0,NOMURA-BROKER,EQ-CORE-01,BOOKED,2026-08-14,BUY,609.13,200,2026-08-13,NOMURA-BROKER,RECEIVED,TRAIN
TRD101206,2026-08-07,WIPRO,INE101206,WIPRO,750,612.66,459495.0,MORGANSTANLEY-BROKER,EQ-ALPHA-03,BOOKED,2026-08-08,SELL,612.66,750,2026-08-07,MORGANSTANLEY-BROKER,RECEIVED,TRAIN
TRD101207,2026-08-15,KOTAKBANK,INE101207,KOTAKBANK,750,1965.08,1473810.0,KOTAK-CUST,EQ-CORE-02,BOOKED,2026-08-16,SELL,1965.08,750,2026-08-15,KOTAK-CUST,RECEIVED,TRAIN
TRD101208,2026-08-20,SBIN,INE101208,SBIN,500,845.26,422630.0,KOTAK-CUST,EQ-CORE-01,BOOKED,2026-08-21,BUY,845.26,500,2026-08-20,KOTAK-CUST,RECEIVED,TRAIN
TRD101209,2026-08-01,KOTAKBANK,INE101209,KOTAKBANK,100,1957.83,195783.0,ICICI-CUST,EQ-CORE-02,BOOKED,2026-08-02,SELL,1957.83,100,2026-08-01,ICICI-CUST,RECEIVED,TRAIN
TRD101210,2026-08-18,LT,INE101210,LT,2000,3689.81,7379620.0,ICICI-CUST,EQ-CORE-01,BOOKED,2026-08-19,BUY,3689.81,2000,2026-08-18,ICICI-CUST,RECEIVED,TRAIN
TRD101211,2026-08-12,TATASTEEL,INE101211,TATASTEEL,2000,172.75,345500.0,DEUTSCHE-BROKER,EQ-ALPHA-03,BOOKED,2026-08-13,SELL,174.87,2075,2026-08-12,DEUTSCHE-BROKER,RECEIVED,TRAIN
TRD101212,2026-08-12,INFY,INE101212,INFY,100,1883.21,188321.0,HDFC-CUST,EQ-INDEX-04,BOOKED,2026-08-13,BUY,1883.21,100,2026-08-12,HDFC-CUST,RECEIVED,TRAIN
TRD101213,2026-08-12,HDFCBANK,INE101213,HDFCBANK,100,1679.53,167953.0,HDFC-CUST,EQ-CORE-01,BOOKED,2026-08-13,SELL,1679.53,100,2026-08-12,HDFC-CUST,RECEIVED,TRAIN
TRD101214,2026-08-16,HINDUNILVR,INE101214,HINDUNILVR,500,2738.3,1369150.0,KOTAK-CUST,EQ-CORE-01,BOOKED,2026-08-17,SELL,2738.3,500,2026-08-16,KOTAK-CUST,RECEIVED,TRAIN
TRD101215,2026-08-21,ITC,INE101215,ITC,500,466.59,233295.0,DEUTSCHE-BROKER,EQ-CORE-01,BOOKED,2026-08-22,SELL,466.59,500,2026-08-21,DEUTSCHE-BROKER,RECEIVED,TEST
TRD101216,2026-08-07,AXISBANK,INE101216,AXISBANK,2000,1176.36,2352720.0,NOMURA-BROKER,EQ-CORE-02,BOOKED,2026-08-08,BUY,1176.36,2000,2026-08-07,NOMURA-BROKER,RECEIVED,TRAIN
TRD101217,2026-08-05,AXISBANK,INE101217,AXISBANK,250,1183.15,295787.5,KOTAK-CUST,EQ-CORE-02,BOOKED,2026-08-06,SELL,1200.67,325,2026-08-05,KOTAK-CUST,RECEIVED,TEST
TRD101218,2026-08-18,HDFCBANK,INE101218,HDFCBANK,100,1683.44,168344.0,MORGANSTANLEY-BROKER,EQ-ALPHA-03,BOOKED,2026-08-19,SELL,1683.44,100,2026-08-18,MORGANSTANLEY-BROKER,RECEIVED,TRAIN
TRD101219,2026-08-21,RELIANCE,INE101219,RELIANCE,1500,2854.52,4281780.0,ICICI-CUST,EQ-ALPHA-03,BOOKED,2026-08-22,SELL,2854.52,1500,2026-08-21,ICICI-CUST,RECEIVED,TRAIN
TRD101220,2026-08-17,MARUTI,INE101220,MARUTI,1500,12950.67,19426005.0,DEUTSCHE-BROKER,EQ-INDEX-04,BOOKED,2026-08-18,SELL,12950.67,1500,2026-08-17,DEUTSCHE-BROKER,RECEIVED,TEST
TRD101221,2026-08-08,LT,INE101221,LT,100,3694.27,369427.0,ICICI-CUST,EQ-ALPHA-03,BOOKED,2026-08-09,SELL,3694.27,100,2026-08-08,ICICI-CUST,RECEIVED,TRAIN
TRD101222,2026-08-13,LT,INE101222,LT,2000,3673.39,7346780.0,HDFC-CUST,EQ-ALPHA-03,BOOKED,2026-08-14,BUY,3673.39,2000,2026-08-13,HDFC-CUST,RECEIVED,TRAIN
TRD101223,2026-08-08,TATASTEEL,INE101223,TATASTEEL,100,173.3,17330.0,NOMURA-BROKER,EQ-INDEX-04,BOOKED,2026-08-09,BUY,173.3,100,2026-08-08,NOMURA-BROKER,RECEIVED,TEST
TRD101224,2026-08-11,TATASTEEL,INE101224,TATASTEEL,500,171.93,85965.0,KOTAK-CUST,EQ-CORE-01,BOOKED,2026-08-12,BUY,171.93,500,2026-08-11,KOTAK-CUST,RECEIVED,TRAIN
TRD101225,2026-08-01,RELIANCE,INE101225,RELIANCE,2000,2848.56,5697120.0,MORGANSTANLEY-BROKER,EQ-ALPHA-03,BOOKED,2026-08-02,SELL,2848.56,2000,2026-08-01,MORGANSTANLEY-BROKER,RECEIVED,TRAIN
TRD101226,2026-08-11,HDFCBANK,INE101226,HDFCBANK,200,1674.76,334952.0,ICICI-CUST,EQ-ALPHA-03,BOOKED,2026-08-12,BUY,1674.76,200,2026-08-11,ICICI-CUST,RECEIVED,TRAIN
TRD101227,2026-08-21,TCS,INE101227,TCS,2000,4131.63,8263260.0,DEUTSCHE-BROKER,EQ-CORE-01,BOOKED,2026-08-22,BUY,4131.63,2000,2026-08-21,DEUTSCHE-BROKER,RECEIVED,TRAIN
TRD101228,2026-08-03,RELIANCE,INE101228,RELIANCE,100,2847.01,284701.0,HDFC-CUST,EQ-CORE-01,BOOKED,2026-08-04,SELL,2847.01,100,2026-08-03,HDFC-CUST,RECEIVED,TEST
TRD101229,2026-08-14,RELIANCE,INE101229,RELIANCE,750,2853.66,2140245.0,ICICI-CUST,EQ-CORE-01,BOOKED,2026-08-15,BUY,2853.66,750,2026-08-14,ICICI-CUST,RECEIVED,TRAIN
TRD101230,2026-08-13,LT,INE101230,LT,100,3672.6,367260.0,DEUTSCHE-BROKER,EQ-CORE-01,BOOKED,2026-08-14,SELL,3672.6,100,2026-08-13,DEUTSCHE-BROKER,RECEIVED,TRAIN
TRD101231,2026-08-15,HDFCBANK,INE101231,HDFCBANK,100,1674.42,167442.0,DEUTSCHE-BROKER,EQ-CORE-01,BOOKED,2026-08-16,SELL,1674.42,100,2026-08-15,DEUTSCHE-BROKER,RECEIVED,TRAIN
TRD101232,2026-08-11,KOTAKBANK,INE101232,KOTAKBANK,100,1954.8,195480.0,MORGANSTANLEY-BROKER,EQ-CORE-02,BOOKED,2026-08-12,BUY,1954.8,100,2026-08-11,MORGANSTANLEY-BROKER,RECEIVED,TRAIN
TRD101233,2026-08-03,TCS,INE101233,TCS,100,4124.67,412467.0,MORGANSTANLEY-BROKER,EQ-CORE-02,BOOKED,2026-08-04,BUY,4124.67,100,2026-08-03,MORGANSTANLEY-BROKER,RECEIVED,TRAIN
TRD101234,2026-08-16,KOTAKBANK,INE101234,KOTAKBANK,750,1952.87,1464652.5,NOMURA-BROKER,EQ-INDEX-04,BOOKED,2026-08-17,BUY,1952.87,750,2026-08-16,NOMURA-BROKER,RECEIVED,TRAIN
TRD101235,2026-08-02,HDFCBANK,INE101235,HDFCBANK,250,1680.18,420045.0,HDFC-CUST,EQ-ALPHA-03,BOOKED,2026-08-03,SELL,1680.18,250,2026-08-02,HDFC-CUST,RECEIVED,TRAIN
TRD101236,2026-08-18,LT,INE101236,LT,1000,3673.2,3673200.0,HDFC-CUST,EQ-CORE-02,BOOKED,2026-08-19,SELL,3673.2,1000,2026-08-18,HDFC-CUST,RECEIVED,TRAIN
TRD101237,2026-08-01,ICICIBANK,INE101237,ICICIBANK,1000,1238.21,1238210.0,MORGANSTANLEY-BROKER,EQ-CORE-02,BOOKED,2026-08-02,BUY,1257.87,925,2026-08-01,MORGANSTANLEY-BROKER,RECEIVED,TEST
TRD101238,2026-08-07,HDFCBANK,INE101238,HDFCBANK,100,1673.89,167389.0,HDFC-CUST,EQ-CORE-02,BOOKED,2026-08-08,BUY,1673.89,100,2026-08-07,HDFC-CUST,RECEIVED,TRAIN
TRD101239,2026-08-15,SBIN,INE101239,SBIN,500,847.02,423510.0,MORGANSTANLEY-BROKER,EQ-ALPHA-03,BOOKED,2026-08-16,SELL,847.02,500,2026-08-15,MORGANSTANLEY-BROKER,RECEIVED,TRAIN
TRD101240,2026-08-06,AXISBANK,INE101240,AXISBANK,750,1179.29,884467.5,ICICI-CUST,EQ-INDEX-04,BOOKED,2026-08-07,BUY,1179.29,950,2026-08-06,ICICI-CUST,RECEIVED,TRAIN
TRD101241,2026-08-21,ITC,INE101241,ITC,500,470.87,235435.0,HDFC-CUST,EQ-CORE-02,BOOKED,2026-08-22,SELL,478.89,425,2026-08-21,HDFC-CUST,RECEIVED,TRAIN
TRD101242,2026-08-11,AXISBANK,INE101242,AXISBANK,500,1177.17,588585.0,NOMURA-BROKER,EQ-INDEX-04,BOOKED,2026-08-12,BUY,1177.17,500,2026-08-11,NOMURA-BROKER,RECEIVED,TRAIN
TRD101243,2026-08-01,BHARTIARTL,INE101243,BHARTIARTL,250,1695.91,423977.5,KOTAK-CUST,EQ-CORE-01,BOOKED,2026-08-02,BUY,1695.91,250,2026-08-01,KOTAK-CUST,RECEIVED,TRAIN
TRD101244,2026-08-05,SBIN,INE101244,SBIN,100,846.06,84606.0,KOTAK-CUST,EQ-INDEX-04,BOOKED,2026-08-06,BUY,846.06,100,2026-08-05,KOTAK-CUST,RECEIVED,TRAIN
TRD101245,2026-08-01,KOTAKBANK,INE101245,KOTAKBANK,1000,1946.78,1946780.0,HDFC-CUST,EQ-CORE-02,BOOKED,2026-08-02,SELL,1946.78,1000,2026-08-01,HDFC-CUST,RECEIVED,TRAIN
TRD101246,2026-08-06,INFY,INE101246,INFY,500,1897.58,948790.0,KOTAK-CUST,EQ-CORE-02,BOOKED,2026-08-07,BUY,1897.58,500,2026-08-06,KOTAK-CUST,RECEIVED,TRAIN
TRD101247,2026-08-09,HDFCBANK,INE101247,HDFCBANK,100,1669.77,166977.0,ICICI-CUST,EQ-CORE-01,BOOKED,2026-08-10,BUY,1669.77,100,2026-08-09,ICICI-CUST,RECEIVED,TEST
TRD101248,2026-08-07,BHARTIARTL,INE101248,BHARTIARTL,200,1687.67,337534.0,KOTAK-CUST,EQ-INDEX-04,BOOKED,2026-08-08,BUY,1687.67,100,2026-08-07,KOTAK-CUST,RECEIVED,TRAIN
TRD101249,2026-08-17,SBIN,INE101249,SBIN,1000,846.96,846960.0,MORGANSTANLEY-BROKER,EQ-INDEX-04,BOOKED,2026-08-18,BUY,846.96,1000,2026-08-17,MORGANSTANLEY-BROKER,RECEIVED,TRAIN
TRD101250,2026-08-05,TCS,INE101250,TCS,250,4136.52,1034130.0,HDFC-CUST,EQ-CORE-02,BOOKED,2026-08-06,SELL,4136.52,250,2026-08-05,HDFC-CUST,RECEIVED,TRAIN
TRD101251,2026-08-14,WIPRO,INE101251,WIPRO,1000,609.24,609240.0,NOMURA-BROKER,EQ-CORE-02,BOOKED,2026-08-15,BUY,609.24,1000,2026-08-14,NOMURA-BROKER,RECEIVED,TRAIN
TRD101252,2026-08-10,HINDUNILVR,INE101252,HINDUNILVR,500,2755.33,1377665.0,HDFC-CUST,EQ-ALPHA-03,BOOKED,2026-08-11,BUY,2755.33,500,2026-08-10,HDFC-CUST,RECEIVED,TRAIN
TRD101253,2026-08-17,RELIANCE,INE101253,RELIANCE,750,2861.13,2145847.5,MORGANSTANLEY-BROKER,EQ-INDEX-04,BOOKED,2026-08-18,BUY,2861.13,750,2026-08-17,MORGANSTANLEY-BROKER,RECEIVED,TRAIN
TRD101254,2026-08-20,WIPRO,INE101254,WIPRO,200,612.09,122418.0,ICICI-CUST,EQ-CORE-02,BOOKED,2026-08-21,SELL,612.09,200,2026-08-20,ICICI-CUST,RECEIVED,TRAIN
TRD101255,2026-08-15,HINDUNILVR,INE101255,HINDUNILVR,1000,2745.56,2745560.0,HDFC-CUST,EQ-ALPHA-03,BOOKED,2026-08-16,SELL,2745.56,1000,2026-08-15,HDFC-CUST,RECEIVED,TRAIN
TRD101256,2026-08-16,LT,INE101256,LT,2000,3688.09,7376180.0,DEUTSCHE-BROKER,EQ-ALPHA-03,BOOKED,2026-08-17,SELL,3688.09,2000,2026-08-16,DEUTSCHE-BROKER,RECEIVED,TRAIN
TRD101257,2026-08-07,KOTAKBANK,INE101257,KOTAKBANK,100,1949.97,194997.0,DEUTSCHE-BROKER,EQ-CORE-02,BOOKED,2026-08-08,SELL,1949.97,100,2026-08-07,DEUTSCHE-BROKER,RECEIVED,TRAIN
TRD101258,2026-08-13,HDFCBANK,INE101258,HDFCBANK,750,1673.94,1255455.0,MORGANSTANLEY-BROKER,EQ-CORE-02,BOOKED,2026-08-14,SELL,1673.94,750,2026-08-13,MORGANSTANLEY-BROKER,RECEIVED,TRAIN
TRD101259,2026-08-03,ICICIBANK,INE101259,ICICIBANK,200,1236.26,247252.0,KOTAK-CUST,EQ-INDEX-04,BOOKED,2026-08-04,SELL,1236.26,200,2026-08-03,KOTAK-CUST,RECEIVED,TRAIN
TRD101260,2026-08-20,HDFCBANK,INE101260,HDFCBANK,100,1674.62,167462.0,KOTAK-CUST,EQ-INDEX-04,BOOKED,2026-08-21,SELL,1674.62,100,2026-08-20,KOTAK-CUST,RECEIVED,TRAIN
TRD101261,2026-08-16,ITC,INE101261,ITC,1500,468.47,702705.0,KOTAK-CUST,EQ-ALPHA-03,BOOKED,2026-08-17,SELL,468.47,1500,2026-08-16,KOTAK-CUST,RECEIVED,TEST
TRD101262,2026-08-09,RELIANCE,INE101262,RELIANCE,250,2848.84,712210.0,NOMURA-BROKER,EQ-CORE-01,BOOKED,2026-08-10,SELL,2848.84,250,2026-08-09,NOMURA-BROKER,RECEIVED,TRAIN
TRD101263,2026-08-17,TATASTEEL,INE101263,TATASTEEL,200,172.1,34420.0,MORGANSTANLEY-BROKER,EQ-CORE-01,BOOKED,2026-08-18,SELL,172.1,200,2026-08-17,MORGANSTANLEY-BROKER,RECEIVED,TRAIN
TRD101264,2026-08-03,TATASTEEL,INE101264,TATASTEEL,500,171.76,85880.0,KOTAK-CUST,EQ-CORE-01,BOOKED,2026-08-04,BUY,171.76,500,2026-08-03,KOTAK-CUST,RECEIVED,TRAIN
TRD101265,2026-08-09,SBIN,INE101265,SBIN,500,847.08,423540.0,KOTAK-CUST,EQ-ALPHA-03,BOOKED,2026-08-10,BUY,847.08,500,2026-08-09,KOTAK-CUST,RECEIVED,TRAIN
TRD101266,2026-08-18,WIPRO,INE101266,WIPRO,250,613.39,153347.5,KOTAK-CUST,EQ-CORE-01,BOOKED,2026-08-19,SELL,613.39,250,2026-08-18,KOTAK-CUST,RECEIVED,TRAIN
TRD101267,2026-08-13,ICICIBANK,INE101267,ICICIBANK,1000,1244.31,1244310.0,DEUTSCHE-BROKER,EQ-CORE-01,BOOKED,2026-08-14,SELL,1244.31,1100,2026-08-13,DEUTSCHE-BROKER,RECEIVED,TRAIN
TRD101268,2026-08-08,KOTAKBANK,INE101268,KOTAKBANK,250,1962.85,490712.5,HDFC-CUST,EQ-CORE-02,BOOKED,2026-08-09,SELL,1962.85,250,2026-08-08,HDFC-CUST,RECEIVED,TEST
TRD101269,2026-08-15,HDFCBANK,INE101269,HDFCBANK,2000,1678.93,3357860.0,KOTAK-CUST,EQ-CORE-01,BOOKED,2026-08-16,SELL,1678.93,2000,2026-08-15,KOTAK-CUST,RECEIVED,TRAIN
TRD101270,2026-08-14,MARUTI,INE101270,MARUTI,500,12970.76,6485380.0,HDFC-CUST,EQ-INDEX-04,BOOKED,2026-08-15,SELL,12970.76,500,2026-08-14,HDFC-CUST,RECEIVED,TRAIN
TRD101271,2026-08-19,MARUTI,INE101271,MARUTI,100,12963.74,1296374.0,HDFC-CUST,EQ-ALPHA-03,BOOKED,2026-08-20,BUY,12963.74,100,2026-08-19,HDFC-CUST,RECEIVED,TRAIN
TRD101272,2026-08-14,ITC,INE101272,ITC,1000,468.15,468150.0,DEUTSCHE-BROKER,EQ-INDEX-04,BOOKED,2026-08-15,SELL,468.15,1000,2026-08-14,DEUTSCHE-BROKER,RECEIVED,TRAIN
TRD101273,2026-08-02,SBIN,INE101273,SBIN,100,846.17,84617.0,HDFC-CUST,EQ-CORE-02,BOOKED,2026-08-03,SELL,846.17,100,2026-08-02,HDFC-CUST,RECEIVED,TRAIN
TRD101274,2026-08-07,AXISBANK,INE101274,AXISBANK,1500,1185.92,1778880.0,DEUTSCHE-BROKER,EQ-CORE-01,BOOKED,2026-08-08,SELL,1185.92,1550,2026-08-07,DEUTSCHE-BROKER,RECEIVED,TRAIN
TRD101275,2026-08-19,HDFCBANK,INE101275,HDFCBANK,2000,1668.64,3337280.0,DEUTSCHE-BROKER,EQ-ALPHA-03,BOOKED,2026-08-20,BUY,1668.64,2000,2026-08-19,DEUTSCHE-BROKER,RECEIVED,TRAIN
TRD101276,2026-08-06,INFY,INE101276,INFY,200,1893.61,378722.0,ICICI-CUST,EQ-INDEX-04,BOOKED,2026-08-07,BUY,1893.61,200,2026-08-06,ICICI-CUST,RECEIVED,TEST
TRD101277,2026-08-13,INFY,INE101277,INFY,500,1882.16,941080.0,KOTAK-CUST,EQ-CORE-02,BOOKED,2026-08-14,BUY,1882.16,500,2026-08-13,KOTAK-CUST,RECEIVED,TRAIN
TRD101278,2026-08-12,ICICIBANK,INE101278,ICICIBANK,200,1240.24,248048.0,MORGANSTANLEY-BROKER,EQ-CORE-01,BOOKED,2026-08-13,BUY,1240.24,200,2026-08-12,MORGANSTANLEY-BROKER,RECEIVED,TEST
TRD101279,2026-08-04,SBIN,INE101279,SBIN,1500,844.68,1267020.0,HDFC-CUST,EQ-INDEX-04,BOOKED,2026-08-05,SELL,844.68,1500,2026-08-04,HDFC-CUST,RECEIVED,TEST
TRD101280,2026-08-07,WIPRO,INE101280,WIPRO,200,609.67,121934.0,HDFC-CUST,EQ-CORE-02,BOOKED,2026-08-08,SELL,609.67,200,2026-08-07,HDFC-CUST,RECEIVED,TEST
TRD101281,2026-08-19,BHARTIARTL,INE101281,BHARTIARTL,2000,1684.63,3369260.0,KOTAK-CUST,EQ-CORE-02,BOOKED,2026-08-20,SELL,1684.63,2000,2026-08-19,KOTAK-CUST,RECEIVED,TRAIN
TRD101282,2026-08-05,ICICIBANK,INE101282,ICICIBANK,500,1234.69,617345.0,DEUTSCHE-BROKER,EQ-CORE-01,BOOKED,2026-08-06,SELL,1234.69,500,2026-08-05,DEUTSCHE-BROKER,RECEIVED,TRAIN
TRD101283,2026-08-19,AXISBANK,INE101283,AXISBANK,500,1180.56,590280.0,DEUTSCHE-BROKER,EQ-INDEX-04,BOOKED,2026-08-20,SELL,1180.56,500,2026-08-19,MORGANSTANLEY-BROKER,RECEIVED,TRAIN
TRD101284,2026-08-10,AXISBANK,INE101284,AXISBANK,100,1183.05,118305.0,NOMURA-BROKER,EQ-INDEX-04,BOOKED,2026-08-11,SELL,1158.36,100,2026-08-10,NOMURA-BROKER,RECEIVED,TRAIN
TRD101285,2026-08-06,WIPRO,INE101285,WIPRO,750,609.69,457267.5,DEUTSCHE-BROKER,EQ-CORE-02,BOOKED,2026-08-07,BUY,609.69,750,2026-08-06,DEUTSCHE-BROKER,RECEIVED,TRAIN
TRD101286,2026-08-06,TATASTEEL,INE101286,TATASTEEL,1500,172.38,258570.0,NOMURA-BROKER,EQ-CORE-01,BOOKED,2026-08-07,SELL,172.38,1500,2026-08-06,NOMURA-BROKER,RECEIVED,TEST
TRD101287,2026-08-06,WIPRO,INE101287,WIPRO,100,608.76,60876.0,KOTAK-CUST,EQ-ALPHA-03,BOOKED,2026-08-07,BUY,608.76,100,2026-08-06,KOTAK-CUST,RECEIVED,TRAIN
TRD101288,2026-08-14,WIPRO,INE101288,WIPRO,500,612.84,306420.0,MORGANSTANLEY-BROKER,EQ-CORE-01,BOOKED,2026-08-15,SELL,612.84,500,2026-08-14,MORGANSTANLEY-BROKER,RECEIVED,TRAIN
TRD101289,2026-08-11,TCS,INE101289,TCS,200,4120.93,824186.0,DEUTSCHE-BROKER,EQ-INDEX-04,BOOKED,2026-08-12,BUY,4120.93,200,2026-08-11,DEUTSCHE-BROKER,RECEIVED,TRAIN
TRD101290,2026-08-15,ICICIBANK,INE101290,ICICIBANK,500,1240.88,620440.0,ICICI-CUST,EQ-CORE-01,BOOKED,2026-08-16,SELL,1240.88,500,2026-08-15,ICICI-CUST,RECEIVED,TRAIN
TRD101291,2026-08-07,BHARTIARTL,INE101291,BHARTIARTL,1000,1694.56,1694560.0,DEUTSCHE-BROKER,EQ-CORE-01,BOOKED,2026-08-08,BUY,1694.56,1000,2026-08-07,DEUTSCHE-BROKER,RECEIVED,TRAIN
TRD101292,2026-08-05,ICICIBANK,INE101292,ICICIBANK,200,1243.39,248678.0,KOTAK-CUST,EQ-INDEX-04,BOOKED,2026-08-06,SELL,1243.39,200,2026-08-05,KOTAK-CUST,RECEIVED,TEST
TRD101293,2026-08-08,ITC,INE101293,ITC,200,466.94,93388.0,NOMURA-BROKER,EQ-INDEX-04,BOOKED,2026-08-09,BUY,466.94,200,2026-08-08,NOMURA-BROKER,RECEIVED,TRAIN
TRD101294,2026-08-06,ITC,INE101294,ITC,750,470.5,352875.0,ICICI-CUST,EQ-CORE-01,BOOKED,2026-08-07,BUY,470.5,750,2026-08-06,ICICI-CUST,RECEIVED,TRAIN
TRD101295,2026-08-13,ICICIBANK,INE101295,ICICIBANK,200,1241.23,248246.0,HDFC-CUST,EQ-CORE-01,BOOKED,2026-08-14,BUY,1241.23,200,2026-08-13,HDFC-CUST,RECEIVED,TRAIN
TRD101296,2026-08-12,KOTAKBANK,INE101296,KOTAKBANK,750,1948.92,1461690.0,HDFC-CUST,EQ-CORE-02,BOOKED,2026-08-13,BUY,1948.92,750,2026-08-12,HDFC-CUST,RECEIVED,TRAIN
TRD101297,2026-08-02,TATASTEEL,INE101297,TATASTEEL,500,172.35,86175.0,NOMURA-BROKER,EQ-CORE-01,BOOKED,2026-08-03,SELL,,,,,MISSING,TRAIN
TRD101298,2026-08-20,WIPRO,INE101298,WIPRO,750,610.01,457507.5,ICICI-CUST,EQ-CORE-01,BOOKED,2026-08-21,SELL,610.01,750,2026-08-20,ICICI-CUST,RECEIVED,TEST
TRD101299,2026-08-12,HINDUNILVR,INE101299,HINDUNILVR,500,2757.37,1378685.0,HDFC-CUST,EQ-CORE-02,BOOKED,2026-08-13,BUY,2757.37,500,2026-08-12,HDFC-CUST,RECEIVED,TRAIN
TRD101300,2026-08-01,RELIANCE,INE101300,RELIANCE,1500,2837.04,4255560.0,KOTAK-CUST,EQ-CORE-02,BOOKED,2026-08-02,BUY,,,,,MISSING,TRAIN
TRD101301,2026-08-06,HDFCBANK,INE101301,HDFCBANK,200,1680.17,336034.0,NOMURA-BROKER,EQ-CORE-02,BOOKED,2026-08-07,BUY,1680.17,200,2026-08-06,NOMURA-BROKER,RECEIVED,TRAIN
TRD101302,2026-08-11,BHARTIARTL,INE101302,BHARTIARTL,200,1695.74,339148.0,MORGANSTANLEY-BROKER,EQ-CORE-02,BOOKED,2026-08-12,BUY,1695.74,200,2026-08-11,MORGANSTANLEY-BROKER,RECEIVED,TRAIN
TRD101303,2026-08-04,TATASTEEL,INE101303,TATASTEEL,1500,173.21,259815.0,HDFC-CUST,EQ-CORE-02,BOOKED,2026-08-05,BUY,173.21,1500,2026-08-04,HDFC-CUST,RECEIVED,TRAIN
TRD101304,2026-08-13,SBIN,INE101304,SBIN,1000,842.84,842840.0,NOMURA-BROKER,EQ-ALPHA-03,BOOKED,2026-08-14,BUY,855.72,1000,2026-08-13,NOMURA-BROKER,RECEIVED,TRAIN
TRD101305,2026-08-03,BHARTIARTL,INE101305,BHARTIARTL,500,1689.7,844850.0,NOMURA-BROKER,EQ-ALPHA-03,BOOKED,2026-08-04,SELL,1689.7,500,2026-08-03,NOMURA-BROKER,RECEIVED,TRAIN
TRD101306,2026-08-14,RELIANCE,INE101306,RELIANCE,200,2861.49,572298.0,KOTAK-CUST,EQ-INDEX-04,BOOKED,2026-08-15,BUY,2861.49,200,2026-08-14,KOTAK-CUST,RECEIVED,TRAIN
TRD101307,2026-08-04,WIPRO,INE101307,WIPRO,250,608.84,152210.0,MORGANSTANLEY-BROKER,EQ-ALPHA-03,BOOKED,2026-08-05,SELL,608.84,250,2026-08-04,MORGANSTANLEY-BROKER,RECEIVED,TEST
TRD101308,2026-08-21,KOTAKBANK,INE101308,KOTAKBANK,250,1952.42,488105.0,NOMURA-BROKER,EQ-ALPHA-03,BOOKED,2026-08-22,SELL,1952.42,250,2026-08-21,NOMURA-BROKER,RECEIVED,TRAIN
TRD101309,2026-08-19,TCS,INE101309,TCS,1000,4100.87,4100870.0,DEUTSCHE-BROKER,EQ-INDEX-04,BOOKED,2026-08-20,BUY,,,,,MISSING,TRAIN
TRD101310,2026-08-20,LT,INE101310,LT,100,3670.31,367031.0,ICICI-CUST,EQ-ALPHA-03,BOOKED,2026-08-21,BUY,3670.31,100,2026-08-20,ICICI-CUST,RECEIVED,TEST
TRD101311,2026-08-20,WIPRO,INE101311,WIPRO,1500,611.92,917880.0,ICICI-CUST,EQ-CORE-01,BOOKED,2026-08-21,BUY,611.92,1500,2026-08-20,ICICI-CUST,RECEIVED,TEST
TRD101312,2026-08-05,SBIN,INE101312,SBIN,2000,843.88,1687760.0,DEUTSCHE-BROKER,EQ-CORE-02,BOOKED,2026-08-06,BUY,843.88,2000,2026-08-05,DEUTSCHE-BROKER,RECEIVED,TRAIN
TRD101313,2026-08-11,HDFCBANK,INE101313,HDFCBANK,2000,1679.21,3358420.0,HDFC-CUST,EQ-ALPHA-03,BOOKED,2026-08-12,SELL,1679.21,2000,2026-08-11,HDFC-CUST,RECEIVED,TRAIN
TRD101314,2026-08-14,KOTAKBANK,INE101314,KOTAKBANK,100,1956.11,195611.0,NOMURA-BROKER,EQ-ALPHA-03,BOOKED,2026-08-15,BUY,1956.11,100,2026-08-14,NOMURA-BROKER,RECEIVED,TEST
TRD101315,2026-08-07,HDFCBANK,INE101315,HDFCBANK,1000,1672.57,1672570.0,MORGANSTANLEY-BROKER,EQ-CORE-01,BOOKED,2026-08-08,BUY,1672.57,1000,2026-08-08,MORGANSTANLEY-BROKER,RECEIVED,TEST
TRD101316,2026-08-13,HINDUNILVR,INE101316,HINDUNILVR,500,2748.57,1374285.0,MORGANSTANLEY-BROKER,EQ-ALPHA-03,BOOKED,2026-08-14,BUY,2748.57,500,2026-08-13,MORGANSTANLEY-BROKER,RECEIVED,TRAIN
TRD101317,2026-08-16,ITC,INE101317,ITC,100,466.86,46686.0,ICICI-CUST,EQ-CORE-02,BOOKED,2026-08-17,BUY,466.86,100,2026-08-16,ICICI-CUST,RECEIVED,TRAIN
TRD101318,2026-08-05,KOTAKBANK,INE101318,KOTAKBANK,250,1964.27,491067.5,ICICI-CUST,EQ-CORE-02,BOOKED,2026-08-06,BUY,1964.27,250,2026-08-06,ICICI-CUST,RECEIVED,TRAIN
TRD101319,2026-08-15,HDFCBANK,INE101319,HDFCBANK,200,1673.96,334792.0,KOTAK-CUST,EQ-CORE-02,BOOKED,2026-08-16,BUY,1673.96,200,2026-08-15,KOTAK-CUST,RECEIVED,TEST
TRD101320,2026-08-08,HDFCBANK,INE101320,HDFCBANK,1500,1669.78,2504670.0,KOTAK-CUST,EQ-ALPHA-03,BOOKED,2026-08-09,SELL,1669.78,1500,2026-08-08,KOTAK-CUST,RECEIVED,TRAIN
TRD101321,2026-08-16,KOTAKBANK,INE101321,KOTAKBANK,500,1951.24,975620.0,ICICI-CUST,EQ-ALPHA-03,BOOKED,2026-08-17,SELL,,,,,MISSING,TRAIN
TRD101322,2026-08-14,BHARTIARTL,INE101322,BHARTIARTL,250,1689.9,422475.0,MORGANSTANLEY-BROKER,EQ-INDEX-04,BOOKED,2026-08-15,BUY,1689.9,250,2026-08-14,MORGANSTANLEY-BROKER,RECEIVED,TRAIN
TRD101323,2026-08-13,MARUTI,INE101323,MARUTI,2000,12917.67,25835340.0,DEUTSCHE-BROKER,EQ-CORE-01,BOOKED,2026-08-14,SELL,12917.67,2000,2026-08-13,DEUTSCHE-BROKER,RECEIVED,TRAIN
TRD101324,2026-08-06,AXISBANK,INE101324,AXISBANK,250,1180.87,295217.5,KOTAK-CUST,EQ-INDEX-04,BOOKED,2026-08-07,SELL,1180.87,250,2026-08-06,KOTAK-CUST,RECEIVED,TRAIN
TRD101325,2026-08-18,ICICIBANK,INE101325,ICICIBANK,2000,1238.11,2476220.0,MORGANSTANLEY-BROKER,EQ-INDEX-04,BOOKED,2026-08-19,BUY,1238.11,2000,2026-08-18,MORGANSTANLEY-BROKER,RECEIVED,TEST
TRD101326,2026-08-07,SBIN,INE101326,SBIN,250,847.42,211855.0,HDFC-CUST,EQ-CORE-02,BOOKED,2026-08-08,BUY,,,,,MISSING,TRAIN
TRD101327,2026-08-14,RELIANCE,INE101327,RELIANCE,1000,2850.26,2850260.0,DEUTSCHE-BROKER,EQ-ALPHA-03,BOOKED,2026-08-15,SELL,2850.26,1000,2026-08-14,DEUTSCHE-BROKER,RECEIVED,TRAIN
TRD101328,2026-08-19,ITC,INE101328,ITC,750,469.56,352170.0,ICICI-CUST,EQ-INDEX-04,BOOKED,2026-08-20,BUY,469.56,750,2026-08-19,ICICI-CUST,RECEIVED,TRAIN
TRD101329,2026-08-19,TATASTEEL,INE101329,TATASTEEL,200,172.25,34450.0,HDFC-CUST,EQ-CORE-02,BOOKED,2026-08-20,SELL,172.25,200,2026-08-19,HDFC-CUST,RECEIVED,TRAIN
TRD101330,2026-08-16,ICICIBANK,INE101330,ICICIBANK,1000,1240.92,1240920.0,NOMURA-BROKER,EQ-ALPHA-03,BOOKED,2026-08-17,BUY,1254.06,925,2026-08-16,NOMURA-BROKER,RECEIVED,TRAIN
TRD101331,2026-08-08,KOTAKBANK,INE101331,KOTAKBANK,1500,1964.04,2946060.0,HDFC-CUST,EQ-INDEX-04,BOOKED,2026-08-09,BUY,1964.04,1500,2026-08-08,HDFC-CUST,RECEIVED,TRAIN
TRD101332,2026-08-01,TATASTEEL,INE101332,TATASTEEL,1000,172.68,172680.0,NOMURA-BROKER,EQ-CORE-02,BOOKED,2026-08-02,SELL,172.68,1000,2026-08-01,NOMURA-BROKER,RECEIVED,TRAIN
TRD101333,2026-08-05,AXISBANK,INE101333,AXISBANK,2000,1185.49,2370980.0,KOTAK-CUST,EQ-CORE-02,BOOKED,2026-08-06,BUY,1185.49,2000,2026-08-05,KOTAK-CUST,RECEIVED,TRAIN
TRD101334,2026-08-21,RELIANCE,INE101334,RELIANCE,200,2858.22,571644.0,NOMURA-BROKER,EQ-INDEX-04,BOOKED,2026-08-22,SELL,2858.22,200,2026-08-21,NOMURA-BROKER,RECEIVED,TRAIN
TRD101335,2026-08-07,WIPRO,INE101335,WIPRO,200,610.46,122092.0,DEUTSCHE-BROKER,EQ-CORE-02,BOOKED,2026-08-08,SELL,610.46,200,2026-08-07,DEUTSCHE-BROKER,RECEIVED,TRAIN
TRD101336,2026-08-18,ICICIBANK,INE101336,ICICIBANK,750,1240.81,930607.5,NOMURA-BROKER,EQ-INDEX-04,BOOKED,2026-08-19,SELL,1240.81,750,2026-08-18,NOMURA-BROKER,RECEIVED,TRAIN
TRD101337,2026-08-03,WIPRO,INE101337,WIPRO,1500,611.89,917835.0,ICICI-CUST,EQ-ALPHA-03,BOOKED,2026-08-04,BUY,611.89,1500,2026-08-03,ICICI-CUST,RECEIVED,TEST
TRD101338,2026-08-13,ICICIBANK,INE101338,ICICIBANK,500,1246.14,623070.0,NOMURA-BROKER,EQ-ALPHA-03,BOOKED,2026-08-14,BUY,1246.14,500,2026-08-13,NOMURA-BROKER,RECEIVED,TEST
TRD101339,2026-08-03,INFY,INE101339,INFY,2000,1880.88,3761760.0,NOMURA-BROKER,EQ-INDEX-04,BOOKED,2026-08-04,SELL,1880.88,2000,2026-08-03,NOMURA-BROKER,RECEIVED,TEST
TRD101340,2026-08-06,KOTAKBANK,INE101340,KOTAKBANK,750,1960.26,1470195.0,HDFC-CUST,EQ-ALPHA-03,BOOKED,2026-08-07,BUY,1960.26,750,2026-08-06,HDFC-CUST,RECEIVED,TRAIN
TRD101341,2026-08-06,WIPRO,INE101341,WIPRO,250,608.51,152127.5,MORGANSTANLEY-BROKER,EQ-CORE-01,BOOKED,2026-08-07,SELL,608.51,250,2026-08-06,MORGANSTANLEY-BROKER,RECEIVED,TEST
TRD101342,2026-08-02,AXISBANK,INE101342,AXISBANK,500,1176.54,588270.0,NOMURA-BROKER,EQ-CORE-02,BOOKED,2026-08-03,BUY,1176.54,500,2026-08-02,NOMURA-BROKER,RECEIVED,TEST
TRD101343,2026-08-20,ICICIBANK,INE101343,ICICIBANK,1500,1240.06,1860090.0,ICICI-CUST,EQ-CORE-02,BOOKED,2026-08-21,BUY,1255.11,1425,2026-08-20,ICICI-CUST,RECEIVED,TEST
TRD101344,2026-08-09,ICICIBANK,INE101344,ICICIBANK,200,1239.28,247856.0,ICICI-CUST,EQ-ALPHA-03,BOOKED,2026-08-10,BUY,1239.28,200,2026-08-09,ICICI-CUST,RECEIVED,TRAIN
TRD101345,2026-08-04,AXISBANK,INE101345,AXISBANK,500,1179.99,589995.0,ICICI-CUST,EQ-CORE-01,BOOKED,2026-08-05,SELL,1179.99,500,2026-08-04,ICICI-CUST,RECEIVED,TRAIN
TRD101346,2026-08-02,HINDUNILVR,INE101346,HINDUNILVR,100,2750.14,275014.0,ICICI-CUST,EQ-CORE-02,BOOKED,2026-08-03,BUY,2750.14,100,2026-08-02,ICICI-CUST,RECEIVED,TRAIN
TRD101347,2026-08-16,BHARTIARTL,INE101347,BHARTIARTL,750,1697.7,1273275.0,KOTAK-CUST,EQ-INDEX-04,BOOKED,2026-08-17,SELL,1697.7,750,2026-08-16,KOTAK-CUST,RECEIVED,TRAIN
TRD101348,2026-08-08,SBIN,INE101348,SBIN,1000,849.82,849820.0,KOTAK-CUST,EQ-INDEX-04,BOOKED,2026-08-09,SELL,859.2,1000,2026-08-08,KOTAK-CUST,RECEIVED,TRAIN
TRD101349,2026-08-11,AXISBANK,INE101349,AXISBANK,100,1185.86,118586.0,ICICI-CUST,EQ-CORE-01,BOOKED,2026-08-12,SELL,1185.86,150,2026-08-11,ICICI-CUST,RECEIVED,TEST
TRD101350,2026-08-05,MARUTI,INE101350,MARUTI,1500,13009.23,19513845.0,ICICI-CUST,EQ-CORE-01,BOOKED,2026-08-06,SELL,13009.23,1500,2026-08-05,ICICI-CUST,RECEIVED,TRAIN
TRD101351,2026-08-20,WIPRO,INE101351,WIPRO,500,609.55,304775.0,NOMURA-BROKER,EQ-INDEX-04,BOOKED,2026-08-21,SELL,,,,,MISSING,TRAIN
TRD101352,2026-08-21,KOTAKBANK,INE101352,KOTAKBANK,500,1945.98,972990.0,KOTAK-CUST,EQ-CORE-01,BOOKED,2026-08-22,SELL,1945.98,500,2026-08-22,KOTAK-CUST,RECEIVED,TRAIN
TRD101353,2026-08-11,MARUTI,INE101353,MARUTI,100,13040.95,1304095.0,NOMURA-BROKER,EQ-INDEX-04,BOOKED,2026-08-12,BUY,13040.95,100,2026-08-11,NOMURA-BROKER,RECEIVED,TRAIN
TRD101354,2026-08-20,AXISBANK,INE101354,AXISBANK,2000,1179.07,2358140.0,ICICI-CUST,EQ-ALPHA-03,BOOKED,2026-08-21,SELL,1179.07,2000,2026-08-20,ICICI-CUST,RECEIVED,TRAIN
TRD101355,2026-08-04,TATASTEEL,INE101355,TATASTEEL,2000,173.29,346580.0,NOMURA-BROKER,EQ-INDEX-04,BOOKED,2026-08-05,SELL,173.29,2000,2026-08-04,NOMURA-BROKER,RECEIVED,TRAIN
TRD101356,2026-08-17,AXISBANK,INE101356,AXISBANK,500,1182.75,591375.0,MORGANSTANLEY-BROKER,EQ-CORE-01,BOOKED,2026-08-18,BUY,1182.75,500,2026-08-17,MORGANSTANLEY-BROKER,RECEIVED,TRAIN
TRD101357,2026-08-18,ITC,INE101357,ITC,200,467.97,93594.0,DEUTSCHE-BROKER,EQ-CORE-02,BOOKED,2026-08-19,SELL,467.97,200,2026-08-18,MORGANSTANLEY-BROKER,RECEIVED,TEST
TRD101358,2026-08-08,TCS,INE101358,TCS,2000,4127.45,8254900.0,HDFC-CUST,EQ-CORE-02,BOOKED,2026-08-09,BUY,4127.45,2000,2026-08-08,HDFC-CUST,RECEIVED,TRAIN
TRD101359,2026-08-01,HINDUNILVR,INE101359,HINDUNILVR,200,2734.77,546954.0,HDFC-CUST,EQ-ALPHA-03,BOOKED,2026-08-02,SELL,2734.77,200,2026-08-01,HDFC-CUST,RECEIVED,TEST
TRD101360,2026-08-09,HINDUNILVR,INE101360,HINDUNILVR,750,2737.92,2053440.0,NOMURA-BROKER,EQ-INDEX-04,BOOKED,2026-08-10,BUY,2737.92,750,2026-08-09,NOMURA-BROKER,RECEIVED,TRAIN
TRD101361,2026-08-21,KOTAKBANK,INE101361,KOTAKBANK,250,1963.97,490992.5,NOMURA-BROKER,EQ-INDEX-04,BOOKED,2026-08-22,BUY,1963.97,250,2026-08-21,NOMURA-BROKER,RECEIVED,TEST
TRD101362,2026-08-19,HINDUNILVR,INE101362,HINDUNILVR,1000,2755.81,2755810.0,MORGANSTANLEY-BROKER,EQ-CORE-01,BOOKED,2026-08-20,SELL,2755.81,1000,2026-08-19,MORGANSTANLEY-BROKER,RECEIVED,TRAIN
TRD101363,2026-08-18,BHARTIARTL,INE101363,BHARTIARTL,1500,1693.0,2539500.0,DEUTSCHE-BROKER,EQ-CORE-02,BOOKED,2026-08-19,BUY,1693.0,1500,2026-08-18,DEUTSCHE-BROKER,RECEIVED,TRAIN
TRD101364,2026-08-04,ICICIBANK,INE101364,ICICIBANK,200,1238.21,247642.0,ICICI-CUST,EQ-ALPHA-03,BOOKED,2026-08-05,BUY,1238.21,200,2026-08-04,ICICI-CUST,RECEIVED,TRAIN
TRD101365,2026-08-05,WIPRO,INE101365,WIPRO,200,610.79,122158.0,KOTAK-CUST,EQ-INDEX-04,BOOKED,2026-08-06,BUY,610.79,200,2026-08-05,KOTAK-CUST,RECEIVED,TRAIN
TRD101366,2026-08-07,ICICIBANK,INE101366,ICICIBANK,100,1241.92,124192.0,DEUTSCHE-BROKER,EQ-INDEX-04,BOOKED,2026-08-08,SELL,1241.92,100,2026-08-07,DEUTSCHE-BROKER,RECEIVED,TRAIN
TRD101367,2026-08-05,HINDUNILVR,INE101367,HINDUNILVR,1000,2753.77,2753770.0,MORGANSTANLEY-BROKER,EQ-CORE-02,BOOKED,2026-08-06,BUY,2753.77,1000,2026-08-05,MORGANSTANLEY-BROKER,RECEIVED,TRAIN
TRD101368,2026-08-15,BHARTIARTL,INE101368,BHARTIARTL,100,1691.05,169105.0,KOTAK-CUST,EQ-CORE-02,BOOKED,2026-08-16,SELL,1691.05,100,2026-08-15,KOTAK-CUST,RECEIVED,TRAIN
TRD101369,2026-08-15,MARUTI,INE101369,MARUTI,500,12979.98,6489990.0,HDFC-CUST,EQ-ALPHA-03,BOOKED,2026-08-16,BUY,12979.98,500,2026-08-15,HDFC-CUST,RECEIVED,TRAIN
TRD101370,2026-08-10,WIPRO,INE101370,WIPRO,100,610.95,61095.0,MORGANSTANLEY-BROKER,EQ-CORE-01,BOOKED,2026-08-11,SELL,610.95,100,2026-08-10,MORGANSTANLEY-BROKER,RECEIVED,TRAIN
TRD101371,2026-08-07,MARUTI,INE101371,MARUTI,2000,12997.01,25994020.0,DEUTSCHE-BROKER,EQ-ALPHA-03,BOOKED,2026-08-08,SELL,12997.01,2000,2026-08-07,DEUTSCHE-BROKER,RECEIVED,TRAIN
TRD101372,2026-08-07,RELIANCE,INE101372,RELIANCE,1000,2840.6,2840600.0,NOMURA-BROKER,EQ-CORE-02,BOOKED,2026-08-08,BUY,2840.6,1000,2026-08-07,NOMURA-BROKER,RECEIVED,TRAIN
TRD101373,2026-08-13,TATASTEEL,INE101373,TATASTEEL,250,173.07,43267.5,KOTAK-CUST,EQ-CORE-02,BOOKED,2026-08-14,BUY,173.07,250,2026-08-13,KOTAK-CUST,RECEIVED,TRAIN
TRD101374,2026-08-16,LT,INE101374,LT,1500,3674.17,5511255.0,KOTAK-CUST,EQ-INDEX-04,BOOKED,2026-08-17,SELL,3674.17,1500,2026-08-17,KOTAK-CUST,RECEIVED,TRAIN
TRD101375,2026-08-07,TCS,INE101375,TCS,750,4111.78,3083835.0,NOMURA-BROKER,EQ-INDEX-04,BOOKED,2026-08-08,BUY,4111.78,750,2026-08-07,NOMURA-BROKER,RECEIVED,TRAIN
TRD101376,2026-08-19,INFY,INE101376,INFY,1000,1895.07,1895070.0,ICICI-CUST,EQ-ALPHA-03,BOOKED,2026-08-20,SELL,1895.07,1000,2026-08-19,ICICI-CUST,RECEIVED,TRAIN
TRD101377,2026-08-15,KOTAKBANK,INE101377,KOTAKBANK,250,1957.21,489302.5,NOMURA-BROKER,EQ-INDEX-04,BOOKED,2026-08-16,SELL,1985.72,175,2026-08-15,NOMURA-BROKER,RECEIVED,TEST
TRD101378,2026-08-07,TATASTEEL,INE101378,TATASTEEL,250,171.95,42987.5,NOMURA-BROKER,EQ-CORE-01,BOOKED,2026-08-08,SELL,171.95,250,2026-08-07,NOMURA-BROKER,RECEIVED,TRAIN
TRD101379,2026-08-05,WIPRO,INE101379,WIPRO,200,611.44,122288.0,DEUTSCHE-BROKER,EQ-INDEX-04,BOOKED,2026-08-06,BUY,611.44,200,2026-08-05,DEUTSCHE-BROKER,RECEIVED,TRAIN
TRD101380,2026-08-16,TATASTEEL,INE101380,TATASTEEL,100,171.75,17175.0,HDFC-CUST,EQ-CORE-01,BOOKED,2026-08-17,BUY,171.75,100,2026-08-16,NOMURA-BROKER,RECEIVED,TRAIN
TRD101381,2026-08-05,LT,INE101381,LT,1000,3683.59,3683590.0,NOMURA-BROKER,EQ-INDEX-04,BOOKED,2026-08-06,BUY,3683.59,1000,2026-08-05,NOMURA-BROKER,RECEIVED,TRAIN
TRD101382,2026-08-16,RELIANCE,INE101382,RELIANCE,200,2843.11,568622.0,KOTAK-CUST,EQ-CORE-02,BOOKED,2026-08-17,SELL,2843.11,200,2026-08-16,KOTAK-CUST,RECEIVED,TRAIN
TRD101383,2026-08-21,HINDUNILVR,INE101383,HINDUNILVR,200,2753.23,550646.0,DEUTSCHE-BROKER,EQ-ALPHA-03,BOOKED,2026-08-22,SELL,2753.23,200,2026-08-21,DEUTSCHE-BROKER,RECEIVED,TEST
TRD101384,2026-08-03,SBIN,INE101384,SBIN,100,842.39,84239.0,ICICI-CUST,EQ-INDEX-04,BOOKED,2026-08-04,BUY,864.7,100,2026-08-03,ICICI-CUST,RECEIVED,TRAIN
TRD101385,2026-08-04,RELIANCE,INE101385,RELIANCE,2000,2844.05,5688100.0,MORGANSTANLEY-BROKER,EQ-CORE-02,BOOKED,2026-08-05,SELL,2844.05,2000,2026-08-04,MORGANSTANLEY-BROKER,RECEIVED,TRAIN
TRD101386,2026-08-05,ITC,INE101386,ITC,1500,467.95,701925.0,ICICI-CUST,EQ-ALPHA-03,BOOKED,2026-08-06,BUY,467.95,1500,2026-08-05,ICICI-CUST,RECEIVED,TEST
TRD101387,2026-08-01,WIPRO,INE101387,WIPRO,250,609.77,152442.5,DEUTSCHE-BROKER,EQ-INDEX-04,BOOKED,2026-08-02,BUY,609.77,250,2026-08-01,DEUTSCHE-BROKER,RECEIVED,TEST
TRD101388,2026-08-07,LT,INE101388,LT,200,3689.48,737896.0,NOMURA-BROKER,EQ-CORE-01,BOOKED,2026-08-08,BUY,3689.48,200,2026-08-07,NOMURA-BROKER,RECEIVED,TEST
TRD101389,2026-08-15,MARUTI,INE101389,MARUTI,250,12915.79,3228947.5,KOTAK-CUST,EQ-CORE-01,BOOKED,2026-08-16,BUY,12915.79,250,2026-08-15,KOTAK-CUST,RECEIVED,TRAIN
TRD101390,2026-08-03,INFY,INE101390,INFY,500,1893.19,946595.0,MORGANSTANLEY-BROKER,EQ-ALPHA-03,BOOKED,2026-08-04,BUY,1893.19,500,2026-08-03,MORGANSTANLEY-BROKER,RECEIVED,TRAIN
TRD101391,2026-08-12,TCS,INE101391,TCS,200,4121.0,824200.0,MORGANSTANLEY-BROKER,EQ-CORE-02,BOOKED,2026-08-13,SELL,4121.0,200,2026-08-12,MORGANSTANLEY-BROKER,RECEIVED,TRAIN
TRD101392,2026-08-02,KOTAKBANK,INE101392,KOTAKBANK,100,1950.78,195078.0,MORGANSTANLEY-BROKER,EQ-ALPHA-03,BOOKED,2026-08-03,SELL,1950.78,100,2026-08-02,MORGANSTANLEY-BROKER,RECEIVED,TRAIN
TRD101393,2026-08-17,INFY,INE101393,INFY,2000,1893.99,3787980.0,KOTAK-CUST,EQ-CORE-02,BOOKED,2026-08-18,BUY,1893.99,2000,2026-08-17,KOTAK-CUST,RECEIVED,TRAIN
TRD101394,2026-08-07,KOTAKBANK,INE101394,KOTAKBANK,100,1950.56,195056.0,HDFC-CUST,EQ-ALPHA-03,BOOKED,2026-08-08,BUY,1989.55,100,2026-08-07,HDFC-CUST,RECEIVED,TRAIN
TRD101395,2026-08-09,INFY,INE101395,INFY,500,1892.03,946015.0,HDFC-CUST,EQ-INDEX-04,BOOKED,2026-08-10,BUY,1892.03,500,2026-08-09,HDFC-CUST,RECEIVED,TRAIN
TRD101396,2026-08-21,LT,INE101396,LT,750,3671.34,2753505.0,HDFC-CUST,EQ-INDEX-04,BOOKED,2026-08-22,SELL,3671.34,750,2026-08-21,HDFC-CUST,RECEIVED,TEST
TRD101397,2026-08-05,TCS,INE101397,TCS,750,4128.02,3096015.0,MORGANSTANLEY-BROKER,EQ-CORE-02,BOOKED,2026-08-06,BUY,4128.02,750,2026-08-05,MORGANSTANLEY-BROKER,RECEIVED,TRAIN
TRD101398,2026-08-21,KOTAKBANK,INE101398,KOTAKBANK,750,1965.39,1474042.5,HDFC-CUST,EQ-ALPHA-03,BOOKED,2026-08-22,BUY,1965.39,750,2026-08-21,HDFC-CUST,RECEIVED,TRAIN
TRD101399,2026-08-14,BHARTIARTL,INE101399,BHARTIARTL,250,1687.3,421825.0,DEUTSCHE-BROKER,EQ-CORE-01,BOOKED,2026-08-15,BUY,1687.3,250,2026-08-14,DEUTSCHE-BROKER,RECEIVED,TEST
TRD101400,2026-08-04,TCS,INE101400,TCS,750,4105.28,3078960.0,NOMURA-BROKER,EQ-INDEX-04,BOOKED,2026-08-05,BUY,4105.28,750,2026-08-04,NOMURA-BROKER,RECEIVED,TRAIN
TRD101401,2026-08-11,SBIN,INE101401,SBIN,200,844.44,168888.0,KOTAK-CUST,EQ-CORE-02,BOOKED,2026-08-12,BUY,844.44,200,2026-08-11,KOTAK-CUST,RECEIVED,TEST
TRD101402,2026-08-08,ICICIBANK,INE101402,ICICIBANK,100,1235.81,123581.0,DEUTSCHE-BROKER,EQ-CORE-01,BOOKED,2026-08-09,BUY,1235.81,100,2026-08-09,DEUTSCHE-BROKER,RECEIVED,TRAIN
TRD101403,2026-08-16,INFY,INE101403,INFY,750,1891.98,1418985.0,ICICI-CUST,EQ-ALPHA-03,BOOKED,2026-08-17,SELL,1891.98,750,2026-08-16,ICICI-CUST,RECEIVED,TEST
TRD101404,2026-08-02,LT,INE101404,LT,750,3684.1,2763075.0,HDFC-CUST,EQ-ALPHA-03,BOOKED,2026-08-03,SELL,3684.1,750,2026-08-02,HDFC-CUST,RECEIVED,TRAIN
TRD101405,2026-08-18,INFY,INE101405,INFY,1000,1896.09,1896090.0,MORGANSTANLEY-BROKER,EQ-INDEX-04,BOOKED,2026-08-19,SELL,1896.09,1000,2026-08-18,MORGANSTANLEY-BROKER,RECEIVED,TRAIN
TRD101406,2026-08-17,AXISBANK,INE101406,AXISBANK,250,1177.41,294352.5,NOMURA-BROKER,EQ-CORE-02,BOOKED,2026-08-18,BUY,1177.41,250,2026-08-17,NOMURA-BROKER,RECEIVED,TRAIN
TRD101407,2026-08-09,INFY,INE101407,INFY,1500,1891.58,2837370.0,ICICI-CUST,EQ-ALPHA-03,BOOKED,2026-08-10,BUY,1891.58,1500,2026-08-09,ICICI-CUST,RECEIVED,TEST
TRD101408,2026-08-06,KOTAKBANK,INE101408,KOTAKBANK,1500,1959.74,2939610.0,DEUTSCHE-BROKER,EQ-ALPHA-03,BOOKED,2026-08-07,SELL,1959.74,1500,2026-08-06,DEUTSCHE-BROKER,RECEIVED,TRAIN
TRD101409,2026-08-14,LT,INE101409,LT,750,3671.9,2753925.0,MORGANSTANLEY-BROKER,EQ-CORE-02,BOOKED,2026-08-15,SELL,3671.9,750,2026-08-14,MORGANSTANLEY-BROKER,RECEIVED,TRAIN
TRD101410,2026-08-14,KOTAKBANK,INE101410,KOTAKBANK,200,1964.45,392890.0,KOTAK-CUST,EQ-CORE-01,BOOKED,2026-08-15,BUY,,,,,MISSING,TRAIN
TRD101411,2026-08-06,TCS,INE101411,TCS,500,4139.08,2069540.0,MORGANSTANLEY-BROKER,EQ-CORE-01,BOOKED,2026-08-07,BUY,4139.08,500,2026-08-06,MORGANSTANLEY-BROKER,RECEIVED,TRAIN
TRD101412,2026-08-16,WIPRO,INE101412,WIPRO,750,610.68,458010.0,ICICI-CUST,EQ-INDEX-04,BOOKED,2026-08-17,BUY,610.68,750,2026-08-16,ICICI-CUST,RECEIVED,TRAIN
TRD101413,2026-08-18,ITC,INE101413,ITC,2000,468.97,937940.0,NOMURA-BROKER,EQ-CORE-01,BOOKED,2026-08-19,SELL,468.97,2000,2026-08-18,NOMURA-BROKER,RECEIVED,TRAIN
TRD101414,2026-08-01,RELIANCE,INE101414,RELIANCE,500,2862.21,1431105.0,NOMURA-BROKER,EQ-INDEX-04,BOOKED,2026-08-02,SELL,2862.21,500,2026-08-01,NOMURA-BROKER,RECEIVED,TEST
TRD101415,2026-08-06,HDFCBANK,INE101415,HDFCBANK,100,1677.0,167700.0,NOMURA-BROKER,EQ-CORE-02,BOOKED,2026-08-07,BUY,1677.0,100,2026-08-06,NOMURA-BROKER,RECEIVED,TRAIN
TRD101416,2026-08-17,TCS,INE101416,TCS,1000,4134.74,4134740.0,KOTAK-CUST,EQ-CORE-01,BOOKED,2026-08-18,SELL,4134.74,1000,2026-08-17,KOTAK-CUST,RECEIVED,TRAIN
TRD101417,2026-08-04,ITC,INE101417,ITC,1500,467.35,701025.0,KOTAK-CUST,EQ-CORE-02,BOOKED,2026-08-05,BUY,467.35,1500,2026-08-04,KOTAK-CUST,RECEIVED,TEST
TRD101418,2026-08-09,ICICIBANK,INE101418,ICICIBANK,750,1240.59,930442.5,HDFC-CUST,EQ-CORE-01,BOOKED,2026-08-10,SELL,1240.59,750,2026-08-09,HDFC-CUST,RECEIVED,TRAIN
TRD101419,2026-08-21,HDFCBANK,INE101419,HDFCBANK,750,1682.39,1261792.5,MORGANSTANLEY-BROKER,EQ-CORE-01,BOOKED,2026-08-22,SELL,1682.39,750,2026-08-21,MORGANSTANLEY-BROKER,RECEIVED,TRAIN
TRD101420,2026-08-01,TATASTEEL,INE101420,TATASTEEL,2000,171.69,343380.0,MORGANSTANLEY-BROKER,EQ-INDEX-04,BOOKED,2026-08-02,SELL,171.69,2000,2026-08-01,MORGANSTANLEY-BROKER,RECEIVED,TRAIN
TRD101421,2026-08-12,ICICIBANK,INE101421,ICICIBANK,1000,1235.93,1235930.0,NOMURA-BROKER,EQ-CORE-02,BOOKED,2026-08-13,SELL,1235.93,1000,2026-08-12,NOMURA-BROKER,RECEIVED,TRAIN
TRD101422,2026-08-16,SBIN,INE101422,SBIN,100,842.23,84223.0,HDFC-CUST,EQ-CORE-01,BOOKED,2026-08-17,BUY,842.23,100,2026-08-16,HDFC-CUST,RECEIVED,TRAIN
TRD101423,2026-08-01,BHARTIARTL,INE101423,BHARTIARTL,200,1697.38,339476.0,HDFC-CUST,EQ-ALPHA-03,BOOKED,2026-08-02,BUY,1697.38,200,2026-08-01,HDFC-CUST,RECEIVED,TEST
TRD101424,2026-08-12,ITC,INE101424,ITC,1500,468.31,702465.0,DEUTSCHE-BROKER,EQ-CORE-02,BOOKED,2026-08-13,SELL,468.31,1500,2026-08-12,DEUTSCHE-BROKER,RECEIVED,TRAIN
TRD101425,2026-08-15,TCS,INE101425,TCS,2000,4127.19,8254380.0,HDFC-CUST,EQ-CORE-02,BOOKED,2026-08-16,SELL,,,,,MISSING,TRAIN
TRD101426,2026-08-07,WIPRO,INE101426,WIPRO,1500,607.33,910995.0,ICICI-CUST,EQ-CORE-02,BOOKED,2026-08-08,SELL,607.33,1500,2026-08-07,ICICI-CUST,RECEIVED,TEST
TRD101427,2026-08-11,RELIANCE,INE101427,RELIANCE,250,2847.49,711872.5,ICICI-CUST,EQ-CORE-02,BOOKED,2026-08-12,BUY,2847.49,250,2026-08-11,ICICI-CUST,RECEIVED,TRAIN
TRD101428,2026-08-16,ITC,INE101428,ITC,750,467.11,350332.5,MORGANSTANLEY-BROKER,EQ-INDEX-04,BOOKED,2026-08-17,BUY,467.11,750,2026-08-16,MORGANSTANLEY-BROKER,RECEIVED,TRAIN
TRD101429,2026-08-13,SBIN,INE101429,SBIN,1500,845.62,1268430.0,HDFC-CUST,EQ-CORE-01,BOOKED,2026-08-14,BUY,845.62,1500,2026-08-13,NOMURA-BROKER,RECEIVED,TRAIN
TRD101430,2026-08-12,HINDUNILVR,INE101430,HINDUNILVR,100,2735.33,273533.0,MORGANSTANLEY-BROKER,EQ-CORE-01,BOOKED,2026-08-13,BUY,2735.33,100,2026-08-12,MORGANSTANLEY-BROKER,RECEIVED,TRAIN
TRD101431,2026-08-20,RELIANCE,INE101431,RELIANCE,1000,2848.5,2848500.0,NOMURA-BROKER,EQ-CORE-01,BOOKED,2026-08-21,SELL,2848.5,1000,2026-08-20,NOMURA-BROKER,RECEIVED,TRAIN
TRD101432,2026-08-03,ITC,INE101432,ITC,750,467.88,350910.0,DEUTSCHE-BROKER,EQ-CORE-02,BOOKED,2026-08-04,BUY,467.88,750,2026-08-03,DEUTSCHE-BROKER,RECEIVED,TRAIN
TRD101433,2026-08-04,WIPRO,INE101433,WIPRO,250,608.82,152205.0,KOTAK-CUST,EQ-CORE-02,BOOKED,2026-08-05,SELL,608.82,250,2026-08-04,KOTAK-CUST,RECEIVED,TRAIN
TRD101434,2026-08-04,HDFCBANK,INE101434,HDFCBANK,2000,1678.66,3357320.0,NOMURA-BROKER,EQ-CORE-02,BOOKED,2026-08-05,BUY,1678.66,2000,2026-08-04,NOMURA-BROKER,RECEIVED,TRAIN
TRD101435,2026-08-05,MARUTI,INE101435,MARUTI,250,12944.87,3236217.5,DEUTSCHE-BROKER,EQ-CORE-01,BOOKED,2026-08-06,SELL,12944.87,250,2026-08-05,DEUTSCHE-BROKER,RECEIVED,TRAIN
TRD101436,2026-08-20,HDFCBANK,INE101436,HDFCBANK,250,1673.97,418492.5,HDFC-CUST,EQ-CORE-01,BOOKED,2026-08-21,BUY,1673.97,250,2026-08-20,HDFC-CUST,RECEIVED,TRAIN
TRD101437,2026-08-21,BHARTIARTL,INE101437,BHARTIARTL,1500,1690.82,2536230.0,HDFC-CUST,EQ-CORE-02,BOOKED,2026-08-22,SELL,1690.82,1500,2026-08-21,HDFC-CUST,RECEIVED,TRAIN
TRD101438,2026-08-14,BHARTIARTL,INE101438,BHARTIARTL,2000,1682.99,3365980.0,NOMURA-BROKER,EQ-CORE-01,BOOKED,2026-08-15,SELL,1682.99,2000,2026-08-14,NOMURA-BROKER,RECEIVED,TRAIN
TRD101439,2026-08-12,TCS,INE101439,TCS,750,4115.13,3086347.5,NOMURA-BROKER,EQ-INDEX-04,BOOKED,2026-08-13,BUY,4115.13,750,2026-08-12,NOMURA-BROKER,RECEIVED,TRAIN
TRD101440,2026-08-01,SBIN,INE101440,SBIN,100,842.91,84291.0,ICICI-CUST,EQ-ALPHA-03,BOOKED,2026-08-02,BUY,854.25,175,2026-08-01,ICICI-CUST,RECEIVED,TRAIN
TRD101441,2026-08-20,ICICIBANK,INE101441,ICICIBANK,2000,1238.07,2476140.0,ICICI-CUST,EQ-INDEX-04,BOOKED,2026-08-21,BUY,,,,,MISSING,TRAIN
TRD101442,2026-08-10,ICICIBANK,INE101442,ICICIBANK,2000,1239.11,2478220.0,ICICI-CUST,EQ-CORE-01,BOOKED,2026-08-11,BUY,1239.11,2000,2026-08-10,ICICI-CUST,RECEIVED,TRAIN
TRD101443,2026-08-12,KOTAKBANK,INE101443,KOTAKBANK,250,1952.4,488100.0,NOMURA-BROKER,EQ-ALPHA-03,BOOKED,2026-08-13,BUY,1952.4,250,2026-08-12,NOMURA-BROKER,RECEIVED,TEST
TRD101444,2026-08-13,KOTAKBANK,INE101444,KOTAKBANK,750,1950.03,1462522.5,ICICI-CUST,EQ-CORE-01,BOOKED,2026-08-14,BUY,,,,,MISSING,TRAIN
TRD101445,2026-08-21,KOTAKBANK,INE101445,KOTAKBANK,200,1946.72,389344.0,HDFC-CUST,EQ-CORE-02,BOOKED,2026-08-22,SELL,1946.72,200,2026-08-21,HDFC-CUST,RECEIVED,TRAIN
TRD101446,2026-08-18,TATASTEEL,INE101446,TATASTEEL,200,171.72,34344.0,MORGANSTANLEY-BROKER,EQ-ALPHA-03,BOOKED,2026-08-19,SELL,171.72,200,2026-08-18,MORGANSTANLEY-BROKER,RECEIVED,TEST
TRD101447,2026-08-07,WIPRO,INE101447,WIPRO,2000,613.34,1226680.0,MORGANSTANLEY-BROKER,EQ-CORE-02,BOOKED,2026-08-08,BUY,613.34,2000,2026-08-07,MORGANSTANLEY-BROKER,RECEIVED,TRAIN
TRD101448,2026-08-09,INFY,INE101448,INFY,500,1888.75,944375.0,MORGANSTANLEY-BROKER,EQ-ALPHA-03,BOOKED,2026-08-10,SELL,1888.75,500,2026-08-09,MORGANSTANLEY-BROKER,RECEIVED,TEST
TRD101449,2026-08-03,ITC,INE101449,ITC,200,470.83,94166.0,DEUTSCHE-BROKER,EQ-INDEX-04,BOOKED,2026-08-04,BUY,470.83,150,2026-08-03,DEUTSCHE-BROKER,RECEIVED,TRAIN
TRD101450,2026-08-05,INFY,INE101450,INFY,750,1894.02,1420515.0,KOTAK-CUST,EQ-CORE-01,BOOKED,2026-08-06,BUY,1894.02,750,2026-08-05,KOTAK-CUST,RECEIVED,TRAIN
TRD101451,2026-08-13,HINDUNILVR,INE101451,HINDUNILVR,500,2752.21,1376105.0,DEUTSCHE-BROKER,EQ-CORE-01,BOOKED,2026-08-14,BUY,2752.21,500,2026-08-13,DEUTSCHE-BROKER,RECEIVED,TRAIN
TRD101452,2026-08-13,ITC,INE101452,ITC,1500,469.19,703785.0,DEUTSCHE-BROKER,EQ-ALPHA-03,BOOKED,2026-08-14,BUY,469.19,1500,2026-08-13,DEUTSCHE-BROKER,RECEIVED,TEST
TRD101453,2026-08-07,INFY,INE101453,INFY,100,1883.87,188387.0,MORGANSTANLEY-BROKER,EQ-CORE-01,BOOKED,2026-08-08,SELL,1883.87,100,2026-08-07,MORGANSTANLEY-BROKER,RECEIVED,TRAIN
TRD101454,2026-08-08,LT,INE101454,LT,750,3672.92,2754690.0,KOTAK-CUST,EQ-ALPHA-03,BOOKED,2026-08-09,BUY,3672.92,750,2026-08-08,KOTAK-CUST,RECEIVED,TRAIN
TRD101455,2026-08-08,INFY,INE101455,INFY,500,1881.71,940855.0,KOTAK-CUST,EQ-CORE-01,BOOKED,2026-08-09,BUY,1881.71,500,2026-08-08,KOTAK-CUST,RECEIVED,TRAIN
TRD101456,2026-08-09,TATASTEEL,INE101456,TATASTEEL,750,173.19,129892.5,ICICI-CUST,EQ-CORE-02,BOOKED,2026-08-10,BUY,175.06,825,2026-08-09,ICICI-CUST,RECEIVED,TRAIN
TRD101457,2026-08-12,LT,INE101457,LT,200,3661.8,732360.0,NOMURA-BROKER,EQ-ALPHA-03,BOOKED,2026-08-13,SELL,3728.75,125,2026-08-12,NOMURA-BROKER,RECEIVED,TEST
TRD101458,2026-08-14,TCS,INE101458,TCS,750,4129.9,3097425.0,MORGANSTANLEY-BROKER,EQ-ALPHA-03,BOOKED,2026-08-15,SELL,4129.9,750,2026-08-14,MORGANSTANLEY-BROKER,RECEIVED,TRAIN
TRD101459,2026-08-08,RELIANCE,INE101459,RELIANCE,100,2859.73,285973.0,NOMURA-BROKER,EQ-ALPHA-03,BOOKED,2026-08-09,BUY,2859.73,100,2026-08-08,NOMURA-BROKER,RECEIVED,TRAIN
TRD101460,2026-08-19,ICICIBANK,INE101460,ICICIBANK,100,1241.26,124126.0,ICICI-CUST,EQ-INDEX-04,BOOKED,2026-08-20,SELL,1241.26,100,2026-08-19,ICICI-CUST,RECEIVED,TRAIN
TRD101461,2026-08-08,MARUTI,INE101461,MARUTI,500,13021.13,6510565.0,KOTAK-CUST,EQ-ALPHA-03,BOOKED,2026-08-09,BUY,13021.13,500,2026-08-08,KOTAK-CUST,RECEIVED,TEST
TRD101462,2026-08-08,AXISBANK,INE101462,AXISBANK,1500,1176.19,1764285.0,NOMURA-BROKER,EQ-INDEX-04,BOOKED,2026-08-09,SELL,1176.19,1500,2026-08-08,NOMURA-BROKER,RECEIVED,TRAIN
TRD101463,2026-08-06,INFY,INE101463,INFY,2000,1882.62,3765240.0,DEUTSCHE-BROKER,EQ-CORE-02,BOOKED,2026-08-07,BUY,1882.62,2000,2026-08-06,DEUTSCHE-BROKER,RECEIVED,TRAIN
TRD101464,2026-08-06,HDFCBANK,INE101464,HDFCBANK,2000,1682.63,3365260.0,NOMURA-BROKER,EQ-ALPHA-03,BOOKED,2026-08-07,BUY,1712.63,2075,2026-08-06,NOMURA-BROKER,RECEIVED,TRAIN
TRD101465,2026-08-13,ICICIBANK,INE101465,ICICIBANK,250,1245.58,311395.0,NOMURA-BROKER,EQ-CORE-02,BOOKED,2026-08-14,BUY,1245.58,250,2026-08-13,NOMURA-BROKER,RECEIVED,TRAIN
TRD101466,2026-08-15,INFY,INE101466,INFY,200,1888.91,377782.0,NOMURA-BROKER,EQ-INDEX-04,BOOKED,2026-08-16,BUY,1921.87,200,2026-08-15,NOMURA-BROKER,RECEIVED,TRAIN
TRD101467,2026-08-01,WIPRO,INE101467,WIPRO,250,611.73,152932.5,MORGANSTANLEY-BROKER,EQ-CORE-01,BOOKED,2026-08-02,SELL,611.73,250,2026-08-01,MORGANSTANLEY-BROKER,RECEIVED,TRAIN
TRD101468,2026-08-01,BHARTIARTL,INE101468,BHARTIARTL,100,1683.81,168381.0,NOMURA-BROKER,EQ-CORE-01,BOOKED,2026-08-02,BUY,1683.81,100,2026-08-01,NOMURA-BROKER,RECEIVED,TRAIN
TRD101469,2026-08-21,HDFCBANK,INE101469,HDFCBANK,200,1671.31,334262.0,MORGANSTANLEY-BROKER,EQ-CORE-01,BOOKED,2026-08-22,BUY,1671.31,200,2026-08-21,MORGANSTANLEY-BROKER,RECEIVED,TEST
TRD101470,2026-08-11,HINDUNILVR,INE101470,HINDUNILVR,200,2746.76,549352.0,NOMURA-BROKER,EQ-CORE-01,BOOKED,2026-08-12,BUY,2746.76,200,2026-08-11,NOMURA-BROKER,RECEIVED,TRAIN
TRD101471,2026-08-15,INFY,INE101471,INFY,2000,1895.21,3790420.0,HDFC-CUST,EQ-ALPHA-03,BOOKED,2026-08-16,SELL,1895.21,2000,2026-08-15,HDFC-CUST,RECEIVED,TRAIN
TRD101472,2026-08-18,ITC,INE101472,ITC,250,467.7,116925.0,NOMURA-BROKER,EQ-ALPHA-03,BOOKED,2026-08-19,BUY,,,,,MISSING,TEST
TRD101473,2026-08-10,RELIANCE,INE101473,RELIANCE,100,2839.18,283918.0,ICICI-CUST,EQ-INDEX-04,BOOKED,2026-08-11,BUY,2839.18,100,2026-08-10,ICICI-CUST,RECEIVED,TRAIN
TRD101474,2026-08-14,RELIANCE,INE101474,RELIANCE,500,2836.93,1418465.0,DEUTSCHE-BROKER,EQ-CORE-02,BOOKED,2026-08-15,SELL,2836.93,500,2026-08-14,DEUTSCHE-BROKER,RECEIVED,TRAIN
TRD101475,2026-08-13,KOTAKBANK,INE101475,KOTAKBANK,750,1950.34,1462755.0,NOMURA-BROKER,EQ-CORE-01,BOOKED,2026-08-14,SELL,1950.34,750,2026-08-13,NOMURA-BROKER,RECEIVED,TEST
TRD101476,2026-08-10,INFY,INE101476,INFY,200,1885.09,377018.0,KOTAK-CUST,EQ-CORE-01,BOOKED,2026-08-11,SELL,1885.09,200,2026-08-10,KOTAK-CUST,RECEIVED,TEST
TRD101477,2026-08-03,TCS,INE101477,TCS,1000,4138.19,4138190.0,ICICI-CUST,EQ-CORE-02,BOOKED,2026-08-04,BUY,4138.19,1000,2026-08-03,ICICI-CUST,RECEIVED,TRAIN
TRD101478,2026-08-14,BHARTIARTL,INE101478,BHARTIARTL,1000,1692.08,1692080.0,HDFC-CUST,EQ-ALPHA-03,BOOKED,2026-08-15,SELL,1692.08,1000,2026-08-14,HDFC-CUST,RECEIVED,TEST
TRD101479,2026-08-16,SBIN,INE101479,SBIN,200,843.66,168732.0,NOMURA-BROKER,EQ-ALPHA-03,BOOKED,2026-08-17,SELL,843.66,200,2026-08-16,NOMURA-BROKER,RECEIVED,TRAIN
TRD101480,2026-08-05,HINDUNILVR,INE101480,HINDUNILVR,200,2753.53,550706.0,NOMURA-BROKER,EQ-CORE-02,BOOKED,2026-08-06,SELL,2753.53,200,2026-08-06,NOMURA-BROKER,RECEIVED,TEST
TRD101481,2026-08-16,INFY,INE101481,INFY,1500,1889.29,2833935.0,ICICI-CUST,EQ-CORE-01,BOOKED,2026-08-17,SELL,1889.29,1500,2026-08-16,ICICI-CUST,RECEIVED,TRAIN
TRD101482,2026-08-11,WIPRO,INE101482,WIPRO,750,608.18,456135.0,HDFC-CUST,EQ-CORE-02,BOOKED,2026-08-12,SELL,608.18,750,2026-08-11,HDFC-CUST,RECEIVED,TRAIN
TRD101483,2026-08-16,SBIN,INE101483,SBIN,1000,845.55,845550.0,NOMURA-BROKER,EQ-INDEX-04,BOOKED,2026-08-17,SELL,845.55,1000,2026-08-17,NOMURA-BROKER,RECEIVED,TRAIN
TRD101484,2026-08-18,INFY,INE101484,INFY,500,1888.09,944045.0,DEUTSCHE-BROKER,EQ-INDEX-04,BOOKED,2026-08-19,BUY,1888.09,500,2026-08-18,DEUTSCHE-BROKER,RECEIVED,TRAIN
TRD101485,2026-08-14,BHARTIARTL,INE101485,BHARTIARTL,200,1691.77,338354.0,MORGANSTANLEY-BROKER,EQ-CORE-02,BOOKED,2026-08-15,BUY,1691.77,200,2026-08-14,MORGANSTANLEY-BROKER,RECEIVED,TRAIN
TRD101486,2026-08-01,HDFCBANK,INE101486,HDFCBANK,1000,1666.87,1666870.0,KOTAK-CUST,EQ-INDEX-04,BOOKED,2026-08-02,BUY,,,,,MISSING,TRAIN
TRD101487,2026-08-12,TATASTEEL,INE101487,TATASTEEL,200,171.69,34338.0,KOTAK-CUST,EQ-CORE-02,BOOKED,2026-08-13,SELL,171.69,200,2026-08-12,KOTAK-CUST,RECEIVED,TRAIN
TRD101488,2026-08-18,ITC,INE101488,ITC,250,470.47,117617.5,DEUTSCHE-BROKER,EQ-CORE-02,BOOKED,2026-08-19,BUY,470.47,250,2026-08-18,DEUTSCHE-BROKER,RECEIVED,TEST
TRD101489,2026-08-05,MARUTI,INE101489,MARUTI,500,12922.35,6461175.0,ICICI-CUST,EQ-CORE-02,BOOKED,2026-08-06,SELL,12922.35,500,2026-08-05,ICICI-CUST,RECEIVED,TRAIN
TRD101490,2026-08-14,WIPRO,INE101490,WIPRO,100,611.55,61155.0,KOTAK-CUST,EQ-CORE-01,BOOKED,2026-08-15,BUY,611.55,100,2026-08-14,KOTAK-CUST,RECEIVED,TEST
TRD101491,2026-08-20,KOTAKBANK,INE101491,KOTAKBANK,200,1955.25,391050.0,HDFC-CUST,EQ-CORE-01,BOOKED,2026-08-21,BUY,1955.25,200,2026-08-20,HDFC-CUST,RECEIVED,TRAIN
TRD101492,2026-08-03,SBIN,INE101492,SBIN,250,842.04,210510.0,ICICI-CUST,EQ-INDEX-04,BOOKED,2026-08-04,BUY,842.04,250,2026-08-03,ICICI-CUST,RECEIVED,TRAIN
TRD101493,2026-08-05,HINDUNILVR,INE101493,HINDUNILVR,250,2744.77,686192.5,NOMURA-BROKER,EQ-ALPHA-03,BOOKED,2026-08-06,SELL,2744.77,250,2026-08-05,NOMURA-BROKER,RECEIVED,TEST
TRD101494,2026-08-21,BHARTIARTL,INE101494,BHARTIARTL,1000,1689.45,1689450.0,NOMURA-BROKER,EQ-CORE-01,BOOKED,2026-08-22,SELL,1689.45,1000,2026-08-21,NOMURA-BROKER,RECEIVED,TRAIN
TRD101495,2026-08-21,TCS,INE101495,TCS,250,4102.62,1025655.0,ICICI-CUST,EQ-CORE-02,BOOKED,2026-08-22,BUY,4102.62,250,2026-08-21,ICICI-CUST,RECEIVED,TRAIN
TRD101496,2026-08-15,RELIANCE,INE101496,RELIANCE,1500,2859.98,4289970.0,MORGANSTANLEY-BROKER,EQ-ALPHA-03,BOOKED,2026-08-16,SELL,2859.98,1500,2026-08-15,MORGANSTANLEY-BROKER,RECEIVED,TRAIN
TRD101497,2026-08-06,WIPRO,INE101497,WIPRO,500,609.88,304940.0,KOTAK-CUST,EQ-CORE-01,BOOKED,2026-08-07,SELL,609.88,600,2026-08-06,KOTAK-CUST,RECEIVED,TRAIN
TRD101498,2026-08-02,INFY,INE101498,INFY,500,1888.42,944210.0,HDFC-CUST,EQ-INDEX-04,BOOKED,2026-08-03,BUY,1888.42,500,2026-08-02,HDFC-CUST,RECEIVED,TRAIN
TRD101499,2026-08-15,MARUTI,INE101499,MARUTI,200,13021.09,2604218.0,DEUTSCHE-BROKER,EQ-ALPHA-03,BOOKED,2026-08-16,SELL,13021.09,200,2026-08-15,DEUTSCHE-BROKER,RECEIVED,TRAIN
TRD101500,2026-08-12,MARUTI,INE101500,MARUTI,1500,12936.49,19404735.0,NOMURA-BROKER,EQ-INDEX-04,BOOKED,2026-08-13,BUY,13187.16,1575,2026-08-12,NOMURA-BROKER,RECEIVED,TRAIN
TRD101501,2026-08-12,ICICIBANK,INE101501,ICICIBANK,200,1235.89,247178.0,MORGANSTANLEY-BROKER,EQ-ALPHA-03,BOOKED,2026-08-13,BUY,1235.89,200,2026-08-12,MORGANSTANLEY-BROKER,RECEIVED,TEST
TRD101502,2026-08-04,HDFCBANK,INE101502,HDFCBANK,750,1669.55,1252162.5,ICICI-CUST,EQ-CORE-02,BOOKED,2026-08-05,BUY,1640.49,750,2026-08-04,ICICI-CUST,RECEIVED,TRAIN
TRD101503,2026-08-07,HINDUNILVR,INE101503,HINDUNILVR,750,2737.03,2052772.5,NOMURA-BROKER,EQ-CORE-01,BOOKED,2026-08-08,BUY,2737.03,750,2026-08-07,NOMURA-BROKER,RECEIVED,TRAIN
TRD101504,2026-08-19,ICICIBANK,INE101504,ICICIBANK,200,1246.71,249342.0,ICICI-CUST,EQ-INDEX-04,BOOKED,2026-08-20,BUY,1246.71,200,2026-08-19,ICICI-CUST,RECEIVED,TRAIN
TRD101505,2026-08-10,RELIANCE,INE101505,RELIANCE,1000,2838.9,2838900.0,ICICI-CUST,EQ-ALPHA-03,BOOKED,2026-08-11,SELL,2838.9,1000,2026-08-10,ICICI-CUST,RECEIVED,TEST
TRD101506,2026-08-13,BHARTIARTL,INE101506,BHARTIARTL,500,1687.26,843630.0,NOMURA-BROKER,EQ-ALPHA-03,BOOKED,2026-08-14,BUY,1687.26,550,2026-08-13,NOMURA-BROKER,RECEIVED,TRAIN
TRD101507,2026-08-17,WIPRO,INE101507,WIPRO,200,609.32,121864.0,ICICI-CUST,EQ-CORE-02,BOOKED,2026-08-18,BUY,609.32,200,2026-08-17,ICICI-CUST,RECEIVED,TRAIN
TRD101508,2026-08-02,AXISBANK,INE101508,AXISBANK,1500,1179.98,1769970.0,KOTAK-CUST,EQ-CORE-02,BOOKED,2026-08-03,BUY,1179.98,1500,2026-08-02,KOTAK-CUST,RECEIVED,TRAIN
TRD101509,2026-08-21,KOTAKBANK,INE101509,KOTAKBANK,2000,1947.46,3894920.0,ICICI-CUST,EQ-CORE-02,BOOKED,2026-08-22,BUY,1947.46,2000,2026-08-21,ICICI-CUST,RECEIVED,TRAIN
TRD101510,2026-08-06,HINDUNILVR,INE101510,HINDUNILVR,250,2752.98,688245.0,MORGANSTANLEY-BROKER,EQ-ALPHA-03,BOOKED,2026-08-07,SELL,2752.98,250,2026-08-06,MORGANSTANLEY-BROKER,RECEIVED,TRAIN
TRD101511,2026-08-12,HINDUNILVR,INE101511,HINDUNILVR,250,2741.18,685295.0,MORGANSTANLEY-BROKER,EQ-INDEX-04,BOOKED,2026-08-13,BUY,2769.01,325,2026-08-12,MORGANSTANLEY-BROKER,RECEIVED,TRAIN
TRD101512,2026-08-20,TATASTEEL,INE101512,TATASTEEL,1500,172.0,258000.0,MORGANSTANLEY-BROKER,EQ-CORE-01,BOOKED,2026-08-21,BUY,172.0,1500,2026-08-20,MORGANSTANLEY-BROKER,RECEIVED,TRAIN
TRD101513,2026-08-01,AXISBANK,INE101513,AXISBANK,2000,1175.5,2351000.0,HDFC-CUST,EQ-ALPHA-03,BOOKED,2026-08-02,BUY,1175.5,2000,2026-08-01,HDFC-CUST,RECEIVED,TEST
TRD101514,2026-08-06,ITC,INE101514,ITC,200,468.69,93738.0,KOTAK-CUST,EQ-CORE-02,BOOKED,2026-08-07,BUY,468.69,200,2026-08-06,KOTAK-CUST,RECEIVED,TRAIN
TRD101515,2026-08-03,ICICIBANK,INE101515,ICICIBANK,1000,1238.98,1238980.0,HDFC-CUST,EQ-INDEX-04,BOOKED,2026-08-04,SELL,1238.98,1000,2026-08-03,HDFC-CUST,RECEIVED,TRAIN
TRD101516,2026-08-15,ITC,INE101516,ITC,750,470.13,352597.5,NOMURA-BROKER,EQ-CORE-02,BOOKED,2026-08-16,BUY,470.13,750,2026-08-15,NOMURA-BROKER,RECEIVED,TEST
TRD101517,2026-08-10,AXISBANK,INE101517,AXISBANK,2000,1174.82,2349640.0,DEUTSCHE-BROKER,EQ-INDEX-04,BOOKED,2026-08-11,BUY,1174.82,2000,2026-08-10,DEUTSCHE-BROKER,RECEIVED,TRAIN
TRD101518,2026-08-20,ITC,INE101518,ITC,1000,468.96,468960.0,KOTAK-CUST,EQ-ALPHA-03,BOOKED,2026-08-21,BUY,468.96,1000,2026-08-20,KOTAK-CUST,RECEIVED,TRAIN
TRD101519,2026-08-09,KOTAKBANK,INE101519,KOTAKBANK,1500,1955.82,2933730.0,NOMURA-BROKER,EQ-CORE-01,BOOKED,2026-08-10,BUY,1955.82,1500,2026-08-09,NOMURA-BROKER,RECEIVED,TEST
TRD101520,2026-08-18,WIPRO,INE101520,WIPRO,500,611.57,305785.0,ICICI-CUST,EQ-CORE-02,BOOKED,2026-08-19,BUY,611.57,500,2026-08-18,ICICI-CUST,RECEIVED,TRAIN
TRD101521,2026-08-13,ICICIBANK,INE101521,ICICIBANK,1500,1236.56,1854840.0,ICICI-CUST,EQ-CORE-02,BOOKED,2026-08-14,SELL,1236.56,1500,2026-08-13,ICICI-CUST,RECEIVED,TRAIN
TRD101522,2026-08-12,MARUTI,INE101522,MARUTI,2000,13001.96,26003920.0,DEUTSCHE-BROKER,EQ-INDEX-04,BOOKED,2026-08-13,SELL,13001.96,2000,2026-08-12,DEUTSCHE-BROKER,RECEIVED,TRAIN
TRD101523,2026-08-04,TCS,INE101523,TCS,200,4107.57,821514.0,DEUTSCHE-BROKER,EQ-INDEX-04,BOOKED,2026-08-05,BUY,4107.57,200,2026-08-04,DEUTSCHE-BROKER,RECEIVED,TRAIN
TRD101524,2026-08-11,BHARTIARTL,INE101524,BHARTIARTL,1000,1683.04,1683040.0,MORGANSTANLEY-BROKER,EQ-INDEX-04,BOOKED,2026-08-12,BUY,1683.04,1000,2026-08-11,MORGANSTANLEY-BROKER,RECEIVED,TEST
TRD101525,2026-08-15,WIPRO,INE101525,WIPRO,2000,608.0,1216000.0,ICICI-CUST,EQ-CORE-02,BOOKED,2026-08-16,SELL,608.0,2000,2026-08-15,ICICI-CUST,RECEIVED,TRAIN
TRD101526,2026-08-02,INFY,INE101526,INFY,500,1886.9,943450.0,MORGANSTANLEY-BROKER,EQ-INDEX-04,BOOKED,2026-08-03,BUY,,,,,MISSING,TEST
TRD101527,2026-08-16,TATASTEEL,INE101527,TATASTEEL,1000,172.95,172950.0,HDFC-CUST,EQ-CORE-01,BOOKED,2026-08-17,BUY,172.95,1000,2026-08-16,HDFC-CUST,RECEIVED,TRAIN
TRD101528,2026-08-14,MARUTI,INE101528,MARUTI,100,13038.75,1303875.0,KOTAK-CUST,EQ-ALPHA-03,BOOKED,2026-08-15,BUY,13038.75,100,2026-08-14,KOTAK-CUST,RECEIVED,TRAIN
TRD101529,2026-08-13,TCS,INE101529,TCS,250,4103.0,1025750.0,ICICI-CUST,EQ-ALPHA-03,BOOKED,2026-08-14,SELL,4103.0,250,2026-08-13,NOMURA-BROKER,RECEIVED,TRAIN
TRD101530,2026-08-09,MARUTI,INE101530,MARUTI,1500,12983.22,19474830.0,HDFC-CUST,EQ-CORE-01,BOOKED,2026-08-10,BUY,12983.22,1500,2026-08-09,HDFC-CUST,RECEIVED,TEST
TRD101531,2026-08-10,TATASTEEL,INE101531,TATASTEEL,1500,172.18,258270.0,HDFC-CUST,EQ-CORE-02,BOOKED,2026-08-11,SELL,172.18,1500,2026-08-10,HDFC-CUST,RECEIVED,TEST
TRD101532,2026-08-06,BHARTIARTL,INE101532,BHARTIARTL,2000,1689.99,3379980.0,NOMURA-BROKER,EQ-INDEX-04,BOOKED,2026-08-07,SELL,1689.99,2000,2026-08-06,NOMURA-BROKER,RECEIVED,TEST
TRD101533,2026-08-18,TATASTEEL,INE101533,TATASTEEL,1500,173.01,259515.0,MORGANSTANLEY-BROKER,EQ-CORE-02,BOOKED,2026-08-19,BUY,173.01,1500,2026-08-18,MORGANSTANLEY-BROKER,RECEIVED,TRAIN
TRD101534,2026-08-11,WIPRO,INE101534,WIPRO,250,609.27,152317.5,ICICI-CUST,EQ-CORE-02,BOOKED,2026-08-12,SELL,609.27,250,2026-08-11,ICICI-CUST,RECEIVED,TRAIN
TRD101535,2026-08-11,TATASTEEL,INE101535,TATASTEEL,250,172.45,43112.5,ICICI-CUST,EQ-INDEX-04,BOOKED,2026-08-12,SELL,172.45,250,2026-08-11,ICICI-CUST,RECEIVED,TRAIN
TRD101536,2026-08-05,LT,INE101536,LT,100,3698.12,369812.0,NOMURA-BROKER,EQ-INDEX-04,BOOKED,2026-08-06,BUY,3698.12,100,2026-08-05,NOMURA-BROKER,RECEIVED,TRAIN
TRD101537,2026-08-07,RELIANCE,INE101537,RELIANCE,500,2857.5,1428750.0,DEUTSCHE-BROKER,EQ-CORE-02,BOOKED,2026-08-08,SELL,2857.5,500,2026-08-07,DEUTSCHE-BROKER,RECEIVED,TEST
TRD101538,2026-08-07,HDFCBANK,INE101538,HDFCBANK,1000,1670.34,1670340.0,NOMURA-BROKER,EQ-CORE-01,BOOKED,2026-08-08,SELL,1670.34,1000,2026-08-07,NOMURA-BROKER,RECEIVED,TRAIN
TRD101539,2026-08-10,MARUTI,INE101539,MARUTI,1000,12917.2,12917200.0,MORGANSTANLEY-BROKER,EQ-CORE-01,BOOKED,2026-08-11,SELL,,,,,MISSING,TRAIN
TRD101540,2026-08-12,KOTAKBANK,INE101540,KOTAKBANK,2000,1954.02,3908040.0,KOTAK-CUST,EQ-INDEX-04,BOOKED,2026-08-13,SELL,1954.02,2000,2026-08-12,KOTAK-CUST,RECEIVED,TRAIN
TRD101541,2026-08-12,TCS,INE101541,TCS,250,4119.05,1029762.5,HDFC-CUST,EQ-CORE-02,BOOKED,2026-08-13,SELL,4119.05,250,2026-08-12,HDFC-CUST,RECEIVED,TRAIN
TRD101542,2026-08-14,BHARTIARTL,INE101542,BHARTIARTL,750,1696.23,1272172.5,NOMURA-BROKER,EQ-ALPHA-03,BOOKED,2026-08-15,BUY,1696.23,750,2026-08-14,NOMURA-BROKER,RECEIVED,TEST
TRD101543,2026-08-01,TCS,INE101543,TCS,200,4103.84,820768.0,MORGANSTANLEY-BROKER,EQ-INDEX-04,BOOKED,2026-08-02,BUY,4103.84,200,2026-08-01,MORGANSTANLEY-BROKER,RECEIVED,TRAIN
TRD101544,2026-08-17,ITC,INE101544,ITC,200,469.53,93906.0,MORGANSTANLEY-BROKER,EQ-CORE-01,BOOKED,2026-08-18,SELL,469.53,200,2026-08-17,MORGANSTANLEY-BROKER,RECEIVED,TRAIN
TRD101545,2026-08-15,MARUTI,INE101545,MARUTI,1500,12942.6,19413900.0,MORGANSTANLEY-BROKER,EQ-INDEX-04,BOOKED,2026-08-16,BUY,12942.6,1500,2026-08-15,MORGANSTANLEY-BROKER,RECEIVED,TRAIN
TRD101546,2026-08-12,HDFCBANK,INE101546,HDFCBANK,2000,1682.75,3365500.0,DEUTSCHE-BROKER,EQ-INDEX-04,BOOKED,2026-08-13,SELL,1682.75,2000,2026-08-12,DEUTSCHE-BROKER,RECEIVED,TRAIN
TRD101547,2026-08-17,RELIANCE,INE101547,RELIANCE,1000,2858.54,2858540.0,KOTAK-CUST,EQ-ALPHA-03,BOOKED,2026-08-18,SELL,2858.54,1000,2026-08-17,KOTAK-CUST,RECEIVED,TRAIN
TRD101548,2026-08-01,ICICIBANK,INE101548,ICICIBANK,1500,1242.95,1864425.0,DEUTSCHE-BROKER,EQ-CORE-01,BOOKED,2026-08-02,BUY,1242.95,1500,2026-08-01,DEUTSCHE-BROKER,RECEIVED,TEST
TRD101549,2026-08-17,RELIANCE,INE101549,RELIANCE,250,2858.78,714695.0,NOMURA-BROKER,EQ-ALPHA-03,BOOKED,2026-08-18,SELL,2858.78,250,2026-08-17,NOMURA-BROKER,RECEIVED,TEST
TRD101550,2026-08-13,INFY,INE101550,INFY,1500,1885.42,2828130.0,HDFC-CUST,EQ-INDEX-04,BOOKED,2026-08-14,BUY,1885.42,1500,2026-08-13,HDFC-CUST,RECEIVED,TEST
TRD101551,2026-08-21,HINDUNILVR,INE101551,HINDUNILVR,1500,2735.41,4103115.0,DEUTSCHE-BROKER,EQ-CORE-02,BOOKED,2026-08-22,SELL,2735.41,1500,2026-08-21,HDFC-CUST,RECEIVED,TRAIN
TRD101552,2026-08-14,TATASTEEL,INE101552,TATASTEEL,1000,172.48,172480.0,HDFC-CUST,EQ-CORE-01,BOOKED,2026-08-15,BUY,,,,,MISSING,TRAIN
TRD101553,2026-08-13,LT,INE101553,LT,200,3684.99,736998.0,NOMURA-BROKER,EQ-ALPHA-03,BOOKED,2026-08-14,BUY,3684.99,200,2026-08-13,NOMURA-BROKER,RECEIVED,TRAIN
TRD101554,2026-08-01,SBIN,INE101554,SBIN,500,842.16,421080.0,DEUTSCHE-BROKER,EQ-CORE-01,BOOKED,2026-08-02,BUY,842.16,500,2026-08-01,DEUTSCHE-BROKER,RECEIVED,TRAIN
TRD101555,2026-08-01,RELIANCE,INE101555,RELIANCE,200,2852.55,570510.0,NOMURA-BROKER,EQ-CORE-02,BOOKED,2026-08-02,SELL,,,,,MISSING,TRAIN
TRD101556,2026-08-21,KOTAKBANK,INE101556,KOTAKBANK,1000,1949.57,1949570.0,HDFC-CUST,EQ-ALPHA-03,BOOKED,2026-08-22,BUY,1949.57,1000,2026-08-21,HDFC-CUST,RECEIVED,TRAIN
TRD101557,2026-08-13,LT,INE101557,LT,500,3688.48,1844240.0,KOTAK-CUST,EQ-CORE-01,BOOKED,2026-08-14,SELL,3688.48,500,2026-08-13,KOTAK-CUST,RECEIVED,TEST
TRD101558,2026-08-21,TCS,INE101558,TCS,250,4126.0,1031500.0,MORGANSTANLEY-BROKER,EQ-CORE-01,BOOKED,2026-08-22,BUY,4126.0,250,2026-08-21,MORGANSTANLEY-BROKER,RECEIVED,TEST
TRD101559,2026-08-10,ITC,INE101559,ITC,200,467.06,93412.0,KOTAK-CUST,EQ-CORE-02,BOOKED,2026-08-11,BUY,467.06,200,2026-08-10,MORGANSTANLEY-BROKER,RECEIVED,TRAIN
TRD101560,2026-08-07,TCS,INE101560,TCS,2000,4134.95,8269900.0,DEUTSCHE-BROKER,EQ-CORE-01,BOOKED,2026-08-08,SELL,4134.95,2000,2026-08-07,DEUTSCHE-BROKER,RECEIVED,TRAIN
TRD101561,2026-08-16,HINDUNILVR,INE101561,HINDUNILVR,100,2743.23,274323.0,NOMURA-BROKER,EQ-CORE-01,BOOKED,2026-08-17,BUY,2743.23,100,2026-08-16,NOMURA-BROKER,RECEIVED,TRAIN
TRD101562,2026-08-11,KOTAKBANK,INE101562,KOTAKBANK,1500,1953.26,2929890.0,NOMURA-BROKER,EQ-INDEX-04,BOOKED,2026-08-12,BUY,1953.26,1500,2026-08-11,NOMURA-BROKER,RECEIVED,TEST
TRD101563,2026-08-06,INFY,INE101563,INFY,750,1881.04,1410780.0,NOMURA-BROKER,EQ-CORE-01,BOOKED,2026-08-07,BUY,1881.04,750,2026-08-06,NOMURA-BROKER,RECEIVED,TRAIN
TRD101564,2026-08-20,SBIN,INE101564,SBIN,1000,845.46,845460.0,MORGANSTANLEY-BROKER,EQ-CORE-01,BOOKED,2026-08-21,BUY,845.46,1000,2026-08-20,MORGANSTANLEY-BROKER,RECEIVED,TEST
TRD101565,2026-08-07,LT,INE101565,LT,750,3695.85,2771887.5,MORGANSTANLEY-BROKER,EQ-CORE-01,BOOKED,2026-08-08,BUY,3695.85,750,2026-08-07,MORGANSTANLEY-BROKER,RECEIVED,TEST
TRD101566,2026-08-12,LT,INE101566,LT,250,3669.71,917427.5,ICICI-CUST,EQ-CORE-02,BOOKED,2026-08-13,BUY,3572.77,250,2026-08-12,ICICI-CUST,RECEIVED,TRAIN
TRD101567,2026-08-05,SBIN,INE101567,SBIN,250,843.23,210807.5,KOTAK-CUST,EQ-ALPHA-03,BOOKED,2026-08-06,SELL,843.23,250,2026-08-05,KOTAK-CUST,RECEIVED,TRAIN
TRD101568,2026-08-18,HDFCBANK,INE101568,HDFCBANK,200,1672.66,334532.0,NOMURA-BROKER,EQ-ALPHA-03,BOOKED,2026-08-19,SELL,1672.66,200,2026-08-18,NOMURA-BROKER,RECEIVED,TRAIN
TRD101569,2026-08-13,WIPRO,INE101569,WIPRO,2000,609.96,1219920.0,HDFC-CUST,EQ-ALPHA-03,BOOKED,2026-08-14,BUY,609.96,2000,2026-08-13,HDFC-CUST,RECEIVED,TRAIN
TRD101570,2026-08-04,HDFCBANK,INE101570,HDFCBANK,750,1682.94,1262205.0,MORGANSTANLEY-BROKER,EQ-ALPHA-03,BOOKED,2026-08-05,BUY,1682.94,750,2026-08-04,MORGANSTANLEY-BROKER,RECEIVED,TEST
TRD101571,2026-08-16,HINDUNILVR,INE101571,HINDUNILVR,500,2758.06,1379030.0,DEUTSCHE-BROKER,EQ-INDEX-04,BOOKED,2026-08-17,SELL,2758.06,500,2026-08-16,DEUTSCHE-BROKER,RECEIVED,TRAIN
TRD101572,2026-08-20,AXISBANK,INE101572,AXISBANK,750,1183.98,887985.0,ICICI-CUST,EQ-INDEX-04,BOOKED,2026-08-21,SELL,1183.98,750,2026-08-20,ICICI-CUST,RECEIVED,TEST
TRD101573,2026-08-21,HDFCBANK,INE101573,HDFCBANK,1000,1673.09,1673090.0,ICICI-CUST,EQ-INDEX-04,BOOKED,2026-08-22,BUY,1673.09,1000,2026-08-21,ICICI-CUST,RECEIVED,TRAIN
TRD101574,2026-08-09,TATASTEEL,INE101574,TATASTEEL,100,173.24,17324.0,MORGANSTANLEY-BROKER,EQ-INDEX-04,BOOKED,2026-08-10,SELL,173.24,100,2026-08-09,MORGANSTANLEY-BROKER,RECEIVED,TRAIN
TRD101575,2026-08-04,AXISBANK,INE101575,AXISBANK,1000,1179.05,1179050.0,HDFC-CUST,EQ-ALPHA-03,BOOKED,2026-08-05,SELL,1197.71,1000,2026-08-04,HDFC-CUST,RECEIVED,TEST
TRD101576,2026-08-03,HINDUNILVR,INE101576,HINDUNILVR,250,2741.69,685422.5,HDFC-CUST,EQ-ALPHA-03,BOOKED,2026-08-04,SELL,2741.69,250,2026-08-03,HDFC-CUST,RECEIVED,TRAIN
TRD101577,2026-08-11,INFY,INE101577,INFY,1000,1883.16,1883160.0,NOMURA-BROKER,EQ-CORE-01,BOOKED,2026-08-12,SELL,1883.16,1000,2026-08-11,NOMURA-BROKER,RECEIVED,TRAIN
TRD101578,2026-08-11,HDFCBANK,INE101578,HDFCBANK,2000,1676.33,3352660.0,HDFC-CUST,EQ-CORE-01,BOOKED,2026-08-12,SELL,1676.33,2000,2026-08-11,HDFC-CUST,RECEIVED,TRAIN
TRD101579,2026-08-04,ICICIBANK,INE101579,ICICIBANK,500,1241.14,620570.0,MORGANSTANLEY-BROKER,EQ-ALPHA-03,BOOKED,2026-08-05,BUY,1241.14,500,2026-08-04,MORGANSTANLEY-BROKER,RECEIVED,TEST
TRD101580,2026-08-14,AXISBANK,INE101580,AXISBANK,1500,1182.4,1773600.0,KOTAK-CUST,EQ-ALPHA-03,BOOKED,2026-08-15,BUY,1182.4,1500,2026-08-14,KOTAK-CUST,RECEIVED,TRAIN
TRD101581,2026-08-16,HDFCBANK,INE101581,HDFCBANK,100,1680.27,168027.0,ICICI-CUST,EQ-ALPHA-03,BOOKED,2026-08-17,SELL,1680.27,100,2026-08-16,ICICI-CUST,RECEIVED,TRAIN
TRD101582,2026-08-20,TCS,INE101582,TCS,200,4118.8,823760.0,KOTAK-CUST,EQ-INDEX-04,BOOKED,2026-08-21,BUY,4118.8,200,2026-08-20,KOTAK-CUST,RECEIVED,TRAIN
TRD101583,2026-08-21,AXISBANK,INE101583,AXISBANK,100,1177.71,117771.0,MORGANSTANLEY-BROKER,EQ-CORE-01,BOOKED,2026-08-22,SELL,1177.71,100,2026-08-21,MORGANSTANLEY-BROKER,RECEIVED,TRAIN
TRD101584,2026-08-13,ICICIBANK,INE101584,ICICIBANK,250,1245.04,311260.0,ICICI-CUST,EQ-CORE-01,BOOKED,2026-08-14,SELL,1245.04,250,2026-08-14,ICICI-CUST,RECEIVED,TRAIN
TRD101585,2026-08-04,KOTAKBANK,INE101585,KOTAKBANK,100,1947.28,194728.0,DEUTSCHE-BROKER,EQ-ALPHA-03,BOOKED,2026-08-05,SELL,1947.28,100,2026-08-04,DEUTSCHE-BROKER,RECEIVED,TRAIN
TRD101586,2026-08-18,SBIN,INE101586,SBIN,1000,844.76,844760.0,KOTAK-CUST,EQ-INDEX-04,BOOKED,2026-08-19,BUY,844.76,1000,2026-08-18,KOTAK-CUST,RECEIVED,TEST
TRD101587,2026-08-15,BHARTIARTL,INE101587,BHARTIARTL,750,1693.72,1270290.0,DEUTSCHE-BROKER,EQ-CORE-01,BOOKED,2026-08-16,SELL,1693.72,750,2026-08-15,DEUTSCHE-BROKER,RECEIVED,TRAIN
TRD101588,2026-08-02,AXISBANK,INE101588,AXISBANK,200,1174.69,234938.0,ICICI-CUST,EQ-CORE-02,BOOKED,2026-08-03,BUY,1174.69,200,2026-08-02,ICICI-CUST,RECEIVED,TRAIN
TRD101589,2026-08-03,SBIN,INE101589,SBIN,1500,843.29,1264935.0,HDFC-CUST,EQ-ALPHA-03,BOOKED,2026-08-04,BUY,843.29,1500,2026-08-03,HDFC-CUST,RECEIVED,TRAIN
TRD101590,2026-08-02,TATASTEEL,INE101590,TATASTEEL,100,172.04,17204.0,ICICI-CUST,EQ-CORE-01,BOOKED,2026-08-03,SELL,172.04,100,2026-08-02,ICICI-CUST,RECEIVED,TRAIN
TRD101591,2026-08-20,TCS,INE101591,TCS,750,4113.72,3085290.0,DEUTSCHE-BROKER,EQ-ALPHA-03,BOOKED,2026-08-21,BUY,4113.72,750,2026-08-20,DEUTSCHE-BROKER,RECEIVED,TEST
TRD101592,2026-08-04,TATASTEEL,INE101592,TATASTEEL,250,172.59,43147.5,HDFC-CUST,EQ-ALPHA-03,BOOKED,2026-08-05,BUY,172.59,250,2026-08-04,HDFC-CUST,RECEIVED,TRAIN
TRD101593,2026-08-04,HINDUNILVR,INE101593,HINDUNILVR,1500,2749.36,4124040.0,MORGANSTANLEY-BROKER,EQ-CORE-02,BOOKED,2026-08-05,SELL,2749.36,1500,2026-08-04,MORGANSTANLEY-BROKER,RECEIVED,TRAIN
TRD101594,2026-08-11,KOTAKBANK,INE101594,KOTAKBANK,2000,1965.02,3930040.0,NOMURA-BROKER,EQ-INDEX-04,BOOKED,2026-08-12,BUY,1965.02,2000,2026-08-11,NOMURA-BROKER,RECEIVED,TRAIN
TRD101595,2026-08-03,TCS,INE101595,TCS,750,4131.72,3098790.0,KOTAK-CUST,EQ-CORE-02,BOOKED,2026-08-04,BUY,4131.72,750,2026-08-03,KOTAK-CUST,RECEIVED,TRAIN
TRD101596,2026-08-16,WIPRO,INE101596,WIPRO,200,607.76,121552.0,ICICI-CUST,EQ-CORE-02,BOOKED,2026-08-17,BUY,607.76,200,2026-08-16,ICICI-CUST,RECEIVED,TRAIN
TRD101597,2026-08-13,KOTAKBANK,INE101597,KOTAKBANK,500,1955.08,977540.0,HDFC-CUST,EQ-INDEX-04,BOOKED,2026-08-14,BUY,1955.08,500,2026-08-14,HDFC-CUST,RECEIVED,TRAIN
TRD101598,2026-08-17,SBIN,INE101598,SBIN,500,848.26,424130.0,MORGANSTANLEY-BROKER,EQ-ALPHA-03,BOOKED,2026-08-18,SELL,848.26,500,2026-08-17,MORGANSTANLEY-BROKER,RECEIVED,TRAIN
TRD101599,2026-08-17,WIPRO,INE101599,WIPRO,2000,611.3,1222600.0,ICICI-CUST,EQ-CORE-02,BOOKED,2026-08-18,BUY,611.3,2000,2026-08-17,ICICI-CUST,RECEIVED,TRAIN
TRD101600,2026-08-15,TATASTEEL,INE101600,TATASTEEL,1000,172.25,172250.0,MORGANSTANLEY-BROKER,EQ-CORE-02,BOOKED,2026-08-16,SELL,175.62,925,2026-08-15,MORGANSTANLEY-BROKER,RECEIVED,TRAIN
TRD101601,2026-08-06,HDFCBANK,INE101601,HDFCBANK,200,1671.48,334296.0,NOMURA-BROKER,EQ-ALPHA-03,BOOKED,2026-08-07,BUY,1671.48,200,2026-08-06,NOMURA-BROKER,RECEIVED,TEST
TRD101602,2026-08-04,INFY,INE101602,INFY,2000,1897.41,3794820.0,HDFC-CUST,EQ-CORE-01,BOOKED,2026-08-05,SELL,1897.41,2000,2026-08-04,HDFC-CUST,RECEIVED,TRAIN
TRD101603,2026-08-17,INFY,INE101603,INFY,750,1881.39,1411042.5,DEUTSCHE-BROKER,EQ-ALPHA-03,BOOKED,2026-08-18,SELL,1842.08,750,2026-08-17,DEUTSCHE-BROKER,RECEIVED,TRAIN
TRD101604,2026-08-07,TCS,INE101604,TCS,200,4114.75,822950.0,HDFC-CUST,EQ-INDEX-04,BOOKED,2026-08-08,SELL,4114.75,200,2026-08-07,HDFC-CUST,RECEIVED,TRAIN
TRD101605,2026-08-09,LT,INE101605,LT,1000,3663.71,3663710.0,KOTAK-CUST,EQ-CORE-01,BOOKED,2026-08-10,BUY,3663.71,1000,2026-08-09,KOTAK-CUST,RECEIVED,TRAIN
TRD101606,2026-08-14,KOTAKBANK,INE101606,KOTAKBANK,1500,1960.24,2940360.0,HDFC-CUST,EQ-ALPHA-03,BOOKED,2026-08-15,BUY,1960.24,1500,2026-08-14,HDFC-CUST,RECEIVED,TRAIN
TRD101607,2026-08-17,BHARTIARTL,INE101607,BHARTIARTL,250,1691.99,422997.5,MORGANSTANLEY-BROKER,EQ-INDEX-04,BOOKED,2026-08-18,SELL,1691.99,250,2026-08-17,MORGANSTANLEY-BROKER,RECEIVED,TRAIN
TRD101608,2026-08-04,TCS,INE101608,TCS,100,4126.78,412678.0,HDFC-CUST,EQ-CORE-01,BOOKED,2026-08-05,BUY,4126.78,100,2026-08-04,HDFC-CUST,RECEIVED,TRAIN
TRD101609,2026-08-08,TATASTEEL,INE101609,TATASTEEL,100,172.58,17258.0,ICICI-CUST,EQ-CORE-01,BOOKED,2026-08-09,SELL,172.58,100,2026-08-08,ICICI-CUST,RECEIVED,TRAIN
TRD101610,2026-08-04,HDFCBANK,INE101610,HDFCBANK,1500,1673.39,2510085.0,HDFC-CUST,EQ-ALPHA-03,BOOKED,2026-08-05,SELL,1673.39,1500,2026-08-04,HDFC-CUST,RECEIVED,TEST
TRD101611,2026-08-12,HDFCBANK,INE101611,HDFCBANK,250,1679.99,419997.5,NOMURA-BROKER,EQ-ALPHA-03,BOOKED,2026-08-13,SELL,1679.99,250,2026-08-12,NOMURA-BROKER,RECEIVED,TEST
TRD101612,2026-08-17,WIPRO,INE101612,WIPRO,100,607.87,60787.0,NOMURA-BROKER,EQ-INDEX-04,BOOKED,2026-08-18,SELL,598.17,100,2026-08-17,NOMURA-BROKER,RECEIVED,TEST
TRD101613,2026-08-03,MARUTI,INE101613,MARUTI,500,12937.2,6468600.0,HDFC-CUST,EQ-CORE-02,BOOKED,2026-08-04,SELL,12937.2,500,2026-08-03,HDFC-CUST,RECEIVED,TRAIN
TRD101614,2026-08-01,TATASTEEL,INE101614,TATASTEEL,2000,171.83,343660.0,NOMURA-BROKER,EQ-INDEX-04,BOOKED,2026-08-02,SELL,171.83,2000,2026-08-01,NOMURA-BROKER,RECEIVED,TRAIN
TRD101615,2026-08-09,SBIN,INE101615,SBIN,100,842.87,84287.0,ICICI-CUST,EQ-CORE-02,BOOKED,2026-08-10,BUY,842.87,100,2026-08-09,ICICI-CUST,RECEIVED,TRAIN
TRD101616,2026-08-19,AXISBANK,INE101616,AXISBANK,1000,1185.79,1185790.0,ICICI-CUST,EQ-INDEX-04,BOOKED,2026-08-20,BUY,1185.79,1000,2026-08-19,ICICI-CUST,RECEIVED,TRAIN
TRD101617,2026-08-01,ITC,INE101617,ITC,200,466.77,93354.0,MORGANSTANLEY-BROKER,EQ-ALPHA-03,BOOKED,2026-08-02,BUY,466.77,200,2026-08-01,MORGANSTANLEY-BROKER,RECEIVED,TRAIN
TRD101618,2026-08-04,LT,INE101618,LT,250,3689.53,922382.5,ICICI-CUST,EQ-ALPHA-03,BOOKED,2026-08-05,SELL,3689.53,250,2026-08-04,ICICI-CUST,RECEIVED,TRAIN
TRD101619,2026-08-18,ITC,INE101619,ITC,2000,470.0,940000.0,KOTAK-CUST,EQ-INDEX-04,BOOKED,2026-08-19,SELL,470.0,2000,2026-08-18,KOTAK-CUST,RECEIVED,TRAIN
TRD101620,2026-08-12,SBIN,INE101620,SBIN,2000,841.49,1682980.0,KOTAK-CUST,EQ-ALPHA-03,BOOKED,2026-08-13,SELL,841.49,2000,2026-08-12,KOTAK-CUST,RECEIVED,TEST
TRD101621,2026-08-21,TCS,INE101621,TCS,750,4128.41,3096307.5,ICICI-CUST,EQ-CORE-02,BOOKED,2026-08-22,SELL,4199.0,825,2026-08-21,ICICI-CUST,RECEIVED,TRAIN
TRD101622,2026-08-05,MARUTI,INE101622,MARUTI,500,13000.69,6500345.0,KOTAK-CUST,EQ-INDEX-04,BOOKED,2026-08-06,BUY,13000.69,500,2026-08-05,KOTAK-CUST,RECEIVED,TRAIN
TRD101623,2026-08-03,HDFCBANK,INE101623,HDFCBANK,1500,1672.85,2509275.0,HDFC-CUST,EQ-INDEX-04,BOOKED,2026-08-04,BUY,1672.85,1500,2026-08-03,HDFC-CUST,RECEIVED,TRAIN
TRD101624,2026-08-17,ICICIBANK,INE101624,ICICIBANK,2000,1246.85,2493700.0,HDFC-CUST,EQ-ALPHA-03,BOOKED,2026-08-18,SELL,1246.85,2000,2026-08-17,HDFC-CUST,RECEIVED,TRAIN
TRD101625,2026-08-14,TATASTEEL,INE101625,TATASTEEL,1000,172.26,172260.0,KOTAK-CUST,EQ-ALPHA-03,BOOKED,2026-08-15,BUY,168.92,1000,2026-08-14,KOTAK-CUST,RECEIVED,TRAIN
TRD101626,2026-08-04,RELIANCE,INE101626,RELIANCE,1000,2860.03,2860030.0,DEUTSCHE-BROKER,EQ-INDEX-04,BOOKED,2026-08-05,SELL,2860.03,1000,2026-08-04,DEUTSCHE-BROKER,RECEIVED,TEST
TRD101627,2026-08-16,ICICIBANK,INE101627,ICICIBANK,200,1246.63,249326.0,NOMURA-BROKER,EQ-CORE-02,BOOKED,2026-08-17,SELL,1246.63,200,2026-08-16,NOMURA-BROKER,RECEIVED,TRAIN
TRD101628,2026-08-10,KOTAKBANK,INE101628,KOTAKBANK,250,1956.15,489037.5,MORGANSTANLEY-BROKER,EQ-CORE-02,BOOKED,2026-08-11,SELL,1956.15,250,2026-08-10,MORGANSTANLEY-BROKER,RECEIVED,TRAIN
TRD101629,2026-08-10,ITC,INE101629,ITC,750,466.86,350145.0,ICICI-CUST,EQ-INDEX-04,BOOKED,2026-08-11,BUY,,,,,MISSING,TRAIN
TRD101630,2026-08-04,HDFCBANK,INE101630,HDFCBANK,750,1680.65,1260487.5,ICICI-CUST,EQ-INDEX-04,BOOKED,2026-08-05,SELL,1697.56,825,2026-08-04,ICICI-CUST,RECEIVED,TEST
TRD101631,2026-08-01,RELIANCE,INE101631,RELIANCE,1500,2846.29,4269435.0,ICICI-CUST,EQ-ALPHA-03,BOOKED,2026-08-02,BUY,2846.29,1500,2026-08-01,DEUTSCHE-BROKER,RECEIVED,TRAIN
TRD101632,2026-08-17,SBIN,INE101632,SBIN,750,848.01,636007.5,NOMURA-BROKER,EQ-CORE-02,BOOKED,2026-08-18,BUY,848.01,750,2026-08-17,NOMURA-BROKER,RECEIVED,TEST
TRD101633,2026-08-07,WIPRO,INE101633,WIPRO,750,608.17,456127.5,DEUTSCHE-BROKER,EQ-CORE-01,BOOKED,2026-08-08,SELL,608.17,750,2026-08-07,DEUTSCHE-BROKER,RECEIVED,TRAIN
TRD101634,2026-08-12,HDFCBANK,INE101634,HDFCBANK,100,1674.75,167475.0,HDFC-CUST,EQ-INDEX-04,BOOKED,2026-08-13,SELL,1674.75,100,2026-08-12,HDFC-CUST,RECEIVED,TRAIN
TRD101635,2026-08-10,BHARTIARTL,INE101635,BHARTIARTL,200,1697.04,339408.0,MORGANSTANLEY-BROKER,EQ-ALPHA-03,BOOKED,2026-08-11,BUY,1697.04,200,2026-08-10,MORGANSTANLEY-BROKER,RECEIVED,TRAIN
TRD101636,2026-08-11,AXISBANK,INE101636,AXISBANK,1500,1182.36,1773540.0,MORGANSTANLEY-BROKER,EQ-CORE-02,BOOKED,2026-08-12,BUY,1182.36,1500,2026-08-11,MORGANSTANLEY-BROKER,RECEIVED,TRAIN
TRD101637,2026-08-07,ICICIBANK,INE101637,ICICIBANK,250,1239.76,309940.0,KOTAK-CUST,EQ-ALPHA-03,BOOKED,2026-08-08,BUY,1252.89,325,2026-08-07,KOTAK-CUST,RECEIVED,TRAIN
TRD101638,2026-08-13,ICICIBANK,INE101638,ICICIBANK,2000,1241.37,2482740.0,DEUTSCHE-BROKER,EQ-CORE-01,BOOKED,2026-08-14,BUY,1241.37,2000,2026-08-13,DEUTSCHE-BROKER,RECEIVED,TEST
TRD101639,2026-08-17,LT,INE101639,LT,2000,3687.29,7374580.0,NOMURA-BROKER,EQ-ALPHA-03,BOOKED,2026-08-18,SELL,3687.29,2000,2026-08-17,NOMURA-BROKER,RECEIVED,TRAIN
TRD101640,2026-08-14,SBIN,INE101640,SBIN,1500,845.32,1267980.0,DEUTSCHE-BROKER,EQ-CORE-01,BOOKED,2026-08-15,BUY,845.32,1500,2026-08-14,DEUTSCHE-BROKER,RECEIVED,TRAIN
TRD101641,2026-08-05,HINDUNILVR,INE101641,HINDUNILVR,1500,2734.3,4101450.0,MORGANSTANLEY-BROKER,EQ-ALPHA-03,BOOKED,2026-08-06,BUY,2734.3,1500,2026-08-05,MORGANSTANLEY-BROKER,RECEIVED,TEST
TRD101642,2026-08-18,AXISBANK,INE101642,AXISBANK,1000,1175.85,1175850.0,MORGANSTANLEY-BROKER,EQ-ALPHA-03,BOOKED,2026-08-19,BUY,1175.85,1000,2026-08-18,MORGANSTANLEY-BROKER,RECEIVED,TRAIN
TRD101643,2026-08-01,HINDUNILVR,INE101643,HINDUNILVR,1500,2735.33,4102995.0,DEUTSCHE-BROKER,EQ-INDEX-04,BOOKED,2026-08-02,BUY,2735.33,1500,2026-08-01,DEUTSCHE-BROKER,RECEIVED,TRAIN
TRD101644,2026-08-21,TCS,INE101644,TCS,100,4111.28,411128.0,ICICI-CUST,EQ-ALPHA-03,BOOKED,2026-08-22,BUY,4111.28,100,2026-08-21,ICICI-CUST,RECEIVED,TRAIN
TRD101645,2026-08-11,MARUTI,INE101645,MARUTI,750,12988.49,9741367.5,ICICI-CUST,EQ-CORE-01,BOOKED,2026-08-12,BUY,12988.49,750,2026-08-11,ICICI-CUST,RECEIVED,TRAIN
TRD101646,2026-08-18,WIPRO,INE101646,WIPRO,500,610.45,305225.0,NOMURA-BROKER,EQ-INDEX-04,BOOKED,2026-08-19,BUY,610.45,500,2026-08-18,NOMURA-BROKER,RECEIVED,TRAIN
TRD101647,2026-08-10,HDFCBANK,INE101647,HDFCBANK,250,1671.86,417965.0,NOMURA-BROKER,EQ-CORE-01,BOOKED,2026-08-11,SELL,1671.86,250,2026-08-10,NOMURA-BROKER,RECEIVED,TRAIN
TRD101648,2026-08-01,AXISBANK,INE101648,AXISBANK,500,1175.7,587850.0,HDFC-CUST,EQ-CORE-01,BOOKED,2026-08-02,BUY,1175.7,500,2026-08-01,HDFC-CUST,RECEIVED,TRAIN
TRD101649,2026-08-01,HDFCBANK,INE101649,HDFCBANK,500,1668.56,834280.0,MORGANSTANLEY-BROKER,EQ-INDEX-04,BOOKED,2026-08-02,SELL,1668.56,500,2026-08-01,MORGANSTANLEY-BROKER,RECEIVED,TEST
TRD101650,2026-08-16,RELIANCE,INE101650,RELIANCE,200,2844.8,568960.0,HDFC-CUST,EQ-CORE-02,BOOKED,2026-08-17,SELL,2844.8,200,2026-08-16,HDFC-CUST,RECEIVED,TRAIN
TRD101651,2026-08-20,MARUTI,INE101651,MARUTI,2000,13026.64,26053280.0,ICICI-CUST,EQ-INDEX-04,BOOKED,2026-08-21,BUY,13026.64,2000,2026-08-20,ICICI-CUST,RECEIVED,TRAIN
TRD101652,2026-08-08,KOTAKBANK,INE101652,KOTAKBANK,100,1949.54,194954.0,HDFC-CUST,EQ-CORE-02,BOOKED,2026-08-09,SELL,1949.54,100,2026-08-08,HDFC-CUST,RECEIVED,TRAIN
TRD101653,2026-08-04,ITC,INE101653,ITC,750,467.91,350932.5,MORGANSTANLEY-BROKER,EQ-INDEX-04,BOOKED,2026-08-05,SELL,467.91,750,2026-08-04,MORGANSTANLEY-BROKER,RECEIVED,TRAIN
TRD101654,2026-08-04,KOTAKBANK,INE101654,KOTAKBANK,750,1953.57,1465177.5,DEUTSCHE-BROKER,EQ-INDEX-04,BOOKED,2026-08-05,SELL,1953.57,750,2026-08-04,DEUTSCHE-BROKER,RECEIVED,TEST
TRD101655,2026-08-04,INFY,INE101655,INFY,100,1886.21,188621.0,MORGANSTANLEY-BROKER,EQ-INDEX-04,BOOKED,2026-08-05,BUY,1886.21,100,2026-08-04,MORGANSTANLEY-BROKER,RECEIVED,TRAIN
TRD101656,2026-08-21,AXISBANK,INE101656,AXISBANK,750,1174.75,881062.5,NOMURA-BROKER,EQ-INDEX-04,BOOKED,2026-08-22,BUY,1174.75,750,2026-08-21,NOMURA-BROKER,RECEIVED,TRAIN
TRD101657,2026-08-15,TATASTEEL,INE101657,TATASTEEL,1000,173.25,173250.0,NOMURA-BROKER,EQ-INDEX-04,BOOKED,2026-08-16,SELL,173.25,1000,2026-08-15,NOMURA-BROKER,RECEIVED,TRAIN
TRD101658,2026-08-17,RELIANCE,INE101658,RELIANCE,250,2846.45,711612.5,HDFC-CUST,EQ-ALPHA-03,BOOKED,2026-08-18,SELL,2846.45,250,2026-08-17,HDFC-CUST,RECEIVED,TRAIN
TRD101659,2026-08-05,LT,INE101659,LT,200,3668.17,733634.0,KOTAK-CUST,EQ-ALPHA-03,BOOKED,2026-08-06,SELL,3668.17,200,2026-08-05,KOTAK-CUST,RECEIVED,TRAIN
TRD101660,2026-08-10,WIPRO,INE101660,WIPRO,250,609.0,152250.0,DEUTSCHE-BROKER,EQ-CORE-01,BOOKED,2026-08-11,SELL,609.0,250,2026-08-10,DEUTSCHE-BROKER,RECEIVED,TEST
TRD101661,2026-08-06,BHARTIARTL,INE101661,BHARTIARTL,2000,1692.19,3384380.0,MORGANSTANLEY-BROKER,EQ-ALPHA-03,BOOKED,2026-08-07,BUY,1692.19,2000,2026-08-06,MORGANSTANLEY-BROKER,RECEIVED,TRAIN
TRD101662,2026-08-19,WIPRO,INE101662,WIPRO,1000,610.89,610890.0,KOTAK-CUST,EQ-INDEX-04,BOOKED,2026-08-20,BUY,610.89,1000,2026-08-19,KOTAK-CUST,RECEIVED,TRAIN
TRD101663,2026-08-06,RELIANCE,INE101663,RELIANCE,100,2860.53,286053.0,HDFC-CUST,EQ-CORE-01,BOOKED,2026-08-07,BUY,2860.53,100,2026-08-06,HDFC-CUST,RECEIVED,TRAIN
TRD101664,2026-08-08,ITC,INE101664,ITC,2000,468.07,936140.0,NOMURA-BROKER,EQ-CORE-02,BOOKED,2026-08-09,BUY,468.07,2000,2026-08-08,NOMURA-BROKER,RECEIVED,TRAIN
TRD101665,2026-08-13,TATASTEEL,INE101665,TATASTEEL,250,172.84,43210.0,DEUTSCHE-BROKER,EQ-CORE-01,BOOKED,2026-08-14,BUY,175.13,325,2026-08-13,DEUTSCHE-BROKER,RECEIVED,TRAIN
TRD101666,2026-08-03,AXISBANK,INE101666,AXISBANK,750,1175.7,881775.0,DEUTSCHE-BROKER,EQ-ALPHA-03,BOOKED,2026-08-04,BUY,1175.7,750,2026-08-03,DEUTSCHE-BROKER,RECEIVED,TEST
TRD101667,2026-08-15,TATASTEEL,INE101667,TATASTEEL,250,172.14,43035.0,DEUTSCHE-BROKER,EQ-CORE-02,BOOKED,2026-08-16,BUY,172.14,250,2026-08-15,DEUTSCHE-BROKER,RECEIVED,TRAIN
TRD101668,2026-08-10,HDFCBANK,INE101668,HDFCBANK,750,1675.05,1256287.5,HDFC-CUST,EQ-CORE-02,BOOKED,2026-08-11,BUY,1675.05,750,2026-08-10,HDFC-CUST,RECEIVED,TRAIN
TRD101669,2026-08-01,BHARTIARTL,INE101669,BHARTIARTL,500,1683.4,841700.0,NOMURA-BROKER,EQ-CORE-01,BOOKED,2026-08-02,BUY,1683.4,500,2026-08-01,NOMURA-BROKER,RECEIVED,TRAIN
TRD101670,2026-08-12,RELIANCE,INE101670,RELIANCE,250,2861.71,715427.5,DEUTSCHE-BROKER,EQ-CORE-01,BOOKED,2026-08-13,SELL,2861.71,250,2026-08-12,DEUTSCHE-BROKER,RECEIVED,TRAIN
TRD101671,2026-08-07,INFY,INE101671,INFY,2000,1884.44,3768880.0,MORGANSTANLEY-BROKER,EQ-INDEX-04,BOOKED,2026-08-08,SELL,1884.44,2000,2026-08-07,MORGANSTANLEY-BROKER,RECEIVED,TRAIN
TRD101672,2026-08-15,SBIN,INE101672,SBIN,250,848.15,212037.5,DEUTSCHE-BROKER,EQ-INDEX-04,BOOKED,2026-08-16,BUY,848.15,250,2026-08-16,DEUTSCHE-BROKER,RECEIVED,TRAIN
TRD101673,2026-08-17,AXISBANK,INE101673,AXISBANK,200,1175.85,235170.0,KOTAK-CUST,EQ-CORE-01,BOOKED,2026-08-18,BUY,1175.85,200,2026-08-17,KOTAK-CUST,RECEIVED,TRAIN
TRD101674,2026-08-18,ITC,INE101674,ITC,500,466.8,233400.0,KOTAK-CUST,EQ-CORE-01,BOOKED,2026-08-19,BUY,466.8,500,2026-08-18,KOTAK-CUST,RECEIVED,TRAIN
TRD101675,2026-08-09,MARUTI,INE101675,MARUTI,750,13034.81,9776107.5,DEUTSCHE-BROKER,EQ-ALPHA-03,BOOKED,2026-08-10,BUY,13034.81,750,2026-08-09,DEUTSCHE-BROKER,RECEIVED,TRAIN
TRD101676,2026-08-03,MARUTI,INE101676,MARUTI,250,13040.76,3260190.0,MORGANSTANLEY-BROKER,EQ-CORE-02,BOOKED,2026-08-04,SELL,13040.76,250,2026-08-03,MORGANSTANLEY-BROKER,RECEIVED,TRAIN
TRD101677,2026-08-04,BHARTIARTL,INE101677,BHARTIARTL,100,1691.18,169118.0,MORGANSTANLEY-BROKER,EQ-INDEX-04,BOOKED,2026-08-05,SELL,1691.18,100,2026-08-04,MORGANSTANLEY-BROKER,RECEIVED,TRAIN
TRD101678,2026-08-14,KOTAKBANK,INE101678,KOTAKBANK,100,1946.55,194655.0,KOTAK-CUST,EQ-CORE-02,BOOKED,2026-08-15,SELL,1946.55,100,2026-08-14,ICICI-CUST,RECEIVED,TRAIN
TRD101679,2026-08-18,TATASTEEL,INE101679,TATASTEEL,100,171.83,17183.0,NOMURA-BROKER,EQ-ALPHA-03,BOOKED,2026-08-19,BUY,171.83,100,2026-08-18,NOMURA-BROKER,RECEIVED,TRAIN
TRD101680,2026-08-19,HDFCBANK,INE101680,HDFCBANK,2000,1668.05,3336100.0,MORGANSTANLEY-BROKER,EQ-CORE-01,BOOKED,2026-08-20,SELL,1668.05,2000,2026-08-19,MORGANSTANLEY-BROKER,RECEIVED,TRAIN
TRD101681,2026-08-20,TCS,INE101681,TCS,1500,4124.79,6187185.0,ICICI-CUST,EQ-INDEX-04,BOOKED,2026-08-21,BUY,4124.79,1500,2026-08-20,ICICI-CUST,RECEIVED,TRAIN
TRD101682,2026-08-16,ICICIBANK,INE101682,ICICIBANK,100,1235.89,123589.0,MORGANSTANLEY-BROKER,EQ-CORE-02,BOOKED,2026-08-17,SELL,1235.89,100,2026-08-16,MORGANSTANLEY-BROKER,RECEIVED,TRAIN
TRD101683,2026-08-08,BHARTIARTL,INE101683,BHARTIARTL,2000,1687.08,3374160.0,ICICI-CUST,EQ-CORE-01,BOOKED,2026-08-09,BUY,1711.54,1925,2026-08-08,ICICI-CUST,RECEIVED,TRAIN
TRD101684,2026-08-13,HINDUNILVR,INE101684,HINDUNILVR,500,2746.54,1373270.0,NOMURA-BROKER,EQ-CORE-01,BOOKED,2026-08-14,SELL,2746.54,500,2026-08-13,NOMURA-BROKER,RECEIVED,TRAIN
TRD101685,2026-08-05,RELIANCE,INE101685,RELIANCE,1500,2858.07,4287105.0,DEUTSCHE-BROKER,EQ-INDEX-04,BOOKED,2026-08-06,BUY,2858.07,1500,2026-08-05,DEUTSCHE-BROKER,RECEIVED,TRAIN
TRD101686,2026-08-20,TCS,INE101686,TCS,2000,4105.01,8210020.0,KOTAK-CUST,EQ-ALPHA-03,BOOKED,2026-08-21,BUY,4105.01,2000,2026-08-20,KOTAK-CUST,RECEIVED,TRAIN
TRD101687,2026-08-08,SBIN,INE101687,SBIN,1500,849.14,1273710.0,HDFC-CUST,EQ-CORE-01,BOOKED,2026-08-09,BUY,849.14,1500,2026-08-08,HDFC-CUST,RECEIVED,TRAIN
TRD101688,2026-08-18,HDFCBANK,INE101688,HDFCBANK,1500,1679.35,2519025.0,MORGANSTANLEY-BROKER,EQ-CORE-01,BOOKED,2026-08-19,BUY,1679.35,1500,2026-08-18,MORGANSTANLEY-BROKER,RECEIVED,TRAIN
TRD101689,2026-08-03,MARUTI,INE101689,MARUTI,500,13020.58,6510290.0,ICICI-CUST,EQ-CORE-02,BOOKED,2026-08-04,SELL,13020.58,500,2026-08-03,ICICI-CUST,RECEIVED,TRAIN
TRD101690,2026-08-12,INFY,INE101690,INFY,750,1881.67,1411252.5,MORGANSTANLEY-BROKER,EQ-CORE-02,BOOKED,2026-08-13,SELL,1881.67,750,2026-08-12,MORGANSTANLEY-BROKER,RECEIVED,TRAIN
TRD101691,2026-08-04,INFY,INE101691,INFY,1500,1889.9,2834850.0,NOMURA-BROKER,EQ-CORE-01,BOOKED,2026-08-05,BUY,1889.9,1500,2026-08-04,NOMURA-BROKER,RECEIVED,TRAIN
TRD101692,2026-08-12,ICICIBANK,INE101692,ICICIBANK,500,1240.74,620370.0,HDFC-CUST,EQ-INDEX-04,BOOKED,2026-08-13,SELL,1240.74,500,2026-08-12,HDFC-CUST,RECEIVED,TRAIN
TRD101693,2026-08-08,SBIN,INE101693,SBIN,750,848.72,636540.0,MORGANSTANLEY-BROKER,EQ-ALPHA-03,BOOKED,2026-08-09,SELL,848.72,750,2026-08-08,MORGANSTANLEY-BROKER,RECEIVED,TEST
TRD101694,2026-08-14,WIPRO,INE101694,WIPRO,200,607.63,121526.0,NOMURA-BROKER,EQ-INDEX-04,BOOKED,2026-08-15,SELL,607.63,200,2026-08-14,NOMURA-BROKER,RECEIVED,TRAIN
TRD101695,2026-08-17,TCS,INE101695,TCS,500,4137.73,2068865.0,HDFC-CUST,EQ-ALPHA-03,BOOKED,2026-08-18,BUY,4137.73,500,2026-08-17,HDFC-CUST,RECEIVED,TEST
TRD101696,2026-08-05,TCS,INE101696,TCS,1000,4130.02,4130020.0,ICICI-CUST,EQ-CORE-02,BOOKED,2026-08-06,SELL,4130.02,1000,2026-08-05,ICICI-CUST,RECEIVED,TRAIN
TRD101697,2026-08-01,KOTAKBANK,INE101697,KOTAKBANK,2000,1964.56,3929120.0,DEUTSCHE-BROKER,EQ-CORE-01,BOOKED,2026-08-02,SELL,1964.56,2000,2026-08-01,DEUTSCHE-BROKER,RECEIVED,TEST
TRD101698,2026-08-03,ICICIBANK,INE101698,ICICIBANK,1500,1238.32,1857480.0,ICICI-CUST,EQ-ALPHA-03,BOOKED,2026-08-04,SELL,1238.32,1500,2026-08-03,ICICI-CUST,RECEIVED,TRAIN
TRD101699,2026-08-13,ITC,INE101699,ITC,100,470.6,47060.0,DEUTSCHE-BROKER,EQ-CORE-01,BOOKED,2026-08-14,BUY,470.6,100,2026-08-13,DEUTSCHE-BROKER,RECEIVED,TEST
TRD101700,2026-08-14,HDFCBANK,INE101700,HDFCBANK,1500,1669.91,2504865.0,MORGANSTANLEY-BROKER,EQ-CORE-01,BOOKED,2026-08-15,SELL,1669.91,1500,2026-08-14,MORGANSTANLEY-BROKER,RECEIVED,TRAIN
TRD101701,2026-08-20,RELIANCE,INE101701,RELIANCE,1000,2862.96,2862960.0,KOTAK-CUST,EQ-ALPHA-03,BOOKED,2026-08-21,BUY,2862.96,1000,2026-08-20,KOTAK-CUST,RECEIVED,TEST
TRD101702,2026-08-20,HINDUNILVR,INE101702,HINDUNILVR,100,2741.23,274123.0,DEUTSCHE-BROKER,EQ-INDEX-04,BOOKED,2026-08-21,BUY,2741.23,100,2026-08-20,DEUTSCHE-BROKER,RECEIVED,TEST
TRD101703,2026-08-10,HINDUNILVR,INE101703,HINDUNILVR,200,2747.06,549412.0,MORGANSTANLEY-BROKER,EQ-INDEX-04,BOOKED,2026-08-11,SELL,2747.06,200,2026-08-10,MORGANSTANLEY-BROKER,RECEIVED,TEST
TRD101704,2026-08-13,AXISBANK,INE101704,AXISBANK,750,1176.27,882202.5,DEUTSCHE-BROKER,EQ-CORE-02,BOOKED,2026-08-14,BUY,1176.27,750,2026-08-13,DEUTSCHE-BROKER,RECEIVED,TRAIN
TRD101705,2026-08-09,TATASTEEL,INE101705,TATASTEEL,100,172.07,17207.0,ICICI-CUST,EQ-CORE-02,BOOKED,2026-08-10,SELL,172.07,100,2026-08-09,ICICI-CUST,RECEIVED,TRAIN
TRD101706,2026-08-09,SBIN,INE101706,SBIN,1500,841.7,1262550.0,KOTAK-CUST,EQ-ALPHA-03,BOOKED,2026-08-10,SELL,841.7,1500,2026-08-09,KOTAK-CUST,RECEIVED,TRAIN
TRD101707,2026-08-19,HINDUNILVR,INE101707,HINDUNILVR,100,2735.28,273528.0,NOMURA-BROKER,EQ-ALPHA-03,BOOKED,2026-08-20,SELL,2735.28,100,2026-08-19,NOMURA-BROKER,RECEIVED,TRAIN
TRD101708,2026-08-01,MARUTI,INE101708,MARUTI,250,12972.71,3243177.5,DEUTSCHE-BROKER,EQ-CORE-01,BOOKED,2026-08-02,SELL,12972.71,250,2026-08-01,DEUTSCHE-BROKER,RECEIVED,TRAIN
TRD101709,2026-08-18,RELIANCE,INE101709,RELIANCE,1000,2849.94,2849940.0,HDFC-CUST,EQ-INDEX-04,BOOKED,2026-08-19,BUY,2849.94,1000,2026-08-18,HDFC-CUST,RECEIVED,TEST
TRD101710,2026-08-20,AXISBANK,INE101710,AXISBANK,200,1177.61,235522.0,MORGANSTANLEY-BROKER,EQ-ALPHA-03,BOOKED,2026-08-21,BUY,1177.61,200,2026-08-20,MORGANSTANLEY-BROKER,RECEIVED,TRAIN
TRD101711,2026-08-09,ITC,INE101711,ITC,250,467.77,116942.5,KOTAK-CUST,EQ-INDEX-04,BOOKED,2026-08-10,BUY,467.77,250,2026-08-09,KOTAK-CUST,RECEIVED,TEST
TRD101712,2026-08-20,HDFCBANK,INE101712,HDFCBANK,250,1669.28,417320.0,NOMURA-BROKER,EQ-CORE-01,BOOKED,2026-08-21,BUY,1669.28,250,2026-08-20,NOMURA-BROKER,RECEIVED,TRAIN
TRD101713,2026-08-17,TCS,INE101713,TCS,100,4107.74,410774.0,DEUTSCHE-BROKER,EQ-ALPHA-03,BOOKED,2026-08-18,BUY,4107.74,100,2026-08-17,DEUTSCHE-BROKER,RECEIVED,TRAIN
TRD101714,2026-08-09,LT,INE101714,LT,500,3663.99,1831995.0,KOTAK-CUST,EQ-CORE-01,BOOKED,2026-08-10,SELL,3663.99,500,2026-08-09,KOTAK-CUST,RECEIVED,TRAIN
TRD101715,2026-08-12,LT,INE101715,LT,100,3683.85,368385.0,ICICI-CUST,EQ-CORE-01,BOOKED,2026-08-13,SELL,3683.85,100,2026-08-12,ICICI-CUST,RECEIVED,TRAIN
TRD101716,2026-08-11,TCS,INE101716,TCS,200,4109.91,821982.0,MORGANSTANLEY-BROKER,EQ-ALPHA-03,BOOKED,2026-08-12,SELL,4109.91,200,2026-08-11,MORGANSTANLEY-BROKER,RECEIVED,TRAIN
TRD101717,2026-08-05,TCS,INE101717,TCS,1500,4136.24,6204360.0,ICICI-CUST,EQ-ALPHA-03,BOOKED,2026-08-06,SELL,4136.24,1500,2026-08-05,ICICI-CUST,RECEIVED,TRAIN
TRD101718,2026-08-12,SBIN,INE101718,SBIN,1500,848.96,1273440.0,DEUTSCHE-BROKER,EQ-ALPHA-03,BOOKED,2026-08-13,BUY,848.96,1500,2026-08-12,DEUTSCHE-BROKER,RECEIVED,TRAIN
TRD101719,2026-08-05,INFY,INE101719,INFY,1000,1881.69,1881690.0,MORGANSTANLEY-BROKER,EQ-CORE-01,BOOKED,2026-08-06,BUY,1881.69,1000,2026-08-05,MORGANSTANLEY-BROKER,RECEIVED,TRAIN
TRD101720,2026-08-17,AXISBANK,INE101720,AXISBANK,500,1183.89,591945.0,NOMURA-BROKER,EQ-ALPHA-03,BOOKED,2026-08-18,BUY,1183.89,500,2026-08-17,NOMURA-BROKER,RECEIVED,TRAIN
TRD101721,2026-08-05,BHARTIARTL,INE101721,BHARTIARTL,100,1693.05,169305.0,DEUTSCHE-BROKER,EQ-CORE-01,BOOKED,2026-08-06,BUY,1693.05,100,2026-08-05,DEUTSCHE-BROKER,RECEIVED,TRAIN
TRD101722,2026-08-19,TATASTEEL,INE101722,TATASTEEL,500,172.56,86280.0,NOMURA-BROKER,EQ-INDEX-04,BOOKED,2026-08-20,BUY,174.45,425,2026-08-19,NOMURA-BROKER,RECEIVED,TRAIN
TRD101723,2026-08-17,MARUTI,INE101723,MARUTI,100,12993.9,1299390.0,MORGANSTANLEY-BROKER,EQ-INDEX-04,BOOKED,2026-08-18,SELL,12993.9,100,2026-08-17,MORGANSTANLEY-BROKER,RECEIVED,TRAIN
TRD101724,2026-08-10,ICICIBANK,INE101724,ICICIBANK,500,1244.97,622485.0,HDFC-CUST,EQ-ALPHA-03,BOOKED,2026-08-11,BUY,1244.97,500,2026-08-10,HDFC-CUST,RECEIVED,TEST
TRD101725,2026-08-11,HINDUNILVR,INE101725,HINDUNILVR,1000,2738.21,2738210.0,NOMURA-BROKER,EQ-CORE-01,BOOKED,2026-08-12,BUY,2738.21,1000,2026-08-11,HDFC-CUST,RECEIVED,TRAIN
TRD101726,2026-08-12,ITC,INE101726,ITC,1500,468.25,702375.0,MORGANSTANLEY-BROKER,EQ-CORE-01,BOOKED,2026-08-13,SELL,468.25,1500,2026-08-12,MORGANSTANLEY-BROKER,RECEIVED,TRAIN
TRD101727,2026-08-15,KOTAKBANK,INE101727,KOTAKBANK,2000,1957.76,3915520.0,DEUTSCHE-BROKER,EQ-CORE-02,BOOKED,2026-08-16,BUY,1957.76,2000,2026-08-15,DEUTSCHE-BROKER,RECEIVED,TRAIN
TRD101728,2026-08-14,TATASTEEL,INE101728,TATASTEEL,500,172.93,86465.0,NOMURA-BROKER,EQ-CORE-02,BOOKED,2026-08-15,SELL,172.93,500,2026-08-14,NOMURA-BROKER,RECEIVED,TRAIN
TRD101729,2026-08-04,HINDUNILVR,INE101729,HINDUNILVR,750,2741.25,2055937.5,ICICI-CUST,EQ-INDEX-04,BOOKED,2026-08-05,SELL,2741.25,750,2026-08-04,ICICI-CUST,RECEIVED,TRAIN
TRD101730,2026-08-21,LT,INE101730,LT,250,3682.95,920737.5,HDFC-CUST,EQ-CORE-02,BOOKED,2026-08-22,SELL,3682.95,250,2026-08-21,HDFC-CUST,RECEIVED,TEST
TRD101731,2026-08-09,RELIANCE,INE101731,RELIANCE,250,2839.69,709922.5,MORGANSTANLEY-BROKER,EQ-INDEX-04,BOOKED,2026-08-10,BUY,2839.69,250,2026-08-09,ICICI-CUST,RECEIVED,TRAIN
TRD101732,2026-08-01,INFY,INE101732,INFY,100,1896.61,189661.0,NOMURA-BROKER,EQ-CORE-02,BOOKED,2026-08-02,BUY,1896.61,100,2026-08-01,NOMURA-BROKER,RECEIVED,TRAIN
TRD101733,2026-08-12,INFY,INE101733,INFY,1500,1897.94,2846910.0,HDFC-CUST,EQ-INDEX-04,BOOKED,2026-08-13,BUY,1897.94,1500,2026-08-12,HDFC-CUST,RECEIVED,TRAIN
TRD101734,2026-08-11,WIPRO,INE101734,WIPRO,750,608.02,456015.0,MORGANSTANLEY-BROKER,EQ-CORE-01,BOOKED,2026-08-12,BUY,608.02,750,2026-08-11,MORGANSTANLEY-BROKER,RECEIVED,TRAIN
TRD101735,2026-08-14,TCS,INE101735,TCS,1000,4139.29,4139290.0,NOMURA-BROKER,EQ-INDEX-04,BOOKED,2026-08-15,SELL,4139.29,1000,2026-08-14,NOMURA-BROKER,RECEIVED,TRAIN
TRD101736,2026-08-06,ICICIBANK,INE101736,ICICIBANK,2000,1243.28,2486560.0,NOMURA-BROKER,EQ-CORE-01,BOOKED,2026-08-07,BUY,1243.28,2000,2026-08-06,NOMURA-BROKER,RECEIVED,TRAIN
TRD101737,2026-08-12,TATASTEEL,INE101737,TATASTEEL,100,172.61,17261.0,NOMURA-BROKER,EQ-INDEX-04,BOOKED,2026-08-13,SELL,172.61,100,2026-08-12,NOMURA-BROKER,RECEIVED,TRAIN
TRD101738,2026-08-19,SBIN,INE101738,SBIN,2000,842.87,1685740.0,KOTAK-CUST,EQ-CORE-01,BOOKED,2026-08-20,BUY,842.87,2000,2026-08-19,KOTAK-CUST,RECEIVED,TRAIN
TRD101739,2026-08-19,ICICIBANK,INE101739,ICICIBANK,2000,1238.83,2477660.0,MORGANSTANLEY-BROKER,EQ-INDEX-04,BOOKED,2026-08-20,SELL,1238.83,2000,2026-08-19,MORGANSTANLEY-BROKER,RECEIVED,TRAIN
TRD101740,2026-08-06,SBIN,INE101740,SBIN,1500,844.07,1266105.0,HDFC-CUST,EQ-CORE-01,BOOKED,2026-08-07,BUY,844.07,1500,2026-08-06,HDFC-CUST,RECEIVED,TRAIN
TRD101741,2026-08-20,BHARTIARTL,INE101741,BHARTIARTL,750,1691.67,1268752.5,KOTAK-CUST,EQ-CORE-01,BOOKED,2026-08-21,SELL,1691.67,750,2026-08-20,KOTAK-CUST,RECEIVED,TRAIN
TRD101742,2026-08-09,ICICIBANK,INE101742,ICICIBANK,250,1236.07,309017.5,DEUTSCHE-BROKER,EQ-INDEX-04,BOOKED,2026-08-10,BUY,1236.07,250,2026-08-09,DEUTSCHE-BROKER,RECEIVED,TRAIN
TRD101743,2026-08-09,TATASTEEL,INE101743,TATASTEEL,250,172.09,43022.5,MORGANSTANLEY-BROKER,EQ-CORE-01,BOOKED,2026-08-10,BUY,172.09,250,2026-08-09,MORGANSTANLEY-BROKER,RECEIVED,TRAIN
TRD101744,2026-08-07,KOTAKBANK,INE101744,KOTAKBANK,750,1948.68,1461510.0,MORGANSTANLEY-BROKER,EQ-CORE-02,BOOKED,2026-08-08,BUY,1948.68,750,2026-08-07,MORGANSTANLEY-BROKER,RECEIVED,TEST
TRD101745,2026-08-18,AXISBANK,INE101745,AXISBANK,100,1185.68,118568.0,MORGANSTANLEY-BROKER,EQ-CORE-02,BOOKED,2026-08-19,BUY,1185.68,100,2026-08-18,MORGANSTANLEY-BROKER,RECEIVED,TRAIN
TRD101746,2026-08-10,ITC,INE101746,ITC,100,468.29,46829.0,MORGANSTANLEY-BROKER,EQ-INDEX-04,BOOKED,2026-08-11,SELL,475.57,25,2026-08-10,MORGANSTANLEY-BROKER,RECEIVED,TRAIN
TRD101747,2026-08-10,LT,INE101747,LT,250,3692.33,923082.5,ICICI-CUST,EQ-CORE-01,BOOKED,2026-08-11,SELL,3692.33,250,2026-08-11,ICICI-CUST,RECEIVED,TRAIN
TRD101748,2026-08-03,TATASTEEL,INE101748,TATASTEEL,1500,172.44,258660.0,HDFC-CUST,EQ-ALPHA-03,BOOKED,2026-08-04,BUY,172.44,1500,2026-08-03,HDFC-CUST,RECEIVED,TRAIN
TRD101749,2026-08-08,SBIN,INE101749,SBIN,200,847.67,169534.0,NOMURA-BROKER,EQ-CORE-01,BOOKED,2026-08-09,SELL,847.67,200,2026-08-09,NOMURA-BROKER,RECEIVED,TRAIN
TRD101750,2026-08-21,INFY,INE101750,INFY,1000,1886.07,1886070.0,NOMURA-BROKER,EQ-CORE-01,BOOKED,2026-08-22,SELL,1886.07,1000,2026-08-21,NOMURA-BROKER,RECEIVED,TRAIN
TRD101751,2026-08-17,TATASTEEL,INE101751,TATASTEEL,100,172.34,17234.0,KOTAK-CUST,EQ-CORE-02,BOOKED,2026-08-18,BUY,168.99,100,2026-08-17,KOTAK-CUST,RECEIVED,TRAIN
TRD101752,2026-08-19,KOTAKBANK,INE101752,KOTAKBANK,100,1950.73,195073.0,DEUTSCHE-BROKER,EQ-CORE-02,BOOKED,2026-08-20,BUY,1950.73,100,2026-08-19,DEUTSCHE-BROKER,RECEIVED,TRAIN
TRD101753,2026-08-06,ICICIBANK,INE101753,ICICIBANK,2000,1236.47,2472940.0,NOMURA-BROKER,EQ-INDEX-04,BOOKED,2026-08-07,SELL,1236.47,2000,2026-08-06,NOMURA-BROKER,RECEIVED,TRAIN
TRD101754,2026-08-03,INFY,INE101754,INFY,500,1892.85,946425.0,MORGANSTANLEY-BROKER,EQ-CORE-02,BOOKED,2026-08-04,BUY,1892.85,500,2026-08-03,MORGANSTANLEY-BROKER,RECEIVED,TRAIN
TRD101755,2026-08-20,BHARTIARTL,INE101755,BHARTIARTL,200,1690.24,338048.0,HDFC-CUST,EQ-CORE-02,BOOKED,2026-08-21,BUY,1690.24,400,2026-08-20,HDFC-CUST,RECEIVED,TRAIN
TRD101756,2026-08-21,BHARTIARTL,INE101756,BHARTIARTL,750,1692.32,1269240.0,MORGANSTANLEY-BROKER,EQ-CORE-02,BOOKED,2026-08-22,SELL,1692.32,750,2026-08-21,MORGANSTANLEY-BROKER,RECEIVED,TRAIN
TRD101757,2026-08-08,ITC,INE101757,ITC,250,470.67,117667.5,KOTAK-CUST,EQ-INDEX-04,BOOKED,2026-08-09,SELL,470.67,250,2026-08-08,KOTAK-CUST,RECEIVED,TRAIN
TRD101758,2026-08-18,HINDUNILVR,INE101758,HINDUNILVR,1500,2748.29,4122435.0,DEUTSCHE-BROKER,EQ-ALPHA-03,BOOKED,2026-08-19,BUY,2748.29,1500,2026-08-18,DEUTSCHE-BROKER,RECEIVED,TRAIN
TRD101759,2026-08-10,HDFCBANK,INE101759,HDFCBANK,200,1682.95,336590.0,DEUTSCHE-BROKER,EQ-INDEX-04,BOOKED,2026-08-11,SELL,1682.95,200,2026-08-10,DEUTSCHE-BROKER,RECEIVED,TRAIN
TRD101760,2026-08-15,HDFCBANK,INE101760,HDFCBANK,1500,1668.76,2503140.0,KOTAK-CUST,EQ-CORE-01,BOOKED,2026-08-16,SELL,1668.76,1500,2026-08-15,KOTAK-CUST,RECEIVED,TRAIN
TRD101761,2026-08-16,WIPRO,INE101761,WIPRO,1500,611.6,917400.0,DEUTSCHE-BROKER,EQ-INDEX-04,BOOKED,2026-08-17,BUY,611.6,1500,2026-08-16,NOMURA-BROKER,RECEIVED,TRAIN
TRD101762,2026-08-07,RELIANCE,INE101762,RELIANCE,750,2843.88,2132910.0,DEUTSCHE-BROKER,EQ-CORE-01,BOOKED,2026-08-08,SELL,2843.88,750,2026-08-07,DEUTSCHE-BROKER,RECEIVED,TRAIN
TRD101763,2026-08-15,ICICIBANK,INE101763,ICICIBANK,1000,1239.7,1239700.0,DEUTSCHE-BROKER,EQ-INDEX-04,BOOKED,2026-08-16,SELL,1239.7,1000,2026-08-15,DEUTSCHE-BROKER,RECEIVED,TRAIN
TRD101764,2026-08-08,TATASTEEL,INE101764,TATASTEEL,100,172.05,17205.0,KOTAK-CUST,EQ-CORE-01,BOOKED,2026-08-09,SELL,172.05,100,2026-08-08,KOTAK-CUST,RECEIVED,TEST
TRD101765,2026-08-06,ITC,INE101765,ITC,1500,467.59,701385.0,MORGANSTANLEY-BROKER,EQ-CORE-02,BOOKED,2026-08-07,BUY,467.59,1500,2026-08-06,MORGANSTANLEY-BROKER,RECEIVED,TEST
TRD101766,2026-08-18,AXISBANK,INE101766,AXISBANK,1000,1175.87,1175870.0,ICICI-CUST,EQ-CORE-01,BOOKED,2026-08-19,SELL,1175.87,1000,2026-08-18,ICICI-CUST,RECEIVED,TRAIN
TRD101767,2026-08-18,TCS,INE101767,TCS,1000,4137.74,4137740.0,ICICI-CUST,EQ-CORE-01,BOOKED,2026-08-19,BUY,4137.74,1000,2026-08-18,ICICI-CUST,RECEIVED,TRAIN
TRD101768,2026-08-18,SBIN,INE101768,SBIN,500,849.7,424850.0,DEUTSCHE-BROKER,EQ-CORE-02,BOOKED,2026-08-19,SELL,849.7,500,2026-08-18,DEUTSCHE-BROKER,RECEIVED,TRAIN
TRD101769,2026-08-11,HINDUNILVR,INE101769,HINDUNILVR,250,2756.87,689217.5,DEUTSCHE-BROKER,EQ-CORE-02,BOOKED,2026-08-12,BUY,2805.41,175,2026-08-11,DEUTSCHE-BROKER,RECEIVED,TRAIN
TRD101770,2026-08-17,RELIANCE,INE101770,RELIANCE,100,2860.35,286035.0,ICICI-CUST,EQ-INDEX-04,BOOKED,2026-08-18,SELL,2860.35,100,2026-08-17,ICICI-CUST,RECEIVED,TEST
TRD101771,2026-08-01,RELIANCE,INE101771,RELIANCE,250,2844.32,711080.0,HDFC-CUST,EQ-CORE-02,BOOKED,2026-08-02,BUY,2844.32,250,2026-08-01,HDFC-CUST,RECEIVED,TEST
TRD101772,2026-08-13,ICICIBANK,INE101772,ICICIBANK,200,1244.68,248936.0,NOMURA-BROKER,EQ-INDEX-04,BOOKED,2026-08-14,BUY,1244.68,200,2026-08-13,NOMURA-BROKER,RECEIVED,TEST
TRD101773,2026-08-03,MARUTI,INE101773,MARUTI,750,13026.99,9770242.5,ICICI-CUST,EQ-INDEX-04,BOOKED,2026-08-04,BUY,13026.99,750,2026-08-03,ICICI-CUST,RECEIVED,TRAIN
TRD101774,2026-08-19,RELIANCE,INE101774,RELIANCE,250,2838.97,709742.5,DEUTSCHE-BROKER,EQ-CORE-02,BOOKED,2026-08-20,SELL,2838.97,250,2026-08-19,DEUTSCHE-BROKER,RECEIVED,TRAIN
TRD101775,2026-08-01,HINDUNILVR,INE101775,HINDUNILVR,1000,2743.54,2743540.0,KOTAK-CUST,EQ-ALPHA-03,BOOKED,2026-08-02,SELL,2743.54,1000,2026-08-01,KOTAK-CUST,RECEIVED,TRAIN
TRD101776,2026-08-21,HDFCBANK,INE101776,HDFCBANK,200,1671.25,334250.0,MORGANSTANLEY-BROKER,EQ-INDEX-04,BOOKED,2026-08-22,SELL,1671.25,200,2026-08-21,MORGANSTANLEY-BROKER,RECEIVED,TRAIN
TRD101777,2026-08-14,ICICIBANK,INE101777,ICICIBANK,1500,1235.75,1853625.0,MORGANSTANLEY-BROKER,EQ-ALPHA-03,BOOKED,2026-08-15,SELL,1235.75,1500,2026-08-14,MORGANSTANLEY-BROKER,RECEIVED,TEST
TRD101778,2026-08-16,ICICIBANK,INE101778,ICICIBANK,500,1239.34,619670.0,NOMURA-BROKER,EQ-INDEX-04,BOOKED,2026-08-17,SELL,1239.34,500,2026-08-16,NOMURA-BROKER,RECEIVED,TRAIN
TRD101779,2026-08-19,HINDUNILVR,INE101779,HINDUNILVR,200,2744.29,548858.0,ICICI-CUST,EQ-INDEX-04,BOOKED,2026-08-20,BUY,2744.29,200,2026-08-19,ICICI-CUST,RECEIVED,TEST
TRD101780,2026-08-04,ITC,INE101780,ITC,1000,468.79,468790.0,NOMURA-BROKER,EQ-ALPHA-03,BOOKED,2026-08-05,SELL,468.79,1000,2026-08-04,NOMURA-BROKER,RECEIVED,TRAIN
TRD101781,2026-08-06,INFY,INE101781,INFY,200,1882.65,376530.0,HDFC-CUST,EQ-INDEX-04,BOOKED,2026-08-07,BUY,1882.65,200,2026-08-06,HDFC-CUST,RECEIVED,TEST
TRD101782,2026-08-16,TCS,INE101782,TCS,250,4116.76,1029190.0,MORGANSTANLEY-BROKER,EQ-CORE-02,BOOKED,2026-08-17,BUY,4116.76,300,2026-08-16,MORGANSTANLEY-BROKER,RECEIVED,TRAIN
TRD101783,2026-08-10,HINDUNILVR,INE101783,HINDUNILVR,2000,2738.79,5477580.0,NOMURA-BROKER,EQ-ALPHA-03,BOOKED,2026-08-11,BUY,2738.79,2000,2026-08-10,NOMURA-BROKER,RECEIVED,TRAIN
TRD101784,2026-08-20,RELIANCE,INE101784,RELIANCE,1000,2855.89,2855890.0,DEUTSCHE-BROKER,EQ-CORE-01,BOOKED,2026-08-21,SELL,2855.89,1000,2026-08-21,DEUTSCHE-BROKER,RECEIVED,TEST
TRD101785,2026-08-16,WIPRO,INE101785,WIPRO,500,611.91,305955.0,MORGANSTANLEY-BROKER,EQ-INDEX-04,BOOKED,2026-08-17,SELL,611.91,500,2026-08-16,MORGANSTANLEY-BROKER,RECEIVED,TRAIN
TRD101786,2026-08-16,KOTAKBANK,INE101786,KOTAKBANK,500,1952.22,976110.0,MORGANSTANLEY-BROKER,EQ-CORE-01,BOOKED,2026-08-17,BUY,1952.22,500,2026-08-16,MORGANSTANLEY-BROKER,RECEIVED,TEST
TRD101787,2026-08-01,BHARTIARTL,INE101787,BHARTIARTL,200,1688.3,337660.0,HDFC-CUST,EQ-CORE-01,BOOKED,2026-08-02,BUY,1655.8,200,2026-08-01,HDFC-CUST,RECEIVED,TRAIN
TRD101788,2026-08-04,HDFCBANK,INE101788,HDFCBANK,2000,1681.39,3362780.0,ICICI-CUST,EQ-INDEX-04,BOOKED,2026-08-05,SELL,1681.39,2000,2026-08-04,ICICI-CUST,RECEIVED,TRAIN
TRD101789,2026-08-18,INFY,INE101789,INFY,2000,1883.49,3766980.0,DEUTSCHE-BROKER,EQ-INDEX-04,BOOKED,2026-08-19,BUY,1883.49,2000,2026-08-18,DEUTSCHE-BROKER,RECEIVED,TRAIN
TRD101790,2026-08-10,ICICIBANK,INE101790,ICICIBANK,200,1240.0,248000.0,NOMURA-BROKER,EQ-ALPHA-03,BOOKED,2026-08-11,SELL,1240.0,200,2026-08-11,NOMURA-BROKER,RECEIVED,TEST
TRD101791,2026-08-06,AXISBANK,INE101791,AXISBANK,1000,1181.0,1181000.0,HDFC-CUST,EQ-ALPHA-03,BOOKED,2026-08-07,BUY,1181.0,1000,2026-08-06,HDFC-CUST,RECEIVED,TRAIN
TRD101792,2026-08-09,HINDUNILVR,INE101792,HINDUNILVR,1000,2746.13,2746130.0,DEUTSCHE-BROKER,EQ-INDEX-04,BOOKED,2026-08-10,BUY,2746.13,950,2026-08-09,DEUTSCHE-BROKER,RECEIVED,TRAIN
TRD101793,2026-08-05,TATASTEEL,INE101793,TATASTEEL,1000,173.19,173190.0,HDFC-CUST,EQ-INDEX-04,BOOKED,2026-08-06,BUY,173.19,1000,2026-08-05,HDFC-CUST,RECEIVED,TEST
TRD101794,2026-08-16,SBIN,INE101794,SBIN,1500,842.89,1264335.0,ICICI-CUST,EQ-CORE-01,BOOKED,2026-08-17,SELL,842.89,1500,2026-08-16,ICICI-CUST,RECEIVED,TRAIN
TRD101795,2026-08-04,WIPRO,INE101795,WIPRO,500,608.51,304255.0,MORGANSTANLEY-BROKER,EQ-INDEX-04,BOOKED,2026-08-05,SELL,608.51,500,2026-08-04,MORGANSTANLEY-BROKER,RECEIVED,TRAIN
TRD101796,2026-08-20,TCS,INE101796,TCS,100,4125.9,412590.0,HDFC-CUST,EQ-CORE-01,BOOKED,2026-08-21,SELL,4125.9,1,2026-08-20,HDFC-CUST,RECEIVED,TRAIN
TRD101797,2026-08-01,KOTAKBANK,INE101797,KOTAKBANK,500,1952.67,976335.0,HDFC-CUST,EQ-ALPHA-03,BOOKED,2026-08-02,SELL,1952.67,500,2026-08-01,HDFC-CUST,RECEIVED,TRAIN
TRD101798,2026-08-10,MARUTI,INE101798,MARUTI,1500,12990.96,19486440.0,KOTAK-CUST,EQ-INDEX-04,BOOKED,2026-08-11,SELL,12990.96,1500,2026-08-10,KOTAK-CUST,RECEIVED,TRAIN
TRD101799,2026-08-05,LT,INE101799,LT,500,3664.6,1832300.0,ICICI-CUST,EQ-CORE-02,BOOKED,2026-08-06,SELL,3664.6,500,2026-08-05,ICICI-CUST,RECEIVED,TRAIN
TRD101800,2026-08-05,INFY,INE101800,INFY,750,1891.5,1418625.0,MORGANSTANLEY-BROKER,EQ-INDEX-04,BOOKED,2026-08-06,SELL,1917.72,825,2026-08-05,MORGANSTANLEY-BROKER,RECEIVED,TRAIN
TRD101801,2026-08-20,AXISBANK,INE101801,AXISBANK,750,1185.76,889320.0,NOMURA-BROKER,EQ-INDEX-04,BOOKED,2026-08-21,BUY,1185.76,750,2026-08-20,NOMURA-BROKER,RECEIVED,TEST
TRD101802,2026-08-07,INFY,INE101802,INFY,100,1895.66,189566.0,ICICI-CUST,EQ-CORE-02,BOOKED,2026-08-08,BUY,1895.66,100,2026-08-07,ICICI-CUST,RECEIVED,TRAIN
TRD101803,2026-08-11,INFY,INE101803,INFY,2000,1897.38,3794760.0,ICICI-CUST,EQ-CORE-01,BOOKED,2026-08-12,BUY,1897.38,2000,2026-08-12,ICICI-CUST,RECEIVED,TRAIN
TRD101804,2026-08-16,LT,INE101804,LT,2000,3677.4,7354800.0,KOTAK-CUST,EQ-ALPHA-03,BOOKED,2026-08-17,BUY,3677.4,2000,2026-08-16,KOTAK-CUST,RECEIVED,TRAIN
TRD101805,2026-08-13,HDFCBANK,INE101805,HDFCBANK,1500,1673.14,2509710.0,NOMURA-BROKER,EQ-INDEX-04,BOOKED,2026-08-14,SELL,1673.14,1500,2026-08-13,NOMURA-BROKER,RECEIVED,TRAIN
TRD101806,2026-08-20,ICICIBANK,INE101806,ICICIBANK,1000,1241.18,1241180.0,HDFC-CUST,EQ-CORE-02,BOOKED,2026-08-21,SELL,1241.18,1000,2026-08-20,HDFC-CUST,RECEIVED,TEST
TRD101807,2026-08-18,WIPRO,INE101807,WIPRO,250,612.42,153105.0,DEUTSCHE-BROKER,EQ-INDEX-04,BOOKED,2026-08-19,SELL,612.42,250,2026-08-18,DEUTSCHE-BROKER,RECEIVED,TEST
TRD101808,2026-08-14,KOTAKBANK,INE101808,KOTAKBANK,200,1956.83,391366.0,NOMURA-BROKER,EQ-ALPHA-03,BOOKED,2026-08-15,BUY,1956.83,200,2026-08-14,NOMURA-BROKER,RECEIVED,TRAIN
TRD101809,2026-08-12,RELIANCE,INE101809,RELIANCE,1000,2860.63,2860630.0,NOMURA-BROKER,EQ-INDEX-04,BOOKED,2026-08-13,BUY,2860.63,1000,2026-08-12,NOMURA-BROKER,RECEIVED,TRAIN
TRD101810,2026-08-06,AXISBANK,INE101810,AXISBANK,500,1178.86,589430.0,NOMURA-BROKER,EQ-CORE-01,BOOKED,2026-08-07,BUY,1178.86,500,2026-08-06,NOMURA-BROKER,RECEIVED,TRAIN
TRD101811,2026-08-01,ITC,INE101811,ITC,1000,469.02,469020.0,MORGANSTANLEY-BROKER,EQ-ALPHA-03,BOOKED,2026-08-02,SELL,469.02,1000,2026-08-01,MORGANSTANLEY-BROKER,RECEIVED,TRAIN
TRD101812,2026-08-17,TCS,INE101812,TCS,1000,4137.88,4137880.0,ICICI-CUST,EQ-ALPHA-03,BOOKED,2026-08-18,BUY,4137.88,1000,2026-08-17,ICICI-CUST,RECEIVED,TRAIN
TRD101813,2026-08-13,KOTAKBANK,INE101813,KOTAKBANK,750,1958.47,1468852.5,ICICI-CUST,EQ-ALPHA-03,BOOKED,2026-08-14,SELL,1958.47,750,2026-08-13,MORGANSTANLEY-BROKER,RECEIVED,TRAIN
TRD101814,2026-08-01,KOTAKBANK,INE101814,KOTAKBANK,100,1964.91,196491.0,NOMURA-BROKER,EQ-INDEX-04,BOOKED,2026-08-02,SELL,1964.91,100,2026-08-01,NOMURA-BROKER,RECEIVED,TRAIN
TRD101815,2026-08-21,ITC,INE101815,ITC,250,468.78,117195.0,MORGANSTANLEY-BROKER,EQ-CORE-01,BOOKED,2026-08-22,BUY,468.78,250,2026-08-21,MORGANSTANLEY-BROKER,RECEIVED,TRAIN
TRD101816,2026-08-05,SBIN,INE101816,SBIN,100,846.55,84655.0,NOMURA-BROKER,EQ-CORE-02,BOOKED,2026-08-06,BUY,846.55,100,2026-08-05,NOMURA-BROKER,RECEIVED,TRAIN
TRD101817,2026-08-04,TCS,INE101817,TCS,1500,4134.52,6201780.0,ICICI-CUST,EQ-INDEX-04,BOOKED,2026-08-05,BUY,4134.52,1500,2026-08-04,ICICI-CUST,RECEIVED,TRAIN
TRD101818,2026-08-09,SBIN,INE101818,SBIN,200,848.63,169726.0,HDFC-CUST,EQ-CORE-01,BOOKED,2026-08-10,SELL,848.63,200,2026-08-09,HDFC-CUST,RECEIVED,TRAIN
TRD101819,2026-08-06,MARUTI,INE101819,MARUTI,1000,13031.63,13031630.0,MORGANSTANLEY-BROKER,EQ-ALPHA-03,BOOKED,2026-08-07,BUY,13031.63,1000,2026-08-06,MORGANSTANLEY-BROKER,RECEIVED,TRAIN
TRD101820,2026-08-02,KOTAKBANK,INE101820,KOTAKBANK,1500,1954.06,2931090.0,ICICI-CUST,EQ-CORE-02,BOOKED,2026-08-03,BUY,1982.66,1575,2026-08-02,ICICI-CUST,RECEIVED,TRAIN
TRD101821,2026-08-15,WIPRO,INE101821,WIPRO,750,607.81,455857.5,ICICI-CUST,EQ-ALPHA-03,BOOKED,2026-08-16,BUY,607.81,750,2026-08-15,ICICI-CUST,RECEIVED,TEST
TRD101822,2026-08-01,WIPRO,INE101822,WIPRO,1500,608.35,912525.0,KOTAK-CUST,EQ-ALPHA-03,BOOKED,2026-08-02,SELL,608.35,1500,2026-08-01,KOTAK-CUST,RECEIVED,TRAIN
TRD101823,2026-08-03,TCS,INE101823,TCS,1000,4119.36,4119360.0,MORGANSTANLEY-BROKER,EQ-INDEX-04,BOOKED,2026-08-04,BUY,4119.36,1000,2026-08-03,MORGANSTANLEY-BROKER,RECEIVED,TRAIN
TRD101824,2026-08-03,TCS,INE101824,TCS,200,4107.67,821534.0,HDFC-CUST,EQ-ALPHA-03,BOOKED,2026-08-04,BUY,4107.67,200,2026-08-04,HDFC-CUST,RECEIVED,TEST
TRD101825,2026-08-07,HINDUNILVR,INE101825,HINDUNILVR,250,2753.53,688382.5,NOMURA-BROKER,EQ-ALPHA-03,BOOKED,2026-08-08,SELL,,,,,MISSING,TRAIN
TRD101826,2026-08-21,TCS,INE101826,TCS,500,4112.83,2056415.0,HDFC-CUST,EQ-CORE-02,BOOKED,2026-08-22,SELL,4112.83,500,2026-08-21,HDFC-CUST,RECEIVED,TEST
TRD101827,2026-08-06,RELIANCE,INE101827,RELIANCE,1500,2856.37,4284555.0,KOTAK-CUST,EQ-CORE-02,BOOKED,2026-08-07,SELL,2856.37,1500,2026-08-06,KOTAK-CUST,RECEIVED,TEST
TRD101828,2026-08-09,BHARTIARTL,INE101828,BHARTIARTL,500,1696.07,848035.0,HDFC-CUST,EQ-CORE-02,BOOKED,2026-08-10,SELL,1696.07,500,2026-08-09,HDFC-CUST,RECEIVED,TRAIN
TRD101829,2026-08-16,ICICIBANK,INE101829,ICICIBANK,2000,1237.88,2475760.0,KOTAK-CUST,EQ-ALPHA-03,BOOKED,2026-08-17,SELL,1237.88,2000,2026-08-16,KOTAK-CUST,RECEIVED,TEST
TRD101830,2026-08-06,HINDUNILVR,INE101830,HINDUNILVR,2000,2754.65,5509300.0,ICICI-CUST,EQ-INDEX-04,BOOKED,2026-08-07,BUY,2754.65,2000,2026-08-06,ICICI-CUST,RECEIVED,TRAIN
TRD101831,2026-08-14,LT,INE101831,LT,500,3698.32,1849160.0,KOTAK-CUST,EQ-ALPHA-03,BOOKED,2026-08-15,BUY,3698.32,500,2026-08-14,KOTAK-CUST,RECEIVED,TRAIN
TRD101832,2026-08-07,SBIN,INE101832,SBIN,750,842.14,631605.0,KOTAK-CUST,EQ-CORE-02,BOOKED,2026-08-08,SELL,842.14,750,2026-08-07,KOTAK-CUST,RECEIVED,TRAIN
TRD101833,2026-08-17,ICICIBANK,INE101833,ICICIBANK,100,1246.04,124604.0,NOMURA-BROKER,EQ-CORE-02,BOOKED,2026-08-18,SELL,1246.04,100,2026-08-17,NOMURA-BROKER,RECEIVED,TEST
TRD101834,2026-08-12,INFY,INE101834,INFY,2000,1891.94,3783880.0,MORGANSTANLEY-BROKER,EQ-INDEX-04,BOOKED,2026-08-13,BUY,1891.94,2000,2026-08-12,MORGANSTANLEY-BROKER,RECEIVED,TRAIN
TRD101835,2026-08-01,SBIN,INE101835,SBIN,200,846.69,169338.0,HDFC-CUST,EQ-INDEX-04,BOOKED,2026-08-02,SELL,,,,,MISSING,TRAIN
TRD101836,2026-08-04,SBIN,INE101836,SBIN,1000,846.85,846850.0,HDFC-CUST,EQ-ALPHA-03,BOOKED,2026-08-05,SELL,846.85,1000,2026-08-04,HDFC-CUST,RECEIVED,TRAIN
TRD101837,2026-08-01,INFY,INE101837,INFY,2000,1891.18,3782360.0,DEUTSCHE-BROKER,EQ-INDEX-04,BOOKED,2026-08-02,SELL,1891.18,2000,2026-08-01,DEUTSCHE-BROKER,RECEIVED,TRAIN
TRD101838,2026-08-08,WIPRO,INE101838,WIPRO,1500,610.19,915285.0,KOTAK-CUST,EQ-ALPHA-03,BOOKED,2026-08-09,SELL,610.19,1500,2026-08-08,KOTAK-CUST,RECEIVED,TRAIN
TRD101839,2026-08-08,ITC,INE101839,ITC,1500,467.96,701940.0,MORGANSTANLEY-BROKER,EQ-CORE-01,BOOKED,2026-08-09,SELL,467.96,1500,2026-08-08,MORGANSTANLEY-BROKER,RECEIVED,TEST
TRD101840,2026-08-13,BHARTIARTL,INE101840,BHARTIARTL,750,1698.07,1273552.5,MORGANSTANLEY-BROKER,EQ-CORE-01,BOOKED,2026-08-14,BUY,1698.07,750,2026-08-13,MORGANSTANLEY-BROKER,RECEIVED,TRAIN
TRD101841,2026-08-20,LT,INE101841,LT,250,3695.69,923922.5,NOMURA-BROKER,EQ-CORE-02,BOOKED,2026-08-21,BUY,3695.69,250,2026-08-20,NOMURA-BROKER,RECEIVED,TRAIN
TRD101842,2026-08-02,INFY,INE101842,INFY,1000,1895.75,1895750.0,ICICI-CUST,EQ-ALPHA-03,BOOKED,2026-08-03,BUY,1895.75,1000,2026-08-02,ICICI-CUST,RECEIVED,TEST
TRD101843,2026-08-06,HINDUNILVR,INE101843,HINDUNILVR,1000,2744.47,2744470.0,DEUTSCHE-BROKER,EQ-CORE-01,BOOKED,2026-08-07,BUY,2744.47,1000,2026-08-06,DEUTSCHE-BROKER,RECEIVED,TEST
TRD101844,2026-08-03,HDFCBANK,INE101844,HDFCBANK,250,1671.87,417967.5,HDFC-CUST,EQ-CORE-02,BOOKED,2026-08-04,BUY,1671.87,250,2026-08-03,HDFC-CUST,RECEIVED,TEST
TRD101845,2026-08-05,BHARTIARTL,INE101845,BHARTIARTL,200,1694.19,338838.0,NOMURA-BROKER,EQ-ALPHA-03,BOOKED,2026-08-06,BUY,1694.19,200,2026-08-05,NOMURA-BROKER,RECEIVED,TRAIN
TRD101846,2026-08-16,ITC,INE101846,ITC,250,468.17,117042.5,MORGANSTANLEY-BROKER,EQ-INDEX-04,BOOKED,2026-08-17,BUY,468.17,250,2026-08-16,MORGANSTANLEY-BROKER,RECEIVED,TRAIN
TRD101847,2026-08-15,TATASTEEL,INE101847,TATASTEEL,2000,172.74,345480.0,NOMURA-BROKER,EQ-CORE-02,BOOKED,2026-08-16,BUY,172.74,2000,2026-08-15,NOMURA-BROKER,RECEIVED,TRAIN
TRD101848,2026-08-05,BHARTIARTL,INE101848,BHARTIARTL,250,1687.33,421832.5,DEUTSCHE-BROKER,EQ-ALPHA-03,BOOKED,2026-08-06,SELL,1687.33,250,2026-08-05,DEUTSCHE-BROKER,RECEIVED,TRAIN
TRD101849,2026-08-18,MARUTI,INE101849,MARUTI,1500,12992.58,19488870.0,ICICI-CUST,EQ-ALPHA-03,BOOKED,2026-08-19,SELL,12992.58,1500,2026-08-18,ICICI-CUST,RECEIVED,TRAIN
TRD101850,2026-08-20,KOTAKBANK,INE101850,KOTAKBANK,100,1950.26,195026.0,HDFC-CUST,EQ-CORE-02,BOOKED,2026-08-21,SELL,1950.26,100,2026-08-20,HDFC-CUST,RECEIVED,TEST
TRD101851,2026-08-01,SBIN,INE101851,SBIN,1000,845.61,845610.0,MORGANSTANLEY-BROKER,EQ-INDEX-04,BOOKED,2026-08-02,BUY,845.61,1000,2026-08-01,MORGANSTANLEY-BROKER,RECEIVED,TRAIN
TRD101852,2026-08-07,KOTAKBANK,INE101852,KOTAKBANK,500,1948.62,974310.0,ICICI-CUST,EQ-CORE-02,BOOKED,2026-08-08,SELL,1948.62,500,2026-08-07,ICICI-CUST,RECEIVED,TRAIN
TRD101853,2026-08-21,BHARTIARTL,INE101853,BHARTIARTL,200,1687.69,337538.0,HDFC-CUST,EQ-INDEX-04,BOOKED,2026-08-22,BUY,1687.69,200,2026-08-21,HDFC-CUST,RECEIVED,TRAIN
TRD101854,2026-08-16,ICICIBANK,INE101854,ICICIBANK,750,1239.4,929550.0,ICICI-CUST,EQ-ALPHA-03,BOOKED,2026-08-17,SELL,1239.4,950,2026-08-16,ICICI-CUST,RECEIVED,TRAIN
TRD101855,2026-08-17,INFY,INE101855,INFY,250,1888.38,472095.0,ICICI-CUST,EQ-INDEX-04,BOOKED,2026-08-18,BUY,1888.38,250,2026-08-17,ICICI-CUST,RECEIVED,TRAIN
TRD101856,2026-08-13,SBIN,INE101856,SBIN,200,846.92,169384.0,ICICI-CUST,EQ-CORE-02,BOOKED,2026-08-14,SELL,846.92,200,2026-08-13,ICICI-CUST,RECEIVED,TRAIN
TRD101857,2026-08-01,INFY,INE101857,INFY,1500,1893.82,2840730.0,DEUTSCHE-BROKER,EQ-INDEX-04,BOOKED,2026-08-02,SELL,1893.82,1500,2026-08-02,DEUTSCHE-BROKER,RECEIVED,TEST
TRD101858,2026-08-09,HINDUNILVR,INE101858,HINDUNILVR,100,2740.19,274019.0,NOMURA-BROKER,EQ-CORE-01,BOOKED,2026-08-10,SELL,2740.19,100,2026-08-09,MORGANSTANLEY-BROKER,RECEIVED,TRAIN
TRD101859,2026-08-11,LT,INE101859,LT,1000,3690.49,3690490.0,MORGANSTANLEY-BROKER,EQ-ALPHA-03,BOOKED,2026-08-12,BUY,3690.49,1000,2026-08-11,MORGANSTANLEY-BROKER,RECEIVED,TRAIN
TRD101860,2026-08-18,HINDUNILVR,INE101860,HINDUNILVR,250,2758.8,689700.0,DEUTSCHE-BROKER,EQ-CORE-01,BOOKED,2026-08-19,BUY,2758.8,250,2026-08-18,DEUTSCHE-BROKER,RECEIVED,TRAIN
TRD101861,2026-08-19,RELIANCE,INE101861,RELIANCE,1000,2863.28,2863280.0,KOTAK-CUST,EQ-CORE-02,BOOKED,2026-08-20,SELL,2863.28,1000,2026-08-19,KOTAK-CUST,RECEIVED,TRAIN
TRD101862,2026-08-02,BHARTIARTL,INE101862,BHARTIARTL,100,1689.8,168980.0,ICICI-CUST,EQ-INDEX-04,BOOKED,2026-08-03,SELL,1689.8,100,2026-08-02,ICICI-CUST,RECEIVED,TRAIN
TRD101863,2026-08-12,SBIN,INE101863,SBIN,100,848.89,84889.0,KOTAK-CUST,EQ-INDEX-04,BOOKED,2026-08-13,SELL,848.89,100,2026-08-12,KOTAK-CUST,RECEIVED,TRAIN
TRD101864,2026-08-01,KOTAKBANK,INE101864,KOTAKBANK,750,1960.92,1470690.0,MORGANSTANLEY-BROKER,EQ-ALPHA-03,BOOKED,2026-08-02,BUY,1960.92,750,2026-08-01,MORGANSTANLEY-BROKER,RECEIVED,TRAIN
TRD101865,2026-08-15,ICICIBANK,INE101865,ICICIBANK,1000,1239.77,1239770.0,KOTAK-CUST,EQ-ALPHA-03,BOOKED,2026-08-16,BUY,1239.77,1000,2026-08-15,KOTAK-CUST,RECEIVED,TRAIN
TRD101866,2026-08-02,AXISBANK,INE101866,AXISBANK,200,1178.57,235714.0,MORGANSTANLEY-BROKER,EQ-INDEX-04,BOOKED,2026-08-03,BUY,1178.57,200,2026-08-02,MORGANSTANLEY-BROKER,RECEIVED,TRAIN
TRD101867,2026-08-05,INFY,INE101867,INFY,200,1890.96,378192.0,NOMURA-BROKER,EQ-CORE-02,BOOKED,2026-08-06,SELL,1890.96,200,2026-08-05,NOMURA-BROKER,RECEIVED,TEST
TRD101868,2026-08-15,BHARTIARTL,INE101868,BHARTIARTL,750,1687.79,1265842.5,NOMURA-BROKER,EQ-CORE-02,BOOKED,2026-08-16,SELL,1687.79,750,2026-08-15,NOMURA-BROKER,RECEIVED,TRAIN
TRD101869,2026-08-02,RELIANCE,INE101869,RELIANCE,200,2845.56,569112.0,HDFC-CUST,EQ-CORE-01,BOOKED,2026-08-03,SELL,2845.56,200,2026-08-02,HDFC-CUST,RECEIVED,TRAIN
TRD101870,2026-08-21,LT,INE101870,LT,200,3674.18,734836.0,NOMURA-BROKER,EQ-ALPHA-03,BOOKED,2026-08-22,SELL,3674.18,200,2026-08-21,NOMURA-BROKER,RECEIVED,TRAIN
TRD101871,2026-08-09,BHARTIARTL,INE101871,BHARTIARTL,100,1685.06,168506.0,NOMURA-BROKER,EQ-CORE-01,BOOKED,2026-08-10,SELL,1685.06,100,2026-08-09,NOMURA-BROKER,RECEIVED,TRAIN
TRD101872,2026-08-10,TCS,INE101872,TCS,500,4123.67,2061835.0,MORGANSTANLEY-BROKER,EQ-CORE-02,BOOKED,2026-08-11,BUY,4123.67,500,2026-08-10,MORGANSTANLEY-BROKER,RECEIVED,TEST
TRD101873,2026-08-14,SBIN,INE101873,SBIN,2000,843.19,1686380.0,KOTAK-CUST,EQ-CORE-02,BOOKED,2026-08-15,SELL,843.19,2000,2026-08-14,KOTAK-CUST,RECEIVED,TRAIN
TRD101874,2026-08-06,LT,INE101874,LT,100,3684.0,368400.0,NOMURA-BROKER,EQ-ALPHA-03,BOOKED,2026-08-07,SELL,3684.0,100,2026-08-06,NOMURA-BROKER,RECEIVED,TRAIN
TRD101875,2026-08-14,RELIANCE,INE101875,RELIANCE,1500,2842.15,4263225.0,NOMURA-BROKER,EQ-CORE-02,BOOKED,2026-08-15,SELL,2842.15,1500,2026-08-14,NOMURA-BROKER,RECEIVED,TRAIN
TRD101876,2026-08-21,ICICIBANK,INE101876,ICICIBANK,2000,1242.03,2484060.0,KOTAK-CUST,EQ-CORE-01,BOOKED,2026-08-22,BUY,1242.03,2000,2026-08-21,KOTAK-CUST,RECEIVED,TRAIN
TRD101877,2026-08-08,HDFCBANK,INE101877,HDFCBANK,100,1678.7,167870.0,ICICI-CUST,EQ-ALPHA-03,BOOKED,2026-08-09,SELL,1678.7,100,2026-08-08,ICICI-CUST,RECEIVED,TRAIN
TRD101878,2026-08-11,AXISBANK,INE101878,AXISBANK,1500,1181.84,1772760.0,MORGANSTANLEY-BROKER,EQ-INDEX-04,BOOKED,2026-08-12,SELL,1181.84,1500,2026-08-11,MORGANSTANLEY-BROKER,RECEIVED,TRAIN
TRD101879,2026-08-11,TATASTEEL,INE101879,TATASTEEL,100,172.18,17218.0,KOTAK-CUST,EQ-INDEX-04,BOOKED,2026-08-12,BUY,172.18,100,2026-08-11,KOTAK-CUST,RECEIVED,TRAIN
TRD101880,2026-08-06,ITC,INE101880,ITC,2000,467.54,935080.0,NOMURA-BROKER,EQ-INDEX-04,BOOKED,2026-08-07,SELL,467.54,2000,2026-08-06,NOMURA-BROKER,RECEIVED,TRAIN
TRD101881,2026-08-19,BHARTIARTL,INE101881,BHARTIARTL,100,1693.12,169312.0,ICICI-CUST,EQ-INDEX-04,BOOKED,2026-08-20,SELL,1693.12,100,2026-08-19,ICICI-CUST,RECEIVED,TRAIN
TRD101882,2026-08-17,TCS,INE101882,TCS,500,4130.97,2065485.0,KOTAK-CUST,EQ-ALPHA-03,BOOKED,2026-08-18,SELL,4130.97,500,2026-08-17,KOTAK-CUST,RECEIVED,TRAIN
TRD101883,2026-08-15,HINDUNILVR,INE101883,HINDUNILVR,1000,2744.27,2744270.0,ICICI-CUST,EQ-CORE-02,BOOKED,2026-08-16,BUY,2744.27,1000,2026-08-15,ICICI-CUST,RECEIVED,TRAIN
TRD101884,2026-08-14,AXISBANK,INE101884,AXISBANK,1000,1181.02,1181020.0,ICICI-CUST,EQ-ALPHA-03,BOOKED,2026-08-15,SELL,1181.02,1000,2026-08-14,ICICI-CUST,RECEIVED,TRAIN
TRD101885,2026-08-05,HDFCBANK,INE101885,HDFCBANK,1500,1682.26,2523390.0,DEUTSCHE-BROKER,EQ-CORE-01,BOOKED,2026-08-06,BUY,1682.26,1500,2026-08-05,DEUTSCHE-BROKER,RECEIVED,TRAIN
TRD101886,2026-08-04,BHARTIARTL,INE101886,BHARTIARTL,500,1685.52,842760.0,MORGANSTANLEY-BROKER,EQ-ALPHA-03,BOOKED,2026-08-05,BUY,1685.52,500,2026-08-04,MORGANSTANLEY-BROKER,RECEIVED,TEST
TRD101887,2026-08-13,MARUTI,INE101887,MARUTI,250,13014.64,3253660.0,MORGANSTANLEY-BROKER,EQ-INDEX-04,BOOKED,2026-08-14,SELL,13014.64,200,2026-08-13,MORGANSTANLEY-BROKER,RECEIVED,TRAIN
TRD101888,2026-08-20,HINDUNILVR,INE101888,HINDUNILVR,500,2743.35,1371675.0,KOTAK-CUST,EQ-ALPHA-03,BOOKED,2026-08-21,SELL,2743.35,500,2026-08-20,KOTAK-CUST,RECEIVED,TRAIN
TRD101889,2026-08-21,KOTAKBANK,INE101889,KOTAKBANK,200,1958.91,391782.0,NOMURA-BROKER,EQ-ALPHA-03,BOOKED,2026-08-22,SELL,1958.91,200,2026-08-21,NOMURA-BROKER,RECEIVED,TRAIN
TRD101890,2026-08-15,HDFCBANK,INE101890,HDFCBANK,1500,1675.11,2512665.0,KOTAK-CUST,EQ-INDEX-04,BOOKED,2026-08-16,BUY,1675.11,1500,2026-08-15,KOTAK-CUST,RECEIVED,TRAIN
TRD101891,2026-08-01,TATASTEEL,INE101891,TATASTEEL,250,172.28,43070.0,MORGANSTANLEY-BROKER,EQ-ALPHA-03,BOOKED,2026-08-02,SELL,172.28,250,2026-08-01,MORGANSTANLEY-BROKER,RECEIVED,TRAIN
TRD101892,2026-08-04,KOTAKBANK,INE101892,KOTAKBANK,250,1959.29,489822.5,DEUTSCHE-BROKER,EQ-INDEX-04,BOOKED,2026-08-05,SELL,1959.29,250,2026-08-04,DEUTSCHE-BROKER,RECEIVED,TRAIN
TRD101893,2026-08-20,BHARTIARTL,INE101893,BHARTIARTL,500,1692.71,846355.0,HDFC-CUST,EQ-CORE-02,BOOKED,2026-08-21,BUY,1692.71,500,2026-08-20,HDFC-CUST,RECEIVED,TRAIN
TRD101894,2026-08-11,AXISBANK,INE101894,AXISBANK,1500,1185.51,1778265.0,MORGANSTANLEY-BROKER,EQ-CORE-02,BOOKED,2026-08-12,BUY,1185.51,1500,2026-08-11,MORGANSTANLEY-BROKER,RECEIVED,TRAIN
TRD101895,2026-08-12,AXISBANK,INE101895,AXISBANK,2000,1182.43,2364860.0,ICICI-CUST,EQ-INDEX-04,BOOKED,2026-08-13,BUY,1182.43,2000,2026-08-12,ICICI-CUST,RECEIVED,TEST
TRD101896,2026-08-08,MARUTI,INE101896,MARUTI,250,12974.52,3243630.0,HDFC-CUST,EQ-INDEX-04,BOOKED,2026-08-09,BUY,12974.52,250,2026-08-08,HDFC-CUST,RECEIVED,TRAIN
TRD101897,2026-08-01,SBIN,INE101897,SBIN,250,843.85,210962.5,HDFC-CUST,EQ-INDEX-04,BOOKED,2026-08-02,SELL,843.85,250,2026-08-01,HDFC-CUST,RECEIVED,TRAIN
TRD101898,2026-08-06,HDFCBANK,INE101898,HDFCBANK,2000,1683.4,3366800.0,DEUTSCHE-BROKER,EQ-CORE-01,BOOKED,2026-08-07,SELL,1683.4,2000,2026-08-06,DEUTSCHE-BROKER,RECEIVED,TRAIN
TRD101899,2026-08-03,MARUTI,INE101899,MARUTI,250,12946.88,3236720.0,ICICI-CUST,EQ-CORE-01,BOOKED,2026-08-04,SELL,12946.88,250,2026-08-03,ICICI-CUST,RECEIVED,TEST
TRD101900,2026-08-03,MARUTI,INE101900,MARUTI,2000,13027.01,26054020.0,DEUTSCHE-BROKER,EQ-ALPHA-03,BOOKED,2026-08-04,BUY,13027.01,2000,2026-08-03,DEUTSCHE-BROKER,RECEIVED,TRAIN
TRD101901,2026-08-02,WIPRO,INE101901,WIPRO,100,609.97,60997.0,KOTAK-CUST,EQ-INDEX-04,BOOKED,2026-08-03,BUY,609.97,100,2026-08-02,KOTAK-CUST,RECEIVED,TRAIN
TRD101902,2026-08-17,SBIN,INE101902,SBIN,1500,847.43,1271145.0,NOMURA-BROKER,EQ-INDEX-04,BOOKED,2026-08-18,SELL,,,,,MISSING,TRAIN
TRD101903,2026-08-09,HINDUNILVR,INE101903,HINDUNILVR,200,2734.72,546944.0,MORGANSTANLEY-BROKER,EQ-CORE-01,BOOKED,2026-08-10,BUY,2782.98,275,2026-08-09,MORGANSTANLEY-BROKER,RECEIVED,TRAIN
TRD101904,2026-08-05,SBIN,INE101904,SBIN,1500,846.92,1270380.0,HDFC-CUST,EQ-INDEX-04,BOOKED,2026-08-06,BUY,846.92,1500,2026-08-05,HDFC-CUST,RECEIVED,TRAIN
TRD101905,2026-08-03,ICICIBANK,INE101905,ICICIBANK,200,1238.69,247738.0,DEUTSCHE-BROKER,EQ-INDEX-04,BOOKED,2026-08-04,BUY,1238.69,200,2026-08-03,DEUTSCHE-BROKER,RECEIVED,TEST
TRD101906,2026-08-15,HINDUNILVR,INE101906,HINDUNILVR,750,2741.27,2055952.5,KOTAK-CUST,EQ-INDEX-04,BOOKED,2026-08-16,SELL,2741.27,750,2026-08-15,KOTAK-CUST,RECEIVED,TEST
TRD101907,2026-08-05,AXISBANK,INE101907,AXISBANK,750,1181.36,886020.0,HDFC-CUST,EQ-ALPHA-03,BOOKED,2026-08-06,BUY,1181.36,750,2026-08-05,HDFC-CUST,RECEIVED,TRAIN
TRD101908,2026-08-10,HDFCBANK,INE101908,HDFCBANK,1000,1676.26,1676260.0,KOTAK-CUST,EQ-CORE-02,BOOKED,2026-08-11,SELL,1676.26,1000,2026-08-10,KOTAK-CUST,RECEIVED,TRAIN
TRD101909,2026-08-05,ITC,INE101909,ITC,2000,469.71,939420.0,NOMURA-BROKER,EQ-CORE-02,BOOKED,2026-08-06,BUY,469.71,2000,2026-08-05,NOMURA-BROKER,RECEIVED,TRAIN
TRD101910,2026-08-09,AXISBANK,INE101910,AXISBANK,750,1184.49,888367.5,NOMURA-BROKER,EQ-CORE-02,BOOKED,2026-08-10,BUY,1184.49,750,2026-08-09,NOMURA-BROKER,RECEIVED,TRAIN
TRD101911,2026-08-05,MARUTI,INE101911,MARUTI,500,12990.8,6495400.0,MORGANSTANLEY-BROKER,EQ-CORE-01,BOOKED,2026-08-06,SELL,12990.8,500,2026-08-05,MORGANSTANLEY-BROKER,RECEIVED,TEST
TRD101912,2026-08-06,SBIN,INE101912,SBIN,1500,845.41,1268115.0,KOTAK-CUST,EQ-CORE-02,BOOKED,2026-08-07,SELL,845.41,1500,2026-08-06,KOTAK-CUST,RECEIVED,TRAIN
TRD101913,2026-08-16,LT,INE101913,LT,1000,3675.66,3675660.0,NOMURA-BROKER,EQ-CORE-02,BOOKED,2026-08-17,SELL,3675.66,1000,2026-08-16,NOMURA-BROKER,RECEIVED,TEST
TRD101914,2026-08-01,INFY,INE101914,INFY,2000,1897.81,3795620.0,NOMURA-BROKER,EQ-CORE-01,BOOKED,2026-08-02,SELL,1897.81,2000,2026-08-01,NOMURA-BROKER,RECEIVED,TRAIN
TRD101915,2026-08-05,HDFCBANK,INE101915,HDFCBANK,750,1670.28,1252710.0,KOTAK-CUST,EQ-CORE-01,BOOKED,2026-08-06,BUY,1670.28,750,2026-08-05,KOTAK-CUST,RECEIVED,TRAIN
TRD101916,2026-08-21,SBIN,INE101916,SBIN,2000,845.26,1690520.0,ICICI-CUST,EQ-CORE-02,BOOKED,2026-08-22,BUY,845.26,2000,2026-08-21,ICICI-CUST,RECEIVED,TRAIN
TRD101917,2026-08-04,SBIN,INE101917,SBIN,100,844.74,84474.0,KOTAK-CUST,EQ-CORE-01,BOOKED,2026-08-05,SELL,844.74,100,2026-08-04,KOTAK-CUST,RECEIVED,TRAIN
TRD101918,2026-08-02,LT,INE101918,LT,200,3697.46,739492.0,DEUTSCHE-BROKER,EQ-CORE-02,BOOKED,2026-08-03,BUY,3697.46,200,2026-08-02,DEUTSCHE-BROKER,RECEIVED,TRAIN
TRD101919,2026-08-21,ICICIBANK,INE101919,ICICIBANK,250,1243.15,310787.5,HDFC-CUST,EQ-CORE-02,BOOKED,2026-08-22,SELL,1243.15,250,2026-08-21,HDFC-CUST,RECEIVED,TEST
TRD101920,2026-08-09,INFY,INE101920,INFY,100,1899.36,189936.0,MORGANSTANLEY-BROKER,EQ-ALPHA-03,BOOKED,2026-08-10,BUY,1928.4,25,2026-08-09,MORGANSTANLEY-BROKER,RECEIVED,TRAIN
TRD101921,2026-08-03,WIPRO,INE101921,WIPRO,500,611.77,305885.0,HDFC-CUST,EQ-ALPHA-03,BOOKED,2026-08-04,BUY,611.77,500,2026-08-03,HDFC-CUST,RECEIVED,TRAIN
TRD101922,2026-08-19,HDFCBANK,INE101922,HDFCBANK,500,1670.91,835455.0,DEUTSCHE-BROKER,EQ-INDEX-04,BOOKED,2026-08-20,BUY,1670.91,500,2026-08-19,DEUTSCHE-BROKER,RECEIVED,TRAIN
TRD101923,2026-08-21,LT,INE101923,LT,100,3673.48,367348.0,ICICI-CUST,EQ-CORE-02,BOOKED,2026-08-22,SELL,3673.48,100,2026-08-21,ICICI-CUST,RECEIVED,TEST
TRD101924,2026-08-07,TCS,INE101924,TCS,2000,4103.58,8207160.0,ICICI-CUST,EQ-CORE-02,BOOKED,2026-08-08,SELL,4103.58,1950,2026-08-07,ICICI-CUST,RECEIVED,TRAIN
TRD101925,2026-08-04,ICICIBANK,INE101925,ICICIBANK,100,1241.81,124181.0,NOMURA-BROKER,EQ-INDEX-04,BOOKED,2026-08-05,BUY,1241.81,100,2026-08-04,NOMURA-BROKER,RECEIVED,TRAIN
TRD101926,2026-08-09,AXISBANK,INE101926,AXISBANK,2000,1186.06,2372120.0,DEUTSCHE-BROKER,EQ-ALPHA-03,BOOKED,2026-08-10,SELL,1186.06,2050,2026-08-09,DEUTSCHE-BROKER,RECEIVED,TRAIN
TRD101927,2026-08-16,KOTAKBANK,INE101927,KOTAKBANK,250,1952.35,488087.5,MORGANSTANLEY-BROKER,EQ-ALPHA-03,BOOKED,2026-08-17,SELL,1952.35,250,2026-08-16,MORGANSTANLEY-BROKER,RECEIVED,TRAIN
TRD101928,2026-08-18,ICICIBANK,INE101928,ICICIBANK,500,1238.83,619415.0,MORGANSTANLEY-BROKER,EQ-ALPHA-03,BOOKED,2026-08-19,SELL,1238.83,500,2026-08-18,MORGANSTANLEY-BROKER,RECEIVED,TRAIN
TRD101929,2026-08-11,TCS,INE101929,TCS,250,4120.24,1030060.0,MORGANSTANLEY-BROKER,EQ-INDEX-04,BOOKED,2026-08-12,SELL,4120.24,250,2026-08-11,MORGANSTANLEY-BROKER,RECEIVED,TRAIN
TRD101930,2026-08-14,INFY,INE101930,INFY,250,1882.09,470522.5,NOMURA-BROKER,EQ-ALPHA-03,BOOKED,2026-08-15,BUY,1882.09,300,2026-08-14,NOMURA-BROKER,RECEIVED,TRAIN
TRD101931,2026-08-18,TATASTEEL,INE101931,TATASTEEL,2000,172.18,344360.0,HDFC-CUST,EQ-CORE-02,BOOKED,2026-08-19,BUY,172.18,2000,2026-08-18,HDFC-CUST,RECEIVED,TEST
TRD101932,2026-08-17,HINDUNILVR,INE101932,HINDUNILVR,500,2737.73,1368865.0,KOTAK-CUST,EQ-ALPHA-03,BOOKED,2026-08-18,SELL,2737.73,500,2026-08-17,KOTAK-CUST,RECEIVED,TRAIN
TRD101933,2026-08-07,TCS,INE101933,TCS,750,4138.37,3103777.5,MORGANSTANLEY-BROKER,EQ-CORE-02,BOOKED,2026-08-08,SELL,4138.37,750,2026-08-07,MORGANSTANLEY-BROKER,RECEIVED,TRAIN
TRD101934,2026-08-06,INFY,INE101934,INFY,500,1895.34,947670.0,HDFC-CUST,EQ-CORE-02,BOOKED,2026-08-07,SELL,1895.34,500,2026-08-06,HDFC-CUST,RECEIVED,TRAIN
TRD101935,2026-08-14,LT,INE101935,LT,2000,3685.8,7371600.0,NOMURA-BROKER,EQ-ALPHA-03,BOOKED,2026-08-15,BUY,3685.8,2000,2026-08-14,NOMURA-BROKER,RECEIVED,TRAIN
TRD101936,2026-08-10,TATASTEEL,INE101936,TATASTEEL,750,172.4,129300.0,KOTAK-CUST,EQ-CORE-02,BOOKED,2026-08-11,SELL,172.4,750,2026-08-10,KOTAK-CUST,RECEIVED,TRAIN
TRD101937,2026-08-11,SBIN,INE101937,SBIN,1000,848.38,848380.0,DEUTSCHE-BROKER,EQ-ALPHA-03,BOOKED,2026-08-12,SELL,848.38,1000,2026-08-11,ICICI-CUST,RECEIVED,TRAIN
TRD101938,2026-08-01,AXISBANK,INE101938,AXISBANK,1500,1183.35,1775025.0,DEUTSCHE-BROKER,EQ-CORE-01,BOOKED,2026-08-02,SELL,1183.35,1500,2026-08-01,DEUTSCHE-BROKER,RECEIVED,TRAIN
TRD101939,2026-08-09,SBIN,INE101939,SBIN,250,849.62,212405.0,ICICI-CUST,EQ-CORE-02,BOOKED,2026-08-10,BUY,849.62,200,2026-08-09,ICICI-CUST,RECEIVED,TRAIN
TRD101940,2026-08-12,KOTAKBANK,INE101940,KOTAKBANK,750,1951.69,1463767.5,ICICI-CUST,EQ-ALPHA-03,BOOKED,2026-08-13,SELL,1951.69,750,2026-08-12,ICICI-CUST,RECEIVED,TRAIN
TRD101941,2026-08-18,HINDUNILVR,INE101941,HINDUNILVR,1500,2740.81,4111215.0,NOMURA-BROKER,EQ-CORE-02,BOOKED,2026-08-19,BUY,2740.81,1500,2026-08-18,NOMURA-BROKER,RECEIVED,TEST
TRD101942,2026-08-04,AXISBANK,INE101942,AXISBANK,2000,1184.46,2368920.0,ICICI-CUST,EQ-CORE-02,BOOKED,2026-08-05,BUY,1184.46,2000,2026-08-04,ICICI-CUST,RECEIVED,TRAIN
TRD101943,2026-08-19,SBIN,INE101943,SBIN,2000,849.33,1698660.0,DEUTSCHE-BROKER,EQ-CORE-01,BOOKED,2026-08-20,SELL,849.33,2000,2026-08-19,DEUTSCHE-BROKER,RECEIVED,TRAIN
TRD101944,2026-08-20,WIPRO,INE101944,WIPRO,2000,608.82,1217640.0,MORGANSTANLEY-BROKER,EQ-INDEX-04,BOOKED,2026-08-21,BUY,608.82,2000,2026-08-20,MORGANSTANLEY-BROKER,RECEIVED,TRAIN
TRD101945,2026-08-09,TCS,INE101945,TCS,100,4126.5,412650.0,MORGANSTANLEY-BROKER,EQ-ALPHA-03,BOOKED,2026-08-10,SELL,4126.5,100,2026-08-09,MORGANSTANLEY-BROKER,RECEIVED,TEST
TRD101946,2026-08-05,TATASTEEL,INE101946,TATASTEEL,750,171.78,128835.0,NOMURA-BROKER,EQ-CORE-01,BOOKED,2026-08-06,SELL,171.78,750,2026-08-05,NOMURA-BROKER,RECEIVED,TEST
TRD101947,2026-08-05,HINDUNILVR,INE101947,HINDUNILVR,1500,2754.5,4131750.0,MORGANSTANLEY-BROKER,EQ-ALPHA-03,BOOKED,2026-08-06,BUY,2833.93,1500,2026-08-05,MORGANSTANLEY-BROKER,RECEIVED,TRAIN
TRD101948,2026-08-11,LT,INE101948,LT,200,3677.88,735576.0,MORGANSTANLEY-BROKER,EQ-ALPHA-03,BOOKED,2026-08-12,SELL,3677.88,200,2026-08-11,MORGANSTANLEY-BROKER,RECEIVED,TRAIN
TRD101949,2026-08-03,WIPRO,INE101949,WIPRO,100,608.16,60816.0,NOMURA-BROKER,EQ-ALPHA-03,BOOKED,2026-08-04,SELL,608.16,100,2026-08-03,NOMURA-BROKER,RECEIVED,TRAIN
TRD101950,2026-08-07,TATASTEEL,INE101950,TATASTEEL,2000,172.88,345760.0,HDFC-CUST,EQ-ALPHA-03,BOOKED,2026-08-08,SELL,172.88,2000,2026-08-07,HDFC-CUST,RECEIVED,TRAIN
TRD101951,2026-08-07,HDFCBANK,INE101951,HDFCBANK,2000,1672.89,3345780.0,NOMURA-BROKER,EQ-ALPHA-03,BOOKED,2026-08-08,SELL,1672.89,2000,2026-08-07,NOMURA-BROKER,RECEIVED,TRAIN
TRD101952,2026-08-21,AXISBANK,INE101952,AXISBANK,100,1176.0,117600.0,DEUTSCHE-BROKER,EQ-INDEX-04,BOOKED,2026-08-22,SELL,,,,,MISSING,TRAIN
TRD101953,2026-08-17,HINDUNILVR,INE101953,HINDUNILVR,2000,2753.78,5507560.0,ICICI-CUST,EQ-ALPHA-03,BOOKED,2026-08-18,BUY,2753.78,2000,2026-08-17,ICICI-CUST,RECEIVED,TRAIN
TRD101954,2026-08-17,AXISBANK,INE101954,AXISBANK,1500,1186.1,1779150.0,KOTAK-CUST,EQ-INDEX-04,BOOKED,2026-08-18,SELL,1186.1,1500,2026-08-17,KOTAK-CUST,RECEIVED,TRAIN
TRD101955,2026-08-03,AXISBANK,INE101955,AXISBANK,1000,1181.84,1181840.0,MORGANSTANLEY-BROKER,EQ-CORE-01,BOOKED,2026-08-04,BUY,1203.5,1075,2026-08-03,MORGANSTANLEY-BROKER,RECEIVED,TEST
TRD101956,2026-08-03,LT,INE101956,LT,250,3691.14,922785.0,MORGANSTANLEY-BROKER,EQ-INDEX-04,BOOKED,2026-08-04,BUY,3691.14,250,2026-08-03,MORGANSTANLEY-BROKER,RECEIVED,TRAIN
TRD101957,2026-08-14,HINDUNILVR,INE101957,HINDUNILVR,200,2752.93,550586.0,KOTAK-CUST,EQ-INDEX-04,BOOKED,2026-08-15,SELL,,,,,MISSING,TRAIN
TRD101958,2026-08-03,TATASTEEL,INE101958,TATASTEEL,250,172.71,43177.5,HDFC-CUST,EQ-ALPHA-03,BOOKED,2026-08-04,SELL,169.05,250,2026-08-03,HDFC-CUST,RECEIVED,TEST
TRD101959,2026-08-13,LT,INE101959,LT,1500,3694.48,5541720.0,MORGANSTANLEY-BROKER,EQ-ALPHA-03,BOOKED,2026-08-14,BUY,3694.48,1500,2026-08-13,MORGANSTANLEY-BROKER,RECEIVED,TRAIN
TRD101960,2026-08-08,AXISBANK,INE101960,AXISBANK,1500,1174.57,1761855.0,KOTAK-CUST,EQ-INDEX-04,BOOKED,2026-08-09,BUY,1174.57,1500,2026-08-08,KOTAK-CUST,RECEIVED,TEST
TRD101961,2026-08-11,ICICIBANK,INE101961,ICICIBANK,500,1241.85,620925.0,MORGANSTANLEY-BROKER,EQ-INDEX-04,BOOKED,2026-08-12,BUY,1207.87,500,2026-08-11,MORGANSTANLEY-BROKER,RECEIVED,TRAIN
TRD101962,2026-08-19,HINDUNILVR,INE101962,HINDUNILVR,1000,2756.4,2756400.0,HDFC-CUST,EQ-CORE-02,BOOKED,2026-08-20,BUY,2756.4,1000,2026-08-19,HDFC-CUST,RECEIVED,TRAIN
TRD101963,2026-08-01,HDFCBANK,INE101963,HDFCBANK,750,1669.87,1252402.5,MORGANSTANLEY-BROKER,EQ-CORE-01,BOOKED,2026-08-02,BUY,1669.87,750,2026-08-01,MORGANSTANLEY-BROKER,RECEIVED,TRAIN
TRD101964,2026-08-11,LT,INE101964,LT,1000,3696.88,3696880.0,KOTAK-CUST,EQ-CORE-02,BOOKED,2026-08-12,BUY,3696.88,1000,2026-08-11,KOTAK-CUST,RECEIVED,TEST
TRD101965,2026-08-09,HDFCBANK,INE101965,HDFCBANK,750,1669.56,1252170.0,HDFC-CUST,EQ-CORE-02,BOOKED,2026-08-10,SELL,1669.56,750,2026-08-09,HDFC-CUST,RECEIVED,TRAIN
TRD101966,2026-08-15,RELIANCE,INE101966,RELIANCE,250,2861.26,715315.0,ICICI-CUST,EQ-INDEX-04,BOOKED,2026-08-16,BUY,2861.26,250,2026-08-15,ICICI-CUST,RECEIVED,TRAIN
TRD101967,2026-08-15,ITC,INE101967,ITC,500,468.34,234170.0,DEUTSCHE-BROKER,EQ-INDEX-04,BOOKED,2026-08-16,BUY,468.34,500,2026-08-15,DEUTSCHE-BROKER,RECEIVED,TEST
TRD101968,2026-08-04,HDFCBANK,INE101968,HDFCBANK,1500,1676.71,2515065.0,ICICI-CUST,EQ-CORE-02,BOOKED,2026-08-05,BUY,1676.71,1500,2026-08-04,ICICI-CUST,RECEIVED,TRAIN
TRD101969,2026-08-16,INFY,INE101969,INFY,500,1883.12,941560.0,NOMURA-BROKER,EQ-ALPHA-03,BOOKED,2026-08-17,SELL,1883.12,500,2026-08-16,NOMURA-BROKER,RECEIVED,TRAIN
TRD101970,2026-08-03,BHARTIARTL,INE101970,BHARTIARTL,500,1685.5,842750.0,MORGANSTANLEY-BROKER,EQ-ALPHA-03,BOOKED,2026-08-04,SELL,1685.5,700,2026-08-03,MORGANSTANLEY-BROKER,RECEIVED,TRAIN
TRD101971,2026-08-01,ICICIBANK,INE101971,ICICIBANK,200,1246.32,249264.0,ICICI-CUST,EQ-INDEX-04,BOOKED,2026-08-02,SELL,1246.32,200,2026-08-01,ICICI-CUST,RECEIVED,TRAIN
TRD101972,2026-08-10,BHARTIARTL,INE101972,BHARTIARTL,200,1687.94,337588.0,ICICI-CUST,EQ-INDEX-04,BOOKED,2026-08-11,SELL,1687.94,200,2026-08-10,ICICI-CUST,RECEIVED,TEST
TRD101973,2026-08-13,HDFCBANK,INE101973,HDFCBANK,200,1677.72,335544.0,DEUTSCHE-BROKER,EQ-CORE-01,BOOKED,2026-08-14,SELL,1677.72,200,2026-08-13,DEUTSCHE-BROKER,RECEIVED,TRAIN
TRD101974,2026-08-08,WIPRO,INE101974,WIPRO,1000,607.58,607580.0,HDFC-CUST,EQ-CORE-01,BOOKED,2026-08-09,BUY,607.58,1000,2026-08-08,HDFC-CUST,RECEIVED,TRAIN
TRD101975,2026-08-16,LT,INE101975,LT,250,3666.91,916727.5,ICICI-CUST,EQ-CORE-01,BOOKED,2026-08-17,BUY,3566.92,250,2026-08-16,ICICI-CUST,RECEIVED,TRAIN
TRD101976,2026-08-14,MARUTI,INE101976,MARUTI,750,12963.35,9722512.5,HDFC-CUST,EQ-INDEX-04,BOOKED,2026-08-15,BUY,12963.35,750,2026-08-14,HDFC-CUST,RECEIVED,TRAIN
TRD101977,2026-08-06,INFY,INE101977,INFY,250,1894.87,473717.5,KOTAK-CUST,EQ-CORE-01,BOOKED,2026-08-07,BUY,1894.87,250,2026-08-06,KOTAK-CUST,RECEIVED,TRAIN
TRD101978,2026-08-13,RELIANCE,INE101978,RELIANCE,2000,2842.06,5684120.0,NOMURA-BROKER,EQ-ALPHA-03,BOOKED,2026-08-14,SELL,2842.06,2000,2026-08-13,NOMURA-BROKER,RECEIVED,TRAIN
TRD101979,2026-08-01,AXISBANK,INE101979,AXISBANK,1000,1174.68,1174680.0,KOTAK-CUST,EQ-CORE-01,BOOKED,2026-08-02,SELL,1174.68,1000,2026-08-01,KOTAK-CUST,RECEIVED,TRAIN
TRD101980,2026-08-02,RELIANCE,INE101980,RELIANCE,250,2862.29,715572.5,MORGANSTANLEY-BROKER,EQ-INDEX-04,BOOKED,2026-08-03,BUY,2896.49,325,2026-08-02,MORGANSTANLEY-BROKER,RECEIVED,TRAIN
TRD101981,2026-08-08,INFY,INE101981,INFY,200,1881.13,376226.0,ICICI-CUST,EQ-INDEX-04,BOOKED,2026-08-09,BUY,1936.52,200,2026-08-08,ICICI-CUST,RECEIVED,TRAIN
TRD101982,2026-08-14,TCS,INE101982,TCS,2000,4119.28,8238560.0,MORGANSTANLEY-BROKER,EQ-INDEX-04,BOOKED,2026-08-15,BUY,4056.8,2000,2026-08-14,MORGANSTANLEY-BROKER,RECEIVED,TRAIN
TRD101983,2026-08-16,MARUTI,INE101983,MARUTI,100,12955.52,1295552.0,KOTAK-CUST,EQ-CORE-02,BOOKED,2026-08-17,SELL,12955.52,100,2026-08-16,KOTAK-CUST,RECEIVED,TEST
TRD101984,2026-08-04,KOTAKBANK,INE101984,KOTAKBANK,1000,1964.64,1964640.0,DEUTSCHE-BROKER,EQ-INDEX-04,BOOKED,2026-08-05,BUY,1964.64,1000,2026-08-04,DEUTSCHE-BROKER,RECEIVED,TEST
TRD101985,2026-08-05,INFY,INE101985,INFY,500,1890.58,945290.0,HDFC-CUST,EQ-CORE-01,BOOKED,2026-08-06,BUY,1890.58,500,2026-08-05,HDFC-CUST,RECEIVED,TRAIN
TRD101986,2026-08-20,WIPRO,INE101986,WIPRO,1500,609.02,913530.0,ICICI-CUST,EQ-CORE-02,BOOKED,2026-08-21,BUY,609.02,1500,2026-08-20,ICICI-CUST,RECEIVED,TRAIN
TRD101987,2026-08-10,ICICIBANK,INE101987,ICICIBANK,250,1243.65,310912.5,KOTAK-CUST,EQ-INDEX-04,BOOKED,2026-08-11,SELL,1243.65,250,2026-08-10,KOTAK-CUST,RECEIVED,TRAIN
TRD101988,2026-08-12,HINDUNILVR,INE101988,HINDUNILVR,250,2740.88,685220.0,NOMURA-BROKER,EQ-CORE-02,BOOKED,2026-08-13,BUY,2740.88,250,2026-08-12,NOMURA-BROKER,RECEIVED,TRAIN
TRD101989,2026-08-07,WIPRO,INE101989,WIPRO,1500,611.15,916725.0,HDFC-CUST,EQ-CORE-01,BOOKED,2026-08-08,BUY,611.15,1500,2026-08-07,HDFC-CUST,RECEIVED,TEST
TRD101990,2026-08-08,KOTAKBANK,INE101990,KOTAKBANK,100,1962.26,196226.0,HDFC-CUST,EQ-INDEX-04,BOOKED,2026-08-09,SELL,1962.26,100,2026-08-08,HDFC-CUST,RECEIVED,TRAIN
TRD101991,2026-08-12,RELIANCE,INE101991,RELIANCE,2000,2850.04,5700080.0,HDFC-CUST,EQ-INDEX-04,BOOKED,2026-08-13,SELL,2850.04,2000,2026-08-12,HDFC-CUST,RECEIVED,TRAIN
TRD101992,2026-08-18,HDFCBANK,INE101992,HDFCBANK,2000,1677.23,3354460.0,DEUTSCHE-BROKER,EQ-CORE-01,BOOKED,2026-08-19,SELL,1677.23,2000,2026-08-18,DEUTSCHE-BROKER,RECEIVED,TRAIN
TRD101993,2026-08-06,KOTAKBANK,INE101993,KOTAKBANK,1000,1952.52,1952520.0,KOTAK-CUST,EQ-ALPHA-03,BOOKED,2026-08-07,SELL,1952.52,1000,2026-08-06,KOTAK-CUST,RECEIVED,TRAIN
TRD101994,2026-08-11,HINDUNILVR,INE101994,HINDUNILVR,2000,2750.08,5500160.0,MORGANSTANLEY-BROKER,EQ-ALPHA-03,BOOKED,2026-08-12,BUY,2750.08,2000,2026-08-11,MORGANSTANLEY-BROKER,RECEIVED,TRAIN
TRD101995,2026-08-01,HINDUNILVR,INE101995,HINDUNILVR,1000,2743.58,2743580.0,MORGANSTANLEY-BROKER,EQ-CORE-02,BOOKED,2026-08-02,BUY,2743.58,1000,2026-08-01,MORGANSTANLEY-BROKER,RECEIVED,TRAIN
TRD101996,2026-08-04,HDFCBANK,INE101996,HDFCBANK,2000,1680.73,3361460.0,MORGANSTANLEY-BROKER,EQ-ALPHA-03,BOOKED,2026-08-05,BUY,1680.73,2000,2026-08-04,MORGANSTANLEY-BROKER,RECEIVED,TRAIN
TRD101997,2026-08-14,MARUTI,INE101997,MARUTI,1000,12954.95,12954950.0,MORGANSTANLEY-BROKER,EQ-CORE-01,BOOKED,2026-08-15,BUY,12954.95,1000,2026-08-14,MORGANSTANLEY-BROKER,RECEIVED,TRAIN
TRD101998,2026-08-08,BHARTIARTL,INE101998,BHARTIARTL,500,1684.34,842170.0,ICICI-CUST,EQ-CORE-02,BOOKED,2026-08-09,SELL,1684.34,500,2026-08-08,ICICI-CUST,RECEIVED,TRAIN
TRD101999,2026-08-17,LT,INE101999,LT,250,3682.46,920615.0,MORGANSTANLEY-BROKER,EQ-CORE-01,BOOKED,2026-08-18,SELL,3682.46,250,2026-08-17,MORGANSTANLEY-BROKER,RECEIVED,TRAIN
TRD102000,2026-08-17,LT,INE102000,LT,500,3687.28,1843640.0,HDFC-CUST,EQ-ALPHA-03,BOOKED,2026-08-18,BUY,3687.28,500,2026-08-17,HDFC-CUST,RECEIVED,TRAIN
TRD102001,2026-08-20,TCS,INE102001,TCS,250,4126.31,1031577.5,HDFC-CUST,EQ-CORE-02,BOOKED,2026-08-21,SELL,4126.31,250,2026-08-20,HDFC-CUST,RECEIVED,TRAIN
TRD102002,2026-08-13,MARUTI,INE102002,MARUTI,500,12951.24,6475620.0,KOTAK-CUST,EQ-INDEX-04,BOOKED,2026-08-14,SELL,12951.24,500,2026-08-13,KOTAK-CUST,RECEIVED,TRAIN
TRD102003,2026-08-05,TATASTEEL,INE102003,TATASTEEL,2000,172.39,344780.0,NOMURA-BROKER,EQ-ALPHA-03,BOOKED,2026-08-06,BUY,172.39,2000,2026-08-05,NOMURA-BROKER,RECEIVED,TRAIN
TRD102004,2026-08-10,TCS,INE102004,TCS,750,4129.34,3097005.0,HDFC-CUST,EQ-CORE-01,BOOKED,2026-08-11,BUY,4224.77,750,2026-08-10,HDFC-CUST,RECEIVED,TRAIN
TRD102005,2026-08-16,HINDUNILVR,INE102005,HINDUNILVR,1500,2735.72,4103580.0,HDFC-CUST,EQ-CORE-02,BOOKED,2026-08-17,SELL,2735.72,1500,2026-08-16,HDFC-CUST,RECEIVED,TRAIN
TRD102006,2026-08-13,HINDUNILVR,INE102006,HINDUNILVR,250,2749.61,687402.5,MORGANSTANLEY-BROKER,EQ-CORE-02,BOOKED,2026-08-14,BUY,2749.61,250,2026-08-13,MORGANSTANLEY-BROKER,RECEIVED,TRAIN
TRD102007,2026-08-09,MARUTI,INE102007,MARUTI,1000,12924.26,12924260.0,HDFC-CUST,EQ-INDEX-04,BOOKED,2026-08-10,BUY,12924.26,1000,2026-08-09,MORGANSTANLEY-BROKER,RECEIVED,TRAIN
TRD102008,2026-08-05,WIPRO,INE102008,WIPRO,250,608.55,152137.5,NOMURA-BROKER,EQ-ALPHA-03,BOOKED,2026-08-06,SELL,608.55,250,2026-08-05,NOMURA-BROKER,RECEIVED,TRAIN
TRD102009,2026-08-17,RELIANCE,INE102009,RELIANCE,200,2851.09,570218.0,ICICI-CUST,EQ-INDEX-04,BOOKED,2026-08-18,BUY,2851.09,200,2026-08-17,ICICI-CUST,RECEIVED,TRAIN
TRD102010,2026-08-04,KOTAKBANK,INE102010,KOTAKBANK,2000,1951.77,3903540.0,MORGANSTANLEY-BROKER,EQ-INDEX-04,BOOKED,2026-08-05,BUY,1951.77,2000,2026-08-04,MORGANSTANLEY-BROKER,RECEIVED,TRAIN
TRD102011,2026-08-02,TCS,INE102011,TCS,1000,4136.21,4136210.0,DEUTSCHE-BROKER,EQ-ALPHA-03,BOOKED,2026-08-03,BUY,4136.21,1000,2026-08-02,DEUTSCHE-BROKER,RECEIVED,TRAIN
TRD102012,2026-08-06,KOTAKBANK,INE102012,KOTAKBANK,2000,1954.25,3908500.0,NOMURA-BROKER,EQ-INDEX-04,BOOKED,2026-08-07,SELL,1954.25,2000,2026-08-06,NOMURA-BROKER,RECEIVED,TRAIN
TRD102013,2026-08-20,HDFCBANK,INE102013,HDFCBANK,200,1668.31,333662.0,MORGANSTANLEY-BROKER,EQ-ALPHA-03,BOOKED,2026-08-21,BUY,1668.31,200,2026-08-20,MORGANSTANLEY-BROKER,RECEIVED,TRAIN
TRD102014,2026-08-14,MARUTI,INE102014,MARUTI,2000,13023.7,26047400.0,DEUTSCHE-BROKER,EQ-CORE-01,BOOKED,2026-08-15,BUY,13023.7,2000,2026-08-14,DEUTSCHE-BROKER,RECEIVED,TRAIN
TRD102015,2026-08-09,MARUTI,INE102015,MARUTI,750,13024.43,9768322.5,KOTAK-CUST,EQ-ALPHA-03,BOOKED,2026-08-10,SELL,13024.43,750,2026-08-09,KOTAK-CUST,RECEIVED,TEST
TRD102016,2026-08-03,KOTAKBANK,INE102016,KOTAKBANK,750,1965.15,1473862.5,ICICI-CUST,EQ-CORE-01,BOOKED,2026-08-04,SELL,1965.15,750,2026-08-03,ICICI-CUST,RECEIVED,TRAIN
TRD102017,2026-08-14,HDFCBANK,INE102017,HDFCBANK,2000,1670.53,3341060.0,NOMURA-BROKER,EQ-ALPHA-03,BOOKED,2026-08-15,BUY,1670.53,2000,2026-08-14,NOMURA-BROKER,RECEIVED,TEST
TRD102018,2026-08-19,HINDUNILVR,INE102018,HINDUNILVR,2000,2747.27,5494540.0,DEUTSCHE-BROKER,EQ-INDEX-04,BOOKED,2026-08-20,BUY,2747.27,2000,2026-08-19,DEUTSCHE-BROKER,RECEIVED,TRAIN
TRD102019,2026-08-21,AXISBANK,INE102019,AXISBANK,200,1181.32,236264.0,ICICI-CUST,EQ-CORE-01,BOOKED,2026-08-22,BUY,1181.32,200,2026-08-21,ICICI-CUST,RECEIVED,TRAIN
TRD102020,2026-08-20,HINDUNILVR,INE102020,HINDUNILVR,500,2741.78,1370890.0,DEUTSCHE-BROKER,EQ-INDEX-04,BOOKED,2026-08-21,BUY,2741.78,500,2026-08-20,DEUTSCHE-BROKER,RECEIVED,TRAIN
TRD102021,2026-08-19,SBIN,INE102021,SBIN,2000,848.58,1697160.0,MORGANSTANLEY-BROKER,EQ-CORE-01,BOOKED,2026-08-20,SELL,848.58,2000,2026-08-19,MORGANSTANLEY-BROKER,RECEIVED,TRAIN
TRD102022,2026-08-01,MARUTI,INE102022,MARUTI,1500,13001.95,19502925.0,HDFC-CUST,EQ-CORE-02,BOOKED,2026-08-02,BUY,13001.95,1500,2026-08-01,HDFC-CUST,RECEIVED,TRAIN
TRD102023,2026-08-14,KOTAKBANK,INE102023,KOTAKBANK,1000,1947.85,1947850.0,ICICI-CUST,EQ-INDEX-04,BOOKED,2026-08-15,SELL,,,,,MISSING,TRAIN
TRD102024,2026-08-08,SBIN,INE102024,SBIN,1000,844.35,844350.0,KOTAK-CUST,EQ-INDEX-04,BOOKED,2026-08-09,BUY,844.35,1000,2026-08-08,KOTAK-CUST,RECEIVED,TRAIN
TRD102025,2026-08-21,SBIN,INE102025,SBIN,2000,847.28,1694560.0,KOTAK-CUST,EQ-CORE-02,BOOKED,2026-08-22,BUY,847.28,2000,2026-08-21,KOTAK-CUST,RECEIVED,TRAIN
TRD102026,2026-08-12,LT,INE102026,LT,1000,3689.01,3689010.0,HDFC-CUST,EQ-INDEX-04,BOOKED,2026-08-13,BUY,3689.01,1000,2026-08-12,HDFC-CUST,RECEIVED,TRAIN
TRD102027,2026-08-08,SBIN,INE102027,SBIN,1000,846.58,846580.0,KOTAK-CUST,EQ-ALPHA-03,BOOKED,2026-08-09,BUY,,,,,MISSING,TEST
TRD102028,2026-08-11,TATASTEEL,INE102028,TATASTEEL,200,172.69,34538.0,MORGANSTANLEY-BROKER,EQ-INDEX-04,BOOKED,2026-08-12,BUY,175.88,125,2026-08-11,MORGANSTANLEY-BROKER,RECEIVED,TRAIN
TRD102029,2026-08-16,HINDUNILVR,INE102029,HINDUNILVR,1500,2737.42,4106130.0,KOTAK-CUST,EQ-ALPHA-03,BOOKED,2026-08-17,SELL,2737.42,1500,2026-08-16,ICICI-CUST,RECEIVED,TEST
TRD102030,2026-08-06,TATASTEEL,INE102030,TATASTEEL,1000,172.89,172890.0,KOTAK-CUST,EQ-CORE-01,BOOKED,2026-08-07,BUY,172.89,1000,2026-08-06,KOTAK-CUST,RECEIVED,TRAIN
TRD102031,2026-08-21,HDFCBANK,INE102031,HDFCBANK,750,1682.05,1261537.5,MORGANSTANLEY-BROKER,EQ-ALPHA-03,BOOKED,2026-08-22,BUY,1682.05,750,2026-08-21,MORGANSTANLEY-BROKER,RECEIVED,TRAIN
TRD102032,2026-08-03,BHARTIARTL,INE102032,BHARTIARTL,200,1685.31,337062.0,NOMURA-BROKER,EQ-INDEX-04,BOOKED,2026-08-04,SELL,1685.31,200,2026-08-03,NOMURA-BROKER,RECEIVED,TRAIN
TRD102033,2026-08-13,INFY,INE102033,INFY,1000,1890.92,1890920.0,HDFC-CUST,EQ-INDEX-04,BOOKED,2026-08-14,BUY,1890.92,1000,2026-08-13,HDFC-CUST,RECEIVED,TRAIN
TRD102034,2026-08-03,MARUTI,INE102034,MARUTI,750,12994.72,9746040.0,KOTAK-CUST,EQ-CORE-02,BOOKED,2026-08-04,SELL,12994.72,750,2026-08-04,KOTAK-CUST,RECEIVED,TEST
TRD102035,2026-08-05,MARUTI,INE102035,MARUTI,100,12947.02,1294702.0,NOMURA-BROKER,EQ-ALPHA-03,BOOKED,2026-08-06,BUY,12947.02,100,2026-08-05,NOMURA-BROKER,RECEIVED,TRAIN
TRD102036,2026-08-08,ITC,INE102036,ITC,500,470.46,235230.0,HDFC-CUST,EQ-CORE-02,BOOKED,2026-08-09,SELL,470.46,500,2026-08-08,HDFC-CUST,RECEIVED,TRAIN
TRD102037,2026-08-10,KOTAKBANK,INE102037,KOTAKBANK,500,1948.76,974380.0,HDFC-CUST,EQ-CORE-01,BOOKED,2026-08-11,SELL,1948.76,500,2026-08-10,HDFC-CUST,RECEIVED,TRAIN
TRD102038,2026-08-18,MARUTI,INE102038,MARUTI,2000,12968.91,25937820.0,MORGANSTANLEY-BROKER,EQ-CORE-02,BOOKED,2026-08-19,SELL,12968.91,2000,2026-08-18,MORGANSTANLEY-BROKER,RECEIVED,TRAIN
TRD102039,2026-08-13,INFY,INE102039,INFY,1500,1892.71,2839065.0,NOMURA-BROKER,EQ-ALPHA-03,BOOKED,2026-08-14,SELL,1892.71,1500,2026-08-13,NOMURA-BROKER,RECEIVED,TEST
TRD102040,2026-08-12,HINDUNILVR,INE102040,HINDUNILVR,750,2743.71,2057782.5,HDFC-CUST,EQ-ALPHA-03,BOOKED,2026-08-13,SELL,2743.71,750,2026-08-12,HDFC-CUST,RECEIVED,TEST
TRD102041,2026-08-08,TCS,INE102041,TCS,250,4113.4,1028350.0,MORGANSTANLEY-BROKER,EQ-CORE-02,BOOKED,2026-08-09,BUY,4113.4,450,2026-08-08,MORGANSTANLEY-BROKER,RECEIVED,TRAIN
TRD102042,2026-08-04,TATASTEEL,INE102042,TATASTEEL,2000,172.51,345020.0,MORGANSTANLEY-BROKER,EQ-CORE-02,BOOKED,2026-08-05,SELL,172.51,2000,2026-08-04,MORGANSTANLEY-BROKER,RECEIVED,TRAIN
TRD102043,2026-08-19,WIPRO,INE102043,WIPRO,500,610.14,305070.0,ICICI-CUST,EQ-INDEX-04,BOOKED,2026-08-20,SELL,610.14,500,2026-08-19,ICICI-CUST,RECEIVED,TRAIN
TRD102044,2026-08-06,ITC,INE102044,ITC,1500,466.86,700290.0,ICICI-CUST,EQ-INDEX-04,BOOKED,2026-08-07,BUY,466.86,1500,2026-08-06,ICICI-CUST,RECEIVED,TEST
TRD102045,2026-08-05,TATASTEEL,INE102045,TATASTEEL,1000,172.41,172410.0,ICICI-CUST,EQ-ALPHA-03,BOOKED,2026-08-06,BUY,172.41,1000,2026-08-05,ICICI-CUST,RECEIVED,TRAIN
TRD102046,2026-08-01,WIPRO,INE102046,WIPRO,750,610.78,458085.0,NOMURA-BROKER,EQ-INDEX-04,BOOKED,2026-08-02,SELL,610.78,750,2026-08-01,NOMURA-BROKER,RECEIVED,TRAIN
TRD102047,2026-08-07,WIPRO,INE102047,WIPRO,250,613.32,153330.0,NOMURA-BROKER,EQ-INDEX-04,BOOKED,2026-08-08,SELL,613.32,250,2026-08-07,NOMURA-BROKER,RECEIVED,TRAIN
TRD102048,2026-08-19,LT,INE102048,LT,750,3673.91,2755432.5,MORGANSTANLEY-BROKER,EQ-INDEX-04,BOOKED,2026-08-20,BUY,,,,,MISSING,TRAIN
TRD102049,2026-08-20,HINDUNILVR,INE102049,HINDUNILVR,1000,2755.56,2755560.0,ICICI-CUST,EQ-ALPHA-03,BOOKED,2026-08-21,BUY,2755.56,1000,2026-08-20,ICICI-CUST,RECEIVED,TEST
TRD102050,2026-08-17,HINDUNILVR,INE102050,HINDUNILVR,200,2748.73,549746.0,DEUTSCHE-BROKER,EQ-CORE-02,BOOKED,2026-08-18,BUY,2748.73,200,2026-08-17,DEUTSCHE-BROKER,RECEIVED,TRAIN
TRD102051,2026-08-01,HDFCBANK,INE102051,HDFCBANK,250,1680.82,420205.0,NOMURA-BROKER,EQ-INDEX-04,BOOKED,2026-08-02,BUY,1680.82,250,2026-08-01,NOMURA-BROKER,RECEIVED,TRAIN
TRD102052,2026-08-13,SBIN,INE102052,SBIN,200,842.17,168434.0,MORGANSTANLEY-BROKER,EQ-INDEX-04,BOOKED,2026-08-14,SELL,842.17,200,2026-08-13,MORGANSTANLEY-BROKER,RECEIVED,TEST
TRD102053,2026-08-11,BHARTIARTL,INE102053,BHARTIARTL,2000,1684.29,3368580.0,HDFC-CUST,EQ-CORE-01,BOOKED,2026-08-12,SELL,1684.29,2000,2026-08-11,HDFC-CUST,RECEIVED,TRAIN
TRD102054,2026-08-09,SBIN,INE102054,SBIN,250,847.35,211837.5,DEUTSCHE-BROKER,EQ-CORE-01,BOOKED,2026-08-10,BUY,847.35,250,2026-08-09,DEUTSCHE-BROKER,RECEIVED,TRAIN
TRD102055,2026-08-12,ICICIBANK,INE102055,ICICIBANK,1500,1237.09,1855635.0,NOMURA-BROKER,EQ-CORE-01,BOOKED,2026-08-13,SELL,1237.09,1500,2026-08-12,NOMURA-BROKER,RECEIVED,TRAIN
TRD102056,2026-08-01,ITC,INE102056,ITC,200,469.01,93802.0,MORGANSTANLEY-BROKER,EQ-CORE-01,BOOKED,2026-08-02,BUY,469.01,200,2026-08-01,MORGANSTANLEY-BROKER,RECEIVED,TRAIN
TRD102057,2026-08-01,KOTAKBANK,INE102057,KOTAKBANK,1000,1947.79,1947790.0,MORGANSTANLEY-BROKER,EQ-CORE-01,BOOKED,2026-08-02,BUY,1947.79,1000,2026-08-01,MORGANSTANLEY-BROKER,RECEIVED,TRAIN
TRD102058,2026-08-19,SBIN,INE102058,SBIN,1500,843.96,1265940.0,MORGANSTANLEY-BROKER,EQ-ALPHA-03,BOOKED,2026-08-20,BUY,843.96,1500,2026-08-19,MORGANSTANLEY-BROKER,RECEIVED,TRAIN
TRD102059,2026-08-16,INFY,INE102059,INFY,500,1892.88,946440.0,HDFC-CUST,EQ-CORE-02,BOOKED,2026-08-17,SELL,1892.88,500,2026-08-16,HDFC-CUST,RECEIVED,TEST
TRD102060,2026-08-19,TCS,INE102060,TCS,250,4124.86,1031215.0,HDFC-CUST,EQ-INDEX-04,BOOKED,2026-08-20,BUY,4124.86,250,2026-08-19,HDFC-CUST,RECEIVED,TEST
TRD102061,2026-08-15,LT,INE102061,LT,250,3691.72,922930.0,ICICI-CUST,EQ-CORE-01,BOOKED,2026-08-16,BUY,3691.72,250,2026-08-15,ICICI-CUST,RECEIVED,TEST
TRD102062,2026-08-04,HINDUNILVR,INE102062,HINDUNILVR,750,2757.54,2068155.0,KOTAK-CUST,EQ-CORE-02,BOOKED,2026-08-05,BUY,2757.54,750,2026-08-04,KOTAK-CUST,RECEIVED,TRAIN
TRD102063,2026-08-20,TATASTEEL,INE102063,TATASTEEL,200,172.45,34490.0,HDFC-CUST,EQ-ALPHA-03,BOOKED,2026-08-21,SELL,172.45,200,2026-08-20,HDFC-CUST,RECEIVED,TRAIN
TRD102064,2026-08-04,TATASTEEL,INE102064,TATASTEEL,1500,172.94,259410.0,NOMURA-BROKER,EQ-CORE-01,BOOKED,2026-08-05,SELL,172.94,1500,2026-08-04,NOMURA-BROKER,RECEIVED,TEST
TRD102065,2026-08-16,HDFCBANK,INE102065,HDFCBANK,1000,1669.19,1669190.0,HDFC-CUST,EQ-INDEX-04,BOOKED,2026-08-17,BUY,1669.19,1000,2026-08-16,HDFC-CUST,RECEIVED,TRAIN
TRD102066,2026-08-16,SBIN,INE102066,SBIN,100,849.12,84912.0,NOMURA-BROKER,EQ-CORE-01,BOOKED,2026-08-17,BUY,849.12,100,2026-08-16,NOMURA-BROKER,RECEIVED,TRAIN
TRD102067,2026-08-19,KOTAKBANK,INE102067,KOTAKBANK,1000,1963.75,1963750.0,MORGANSTANLEY-BROKER,EQ-INDEX-04,BOOKED,2026-08-20,BUY,1963.75,1000,2026-08-19,MORGANSTANLEY-BROKER,RECEIVED,TRAIN
TRD102068,2026-08-07,ICICIBANK,INE102068,ICICIBANK,1000,1236.28,1236280.0,KOTAK-CUST,EQ-INDEX-04,BOOKED,2026-08-08,SELL,1236.28,1000,2026-08-07,KOTAK-CUST,RECEIVED,TRAIN
TRD102069,2026-08-01,BHARTIARTL,INE102069,BHARTIARTL,1500,1683.34,2525010.0,DEUTSCHE-BROKER,EQ-CORE-01,BOOKED,2026-08-02,SELL,1683.34,1500,2026-08-01,DEUTSCHE-BROKER,RECEIVED,TRAIN
TRD102070,2026-08-10,LT,INE102070,LT,2000,3684.19,7368380.0,DEUTSCHE-BROKER,EQ-ALPHA-03,BOOKED,2026-08-11,BUY,3684.19,2000,2026-08-10,DEUTSCHE-BROKER,RECEIVED,TRAIN
TRD102071,2026-08-03,LT,INE102071,LT,100,3668.67,366867.0,KOTAK-CUST,EQ-CORE-02,BOOKED,2026-08-04,SELL,3668.67,100,2026-08-03,KOTAK-CUST,RECEIVED,TRAIN
TRD102072,2026-08-02,WIPRO,INE102072,WIPRO,100,610.56,61056.0,KOTAK-CUST,EQ-INDEX-04,BOOKED,2026-08-03,BUY,610.56,100,2026-08-02,KOTAK-CUST,RECEIVED,TRAIN
TRD102073,2026-08-14,SBIN,INE102073,SBIN,100,848.34,84834.0,NOMURA-BROKER,EQ-CORE-02,BOOKED,2026-08-15,SELL,848.34,100,2026-08-14,NOMURA-BROKER,RECEIVED,TRAIN
TRD102074,2026-08-04,KOTAKBANK,INE102074,KOTAKBANK,100,1963.73,196373.0,DEUTSCHE-BROKER,EQ-CORE-02,BOOKED,2026-08-05,BUY,1963.73,100,2026-08-04,DEUTSCHE-BROKER,RECEIVED,TEST
TRD102075,2026-08-07,WIPRO,INE102075,WIPRO,1000,607.74,607740.0,DEUTSCHE-BROKER,EQ-CORE-02,BOOKED,2026-08-08,BUY,,,,,MISSING,TRAIN
TRD102076,2026-08-04,RELIANCE,INE102076,RELIANCE,1500,2842.12,4263180.0,KOTAK-CUST,EQ-CORE-01,BOOKED,2026-08-05,BUY,2842.12,1500,2026-08-04,KOTAK-CUST,RECEIVED,TRAIN
TRD102077,2026-08-13,KOTAKBANK,INE102077,KOTAKBANK,1000,1965.17,1965170.0,HDFC-CUST,EQ-ALPHA-03,BOOKED,2026-08-14,SELL,1965.17,1000,2026-08-14,HDFC-CUST,RECEIVED,TRAIN
TRD102078,2026-08-08,RELIANCE,INE102078,RELIANCE,250,2840.29,710072.5,MORGANSTANLEY-BROKER,EQ-ALPHA-03,BOOKED,2026-08-09,SELL,2840.29,250,2026-08-08,MORGANSTANLEY-BROKER,RECEIVED,TEST
TRD102079,2026-08-21,KOTAKBANK,INE102079,KOTAKBANK,750,1949.93,1462447.5,NOMURA-BROKER,EQ-ALPHA-03,BOOKED,2026-08-22,SELL,1949.93,750,2026-08-21,NOMURA-BROKER,RECEIVED,TRAIN
TRD102080,2026-08-14,WIPRO,INE102080,WIPRO,100,609.84,60984.0,DEUTSCHE-BROKER,EQ-ALPHA-03,BOOKED,2026-08-15,BUY,609.84,100,2026-08-14,DEUTSCHE-BROKER,RECEIVED,TRAIN
TRD102081,2026-08-01,MARUTI,INE102081,MARUTI,2000,12947.99,25895980.0,NOMURA-BROKER,EQ-INDEX-04,BOOKED,2026-08-02,BUY,12947.99,2000,2026-08-01,NOMURA-BROKER,RECEIVED,TRAIN
TRD102082,2026-08-08,WIPRO,INE102082,WIPRO,2000,608.08,1216160.0,ICICI-CUST,EQ-CORE-01,BOOKED,2026-08-09,BUY,608.08,2000,2026-08-08,ICICI-CUST,RECEIVED,TRAIN
TRD102083,2026-08-18,INFY,INE102083,INFY,2000,1882.11,3764220.0,KOTAK-CUST,EQ-CORE-02,BOOKED,2026-08-19,SELL,1882.11,2000,2026-08-18,KOTAK-CUST,RECEIVED,TRAIN
TRD102084,2026-08-10,KOTAKBANK,INE102084,KOTAKBANK,1500,1951.49,2927235.0,KOTAK-CUST,EQ-ALPHA-03,BOOKED,2026-08-11,BUY,1951.49,1500,2026-08-10,KOTAK-CUST,RECEIVED,TRAIN
TRD102085,2026-08-07,HINDUNILVR,INE102085,HINDUNILVR,200,2742.71,548542.0,ICICI-CUST,EQ-INDEX-04,BOOKED,2026-08-08,BUY,2742.71,200,2026-08-07,ICICI-CUST,RECEIVED,TRAIN
TRD102086,2026-08-04,INFY,INE102086,INFY,100,1889.71,188971.0,ICICI-CUST,EQ-CORE-02,BOOKED,2026-08-05,BUY,1889.71,100,2026-08-04,ICICI-CUST,RECEIVED,TEST
TRD102087,2026-08-03,MARUTI,INE102087,MARUTI,1500,12939.05,19408575.0,HDFC-CUST,EQ-INDEX-04,BOOKED,2026-08-04,SELL,12939.05,1500,2026-08-03,HDFC-CUST,RECEIVED,TRAIN
TRD102088,2026-08-02,ITC,INE102088,ITC,250,468.63,117157.5,NOMURA-BROKER,EQ-CORE-02,BOOKED,2026-08-03,BUY,468.63,250,2026-08-02,NOMURA-BROKER,RECEIVED,TEST
TRD102089,2026-08-01,WIPRO,INE102089,WIPRO,1000,607.57,607570.0,HDFC-CUST,EQ-ALPHA-03,BOOKED,2026-08-02,SELL,607.57,1000,2026-08-01,HDFC-CUST,RECEIVED,TEST
TRD102090,2026-08-07,TATASTEEL,INE102090,TATASTEEL,250,172.19,43047.5,NOMURA-BROKER,EQ-CORE-01,BOOKED,2026-08-08,SELL,172.19,250,2026-08-07,NOMURA-BROKER,RECEIVED,TRAIN
TRD102091,2026-08-17,BHARTIARTL,INE102091,BHARTIARTL,250,1697.95,424487.5,ICICI-CUST,EQ-CORE-02,BOOKED,2026-08-18,BUY,1730.03,175,2026-08-17,ICICI-CUST,RECEIVED,TRAIN
TRD102092,2026-08-15,KOTAKBANK,INE102092,KOTAKBANK,500,1952.49,976245.0,ICICI-CUST,EQ-INDEX-04,BOOKED,2026-08-16,BUY,1952.49,500,2026-08-15,ICICI-CUST,RECEIVED,TRAIN
TRD102093,2026-08-10,MARUTI,INE102093,MARUTI,500,12993.2,6496600.0,MORGANSTANLEY-BROKER,EQ-CORE-02,BOOKED,2026-08-11,BUY,12993.2,500,2026-08-10,MORGANSTANLEY-BROKER,RECEIVED,TRAIN
TRD102094,2026-08-03,LT,INE102094,LT,1000,3663.84,3663840.0,DEUTSCHE-BROKER,EQ-CORE-01,BOOKED,2026-08-04,BUY,,,,,MISSING,TRAIN
TRD102095,2026-08-05,WIPRO,INE102095,WIPRO,1000,609.56,609560.0,ICICI-CUST,EQ-CORE-02,BOOKED,2026-08-06,BUY,609.56,1000,2026-08-05,ICICI-CUST,RECEIVED,TRAIN
TRD102096,2026-08-13,BHARTIARTL,INE102096,BHARTIARTL,100,1691.46,169146.0,MORGANSTANLEY-BROKER,EQ-CORE-01,BOOKED,2026-08-14,BUY,1691.46,100,2026-08-13,MORGANSTANLEY-BROKER,RECEIVED,TRAIN
TRD102097,2026-08-03,HINDUNILVR,INE102097,HINDUNILVR,100,2747.35,274735.0,ICICI-CUST,EQ-INDEX-04,BOOKED,2026-08-04,SELL,2747.35,100,2026-08-03,ICICI-CUST,RECEIVED,TEST
TRD102098,2026-08-08,ICICIBANK,INE102098,ICICIBANK,1500,1240.18,1860270.0,NOMURA-BROKER,EQ-INDEX-04,BOOKED,2026-08-09,SELL,1240.18,1500,2026-08-08,NOMURA-BROKER,RECEIVED,TEST
TRD102099,2026-08-05,SBIN,INE102099,SBIN,2000,845.42,1690840.0,DEUTSCHE-BROKER,EQ-ALPHA-03,BOOKED,2026-08-06,BUY,845.42,2000,2026-08-05,DEUTSCHE-BROKER,RECEIVED,TRAIN
TRD102100,2026-08-06,INFY,INE102100,INFY,750,1892.89,1419667.5,DEUTSCHE-BROKER,EQ-ALPHA-03,BOOKED,2026-08-07,BUY,1892.89,750,2026-08-06,DEUTSCHE-BROKER,RECEIVED,TRAIN
TRD102101,2026-08-10,SBIN,INE102101,SBIN,100,845.02,84502.0,HDFC-CUST,EQ-CORE-01,BOOKED,2026-08-11,SELL,845.02,100,2026-08-10,HDFC-CUST,RECEIVED,TRAIN
TRD102102,2026-08-05,BHARTIARTL,INE102102,BHARTIARTL,500,1698.64,849320.0,NOMURA-BROKER,EQ-ALPHA-03,BOOKED,2026-08-06,BUY,1698.64,500,2026-08-05,NOMURA-BROKER,RECEIVED,TRAIN
TRD102103,2026-08-15,BHARTIARTL,INE102103,BHARTIARTL,1500,1696.88,2545320.0,NOMURA-BROKER,EQ-INDEX-04,BOOKED,2026-08-16,SELL,1696.88,1500,2026-08-15,NOMURA-BROKER,RECEIVED,TRAIN
TRD102104,2026-08-11,BHARTIARTL,INE102104,BHARTIARTL,2000,1688.09,3376180.0,NOMURA-BROKER,EQ-INDEX-04,BOOKED,2026-08-12,BUY,1688.09,2000,2026-08-11,NOMURA-BROKER,RECEIVED,TEST
TRD102105,2026-08-07,WIPRO,INE102105,WIPRO,500,608.8,304400.0,MORGANSTANLEY-BROKER,EQ-CORE-02,BOOKED,2026-08-08,SELL,608.8,500,2026-08-07,MORGANSTANLEY-BROKER,RECEIVED,TRAIN
TRD102106,2026-08-14,TATASTEEL,INE102106,TATASTEEL,2000,172.53,345060.0,KOTAK-CUST,EQ-ALPHA-03,BOOKED,2026-08-15,BUY,172.53,2000,2026-08-14,KOTAK-CUST,RECEIVED,TEST
TRD102107,2026-08-18,BHARTIARTL,INE102107,BHARTIARTL,250,1689.9,422475.0,NOMURA-BROKER,EQ-INDEX-04,BOOKED,2026-08-19,SELL,1689.9,250,2026-08-18,NOMURA-BROKER,RECEIVED,TRAIN
TRD102108,2026-08-07,TATASTEEL,INE102108,TATASTEEL,1500,171.68,257520.0,KOTAK-CUST,EQ-CORE-02,BOOKED,2026-08-08,SELL,171.68,1500,2026-08-07,KOTAK-CUST,RECEIVED,TRAIN
TRD102109,2026-08-15,TATASTEEL,INE102109,TATASTEEL,1500,171.9,257850.0,ICICI-CUST,EQ-CORE-02,BOOKED,2026-08-16,SELL,171.9,1500,2026-08-15,ICICI-CUST,RECEIVED,TEST
TRD102110,2026-08-19,AXISBANK,INE102110,AXISBANK,250,1177.57,294392.5,HDFC-CUST,EQ-INDEX-04,BOOKED,2026-08-20,BUY,1177.57,250,2026-08-19,HDFC-CUST,RECEIVED,TRAIN
TRD102111,2026-08-08,INFY,INE102111,INFY,1500,1886.83,2830245.0,NOMURA-BROKER,EQ-CORE-02,BOOKED,2026-08-09,SELL,1886.83,1500,2026-08-08,NOMURA-BROKER,RECEIVED,TRAIN
TRD102112,2026-08-03,SBIN,INE102112,SBIN,100,847.09,84709.0,ICICI-CUST,EQ-CORE-01,BOOKED,2026-08-04,BUY,847.09,100,2026-08-03,ICICI-CUST,RECEIVED,TRAIN
TRD102113,2026-08-03,TATASTEEL,INE102113,TATASTEEL,100,172.16,17216.0,KOTAK-CUST,EQ-ALPHA-03,BOOKED,2026-08-04,BUY,172.16,100,2026-08-03,KOTAK-CUST,RECEIVED,TRAIN
TRD102114,2026-08-10,WIPRO,INE102114,WIPRO,250,613.15,153287.5,ICICI-CUST,EQ-ALPHA-03,BOOKED,2026-08-11,SELL,613.15,250,2026-08-10,ICICI-CUST,RECEIVED,TRAIN
TRD102115,2026-08-06,AXISBANK,INE102115,AXISBANK,2000,1179.96,2359920.0,KOTAK-CUST,EQ-ALPHA-03,BOOKED,2026-08-07,BUY,1179.96,2000,2026-08-06,KOTAK-CUST,RECEIVED,TRAIN
TRD102116,2026-08-05,HINDUNILVR,INE102116,HINDUNILVR,250,2756.6,689150.0,HDFC-CUST,EQ-INDEX-04,BOOKED,2026-08-06,BUY,2756.6,250,2026-08-05,HDFC-CUST,RECEIVED,TRAIN
TRD102117,2026-08-18,LT,INE102117,LT,1500,3667.57,5501355.0,NOMURA-BROKER,EQ-INDEX-04,BOOKED,2026-08-19,SELL,3667.57,1500,2026-08-18,NOMURA-BROKER,RECEIVED,TRAIN
TRD102118,2026-08-05,WIPRO,INE102118,WIPRO,500,613.26,306630.0,DEUTSCHE-BROKER,EQ-CORE-01,BOOKED,2026-08-06,BUY,613.26,500,2026-08-05,DEUTSCHE-BROKER,RECEIVED,TRAIN
TRD102119,2026-08-16,INFY,INE102119,INFY,1500,1889.79,2834685.0,HDFC-CUST,EQ-CORE-01,BOOKED,2026-08-17,SELL,1889.79,1500,2026-08-16,HDFC-CUST,RECEIVED,TEST
TRD102120,2026-08-06,TATASTEEL,INE102120,TATASTEEL,2000,172.6,345200.0,DEUTSCHE-BROKER,EQ-CORE-01,BOOKED,2026-08-07,SELL,172.6,2000,2026-08-06,DEUTSCHE-BROKER,RECEIVED,TRAIN
TRD102121,2026-08-03,KOTAKBANK,INE102121,KOTAKBANK,1000,1963.24,1963240.0,KOTAK-CUST,EQ-CORE-01,BOOKED,2026-08-04,BUY,1963.24,1000,2026-08-03,KOTAK-CUST,RECEIVED,TRAIN
TRD102122,2026-08-05,INFY,INE102122,INFY,750,1893.65,1420237.5,ICICI-CUST,EQ-CORE-02,BOOKED,2026-08-06,SELL,1893.65,750,2026-08-05,ICICI-CUST,RECEIVED,TRAIN
TRD102123,2026-08-16,ICICIBANK,INE102123,ICICIBANK,200,1239.0,247800.0,ICICI-CUST,EQ-INDEX-04,BOOKED,2026-08-17,BUY,1239.0,200,2026-08-16,ICICI-CUST,RECEIVED,TRAIN
TRD102124,2026-08-09,SBIN,INE102124,SBIN,750,843.0,632250.0,MORGANSTANLEY-BROKER,EQ-CORE-01,BOOKED,2026-08-10,SELL,843.0,750,2026-08-09,MORGANSTANLEY-BROKER,RECEIVED,TRAIN
TRD102125,2026-08-08,SBIN,INE102125,SBIN,250,841.81,210452.5,NOMURA-BROKER,EQ-ALPHA-03,BOOKED,2026-08-09,SELL,841.81,250,2026-08-08,NOMURA-BROKER,RECEIVED,TRAIN
TRD102126,2026-08-09,ITC,INE102126,ITC,1500,468.14,702210.0,NOMURA-BROKER,EQ-INDEX-04,BOOKED,2026-08-10,BUY,468.14,1500,2026-08-09,NOMURA-BROKER,RECEIVED,TRAIN
TRD102127,2026-08-20,SBIN,INE102127,SBIN,100,842.48,84248.0,ICICI-CUST,EQ-CORE-01,BOOKED,2026-08-21,SELL,842.48,100,2026-08-20,KOTAK-CUST,RECEIVED,TRAIN
TRD102128,2026-08-13,BHARTIARTL,INE102128,BHARTIARTL,500,1697.24,848620.0,DEUTSCHE-BROKER,EQ-CORE-01,BOOKED,2026-08-14,SELL,1697.24,500,2026-08-13,DEUTSCHE-BROKER,RECEIVED,TRAIN
TRD102129,2026-08-17,WIPRO,INE102129,WIPRO,1500,609.35,914025.0,DEUTSCHE-BROKER,EQ-INDEX-04,BOOKED,2026-08-18,SELL,609.35,1500,2026-08-17,DEUTSCHE-BROKER,RECEIVED,TRAIN
TRD102130,2026-08-18,INFY,INE102130,INFY,1000,1894.44,1894440.0,HDFC-CUST,EQ-INDEX-04,BOOKED,2026-08-19,SELL,1894.44,1000,2026-08-18,HDFC-CUST,RECEIVED,TRAIN
TRD102131,2026-08-03,ICICIBANK,INE102131,ICICIBANK,200,1245.93,249186.0,NOMURA-BROKER,EQ-ALPHA-03,BOOKED,2026-08-04,BUY,1245.93,200,2026-08-03,NOMURA-BROKER,RECEIVED,TRAIN
TRD102132,2026-08-04,RELIANCE,INE102132,RELIANCE,250,2859.23,714807.5,HDFC-CUST,EQ-CORE-01,BOOKED,2026-08-05,BUY,2859.23,250,2026-08-04,HDFC-CUST,RECEIVED,TRAIN
TRD102133,2026-08-08,SBIN,INE102133,SBIN,200,842.67,168534.0,ICICI-CUST,EQ-CORE-01,BOOKED,2026-08-09,BUY,842.67,200,2026-08-08,ICICI-CUST,RECEIVED,TRAIN
TRD102134,2026-08-11,WIPRO,INE102134,WIPRO,100,611.79,61179.0,MORGANSTANLEY-BROKER,EQ-CORE-01,BOOKED,2026-08-12,BUY,611.79,100,2026-08-11,MORGANSTANLEY-BROKER,RECEIVED,TEST
TRD102135,2026-08-11,AXISBANK,INE102135,AXISBANK,2000,1181.8,2363600.0,NOMURA-BROKER,EQ-CORE-01,BOOKED,2026-08-12,BUY,1181.8,2050,2026-08-11,NOMURA-BROKER,RECEIVED,TEST
TRD102136,2026-08-03,RELIANCE,INE102136,RELIANCE,250,2841.93,710482.5,HDFC-CUST,EQ-CORE-01,BOOKED,2026-08-04,BUY,2841.93,250,2026-08-03,HDFC-CUST,RECEIVED,TRAIN
TRD102137,2026-08-08,RELIANCE,INE102137,RELIANCE,1500,2858.81,4288215.0,HDFC-CUST,EQ-CORE-01,BOOKED,2026-08-09,BUY,2858.81,1500,2026-08-08,HDFC-CUST,RECEIVED,TRAIN
TRD102138,2026-08-07,BHARTIARTL,INE102138,BHARTIARTL,1000,1692.52,1692520.0,DEUTSCHE-BROKER,EQ-CORE-02,BOOKED,2026-08-08,SELL,1692.52,1000,2026-08-07,DEUTSCHE-BROKER,RECEIVED,TRAIN
TRD102139,2026-08-19,AXISBANK,INE102139,AXISBANK,250,1179.89,294972.5,ICICI-CUST,EQ-INDEX-04,BOOKED,2026-08-20,BUY,1179.89,250,2026-08-20,ICICI-CUST,RECEIVED,TRAIN
TRD102140,2026-08-07,LT,INE102140,LT,100,3664.68,366468.0,KOTAK-CUST,EQ-CORE-02,BOOKED,2026-08-08,BUY,3664.68,100,2026-08-07,KOTAK-CUST,RECEIVED,TEST
TRD102141,2026-08-03,WIPRO,INE102141,WIPRO,200,611.59,122318.0,HDFC-CUST,EQ-CORE-02,BOOKED,2026-08-04,SELL,611.59,200,2026-08-03,HDFC-CUST,RECEIVED,TRAIN
TRD102142,2026-08-21,HINDUNILVR,INE102142,HINDUNILVR,500,2736.33,1368165.0,MORGANSTANLEY-BROKER,EQ-ALPHA-03,BOOKED,2026-08-22,SELL,2736.33,500,2026-08-21,MORGANSTANLEY-BROKER,RECEIVED,TRAIN
TRD102143,2026-08-09,LT,INE102143,LT,750,3669.78,2752335.0,KOTAK-CUST,EQ-CORE-02,BOOKED,2026-08-10,BUY,3669.78,750,2026-08-09,KOTAK-CUST,RECEIVED,TRAIN
TRD102144,2026-08-06,KOTAKBANK,INE102144,KOTAKBANK,750,1951.43,1463572.5,ICICI-CUST,EQ-CORE-01,BOOKED,2026-08-07,BUY,1951.43,750,2026-08-06,ICICI-CUST,RECEIVED,TRAIN
TRD102145,2026-08-02,ITC,INE102145,ITC,1000,470.79,470790.0,MORGANSTANLEY-BROKER,EQ-INDEX-04,BOOKED,2026-08-03,BUY,470.79,1000,2026-08-02,MORGANSTANLEY-BROKER,RECEIVED,TRAIN
TRD102146,2026-08-03,KOTAKBANK,INE102146,KOTAKBANK,2000,1946.16,3892320.0,KOTAK-CUST,EQ-ALPHA-03,BOOKED,2026-08-04,BUY,1977.29,2075,2026-08-03,KOTAK-CUST,RECEIVED,TRAIN
TRD102147,2026-08-11,AXISBANK,INE102147,AXISBANK,750,1182.93,887197.5,DEUTSCHE-BROKER,EQ-ALPHA-03,BOOKED,2026-08-12,SELL,1182.93,750,2026-08-11,DEUTSCHE-BROKER,RECEIVED,TRAIN
TRD102148,2026-08-16,SBIN,INE102148,SBIN,2000,843.91,1687820.0,KOTAK-CUST,EQ-CORE-02,BOOKED,2026-08-17,BUY,843.91,2000,2026-08-16,KOTAK-CUST,RECEIVED,TRAIN
TRD102149,2026-08-12,AXISBANK,INE102149,AXISBANK,250,1174.85,293712.5,DEUTSCHE-BROKER,EQ-INDEX-04,BOOKED,2026-08-13,SELL,1174.85,250,2026-08-12,MORGANSTANLEY-BROKER,RECEIVED,TRAIN
TRD102150,2026-08-15,SBIN,INE102150,SBIN,1500,845.29,1267935.0,DEUTSCHE-BROKER,EQ-CORE-02,BOOKED,2026-08-16,BUY,845.29,1500,2026-08-15,DEUTSCHE-BROKER,RECEIVED,TRAIN
TRD102151,2026-08-01,WIPRO,INE102151,WIPRO,1500,609.86,914790.0,HDFC-CUST,EQ-ALPHA-03,BOOKED,2026-08-02,SELL,609.86,1500,2026-08-01,HDFC-CUST,RECEIVED,TRAIN
TRD102152,2026-08-01,MARUTI,INE102152,MARUTI,250,12966.94,3241735.0,DEUTSCHE-BROKER,EQ-CORE-02,BOOKED,2026-08-02,BUY,12966.94,250,2026-08-01,DEUTSCHE-BROKER,RECEIVED,TRAIN
TRD102153,2026-08-01,AXISBANK,INE102153,AXISBANK,250,1176.91,294227.5,DEUTSCHE-BROKER,EQ-INDEX-04,BOOKED,2026-08-02,BUY,1176.91,250,2026-08-01,DEUTSCHE-BROKER,RECEIVED,TRAIN
TRD102154,2026-08-16,ICICIBANK,INE102154,ICICIBANK,1000,1237.05,1237050.0,DEUTSCHE-BROKER,EQ-CORE-02,BOOKED,2026-08-17,SELL,1237.05,1000,2026-08-16,DEUTSCHE-BROKER,RECEIVED,TRAIN
TRD102155,2026-08-16,MARUTI,INE102155,MARUTI,750,12944.66,9708495.0,MORGANSTANLEY-BROKER,EQ-INDEX-04,BOOKED,2026-08-17,SELL,12944.66,750,2026-08-16,MORGANSTANLEY-BROKER,RECEIVED,TRAIN
TRD102156,2026-08-02,BHARTIARTL,INE102156,BHARTIARTL,250,1690.19,422547.5,KOTAK-CUST,EQ-CORE-01,BOOKED,2026-08-03,BUY,1690.19,250,2026-08-02,KOTAK-CUST,RECEIVED,TEST
TRD102157,2026-08-05,SBIN,INE102157,SBIN,2000,846.51,1693020.0,HDFC-CUST,EQ-INDEX-04,BOOKED,2026-08-06,BUY,846.51,2000,2026-08-05,HDFC-CUST,RECEIVED,TRAIN
TRD102158,2026-08-10,BHARTIARTL,INE102158,BHARTIARTL,2000,1682.17,3364340.0,NOMURA-BROKER,EQ-CORE-02,BOOKED,2026-08-11,SELL,1682.17,2000,2026-08-10,NOMURA-BROKER,RECEIVED,TEST
TRD102159,2026-08-14,KOTAKBANK,INE102159,KOTAKBANK,750,1959.3,1469475.0,MORGANSTANLEY-BROKER,EQ-CORE-01,BOOKED,2026-08-15,BUY,1959.3,700,2026-08-14,MORGANSTANLEY-BROKER,RECEIVED,TRAIN
TRD102160,2026-08-12,LT,INE102160,LT,750,3674.3,2755725.0,NOMURA-BROKER,EQ-CORE-02,BOOKED,2026-08-13,SELL,3674.3,750,2026-08-12,NOMURA-BROKER,RECEIVED,TRAIN
TRD102161,2026-08-15,AXISBANK,INE102161,AXISBANK,2000,1175.09,2350180.0,KOTAK-CUST,EQ-INDEX-04,BOOKED,2026-08-16,BUY,1175.09,2000,2026-08-15,KOTAK-CUST,RECEIVED,TRAIN
TRD102162,2026-08-11,HDFCBANK,INE102162,HDFCBANK,1000,1678.35,1678350.0,NOMURA-BROKER,EQ-INDEX-04,BOOKED,2026-08-12,SELL,1678.35,1000,2026-08-11,NOMURA-BROKER,RECEIVED,TRAIN
TRD102163,2026-08-11,LT,INE102163,LT,1000,3682.99,3682990.0,NOMURA-BROKER,EQ-CORE-02,BOOKED,2026-08-12,BUY,3682.99,1000,2026-08-11,NOMURA-BROKER,RECEIVED,TRAIN
TRD102164,2026-08-20,SBIN,INE102164,SBIN,500,847.36,423680.0,HDFC-CUST,EQ-CORE-02,BOOKED,2026-08-21,SELL,847.36,500,2026-08-20,HDFC-CUST,RECEIVED,TEST
TRD102165,2026-08-11,AXISBANK,INE102165,AXISBANK,2000,1184.86,2369720.0,MORGANSTANLEY-BROKER,EQ-CORE-01,BOOKED,2026-08-12,SELL,1184.86,2000,2026-08-11,MORGANSTANLEY-BROKER,RECEIVED,TRAIN
TRD102166,2026-08-03,HINDUNILVR,INE102166,HINDUNILVR,250,2748.99,687247.5,MORGANSTANLEY-BROKER,EQ-INDEX-04,BOOKED,2026-08-04,SELL,2748.99,250,2026-08-03,MORGANSTANLEY-BROKER,RECEIVED,TRAIN
TRD102167,2026-08-13,AXISBANK,INE102167,AXISBANK,750,1175.14,881355.0,HDFC-CUST,EQ-ALPHA-03,BOOKED,2026-08-14,BUY,1175.14,750,2026-08-13,HDFC-CUST,RECEIVED,TRAIN
TRD102168,2026-08-08,SBIN,INE102168,SBIN,100,845.38,84538.0,NOMURA-BROKER,EQ-CORE-01,BOOKED,2026-08-09,SELL,845.38,100,2026-08-08,NOMURA-BROKER,RECEIVED,TEST
TRD102169,2026-08-09,SBIN,INE102169,SBIN,2000,846.12,1692240.0,KOTAK-CUST,EQ-INDEX-04,BOOKED,2026-08-10,SELL,846.12,2000,2026-08-09,KOTAK-CUST,RECEIVED,TEST
TRD102170,2026-08-21,AXISBANK,INE102170,AXISBANK,500,1184.08,592040.0,HDFC-CUST,EQ-CORE-01,BOOKED,2026-08-22,SELL,1184.08,500,2026-08-21,HDFC-CUST,RECEIVED,TEST
TRD102171,2026-08-07,WIPRO,INE102171,WIPRO,100,611.79,61179.0,MORGANSTANLEY-BROKER,EQ-ALPHA-03,BOOKED,2026-08-08,BUY,611.79,50,2026-08-07,MORGANSTANLEY-BROKER,RECEIVED,TRAIN
TRD102172,2026-08-01,HINDUNILVR,INE102172,HINDUNILVR,1500,2743.49,4115235.0,KOTAK-CUST,EQ-ALPHA-03,BOOKED,2026-08-02,BUY,2743.49,1500,2026-08-01,KOTAK-CUST,RECEIVED,TRAIN
TRD102173,2026-08-21,INFY,INE102173,INFY,750,1881.33,1410997.5,NOMURA-BROKER,EQ-INDEX-04,BOOKED,2026-08-22,BUY,1881.33,750,2026-08-21,NOMURA-BROKER,RECEIVED,TEST
TRD102174,2026-08-05,SBIN,INE102174,SBIN,2000,847.93,1695860.0,DEUTSCHE-BROKER,EQ-INDEX-04,BOOKED,2026-08-06,BUY,847.93,2000,2026-08-05,DEUTSCHE-BROKER,RECEIVED,TRAIN
TRD102175,2026-08-04,AXISBANK,INE102175,AXISBANK,2000,1183.3,2366600.0,KOTAK-CUST,EQ-INDEX-04,BOOKED,2026-08-05,SELL,1183.3,2000,2026-08-04,KOTAK-CUST,RECEIVED,TRAIN
TRD102176,2026-08-19,HDFCBANK,INE102176,HDFCBANK,2000,1671.59,3343180.0,HDFC-CUST,EQ-ALPHA-03,BOOKED,2026-08-20,BUY,1671.59,2000,2026-08-19,HDFC-CUST,RECEIVED,TRAIN
TRD102177,2026-08-18,TCS,INE102177,TCS,100,4135.9,413590.0,DEUTSCHE-BROKER,EQ-ALPHA-03,BOOKED,2026-08-19,BUY,4135.9,100,2026-08-18,DEUTSCHE-BROKER,RECEIVED,TEST
TRD102178,2026-08-21,SBIN,INE102178,SBIN,1500,846.02,1269030.0,DEUTSCHE-BROKER,EQ-ALPHA-03,BOOKED,2026-08-22,SELL,846.02,1500,2026-08-21,DEUTSCHE-BROKER,RECEIVED,TRAIN
TRD102179,2026-08-02,INFY,INE102179,INFY,1000,1892.44,1892440.0,NOMURA-BROKER,EQ-ALPHA-03,BOOKED,2026-08-03,SELL,1892.44,1000,2026-08-03,NOMURA-BROKER,RECEIVED,TRAIN
TRD102180,2026-08-02,AXISBANK,INE102180,AXISBANK,100,1184.77,118477.0,NOMURA-BROKER,EQ-CORE-02,BOOKED,2026-08-03,SELL,1184.77,100,2026-08-02,NOMURA-BROKER,RECEIVED,TRAIN
TRD102181,2026-08-04,TCS,INE102181,TCS,200,4105.91,821182.0,MORGANSTANLEY-BROKER,EQ-CORE-02,BOOKED,2026-08-05,BUY,4105.91,200,2026-08-04,MORGANSTANLEY-BROKER,RECEIVED,TRAIN
TRD102182,2026-08-11,TCS,INE102182,TCS,1000,4140.21,4140210.0,ICICI-CUST,EQ-INDEX-04,BOOKED,2026-08-12,SELL,4140.21,1000,2026-08-11,NOMURA-BROKER,RECEIVED,TRAIN
TRD102183,2026-08-18,HINDUNILVR,INE102183,HINDUNILVR,200,2745.39,549078.0,ICICI-CUST,EQ-INDEX-04,BOOKED,2026-08-19,SELL,2745.39,200,2026-08-18,ICICI-CUST,RECEIVED,TEST
TRD102184,2026-08-03,WIPRO,INE102184,WIPRO,250,610.64,152660.0,HDFC-CUST,EQ-INDEX-04,BOOKED,2026-08-04,BUY,610.64,250,2026-08-03,HDFC-CUST,RECEIVED,TEST
TRD102185,2026-08-02,TCS,INE102185,TCS,750,4109.52,3082140.0,NOMURA-BROKER,EQ-CORE-01,BOOKED,2026-08-03,BUY,4109.52,750,2026-08-02,NOMURA-BROKER,RECEIVED,TRAIN
TRD102186,2026-08-02,KOTAKBANK,INE102186,KOTAKBANK,500,1955.28,977640.0,HDFC-CUST,EQ-CORE-02,BOOKED,2026-08-03,BUY,1955.28,500,2026-08-02,HDFC-CUST,RECEIVED,TRAIN
TRD102187,2026-08-11,MARUTI,INE102187,MARUTI,250,12980.08,3245020.0,DEUTSCHE-BROKER,EQ-INDEX-04,BOOKED,2026-08-12,BUY,13366.6,250,2026-08-11,DEUTSCHE-BROKER,RECEIVED,TRAIN
TRD102188,2026-08-14,LT,INE102188,LT,750,3679.86,2759895.0,MORGANSTANLEY-BROKER,EQ-CORE-01,BOOKED,2026-08-15,BUY,,,,,MISSING,TRAIN
TRD102189,2026-08-19,HDFCBANK,INE102189,HDFCBANK,100,1670.32,167032.0,DEUTSCHE-BROKER,EQ-CORE-01,BOOKED,2026-08-20,SELL,1670.32,100,2026-08-19,DEUTSCHE-BROKER,RECEIVED,TEST
TRD102190,2026-08-12,WIPRO,INE102190,WIPRO,200,610.85,122170.0,MORGANSTANLEY-BROKER,EQ-CORE-02,BOOKED,2026-08-13,SELL,610.85,200,2026-08-12,MORGANSTANLEY-BROKER,RECEIVED,TRAIN
TRD102191,2026-08-21,HDFCBANK,INE102191,HDFCBANK,250,1675.81,418952.5,NOMURA-BROKER,EQ-ALPHA-03,BOOKED,2026-08-22,SELL,1707.27,250,2026-08-21,NOMURA-BROKER,RECEIVED,TRAIN
TRD102192,2026-08-06,LT,INE102192,LT,1000,3680.55,3680550.0,HDFC-CUST,EQ-ALPHA-03,BOOKED,2026-08-07,SELL,3680.55,1000,2026-08-06,HDFC-CUST,RECEIVED,TRAIN
TRD102193,2026-08-13,HDFCBANK,INE102193,HDFCBANK,1000,1681.87,1681870.0,ICICI-CUST,EQ-ALPHA-03,BOOKED,2026-08-14,SELL,1681.87,1000,2026-08-13,ICICI-CUST,RECEIVED,TRAIN
TRD102194,2026-08-21,RELIANCE,INE102194,RELIANCE,2000,2853.45,5706900.0,NOMURA-BROKER,EQ-INDEX-04,BOOKED,2026-08-22,BUY,2853.45,2000,2026-08-21,NOMURA-BROKER,RECEIVED,TRAIN
TRD102195,2026-08-04,INFY,INE102195,INFY,200,1881.64,376328.0,NOMURA-BROKER,EQ-CORE-02,BOOKED,2026-08-05,BUY,1881.64,200,2026-08-04,NOMURA-BROKER,RECEIVED,TEST
TRD102196,2026-08-07,HINDUNILVR,INE102196,HINDUNILVR,750,2754.74,2066055.0,MORGANSTANLEY-BROKER,EQ-ALPHA-03,BOOKED,2026-08-08,SELL,2754.74,750,2026-08-07,MORGANSTANLEY-BROKER,RECEIVED,TRAIN
TRD102197,2026-08-08,ITC,INE102197,ITC,100,469.59,46959.0,MORGANSTANLEY-BROKER,EQ-ALPHA-03,BOOKED,2026-08-09,BUY,469.59,100,2026-08-08,MORGANSTANLEY-BROKER,RECEIVED,TRAIN
TRD102198,2026-08-07,LT,INE102198,LT,100,3673.15,367315.0,HDFC-CUST,EQ-ALPHA-03,BOOKED,2026-08-08,BUY,3673.15,100,2026-08-07,HDFC-CUST,RECEIVED,TRAIN
TRD102199,2026-08-15,ITC,INE102199,ITC,1500,469.93,704895.0,DEUTSCHE-BROKER,EQ-CORE-02,BOOKED,2026-08-16,SELL,469.93,1500,2026-08-15,DEUTSCHE-BROKER,RECEIVED,TRAIN
TRD102200,2026-08-08,ITC,INE102200,ITC,750,470.28,352710.0,ICICI-CUST,EQ-CORE-01,BOOKED,2026-08-09,BUY,470.28,750,2026-08-08,ICICI-CUST,RECEIVED,TEST
TRD102201,2026-08-01,MARUTI,INE102201,MARUTI,100,12995.48,1299548.0,KOTAK-CUST,EQ-CORE-01,BOOKED,2026-08-02,SELL,12995.48,100,2026-08-01,KOTAK-CUST,RECEIVED,TRAIN
TRD102202,2026-08-06,ITC,INE102202,ITC,1500,469.97,704955.0,ICICI-CUST,EQ-CORE-01,BOOKED,2026-08-07,SELL,469.97,1500,2026-08-06,ICICI-CUST,RECEIVED,TEST
TRD102203,2026-08-12,HDFCBANK,INE102203,HDFCBANK,500,1683.09,841545.0,ICICI-CUST,EQ-ALPHA-03,BOOKED,2026-08-13,SELL,1683.09,500,2026-08-12,ICICI-CUST,RECEIVED,TRAIN
TRD102204,2026-08-02,KOTAKBANK,INE102204,KOTAKBANK,100,1951.74,195174.0,ICICI-CUST,EQ-ALPHA-03,BOOKED,2026-08-03,BUY,1951.74,100,2026-08-02,ICICI-CUST,RECEIVED,TEST
TRD102205,2026-08-07,ICICIBANK,INE102205,ICICIBANK,2000,1246.14,2492280.0,ICICI-CUST,EQ-CORE-01,BOOKED,2026-08-08,SELL,1246.14,2000,2026-08-07,ICICI-CUST,RECEIVED,TRAIN
TRD102206,2026-08-08,INFY,INE102206,INFY,100,1882.98,188298.0,DEUTSCHE-BROKER,EQ-ALPHA-03,BOOKED,2026-08-09,SELL,1882.98,100,2026-08-08,DEUTSCHE-BROKER,RECEIVED,TRAIN
TRD102207,2026-08-05,RELIANCE,INE102207,RELIANCE,2000,2838.05,5676100.0,HDFC-CUST,EQ-CORE-01,BOOKED,2026-08-06,SELL,2838.05,2000,2026-08-05,HDFC-CUST,RECEIVED,TRAIN
TRD102208,2026-08-16,KOTAKBANK,INE102208,KOTAKBANK,1500,1946.51,2919765.0,DEUTSCHE-BROKER,EQ-INDEX-04,BOOKED,2026-08-17,SELL,1946.51,1500,2026-08-16,DEUTSCHE-BROKER,RECEIVED,TEST
TRD102209,2026-08-02,INFY,INE102209,INFY,100,1891.75,189175.0,NOMURA-BROKER,EQ-CORE-01,BOOKED,2026-08-03,SELL,1891.75,100,2026-08-02,NOMURA-BROKER,RECEIVED,TRAIN
TRD102210,2026-08-07,WIPRO,INE102210,WIPRO,750,611.69,458767.5,KOTAK-CUST,EQ-CORE-01,BOOKED,2026-08-08,SELL,611.69,750,2026-08-07,KOTAK-CUST,RECEIVED,TRAIN
TRD102211,2026-08-15,MARUTI,INE102211,MARUTI,500,12945.58,6472790.0,ICICI-CUST,EQ-CORE-01,BOOKED,2026-08-16,SELL,12945.58,500,2026-08-15,ICICI-CUST,RECEIVED,TRAIN
TRD102212,2026-08-02,LT,INE102212,LT,2000,3690.89,7381780.0,KOTAK-CUST,EQ-ALPHA-03,BOOKED,2026-08-03,BUY,3690.89,2000,2026-08-02,KOTAK-CUST,RECEIVED,TRAIN
TRD102213,2026-08-16,AXISBANK,INE102213,AXISBANK,1000,1179.73,1179730.0,MORGANSTANLEY-BROKER,EQ-CORE-02,BOOKED,2026-08-17,SELL,1179.73,1000,2026-08-16,MORGANSTANLEY-BROKER,RECEIVED,TRAIN
TRD102214,2026-08-18,KOTAKBANK,INE102214,KOTAKBANK,1000,1960.12,1960120.0,HDFC-CUST,EQ-ALPHA-03,BOOKED,2026-08-19,SELL,1960.12,1000,2026-08-18,HDFC-CUST,RECEIVED,TRAIN
TRD102215,2026-08-12,BHARTIARTL,INE102215,BHARTIARTL,250,1691.76,422940.0,DEUTSCHE-BROKER,EQ-ALPHA-03,BOOKED,2026-08-13,SELL,1691.76,250,2026-08-12,DEUTSCHE-BROKER,RECEIVED,TRAIN
TRD102216,2026-08-14,INFY,INE102216,INFY,2000,1893.62,3787240.0,KOTAK-CUST,EQ-INDEX-04,BOOKED,2026-08-15,BUY,1893.62,2000,2026-08-14,KOTAK-CUST,RECEIVED,TRAIN
TRD102217,2026-08-11,AXISBANK,INE102217,AXISBANK,750,1184.79,888592.5,KOTAK-CUST,EQ-INDEX-04,BOOKED,2026-08-12,SELL,1198.9,825,2026-08-11,KOTAK-CUST,RECEIVED,TEST
TRD102218,2026-08-11,HINDUNILVR,INE102218,HINDUNILVR,250,2756.3,689075.0,MORGANSTANLEY-BROKER,EQ-CORE-02,BOOKED,2026-08-12,SELL,2756.3,250,2026-08-11,MORGANSTANLEY-BROKER,RECEIVED,TEST
TRD102219,2026-08-19,LT,INE102219,LT,250,3693.07,923267.5,HDFC-CUST,EQ-CORE-02,BOOKED,2026-08-20,SELL,3693.07,250,2026-08-19,HDFC-CUST,RECEIVED,TRAIN
TRD102220,2026-08-17,TCS,INE102220,TCS,1500,4136.44,6204660.0,MORGANSTANLEY-BROKER,EQ-CORE-01,BOOKED,2026-08-18,BUY,4136.44,1500,2026-08-17,MORGANSTANLEY-BROKER,RECEIVED,TEST
TRD102221,2026-08-18,AXISBANK,INE102221,AXISBANK,100,1177.36,117736.0,NOMURA-BROKER,EQ-CORE-02,BOOKED,2026-08-19,BUY,1177.36,100,2026-08-18,NOMURA-BROKER,RECEIVED,TRAIN
TRD102222,2026-08-11,KOTAKBANK,INE102222,KOTAKBANK,1000,1955.49,1955490.0,NOMURA-BROKER,EQ-ALPHA-03,BOOKED,2026-08-12,SELL,1955.49,1000,2026-08-12,NOMURA-BROKER,RECEIVED,TRAIN
TRD102223,2026-08-12,LT,INE102223,LT,1500,3669.81,5504715.0,NOMURA-BROKER,EQ-INDEX-04,BOOKED,2026-08-13,BUY,,,,,MISSING,TRAIN
TRD102224,2026-08-07,HDFCBANK,INE102224,HDFCBANK,2000,1669.43,3338860.0,NOMURA-BROKER,EQ-CORE-01,BOOKED,2026-08-08,BUY,1669.43,2000,2026-08-07,NOMURA-BROKER,RECEIVED,TRAIN
TRD102225,2026-08-10,ITC,INE102225,ITC,250,470.85,117712.5,HDFC-CUST,EQ-INDEX-04,BOOKED,2026-08-11,SELL,470.85,350,2026-08-10,HDFC-CUST,RECEIVED,TRAIN
TRD102226,2026-08-04,MARUTI,INE102226,MARUTI,500,12985.45,6492725.0,HDFC-CUST,EQ-CORE-01,BOOKED,2026-08-05,BUY,12985.45,500,2026-08-04,HDFC-CUST,RECEIVED,TRAIN
TRD102227,2026-08-06,RELIANCE,INE102227,RELIANCE,750,2839.7,2129775.0,NOMURA-BROKER,EQ-CORE-01,BOOKED,2026-08-07,BUY,2839.7,750,2026-08-06,NOMURA-BROKER,RECEIVED,TRAIN
TRD102228,2026-08-14,ICICIBANK,INE102228,ICICIBANK,2000,1246.4,2492800.0,KOTAK-CUST,EQ-INDEX-04,BOOKED,2026-08-15,BUY,1246.4,2000,2026-08-14,KOTAK-CUST,RECEIVED,TRAIN
TRD102229,2026-08-12,WIPRO,INE102229,WIPRO,750,609.39,457042.5,HDFC-CUST,EQ-ALPHA-03,BOOKED,2026-08-13,SELL,609.39,750,2026-08-12,HDFC-CUST,RECEIVED,TRAIN
TRD102230,2026-08-19,AXISBANK,INE102230,AXISBANK,2000,1181.85,2363700.0,ICICI-CUST,EQ-INDEX-04,BOOKED,2026-08-20,BUY,1181.85,2000,2026-08-19,ICICI-CUST,RECEIVED,TRAIN
TRD102231,2026-08-09,ITC,INE102231,ITC,1000,468.2,468200.0,NOMURA-BROKER,EQ-INDEX-04,BOOKED,2026-08-10,SELL,468.2,1000,2026-08-09,NOMURA-BROKER,RECEIVED,TRAIN
TRD102232,2026-08-19,HINDUNILVR,INE102232,HINDUNILVR,200,2743.48,548696.0,MORGANSTANLEY-BROKER,EQ-ALPHA-03,BOOKED,2026-08-20,SELL,2743.48,200,2026-08-19,MORGANSTANLEY-BROKER,RECEIVED,TRAIN
TRD102233,2026-08-16,RELIANCE,INE102233,RELIANCE,1500,2837.35,4256025.0,ICICI-CUST,EQ-INDEX-04,BOOKED,2026-08-17,SELL,2837.35,1500,2026-08-16,ICICI-CUST,RECEIVED,TRAIN
TRD102234,2026-08-21,LT,INE102234,LT,200,3664.8,732960.0,ICICI-CUST,EQ-INDEX-04,BOOKED,2026-08-22,SELL,3664.8,200,2026-08-21,ICICI-CUST,RECEIVED,TRAIN
TRD102235,2026-08-16,WIPRO,INE102235,WIPRO,1000,608.77,608770.0,ICICI-CUST,EQ-ALPHA-03,BOOKED,2026-08-17,SELL,617.2,1075,2026-08-16,ICICI-CUST,RECEIVED,TRAIN
TRD102236,2026-08-14,LT,INE102236,LT,2000,3669.72,7339440.0,ICICI-CUST,EQ-CORE-01,BOOKED,2026-08-15,BUY,3669.72,2000,2026-08-14,ICICI-CUST,RECEIVED,TRAIN
TRD102237,2026-08-15,AXISBANK,INE102237,AXISBANK,100,1185.39,118539.0,ICICI-CUST,EQ-CORE-02,BOOKED,2026-08-16,SELL,1185.39,100,2026-08-15,ICICI-CUST,RECEIVED,TRAIN
TRD102238,2026-08-18,ICICIBANK,INE102238,ICICIBANK,1500,1244.54,1866810.0,NOMURA-BROKER,EQ-CORE-01,BOOKED,2026-08-19,SELL,1244.54,1500,2026-08-18,NOMURA-BROKER,RECEIVED,TRAIN
TRD102239,2026-08-16,AXISBANK,INE102239,AXISBANK,200,1182.59,236518.0,HDFC-CUST,EQ-INDEX-04,BOOKED,2026-08-17,SELL,1182.59,200,2026-08-16,HDFC-CUST,RECEIVED,TEST
TRD102240,2026-08-20,MARUTI,INE102240,MARUTI,250,12920.27,3230067.5,KOTAK-CUST,EQ-INDEX-04,BOOKED,2026-08-21,BUY,12920.27,250,2026-08-20,KOTAK-CUST,RECEIVED,TRAIN
TRD102241,2026-08-03,KOTAKBANK,INE102241,KOTAKBANK,250,1964.86,491215.0,HDFC-CUST,EQ-INDEX-04,BOOKED,2026-08-04,SELL,1964.86,250,2026-08-03,HDFC-CUST,RECEIVED,TRAIN
TRD102242,2026-08-21,HDFCBANK,INE102242,HDFCBANK,100,1673.31,167331.0,HDFC-CUST,EQ-INDEX-04,BOOKED,2026-08-22,BUY,1673.31,100,2026-08-21,HDFC-CUST,RECEIVED,TRAIN
TRD102243,2026-08-19,ICICIBANK,INE102243,ICICIBANK,250,1237.37,309342.5,DEUTSCHE-BROKER,EQ-CORE-02,BOOKED,2026-08-20,SELL,1237.37,250,2026-08-19,DEUTSCHE-BROKER,RECEIVED,TRAIN
TRD102244,2026-08-05,HINDUNILVR,INE102244,HINDUNILVR,200,2734.66,546932.0,HDFC-CUST,EQ-CORE-01,BOOKED,2026-08-06,SELL,2734.66,200,2026-08-05,HDFC-CUST,RECEIVED,TRAIN
TRD102245,2026-08-14,ITC,INE102245,ITC,1000,470.28,470280.0,ICICI-CUST,EQ-ALPHA-03,BOOKED,2026-08-15,BUY,470.28,1000,2026-08-14,ICICI-CUST,RECEIVED,TRAIN
TRD102246,2026-08-14,BHARTIARTL,INE102246,BHARTIARTL,2000,1682.51,3365020.0,MORGANSTANLEY-BROKER,EQ-INDEX-04,BOOKED,2026-08-15,BUY,1682.51,2000,2026-08-14,MORGANSTANLEY-BROKER,RECEIVED,TRAIN
TRD102247,2026-08-12,TCS,INE102247,TCS,200,4110.97,822194.0,DEUTSCHE-BROKER,EQ-INDEX-04,BOOKED,2026-08-13,BUY,4110.97,200,2026-08-12,DEUTSCHE-BROKER,RECEIVED,TRAIN
TRD102248,2026-08-06,TATASTEEL,INE102248,TATASTEEL,250,171.8,42950.0,ICICI-CUST,EQ-CORE-02,BOOKED,2026-08-07,BUY,171.8,250,2026-08-06,ICICI-CUST,RECEIVED,TEST
TRD102249,2026-08-16,ITC,INE102249,ITC,1000,469.17,469170.0,ICICI-CUST,EQ-CORE-02,BOOKED,2026-08-17,SELL,469.17,1000,2026-08-16,ICICI-CUST,RECEIVED,TRAIN
TRD102250,2026-08-05,TCS,INE102250,TCS,100,4109.72,410972.0,KOTAK-CUST,EQ-CORE-02,BOOKED,2026-08-06,SELL,4109.72,100,2026-08-05,KOTAK-CUST,RECEIVED,TRAIN
TRD102251,2026-08-01,RELIANCE,INE102251,RELIANCE,1000,2837.96,2837960.0,ICICI-CUST,EQ-ALPHA-03,BOOKED,2026-08-02,BUY,2837.96,1000,2026-08-01,ICICI-CUST,RECEIVED,TEST
TRD102252,2026-08-08,ICICIBANK,INE102252,ICICIBANK,250,1238.56,309640.0,DEUTSCHE-BROKER,EQ-CORE-02,BOOKED,2026-08-09,BUY,1238.56,250,2026-08-08,DEUTSCHE-BROKER,RECEIVED,TRAIN
TRD102253,2026-08-07,KOTAKBANK,INE102253,KOTAKBANK,2000,1955.28,3910560.0,ICICI-CUST,EQ-CORE-02,BOOKED,2026-08-08,SELL,1955.28,1900,2026-08-07,ICICI-CUST,RECEIVED,TEST
TRD102254,2026-08-05,LT,INE102254,LT,200,3667.13,733426.0,MORGANSTANLEY-BROKER,EQ-CORE-02,BOOKED,2026-08-06,BUY,3667.13,200,2026-08-05,MORGANSTANLEY-BROKER,RECEIVED,TRAIN
TRD102255,2026-08-08,ITC,INE102255,ITC,200,469.21,93842.0,NOMURA-BROKER,EQ-INDEX-04,BOOKED,2026-08-09,SELL,469.21,200,2026-08-08,NOMURA-BROKER,RECEIVED,TRAIN
TRD102256,2026-08-14,HDFCBANK,INE102256,HDFCBANK,750,1673.63,1255222.5,ICICI-CUST,EQ-ALPHA-03,BOOKED,2026-08-15,SELL,1710.58,750,2026-08-14,ICICI-CUST,RECEIVED,TRAIN
TRD102257,2026-08-12,RELIANCE,INE102257,RELIANCE,500,2855.39,1427695.0,DEUTSCHE-BROKER,EQ-INDEX-04,BOOKED,2026-08-13,BUY,2855.39,500,2026-08-12,DEUTSCHE-BROKER,RECEIVED,TRAIN
TRD102258,2026-08-17,WIPRO,INE102258,WIPRO,250,610.22,152555.0,DEUTSCHE-BROKER,EQ-CORE-02,BOOKED,2026-08-18,BUY,610.22,250,2026-08-17,DEUTSCHE-BROKER,RECEIVED,TEST
TRD102259,2026-08-03,AXISBANK,INE102259,AXISBANK,750,1180.22,885165.0,DEUTSCHE-BROKER,EQ-CORE-01,BOOKED,2026-08-04,SELL,1180.22,750,2026-08-03,DEUTSCHE-BROKER,RECEIVED,TRAIN
TRD102260,2026-08-05,TCS,INE102260,TCS,200,4129.18,825836.0,NOMURA-BROKER,EQ-CORE-01,BOOKED,2026-08-06,SELL,4129.18,200,2026-08-05,NOMURA-BROKER,RECEIVED,TRAIN
TRD102261,2026-08-21,ICICIBANK,INE102261,ICICIBANK,1500,1238.08,1857120.0,KOTAK-CUST,EQ-ALPHA-03,BOOKED,2026-08-22,SELL,1238.08,1500,2026-08-21,KOTAK-CUST,RECEIVED,TRAIN
TRD102262,2026-08-16,TATASTEEL,INE102262,TATASTEEL,750,173.06,129795.0,MORGANSTANLEY-BROKER,EQ-INDEX-04,BOOKED,2026-08-17,SELL,173.06,750,2026-08-16,MORGANSTANLEY-BROKER,RECEIVED,TRAIN
TRD102263,2026-08-03,HINDUNILVR,INE102263,HINDUNILVR,250,2744.76,686190.0,NOMURA-BROKER,EQ-INDEX-04,BOOKED,2026-08-04,SELL,2744.76,250,2026-08-03,NOMURA-BROKER,RECEIVED,TRAIN
TRD102264,2026-08-09,LT,INE102264,LT,200,3671.01,734202.0,KOTAK-CUST,EQ-ALPHA-03,BOOKED,2026-08-10,BUY,3671.01,200,2026-08-09,KOTAK-CUST,RECEIVED,TRAIN
TRD102265,2026-08-19,SBIN,INE102265,SBIN,1000,849.04,849040.0,HDFC-CUST,EQ-ALPHA-03,BOOKED,2026-08-20,SELL,849.04,1000,2026-08-19,HDFC-CUST,RECEIVED,TRAIN
TRD102266,2026-08-14,HDFCBANK,INE102266,HDFCBANK,1000,1675.5,1675500.0,KOTAK-CUST,EQ-ALPHA-03,BOOKED,2026-08-15,SELL,1675.5,1000,2026-08-14,KOTAK-CUST,RECEIVED,TRAIN
TRD102267,2026-08-05,KOTAKBANK,INE102267,KOTAKBANK,500,1960.95,980475.0,NOMURA-BROKER,EQ-ALPHA-03,BOOKED,2026-08-06,BUY,1960.95,500,2026-08-05,NOMURA-BROKER,RECEIVED,TRAIN
TRD102268,2026-08-18,KOTAKBANK,INE102268,KOTAKBANK,1000,1959.86,1959860.0,KOTAK-CUST,EQ-CORE-02,BOOKED,2026-08-19,SELL,1959.86,1000,2026-08-18,KOTAK-CUST,RECEIVED,TRAIN
TRD102269,2026-08-10,AXISBANK,INE102269,AXISBANK,250,1175.73,293932.5,NOMURA-BROKER,EQ-CORE-02,BOOKED,2026-08-11,BUY,1175.73,250,2026-08-10,HDFC-CUST,RECEIVED,TRAIN
TRD102270,2026-08-21,AXISBANK,INE102270,AXISBANK,1000,1176.51,1176510.0,DEUTSCHE-BROKER,EQ-ALPHA-03,BOOKED,2026-08-22,BUY,1176.51,1000,2026-08-21,DEUTSCHE-BROKER,RECEIVED,TEST
TRD102271,2026-08-19,BHARTIARTL,INE102271,BHARTIARTL,2000,1694.07,3388140.0,DEUTSCHE-BROKER,EQ-ALPHA-03,BOOKED,2026-08-20,BUY,1694.07,2000,2026-08-19,DEUTSCHE-BROKER,RECEIVED,TRAIN
TRD102272,2026-08-13,ICICIBANK,INE102272,ICICIBANK,200,1237.73,247546.0,MORGANSTANLEY-BROKER,EQ-INDEX-04,BOOKED,2026-08-14,BUY,1237.73,200,2026-08-13,MORGANSTANLEY-BROKER,RECEIVED,TRAIN
TRD102273,2026-08-09,TCS,INE102273,TCS,500,4133.61,2066805.0,DEUTSCHE-BROKER,EQ-INDEX-04,BOOKED,2026-08-10,SELL,4133.61,500,2026-08-09,DEUTSCHE-BROKER,RECEIVED,TRAIN
TRD102274,2026-08-02,LT,INE102274,LT,1500,3669.08,5503620.0,DEUTSCHE-BROKER,EQ-INDEX-04,BOOKED,2026-08-03,BUY,3669.08,1500,2026-08-02,DEUTSCHE-BROKER,RECEIVED,TRAIN
TRD102275,2026-08-04,ITC,INE102275,ITC,1500,468.37,702555.0,HDFC-CUST,EQ-CORE-02,BOOKED,2026-08-05,BUY,468.37,1550,2026-08-04,HDFC-CUST,RECEIVED,TRAIN
TRD102276,2026-08-03,SBIN,INE102276,SBIN,100,841.72,84172.0,KOTAK-CUST,EQ-CORE-01,BOOKED,2026-08-04,SELL,841.72,100,2026-08-03,KOTAK-CUST,RECEIVED,TEST
TRD102277,2026-08-14,INFY,INE102277,INFY,200,1898.35,379670.0,HDFC-CUST,EQ-CORE-01,BOOKED,2026-08-15,BUY,1898.35,200,2026-08-14,HDFC-CUST,RECEIVED,TRAIN
TRD102278,2026-08-20,RELIANCE,INE102278,RELIANCE,200,2845.87,569174.0,NOMURA-BROKER,EQ-ALPHA-03,BOOKED,2026-08-21,SELL,2845.87,200,2026-08-20,NOMURA-BROKER,RECEIVED,TRAIN
TRD102279,2026-08-20,BHARTIARTL,INE102279,BHARTIARTL,500,1685.84,842920.0,MORGANSTANLEY-BROKER,EQ-ALPHA-03,BOOKED,2026-08-21,SELL,1685.84,500,2026-08-20,MORGANSTANLEY-BROKER,RECEIVED,TRAIN
TRD102280,2026-08-18,MARUTI,INE102280,MARUTI,500,12934.79,6467395.0,MORGANSTANLEY-BROKER,EQ-ALPHA-03,BOOKED,2026-08-19,BUY,12934.79,500,2026-08-18,MORGANSTANLEY-BROKER,RECEIVED,TEST
TRD102281,2026-08-20,INFY,INE102281,INFY,1500,1884.69,2827035.0,ICICI-CUST,EQ-CORE-02,BOOKED,2026-08-21,BUY,1884.69,1500,2026-08-20,KOTAK-CUST,RECEIVED,TEST
TRD102282,2026-08-04,AXISBANK,INE102282,AXISBANK,750,1183.9,887925.0,ICICI-CUST,EQ-CORE-02,BOOKED,2026-08-05,SELL,,,,,MISSING,TRAIN
TRD102283,2026-08-06,HDFCBANK,INE102283,HDFCBANK,500,1674.52,837260.0,HDFC-CUST,EQ-CORE-02,BOOKED,2026-08-07,SELL,1674.52,500,2026-08-06,HDFC-CUST,RECEIVED,TRAIN
TRD102284,2026-08-10,TCS,INE102284,TCS,100,4109.99,410999.0,DEUTSCHE-BROKER,EQ-INDEX-04,BOOKED,2026-08-11,SELL,4109.99,100,2026-08-10,DEUTSCHE-BROKER,RECEIVED,TRAIN
TRD102285,2026-08-03,HDFCBANK,INE102285,HDFCBANK,500,1668.51,834255.0,DEUTSCHE-BROKER,EQ-INDEX-04,BOOKED,2026-08-04,SELL,1668.51,500,2026-08-03,DEUTSCHE-BROKER,RECEIVED,TRAIN
TRD102286,2026-08-13,INFY,INE102286,INFY,1500,1896.93,2845395.0,ICICI-CUST,EQ-ALPHA-03,BOOKED,2026-08-14,BUY,1896.93,1500,2026-08-13,ICICI-CUST,RECEIVED,TEST
TRD102287,2026-08-17,TATASTEEL,INE102287,TATASTEEL,2000,172.34,344680.0,KOTAK-CUST,EQ-ALPHA-03,BOOKED,2026-08-18,BUY,172.34,2200,2026-08-17,KOTAK-CUST,RECEIVED,TRAIN
TRD102288,2026-08-20,ITC,INE102288,ITC,1500,470.49,705735.0,HDFC-CUST,EQ-ALPHA-03,BOOKED,2026-08-21,BUY,470.49,1500,2026-08-20,HDFC-CUST,RECEIVED,TEST
TRD102289,2026-08-13,WIPRO,INE102289,WIPRO,200,610.97,122194.0,HDFC-CUST,EQ-INDEX-04,BOOKED,2026-08-14,BUY,610.97,200,2026-08-13,HDFC-CUST,RECEIVED,TEST
TRD102290,2026-08-09,HDFCBANK,INE102290,HDFCBANK,1000,1672.74,1672740.0,HDFC-CUST,EQ-ALPHA-03,BOOKED,2026-08-10,BUY,1672.74,1000,2026-08-09,HDFC-CUST,RECEIVED,TEST
TRD102291,2026-08-19,BHARTIARTL,INE102291,BHARTIARTL,2000,1698.19,3396380.0,HDFC-CUST,EQ-CORE-01,BOOKED,2026-08-20,SELL,1698.19,2000,2026-08-19,HDFC-CUST,RECEIVED,TRAIN
TRD102292,2026-08-12,WIPRO,INE102292,WIPRO,100,609.67,60967.0,KOTAK-CUST,EQ-INDEX-04,BOOKED,2026-08-13,BUY,609.67,100,2026-08-12,KOTAK-CUST,RECEIVED,TRAIN
TRD102293,2026-08-14,ITC,INE102293,ITC,1500,469.95,704925.0,ICICI-CUST,EQ-INDEX-04,BOOKED,2026-08-15,SELL,469.95,1500,2026-08-14,ICICI-CUST,RECEIVED,TRAIN
TRD102294,2026-08-09,SBIN,INE102294,SBIN,500,843.65,421825.0,DEUTSCHE-BROKER,EQ-CORE-02,BOOKED,2026-08-10,BUY,843.65,500,2026-08-09,DEUTSCHE-BROKER,RECEIVED,TRAIN
TRD102295,2026-08-13,HDFCBANK,INE102295,HDFCBANK,500,1680.99,840495.0,KOTAK-CUST,EQ-CORE-01,BOOKED,2026-08-14,BUY,1680.99,500,2026-08-13,KOTAK-CUST,RECEIVED,TRAIN
TRD102296,2026-08-18,TCS,INE102296,TCS,250,4103.95,1025987.5,ICICI-CUST,EQ-ALPHA-03,BOOKED,2026-08-19,BUY,4103.95,250,2026-08-18,ICICI-CUST,RECEIVED,TRAIN
TRD102297,2026-08-10,LT,INE102297,LT,750,3678.42,2758815.0,HDFC-CUST,EQ-INDEX-04,BOOKED,2026-08-11,SELL,3678.42,750,2026-08-10,HDFC-CUST,RECEIVED,TRAIN
TRD102298,2026-08-10,MARUTI,INE102298,MARUTI,250,12944.84,3236210.0,HDFC-CUST,EQ-CORE-01,BOOKED,2026-08-11,BUY,12944.84,250,2026-08-10,HDFC-CUST,RECEIVED,TRAIN
TRD102299,2026-08-19,MARUTI,INE102299,MARUTI,200,12995.7,2599140.0,NOMURA-BROKER,EQ-CORE-02,BOOKED,2026-08-20,SELL,12995.7,200,2026-08-19,NOMURA-BROKER,RECEIVED,TEST
TRD102300,2026-08-06,LT,INE102300,LT,2000,3696.42,7392840.0,HDFC-CUST,EQ-CORE-01,BOOKED,2026-08-07,BUY,3696.42,2000,2026-08-06,HDFC-CUST,RECEIVED,TEST
TRD102301,2026-08-04,AXISBANK,INE102301,AXISBANK,200,1175.14,235028.0,KOTAK-CUST,EQ-CORE-02,BOOKED,2026-08-05,BUY,1175.14,200,2026-08-04,KOTAK-CUST,RECEIVED,TRAIN
TRD102302,2026-08-12,HINDUNILVR,INE102302,HINDUNILVR,2000,2747.07,5494140.0,NOMURA-BROKER,EQ-CORE-02,BOOKED,2026-08-13,BUY,2747.07,2000,2026-08-12,NOMURA-BROKER,RECEIVED,TRAIN
TRD102303,2026-08-01,LT,INE102303,LT,250,3670.79,917697.5,KOTAK-CUST,EQ-CORE-02,BOOKED,2026-08-02,SELL,3670.79,250,2026-08-01,KOTAK-CUST,RECEIVED,TRAIN
TRD102304,2026-08-02,LT,INE102304,LT,100,3680.18,368018.0,DEUTSCHE-BROKER,EQ-CORE-02,BOOKED,2026-08-03,BUY,3680.18,100,2026-08-02,HDFC-CUST,RECEIVED,TRAIN
TRD102305,2026-08-05,RELIANCE,INE102305,RELIANCE,2000,2840.69,5681380.0,HDFC-CUST,EQ-ALPHA-03,BOOKED,2026-08-06,SELL,2840.69,2000,2026-08-05,HDFC-CUST,RECEIVED,TRAIN
TRD102306,2026-08-04,ITC,INE102306,ITC,500,468.69,234345.0,NOMURA-BROKER,EQ-CORE-02,BOOKED,2026-08-05,BUY,468.69,500,2026-08-04,NOMURA-BROKER,RECEIVED,TRAIN
TRD102307,2026-08-13,KOTAKBANK,INE102307,KOTAKBANK,100,1947.23,194723.0,HDFC-CUST,EQ-CORE-01,BOOKED,2026-08-14,SELL,1947.23,1,2026-08-13,HDFC-CUST,RECEIVED,TEST
TRD102308,2026-08-13,ITC,INE102308,ITC,2000,469.73,939460.0,MORGANSTANLEY-BROKER,EQ-INDEX-04,BOOKED,2026-08-14,SELL,469.73,2000,2026-08-13,MORGANSTANLEY-BROKER,RECEIVED,TEST
TRD102309,2026-08-19,KOTAKBANK,INE102309,KOTAKBANK,1000,1961.3,1961300.0,NOMURA-BROKER,EQ-INDEX-04,BOOKED,2026-08-20,SELL,1961.3,1000,2026-08-19,NOMURA-BROKER,RECEIVED,TRAIN
TRD102310,2026-08-16,LT,INE102310,LT,1500,3667.89,5501835.0,HDFC-CUST,EQ-CORE-01,BOOKED,2026-08-17,BUY,3667.89,1500,2026-08-16,HDFC-CUST,RECEIVED,TRAIN
TRD102311,2026-08-04,TCS,INE102311,TCS,1000,4134.84,4134840.0,MORGANSTANLEY-BROKER,EQ-INDEX-04,BOOKED,2026-08-05,SELL,4134.84,1000,2026-08-04,MORGANSTANLEY-BROKER,RECEIVED,TRAIN
TRD102312,2026-08-11,BHARTIARTL,INE102312,BHARTIARTL,750,1688.26,1266195.0,DEUTSCHE-BROKER,EQ-CORE-02,BOOKED,2026-08-12,BUY,1688.26,750,2026-08-11,DEUTSCHE-BROKER,RECEIVED,TRAIN
TRD102313,2026-08-05,HDFCBANK,INE102313,HDFCBANK,1500,1679.81,2519715.0,DEUTSCHE-BROKER,EQ-CORE-02,BOOKED,2026-08-06,SELL,1679.81,1500,2026-08-05,DEUTSCHE-BROKER,RECEIVED,TRAIN
TRD102314,2026-08-08,BHARTIARTL,INE102314,BHARTIARTL,500,1684.35,842175.0,DEUTSCHE-BROKER,EQ-ALPHA-03,BOOKED,2026-08-09,SELL,1684.35,500,2026-08-09,DEUTSCHE-BROKER,RECEIVED,TRAIN
TRD102315,2026-08-12,BHARTIARTL,INE102315,BHARTIARTL,2000,1694.0,3388000.0,HDFC-CUST,EQ-INDEX-04,BOOKED,2026-08-13,BUY,1714.21,2075,2026-08-12,HDFC-CUST,RECEIVED,TRAIN
TRD102316,2026-08-05,BHARTIARTL,INE102316,BHARTIARTL,100,1686.1,168610.0,NOMURA-BROKER,EQ-CORE-01,BOOKED,2026-08-06,SELL,1686.1,100,2026-08-05,NOMURA-BROKER,RECEIVED,TRAIN
TRD102317,2026-08-13,SBIN,INE102317,SBIN,100,844.34,84434.0,NOMURA-BROKER,EQ-INDEX-04,BOOKED,2026-08-14,BUY,844.34,100,2026-08-13,NOMURA-BROKER,RECEIVED,TRAIN
TRD102318,2026-08-17,AXISBANK,INE102318,AXISBANK,750,1178.54,883905.0,MORGANSTANLEY-BROKER,EQ-INDEX-04,BOOKED,2026-08-18,BUY,1178.54,750,2026-08-17,MORGANSTANLEY-BROKER,RECEIVED,TRAIN
TRD102319,2026-08-11,TATASTEEL,INE102319,TATASTEEL,2000,171.7,343400.0,HDFC-CUST,EQ-ALPHA-03,BOOKED,2026-08-12,BUY,171.7,2000,2026-08-11,HDFC-CUST,RECEIVED,TRAIN
TRD102320,2026-08-18,RELIANCE,INE102320,RELIANCE,200,2840.41,568082.0,KOTAK-CUST,EQ-CORE-01,BOOKED,2026-08-19,BUY,2840.41,200,2026-08-19,KOTAK-CUST,RECEIVED,TEST
TRD102321,2026-08-12,LT,INE102321,LT,500,3684.96,1842480.0,ICICI-CUST,EQ-INDEX-04,BOOKED,2026-08-13,SELL,3684.96,500,2026-08-12,ICICI-CUST,RECEIVED,TRAIN
TRD102322,2026-08-11,SBIN,INE102322,SBIN,2000,844.31,1688620.0,KOTAK-CUST,EQ-ALPHA-03,BOOKED,2026-08-12,BUY,844.31,2000,2026-08-11,KOTAK-CUST,RECEIVED,TRAIN
TRD102323,2026-08-16,HINDUNILVR,INE102323,HINDUNILVR,200,2756.13,551226.0,DEUTSCHE-BROKER,EQ-CORE-01,BOOKED,2026-08-17,BUY,2756.13,200,2026-08-16,DEUTSCHE-BROKER,RECEIVED,TRAIN
TRD102324,2026-08-15,INFY,INE102324,INFY,1500,1887.09,2830635.0,NOMURA-BROKER,EQ-ALPHA-03,BOOKED,2026-08-16,BUY,1887.09,1500,2026-08-15,NOMURA-BROKER,RECEIVED,TRAIN
TRD102325,2026-08-13,INFY,INE102325,INFY,500,1882.61,941305.0,KOTAK-CUST,EQ-INDEX-04,BOOKED,2026-08-14,BUY,1882.61,500,2026-08-14,KOTAK-CUST,RECEIVED,TRAIN
TRD102326,2026-08-05,RELIANCE,INE102326,RELIANCE,100,2844.88,284488.0,HDFC-CUST,EQ-INDEX-04,BOOKED,2026-08-06,BUY,2844.88,100,2026-08-05,HDFC-CUST,RECEIVED,TRAIN
TRD102327,2026-08-19,BHARTIARTL,INE102327,BHARTIARTL,250,1689.16,422290.0,KOTAK-CUST,EQ-CORE-02,BOOKED,2026-08-20,BUY,1689.16,250,2026-08-19,KOTAK-CUST,RECEIVED,TRAIN
TRD102328,2026-08-09,TCS,INE102328,TCS,250,4135.54,1033885.0,NOMURA-BROKER,EQ-INDEX-04,BOOKED,2026-08-10,BUY,4135.54,250,2026-08-09,NOMURA-BROKER,RECEIVED,TRAIN
TRD102329,2026-08-06,HDFCBANK,INE102329,HDFCBANK,2000,1682.15,3364300.0,NOMURA-BROKER,EQ-INDEX-04,BOOKED,2026-08-07,BUY,1682.15,2000,2026-08-06,NOMURA-BROKER,RECEIVED,TRAIN
TRD102330,2026-08-11,TCS,INE102330,TCS,2000,4133.59,8267180.0,MORGANSTANLEY-BROKER,EQ-ALPHA-03,BOOKED,2026-08-12,SELL,4133.59,2000,2026-08-11,MORGANSTANLEY-BROKER,RECEIVED,TEST
TRD102331,2026-08-11,ICICIBANK,INE102331,ICICIBANK,1000,1242.43,1242430.0,MORGANSTANLEY-BROKER,EQ-CORE-02,BOOKED,2026-08-12,SELL,1242.43,1000,2026-08-11,MORGANSTANLEY-BROKER,RECEIVED,TRAIN
TRD102332,2026-08-01,HINDUNILVR,INE102332,HINDUNILVR,500,2738.08,1369040.0,DEUTSCHE-BROKER,EQ-INDEX-04,BOOKED,2026-08-02,SELL,2738.08,500,2026-08-01,DEUTSCHE-BROKER,RECEIVED,TRAIN
TRD102333,2026-08-13,SBIN,INE102333,SBIN,750,845.59,634192.5,ICICI-CUST,EQ-ALPHA-03,BOOKED,2026-08-14,SELL,860.1,825,2026-08-13,ICICI-CUST,RECEIVED,TRAIN
TRD102334,2026-08-08,TCS,INE102334,TCS,250,4123.02,1030755.0,HDFC-CUST,EQ-INDEX-04,BOOKED,2026-08-09,BUY,4123.02,250,2026-08-08,HDFC-CUST,RECEIVED,TRAIN
TRD102335,2026-08-17,TATASTEEL,INE102335,TATASTEEL,200,172.79,34558.0,KOTAK-CUST,EQ-INDEX-04,BOOKED,2026-08-18,SELL,172.79,200,2026-08-17,KOTAK-CUST,RECEIVED,TEST
TRD102336,2026-08-08,BHARTIARTL,INE102336,BHARTIARTL,1000,1687.0,1687000.0,HDFC-CUST,EQ-INDEX-04,BOOKED,2026-08-09,BUY,1716.52,1075,2026-08-08,HDFC-CUST,RECEIVED,TRAIN
TRD102337,2026-08-02,HINDUNILVR,INE102337,HINDUNILVR,1000,2757.3,2757300.0,DEUTSCHE-BROKER,EQ-INDEX-04,BOOKED,2026-08-03,SELL,2757.3,1000,2026-08-02,DEUTSCHE-BROKER,RECEIVED,TRAIN
TRD102338,2026-08-01,INFY,INE102338,INFY,1500,1889.79,2834685.0,KOTAK-CUST,EQ-ALPHA-03,BOOKED,2026-08-02,BUY,1889.79,1500,2026-08-01,KOTAK-CUST,RECEIVED,TEST
TRD102339,2026-08-16,ICICIBANK,INE102339,ICICIBANK,500,1240.63,620315.0,DEUTSCHE-BROKER,EQ-CORE-02,BOOKED,2026-08-17,SELL,1240.63,500,2026-08-16,DEUTSCHE-BROKER,RECEIVED,TRAIN
TRD102340,2026-08-20,BHARTIARTL,INE102340,BHARTIARTL,500,1686.79,843395.0,HDFC-CUST,EQ-ALPHA-03,BOOKED,2026-08-21,BUY,1686.79,500,2026-08-20,HDFC-CUST,RECEIVED,TRAIN
TRD102341,2026-08-03,AXISBANK,INE102341,AXISBANK,1000,1181.35,1181350.0,ICICI-CUST,EQ-CORE-01,BOOKED,2026-08-04,BUY,1181.35,900,2026-08-03,ICICI-CUST,RECEIVED,TEST
TRD102342,2026-08-14,HINDUNILVR,INE102342,HINDUNILVR,100,2735.99,273599.0,DEUTSCHE-BROKER,EQ-CORE-01,BOOKED,2026-08-15,BUY,2735.99,100,2026-08-14,DEUTSCHE-BROKER,RECEIVED,TRAIN
TRD102343,2026-08-02,RELIANCE,INE102343,RELIANCE,100,2849.68,284968.0,HDFC-CUST,EQ-ALPHA-03,BOOKED,2026-08-03,SELL,2849.68,100,2026-08-02,HDFC-CUST,RECEIVED,TRAIN
TRD102344,2026-08-03,KOTAKBANK,INE102344,KOTAKBANK,1000,1958.95,1958950.0,ICICI-CUST,EQ-CORE-02,BOOKED,2026-08-04,SELL,1958.95,1000,2026-08-03,ICICI-CUST,RECEIVED,TRAIN
TRD102345,2026-08-19,SBIN,INE102345,SBIN,200,841.7,168340.0,ICICI-CUST,EQ-CORE-01,BOOKED,2026-08-20,BUY,,,,,MISSING,TRAIN
TRD102346,2026-08-13,MARUTI,INE102346,MARUTI,500,13017.58,6508790.0,DEUTSCHE-BROKER,EQ-CORE-01,BOOKED,2026-08-14,SELL,13017.58,500,2026-08-14,DEUTSCHE-BROKER,RECEIVED,TRAIN
TRD102347,2026-08-17,AXISBANK,INE102347,AXISBANK,750,1181.61,886207.5,ICICI-CUST,EQ-ALPHA-03,BOOKED,2026-08-18,BUY,1181.61,750,2026-08-17,ICICI-CUST,RECEIVED,TRAIN
TRD102348,2026-08-09,TCS,INE102348,TCS,2000,4125.12,8250240.0,HDFC-CUST,EQ-CORE-01,BOOKED,2026-08-10,SELL,4125.12,2000,2026-08-09,HDFC-CUST,RECEIVED,TRAIN
TRD102349,2026-08-02,AXISBANK,INE102349,AXISBANK,500,1182.48,591240.0,DEUTSCHE-BROKER,EQ-ALPHA-03,BOOKED,2026-08-03,BUY,1182.48,500,2026-08-02,DEUTSCHE-BROKER,RECEIVED,TRAIN
TRD102350,2026-08-12,WIPRO,INE102350,WIPRO,2000,612.24,1224480.0,MORGANSTANLEY-BROKER,EQ-ALPHA-03,BOOKED,2026-08-13,SELL,612.24,2000,2026-08-12,MORGANSTANLEY-BROKER,RECEIVED,TRAIN
TRD102351,2026-08-08,KOTAKBANK,INE102351,KOTAKBANK,1500,1954.1,2931150.0,KOTAK-CUST,EQ-ALPHA-03,BOOKED,2026-08-09,BUY,1954.1,1500,2026-08-08,KOTAK-CUST,RECEIVED,TRAIN
TRD102352,2026-08-05,HDFCBANK,INE102352,HDFCBANK,2000,1669.32,3338640.0,ICICI-CUST,EQ-CORE-01,BOOKED,2026-08-06,BUY,1669.32,2000,2026-08-05,HDFC-CUST,RECEIVED,TRAIN
TRD102353,2026-08-15,AXISBANK,INE102353,AXISBANK,200,1176.09,235218.0,HDFC-CUST,EQ-CORE-02,BOOKED,2026-08-16,BUY,1176.09,200,2026-08-15,HDFC-CUST,RECEIVED,TEST
TRD102354,2026-08-19,ICICIBANK,INE102354,ICICIBANK,1000,1243.13,1243130.0,HDFC-CUST,EQ-INDEX-04,BOOKED,2026-08-20,SELL,1243.13,1000,2026-08-19,HDFC-CUST,RECEIVED,TRAIN
TRD102355,2026-08-18,BHARTIARTL,INE102355,BHARTIARTL,200,1697.67,339534.0,NOMURA-BROKER,EQ-ALPHA-03,BOOKED,2026-08-19,BUY,1697.67,200,2026-08-18,NOMURA-BROKER,RECEIVED,TEST
TRD102356,2026-08-12,TATASTEEL,INE102356,TATASTEEL,2000,172.72,345440.0,HDFC-CUST,EQ-INDEX-04,BOOKED,2026-08-13,BUY,172.72,2000,2026-08-12,HDFC-CUST,RECEIVED,TRAIN
TRD102357,2026-08-09,SBIN,INE102357,SBIN,200,841.79,168358.0,DEUTSCHE-BROKER,EQ-CORE-02,BOOKED,2026-08-10,SELL,841.79,200,2026-08-09,DEUTSCHE-BROKER,RECEIVED,TRAIN
TRD102358,2026-08-11,ITC,INE102358,ITC,1500,470.23,705345.0,DEUTSCHE-BROKER,EQ-CORE-02,BOOKED,2026-08-12,SELL,470.23,1500,2026-08-11,DEUTSCHE-BROKER,RECEIVED,TEST
TRD102359,2026-08-19,WIPRO,INE102359,WIPRO,1500,611.32,916980.0,NOMURA-BROKER,EQ-CORE-02,BOOKED,2026-08-20,BUY,611.32,1500,2026-08-19,NOMURA-BROKER,RECEIVED,TRAIN
TRD102360,2026-08-14,MARUTI,INE102360,MARUTI,250,13038.97,3259742.5,ICICI-CUST,EQ-INDEX-04,BOOKED,2026-08-15,SELL,13038.97,250,2026-08-14,MORGANSTANLEY-BROKER,RECEIVED,TRAIN
TRD102361,2026-08-08,INFY,INE102361,INFY,100,1897.56,189756.0,MORGANSTANLEY-BROKER,EQ-INDEX-04,BOOKED,2026-08-09,SELL,1897.56,100,2026-08-08,MORGANSTANLEY-BROKER,RECEIVED,TRAIN
TRD102362,2026-08-14,TATASTEEL,INE102362,TATASTEEL,500,172.83,86415.0,ICICI-CUST,EQ-CORE-01,BOOKED,2026-08-15,SELL,172.83,500,2026-08-14,ICICI-CUST,RECEIVED,TRAIN
TRD102363,2026-08-12,WIPRO,INE102363,WIPRO,1000,612.18,612180.0,KOTAK-CUST,EQ-CORE-01,BOOKED,2026-08-13,BUY,612.18,1000,2026-08-12,KOTAK-CUST,RECEIVED,TRAIN
TRD102364,2026-08-11,ITC,INE102364,ITC,500,467.55,233775.0,NOMURA-BROKER,EQ-ALPHA-03,BOOKED,2026-08-12,SELL,467.55,500,2026-08-11,NOMURA-BROKER,RECEIVED,TRAIN
TRD102365,2026-08-02,TATASTEEL,INE102365,TATASTEEL,500,172.34,86170.0,DEUTSCHE-BROKER,EQ-ALPHA-03,BOOKED,2026-08-03,SELL,174.42,575,2026-08-02,DEUTSCHE-BROKER,RECEIVED,TRAIN
TRD102366,2026-08-14,RELIANCE,INE102366,RELIANCE,750,2845.73,2134297.5,MORGANSTANLEY-BROKER,EQ-CORE-01,BOOKED,2026-08-15,SELL,2845.73,750,2026-08-14,MORGANSTANLEY-BROKER,RECEIVED,TEST
TRD102367,2026-08-20,MARUTI,INE102367,MARUTI,1500,13035.69,19553535.0,MORGANSTANLEY-BROKER,EQ-CORE-02,BOOKED,2026-08-21,SELL,13035.69,1500,2026-08-20,MORGANSTANLEY-BROKER,RECEIVED,TEST
TRD102368,2026-08-10,MARUTI,INE102368,MARUTI,500,12973.42,6486710.0,NOMURA-BROKER,EQ-CORE-01,BOOKED,2026-08-11,BUY,12973.42,500,2026-08-10,NOMURA-BROKER,RECEIVED,TEST
TRD102369,2026-08-01,KOTAKBANK,INE102369,KOTAKBANK,750,1953.64,1465230.0,MORGANSTANLEY-BROKER,EQ-CORE-02,BOOKED,2026-08-02,BUY,1953.64,750,2026-08-01,DEUTSCHE-BROKER,RECEIVED,TRAIN
TRD102370,2026-08-01,HDFCBANK,INE102370,HDFCBANK,2000,1670.83,3341660.0,DEUTSCHE-BROKER,EQ-CORE-01,BOOKED,2026-08-02,BUY,1670.83,2000,2026-08-01,DEUTSCHE-BROKER,RECEIVED,TRAIN
TRD102371,2026-08-18,HINDUNILVR,INE102371,HINDUNILVR,750,2746.57,2059927.5,DEUTSCHE-BROKER,EQ-CORE-01,BOOKED,2026-08-19,SELL,2746.57,750,2026-08-18,DEUTSCHE-BROKER,RECEIVED,TEST
TRD102372,2026-08-19,HINDUNILVR,INE102372,HINDUNILVR,100,2745.51,274551.0,HDFC-CUST,EQ-ALPHA-03,BOOKED,2026-08-20,BUY,2745.51,100,2026-08-19,HDFC-CUST,RECEIVED,TRAIN
TRD102373,2026-08-13,MARUTI,INE102373,MARUTI,500,13035.25,6517625.0,MORGANSTANLEY-BROKER,EQ-ALPHA-03,BOOKED,2026-08-14,BUY,13035.25,500,2026-08-13,MORGANSTANLEY-BROKER,RECEIVED,TRAIN
TRD102374,2026-08-14,LT,INE102374,LT,500,3662.27,1831135.0,ICICI-CUST,EQ-ALPHA-03,BOOKED,2026-08-15,BUY,3662.27,500,2026-08-14,ICICI-CUST,RECEIVED,TRAIN
TRD102375,2026-08-09,ITC,INE102375,ITC,100,467.02,46702.0,HDFC-CUST,EQ-ALPHA-03,BOOKED,2026-08-10,SELL,467.02,100,2026-08-09,HDFC-CUST,RECEIVED,TEST
TRD102376,2026-08-07,BHARTIARTL,INE102376,BHARTIARTL,250,1697.26,424315.0,NOMURA-BROKER,EQ-CORE-02,BOOKED,2026-08-08,SELL,1697.26,250,2026-08-07,NOMURA-BROKER,RECEIVED,TRAIN
TRD102377,2026-08-18,TCS,INE102377,TCS,750,4112.9,3084675.0,NOMURA-BROKER,EQ-CORE-01,BOOKED,2026-08-19,BUY,,,,,MISSING,TRAIN
TRD102378,2026-08-01,INFY,INE102378,INFY,200,1896.97,379394.0,HDFC-CUST,EQ-CORE-01,BOOKED,2026-08-02,SELL,1896.97,200,2026-08-01,HDFC-CUST,RECEIVED,TRAIN
TRD102379,2026-08-11,INFY,INE102379,INFY,200,1895.31,379062.0,ICICI-CUST,EQ-INDEX-04,BOOKED,2026-08-12,BUY,1895.31,200,2026-08-11,ICICI-CUST,RECEIVED,TEST
TRD102380,2026-08-12,ITC,INE102380,ITC,750,470.24,352680.0,ICICI-CUST,EQ-ALPHA-03,BOOKED,2026-08-13,BUY,470.24,750,2026-08-12,ICICI-CUST,RECEIVED,TRAIN
TRD102381,2026-08-09,BHARTIARTL,INE102381,BHARTIARTL,500,1691.17,845585.0,NOMURA-BROKER,EQ-CORE-01,BOOKED,2026-08-10,BUY,1691.17,500,2026-08-09,NOMURA-BROKER,RECEIVED,TRAIN
TRD102382,2026-08-06,TCS,INE102382,TCS,250,4106.15,1026537.5,MORGANSTANLEY-BROKER,EQ-CORE-02,BOOKED,2026-08-07,SELL,4106.15,250,2026-08-06,MORGANSTANLEY-BROKER,RECEIVED,TRAIN
TRD102383,2026-08-13,TATASTEEL,INE102383,TATASTEEL,1000,171.64,171640.0,DEUTSCHE-BROKER,EQ-CORE-01,BOOKED,2026-08-14,SELL,171.64,1000,2026-08-13,DEUTSCHE-BROKER,RECEIVED,TRAIN
TRD102384,2026-08-21,HDFCBANK,INE102384,HDFCBANK,250,1670.01,417502.5,DEUTSCHE-BROKER,EQ-CORE-01,BOOKED,2026-08-22,BUY,1670.01,250,2026-08-21,DEUTSCHE-BROKER,RECEIVED,TEST
TRD102385,2026-08-15,MARUTI,INE102385,MARUTI,2000,12987.46,25974920.0,DEUTSCHE-BROKER,EQ-ALPHA-03,BOOKED,2026-08-16,SELL,12987.46,2000,2026-08-15,DEUTSCHE-BROKER,RECEIVED,TRAIN
TRD102386,2026-08-07,HDFCBANK,INE102386,HDFCBANK,100,1667.43,166743.0,ICICI-CUST,EQ-ALPHA-03,BOOKED,2026-08-08,BUY,1667.43,100,2026-08-07,ICICI-CUST,RECEIVED,TEST
TRD102387,2026-08-14,KOTAKBANK,INE102387,KOTAKBANK,1000,1958.61,1958610.0,NOMURA-BROKER,EQ-CORE-01,BOOKED,2026-08-15,SELL,1958.61,1000,2026-08-14,NOMURA-BROKER,RECEIVED,TEST
TRD102388,2026-08-04,MARUTI,INE102388,MARUTI,2000,12926.16,25852320.0,MORGANSTANLEY-BROKER,EQ-CORE-01,BOOKED,2026-08-05,BUY,12926.16,2000,2026-08-04,MORGANSTANLEY-BROKER,RECEIVED,TRAIN
TRD102389,2026-08-18,ITC,INE102389,ITC,2000,469.15,938300.0,NOMURA-BROKER,EQ-ALPHA-03,BOOKED,2026-08-19,BUY,469.15,2000,2026-08-18,NOMURA-BROKER,RECEIVED,TRAIN
TRD102390,2026-08-21,AXISBANK,INE102390,AXISBANK,100,1183.63,118363.0,KOTAK-CUST,EQ-CORE-02,BOOKED,2026-08-22,SELL,1183.63,100,2026-08-21,KOTAK-CUST,RECEIVED,TRAIN
TRD102391,2026-08-04,LT,INE102391,LT,1500,3672.55,5508825.0,ICICI-CUST,EQ-ALPHA-03,BOOKED,2026-08-05,BUY,3672.55,1500,2026-08-04,ICICI-CUST,RECEIVED,TRAIN
TRD102392,2026-08-05,WIPRO,INE102392,WIPRO,750,612.28,459210.0,KOTAK-CUST,EQ-ALPHA-03,BOOKED,2026-08-06,SELL,623.73,825,2026-08-05,KOTAK-CUST,RECEIVED,TRAIN
TRD102393,2026-08-10,TCS,INE102393,TCS,1000,4103.24,4103240.0,NOMURA-BROKER,EQ-ALPHA-03,BOOKED,2026-08-11,SELL,4103.24,1000,2026-08-10,NOMURA-BROKER,RECEIVED,TRAIN
TRD102394,2026-08-11,RELIANCE,INE102394,RELIANCE,100,2864.22,286422.0,HDFC-CUST,EQ-CORE-01,BOOKED,2026-08-12,BUY,2864.22,100,2026-08-11,HDFC-CUST,RECEIVED,TRAIN
TRD102395,2026-08-04,TATASTEEL,INE102395,TATASTEEL,200,172.21,34442.0,KOTAK-CUST,EQ-ALPHA-03,BOOKED,2026-08-05,SELL,172.21,200,2026-08-04,KOTAK-CUST,RECEIVED,TRAIN
TRD102396,2026-08-07,TATASTEEL,INE102396,TATASTEEL,200,171.9,34380.0,MORGANSTANLEY-BROKER,EQ-CORE-01,BOOKED,2026-08-08,BUY,171.9,200,2026-08-07,MORGANSTANLEY-BROKER,RECEIVED,TRAIN
TRD102397,2026-08-18,RELIANCE,INE102397,RELIANCE,750,2845.13,2133847.5,MORGANSTANLEY-BROKER,EQ-CORE-01,BOOKED,2026-08-19,SELL,2845.13,750,2026-08-18,MORGANSTANLEY-BROKER,RECEIVED,TRAIN
TRD102398,2026-08-13,TATASTEEL,INE102398,TATASTEEL,750,171.76,128820.0,ICICI-CUST,EQ-ALPHA-03,BOOKED,2026-08-14,SELL,171.76,750,2026-08-13,ICICI-CUST,RECEIVED,TRAIN
TRD102399,2026-08-02,TCS,INE102399,TCS,1000,4111.23,4111230.0,HDFC-CUST,EQ-CORE-01,BOOKED,2026-08-03,BUY,4111.23,1000,2026-08-02,MORGANSTANLEY-BROKER,RECEIVED,TRAIN
TRD102400,2026-08-16,AXISBANK,INE102400,AXISBANK,100,1175.61,117561.0,ICICI-CUST,EQ-INDEX-04,BOOKED,2026-08-17,SELL,1175.61,100,2026-08-16,ICICI-CUST,RECEIVED,TRAIN
TRD102401,2026-08-19,BHARTIARTL,INE102401,BHARTIARTL,200,1686.42,337284.0,MORGANSTANLEY-BROKER,EQ-CORE-02,BOOKED,2026-08-20,BUY,1686.42,200,2026-08-19,MORGANSTANLEY-BROKER,RECEIVED,TRAIN
TRD102402,2026-08-19,SBIN,INE102402,SBIN,250,842.94,210735.0,NOMURA-BROKER,EQ-CORE-01,BOOKED,2026-08-20,BUY,842.94,250,2026-08-19,NOMURA-BROKER,RECEIVED,TRAIN
TRD102403,2026-08-05,ITC,INE102403,ITC,500,469.97,234985.0,HDFC-CUST,EQ-CORE-02,BOOKED,2026-08-06,SELL,469.97,500,2026-08-05,HDFC-CUST,RECEIVED,TEST
TRD102404,2026-08-07,RELIANCE,INE102404,RELIANCE,750,2852.69,2139517.5,DEUTSCHE-BROKER,EQ-CORE-02,BOOKED,2026-08-08,BUY,2852.69,750,2026-08-07,DEUTSCHE-BROKER,RECEIVED,TRAIN
TRD102405,2026-08-13,BHARTIARTL,INE102405,BHARTIARTL,500,1692.31,846155.0,HDFC-CUST,EQ-ALPHA-03,BOOKED,2026-08-14,SELL,1692.31,500,2026-08-13,HDFC-CUST,RECEIVED,TRAIN
TRD102406,2026-08-14,INFY,INE102406,INFY,1500,1899.25,2848875.0,MORGANSTANLEY-BROKER,EQ-ALPHA-03,BOOKED,2026-08-15,SELL,1899.25,1500,2026-08-14,MORGANSTANLEY-BROKER,RECEIVED,TRAIN
TRD102407,2026-08-09,HDFCBANK,INE102407,HDFCBANK,200,1678.67,335734.0,NOMURA-BROKER,EQ-INDEX-04,BOOKED,2026-08-10,BUY,1678.67,200,2026-08-09,NOMURA-BROKER,RECEIVED,TRAIN
TRD102408,2026-08-09,TCS,INE102408,TCS,1500,4124.49,6186735.0,NOMURA-BROKER,EQ-CORE-02,BOOKED,2026-08-10,BUY,4124.49,1500,2026-08-09,NOMURA-BROKER,RECEIVED,TEST
TRD102409,2026-08-08,MARUTI,INE102409,MARUTI,200,13040.64,2608128.0,HDFC-CUST,EQ-CORE-01,BOOKED,2026-08-09,BUY,13040.64,200,2026-08-08,HDFC-CUST,RECEIVED,TRAIN
TRD102410,2026-08-13,HDFCBANK,INE102410,HDFCBANK,100,1679.07,167907.0,HDFC-CUST,EQ-CORE-02,BOOKED,2026-08-14,SELL,1679.07,100,2026-08-14,HDFC-CUST,RECEIVED,TEST
TRD102411,2026-08-04,TCS,INE102411,TCS,100,4127.01,412701.0,NOMURA-BROKER,EQ-CORE-01,BOOKED,2026-08-05,SELL,4127.01,100,2026-08-04,NOMURA-BROKER,RECEIVED,TEST
TRD102412,2026-08-05,TCS,INE102412,TCS,1000,4108.65,4108650.0,HDFC-CUST,EQ-CORE-01,BOOKED,2026-08-06,SELL,4108.65,1000,2026-08-05,HDFC-CUST,RECEIVED,TRAIN
TRD102413,2026-08-17,SBIN,INE102413,SBIN,1500,844.57,1266855.0,NOMURA-BROKER,EQ-ALPHA-03,BOOKED,2026-08-18,SELL,844.57,1500,2026-08-17,NOMURA-BROKER,RECEIVED,TEST
TRD102414,2026-08-05,KOTAKBANK,INE102414,KOTAKBANK,500,1962.7,981350.0,HDFC-CUST,EQ-INDEX-04,BOOKED,2026-08-06,SELL,1962.7,500,2026-08-05,HDFC-CUST,RECEIVED,TRAIN
TRD102415,2026-08-09,HDFCBANK,INE102415,HDFCBANK,500,1675.03,837515.0,DEUTSCHE-BROKER,EQ-CORE-01,BOOKED,2026-08-10,SELL,1675.03,500,2026-08-09,DEUTSCHE-BROKER,RECEIVED,TRAIN
TRD102416,2026-08-02,RELIANCE,INE102416,RELIANCE,1500,2849.46,4274190.0,ICICI-CUST,EQ-INDEX-04,BOOKED,2026-08-03,SELL,2849.46,1500,2026-08-02,ICICI-CUST,RECEIVED,TEST
TRD102417,2026-08-10,HDFCBANK,INE102417,HDFCBANK,1500,1668.67,2503005.0,HDFC-CUST,EQ-ALPHA-03,BOOKED,2026-08-11,SELL,1668.67,1500,2026-08-10,HDFC-CUST,RECEIVED,TRAIN
TRD102418,2026-08-16,INFY,INE102418,INFY,1500,1895.39,2843085.0,MORGANSTANLEY-BROKER,EQ-CORE-01,BOOKED,2026-08-17,SELL,1895.39,1500,2026-08-16,MORGANSTANLEY-BROKER,RECEIVED,TRAIN
TRD102419,2026-08-15,SBIN,INE102419,SBIN,750,846.82,635115.0,HDFC-CUST,EQ-ALPHA-03,BOOKED,2026-08-16,SELL,846.82,750,2026-08-15,HDFC-CUST,RECEIVED,TEST
TRD102420,2026-08-08,BHARTIARTL,INE102420,BHARTIARTL,750,1684.66,1263495.0,DEUTSCHE-BROKER,EQ-CORE-02,BOOKED,2026-08-09,BUY,1684.66,750,2026-08-08,DEUTSCHE-BROKER,RECEIVED,TRAIN
TRD102421,2026-08-13,HINDUNILVR,INE102421,HINDUNILVR,500,2749.59,1374795.0,HDFC-CUST,EQ-CORE-02,BOOKED,2026-08-14,BUY,2749.59,500,2026-08-13,HDFC-CUST,RECEIVED,TRAIN
TRD102422,2026-08-04,ICICIBANK,INE102422,ICICIBANK,1000,1241.07,1241070.0,KOTAK-CUST,EQ-ALPHA-03,BOOKED,2026-08-05,SELL,1241.07,1000,2026-08-04,NOMURA-BROKER,RECEIVED,TRAIN
TRD102423,2026-08-04,RELIANCE,INE102423,RELIANCE,200,2852.41,570482.0,HDFC-CUST,EQ-ALPHA-03,BOOKED,2026-08-05,SELL,2852.41,200,2026-08-04,HDFC-CUST,RECEIVED,TRAIN
TRD102424,2026-08-18,HINDUNILVR,INE102424,HINDUNILVR,500,2752.68,1376340.0,MORGANSTANLEY-BROKER,EQ-CORE-02,BOOKED,2026-08-19,SELL,2752.68,500,2026-08-18,MORGANSTANLEY-BROKER,RECEIVED,TRAIN
TRD102425,2026-08-01,LT,INE102425,LT,100,3667.24,366724.0,KOTAK-CUST,EQ-INDEX-04,BOOKED,2026-08-02,SELL,3667.24,100,2026-08-01,KOTAK-CUST,RECEIVED,TRAIN
TRD102426,2026-08-04,RELIANCE,INE102426,RELIANCE,2000,2841.76,5683520.0,NOMURA-BROKER,EQ-ALPHA-03,BOOKED,2026-08-05,SELL,2841.76,2000,2026-08-04,NOMURA-BROKER,RECEIVED,TRAIN
TRD102427,2026-08-21,ICICIBANK,INE102427,ICICIBANK,750,1241.87,931402.5,DEUTSCHE-BROKER,EQ-ALPHA-03,BOOKED,2026-08-22,BUY,1241.87,750,2026-08-21,NOMURA-BROKER,RECEIVED,TRAIN
TRD102428,2026-08-08,BHARTIARTL,INE102428,BHARTIARTL,2000,1692.51,3385020.0,KOTAK-CUST,EQ-CORE-01,BOOKED,2026-08-09,SELL,1692.51,2000,2026-08-08,KOTAK-CUST,RECEIVED,TRAIN
TRD102429,2026-08-18,SBIN,INE102429,SBIN,2000,847.79,1695580.0,KOTAK-CUST,EQ-INDEX-04,BOOKED,2026-08-19,BUY,847.79,2000,2026-08-18,KOTAK-CUST,RECEIVED,TRAIN
TRD102430,2026-08-04,BHARTIARTL,INE102430,BHARTIARTL,100,1693.61,169361.0,MORGANSTANLEY-BROKER,EQ-CORE-02,BOOKED,2026-08-05,BUY,1693.61,100,2026-08-04,MORGANSTANLEY-BROKER,RECEIVED,TRAIN
TRD102431,2026-08-14,BHARTIARTL,INE102431,BHARTIARTL,100,1685.41,168541.0,MORGANSTANLEY-BROKER,EQ-CORE-01,BOOKED,2026-08-15,BUY,1709.59,100,2026-08-14,MORGANSTANLEY-BROKER,RECEIVED,TRAIN
TRD102432,2026-08-08,KOTAKBANK,INE102432,KOTAKBANK,2000,1959.97,3919940.0,NOMURA-BROKER,EQ-CORE-02,BOOKED,2026-08-09,BUY,,,,,MISSING,TRAIN
TRD102433,2026-08-01,SBIN,INE102433,SBIN,200,841.68,168336.0,MORGANSTANLEY-BROKER,EQ-INDEX-04,BOOKED,2026-08-02,BUY,841.68,200,2026-08-01,MORGANSTANLEY-BROKER,RECEIVED,TRAIN
TRD102434,2026-08-03,ICICIBANK,INE102434,ICICIBANK,2000,1245.68,2491360.0,KOTAK-CUST,EQ-CORE-02,BOOKED,2026-08-04,BUY,1245.68,2000,2026-08-03,KOTAK-CUST,RECEIVED,TRAIN
TRD102435,2026-08-18,TCS,INE102435,TCS,750,4132.75,3099562.5,NOMURA-BROKER,EQ-CORE-02,BOOKED,2026-08-19,BUY,4132.75,750,2026-08-18,NOMURA-BROKER,RECEIVED,TEST
TRD102436,2026-08-01,ITC,INE102436,ITC,750,469.09,351817.5,DEUTSCHE-BROKER,EQ-CORE-02,BOOKED,2026-08-02,SELL,469.09,750,2026-08-01,DEUTSCHE-BROKER,RECEIVED,TRAIN
TRD102437,2026-08-17,TATASTEEL,INE102437,TATASTEEL,1000,171.76,171760.0,MORGANSTANLEY-BROKER,EQ-CORE-02,BOOKED,2026-08-18,SELL,171.76,1000,2026-08-17,MORGANSTANLEY-BROKER,RECEIVED,TRAIN
TRD102438,2026-08-12,RELIANCE,INE102438,RELIANCE,1500,2856.1,4284150.0,DEUTSCHE-BROKER,EQ-CORE-02,BOOKED,2026-08-13,BUY,2856.1,1500,2026-08-12,DEUTSCHE-BROKER,RECEIVED,TRAIN
TRD102439,2026-08-19,WIPRO,INE102439,WIPRO,200,613.28,122656.0,ICICI-CUST,EQ-ALPHA-03,BOOKED,2026-08-20,BUY,613.28,200,2026-08-20,ICICI-CUST,RECEIVED,TRAIN
TRD102440,2026-08-02,INFY,INE102440,INFY,250,1885.28,471320.0,NOMURA-BROKER,EQ-CORE-02,BOOKED,2026-08-03,BUY,1885.28,250,2026-08-02,NOMURA-BROKER,RECEIVED,TEST
TRD102441,2026-08-10,MARUTI,INE102441,MARUTI,500,12940.75,6470375.0,DEUTSCHE-BROKER,EQ-CORE-01,BOOKED,2026-08-11,SELL,12940.75,500,2026-08-10,DEUTSCHE-BROKER,RECEIVED,TEST
TRD102442,2026-08-07,HDFCBANK,INE102442,HDFCBANK,250,1667.35,416837.5,KOTAK-CUST,EQ-ALPHA-03,BOOKED,2026-08-08,SELL,1667.35,250,2026-08-07,KOTAK-CUST,RECEIVED,TRAIN
TRD102443,2026-08-06,INFY,INE102443,INFY,200,1896.61,379322.0,DEUTSCHE-BROKER,EQ-INDEX-04,BOOKED,2026-08-07,BUY,1896.61,200,2026-08-06,DEUTSCHE-BROKER,RECEIVED,TRAIN
TRD102444,2026-08-06,INFY,INE102444,INFY,1000,1881.51,1881510.0,NOMURA-BROKER,EQ-INDEX-04,BOOKED,2026-08-07,BUY,1881.51,1000,2026-08-06,NOMURA-BROKER,RECEIVED,TEST
TRD102445,2026-08-05,TCS,INE102445,TCS,250,4108.87,1027217.5,DEUTSCHE-BROKER,EQ-CORE-01,BOOKED,2026-08-06,SELL,4108.87,250,2026-08-05,DEUTSCHE-BROKER,RECEIVED,TRAIN
TRD102446,2026-08-17,HDFCBANK,INE102446,HDFCBANK,250,1671.28,417820.0,NOMURA-BROKER,EQ-ALPHA-03,BOOKED,2026-08-18,SELL,1671.28,250,2026-08-17,NOMURA-BROKER,RECEIVED,TRAIN
TRD102447,2026-08-14,INFY,INE102447,INFY,500,1898.87,949435.0,HDFC-CUST,EQ-INDEX-04,BOOKED,2026-08-15,SELL,1898.87,500,2026-08-15,HDFC-CUST,RECEIVED,TRAIN
TRD102448,2026-08-01,SBIN,INE102448,SBIN,750,846.5,634875.0,HDFC-CUST,EQ-INDEX-04,BOOKED,2026-08-02,SELL,846.5,750,2026-08-01,HDFC-CUST,RECEIVED,TRAIN
TRD102449,2026-08-19,BHARTIARTL,INE102449,BHARTIARTL,2000,1697.62,3395240.0,ICICI-CUST,EQ-CORE-02,BOOKED,2026-08-20,BUY,1697.62,2000,2026-08-19,ICICI-CUST,RECEIVED,TRAIN
TRD102450,2026-08-13,HDFCBANK,INE102450,HDFCBANK,200,1676.21,335242.0,NOMURA-BROKER,EQ-CORE-02,BOOKED,2026-08-14,BUY,1676.21,200,2026-08-13,NOMURA-BROKER,RECEIVED,TRAIN
TRD102451,2026-08-08,LT,INE102451,LT,250,3681.59,920397.5,HDFC-CUST,EQ-CORE-02,BOOKED,2026-08-09,BUY,3681.59,250,2026-08-08,HDFC-CUST,RECEIVED,TEST
TRD102452,2026-08-18,LT,INE102452,LT,200,3670.64,734128.0,ICICI-CUST,EQ-ALPHA-03,BOOKED,2026-08-19,BUY,3670.64,200,2026-08-18,ICICI-CUST,RECEIVED,TRAIN
TRD102453,2026-08-05,ICICIBANK,INE102453,ICICIBANK,750,1238.72,929040.0,HDFC-CUST,EQ-CORE-01,BOOKED,2026-08-06,SELL,1238.72,750,2026-08-05,HDFC-CUST,RECEIVED,TRAIN
TRD102454,2026-08-08,ITC,INE102454,ITC,500,467.21,233605.0,NOMURA-BROKER,EQ-CORE-01,BOOKED,2026-08-09,BUY,467.21,500,2026-08-08,NOMURA-BROKER,RECEIVED,TRAIN
TRD102455,2026-08-21,AXISBANK,INE102455,AXISBANK,2000,1175.19,2350380.0,MORGANSTANLEY-BROKER,EQ-CORE-01,BOOKED,2026-08-22,SELL,1175.19,2000,2026-08-21,MORGANSTANLEY-BROKER,RECEIVED,TRAIN
TRD102456,2026-08-11,ITC,INE102456,ITC,250,469.75,117437.5,ICICI-CUST,EQ-CORE-01,BOOKED,2026-08-12,BUY,469.75,250,2026-08-11,ICICI-CUST,RECEIVED,TRAIN
TRD102457,2026-08-01,HINDUNILVR,INE102457,HINDUNILVR,100,2753.16,275316.0,NOMURA-BROKER,EQ-CORE-01,BOOKED,2026-08-02,BUY,2753.16,100,2026-08-01,NOMURA-BROKER,RECEIVED,TRAIN
TRD102458,2026-08-21,SBIN,INE102458,SBIN,250,847.78,211945.0,MORGANSTANLEY-BROKER,EQ-CORE-01,BOOKED,2026-08-22,BUY,847.78,250,2026-08-22,MORGANSTANLEY-BROKER,RECEIVED,TRAIN
TRD102459,2026-08-04,WIPRO,INE102459,WIPRO,500,610.23,305115.0,DEUTSCHE-BROKER,EQ-ALPHA-03,BOOKED,2026-08-05,BUY,610.23,500,2026-08-04,DEUTSCHE-BROKER,RECEIVED,TRAIN
TRD102460,2026-08-12,HINDUNILVR,INE102460,HINDUNILVR,100,2751.62,275162.0,KOTAK-CUST,EQ-INDEX-04,BOOKED,2026-08-13,BUY,2751.62,300,2026-08-12,KOTAK-CUST,RECEIVED,TRAIN
TRD102461,2026-08-09,HINDUNILVR,INE102461,HINDUNILVR,750,2752.53,2064397.5,HDFC-CUST,EQ-CORE-01,BOOKED,2026-08-10,BUY,2752.53,750,2026-08-09,HDFC-CUST,RECEIVED,TRAIN
TRD102462,2026-08-17,AXISBANK,INE102462,AXISBANK,2000,1177.74,2355480.0,ICICI-CUST,EQ-CORE-02,BOOKED,2026-08-18,BUY,1177.74,2000,2026-08-17,ICICI-CUST,RECEIVED,TEST
TRD102463,2026-08-02,MARUTI,INE102463,MARUTI,750,12980.18,9735135.0,KOTAK-CUST,EQ-INDEX-04,BOOKED,2026-08-03,SELL,12980.18,750,2026-08-02,KOTAK-CUST,RECEIVED,TEST
TRD102464,2026-08-02,RELIANCE,INE102464,RELIANCE,1500,2849.57,4274355.0,MORGANSTANLEY-BROKER,EQ-CORE-01,BOOKED,2026-08-03,BUY,2849.57,1550,2026-08-02,MORGANSTANLEY-BROKER,RECEIVED,TRAIN
TRD102465,2026-08-13,KOTAKBANK,INE102465,KOTAKBANK,750,1963.24,1472430.0,KOTAK-CUST,EQ-ALPHA-03,BOOKED,2026-08-14,BUY,1963.24,750,2026-08-13,KOTAK-CUST,RECEIVED,TRAIN
TRD102466,2026-08-13,SBIN,INE102466,SBIN,750,845.85,634387.5,DEUTSCHE-BROKER,EQ-CORE-01,BOOKED,2026-08-14,BUY,,,,,MISSING,TRAIN
TRD102467,2026-08-17,BHARTIARTL,INE102467,BHARTIARTL,250,1695.43,423857.5,HDFC-CUST,EQ-ALPHA-03,BOOKED,2026-08-18,SELL,1695.43,250,2026-08-17,HDFC-CUST,RECEIVED,TEST
TRD102468,2026-08-06,KOTAKBANK,INE102468,KOTAKBANK,100,1953.08,195308.0,MORGANSTANLEY-BROKER,EQ-INDEX-04,BOOKED,2026-08-07,BUY,1953.08,50,2026-08-06,MORGANSTANLEY-BROKER,RECEIVED,TRAIN
TRD102469,2026-08-02,LT,INE102469,LT,100,3684.75,368475.0,DEUTSCHE-BROKER,EQ-CORE-02,BOOKED,2026-08-03,BUY,3684.75,100,2026-08-02,DEUTSCHE-BROKER,RECEIVED,TRAIN
TRD102470,2026-08-01,BHARTIARTL,INE102470,BHARTIARTL,2000,1692.4,3384800.0,MORGANSTANLEY-BROKER,EQ-CORE-02,BOOKED,2026-08-02,BUY,1692.4,2000,2026-08-01,MORGANSTANLEY-BROKER,RECEIVED,TRAIN
TRD102471,2026-08-02,TCS,INE102471,TCS,100,4111.18,411118.0,ICICI-CUST,EQ-INDEX-04,BOOKED,2026-08-03,SELL,4111.18,100,2026-08-02,ICICI-CUST,RECEIVED,TRAIN
TRD102472,2026-08-17,MARUTI,INE102472,MARUTI,200,13030.65,2606130.0,NOMURA-BROKER,EQ-CORE-01,BOOKED,2026-08-18,SELL,13199.82,125,2026-08-17,NOMURA-BROKER,RECEIVED,TRAIN
TRD102473,2026-08-21,KOTAKBANK,INE102473,KOTAKBANK,750,1964.74,1473555.0,HDFC-CUST,EQ-INDEX-04,BOOKED,2026-08-22,SELL,1964.74,750,2026-08-21,HDFC-CUST,RECEIVED,TRAIN
TRD102474,2026-08-13,TATASTEEL,INE102474,TATASTEEL,500,172.48,86240.0,NOMURA-BROKER,EQ-CORE-02,BOOKED,2026-08-14,BUY,176.57,500,2026-08-13,NOMURA-BROKER,RECEIVED,TRAIN
TRD102475,2026-08-03,BHARTIARTL,INE102475,BHARTIARTL,750,1686.04,1264530.0,HDFC-CUST,EQ-INDEX-04,BOOKED,2026-08-04,SELL,1686.04,750,2026-08-03,HDFC-CUST,RECEIVED,TEST
TRD102476,2026-08-21,WIPRO,INE102476,WIPRO,250,610.48,152620.0,NOMURA-BROKER,EQ-ALPHA-03,BOOKED,2026-08-22,SELL,610.48,250,2026-08-21,NOMURA-BROKER,RECEIVED,TEST
TRD102477,2026-08-14,ICICIBANK,INE102477,ICICIBANK,250,1234.85,308712.5,NOMURA-BROKER,EQ-CORE-02,BOOKED,2026-08-15,SELL,1234.85,250,2026-08-14,NOMURA-BROKER,RECEIVED,TRAIN
TRD102478,2026-08-10,WIPRO,INE102478,WIPRO,1500,608.6,912900.0,KOTAK-CUST,EQ-CORE-01,BOOKED,2026-08-11,SELL,608.6,1700,2026-08-10,KOTAK-CUST,RECEIVED,TRAIN
TRD102479,2026-08-10,MARUTI,INE102479,MARUTI,100,13021.8,1302180.0,NOMURA-BROKER,EQ-INDEX-04,BOOKED,2026-08-11,BUY,13021.8,100,2026-08-10,NOMURA-BROKER,RECEIVED,TRAIN
TRD102480,2026-08-02,SBIN,INE102480,SBIN,1000,847.78,847780.0,HDFC-CUST,EQ-INDEX-04,BOOKED,2026-08-03,BUY,847.78,1000,2026-08-02,HDFC-CUST,RECEIVED,TRAIN
TRD102481,2026-08-06,WIPRO,INE102481,WIPRO,1000,609.37,609370.0,KOTAK-CUST,EQ-CORE-02,BOOKED,2026-08-07,BUY,609.37,1000,2026-08-06,KOTAK-CUST,RECEIVED,TRAIN
TRD102482,2026-08-10,KOTAKBANK,INE102482,KOTAKBANK,200,1955.11,391022.0,DEUTSCHE-BROKER,EQ-ALPHA-03,BOOKED,2026-08-11,SELL,1955.11,200,2026-08-10,DEUTSCHE-BROKER,RECEIVED,TRAIN
TRD102483,2026-08-04,LT,INE102483,LT,100,3690.16,369016.0,KOTAK-CUST,EQ-CORE-02,BOOKED,2026-08-05,BUY,3756.94,100,2026-08-04,KOTAK-CUST,RECEIVED,TRAIN
TRD102484,2026-08-05,MARUTI,INE102484,MARUTI,750,12958.14,9718605.0,DEUTSCHE-BROKER,EQ-CORE-01,BOOKED,2026-08-06,SELL,12958.14,750,2026-08-05,DEUTSCHE-BROKER,RECEIVED,TEST
TRD102485,2026-08-02,RELIANCE,INE102485,RELIANCE,750,2855.83,2141872.5,KOTAK-CUST,EQ-CORE-02,BOOKED,2026-08-03,BUY,2855.83,750,2026-08-02,KOTAK-CUST,RECEIVED,TRAIN
TRD102486,2026-08-12,TATASTEEL,INE102486,TATASTEEL,500,171.95,85975.0,HDFC-CUST,EQ-ALPHA-03,BOOKED,2026-08-13,SELL,171.95,500,2026-08-12,HDFC-CUST,RECEIVED,TEST
TRD102487,2026-08-08,TATASTEEL,INE102487,TATASTEEL,200,172.27,34454.0,HDFC-CUST,EQ-CORE-01,BOOKED,2026-08-09,BUY,172.27,200,2026-08-08,HDFC-CUST,RECEIVED,TEST
TRD102488,2026-08-04,TCS,INE102488,TCS,2000,4121.83,8243660.0,MORGANSTANLEY-BROKER,EQ-CORE-01,BOOKED,2026-08-05,BUY,4121.83,2000,2026-08-04,MORGANSTANLEY-BROKER,RECEIVED,TEST
TRD102489,2026-08-07,HDFCBANK,INE102489,HDFCBANK,200,1677.39,335478.0,DEUTSCHE-BROKER,EQ-CORE-02,BOOKED,2026-08-08,BUY,1677.39,200,2026-08-07,DEUTSCHE-BROKER,RECEIVED,TRAIN
TRD102490,2026-08-02,BHARTIARTL,INE102490,BHARTIARTL,1000,1698.84,1698840.0,DEUTSCHE-BROKER,EQ-CORE-01,BOOKED,2026-08-03,BUY,1698.84,1000,2026-08-02,DEUTSCHE-BROKER,RECEIVED,TRAIN
TRD102491,2026-08-11,TCS,INE102491,TCS,2000,4131.4,8262800.0,DEUTSCHE-BROKER,EQ-CORE-01,BOOKED,2026-08-12,SELL,4131.4,2000,2026-08-11,DEUTSCHE-BROKER,RECEIVED,TRAIN
TRD102492,2026-08-17,LT,INE102492,LT,1500,3690.41,5535615.0,ICICI-CUST,EQ-CORE-01,BOOKED,2026-08-18,BUY,3690.41,1500,2026-08-17,ICICI-CUST,RECEIVED,TEST
TRD102493,2026-08-01,HDFCBANK,INE102493,HDFCBANK,100,1683.53,168353.0,MORGANSTANLEY-BROKER,EQ-CORE-01,BOOKED,2026-08-02,SELL,1683.53,100,2026-08-01,MORGANSTANLEY-BROKER,RECEIVED,TRAIN
TRD102494,2026-08-05,HINDUNILVR,INE102494,HINDUNILVR,1500,2734.95,4102425.0,MORGANSTANLEY-BROKER,EQ-CORE-01,BOOKED,2026-08-06,BUY,2734.95,1500,2026-08-05,MORGANSTANLEY-BROKER,RECEIVED,TRAIN
TRD102495,2026-08-21,WIPRO,INE102495,WIPRO,1500,609.34,914010.0,NOMURA-BROKER,EQ-INDEX-04,BOOKED,2026-08-22,SELL,609.34,1500,2026-08-21,NOMURA-BROKER,RECEIVED,TRAIN
TRD102496,2026-08-20,WIPRO,INE102496,WIPRO,750,612.32,459240.0,ICICI-CUST,EQ-INDEX-04,BOOKED,2026-08-21,BUY,612.32,750,2026-08-20,ICICI-CUST,RECEIVED,TRAIN
TRD102497,2026-08-20,TATASTEEL,INE102497,TATASTEEL,500,172.26,86130.0,KOTAK-CUST,EQ-CORE-02,BOOKED,2026-08-21,BUY,172.26,500,2026-08-20,KOTAK-CUST,RECEIVED,TRAIN
TRD102498,2026-08-04,TCS,INE102498,TCS,750,4125.02,3093765.0,MORGANSTANLEY-BROKER,EQ-ALPHA-03,BOOKED,2026-08-05,BUY,4125.02,750,2026-08-04,MORGANSTANLEY-BROKER,RECEIVED,TRAIN
TRD102499,2026-08-13,LT,INE102499,LT,750,3670.06,2752545.0,MORGANSTANLEY-BROKER,EQ-INDEX-04,BOOKED,2026-08-14,SELL,3670.06,750,2026-08-13,MORGANSTANLEY-BROKER,RECEIVED,TRAIN
TRD102500,2026-08-14,MARUTI,INE102500,MARUTI,100,12991.24,1299124.0,HDFC-CUST,EQ-CORE-02,BOOKED,2026-08-15,BUY,12991.24,100,2026-08-14,HDFC-CUST,RECEIVED,TRAIN
TRD102501,2026-08-15,HDFCBANK,INE102501,HDFCBANK,250,1668.06,417015.0,KOTAK-CUST,EQ-ALPHA-03,BOOKED,2026-08-16,SELL,1668.06,250,2026-08-15,KOTAK-CUST,RECEIVED,TRAIN
TRD102502,2026-08-02,BHARTIARTL,INE102502,BHARTIARTL,200,1683.51,336702.0,NOMURA-BROKER,EQ-ALPHA-03,BOOKED,2026-08-03,BUY,1683.51,200,2026-08-02,NOMURA-BROKER,RECEIVED,TRAIN
TRD102503,2026-08-02,LT,INE102503,LT,1500,3696.37,5544555.0,KOTAK-CUST,EQ-CORE-01,BOOKED,2026-08-03,SELL,3696.37,1500,2026-08-02,KOTAK-CUST,RECEIVED,TRAIN
TRD102504,2026-08-14,HDFCBANK,INE102504,HDFCBANK,2000,1682.5,3365000.0,DEUTSCHE-BROKER,EQ-CORE-01,BOOKED,2026-08-15,BUY,1682.5,2000,2026-08-14,DEUTSCHE-BROKER,RECEIVED,TRAIN
TRD102505,2026-08-01,TCS,INE102505,TCS,250,4117.72,1029430.0,ICICI-CUST,EQ-CORE-02,BOOKED,2026-08-02,BUY,4117.72,250,2026-08-01,ICICI-CUST,RECEIVED,TEST
TRD102506,2026-08-13,LT,INE102506,LT,500,3675.05,1837525.0,MORGANSTANLEY-BROKER,EQ-CORE-01,BOOKED,2026-08-14,BUY,3675.05,500,2026-08-13,MORGANSTANLEY-BROKER,RECEIVED,TEST
TRD102507,2026-08-03,BHARTIARTL,INE102507,BHARTIARTL,250,1693.53,423382.5,KOTAK-CUST,EQ-CORE-02,BOOKED,2026-08-04,BUY,1693.53,250,2026-08-03,KOTAK-CUST,RECEIVED,TRAIN
TRD102508,2026-08-11,INFY,INE102508,INFY,500,1885.65,942825.0,KOTAK-CUST,EQ-CORE-01,BOOKED,2026-08-12,SELL,1885.65,500,2026-08-11,KOTAK-CUST,RECEIVED,TEST
TRD102509,2026-08-04,LT,INE102509,LT,250,3677.8,919450.0,DEUTSCHE-BROKER,EQ-INDEX-04,BOOKED,2026-08-05,SELL,3677.8,250,2026-08-04,DEUTSCHE-BROKER,RECEIVED,TRAIN
TRD102510,2026-08-17,HINDUNILVR,INE102510,HINDUNILVR,250,2748.93,687232.5,KOTAK-CUST,EQ-ALPHA-03,BOOKED,2026-08-18,BUY,2748.93,250,2026-08-17,KOTAK-CUST,RECEIVED,TRAIN
TRD102511,2026-08-18,TCS,INE102511,TCS,500,4112.67,2056335.0,ICICI-CUST,EQ-INDEX-04,BOOKED,2026-08-19,BUY,4112.67,500,2026-08-18,ICICI-CUST,RECEIVED,TRAIN
TRD102512,2026-08-18,SBIN,INE102512,SBIN,750,843.38,632535.0,NOMURA-BROKER,EQ-CORE-02,BOOKED,2026-08-19,SELL,843.38,750,2026-08-18,ICICI-CUST,RECEIVED,TRAIN
TRD102513,2026-08-12,RELIANCE,INE102513,RELIANCE,500,2842.91,1421455.0,MORGANSTANLEY-BROKER,EQ-CORE-01,BOOKED,2026-08-13,BUY,2842.91,500,2026-08-12,MORGANSTANLEY-BROKER,RECEIVED,TRAIN
TRD102514,2026-08-01,TCS,INE102514,TCS,1000,4118.75,4118750.0,MORGANSTANLEY-BROKER,EQ-CORE-01,BOOKED,2026-08-02,SELL,4118.75,1000,2026-08-01,MORGANSTANLEY-BROKER,RECEIVED,TRAIN
TRD102515,2026-08-10,AXISBANK,INE102515,AXISBANK,200,1183.83,236766.0,MORGANSTANLEY-BROKER,EQ-CORE-02,BOOKED,2026-08-11,BUY,1183.83,200,2026-08-10,MORGANSTANLEY-BROKER,RECEIVED,TRAIN
TRD102516,2026-08-19,WIPRO,INE102516,WIPRO,2000,613.35,1226700.0,HDFC-CUST,EQ-INDEX-04,BOOKED,2026-08-20,SELL,613.35,2000,2026-08-19,HDFC-CUST,RECEIVED,TRAIN
TRD102517,2026-08-10,HINDUNILVR,INE102517,HINDUNILVR,1500,2755.75,4133625.0,MORGANSTANLEY-BROKER,EQ-INDEX-04,BOOKED,2026-08-11,BUY,2755.75,1500,2026-08-11,MORGANSTANLEY-BROKER,RECEIVED,TRAIN
TRD102518,2026-08-12,TATASTEEL,INE102518,TATASTEEL,750,171.84,128880.0,MORGANSTANLEY-BROKER,EQ-INDEX-04,BOOKED,2026-08-13,BUY,171.84,750,2026-08-12,MORGANSTANLEY-BROKER,RECEIVED,TEST
TRD102519,2026-08-10,INFY,INE102519,INFY,1000,1891.54,1891540.0,ICICI-CUST,EQ-ALPHA-03,BOOKED,2026-08-11,BUY,1924.66,925,2026-08-10,ICICI-CUST,RECEIVED,TEST
TRD102520,2026-08-08,INFY,INE102520,INFY,500,1882.9,941450.0,KOTAK-CUST,EQ-CORE-02,BOOKED,2026-08-09,SELL,1882.9,500,2026-08-08,KOTAK-CUST,RECEIVED,TRAIN
TRD102521,2026-08-01,BHARTIARTL,INE102521,BHARTIARTL,100,1688.84,168884.0,MORGANSTANLEY-BROKER,EQ-INDEX-04,BOOKED,2026-08-02,BUY,1728.95,100,2026-08-01,MORGANSTANLEY-BROKER,RECEIVED,TRAIN
TRD102522,2026-08-14,BHARTIARTL,INE102522,BHARTIARTL,200,1689.68,337936.0,ICICI-CUST,EQ-INDEX-04,BOOKED,2026-08-15,BUY,1689.68,200,2026-08-14,ICICI-CUST,RECEIVED,TRAIN
TRD102523,2026-08-08,WIPRO,INE102523,WIPRO,500,609.19,304595.0,MORGANSTANLEY-BROKER,EQ-CORE-02,BOOKED,2026-08-09,SELL,609.19,500,2026-08-08,MORGANSTANLEY-BROKER,RECEIVED,TRAIN
TRD102524,2026-08-17,KOTAKBANK,INE102524,KOTAKBANK,1000,1958.64,1958640.0,HDFC-CUST,EQ-CORE-01,BOOKED,2026-08-18,SELL,1958.64,1000,2026-08-17,HDFC-CUST,RECEIVED,TRAIN
TRD102525,2026-08-14,MARUTI,INE102525,MARUTI,100,13031.56,1303156.0,NOMURA-BROKER,EQ-CORE-01,BOOKED,2026-08-15,BUY,13031.56,100,2026-08-14,NOMURA-BROKER,RECEIVED,TRAIN
TRD102526,2026-08-18,TATASTEEL,INE102526,TATASTEEL,1500,172.18,258270.0,HDFC-CUST,EQ-INDEX-04,BOOKED,2026-08-19,SELL,172.18,1500,2026-08-18,HDFC-CUST,RECEIVED,TRAIN
TRD102527,2026-08-09,LT,INE102527,LT,250,3677.73,919432.5,ICICI-CUST,EQ-INDEX-04,BOOKED,2026-08-10,SELL,3677.73,250,2026-08-09,ICICI-CUST,RECEIVED,TEST
TRD102528,2026-08-07,SBIN,INE102528,SBIN,1500,846.7,1270050.0,ICICI-CUST,EQ-INDEX-04,BOOKED,2026-08-08,SELL,846.7,1500,2026-08-07,ICICI-CUST,RECEIVED,TRAIN
TRD102529,2026-08-17,TCS,INE102529,TCS,250,4131.73,1032932.5,KOTAK-CUST,EQ-ALPHA-03,BOOKED,2026-08-18,BUY,4131.73,250,2026-08-17,HDFC-CUST,RECEIVED,TRAIN
TRD102530,2026-08-13,ICICIBANK,INE102530,ICICIBANK,500,1244.24,622120.0,MORGANSTANLEY-BROKER,EQ-CORE-02,BOOKED,2026-08-14,BUY,1244.24,500,2026-08-13,MORGANSTANLEY-BROKER,RECEIVED,TRAIN
TRD102531,2026-08-09,AXISBANK,INE102531,AXISBANK,750,1184.38,888285.0,NOMURA-BROKER,EQ-CORE-01,BOOKED,2026-08-10,BUY,1184.38,750,2026-08-10,NOMURA-BROKER,RECEIVED,TRAIN
TRD102532,2026-08-08,MARUTI,INE102532,MARUTI,250,12977.2,3244300.0,ICICI-CUST,EQ-CORE-01,BOOKED,2026-08-09,SELL,12977.2,250,2026-08-08,ICICI-CUST,RECEIVED,TRAIN
TRD102533,2026-08-13,AXISBANK,INE102533,AXISBANK,1500,1185.06,1777590.0,ICICI-CUST,EQ-CORE-01,BOOKED,2026-08-14,BUY,1185.06,1500,2026-08-13,ICICI-CUST,RECEIVED,TRAIN
TRD102534,2026-08-03,MARUTI,INE102534,MARUTI,1500,12980.51,19470765.0,ICICI-CUST,EQ-CORE-02,BOOKED,2026-08-04,SELL,12980.51,1500,2026-08-03,ICICI-CUST,RECEIVED,TRAIN
TRD102535,2026-08-03,MARUTI,INE102535,MARUTI,100,12921.32,1292132.0,DEUTSCHE-BROKER,EQ-CORE-01,BOOKED,2026-08-04,SELL,12921.32,100,2026-08-03,DEUTSCHE-BROKER,RECEIVED,TRAIN
TRD102536,2026-08-03,TCS,INE102536,TCS,750,4126.1,3094575.0,NOMURA-BROKER,EQ-ALPHA-03,BOOKED,2026-08-04,BUY,4126.1,750,2026-08-03,NOMURA-BROKER,RECEIVED,TRAIN
TRD102537,2026-08-21,ITC,INE102537,ITC,1500,470.18,705270.0,MORGANSTANLEY-BROKER,EQ-CORE-02,BOOKED,2026-08-22,SELL,470.18,1500,2026-08-21,MORGANSTANLEY-BROKER,RECEIVED,TRAIN
TRD102538,2026-08-02,KOTAKBANK,INE102538,KOTAKBANK,1500,1958.18,2937270.0,NOMURA-BROKER,EQ-ALPHA-03,BOOKED,2026-08-03,BUY,1958.18,1500,2026-08-02,NOMURA-BROKER,RECEIVED,TRAIN
TRD102539,2026-08-16,KOTAKBANK,INE102539,KOTAKBANK,750,1951.2,1463400.0,DEUTSCHE-BROKER,EQ-INDEX-04,BOOKED,2026-08-17,SELL,1951.2,750,2026-08-16,DEUTSCHE-BROKER,RECEIVED,TRAIN
TRD102540,2026-08-15,BHARTIARTL,INE102540,BHARTIARTL,250,1682.93,420732.5,HDFC-CUST,EQ-INDEX-04,BOOKED,2026-08-16,SELL,1682.93,250,2026-08-15,HDFC-CUST,RECEIVED,TRAIN
TRD102541,2026-08-12,KOTAKBANK,INE102541,KOTAKBANK,250,1957.58,489395.0,ICICI-CUST,EQ-CORE-01,BOOKED,2026-08-13,SELL,1957.58,250,2026-08-12,ICICI-CUST,RECEIVED,TRAIN
TRD102542,2026-08-02,WIPRO,INE102542,WIPRO,2000,612.93,1225860.0,HDFC-CUST,EQ-CORE-01,BOOKED,2026-08-03,SELL,612.93,2000,2026-08-02,HDFC-CUST,RECEIVED,TRAIN
TRD102543,2026-08-18,RELIANCE,INE102543,RELIANCE,1500,2862.94,4294410.0,KOTAK-CUST,EQ-CORE-01,BOOKED,2026-08-19,BUY,2862.94,1500,2026-08-19,KOTAK-CUST,RECEIVED,TEST
TRD102544,2026-08-03,HDFCBANK,INE102544,HDFCBANK,500,1674.43,837215.0,HDFC-CUST,EQ-ALPHA-03,BOOKED,2026-08-04,SELL,1674.43,500,2026-08-03,HDFC-CUST,RECEIVED,TRAIN
TRD102545,2026-08-13,WIPRO,INE102545,WIPRO,250,608.53,152132.5,ICICI-CUST,EQ-INDEX-04,BOOKED,2026-08-14,BUY,608.53,250,2026-08-13,ICICI-CUST,RECEIVED,TRAIN
TRD102546,2026-08-06,ITC,INE102546,ITC,100,467.52,46752.0,NOMURA-BROKER,EQ-CORE-01,BOOKED,2026-08-07,BUY,467.52,100,2026-08-06,NOMURA-BROKER,RECEIVED,TRAIN
TRD102547,2026-08-04,AXISBANK,INE102547,AXISBANK,250,1174.35,293587.5,HDFC-CUST,EQ-INDEX-04,BOOKED,2026-08-05,BUY,1174.35,250,2026-08-04,HDFC-CUST,RECEIVED,TRAIN
TRD102548,2026-08-16,MARUTI,INE102548,MARUTI,1000,12932.28,12932280.0,MORGANSTANLEY-BROKER,EQ-ALPHA-03,BOOKED,2026-08-17,SELL,12932.28,1000,2026-08-16,MORGANSTANLEY-BROKER,RECEIVED,TRAIN
TRD102549,2026-08-03,TCS,INE102549,TCS,500,4109.14,2054570.0,NOMURA-BROKER,EQ-ALPHA-03,BOOKED,2026-08-04,SELL,4109.14,500,2026-08-03,NOMURA-BROKER,RECEIVED,TRAIN
TRD102550,2026-08-06,ICICIBANK,INE102550,ICICIBANK,100,1243.6,124360.0,MORGANSTANLEY-BROKER,EQ-ALPHA-03,BOOKED,2026-08-07,BUY,1243.6,100,2026-08-06,MORGANSTANLEY-BROKER,RECEIVED,TRAIN
TRD102551,2026-08-02,INFY,INE102551,INFY,1500,1886.41,2829615.0,ICICI-CUST,EQ-INDEX-04,BOOKED,2026-08-03,SELL,1886.41,1500,2026-08-02,ICICI-CUST,RECEIVED,TEST
TRD102552,2026-08-07,ICICIBANK,INE102552,ICICIBANK,100,1237.53,123753.0,NOMURA-BROKER,EQ-ALPHA-03,BOOKED,2026-08-08,BUY,1237.53,100,2026-08-07,NOMURA-BROKER,RECEIVED,TEST
TRD102553,2026-08-05,BHARTIARTL,INE102553,BHARTIARTL,2000,1690.98,3381960.0,DEUTSCHE-BROKER,EQ-INDEX-04,BOOKED,2026-08-06,BUY,1690.98,2000,2026-08-05,DEUTSCHE-BROKER,RECEIVED,TRAIN
TRD102554,2026-08-06,TATASTEEL,INE102554,TATASTEEL,250,171.72,42930.0,NOMURA-BROKER,EQ-CORE-01,BOOKED,2026-08-07,SELL,171.72,250,2026-08-06,DEUTSCHE-BROKER,RECEIVED,TRAIN
TRD102555,2026-08-07,TATASTEEL,INE102555,TATASTEEL,250,171.76,42940.0,KOTAK-CUST,EQ-INDEX-04,BOOKED,2026-08-08,BUY,171.76,250,2026-08-07,KOTAK-CUST,RECEIVED,TRAIN
TRD102556,2026-08-16,AXISBANK,INE102556,AXISBANK,1000,1183.02,1183020.0,NOMURA-BROKER,EQ-INDEX-04,BOOKED,2026-08-17,BUY,1183.02,1000,2026-08-16,NOMURA-BROKER,RECEIVED,TRAIN
TRD102557,2026-08-08,HINDUNILVR,INE102557,HINDUNILVR,1500,2755.66,4133490.0,MORGANSTANLEY-BROKER,EQ-CORE-02,BOOKED,2026-08-09,BUY,2755.66,1600,2026-08-08,MORGANSTANLEY-BROKER,RECEIVED,TRAIN
TRD102558,2026-08-11,MARUTI,INE102558,MARUTI,250,12985.65,3246412.5,DEUTSCHE-BROKER,EQ-CORE-01,BOOKED,2026-08-12,SELL,12985.65,250,2026-08-11,DEUTSCHE-BROKER,RECEIVED,TRAIN
TRD102559,2026-08-01,HDFCBANK,INE102559,HDFCBANK,2000,1682.9,3365800.0,DEUTSCHE-BROKER,EQ-INDEX-04,BOOKED,2026-08-02,SELL,1682.9,2000,2026-08-01,DEUTSCHE-BROKER,RECEIVED,TEST
TRD102560,2026-08-02,KOTAKBANK,INE102560,KOTAKBANK,200,1954.79,390958.0,DEUTSCHE-BROKER,EQ-INDEX-04,BOOKED,2026-08-03,BUY,1954.79,200,2026-08-02,DEUTSCHE-BROKER,RECEIVED,TRAIN
TRD102561,2026-08-05,TATASTEEL,INE102561,TATASTEEL,1500,172.48,258720.0,ICICI-CUST,EQ-ALPHA-03,BOOKED,2026-08-06,BUY,172.48,1500,2026-08-05,ICICI-CUST,RECEIVED,TRAIN
TRD102562,2026-08-06,BHARTIARTL,INE102562,BHARTIARTL,250,1683.37,420842.5,HDFC-CUST,EQ-CORE-02,BOOKED,2026-08-07,SELL,1683.37,250,2026-08-06,HDFC-CUST,RECEIVED,TRAIN
TRD102563,2026-08-13,SBIN,INE102563,SBIN,250,842.1,210525.0,NOMURA-BROKER,EQ-ALPHA-03,BOOKED,2026-08-14,BUY,842.1,250,2026-08-13,NOMURA-BROKER,RECEIVED,TRAIN
TRD102564,2026-08-15,HINDUNILVR,INE102564,HINDUNILVR,1000,2746.67,2746670.0,ICICI-CUST,EQ-ALPHA-03,BOOKED,2026-08-16,SELL,2746.67,1000,2026-08-15,ICICI-CUST,RECEIVED,TEST
TRD102565,2026-08-17,AXISBANK,INE102565,AXISBANK,250,1182.99,295747.5,NOMURA-BROKER,EQ-CORE-02,BOOKED,2026-08-18,BUY,1182.99,250,2026-08-17,DEUTSCHE-BROKER,RECEIVED,TRAIN
TRD102566,2026-08-13,AXISBANK,INE102566,AXISBANK,250,1178.21,294552.5,DEUTSCHE-BROKER,EQ-CORE-01,BOOKED,2026-08-14,SELL,1178.21,250,2026-08-13,DEUTSCHE-BROKER,RECEIVED,TRAIN
TRD102567,2026-08-18,HDFCBANK,INE102567,HDFCBANK,1500,1677.27,2515905.0,KOTAK-CUST,EQ-CORE-01,BOOKED,2026-08-19,BUY,1677.27,1500,2026-08-18,KOTAK-CUST,RECEIVED,TRAIN
TRD102568,2026-08-02,INFY,INE102568,INFY,100,1896.93,189693.0,MORGANSTANLEY-BROKER,EQ-CORE-02,BOOKED,2026-08-03,SELL,1896.93,100,2026-08-02,MORGANSTANLEY-BROKER,RECEIVED,TRAIN
TRD102569,2026-08-10,WIPRO,INE102569,WIPRO,750,610.39,457792.5,NOMURA-BROKER,EQ-CORE-02,BOOKED,2026-08-11,SELL,,,,,MISSING,TRAIN
TRD102570,2026-08-20,TATASTEEL,INE102570,TATASTEEL,1000,173.05,173050.0,MORGANSTANLEY-BROKER,EQ-CORE-01,BOOKED,2026-08-21,BUY,173.05,1000,2026-08-20,MORGANSTANLEY-BROKER,RECEIVED,TRAIN
TRD102571,2026-08-18,ICICIBANK,INE102571,ICICIBANK,1000,1240.2,1240200.0,MORGANSTANLEY-BROKER,EQ-INDEX-04,BOOKED,2026-08-19,BUY,1240.2,1000,2026-08-18,MORGANSTANLEY-BROKER,RECEIVED,TRAIN
TRD102572,2026-08-06,WIPRO,INE102572,WIPRO,2000,607.86,1215720.0,HDFC-CUST,EQ-INDEX-04,BOOKED,2026-08-07,SELL,607.86,2000,2026-08-06,HDFC-CUST,RECEIVED,TRAIN
TRD102573,2026-08-06,BHARTIARTL,INE102573,BHARTIARTL,2000,1685.26,3370520.0,ICICI-CUST,EQ-INDEX-04,BOOKED,2026-08-07,SELL,1685.26,2000,2026-08-06,ICICI-CUST,RECEIVED,TRAIN
TRD102574,2026-08-03,BHARTIARTL,INE102574,BHARTIARTL,200,1698.24,339648.0,NOMURA-BROKER,EQ-INDEX-04,BOOKED,2026-08-04,SELL,1698.24,200,2026-08-03,NOMURA-BROKER,RECEIVED,TRAIN
TRD102575,2026-08-05,AXISBANK,INE102575,AXISBANK,2000,1178.89,2357780.0,MORGANSTANLEY-BROKER,EQ-INDEX-04,BOOKED,2026-08-06,SELL,1178.89,2000,2026-08-05,MORGANSTANLEY-BROKER,RECEIVED,TRAIN
TRD102576,2026-08-05,WIPRO,INE102576,WIPRO,250,612.41,153102.5,KOTAK-CUST,EQ-CORE-02,BOOKED,2026-08-06,SELL,612.41,250,2026-08-05,KOTAK-CUST,RECEIVED,TRAIN
TRD102577,2026-08-18,WIPRO,INE102577,WIPRO,100,612.12,61212.0,KOTAK-CUST,EQ-CORE-01,BOOKED,2026-08-19,SELL,612.12,100,2026-08-18,KOTAK-CUST,RECEIVED,TRAIN
TRD102578,2026-08-08,KOTAKBANK,INE102578,KOTAKBANK,250,1959.27,489817.5,KOTAK-CUST,EQ-CORE-01,BOOKED,2026-08-09,SELL,1959.27,250,2026-08-08,KOTAK-CUST,RECEIVED,TRAIN
TRD102579,2026-08-12,TATASTEEL,INE102579,TATASTEEL,100,172.73,17273.0,DEUTSCHE-BROKER,EQ-INDEX-04,BOOKED,2026-08-13,SELL,172.73,100,2026-08-12,DEUTSCHE-BROKER,RECEIVED,TRAIN
TRD102580,2026-08-01,KOTAKBANK,INE102580,KOTAKBANK,2000,1957.05,3914100.0,NOMURA-BROKER,EQ-CORE-01,BOOKED,2026-08-02,BUY,1957.05,2000,2026-08-01,NOMURA-BROKER,RECEIVED,TRAIN
TRD102581,2026-08-11,ICICIBANK,INE102581,ICICIBANK,250,1244.25,311062.5,KOTAK-CUST,EQ-ALPHA-03,BOOKED,2026-08-12,SELL,1244.25,250,2026-08-11,KOTAK-CUST,RECEIVED,TRAIN
TRD102582,2026-08-13,INFY,INE102582,INFY,1500,1889.56,2834340.0,HDFC-CUST,EQ-CORE-02,BOOKED,2026-08-14,SELL,1889.56,1500,2026-08-13,HDFC-CUST,RECEIVED,TRAIN
TRD102583,2026-08-08,MARUTI,INE102583,MARUTI,750,12939.2,9704400.0,NOMURA-BROKER,EQ-CORE-02,BOOKED,2026-08-09,SELL,12939.2,750,2026-08-08,NOMURA-BROKER,RECEIVED,TRAIN
TRD102584,2026-08-08,HINDUNILVR,INE102584,HINDUNILVR,1500,2754.67,4132005.0,HDFC-CUST,EQ-CORE-01,BOOKED,2026-08-09,SELL,2754.67,1500,2026-08-08,HDFC-CUST,RECEIVED,TEST
TRD102585,2026-08-11,BHARTIARTL,INE102585,BHARTIARTL,250,1686.36,421590.0,HDFC-CUST,EQ-ALPHA-03,BOOKED,2026-08-12,SELL,1686.36,250,2026-08-11,HDFC-CUST,RECEIVED,TRAIN
TRD102586,2026-08-19,INFY,INE102586,INFY,1000,1888.2,1888200.0,HDFC-CUST,EQ-INDEX-04,BOOKED,2026-08-20,BUY,1888.2,1000,2026-08-20,HDFC-CUST,RECEIVED,TRAIN
TRD102587,2026-08-20,MARUTI,INE102587,MARUTI,500,12959.66,6479830.0,NOMURA-BROKER,EQ-ALPHA-03,BOOKED,2026-08-21,BUY,12959.66,500,2026-08-20,NOMURA-BROKER,RECEIVED,TRAIN
TRD102588,2026-08-13,HDFCBANK,INE102588,HDFCBANK,200,1676.2,335240.0,KOTAK-CUST,EQ-ALPHA-03,BOOKED,2026-08-14,BUY,1676.2,200,2026-08-13,KOTAK-CUST,RECEIVED,TRAIN
TRD102589,2026-08-13,KOTAKBANK,INE102589,KOTAKBANK,2000,1956.07,3912140.0,MORGANSTANLEY-BROKER,EQ-ALPHA-03,BOOKED,2026-08-14,BUY,1956.07,2000,2026-08-13,MORGANSTANLEY-BROKER,RECEIVED,TRAIN
TRD102590,2026-08-10,AXISBANK,INE102590,AXISBANK,1000,1183.27,1183270.0,KOTAK-CUST,EQ-CORE-02,BOOKED,2026-08-11,BUY,1183.27,1000,2026-08-10,KOTAK-CUST,RECEIVED,TRAIN
TRD102591,2026-08-04,HDFCBANK,INE102591,HDFCBANK,750,1677.35,1258012.5,NOMURA-BROKER,EQ-CORE-01,BOOKED,2026-08-05,BUY,1701.7,675,2026-08-04,NOMURA-BROKER,RECEIVED,TRAIN
TRD102592,2026-08-06,TATASTEEL,INE102592,TATASTEEL,2000,172.62,345240.0,ICICI-CUST,EQ-CORE-02,BOOKED,2026-08-07,SELL,172.62,2000,2026-08-06,ICICI-CUST,RECEIVED,TEST
TRD102593,2026-08-02,AXISBANK,INE102593,AXISBANK,500,1177.53,588765.0,ICICI-CUST,EQ-ALPHA-03,BOOKED,2026-08-03,BUY,1177.53,500,2026-08-02,ICICI-CUST,RECEIVED,TRAIN
TRD102594,2026-08-10,BHARTIARTL,INE102594,BHARTIARTL,750,1683.44,1262580.0,DEUTSCHE-BROKER,EQ-CORE-01,BOOKED,2026-08-11,SELL,1683.44,750,2026-08-10,DEUTSCHE-BROKER,RECEIVED,TRAIN
TRD102595,2026-08-07,MARUTI,INE102595,MARUTI,1000,12941.36,12941360.0,NOMURA-BROKER,EQ-CORE-02,BOOKED,2026-08-08,SELL,12941.36,1000,2026-08-07,NOMURA-BROKER,RECEIVED,TRAIN
TRD102596,2026-08-16,AXISBANK,INE102596,AXISBANK,500,1184.0,592000.0,NOMURA-BROKER,EQ-CORE-01,BOOKED,2026-08-17,BUY,,,,,MISSING,TRAIN
TRD102597,2026-08-11,HINDUNILVR,INE102597,HINDUNILVR,1500,2744.15,4116225.0,ICICI-CUST,EQ-CORE-01,BOOKED,2026-08-12,SELL,2744.15,1450,2026-08-11,ICICI-CUST,RECEIVED,TEST
TRD102598,2026-08-21,MARUTI,INE102598,MARUTI,250,13005.59,3251397.5,ICICI-CUST,EQ-ALPHA-03,BOOKED,2026-08-22,BUY,13005.59,250,2026-08-21,ICICI-CUST,RECEIVED,TRAIN
TRD102599,2026-08-13,RELIANCE,INE102599,RELIANCE,1000,2841.3,2841300.0,MORGANSTANLEY-BROKER,EQ-CORE-01,BOOKED,2026-08-14,SELL,2841.3,1000,2026-08-13,MORGANSTANLEY-BROKER,RECEIVED,TEST
TRD102600,2026-08-05,LT,INE102600,LT,100,3684.02,368402.0,DEUTSCHE-BROKER,EQ-CORE-01,BOOKED,2026-08-06,SELL,3684.02,100,2026-08-05,DEUTSCHE-BROKER,RECEIVED,TRAIN
TRD102601,2026-08-17,SBIN,INE102601,SBIN,250,843.36,210840.0,MORGANSTANLEY-BROKER,EQ-ALPHA-03,BOOKED,2026-08-18,SELL,843.36,250,2026-08-17,MORGANSTANLEY-BROKER,RECEIVED,TEST
TRD102602,2026-08-18,INFY,INE102602,INFY,250,1898.53,474632.5,DEUTSCHE-BROKER,EQ-INDEX-04,BOOKED,2026-08-19,BUY,1898.53,250,2026-08-18,ICICI-CUST,RECEIVED,TRAIN
TRD102603,2026-08-15,SBIN,INE102603,SBIN,1500,848.07,1272105.0,MORGANSTANLEY-BROKER,EQ-INDEX-04,BOOKED,2026-08-16,SELL,848.07,1500,2026-08-15,MORGANSTANLEY-BROKER,RECEIVED,TRAIN
TRD102604,2026-08-11,ICICIBANK,INE102604,ICICIBANK,250,1236.31,309077.5,MORGANSTANLEY-BROKER,EQ-ALPHA-03,BOOKED,2026-08-12,SELL,1236.31,250,2026-08-11,MORGANSTANLEY-BROKER,RECEIVED,TRAIN
TRD102605,2026-08-14,LT,INE102605,LT,1000,3688.72,3688720.0,KOTAK-CUST,EQ-ALPHA-03,BOOKED,2026-08-15,SELL,3688.72,1000,2026-08-14,KOTAK-CUST,RECEIVED,TRAIN
TRD102606,2026-08-20,INFY,INE102606,INFY,250,1886.61,471652.5,ICICI-CUST,EQ-CORE-01,BOOKED,2026-08-21,SELL,1886.61,250,2026-08-20,ICICI-CUST,RECEIVED,TRAIN
TRD102607,2026-08-01,SBIN,INE102607,SBIN,100,842.52,84252.0,ICICI-CUST,EQ-CORE-01,BOOKED,2026-08-02,BUY,842.52,100,2026-08-01,ICICI-CUST,RECEIVED,TRAIN
TRD102608,2026-08-08,HINDUNILVR,INE102608,HINDUNILVR,750,2742.1,2056575.0,MORGANSTANLEY-BROKER,EQ-CORE-02,BOOKED,2026-08-09,BUY,2742.1,750,2026-08-08,MORGANSTANLEY-BROKER,RECEIVED,TRAIN
TRD102609,2026-08-04,HDFCBANK,INE102609,HDFCBANK,250,1677.59,419397.5,KOTAK-CUST,EQ-ALPHA-03,BOOKED,2026-08-05,BUY,1677.59,250,2026-08-04,DEUTSCHE-BROKER,RECEIVED,TRAIN
TRD102610,2026-08-16,HDFCBANK,INE102610,HDFCBANK,100,1672.25,167225.0,ICICI-CUST,EQ-CORE-02,BOOKED,2026-08-17,SELL,1672.25,100,2026-08-16,ICICI-CUST,RECEIVED,TEST
TRD102611,2026-08-10,LT,INE102611,LT,250,3686.85,921712.5,KOTAK-CUST,EQ-ALPHA-03,BOOKED,2026-08-11,SELL,3686.85,250,2026-08-10,KOTAK-CUST,RECEIVED,TEST
TRD102612,2026-08-08,BHARTIARTL,INE102612,BHARTIARTL,2000,1684.38,3368760.0,DEUTSCHE-BROKER,EQ-INDEX-04,BOOKED,2026-08-09,SELL,1684.38,2000,2026-08-08,DEUTSCHE-BROKER,RECEIVED,TRAIN
TRD102613,2026-08-05,WIPRO,INE102613,WIPRO,750,611.22,458415.0,NOMURA-BROKER,EQ-CORE-01,BOOKED,2026-08-06,BUY,611.22,750,2026-08-05,NOMURA-BROKER,RECEIVED,TRAIN
TRD102614,2026-08-10,SBIN,INE102614,SBIN,250,849.15,212287.5,HDFC-CUST,EQ-CORE-01,BOOKED,2026-08-11,BUY,849.15,250,2026-08-10,HDFC-CUST,RECEIVED,TRAIN
TRD102615,2026-08-04,HINDUNILVR,INE102615,HINDUNILVR,250,2751.3,687825.0,NOMURA-BROKER,EQ-CORE-02,BOOKED,2026-08-05,BUY,2751.3,250,2026-08-04,NOMURA-BROKER,RECEIVED,TRAIN
TRD102616,2026-08-20,MARUTI,INE102616,MARUTI,200,12931.49,2586298.0,HDFC-CUST,EQ-CORE-01,BOOKED,2026-08-21,SELL,12931.49,200,2026-08-20,HDFC-CUST,RECEIVED,TRAIN
TRD102617,2026-08-01,AXISBANK,INE102617,AXISBANK,200,1175.04,235008.0,ICICI-CUST,EQ-CORE-02,BOOKED,2026-08-02,SELL,1175.04,200,2026-08-01,ICICI-CUST,RECEIVED,TRAIN
TRD102618,2026-08-18,ICICIBANK,INE102618,ICICIBANK,2000,1236.58,2473160.0,DEUTSCHE-BROKER,EQ-ALPHA-03,BOOKED,2026-08-19,BUY,1236.58,2000,2026-08-18,HDFC-CUST,RECEIVED,TRAIN
TRD102619,2026-08-13,LT,INE102619,LT,250,3689.97,922492.5,MORGANSTANLEY-BROKER,EQ-CORE-01,BOOKED,2026-08-14,SELL,3689.97,250,2026-08-13,MORGANSTANLEY-BROKER,RECEIVED,TRAIN
TRD102620,2026-08-16,INFY,INE102620,INFY,250,1897.86,474465.0,DEUTSCHE-BROKER,EQ-ALPHA-03,BOOKED,2026-08-17,SELL,,,,,MISSING,TRAIN
TRD102621,2026-08-09,WIPRO,INE102621,WIPRO,1000,610.73,610730.0,DEUTSCHE-BROKER,EQ-CORE-02,BOOKED,2026-08-10,SELL,618.53,925,2026-08-09,DEUTSCHE-BROKER,RECEIVED,TRAIN
TRD102622,2026-08-20,INFY,INE102622,INFY,100,1887.0,188700.0,ICICI-CUST,EQ-INDEX-04,BOOKED,2026-08-21,SELL,1887.0,100,2026-08-20,ICICI-CUST,RECEIVED,TEST
TRD102623,2026-08-13,TATASTEEL,INE102623,TATASTEEL,500,172.85,86425.0,ICICI-CUST,EQ-CORE-02,BOOKED,2026-08-14,SELL,172.85,500,2026-08-13,ICICI-CUST,RECEIVED,TRAIN
TRD102624,2026-08-15,TCS,INE102624,TCS,2000,4107.38,8214760.0,NOMURA-BROKER,EQ-CORE-02,BOOKED,2026-08-16,BUY,4107.38,2000,2026-08-15,NOMURA-BROKER,RECEIVED,TRAIN
TRD102625,2026-08-21,ITC,INE102625,ITC,500,470.9,235450.0,MORGANSTANLEY-BROKER,EQ-CORE-02,BOOKED,2026-08-22,BUY,470.9,500,2026-08-21,MORGANSTANLEY-BROKER,RECEIVED,TRAIN
TRD102626,2026-08-19,SBIN,INE102626,SBIN,250,842.83,210707.5,MORGANSTANLEY-BROKER,EQ-CORE-02,BOOKED,2026-08-20,SELL,842.83,250,2026-08-19,MORGANSTANLEY-BROKER,RECEIVED,TRAIN
TRD102627,2026-08-14,TATASTEEL,INE102627,TATASTEEL,250,173.24,43310.0,KOTAK-CUST,EQ-CORE-01,BOOKED,2026-08-15,SELL,173.24,250,2026-08-14,KOTAK-CUST,RECEIVED,TRAIN
TRD102628,2026-08-06,HDFCBANK,INE102628,HDFCBANK,250,1670.79,417697.5,KOTAK-CUST,EQ-ALPHA-03,BOOKED,2026-08-07,BUY,1670.79,250,2026-08-06,KOTAK-CUST,RECEIVED,TEST
TRD102629,2026-08-10,HINDUNILVR,INE102629,HINDUNILVR,500,2740.66,1370330.0,KOTAK-CUST,EQ-INDEX-04,BOOKED,2026-08-11,BUY,2740.66,500,2026-08-10,KOTAK-CUST,RECEIVED,TRAIN
TRD102630,2026-08-16,ITC,INE102630,ITC,2000,470.01,940020.0,HDFC-CUST,EQ-CORE-02,BOOKED,2026-08-17,SELL,470.01,2000,2026-08-16,HDFC-CUST,RECEIVED,TRAIN
TRD102631,2026-08-19,ICICIBANK,INE102631,ICICIBANK,500,1246.28,623140.0,KOTAK-CUST,EQ-ALPHA-03,BOOKED,2026-08-20,SELL,1271.59,500,2026-08-19,KOTAK-CUST,RECEIVED,TEST
TRD102632,2026-08-04,AXISBANK,INE102632,AXISBANK,2000,1181.56,2363120.0,HDFC-CUST,EQ-INDEX-04,BOOKED,2026-08-05,SELL,1181.56,2000,2026-08-04,HDFC-CUST,RECEIVED,TRAIN
TRD102633,2026-08-15,RELIANCE,INE102633,RELIANCE,250,2852.53,713132.5,ICICI-CUST,EQ-CORE-02,BOOKED,2026-08-16,BUY,2852.53,250,2026-08-15,ICICI-CUST,RECEIVED,TRAIN
TRD102634,2026-08-20,SBIN,INE102634,SBIN,500,847.01,423505.0,DEUTSCHE-BROKER,EQ-INDEX-04,BOOKED,2026-08-21,BUY,847.01,500,2026-08-20,DEUTSCHE-BROKER,RECEIVED,TRAIN
TRD102635,2026-08-11,HDFCBANK,INE102635,HDFCBANK,2000,1678.68,3357360.0,HDFC-CUST,EQ-CORE-02,BOOKED,2026-08-12,BUY,1678.68,2000,2026-08-11,HDFC-CUST,RECEIVED,TRAIN
TRD102636,2026-08-04,INFY,INE102636,INFY,100,1896.2,189620.0,HDFC-CUST,EQ-ALPHA-03,BOOKED,2026-08-05,SELL,1896.2,100,2026-08-04,HDFC-CUST,RECEIVED,TRAIN
TRD102637,2026-08-06,WIPRO,INE102637,WIPRO,100,610.64,61064.0,ICICI-CUST,EQ-CORE-01,BOOKED,2026-08-07,SELL,610.64,100,2026-08-06,ICICI-CUST,RECEIVED,TEST
TRD102638,2026-08-15,HINDUNILVR,INE102638,HINDUNILVR,2000,2748.53,5497060.0,MORGANSTANLEY-BROKER,EQ-INDEX-04,BOOKED,2026-08-16,SELL,2748.53,2000,2026-08-15,MORGANSTANLEY-BROKER,RECEIVED,TRAIN
TRD102639,2026-08-12,KOTAKBANK,INE102639,KOTAKBANK,500,1959.48,979740.0,NOMURA-BROKER,EQ-ALPHA-03,BOOKED,2026-08-13,BUY,1959.48,500,2026-08-12,NOMURA-BROKER,RECEIVED,TEST
TRD102640,2026-08-02,HDFCBANK,INE102640,HDFCBANK,1500,1682.31,2523465.0,HDFC-CUST,EQ-CORE-01,BOOKED,2026-08-03,SELL,1682.31,1500,2026-08-02,HDFC-CUST,RECEIVED,TRAIN
TRD102641,2026-08-21,ICICIBANK,INE102641,ICICIBANK,500,1246.04,623020.0,ICICI-CUST,EQ-ALPHA-03,BOOKED,2026-08-22,BUY,1246.04,500,2026-08-21,ICICI-CUST,RECEIVED,TRAIN
TRD102642,2026-08-06,ITC,INE102642,ITC,200,468.18,93636.0,HDFC-CUST,EQ-CORE-01,BOOKED,2026-08-07,BUY,468.18,200,2026-08-06,HDFC-CUST,RECEIVED,TRAIN
TRD102643,2026-08-06,HINDUNILVR,INE102643,HINDUNILVR,250,2749.52,687380.0,NOMURA-BROKER,EQ-ALPHA-03,BOOKED,2026-08-07,BUY,2749.52,250,2026-08-07,NOMURA-BROKER,RECEIVED,TEST
TRD102644,2026-08-09,TCS,INE102644,TCS,750,4108.34,3081255.0,NOMURA-BROKER,EQ-CORE-02,BOOKED,2026-08-10,BUY,4108.34,750,2026-08-09,NOMURA-BROKER,RECEIVED,TRAIN
TRD102645,2026-08-19,AXISBANK,INE102645,AXISBANK,500,1185.11,592555.0,DEUTSCHE-BROKER,EQ-INDEX-04,BOOKED,2026-08-20,BUY,,,,,MISSING,TRAIN
TRD102646,2026-08-04,HDFCBANK,INE102646,HDFCBANK,2000,1668.38,3336760.0,HDFC-CUST,EQ-INDEX-04,BOOKED,2026-08-05,BUY,1668.38,2000,2026-08-04,HDFC-CUST,RECEIVED,TEST
TRD102647,2026-08-04,KOTAKBANK,INE102647,KOTAKBANK,250,1960.23,490057.5,HDFC-CUST,EQ-CORE-02,BOOKED,2026-08-05,BUY,1960.23,150,2026-08-04,HDFC-CUST,RECEIVED,TRAIN
TRD102648,2026-08-05,MARUTI,INE102648,MARUTI,2000,12968.33,25936660.0,ICICI-CUST,EQ-CORE-01,BOOKED,2026-08-06,BUY,12968.33,2000,2026-08-05,ICICI-CUST,RECEIVED,TRAIN
TRD102649,2026-08-04,TCS,INE102649,TCS,200,4115.91,823182.0,HDFC-CUST,EQ-CORE-02,BOOKED,2026-08-05,BUY,4115.91,200,2026-08-04,HDFC-CUST,RECEIVED,TRAIN
TRD102650,2026-08-11,TCS,INE102650,TCS,100,4118.55,411855.0,NOMURA-BROKER,EQ-INDEX-04,BOOKED,2026-08-12,BUY,4118.55,100,2026-08-11,NOMURA-BROKER,RECEIVED,TRAIN
TRD102651,2026-08-19,HDFCBANK,INE102651,HDFCBANK,500,1667.44,833720.0,HDFC-CUST,EQ-INDEX-04,BOOKED,2026-08-20,SELL,1699.55,425,2026-08-19,HDFC-CUST,RECEIVED,TRAIN
TRD102652,2026-08-06,SBIN,INE102652,SBIN,500,845.91,422955.0,DEUTSCHE-BROKER,EQ-ALPHA-03,BOOKED,2026-08-07,BUY,845.91,500,2026-08-06,DEUTSCHE-BROKER,RECEIVED,TRAIN
TRD102653,2026-08-03,INFY,INE102653,INFY,750,1884.18,1413135.0,KOTAK-CUST,EQ-CORE-01,BOOKED,2026-08-04,SELL,1884.18,750,2026-08-03,KOTAK-CUST,RECEIVED,TRAIN
TRD102654,2026-08-01,KOTAKBANK,INE102654,KOTAKBANK,250,1963.95,490987.5,MORGANSTANLEY-BROKER,EQ-ALPHA-03,BOOKED,2026-08-02,BUY,1963.95,250,2026-08-01,MORGANSTANLEY-BROKER,RECEIVED,TRAIN
TRD102655,2026-08-01,INFY,INE102655,INFY,750,1887.95,1415962.5,MORGANSTANLEY-BROKER,EQ-CORE-02,BOOKED,2026-08-02,SELL,1887.95,750,2026-08-01,MORGANSTANLEY-BROKER,RECEIVED,TRAIN
TRD102656,2026-08-03,SBIN,INE102656,SBIN,1500,848.47,1272705.0,NOMURA-BROKER,EQ-CORE-01,BOOKED,2026-08-04,BUY,848.47,1500,2026-08-03,NOMURA-BROKER,RECEIVED,TRAIN
TRD102657,2026-08-19,WIPRO,INE102657,WIPRO,1000,608.08,608080.0,DEUTSCHE-BROKER,EQ-CORE-01,BOOKED,2026-08-20,BUY,608.08,1000,2026-08-19,DEUTSCHE-BROKER,RECEIVED,TRAIN
TRD102658,2026-08-09,HDFCBANK,INE102658,HDFCBANK,2000,1668.81,3337620.0,HDFC-CUST,EQ-INDEX-04,BOOKED,2026-08-10,SELL,1696.11,1925,2026-08-09,HDFC-CUST,RECEIVED,TRAIN
TRD102659,2026-08-13,LT,INE102659,LT,1000,3681.61,3681610.0,KOTAK-CUST,EQ-CORE-02,BOOKED,2026-08-14,BUY,3681.61,1000,2026-08-13,KOTAK-CUST,RECEIVED,TRAIN
TRD102660,2026-08-03,MARUTI,INE102660,MARUTI,100,12948.76,1294876.0,NOMURA-BROKER,EQ-CORE-02,BOOKED,2026-08-04,BUY,12948.76,100,2026-08-03,NOMURA-BROKER,RECEIVED,TRAIN
TRD102661,2026-08-14,INFY,INE102661,INFY,2000,1898.43,3796860.0,ICICI-CUST,EQ-ALPHA-03,BOOKED,2026-08-15,BUY,1898.43,2000,2026-08-14,ICICI-CUST,RECEIVED,TEST
TRD102662,2026-08-09,ITC,INE102662,ITC,500,469.17,234585.0,ICICI-CUST,EQ-CORE-02,BOOKED,2026-08-10,BUY,469.17,500,2026-08-09,ICICI-CUST,RECEIVED,TEST
TRD102663,2026-08-19,ITC,INE102663,ITC,200,468.58,93716.0,ICICI-CUST,EQ-INDEX-04,BOOKED,2026-08-20,BUY,468.58,400,2026-08-19,ICICI-CUST,RECEIVED,TRAIN
TRD102664,2026-08-17,INFY,INE102664,INFY,250,1897.11,474277.5,NOMURA-BROKER,EQ-CORE-01,BOOKED,2026-08-18,SELL,1897.11,250,2026-08-18,NOMURA-BROKER,RECEIVED,TRAIN
TRD102665,2026-08-06,SBIN,INE102665,SBIN,750,849.43,637072.5,NOMURA-BROKER,EQ-CORE-01,BOOKED,2026-08-07,BUY,849.43,750,2026-08-06,NOMURA-BROKER,RECEIVED,TEST
TRD102666,2026-08-02,WIPRO,INE102666,WIPRO,750,607.5,455625.0,ICICI-CUST,EQ-CORE-01,BOOKED,2026-08-03,SELL,607.5,650,2026-08-02,ICICI-CUST,RECEIVED,TRAIN
TRD102667,2026-08-19,TATASTEEL,INE102667,TATASTEEL,1500,173.24,259860.0,NOMURA-BROKER,EQ-INDEX-04,BOOKED,2026-08-20,SELL,173.24,1500,2026-08-19,NOMURA-BROKER,RECEIVED,TEST
TRD102668,2026-08-12,BHARTIARTL,INE102668,BHARTIARTL,750,1692.48,1269360.0,DEUTSCHE-BROKER,EQ-ALPHA-03,BOOKED,2026-08-13,SELL,1692.48,750,2026-08-12,KOTAK-CUST,RECEIVED,TRAIN
TRD102669,2026-08-08,ICICIBANK,INE102669,ICICIBANK,1500,1245.06,1867590.0,KOTAK-CUST,EQ-INDEX-04,BOOKED,2026-08-09,BUY,1245.06,1500,2026-08-08,KOTAK-CUST,RECEIVED,TRAIN
TRD102670,2026-08-01,INFY,INE102670,INFY,750,1889.58,1417185.0,ICICI-CUST,EQ-CORE-01,BOOKED,2026-08-02,BUY,1889.58,750,2026-08-01,ICICI-CUST,RECEIVED,TRAIN
TRD102671,2026-08-17,HINDUNILVR,INE102671,HINDUNILVR,200,2753.76,550752.0,ICICI-CUST,EQ-CORE-01,BOOKED,2026-08-18,BUY,2753.76,200,2026-08-17,ICICI-CUST,RECEIVED,TRAIN
TRD102672,2026-08-04,RELIANCE,INE102672,RELIANCE,1500,2852.03,4278045.0,DEUTSCHE-BROKER,EQ-INDEX-04,BOOKED,2026-08-05,SELL,2852.03,1500,2026-08-04,DEUTSCHE-BROKER,RECEIVED,TRAIN
TRD102673,2026-08-14,HINDUNILVR,INE102673,HINDUNILVR,200,2745.3,549060.0,MORGANSTANLEY-BROKER,EQ-CORE-01,BOOKED,2026-08-15,BUY,2745.3,200,2026-08-14,MORGANSTANLEY-BROKER,RECEIVED,TRAIN
TRD102674,2026-08-12,LT,INE102674,LT,200,3691.64,738328.0,DEUTSCHE-BROKER,EQ-CORE-01,BOOKED,2026-08-13,BUY,3691.64,200,2026-08-12,DEUTSCHE-BROKER,RECEIVED,TRAIN
TRD102675,2026-08-04,AXISBANK,INE102675,AXISBANK,100,1184.6,118460.0,KOTAK-CUST,EQ-CORE-01,BOOKED,2026-08-05,SELL,1184.6,100,2026-08-04,KOTAK-CUST,RECEIVED,TRAIN
TRD102676,2026-08-14,TCS,INE102676,TCS,500,4121.09,2060545.0,DEUTSCHE-BROKER,EQ-CORE-01,BOOKED,2026-08-15,BUY,4121.09,500,2026-08-14,DEUTSCHE-BROKER,RECEIVED,TRAIN
TRD102677,2026-08-11,RELIANCE,INE102677,RELIANCE,2000,2856.56,5713120.0,ICICI-CUST,EQ-CORE-01,BOOKED,2026-08-12,SELL,2856.56,2000,2026-08-11,ICICI-CUST,RECEIVED,TRAIN
TRD102678,2026-08-07,SBIN,INE102678,SBIN,750,845.53,634147.5,DEUTSCHE-BROKER,EQ-CORE-02,BOOKED,2026-08-08,BUY,845.53,750,2026-08-07,DEUTSCHE-BROKER,RECEIVED,TRAIN
TRD102679,2026-08-19,WIPRO,INE102679,WIPRO,500,607.45,303725.0,DEUTSCHE-BROKER,EQ-CORE-02,BOOKED,2026-08-20,SELL,607.45,500,2026-08-19,DEUTSCHE-BROKER,RECEIVED,TRAIN
TRD102680,2026-08-14,LT,INE102680,LT,1000,3678.19,3678190.0,MORGANSTANLEY-BROKER,EQ-ALPHA-03,BOOKED,2026-08-15,SELL,3678.19,1000,2026-08-14,MORGANSTANLEY-BROKER,RECEIVED,TRAIN
TRD102681,2026-08-01,RELIANCE,INE102681,RELIANCE,500,2839.68,1419840.0,KOTAK-CUST,EQ-CORE-02,BOOKED,2026-08-02,BUY,2839.68,500,2026-08-01,KOTAK-CUST,RECEIVED,TRAIN
TRD102682,2026-08-15,AXISBANK,INE102682,AXISBANK,1500,1176.2,1764300.0,KOTAK-CUST,EQ-INDEX-04,BOOKED,2026-08-16,SELL,1176.2,1500,2026-08-15,KOTAK-CUST,RECEIVED,TRAIN
TRD102683,2026-08-19,BHARTIARTL,INE102683,BHARTIARTL,250,1683.28,420820.0,ICICI-CUST,EQ-CORE-02,BOOKED,2026-08-20,BUY,1683.28,250,2026-08-19,ICICI-CUST,RECEIVED,TRAIN
TRD102684,2026-08-02,WIPRO,INE102684,WIPRO,2000,607.41,1214820.0,KOTAK-CUST,EQ-INDEX-04,BOOKED,2026-08-03,SELL,607.41,2000,2026-08-02,KOTAK-CUST,RECEIVED,TRAIN
TRD102685,2026-08-11,BHARTIARTL,INE102685,BHARTIARTL,200,1687.2,337440.0,NOMURA-BROKER,EQ-CORE-01,BOOKED,2026-08-12,BUY,1687.2,200,2026-08-11,NOMURA-BROKER,RECEIVED,TRAIN
TRD102686,2026-08-19,HINDUNILVR,INE102686,HINDUNILVR,200,2733.26,546652.0,DEUTSCHE-BROKER,EQ-INDEX-04,BOOKED,2026-08-20,BUY,2733.26,200,2026-08-19,DEUTSCHE-BROKER,RECEIVED,TRAIN
TRD102687,2026-08-21,TATASTEEL,INE102687,TATASTEEL,750,171.65,128737.5,KOTAK-CUST,EQ-CORE-02,BOOKED,2026-08-22,BUY,173.52,675,2026-08-21,KOTAK-CUST,RECEIVED,TRAIN
TRD102688,2026-08-11,MARUTI,INE102688,MARUTI,750,12989.63,9742222.5,HDFC-CUST,EQ-CORE-01,BOOKED,2026-08-12,SELL,12989.63,750,2026-08-11,HDFC-CUST,RECEIVED,TRAIN
TRD102689,2026-08-20,HINDUNILVR,INE102689,HINDUNILVR,250,2733.03,683257.5,MORGANSTANLEY-BROKER,EQ-CORE-01,BOOKED,2026-08-21,SELL,2733.03,250,2026-08-20,MORGANSTANLEY-BROKER,RECEIVED,TRAIN
TRD102690,2026-08-13,KOTAKBANK,INE102690,KOTAKBANK,2000,1964.1,3928200.0,MORGANSTANLEY-BROKER,EQ-INDEX-04,BOOKED,2026-08-14,BUY,1964.1,2000,2026-08-13,MORGANSTANLEY-BROKER,RECEIVED,TRAIN
TRD102691,2026-08-19,KOTAKBANK,INE102691,KOTAKBANK,200,1949.81,389962.0,DEUTSCHE-BROKER,EQ-CORE-01,BOOKED,2026-08-20,SELL,1949.81,200,2026-08-19,DEUTSCHE-BROKER,RECEIVED,TRAIN
TRD102692,2026-08-13,BHARTIARTL,INE102692,BHARTIARTL,750,1683.67,1262752.5,ICICI-CUST,EQ-CORE-02,BOOKED,2026-08-14,BUY,1683.67,750,2026-08-13,ICICI-CUST,RECEIVED,TRAIN
TRD102693,2026-08-16,ITC,INE102693,ITC,750,471.02,353265.0,DEUTSCHE-BROKER,EQ-ALPHA-03,BOOKED,2026-08-17,BUY,471.02,750,2026-08-16,DEUTSCHE-BROKER,RECEIVED,TRAIN
TRD102694,2026-08-14,HDFCBANK,INE102694,HDFCBANK,250,1679.59,419897.5,HDFC-CUST,EQ-CORE-02,BOOKED,2026-08-15,SELL,1679.59,250,2026-08-14,HDFC-CUST,RECEIVED,TRAIN
TRD102695,2026-08-15,AXISBANK,INE102695,AXISBANK,200,1186.1,237220.0,ICICI-CUST,EQ-CORE-01,BOOKED,2026-08-16,SELL,1186.1,200,2026-08-15,ICICI-CUST,RECEIVED,TRAIN
TRD102696,2026-08-05,INFY,INE102696,INFY,1500,1896.88,2845320.0,ICICI-CUST,EQ-CORE-02,BOOKED,2026-08-06,SELL,1896.88,1500,2026-08-05,ICICI-CUST,RECEIVED,TRAIN
TRD102697,2026-08-18,RELIANCE,INE102697,RELIANCE,2000,2859.62,5719240.0,HDFC-CUST,EQ-CORE-01,BOOKED,2026-08-19,BUY,2859.62,2000,2026-08-18,HDFC-CUST,RECEIVED,TEST
TRD102698,2026-08-01,BHARTIARTL,INE102698,BHARTIARTL,100,1696.16,169616.0,NOMURA-BROKER,EQ-ALPHA-03,BOOKED,2026-08-02,BUY,1696.16,100,2026-08-01,NOMURA-BROKER,RECEIVED,TRAIN
TRD102699,2026-08-20,MARUTI,INE102699,MARUTI,200,12945.63,2589126.0,MORGANSTANLEY-BROKER,EQ-INDEX-04,BOOKED,2026-08-21,BUY,12945.63,200,2026-08-20,MORGANSTANLEY-BROKER,RECEIVED,TRAIN
TRD102700,2026-08-15,TATASTEEL,INE102700,TATASTEEL,200,171.73,34346.0,ICICI-CUST,EQ-ALPHA-03,BOOKED,2026-08-16,BUY,171.73,200,2026-08-15,ICICI-CUST,RECEIVED,TEST
TRD102701,2026-08-13,MARUTI,INE102701,MARUTI,200,13041.07,2608214.0,KOTAK-CUST,EQ-ALPHA-03,BOOKED,2026-08-14,BUY,13041.07,200,2026-08-13,KOTAK-CUST,RECEIVED,TRAIN
TRD102702,2026-08-12,INFY,INE102702,INFY,200,1889.38,377876.0,MORGANSTANLEY-BROKER,EQ-CORE-02,BOOKED,2026-08-13,SELL,1889.38,200,2026-08-12,MORGANSTANLEY-BROKER,RECEIVED,TEST
TRD102703,2026-08-01,LT,INE102703,LT,1000,3677.86,3677860.0,MORGANSTANLEY-BROKER,EQ-CORE-02,BOOKED,2026-08-02,BUY,3677.86,1000,2026-08-01,MORGANSTANLEY-BROKER,RECEIVED,TRAIN
TRD102704,2026-08-02,HINDUNILVR,INE102704,HINDUNILVR,100,2739.0,273900.0,DEUTSCHE-BROKER,EQ-INDEX-04,BOOKED,2026-08-03,SELL,2739.0,100,2026-08-02,DEUTSCHE-BROKER,RECEIVED,TRAIN
TRD102705,2026-08-06,ITC,INE102705,ITC,200,470.44,94088.0,HDFC-CUST,EQ-INDEX-04,BOOKED,2026-08-07,BUY,470.44,200,2026-08-06,HDFC-CUST,RECEIVED,TRAIN
TRD102706,2026-08-21,ICICIBANK,INE102706,ICICIBANK,1500,1235.73,1853595.0,NOMURA-BROKER,EQ-CORE-01,BOOKED,2026-08-22,BUY,1235.73,1500,2026-08-21,NOMURA-BROKER,RECEIVED,TRAIN
TRD102707,2026-08-19,LT,INE102707,LT,2000,3686.57,7373140.0,KOTAK-CUST,EQ-CORE-02,BOOKED,2026-08-20,SELL,3686.57,2000,2026-08-19,KOTAK-CUST,RECEIVED,TRAIN
TRD102708,2026-08-13,LT,INE102708,LT,250,3678.8,919700.0,MORGANSTANLEY-BROKER,EQ-INDEX-04,BOOKED,2026-08-14,BUY,3678.8,250,2026-08-13,MORGANSTANLEY-BROKER,RECEIVED,TRAIN
TRD102709,2026-08-08,ICICIBANK,INE102709,ICICIBANK,100,1241.9,124190.0,NOMURA-BROKER,EQ-CORE-01,BOOKED,2026-08-09,SELL,1241.9,100,2026-08-08,NOMURA-BROKER,RECEIVED,TEST
TRD102710,2026-08-14,TATASTEEL,INE102710,TATASTEEL,200,172.95,34590.0,ICICI-CUST,EQ-ALPHA-03,BOOKED,2026-08-15,SELL,172.95,200,2026-08-14,ICICI-CUST,RECEIVED,TRAIN
TRD102711,2026-08-21,RELIANCE,INE102711,RELIANCE,2000,2861.89,5723780.0,HDFC-CUST,EQ-CORE-02,BOOKED,2026-08-22,SELL,2861.89,2000,2026-08-21,HDFC-CUST,RECEIVED,TRAIN
TRD102712,2026-08-13,ICICIBANK,INE102712,ICICIBANK,500,1238.73,619365.0,KOTAK-CUST,EQ-CORE-01,BOOKED,2026-08-14,SELL,1238.73,500,2026-08-13,KOTAK-CUST,RECEIVED,TEST
TRD102713,2026-08-21,AXISBANK,INE102713,AXISBANK,1500,1176.49,1764735.0,ICICI-CUST,EQ-INDEX-04,BOOKED,2026-08-22,SELL,1176.49,1500,2026-08-21,ICICI-CUST,RECEIVED,TRAIN
TRD102714,2026-08-08,MARUTI,INE102714,MARUTI,1500,12964.91,19447365.0,NOMURA-BROKER,EQ-ALPHA-03,BOOKED,2026-08-09,SELL,12964.91,1500,2026-08-08,NOMURA-BROKER,RECEIVED,TRAIN
TRD102715,2026-08-10,RELIANCE,INE102715,RELIANCE,750,2849.16,2136870.0,HDFC-CUST,EQ-CORE-01,BOOKED,2026-08-11,SELL,2849.16,750,2026-08-10,HDFC-CUST,RECEIVED,TRAIN
TRD102716,2026-08-04,RELIANCE,INE102716,RELIANCE,250,2852.23,713057.5,DEUTSCHE-BROKER,EQ-CORE-02,BOOKED,2026-08-05,BUY,2852.23,250,2026-08-04,DEUTSCHE-BROKER,RECEIVED,TRAIN
TRD102717,2026-08-08,TATASTEEL,INE102717,TATASTEEL,1000,172.59,172590.0,NOMURA-BROKER,EQ-INDEX-04,BOOKED,2026-08-09,SELL,172.59,1000,2026-08-08,NOMURA-BROKER,RECEIVED,TRAIN
TRD102718,2026-08-19,LT,INE102718,LT,250,3661.76,915440.0,HDFC-CUST,EQ-ALPHA-03,BOOKED,2026-08-20,SELL,3661.76,250,2026-08-19,HDFC-CUST,RECEIVED,TRAIN
TRD102719,2026-08-14,LT,INE102719,LT,500,3684.35,1842175.0,HDFC-CUST,EQ-ALPHA-03,BOOKED,2026-08-15,SELL,3684.35,500,2026-08-14,HDFC-CUST,RECEIVED,TRAIN
TRD102720,2026-08-17,ITC,INE102720,ITC,250,471.2,117800.0,DEUTSCHE-BROKER,EQ-CORE-01,BOOKED,2026-08-18,SELL,476.25,325,2026-08-17,DEUTSCHE-BROKER,RECEIVED,TEST
TRD102721,2026-08-03,RELIANCE,INE102721,RELIANCE,200,2838.79,567758.0,HDFC-CUST,EQ-CORE-01,BOOKED,2026-08-04,BUY,2838.79,200,2026-08-03,HDFC-CUST,RECEIVED,TRAIN
TRD102722,2026-08-07,SBIN,INE102722,SBIN,250,849.82,212455.0,NOMURA-BROKER,EQ-INDEX-04,BOOKED,2026-08-08,BUY,849.82,250,2026-08-08,NOMURA-BROKER,RECEIVED,TRAIN
TRD102723,2026-08-14,HDFCBANK,INE102723,HDFCBANK,500,1674.78,837390.0,ICICI-CUST,EQ-ALPHA-03,BOOKED,2026-08-15,BUY,1674.78,500,2026-08-14,ICICI-CUST,RECEIVED,TEST
TRD102724,2026-08-11,HDFCBANK,INE102724,HDFCBANK,100,1682.21,168221.0,MORGANSTANLEY-BROKER,EQ-CORE-01,BOOKED,2026-08-12,SELL,1682.21,100,2026-08-11,MORGANSTANLEY-BROKER,RECEIVED,TRAIN
TRD102725,2026-08-12,SBIN,INE102725,SBIN,100,849.07,84907.0,KOTAK-CUST,EQ-ALPHA-03,BOOKED,2026-08-13,SELL,849.07,100,2026-08-12,KOTAK-CUST,RECEIVED,TRAIN
TRD102726,2026-08-04,INFY,INE102726,INFY,750,1883.2,1412400.0,DEUTSCHE-BROKER,EQ-ALPHA-03,BOOKED,2026-08-05,BUY,1883.2,750,2026-08-04,DEUTSCHE-BROKER,RECEIVED,TEST
TRD102727,2026-08-09,MARUTI,INE102727,MARUTI,500,13005.57,6502785.0,ICICI-CUST,EQ-INDEX-04,BOOKED,2026-08-10,SELL,13005.57,500,2026-08-09,ICICI-CUST,RECEIVED,TEST
TRD102728,2026-08-16,MARUTI,INE102728,MARUTI,200,12976.11,2595222.0,NOMURA-BROKER,EQ-CORE-01,BOOKED,2026-08-17,BUY,12976.11,200,2026-08-16,NOMURA-BROKER,RECEIVED,TRAIN
TRD102729,2026-08-19,WIPRO,INE102729,WIPRO,750,610.93,458197.5,MORGANSTANLEY-BROKER,EQ-CORE-01,BOOKED,2026-08-20,BUY,610.93,750,2026-08-19,MORGANSTANLEY-BROKER,RECEIVED,TRAIN
TRD102730,2026-08-18,MARUTI,INE102730,MARUTI,1500,12975.03,19462545.0,HDFC-CUST,EQ-CORE-01,BOOKED,2026-08-19,SELL,12975.03,1500,2026-08-18,HDFC-CUST,RECEIVED,TRAIN
TRD102731,2026-08-17,TCS,INE102731,TCS,2000,4111.31,8222620.0,ICICI-CUST,EQ-CORE-02,BOOKED,2026-08-18,SELL,4111.31,2000,2026-08-17,ICICI-CUST,RECEIVED,TRAIN
TRD102732,2026-08-21,AXISBANK,INE102732,AXISBANK,250,1185.2,296300.0,DEUTSCHE-BROKER,EQ-ALPHA-03,BOOKED,2026-08-22,SELL,1185.2,250,2026-08-21,DEUTSCHE-BROKER,RECEIVED,TRAIN
TRD102733,2026-08-19,AXISBANK,INE102733,AXISBANK,500,1182.6,591300.0,DEUTSCHE-BROKER,EQ-INDEX-04,BOOKED,2026-08-20,SELL,1182.6,500,2026-08-19,DEUTSCHE-BROKER,RECEIVED,TRAIN
TRD102734,2026-08-03,TATASTEEL,INE102734,TATASTEEL,1500,172.57,258855.0,KOTAK-CUST,EQ-ALPHA-03,BOOKED,2026-08-04,SELL,172.57,1450,2026-08-03,KOTAK-CUST,RECEIVED,TRAIN
TRD102735,2026-08-20,SBIN,INE102735,SBIN,100,842.31,84231.0,HDFC-CUST,EQ-CORE-02,BOOKED,2026-08-21,BUY,842.31,100,2026-08-20,HDFC-CUST,RECEIVED,TRAIN
TRD102736,2026-08-08,MARUTI,INE102736,MARUTI,2000,13044.21,26088420.0,NOMURA-BROKER,EQ-INDEX-04,BOOKED,2026-08-09,BUY,13044.21,2000,2026-08-08,NOMURA-BROKER,RECEIVED,TEST
TRD102737,2026-08-03,SBIN,INE102737,SBIN,200,841.97,168394.0,DEUTSCHE-BROKER,EQ-CORE-01,BOOKED,2026-08-04,BUY,841.97,200,2026-08-03,DEUTSCHE-BROKER,RECEIVED,TRAIN
TRD102738,2026-08-11,MARUTI,INE102738,MARUTI,1500,12941.99,19412985.0,HDFC-CUST,EQ-INDEX-04,BOOKED,2026-08-12,BUY,12678.37,1500,2026-08-11,HDFC-CUST,RECEIVED,TEST
TRD102739,2026-08-20,TCS,INE102739,TCS,750,4113.65,3085237.5,ICICI-CUST,EQ-INDEX-04,BOOKED,2026-08-21,SELL,4113.65,750,2026-08-20,ICICI-CUST,RECEIVED,TEST
TRD102740,2026-08-21,RELIANCE,INE102740,RELIANCE,100,2836.95,283695.0,NOMURA-BROKER,EQ-ALPHA-03,BOOKED,2026-08-22,BUY,2836.95,100,2026-08-21,NOMURA-BROKER,RECEIVED,TRAIN
TRD102741,2026-08-10,ICICIBANK,INE102741,ICICIBANK,750,1236.82,927615.0,DEUTSCHE-BROKER,EQ-INDEX-04,BOOKED,2026-08-11,SELL,1236.82,750,2026-08-10,DEUTSCHE-BROKER,RECEIVED,TRAIN
TRD102742,2026-08-14,HINDUNILVR,INE102742,HINDUNILVR,1500,2743.71,4115565.0,ICICI-CUST,EQ-ALPHA-03,BOOKED,2026-08-15,SELL,2743.71,1500,2026-08-14,ICICI-CUST,RECEIVED,TRAIN
TRD102743,2026-08-10,ICICIBANK,INE102743,ICICIBANK,250,1234.77,308692.5,KOTAK-CUST,EQ-INDEX-04,BOOKED,2026-08-11,SELL,1234.77,250,2026-08-10,KOTAK-CUST,RECEIVED,TEST
TRD102744,2026-08-01,ITC,INE102744,ITC,2000,468.15,936300.0,MORGANSTANLEY-BROKER,EQ-INDEX-04,BOOKED,2026-08-02,SELL,468.15,2000,2026-08-01,MORGANSTANLEY-BROKER,RECEIVED,TRAIN
TRD102745,2026-08-07,HINDUNILVR,INE102745,HINDUNILVR,1000,2758.36,2758360.0,MORGANSTANLEY-BROKER,EQ-CORE-01,BOOKED,2026-08-08,SELL,2758.36,1000,2026-08-07,MORGANSTANLEY-BROKER,RECEIVED,TEST
TRD102746,2026-08-12,INFY,INE102746,INFY,500,1897.05,948525.0,KOTAK-CUST,EQ-INDEX-04,BOOKED,2026-08-13,SELL,1897.05,500,2026-08-12,KOTAK-CUST,RECEIVED,TRAIN
TRD102747,2026-08-06,HINDUNILVR,INE102747,HINDUNILVR,250,2755.33,688832.5,DEUTSCHE-BROKER,EQ-ALPHA-03,BOOKED,2026-08-07,SELL,2755.33,250,2026-08-07,DEUTSCHE-BROKER,RECEIVED,TEST
TRD102748,2026-08-11,RELIANCE,INE102748,RELIANCE,200,2847.55,569510.0,MORGANSTANLEY-BROKER,EQ-ALPHA-03,BOOKED,2026-08-12,BUY,2847.55,200,2026-08-11,NOMURA-BROKER,RECEIVED,TRAIN
TRD102749,2026-08-14,TATASTEEL,INE102749,TATASTEEL,100,171.6,17160.0,HDFC-CUST,EQ-CORE-02,BOOKED,2026-08-15,BUY,171.6,100,2026-08-14,HDFC-CUST,RECEIVED,TEST
TRD102750,2026-08-15,INFY,INE102750,INFY,250,1886.41,471602.5,DEUTSCHE-BROKER,EQ-INDEX-04,BOOKED,2026-08-16,SELL,1886.41,250,2026-08-15,DEUTSCHE-BROKER,RECEIVED,TRAIN
TRD102751,2026-08-11,ICICIBANK,INE102751,ICICIBANK,1500,1236.26,1854390.0,MORGANSTANLEY-BROKER,EQ-CORE-01,BOOKED,2026-08-12,SELL,1236.26,1500,2026-08-11,MORGANSTANLEY-BROKER,RECEIVED,TRAIN
TRD102752,2026-08-09,RELIANCE,INE102752,RELIANCE,200,2838.5,567700.0,NOMURA-BROKER,EQ-CORE-01,BOOKED,2026-08-10,BUY,2838.5,200,2026-08-10,NOMURA-BROKER,RECEIVED,TRAIN
TRD102753,2026-08-17,SBIN,INE102753,SBIN,750,845.88,634410.0,NOMURA-BROKER,EQ-INDEX-04,BOOKED,2026-08-18,BUY,845.88,750,2026-08-17,NOMURA-BROKER,RECEIVED,TRAIN
TRD102754,2026-08-19,RELIANCE,INE102754,RELIANCE,100,2839.34,283934.0,MORGANSTANLEY-BROKER,EQ-INDEX-04,BOOKED,2026-08-20,SELL,2839.34,100,2026-08-19,MORGANSTANLEY-BROKER,RECEIVED,TRAIN
TRD102755,2026-08-05,WIPRO,INE102755,WIPRO,2000,613.35,1226700.0,HDFC-CUST,EQ-CORE-01,BOOKED,2026-08-06,BUY,613.35,2000,2026-08-05,HDFC-CUST,RECEIVED,TRAIN
TRD102756,2026-08-01,AXISBANK,INE102756,AXISBANK,1000,1179.59,1179590.0,KOTAK-CUST,EQ-INDEX-04,BOOKED,2026-08-02,BUY,1179.59,1000,2026-08-01,KOTAK-CUST,RECEIVED,TRAIN
TRD102757,2026-08-06,WIPRO,INE102757,WIPRO,1500,612.14,918210.0,NOMURA-BROKER,EQ-INDEX-04,BOOKED,2026-08-07,BUY,612.14,1500,2026-08-06,NOMURA-BROKER,RECEIVED,TRAIN
TRD102758,2026-08-02,INFY,INE102758,INFY,200,1898.23,379646.0,HDFC-CUST,EQ-ALPHA-03,BOOKED,2026-08-03,BUY,1898.23,200,2026-08-02,HDFC-CUST,RECEIVED,TEST
TRD102759,2026-08-14,WIPRO,INE102759,WIPRO,2000,609.39,1218780.0,KOTAK-CUST,EQ-INDEX-04,BOOKED,2026-08-15,BUY,609.39,2000,2026-08-14,KOTAK-CUST,RECEIVED,TRAIN
TRD102760,2026-08-21,ITC,INE102760,ITC,1000,471.12,471120.0,HDFC-CUST,EQ-ALPHA-03,BOOKED,2026-08-22,SELL,471.12,1000,2026-08-21,HDFC-CUST,RECEIVED,TRAIN
TRD102761,2026-08-04,LT,INE102761,LT,250,3673.15,918287.5,NOMURA-BROKER,EQ-CORE-02,BOOKED,2026-08-05,SELL,3673.15,300,2026-08-04,NOMURA-BROKER,RECEIVED,TRAIN
TRD102762,2026-08-09,TATASTEEL,INE102762,TATASTEEL,750,172.21,129157.5,ICICI-CUST,EQ-CORE-01,BOOKED,2026-08-10,SELL,172.21,750,2026-08-09,ICICI-CUST,RECEIVED,TRAIN
TRD102763,2026-08-10,ICICIBANK,INE102763,ICICIBANK,750,1242.7,932025.0,NOMURA-BROKER,EQ-INDEX-04,BOOKED,2026-08-11,SELL,1242.7,750,2026-08-10,NOMURA-BROKER,RECEIVED,TRAIN
TRD102764,2026-08-03,WIPRO,INE102764,WIPRO,250,612.61,153152.5,ICICI-CUST,EQ-CORE-02,BOOKED,2026-08-04,BUY,612.61,250,2026-08-03,ICICI-CUST,RECEIVED,TRAIN
TRD102765,2026-08-18,INFY,INE102765,INFY,2000,1886.24,3772480.0,MORGANSTANLEY-BROKER,EQ-INDEX-04,BOOKED,2026-08-19,BUY,1886.24,2000,2026-08-18,MORGANSTANLEY-BROKER,RECEIVED,TRAIN
TRD102766,2026-08-13,ITC,INE102766,ITC,2000,470.78,941560.0,HDFC-CUST,EQ-CORE-02,BOOKED,2026-08-14,SELL,470.78,2000,2026-08-13,HDFC-CUST,RECEIVED,TRAIN
TRD102767,2026-08-01,KOTAKBANK,INE102767,KOTAKBANK,250,1955.49,488872.5,HDFC-CUST,EQ-INDEX-04,BOOKED,2026-08-02,BUY,1955.49,250,2026-08-01,HDFC-CUST,RECEIVED,TEST
TRD102768,2026-08-12,MARUTI,INE102768,MARUTI,200,13031.63,2606326.0,NOMURA-BROKER,EQ-CORE-01,BOOKED,2026-08-13,BUY,13031.63,200,2026-08-12,NOMURA-BROKER,RECEIVED,TRAIN
TRD102769,2026-08-13,HINDUNILVR,INE102769,HINDUNILVR,200,2748.53,549706.0,HDFC-CUST,EQ-CORE-01,BOOKED,2026-08-14,SELL,2748.53,200,2026-08-13,HDFC-CUST,RECEIVED,TRAIN
TRD102770,2026-08-20,SBIN,INE102770,SBIN,500,841.65,420825.0,HDFC-CUST,EQ-ALPHA-03,BOOKED,2026-08-21,BUY,841.65,500,2026-08-20,HDFC-CUST,RECEIVED,TRAIN
TRD102771,2026-08-08,ICICIBANK,INE102771,ICICIBANK,500,1238.7,619350.0,KOTAK-CUST,EQ-CORE-01,BOOKED,2026-08-09,BUY,1238.7,500,2026-08-08,KOTAK-CUST,RECEIVED,TRAIN
TRD102772,2026-08-13,MARUTI,INE102772,MARUTI,200,12981.91,2596382.0,DEUTSCHE-BROKER,EQ-INDEX-04,BOOKED,2026-08-14,SELL,12981.91,200,2026-08-13,DEUTSCHE-BROKER,RECEIVED,TEST
TRD102773,2026-08-12,LT,INE102773,LT,200,3692.76,738552.0,HDFC-CUST,EQ-ALPHA-03,BOOKED,2026-08-13,SELL,3692.76,200,2026-08-12,HDFC-CUST,RECEIVED,TRAIN
TRD102774,2026-08-14,ICICIBANK,INE102774,ICICIBANK,1000,1237.84,1237840.0,ICICI-CUST,EQ-CORE-02,BOOKED,2026-08-15,SELL,1256.17,1075,2026-08-14,ICICI-CUST,RECEIVED,TRAIN
TRD102775,2026-08-20,WIPRO,INE102775,WIPRO,200,610.2,122040.0,HDFC-CUST,EQ-INDEX-04,BOOKED,2026-08-21,BUY,610.2,200,2026-08-21,HDFC-CUST,RECEIVED,TRAIN
TRD102776,2026-08-20,RELIANCE,INE102776,RELIANCE,1000,2843.12,2843120.0,ICICI-CUST,EQ-CORE-02,BOOKED,2026-08-21,SELL,2843.12,1000,2026-08-20,ICICI-CUST,RECEIVED,TRAIN
TRD102777,2026-08-13,LT,INE102777,LT,750,3693.92,2770440.0,MORGANSTANLEY-BROKER,EQ-INDEX-04,BOOKED,2026-08-14,BUY,3693.92,750,2026-08-13,MORGANSTANLEY-BROKER,RECEIVED,TEST
TRD102778,2026-08-11,TATASTEEL,INE102778,TATASTEEL,100,172.12,17212.0,DEUTSCHE-BROKER,EQ-CORE-02,BOOKED,2026-08-12,SELL,172.12,100,2026-08-11,DEUTSCHE-BROKER,RECEIVED,TRAIN
TRD102779,2026-08-05,TCS,INE102779,TCS,750,4134.75,3101062.5,KOTAK-CUST,EQ-INDEX-04,BOOKED,2026-08-06,BUY,4134.75,750,2026-08-05,KOTAK-CUST,RECEIVED,TRAIN
TRD102780,2026-08-20,RELIANCE,INE102780,RELIANCE,200,2860.81,572162.0,MORGANSTANLEY-BROKER,EQ-INDEX-04,BOOKED,2026-08-21,SELL,2860.81,200,2026-08-20,MORGANSTANLEY-BROKER,RECEIVED,TEST
TRD102781,2026-08-07,INFY,INE102781,INFY,750,1883.35,1412512.5,MORGANSTANLEY-BROKER,EQ-CORE-02,BOOKED,2026-08-08,SELL,1883.35,750,2026-08-07,MORGANSTANLEY-BROKER,RECEIVED,TRAIN
TRD102782,2026-08-04,INFY,INE102782,INFY,500,1885.35,942675.0,HDFC-CUST,EQ-CORE-01,BOOKED,2026-08-05,SELL,1885.35,500,2026-08-04,HDFC-CUST,RECEIVED,TRAIN
TRD102783,2026-08-06,RELIANCE,INE102783,RELIANCE,1500,2862.47,4293705.0,MORGANSTANLEY-BROKER,EQ-CORE-02,BOOKED,2026-08-07,BUY,2862.47,1500,2026-08-06,MORGANSTANLEY-BROKER,RECEIVED,TEST
TRD102784,2026-08-18,LT,INE102784,LT,100,3687.94,368794.0,HDFC-CUST,EQ-CORE-02,BOOKED,2026-08-19,BUY,3687.94,100,2026-08-18,HDFC-CUST,RECEIVED,TEST
TRD102785,2026-08-01,TCS,INE102785,TCS,100,4133.78,413378.0,HDFC-CUST,EQ-CORE-02,BOOKED,2026-08-02,BUY,4133.78,100,2026-08-01,HDFC-CUST,RECEIVED,TRAIN
TRD102786,2026-08-17,TATASTEEL,INE102786,TATASTEEL,100,171.62,17162.0,DEUTSCHE-BROKER,EQ-INDEX-04,BOOKED,2026-08-18,SELL,171.62,100,2026-08-17,DEUTSCHE-BROKER,RECEIVED,TRAIN
TRD102787,2026-08-01,BHARTIARTL,INE102787,BHARTIARTL,200,1682.71,336542.0,MORGANSTANLEY-BROKER,EQ-INDEX-04,BOOKED,2026-08-02,SELL,1644.71,200,2026-08-01,MORGANSTANLEY-BROKER,RECEIVED,TEST
TRD102788,2026-08-10,TCS,INE102788,TCS,100,4122.72,412272.0,HDFC-CUST,EQ-ALPHA-03,BOOKED,2026-08-11,SELL,,,,,MISSING,TEST
TRD102789,2026-08-08,HINDUNILVR,INE102789,HINDUNILVR,200,2739.8,547960.0,MORGANSTANLEY-BROKER,EQ-ALPHA-03,BOOKED,2026-08-09,SELL,2739.8,200,2026-08-08,MORGANSTANLEY-BROKER,RECEIVED,TEST
TRD102790,2026-08-03,KOTAKBANK,INE102790,KOTAKBANK,500,1958.46,979230.0,MORGANSTANLEY-BROKER,EQ-CORE-01,BOOKED,2026-08-04,SELL,1958.46,500,2026-08-03,MORGANSTANLEY-BROKER,RECEIVED,TRAIN
TRD102791,2026-08-18,ICICIBANK,INE102791,ICICIBANK,1500,1244.31,1866465.0,NOMURA-BROKER,EQ-CORE-02,BOOKED,2026-08-19,BUY,1244.31,1500,2026-08-18,NOMURA-BROKER,RECEIVED,TRAIN
TRD102792,2026-08-19,SBIN,INE102792,SBIN,750,844.83,633622.5,KOTAK-CUST,EQ-CORE-01,BOOKED,2026-08-20,BUY,844.83,750,2026-08-19,KOTAK-CUST,RECEIVED,TRAIN
TRD102793,2026-08-01,RELIANCE,INE102793,RELIANCE,500,2857.15,1428575.0,DEUTSCHE-BROKER,EQ-INDEX-04,BOOKED,2026-08-02,BUY,2857.15,500,2026-08-01,DEUTSCHE-BROKER,RECEIVED,TRAIN
TRD102794,2026-08-09,RELIANCE,INE102794,RELIANCE,1000,2859.55,2859550.0,KOTAK-CUST,EQ-INDEX-04,BOOKED,2026-08-10,SELL,2859.55,1000,2026-08-09,KOTAK-CUST,RECEIVED,TRAIN
TRD102795,2026-08-02,MARUTI,INE102795,MARUTI,200,12958.12,2591624.0,DEUTSCHE-BROKER,EQ-INDEX-04,BOOKED,2026-08-03,SELL,12958.12,200,2026-08-03,DEUTSCHE-BROKER,RECEIVED,TRAIN
TRD102796,2026-08-01,BHARTIARTL,INE102796,BHARTIARTL,750,1683.5,1262625.0,NOMURA-BROKER,EQ-INDEX-04,BOOKED,2026-08-02,SELL,1683.5,750,2026-08-01,NOMURA-BROKER,RECEIVED,TRAIN
TRD102797,2026-08-08,ICICIBANK,INE102797,ICICIBANK,200,1243.39,248678.0,KOTAK-CUST,EQ-CORE-01,BOOKED,2026-08-09,SELL,1243.39,200,2026-08-08,KOTAK-CUST,RECEIVED,TRAIN
TRD102798,2026-08-20,LT,INE102798,LT,1000,3665.45,3665450.0,MORGANSTANLEY-BROKER,EQ-ALPHA-03,BOOKED,2026-08-21,SELL,3665.45,1000,2026-08-20,MORGANSTANLEY-BROKER,RECEIVED,TRAIN
TRD102799,2026-08-18,RELIANCE,INE102799,RELIANCE,100,2846.72,284672.0,HDFC-CUST,EQ-INDEX-04,BOOKED,2026-08-19,SELL,2846.72,100,2026-08-18,HDFC-CUST,RECEIVED,TRAIN
TRD102800,2026-08-05,LT,INE102800,LT,500,3672.58,1836290.0,DEUTSCHE-BROKER,EQ-INDEX-04,BOOKED,2026-08-06,BUY,3672.58,500,2026-08-05,DEUTSCHE-BROKER,RECEIVED,TEST
TRD102801,2026-08-17,BHARTIARTL,INE102801,BHARTIARTL,2000,1695.22,3390440.0,HDFC-CUST,EQ-INDEX-04,BOOKED,2026-08-18,BUY,1695.22,2000,2026-08-17,HDFC-CUST,RECEIVED,TEST
TRD102802,2026-08-03,ITC,INE102802,ITC,2000,470.22,940440.0,KOTAK-CUST,EQ-CORE-01,BOOKED,2026-08-04,SELL,470.22,2000,2026-08-03,KOTAK-CUST,RECEIVED,TRAIN
TRD102803,2026-08-15,HINDUNILVR,INE102803,HINDUNILVR,1500,2736.83,4105245.0,ICICI-CUST,EQ-INDEX-04,BOOKED,2026-08-16,SELL,2736.83,1500,2026-08-15,HDFC-CUST,RECEIVED,TRAIN
TRD102804,2026-08-03,RELIANCE,INE102804,RELIANCE,500,2839.85,1419925.0,HDFC-CUST,EQ-INDEX-04,BOOKED,2026-08-04,SELL,2839.85,500,2026-08-03,HDFC-CUST,RECEIVED,TRAIN
TRD102805,2026-08-10,ITC,INE102805,ITC,250,468.34,117085.0,ICICI-CUST,EQ-CORE-01,BOOKED,2026-08-11,SELL,468.34,250,2026-08-10,ICICI-CUST,RECEIVED,TRAIN
TRD102806,2026-08-15,TATASTEEL,INE102806,TATASTEEL,250,173.21,43302.5,KOTAK-CUST,EQ-ALPHA-03,BOOKED,2026-08-16,SELL,176.61,175,2026-08-15,KOTAK-CUST,RECEIVED,TRAIN
TRD102807,2026-08-10,TCS,INE102807,TCS,2000,4120.2,8240400.0,NOMURA-BROKER,EQ-CORE-01,BOOKED,2026-08-11,BUY,4120.2,2000,2026-08-10,NOMURA-BROKER,RECEIVED,TEST
TRD102808,2026-08-06,ITC,INE102808,ITC,750,468.36,351270.0,ICICI-CUST,EQ-CORE-01,BOOKED,2026-08-07,BUY,468.36,750,2026-08-06,ICICI-CUST,RECEIVED,TRAIN
TRD102809,2026-08-19,ICICIBANK,INE102809,ICICIBANK,200,1242.15,248430.0,DEUTSCHE-BROKER,EQ-CORE-02,BOOKED,2026-08-20,SELL,1242.15,200,2026-08-19,HDFC-CUST,RECEIVED,TRAIN
TRD102810,2026-08-20,ICICIBANK,INE102810,ICICIBANK,250,1236.62,309155.0,DEUTSCHE-BROKER,EQ-ALPHA-03,BOOKED,2026-08-21,BUY,1236.62,250,2026-08-20,DEUTSCHE-BROKER,RECEIVED,TRAIN
TRD102811,2026-08-09,ITC,INE102811,ITC,100,470.36,47036.0,NOMURA-BROKER,EQ-ALPHA-03,BOOKED,2026-08-10,SELL,470.36,100,2026-08-09,NOMURA-BROKER,RECEIVED,TRAIN
TRD102812,2026-08-18,TATASTEEL,INE102812,TATASTEEL,250,171.77,42942.5,KOTAK-CUST,EQ-ALPHA-03,BOOKED,2026-08-19,SELL,171.77,250,2026-08-18,KOTAK-CUST,RECEIVED,TRAIN
TRD102813,2026-08-17,ITC,INE102813,ITC,100,468.05,46805.0,HDFC-CUST,EQ-CORE-01,BOOKED,2026-08-18,BUY,468.05,100,2026-08-17,HDFC-CUST,RECEIVED,TRAIN
TRD102814,2026-08-01,INFY,INE102814,INFY,1000,1890.24,1890240.0,NOMURA-BROKER,EQ-CORE-01,BOOKED,2026-08-02,BUY,1890.24,1000,2026-08-01,NOMURA-BROKER,RECEIVED,TRAIN
TRD102815,2026-08-11,TCS,INE102815,TCS,1500,4109.19,6163785.0,DEUTSCHE-BROKER,EQ-ALPHA-03,BOOKED,2026-08-12,BUY,4013.53,1500,2026-08-11,DEUTSCHE-BROKER,RECEIVED,TRAIN
TRD102816,2026-08-05,ITC,INE102816,ITC,250,467.55,116887.5,KOTAK-CUST,EQ-INDEX-04,BOOKED,2026-08-06,BUY,467.55,250,2026-08-05,KOTAK-CUST,RECEIVED,TRAIN
TRD102817,2026-08-20,LT,INE102817,LT,250,3695.59,923897.5,KOTAK-CUST,EQ-ALPHA-03,BOOKED,2026-08-21,BUY,3695.59,250,2026-08-20,KOTAK-CUST,RECEIVED,TRAIN
TRD102818,2026-08-21,RELIANCE,INE102818,RELIANCE,200,2850.09,570018.0,MORGANSTANLEY-BROKER,EQ-CORE-02,BOOKED,2026-08-22,BUY,2850.09,200,2026-08-21,MORGANSTANLEY-BROKER,RECEIVED,TRAIN
TRD102819,2026-08-08,WIPRO,INE102819,WIPRO,750,611.67,458752.5,ICICI-CUST,EQ-CORE-02,BOOKED,2026-08-09,SELL,611.67,750,2026-08-08,ICICI-CUST,RECEIVED,TRAIN
TRD102820,2026-08-18,TCS,INE102820,TCS,1500,4138.95,6208425.0,KOTAK-CUST,EQ-CORE-01,BOOKED,2026-08-19,SELL,4138.95,1500,2026-08-18,KOTAK-CUST,RECEIVED,TRAIN
TRD102821,2026-08-18,TCS,INE102821,TCS,100,4132.55,413255.0,NOMURA-BROKER,EQ-CORE-01,BOOKED,2026-08-19,BUY,4132.55,100,2026-08-18,NOMURA-BROKER,RECEIVED,TRAIN
TRD102822,2026-08-20,TCS,INE102822,TCS,1000,4140.31,4140310.0,HDFC-CUST,EQ-INDEX-04,BOOKED,2026-08-21,BUY,4140.31,1000,2026-08-20,HDFC-CUST,RECEIVED,TEST
TRD102823,2026-08-14,MARUTI,INE102823,MARUTI,200,12955.98,2591196.0,ICICI-CUST,EQ-CORE-01,BOOKED,2026-08-15,SELL,12955.98,200,2026-08-14,ICICI-CUST,RECEIVED,TRAIN
TRD102824,2026-08-19,HDFCBANK,INE102824,HDFCBANK,2000,1667.72,3335440.0,HDFC-CUST,EQ-CORE-02,BOOKED,2026-08-20,BUY,1667.72,2000,2026-08-19,HDFC-CUST,RECEIVED,TRAIN
TRD102825,2026-08-14,RELIANCE,INE102825,RELIANCE,2000,2838.27,5676540.0,MORGANSTANLEY-BROKER,EQ-ALPHA-03,BOOKED,2026-08-15,BUY,2838.27,2000,2026-08-14,MORGANSTANLEY-BROKER,RECEIVED,TRAIN
TRD102826,2026-08-21,RELIANCE,INE102826,RELIANCE,2000,2843.56,5687120.0,ICICI-CUST,EQ-ALPHA-03,BOOKED,2026-08-22,SELL,2843.56,2000,2026-08-21,ICICI-CUST,RECEIVED,TRAIN
TRD102827,2026-08-21,WIPRO,INE102827,WIPRO,750,608.68,456510.0,HDFC-CUST,EQ-INDEX-04,BOOKED,2026-08-22,SELL,608.68,750,2026-08-21,HDFC-CUST,RECEIVED,TRAIN
TRD102828,2026-08-14,AXISBANK,INE102828,AXISBANK,500,1184.56,592280.0,KOTAK-CUST,EQ-CORE-02,BOOKED,2026-08-15,SELL,1184.56,500,2026-08-14,KOTAK-CUST,RECEIVED,TEST
TRD102829,2026-08-14,ICICIBANK,INE102829,ICICIBANK,2000,1244.1,2488200.0,NOMURA-BROKER,EQ-CORE-01,BOOKED,2026-08-15,BUY,1263.93,1925,2026-08-14,NOMURA-BROKER,RECEIVED,TEST
TRD102830,2026-08-18,ITC,INE102830,ITC,500,470.33,235165.0,ICICI-CUST,EQ-CORE-02,BOOKED,2026-08-19,BUY,470.33,500,2026-08-18,ICICI-CUST,RECEIVED,TEST
TRD102831,2026-08-05,RELIANCE,INE102831,RELIANCE,750,2845.72,2134290.0,KOTAK-CUST,EQ-INDEX-04,BOOKED,2026-08-06,BUY,,,,,MISSING,TRAIN
TRD102832,2026-08-10,KOTAKBANK,INE102832,KOTAKBANK,250,1947.27,486817.5,HDFC-CUST,EQ-ALPHA-03,BOOKED,2026-08-11,SELL,1947.27,250,2026-08-10,HDFC-CUST,RECEIVED,TRAIN
TRD102833,2026-08-05,ICICIBANK,INE102833,ICICIBANK,500,1238.78,619390.0,DEUTSCHE-BROKER,EQ-CORE-01,BOOKED,2026-08-06,SELL,1238.78,450,2026-08-05,DEUTSCHE-BROKER,RECEIVED,TRAIN
TRD102834,2026-08-14,MARUTI,INE102834,MARUTI,750,13042.18,9781635.0,ICICI-CUST,EQ-INDEX-04,BOOKED,2026-08-15,SELL,13042.18,750,2026-08-14,ICICI-CUST,RECEIVED,TRAIN
TRD102835,2026-08-09,HDFCBANK,INE102835,HDFCBANK,500,1683.4,841700.0,KOTAK-CUST,EQ-CORE-02,BOOKED,2026-08-10,SELL,1683.4,500,2026-08-09,KOTAK-CUST,RECEIVED,TRAIN
TRD102836,2026-08-13,INFY,INE102836,INFY,1000,1895.97,1895970.0,NOMURA-BROKER,EQ-ALPHA-03,BOOKED,2026-08-14,SELL,1895.97,1000,2026-08-13,NOMURA-BROKER,RECEIVED,TRAIN
TRD102837,2026-08-11,TATASTEEL,INE102837,TATASTEEL,250,172.52,43130.0,KOTAK-CUST,EQ-CORE-01,BOOKED,2026-08-12,SELL,177.13,250,2026-08-11,KOTAK-CUST,RECEIVED,TRAIN
TRD102838,2026-08-02,MARUTI,INE102838,MARUTI,2000,13035.43,26070860.0,DEUTSCHE-BROKER,EQ-ALPHA-03,BOOKED,2026-08-03,SELL,13035.43,2000,2026-08-02,DEUTSCHE-BROKER,RECEIVED,TEST
TRD102839,2026-08-12,AXISBANK,INE102839,AXISBANK,1000,1178.51,1178510.0,DEUTSCHE-BROKER,EQ-CORE-02,BOOKED,2026-08-13,BUY,,,,,MISSING,TRAIN
TRD102840,2026-08-01,AXISBANK,INE102840,AXISBANK,250,1182.95,295737.5,MORGANSTANLEY-BROKER,EQ-CORE-01,BOOKED,2026-08-02,SELL,1182.95,250,2026-08-01,MORGANSTANLEY-BROKER,RECEIVED,TRAIN
TRD102841,2026-08-16,TATASTEEL,INE102841,TATASTEEL,1000,171.77,171770.0,NOMURA-BROKER,EQ-ALPHA-03,BOOKED,2026-08-17,BUY,171.77,1000,2026-08-16,NOMURA-BROKER,RECEIVED,TRAIN
TRD102842,2026-08-04,KOTAKBANK,INE102842,KOTAKBANK,200,1963.32,392664.0,ICICI-CUST,EQ-CORE-01,BOOKED,2026-08-05,SELL,1963.32,200,2026-08-04,ICICI-CUST,RECEIVED,TRAIN
TRD102843,2026-08-01,HINDUNILVR,INE102843,HINDUNILVR,1500,2734.47,4101705.0,HDFC-CUST,EQ-ALPHA-03,BOOKED,2026-08-02,SELL,2734.47,1500,2026-08-01,HDFC-CUST,RECEIVED,TEST
TRD102844,2026-08-02,WIPRO,INE102844,WIPRO,2000,611.46,1222920.0,NOMURA-BROKER,EQ-CORE-02,BOOKED,2026-08-03,BUY,611.46,2000,2026-08-02,NOMURA-BROKER,RECEIVED,TRAIN
TRD102845,2026-08-20,KOTAKBANK,INE102845,KOTAKBANK,100,1953.86,195386.0,KOTAK-CUST,EQ-CORE-02,BOOKED,2026-08-21,SELL,1953.86,100,2026-08-20,KOTAK-CUST,RECEIVED,TRAIN
TRD102846,2026-08-03,MARUTI,INE102846,MARUTI,750,13005.78,9754335.0,NOMURA-BROKER,EQ-CORE-02,BOOKED,2026-08-04,BUY,13005.78,750,2026-08-03,NOMURA-BROKER,RECEIVED,TEST
TRD102847,2026-08-06,TATASTEEL,INE102847,TATASTEEL,200,172.74,34548.0,DEUTSCHE-BROKER,EQ-ALPHA-03,BOOKED,2026-08-07,SELL,172.74,200,2026-08-06,DEUTSCHE-BROKER,RECEIVED,TRAIN
TRD102848,2026-08-14,MARUTI,INE102848,MARUTI,100,12916.47,1291647.0,NOMURA-BROKER,EQ-CORE-01,BOOKED,2026-08-15,BUY,12916.47,100,2026-08-14,NOMURA-BROKER,RECEIVED,TEST
TRD102849,2026-08-06,SBIN,INE102849,SBIN,200,844.22,168844.0,KOTAK-CUST,EQ-ALPHA-03,BOOKED,2026-08-07,SELL,844.22,100,2026-08-06,KOTAK-CUST,RECEIVED,TRAIN
TRD102850,2026-08-10,KOTAKBANK,INE102850,KOTAKBANK,1000,1946.55,1946550.0,ICICI-CUST,EQ-INDEX-04,BOOKED,2026-08-11,BUY,1946.55,1000,2026-08-10,ICICI-CUST,RECEIVED,TEST
TRD102851,2026-08-05,HINDUNILVR,INE102851,HINDUNILVR,2000,2751.21,5502420.0,DEUTSCHE-BROKER,EQ-CORE-01,BOOKED,2026-08-06,SELL,2751.21,2000,2026-08-05,DEUTSCHE-BROKER,RECEIVED,TRAIN
TRD102852,2026-08-08,WIPRO,INE102852,WIPRO,1000,611.23,611230.0,NOMURA-BROKER,EQ-CORE-01,BOOKED,2026-08-09,BUY,611.23,1000,2026-08-08,NOMURA-BROKER,RECEIVED,TRAIN
TRD102853,2026-08-20,RELIANCE,INE102853,RELIANCE,1500,2844.45,4266675.0,HDFC-CUST,EQ-ALPHA-03,BOOKED,2026-08-21,BUY,2844.45,1450,2026-08-20,HDFC-CUST,RECEIVED,TRAIN
TRD102854,2026-08-12,HDFCBANK,INE102854,HDFCBANK,200,1666.87,333374.0,HDFC-CUST,EQ-CORE-01,BOOKED,2026-08-13,BUY,1666.87,200,2026-08-12,HDFC-CUST,RECEIVED,TEST
TRD102855,2026-08-10,BHARTIARTL,INE102855,BHARTIARTL,100,1690.51,169051.0,ICICI-CUST,EQ-CORE-01,BOOKED,2026-08-11,SELL,1690.51,100,2026-08-10,ICICI-CUST,RECEIVED,TRAIN
TRD102856,2026-08-21,KOTAKBANK,INE102856,KOTAKBANK,200,1964.61,392922.0,KOTAK-CUST,EQ-CORE-02,BOOKED,2026-08-22,SELL,1964.61,200,2026-08-21,KOTAK-CUST,RECEIVED,TRAIN
TRD102857,2026-08-19,SBIN,INE102857,SBIN,500,849.06,424530.0,KOTAK-CUST,EQ-CORE-02,BOOKED,2026-08-20,BUY,849.06,500,2026-08-19,KOTAK-CUST,RECEIVED,TRAIN
TRD102858,2026-08-02,SBIN,INE102858,SBIN,1500,841.97,1262955.0,DEUTSCHE-BROKER,EQ-INDEX-04,BOOKED,2026-08-03,BUY,841.97,1500,2026-08-02,DEUTSCHE-BROKER,RECEIVED,TRAIN
TRD102859,2026-08-14,KOTAKBANK,INE102859,KOTAKBANK,100,1953.7,195370.0,MORGANSTANLEY-BROKER,EQ-CORE-01,BOOKED,2026-08-15,BUY,1953.7,100,2026-08-14,MORGANSTANLEY-BROKER,RECEIVED,TRAIN
TRD102860,2026-08-16,LT,INE102860,LT,1500,3688.14,5532210.0,KOTAK-CUST,EQ-CORE-01,BOOKED,2026-08-17,BUY,3688.14,1500,2026-08-16,KOTAK-CUST,RECEIVED,TRAIN
TRD102861,2026-08-05,ITC,INE102861,ITC,750,469.81,352357.5,NOMURA-BROKER,EQ-CORE-02,BOOKED,2026-08-06,BUY,469.81,750,2026-08-05,NOMURA-BROKER,RECEIVED,TRAIN
TRD102862,2026-08-12,AXISBANK,INE102862,AXISBANK,750,1177.97,883477.5,HDFC-CUST,EQ-CORE-01,BOOKED,2026-08-13,BUY,1177.97,750,2026-08-12,HDFC-CUST,RECEIVED,TRAIN
TRD102863,2026-08-06,BHARTIARTL,INE102863,BHARTIARTL,2000,1689.7,3379400.0,KOTAK-CUST,EQ-ALPHA-03,BOOKED,2026-08-07,BUY,1689.7,2000,2026-08-06,KOTAK-CUST,RECEIVED,TRAIN
TRD102864,2026-08-01,HDFCBANK,INE102864,HDFCBANK,250,1677.43,419357.5,ICICI-CUST,EQ-INDEX-04,BOOKED,2026-08-02,BUY,1677.43,250,2026-08-01,ICICI-CUST,RECEIVED,TRAIN
TRD102865,2026-08-13,BHARTIARTL,INE102865,BHARTIARTL,1000,1686.26,1686260.0,HDFC-CUST,EQ-ALPHA-03,BOOKED,2026-08-14,BUY,1686.26,1000,2026-08-13,ICICI-CUST,RECEIVED,TRAIN
TRD102866,2026-08-02,ITC,INE102866,ITC,750,467.42,350565.0,NOMURA-BROKER,EQ-CORE-02,BOOKED,2026-08-03,BUY,467.42,750,2026-08-02,NOMURA-BROKER,RECEIVED,TRAIN
TRD102867,2026-08-04,HDFCBANK,INE102867,HDFCBANK,500,1671.98,835990.0,ICICI-CUST,EQ-CORE-01,BOOKED,2026-08-05,BUY,,,,,MISSING,TEST
TRD102868,2026-08-14,AXISBANK,INE102868,AXISBANK,100,1181.94,118194.0,NOMURA-BROKER,EQ-CORE-01,BOOKED,2026-08-15,SELL,1181.94,100,2026-08-14,NOMURA-BROKER,RECEIVED,TRAIN
TRD102869,2026-08-18,HDFCBANK,INE102869,HDFCBANK,100,1677.5,167750.0,MORGANSTANLEY-BROKER,EQ-INDEX-04,BOOKED,2026-08-19,SELL,1677.5,100,2026-08-18,MORGANSTANLEY-BROKER,RECEIVED,TRAIN
TRD102870,2026-08-04,HDFCBANK,INE102870,HDFCBANK,100,1669.36,166936.0,ICICI-CUST,EQ-INDEX-04,BOOKED,2026-08-05,SELL,1669.36,100,2026-08-04,ICICI-CUST,RECEIVED,TRAIN
TRD102871,2026-08-20,ITC,INE102871,ITC,500,470.28,235140.0,ICICI-CUST,EQ-ALPHA-03,BOOKED,2026-08-21,SELL,470.28,500,2026-08-20,ICICI-CUST,RECEIVED,TRAIN
TRD102872,2026-08-19,TATASTEEL,INE102872,TATASTEEL,2000,172.16,344320.0,MORGANSTANLEY-BROKER,EQ-INDEX-04,BOOKED,2026-08-20,SELL,172.16,2000,2026-08-19,MORGANSTANLEY-BROKER,RECEIVED,TRAIN
TRD102873,2026-08-19,MARUTI,INE102873,MARUTI,250,12926.49,3231622.5,NOMURA-BROKER,EQ-INDEX-04,BOOKED,2026-08-20,SELL,12926.49,250,2026-08-19,NOMURA-BROKER,RECEIVED,TRAIN
TRD102874,2026-08-08,INFY,INE102874,INFY,1500,1881.73,2822595.0,DEUTSCHE-BROKER,EQ-CORE-02,BOOKED,2026-08-09,BUY,1881.73,1500,2026-08-09,DEUTSCHE-BROKER,RECEIVED,TRAIN
TRD102875,2026-08-12,TATASTEEL,INE102875,TATASTEEL,250,172.38,43095.0,MORGANSTANLEY-BROKER,EQ-CORE-02,BOOKED,2026-08-13,BUY,172.38,200,2026-08-12,MORGANSTANLEY-BROKER,RECEIVED,TRAIN
TRD102876,2026-08-01,ICICIBANK,INE102876,ICICIBANK,2000,1246.8,2493600.0,NOMURA-BROKER,EQ-CORE-02,BOOKED,2026-08-02,BUY,1246.8,2000,2026-08-02,NOMURA-BROKER,RECEIVED,TEST
TRD102877,2026-08-12,TATASTEEL,INE102877,TATASTEEL,2000,171.79,343580.0,HDFC-CUST,EQ-CORE-02,BOOKED,2026-08-13,BUY,171.79,2000,2026-08-13,HDFC-CUST,RECEIVED,TRAIN
TRD102878,2026-08-06,INFY,INE102878,INFY,500,1889.0,944500.0,ICICI-CUST,EQ-CORE-02,BOOKED,2026-08-07,BUY,1889.0,500,2026-08-06,ICICI-CUST,RECEIVED,TRAIN
TRD102879,2026-08-16,SBIN,INE102879,SBIN,200,845.79,169158.0,NOMURA-BROKER,EQ-CORE-01,BOOKED,2026-08-17,SELL,845.79,200,2026-08-16,NOMURA-BROKER,RECEIVED,TEST
TRD102880,2026-08-04,AXISBANK,INE102880,AXISBANK,200,1179.47,235894.0,MORGANSTANLEY-BROKER,EQ-INDEX-04,BOOKED,2026-08-05,BUY,,,,,MISSING,TRAIN
TRD102881,2026-08-18,LT,INE102881,LT,1000,3673.98,3673980.0,ICICI-CUST,EQ-ALPHA-03,BOOKED,2026-08-19,SELL,3673.98,1000,2026-08-18,ICICI-CUST,RECEIVED,TRAIN
TRD102882,2026-08-04,WIPRO,INE102882,WIPRO,2000,608.32,1216640.0,DEUTSCHE-BROKER,EQ-CORE-01,BOOKED,2026-08-05,BUY,608.32,2000,2026-08-04,DEUTSCHE-BROKER,RECEIVED,TRAIN
TRD102883,2026-08-16,HINDUNILVR,INE102883,HINDUNILVR,1000,2757.05,2757050.0,MORGANSTANLEY-BROKER,EQ-CORE-02,BOOKED,2026-08-17,BUY,2757.05,1000,2026-08-16,MORGANSTANLEY-BROKER,RECEIVED,TRAIN
TRD102884,2026-08-05,LT,INE102884,LT,1500,3684.15,5526225.0,MORGANSTANLEY-BROKER,EQ-INDEX-04,BOOKED,2026-08-06,BUY,3684.15,1500,2026-08-05,MORGANSTANLEY-BROKER,RECEIVED,TRAIN
TRD102885,2026-08-10,HINDUNILVR,INE102885,HINDUNILVR,750,2740.98,2055735.0,ICICI-CUST,EQ-CORE-01,BOOKED,2026-08-11,BUY,2740.98,850,2026-08-10,ICICI-CUST,RECEIVED,TEST
TRD102886,2026-08-02,INFY,INE102886,INFY,2000,1883.92,3767840.0,HDFC-CUST,EQ-CORE-02,BOOKED,2026-08-03,SELL,1903.97,1925,2026-08-02,HDFC-CUST,RECEIVED,TEST
TRD102887,2026-08-08,LT,INE102887,LT,250,3684.76,921190.0,HDFC-CUST,EQ-CORE-02,BOOKED,2026-08-09,BUY,3684.76,250,2026-08-08,HDFC-CUST,RECEIVED,TRAIN
TRD102888,2026-08-16,ICICIBANK,INE102888,ICICIBANK,200,1238.04,247608.0,KOTAK-CUST,EQ-CORE-02,BOOKED,2026-08-17,BUY,1238.04,200,2026-08-16,KOTAK-CUST,RECEIVED,TRAIN
TRD102889,2026-08-12,TATASTEEL,INE102889,TATASTEEL,200,171.7,34340.0,MORGANSTANLEY-BROKER,EQ-CORE-02,BOOKED,2026-08-13,BUY,171.7,200,2026-08-12,MORGANSTANLEY-BROKER,RECEIVED,TRAIN
TRD102890,2026-08-01,KOTAKBANK,INE102890,KOTAKBANK,250,1960.31,490077.5,HDFC-CUST,EQ-CORE-01,BOOKED,2026-08-02,BUY,1960.31,250,2026-08-01,HDFC-CUST,RECEIVED,TRAIN
TRD102891,2026-08-05,RELIANCE,INE102891,RELIANCE,750,2862.96,2147220.0,HDFC-CUST,EQ-CORE-02,BOOKED,2026-08-06,BUY,2862.96,750,2026-08-05,HDFC-CUST,RECEIVED,TRAIN
TRD102892,2026-08-05,WIPRO,INE102892,WIPRO,2000,610.34,1220680.0,NOMURA-BROKER,EQ-CORE-01,BOOKED,2026-08-06,BUY,610.34,2000,2026-08-05,NOMURA-BROKER,RECEIVED,TRAIN
TRD102893,2026-08-05,SBIN,INE102893,SBIN,500,841.72,420860.0,MORGANSTANLEY-BROKER,EQ-CORE-01,BOOKED,2026-08-06,SELL,841.72,550,2026-08-05,MORGANSTANLEY-BROKER,RECEIVED,TRAIN
TRD102894,2026-08-13,SBIN,INE102894,SBIN,100,844.81,84481.0,HDFC-CUST,EQ-CORE-01,BOOKED,2026-08-14,BUY,844.81,100,2026-08-13,HDFC-CUST,RECEIVED,TRAIN
TRD102895,2026-08-15,SBIN,INE102895,SBIN,500,849.28,424640.0,DEUTSCHE-BROKER,EQ-INDEX-04,BOOKED,2026-08-16,SELL,849.28,600,2026-08-15,DEUTSCHE-BROKER,RECEIVED,TRAIN
TRD102896,2026-08-08,BHARTIARTL,INE102896,BHARTIARTL,200,1692.28,338456.0,HDFC-CUST,EQ-CORE-01,BOOKED,2026-08-09,BUY,1692.28,200,2026-08-08,HDFC-CUST,RECEIVED,TEST
TRD102897,2026-08-03,KOTAKBANK,INE102897,KOTAKBANK,250,1965.3,491325.0,DEUTSCHE-BROKER,EQ-CORE-01,BOOKED,2026-08-04,SELL,1965.3,250,2026-08-03,DEUTSCHE-BROKER,RECEIVED,TRAIN
TRD102898,2026-08-02,ICICIBANK,INE102898,ICICIBANK,1500,1245.33,1867995.0,HDFC-CUST,EQ-CORE-02,BOOKED,2026-08-03,BUY,1245.33,1500,2026-08-02,HDFC-CUST,RECEIVED,TRAIN
TRD102899,2026-08-18,HINDUNILVR,INE102899,HINDUNILVR,100,2739.11,273911.0,KOTAK-CUST,EQ-CORE-01,BOOKED,2026-08-19,SELL,2739.11,100,2026-08-18,MORGANSTANLEY-BROKER,RECEIVED,TRAIN
TRD102900,2026-08-03,BHARTIARTL,INE102900,BHARTIARTL,250,1684.5,421125.0,HDFC-CUST,EQ-CORE-01,BOOKED,2026-08-04,SELL,1684.5,250,2026-08-03,HDFC-CUST,RECEIVED,TRAIN
TRD102901,2026-08-12,ITC,INE102901,ITC,100,468.91,46891.0,DEUTSCHE-BROKER,EQ-ALPHA-03,BOOKED,2026-08-13,SELL,468.91,100,2026-08-12,DEUTSCHE-BROKER,RECEIVED,TEST
TRD102902,2026-08-02,MARUTI,INE102902,MARUTI,1500,12974.87,19462305.0,DEUTSCHE-BROKER,EQ-CORE-02,BOOKED,2026-08-03,SELL,12974.87,1500,2026-08-02,DEUTSCHE-BROKER,RECEIVED,TRAIN
TRD102903,2026-08-17,TATASTEEL,INE102903,TATASTEEL,250,171.73,42932.5,DEUTSCHE-BROKER,EQ-ALPHA-03,BOOKED,2026-08-18,SELL,171.73,250,2026-08-17,DEUTSCHE-BROKER,RECEIVED,TEST
TRD102904,2026-08-09,RELIANCE,INE102904,RELIANCE,750,2852.81,2139607.5,KOTAK-CUST,EQ-CORE-01,BOOKED,2026-08-10,SELL,2852.81,750,2026-08-09,KOTAK-CUST,RECEIVED,TRAIN
TRD102905,2026-08-10,BHARTIARTL,INE102905,BHARTIARTL,1500,1698.51,2547765.0,MORGANSTANLEY-BROKER,EQ-CORE-02,BOOKED,2026-08-11,BUY,1698.51,1500,2026-08-10,MORGANSTANLEY-BROKER,RECEIVED,TRAIN
TRD102906,2026-08-10,AXISBANK,INE102906,AXISBANK,1500,1178.41,1767615.0,NOMURA-BROKER,EQ-INDEX-04,BOOKED,2026-08-11,BUY,1178.41,1500,2026-08-11,NOMURA-BROKER,RECEIVED,TRAIN
TRD102907,2026-08-06,ITC,INE102907,ITC,500,467.16,233580.0,DEUTSCHE-BROKER,EQ-CORE-02,BOOKED,2026-08-07,SELL,467.16,500,2026-08-06,DEUTSCHE-BROKER,RECEIVED,TRAIN
TRD102908,2026-08-05,TATASTEEL,INE102908,TATASTEEL,200,171.74,34348.0,KOTAK-CUST,EQ-CORE-02,BOOKED,2026-08-06,SELL,171.74,200,2026-08-05,KOTAK-CUST,RECEIVED,TEST
TRD102909,2026-08-11,KOTAKBANK,INE102909,KOTAKBANK,250,1963.91,490977.5,NOMURA-BROKER,EQ-ALPHA-03,BOOKED,2026-08-12,SELL,1963.91,250,2026-08-11,NOMURA-BROKER,RECEIVED,TRAIN
TRD102910,2026-08-17,KOTAKBANK,INE102910,KOTAKBANK,250,1947.9,486975.0,MORGANSTANLEY-BROKER,EQ-CORE-01,BOOKED,2026-08-18,SELL,1947.9,250,2026-08-17,MORGANSTANLEY-BROKER,RECEIVED,TRAIN
TRD102911,2026-08-14,AXISBANK,INE102911,AXISBANK,200,1183.08,236616.0,HDFC-CUST,EQ-CORE-02,BOOKED,2026-08-15,SELL,,,,,MISSING,TEST
TRD102912,2026-08-19,TATASTEEL,INE102912,TATASTEEL,200,172.72,34544.0,NOMURA-BROKER,EQ-INDEX-04,BOOKED,2026-08-20,SELL,172.72,200,2026-08-19,NOMURA-BROKER,RECEIVED,TEST
TRD102913,2026-08-08,HDFCBANK,INE102913,HDFCBANK,500,1676.2,838100.0,HDFC-CUST,EQ-ALPHA-03,BOOKED,2026-08-09,SELL,1676.2,400,2026-08-08,HDFC-CUST,RECEIVED,TEST
TRD102914,2026-08-12,INFY,INE102914,INFY,1000,1893.45,1893450.0,MORGANSTANLEY-BROKER,EQ-CORE-02,BOOKED,2026-08-13,BUY,1893.45,1000,2026-08-12,HDFC-CUST,RECEIVED,TRAIN
TRD102915,2026-08-02,HDFCBANK,INE102915,HDFCBANK,750,1682.73,1262047.5,NOMURA-BROKER,EQ-CORE-02,BOOKED,2026-08-03,BUY,1682.73,750,2026-08-02,NOMURA-BROKER,RECEIVED,TEST
TRD102916,2026-08-17,TCS,INE102916,TCS,1000,4135.1,4135100.0,DEUTSCHE-BROKER,EQ-INDEX-04,BOOKED,2026-08-18,BUY,4135.1,1000,2026-08-17,DEUTSCHE-BROKER,RECEIVED,TRAIN
TRD102917,2026-08-15,SBIN,INE102917,SBIN,750,844.5,633375.0,NOMURA-BROKER,EQ-INDEX-04,BOOKED,2026-08-16,SELL,844.5,750,2026-08-15,NOMURA-BROKER,RECEIVED,TRAIN
TRD102918,2026-08-13,ITC,INE102918,ITC,1000,470.29,470290.0,MORGANSTANLEY-BROKER,EQ-ALPHA-03,BOOKED,2026-08-14,SELL,470.29,1000,2026-08-13,MORGANSTANLEY-BROKER,RECEIVED,TRAIN
TRD102919,2026-08-14,HDFCBANK,INE102919,HDFCBANK,1000,1683.02,1683020.0,KOTAK-CUST,EQ-INDEX-04,BOOKED,2026-08-15,SELL,1683.02,1000,2026-08-14,KOTAK-CUST,RECEIVED,TRAIN
TRD102920,2026-08-20,BHARTIARTL,INE102920,BHARTIARTL,1500,1697.69,2546535.0,MORGANSTANLEY-BROKER,EQ-INDEX-04,BOOKED,2026-08-21,BUY,1697.69,1500,2026-08-20,MORGANSTANLEY-BROKER,RECEIVED,TRAIN
TRD102921,2026-08-05,BHARTIARTL,INE102921,BHARTIARTL,500,1697.26,848630.0,ICICI-CUST,EQ-CORE-02,BOOKED,2026-08-06,SELL,1697.26,500,2026-08-06,ICICI-CUST,RECEIVED,TRAIN
TRD102922,2026-08-01,ICICIBANK,INE102922,ICICIBANK,1000,1234.87,1234870.0,MORGANSTANLEY-BROKER,EQ-ALPHA-03,BOOKED,2026-08-02,SELL,1234.87,1000,2026-08-01,MORGANSTANLEY-BROKER,RECEIVED,TRAIN
TRD102923,2026-08-06,LT,INE102923,LT,200,3691.73,738346.0,DEUTSCHE-BROKER,EQ-CORE-02,BOOKED,2026-08-07,SELL,3691.73,200,2026-08-06,DEUTSCHE-BROKER,RECEIVED,TRAIN
TRD102924,2026-08-13,HINDUNILVR,INE102924,HINDUNILVR,1000,2747.68,2747680.0,KOTAK-CUST,EQ-INDEX-04,BOOKED,2026-08-14,BUY,2747.68,1000,2026-08-13,KOTAK-CUST,RECEIVED,TRAIN
TRD102925,2026-08-09,TCS,INE102925,TCS,500,4100.7,2050350.0,HDFC-CUST,EQ-CORE-02,BOOKED,2026-08-10,SELL,4165.7,500,2026-08-09,HDFC-CUST,RECEIVED,TRAIN
TRD102926,2026-08-13,HINDUNILVR,INE102926,HINDUNILVR,200,2739.17,547834.0,ICICI-CUST,EQ-ALPHA-03,BOOKED,2026-08-14,BUY,2739.17,200,2026-08-13,ICICI-CUST,RECEIVED,TRAIN
TRD102927,2026-08-19,KOTAKBANK,INE102927,KOTAKBANK,750,1958.65,1468987.5,HDFC-CUST,EQ-CORE-02,BOOKED,2026-08-20,BUY,1958.65,750,2026-08-19,HDFC-CUST,RECEIVED,TRAIN
TRD102928,2026-08-11,BHARTIARTL,INE102928,BHARTIARTL,200,1687.04,337408.0,KOTAK-CUST,EQ-CORE-02,BOOKED,2026-08-12,BUY,1687.04,200,2026-08-11,KOTAK-CUST,RECEIVED,TRAIN
TRD102929,2026-08-15,ITC,INE102929,ITC,1500,467.59,701385.0,HDFC-CUST,EQ-CORE-01,BOOKED,2026-08-16,BUY,467.59,1500,2026-08-15,HDFC-CUST,RECEIVED,TRAIN
TRD102930,2026-08-17,RELIANCE,INE102930,RELIANCE,200,2850.38,570076.0,KOTAK-CUST,EQ-CORE-02,BOOKED,2026-08-18,BUY,2850.38,200,2026-08-17,KOTAK-CUST,RECEIVED,TEST
TRD102931,2026-08-18,TATASTEEL,INE102931,TATASTEEL,200,171.72,34344.0,DEUTSCHE-BROKER,EQ-CORE-01,BOOKED,2026-08-19,SELL,171.72,200,2026-08-18,DEUTSCHE-BROKER,RECEIVED,TRAIN
TRD102932,2026-08-09,SBIN,INE102932,SBIN,250,843.14,210785.0,NOMURA-BROKER,EQ-CORE-02,BOOKED,2026-08-10,SELL,843.14,250,2026-08-09,NOMURA-BROKER,RECEIVED,TRAIN
TRD102933,2026-08-21,TATASTEEL,INE102933,TATASTEEL,2000,172.04,344080.0,NOMURA-BROKER,EQ-INDEX-04,BOOKED,2026-08-22,BUY,172.04,2000,2026-08-21,NOMURA-BROKER,RECEIVED,TRAIN
TRD102934,2026-08-06,TCS,INE102934,TCS,2000,4108.14,8216280.0,NOMURA-BROKER,EQ-CORE-01,BOOKED,2026-08-07,SELL,4108.14,2000,2026-08-06,NOMURA-BROKER,RECEIVED,TRAIN
TRD102935,2026-08-05,HINDUNILVR,INE102935,HINDUNILVR,1000,2755.9,2755900.0,HDFC-CUST,EQ-INDEX-04,BOOKED,2026-08-06,SELL,2755.9,1000,2026-08-05,HDFC-CUST,RECEIVED,TRAIN
TRD102936,2026-08-13,ITC,INE102936,ITC,250,469.26,117315.0,NOMURA-BROKER,EQ-ALPHA-03,BOOKED,2026-08-14,SELL,469.26,250,2026-08-13,NOMURA-BROKER,RECEIVED,TEST
TRD102937,2026-08-04,HDFCBANK,INE102937,HDFCBANK,500,1674.66,837330.0,KOTAK-CUST,EQ-CORE-01,BOOKED,2026-08-05,BUY,1674.66,500,2026-08-04,KOTAK-CUST,RECEIVED,TRAIN
TRD102938,2026-08-15,TATASTEEL,INE102938,TATASTEEL,1000,172.99,172990.0,MORGANSTANLEY-BROKER,EQ-CORE-01,BOOKED,2026-08-16,BUY,172.99,1000,2026-08-16,MORGANSTANLEY-BROKER,RECEIVED,TRAIN
TRD102939,2026-08-17,TATASTEEL,INE102939,TATASTEEL,1000,172.15,172150.0,NOMURA-BROKER,EQ-CORE-01,BOOKED,2026-08-18,BUY,172.15,1000,2026-08-17,NOMURA-BROKER,RECEIVED,TRAIN
TRD102940,2026-08-06,RELIANCE,INE102940,RELIANCE,250,2850.04,712510.0,NOMURA-BROKER,EQ-CORE-02,BOOKED,2026-08-07,BUY,2850.04,250,2026-08-06,NOMURA-BROKER,RECEIVED,TEST
TRD102941,2026-08-07,ICICIBANK,INE102941,ICICIBANK,250,1238.56,309640.0,ICICI-CUST,EQ-INDEX-04,BOOKED,2026-08-08,BUY,1238.56,250,2026-08-07,ICICI-CUST,RECEIVED,TRAIN
TRD102942,2026-08-19,AXISBANK,INE102942,AXISBANK,750,1177.02,882765.0,NOMURA-BROKER,EQ-CORE-01,BOOKED,2026-08-20,BUY,1177.02,750,2026-08-19,NOMURA-BROKER,RECEIVED,TRAIN
TRD102943,2026-08-21,HINDUNILVR,INE102943,HINDUNILVR,1500,2746.4,4119600.0,NOMURA-BROKER,EQ-CORE-01,BOOKED,2026-08-22,SELL,2746.4,1500,2026-08-21,NOMURA-BROKER,RECEIVED,TRAIN
TRD102944,2026-08-07,INFY,INE102944,INFY,100,1884.6,188460.0,DEUTSCHE-BROKER,EQ-ALPHA-03,BOOKED,2026-08-08,SELL,1884.6,100,2026-08-07,DEUTSCHE-BROKER,RECEIVED,TRAIN
TRD102945,2026-08-13,WIPRO,INE102945,WIPRO,250,610.46,152615.0,HDFC-CUST,EQ-CORE-01,BOOKED,2026-08-14,BUY,610.46,250,2026-08-13,HDFC-CUST,RECEIVED,TRAIN
TRD102946,2026-08-12,AXISBANK,INE102946,AXISBANK,2000,1183.6,2367200.0,HDFC-CUST,EQ-ALPHA-03,BOOKED,2026-08-13,SELL,1183.6,2000,2026-08-12,HDFC-CUST,RECEIVED,TRAIN
TRD102947,2026-08-05,MARUTI,INE102947,MARUTI,500,13033.16,6516580.0,HDFC-CUST,EQ-CORE-02,BOOKED,2026-08-06,SELL,13033.16,500,2026-08-05,KOTAK-CUST,RECEIVED,TRAIN
TRD102948,2026-08-20,HDFCBANK,INE102948,HDFCBANK,500,1681.79,840895.0,MORGANSTANLEY-BROKER,EQ-CORE-02,BOOKED,2026-08-21,BUY,1681.79,500,2026-08-20,MORGANSTANLEY-BROKER,RECEIVED,TRAIN
TRD102949,2026-08-08,ICICIBANK,INE102949,ICICIBANK,1000,1245.18,1245180.0,KOTAK-CUST,EQ-CORE-02,BOOKED,2026-08-09,BUY,1208.13,1000,2026-08-08,KOTAK-CUST,RECEIVED,TEST
TRD102950,2026-08-17,HDFCBANK,INE102950,HDFCBANK,1500,1673.97,2510955.0,KOTAK-CUST,EQ-CORE-01,BOOKED,2026-08-18,SELL,1673.97,1500,2026-08-17,KOTAK-CUST,RECEIVED,TRAIN
TRD102951,2026-08-18,BHARTIARTL,INE102951,BHARTIARTL,200,1697.29,339458.0,DEUTSCHE-BROKER,EQ-CORE-01,BOOKED,2026-08-19,BUY,1697.29,200,2026-08-18,DEUTSCHE-BROKER,RECEIVED,TRAIN
TRD102952,2026-08-04,BHARTIARTL,INE102952,BHARTIARTL,2000,1695.27,3390540.0,MORGANSTANLEY-BROKER,EQ-CORE-02,BOOKED,2026-08-05,BUY,1695.27,2000,2026-08-04,MORGANSTANLEY-BROKER,RECEIVED,TRAIN
TRD102953,2026-08-16,BHARTIARTL,INE102953,BHARTIARTL,100,1683.62,168362.0,ICICI-CUST,EQ-CORE-02,BOOKED,2026-08-17,SELL,1702.61,175,2026-08-16,ICICI-CUST,RECEIVED,TEST
TRD102954,2026-08-18,TCS,INE102954,TCS,1000,4126.72,4126720.0,HDFC-CUST,EQ-CORE-02,BOOKED,2026-08-19,BUY,4126.72,1000,2026-08-18,HDFC-CUST,RECEIVED,TEST
TRD102955,2026-08-21,MARUTI,INE102955,MARUTI,2000,13001.58,26003160.0,DEUTSCHE-BROKER,EQ-ALPHA-03,BOOKED,2026-08-22,SELL,13001.58,2000,2026-08-21,DEUTSCHE-BROKER,RECEIVED,TRAIN
TRD102956,2026-08-11,HINDUNILVR,INE102956,HINDUNILVR,1500,2745.01,4117515.0,DEUTSCHE-BROKER,EQ-ALPHA-03,BOOKED,2026-08-12,BUY,2745.01,1500,2026-08-11,DEUTSCHE-BROKER,RECEIVED,TRAIN
TRD102957,2026-08-07,INFY,INE102957,INFY,500,1899.37,949685.0,NOMURA-BROKER,EQ-CORE-02,BOOKED,2026-08-08,BUY,1899.37,500,2026-08-07,NOMURA-BROKER,RECEIVED,TRAIN
TRD102958,2026-08-20,INFY,INE102958,INFY,100,1892.85,189285.0,KOTAK-CUST,EQ-ALPHA-03,BOOKED,2026-08-21,BUY,1892.85,100,2026-08-20,KOTAK-CUST,RECEIVED,TRAIN
TRD102959,2026-08-21,SBIN,INE102959,SBIN,250,847.44,211860.0,HDFC-CUST,EQ-CORE-02,BOOKED,2026-08-22,SELL,847.44,250,2026-08-21,HDFC-CUST,RECEIVED,TRAIN
TRD102960,2026-08-20,BHARTIARTL,INE102960,BHARTIARTL,100,1688.32,168832.0,KOTAK-CUST,EQ-CORE-02,BOOKED,2026-08-21,SELL,1688.32,100,2026-08-20,KOTAK-CUST,RECEIVED,TEST
TRD102961,2026-08-08,KOTAKBANK,INE102961,KOTAKBANK,100,1963.53,196353.0,NOMURA-BROKER,EQ-INDEX-04,BOOKED,2026-08-09,BUY,1963.53,100,2026-08-08,NOMURA-BROKER,RECEIVED,TRAIN
TRD102962,2026-08-09,TCS,INE102962,TCS,200,4122.05,824410.0,DEUTSCHE-BROKER,EQ-INDEX-04,BOOKED,2026-08-10,SELL,4122.05,200,2026-08-09,DEUTSCHE-BROKER,RECEIVED,TRAIN
TRD102963,2026-08-11,TCS,INE102963,TCS,500,4100.41,2050205.0,HDFC-CUST,EQ-ALPHA-03,BOOKED,2026-08-12,BUY,4100.41,500,2026-08-11,HDFC-CUST,RECEIVED,TRAIN
TRD102964,2026-08-03,KOTAKBANK,INE102964,KOTAKBANK,1000,1948.83,1948830.0,HDFC-CUST,EQ-INDEX-04,BOOKED,2026-08-04,BUY,1948.83,1000,2026-08-03,HDFC-CUST,RECEIVED,TRAIN
TRD102965,2026-08-10,BHARTIARTL,INE102965,BHARTIARTL,100,1690.55,169055.0,NOMURA-BROKER,EQ-INDEX-04,BOOKED,2026-08-11,BUY,,,,,MISSING,TRAIN
TRD102966,2026-08-13,AXISBANK,INE102966,AXISBANK,2000,1182.1,2364200.0,ICICI-CUST,EQ-ALPHA-03,BOOKED,2026-08-14,SELL,1199.88,2075,2026-08-13,ICICI-CUST,RECEIVED,TRAIN
TRD102967,2026-08-11,HINDUNILVR,INE102967,HINDUNILVR,2000,2733.11,5466220.0,KOTAK-CUST,EQ-CORE-01,BOOKED,2026-08-12,BUY,2733.11,2000,2026-08-11,KOTAK-CUST,RECEIVED,TRAIN
TRD102968,2026-08-14,TATASTEEL,INE102968,TATASTEEL,200,172.22,34444.0,NOMURA-BROKER,EQ-ALPHA-03,BOOKED,2026-08-15,BUY,174.72,200,2026-08-14,NOMURA-BROKER,RECEIVED,TRAIN
TRD102969,2026-08-09,TCS,INE102969,TCS,1000,4113.74,4113740.0,ICICI-CUST,EQ-CORE-01,BOOKED,2026-08-10,SELL,4113.74,1000,2026-08-09,ICICI-CUST,RECEIVED,TRAIN
TRD102970,2026-08-15,AXISBANK,INE102970,AXISBANK,500,1181.32,590660.0,MORGANSTANLEY-BROKER,EQ-INDEX-04,BOOKED,2026-08-16,SELL,1181.32,500,2026-08-15,MORGANSTANLEY-BROKER,RECEIVED,TRAIN
TRD102971,2026-08-01,HINDUNILVR,INE102971,HINDUNILVR,250,2733.52,683380.0,HDFC-CUST,EQ-CORE-01,BOOKED,2026-08-02,SELL,2733.52,250,2026-08-01,HDFC-CUST,RECEIVED,TRAIN
TRD102972,2026-08-01,INFY,INE102972,INFY,1500,1899.31,2848965.0,ICICI-CUST,EQ-INDEX-04,BOOKED,2026-08-02,BUY,1899.31,1500,2026-08-01,ICICI-CUST,RECEIVED,TEST
TRD102973,2026-08-03,INFY,INE102973,INFY,200,1883.68,376736.0,HDFC-CUST,EQ-CORE-02,BOOKED,2026-08-04,SELL,1883.68,200,2026-08-03,HDFC-CUST,RECEIVED,TRAIN
TRD102974,2026-08-19,TATASTEEL,INE102974,TATASTEEL,1500,172.39,258585.0,NOMURA-BROKER,EQ-INDEX-04,BOOKED,2026-08-20,SELL,172.39,1500,2026-08-19,NOMURA-BROKER,RECEIVED,TEST
TRD102975,2026-08-06,RELIANCE,INE102975,RELIANCE,2000,2842.39,5684780.0,DEUTSCHE-BROKER,EQ-INDEX-04,BOOKED,2026-08-07,SELL,2842.39,2000,2026-08-06,DEUTSCHE-BROKER,RECEIVED,TRAIN
TRD102976,2026-08-06,HDFCBANK,INE102976,HDFCBANK,200,1680.19,336038.0,HDFC-CUST,EQ-INDEX-04,BOOKED,2026-08-07,SELL,1680.19,200,2026-08-06,HDFC-CUST,RECEIVED,TRAIN
TRD102977,2026-08-11,KOTAKBANK,INE102977,KOTAKBANK,100,1954.93,195493.0,NOMURA-BROKER,EQ-INDEX-04,BOOKED,2026-08-12,SELL,1954.93,100,2026-08-11,NOMURA-BROKER,RECEIVED,TEST
TRD102978,2026-08-07,SBIN,INE102978,SBIN,500,848.48,424240.0,NOMURA-BROKER,EQ-ALPHA-03,BOOKED,2026-08-08,BUY,848.48,500,2026-08-07,NOMURA-BROKER,RECEIVED,TRAIN
TRD102979,2026-08-13,TCS,INE102979,TCS,200,4126.11,825222.0,KOTAK-CUST,EQ-ALPHA-03,BOOKED,2026-08-14,BUY,4126.11,200,2026-08-13,KOTAK-CUST,RECEIVED,TRAIN
TRD102980,2026-08-04,RELIANCE,INE102980,RELIANCE,1000,2841.43,2841430.0,HDFC-CUST,EQ-CORE-01,BOOKED,2026-08-05,BUY,2841.43,1000,2026-08-04,HDFC-CUST,RECEIVED,TRAIN
TRD102981,2026-08-01,TCS,INE102981,TCS,200,4114.65,822930.0,KOTAK-CUST,EQ-INDEX-04,BOOKED,2026-08-02,SELL,4114.65,200,2026-08-01,KOTAK-CUST,RECEIVED,TRAIN
TRD102982,2026-08-15,ICICIBANK,INE102982,ICICIBANK,750,1241.58,931185.0,KOTAK-CUST,EQ-INDEX-04,BOOKED,2026-08-16,BUY,1241.58,650,2026-08-15,KOTAK-CUST,RECEIVED,TRAIN
TRD102983,2026-08-14,WIPRO,INE102983,WIPRO,100,607.31,60731.0,MORGANSTANLEY-BROKER,EQ-INDEX-04,BOOKED,2026-08-15,SELL,607.31,100,2026-08-14,MORGANSTANLEY-BROKER,RECEIVED,TRAIN
TRD102984,2026-08-14,ICICIBANK,INE102984,ICICIBANK,750,1241.36,931020.0,DEUTSCHE-BROKER,EQ-INDEX-04,BOOKED,2026-08-15,SELL,1241.36,750,2026-08-14,DEUTSCHE-BROKER,RECEIVED,TRAIN
TRD102985,2026-08-10,AXISBANK,INE102985,AXISBANK,2000,1181.35,2362700.0,ICICI-CUST,EQ-INDEX-04,BOOKED,2026-08-11,BUY,1181.35,2000,2026-08-10,ICICI-CUST,RECEIVED,TEST
TRD102986,2026-08-02,BHARTIARTL,INE102986,BHARTIARTL,1000,1689.16,1689160.0,KOTAK-CUST,EQ-ALPHA-03,BOOKED,2026-08-03,BUY,1689.16,1000,2026-08-02,KOTAK-CUST,RECEIVED,TRAIN
TRD102987,2026-08-11,RELIANCE,INE102987,RELIANCE,1500,2843.21,4264815.0,NOMURA-BROKER,EQ-CORE-02,BOOKED,2026-08-12,SELL,2843.21,1500,2026-08-11,NOMURA-BROKER,RECEIVED,TRAIN
TRD102988,2026-08-13,HDFCBANK,INE102988,HDFCBANK,100,1676.69,167669.0,KOTAK-CUST,EQ-INDEX-04,BOOKED,2026-08-14,BUY,1676.69,100,2026-08-13,KOTAK-CUST,RECEIVED,TRAIN
TRD102989,2026-08-21,ITC,INE102989,ITC,2000,466.93,933860.0,MORGANSTANLEY-BROKER,EQ-ALPHA-03,BOOKED,2026-08-22,BUY,,,,,MISSING,TRAIN
TRD102990,2026-08-07,AXISBANK,INE102990,AXISBANK,1500,1176.98,1765470.0,ICICI-CUST,EQ-ALPHA-03,BOOKED,2026-08-08,SELL,1176.98,1500,2026-08-07,ICICI-CUST,RECEIVED,TRAIN
TRD102991,2026-08-12,WIPRO,INE102991,WIPRO,100,608.39,60839.0,ICICI-CUST,EQ-CORE-02,BOOKED,2026-08-13,BUY,608.39,100,2026-08-12,ICICI-CUST,RECEIVED,TEST
TRD102992,2026-08-14,ITC,INE102992,ITC,1500,469.72,704580.0,KOTAK-CUST,EQ-CORE-02,BOOKED,2026-08-15,BUY,469.72,1500,2026-08-14,KOTAK-CUST,RECEIVED,TRAIN
TRD102993,2026-08-17,MARUTI,INE102993,MARUTI,1000,12994.81,12994810.0,MORGANSTANLEY-BROKER,EQ-ALPHA-03,BOOKED,2026-08-18,SELL,12994.81,1000,2026-08-17,MORGANSTANLEY-BROKER,RECEIVED,TRAIN
TRD102994,2026-08-14,SBIN,INE102994,SBIN,750,844.87,633652.5,HDFC-CUST,EQ-ALPHA-03,BOOKED,2026-08-15,SELL,844.87,750,2026-08-14,HDFC-CUST,RECEIVED,TRAIN
TRD102995,2026-08-10,HINDUNILVR,INE102995,HINDUNILVR,750,2755.89,2066917.5,NOMURA-BROKER,EQ-CORE-02,BOOKED,2026-08-11,SELL,2755.89,750,2026-08-10,DEUTSCHE-BROKER,RECEIVED,TRAIN
TRD102996,2026-08-10,WIPRO,INE102996,WIPRO,750,612.09,459067.5,MORGANSTANLEY-BROKER,EQ-CORE-01,BOOKED,2026-08-11,SELL,612.09,750,2026-08-10,MORGANSTANLEY-BROKER,RECEIVED,TRAIN
TRD102997,2026-08-08,AXISBANK,INE102997,AXISBANK,500,1183.24,591620.0,NOMURA-BROKER,EQ-ALPHA-03,BOOKED,2026-08-09,SELL,1203.4,425,2026-08-08,NOMURA-BROKER,RECEIVED,TRAIN
TRD102998,2026-08-19,AXISBANK,INE102998,AXISBANK,2000,1177.71,2355420.0,KOTAK-CUST,EQ-INDEX-04,BOOKED,2026-08-20,SELL,1177.71,2000,2026-08-19,KOTAK-CUST,RECEIVED,TRAIN
TRD102999,2026-08-02,RELIANCE,INE102999,RELIANCE,250,2840.41,710102.5,MORGANSTANLEY-BROKER,EQ-ALPHA-03,BOOKED,2026-08-03,SELL,2840.41,250,2026-08-02,MORGANSTANLEY-BROKER,RECEIVED,TRAIN
TRD103000,2026-08-07,INFY,INE103000,INFY,2000,1894.53,3789060.0,MORGANSTANLEY-BROKER,EQ-ALPHA-03,BOOKED,2026-08-08,BUY,1894.53,2000,2026-08-07,NOMURA-BROKER,RECEIVED,TRAIN
TRD103001,2026-08-01,HDFCBANK,INE103001,HDFCBANK,250,1668.56,417140.0,MORGANSTANLEY-BROKER,EQ-INDEX-04,BOOKED,2026-08-02,BUY,1668.56,250,2026-08-01,MORGANSTANLEY-BROKER,RECEIVED,TRAIN
TRD103002,2026-08-16,RELIANCE,INE103002,RELIANCE,250,2839.53,709882.5,ICICI-CUST,EQ-INDEX-04,BOOKED,2026-08-17,SELL,2839.53,250,2026-08-16,ICICI-CUST,RECEIVED,TRAIN
TRD103003,2026-08-21,ICICIBANK,INE103003,ICICIBANK,1000,1236.99,1236990.0,NOMURA-BROKER,EQ-INDEX-04,BOOKED,2026-08-22,SELL,1236.99,1000,2026-08-21,NOMURA-BROKER,RECEIVED,TRAIN
TRD103004,2026-08-05,SBIN,INE103004,SBIN,2000,848.14,1696280.0,HDFC-CUST,EQ-CORE-01,BOOKED,2026-08-06,BUY,848.14,2000,2026-08-05,HDFC-CUST,RECEIVED,TEST
TRD103005,2026-08-19,RELIANCE,INE103005,RELIANCE,100,2844.85,284485.0,DEUTSCHE-BROKER,EQ-ALPHA-03,BOOKED,2026-08-20,SELL,2844.85,100,2026-08-19,DEUTSCHE-BROKER,RECEIVED,TRAIN
TRD103006,2026-08-20,TATASTEEL,INE103006,TATASTEEL,200,171.84,34368.0,HDFC-CUST,EQ-CORE-01,BOOKED,2026-08-21,BUY,171.84,200,2026-08-20,HDFC-CUST,RECEIVED,TRAIN
TRD103007,2026-08-04,INFY,INE103007,INFY,1000,1882.86,1882860.0,HDFC-CUST,EQ-INDEX-04,BOOKED,2026-08-05,SELL,1882.86,1000,2026-08-04,HDFC-CUST,RECEIVED,TRAIN
TRD103008,2026-08-17,MARUTI,INE103008,MARUTI,1500,13027.29,19540935.0,NOMURA-BROKER,EQ-INDEX-04,BOOKED,2026-08-18,BUY,13027.29,1500,2026-08-17,NOMURA-BROKER,RECEIVED,TEST
TRD103009,2026-08-16,SBIN,INE103009,SBIN,1000,846.68,846680.0,ICICI-CUST,EQ-INDEX-04,BOOKED,2026-08-17,BUY,846.68,1000,2026-08-16,ICICI-CUST,RECEIVED,TRAIN
TRD103010,2026-08-09,TATASTEEL,INE103010,TATASTEEL,500,173.22,86610.0,NOMURA-BROKER,EQ-ALPHA-03,BOOKED,2026-08-10,SELL,173.22,500,2026-08-09,NOMURA-BROKER,RECEIVED,TRAIN
TRD103011,2026-08-13,HDFCBANK,INE103011,HDFCBANK,750,1678.48,1258860.0,DEUTSCHE-BROKER,EQ-CORE-02,BOOKED,2026-08-14,BUY,1678.48,750,2026-08-13,DEUTSCHE-BROKER,RECEIVED,TRAIN
TRD103012,2026-08-18,TCS,INE103012,TCS,500,4138.66,2069330.0,KOTAK-CUST,EQ-CORE-01,BOOKED,2026-08-19,BUY,4138.66,500,2026-08-18,KOTAK-CUST,RECEIVED,TRAIN
TRD103013,2026-08-14,ICICIBANK,INE103013,ICICIBANK,250,1236.96,309240.0,HDFC-CUST,EQ-CORE-02,BOOKED,2026-08-15,BUY,1236.96,250,2026-08-14,HDFC-CUST,RECEIVED,TRAIN
TRD103014,2026-08-15,MARUTI,INE103014,MARUTI,500,12940.4,6470200.0,KOTAK-CUST,EQ-CORE-02,BOOKED,2026-08-16,SELL,12940.4,500,2026-08-15,KOTAK-CUST,RECEIVED,TEST
TRD103015,2026-08-01,BHARTIARTL,INE103015,BHARTIARTL,500,1693.04,846520.0,KOTAK-CUST,EQ-CORE-02,BOOKED,2026-08-02,SELL,1693.04,500,2026-08-01,KOTAK-CUST,RECEIVED,TRAIN
TRD103016,2026-08-13,WIPRO,INE103016,WIPRO,1500,610.38,915570.0,MORGANSTANLEY-BROKER,EQ-CORE-01,BOOKED,2026-08-14,BUY,610.38,1500,2026-08-13,MORGANSTANLEY-BROKER,RECEIVED,TRAIN
TRD103017,2026-08-05,LT,INE103017,LT,1000,3687.91,3687910.0,MORGANSTANLEY-BROKER,EQ-ALPHA-03,BOOKED,2026-08-06,SELL,3687.91,1000,2026-08-05,MORGANSTANLEY-BROKER,RECEIVED,TRAIN
TRD103018,2026-08-21,HINDUNILVR,INE103018,HINDUNILVR,100,2736.07,273607.0,ICICI-CUST,EQ-INDEX-04,BOOKED,2026-08-22,SELL,2672.67,100,2026-08-21,ICICI-CUST,RECEIVED,TRAIN
TRD103019,2026-08-09,TATASTEEL,INE103019,TATASTEEL,750,171.7,128775.0,HDFC-CUST,EQ-CORE-01,BOOKED,2026-08-10,SELL,174.37,825,2026-08-09,HDFC-CUST,RECEIVED,TRAIN
TRD103020,2026-08-08,HDFCBANK,INE103020,HDFCBANK,1000,1667.8,1667800.0,MORGANSTANLEY-BROKER,EQ-ALPHA-03,BOOKED,2026-08-09,BUY,1667.8,1000,2026-08-08,MORGANSTANLEY-BROKER,RECEIVED,TRAIN
TRD103021,2026-08-20,INFY,INE103021,INFY,250,1896.26,474065.0,KOTAK-CUST,EQ-INDEX-04,BOOKED,2026-08-21,SELL,1844.42,250,2026-08-20,KOTAK-CUST,RECEIVED,TRAIN
TRD103022,2026-08-11,SBIN,INE103022,SBIN,250,845.16,211290.0,NOMURA-BROKER,EQ-CORE-02,BOOKED,2026-08-12,BUY,845.16,250,2026-08-11,NOMURA-BROKER,RECEIVED,TEST
TRD103023,2026-08-05,HDFCBANK,INE103023,HDFCBANK,250,1675.54,418885.0,MORGANSTANLEY-BROKER,EQ-CORE-02,BOOKED,2026-08-06,BUY,1675.54,250,2026-08-05,MORGANSTANLEY-BROKER,RECEIVED,TRAIN
TRD103024,2026-08-13,INFY,INE103024,INFY,100,1883.39,188339.0,MORGANSTANLEY-BROKER,EQ-CORE-01,BOOKED,2026-08-14,BUY,1883.39,100,2026-08-13,MORGANSTANLEY-BROKER,RECEIVED,TRAIN
TRD103025,2026-08-08,HDFCBANK,INE103025,HDFCBANK,100,1670.67,167067.0,HDFC-CUST,EQ-ALPHA-03,BOOKED,2026-08-09,SELL,1670.67,100,2026-08-08,HDFC-CUST,RECEIVED,TRAIN
TRD103026,2026-08-04,ITC,INE103026,ITC,2000,466.87,933740.0,NOMURA-BROKER,EQ-INDEX-04,BOOKED,2026-08-05,SELL,475.15,2075,2026-08-04,NOMURA-BROKER,RECEIVED,TRAIN
TRD103027,2026-08-14,SBIN,INE103027,SBIN,100,845.07,84507.0,HDFC-CUST,EQ-INDEX-04,BOOKED,2026-08-15,SELL,845.07,100,2026-08-14,HDFC-CUST,RECEIVED,TEST
TRD103028,2026-08-02,HINDUNILVR,INE103028,HINDUNILVR,1000,2738.71,2738710.0,HDFC-CUST,EQ-ALPHA-03,BOOKED,2026-08-03,SELL,2738.71,1000,2026-08-02,HDFC-CUST,RECEIVED,TEST
TRD103029,2026-08-06,HDFCBANK,INE103029,HDFCBANK,100,1668.13,166813.0,HDFC-CUST,EQ-ALPHA-03,BOOKED,2026-08-07,SELL,1695.73,100,2026-08-06,HDFC-CUST,RECEIVED,TEST
TRD103030,2026-08-09,INFY,INE103030,INFY,500,1881.4,940700.0,NOMURA-BROKER,EQ-CORE-02,BOOKED,2026-08-10,BUY,1881.4,500,2026-08-09,NOMURA-BROKER,RECEIVED,TRAIN
TRD103031,2026-08-19,INFY,INE103031,INFY,750,1889.51,1417132.5,NOMURA-BROKER,EQ-CORE-01,BOOKED,2026-08-20,BUY,1889.51,750,2026-08-19,NOMURA-BROKER,RECEIVED,TRAIN
TRD103032,2026-08-05,ITC,INE103032,ITC,250,471.05,117762.5,KOTAK-CUST,EQ-CORE-01,BOOKED,2026-08-06,SELL,471.05,250,2026-08-05,KOTAK-CUST,RECEIVED,TRAIN
TRD103033,2026-08-14,RELIANCE,INE103033,RELIANCE,2000,2859.46,5718920.0,KOTAK-CUST,EQ-INDEX-04,BOOKED,2026-08-15,BUY,2859.46,2000,2026-08-14,KOTAK-CUST,RECEIVED,TRAIN
TRD103034,2026-08-16,MARUTI,INE103034,MARUTI,2000,12998.46,25996920.0,KOTAK-CUST,EQ-ALPHA-03,BOOKED,2026-08-17,SELL,12998.46,2000,2026-08-16,KOTAK-CUST,RECEIVED,TEST
TRD103035,2026-08-02,TCS,INE103035,TCS,250,4138.29,1034572.5,DEUTSCHE-BROKER,EQ-ALPHA-03,BOOKED,2026-08-03,BUY,4138.29,250,2026-08-02,DEUTSCHE-BROKER,RECEIVED,TRAIN
TRD103036,2026-08-16,LT,INE103036,LT,2000,3667.42,7334840.0,NOMURA-BROKER,EQ-CORE-02,BOOKED,2026-08-17,SELL,3667.42,2000,2026-08-16,NOMURA-BROKER,RECEIVED,TRAIN
TRD103037,2026-08-11,LT,INE103037,LT,200,3668.37,733674.0,MORGANSTANLEY-BROKER,EQ-CORE-01,BOOKED,2026-08-12,SELL,3668.37,200,2026-08-11,MORGANSTANLEY-BROKER,RECEIVED,TEST
TRD103038,2026-08-10,BHARTIARTL,INE103038,BHARTIARTL,1500,1694.77,2542155.0,NOMURA-BROKER,EQ-ALPHA-03,BOOKED,2026-08-11,BUY,,,,,MISSING,TRAIN
TRD103039,2026-08-07,HDFCBANK,INE103039,HDFCBANK,2000,1671.0,3342000.0,DEUTSCHE-BROKER,EQ-CORE-01,BOOKED,2026-08-08,BUY,1671.0,2000,2026-08-07,DEUTSCHE-BROKER,RECEIVED,TRAIN
TRD103040,2026-08-02,TCS,INE103040,TCS,250,4103.63,1025907.5,ICICI-CUST,EQ-INDEX-04,BOOKED,2026-08-03,BUY,4103.63,250,2026-08-02,ICICI-CUST,RECEIVED,TRAIN
TRD103041,2026-08-18,HDFCBANK,INE103041,HDFCBANK,1000,1683.28,1683280.0,DEUTSCHE-BROKER,EQ-CORE-01,BOOKED,2026-08-19,BUY,1683.28,1000,2026-08-19,DEUTSCHE-BROKER,RECEIVED,TRAIN
TRD103042,2026-08-16,ITC,INE103042,ITC,100,470.6,47060.0,KOTAK-CUST,EQ-CORE-01,BOOKED,2026-08-17,BUY,470.6,100,2026-08-16,KOTAK-CUST,RECEIVED,TEST
TRD103043,2026-08-19,AXISBANK,INE103043,AXISBANK,250,1178.51,294627.5,MORGANSTANLEY-BROKER,EQ-ALPHA-03,BOOKED,2026-08-20,SELL,1178.51,250,2026-08-19,MORGANSTANLEY-BROKER,RECEIVED,TRAIN
TRD103044,2026-08-04,INFY,INE103044,INFY,1000,1894.75,1894750.0,DEUTSCHE-BROKER,EQ-CORE-01,BOOKED,2026-08-05,BUY,,,,,MISSING,TRAIN
TRD103045,2026-08-13,INFY,INE103045,INFY,250,1897.96,474490.0,NOMURA-BROKER,EQ-ALPHA-03,BOOKED,2026-08-14,BUY,1897.96,250,2026-08-13,NOMURA-BROKER,RECEIVED,TEST
TRD103046,2026-08-01,HDFCBANK,INE103046,HDFCBANK,2000,1669.87,3339740.0,KOTAK-CUST,EQ-ALPHA-03,BOOKED,2026-08-02,BUY,1669.87,2100,2026-08-01,KOTAK-CUST,RECEIVED,TEST
TRD103047,2026-08-13,INFY,INE103047,INFY,200,1887.95,377590.0,NOMURA-BROKER,EQ-ALPHA-03,BOOKED,2026-08-14,SELL,1852.67,200,2026-08-13,NOMURA-BROKER,RECEIVED,TRAIN
TRD103048,2026-08-07,AXISBANK,INE103048,AXISBANK,1500,1184.38,1776570.0,HDFC-CUST,EQ-CORE-01,BOOKED,2026-08-08,BUY,1184.38,1500,2026-08-07,HDFC-CUST,RECEIVED,TRAIN
TRD103049,2026-08-15,HDFCBANK,INE103049,HDFCBANK,750,1671.76,1253820.0,ICICI-CUST,EQ-ALPHA-03,BOOKED,2026-08-16,SELL,1671.76,750,2026-08-15,ICICI-CUST,RECEIVED,TRAIN
TRD103050,2026-08-15,LT,INE103050,LT,1000,3662.18,3662180.0,ICICI-CUST,EQ-CORE-02,BOOKED,2026-08-16,BUY,3662.18,1000,2026-08-15,ICICI-CUST,RECEIVED,TRAIN
TRD103051,2026-08-13,MARUTI,INE103051,MARUTI,1000,12994.78,12994780.0,MORGANSTANLEY-BROKER,EQ-ALPHA-03,BOOKED,2026-08-14,BUY,12994.78,1000,2026-08-13,MORGANSTANLEY-BROKER,RECEIVED,TRAIN
TRD103052,2026-08-15,AXISBANK,INE103052,AXISBANK,1000,1176.58,1176580.0,DEUTSCHE-BROKER,EQ-ALPHA-03,BOOKED,2026-08-16,BUY,,,,,MISSING,TRAIN
TRD103053,2026-08-07,BHARTIARTL,INE103053,BHARTIARTL,1500,1692.68,2539020.0,HDFC-CUST,EQ-ALPHA-03,BOOKED,2026-08-08,SELL,1692.68,1500,2026-08-07,HDFC-CUST,RECEIVED,TRAIN
TRD103054,2026-08-16,HDFCBANK,INE103054,HDFCBANK,750,1669.92,1252440.0,DEUTSCHE-BROKER,EQ-ALPHA-03,BOOKED,2026-08-17,BUY,1669.92,750,2026-08-16,DEUTSCHE-BROKER,RECEIVED,TRAIN
TRD103055,2026-08-01,INFY,INE103055,INFY,1000,1891.57,1891570.0,DEUTSCHE-BROKER,EQ-CORE-01,BOOKED,2026-08-02,SELL,1891.57,1000,2026-08-01,DEUTSCHE-BROKER,RECEIVED,TRAIN
TRD103056,2026-08-20,SBIN,INE103056,SBIN,200,842.57,168514.0,HDFC-CUST,EQ-CORE-01,BOOKED,2026-08-21,SELL,842.57,200,2026-08-20,HDFC-CUST,RECEIVED,TRAIN
TRD103057,2026-08-10,AXISBANK,INE103057,AXISBANK,250,1176.13,294032.5,ICICI-CUST,EQ-CORE-01,BOOKED,2026-08-11,SELL,1176.13,250,2026-08-10,ICICI-CUST,RECEIVED,TRAIN
TRD103058,2026-08-05,TATASTEEL,INE103058,TATASTEEL,1500,171.96,257940.0,MORGANSTANLEY-BROKER,EQ-ALPHA-03,BOOKED,2026-08-06,SELL,171.96,1500,2026-08-05,MORGANSTANLEY-BROKER,RECEIVED,TRAIN
TRD103059,2026-08-08,HINDUNILVR,INE103059,HINDUNILVR,1500,2738.26,4107390.0,DEUTSCHE-BROKER,EQ-CORE-02,BOOKED,2026-08-09,SELL,2738.26,1500,2026-08-08,DEUTSCHE-BROKER,RECEIVED,TRAIN
TRD103060,2026-08-06,INFY,INE103060,INFY,750,1893.4,1420050.0,ICICI-CUST,EQ-INDEX-04,BOOKED,2026-08-07,SELL,1893.4,750,2026-08-06,ICICI-CUST,RECEIVED,TRAIN
TRD103061,2026-08-20,TCS,INE103061,TCS,1000,4127.48,4127480.0,MORGANSTANLEY-BROKER,EQ-CORE-01,BOOKED,2026-08-21,SELL,4127.48,1000,2026-08-20,MORGANSTANLEY-BROKER,RECEIVED,TRAIN
TRD103062,2026-08-04,TCS,INE103062,TCS,500,4108.58,2054290.0,HDFC-CUST,EQ-CORE-01,BOOKED,2026-08-05,BUY,4108.58,500,2026-08-05,HDFC-CUST,RECEIVED,TRAIN
TRD103063,2026-08-06,ICICIBANK,INE103063,ICICIBANK,500,1243.34,621670.0,ICICI-CUST,EQ-CORE-01,BOOKED,2026-08-07,BUY,1243.34,500,2026-08-06,ICICI-CUST,RECEIVED,TRAIN
TRD103064,2026-08-06,MARUTI,INE103064,MARUTI,250,12927.35,3231837.5,ICICI-CUST,EQ-ALPHA-03,BOOKED,2026-08-07,SELL,12927.35,250,2026-08-06,ICICI-CUST,RECEIVED,TRAIN
TRD103065,2026-08-18,LT,INE103065,LT,200,3687.92,737584.0,HDFC-CUST,EQ-INDEX-04,BOOKED,2026-08-19,SELL,3687.92,200,2026-08-18,HDFC-CUST,RECEIVED,TRAIN
TRD103066,2026-08-10,LT,INE103066,LT,2000,3698.24,7396480.0,ICICI-CUST,EQ-CORE-01,BOOKED,2026-08-11,BUY,3698.24,2000,2026-08-10,ICICI-CUST,RECEIVED,TRAIN
TRD103067,2026-08-18,LT,INE103067,LT,1000,3671.4,3671400.0,ICICI-CUST,EQ-INDEX-04,BOOKED,2026-08-19,SELL,,,,,MISSING,TRAIN
TRD103068,2026-08-01,ICICIBANK,INE103068,ICICIBANK,250,1244.98,311245.0,ICICI-CUST,EQ-INDEX-04,BOOKED,2026-08-02,BUY,1244.98,250,2026-08-01,ICICI-CUST,RECEIVED,TRAIN
TRD103069,2026-08-17,AXISBANK,INE103069,AXISBANK,2000,1179.57,2359140.0,DEUTSCHE-BROKER,EQ-CORE-02,BOOKED,2026-08-18,SELL,1179.57,2000,2026-08-17,DEUTSCHE-BROKER,RECEIVED,TRAIN
TRD103070,2026-08-13,LT,INE103070,LT,1000,3690.3,3690300.0,NOMURA-BROKER,EQ-INDEX-04,BOOKED,2026-08-14,SELL,3690.3,1000,2026-08-13,NOMURA-BROKER,RECEIVED,TRAIN
TRD103071,2026-08-04,MARUTI,INE103071,MARUTI,1500,13012.31,19518465.0,MORGANSTANLEY-BROKER,EQ-INDEX-04,BOOKED,2026-08-05,BUY,13012.31,1500,2026-08-04,MORGANSTANLEY-BROKER,RECEIVED,TRAIN
TRD103072,2026-08-04,HDFCBANK,INE103072,HDFCBANK,750,1677.86,1258395.0,MORGANSTANLEY-BROKER,EQ-CORE-02,BOOKED,2026-08-05,SELL,1677.86,750,2026-08-04,MORGANSTANLEY-BROKER,RECEIVED,TRAIN
TRD103073,2026-08-07,HINDUNILVR,INE103073,HINDUNILVR,250,2736.79,684197.5,HDFC-CUST,EQ-CORE-01,BOOKED,2026-08-08,SELL,2736.79,250,2026-08-07,HDFC-CUST,RECEIVED,TRAIN
TRD103074,2026-08-06,WIPRO,INE103074,WIPRO,200,607.58,121516.0,MORGANSTANLEY-BROKER,EQ-ALPHA-03,BOOKED,2026-08-07,BUY,607.58,200,2026-08-06,MORGANSTANLEY-BROKER,RECEIVED,TRAIN
TRD103075,2026-08-16,HINDUNILVR,INE103075,HINDUNILVR,200,2739.6,547920.0,MORGANSTANLEY-BROKER,EQ-CORE-01,BOOKED,2026-08-17,BUY,2739.6,200,2026-08-16,MORGANSTANLEY-BROKER,RECEIVED,TRAIN
TRD103076,2026-08-14,ITC,INE103076,ITC,2000,467.27,934540.0,MORGANSTANLEY-BROKER,EQ-ALPHA-03,BOOKED,2026-08-15,BUY,467.27,2000,2026-08-14,MORGANSTANLEY-BROKER,RECEIVED,TRAIN
TRD103077,2026-08-07,KOTAKBANK,INE103077,KOTAKBANK,250,1955.97,488992.5,ICICI-CUST,EQ-CORE-01,BOOKED,2026-08-08,BUY,1955.97,250,2026-08-07,ICICI-CUST,RECEIVED,TRAIN
TRD103078,2026-08-01,HDFCBANK,INE103078,HDFCBANK,1500,1673.9,2510850.0,NOMURA-BROKER,EQ-CORE-02,BOOKED,2026-08-02,BUY,1673.9,1500,2026-08-01,NOMURA-BROKER,RECEIVED,TEST
TRD103079,2026-08-07,RELIANCE,INE103079,RELIANCE,100,2846.16,284616.0,NOMURA-BROKER,EQ-CORE-02,BOOKED,2026-08-08,SELL,2846.16,100,2026-08-07,NOMURA-BROKER,RECEIVED,TEST
TRD103080,2026-08-04,HDFCBANK,INE103080,HDFCBANK,1500,1669.98,2504970.0,ICICI-CUST,EQ-ALPHA-03,BOOKED,2026-08-05,BUY,1669.98,1500,2026-08-04,ICICI-CUST,RECEIVED,TRAIN
TRD103081,2026-08-17,SBIN,INE103081,SBIN,250,843.66,210915.0,HDFC-CUST,EQ-CORE-01,BOOKED,2026-08-18,SELL,843.66,250,2026-08-17,HDFC-CUST,RECEIVED,TRAIN
TRD103082,2026-08-20,LT,INE103082,LT,250,3695.79,923947.5,HDFC-CUST,EQ-CORE-01,BOOKED,2026-08-21,BUY,3695.79,250,2026-08-20,HDFC-CUST,RECEIVED,TRAIN
TRD103083,2026-08-14,ITC,INE103083,ITC,1500,469.06,703590.0,HDFC-CUST,EQ-INDEX-04,BOOKED,2026-08-15,SELL,469.06,1500,2026-08-14,HDFC-CUST,RECEIVED,TRAIN
TRD103084,2026-08-06,TATASTEEL,INE103084,TATASTEEL,500,173.07,86535.0,MORGANSTANLEY-BROKER,EQ-CORE-02,BOOKED,2026-08-07,SELL,173.07,500,2026-08-07,MORGANSTANLEY-BROKER,RECEIVED,TRAIN
TRD103085,2026-08-16,KOTAKBANK,INE103085,KOTAKBANK,500,1950.12,975060.0,DEUTSCHE-BROKER,EQ-CORE-01,BOOKED,2026-08-17,SELL,1950.12,500,2026-08-16,DEUTSCHE-BROKER,RECEIVED,TRAIN
TRD103086,2026-08-18,KOTAKBANK,INE103086,KOTAKBANK,200,1963.2,392640.0,DEUTSCHE-BROKER,EQ-CORE-02,BOOKED,2026-08-19,SELL,1963.2,200,2026-08-18,NOMURA-BROKER,RECEIVED,TEST
TRD103087,2026-08-18,ITC,INE103087,ITC,200,467.72,93544.0,KOTAK-CUST,EQ-CORE-01,BOOKED,2026-08-19,BUY,467.72,200,2026-08-19,KOTAK-CUST,RECEIVED,TRAIN
TRD103088,2026-08-17,TCS,INE103088,TCS,500,4106.54,2053270.0,HDFC-CUST,EQ-CORE-02,BOOKED,2026-08-18,BUY,4106.54,500,2026-08-17,HDFC-CUST,RECEIVED,TEST
TRD103089,2026-08-18,WIPRO,INE103089,WIPRO,250,607.9,151975.0,MORGANSTANLEY-BROKER,EQ-CORE-02,BOOKED,2026-08-19,SELL,607.9,250,2026-08-18,MORGANSTANLEY-BROKER,RECEIVED,TRAIN
TRD103090,2026-08-20,TATASTEEL,INE103090,TATASTEEL,250,172.38,43095.0,NOMURA-BROKER,EQ-CORE-01,BOOKED,2026-08-21,SELL,,,,,MISSING,TRAIN
TRD103091,2026-08-16,SBIN,INE103091,SBIN,100,844.81,84481.0,DEUTSCHE-BROKER,EQ-INDEX-04,BOOKED,2026-08-17,BUY,844.81,100,2026-08-16,DEUTSCHE-BROKER,RECEIVED,TRAIN
TRD103092,2026-08-21,KOTAKBANK,INE103092,KOTAKBANK,100,1954.18,195418.0,NOMURA-BROKER,EQ-ALPHA-03,BOOKED,2026-08-22,BUY,1954.18,100,2026-08-21,NOMURA-BROKER,RECEIVED,TRAIN
TRD103093,2026-08-09,RELIANCE,INE103093,RELIANCE,200,2860.66,572132.0,HDFC-CUST,EQ-CORE-01,BOOKED,2026-08-10,BUY,2860.66,200,2026-08-09,HDFC-CUST,RECEIVED,TRAIN
TRD103094,2026-08-04,ITC,INE103094,ITC,2000,471.04,942080.0,DEUTSCHE-BROKER,EQ-CORE-01,BOOKED,2026-08-05,SELL,471.04,2000,2026-08-04,DEUTSCHE-BROKER,RECEIVED,TEST
TRD103095,2026-08-18,AXISBANK,INE103095,AXISBANK,1500,1181.19,1771785.0,NOMURA-BROKER,EQ-CORE-02,BOOKED,2026-08-19,SELL,1181.19,1500,2026-08-18,NOMURA-BROKER,RECEIVED,TRAIN
TRD103096,2026-08-01,SBIN,INE103096,SBIN,2000,842.88,1685760.0,NOMURA-BROKER,EQ-CORE-02,BOOKED,2026-08-02,SELL,842.88,2000,2026-08-01,NOMURA-BROKER,RECEIVED,TRAIN
TRD103097,2026-08-13,BHARTIARTL,INE103097,BHARTIARTL,1000,1693.71,1693710.0,MORGANSTANLEY-BROKER,EQ-INDEX-04,BOOKED,2026-08-14,BUY,1693.71,1000,2026-08-13,MORGANSTANLEY-BROKER,RECEIVED,TEST
TRD103098,2026-08-04,AXISBANK,INE103098,AXISBANK,1000,1181.13,1181130.0,HDFC-CUST,EQ-ALPHA-03,BOOKED,2026-08-05,SELL,1181.13,1000,2026-08-04,HDFC-CUST,RECEIVED,TRAIN
TRD103099,2026-08-19,HDFCBANK,INE103099,HDFCBANK,750,1677.16,1257870.0,MORGANSTANLEY-BROKER,EQ-CORE-02,BOOKED,2026-08-20,SELL,1677.16,750,2026-08-19,MORGANSTANLEY-BROKER,RECEIVED,TRAIN
TRD103100,2026-08-14,SBIN,INE103100,SBIN,500,846.47,423235.0,NOMURA-BROKER,EQ-CORE-01,BOOKED,2026-08-15,SELL,846.47,500,2026-08-14,NOMURA-BROKER,RECEIVED,TRAIN
TRD103101,2026-08-19,WIPRO,INE103101,WIPRO,750,612.71,459532.5,MORGANSTANLEY-BROKER,EQ-CORE-01,BOOKED,2026-08-20,SELL,612.71,750,2026-08-19,DEUTSCHE-BROKER,RECEIVED,TRAIN
TRD103102,2026-08-20,ICICIBANK,INE103102,ICICIBANK,2000,1236.37,2472740.0,DEUTSCHE-BROKER,EQ-INDEX-04,BOOKED,2026-08-21,SELL,1236.37,2000,2026-08-20,DEUTSCHE-BROKER,RECEIVED,TRAIN
TRD103103,2026-08-13,TCS,INE103103,TCS,2000,4123.8,8247600.0,DEUTSCHE-BROKER,EQ-CORE-01,BOOKED,2026-08-14,BUY,4123.8,2000,2026-08-13,DEUTSCHE-BROKER,RECEIVED,TRAIN
TRD103104,2026-08-16,LT,INE103104,LT,2000,3673.05,7346100.0,KOTAK-CUST,EQ-ALPHA-03,BOOKED,2026-08-17,SELL,3673.05,2000,2026-08-16,DEUTSCHE-BROKER,RECEIVED,TRAIN
TRD103105,2026-08-17,BHARTIARTL,INE103105,BHARTIARTL,750,1683.22,1262415.0,HDFC-CUST,EQ-ALPHA-03,BOOKED,2026-08-18,BUY,1683.22,750,2026-08-17,NOMURA-BROKER,RECEIVED,TRAIN
TRD103106,2026-08-15,BHARTIARTL,INE103106,BHARTIARTL,2000,1686.05,3372100.0,MORGANSTANLEY-BROKER,EQ-ALPHA-03,BOOKED,2026-08-16,BUY,1686.05,2000,2026-08-15,MORGANSTANLEY-BROKER,RECEIVED,TRAIN
TRD103107,2026-08-10,BHARTIARTL,INE103107,BHARTIARTL,200,1698.81,339762.0,MORGANSTANLEY-BROKER,EQ-CORE-01,BOOKED,2026-08-11,SELL,1698.81,200,2026-08-10,MORGANSTANLEY-BROKER,RECEIVED,TRAIN
TRD103108,2026-08-20,ICICIBANK,INE103108,ICICIBANK,1000,1234.72,1234720.0,HDFC-CUST,EQ-INDEX-04,BOOKED,2026-08-21,BUY,1234.72,1000,2026-08-20,HDFC-CUST,RECEIVED,TRAIN
TRD103109,2026-08-02,SBIN,INE103109,SBIN,250,842.37,210592.5,HDFC-CUST,EQ-INDEX-04,BOOKED,2026-08-03,BUY,842.37,250,2026-08-02,HDFC-CUST,RECEIVED,TRAIN
TRD103110,2026-08-10,ITC,INE103110,ITC,100,468.42,46842.0,MORGANSTANLEY-BROKER,EQ-CORE-01,BOOKED,2026-08-11,BUY,479.7,100,2026-08-10,MORGANSTANLEY-BROKER,RECEIVED,TRAIN
TRD103111,2026-08-09,MARUTI,INE103111,MARUTI,250,12950.22,3237555.0,KOTAK-CUST,EQ-CORE-01,BOOKED,2026-08-10,BUY,13145.13,325,2026-08-09,KOTAK-CUST,RECEIVED,TRAIN
TRD103112,2026-08-02,RELIANCE,INE103112,RELIANCE,500,2861.19,1430595.0,KOTAK-CUST,EQ-INDEX-04,BOOKED,2026-08-03,SELL,2861.19,500,2026-08-02,KOTAK-CUST,RECEIVED,TRAIN
TRD103113,2026-08-16,KOTAKBANK,INE103113,KOTAKBANK,500,1958.02,979010.0,KOTAK-CUST,EQ-CORE-01,BOOKED,2026-08-17,SELL,1958.02,500,2026-08-16,KOTAK-CUST,RECEIVED,TRAIN
TRD103114,2026-08-15,BHARTIARTL,INE103114,BHARTIARTL,500,1682.19,841095.0,KOTAK-CUST,EQ-CORE-01,BOOKED,2026-08-16,BUY,1682.19,500,2026-08-15,KOTAK-CUST,RECEIVED,TRAIN
TRD103115,2026-08-12,RELIANCE,INE103115,RELIANCE,500,2837.56,1418780.0,NOMURA-BROKER,EQ-INDEX-04,BOOKED,2026-08-13,SELL,2837.56,500,2026-08-12,NOMURA-BROKER,RECEIVED,TRAIN
TRD103116,2026-08-01,TCS,INE103116,TCS,1000,4126.73,4126730.0,KOTAK-CUST,EQ-INDEX-04,BOOKED,2026-08-02,SELL,4126.73,1000,2026-08-01,KOTAK-CUST,RECEIVED,TRAIN
TRD103117,2026-08-07,TCS,INE103117,TCS,750,4131.76,3098820.0,DEUTSCHE-BROKER,EQ-ALPHA-03,BOOKED,2026-08-08,SELL,4131.76,750,2026-08-07,DEUTSCHE-BROKER,RECEIVED,TRAIN
TRD103118,2026-08-16,ITC,INE103118,ITC,100,468.91,46891.0,NOMURA-BROKER,EQ-CORE-01,BOOKED,2026-08-17,BUY,468.91,100,2026-08-16,NOMURA-BROKER,RECEIVED,TEST
TRD103119,2026-08-21,LT,INE103119,LT,2000,3667.71,7335420.0,ICICI-CUST,EQ-CORE-01,BOOKED,2026-08-22,BUY,3667.71,2000,2026-08-21,ICICI-CUST,RECEIVED,TEST
TRD103120,2026-08-04,KOTAKBANK,INE103120,KOTAKBANK,500,1954.29,977145.0,ICICI-CUST,EQ-CORE-02,BOOKED,2026-08-05,SELL,1954.29,500,2026-08-04,ICICI-CUST,RECEIVED,TRAIN
TRD103121,2026-08-09,TATASTEEL,INE103121,TATASTEEL,750,172.11,129082.5,HDFC-CUST,EQ-CORE-01,BOOKED,2026-08-10,SELL,172.11,750,2026-08-09,HDFC-CUST,RECEIVED,TEST
TRD103122,2026-08-14,ITC,INE103122,ITC,750,469.67,352252.5,MORGANSTANLEY-BROKER,EQ-INDEX-04,BOOKED,2026-08-15,SELL,475.83,825,2026-08-14,MORGANSTANLEY-BROKER,RECEIVED,TRAIN
TRD103123,2026-08-13,INFY,INE103123,INFY,750,1898.62,1423965.0,HDFC-CUST,EQ-CORE-02,BOOKED,2026-08-14,BUY,1898.62,750,2026-08-13,HDFC-CUST,RECEIVED,TEST
TRD103124,2026-08-14,SBIN,INE103124,SBIN,1000,846.54,846540.0,DEUTSCHE-BROKER,EQ-CORE-02,BOOKED,2026-08-15,SELL,,,,,MISSING,TEST
TRD103125,2026-08-06,TATASTEEL,INE103125,TATASTEEL,1500,172.91,259365.0,HDFC-CUST,EQ-CORE-01,BOOKED,2026-08-07,BUY,172.91,1500,2026-08-06,HDFC-CUST,RECEIVED,TEST
TRD103126,2026-08-21,SBIN,INE103126,SBIN,500,843.19,421595.0,NOMURA-BROKER,EQ-ALPHA-03,BOOKED,2026-08-22,SELL,843.19,500,2026-08-21,MORGANSTANLEY-BROKER,RECEIVED,TRAIN
TRD103127,2026-08-10,HINDUNILVR,INE103127,HINDUNILVR,100,2738.97,273897.0,DEUTSCHE-BROKER,EQ-INDEX-04,BOOKED,2026-08-11,SELL,2738.97,100,2026-08-10,DEUTSCHE-BROKER,RECEIVED,TEST
TRD103128,2026-08-11,LT,INE103128,LT,750,3686.95,2765212.5,KOTAK-CUST,EQ-CORE-02,BOOKED,2026-08-12,SELL,3686.95,750,2026-08-11,KOTAK-CUST,RECEIVED,TRAIN
TRD103129,2026-08-08,SBIN,INE103129,SBIN,250,842.19,210547.5,MORGANSTANLEY-BROKER,EQ-CORE-02,BOOKED,2026-08-09,SELL,842.19,250,2026-08-08,MORGANSTANLEY-BROKER,RECEIVED,TRAIN
TRD103130,2026-08-05,RELIANCE,INE103130,RELIANCE,2000,2859.92,5719840.0,KOTAK-CUST,EQ-ALPHA-03,BOOKED,2026-08-06,SELL,2859.92,2000,2026-08-05,KOTAK-CUST,RECEIVED,TRAIN
TRD103131,2026-08-20,HDFCBANK,INE103131,HDFCBANK,200,1669.61,333922.0,ICICI-CUST,EQ-CORE-01,BOOKED,2026-08-21,BUY,1669.61,200,2026-08-20,ICICI-CUST,RECEIVED,TRAIN
TRD103132,2026-08-03,BHARTIARTL,INE103132,BHARTIARTL,250,1693.08,423270.0,ICICI-CUST,EQ-INDEX-04,BOOKED,2026-08-04,BUY,1693.08,250,2026-08-03,KOTAK-CUST,RECEIVED,TRAIN
TRD103133,2026-08-15,TATASTEEL,INE103133,TATASTEEL,250,172.68,43170.0,DEUTSCHE-BROKER,EQ-CORE-02,BOOKED,2026-08-16,SELL,172.68,250,2026-08-15,DEUTSCHE-BROKER,RECEIVED,TRAIN
TRD103134,2026-08-18,HINDUNILVR,INE103134,HINDUNILVR,750,2746.59,2059942.5,NOMURA-BROKER,EQ-CORE-02,BOOKED,2026-08-19,SELL,2746.59,750,2026-08-18,NOMURA-BROKER,RECEIVED,TRAIN
TRD103135,2026-08-11,LT,INE103135,LT,1000,3687.97,3687970.0,MORGANSTANLEY-BROKER,EQ-ALPHA-03,BOOKED,2026-08-12,BUY,3687.97,1000,2026-08-11,MORGANSTANLEY-BROKER,RECEIVED,TRAIN
TRD103136,2026-08-12,INFY,INE103136,INFY,750,1884.07,1413052.5,HDFC-CUST,EQ-ALPHA-03,BOOKED,2026-08-13,BUY,1884.07,750,2026-08-12,HDFC-CUST,RECEIVED,TRAIN
TRD103137,2026-08-11,BHARTIARTL,INE103137,BHARTIARTL,200,1698.47,339694.0,DEUTSCHE-BROKER,EQ-ALPHA-03,BOOKED,2026-08-12,BUY,1698.47,200,2026-08-11,DEUTSCHE-BROKER,RECEIVED,TRAIN
TRD103138,2026-08-02,ITC,INE103138,ITC,200,466.81,93362.0,MORGANSTANLEY-BROKER,EQ-CORE-01,BOOKED,2026-08-03,SELL,466.81,200,2026-08-02,MORGANSTANLEY-BROKER,RECEIVED,TEST
TRD103139,2026-08-15,ICICIBANK,INE103139,ICICIBANK,200,1237.8,247560.0,KOTAK-CUST,EQ-ALPHA-03,BOOKED,2026-08-16,SELL,1237.8,200,2026-08-15,KOTAK-CUST,RECEIVED,TRAIN
TRD103140,2026-08-12,HDFCBANK,INE103140,HDFCBANK,1000,1677.52,1677520.0,HDFC-CUST,EQ-ALPHA-03,BOOKED,2026-08-13,SELL,1677.52,1000,2026-08-12,HDFC-CUST,RECEIVED,TRAIN
TRD103141,2026-08-15,MARUTI,INE103141,MARUTI,750,12929.66,9697245.0,ICICI-CUST,EQ-ALPHA-03,BOOKED,2026-08-16,SELL,13063.81,825,2026-08-15,ICICI-CUST,RECEIVED,TRAIN
TRD103142,2026-08-10,WIPRO,INE103142,WIPRO,2000,608.52,1217040.0,MORGANSTANLEY-BROKER,EQ-CORE-02,BOOKED,2026-08-11,BUY,608.52,2000,2026-08-10,MORGANSTANLEY-BROKER,RECEIVED,TRAIN
TRD103143,2026-08-18,SBIN,INE103143,SBIN,500,845.5,422750.0,ICICI-CUST,EQ-CORE-02,BOOKED,2026-08-19,BUY,845.5,500,2026-08-18,ICICI-CUST,RECEIVED,TEST
TRD103144,2026-08-03,TCS,INE103144,TCS,500,4117.51,2058755.0,NOMURA-BROKER,EQ-CORE-02,BOOKED,2026-08-04,BUY,4117.51,500,2026-08-03,NOMURA-BROKER,RECEIVED,TRAIN
TRD103145,2026-08-02,MARUTI,INE103145,MARUTI,250,12970.54,3242635.0,MORGANSTANLEY-BROKER,EQ-INDEX-04,BOOKED,2026-08-03,BUY,13134.87,325,2026-08-02,MORGANSTANLEY-BROKER,RECEIVED,TRAIN
TRD103146,2026-08-06,HINDUNILVR,INE103146,HINDUNILVR,200,2741.55,548310.0,DEUTSCHE-BROKER,EQ-INDEX-04,BOOKED,2026-08-07,BUY,2741.55,200,2026-08-06,DEUTSCHE-BROKER,RECEIVED,TRAIN
TRD103147,2026-08-14,RELIANCE,INE103147,RELIANCE,750,2859.83,2144872.5,HDFC-CUST,EQ-ALPHA-03,BOOKED,2026-08-15,BUY,2910.38,750,2026-08-14,HDFC-CUST,RECEIVED,TRAIN
TRD103148,2026-08-10,SBIN,INE103148,SBIN,250,842.41,210602.5,DEUTSCHE-BROKER,EQ-ALPHA-03,BOOKED,2026-08-11,BUY,842.41,250,2026-08-10,DEUTSCHE-BROKER,RECEIVED,TRAIN
TRD103149,2026-08-16,TATASTEEL,INE103149,TATASTEEL,1000,172.84,172840.0,MORGANSTANLEY-BROKER,EQ-CORE-01,BOOKED,2026-08-17,BUY,172.84,1000,2026-08-16,MORGANSTANLEY-BROKER,RECEIVED,TRAIN
TRD103150,2026-08-16,LT,INE103150,LT,200,3674.86,734972.0,HDFC-CUST,EQ-ALPHA-03,BOOKED,2026-08-17,SELL,3674.86,200,2026-08-16,HDFC-CUST,RECEIVED,TRAIN
TRD103151,2026-08-16,MARUTI,INE103151,MARUTI,1500,12979.55,19469325.0,DEUTSCHE-BROKER,EQ-INDEX-04,BOOKED,2026-08-17,BUY,12979.55,1500,2026-08-16,DEUTSCHE-BROKER,RECEIVED,TRAIN
TRD103152,2026-08-03,AXISBANK,INE103152,AXISBANK,1500,1181.3,1771950.0,KOTAK-CUST,EQ-CORE-02,BOOKED,2026-08-04,BUY,1181.3,1500,2026-08-03,KOTAK-CUST,RECEIVED,TEST
TRD103153,2026-08-20,MARUTI,INE103153,MARUTI,1500,12932.82,19399230.0,MORGANSTANLEY-BROKER,EQ-ALPHA-03,BOOKED,2026-08-21,SELL,12932.82,1500,2026-08-20,MORGANSTANLEY-BROKER,RECEIVED,TRAIN
TRD103154,2026-08-11,KOTAKBANK,INE103154,KOTAKBANK,1500,1951.05,2926575.0,ICICI-CUST,EQ-CORE-01,BOOKED,2026-08-12,BUY,1951.05,1500,2026-08-11,ICICI-CUST,RECEIVED,TRAIN
TRD103155,2026-08-18,TCS,INE103155,TCS,100,4122.08,412208.0,KOTAK-CUST,EQ-INDEX-04,BOOKED,2026-08-19,BUY,4122.08,100,2026-08-18,KOTAK-CUST,RECEIVED,TRAIN
TRD103156,2026-08-08,AXISBANK,INE103156,AXISBANK,100,1180.62,118062.0,NOMURA-BROKER,EQ-ALPHA-03,BOOKED,2026-08-09,BUY,1180.62,100,2026-08-08,NOMURA-BROKER,RECEIVED,TEST
TRD103157,2026-08-14,TCS,INE103157,TCS,200,4122.41,824482.0,NOMURA-BROKER,EQ-ALPHA-03,BOOKED,2026-08-15,SELL,4122.41,200,2026-08-14,NOMURA-BROKER,RECEIVED,TEST
TRD103158,2026-08-17,INFY,INE103158,INFY,750,1888.22,1416165.0,MORGANSTANLEY-BROKER,EQ-ALPHA-03,BOOKED,2026-08-18,SELL,1888.22,750,2026-08-17,MORGANSTANLEY-BROKER,RECEIVED,TRAIN
TRD103159,2026-08-18,AXISBANK,INE103159,AXISBANK,1000,1179.52,1179520.0,KOTAK-CUST,EQ-INDEX-04,BOOKED,2026-08-19,SELL,1179.52,1000,2026-08-18,KOTAK-CUST,RECEIVED,TRAIN
TRD103160,2026-08-05,KOTAKBANK,INE103160,KOTAKBANK,1000,1960.67,1960670.0,MORGANSTANLEY-BROKER,EQ-CORE-01,BOOKED,2026-08-06,BUY,1960.67,1000,2026-08-05,MORGANSTANLEY-BROKER,RECEIVED,TRAIN
TRD103161,2026-08-19,INFY,INE103161,INFY,250,1882.2,470550.0,DEUTSCHE-BROKER,EQ-CORE-01,BOOKED,2026-08-20,BUY,1882.2,250,2026-08-19,DEUTSCHE-BROKER,RECEIVED,TRAIN
TRD103162,2026-08-15,ICICIBANK,INE103162,ICICIBANK,500,1242.53,621265.0,ICICI-CUST,EQ-INDEX-04,BOOKED,2026-08-16,BUY,1242.53,500,2026-08-15,ICICI-CUST,RECEIVED,TRAIN
TRD103163,2026-08-17,TATASTEEL,INE103163,TATASTEEL,1000,172.88,172880.0,KOTAK-CUST,EQ-ALPHA-03,BOOKED,2026-08-18,SELL,172.88,1000,2026-08-17,KOTAK-CUST,RECEIVED,TRAIN
TRD103164,2026-08-07,HINDUNILVR,INE103164,HINDUNILVR,200,2753.56,550712.0,DEUTSCHE-BROKER,EQ-INDEX-04,BOOKED,2026-08-08,BUY,2753.56,200,2026-08-07,DEUTSCHE-BROKER,RECEIVED,TRAIN
TRD103165,2026-08-04,LT,INE103165,LT,1500,3697.89,5546835.0,ICICI-CUST,EQ-CORE-02,BOOKED,2026-08-05,BUY,3697.89,1500,2026-08-04,ICICI-CUST,RECEIVED,TRAIN
TRD103166,2026-08-17,KOTAKBANK,INE103166,KOTAKBANK,100,1950.03,195003.0,KOTAK-CUST,EQ-INDEX-04,BOOKED,2026-08-18,BUY,1950.03,100,2026-08-17,KOTAK-CUST,RECEIVED,TRAIN
TRD103167,2026-08-20,HINDUNILVR,INE103167,HINDUNILVR,200,2747.74,549548.0,DEUTSCHE-BROKER,EQ-CORE-01,BOOKED,2026-08-21,SELL,2747.74,200,2026-08-20,DEUTSCHE-BROKER,RECEIVED,TRAIN
TRD103168,2026-08-01,TATASTEEL,INE103168,TATASTEEL,1000,172.58,172580.0,NOMURA-BROKER,EQ-CORE-02,BOOKED,2026-08-02,BUY,172.58,1000,2026-08-01,NOMURA-BROKER,RECEIVED,TRAIN
TRD103169,2026-08-12,ITC,INE103169,ITC,2000,469.26,938520.0,KOTAK-CUST,EQ-CORE-02,BOOKED,2026-08-13,SELL,469.26,2000,2026-08-12,KOTAK-CUST,RECEIVED,TRAIN
TRD103170,2026-08-08,TATASTEEL,INE103170,TATASTEEL,1500,172.6,258900.0,KOTAK-CUST,EQ-CORE-01,BOOKED,2026-08-09,SELL,172.6,1500,2026-08-08,KOTAK-CUST,RECEIVED,TEST
TRD103171,2026-08-15,WIPRO,INE103171,WIPRO,100,611.9,61190.0,NOMURA-BROKER,EQ-CORE-01,BOOKED,2026-08-16,SELL,611.9,100,2026-08-15,NOMURA-BROKER,RECEIVED,TRAIN
TRD103172,2026-08-01,HDFCBANK,INE103172,HDFCBANK,250,1678.1,419525.0,NOMURA-BROKER,EQ-CORE-01,BOOKED,2026-08-02,BUY,1678.1,250,2026-08-01,NOMURA-BROKER,RECEIVED,TRAIN
TRD103173,2026-08-03,AXISBANK,INE103173,AXISBANK,500,1183.64,591820.0,ICICI-CUST,EQ-CORE-02,BOOKED,2026-08-04,BUY,1183.64,500,2026-08-03,ICICI-CUST,RECEIVED,TEST
TRD103174,2026-08-21,MARUTI,INE103174,MARUTI,2000,12955.0,25910000.0,KOTAK-CUST,EQ-ALPHA-03,BOOKED,2026-08-22,BUY,12955.0,2000,2026-08-21,KOTAK-CUST,RECEIVED,TRAIN
TRD103175,2026-08-02,HDFCBANK,INE103175,HDFCBANK,1500,1667.53,2501295.0,NOMURA-BROKER,EQ-ALPHA-03,BOOKED,2026-08-03,BUY,1667.53,1500,2026-08-02,NOMURA-BROKER,RECEIVED,TRAIN
TRD103176,2026-08-11,MARUTI,INE103176,MARUTI,200,12920.64,2584128.0,ICICI-CUST,EQ-CORE-02,BOOKED,2026-08-12,SELL,12920.64,200,2026-08-11,ICICI-CUST,RECEIVED,TRAIN
TRD103177,2026-08-03,HDFCBANK,INE103177,HDFCBANK,2000,1670.28,3340560.0,KOTAK-CUST,EQ-INDEX-04,BOOKED,2026-08-04,BUY,1670.28,2000,2026-08-03,KOTAK-CUST,RECEIVED,TEST
TRD103178,2026-08-15,BHARTIARTL,INE103178,BHARTIARTL,1500,1684.31,2526465.0,ICICI-CUST,EQ-CORE-02,BOOKED,2026-08-16,SELL,1684.31,1500,2026-08-15,ICICI-CUST,RECEIVED,TRAIN
TRD103179,2026-08-07,LT,INE103179,LT,1500,3682.67,5524005.0,KOTAK-CUST,EQ-CORE-02,BOOKED,2026-08-08,BUY,3682.67,1500,2026-08-08,KOTAK-CUST,RECEIVED,TRAIN
TRD103180,2026-08-18,WIPRO,INE103180,WIPRO,100,611.12,61112.0,KOTAK-CUST,EQ-INDEX-04,BOOKED,2026-08-19,BUY,611.12,100,2026-08-18,KOTAK-CUST,RECEIVED,TEST
TRD103181,2026-08-08,SBIN,INE103181,SBIN,750,845.18,633885.0,ICICI-CUST,EQ-ALPHA-03,BOOKED,2026-08-09,SELL,845.18,750,2026-08-08,ICICI-CUST,RECEIVED,TRAIN
TRD103182,2026-08-16,MARUTI,INE103182,MARUTI,1500,12946.18,19419270.0,MORGANSTANLEY-BROKER,EQ-CORE-02,BOOKED,2026-08-17,SELL,12946.18,1500,2026-08-16,MORGANSTANLEY-BROKER,RECEIVED,TRAIN
TRD103183,2026-08-10,SBIN,INE103183,SBIN,200,842.23,168446.0,HDFC-CUST,EQ-INDEX-04,BOOKED,2026-08-11,BUY,842.23,200,2026-08-10,HDFC-CUST,RECEIVED,TRAIN
TRD103184,2026-08-08,KOTAKBANK,INE103184,KOTAKBANK,250,1962.32,490580.0,DEUTSCHE-BROKER,EQ-INDEX-04,BOOKED,2026-08-09,BUY,,,,,MISSING,TRAIN
TRD103185,2026-08-18,ITC,INE103185,ITC,100,470.57,47057.0,MORGANSTANLEY-BROKER,EQ-INDEX-04,BOOKED,2026-08-19,SELL,470.57,100,2026-08-18,MORGANSTANLEY-BROKER,RECEIVED,TRAIN
TRD103186,2026-08-08,BHARTIARTL,INE103186,BHARTIARTL,100,1687.75,168775.0,KOTAK-CUST,EQ-CORE-02,BOOKED,2026-08-09,BUY,1687.75,100,2026-08-08,KOTAK-CUST,RECEIVED,TRAIN
TRD103187,2026-08-14,BHARTIARTL,INE103187,BHARTIARTL,750,1686.28,1264710.0,ICICI-CUST,EQ-CORE-01,BOOKED,2026-08-15,BUY,1686.28,750,2026-08-14,ICICI-CUST,RECEIVED,TEST
TRD103188,2026-08-11,AXISBANK,INE103188,AXISBANK,2000,1185.67,2371340.0,NOMURA-BROKER,EQ-CORE-02,BOOKED,2026-08-12,SELL,1185.67,2000,2026-08-11,NOMURA-BROKER,RECEIVED,TRAIN
TRD103189,2026-08-09,LT,INE103189,LT,750,3676.82,2757615.0,ICICI-CUST,EQ-ALPHA-03,BOOKED,2026-08-10,BUY,3676.82,750,2026-08-09,ICICI-CUST,RECEIVED,TRAIN
TRD103190,2026-08-18,RELIANCE,INE103190,RELIANCE,500,2855.33,1427665.0,ICICI-CUST,EQ-CORE-02,BOOKED,2026-08-19,SELL,2855.33,500,2026-08-18,ICICI-CUST,RECEIVED,TRAIN
TRD103191,2026-08-16,HDFCBANK,INE103191,HDFCBANK,100,1671.25,167125.0,DEUTSCHE-BROKER,EQ-CORE-02,BOOKED,2026-08-17,SELL,1671.25,100,2026-08-16,DEUTSCHE-BROKER,RECEIVED,TRAIN
TRD103192,2026-08-09,INFY,INE103192,INFY,200,1885.83,377166.0,NOMURA-BROKER,EQ-ALPHA-03,BOOKED,2026-08-10,SELL,1885.83,200,2026-08-09,NOMURA-BROKER,RECEIVED,TRAIN
TRD103193,2026-08-07,TCS,INE103193,TCS,500,4124.54,2062270.0,ICICI-CUST,EQ-INDEX-04,BOOKED,2026-08-08,BUY,4124.54,500,2026-08-07,ICICI-CUST,RECEIVED,TRAIN
TRD103194,2026-08-20,BHARTIARTL,INE103194,BHARTIARTL,2000,1688.75,3377500.0,NOMURA-BROKER,EQ-CORE-01,BOOKED,2026-08-21,BUY,1688.75,2000,2026-08-20,NOMURA-BROKER,RECEIVED,TRAIN
TRD103195,2026-08-17,INFY,INE103195,INFY,750,1898.59,1423942.5,DEUTSCHE-BROKER,EQ-ALPHA-03,BOOKED,2026-08-18,SELL,1898.59,750,2026-08-17,DEUTSCHE-BROKER,RECEIVED,TEST
TRD103196,2026-08-08,HINDUNILVR,INE103196,HINDUNILVR,1000,2734.94,2734940.0,KOTAK-CUST,EQ-INDEX-04,BOOKED,2026-08-09,BUY,2734.94,1000,2026-08-08,KOTAK-CUST,RECEIVED,TRAIN
TRD103197,2026-08-09,MARUTI,INE103197,MARUTI,2000,12931.1,25862200.0,HDFC-CUST,EQ-CORE-01,BOOKED,2026-08-10,SELL,12931.1,2000,2026-08-09,HDFC-CUST,RECEIVED,TRAIN
TRD103198,2026-08-13,HINDUNILVR,INE103198,HINDUNILVR,200,2753.53,550706.0,KOTAK-CUST,EQ-CORE-01,BOOKED,2026-08-14,BUY,2753.53,200,2026-08-13,KOTAK-CUST,RECEIVED,TRAIN
TRD103199,2026-08-17,ICICIBANK,INE103199,ICICIBANK,500,1241.92,620960.0,ICICI-CUST,EQ-INDEX-04,BOOKED,2026-08-18,BUY,1241.92,500,2026-08-17,ICICI-CUST,RECEIVED,TRAIN
TRD103200,2026-08-12,LT,INE103200,LT,2000,3678.06,7356120.0,MORGANSTANLEY-BROKER,EQ-CORE-02,BOOKED,2026-08-13,BUY,3678.06,2000,2026-08-12,MORGANSTANLEY-BROKER,RECEIVED,TRAIN
TRD103201,2026-08-16,HDFCBANK,INE103201,HDFCBANK,1500,1671.58,2507370.0,DEUTSCHE-BROKER,EQ-CORE-01,BOOKED,2026-08-17,SELL,1671.58,1500,2026-08-16,DEUTSCHE-BROKER,RECEIVED,TRAIN
TRD103202,2026-08-20,TCS,INE103202,TCS,500,4129.71,2064855.0,ICICI-CUST,EQ-CORE-01,BOOKED,2026-08-21,SELL,4129.71,500,2026-08-20,ICICI-CUST,RECEIVED,TRAIN
TRD103203,2026-08-06,HDFCBANK,INE103203,HDFCBANK,1500,1683.06,2524590.0,MORGANSTANLEY-BROKER,EQ-CORE-02,BOOKED,2026-08-07,SELL,1683.06,1500,2026-08-06,MORGANSTANLEY-BROKER,RECEIVED,TEST
TRD103204,2026-08-06,INFY,INE103204,INFY,1000,1885.85,1885850.0,ICICI-CUST,EQ-ALPHA-03,BOOKED,2026-08-07,BUY,1885.85,1000,2026-08-06,ICICI-CUST,RECEIVED,TEST
TRD103205,2026-08-08,KOTAKBANK,INE103205,KOTAKBANK,250,1962.79,490697.5,ICICI-CUST,EQ-CORE-01,BOOKED,2026-08-09,SELL,1962.79,250,2026-08-08,ICICI-CUST,RECEIVED,TEST
TRD103206,2026-08-09,ITC,INE103206,ITC,2000,467.18,934360.0,KOTAK-CUST,EQ-CORE-01,BOOKED,2026-08-10,BUY,467.18,2000,2026-08-09,KOTAK-CUST,RECEIVED,TRAIN
TRD103207,2026-08-09,RELIANCE,INE103207,RELIANCE,2000,2855.9,5711800.0,ICICI-CUST,EQ-CORE-02,BOOKED,2026-08-10,BUY,2855.9,2000,2026-08-09,ICICI-CUST,RECEIVED,TRAIN
TRD103208,2026-08-08,ICICIBANK,INE103208,ICICIBANK,1000,1246.98,1246980.0,MORGANSTANLEY-BROKER,EQ-CORE-01,BOOKED,2026-08-09,BUY,1246.98,1000,2026-08-08,MORGANSTANLEY-BROKER,RECEIVED,TRAIN
TRD103209,2026-08-10,AXISBANK,INE103209,AXISBANK,2000,1182.78,2365560.0,ICICI-CUST,EQ-CORE-02,BOOKED,2026-08-11,BUY,1182.78,2000,2026-08-10,ICICI-CUST,RECEIVED,TEST
TRD103210,2026-08-15,HINDUNILVR,INE103210,HINDUNILVR,750,2746.81,2060107.5,ICICI-CUST,EQ-INDEX-04,BOOKED,2026-08-16,BUY,2746.81,750,2026-08-15,ICICI-CUST,RECEIVED,TRAIN
TRD103211,2026-08-19,WIPRO,INE103211,WIPRO,1500,613.3,919950.0,DEUTSCHE-BROKER,EQ-CORE-02,BOOKED,2026-08-20,BUY,613.3,1500,2026-08-19,DEUTSCHE-BROKER,RECEIVED,TRAIN
TRD103212,2026-08-16,INFY,INE103212,INFY,1000,1882.33,1882330.0,KOTAK-CUST,EQ-CORE-02,BOOKED,2026-08-17,BUY,1882.33,1000,2026-08-16,KOTAK-CUST,RECEIVED,TEST
TRD103213,2026-08-21,ICICIBANK,INE103213,ICICIBANK,100,1237.88,123788.0,NOMURA-BROKER,EQ-CORE-02,BOOKED,2026-08-22,BUY,1237.88,100,2026-08-21,NOMURA-BROKER,RECEIVED,TRAIN
TRD103214,2026-08-20,BHARTIARTL,INE103214,BHARTIARTL,200,1683.77,336754.0,ICICI-CUST,EQ-CORE-01,BOOKED,2026-08-21,BUY,1683.77,200,2026-08-20,ICICI-CUST,RECEIVED,TEST
TRD103215,2026-08-04,ICICIBANK,INE103215,ICICIBANK,1500,1241.12,1861680.0,NOMURA-BROKER,EQ-INDEX-04,BOOKED,2026-08-05,BUY,1241.12,1500,2026-08-04,NOMURA-BROKER,RECEIVED,TEST
TRD103216,2026-08-18,RELIANCE,INE103216,RELIANCE,2000,2836.59,5673180.0,DEUTSCHE-BROKER,EQ-INDEX-04,BOOKED,2026-08-19,BUY,2778.93,2000,2026-08-18,DEUTSCHE-BROKER,RECEIVED,TRAIN
TRD103217,2026-08-02,RELIANCE,INE103217,RELIANCE,250,2858.45,714612.5,MORGANSTANLEY-BROKER,EQ-ALPHA-03,BOOKED,2026-08-03,BUY,2858.45,250,2026-08-02,MORGANSTANLEY-BROKER,RECEIVED,TRAIN
TRD103218,2026-08-03,BHARTIARTL,INE103218,BHARTIARTL,1500,1694.14,2541210.0,MORGANSTANLEY-BROKER,EQ-ALPHA-03,BOOKED,2026-08-04,BUY,1694.14,1500,2026-08-03,MORGANSTANLEY-BROKER,RECEIVED,TEST
TRD103219,2026-08-15,BHARTIARTL,INE103219,BHARTIARTL,100,1682.12,168212.0,DEUTSCHE-BROKER,EQ-ALPHA-03,BOOKED,2026-08-16,BUY,1682.12,100,2026-08-15,DEUTSCHE-BROKER,RECEIVED,TRAIN
TRD103220,2026-08-05,RELIANCE,INE103220,RELIANCE,200,2850.36,570072.0,KOTAK-CUST,EQ-CORE-01,BOOKED,2026-08-06,BUY,2850.36,200,2026-08-05,KOTAK-CUST,RECEIVED,TRAIN
TRD103221,2026-08-15,HINDUNILVR,INE103221,HINDUNILVR,2000,2737.81,5475620.0,ICICI-CUST,EQ-CORE-02,BOOKED,2026-08-16,BUY,2737.81,2000,2026-08-15,ICICI-CUST,RECEIVED,TRAIN
TRD103222,2026-08-03,KOTAKBANK,INE103222,KOTAKBANK,2000,1949.28,3898560.0,ICICI-CUST,EQ-CORE-02,BOOKED,2026-08-04,SELL,1949.28,2000,2026-08-03,ICICI-CUST,RECEIVED,TRAIN
TRD103223,2026-08-16,AXISBANK,INE103223,AXISBANK,100,1183.12,118312.0,ICICI-CUST,EQ-INDEX-04,BOOKED,2026-08-17,SELL,1183.12,100,2026-08-16,ICICI-CUST,RECEIVED,TRAIN
TRD103224,2026-08-09,INFY,INE103224,INFY,250,1883.12,470780.0,KOTAK-CUST,EQ-ALPHA-03,BOOKED,2026-08-10,SELL,1883.12,250,2026-08-09,KOTAK-CUST,RECEIVED,TEST
TRD103225,2026-08-04,HINDUNILVR,INE103225,HINDUNILVR,200,2759.29,551858.0,MORGANSTANLEY-BROKER,EQ-CORE-02,BOOKED,2026-08-05,BUY,2759.29,200,2026-08-04,MORGANSTANLEY-BROKER,RECEIVED,TEST
TRD103226,2026-08-10,ITC,INE103226,ITC,100,468.69,46869.0,HDFC-CUST,EQ-INDEX-04,BOOKED,2026-08-11,BUY,468.69,100,2026-08-10,HDFC-CUST,RECEIVED,TEST
TRD103227,2026-08-10,INFY,INE103227,INFY,500,1895.21,947605.0,HDFC-CUST,EQ-CORE-02,BOOKED,2026-08-11,SELL,1895.21,500,2026-08-10,HDFC-CUST,RECEIVED,TRAIN
TRD103228,2026-08-01,INFY,INE103228,INFY,200,1893.1,378620.0,HDFC-CUST,EQ-ALPHA-03,BOOKED,2026-08-02,BUY,1893.1,200,2026-08-01,HDFC-CUST,RECEIVED,TRAIN
TRD103229,2026-08-05,HDFCBANK,INE103229,HDFCBANK,750,1679.48,1259610.0,NOMURA-BROKER,EQ-CORE-01,BOOKED,2026-08-06,SELL,1679.48,750,2026-08-05,NOMURA-BROKER,RECEIVED,TRAIN
TRD103230,2026-08-16,ICICIBANK,INE103230,ICICIBANK,2000,1244.5,2489000.0,HDFC-CUST,EQ-INDEX-04,BOOKED,2026-08-17,BUY,1244.5,2000,2026-08-16,HDFC-CUST,RECEIVED,TRAIN
TRD103231,2026-08-21,HDFCBANK,INE103231,HDFCBANK,250,1673.87,418467.5,KOTAK-CUST,EQ-ALPHA-03,BOOKED,2026-08-22,BUY,1673.87,250,2026-08-21,KOTAK-CUST,RECEIVED,TRAIN
TRD103232,2026-08-03,HDFCBANK,INE103232,HDFCBANK,250,1674.7,418675.0,NOMURA-BROKER,EQ-INDEX-04,BOOKED,2026-08-04,SELL,1674.7,250,2026-08-03,NOMURA-BROKER,RECEIVED,TRAIN
TRD103233,2026-08-05,WIPRO,INE103233,WIPRO,100,613.22,61322.0,KOTAK-CUST,EQ-ALPHA-03,BOOKED,2026-08-06,SELL,613.22,200,2026-08-05,KOTAK-CUST,RECEIVED,TRAIN
TRD103234,2026-08-02,AXISBANK,INE103234,AXISBANK,1000,1175.67,1175670.0,HDFC-CUST,EQ-CORE-01,BOOKED,2026-08-03,BUY,1175.67,1050,2026-08-02,HDFC-CUST,RECEIVED,TRAIN
TRD103235,2026-08-18,AXISBANK,INE103235,AXISBANK,200,1178.12,235624.0,MORGANSTANLEY-BROKER,EQ-CORE-01,BOOKED,2026-08-19,BUY,1178.12,200,2026-08-18,MORGANSTANLEY-BROKER,RECEIVED,TRAIN
TRD103236,2026-08-13,HINDUNILVR,INE103236,HINDUNILVR,1500,2746.71,4120065.0,NOMURA-BROKER,EQ-ALPHA-03,BOOKED,2026-08-14,SELL,2746.71,1500,2026-08-13,NOMURA-BROKER,RECEIVED,TRAIN
TRD103237,2026-08-17,ICICIBANK,INE103237,ICICIBANK,2000,1241.49,2482980.0,NOMURA-BROKER,EQ-INDEX-04,BOOKED,2026-08-18,BUY,1241.49,2000,2026-08-17,NOMURA-BROKER,RECEIVED,TRAIN
TRD103238,2026-08-02,HDFCBANK,INE103238,HDFCBANK,2000,1673.18,3346360.0,ICICI-CUST,EQ-ALPHA-03,BOOKED,2026-08-03,SELL,1673.18,2000,2026-08-02,ICICI-CUST,RECEIVED,TRAIN
TRD103239,2026-08-08,ITC,INE103239,ITC,750,466.67,350002.5,DEUTSCHE-BROKER,EQ-CORE-01,BOOKED,2026-08-09,BUY,466.67,750,2026-08-08,DEUTSCHE-BROKER,RECEIVED,TRAIN
TRD103240,2026-08-20,AXISBANK,INE103240,AXISBANK,100,1180.14,118014.0,MORGANSTANLEY-BROKER,EQ-CORE-02,BOOKED,2026-08-21,BUY,1180.14,100,2026-08-20,MORGANSTANLEY-BROKER,RECEIVED,TRAIN
TRD103241,2026-08-13,BHARTIARTL,INE103241,BHARTIARTL,750,1682.69,1262017.5,MORGANSTANLEY-BROKER,EQ-CORE-02,BOOKED,2026-08-14,SELL,1682.69,750,2026-08-13,MORGANSTANLEY-BROKER,RECEIVED,TEST
TRD103242,2026-08-11,AXISBANK,INE103242,AXISBANK,250,1184.19,296047.5,HDFC-CUST,EQ-ALPHA-03,BOOKED,2026-08-12,SELL,1184.19,250,2026-08-11,HDFC-CUST,RECEIVED,TRAIN
TRD103243,2026-08-02,LT,INE103243,LT,1500,3671.7,5507550.0,MORGANSTANLEY-BROKER,EQ-CORE-02,BOOKED,2026-08-03,BUY,3671.7,1500,2026-08-02,MORGANSTANLEY-BROKER,RECEIVED,TRAIN
TRD103244,2026-08-14,HDFCBANK,INE103244,HDFCBANK,1500,1672.16,2508240.0,HDFC-CUST,EQ-CORE-02,BOOKED,2026-08-15,BUY,1672.16,1500,2026-08-14,HDFC-CUST,RECEIVED,TRAIN
TRD103245,2026-08-07,INFY,INE103245,INFY,200,1899.71,379942.0,NOMURA-BROKER,EQ-INDEX-04,BOOKED,2026-08-08,BUY,1899.71,200,2026-08-07,ICICI-CUST,RECEIVED,TRAIN
TRD103246,2026-08-11,MARUTI,INE103246,MARUTI,100,12961.73,1296173.0,ICICI-CUST,EQ-CORE-02,BOOKED,2026-08-12,BUY,12961.73,100,2026-08-11,ICICI-CUST,RECEIVED,TEST
TRD103247,2026-08-18,RELIANCE,INE103247,RELIANCE,100,2836.84,283684.0,MORGANSTANLEY-BROKER,EQ-INDEX-04,BOOKED,2026-08-19,BUY,2836.84,100,2026-08-18,MORGANSTANLEY-BROKER,RECEIVED,TRAIN
TRD103248,2026-08-13,HINDUNILVR,INE103248,HINDUNILVR,750,2752.29,2064217.5,DEUTSCHE-BROKER,EQ-CORE-02,BOOKED,2026-08-14,BUY,2752.29,750,2026-08-14,DEUTSCHE-BROKER,RECEIVED,TRAIN
TRD103249,2026-08-17,AXISBANK,INE103249,AXISBANK,100,1174.39,117439.0,MORGANSTANLEY-BROKER,EQ-CORE-01,BOOKED,2026-08-18,BUY,1149.78,100,2026-08-17,MORGANSTANLEY-BROKER,RECEIVED,TRAIN
TRD103250,2026-08-01,ICICIBANK,INE103250,ICICIBANK,200,1239.64,247928.0,ICICI-CUST,EQ-CORE-01,BOOKED,2026-08-02,SELL,1239.64,200,2026-08-01,ICICI-CUST,RECEIVED,TRAIN
TRD103251,2026-08-05,AXISBANK,INE103251,AXISBANK,250,1184.03,296007.5,NOMURA-BROKER,EQ-INDEX-04,BOOKED,2026-08-06,BUY,1184.03,250,2026-08-05,NOMURA-BROKER,RECEIVED,TEST
TRD103252,2026-08-19,TATASTEEL,INE103252,TATASTEEL,2000,172.87,345740.0,NOMURA-BROKER,EQ-INDEX-04,BOOKED,2026-08-20,BUY,172.87,2100,2026-08-19,NOMURA-BROKER,RECEIVED,TRAIN
TRD103253,2026-08-11,BHARTIARTL,INE103253,BHARTIARTL,100,1691.11,169111.0,KOTAK-CUST,EQ-CORE-01,BOOKED,2026-08-12,SELL,1691.11,100,2026-08-11,KOTAK-CUST,RECEIVED,TRAIN
TRD103254,2026-08-02,ITC,INE103254,ITC,750,468.38,351285.0,ICICI-CUST,EQ-CORE-01,BOOKED,2026-08-03,SELL,468.38,750,2026-08-02,ICICI-CUST,RECEIVED,TRAIN
TRD103255,2026-08-04,KOTAKBANK,INE103255,KOTAKBANK,500,1950.79,975395.0,ICICI-CUST,EQ-CORE-02,BOOKED,2026-08-05,SELL,1950.79,500,2026-08-04,ICICI-CUST,RECEIVED,TRAIN
TRD103256,2026-08-03,TCS,INE103256,TCS,200,4121.71,824342.0,KOTAK-CUST,EQ-CORE-01,BOOKED,2026-08-04,SELL,4121.71,200,2026-08-03,KOTAK-CUST,RECEIVED,TRAIN
TRD103257,2026-08-05,WIPRO,INE103257,WIPRO,750,609.31,456982.5,MORGANSTANLEY-BROKER,EQ-ALPHA-03,BOOKED,2026-08-06,BUY,609.31,950,2026-08-05,MORGANSTANLEY-BROKER,RECEIVED,TRAIN
TRD103258,2026-08-01,RELIANCE,INE103258,RELIANCE,500,2854.37,1427185.0,ICICI-CUST,EQ-ALPHA-03,BOOKED,2026-08-02,BUY,2854.37,500,2026-08-01,ICICI-CUST,RECEIVED,TEST
TRD103259,2026-08-14,SBIN,INE103259,SBIN,500,843.72,421860.0,ICICI-CUST,EQ-INDEX-04,BOOKED,2026-08-15,SELL,843.72,500,2026-08-14,ICICI-CUST,RECEIVED,TEST
TRD103260,2026-08-09,BHARTIARTL,INE103260,BHARTIARTL,750,1686.74,1265055.0,DEUTSCHE-BROKER,EQ-INDEX-04,BOOKED,2026-08-10,SELL,1686.74,750,2026-08-09,DEUTSCHE-BROKER,RECEIVED,TRAIN
TRD103261,2026-08-18,INFY,INE103261,INFY,100,1882.65,188265.0,HDFC-CUST,EQ-ALPHA-03,BOOKED,2026-08-19,BUY,1882.65,100,2026-08-18,HDFC-CUST,RECEIVED,TRAIN
TRD103262,2026-08-18,HINDUNILVR,INE103262,HINDUNILVR,250,2751.27,687817.5,ICICI-CUST,EQ-CORE-02,BOOKED,2026-08-19,BUY,2751.27,250,2026-08-18,ICICI-CUST,RECEIVED,TRAIN
TRD103263,2026-08-20,KOTAKBANK,INE103263,KOTAKBANK,500,1955.96,977980.0,KOTAK-CUST,EQ-CORE-01,BOOKED,2026-08-21,BUY,1955.96,500,2026-08-20,KOTAK-CUST,RECEIVED,TRAIN
TRD103264,2026-08-17,TATASTEEL,INE103264,TATASTEEL,1500,171.83,257745.0,KOTAK-CUST,EQ-CORE-01,BOOKED,2026-08-18,SELL,171.83,1500,2026-08-17,KOTAK-CUST,RECEIVED,TRAIN
TRD103265,2026-08-15,ICICIBANK,INE103265,ICICIBANK,1000,1245.82,1245820.0,HDFC-CUST,EQ-ALPHA-03,BOOKED,2026-08-16,BUY,1245.82,1000,2026-08-15,HDFC-CUST,RECEIVED,TEST
TRD103266,2026-08-08,BHARTIARTL,INE103266,BHARTIARTL,750,1684.65,1263487.5,KOTAK-CUST,EQ-INDEX-04,BOOKED,2026-08-09,BUY,1684.65,750,2026-08-08,KOTAK-CUST,RECEIVED,TRAIN
TRD103267,2026-08-20,RELIANCE,INE103267,RELIANCE,750,2838.73,2129047.5,ICICI-CUST,EQ-CORE-02,BOOKED,2026-08-21,SELL,2838.73,750,2026-08-20,ICICI-CUST,RECEIVED,TRAIN
TRD103268,2026-08-03,TCS,INE103268,TCS,200,4128.44,825688.0,NOMURA-BROKER,EQ-CORE-02,BOOKED,2026-08-04,SELL,4128.44,200,2026-08-03,HDFC-CUST,RECEIVED,TEST
TRD103269,2026-08-13,SBIN,INE103269,SBIN,100,843.8,84380.0,ICICI-CUST,EQ-CORE-01,BOOKED,2026-08-14,BUY,843.8,100,2026-08-13,ICICI-CUST,RECEIVED,TRAIN
TRD103270,2026-08-09,ITC,INE103270,ITC,250,467.58,116895.0,DEUTSCHE-BROKER,EQ-INDEX-04,BOOKED,2026-08-10,BUY,467.58,250,2026-08-09,DEUTSCHE-BROKER,RECEIVED,TRAIN
TRD103271,2026-08-08,RELIANCE,INE103271,RELIANCE,200,2839.89,567978.0,MORGANSTANLEY-BROKER,EQ-CORE-02,BOOKED,2026-08-09,SELL,2839.89,200,2026-08-08,MORGANSTANLEY-BROKER,RECEIVED,TEST
TRD103272,2026-08-06,TCS,INE103272,TCS,100,4103.84,410384.0,HDFC-CUST,EQ-CORE-02,BOOKED,2026-08-07,SELL,4103.84,100,2026-08-06,HDFC-CUST,RECEIVED,TEST
TRD103273,2026-08-01,TCS,INE103273,TCS,1000,4103.84,4103840.0,NOMURA-BROKER,EQ-ALPHA-03,BOOKED,2026-08-02,SELL,4103.84,1000,2026-08-01,NOMURA-BROKER,RECEIVED,TRAIN
TRD103274,2026-08-14,RELIANCE,INE103274,RELIANCE,2000,2857.21,5714420.0,KOTAK-CUST,EQ-CORE-02,BOOKED,2026-08-15,SELL,2857.21,1950,2026-08-14,KOTAK-CUST,RECEIVED,TRAIN
TRD103275,2026-08-10,ICICIBANK,INE103275,ICICIBANK,1500,1243.6,1865400.0,NOMURA-BROKER,EQ-CORE-02,BOOKED,2026-08-11,BUY,1243.6,1500,2026-08-10,NOMURA-BROKER,RECEIVED,TRAIN
TRD103276,2026-08-21,ITC,INE103276,ITC,1500,471.19,706785.0,KOTAK-CUST,EQ-INDEX-04,BOOKED,2026-08-22,BUY,471.19,1500,2026-08-21,KOTAK-CUST,RECEIVED,TRAIN
TRD103277,2026-08-01,TCS,INE103277,TCS,200,4113.86,822772.0,KOTAK-CUST,EQ-INDEX-04,BOOKED,2026-08-02,BUY,4113.86,200,2026-08-01,KOTAK-CUST,RECEIVED,TRAIN
TRD103278,2026-08-05,WIPRO,INE103278,WIPRO,750,610.3,457725.0,KOTAK-CUST,EQ-CORE-02,BOOKED,2026-08-06,SELL,610.3,750,2026-08-05,KOTAK-CUST,RECEIVED,TRAIN
TRD103279,2026-08-14,LT,INE103279,LT,1500,3664.81,5497215.0,MORGANSTANLEY-BROKER,EQ-CORE-02,BOOKED,2026-08-15,BUY,3664.81,1500,2026-08-14,MORGANSTANLEY-BROKER,RECEIVED,TRAIN
TRD103280,2026-08-05,SBIN,INE103280,SBIN,200,847.71,169542.0,DEUTSCHE-BROKER,EQ-CORE-02,BOOKED,2026-08-06,SELL,847.71,200,2026-08-05,DEUTSCHE-BROKER,RECEIVED,TRAIN
TRD103281,2026-08-14,ITC,INE103281,ITC,100,468.94,46894.0,NOMURA-BROKER,EQ-INDEX-04,BOOKED,2026-08-15,SELL,468.94,100,2026-08-14,NOMURA-BROKER,RECEIVED,TEST
TRD103282,2026-08-05,TATASTEEL,INE103282,TATASTEEL,1500,173.23,259845.0,KOTAK-CUST,EQ-CORE-01,BOOKED,2026-08-06,SELL,173.23,1500,2026-08-05,KOTAK-CUST,RECEIVED,TEST
TRD103283,2026-08-15,TATASTEEL,INE103283,TATASTEEL,1500,173.06,259590.0,MORGANSTANLEY-BROKER,EQ-ALPHA-03,BOOKED,2026-08-16,SELL,173.06,1500,2026-08-15,MORGANSTANLEY-BROKER,RECEIVED,TRAIN
TRD103284,2026-08-06,ITC,INE103284,ITC,2000,470.45,940900.0,MORGANSTANLEY-BROKER,EQ-CORE-01,BOOKED,2026-08-07,BUY,481.67,2000,2026-08-06,MORGANSTANLEY-BROKER,RECEIVED,TRAIN
TRD103285,2026-08-04,SBIN,INE103285,SBIN,100,841.68,84168.0,MORGANSTANLEY-BROKER,EQ-ALPHA-03,BOOKED,2026-08-05,SELL,841.68,100,2026-08-04,MORGANSTANLEY-BROKER,RECEIVED,TRAIN
TRD103286,2026-08-11,ICICIBANK,INE103286,ICICIBANK,250,1236.15,309037.5,KOTAK-CUST,EQ-CORE-02,BOOKED,2026-08-12,SELL,1236.15,250,2026-08-11,KOTAK-CUST,RECEIVED,TEST
TRD103287,2026-08-13,RELIANCE,INE103287,RELIANCE,750,2856.94,2142705.0,MORGANSTANLEY-BROKER,EQ-CORE-02,BOOKED,2026-08-14,BUY,2856.94,750,2026-08-13,MORGANSTANLEY-BROKER,RECEIVED,TRAIN
TRD103288,2026-08-21,INFY,INE103288,INFY,200,1887.21,377442.0,DEUTSCHE-BROKER,EQ-ALPHA-03,BOOKED,2026-08-22,SELL,1887.21,200,2026-08-22,DEUTSCHE-BROKER,RECEIVED,TRAIN
TRD103289,2026-08-06,INFY,INE103289,INFY,1000,1885.7,1885700.0,ICICI-CUST,EQ-INDEX-04,BOOKED,2026-08-07,SELL,1885.7,1000,2026-08-06,ICICI-CUST,RECEIVED,TRAIN
TRD103290,2026-08-03,HINDUNILVR,INE103290,HINDUNILVR,750,2749.52,2062140.0,ICICI-CUST,EQ-CORE-01,BOOKED,2026-08-04,SELL,2749.52,750,2026-08-03,ICICI-CUST,RECEIVED,TRAIN
TRD103291,2026-08-03,HINDUNILVR,INE103291,HINDUNILVR,500,2746.88,1373440.0,MORGANSTANLEY-BROKER,EQ-CORE-02,BOOKED,2026-08-04,SELL,,,,,MISSING,TEST
TRD103292,2026-08-14,HDFCBANK,INE103292,HDFCBANK,100,1681.18,168118.0,HDFC-CUST,EQ-ALPHA-03,BOOKED,2026-08-15,BUY,1681.18,100,2026-08-14,HDFC-CUST,RECEIVED,TRAIN
TRD103293,2026-08-17,SBIN,INE103293,SBIN,750,845.6,634200.0,HDFC-CUST,EQ-CORE-01,BOOKED,2026-08-18,SELL,845.6,750,2026-08-17,HDFC-CUST,RECEIVED,TRAIN
TRD103294,2026-08-13,AXISBANK,INE103294,AXISBANK,1500,1180.68,1771020.0,DEUTSCHE-BROKER,EQ-ALPHA-03,BOOKED,2026-08-14,BUY,1180.68,1500,2026-08-13,DEUTSCHE-BROKER,RECEIVED,TRAIN
TRD103295,2026-08-02,SBIN,INE103295,SBIN,200,848.28,169656.0,HDFC-CUST,EQ-CORE-01,BOOKED,2026-08-03,BUY,848.28,200,2026-08-02,HDFC-CUST,RECEIVED,TEST
TRD103296,2026-08-09,MARUTI,INE103296,MARUTI,1000,12955.47,12955470.0,ICICI-CUST,EQ-CORE-02,BOOKED,2026-08-10,BUY,12955.47,1050,2026-08-09,ICICI-CUST,RECEIVED,TRAIN
TRD103297,2026-08-13,MARUTI,INE103297,MARUTI,100,12930.48,1293048.0,ICICI-CUST,EQ-ALPHA-03,BOOKED,2026-08-14,SELL,12930.48,100,2026-08-13,ICICI-CUST,RECEIVED,TRAIN
TRD103298,2026-08-04,RELIANCE,INE103298,RELIANCE,500,2850.41,1425205.0,NOMURA-BROKER,EQ-INDEX-04,BOOKED,2026-08-05,BUY,2850.41,500,2026-08-04,NOMURA-BROKER,RECEIVED,TRAIN
TRD103299,2026-08-07,RELIANCE,INE103299,RELIANCE,500,2840.9,1420450.0,ICICI-CUST,EQ-INDEX-04,BOOKED,2026-08-08,BUY,2840.9,500,2026-08-07,ICICI-CUST,RECEIVED,TRAIN
TRD103300,2026-08-02,TCS,INE103300,TCS,200,4133.42,826684.0,ICICI-CUST,EQ-CORE-02,BOOKED,2026-08-03,SELL,4133.42,200,2026-08-02,ICICI-CUST,RECEIVED,TRAIN
TRD103301,2026-08-08,TATASTEEL,INE103301,TATASTEEL,2000,172.99,345980.0,ICICI-CUST,EQ-INDEX-04,BOOKED,2026-08-09,BUY,,,,,MISSING,TRAIN
TRD103302,2026-08-18,AXISBANK,INE103302,AXISBANK,2000,1183.34,2366680.0,DEUTSCHE-BROKER,EQ-CORE-01,BOOKED,2026-08-19,BUY,1183.34,2000,2026-08-18,ICICI-CUST,RECEIVED,TEST
TRD103303,2026-08-05,TATASTEEL,INE103303,TATASTEEL,1500,173.11,259665.0,KOTAK-CUST,EQ-CORE-01,BOOKED,2026-08-06,SELL,173.11,1500,2026-08-05,KOTAK-CUST,RECEIVED,TEST
TRD103304,2026-08-21,TCS,INE103304,TCS,750,4134.98,3101235.0,DEUTSCHE-BROKER,EQ-ALPHA-03,BOOKED,2026-08-22,SELL,4134.98,750,2026-08-22,DEUTSCHE-BROKER,RECEIVED,TRAIN
TRD103305,2026-08-03,TATASTEEL,INE103305,TATASTEEL,100,172.67,17267.0,HDFC-CUST,EQ-INDEX-04,BOOKED,2026-08-04,SELL,172.67,100,2026-08-03,HDFC-CUST,RECEIVED,TRAIN
TRD103306,2026-08-04,HDFCBANK,INE103306,HDFCBANK,1000,1675.7,1675700.0,ICICI-CUST,EQ-INDEX-04,BOOKED,2026-08-05,BUY,1706.02,1000,2026-08-04,ICICI-CUST,RECEIVED,TRAIN
TRD103307,2026-08-01,LT,INE103307,LT,2000,3680.98,7361960.0,DEUTSCHE-BROKER,EQ-CORE-02,BOOKED,2026-08-02,SELL,3680.98,2000,2026-08-01,DEUTSCHE-BROKER,RECEIVED,TRAIN
TRD103308,2026-08-15,AXISBANK,INE103308,AXISBANK,100,1182.79,118279.0,ICICI-CUST,EQ-INDEX-04,BOOKED,2026-08-16,BUY,1182.79,100,2026-08-15,ICICI-CUST,RECEIVED,TRAIN
TRD103309,2026-08-17,BHARTIARTL,INE103309,BHARTIARTL,100,1691.29,169129.0,ICICI-CUST,EQ-INDEX-04,BOOKED,2026-08-18,BUY,1691.29,100,2026-08-17,ICICI-CUST,RECEIVED,TRAIN
TRD103310,2026-08-19,INFY,INE103310,INFY,500,1893.64,946820.0,NOMURA-BROKER,EQ-INDEX-04,BOOKED,2026-08-20,SELL,1893.64,500,2026-08-19,NOMURA-BROKER,RECEIVED,TRAIN
TRD103311,2026-08-18,ITC,INE103311,ITC,2000,470.19,940380.0,HDFC-CUST,EQ-INDEX-04,BOOKED,2026-08-19,SELL,470.19,2000,2026-08-18,HDFC-CUST,RECEIVED,TRAIN
TRD103312,2026-08-14,MARUTI,INE103312,MARUTI,500,12920.33,6460165.0,MORGANSTANLEY-BROKER,EQ-CORE-01,BOOKED,2026-08-15,BUY,12920.33,500,2026-08-14,MORGANSTANLEY-BROKER,RECEIVED,TEST
TRD103313,2026-08-18,INFY,INE103313,INFY,750,1891.19,1418392.5,KOTAK-CUST,EQ-ALPHA-03,BOOKED,2026-08-19,SELL,1891.19,750,2026-08-18,KOTAK-CUST,RECEIVED,TEST
TRD103314,2026-08-21,MARUTI,INE103314,MARUTI,100,12917.01,1291701.0,KOTAK-CUST,EQ-ALPHA-03,BOOKED,2026-08-22,BUY,13073.59,175,2026-08-21,KOTAK-CUST,RECEIVED,TRAIN
TRD103315,2026-08-13,HINDUNILVR,INE103315,HINDUNILVR,250,2737.73,684432.5,HDFC-CUST,EQ-CORE-02,BOOKED,2026-08-14,BUY,2737.73,250,2026-08-13,HDFC-CUST,RECEIVED,TRAIN
TRD103316,2026-08-13,BHARTIARTL,INE103316,BHARTIARTL,100,1695.29,169529.0,MORGANSTANLEY-BROKER,EQ-INDEX-04,BOOKED,2026-08-14,SELL,1695.29,100,2026-08-14,MORGANSTANLEY-BROKER,RECEIVED,TRAIN
TRD103317,2026-08-16,MARUTI,INE103317,MARUTI,2000,12948.79,25897580.0,ICICI-CUST,EQ-INDEX-04,BOOKED,2026-08-17,SELL,12948.79,2000,2026-08-16,ICICI-CUST,RECEIVED,TEST
TRD103318,2026-08-20,KOTAKBANK,INE103318,KOTAKBANK,1000,1947.22,1947220.0,NOMURA-BROKER,EQ-CORE-01,BOOKED,2026-08-21,BUY,1947.22,1000,2026-08-20,NOMURA-BROKER,RECEIVED,TRAIN
TRD103319,2026-08-05,AXISBANK,INE103319,AXISBANK,1000,1182.57,1182570.0,ICICI-CUST,EQ-ALPHA-03,BOOKED,2026-08-06,BUY,1182.57,1000,2026-08-05,ICICI-CUST,RECEIVED,TEST
TRD103320,2026-08-10,WIPRO,INE103320,WIPRO,200,612.42,122484.0,HDFC-CUST,EQ-INDEX-04,BOOKED,2026-08-11,BUY,612.42,200,2026-08-10,HDFC-CUST,RECEIVED,TRAIN
TRD103321,2026-08-07,RELIANCE,INE103321,RELIANCE,2000,2862.69,5725380.0,HDFC-CUST,EQ-ALPHA-03,BOOKED,2026-08-08,BUY,2862.69,2000,2026-08-07,HDFC-CUST,RECEIVED,TRAIN
TRD103322,2026-08-06,MARUTI,INE103322,MARUTI,750,13030.98,9773235.0,KOTAK-CUST,EQ-CORE-02,BOOKED,2026-08-07,BUY,13030.98,750,2026-08-06,KOTAK-CUST,RECEIVED,TRAIN
TRD103323,2026-08-10,AXISBANK,INE103323,AXISBANK,500,1181.17,590585.0,MORGANSTANLEY-BROKER,EQ-ALPHA-03,BOOKED,2026-08-11,BUY,1181.17,500,2026-08-10,MORGANSTANLEY-BROKER,RECEIVED,TRAIN
TRD103324,2026-08-04,HDFCBANK,INE103324,HDFCBANK,100,1667.0,166700.0,NOMURA-BROKER,EQ-INDEX-04,BOOKED,2026-08-05,BUY,1667.0,100,2026-08-04,NOMURA-BROKER,RECEIVED,TRAIN
TRD103325,2026-08-08,MARUTI,INE103325,MARUTI,100,12956.17,1295617.0,ICICI-CUST,EQ-CORE-02,BOOKED,2026-08-09,BUY,12956.17,100,2026-08-08,ICICI-CUST,RECEIVED,TRAIN
TRD103326,2026-08-12,SBIN,INE103326,SBIN,200,844.56,168912.0,NOMURA-BROKER,EQ-INDEX-04,BOOKED,2026-08-13,SELL,844.56,200,2026-08-12,MORGANSTANLEY-BROKER,RECEIVED,TRAIN
TRD103327,2026-08-20,BHARTIARTL,INE103327,BHARTIARTL,500,1685.85,842925.0,KOTAK-CUST,EQ-CORE-02,BOOKED,2026-08-21,SELL,1685.85,500,2026-08-21,KOTAK-CUST,RECEIVED,TRAIN
TRD103328,2026-08-11,LT,INE103328,LT,200,3665.19,733038.0,ICICI-CUST,EQ-CORE-01,BOOKED,2026-08-12,SELL,3665.19,200,2026-08-11,ICICI-CUST,RECEIVED,TRAIN
TRD103329,2026-08-05,TATASTEEL,INE103329,TATASTEEL,2000,172.31,344620.0,DEUTSCHE-BROKER,EQ-INDEX-04,BOOKED,2026-08-06,BUY,172.31,2000,2026-08-06,DEUTSCHE-BROKER,RECEIVED,TRAIN
TRD103330,2026-08-11,SBIN,INE103330,SBIN,2000,843.46,1686920.0,KOTAK-CUST,EQ-CORE-01,BOOKED,2026-08-12,BUY,843.46,2000,2026-08-11,KOTAK-CUST,RECEIVED,TRAIN
TRD103331,2026-08-16,LT,INE103331,LT,200,3695.09,739018.0,KOTAK-CUST,EQ-CORE-01,BOOKED,2026-08-17,BUY,3695.09,200,2026-08-16,KOTAK-CUST,RECEIVED,TRAIN
TRD103332,2026-08-16,HDFCBANK,INE103332,HDFCBANK,1000,1679.64,1679640.0,MORGANSTANLEY-BROKER,EQ-CORE-01,BOOKED,2026-08-17,SELL,1679.64,1000,2026-08-16,MORGANSTANLEY-BROKER,RECEIVED,TRAIN
TRD103333,2026-08-21,SBIN,INE103333,SBIN,750,842.68,632010.0,ICICI-CUST,EQ-INDEX-04,BOOKED,2026-08-22,BUY,,,,,MISSING,TRAIN
TRD103334,2026-08-10,HDFCBANK,INE103334,HDFCBANK,1500,1667.14,2500710.0,KOTAK-CUST,EQ-INDEX-04,BOOKED,2026-08-11,SELL,1667.14,1500,2026-08-11,KOTAK-CUST,RECEIVED,TRAIN
TRD103335,2026-08-15,HINDUNILVR,INE103335,HINDUNILVR,750,2743.48,2057610.0,DEUTSCHE-BROKER,EQ-CORE-02,BOOKED,2026-08-16,BUY,2743.48,750,2026-08-15,DEUTSCHE-BROKER,RECEIVED,TRAIN
TRD103336,2026-08-01,SBIN,INE103336,SBIN,200,845.11,169022.0,DEUTSCHE-BROKER,EQ-CORE-02,BOOKED,2026-08-02,BUY,845.11,200,2026-08-01,DEUTSCHE-BROKER,RECEIVED,TRAIN
TRD103337,2026-08-13,MARUTI,INE103337,MARUTI,2000,12931.0,25862000.0,KOTAK-CUST,EQ-INDEX-04,BOOKED,2026-08-14,BUY,12931.0,2000,2026-08-13,KOTAK-CUST,RECEIVED,TRAIN
TRD103338,2026-08-16,ITC,INE103338,ITC,100,467.57,46757.0,KOTAK-CUST,EQ-ALPHA-03,BOOKED,2026-08-17,BUY,467.57,100,2026-08-16,KOTAK-CUST,RECEIVED,TEST
TRD103339,2026-08-15,LT,INE103339,LT,100,3690.32,369032.0,KOTAK-CUST,EQ-CORE-01,BOOKED,2026-08-16,SELL,3690.32,100,2026-08-15,KOTAK-CUST,RECEIVED,TRAIN
TRD103340,2026-08-06,LT,INE103340,LT,1000,3687.72,3687720.0,DEUTSCHE-BROKER,EQ-CORE-01,BOOKED,2026-08-07,BUY,3687.72,1000,2026-08-06,DEUTSCHE-BROKER,RECEIVED,TRAIN
TRD103341,2026-08-13,AXISBANK,INE103341,AXISBANK,250,1178.27,294567.5,NOMURA-BROKER,EQ-INDEX-04,BOOKED,2026-08-14,BUY,1178.27,250,2026-08-13,NOMURA-BROKER,RECEIVED,TEST
TRD103342,2026-08-17,TATASTEEL,INE103342,TATASTEEL,2000,171.91,343820.0,KOTAK-CUST,EQ-CORE-01,BOOKED,2026-08-18,SELL,171.91,2000,2026-08-17,KOTAK-CUST,RECEIVED,TEST
TRD103343,2026-08-01,BHARTIARTL,INE103343,BHARTIARTL,1500,1686.19,2529285.0,DEUTSCHE-BROKER,EQ-INDEX-04,BOOKED,2026-08-02,BUY,1686.19,1500,2026-08-01,DEUTSCHE-BROKER,RECEIVED,TEST
TRD103344,2026-08-07,INFY,INE103344,INFY,2000,1898.72,3797440.0,KOTAK-CUST,EQ-CORE-02,BOOKED,2026-08-08,SELL,1898.72,2000,2026-08-07,KOTAK-CUST,RECEIVED,TRAIN
TRD103345,2026-08-12,ITC,INE103345,ITC,1500,469.8,704700.0,MORGANSTANLEY-BROKER,EQ-CORE-02,BOOKED,2026-08-13,BUY,469.8,1500,2026-08-12,MORGANSTANLEY-BROKER,RECEIVED,TRAIN
TRD103346,2026-08-16,TATASTEEL,INE103346,TATASTEEL,1500,172.83,259245.0,MORGANSTANLEY-BROKER,EQ-CORE-01,BOOKED,2026-08-17,SELL,172.83,1500,2026-08-16,MORGANSTANLEY-BROKER,RECEIVED,TRAIN
TRD103347,2026-08-17,TATASTEEL,INE103347,TATASTEEL,100,172.96,17296.0,MORGANSTANLEY-BROKER,EQ-INDEX-04,BOOKED,2026-08-18,BUY,172.96,100,2026-08-17,MORGANSTANLEY-BROKER,RECEIVED,TRAIN
TRD103348,2026-08-12,INFY,INE103348,INFY,100,1893.97,189397.0,HDFC-CUST,EQ-ALPHA-03,BOOKED,2026-08-13,BUY,1893.97,100,2026-08-12,HDFC-CUST,RECEIVED,TRAIN
TRD103349,2026-08-20,SBIN,INE103349,SBIN,100,847.18,84718.0,HDFC-CUST,EQ-INDEX-04,BOOKED,2026-08-21,BUY,862.85,100,2026-08-20,HDFC-CUST,RECEIVED,TEST
TRD103350,2026-08-11,AXISBANK,INE103350,AXISBANK,1500,1183.11,1774665.0,MORGANSTANLEY-BROKER,EQ-INDEX-04,BOOKED,2026-08-12,SELL,1183.11,1500,2026-08-11,MORGANSTANLEY-BROKER,RECEIVED,TRAIN
TRD103351,2026-08-21,ICICIBANK,INE103351,ICICIBANK,100,1238.5,123850.0,NOMURA-BROKER,EQ-ALPHA-03,BOOKED,2026-08-22,SELL,1238.5,100,2026-08-21,NOMURA-BROKER,RECEIVED,TRAIN
TRD103352,2026-08-17,ITC,INE103352,ITC,100,470.01,47001.0,MORGANSTANLEY-BROKER,EQ-INDEX-04,BOOKED,2026-08-18,SELL,470.01,100,2026-08-17,MORGANSTANLEY-BROKER,RECEIVED,TRAIN
TRD103353,2026-08-06,WIPRO,INE103353,WIPRO,1000,609.4,609400.0,DEUTSCHE-BROKER,EQ-CORE-01,BOOKED,2026-08-07,BUY,609.4,1000,2026-08-06,DEUTSCHE-BROKER,RECEIVED,TRAIN
TRD103354,2026-08-06,HDFCBANK,INE103354,HDFCBANK,750,1669.29,1251967.5,DEUTSCHE-BROKER,EQ-CORE-02,BOOKED,2026-08-07,SELL,1702.84,750,2026-08-06,DEUTSCHE-BROKER,RECEIVED,TRAIN
TRD103355,2026-08-07,WIPRO,INE103355,WIPRO,250,610.08,152520.0,HDFC-CUST,EQ-CORE-01,BOOKED,2026-08-08,BUY,610.08,250,2026-08-07,HDFC-CUST,RECEIVED,TRAIN
TRD103356,2026-08-04,INFY,INE103356,INFY,250,1889.96,472490.0,ICICI-CUST,EQ-INDEX-04,BOOKED,2026-08-05,SELL,1889.96,250,2026-08-04,ICICI-CUST,RECEIVED,TRAIN
TRD103357,2026-08-04,KOTAKBANK,INE103357,KOTAKBANK,2000,1954.25,3908500.0,DEUTSCHE-BROKER,EQ-CORE-01,BOOKED,2026-08-05,SELL,1954.25,2000,2026-08-04,DEUTSCHE-BROKER,RECEIVED,TRAIN
TRD103358,2026-08-06,INFY,INE103358,INFY,100,1895.58,189558.0,MORGANSTANLEY-BROKER,EQ-ALPHA-03,BOOKED,2026-08-07,BUY,1895.58,100,2026-08-06,MORGANSTANLEY-BROKER,RECEIVED,TRAIN
TRD103359,2026-08-13,ICICIBANK,INE103359,ICICIBANK,750,1244.98,933735.0,MORGANSTANLEY-BROKER,EQ-CORE-02,BOOKED,2026-08-14,BUY,1244.98,750,2026-08-13,MORGANSTANLEY-BROKER,RECEIVED,TRAIN
TRD103360,2026-08-14,SBIN,INE103360,SBIN,250,849.32,212330.0,MORGANSTANLEY-BROKER,EQ-CORE-01,BOOKED,2026-08-15,BUY,849.32,250,2026-08-14,MORGANSTANLEY-BROKER,RECEIVED,TRAIN
TRD103361,2026-08-06,AXISBANK,INE103361,AXISBANK,250,1176.56,294140.0,NOMURA-BROKER,EQ-INDEX-04,BOOKED,2026-08-07,BUY,1176.56,250,2026-08-06,NOMURA-BROKER,RECEIVED,TRAIN
TRD103362,2026-08-13,TCS,INE103362,TCS,750,4107.74,3080805.0,KOTAK-CUST,EQ-INDEX-04,BOOKED,2026-08-14,BUY,4107.74,750,2026-08-13,KOTAK-CUST,RECEIVED,TEST
TRD103363,2026-08-03,RELIANCE,INE103363,RELIANCE,1500,2851.82,4277730.0,DEUTSCHE-BROKER,EQ-INDEX-04,BOOKED,2026-08-04,BUY,2851.82,1500,2026-08-03,DEUTSCHE-BROKER,RECEIVED,TEST
TRD103364,2026-08-03,TATASTEEL,INE103364,TATASTEEL,500,172.98,86490.0,DEUTSCHE-BROKER,EQ-CORE-02,BOOKED,2026-08-04,SELL,172.98,500,2026-08-03,DEUTSCHE-BROKER,RECEIVED,TRAIN
TRD103365,2026-08-01,TATASTEEL,INE103365,TATASTEEL,100,173.12,17312.0,ICICI-CUST,EQ-ALPHA-03,BOOKED,2026-08-02,BUY,173.12,100,2026-08-01,ICICI-CUST,RECEIVED,TEST
TRD103366,2026-08-15,HDFCBANK,INE103366,HDFCBANK,250,1673.75,418437.5,HDFC-CUST,EQ-ALPHA-03,BOOKED,2026-08-16,SELL,1716.93,250,2026-08-15,HDFC-CUST,RECEIVED,TRAIN
TRD103367,2026-08-15,BHARTIARTL,INE103367,BHARTIARTL,500,1696.36,848180.0,HDFC-CUST,EQ-ALPHA-03,BOOKED,2026-08-16,SELL,1696.36,500,2026-08-15,HDFC-CUST,RECEIVED,TRAIN
TRD103368,2026-08-01,BHARTIARTL,INE103368,BHARTIARTL,500,1697.43,848715.0,MORGANSTANLEY-BROKER,EQ-CORE-02,BOOKED,2026-08-02,BUY,1697.43,500,2026-08-01,MORGANSTANLEY-BROKER,RECEIVED,TEST
TRD103369,2026-08-11,WIPRO,INE103369,WIPRO,1500,611.91,917865.0,KOTAK-CUST,EQ-CORE-01,BOOKED,2026-08-12,BUY,611.91,1500,2026-08-11,KOTAK-CUST,RECEIVED,TEST
TRD103370,2026-08-20,TATASTEEL,INE103370,TATASTEEL,1000,172.65,172650.0,MORGANSTANLEY-BROKER,EQ-ALPHA-03,BOOKED,2026-08-21,BUY,172.65,1000,2026-08-20,MORGANSTANLEY-BROKER,RECEIVED,TRAIN
TRD103371,2026-08-08,WIPRO,INE103371,WIPRO,500,611.8,305900.0,HDFC-CUST,EQ-INDEX-04,BOOKED,2026-08-09,BUY,611.8,500,2026-08-08,HDFC-CUST,RECEIVED,TRAIN
TRD103372,2026-08-03,HINDUNILVR,INE103372,HINDUNILVR,2000,2736.82,5473640.0,HDFC-CUST,EQ-CORE-01,BOOKED,2026-08-04,SELL,2736.82,2000,2026-08-03,HDFC-CUST,RECEIVED,TRAIN
TRD103373,2026-08-10,HDFCBANK,INE103373,HDFCBANK,1000,1677.75,1677750.0,MORGANSTANLEY-BROKER,EQ-INDEX-04,BOOKED,2026-08-11,BUY,1677.75,1000,2026-08-10,MORGANSTANLEY-BROKER,RECEIVED,TRAIN
TRD103374,2026-08-15,INFY,INE103374,INFY,1500,1894.43,2841645.0,DEUTSCHE-BROKER,EQ-ALPHA-03,BOOKED,2026-08-16,BUY,1945.07,1500,2026-08-15,DEUTSCHE-BROKER,RECEIVED,TRAIN
TRD103375,2026-08-10,ITC,INE103375,ITC,250,469.15,117287.5,KOTAK-CUST,EQ-CORE-02,BOOKED,2026-08-11,SELL,469.15,250,2026-08-10,KOTAK-CUST,RECEIVED,TEST
TRD103376,2026-08-01,ICICIBANK,INE103376,ICICIBANK,1000,1234.89,1234890.0,MORGANSTANLEY-BROKER,EQ-INDEX-04,BOOKED,2026-08-02,SELL,1234.89,1000,2026-08-01,MORGANSTANLEY-BROKER,RECEIVED,TRAIN
TRD103377,2026-08-16,MARUTI,INE103377,MARUTI,100,12969.45,1296945.0,KOTAK-CUST,EQ-INDEX-04,BOOKED,2026-08-17,BUY,12969.45,100,2026-08-16,KOTAK-CUST,RECEIVED,TEST
TRD103378,2026-08-04,INFY,INE103378,INFY,100,1891.16,189116.0,MORGANSTANLEY-BROKER,EQ-CORE-02,BOOKED,2026-08-05,BUY,,,,,MISSING,TRAIN
TRD103379,2026-08-12,INFY,INE103379,INFY,250,1895.43,473857.5,KOTAK-CUST,EQ-CORE-02,BOOKED,2026-08-13,BUY,1895.43,250,2026-08-12,KOTAK-CUST,RECEIVED,TRAIN
TRD103380,2026-08-02,ICICIBANK,INE103380,ICICIBANK,750,1241.32,930990.0,MORGANSTANLEY-BROKER,EQ-CORE-02,BOOKED,2026-08-03,BUY,,,,,MISSING,TRAIN
TRD103381,2026-08-07,TATASTEEL,INE103381,TATASTEEL,250,172.19,43047.5,HDFC-CUST,EQ-CORE-02,BOOKED,2026-08-08,BUY,172.19,250,2026-08-07,HDFC-CUST,RECEIVED,TRAIN
TRD103382,2026-08-03,RELIANCE,INE103382,RELIANCE,250,2843.22,710805.0,ICICI-CUST,EQ-CORE-02,BOOKED,2026-08-04,SELL,2843.22,250,2026-08-03,ICICI-CUST,RECEIVED,TRAIN
TRD103383,2026-08-02,TATASTEEL,INE103383,TATASTEEL,1000,172.18,172180.0,ICICI-CUST,EQ-CORE-02,BOOKED,2026-08-03,SELL,172.18,1000,2026-08-02,ICICI-CUST,RECEIVED,TEST
TRD103384,2026-08-02,ICICIBANK,INE103384,ICICIBANK,1000,1244.48,1244480.0,HDFC-CUST,EQ-INDEX-04,BOOKED,2026-08-03,SELL,1244.48,1000,2026-08-02,HDFC-CUST,RECEIVED,TRAIN
TRD103385,2026-08-08,WIPRO,INE103385,WIPRO,500,611.11,305555.0,HDFC-CUST,EQ-CORE-02,BOOKED,2026-08-09,SELL,618.4,575,2026-08-08,HDFC-CUST,RECEIVED,TRAIN
TRD103386,2026-08-06,MARUTI,INE103386,MARUTI,500,12966.26,6483130.0,MORGANSTANLEY-BROKER,EQ-INDEX-04,BOOKED,2026-08-07,BUY,12966.26,500,2026-08-06,MORGANSTANLEY-BROKER,RECEIVED,TRAIN
TRD103387,2026-08-18,RELIANCE,INE103387,RELIANCE,100,2846.13,284613.0,NOMURA-BROKER,EQ-CORE-02,BOOKED,2026-08-19,BUY,2846.13,100,2026-08-18,NOMURA-BROKER,RECEIVED,TRAIN
TRD103388,2026-08-03,INFY,INE103388,INFY,750,1895.08,1421310.0,HDFC-CUST,EQ-CORE-01,BOOKED,2026-08-04,SELL,1895.08,750,2026-08-03,HDFC-CUST,RECEIVED,TEST
TRD103389,2026-08-13,HINDUNILVR,INE103389,HINDUNILVR,1000,2752.5,2752500.0,KOTAK-CUST,EQ-CORE-02,BOOKED,2026-08-14,BUY,2752.5,1000,2026-08-13,KOTAK-CUST,RECEIVED,TRAIN
TRD103390,2026-08-16,TCS,INE103390,TCS,250,4110.15,1027537.5,DEUTSCHE-BROKER,EQ-CORE-02,BOOKED,2026-08-17,BUY,4110.15,250,2026-08-16,DEUTSCHE-BROKER,RECEIVED,TRAIN
TRD103391,2026-08-12,ITC,INE103391,ITC,2000,468.0,936000.0,KOTAK-CUST,EQ-CORE-02,BOOKED,2026-08-13,BUY,468.0,2000,2026-08-12,KOTAK-CUST,RECEIVED,TRAIN
TRD103392,2026-08-20,TATASTEEL,INE103392,TATASTEEL,100,172.25,17225.0,KOTAK-CUST,EQ-CORE-01,BOOKED,2026-08-21,BUY,174.68,100,2026-08-20,KOTAK-CUST,RECEIVED,TRAIN
TRD103393,2026-08-04,TATASTEEL,INE103393,TATASTEEL,2000,172.18,344360.0,MORGANSTANLEY-BROKER,EQ-CORE-02,BOOKED,2026-08-05,BUY,,,,,MISSING,TEST
TRD103394,2026-08-08,BHARTIARTL,INE103394,BHARTIARTL,2000,1683.23,3366460.0,ICICI-CUST,EQ-INDEX-04,BOOKED,2026-08-09,SELL,1683.23,2000,2026-08-08,ICICI-CUST,RECEIVED,TRAIN
TRD103395,2026-08-14,HDFCBANK,INE103395,HDFCBANK,1500,1668.97,2503455.0,KOTAK-CUST,EQ-INDEX-04,BOOKED,2026-08-15,SELL,,,,,MISSING,TRAIN
TRD103396,2026-08-04,INFY,INE103396,INFY,1500,1885.61,2828415.0,HDFC-CUST,EQ-CORE-01,BOOKED,2026-08-05,SELL,1885.61,1500,2026-08-04,HDFC-CUST,RECEIVED,TRAIN
TRD103397,2026-08-08,TCS,INE103397,TCS,2000,4133.47,8266940.0,ICICI-CUST,EQ-CORE-01,BOOKED,2026-08-09,BUY,4133.47,2000,2026-08-08,ICICI-CUST,RECEIVED,TRAIN
TRD103398,2026-08-05,KOTAKBANK,INE103398,KOTAKBANK,750,1952.09,1464067.5,KOTAK-CUST,EQ-CORE-01,BOOKED,2026-08-06,BUY,1952.09,750,2026-08-05,KOTAK-CUST,RECEIVED,TRAIN
TRD103399,2026-08-08,INFY,INE103399,INFY,200,1882.04,376408.0,KOTAK-CUST,EQ-ALPHA-03,BOOKED,2026-08-09,BUY,1882.04,200,2026-08-08,KOTAK-CUST,RECEIVED,TEST
TRD103400,2026-08-05,SBIN,INE103400,SBIN,200,843.66,168732.0,ICICI-CUST,EQ-CORE-01,BOOKED,2026-08-06,SELL,843.66,200,2026-08-05,ICICI-CUST,RECEIVED,TRAIN
TRD103401,2026-08-15,HDFCBANK,INE103401,HDFCBANK,100,1675.49,167549.0,DEUTSCHE-BROKER,EQ-INDEX-04,BOOKED,2026-08-16,BUY,1675.49,100,2026-08-15,DEUTSCHE-BROKER,RECEIVED,TEST
TRD103402,2026-08-05,ICICIBANK,INE103402,ICICIBANK,2000,1242.11,2484220.0,KOTAK-CUST,EQ-ALPHA-03,BOOKED,2026-08-06,BUY,1242.11,2000,2026-08-05,KOTAK-CUST,RECEIVED,TRAIN
TRD103403,2026-08-08,INFY,INE103403,INFY,200,1890.33,378066.0,NOMURA-BROKER,EQ-ALPHA-03,BOOKED,2026-08-09,SELL,1890.33,300,2026-08-08,NOMURA-BROKER,RECEIVED,TRAIN
TRD103404,2026-08-01,WIPRO,INE103404,WIPRO,200,610.9,122180.0,KOTAK-CUST,EQ-INDEX-04,BOOKED,2026-08-02,SELL,610.9,200,2026-08-01,KOTAK-CUST,RECEIVED,TRAIN
TRD103405,2026-08-13,RELIANCE,INE103405,RELIANCE,1500,2850.29,4275435.0,MORGANSTANLEY-BROKER,EQ-CORE-02,BOOKED,2026-08-14,BUY,2850.29,1500,2026-08-13,MORGANSTANLEY-BROKER,RECEIVED,TRAIN
TRD103406,2026-08-19,TATASTEEL,INE103406,TATASTEEL,500,172.89,86445.0,MORGANSTANLEY-BROKER,EQ-INDEX-04,BOOKED,2026-08-20,SELL,172.89,500,2026-08-19,MORGANSTANLEY-BROKER,RECEIVED,TRAIN
TRD103407,2026-08-02,TCS,INE103407,TCS,1000,4136.1,4136100.0,HDFC-CUST,EQ-ALPHA-03,BOOKED,2026-08-03,SELL,4136.1,1000,2026-08-02,HDFC-CUST,RECEIVED,TRAIN
TRD103408,2026-08-09,WIPRO,INE103408,WIPRO,750,613.16,459870.0,ICICI-CUST,EQ-ALPHA-03,BOOKED,2026-08-10,SELL,613.16,750,2026-08-09,ICICI-CUST,RECEIVED,TEST
TRD103409,2026-08-18,WIPRO,INE103409,WIPRO,500,612.36,306180.0,HDFC-CUST,EQ-ALPHA-03,BOOKED,2026-08-19,SELL,612.36,500,2026-08-18,HDFC-CUST,RECEIVED,TRAIN
TRD103410,2026-08-06,WIPRO,INE103410,WIPRO,2000,608.12,1216240.0,ICICI-CUST,EQ-ALPHA-03,BOOKED,2026-08-07,SELL,608.12,2000,2026-08-06,ICICI-CUST,RECEIVED,TRAIN
TRD103411,2026-08-06,ITC,INE103411,ITC,250,469.64,117410.0,KOTAK-CUST,EQ-ALPHA-03,BOOKED,2026-08-07,BUY,469.64,250,2026-08-06,KOTAK-CUST,RECEIVED,TRAIN
TRD103412,2026-08-03,MARUTI,INE103412,MARUTI,1000,13010.78,13010780.0,MORGANSTANLEY-BROKER,EQ-INDEX-04,BOOKED,2026-08-04,BUY,13010.78,1000,2026-08-03,MORGANSTANLEY-BROKER,RECEIVED,TRAIN
TRD103413,2026-08-12,LT,INE103413,LT,250,3668.1,917025.0,ICICI-CUST,EQ-CORE-01,BOOKED,2026-08-13,BUY,3668.1,250,2026-08-13,ICICI-CUST,RECEIVED,TRAIN
TRD103414,2026-08-10,SBIN,INE103414,SBIN,1500,842.79,1264185.0,DEUTSCHE-BROKER,EQ-CORE-02,BOOKED,2026-08-11,SELL,842.79,1500,2026-08-10,DEUTSCHE-BROKER,RECEIVED,TRAIN
TRD103415,2026-08-21,HDFCBANK,INE103415,HDFCBANK,750,1681.58,1261185.0,ICICI-CUST,EQ-CORE-01,BOOKED,2026-08-22,BUY,1681.58,750,2026-08-21,ICICI-CUST,RECEIVED,TRAIN
TRD103416,2026-08-09,HINDUNILVR,INE103416,HINDUNILVR,250,2738.62,684655.0,ICICI-CUST,EQ-ALPHA-03,BOOKED,2026-08-10,BUY,2738.62,250,2026-08-09,ICICI-CUST,RECEIVED,TRAIN
TRD103417,2026-08-20,AXISBANK,INE103417,AXISBANK,100,1183.65,118365.0,NOMURA-BROKER,EQ-INDEX-04,BOOKED,2026-08-21,SELL,1183.65,100,2026-08-20,NOMURA-BROKER,RECEIVED,TRAIN
TRD103418,2026-08-14,INFY,INE103418,INFY,2000,1881.6,3763200.0,DEUTSCHE-BROKER,EQ-CORE-01,BOOKED,2026-08-15,SELL,1881.6,2000,2026-08-14,DEUTSCHE-BROKER,RECEIVED,TRAIN
TRD103419,2026-08-02,TATASTEEL,INE103419,TATASTEEL,1000,173.02,173020.0,MORGANSTANLEY-BROKER,EQ-ALPHA-03,BOOKED,2026-08-03,SELL,173.02,1000,2026-08-02,MORGANSTANLEY-BROKER,RECEIVED,TEST
TRD103420,2026-08-10,HDFCBANK,INE103420,HDFCBANK,250,1667.94,416985.0,NOMURA-BROKER,EQ-CORE-01,BOOKED,2026-08-11,BUY,1667.94,250,2026-08-10,NOMURA-BROKER,RECEIVED,TRAIN
TRD103421,2026-08-02,WIPRO,INE103421,WIPRO,500,611.05,305525.0,NOMURA-BROKER,EQ-CORE-01,BOOKED,2026-08-03,BUY,618.57,425,2026-08-02,NOMURA-BROKER,RECEIVED,TRAIN
TRD103422,2026-08-18,HDFCBANK,INE103422,HDFCBANK,1000,1679.61,1679610.0,MORGANSTANLEY-BROKER,EQ-CORE-02,BOOKED,2026-08-19,BUY,1679.61,1000,2026-08-18,MORGANSTANLEY-BROKER,RECEIVED,TEST
TRD103423,2026-08-03,INFY,INE103423,INFY,750,1896.66,1422495.0,ICICI-CUST,EQ-CORE-02,BOOKED,2026-08-04,SELL,1896.66,750,2026-08-04,ICICI-CUST,RECEIVED,TRAIN
TRD103424,2026-08-14,MARUTI,INE103424,MARUTI,100,13005.29,1300529.0,ICICI-CUST,EQ-CORE-02,BOOKED,2026-08-15,SELL,13005.29,100,2026-08-14,ICICI-CUST,RECEIVED,TRAIN
TRD103425,2026-08-09,ITC,INE103425,ITC,100,468.06,46806.0,DEUTSCHE-BROKER,EQ-CORE-01,BOOKED,2026-08-10,SELL,468.06,100,2026-08-09,DEUTSCHE-BROKER,RECEIVED,TRAIN
TRD103426,2026-08-14,MARUTI,INE103426,MARUTI,100,12976.63,1297663.0,HDFC-CUST,EQ-INDEX-04,BOOKED,2026-08-15,SELL,12976.63,100,2026-08-14,HDFC-CUST,RECEIVED,TRAIN
TRD103427,2026-08-19,HDFCBANK,INE103427,HDFCBANK,1000,1667.0,1667000.0,KOTAK-CUST,EQ-CORE-02,BOOKED,2026-08-20,SELL,1667.0,1000,2026-08-19,KOTAK-CUST,RECEIVED,TRAIN
TRD103428,2026-08-03,INFY,INE103428,INFY,500,1885.98,942990.0,DEUTSCHE-BROKER,EQ-INDEX-04,BOOKED,2026-08-04,BUY,1885.98,500,2026-08-03,DEUTSCHE-BROKER,RECEIVED,TEST
TRD103429,2026-08-07,MARUTI,INE103429,MARUTI,500,13002.49,6501245.0,HDFC-CUST,EQ-INDEX-04,BOOKED,2026-08-08,BUY,13002.49,500,2026-08-07,HDFC-CUST,RECEIVED,TRAIN
TRD103430,2026-08-03,RELIANCE,INE103430,RELIANCE,750,2844.32,2133240.0,DEUTSCHE-BROKER,EQ-ALPHA-03,BOOKED,2026-08-04,BUY,2844.32,750,2026-08-03,DEUTSCHE-BROKER,RECEIVED,TRAIN
TRD103431,2026-08-09,HDFCBANK,INE103431,HDFCBANK,200,1673.34,334668.0,KOTAK-CUST,EQ-CORE-01,BOOKED,2026-08-10,BUY,1673.34,200,2026-08-10,KOTAK-CUST,RECEIVED,TRAIN
TRD103432,2026-08-13,ITC,INE103432,ITC,250,468.73,117182.5,MORGANSTANLEY-BROKER,EQ-ALPHA-03,BOOKED,2026-08-14,SELL,468.73,250,2026-08-13,MORGANSTANLEY-BROKER,RECEIVED,TRAIN
TRD103433,2026-08-07,BHARTIARTL,INE103433,BHARTIARTL,100,1689.08,168908.0,KOTAK-CUST,EQ-ALPHA-03,BOOKED,2026-08-08,BUY,1689.08,100,2026-08-07,KOTAK-CUST,RECEIVED,TRAIN
TRD103434,2026-08-14,AXISBANK,INE103434,AXISBANK,100,1184.01,118401.0,ICICI-CUST,EQ-INDEX-04,BOOKED,2026-08-15,SELL,1184.01,100,2026-08-14,ICICI-CUST,RECEIVED,TRAIN
TRD103435,2026-08-18,MARUTI,INE103435,MARUTI,1000,12928.09,12928090.0,DEUTSCHE-BROKER,EQ-CORE-01,BOOKED,2026-08-19,BUY,12928.09,1000,2026-08-18,DEUTSCHE-BROKER,RECEIVED,TRAIN
TRD103436,2026-08-19,MARUTI,INE103436,MARUTI,2000,12995.54,25991080.0,HDFC-CUST,EQ-CORE-02,BOOKED,2026-08-20,SELL,12995.54,2000,2026-08-19,HDFC-CUST,RECEIVED,TRAIN
TRD103437,2026-08-06,WIPRO,INE103437,WIPRO,250,607.55,151887.5,KOTAK-CUST,EQ-CORE-02,BOOKED,2026-08-07,SELL,607.55,250,2026-08-06,KOTAK-CUST,RECEIVED,TRAIN
TRD103438,2026-08-03,ICICIBANK,INE103438,ICICIBANK,750,1244.17,933127.5,DEUTSCHE-BROKER,EQ-CORE-02,BOOKED,2026-08-04,BUY,1244.17,750,2026-08-04,DEUTSCHE-BROKER,RECEIVED,TRAIN
TRD103439,2026-08-11,ICICIBANK,INE103439,ICICIBANK,1000,1239.91,1239910.0,HDFC-CUST,EQ-INDEX-04,BOOKED,2026-08-12,SELL,1239.91,1000,2026-08-11,HDFC-CUST,RECEIVED,TRAIN
TRD103440,2026-08-10,ITC,INE103440,ITC,100,467.33,46733.0,MORGANSTANLEY-BROKER,EQ-ALPHA-03,BOOKED,2026-08-11,BUY,467.33,100,2026-08-10,MORGANSTANLEY-BROKER,RECEIVED,TRAIN
TRD103441,2026-08-19,BHARTIARTL,INE103441,BHARTIARTL,250,1689.01,422252.5,ICICI-CUST,EQ-ALPHA-03,BOOKED,2026-08-20,SELL,1689.01,250,2026-08-19,ICICI-CUST,RECEIVED,TRAIN
TRD103442,2026-08-09,INFY,INE103442,INFY,500,1890.6,945300.0,ICICI-CUST,EQ-CORE-01,BOOKED,2026-08-10,BUY,1890.6,500,2026-08-09,ICICI-CUST,RECEIVED,TRAIN
TRD103443,2026-08-11,AXISBANK,INE103443,AXISBANK,1000,1177.03,1177030.0,NOMURA-BROKER,EQ-ALPHA-03,BOOKED,2026-08-12,SELL,1177.03,1000,2026-08-11,NOMURA-BROKER,RECEIVED,TRAIN
TRD103444,2026-08-13,WIPRO,INE103444,WIPRO,750,608.36,456270.0,NOMURA-BROKER,EQ-ALPHA-03,BOOKED,2026-08-14,BUY,608.36,850,2026-08-13,NOMURA-BROKER,RECEIVED,TRAIN
TRD103445,2026-08-02,SBIN,INE103445,SBIN,100,848.43,84843.0,MORGANSTANLEY-BROKER,EQ-CORE-02,BOOKED,2026-08-03,SELL,848.43,100,2026-08-02,MORGANSTANLEY-BROKER,RECEIVED,TRAIN
TRD103446,2026-08-14,LT,INE103446,LT,200,3671.39,734278.0,ICICI-CUST,EQ-ALPHA-03,BOOKED,2026-08-15,SELL,3671.39,250,2026-08-14,ICICI-CUST,RECEIVED,TRAIN
TRD103447,2026-08-10,MARUTI,INE103447,MARUTI,1500,13010.77,19516155.0,HDFC-CUST,EQ-INDEX-04,BOOKED,2026-08-11,SELL,13010.77,1500,2026-08-10,HDFC-CUST,RECEIVED,TEST
TRD103448,2026-08-13,ICICIBANK,INE103448,ICICIBANK,500,1240.27,620135.0,NOMURA-BROKER,EQ-INDEX-04,BOOKED,2026-08-14,BUY,1240.27,500,2026-08-13,NOMURA-BROKER,RECEIVED,TRAIN
TRD103449,2026-08-12,LT,INE103449,LT,2000,3692.78,7385560.0,DEUTSCHE-BROKER,EQ-ALPHA-03,BOOKED,2026-08-13,SELL,3692.78,2000,2026-08-12,DEUTSCHE-BROKER,RECEIVED,TRAIN
TRD103450,2026-08-13,MARUTI,INE103450,MARUTI,2000,12932.15,25864300.0,HDFC-CUST,EQ-INDEX-04,BOOKED,2026-08-14,BUY,12932.15,2000,2026-08-13,HDFC-CUST,RECEIVED,TRAIN
TRD103451,2026-08-03,SBIN,INE103451,SBIN,750,848.83,636622.5,MORGANSTANLEY-BROKER,EQ-ALPHA-03,BOOKED,2026-08-04,BUY,848.83,750,2026-08-03,MORGANSTANLEY-BROKER,RECEIVED,TEST
TRD103452,2026-08-06,RELIANCE,INE103452,RELIANCE,250,2849.15,712287.5,MORGANSTANLEY-BROKER,EQ-CORE-01,BOOKED,2026-08-07,BUY,2849.15,250,2026-08-06,MORGANSTANLEY-BROKER,RECEIVED,TEST
TRD103453,2026-08-15,HINDUNILVR,INE103453,HINDUNILVR,750,2741.06,2055795.0,NOMURA-BROKER,EQ-INDEX-04,BOOKED,2026-08-16,BUY,2741.06,750,2026-08-16,NOMURA-BROKER,RECEIVED,TEST
TRD103454,2026-08-14,ICICIBANK,INE103454,ICICIBANK,500,1239.1,619550.0,ICICI-CUST,EQ-ALPHA-03,BOOKED,2026-08-15,BUY,1239.1,500,2026-08-14,ICICI-CUST,RECEIVED,TRAIN
TRD103455,2026-08-14,HDFCBANK,INE103455,HDFCBANK,500,1674.27,837135.0,MORGANSTANLEY-BROKER,EQ-CORE-02,BOOKED,2026-08-15,BUY,1674.27,500,2026-08-14,MORGANSTANLEY-BROKER,RECEIVED,TEST
TRD103456,2026-08-15,RELIANCE,INE103456,RELIANCE,1500,2850.02,4275030.0,NOMURA-BROKER,EQ-CORE-02,BOOKED,2026-08-16,BUY,2894.38,1575,2026-08-15,NOMURA-BROKER,RECEIVED,TRAIN
TRD103457,2026-08-04,MARUTI,INE103457,MARUTI,1500,12976.24,19464360.0,MORGANSTANLEY-BROKER,EQ-CORE-02,BOOKED,2026-08-05,BUY,12976.24,1550,2026-08-04,MORGANSTANLEY-BROKER,RECEIVED,TRAIN
TRD103458,2026-08-16,WIPRO,INE103458,WIPRO,250,609.87,152467.5,MORGANSTANLEY-BROKER,EQ-ALPHA-03,BOOKED,2026-08-17,BUY,609.87,250,2026-08-16,MORGANSTANLEY-BROKER,RECEIVED,TRAIN
TRD103459,2026-08-15,AXISBANK,INE103459,AXISBANK,100,1183.45,118345.0,MORGANSTANLEY-BROKER,EQ-INDEX-04,BOOKED,2026-08-16,SELL,1183.45,100,2026-08-15,MORGANSTANLEY-BROKER,RECEIVED,TRAIN
TRD103460,2026-08-02,HDFCBANK,INE103460,HDFCBANK,1000,1678.15,1678150.0,DEUTSCHE-BROKER,EQ-INDEX-04,BOOKED,2026-08-03,BUY,1678.15,1000,2026-08-02,DEUTSCHE-BROKER,RECEIVED,TRAIN
TRD103461,2026-08-06,AXISBANK,INE103461,AXISBANK,1500,1176.76,1765140.0,NOMURA-BROKER,EQ-INDEX-04,BOOKED,2026-08-07,SELL,1176.76,1500,2026-08-07,NOMURA-BROKER,RECEIVED,TRAIN
TRD103462,2026-08-21,RELIANCE,INE103462,RELIANCE,1000,2859.02,2859020.0,KOTAK-CUST,EQ-CORE-01,BOOKED,2026-08-22,SELL,2859.02,1000,2026-08-21,KOTAK-CUST,RECEIVED,TRAIN
TRD103463,2026-08-04,AXISBANK,INE103463,AXISBANK,250,1175.99,293997.5,NOMURA-BROKER,EQ-INDEX-04,BOOKED,2026-08-05,BUY,1175.99,250,2026-08-04,HDFC-CUST,RECEIVED,TEST
TRD103464,2026-08-03,ICICIBANK,INE103464,ICICIBANK,1500,1244.09,1866135.0,MORGANSTANLEY-BROKER,EQ-INDEX-04,BOOKED,2026-08-04,SELL,1244.09,1500,2026-08-03,MORGANSTANLEY-BROKER,RECEIVED,TRAIN
TRD103465,2026-08-06,RELIANCE,INE103465,RELIANCE,1500,2847.39,4271085.0,ICICI-CUST,EQ-CORE-01,BOOKED,2026-08-07,SELL,2847.39,1500,2026-08-06,ICICI-CUST,RECEIVED,TEST
TRD103466,2026-08-01,HINDUNILVR,INE103466,HINDUNILVR,250,2747.74,686935.0,DEUTSCHE-BROKER,EQ-CORE-02,BOOKED,2026-08-02,BUY,2747.74,250,2026-08-01,DEUTSCHE-BROKER,RECEIVED,TRAIN
TRD103467,2026-08-19,HINDUNILVR,INE103467,HINDUNILVR,200,2750.35,550070.0,MORGANSTANLEY-BROKER,EQ-CORE-02,BOOKED,2026-08-20,SELL,2750.35,200,2026-08-19,MORGANSTANLEY-BROKER,RECEIVED,TEST
TRD103468,2026-08-11,TCS,INE103468,TCS,250,4117.4,1029350.0,HDFC-CUST,EQ-CORE-02,BOOKED,2026-08-12,SELL,4117.4,250,2026-08-11,HDFC-CUST,RECEIVED,TRAIN
TRD103469,2026-08-01,TCS,INE103469,TCS,2000,4130.54,8261080.0,MORGANSTANLEY-BROKER,EQ-INDEX-04,BOOKED,2026-08-02,SELL,4130.54,2000,2026-08-01,MORGANSTANLEY-BROKER,RECEIVED,TRAIN
TRD103470,2026-08-19,AXISBANK,INE103470,AXISBANK,750,1176.37,882277.5,KOTAK-CUST,EQ-CORE-02,BOOKED,2026-08-20,BUY,1176.37,750,2026-08-19,KOTAK-CUST,RECEIVED,TRAIN
TRD103471,2026-08-03,HDFCBANK,INE103471,HDFCBANK,500,1683.11,841555.0,NOMURA-BROKER,EQ-CORE-02,BOOKED,2026-08-04,SELL,1683.11,500,2026-08-03,NOMURA-BROKER,RECEIVED,TRAIN
TRD103472,2026-08-12,ICICIBANK,INE103472,ICICIBANK,100,1236.0,123600.0,MORGANSTANLEY-BROKER,EQ-INDEX-04,BOOKED,2026-08-13,SELL,1236.0,100,2026-08-12,MORGANSTANLEY-BROKER,RECEIVED,TRAIN
TRD103473,2026-08-03,RELIANCE,INE103473,RELIANCE,1500,2853.32,4279980.0,MORGANSTANLEY-BROKER,EQ-ALPHA-03,BOOKED,2026-08-04,SELL,2853.32,1500,2026-08-03,MORGANSTANLEY-BROKER,RECEIVED,TRAIN
TRD103474,2026-08-20,HDFCBANK,INE103474,HDFCBANK,100,1672.99,167299.0,MORGANSTANLEY-BROKER,EQ-CORE-02,BOOKED,2026-08-21,SELL,1672.99,100,2026-08-20,MORGANSTANLEY-BROKER,RECEIVED,TRAIN
TRD103475,2026-08-08,HDFCBANK,INE103475,HDFCBANK,750,1677.86,1258395.0,ICICI-CUST,EQ-CORE-02,BOOKED,2026-08-09,BUY,1677.86,750,2026-08-08,ICICI-CUST,RECEIVED,TEST
TRD103476,2026-08-17,ITC,INE103476,ITC,200,468.5,93700.0,ICICI-CUST,EQ-INDEX-04,BOOKED,2026-08-18,SELL,468.5,200,2026-08-17,ICICI-CUST,RECEIVED,TRAIN
TRD103477,2026-08-04,KOTAKBANK,INE103477,KOTAKBANK,750,1958.89,1469167.5,KOTAK-CUST,EQ-CORE-01,BOOKED,2026-08-05,BUY,1958.89,750,2026-08-04,NOMURA-BROKER,RECEIVED,TEST
TRD103478,2026-08-19,BHARTIARTL,INE103478,BHARTIARTL,750,1696.87,1272652.5,NOMURA-BROKER,EQ-CORE-02,BOOKED,2026-08-20,BUY,1696.87,750,2026-08-19,NOMURA-BROKER,RECEIVED,TRAIN
TRD103479,2026-08-15,SBIN,INE103479,SBIN,100,843.06,84306.0,ICICI-CUST,EQ-CORE-01,BOOKED,2026-08-16,SELL,843.06,100,2026-08-15,ICICI-CUST,RECEIVED,TRAIN
TRD103480,2026-08-10,RELIANCE,INE103480,RELIANCE,250,2848.0,712000.0,ICICI-CUST,EQ-INDEX-04,BOOKED,2026-08-11,BUY,2848.0,250,2026-08-10,ICICI-CUST,RECEIVED,TEST
TRD103481,2026-08-18,HDFCBANK,INE103481,HDFCBANK,100,1675.42,167542.0,ICICI-CUST,EQ-CORE-01,BOOKED,2026-08-19,SELL,1675.42,100,2026-08-18,ICICI-CUST,RECEIVED,TRAIN
TRD103482,2026-08-06,INFY,INE103482,INFY,1500,1883.69,2825535.0,MORGANSTANLEY-BROKER,EQ-INDEX-04,BOOKED,2026-08-07,BUY,1883.69,1500,2026-08-06,MORGANSTANLEY-BROKER,RECEIVED,TRAIN
TRD103483,2026-08-17,KOTAKBANK,INE103483,KOTAKBANK,750,1962.21,1471657.5,KOTAK-CUST,EQ-CORE-01,BOOKED,2026-08-18,BUY,1962.21,750,2026-08-17,KOTAK-CUST,RECEIVED,TRAIN
TRD103484,2026-08-19,ITC,INE103484,ITC,250,468.98,117245.0,KOTAK-CUST,EQ-CORE-02,BOOKED,2026-08-20,SELL,468.98,250,2026-08-19,KOTAK-CUST,RECEIVED,TRAIN
TRD103485,2026-08-14,KOTAKBANK,INE103485,KOTAKBANK,750,1947.66,1460745.0,MORGANSTANLEY-BROKER,EQ-CORE-01,BOOKED,2026-08-15,SELL,1947.66,750,2026-08-14,MORGANSTANLEY-BROKER,RECEIVED,TRAIN
TRD103486,2026-08-13,TATASTEEL,INE103486,TATASTEEL,200,172.83,34566.0,ICICI-CUST,EQ-CORE-02,BOOKED,2026-08-14,SELL,172.83,200,2026-08-13,ICICI-CUST,RECEIVED,TRAIN
TRD103487,2026-08-18,BHARTIARTL,INE103487,BHARTIARTL,1500,1684.19,2526285.0,ICICI-CUST,EQ-CORE-02,BOOKED,2026-08-19,BUY,1684.19,1500,2026-08-18,ICICI-CUST,RECEIVED,TRAIN
TRD103488,2026-08-21,HDFCBANK,INE103488,HDFCBANK,200,1674.47,334894.0,HDFC-CUST,EQ-INDEX-04,BOOKED,2026-08-22,BUY,1674.47,200,2026-08-21,HDFC-CUST,RECEIVED,TRAIN
TRD103489,2026-08-07,KOTAKBANK,INE103489,KOTAKBANK,750,1951.41,1463557.5,KOTAK-CUST,EQ-INDEX-04,BOOKED,2026-08-08,BUY,1951.41,750,2026-08-07,KOTAK-CUST,RECEIVED,TRAIN
TRD103490,2026-08-17,KOTAKBANK,INE103490,KOTAKBANK,750,1952.45,1464337.5,NOMURA-BROKER,EQ-INDEX-04,BOOKED,2026-08-18,BUY,1952.45,750,2026-08-17,NOMURA-BROKER,RECEIVED,TEST
TRD103491,2026-08-10,TCS,INE103491,TCS,250,4100.6,1025150.0,NOMURA-BROKER,EQ-CORE-02,BOOKED,2026-08-11,SELL,4100.6,250,2026-08-10,NOMURA-BROKER,RECEIVED,TRAIN
TRD103492,2026-08-20,INFY,INE103492,INFY,1000,1884.91,1884910.0,ICICI-CUST,EQ-CORE-01,BOOKED,2026-08-21,BUY,1884.91,1000,2026-08-20,ICICI-CUST,RECEIVED,TEST
TRD103493,2026-08-01,HDFCBANK,INE103493,HDFCBANK,2000,1672.93,3345860.0,HDFC-CUST,EQ-ALPHA-03,BOOKED,2026-08-02,SELL,1672.93,2000,2026-08-01,HDFC-CUST,RECEIVED,TEST
TRD103494,2026-08-13,BHARTIARTL,INE103494,BHARTIARTL,100,1686.17,168617.0,NOMURA-BROKER,EQ-INDEX-04,BOOKED,2026-08-14,BUY,1686.17,100,2026-08-13,NOMURA-BROKER,RECEIVED,TRAIN
TRD103495,2026-08-11,INFY,INE103495,INFY,750,1885.43,1414072.5,HDFC-CUST,EQ-ALPHA-03,BOOKED,2026-08-12,BUY,1911.4,825,2026-08-11,HDFC-CUST,RECEIVED,TRAIN
TRD103496,2026-08-14,SBIN,INE103496,SBIN,1000,843.25,843250.0,KOTAK-CUST,EQ-CORE-01,BOOKED,2026-08-15,SELL,843.25,1000,2026-08-14,KOTAK-CUST,RECEIVED,TRAIN
TRD103497,2026-08-09,HINDUNILVR,INE103497,HINDUNILVR,1000,2753.26,2753260.0,NOMURA-BROKER,EQ-CORE-01,BOOKED,2026-08-10,BUY,2753.26,1200,2026-08-09,NOMURA-BROKER,RECEIVED,TRAIN
TRD103498,2026-08-09,MARUTI,INE103498,MARUTI,1500,13022.45,19533675.0,MORGANSTANLEY-BROKER,EQ-CORE-02,BOOKED,2026-08-10,BUY,13022.45,1500,2026-08-09,MORGANSTANLEY-BROKER,RECEIVED,TRAIN
TRD103499,2026-08-08,SBIN,INE103499,SBIN,2000,849.81,1699620.0,MORGANSTANLEY-BROKER,EQ-ALPHA-03,BOOKED,2026-08-09,SELL,849.81,2000,2026-08-08,MORGANSTANLEY-BROKER,RECEIVED,TEST
TRD103500,2026-08-07,WIPRO,INE103500,WIPRO,1500,609.81,914715.0,HDFC-CUST,EQ-CORE-02,BOOKED,2026-08-08,SELL,609.81,1500,2026-08-07,HDFC-CUST,RECEIVED,TRAIN
TRD103501,2026-08-15,RELIANCE,INE103501,RELIANCE,1500,2847.74,4271610.0,MORGANSTANLEY-BROKER,EQ-INDEX-04,BOOKED,2026-08-16,SELL,2847.74,1500,2026-08-15,MORGANSTANLEY-BROKER,RECEIVED,TRAIN
TRD103502,2026-08-19,AXISBANK,INE103502,AXISBANK,200,1175.88,235176.0,KOTAK-CUST,EQ-INDEX-04,BOOKED,2026-08-20,BUY,1175.88,200,2026-08-19,KOTAK-CUST,RECEIVED,TRAIN
TRD103503,2026-08-06,INFY,INE103503,INFY,100,1898.83,189883.0,MORGANSTANLEY-BROKER,EQ-INDEX-04,BOOKED,2026-08-07,BUY,1898.83,100,2026-08-06,MORGANSTANLEY-BROKER,RECEIVED,TRAIN
TRD103504,2026-08-05,INFY,INE103504,INFY,1500,1891.5,2837250.0,ICICI-CUST,EQ-INDEX-04,BOOKED,2026-08-06,SELL,1891.5,1500,2026-08-05,ICICI-CUST,RECEIVED,TEST
TRD103505,2026-08-19,BHARTIARTL,INE103505,BHARTIARTL,200,1698.29,339658.0,MORGANSTANLEY-BROKER,EQ-INDEX-04,BOOKED,2026-08-20,BUY,1698.29,200,2026-08-19,MORGANSTANLEY-BROKER,RECEIVED,TRAIN
TRD103506,2026-08-19,HDFCBANK,INE103506,HDFCBANK,1000,1673.14,1673140.0,MORGANSTANLEY-BROKER,EQ-CORE-02,BOOKED,2026-08-20,BUY,1673.14,1000,2026-08-19,MORGANSTANLEY-BROKER,RECEIVED,TRAIN
TRD103507,2026-08-16,HDFCBANK,INE103507,HDFCBANK,1000,1679.41,1679410.0,DEUTSCHE-BROKER,EQ-INDEX-04,BOOKED,2026-08-17,SELL,1679.41,1000,2026-08-16,DEUTSCHE-BROKER,RECEIVED,TEST
TRD103508,2026-08-14,ITC,INE103508,ITC,250,468.3,117075.0,ICICI-CUST,EQ-ALPHA-03,BOOKED,2026-08-15,BUY,468.3,250,2026-08-14,ICICI-CUST,RECEIVED,TRAIN
TRD103509,2026-08-02,HDFCBANK,INE103509,HDFCBANK,750,1675.62,1256715.0,MORGANSTANLEY-BROKER,EQ-ALPHA-03,BOOKED,2026-08-03,BUY,1675.62,750,2026-08-02,MORGANSTANLEY-BROKER,RECEIVED,TRAIN
TRD103510,2026-08-17,TCS,INE103510,TCS,1000,4108.39,4108390.0,NOMURA-BROKER,EQ-CORE-02,BOOKED,2026-08-18,BUY,4108.39,1000,2026-08-17,NOMURA-BROKER,RECEIVED,TEST
TRD103511,2026-08-01,INFY,INE103511,INFY,250,1888.46,472115.0,ICICI-CUST,EQ-CORE-01,BOOKED,2026-08-02,SELL,1888.46,250,2026-08-01,ICICI-CUST,RECEIVED,TRAIN
TRD103512,2026-08-15,ICICIBANK,INE103512,ICICIBANK,100,1242.69,124269.0,DEUTSCHE-BROKER,EQ-CORE-02,BOOKED,2026-08-16,BUY,1242.69,100,2026-08-15,DEUTSCHE-BROKER,RECEIVED,TRAIN
TRD103513,2026-08-08,HINDUNILVR,INE103513,HINDUNILVR,750,2752.22,2064165.0,ICICI-CUST,EQ-ALPHA-03,BOOKED,2026-08-09,BUY,2752.22,750,2026-08-08,ICICI-CUST,RECEIVED,TRAIN
TRD103514,2026-08-07,HDFCBANK,INE103514,HDFCBANK,750,1668.8,1251600.0,MORGANSTANLEY-BROKER,EQ-INDEX-04,BOOKED,2026-08-08,SELL,1668.8,750,2026-08-07,MORGANSTANLEY-BROKER,RECEIVED,TRAIN
TRD103515,2026-08-19,INFY,INE103515,INFY,2000,1883.35,3766700.0,MORGANSTANLEY-BROKER,EQ-INDEX-04,BOOKED,2026-08-20,SELL,1883.35,2000,2026-08-19,MORGANSTANLEY-BROKER,RECEIVED,TRAIN
TRD103516,2026-08-05,MARUTI,INE103516,MARUTI,1500,12953.67,19430505.0,KOTAK-CUST,EQ-CORE-01,BOOKED,2026-08-06,SELL,12953.67,1500,2026-08-05,KOTAK-CUST,RECEIVED,TRAIN
TRD103517,2026-08-06,AXISBANK,INE103517,AXISBANK,250,1175.01,293752.5,HDFC-CUST,EQ-ALPHA-03,BOOKED,2026-08-07,BUY,1175.01,250,2026-08-06,HDFC-CUST,RECEIVED,TEST
TRD103518,2026-08-14,RELIANCE,INE103518,RELIANCE,2000,2864.56,5729120.0,MORGANSTANLEY-BROKER,EQ-CORE-01,BOOKED,2026-08-15,SELL,2864.56,2000,2026-08-14,MORGANSTANLEY-BROKER,RECEIVED,TRAIN
TRD103519,2026-08-19,LT,INE103519,LT,1500,3666.35,5499525.0,MORGANSTANLEY-BROKER,EQ-CORE-01,BOOKED,2026-08-20,SELL,3666.35,1500,2026-08-19,MORGANSTANLEY-BROKER,RECEIVED,TEST
TRD103520,2026-08-03,BHARTIARTL,INE103520,BHARTIARTL,250,1696.81,424202.5,DEUTSCHE-BROKER,EQ-ALPHA-03,BOOKED,2026-08-04,BUY,1696.81,250,2026-08-03,DEUTSCHE-BROKER,RECEIVED,TRAIN
TRD103521,2026-08-14,KOTAKBANK,INE103521,KOTAKBANK,100,1954.69,195469.0,DEUTSCHE-BROKER,EQ-CORE-01,BOOKED,2026-08-15,SELL,1954.69,100,2026-08-14,DEUTSCHE-BROKER,RECEIVED,TRAIN
TRD103522,2026-08-05,AXISBANK,INE103522,AXISBANK,1000,1185.89,1185890.0,NOMURA-BROKER,EQ-ALPHA-03,BOOKED,2026-08-06,BUY,1185.89,1000,2026-08-05,NOMURA-BROKER,RECEIVED,TRAIN
TRD103523,2026-08-10,ICICIBANK,INE103523,ICICIBANK,500,1244.47,622235.0,DEUTSCHE-BROKER,EQ-ALPHA-03,BOOKED,2026-08-11,BUY,1244.47,500,2026-08-10,DEUTSCHE-BROKER,RECEIVED,TEST
TRD103524,2026-08-03,WIPRO,INE103524,WIPRO,250,609.24,152310.0,NOMURA-BROKER,EQ-CORE-02,BOOKED,2026-08-04,SELL,609.24,450,2026-08-03,NOMURA-BROKER,RECEIVED,TRAIN
TRD103525,2026-08-04,KOTAKBANK,INE103525,KOTAKBANK,1000,1962.55,1962550.0,ICICI-CUST,EQ-CORE-01,BOOKED,2026-08-05,SELL,1962.55,1000,2026-08-04,ICICI-CUST,RECEIVED,TRAIN
TRD103526,2026-08-06,ITC,INE103526,ITC,2000,467.48,934960.0,ICICI-CUST,EQ-INDEX-04,BOOKED,2026-08-07,SELL,467.48,2000,2026-08-06,ICICI-CUST,RECEIVED,TRAIN
TRD103527,2026-08-19,RELIANCE,INE103527,RELIANCE,500,2848.19,1424095.0,NOMURA-BROKER,EQ-CORE-02,BOOKED,2026-08-20,BUY,2848.19,500,2026-08-19,NOMURA-BROKER,RECEIVED,TEST
TRD103528,2026-08-19,INFY,INE103528,INFY,1000,1896.6,1896600.0,MORGANSTANLEY-BROKER,EQ-CORE-01,BOOKED,2026-08-20,BUY,1896.6,1000,2026-08-19,MORGANSTANLEY-BROKER,RECEIVED,TRAIN
TRD103529,2026-08-15,LT,INE103529,LT,2000,3668.87,7337740.0,ICICI-CUST,EQ-CORE-02,BOOKED,2026-08-16,SELL,3668.87,2000,2026-08-15,ICICI-CUST,RECEIVED,TRAIN
TRD103530,2026-08-10,WIPRO,INE103530,WIPRO,250,612.24,153060.0,KOTAK-CUST,EQ-INDEX-04,BOOKED,2026-08-11,SELL,612.24,250,2026-08-10,KOTAK-CUST,RECEIVED,TRAIN
TRD103531,2026-08-16,LT,INE103531,LT,100,3690.44,369044.0,DEUTSCHE-BROKER,EQ-CORE-01,BOOKED,2026-08-17,SELL,3690.44,100,2026-08-16,DEUTSCHE-BROKER,RECEIVED,TEST
TRD103532,2026-08-08,WIPRO,INE103532,WIPRO,1500,612.58,918870.0,KOTAK-CUST,EQ-CORE-01,BOOKED,2026-08-09,BUY,612.58,1500,2026-08-08,KOTAK-CUST,RECEIVED,TRAIN
TRD103533,2026-08-03,WIPRO,INE103533,WIPRO,2000,609.82,1219640.0,MORGANSTANLEY-BROKER,EQ-CORE-01,BOOKED,2026-08-04,SELL,609.82,2000,2026-08-03,MORGANSTANLEY-BROKER,RECEIVED,TRAIN
TRD103534,2026-08-18,KOTAKBANK,INE103534,KOTAKBANK,100,1965.04,196504.0,KOTAK-CUST,EQ-CORE-01,BOOKED,2026-08-19,SELL,1965.04,100,2026-08-18,KOTAK-CUST,RECEIVED,TRAIN
TRD103535,2026-08-06,WIPRO,INE103535,WIPRO,500,613.16,306580.0,MORGANSTANLEY-BROKER,EQ-ALPHA-03,BOOKED,2026-08-07,BUY,613.16,500,2026-08-06,MORGANSTANLEY-BROKER,RECEIVED,TEST
TRD103536,2026-08-09,ICICIBANK,INE103536,ICICIBANK,1000,1239.35,1239350.0,ICICI-CUST,EQ-CORE-01,BOOKED,2026-08-10,SELL,1239.35,1000,2026-08-09,ICICI-CUST,RECEIVED,TRAIN
TRD103537,2026-08-18,LT,INE103537,LT,100,3674.42,367442.0,NOMURA-BROKER,EQ-CORE-01,BOOKED,2026-08-19,BUY,3674.42,100,2026-08-18,NOMURA-BROKER,RECEIVED,TRAIN
TRD103538,2026-08-20,SBIN,INE103538,SBIN,2000,843.58,1687160.0,DEUTSCHE-BROKER,EQ-ALPHA-03,BOOKED,2026-08-21,BUY,853.64,1925,2026-08-20,DEUTSCHE-BROKER,RECEIVED,TRAIN
TRD103539,2026-08-02,AXISBANK,INE103539,AXISBANK,200,1185.23,237046.0,NOMURA-BROKER,EQ-INDEX-04,BOOKED,2026-08-03,SELL,,,,,MISSING,TRAIN
TRD103540,2026-08-19,RELIANCE,INE103540,RELIANCE,100,2844.37,284437.0,HDFC-CUST,EQ-CORE-01,BOOKED,2026-08-20,SELL,2844.37,100,2026-08-19,HDFC-CUST,RECEIVED,TEST
TRD103541,2026-08-09,SBIN,INE103541,SBIN,750,842.36,631770.0,ICICI-CUST,EQ-CORE-02,BOOKED,2026-08-10,BUY,842.36,750,2026-08-09,ICICI-CUST,RECEIVED,TEST
TRD103542,2026-08-01,INFY,INE103542,INFY,200,1896.05,379210.0,NOMURA-BROKER,EQ-CORE-02,BOOKED,2026-08-02,SELL,1896.05,200,2026-08-01,NOMURA-BROKER,RECEIVED,TRAIN
TRD103543,2026-08-02,BHARTIARTL,INE103543,BHARTIARTL,250,1694.92,423730.0,HDFC-CUST,EQ-ALPHA-03,BOOKED,2026-08-03,SELL,1694.92,250,2026-08-02,HDFC-CUST,RECEIVED,TRAIN
TRD103544,2026-08-01,KOTAKBANK,INE103544,KOTAKBANK,750,1958.21,1468657.5,NOMURA-BROKER,EQ-INDEX-04,BOOKED,2026-08-02,BUY,1958.21,750,2026-08-01,NOMURA-BROKER,RECEIVED,TRAIN
TRD103545,2026-08-20,INFY,INE103545,INFY,1500,1886.93,2830395.0,NOMURA-BROKER,EQ-ALPHA-03,BOOKED,2026-08-21,BUY,,,,,MISSING,TRAIN
TRD103546,2026-08-14,TATASTEEL,INE103546,TATASTEEL,1500,172.07,258105.0,NOMURA-BROKER,EQ-CORE-02,BOOKED,2026-08-15,BUY,172.07,1500,2026-08-14,NOMURA-BROKER,RECEIVED,TRAIN
TRD103547,2026-08-14,WIPRO,INE103547,WIPRO,500,609.39,304695.0,HDFC-CUST,EQ-CORE-02,BOOKED,2026-08-15,BUY,609.39,500,2026-08-14,HDFC-CUST,RECEIVED,TRAIN
TRD103548,2026-08-15,TATASTEEL,INE103548,TATASTEEL,500,172.63,86315.0,KOTAK-CUST,EQ-ALPHA-03,BOOKED,2026-08-16,BUY,172.63,500,2026-08-16,KOTAK-CUST,RECEIVED,TRAIN
TRD103549,2026-08-14,LT,INE103549,LT,100,3689.8,368980.0,DEUTSCHE-BROKER,EQ-CORE-01,BOOKED,2026-08-15,SELL,3689.8,100,2026-08-14,DEUTSCHE-BROKER,RECEIVED,TRAIN
TRD103550,2026-08-04,RELIANCE,INE103550,RELIANCE,250,2837.42,709355.0,MORGANSTANLEY-BROKER,EQ-CORE-01,BOOKED,2026-08-05,SELL,,,,,MISSING,TRAIN
TRD103551,2026-08-07,MARUTI,INE103551,MARUTI,500,12925.34,6462670.0,NOMURA-BROKER,EQ-CORE-02,BOOKED,2026-08-08,SELL,12925.34,500,2026-08-07,NOMURA-BROKER,RECEIVED,TEST
TRD103552,2026-08-18,BHARTIARTL,INE103552,BHARTIARTL,200,1683.57,336714.0,KOTAK-CUST,EQ-ALPHA-03,BOOKED,2026-08-19,BUY,1683.57,200,2026-08-18,NOMURA-BROKER,RECEIVED,TRAIN
TRD103553,2026-08-08,SBIN,INE103553,SBIN,250,848.14,212035.0,HDFC-CUST,EQ-CORE-01,BOOKED,2026-08-09,BUY,848.14,250,2026-08-08,HDFC-CUST,RECEIVED,TRAIN
TRD103554,2026-08-15,AXISBANK,INE103554,AXISBANK,1500,1174.73,1762095.0,NOMURA-BROKER,EQ-CORE-02,BOOKED,2026-08-16,BUY,1174.73,1500,2026-08-15,NOMURA-BROKER,RECEIVED,TRAIN
TRD103555,2026-08-16,RELIANCE,INE103555,RELIANCE,1000,2842.69,2842690.0,NOMURA-BROKER,EQ-CORE-01,BOOKED,2026-08-17,SELL,2842.69,1000,2026-08-16,NOMURA-BROKER,RECEIVED,TRAIN
TRD103556,2026-08-09,ITC,INE103556,ITC,750,468.26,351195.0,KOTAK-CUST,EQ-INDEX-04,BOOKED,2026-08-10,BUY,468.26,750,2026-08-09,KOTAK-CUST,RECEIVED,TEST
TRD103557,2026-08-07,MARUTI,INE103557,MARUTI,250,13034.33,3258582.5,ICICI-CUST,EQ-INDEX-04,BOOKED,2026-08-08,BUY,13034.33,250,2026-08-07,ICICI-CUST,RECEIVED,TRAIN
TRD103558,2026-08-20,ICICIBANK,INE103558,ICICIBANK,1500,1243.85,1865775.0,MORGANSTANLEY-BROKER,EQ-ALPHA-03,BOOKED,2026-08-21,BUY,1243.85,1500,2026-08-20,MORGANSTANLEY-BROKER,RECEIVED,TEST
TRD103559,2026-08-16,AXISBANK,INE103559,AXISBANK,750,1179.32,884490.0,DEUTSCHE-BROKER,EQ-INDEX-04,BOOKED,2026-08-17,BUY,1179.32,750,2026-08-16,DEUTSCHE-BROKER,RECEIVED,TRAIN
TRD103560,2026-08-11,MARUTI,INE103560,MARUTI,1500,12938.44,19407660.0,NOMURA-BROKER,EQ-INDEX-04,BOOKED,2026-08-12,BUY,12938.44,1500,2026-08-11,NOMURA-BROKER,RECEIVED,TRAIN
TRD103561,2026-08-05,SBIN,INE103561,SBIN,500,849.63,424815.0,NOMURA-BROKER,EQ-INDEX-04,BOOKED,2026-08-06,BUY,849.63,500,2026-08-05,NOMURA-BROKER,RECEIVED,TRAIN
TRD103562,2026-08-12,WIPRO,INE103562,WIPRO,750,607.4,455550.0,DEUTSCHE-BROKER,EQ-INDEX-04,BOOKED,2026-08-13,BUY,607.4,750,2026-08-12,DEUTSCHE-BROKER,RECEIVED,TEST
TRD103563,2026-08-02,HDFCBANK,INE103563,HDFCBANK,1500,1675.48,2513220.0,KOTAK-CUST,EQ-CORE-01,BOOKED,2026-08-03,SELL,1675.48,1500,2026-08-02,KOTAK-CUST,RECEIVED,TRAIN
TRD103564,2026-08-08,HDFCBANK,INE103564,HDFCBANK,100,1673.46,167346.0,DEUTSCHE-BROKER,EQ-CORE-01,BOOKED,2026-08-09,SELL,1673.46,100,2026-08-08,DEUTSCHE-BROKER,RECEIVED,TRAIN
TRD103565,2026-08-21,RELIANCE,INE103565,RELIANCE,250,2857.08,714270.0,ICICI-CUST,EQ-INDEX-04,BOOKED,2026-08-22,SELL,2857.08,250,2026-08-21,ICICI-CUST,RECEIVED,TRAIN
TRD103566,2026-08-19,MARUTI,INE103566,MARUTI,100,12996.07,1299607.0,ICICI-CUST,EQ-CORE-01,BOOKED,2026-08-20,BUY,12996.07,1,2026-08-19,ICICI-CUST,RECEIVED,TRAIN
TRD103567,2026-08-06,AXISBANK,INE103567,AXISBANK,100,1181.34,118134.0,ICICI-CUST,EQ-CORE-02,BOOKED,2026-08-07,BUY,1181.34,100,2026-08-06,ICICI-CUST,RECEIVED,TEST
TRD103568,2026-08-20,INFY,INE103568,INFY,1000,1883.41,1883410.0,KOTAK-CUST,EQ-ALPHA-03,BOOKED,2026-08-21,BUY,1883.41,1000,2026-08-20,KOTAK-CUST,RECEIVED,TRAIN
TRD103569,2026-08-15,WIPRO,INE103569,WIPRO,500,611.98,305990.0,KOTAK-CUST,EQ-INDEX-04,BOOKED,2026-08-16,SELL,611.98,500,2026-08-15,KOTAK-CUST,RECEIVED,TEST
TRD103570,2026-08-06,HDFCBANK,INE103570,HDFCBANK,200,1676.45,335290.0,DEUTSCHE-BROKER,EQ-CORE-01,BOOKED,2026-08-07,BUY,1676.45,200,2026-08-06,DEUTSCHE-BROKER,RECEIVED,TRAIN
TRD103571,2026-08-15,AXISBANK,INE103571,AXISBANK,1500,1174.86,1762290.0,KOTAK-CUST,EQ-INDEX-04,BOOKED,2026-08-16,SELL,1174.86,1500,2026-08-15,KOTAK-CUST,RECEIVED,TRAIN
TRD103572,2026-08-09,KOTAKBANK,INE103572,KOTAKBANK,1000,1950.96,1950960.0,NOMURA-BROKER,EQ-CORE-02,BOOKED,2026-08-10,BUY,1950.96,1000,2026-08-09,NOMURA-BROKER,RECEIVED,TRAIN
TRD103573,2026-08-20,SBIN,INE103573,SBIN,750,847.69,635767.5,KOTAK-CUST,EQ-ALPHA-03,BOOKED,2026-08-21,SELL,847.69,750,2026-08-20,KOTAK-CUST,RECEIVED,TRAIN
TRD103574,2026-08-01,HDFCBANK,INE103574,HDFCBANK,200,1668.91,333782.0,NOMURA-BROKER,EQ-CORE-01,BOOKED,2026-08-02,SELL,1668.91,200,2026-08-01,NOMURA-BROKER,RECEIVED,TRAIN
TRD103575,2026-08-10,SBIN,INE103575,SBIN,1000,845.85,845850.0,KOTAK-CUST,EQ-ALPHA-03,BOOKED,2026-08-11,SELL,845.85,1000,2026-08-10,KOTAK-CUST,RECEIVED,TRAIN
TRD103576,2026-08-20,BHARTIARTL,INE103576,BHARTIARTL,250,1696.6,424150.0,NOMURA-BROKER,EQ-ALPHA-03,BOOKED,2026-08-21,BUY,1696.6,250,2026-08-20,NOMURA-BROKER,RECEIVED,TRAIN
TRD103577,2026-08-02,TCS,INE103577,TCS,2000,4125.55,8251100.0,KOTAK-CUST,EQ-INDEX-04,BOOKED,2026-08-03,SELL,4125.55,2000,2026-08-02,KOTAK-CUST,RECEIVED,TRAIN
TRD103578,2026-08-14,RELIANCE,INE103578,RELIANCE,500,2863.88,1431940.0,ICICI-CUST,EQ-INDEX-04,BOOKED,2026-08-15,BUY,2863.88,500,2026-08-14,ICICI-CUST,RECEIVED,TRAIN
TRD103579,2026-08-01,ICICIBANK,INE103579,ICICIBANK,1500,1234.97,1852455.0,KOTAK-CUST,EQ-INDEX-04,BOOKED,2026-08-02,BUY,1234.97,1500,2026-08-01,KOTAK-CUST,RECEIVED,TEST
TRD103580,2026-08-13,HINDUNILVR,INE103580,HINDUNILVR,1500,2756.63,4134945.0,ICICI-CUST,EQ-CORE-02,BOOKED,2026-08-14,BUY,2756.63,1500,2026-08-13,ICICI-CUST,RECEIVED,TRAIN
TRD103581,2026-08-12,SBIN,INE103581,SBIN,200,844.47,168894.0,ICICI-CUST,EQ-CORE-01,BOOKED,2026-08-13,SELL,844.47,200,2026-08-12,ICICI-CUST,RECEIVED,TRAIN
TRD103582,2026-08-08,HDFCBANK,INE103582,HDFCBANK,100,1667.96,166796.0,NOMURA-BROKER,EQ-CORE-01,BOOKED,2026-08-09,SELL,1699.3,25,2026-08-08,NOMURA-BROKER,RECEIVED,TEST
TRD103583,2026-08-02,ITC,INE103583,ITC,200,468.04,93608.0,KOTAK-CUST,EQ-INDEX-04,BOOKED,2026-08-03,BUY,478.53,200,2026-08-02,KOTAK-CUST,RECEIVED,TRAIN
TRD103584,2026-08-10,SBIN,INE103584,SBIN,250,842.89,210722.5,ICICI-CUST,EQ-CORE-02,BOOKED,2026-08-11,BUY,842.89,250,2026-08-10,ICICI-CUST,RECEIVED,TRAIN
TRD103585,2026-08-19,AXISBANK,INE103585,AXISBANK,1000,1177.98,1177980.0,KOTAK-CUST,EQ-CORE-01,BOOKED,2026-08-20,SELL,1177.98,1000,2026-08-19,KOTAK-CUST,RECEIVED,TRAIN
TRD103586,2026-08-11,ICICIBANK,INE103586,ICICIBANK,1000,1237.25,1237250.0,NOMURA-BROKER,EQ-INDEX-04,BOOKED,2026-08-12,BUY,1237.25,1000,2026-08-11,KOTAK-CUST,RECEIVED,TRAIN
TRD103587,2026-08-03,SBIN,INE103587,SBIN,2000,842.41,1684820.0,NOMURA-BROKER,EQ-INDEX-04,BOOKED,2026-08-04,SELL,842.41,2000,2026-08-03,NOMURA-BROKER,RECEIVED,TRAIN
TRD103588,2026-08-13,WIPRO,INE103588,WIPRO,750,612.47,459352.5,MORGANSTANLEY-BROKER,EQ-CORE-02,BOOKED,2026-08-14,SELL,612.47,750,2026-08-13,MORGANSTANLEY-BROKER,RECEIVED,TEST
TRD103589,2026-08-18,SBIN,INE103589,SBIN,1500,848.86,1273290.0,HDFC-CUST,EQ-CORE-02,BOOKED,2026-08-19,SELL,848.86,1500,2026-08-18,HDFC-CUST,RECEIVED,TRAIN
TRD103590,2026-08-18,WIPRO,INE103590,WIPRO,2000,608.91,1217820.0,DEUTSCHE-BROKER,EQ-INDEX-04,BOOKED,2026-08-19,BUY,608.91,2000,2026-08-18,DEUTSCHE-BROKER,RECEIVED,TEST
TRD103591,2026-08-06,SBIN,INE103591,SBIN,2000,841.79,1683580.0,HDFC-CUST,EQ-INDEX-04,BOOKED,2026-08-07,SELL,841.79,2000,2026-08-06,HDFC-CUST,RECEIVED,TEST
TRD103592,2026-08-08,HINDUNILVR,INE103592,HINDUNILVR,200,2746.75,549350.0,ICICI-CUST,EQ-CORE-01,BOOKED,2026-08-09,BUY,2746.75,200,2026-08-08,ICICI-CUST,RECEIVED,TRAIN
TRD103593,2026-08-14,INFY,INE103593,INFY,100,1892.26,189226.0,DEUTSCHE-BROKER,EQ-CORE-02,BOOKED,2026-08-15,BUY,1837.51,100,2026-08-14,DEUTSCHE-BROKER,RECEIVED,TEST
TRD103594,2026-08-20,HDFCBANK,INE103594,HDFCBANK,250,1678.39,419597.5,NOMURA-BROKER,EQ-INDEX-04,BOOKED,2026-08-21,BUY,1678.39,200,2026-08-20,NOMURA-BROKER,RECEIVED,TRAIN
TRD103595,2026-08-13,HINDUNILVR,INE103595,HINDUNILVR,250,2737.65,684412.5,KOTAK-CUST,EQ-ALPHA-03,BOOKED,2026-08-14,BUY,2737.65,250,2026-08-13,KOTAK-CUST,RECEIVED,TEST
TRD103596,2026-08-06,INFY,INE103596,INFY,250,1886.94,471735.0,DEUTSCHE-BROKER,EQ-INDEX-04,BOOKED,2026-08-07,SELL,1886.94,250,2026-08-06,DEUTSCHE-BROKER,RECEIVED,TRAIN
TRD103597,2026-08-15,AXISBANK,INE103597,AXISBANK,250,1177.4,294350.0,DEUTSCHE-BROKER,EQ-CORE-02,BOOKED,2026-08-16,BUY,1177.4,250,2026-08-15,DEUTSCHE-BROKER,RECEIVED,TRAIN
TRD103598,2026-08-02,HDFCBANK,INE103598,HDFCBANK,1000,1677.74,1677740.0,HDFC-CUST,EQ-CORE-02,BOOKED,2026-08-03,BUY,1677.74,1000,2026-08-02,HDFC-CUST,RECEIVED,TEST
TRD103599,2026-08-01,RELIANCE,INE103599,RELIANCE,200,2843.41,568682.0,ICICI-CUST,EQ-INDEX-04,BOOKED,2026-08-02,BUY,2843.41,200,2026-08-01,ICICI-CUST,RECEIVED,TRAIN
TRD103600,2026-08-10,HDFCBANK,INE103600,HDFCBANK,250,1675.47,418867.5,HDFC-CUST,EQ-CORE-02,BOOKED,2026-08-11,SELL,1675.47,250,2026-08-10,HDFC-CUST,RECEIVED,TRAIN
TRD103601,2026-08-17,ITC,INE103601,ITC,200,469.39,93878.0,HDFC-CUST,EQ-CORE-01,BOOKED,2026-08-18,SELL,469.39,200,2026-08-17,HDFC-CUST,RECEIVED,TRAIN
TRD103602,2026-08-11,SBIN,INE103602,SBIN,1000,848.66,848660.0,KOTAK-CUST,EQ-ALPHA-03,BOOKED,2026-08-12,BUY,848.66,1000,2026-08-11,KOTAK-CUST,RECEIVED,TRAIN
TRD103603,2026-08-15,TATASTEEL,INE103603,TATASTEEL,1500,171.69,257535.0,KOTAK-CUST,EQ-INDEX-04,BOOKED,2026-08-16,BUY,171.69,1500,2026-08-15,KOTAK-CUST,RECEIVED,TRAIN
TRD103604,2026-08-01,HDFCBANK,INE103604,HDFCBANK,500,1668.91,834455.0,NOMURA-BROKER,EQ-INDEX-04,BOOKED,2026-08-02,SELL,1668.91,500,2026-08-01,NOMURA-BROKER,RECEIVED,TRAIN
TRD103605,2026-08-06,HDFCBANK,INE103605,HDFCBANK,500,1678.11,839055.0,DEUTSCHE-BROKER,EQ-CORE-02,BOOKED,2026-08-07,BUY,1678.11,500,2026-08-06,DEUTSCHE-BROKER,RECEIVED,TRAIN
TRD103606,2026-08-07,ITC,INE103606,ITC,2000,468.75,937500.0,HDFC-CUST,EQ-CORE-01,BOOKED,2026-08-08,SELL,468.75,2050,2026-08-07,HDFC-CUST,RECEIVED,TEST
TRD103607,2026-08-13,TATASTEEL,INE103607,TATASTEEL,100,173.23,17323.0,KOTAK-CUST,EQ-INDEX-04,BOOKED,2026-08-14,BUY,173.23,100,2026-08-13,KOTAK-CUST,RECEIVED,TRAIN
TRD103608,2026-08-18,TATASTEEL,INE103608,TATASTEEL,2000,171.59,343180.0,KOTAK-CUST,EQ-CORE-01,BOOKED,2026-08-19,BUY,173.87,2075,2026-08-18,KOTAK-CUST,RECEIVED,TRAIN
TRD103609,2026-08-11,BHARTIARTL,INE103609,BHARTIARTL,100,1687.61,168761.0,HDFC-CUST,EQ-ALPHA-03,BOOKED,2026-08-12,BUY,1687.61,100,2026-08-11,HDFC-CUST,RECEIVED,TRAIN
TRD103610,2026-08-02,KOTAKBANK,INE103610,KOTAKBANK,750,1947.58,1460685.0,NOMURA-BROKER,EQ-INDEX-04,BOOKED,2026-08-03,SELL,1947.58,750,2026-08-02,NOMURA-BROKER,RECEIVED,TRAIN
TRD103611,2026-08-16,WIPRO,INE103611,WIPRO,100,608.11,60811.0,KOTAK-CUST,EQ-CORE-01,BOOKED,2026-08-17,SELL,608.11,100,2026-08-16,KOTAK-CUST,RECEIVED,TEST
TRD103612,2026-08-14,ITC,INE103612,ITC,1000,468.93,468930.0,DEUTSCHE-BROKER,EQ-INDEX-04,BOOKED,2026-08-15,BUY,468.93,1000,2026-08-14,DEUTSCHE-BROKER,RECEIVED,TRAIN
TRD103613,2026-08-14,SBIN,INE103613,SBIN,100,848.49,84849.0,HDFC-CUST,EQ-CORE-01,BOOKED,2026-08-15,BUY,848.49,100,2026-08-14,HDFC-CUST,RECEIVED,TRAIN
TRD103614,2026-08-17,HDFCBANK,INE103614,HDFCBANK,1500,1670.02,2505030.0,NOMURA-BROKER,EQ-ALPHA-03,BOOKED,2026-08-18,SELL,1670.02,1500,2026-08-17,NOMURA-BROKER,RECEIVED,TEST
TRD103615,2026-08-03,TATASTEEL,INE103615,TATASTEEL,750,173.22,129915.0,KOTAK-CUST,EQ-INDEX-04,BOOKED,2026-08-04,SELL,176.55,675,2026-08-03,KOTAK-CUST,RECEIVED,TRAIN
TRD103616,2026-08-07,SBIN,INE103616,SBIN,2000,846.83,1693660.0,ICICI-CUST,EQ-CORE-02,BOOKED,2026-08-08,SELL,856.87,2075,2026-08-07,ICICI-CUST,RECEIVED,TRAIN
TRD103617,2026-08-20,WIPRO,INE103617,WIPRO,750,612.44,459330.0,ICICI-CUST,EQ-ALPHA-03,BOOKED,2026-08-21,SELL,612.44,750,2026-08-20,ICICI-CUST,RECEIVED,TRAIN
TRD103618,2026-08-01,RELIANCE,INE103618,RELIANCE,1000,2859.45,2859450.0,KOTAK-CUST,EQ-CORE-02,BOOKED,2026-08-02,BUY,2859.45,1000,2026-08-01,KOTAK-CUST,RECEIVED,TRAIN
TRD103619,2026-08-14,MARUTI,INE103619,MARUTI,1500,13015.71,19523565.0,KOTAK-CUST,EQ-CORE-02,BOOKED,2026-08-15,BUY,13015.71,1500,2026-08-14,KOTAK-CUST,RECEIVED,TRAIN
TRD103620,2026-08-09,INFY,INE103620,INFY,500,1899.29,949645.0,DEUTSCHE-BROKER,EQ-CORE-01,BOOKED,2026-08-10,BUY,1899.29,600,2026-08-09,DEUTSCHE-BROKER,RECEIVED,TRAIN
TRD103621,2026-08-19,TCS,INE103621,TCS,250,4129.76,1032440.0,NOMURA-BROKER,EQ-CORE-01,BOOKED,2026-08-20,BUY,4129.76,250,2026-08-19,NOMURA-BROKER,RECEIVED,TEST
TRD103622,2026-08-11,SBIN,INE103622,SBIN,750,846.13,634597.5,HDFC-CUST,EQ-ALPHA-03,BOOKED,2026-08-12,BUY,846.13,750,2026-08-11,HDFC-CUST,RECEIVED,TRAIN
TRD103623,2026-08-15,RELIANCE,INE103623,RELIANCE,200,2841.45,568290.0,DEUTSCHE-BROKER,EQ-CORE-02,BOOKED,2026-08-16,BUY,2841.45,200,2026-08-15,DEUTSCHE-BROKER,RECEIVED,TRAIN
TRD103624,2026-08-17,TATASTEEL,INE103624,TATASTEEL,500,173.0,86500.0,NOMURA-BROKER,EQ-ALPHA-03,BOOKED,2026-08-18,SELL,173.0,500,2026-08-17,NOMURA-BROKER,RECEIVED,TEST
TRD103625,2026-08-21,ICICIBANK,INE103625,ICICIBANK,250,1244.85,311212.5,HDFC-CUST,EQ-ALPHA-03,BOOKED,2026-08-22,SELL,1244.85,250,2026-08-21,HDFC-CUST,RECEIVED,TRAIN
TRD103626,2026-08-16,WIPRO,INE103626,WIPRO,2000,611.85,1223700.0,ICICI-CUST,EQ-CORE-02,BOOKED,2026-08-17,BUY,611.85,2000,2026-08-16,ICICI-CUST,RECEIVED,TRAIN
TRD103627,2026-08-18,HDFCBANK,INE103627,HDFCBANK,2000,1675.63,3351260.0,NOMURA-BROKER,EQ-INDEX-04,BOOKED,2026-08-19,BUY,1675.63,2000,2026-08-18,NOMURA-BROKER,RECEIVED,TEST
TRD103628,2026-08-17,SBIN,INE103628,SBIN,750,841.94,631455.0,ICICI-CUST,EQ-INDEX-04,BOOKED,2026-08-18,BUY,841.94,750,2026-08-17,ICICI-CUST,RECEIVED,TRAIN
TRD103629,2026-08-09,WIPRO,INE103629,WIPRO,500,611.56,305780.0,MORGANSTANLEY-BROKER,EQ-ALPHA-03,BOOKED,2026-08-10,SELL,611.56,500,2026-08-09,MORGANSTANLEY-BROKER,RECEIVED,TRAIN
TRD103630,2026-08-19,ICICIBANK,INE103630,ICICIBANK,2000,1243.87,2487740.0,MORGANSTANLEY-BROKER,EQ-ALPHA-03,BOOKED,2026-08-20,SELL,1243.87,2000,2026-08-19,MORGANSTANLEY-BROKER,RECEIVED,TRAIN
TRD103631,2026-08-15,RELIANCE,INE103631,RELIANCE,1000,2850.94,2850940.0,MORGANSTANLEY-BROKER,EQ-ALPHA-03,BOOKED,2026-08-16,SELL,2850.94,1000,2026-08-15,MORGANSTANLEY-BROKER,RECEIVED,TEST
TRD103632,2026-08-20,HDFCBANK,INE103632,HDFCBANK,500,1683.09,841545.0,DEUTSCHE-BROKER,EQ-CORE-02,BOOKED,2026-08-21,BUY,1683.09,500,2026-08-20,HDFC-CUST,RECEIVED,TRAIN
TRD103633,2026-08-18,BHARTIARTL,INE103633,BHARTIARTL,200,1682.8,336560.0,ICICI-CUST,EQ-CORE-02,BOOKED,2026-08-19,SELL,1682.8,200,2026-08-18,ICICI-CUST,RECEIVED,TRAIN
TRD103634,2026-08-01,TCS,INE103634,TCS,1500,4116.66,6174990.0,ICICI-CUST,EQ-INDEX-04,BOOKED,2026-08-02,SELL,4116.66,1500,2026-08-01,ICICI-CUST,RECEIVED,TRAIN
TRD103635,2026-08-17,SBIN,INE103635,SBIN,1000,847.57,847570.0,DEUTSCHE-BROKER,EQ-ALPHA-03,BOOKED,2026-08-18,SELL,847.57,1000,2026-08-17,DEUTSCHE-BROKER,RECEIVED,TRAIN
TRD103636,2026-08-12,ITC,INE103636,ITC,1500,468.07,702105.0,DEUTSCHE-BROKER,EQ-ALPHA-03,BOOKED,2026-08-13,BUY,468.07,1500,2026-08-12,DEUTSCHE-BROKER,RECEIVED,TEST
TRD103637,2026-08-09,INFY,INE103637,INFY,750,1889.74,1417305.0,ICICI-CUST,EQ-CORE-01,BOOKED,2026-08-10,BUY,1889.74,750,2026-08-09,ICICI-CUST,RECEIVED,TRAIN
TRD103638,2026-08-14,BHARTIARTL,INE103638,BHARTIARTL,2000,1687.65,3375300.0,MORGANSTANLEY-BROKER,EQ-CORE-02,BOOKED,2026-08-15,SELL,1687.65,2000,2026-08-14,MORGANSTANLEY-BROKER,RECEIVED,TRAIN
TRD103639,2026-08-14,KOTAKBANK,INE103639,KOTAKBANK,100,1952.91,195291.0,DEUTSCHE-BROKER,EQ-ALPHA-03,BOOKED,2026-08-15,SELL,1952.91,100,2026-08-14,DEUTSCHE-BROKER,RECEIVED,TEST
TRD103640,2026-08-09,SBIN,INE103640,SBIN,200,842.67,168534.0,KOTAK-CUST,EQ-ALPHA-03,BOOKED,2026-08-10,BUY,842.67,200,2026-08-09,KOTAK-CUST,RECEIVED,TRAIN
TRD103641,2026-08-01,HINDUNILVR,INE103641,HINDUNILVR,2000,2757.49,5514980.0,HDFC-CUST,EQ-CORE-02,BOOKED,2026-08-02,BUY,2757.49,2000,2026-08-01,HDFC-CUST,RECEIVED,TRAIN
TRD103642,2026-08-14,LT,INE103642,LT,1500,3695.32,5542980.0,ICICI-CUST,EQ-CORE-02,BOOKED,2026-08-15,SELL,3695.32,1500,2026-08-14,ICICI-CUST,RECEIVED,TRAIN
TRD103643,2026-08-03,MARUTI,INE103643,MARUTI,2000,13027.67,26055340.0,DEUTSCHE-BROKER,EQ-CORE-01,BOOKED,2026-08-04,BUY,13027.67,2000,2026-08-03,DEUTSCHE-BROKER,RECEIVED,TRAIN
TRD103644,2026-08-20,BHARTIARTL,INE103644,BHARTIARTL,500,1682.72,841360.0,KOTAK-CUST,EQ-ALPHA-03,BOOKED,2026-08-21,BUY,1682.72,500,2026-08-20,KOTAK-CUST,RECEIVED,TEST
TRD103645,2026-08-14,TATASTEEL,INE103645,TATASTEEL,500,172.47,86235.0,ICICI-CUST,EQ-CORE-02,BOOKED,2026-08-15,BUY,172.47,500,2026-08-15,ICICI-CUST,RECEIVED,TRAIN
TRD103646,2026-08-18,HINDUNILVR,INE103646,HINDUNILVR,1000,2751.95,2751950.0,MORGANSTANLEY-BROKER,EQ-CORE-02,BOOKED,2026-08-19,BUY,2751.95,1000,2026-08-18,MORGANSTANLEY-BROKER,RECEIVED,TRAIN
TRD103647,2026-08-07,AXISBANK,INE103647,AXISBANK,750,1183.16,887370.0,KOTAK-CUST,EQ-CORE-01,BOOKED,2026-08-08,SELL,1183.16,750,2026-08-07,MORGANSTANLEY-BROKER,RECEIVED,TRAIN
TRD103648,2026-08-16,KOTAKBANK,INE103648,KOTAKBANK,200,1962.03,392406.0,MORGANSTANLEY-BROKER,EQ-INDEX-04,BOOKED,2026-08-17,SELL,1962.03,200,2026-08-16,MORGANSTANLEY-BROKER,RECEIVED,TRAIN
TRD103649,2026-08-05,INFY,INE103649,INFY,750,1887.21,1415407.5,MORGANSTANLEY-BROKER,EQ-ALPHA-03,BOOKED,2026-08-06,BUY,1850.43,750,2026-08-05,MORGANSTANLEY-BROKER,RECEIVED,TRAIN
TRD103650,2026-08-09,HDFCBANK,INE103650,HDFCBANK,1000,1673.34,1673340.0,MORGANSTANLEY-BROKER,EQ-CORE-01,BOOKED,2026-08-10,SELL,1673.34,1000,2026-08-09,MORGANSTANLEY-BROKER,RECEIVED,TRAIN
TRD103651,2026-08-12,SBIN,INE103651,SBIN,100,845.3,84530.0,DEUTSCHE-BROKER,EQ-INDEX-04,BOOKED,2026-08-13,SELL,845.3,100,2026-08-12,DEUTSCHE-BROKER,RECEIVED,TEST
TRD103652,2026-08-16,LT,INE103652,LT,100,3682.84,368284.0,NOMURA-BROKER,EQ-CORE-02,BOOKED,2026-08-17,SELL,3682.84,100,2026-08-16,NOMURA-BROKER,RECEIVED,TRAIN
TRD103653,2026-08-19,KOTAKBANK,INE103653,KOTAKBANK,100,1963.29,196329.0,NOMURA-BROKER,EQ-CORE-01,BOOKED,2026-08-20,BUY,1963.29,100,2026-08-19,NOMURA-BROKER,RECEIVED,TRAIN
TRD103654,2026-08-20,KOTAKBANK,INE103654,KOTAKBANK,1500,1945.94,2918910.0,KOTAK-CUST,EQ-ALPHA-03,BOOKED,2026-08-21,BUY,1945.94,1500,2026-08-20,KOTAK-CUST,RECEIVED,TRAIN
TRD103655,2026-08-03,KOTAKBANK,INE103655,KOTAKBANK,100,1961.6,196160.0,KOTAK-CUST,EQ-CORE-02,BOOKED,2026-08-04,SELL,1961.6,100,2026-08-03,KOTAK-CUST,RECEIVED,TEST
TRD103656,2026-08-01,LT,INE103656,LT,750,3684.22,2763165.0,DEUTSCHE-BROKER,EQ-CORE-02,BOOKED,2026-08-02,SELL,3684.22,750,2026-08-01,DEUTSCHE-BROKER,RECEIVED,TRAIN
TRD103657,2026-08-19,INFY,INE103657,INFY,100,1885.15,188515.0,NOMURA-BROKER,EQ-INDEX-04,BOOKED,2026-08-20,SELL,1885.15,100,2026-08-19,ICICI-CUST,RECEIVED,TEST
TRD103658,2026-08-15,ITC,INE103658,ITC,750,469.05,351787.5,KOTAK-CUST,EQ-ALPHA-03,BOOKED,2026-08-16,BUY,469.05,800,2026-08-15,KOTAK-CUST,RECEIVED,TRAIN
TRD103659,2026-08-14,KOTAKBANK,INE103659,KOTAKBANK,750,1947.23,1460422.5,NOMURA-BROKER,EQ-ALPHA-03,BOOKED,2026-08-15,BUY,1947.23,750,2026-08-14,NOMURA-BROKER,RECEIVED,TRAIN
TRD103660,2026-08-05,HDFCBANK,INE103660,HDFCBANK,100,1675.21,167521.0,MORGANSTANLEY-BROKER,EQ-ALPHA-03,BOOKED,2026-08-06,SELL,1675.21,100,2026-08-05,MORGANSTANLEY-BROKER,RECEIVED,TEST
TRD103661,2026-08-14,WIPRO,INE103661,WIPRO,750,607.95,455962.5,HDFC-CUST,EQ-CORE-02,BOOKED,2026-08-15,BUY,607.95,750,2026-08-14,HDFC-CUST,RECEIVED,TRAIN
TRD103662,2026-08-21,INFY,INE103662,INFY,1500,1881.44,2822160.0,KOTAK-CUST,EQ-INDEX-04,BOOKED,2026-08-22,SELL,1881.44,1500,2026-08-21,ICICI-CUST,RECEIVED,TRAIN
TRD103663,2026-08-16,INFY,INE103663,INFY,2000,1888.79,3777580.0,KOTAK-CUST,EQ-CORE-02,BOOKED,2026-08-17,BUY,1888.79,2000,2026-08-16,HDFC-CUST,RECEIVED,TEST
TRD103664,2026-08-01,MARUTI,INE103664,MARUTI,2000,12940.08,25880160.0,DEUTSCHE-BROKER,EQ-INDEX-04,BOOKED,2026-08-02,BUY,12940.08,2000,2026-08-01,DEUTSCHE-BROKER,RECEIVED,TRAIN
TRD103665,2026-08-21,MARUTI,INE103665,MARUTI,500,13000.4,6500200.0,NOMURA-BROKER,EQ-CORE-01,BOOKED,2026-08-22,SELL,13000.4,500,2026-08-21,NOMURA-BROKER,RECEIVED,TEST
TRD103666,2026-08-17,TCS,INE103666,TCS,200,4119.46,823892.0,HDFC-CUST,EQ-ALPHA-03,BOOKED,2026-08-18,BUY,4119.46,200,2026-08-17,HDFC-CUST,RECEIVED,TEST
TRD103667,2026-08-11,TATASTEEL,INE103667,TATASTEEL,1500,173.01,259515.0,MORGANSTANLEY-BROKER,EQ-ALPHA-03,BOOKED,2026-08-12,SELL,173.01,1500,2026-08-11,MORGANSTANLEY-BROKER,RECEIVED,TRAIN
TRD103668,2026-08-05,AXISBANK,INE103668,AXISBANK,100,1185.37,118537.0,HDFC-CUST,EQ-CORE-02,BOOKED,2026-08-06,SELL,1209.35,100,2026-08-05,HDFC-CUST,RECEIVED,TRAIN
TRD103669,2026-08-16,WIPRO,INE103669,WIPRO,250,608.64,152160.0,ICICI-CUST,EQ-INDEX-04,BOOKED,2026-08-17,BUY,608.64,250,2026-08-16,ICICI-CUST,RECEIVED,TRAIN
TRD103670,2026-08-19,INFY,INE103670,INFY,250,1885.16,471290.0,ICICI-CUST,EQ-CORE-01,BOOKED,2026-08-20,SELL,1922.8,325,2026-08-19,ICICI-CUST,RECEIVED,TRAIN
TRD103671,2026-08-18,SBIN,INE103671,SBIN,750,848.75,636562.5,NOMURA-BROKER,EQ-INDEX-04,BOOKED,2026-08-19,BUY,848.75,750,2026-08-18,NOMURA-BROKER,RECEIVED,TRAIN
TRD103672,2026-08-15,KOTAKBANK,INE103672,KOTAKBANK,750,1961.76,1471320.0,MORGANSTANLEY-BROKER,EQ-ALPHA-03,BOOKED,2026-08-16,SELL,1961.76,750,2026-08-15,MORGANSTANLEY-BROKER,RECEIVED,TRAIN
TRD103673,2026-08-11,TCS,INE103673,TCS,2000,4117.48,8234960.0,KOTAK-CUST,EQ-CORE-02,BOOKED,2026-08-12,BUY,4117.48,2000,2026-08-11,KOTAK-CUST,RECEIVED,TRAIN
TRD103674,2026-08-07,MARUTI,INE103674,MARUTI,100,13024.52,1302452.0,DEUTSCHE-BROKER,EQ-CORE-01,BOOKED,2026-08-08,SELL,13024.52,100,2026-08-07,DEUTSCHE-BROKER,RECEIVED,TRAIN
TRD103675,2026-08-20,AXISBANK,INE103675,AXISBANK,200,1178.13,235626.0,ICICI-CUST,EQ-ALPHA-03,BOOKED,2026-08-21,SELL,1178.13,200,2026-08-20,ICICI-CUST,RECEIVED,TRAIN
TRD103676,2026-08-18,LT,INE103676,LT,1500,3667.92,5501880.0,HDFC-CUST,EQ-ALPHA-03,BOOKED,2026-08-19,SELL,3667.92,1700,2026-08-18,HDFC-CUST,RECEIVED,TRAIN
TRD103677,2026-08-05,BHARTIARTL,INE103677,BHARTIARTL,500,1690.82,845410.0,ICICI-CUST,EQ-INDEX-04,BOOKED,2026-08-06,SELL,1690.82,500,2026-08-05,ICICI-CUST,RECEIVED,TRAIN
TRD103678,2026-08-13,TCS,INE103678,TCS,250,4109.95,1027487.5,NOMURA-BROKER,EQ-CORE-01,BOOKED,2026-08-14,BUY,4109.95,250,2026-08-14,NOMURA-BROKER,RECEIVED,TRAIN
TRD103679,2026-08-11,TCS,INE103679,TCS,100,4126.19,412619.0,NOMURA-BROKER,EQ-CORE-01,BOOKED,2026-08-12,BUY,4126.19,100,2026-08-11,NOMURA-BROKER,RECEIVED,TRAIN
TRD103680,2026-08-04,INFY,INE103680,INFY,1500,1896.87,2845305.0,MORGANSTANLEY-BROKER,EQ-CORE-02,BOOKED,2026-08-05,BUY,1896.87,1500,2026-08-04,MORGANSTANLEY-BROKER,RECEIVED,TRAIN
TRD103681,2026-08-13,KOTAKBANK,INE103681,KOTAKBANK,2000,1946.06,3892120.0,DEUTSCHE-BROKER,EQ-CORE-01,BOOKED,2026-08-14,BUY,1946.06,2000,2026-08-13,DEUTSCHE-BROKER,RECEIVED,TRAIN
TRD103682,2026-08-08,RELIANCE,INE103682,RELIANCE,2000,2852.96,5705920.0,DEUTSCHE-BROKER,EQ-CORE-02,BOOKED,2026-08-09,BUY,2852.96,2000,2026-08-08,DEUTSCHE-BROKER,RECEIVED,TRAIN
TRD103683,2026-08-17,BHARTIARTL,INE103683,BHARTIARTL,500,1685.73,842865.0,NOMURA-BROKER,EQ-INDEX-04,BOOKED,2026-08-18,SELL,1685.73,500,2026-08-17,NOMURA-BROKER,RECEIVED,TRAIN
TRD103684,2026-08-08,AXISBANK,INE103684,AXISBANK,2000,1185.22,2370440.0,NOMURA-BROKER,EQ-ALPHA-03,BOOKED,2026-08-09,BUY,1185.22,2000,2026-08-08,NOMURA-BROKER,RECEIVED,TEST
TRD103685,2026-08-17,BHARTIARTL,INE103685,BHARTIARTL,2000,1687.49,3374980.0,MORGANSTANLEY-BROKER,EQ-INDEX-04,BOOKED,2026-08-18,BUY,1687.49,2000,2026-08-17,MORGANSTANLEY-BROKER,RECEIVED,TEST
TRD103686,2026-08-15,HDFCBANK,INE103686,HDFCBANK,1000,1672.76,1672760.0,ICICI-CUST,EQ-INDEX-04,BOOKED,2026-08-16,SELL,1672.76,1000,2026-08-15,ICICI-CUST,RECEIVED,TRAIN
TRD103687,2026-08-07,HDFCBANK,INE103687,HDFCBANK,200,1679.66,335932.0,ICICI-CUST,EQ-ALPHA-03,BOOKED,2026-08-08,SELL,,,,,MISSING,TRAIN
TRD103688,2026-08-11,SBIN,INE103688,SBIN,100,847.13,84713.0,DEUTSCHE-BROKER,EQ-CORE-01,BOOKED,2026-08-12,SELL,847.13,100,2026-08-11,DEUTSCHE-BROKER,RECEIVED,TRAIN
TRD103689,2026-08-20,INFY,INE103689,INFY,200,1890.77,378154.0,MORGANSTANLEY-BROKER,EQ-CORE-02,BOOKED,2026-08-21,SELL,1890.77,200,2026-08-20,MORGANSTANLEY-BROKER,RECEIVED,TRAIN
TRD103690,2026-08-10,WIPRO,INE103690,WIPRO,750,608.91,456682.5,KOTAK-CUST,EQ-CORE-02,BOOKED,2026-08-11,BUY,608.91,700,2026-08-10,KOTAK-CUST,RECEIVED,TEST
TRD103691,2026-08-16,TCS,INE103691,TCS,750,4102.78,3077085.0,ICICI-CUST,EQ-CORE-01,BOOKED,2026-08-17,BUY,4102.78,750,2026-08-16,ICICI-CUST,RECEIVED,TRAIN
TRD103692,2026-08-11,TATASTEEL,INE103692,TATASTEEL,500,173.27,86635.0,ICICI-CUST,EQ-CORE-02,BOOKED,2026-08-12,SELL,173.27,500,2026-08-11,ICICI-CUST,RECEIVED,TRAIN
TRD103693,2026-08-21,LT,INE103693,LT,2000,3665.94,7331880.0,DEUTSCHE-BROKER,EQ-CORE-01,BOOKED,2026-08-22,BUY,3665.94,2000,2026-08-21,DEUTSCHE-BROKER,RECEIVED,TRAIN
TRD103694,2026-08-15,AXISBANK,INE103694,AXISBANK,2000,1184.72,2369440.0,MORGANSTANLEY-BROKER,EQ-INDEX-04,BOOKED,2026-08-16,BUY,1184.72,2000,2026-08-15,MORGANSTANLEY-BROKER,RECEIVED,TRAIN
TRD103695,2026-08-10,MARUTI,INE103695,MARUTI,250,12945.23,3236307.5,NOMURA-BROKER,EQ-ALPHA-03,BOOKED,2026-08-11,SELL,12945.23,250,2026-08-10,NOMURA-BROKER,RECEIVED,TRAIN
TRD103696,2026-08-16,BHARTIARTL,INE103696,BHARTIARTL,750,1686.4,1264800.0,MORGANSTANLEY-BROKER,EQ-ALPHA-03,BOOKED,2026-08-17,BUY,1686.4,750,2026-08-16,MORGANSTANLEY-BROKER,RECEIVED,TRAIN
TRD103697,2026-08-14,TATASTEEL,INE103697,TATASTEEL,500,173.0,86500.0,NOMURA-BROKER,EQ-INDEX-04,BOOKED,2026-08-15,SELL,173.0,500,2026-08-14,NOMURA-BROKER,RECEIVED,TRAIN
TRD103698,2026-08-07,MARUTI,INE103698,MARUTI,100,12923.72,1292372.0,HDFC-CUST,EQ-ALPHA-03,BOOKED,2026-08-08,SELL,12923.72,100,2026-08-07,HDFC-CUST,RECEIVED,TRAIN
TRD103699,2026-08-07,HDFCBANK,INE103699,HDFCBANK,2000,1675.3,3350600.0,ICICI-CUST,EQ-ALPHA-03,BOOKED,2026-08-08,SELL,1675.3,2000,2026-08-07,ICICI-CUST,RECEIVED,TRAIN
TRD103700,2026-08-06,SBIN,INE103700,SBIN,2000,847.35,1694700.0,MORGANSTANLEY-BROKER,EQ-CORE-02,BOOKED,2026-08-07,SELL,847.35,2000,2026-08-06,MORGANSTANLEY-BROKER,RECEIVED,TEST
TRD103701,2026-08-18,HDFCBANK,INE103701,HDFCBANK,200,1675.35,335070.0,NOMURA-BROKER,EQ-CORE-02,BOOKED,2026-08-19,BUY,1675.35,200,2026-08-18,NOMURA-BROKER,RECEIVED,TRAIN
TRD103702,2026-08-12,INFY,INE103702,INFY,200,1887.11,377422.0,NOMURA-BROKER,EQ-ALPHA-03,BOOKED,2026-08-13,BUY,1887.11,200,2026-08-12,NOMURA-BROKER,RECEIVED,TRAIN
TRD103703,2026-08-10,MARUTI,INE103703,MARUTI,500,12944.52,6472260.0,ICICI-CUST,EQ-INDEX-04,BOOKED,2026-08-11,SELL,12944.52,500,2026-08-10,ICICI-CUST,RECEIVED,TRAIN
TRD103704,2026-08-09,TCS,INE103704,TCS,1000,4125.98,4125980.0,MORGANSTANLEY-BROKER,EQ-CORE-02,BOOKED,2026-08-10,SELL,4125.98,1000,2026-08-09,MORGANSTANLEY-BROKER,RECEIVED,TRAIN
TRD103705,2026-08-15,HINDUNILVR,INE103705,HINDUNILVR,1500,2732.53,4098795.0,HDFC-CUST,EQ-ALPHA-03,BOOKED,2026-08-16,SELL,2732.53,1500,2026-08-15,HDFC-CUST,RECEIVED,TEST
TRD103706,2026-08-09,HINDUNILVR,INE103706,HINDUNILVR,1500,2755.12,4132680.0,DEUTSCHE-BROKER,EQ-CORE-02,BOOKED,2026-08-10,BUY,,,,,MISSING,TRAIN
TRD103707,2026-08-21,SBIN,INE103707,SBIN,1000,845.98,845980.0,ICICI-CUST,EQ-INDEX-04,BOOKED,2026-08-22,SELL,845.98,1000,2026-08-21,ICICI-CUST,RECEIVED,TRAIN
TRD103708,2026-08-15,WIPRO,INE103708,WIPRO,200,609.89,121978.0,ICICI-CUST,EQ-ALPHA-03,BOOKED,2026-08-16,BUY,609.89,200,2026-08-15,ICICI-CUST,RECEIVED,TRAIN
TRD103709,2026-08-04,INFY,INE103709,INFY,250,1882.3,470575.0,DEUTSCHE-BROKER,EQ-CORE-01,BOOKED,2026-08-05,SELL,1882.3,250,2026-08-04,DEUTSCHE-BROKER,RECEIVED,TRAIN
TRD103710,2026-08-10,TATASTEEL,INE103710,TATASTEEL,200,171.98,34396.0,KOTAK-CUST,EQ-INDEX-04,BOOKED,2026-08-11,SELL,171.98,200,2026-08-10,KOTAK-CUST,RECEIVED,TRAIN
TRD103711,2026-08-09,WIPRO,INE103711,WIPRO,100,611.6,61160.0,MORGANSTANLEY-BROKER,EQ-CORE-02,BOOKED,2026-08-10,SELL,611.6,100,2026-08-10,MORGANSTANLEY-BROKER,RECEIVED,TRAIN
TRD103712,2026-08-05,HINDUNILVR,INE103712,HINDUNILVR,2000,2739.77,5479540.0,MORGANSTANLEY-BROKER,EQ-CORE-02,BOOKED,2026-08-06,SELL,2739.77,2000,2026-08-05,MORGANSTANLEY-BROKER,RECEIVED,TRAIN
TRD103713,2026-08-01,ICICIBANK,INE103713,ICICIBANK,500,1246.65,623325.0,HDFC-CUST,EQ-INDEX-04,BOOKED,2026-08-02,SELL,1246.65,500,2026-08-01,HDFC-CUST,RECEIVED,TRAIN
TRD103714,2026-08-21,TATASTEEL,INE103714,TATASTEEL,100,172.58,17258.0,MORGANSTANLEY-BROKER,EQ-INDEX-04,BOOKED,2026-08-22,BUY,172.58,100,2026-08-21,MORGANSTANLEY-BROKER,RECEIVED,TRAIN
TRD103715,2026-08-15,TCS,INE103715,TCS,500,4117.27,2058635.0,DEUTSCHE-BROKER,EQ-CORE-01,BOOKED,2026-08-16,SELL,4117.27,500,2026-08-15,DEUTSCHE-BROKER,RECEIVED,TRAIN
TRD103716,2026-08-03,BHARTIARTL,INE103716,BHARTIARTL,1500,1689.31,2533965.0,ICICI-CUST,EQ-CORE-02,BOOKED,2026-08-04,SELL,1689.31,1500,2026-08-03,ICICI-CUST,RECEIVED,TRAIN
TRD103717,2026-08-09,WIPRO,INE103717,WIPRO,1500,612.88,919320.0,HDFC-CUST,EQ-CORE-01,BOOKED,2026-08-10,BUY,612.88,1500,2026-08-09,HDFC-CUST,RECEIVED,TRAIN
TRD103718,2026-08-08,HINDUNILVR,INE103718,HINDUNILVR,250,2735.54,683885.0,KOTAK-CUST,EQ-CORE-01,BOOKED,2026-08-09,BUY,2735.54,250,2026-08-08,KOTAK-CUST,RECEIVED,TRAIN
TRD103719,2026-08-14,TATASTEEL,INE103719,TATASTEEL,500,172.84,86420.0,MORGANSTANLEY-BROKER,EQ-CORE-02,BOOKED,2026-08-15,SELL,172.84,500,2026-08-14,MORGANSTANLEY-BROKER,RECEIVED,TRAIN
TRD103720,2026-08-01,ITC,INE103720,ITC,1000,469.45,469450.0,ICICI-CUST,EQ-INDEX-04,BOOKED,2026-08-02,SELL,469.45,1000,2026-08-01,ICICI-CUST,RECEIVED,TRAIN
TRD103721,2026-08-21,AXISBANK,INE103721,AXISBANK,200,1178.21,235642.0,KOTAK-CUST,EQ-ALPHA-03,BOOKED,2026-08-22,SELL,1178.21,200,2026-08-21,KOTAK-CUST,RECEIVED,TEST
TRD103722,2026-08-20,TCS,INE103722,TCS,750,4112.25,3084187.5,HDFC-CUST,EQ-CORE-02,BOOKED,2026-08-21,BUY,4112.25,750,2026-08-20,HDFC-CUST,RECEIVED,TEST
TRD103723,2026-08-10,HINDUNILVR,INE103723,HINDUNILVR,1000,2733.59,2733590.0,DEUTSCHE-BROKER,EQ-ALPHA-03,BOOKED,2026-08-11,SELL,2733.59,1000,2026-08-11,DEUTSCHE-BROKER,RECEIVED,TRAIN
TRD103724,2026-08-13,TATASTEEL,INE103724,TATASTEEL,750,171.83,128872.5,ICICI-CUST,EQ-CORE-01,BOOKED,2026-08-14,SELL,171.83,750,2026-08-13,ICICI-CUST,RECEIVED,TRAIN
TRD103725,2026-08-13,HDFCBANK,INE103725,HDFCBANK,2000,1679.41,3358820.0,HDFC-CUST,EQ-CORE-01,BOOKED,2026-08-14,SELL,,,,,MISSING,TRAIN
TRD103726,2026-08-21,WIPRO,INE103726,WIPRO,1500,612.75,919125.0,KOTAK-CUST,EQ-ALPHA-03,BOOKED,2026-08-22,BUY,612.75,1500,2026-08-21,KOTAK-CUST,RECEIVED,TEST
TRD103727,2026-08-15,KOTAKBANK,INE103727,KOTAKBANK,250,1955.43,488857.5,DEUTSCHE-BROKER,EQ-ALPHA-03,BOOKED,2026-08-16,BUY,1955.43,250,2026-08-15,DEUTSCHE-BROKER,RECEIVED,TRAIN
TRD103728,2026-08-18,ICICIBANK,INE103728,ICICIBANK,100,1234.92,123492.0,KOTAK-CUST,EQ-CORE-01,BOOKED,2026-08-19,BUY,1234.92,300,2026-08-18,KOTAK-CUST,RECEIVED,TRAIN
TRD103729,2026-08-07,WIPRO,INE103729,WIPRO,1000,609.39,609390.0,KOTAK-CUST,EQ-ALPHA-03,BOOKED,2026-08-08,SELL,620.41,925,2026-08-07,KOTAK-CUST,RECEIVED,TRAIN
TRD103730,2026-08-06,TATASTEEL,INE103730,TATASTEEL,1500,172.42,258630.0,MORGANSTANLEY-BROKER,EQ-CORE-02,BOOKED,2026-08-07,BUY,172.42,1500,2026-08-06,MORGANSTANLEY-BROKER,RECEIVED,TRAIN
TRD103731,2026-08-08,ICICIBANK,INE103731,ICICIBANK,2000,1243.96,2487920.0,ICICI-CUST,EQ-ALPHA-03,BOOKED,2026-08-09,SELL,1243.96,2000,2026-08-08,ICICI-CUST,RECEIVED,TEST
TRD103732,2026-08-03,ICICIBANK,INE103732,ICICIBANK,1500,1243.67,1865505.0,KOTAK-CUST,EQ-INDEX-04,BOOKED,2026-08-04,SELL,1243.67,1500,2026-08-03,KOTAK-CUST,RECEIVED,TRAIN
TRD103733,2026-08-03,AXISBANK,INE103733,AXISBANK,500,1176.11,588055.0,ICICI-CUST,EQ-ALPHA-03,BOOKED,2026-08-04,SELL,1176.11,500,2026-08-03,ICICI-CUST,RECEIVED,TEST
TRD103734,2026-08-11,LT,INE103734,LT,2000,3683.45,7366900.0,HDFC-CUST,EQ-CORE-01,BOOKED,2026-08-12,BUY,3683.45,2000,2026-08-11,HDFC-CUST,RECEIVED,TRAIN
TRD103735,2026-08-19,MARUTI,INE103735,MARUTI,100,12952.68,1295268.0,KOTAK-CUST,EQ-ALPHA-03,BOOKED,2026-08-20,BUY,12952.68,1,2026-08-19,KOTAK-CUST,RECEIVED,TRAIN
TRD103736,2026-08-14,ITC,INE103736,ITC,2000,469.61,939220.0,ICICI-CUST,EQ-CORE-02,BOOKED,2026-08-15,BUY,469.61,2000,2026-08-14,ICICI-CUST,RECEIVED,TRAIN
TRD103737,2026-08-02,WIPRO,INE103737,WIPRO,1000,610.36,610360.0,ICICI-CUST,EQ-INDEX-04,BOOKED,2026-08-03,BUY,610.36,1000,2026-08-02,ICICI-CUST,RECEIVED,TRAIN
TRD103738,2026-08-03,TCS,INE103738,TCS,750,4108.64,3081480.0,KOTAK-CUST,EQ-CORE-01,BOOKED,2026-08-04,BUY,4108.64,750,2026-08-03,KOTAK-CUST,RECEIVED,TEST
TRD103739,2026-08-18,ICICIBANK,INE103739,ICICIBANK,500,1239.97,619985.0,DEUTSCHE-BROKER,EQ-CORE-02,BOOKED,2026-08-19,BUY,1239.97,500,2026-08-19,DEUTSCHE-BROKER,RECEIVED,TRAIN
TRD103740,2026-08-18,HINDUNILVR,INE103740,HINDUNILVR,100,2745.21,274521.0,ICICI-CUST,EQ-INDEX-04,BOOKED,2026-08-19,BUY,2745.21,100,2026-08-18,ICICI-CUST,RECEIVED,TRAIN
TRD103741,2026-08-11,RELIANCE,INE103741,RELIANCE,1500,2854.23,4281345.0,DEUTSCHE-BROKER,EQ-ALPHA-03,BOOKED,2026-08-12,BUY,2854.23,1500,2026-08-11,DEUTSCHE-BROKER,RECEIVED,TRAIN
TRD103742,2026-08-14,SBIN,INE103742,SBIN,2000,848.47,1696940.0,NOMURA-BROKER,EQ-CORE-01,BOOKED,2026-08-15,BUY,848.47,2000,2026-08-14,NOMURA-BROKER,RECEIVED,TRAIN
TRD103743,2026-08-07,MARUTI,INE103743,MARUTI,1500,13021.79,19532685.0,HDFC-CUST,EQ-CORE-01,BOOKED,2026-08-08,SELL,13021.79,1500,2026-08-07,HDFC-CUST,RECEIVED,TRAIN
TRD103744,2026-08-07,ICICIBANK,INE103744,ICICIBANK,250,1243.37,310842.5,ICICI-CUST,EQ-INDEX-04,BOOKED,2026-08-08,BUY,,,,,MISSING,TRAIN
TRD103745,2026-08-06,RELIANCE,INE103745,RELIANCE,250,2841.81,710452.5,MORGANSTANLEY-BROKER,EQ-INDEX-04,BOOKED,2026-08-07,SELL,2841.81,250,2026-08-07,MORGANSTANLEY-BROKER,RECEIVED,TRAIN
TRD103746,2026-08-01,KOTAKBANK,INE103746,KOTAKBANK,1000,1963.72,1963720.0,NOMURA-BROKER,EQ-ALPHA-03,BOOKED,2026-08-02,BUY,1963.72,1000,2026-08-01,NOMURA-BROKER,RECEIVED,TRAIN
TRD103747,2026-08-04,INFY,INE103747,INFY,750,1894.85,1421137.5,KOTAK-CUST,EQ-CORE-02,BOOKED,2026-08-05,BUY,1894.85,750,2026-08-04,KOTAK-CUST,RECEIVED,TRAIN
TRD103748,2026-08-04,BHARTIARTL,INE103748,BHARTIARTL,1500,1690.07,2535105.0,KOTAK-CUST,EQ-CORE-01,BOOKED,2026-08-05,SELL,1690.07,1550,2026-08-04,KOTAK-CUST,RECEIVED,TRAIN
TRD103749,2026-08-13,SBIN,INE103749,SBIN,250,841.53,210382.5,DEUTSCHE-BROKER,EQ-CORE-02,BOOKED,2026-08-14,BUY,841.53,250,2026-08-13,DEUTSCHE-BROKER,RECEIVED,TRAIN
TRD103750,2026-08-05,MARUTI,INE103750,MARUTI,250,12931.81,3232952.5,KOTAK-CUST,EQ-CORE-01,BOOKED,2026-08-06,BUY,,,,,MISSING,TEST
TRD103751,2026-08-19,SBIN,INE103751,SBIN,500,848.72,424360.0,HDFC-CUST,EQ-CORE-02,BOOKED,2026-08-20,BUY,848.72,500,2026-08-19,HDFC-CUST,RECEIVED,TRAIN
TRD103752,2026-08-21,RELIANCE,INE103752,RELIANCE,1000,2847.02,2847020.0,ICICI-CUST,EQ-CORE-01,BOOKED,2026-08-22,BUY,2847.02,1000,2026-08-21,ICICI-CUST,RECEIVED,TEST
TRD103753,2026-08-07,MARUTI,INE103753,MARUTI,200,12929.88,2585976.0,KOTAK-CUST,EQ-ALPHA-03,BOOKED,2026-08-08,BUY,12929.88,200,2026-08-07,KOTAK-CUST,RECEIVED,TEST
TRD103754,2026-08-21,HDFCBANK,INE103754,HDFCBANK,200,1670.05,334010.0,HDFC-CUST,EQ-ALPHA-03,BOOKED,2026-08-22,BUY,1670.05,200,2026-08-21,HDFC-CUST,RECEIVED,TEST
TRD103755,2026-08-04,LT,INE103755,LT,1500,3696.91,5545365.0,HDFC-CUST,EQ-CORE-02,BOOKED,2026-08-05,BUY,3696.91,1500,2026-08-04,HDFC-CUST,RECEIVED,TEST
TRD103756,2026-08-14,WIPRO,INE103756,WIPRO,750,609.35,457012.5,NOMURA-BROKER,EQ-ALPHA-03,BOOKED,2026-08-15,SELL,,,,,MISSING,TRAIN
TRD103757,2026-08-17,INFY,INE103757,INFY,500,1886.6,943300.0,DEUTSCHE-BROKER,EQ-ALPHA-03,BOOKED,2026-08-18,SELL,1886.6,500,2026-08-17,DEUTSCHE-BROKER,RECEIVED,TRAIN
TRD103758,2026-08-01,AXISBANK,INE103758,AXISBANK,2000,1179.4,2358800.0,HDFC-CUST,EQ-ALPHA-03,BOOKED,2026-08-02,SELL,1179.4,2000,2026-08-01,HDFC-CUST,RECEIVED,TEST
TRD103759,2026-08-02,BHARTIARTL,INE103759,BHARTIARTL,500,1686.47,843235.0,NOMURA-BROKER,EQ-ALPHA-03,BOOKED,2026-08-03,BUY,1686.47,500,2026-08-02,NOMURA-BROKER,RECEIVED,TRAIN
TRD103760,2026-08-16,BHARTIARTL,INE103760,BHARTIARTL,2000,1692.71,3385420.0,NOMURA-BROKER,EQ-CORE-02,BOOKED,2026-08-17,SELL,1692.71,2000,2026-08-16,NOMURA-BROKER,RECEIVED,TEST
TRD103761,2026-08-16,KOTAKBANK,INE103761,KOTAKBANK,1000,1949.39,1949390.0,HDFC-CUST,EQ-ALPHA-03,BOOKED,2026-08-17,SELL,1949.39,1000,2026-08-16,HDFC-CUST,RECEIVED,TRAIN
TRD103762,2026-08-06,MARUTI,INE103762,MARUTI,200,12958.53,2591706.0,DEUTSCHE-BROKER,EQ-INDEX-04,BOOKED,2026-08-07,SELL,12958.53,200,2026-08-06,DEUTSCHE-BROKER,RECEIVED,TRAIN
TRD103763,2026-08-03,MARUTI,INE103763,MARUTI,1000,12988.14,12988140.0,KOTAK-CUST,EQ-INDEX-04,BOOKED,2026-08-04,SELL,12988.14,1000,2026-08-03,KOTAK-CUST,RECEIVED,TRAIN
TRD103764,2026-08-21,INFY,INE103764,INFY,1000,1895.74,1895740.0,MORGANSTANLEY-BROKER,EQ-CORE-01,BOOKED,2026-08-22,SELL,1918.55,1075,2026-08-21,MORGANSTANLEY-BROKER,RECEIVED,TRAIN
TRD103765,2026-08-16,BHARTIARTL,INE103765,BHARTIARTL,750,1683.73,1262797.5,KOTAK-CUST,EQ-CORE-02,BOOKED,2026-08-17,BUY,1683.73,750,2026-08-16,KOTAK-CUST,RECEIVED,TRAIN
TRD103766,2026-08-15,BHARTIARTL,INE103766,BHARTIARTL,1000,1684.64,1684640.0,KOTAK-CUST,EQ-INDEX-04,BOOKED,2026-08-16,SELL,1684.64,1000,2026-08-15,KOTAK-CUST,RECEIVED,TRAIN
TRD103767,2026-08-11,WIPRO,INE103767,WIPRO,1000,611.37,611370.0,HDFC-CUST,EQ-INDEX-04,BOOKED,2026-08-12,BUY,611.37,1000,2026-08-11,HDFC-CUST,RECEIVED,TRAIN
TRD103768,2026-08-05,HINDUNILVR,INE103768,HINDUNILVR,1000,2752.41,2752410.0,KOTAK-CUST,EQ-CORE-02,BOOKED,2026-08-06,SELL,2752.41,1000,2026-08-05,KOTAK-CUST,RECEIVED,TRAIN
TRD103769,2026-08-11,ITC,INE103769,ITC,250,467.95,116987.5,DEUTSCHE-BROKER,EQ-CORE-01,BOOKED,2026-08-12,BUY,467.95,250,2026-08-11,DEUTSCHE-BROKER,RECEIVED,TEST
TRD103770,2026-08-14,KOTAKBANK,INE103770,KOTAKBANK,2000,1962.81,3925620.0,HDFC-CUST,EQ-CORE-02,BOOKED,2026-08-15,SELL,1906.69,2000,2026-08-14,HDFC-CUST,RECEIVED,TRAIN
TRD103771,2026-08-10,ICICIBANK,INE103771,ICICIBANK,500,1246.26,623130.0,DEUTSCHE-BROKER,EQ-ALPHA-03,BOOKED,2026-08-11,SELL,1246.26,500,2026-08-10,DEUTSCHE-BROKER,RECEIVED,TRAIN
TRD103772,2026-08-04,HDFCBANK,INE103772,HDFCBANK,100,1673.74,167374.0,DEUTSCHE-BROKER,EQ-CORE-02,BOOKED,2026-08-05,SELL,1673.74,100,2026-08-04,DEUTSCHE-BROKER,RECEIVED,TRAIN
TRD103773,2026-08-08,AXISBANK,INE103773,AXISBANK,2000,1181.32,2362640.0,MORGANSTANLEY-BROKER,EQ-CORE-01,BOOKED,2026-08-09,SELL,1202.78,2000,2026-08-08,MORGANSTANLEY-BROKER,RECEIVED,TRAIN
TRD103774,2026-08-17,TCS,INE103774,TCS,1000,4135.6,4135600.0,ICICI-CUST,EQ-CORE-01,BOOKED,2026-08-18,SELL,4135.6,1000,2026-08-17,ICICI-CUST,RECEIVED,TRAIN
TRD103775,2026-08-03,TATASTEEL,INE103775,TATASTEEL,500,172.79,86395.0,ICICI-CUST,EQ-CORE-02,BOOKED,2026-08-04,BUY,172.79,500,2026-08-03,ICICI-CUST,RECEIVED,TRAIN
TRD103776,2026-08-13,ITC,INE103776,ITC,500,468.78,234390.0,ICICI-CUST,EQ-INDEX-04,BOOKED,2026-08-14,BUY,468.78,500,2026-08-13,ICICI-CUST,RECEIVED,TRAIN
TRD103777,2026-08-09,HINDUNILVR,INE103777,HINDUNILVR,100,2757.76,275776.0,MORGANSTANLEY-BROKER,EQ-INDEX-04,BOOKED,2026-08-10,SELL,2757.76,100,2026-08-09,MORGANSTANLEY-BROKER,RECEIVED,TRAIN
TRD103778,2026-08-05,LT,INE103778,LT,100,3682.21,368221.0,DEUTSCHE-BROKER,EQ-ALPHA-03,BOOKED,2026-08-06,BUY,3682.21,100,2026-08-05,DEUTSCHE-BROKER,RECEIVED,TRAIN
TRD103779,2026-08-10,TCS,INE103779,TCS,250,4140.5,1035125.0,DEUTSCHE-BROKER,EQ-CORE-02,BOOKED,2026-08-11,SELL,4140.5,250,2026-08-10,DEUTSCHE-BROKER,RECEIVED,TRAIN
TRD103780,2026-08-11,HINDUNILVR,INE103780,HINDUNILVR,2000,2742.77,5485540.0,NOMURA-BROKER,EQ-ALPHA-03,BOOKED,2026-08-12,BUY,2742.77,2000,2026-08-11,MORGANSTANLEY-BROKER,RECEIVED,TRAIN
TRD103781,2026-08-10,WIPRO,INE103781,WIPRO,250,609.67,152417.5,KOTAK-CUST,EQ-INDEX-04,BOOKED,2026-08-11,BUY,609.67,250,2026-08-10,KOTAK-CUST,RECEIVED,TRAIN
TRD103782,2026-08-15,TATASTEEL,INE103782,TATASTEEL,500,172.62,86310.0,HDFC-CUST,EQ-ALPHA-03,BOOKED,2026-08-16,BUY,169.81,500,2026-08-15,HDFC-CUST,RECEIVED,TRAIN
TRD103783,2026-08-09,HDFCBANK,INE103783,HDFCBANK,1500,1680.57,2520855.0,MORGANSTANLEY-BROKER,EQ-CORE-01,BOOKED,2026-08-10,BUY,1708.72,1425,2026-08-09,MORGANSTANLEY-BROKER,RECEIVED,TRAIN
TRD103784,2026-08-13,INFY,INE103784,INFY,1500,1894.13,2841195.0,NOMURA-BROKER,EQ-ALPHA-03,BOOKED,2026-08-14,SELL,1894.13,1500,2026-08-13,NOMURA-BROKER,RECEIVED,TRAIN
TRD103785,2026-08-01,TCS,INE103785,TCS,1500,4118.75,6178125.0,DEUTSCHE-BROKER,EQ-CORE-02,BOOKED,2026-08-02,BUY,4118.75,1500,2026-08-01,DEUTSCHE-BROKER,RECEIVED,TRAIN
TRD103786,2026-08-02,SBIN,INE103786,SBIN,500,846.45,423225.0,ICICI-CUST,EQ-INDEX-04,BOOKED,2026-08-03,BUY,846.45,500,2026-08-02,ICICI-CUST,RECEIVED,TRAIN
TRD103787,2026-08-19,INFY,INE103787,INFY,1000,1895.69,1895690.0,ICICI-CUST,EQ-CORE-01,BOOKED,2026-08-20,SELL,1895.69,1000,2026-08-19,ICICI-CUST,RECEIVED,TRAIN
TRD103788,2026-08-09,HINDUNILVR,INE103788,HINDUNILVR,500,2747.46,1373730.0,NOMURA-BROKER,EQ-CORE-01,BOOKED,2026-08-10,BUY,2747.46,500,2026-08-09,NOMURA-BROKER,RECEIVED,TRAIN
TRD103789,2026-08-09,HDFCBANK,INE103789,HDFCBANK,500,1670.7,835350.0,HDFC-CUST,EQ-INDEX-04,BOOKED,2026-08-10,SELL,1670.7,500,2026-08-09,HDFC-CUST,RECEIVED,TRAIN
TRD103790,2026-08-07,MARUTI,INE103790,MARUTI,2000,13000.35,26000700.0,NOMURA-BROKER,EQ-ALPHA-03,BOOKED,2026-08-08,BUY,13000.35,2000,2026-08-07,NOMURA-BROKER,RECEIVED,TRAIN
TRD103791,2026-08-18,ICICIBANK,INE103791,ICICIBANK,100,1244.84,124484.0,NOMURA-BROKER,EQ-ALPHA-03,BOOKED,2026-08-19,BUY,1244.84,100,2026-08-18,NOMURA-BROKER,RECEIVED,TRAIN
TRD103792,2026-08-14,WIPRO,INE103792,WIPRO,100,613.13,61313.0,DEUTSCHE-BROKER,EQ-CORE-02,BOOKED,2026-08-15,BUY,613.13,100,2026-08-14,DEUTSCHE-BROKER,RECEIVED,TRAIN
TRD103793,2026-08-03,TCS,INE103793,TCS,750,4137.59,3103192.5,ICICI-CUST,EQ-INDEX-04,BOOKED,2026-08-04,BUY,4137.59,750,2026-08-03,ICICI-CUST,RECEIVED,TRAIN
TRD103794,2026-08-02,ICICIBANK,INE103794,ICICIBANK,200,1244.17,248834.0,KOTAK-CUST,EQ-CORE-02,BOOKED,2026-08-03,BUY,1244.17,200,2026-08-02,KOTAK-CUST,RECEIVED,TRAIN
TRD103795,2026-08-04,INFY,INE103795,INFY,1500,1896.98,2845470.0,DEUTSCHE-BROKER,EQ-CORE-01,BOOKED,2026-08-05,BUY,1896.98,1500,2026-08-04,DEUTSCHE-BROKER,RECEIVED,TRAIN
TRD103796,2026-08-05,TATASTEEL,INE103796,TATASTEEL,100,172.01,17201.0,ICICI-CUST,EQ-CORE-02,BOOKED,2026-08-06,SELL,172.01,100,2026-08-05,ICICI-CUST,RECEIVED,TRAIN
TRD103797,2026-08-09,LT,INE103797,LT,1000,3672.88,3672880.0,HDFC-CUST,EQ-CORE-01,BOOKED,2026-08-10,BUY,3672.88,1000,2026-08-09,HDFC-CUST,RECEIVED,TEST
TRD103798,2026-08-02,SBIN,INE103798,SBIN,500,842.0,421000.0,NOMURA-BROKER,EQ-INDEX-04,BOOKED,2026-08-03,BUY,842.0,500,2026-08-02,NOMURA-BROKER,RECEIVED,TRAIN
TRD103799,2026-08-18,ITC,INE103799,ITC,200,467.52,93504.0,DEUTSCHE-BROKER,EQ-CORE-01,BOOKED,2026-08-19,BUY,467.52,200,2026-08-18,DEUTSCHE-BROKER,RECEIVED,TRAIN
TRD103800,2026-08-03,SBIN,INE103800,SBIN,2000,842.21,1684420.0,DEUTSCHE-BROKER,EQ-CORE-01,BOOKED,2026-08-04,BUY,842.21,2000,2026-08-04,DEUTSCHE-BROKER,RECEIVED,TRAIN
TRD103801,2026-08-04,TATASTEEL,INE103801,TATASTEEL,250,172.94,43235.0,MORGANSTANLEY-BROKER,EQ-ALPHA-03,BOOKED,2026-08-05,BUY,172.94,250,2026-08-04,MORGANSTANLEY-BROKER,RECEIVED,TEST
TRD103802,2026-08-01,INFY,INE103802,INFY,750,1897.98,1423485.0,HDFC-CUST,EQ-CORE-01,BOOKED,2026-08-02,SELL,1897.98,750,2026-08-01,HDFC-CUST,RECEIVED,TRAIN
TRD103803,2026-08-18,TCS,INE103803,TCS,200,4105.61,821122.0,DEUTSCHE-BROKER,EQ-ALPHA-03,BOOKED,2026-08-19,SELL,4105.61,200,2026-08-18,DEUTSCHE-BROKER,RECEIVED,TRAIN
TRD103804,2026-08-03,INFY,INE103804,INFY,2000,1898.5,3797000.0,MORGANSTANLEY-BROKER,EQ-CORE-02,BOOKED,2026-08-04,SELL,1898.5,2000,2026-08-03,MORGANSTANLEY-BROKER,RECEIVED,TRAIN
TRD103805,2026-08-10,ITC,INE103805,ITC,1000,468.86,468860.0,DEUTSCHE-BROKER,EQ-CORE-02,BOOKED,2026-08-11,BUY,468.86,1100,2026-08-10,DEUTSCHE-BROKER,RECEIVED,TRAIN
TRD103806,2026-08-21,HDFCBANK,INE103806,HDFCBANK,200,1667.45,333490.0,DEUTSCHE-BROKER,EQ-ALPHA-03,BOOKED,2026-08-22,BUY,1667.45,200,2026-08-21,DEUTSCHE-BROKER,RECEIVED,TRAIN
TRD103807,2026-08-19,KOTAKBANK,INE103807,KOTAKBANK,1500,1948.31,2922465.0,KOTAK-CUST,EQ-CORE-02,BOOKED,2026-08-20,BUY,1948.31,1500,2026-08-19,KOTAK-CUST,RECEIVED,TRAIN
TRD103808,2026-08-10,KOTAKBANK,INE103808,KOTAKBANK,250,1948.25,487062.5,ICICI-CUST,EQ-CORE-01,BOOKED,2026-08-11,BUY,1948.25,250,2026-08-10,ICICI-CUST,RECEIVED,TEST
TRD103809,2026-08-02,TCS,INE103809,TCS,1000,4109.12,4109120.0,DEUTSCHE-BROKER,EQ-INDEX-04,BOOKED,2026-08-03,BUY,4109.12,1000,2026-08-02,DEUTSCHE-BROKER,RECEIVED,TRAIN
TRD103810,2026-08-09,BHARTIARTL,INE103810,BHARTIARTL,200,1688.82,337764.0,KOTAK-CUST,EQ-ALPHA-03,BOOKED,2026-08-10,BUY,1688.82,200,2026-08-09,KOTAK-CUST,RECEIVED,TRAIN
TRD103811,2026-08-16,SBIN,INE103811,SBIN,250,847.78,211945.0,NOMURA-BROKER,EQ-ALPHA-03,BOOKED,2026-08-17,BUY,847.78,250,2026-08-16,NOMURA-BROKER,RECEIVED,TRAIN
TRD103812,2026-08-10,RELIANCE,INE103812,RELIANCE,250,2854.29,713572.5,DEUTSCHE-BROKER,EQ-CORE-01,BOOKED,2026-08-11,SELL,2854.29,250,2026-08-10,DEUTSCHE-BROKER,RECEIVED,TRAIN
TRD103813,2026-08-12,AXISBANK,INE103813,AXISBANK,750,1180.49,885367.5,DEUTSCHE-BROKER,EQ-INDEX-04,BOOKED,2026-08-13,SELL,1180.49,750,2026-08-12,DEUTSCHE-BROKER,RECEIVED,TRAIN
TRD103814,2026-08-01,LT,INE103814,LT,500,3697.86,1848930.0,KOTAK-CUST,EQ-CORE-01,BOOKED,2026-08-02,SELL,3697.86,500,2026-08-01,KOTAK-CUST,RECEIVED,TRAIN
TRD103815,2026-08-13,BHARTIARTL,INE103815,BHARTIARTL,2000,1687.83,3375660.0,HDFC-CUST,EQ-ALPHA-03,BOOKED,2026-08-14,SELL,1687.83,2000,2026-08-13,HDFC-CUST,RECEIVED,TRAIN
TRD103816,2026-08-06,HINDUNILVR,INE103816,HINDUNILVR,750,2756.21,2067157.5,DEUTSCHE-BROKER,EQ-CORE-01,BOOKED,2026-08-07,SELL,2756.21,750,2026-08-06,DEUTSCHE-BROKER,RECEIVED,TRAIN
TRD103817,2026-08-21,INFY,INE103817,INFY,1500,1888.49,2832735.0,KOTAK-CUST,EQ-INDEX-04,BOOKED,2026-08-22,SELL,1888.49,1500,2026-08-21,KOTAK-CUST,RECEIVED,TRAIN
TRD103818,2026-08-01,RELIANCE,INE103818,RELIANCE,750,2847.16,2135370.0,DEUTSCHE-BROKER,EQ-CORE-01,BOOKED,2026-08-02,BUY,2847.16,750,2026-08-01,DEUTSCHE-BROKER,RECEIVED,TRAIN
TRD103819,2026-08-21,TCS,INE103819,TCS,750,4135.54,3101655.0,KOTAK-CUST,EQ-CORE-01,BOOKED,2026-08-22,BUY,4135.54,750,2026-08-21,KOTAK-CUST,RECEIVED,TEST
TRD103820,2026-08-14,RELIANCE,INE103820,RELIANCE,1500,2850.76,4276140.0,HDFC-CUST,EQ-ALPHA-03,BOOKED,2026-08-15,BUY,2850.76,1500,2026-08-14,HDFC-CUST,RECEIVED,TEST
TRD103821,2026-08-04,HINDUNILVR,INE103821,HINDUNILVR,2000,2753.23,5506460.0,ICICI-CUST,EQ-CORE-01,BOOKED,2026-08-05,SELL,2753.23,2000,2026-08-04,ICICI-CUST,RECEIVED,TRAIN
TRD103822,2026-08-04,BHARTIARTL,INE103822,BHARTIARTL,100,1693.31,169331.0,DEUTSCHE-BROKER,EQ-CORE-02,BOOKED,2026-08-05,BUY,1693.31,100,2026-08-04,DEUTSCHE-BROKER,RECEIVED,TRAIN
TRD103823,2026-08-07,RELIANCE,INE103823,RELIANCE,2000,2847.87,5695740.0,MORGANSTANLEY-BROKER,EQ-CORE-01,BOOKED,2026-08-08,BUY,2847.87,2000,2026-08-07,MORGANSTANLEY-BROKER,RECEIVED,TEST
TRD103824,2026-08-05,SBIN,INE103824,SBIN,250,842.56,210640.0,MORGANSTANLEY-BROKER,EQ-CORE-02,BOOKED,2026-08-06,BUY,842.56,250,2026-08-05,MORGANSTANLEY-BROKER,RECEIVED,TRAIN
TRD103825,2026-08-18,INFY,INE103825,INFY,250,1886.22,471555.0,KOTAK-CUST,EQ-INDEX-04,BOOKED,2026-08-19,SELL,1886.22,250,2026-08-18,KOTAK-CUST,RECEIVED,TRAIN
TRD103826,2026-08-12,MARUTI,INE103826,MARUTI,250,12983.38,3245845.0,MORGANSTANLEY-BROKER,EQ-ALPHA-03,BOOKED,2026-08-13,BUY,12983.38,250,2026-08-12,MORGANSTANLEY-BROKER,RECEIVED,TRAIN
TRD103827,2026-08-18,RELIANCE,INE103827,RELIANCE,750,2838.88,2129160.0,KOTAK-CUST,EQ-INDEX-04,BOOKED,2026-08-19,BUY,2838.88,750,2026-08-18,KOTAK-CUST,RECEIVED,TRAIN
TRD103828,2026-08-04,HDFCBANK,INE103828,HDFCBANK,1000,1681.73,1681730.0,NOMURA-BROKER,EQ-CORE-01,BOOKED,2026-08-05,BUY,1707.28,925,2026-08-04,NOMURA-BROKER,RECEIVED,TRAIN
TRD103829,2026-08-11,SBIN,INE103829,SBIN,100,848.36,84836.0,HDFC-CUST,EQ-ALPHA-03,BOOKED,2026-08-12,SELL,848.36,100,2026-08-11,HDFC-CUST,RECEIVED,TRAIN
TRD103830,2026-08-21,TATASTEEL,INE103830,TATASTEEL,250,171.87,42967.5,MORGANSTANLEY-BROKER,EQ-CORE-02,BOOKED,2026-08-22,BUY,171.87,250,2026-08-21,MORGANSTANLEY-BROKER,RECEIVED,TRAIN
TRD103831,2026-08-21,HINDUNILVR,INE103831,HINDUNILVR,1500,2739.81,4109715.0,NOMURA-BROKER,EQ-ALPHA-03,BOOKED,2026-08-22,SELL,2739.81,1500,2026-08-21,NOMURA-BROKER,RECEIVED,TRAIN
TRD103832,2026-08-15,LT,INE103832,LT,100,3683.79,368379.0,MORGANSTANLEY-BROKER,EQ-CORE-02,BOOKED,2026-08-16,BUY,3683.79,100,2026-08-15,MORGANSTANLEY-BROKER,RECEIVED,TEST
TRD103833,2026-08-01,INFY,INE103833,INFY,100,1896.94,189694.0,KOTAK-CUST,EQ-CORE-01,BOOKED,2026-08-02,SELL,1896.94,100,2026-08-01,KOTAK-CUST,RECEIVED,TRAIN
TRD103834,2026-08-03,TATASTEEL,INE103834,TATASTEEL,1000,172.01,172010.0,MORGANSTANLEY-BROKER,EQ-ALPHA-03,BOOKED,2026-08-04,BUY,172.01,1000,2026-08-03,MORGANSTANLEY-BROKER,RECEIVED,TRAIN
TRD103835,2026-08-09,HINDUNILVR,INE103835,HINDUNILVR,200,2757.4,551480.0,KOTAK-CUST,EQ-INDEX-04,BOOKED,2026-08-10,SELL,2757.4,200,2026-08-10,KOTAK-CUST,RECEIVED,TRAIN
TRD103836,2026-08-21,HINDUNILVR,INE103836,HINDUNILVR,2000,2739.77,5479540.0,HDFC-CUST,EQ-CORE-01,BOOKED,2026-08-22,BUY,2794.84,2000,2026-08-21,HDFC-CUST,RECEIVED,TEST
TRD103837,2026-08-08,TCS,INE103837,TCS,500,4101.08,2050540.0,KOTAK-CUST,EQ-INDEX-04,BOOKED,2026-08-09,BUY,4101.08,500,2026-08-08,KOTAK-CUST,RECEIVED,TRAIN
TRD103838,2026-08-19,KOTAKBANK,INE103838,KOTAKBANK,500,1955.01,977505.0,ICICI-CUST,EQ-CORE-02,BOOKED,2026-08-20,BUY,1955.01,500,2026-08-19,ICICI-CUST,RECEIVED,TRAIN
TRD103839,2026-08-08,HDFCBANK,INE103839,HDFCBANK,2000,1671.02,3342040.0,NOMURA-BROKER,EQ-INDEX-04,BOOKED,2026-08-09,BUY,1671.02,2000,2026-08-08,NOMURA-BROKER,RECEIVED,TRAIN
TRD103840,2026-08-12,SBIN,INE103840,SBIN,1000,846.04,846040.0,DEUTSCHE-BROKER,EQ-ALPHA-03,BOOKED,2026-08-13,SELL,846.04,1000,2026-08-12,DEUTSCHE-BROKER,RECEIVED,TRAIN
TRD103841,2026-08-09,WIPRO,INE103841,WIPRO,100,610.62,61062.0,HDFC-CUST,EQ-CORE-01,BOOKED,2026-08-10,SELL,610.62,100,2026-08-09,HDFC-CUST,RECEIVED,TRAIN
TRD103842,2026-08-02,AXISBANK,INE103842,AXISBANK,1500,1181.03,1771545.0,NOMURA-BROKER,EQ-ALPHA-03,BOOKED,2026-08-03,SELL,1181.03,1500,2026-08-02,NOMURA-BROKER,RECEIVED,TRAIN
TRD103843,2026-08-18,TATASTEEL,INE103843,TATASTEEL,250,172.48,43120.0,DEUTSCHE-BROKER,EQ-CORE-01,BOOKED,2026-08-19,SELL,172.48,250,2026-08-18,DEUTSCHE-BROKER,RECEIVED,TRAIN
TRD103844,2026-08-14,TCS,INE103844,TCS,100,4116.16,411616.0,DEUTSCHE-BROKER,EQ-CORE-02,BOOKED,2026-08-15,BUY,4116.16,100,2026-08-14,DEUTSCHE-BROKER,RECEIVED,TEST
TRD103845,2026-08-02,ITC,INE103845,ITC,750,468.3,351225.0,ICICI-CUST,EQ-INDEX-04,BOOKED,2026-08-03,SELL,468.3,750,2026-08-02,ICICI-CUST,RECEIVED,TRAIN
TRD103846,2026-08-08,INFY,INE103846,INFY,2000,1888.68,3777360.0,DEUTSCHE-BROKER,EQ-CORE-01,BOOKED,2026-08-09,SELL,1888.68,2000,2026-08-08,DEUTSCHE-BROKER,RECEIVED,TRAIN
TRD103847,2026-08-08,AXISBANK,INE103847,AXISBANK,100,1176.0,117600.0,NOMURA-BROKER,EQ-CORE-01,BOOKED,2026-08-09,SELL,1176.0,100,2026-08-08,NOMURA-BROKER,RECEIVED,TRAIN
TRD103848,2026-08-20,HDFCBANK,INE103848,HDFCBANK,2000,1678.93,3357860.0,MORGANSTANLEY-BROKER,EQ-CORE-02,BOOKED,2026-08-21,SELL,1678.93,2000,2026-08-21,MORGANSTANLEY-BROKER,RECEIVED,TRAIN
TRD103849,2026-08-16,ICICIBANK,INE103849,ICICIBANK,750,1238.33,928747.5,HDFC-CUST,EQ-ALPHA-03,BOOKED,2026-08-17,BUY,1238.33,950,2026-08-16,HDFC-CUST,RECEIVED,TEST
TRD103850,2026-08-08,LT,INE103850,LT,750,3686.6,2764950.0,NOMURA-BROKER,EQ-CORE-02,BOOKED,2026-08-09,SELL,3686.6,750,2026-08-08,NOMURA-BROKER,RECEIVED,TRAIN
TRD103851,2026-08-01,INFY,INE103851,INFY,500,1886.55,943275.0,ICICI-CUST,EQ-ALPHA-03,BOOKED,2026-08-02,BUY,1886.55,500,2026-08-01,ICICI-CUST,RECEIVED,TRAIN
TRD103852,2026-08-11,ITC,INE103852,ITC,250,468.0,117000.0,KOTAK-CUST,EQ-CORE-02,BOOKED,2026-08-12,SELL,468.0,250,2026-08-12,KOTAK-CUST,RECEIVED,TRAIN
TRD103853,2026-08-11,AXISBANK,INE103853,AXISBANK,200,1178.22,235644.0,KOTAK-CUST,EQ-INDEX-04,BOOKED,2026-08-12,SELL,1178.22,200,2026-08-11,KOTAK-CUST,RECEIVED,TRAIN
TRD103854,2026-08-16,MARUTI,INE103854,MARUTI,100,12964.97,1296497.0,MORGANSTANLEY-BROKER,EQ-INDEX-04,BOOKED,2026-08-17,BUY,12964.97,100,2026-08-16,MORGANSTANLEY-BROKER,RECEIVED,TRAIN
TRD103855,2026-08-15,INFY,INE103855,INFY,750,1883.96,1412970.0,ICICI-CUST,EQ-CORE-02,BOOKED,2026-08-16,BUY,1883.96,800,2026-08-15,ICICI-CUST,RECEIVED,TEST
TRD103856,2026-08-11,HDFCBANK,INE103856,HDFCBANK,250,1677.22,419305.0,NOMURA-BROKER,EQ-ALPHA-03,BOOKED,2026-08-12,SELL,1677.22,250,2026-08-11,MORGANSTANLEY-BROKER,RECEIVED,TEST
TRD103857,2026-08-11,INFY,INE103857,INFY,500,1896.88,948440.0,NOMURA-BROKER,EQ-CORE-02,BOOKED,2026-08-12,SELL,1896.88,500,2026-08-11,NOMURA-BROKER,RECEIVED,TEST
TRD103858,2026-08-05,HDFCBANK,INE103858,HDFCBANK,100,1671.51,167151.0,MORGANSTANLEY-BROKER,EQ-INDEX-04,BOOKED,2026-08-06,SELL,1671.51,100,2026-08-05,MORGANSTANLEY-BROKER,RECEIVED,TRAIN
TRD103859,2026-08-04,INFY,INE103859,INFY,200,1889.22,377844.0,DEUTSCHE-BROKER,EQ-ALPHA-03,BOOKED,2026-08-05,BUY,,,,,MISSING,TRAIN
TRD103860,2026-08-01,AXISBANK,INE103860,AXISBANK,250,1184.14,296035.0,KOTAK-CUST,EQ-CORE-01,BOOKED,2026-08-02,SELL,1198.02,250,2026-08-01,KOTAK-CUST,RECEIVED,TRAIN
TRD103861,2026-08-12,ITC,INE103861,ITC,250,470.8,117700.0,NOMURA-BROKER,EQ-CORE-02,BOOKED,2026-08-13,BUY,,,,,MISSING,TRAIN
TRD103862,2026-08-07,TATASTEEL,INE103862,TATASTEEL,1500,172.25,258375.0,DEUTSCHE-BROKER,EQ-CORE-01,BOOKED,2026-08-08,SELL,172.25,1500,2026-08-07,DEUTSCHE-BROKER,RECEIVED,TRAIN
TRD103863,2026-08-02,HDFCBANK,INE103863,HDFCBANK,250,1680.55,420137.5,HDFC-CUST,EQ-CORE-01,BOOKED,2026-08-03,BUY,1680.55,250,2026-08-02,HDFC-CUST,RECEIVED,TRAIN
TRD103864,2026-08-10,AXISBANK,INE103864,AXISBANK,250,1180.25,295062.5,MORGANSTANLEY-BROKER,EQ-ALPHA-03,BOOKED,2026-08-11,BUY,1180.25,250,2026-08-10,MORGANSTANLEY-BROKER,RECEIVED,TEST
TRD103865,2026-08-04,INFY,INE103865,INFY,250,1881.7,470425.0,NOMURA-BROKER,EQ-CORE-01,BOOKED,2026-08-05,BUY,1881.7,250,2026-08-04,NOMURA-BROKER,RECEIVED,TRAIN
TRD103866,2026-08-07,AXISBANK,INE103866,AXISBANK,500,1181.94,590970.0,KOTAK-CUST,EQ-CORE-02,BOOKED,2026-08-08,SELL,1210.37,500,2026-08-07,KOTAK-CUST,RECEIVED,TEST
TRD103867,2026-08-02,AXISBANK,INE103867,AXISBANK,2000,1175.35,2350700.0,ICICI-CUST,EQ-CORE-01,BOOKED,2026-08-03,BUY,1175.35,2000,2026-08-02,ICICI-CUST,RECEIVED,TRAIN
TRD103868,2026-08-13,INFY,INE103868,INFY,1000,1888.98,1888980.0,HDFC-CUST,EQ-CORE-02,BOOKED,2026-08-14,SELL,1888.98,1000,2026-08-13,HDFC-CUST,RECEIVED,TRAIN
TRD103869,2026-08-03,BHARTIARTL,INE103869,BHARTIARTL,750,1693.78,1270335.0,MORGANSTANLEY-BROKER,EQ-ALPHA-03,BOOKED,2026-08-04,SELL,1693.78,750,2026-08-03,MORGANSTANLEY-BROKER,RECEIVED,TRAIN
TRD103870,2026-08-15,AXISBANK,INE103870,AXISBANK,750,1174.38,880785.0,MORGANSTANLEY-BROKER,EQ-CORE-02,BOOKED,2026-08-16,BUY,1174.38,750,2026-08-15,MORGANSTANLEY-BROKER,RECEIVED,TRAIN
TRD103871,2026-08-12,RELIANCE,INE103871,RELIANCE,750,2858.88,2144160.0,NOMURA-BROKER,EQ-CORE-02,BOOKED,2026-08-13,BUY,2858.88,750,2026-08-12,NOMURA-BROKER,RECEIVED,TRAIN
TRD103872,2026-08-13,WIPRO,INE103872,WIPRO,500,607.8,303900.0,NOMURA-BROKER,EQ-INDEX-04,BOOKED,2026-08-14,SELL,607.8,500,2026-08-13,NOMURA-BROKER,RECEIVED,TRAIN
TRD103873,2026-08-13,TATASTEEL,INE103873,TATASTEEL,200,172.08,34416.0,KOTAK-CUST,EQ-INDEX-04,BOOKED,2026-08-14,SELL,172.08,200,2026-08-13,KOTAK-CUST,RECEIVED,TRAIN
TRD103874,2026-08-04,MARUTI,INE103874,MARUTI,500,12972.72,6486360.0,MORGANSTANLEY-BROKER,EQ-ALPHA-03,BOOKED,2026-08-05,SELL,12972.72,500,2026-08-04,MORGANSTANLEY-BROKER,RECEIVED,TRAIN
TRD103875,2026-08-15,HDFCBANK,INE103875,HDFCBANK,200,1682.24,336448.0,DEUTSCHE-BROKER,EQ-INDEX-04,BOOKED,2026-08-16,SELL,1682.24,200,2026-08-15,DEUTSCHE-BROKER,RECEIVED,TRAIN
TRD103876,2026-08-12,WIPRO,INE103876,WIPRO,1500,609.37,914055.0,HDFC-CUST,EQ-INDEX-04,BOOKED,2026-08-13,SELL,609.37,1500,2026-08-13,HDFC-CUST,RECEIVED,TRAIN
TRD103877,2026-08-19,TCS,INE103877,TCS,250,4101.24,1025310.0,HDFC-CUST,EQ-CORE-01,BOOKED,2026-08-20,SELL,4101.24,250,2026-08-19,HDFC-CUST,RECEIVED,TRAIN
TRD103878,2026-08-03,ITC,INE103878,ITC,100,468.46,46846.0,NOMURA-BROKER,EQ-CORE-01,BOOKED,2026-08-04,BUY,468.46,100,2026-08-04,NOMURA-BROKER,RECEIVED,TRAIN
TRD103879,2026-08-04,INFY,INE103879,INFY,500,1882.16,941080.0,DEUTSCHE-BROKER,EQ-INDEX-04,BOOKED,2026-08-05,SELL,1882.16,500,2026-08-04,DEUTSCHE-BROKER,RECEIVED,TRAIN
TRD103880,2026-08-16,RELIANCE,INE103880,RELIANCE,1500,2854.18,4281270.0,NOMURA-BROKER,EQ-INDEX-04,BOOKED,2026-08-17,BUY,2854.18,1500,2026-08-16,NOMURA-BROKER,RECEIVED,TRAIN
TRD103881,2026-08-07,SBIN,INE103881,SBIN,500,842.52,421260.0,NOMURA-BROKER,EQ-INDEX-04,BOOKED,2026-08-08,BUY,842.52,500,2026-08-07,NOMURA-BROKER,RECEIVED,TRAIN
TRD103882,2026-08-03,LT,INE103882,LT,1000,3683.31,3683310.0,HDFC-CUST,EQ-INDEX-04,BOOKED,2026-08-04,SELL,3683.31,1000,2026-08-03,HDFC-CUST,RECEIVED,TRAIN
TRD103883,2026-08-16,KOTAKBANK,INE103883,KOTAKBANK,1000,1954.02,1954020.0,ICICI-CUST,EQ-CORE-01,BOOKED,2026-08-17,SELL,1954.02,1000,2026-08-16,ICICI-CUST,RECEIVED,TRAIN
TRD103884,2026-08-07,MARUTI,INE103884,MARUTI,250,12993.79,3248447.5,ICICI-CUST,EQ-CORE-01,BOOKED,2026-08-08,BUY,13130.65,325,2026-08-07,ICICI-CUST,RECEIVED,TEST
TRD103885,2026-08-11,WIPRO,INE103885,WIPRO,500,610.07,305035.0,HDFC-CUST,EQ-CORE-02,BOOKED,2026-08-12,BUY,610.07,500,2026-08-11,HDFC-CUST,RECEIVED,TRAIN
TRD103886,2026-08-09,WIPRO,INE103886,WIPRO,200,608.56,121712.0,DEUTSCHE-BROKER,EQ-ALPHA-03,BOOKED,2026-08-10,SELL,608.56,200,2026-08-09,DEUTSCHE-BROKER,RECEIVED,TRAIN
TRD103887,2026-08-16,BHARTIARTL,INE103887,BHARTIARTL,500,1684.09,842045.0,MORGANSTANLEY-BROKER,EQ-ALPHA-03,BOOKED,2026-08-17,BUY,1684.09,500,2026-08-16,MORGANSTANLEY-BROKER,RECEIVED,TRAIN
TRD103888,2026-08-16,ITC,INE103888,ITC,500,470.31,235155.0,DEUTSCHE-BROKER,EQ-ALPHA-03,BOOKED,2026-08-17,BUY,470.31,500,2026-08-16,DEUTSCHE-BROKER,RECEIVED,TRAIN
TRD103889,2026-08-17,TATASTEEL,INE103889,TATASTEEL,1000,173.13,173130.0,HDFC-CUST,EQ-CORE-01,BOOKED,2026-08-18,BUY,175.38,1075,2026-08-17,HDFC-CUST,RECEIVED,TRAIN
TRD103890,2026-08-01,TCS,INE103890,TCS,750,4127.64,3095730.0,DEUTSCHE-BROKER,EQ-ALPHA-03,BOOKED,2026-08-02,BUY,4127.64,750,2026-08-01,DEUTSCHE-BROKER,RECEIVED,TRAIN
TRD103891,2026-08-06,WIPRO,INE103891,WIPRO,1500,609.7,914550.0,DEUTSCHE-BROKER,EQ-INDEX-04,BOOKED,2026-08-07,BUY,609.7,1500,2026-08-06,DEUTSCHE-BROKER,RECEIVED,TRAIN
TRD103892,2026-08-05,MARUTI,INE103892,MARUTI,1000,12923.36,12923360.0,DEUTSCHE-BROKER,EQ-CORE-02,BOOKED,2026-08-06,SELL,12923.36,1000,2026-08-05,DEUTSCHE-BROKER,RECEIVED,TRAIN
TRD103893,2026-08-08,SBIN,INE103893,SBIN,1000,843.24,843240.0,DEUTSCHE-BROKER,EQ-ALPHA-03,BOOKED,2026-08-09,SELL,843.24,1000,2026-08-08,DEUTSCHE-BROKER,RECEIVED,TRAIN
TRD103894,2026-08-14,SBIN,INE103894,SBIN,1500,846.56,1269840.0,KOTAK-CUST,EQ-INDEX-04,BOOKED,2026-08-15,SELL,846.56,1500,2026-08-14,KOTAK-CUST,RECEIVED,TRAIN
TRD103895,2026-08-09,AXISBANK,INE103895,AXISBANK,1500,1176.23,1764345.0,MORGANSTANLEY-BROKER,EQ-ALPHA-03,BOOKED,2026-08-10,SELL,1176.23,1500,2026-08-09,MORGANSTANLEY-BROKER,RECEIVED,TRAIN
TRD103896,2026-08-14,MARUTI,INE103896,MARUTI,200,12917.91,2583582.0,NOMURA-BROKER,EQ-CORE-02,BOOKED,2026-08-15,SELL,12917.91,200,2026-08-14,NOMURA-BROKER,RECEIVED,TRAIN
TRD103897,2026-08-19,RELIANCE,INE103897,RELIANCE,1500,2852.74,4279110.0,DEUTSCHE-BROKER,EQ-ALPHA-03,BOOKED,2026-08-20,SELL,2852.74,1500,2026-08-19,DEUTSCHE-BROKER,RECEIVED,TRAIN
TRD103898,2026-08-05,LT,INE103898,LT,1000,3693.35,3693350.0,NOMURA-BROKER,EQ-CORE-01,BOOKED,2026-08-06,SELL,3693.35,1000,2026-08-05,NOMURA-BROKER,RECEIVED,TRAIN
TRD103899,2026-08-14,HINDUNILVR,INE103899,HINDUNILVR,250,2752.48,688120.0,NOMURA-BROKER,EQ-INDEX-04,BOOKED,2026-08-15,BUY,2752.48,250,2026-08-14,NOMURA-BROKER,RECEIVED,TRAIN
TRD103900,2026-08-01,AXISBANK,INE103900,AXISBANK,500,1183.08,591540.0,MORGANSTANLEY-BROKER,EQ-INDEX-04,BOOKED,2026-08-02,BUY,1183.08,500,2026-08-01,MORGANSTANLEY-BROKER,RECEIVED,TRAIN
TRD103901,2026-08-03,ICICIBANK,INE103901,ICICIBANK,750,1245.35,934012.5,HDFC-CUST,EQ-CORE-01,BOOKED,2026-08-04,SELL,1245.35,750,2026-08-03,MORGANSTANLEY-BROKER,RECEIVED,TRAIN
TRD103902,2026-08-06,BHARTIARTL,INE103902,BHARTIARTL,1000,1697.18,1697180.0,HDFC-CUST,EQ-CORE-02,BOOKED,2026-08-07,SELL,1697.18,1000,2026-08-06,HDFC-CUST,RECEIVED,TRAIN
TRD103903,2026-08-01,TATASTEEL,INE103903,TATASTEEL,2000,172.38,344760.0,KOTAK-CUST,EQ-ALPHA-03,BOOKED,2026-08-02,SELL,172.38,2000,2026-08-01,KOTAK-CUST,RECEIVED,TRAIN
TRD103904,2026-08-05,WIPRO,INE103904,WIPRO,2000,612.53,1225060.0,KOTAK-CUST,EQ-CORE-01,BOOKED,2026-08-06,SELL,612.53,2000,2026-08-05,KOTAK-CUST,RECEIVED,TRAIN
TRD103905,2026-08-07,WIPRO,INE103905,WIPRO,100,610.1,61010.0,HDFC-CUST,EQ-CORE-02,BOOKED,2026-08-08,BUY,610.1,100,2026-08-07,HDFC-CUST,RECEIVED,TRAIN
TRD103906,2026-08-05,ICICIBANK,INE103906,ICICIBANK,2000,1241.49,2482980.0,HDFC-CUST,EQ-CORE-02,BOOKED,2026-08-06,SELL,1241.49,2000,2026-08-05,HDFC-CUST,RECEIVED,TRAIN
TRD103907,2026-08-19,KOTAKBANK,INE103907,KOTAKBANK,250,1959.48,489870.0,NOMURA-BROKER,EQ-ALPHA-03,BOOKED,2026-08-20,SELL,1959.48,250,2026-08-19,NOMURA-BROKER,RECEIVED,TEST
TRD103908,2026-08-15,TCS,INE103908,TCS,1500,4120.27,6180405.0,ICICI-CUST,EQ-INDEX-04,BOOKED,2026-08-16,BUY,4120.27,1500,2026-08-15,ICICI-CUST,RECEIVED,TRAIN
TRD103909,2026-08-17,BHARTIARTL,INE103909,BHARTIARTL,500,1693.29,846645.0,DEUTSCHE-BROKER,EQ-CORE-02,BOOKED,2026-08-18,BUY,1693.29,500,2026-08-17,DEUTSCHE-BROKER,RECEIVED,TRAIN
TRD103910,2026-08-05,TCS,INE103910,TCS,200,4140.88,828176.0,ICICI-CUST,EQ-CORE-01,BOOKED,2026-08-06,SELL,4140.88,200,2026-08-05,ICICI-CUST,RECEIVED,TRAIN
TRD103911,2026-08-09,LT,INE103911,LT,750,3666.4,2749800.0,MORGANSTANLEY-BROKER,EQ-CORE-02,BOOKED,2026-08-10,BUY,3666.4,750,2026-08-09,MORGANSTANLEY-BROKER,RECEIVED,TEST
TRD103912,2026-08-15,HINDUNILVR,INE103912,HINDUNILVR,500,2743.48,1371740.0,NOMURA-BROKER,EQ-INDEX-04,BOOKED,2026-08-16,BUY,2743.48,500,2026-08-15,NOMURA-BROKER,RECEIVED,TRAIN
TRD103913,2026-08-18,HINDUNILVR,INE103913,HINDUNILVR,250,2757.64,689410.0,MORGANSTANLEY-BROKER,EQ-INDEX-04,BOOKED,2026-08-19,SELL,2757.64,250,2026-08-18,MORGANSTANLEY-BROKER,RECEIVED,TRAIN
TRD103914,2026-08-13,WIPRO,INE103914,WIPRO,200,611.55,122310.0,ICICI-CUST,EQ-ALPHA-03,BOOKED,2026-08-14,SELL,611.55,200,2026-08-13,ICICI-CUST,RECEIVED,TRAIN
TRD103915,2026-08-20,AXISBANK,INE103915,AXISBANK,750,1184.86,888645.0,HDFC-CUST,EQ-CORE-01,BOOKED,2026-08-21,SELL,1184.86,750,2026-08-20,HDFC-CUST,RECEIVED,TRAIN
TRD103916,2026-08-02,TATASTEEL,INE103916,TATASTEEL,1500,172.07,258105.0,ICICI-CUST,EQ-CORE-02,BOOKED,2026-08-03,BUY,172.07,1500,2026-08-02,ICICI-CUST,RECEIVED,TRAIN
TRD103917,2026-08-03,ICICIBANK,INE103917,ICICIBANK,1000,1244.07,1244070.0,MORGANSTANLEY-BROKER,EQ-CORE-02,BOOKED,2026-08-04,SELL,1244.07,1000,2026-08-03,MORGANSTANLEY-BROKER,RECEIVED,TEST
TRD103918,2026-08-11,RELIANCE,INE103918,RELIANCE,100,2838.46,283846.0,KOTAK-CUST,EQ-INDEX-04,BOOKED,2026-08-12,BUY,2838.46,100,2026-08-11,KOTAK-CUST,RECEIVED,TRAIN
TRD103919,2026-08-17,ITC,INE103919,ITC,1000,470.25,470250.0,NOMURA-BROKER,EQ-CORE-01,BOOKED,2026-08-18,BUY,470.25,1000,2026-08-17,NOMURA-BROKER,RECEIVED,TEST
TRD103920,2026-08-21,HDFCBANK,INE103920,HDFCBANK,100,1671.61,167161.0,ICICI-CUST,EQ-CORE-01,BOOKED,2026-08-22,SELL,1671.61,100,2026-08-21,ICICI-CUST,RECEIVED,TRAIN
TRD103921,2026-08-12,RELIANCE,INE103921,RELIANCE,750,2843.15,2132362.5,DEUTSCHE-BROKER,EQ-INDEX-04,BOOKED,2026-08-13,SELL,2843.15,750,2026-08-12,DEUTSCHE-BROKER,RECEIVED,TRAIN
TRD103922,2026-08-07,TCS,INE103922,TCS,500,4134.5,2067250.0,MORGANSTANLEY-BROKER,EQ-CORE-01,BOOKED,2026-08-08,SELL,4134.5,500,2026-08-07,MORGANSTANLEY-BROKER,RECEIVED,TRAIN
TRD103923,2026-08-15,LT,INE103923,LT,500,3679.32,1839660.0,KOTAK-CUST,EQ-ALPHA-03,BOOKED,2026-08-16,BUY,3679.32,500,2026-08-15,KOTAK-CUST,RECEIVED,TRAIN
TRD103924,2026-08-01,HDFCBANK,INE103924,HDFCBANK,100,1677.29,167729.0,ICICI-CUST,EQ-INDEX-04,BOOKED,2026-08-02,SELL,1677.29,100,2026-08-01,ICICI-CUST,RECEIVED,TRAIN
TRD103925,2026-08-16,BHARTIARTL,INE103925,BHARTIARTL,750,1689.51,1267132.5,DEUTSCHE-BROKER,EQ-ALPHA-03,BOOKED,2026-08-17,BUY,1689.51,750,2026-08-16,DEUTSCHE-BROKER,RECEIVED,TEST
TRD103926,2026-08-15,TCS,INE103926,TCS,100,4106.52,410652.0,NOMURA-BROKER,EQ-CORE-01,BOOKED,2026-08-16,SELL,4106.52,100,2026-08-15,NOMURA-BROKER,RECEIVED,TRAIN
TRD103927,2026-08-04,TATASTEEL,INE103927,TATASTEEL,500,172.42,86210.0,DEUTSCHE-BROKER,EQ-CORE-01,BOOKED,2026-08-05,BUY,172.42,500,2026-08-04,DEUTSCHE-BROKER,RECEIVED,TEST
TRD103928,2026-08-17,SBIN,INE103928,SBIN,1500,844.96,1267440.0,DEUTSCHE-BROKER,EQ-CORE-01,BOOKED,2026-08-18,BUY,831.21,1500,2026-08-17,DEUTSCHE-BROKER,RECEIVED,TRAIN
TRD103929,2026-08-13,AXISBANK,INE103929,AXISBANK,2000,1184.1,2368200.0,DEUTSCHE-BROKER,EQ-ALPHA-03,BOOKED,2026-08-14,BUY,1184.1,2000,2026-08-13,DEUTSCHE-BROKER,RECEIVED,TRAIN
TRD103930,2026-08-03,KOTAKBANK,INE103930,KOTAKBANK,500,1949.05,974525.0,DEUTSCHE-BROKER,EQ-CORE-01,BOOKED,2026-08-04,SELL,1949.05,500,2026-08-03,DEUTSCHE-BROKER,RECEIVED,TRAIN
TRD103931,2026-08-18,MARUTI,INE103931,MARUTI,100,12958.3,1295830.0,HDFC-CUST,EQ-ALPHA-03,BOOKED,2026-08-19,BUY,12958.3,100,2026-08-18,HDFC-CUST,RECEIVED,TRAIN
TRD103932,2026-08-03,ICICIBANK,INE103932,ICICIBANK,1000,1242.58,1242580.0,MORGANSTANLEY-BROKER,EQ-ALPHA-03,BOOKED,2026-08-04,SELL,1242.58,1000,2026-08-03,MORGANSTANLEY-BROKER,RECEIVED,TRAIN
TRD103933,2026-08-18,SBIN,INE103933,SBIN,2000,847.34,1694680.0,KOTAK-CUST,EQ-CORE-02,BOOKED,2026-08-19,SELL,847.34,2000,2026-08-18,KOTAK-CUST,RECEIVED,TRAIN
TRD103934,2026-08-19,HDFCBANK,INE103934,HDFCBANK,500,1676.52,838260.0,MORGANSTANLEY-BROKER,EQ-CORE-02,BOOKED,2026-08-20,SELL,1676.52,500,2026-08-19,MORGANSTANLEY-BROKER,RECEIVED,TRAIN
TRD103935,2026-08-05,INFY,INE103935,INFY,1500,1888.41,2832615.0,ICICI-CUST,EQ-INDEX-04,BOOKED,2026-08-06,SELL,1888.41,1500,2026-08-05,ICICI-CUST,RECEIVED,TRAIN
TRD103936,2026-08-11,SBIN,INE103936,SBIN,100,841.93,84193.0,MORGANSTANLEY-BROKER,EQ-ALPHA-03,BOOKED,2026-08-12,SELL,841.93,100,2026-08-11,MORGANSTANLEY-BROKER,RECEIVED,TRAIN
TRD103937,2026-08-07,BHARTIARTL,INE103937,BHARTIARTL,2000,1692.17,3384340.0,ICICI-CUST,EQ-CORE-02,BOOKED,2026-08-08,BUY,1692.17,2000,2026-08-07,ICICI-CUST,RECEIVED,TRAIN
TRD103938,2026-08-15,INFY,INE103938,INFY,1000,1884.71,1884710.0,HDFC-CUST,EQ-INDEX-04,BOOKED,2026-08-16,SELL,,,,,MISSING,TRAIN
TRD103939,2026-08-03,BHARTIARTL,INE103939,BHARTIARTL,500,1686.26,843130.0,NOMURA-BROKER,EQ-ALPHA-03,BOOKED,2026-08-04,BUY,1686.26,500,2026-08-03,NOMURA-BROKER,RECEIVED,TRAIN
TRD103940,2026-08-17,INFY,INE103940,INFY,1000,1883.23,1883230.0,KOTAK-CUST,EQ-ALPHA-03,BOOKED,2026-08-18,SELL,1883.23,1000,2026-08-17,KOTAK-CUST,RECEIVED,TRAIN
TRD103941,2026-08-18,TCS,INE103941,TCS,500,4100.33,2050165.0,DEUTSCHE-BROKER,EQ-CORE-02,BOOKED,2026-08-19,BUY,4100.33,500,2026-08-18,DEUTSCHE-BROKER,RECEIVED,TRAIN
TRD103942,2026-08-01,LT,INE103942,LT,2000,3666.35,7332700.0,NOMURA-BROKER,EQ-INDEX-04,BOOKED,2026-08-02,BUY,3666.35,2000,2026-08-01,NOMURA-BROKER,RECEIVED,TRAIN
TRD103943,2026-08-16,LT,INE103943,LT,250,3696.72,924180.0,DEUTSCHE-BROKER,EQ-INDEX-04,BOOKED,2026-08-17,BUY,3696.72,250,2026-08-16,KOTAK-CUST,RECEIVED,TRAIN
TRD103944,2026-08-05,TCS,INE103944,TCS,750,4105.92,3079440.0,NOMURA-BROKER,EQ-INDEX-04,BOOKED,2026-08-06,SELL,4105.92,750,2026-08-05,NOMURA-BROKER,RECEIVED,TRAIN
TRD103945,2026-08-02,HDFCBANK,INE103945,HDFCBANK,100,1679.89,167989.0,ICICI-CUST,EQ-INDEX-04,BOOKED,2026-08-03,BUY,1679.89,100,2026-08-02,ICICI-CUST,RECEIVED,TRAIN
TRD103946,2026-08-05,INFY,INE103946,INFY,200,1881.76,376352.0,NOMURA-BROKER,EQ-ALPHA-03,BOOKED,2026-08-06,BUY,1881.76,200,2026-08-05,NOMURA-BROKER,RECEIVED,TRAIN
TRD103947,2026-08-16,HDFCBANK,INE103947,HDFCBANK,750,1678.13,1258597.5,HDFC-CUST,EQ-CORE-01,BOOKED,2026-08-17,SELL,1678.13,750,2026-08-16,HDFC-CUST,RECEIVED,TRAIN
TRD103948,2026-08-15,WIPRO,INE103948,WIPRO,2000,612.48,1224960.0,DEUTSCHE-BROKER,EQ-CORE-01,BOOKED,2026-08-16,SELL,612.48,2000,2026-08-15,DEUTSCHE-BROKER,RECEIVED,TEST
TRD103949,2026-08-19,TATASTEEL,INE103949,TATASTEEL,200,172.76,34552.0,NOMURA-BROKER,EQ-INDEX-04,BOOKED,2026-08-20,BUY,172.76,200,2026-08-19,NOMURA-BROKER,RECEIVED,TRAIN
TRD103950,2026-08-14,BHARTIARTL,INE103950,BHARTIARTL,1000,1693.95,1693950.0,KOTAK-CUST,EQ-INDEX-04,BOOKED,2026-08-15,SELL,,,,,MISSING,TEST
TRD103951,2026-08-02,HINDUNILVR,INE103951,HINDUNILVR,2000,2743.04,5486080.0,MORGANSTANLEY-BROKER,EQ-INDEX-04,BOOKED,2026-08-03,BUY,2743.04,2000,2026-08-02,MORGANSTANLEY-BROKER,RECEIVED,TEST
TRD103952,2026-08-01,HDFCBANK,INE103952,HDFCBANK,750,1679.87,1259902.5,ICICI-CUST,EQ-ALPHA-03,BOOKED,2026-08-02,BUY,1679.87,750,2026-08-02,ICICI-CUST,RECEIVED,TRAIN
TRD103953,2026-08-13,INFY,INE103953,INFY,750,1898.71,1424032.5,NOMURA-BROKER,EQ-ALPHA-03,BOOKED,2026-08-14,BUY,1898.71,750,2026-08-13,NOMURA-BROKER,RECEIVED,TRAIN
TRD103954,2026-08-06,HINDUNILVR,INE103954,HINDUNILVR,2000,2749.01,5498020.0,HDFC-CUST,EQ-CORE-01,BOOKED,2026-08-07,BUY,2749.01,2000,2026-08-06,HDFC-CUST,RECEIVED,TRAIN
TRD103955,2026-08-20,HINDUNILVR,INE103955,HINDUNILVR,750,2738.57,2053927.5,NOMURA-BROKER,EQ-CORE-01,BOOKED,2026-08-21,SELL,2738.57,750,2026-08-20,NOMURA-BROKER,RECEIVED,TRAIN
TRD103956,2026-08-16,RELIANCE,INE103956,RELIANCE,1000,2856.01,2856010.0,NOMURA-BROKER,EQ-CORE-02,BOOKED,2026-08-17,SELL,2856.01,1000,2026-08-16,NOMURA-BROKER,RECEIVED,TRAIN
TRD103957,2026-08-21,RELIANCE,INE103957,RELIANCE,200,2845.78,569156.0,MORGANSTANLEY-BROKER,EQ-CORE-01,BOOKED,2026-08-22,BUY,2845.78,200,2026-08-21,MORGANSTANLEY-BROKER,RECEIVED,TRAIN
TRD103958,2026-08-04,TATASTEEL,INE103958,TATASTEEL,1000,171.65,171650.0,ICICI-CUST,EQ-CORE-01,BOOKED,2026-08-05,SELL,171.65,1000,2026-08-04,ICICI-CUST,RECEIVED,TRAIN
TRD103959,2026-08-01,WIPRO,INE103959,WIPRO,250,609.86,152465.0,MORGANSTANLEY-BROKER,EQ-CORE-01,BOOKED,2026-08-02,BUY,609.86,250,2026-08-01,MORGANSTANLEY-BROKER,RECEIVED,TRAIN
TRD103960,2026-08-07,BHARTIARTL,INE103960,BHARTIARTL,1000,1691.42,1691420.0,NOMURA-BROKER,EQ-ALPHA-03,BOOKED,2026-08-08,SELL,,,,,MISSING,TEST
TRD103961,2026-08-18,TATASTEEL,INE103961,TATASTEEL,1000,172.62,172620.0,HDFC-CUST,EQ-CORE-02,BOOKED,2026-08-19,SELL,172.62,1000,2026-08-18,HDFC-CUST,RECEIVED,TRAIN
TRD103962,2026-08-03,ICICIBANK,INE103962,ICICIBANK,500,1239.04,619520.0,MORGANSTANLEY-BROKER,EQ-CORE-02,BOOKED,2026-08-04,BUY,1239.04,500,2026-08-03,MORGANSTANLEY-BROKER,RECEIVED,TRAIN
TRD103963,2026-08-03,ICICIBANK,INE103963,ICICIBANK,1500,1240.45,1860675.0,KOTAK-CUST,EQ-INDEX-04,BOOKED,2026-08-04,BUY,,,,,MISSING,TEST
TRD103964,2026-08-13,TATASTEEL,INE103964,TATASTEEL,1500,173.29,259935.0,KOTAK-CUST,EQ-CORE-02,BOOKED,2026-08-14,BUY,173.29,1500,2026-08-13,KOTAK-CUST,RECEIVED,TRAIN
TRD103965,2026-08-16,RELIANCE,INE103965,RELIANCE,500,2838.86,1419430.0,NOMURA-BROKER,EQ-CORE-02,BOOKED,2026-08-17,SELL,2838.86,500,2026-08-16,NOMURA-BROKER,RECEIVED,TRAIN
TRD103966,2026-08-17,BHARTIARTL,INE103966,BHARTIARTL,1000,1684.42,1684420.0,HDFC-CUST,EQ-ALPHA-03,BOOKED,2026-08-18,SELL,1684.42,1000,2026-08-17,HDFC-CUST,RECEIVED,TEST
TRD103967,2026-08-19,LT,INE103967,LT,1000,3671.46,3671460.0,HDFC-CUST,EQ-INDEX-04,BOOKED,2026-08-20,BUY,3671.46,950,2026-08-19,HDFC-CUST,RECEIVED,TRAIN
TRD103968,2026-08-02,ICICIBANK,INE103968,ICICIBANK,100,1235.08,123508.0,NOMURA-BROKER,EQ-CORE-02,BOOKED,2026-08-03,BUY,1235.08,100,2026-08-02,NOMURA-BROKER,RECEIVED,TRAIN
TRD103969,2026-08-03,LT,INE103969,LT,1500,3686.19,5529285.0,KOTAK-CUST,EQ-INDEX-04,BOOKED,2026-08-04,BUY,3686.19,1500,2026-08-03,KOTAK-CUST,RECEIVED,TRAIN
TRD103970,2026-08-18,SBIN,INE103970,SBIN,200,846.35,169270.0,KOTAK-CUST,EQ-ALPHA-03,BOOKED,2026-08-19,BUY,846.35,200,2026-08-18,KOTAK-CUST,RECEIVED,TEST
TRD103971,2026-08-04,MARUTI,INE103971,MARUTI,250,12979.42,3244855.0,DEUTSCHE-BROKER,EQ-CORE-02,BOOKED,2026-08-05,BUY,12979.42,250,2026-08-04,DEUTSCHE-BROKER,RECEIVED,TRAIN
TRD103972,2026-08-11,TATASTEEL,INE103972,TATASTEEL,500,173.29,86645.0,DEUTSCHE-BROKER,EQ-CORE-02,BOOKED,2026-08-12,SELL,173.29,500,2026-08-12,DEUTSCHE-BROKER,RECEIVED,TRAIN
TRD103973,2026-08-03,AXISBANK,INE103973,AXISBANK,500,1183.93,591965.0,ICICI-CUST,EQ-CORE-01,BOOKED,2026-08-04,BUY,1183.93,500,2026-08-03,ICICI-CUST,RECEIVED,TRAIN
TRD103974,2026-08-20,AXISBANK,INE103974,AXISBANK,100,1180.56,118056.0,MORGANSTANLEY-BROKER,EQ-CORE-02,BOOKED,2026-08-21,BUY,1180.56,100,2026-08-20,MORGANSTANLEY-BROKER,RECEIVED,TEST
TRD103975,2026-08-01,LT,INE103975,LT,2000,3680.92,7361840.0,KOTAK-CUST,EQ-CORE-01,BOOKED,2026-08-02,BUY,3680.92,2000,2026-08-01,KOTAK-CUST,RECEIVED,TEST
TRD103976,2026-08-09,LT,INE103976,LT,500,3674.11,1837055.0,ICICI-CUST,EQ-ALPHA-03,BOOKED,2026-08-10,BUY,3674.11,500,2026-08-09,ICICI-CUST,RECEIVED,TRAIN
TRD103977,2026-08-08,AXISBANK,INE103977,AXISBANK,100,1181.69,118169.0,ICICI-CUST,EQ-ALPHA-03,BOOKED,2026-08-09,BUY,1181.69,100,2026-08-08,ICICI-CUST,RECEIVED,TRAIN
TRD103978,2026-08-03,KOTAKBANK,INE103978,KOTAKBANK,2000,1954.08,3908160.0,HDFC-CUST,EQ-INDEX-04,BOOKED,2026-08-04,SELL,1954.08,2000,2026-08-03,HDFC-CUST,RECEIVED,TRAIN
TRD103979,2026-08-03,INFY,INE103979,INFY,100,1890.52,189052.0,HDFC-CUST,EQ-CORE-02,BOOKED,2026-08-04,SELL,1890.52,100,2026-08-03,HDFC-CUST,RECEIVED,TRAIN
TRD103980,2026-08-19,LT,INE103980,LT,200,3674.59,734918.0,KOTAK-CUST,EQ-INDEX-04,BOOKED,2026-08-20,SELL,3674.59,200,2026-08-19,KOTAK-CUST,RECEIVED,TRAIN
TRD103981,2026-08-12,HINDUNILVR,INE103981,HINDUNILVR,2000,2755.12,5510240.0,NOMURA-BROKER,EQ-CORE-02,BOOKED,2026-08-13,BUY,2755.12,2000,2026-08-12,NOMURA-BROKER,RECEIVED,TRAIN
TRD103982,2026-08-12,MARUTI,INE103982,MARUTI,200,12919.82,2583964.0,NOMURA-BROKER,EQ-CORE-02,BOOKED,2026-08-13,BUY,12919.82,200,2026-08-12,NOMURA-BROKER,RECEIVED,TRAIN
TRD103983,2026-08-07,RELIANCE,INE103983,RELIANCE,1500,2850.42,4275630.0,MORGANSTANLEY-BROKER,EQ-INDEX-04,BOOKED,2026-08-08,SELL,2850.42,1500,2026-08-07,MORGANSTANLEY-BROKER,RECEIVED,TRAIN
TRD103984,2026-08-04,INFY,INE103984,INFY,200,1891.39,378278.0,NOMURA-BROKER,EQ-ALPHA-03,BOOKED,2026-08-05,BUY,1891.39,200,2026-08-04,NOMURA-BROKER,RECEIVED,TRAIN
TRD103985,2026-08-16,KOTAKBANK,INE103985,KOTAKBANK,1500,1957.78,2936670.0,DEUTSCHE-BROKER,EQ-ALPHA-03,BOOKED,2026-08-17,BUY,1957.78,1500,2026-08-17,DEUTSCHE-BROKER,RECEIVED,TRAIN
TRD103986,2026-08-16,HINDUNILVR,INE103986,HINDUNILVR,200,2743.01,548602.0,DEUTSCHE-BROKER,EQ-INDEX-04,BOOKED,2026-08-17,BUY,2743.01,200,2026-08-16,DEUTSCHE-BROKER,RECEIVED,TRAIN
TRD103987,2026-08-05,LT,INE103987,LT,2000,3679.37,7358740.0,NOMURA-BROKER,EQ-CORE-02,BOOKED,2026-08-06,SELL,3679.37,2000,2026-08-05,NOMURA-BROKER,RECEIVED,TRAIN
TRD103988,2026-08-17,TATASTEEL,INE103988,TATASTEEL,500,172.33,86165.0,NOMURA-BROKER,EQ-ALPHA-03,BOOKED,2026-08-18,BUY,172.33,500,2026-08-17,NOMURA-BROKER,RECEIVED,TRAIN
TRD103989,2026-08-21,TCS,INE103989,TCS,1500,4136.37,6204555.0,HDFC-CUST,EQ-INDEX-04,BOOKED,2026-08-22,SELL,4136.37,1500,2026-08-21,MORGANSTANLEY-BROKER,RECEIVED,TRAIN
TRD103990,2026-08-14,INFY,INE103990,INFY,250,1884.33,471082.5,DEUTSCHE-BROKER,EQ-INDEX-04,BOOKED,2026-08-15,BUY,1884.33,250,2026-08-14,DEUTSCHE-BROKER,RECEIVED,TRAIN
TRD103991,2026-08-13,AXISBANK,INE103991,AXISBANK,500,1179.63,589815.0,ICICI-CUST,EQ-INDEX-04,BOOKED,2026-08-14,SELL,1179.63,500,2026-08-13,ICICI-CUST,RECEIVED,TEST
TRD103992,2026-08-21,INFY,INE103992,INFY,250,1891.25,472812.5,MORGANSTANLEY-BROKER,EQ-CORE-01,BOOKED,2026-08-22,SELL,1851.65,250,2026-08-21,MORGANSTANLEY-BROKER,RECEIVED,TRAIN
TRD103993,2026-08-19,ICICIBANK,INE103993,ICICIBANK,500,1244.63,622315.0,MORGANSTANLEY-BROKER,EQ-CORE-01,BOOKED,2026-08-20,BUY,1244.63,500,2026-08-19,MORGANSTANLEY-BROKER,RECEIVED,TRAIN
TRD103994,2026-08-16,SBIN,INE103994,SBIN,1000,846.64,846640.0,DEUTSCHE-BROKER,EQ-CORE-02,BOOKED,2026-08-17,SELL,846.64,1000,2026-08-16,DEUTSCHE-BROKER,RECEIVED,TRAIN
TRD103995,2026-08-01,SBIN,INE103995,SBIN,2000,844.59,1689180.0,MORGANSTANLEY-BROKER,EQ-CORE-02,BOOKED,2026-08-02,SELL,844.59,2000,2026-08-01,MORGANSTANLEY-BROKER,RECEIVED,TRAIN
TRD103996,2026-08-03,WIPRO,INE103996,WIPRO,100,609.23,60923.0,NOMURA-BROKER,EQ-ALPHA-03,BOOKED,2026-08-04,BUY,609.23,100,2026-08-03,NOMURA-BROKER,RECEIVED,TRAIN
TRD103997,2026-08-13,HINDUNILVR,INE103997,HINDUNILVR,2000,2734.87,5469740.0,KOTAK-CUST,EQ-INDEX-04,BOOKED,2026-08-14,BUY,2734.87,2000,2026-08-13,KOTAK-CUST,RECEIVED,TRAIN
TRD103998,2026-08-05,AXISBANK,INE103998,AXISBANK,200,1185.6,237120.0,MORGANSTANLEY-BROKER,EQ-ALPHA-03,BOOKED,2026-08-06,SELL,1185.6,200,2026-08-05,MORGANSTANLEY-BROKER,RECEIVED,TRAIN
TRD103999,2026-08-15,SBIN,INE103999,SBIN,200,845.89,169178.0,ICICI-CUST,EQ-CORE-01,BOOKED,2026-08-16,SELL,845.89,200,2026-08-15,ICICI-CUST,RECEIVED,TEST
TRD104000,2026-08-21,LT,INE104000,LT,1500,3663.2,5494800.0,KOTAK-CUST,EQ-CORE-01,BOOKED,2026-08-22,BUY,3663.2,1500,2026-08-21,KOTAK-CUST,RECEIVED,TEST
TRD104001,2026-08-20,WIPRO,INE104001,WIPRO,250,608.9,152225.0,NOMURA-BROKER,EQ-CORE-02,BOOKED,2026-08-21,SELL,,,,,MISSING,TRAIN
TRD104002,2026-08-15,LT,INE104002,LT,2000,3674.61,7349220.0,ICICI-CUST,EQ-CORE-02,BOOKED,2026-08-16,BUY,3674.61,2000,2026-08-15,ICICI-CUST,RECEIVED,TRAIN
TRD104003,2026-08-01,HINDUNILVR,INE104003,HINDUNILVR,250,2748.06,687015.0,ICICI-CUST,EQ-CORE-01,BOOKED,2026-08-02,BUY,2748.06,250,2026-08-01,MORGANSTANLEY-BROKER,RECEIVED,TRAIN
TRD104004,2026-08-17,SBIN,INE104004,SBIN,100,841.91,84191.0,DEUTSCHE-BROKER,EQ-CORE-01,BOOKED,2026-08-18,SELL,841.91,100,2026-08-17,DEUTSCHE-BROKER,RECEIVED,TRAIN
TRD104005,2026-08-01,ICICIBANK,INE104005,ICICIBANK,250,1241.69,310422.5,DEUTSCHE-BROKER,EQ-ALPHA-03,BOOKED,2026-08-02,BUY,1241.69,250,2026-08-01,DEUTSCHE-BROKER,RECEIVED,TRAIN
TRD104006,2026-08-07,INFY,INE104006,INFY,250,1885.14,471285.0,DEUTSCHE-BROKER,EQ-CORE-02,BOOKED,2026-08-08,BUY,1885.14,250,2026-08-07,DEUTSCHE-BROKER,RECEIVED,TEST
TRD104007,2026-08-02,KOTAKBANK,INE104007,KOTAKBANK,100,1953.44,195344.0,ICICI-CUST,EQ-INDEX-04,BOOKED,2026-08-03,BUY,1991.97,100,2026-08-02,ICICI-CUST,RECEIVED,TRAIN
TRD104008,2026-08-06,RELIANCE,INE104008,RELIANCE,250,2859.4,714850.0,DEUTSCHE-BROKER,EQ-INDEX-04,BOOKED,2026-08-07,BUY,2859.4,250,2026-08-06,DEUTSCHE-BROKER,RECEIVED,TRAIN
TRD104009,2026-08-16,ICICIBANK,INE104009,ICICIBANK,2000,1239.11,2478220.0,NOMURA-BROKER,EQ-ALPHA-03,BOOKED,2026-08-17,BUY,,,,,MISSING,TRAIN
TRD104010,2026-08-03,WIPRO,INE104010,WIPRO,1000,610.32,610320.0,NOMURA-BROKER,EQ-ALPHA-03,BOOKED,2026-08-04,SELL,616.6,1075,2026-08-03,NOMURA-BROKER,RECEIVED,TRAIN
TRD104011,2026-08-16,BHARTIARTL,INE104011,BHARTIARTL,1000,1697.18,1697180.0,KOTAK-CUST,EQ-CORE-01,BOOKED,2026-08-17,SELL,1697.18,1000,2026-08-16,KOTAK-CUST,RECEIVED,TRAIN
TRD104012,2026-08-12,LT,INE104012,LT,2000,3690.79,7381580.0,NOMURA-BROKER,EQ-ALPHA-03,BOOKED,2026-08-13,SELL,3690.79,2000,2026-08-12,NOMURA-BROKER,RECEIVED,TRAIN
TRD104013,2026-08-03,SBIN,INE104013,SBIN,500,843.52,421760.0,KOTAK-CUST,EQ-INDEX-04,BOOKED,2026-08-04,SELL,843.52,500,2026-08-03,KOTAK-CUST,RECEIVED,TEST
TRD104014,2026-08-17,TATASTEEL,INE104014,TATASTEEL,1500,172.2,258300.0,HDFC-CUST,EQ-ALPHA-03,BOOKED,2026-08-18,BUY,172.2,1500,2026-08-17,HDFC-CUST,RECEIVED,TRAIN
TRD104015,2026-08-08,HINDUNILVR,INE104015,HINDUNILVR,750,2747.29,2060467.5,NOMURA-BROKER,EQ-ALPHA-03,BOOKED,2026-08-09,SELL,2747.29,750,2026-08-08,NOMURA-BROKER,RECEIVED,TRAIN
TRD104016,2026-08-16,KOTAKBANK,INE104016,KOTAKBANK,250,1962.64,490660.0,HDFC-CUST,EQ-INDEX-04,BOOKED,2026-08-17,SELL,1962.64,250,2026-08-16,HDFC-CUST,RECEIVED,TRAIN
TRD104017,2026-08-08,MARUTI,INE104017,MARUTI,750,12982.28,9736710.0,HDFC-CUST,EQ-CORE-01,BOOKED,2026-08-09,SELL,12982.28,750,2026-08-08,HDFC-CUST,RECEIVED,TRAIN
TRD104018,2026-08-01,ITC,INE104018,ITC,1000,469.01,469010.0,MORGANSTANLEY-BROKER,EQ-ALPHA-03,BOOKED,2026-08-02,BUY,469.01,1000,2026-08-01,MORGANSTANLEY-BROKER,RECEIVED,TRAIN
TRD104019,2026-08-20,INFY,INE104019,INFY,1500,1895.43,2843145.0,MORGANSTANLEY-BROKER,EQ-CORE-02,BOOKED,2026-08-21,SELL,1895.43,1500,2026-08-20,MORGANSTANLEY-BROKER,RECEIVED,TRAIN
TRD104020,2026-08-14,ICICIBANK,INE104020,ICICIBANK,500,1245.41,622705.0,MORGANSTANLEY-BROKER,EQ-ALPHA-03,BOOKED,2026-08-15,BUY,1245.41,500,2026-08-14,MORGANSTANLEY-BROKER,RECEIVED,TRAIN
TRD104021,2026-08-10,SBIN,INE104021,SBIN,100,847.83,84783.0,KOTAK-CUST,EQ-CORE-01,BOOKED,2026-08-11,SELL,847.83,100,2026-08-10,KOTAK-CUST,RECEIVED,TRAIN
TRD104022,2026-08-18,WIPRO,INE104022,WIPRO,100,610.94,61094.0,KOTAK-CUST,EQ-INDEX-04,BOOKED,2026-08-19,SELL,610.94,100,2026-08-18,KOTAK-CUST,RECEIVED,TRAIN
TRD104023,2026-08-07,INFY,INE104023,INFY,100,1881.82,188182.0,KOTAK-CUST,EQ-CORE-02,BOOKED,2026-08-08,BUY,1881.82,100,2026-08-07,KOTAK-CUST,RECEIVED,TRAIN
TRD104024,2026-08-15,AXISBANK,INE104024,AXISBANK,100,1182.57,118257.0,HDFC-CUST,EQ-INDEX-04,BOOKED,2026-08-16,BUY,1182.57,100,2026-08-15,HDFC-CUST,RECEIVED,TRAIN
TRD104025,2026-08-12,MARUTI,INE104025,MARUTI,1000,12950.1,12950100.0,NOMURA-BROKER,EQ-CORE-01,BOOKED,2026-08-13,BUY,12950.1,1000,2026-08-12,NOMURA-BROKER,RECEIVED,TEST
TRD104026,2026-08-05,LT,INE104026,LT,100,3664.08,366408.0,KOTAK-CUST,EQ-ALPHA-03,BOOKED,2026-08-06,BUY,3664.08,100,2026-08-05,KOTAK-CUST,RECEIVED,TRAIN
TRD104027,2026-08-21,SBIN,INE104027,SBIN,100,847.09,84709.0,ICICI-CUST,EQ-ALPHA-03,BOOKED,2026-08-22,SELL,847.09,100,2026-08-21,NOMURA-BROKER,RECEIVED,TRAIN
TRD104028,2026-08-04,RELIANCE,INE104028,RELIANCE,250,2863.6,715900.0,KOTAK-CUST,EQ-CORE-02,BOOKED,2026-08-05,SELL,2863.6,250,2026-08-04,KOTAK-CUST,RECEIVED,TRAIN
TRD104029,2026-08-15,HDFCBANK,INE104029,HDFCBANK,200,1669.16,333832.0,MORGANSTANLEY-BROKER,EQ-ALPHA-03,BOOKED,2026-08-16,BUY,1669.16,200,2026-08-15,MORGANSTANLEY-BROKER,RECEIVED,TEST
TRD104030,2026-08-20,MARUTI,INE104030,MARUTI,500,13012.53,6506265.0,KOTAK-CUST,EQ-CORE-02,BOOKED,2026-08-21,BUY,13012.53,500,2026-08-20,KOTAK-CUST,RECEIVED,TRAIN
TRD104031,2026-08-08,HINDUNILVR,INE104031,HINDUNILVR,200,2734.94,546988.0,NOMURA-BROKER,EQ-ALPHA-03,BOOKED,2026-08-09,BUY,2734.94,200,2026-08-08,NOMURA-BROKER,RECEIVED,TRAIN
TRD104032,2026-08-06,ICICIBANK,INE104032,ICICIBANK,250,1239.57,309892.5,DEUTSCHE-BROKER,EQ-ALPHA-03,BOOKED,2026-08-07,BUY,1239.57,250,2026-08-06,DEUTSCHE-BROKER,RECEIVED,TRAIN
TRD104033,2026-08-13,LT,INE104033,LT,1500,3692.68,5539020.0,HDFC-CUST,EQ-ALPHA-03,BOOKED,2026-08-14,BUY,3692.68,1500,2026-08-13,HDFC-CUST,RECEIVED,TRAIN
TRD104034,2026-08-16,WIPRO,INE104034,WIPRO,100,610.49,61049.0,HDFC-CUST,EQ-CORE-02,BOOKED,2026-08-17,SELL,610.49,100,2026-08-17,HDFC-CUST,RECEIVED,TRAIN
TRD104035,2026-08-03,SBIN,INE104035,SBIN,750,844.27,633202.5,KOTAK-CUST,EQ-INDEX-04,BOOKED,2026-08-04,BUY,844.27,750,2026-08-03,KOTAK-CUST,RECEIVED,TEST
TRD104036,2026-08-11,HINDUNILVR,INE104036,HINDUNILVR,200,2747.92,549584.0,ICICI-CUST,EQ-CORE-01,BOOKED,2026-08-12,SELL,2747.92,200,2026-08-11,DEUTSCHE-BROKER,RECEIVED,TEST
TRD104037,2026-08-12,KOTAKBANK,INE104037,KOTAKBANK,750,1952.65,1464487.5,KOTAK-CUST,EQ-CORE-02,BOOKED,2026-08-13,SELL,1952.65,750,2026-08-12,KOTAK-CUST,RECEIVED,TRAIN
TRD104038,2026-08-14,WIPRO,INE104038,WIPRO,100,612.94,61294.0,HDFC-CUST,EQ-INDEX-04,BOOKED,2026-08-15,BUY,612.94,100,2026-08-14,HDFC-CUST,RECEIVED,TRAIN
TRD104039,2026-08-07,LT,INE104039,LT,200,3677.05,735410.0,HDFC-CUST,EQ-INDEX-04,BOOKED,2026-08-08,SELL,3677.05,200,2026-08-07,HDFC-CUST,RECEIVED,TRAIN
TRD104040,2026-08-05,BHARTIARTL,INE104040,BHARTIARTL,200,1698.81,339762.0,ICICI-CUST,EQ-ALPHA-03,BOOKED,2026-08-06,SELL,1698.81,200,2026-08-05,ICICI-CUST,RECEIVED,TEST
TRD104041,2026-08-06,SBIN,INE104041,SBIN,1500,847.45,1271175.0,DEUTSCHE-BROKER,EQ-ALPHA-03,BOOKED,2026-08-07,BUY,847.45,1500,2026-08-06,DEUTSCHE-BROKER,RECEIVED,TEST
TRD104042,2026-08-09,INFY,INE104042,INFY,1500,1881.39,2822085.0,MORGANSTANLEY-BROKER,EQ-CORE-01,BOOKED,2026-08-10,SELL,1881.39,1500,2026-08-10,MORGANSTANLEY-BROKER,RECEIVED,TRAIN
TRD104043,2026-08-20,BHARTIARTL,INE104043,BHARTIARTL,250,1682.19,420547.5,ICICI-CUST,EQ-INDEX-04,BOOKED,2026-08-21,BUY,1682.19,250,2026-08-20,ICICI-CUST,RECEIVED,TRAIN
TRD104044,2026-08-08,TCS,INE104044,TCS,1500,4110.06,6165090.0,MORGANSTANLEY-BROKER,EQ-ALPHA-03,BOOKED,2026-08-09,BUY,4110.06,1500,2026-08-08,MORGANSTANLEY-BROKER,RECEIVED,TEST
TRD104045,2026-08-10,BHARTIARTL,INE104045,BHARTIARTL,2000,1697.86,3395720.0,KOTAK-CUST,EQ-CORE-01,BOOKED,2026-08-11,SELL,1697.86,2000,2026-08-10,KOTAK-CUST,RECEIVED,TEST
TRD104046,2026-08-05,WIPRO,INE104046,WIPRO,250,612.9,153225.0,NOMURA-BROKER,EQ-INDEX-04,BOOKED,2026-08-06,SELL,612.9,250,2026-08-05,NOMURA-BROKER,RECEIVED,TRAIN
TRD104047,2026-08-07,HDFCBANK,INE104047,HDFCBANK,200,1682.7,336540.0,KOTAK-CUST,EQ-CORE-02,BOOKED,2026-08-08,BUY,,,,,MISSING,TRAIN
TRD104048,2026-08-03,ICICIBANK,INE104048,ICICIBANK,1000,1245.15,1245150.0,NOMURA-BROKER,EQ-ALPHA-03,BOOKED,2026-08-04,BUY,1245.15,1000,2026-08-03,NOMURA-BROKER,RECEIVED,TRAIN
TRD104049,2026-08-08,RELIANCE,INE104049,RELIANCE,250,2846.77,711692.5,DEUTSCHE-BROKER,EQ-ALPHA-03,BOOKED,2026-08-09,SELL,2846.77,350,2026-08-08,DEUTSCHE-BROKER,RECEIVED,TRAIN
TRD104050,2026-08-08,RELIANCE,INE104050,RELIANCE,250,2852.01,713002.5,ICICI-CUST,EQ-CORE-02,BOOKED,2026-08-09,SELL,2852.01,250,2026-08-08,ICICI-CUST,RECEIVED,TRAIN
TRD104051,2026-08-12,INFY,INE104051,INFY,2000,1887.69,3775380.0,DEUTSCHE-BROKER,EQ-INDEX-04,BOOKED,2026-08-13,SELL,1887.69,2000,2026-08-12,DEUTSCHE-BROKER,RECEIVED,TRAIN
TRD104052,2026-08-11,INFY,INE104052,INFY,200,1882.93,376586.0,KOTAK-CUST,EQ-CORE-01,BOOKED,2026-08-12,SELL,1882.93,200,2026-08-11,KOTAK-CUST,RECEIVED,TRAIN
TRD104053,2026-08-03,KOTAKBANK,INE104053,KOTAKBANK,750,1949.72,1462290.0,MORGANSTANLEY-BROKER,EQ-CORE-02,BOOKED,2026-08-04,SELL,1949.72,750,2026-08-03,MORGANSTANLEY-BROKER,RECEIVED,TRAIN
TRD104054,2026-08-12,HDFCBANK,INE104054,HDFCBANK,1500,1681.61,2522415.0,HDFC-CUST,EQ-CORE-01,BOOKED,2026-08-13,BUY,1681.61,1500,2026-08-12,HDFC-CUST,RECEIVED,TRAIN
TRD104055,2026-08-19,KOTAKBANK,INE104055,KOTAKBANK,250,1958.92,489730.0,DEUTSCHE-BROKER,EQ-INDEX-04,BOOKED,2026-08-20,BUY,1958.92,250,2026-08-20,DEUTSCHE-BROKER,RECEIVED,TRAIN
TRD104056,2026-08-14,KOTAKBANK,INE104056,KOTAKBANK,200,1952.19,390438.0,HDFC-CUST,EQ-CORE-01,BOOKED,2026-08-15,SELL,1952.19,200,2026-08-14,HDFC-CUST,RECEIVED,TRAIN
TRD104057,2026-08-11,AXISBANK,INE104057,AXISBANK,250,1178.95,294737.5,ICICI-CUST,EQ-INDEX-04,BOOKED,2026-08-12,BUY,1178.95,250,2026-08-11,ICICI-CUST,RECEIVED,TRAIN
TRD104058,2026-08-14,MARUTI,INE104058,MARUTI,250,12981.2,3245300.0,HDFC-CUST,EQ-CORE-01,BOOKED,2026-08-15,BUY,12981.2,250,2026-08-14,HDFC-CUST,RECEIVED,TRAIN
TRD104059,2026-08-20,WIPRO,INE104059,WIPRO,2000,608.69,1217380.0,HDFC-CUST,EQ-CORE-02,BOOKED,2026-08-21,BUY,608.69,2000,2026-08-20,HDFC-CUST,RECEIVED,TRAIN
TRD104060,2026-08-03,AXISBANK,INE104060,AXISBANK,500,1179.04,589520.0,KOTAK-CUST,EQ-INDEX-04,BOOKED,2026-08-04,BUY,1179.04,500,2026-08-03,KOTAK-CUST,RECEIVED,TEST
TRD104061,2026-08-16,KOTAKBANK,INE104061,KOTAKBANK,2000,1954.43,3908860.0,ICICI-CUST,EQ-CORE-01,BOOKED,2026-08-17,SELL,1954.43,2000,2026-08-16,ICICI-CUST,RECEIVED,TRAIN
TRD104062,2026-08-15,INFY,INE104062,INFY,2000,1890.06,3780120.0,NOMURA-BROKER,EQ-ALPHA-03,BOOKED,2026-08-16,SELL,1890.06,2000,2026-08-15,NOMURA-BROKER,RECEIVED,TRAIN
TRD104063,2026-08-07,MARUTI,INE104063,MARUTI,200,12963.54,2592708.0,ICICI-CUST,EQ-ALPHA-03,BOOKED,2026-08-08,SELL,12963.54,200,2026-08-07,ICICI-CUST,RECEIVED,TRAIN
TRD104064,2026-08-06,SBIN,INE104064,SBIN,100,841.46,84146.0,ICICI-CUST,EQ-CORE-02,BOOKED,2026-08-07,SELL,841.46,100,2026-08-06,ICICI-CUST,RECEIVED,TEST
TRD104065,2026-08-18,WIPRO,INE104065,WIPRO,500,610.72,305360.0,MORGANSTANLEY-BROKER,EQ-CORE-01,BOOKED,2026-08-19,BUY,610.72,500,2026-08-18,MORGANSTANLEY-BROKER,RECEIVED,TRAIN
TRD104066,2026-08-02,WIPRO,INE104066,WIPRO,750,611.19,458392.5,HDFC-CUST,EQ-ALPHA-03,BOOKED,2026-08-03,SELL,611.19,750,2026-08-02,HDFC-CUST,RECEIVED,TRAIN
TRD104067,2026-08-21,ITC,INE104067,ITC,1500,466.78,700170.0,ICICI-CUST,EQ-ALPHA-03,BOOKED,2026-08-22,BUY,466.78,1500,2026-08-21,ICICI-CUST,RECEIVED,TEST
TRD104068,2026-08-15,AXISBANK,INE104068,AXISBANK,500,1177.57,588785.0,NOMURA-BROKER,EQ-ALPHA-03,BOOKED,2026-08-16,SELL,1177.57,500,2026-08-15,NOMURA-BROKER,RECEIVED,TRAIN
TRD104069,2026-08-05,KOTAKBANK,INE104069,KOTAKBANK,200,1956.41,391282.0,HDFC-CUST,EQ-INDEX-04,BOOKED,2026-08-06,BUY,1956.41,200,2026-08-05,HDFC-CUST,RECEIVED,TEST
TRD104070,2026-08-18,RELIANCE,INE104070,RELIANCE,200,2861.58,572316.0,NOMURA-BROKER,EQ-CORE-02,BOOKED,2026-08-19,SELL,2861.58,300,2026-08-18,NOMURA-BROKER,RECEIVED,TEST
TRD104071,2026-08-11,INFY,INE104071,INFY,200,1881.76,376352.0,ICICI-CUST,EQ-CORE-02,BOOKED,2026-08-12,BUY,1881.76,200,2026-08-11,ICICI-CUST,RECEIVED,TRAIN
TRD104072,2026-08-18,ICICIBANK,INE104072,ICICIBANK,1500,1235.34,1853010.0,KOTAK-CUST,EQ-CORE-02,BOOKED,2026-08-19,BUY,1235.34,1600,2026-08-18,KOTAK-CUST,RECEIVED,TRAIN
TRD104073,2026-08-18,RELIANCE,INE104073,RELIANCE,200,2842.95,568590.0,HDFC-CUST,EQ-ALPHA-03,BOOKED,2026-08-19,BUY,2842.95,200,2026-08-18,HDFC-CUST,RECEIVED,TRAIN
TRD104074,2026-08-07,INFY,INE104074,INFY,100,1895.42,189542.0,NOMURA-BROKER,EQ-CORE-01,BOOKED,2026-08-08,SELL,1918.68,100,2026-08-07,NOMURA-BROKER,RECEIVED,TRAIN
TRD104075,2026-08-21,LT,INE104075,LT,200,3688.38,737676.0,DEUTSCHE-BROKER,EQ-CORE-02,BOOKED,2026-08-22,SELL,3688.38,200,2026-08-21,DEUTSCHE-BROKER,RECEIVED,TRAIN
TRD104076,2026-08-19,MARUTI,INE104076,MARUTI,100,12945.94,1294594.0,NOMURA-BROKER,EQ-CORE-01,BOOKED,2026-08-20,SELL,12945.94,100,2026-08-19,NOMURA-BROKER,RECEIVED,TRAIN
TRD104077,2026-08-15,HDFCBANK,INE104077,HDFCBANK,1500,1676.88,2515320.0,NOMURA-BROKER,EQ-ALPHA-03,BOOKED,2026-08-16,SELL,1676.88,1500,2026-08-15,NOMURA-BROKER,RECEIVED,TEST
TRD104078,2026-08-02,BHARTIARTL,INE104078,BHARTIARTL,2000,1685.06,3370120.0,ICICI-CUST,EQ-ALPHA-03,BOOKED,2026-08-03,BUY,1685.06,2000,2026-08-02,ICICI-CUST,RECEIVED,TRAIN
TRD104079,2026-08-04,TCS,INE104079,TCS,750,4128.94,3096705.0,ICICI-CUST,EQ-INDEX-04,BOOKED,2026-08-05,BUY,4128.94,750,2026-08-04,ICICI-CUST,RECEIVED,TRAIN
TRD104080,2026-08-09,ITC,INE104080,ITC,200,468.59,93718.0,MORGANSTANLEY-BROKER,EQ-ALPHA-03,BOOKED,2026-08-10,BUY,468.59,200,2026-08-09,MORGANSTANLEY-BROKER,RECEIVED,TRAIN
TRD104081,2026-08-07,HINDUNILVR,INE104081,HINDUNILVR,1000,2734.73,2734730.0,DEUTSCHE-BROKER,EQ-CORE-01,BOOKED,2026-08-08,SELL,2802.8,1000,2026-08-07,DEUTSCHE-BROKER,RECEIVED,TRAIN
TRD104082,2026-08-19,TCS,INE104082,TCS,200,4136.5,827300.0,ICICI-CUST,EQ-ALPHA-03,BOOKED,2026-08-20,SELL,4136.5,200,2026-08-19,ICICI-CUST,RECEIVED,TRAIN
TRD104083,2026-08-14,SBIN,INE104083,SBIN,750,849.28,636960.0,MORGANSTANLEY-BROKER,EQ-INDEX-04,BOOKED,2026-08-15,BUY,849.28,750,2026-08-14,MORGANSTANLEY-BROKER,RECEIVED,TRAIN
TRD104084,2026-08-13,AXISBANK,INE104084,AXISBANK,1500,1178.41,1767615.0,ICICI-CUST,EQ-CORE-02,BOOKED,2026-08-14,SELL,,,,,MISSING,TRAIN
TRD104085,2026-08-15,BHARTIARTL,INE104085,BHARTIARTL,2000,1683.27,3366540.0,DEUTSCHE-BROKER,EQ-CORE-01,BOOKED,2026-08-16,SELL,1683.27,2000,2026-08-16,DEUTSCHE-BROKER,RECEIVED,TEST
TRD104086,2026-08-08,HINDUNILVR,INE104086,HINDUNILVR,250,2755.11,688777.5,MORGANSTANLEY-BROKER,EQ-ALPHA-03,BOOKED,2026-08-09,SELL,,,,,MISSING,TRAIN
TRD104087,2026-08-13,TCS,INE104087,TCS,250,4130.73,1032682.5,DEUTSCHE-BROKER,EQ-CORE-02,BOOKED,2026-08-14,BUY,4130.73,250,2026-08-13,DEUTSCHE-BROKER,RECEIVED,TEST
TRD104088,2026-08-15,SBIN,INE104088,SBIN,1000,845.55,845550.0,ICICI-CUST,EQ-CORE-02,BOOKED,2026-08-16,SELL,845.55,900,2026-08-15,ICICI-CUST,RECEIVED,TRAIN
TRD104089,2026-08-02,WIPRO,INE104089,WIPRO,750,612.32,459240.0,HDFC-CUST,EQ-CORE-02,BOOKED,2026-08-03,BUY,612.32,750,2026-08-03,HDFC-CUST,RECEIVED,TEST
TRD104090,2026-08-03,KOTAKBANK,INE104090,KOTAKBANK,750,1958.97,1469227.5,KOTAK-CUST,EQ-ALPHA-03,BOOKED,2026-08-04,SELL,1958.97,750,2026-08-03,KOTAK-CUST,RECEIVED,TRAIN
TRD104091,2026-08-14,TATASTEEL,INE104091,TATASTEEL,1500,171.89,257835.0,HDFC-CUST,EQ-CORE-02,BOOKED,2026-08-15,BUY,171.89,1500,2026-08-14,HDFC-CUST,RECEIVED,TRAIN
TRD104092,2026-08-15,ICICIBANK,INE104092,ICICIBANK,200,1235.48,247096.0,DEUTSCHE-BROKER,EQ-CORE-01,BOOKED,2026-08-16,SELL,1235.48,200,2026-08-15,DEUTSCHE-BROKER,RECEIVED,TRAIN
TRD104093,2026-08-10,INFY,INE104093,INFY,200,1887.93,377586.0,MORGANSTANLEY-BROKER,EQ-CORE-02,BOOKED,2026-08-11,BUY,1921.83,125,2026-08-10,MORGANSTANLEY-BROKER,RECEIVED,TRAIN
TRD104094,2026-08-14,AXISBANK,INE104094,AXISBANK,1500,1186.04,1779060.0,HDFC-CUST,EQ-INDEX-04,BOOKED,2026-08-15,SELL,1186.04,1500,2026-08-14,HDFC-CUST,RECEIVED,TRAIN
TRD104095,2026-08-13,ITC,INE104095,ITC,100,470.5,47050.0,KOTAK-CUST,EQ-INDEX-04,BOOKED,2026-08-14,SELL,470.5,100,2026-08-13,KOTAK-CUST,RECEIVED,TRAIN
TRD104096,2026-08-07,AXISBANK,INE104096,AXISBANK,2000,1185.29,2370580.0,DEUTSCHE-BROKER,EQ-CORE-02,BOOKED,2026-08-08,BUY,1185.29,2000,2026-08-07,DEUTSCHE-BROKER,RECEIVED,TEST
TRD104097,2026-08-16,RELIANCE,INE104097,RELIANCE,750,2851.68,2138760.0,NOMURA-BROKER,EQ-CORE-02,BOOKED,2026-08-17,SELL,2851.68,750,2026-08-16,NOMURA-BROKER,RECEIVED,TRAIN
TRD104098,2026-08-03,WIPRO,INE104098,WIPRO,500,611.51,305755.0,KOTAK-CUST,EQ-CORE-02,BOOKED,2026-08-04,BUY,611.51,500,2026-08-03,KOTAK-CUST,RECEIVED,TRAIN
TRD104099,2026-08-06,HINDUNILVR,INE104099,HINDUNILVR,200,2750.03,550006.0,DEUTSCHE-BROKER,EQ-CORE-01,BOOKED,2026-08-07,SELL,2750.03,200,2026-08-06,DEUTSCHE-BROKER,RECEIVED,TRAIN
TRD104100,2026-08-02,SBIN,INE104100,SBIN,500,843.74,421870.0,KOTAK-CUST,EQ-CORE-01,BOOKED,2026-08-03,SELL,843.74,500,2026-08-02,KOTAK-CUST,RECEIVED,TRAIN
TRD104101,2026-08-03,WIPRO,INE104101,WIPRO,250,610.83,152707.5,MORGANSTANLEY-BROKER,EQ-INDEX-04,BOOKED,2026-08-04,BUY,610.83,250,2026-08-03,MORGANSTANLEY-BROKER,RECEIVED,TRAIN
TRD104102,2026-08-04,INFY,INE104102,INFY,250,1886.16,471540.0,MORGANSTANLEY-BROKER,EQ-CORE-02,BOOKED,2026-08-05,BUY,1886.16,250,2026-08-04,ICICI-CUST,RECEIVED,TRAIN
TRD104103,2026-08-19,TCS,INE104103,TCS,200,4118.54,823708.0,DEUTSCHE-BROKER,EQ-CORE-01,BOOKED,2026-08-20,SELL,4118.54,200,2026-08-19,HDFC-CUST,RECEIVED,TRAIN
TRD104104,2026-08-17,SBIN,INE104104,SBIN,2000,845.82,1691640.0,NOMURA-BROKER,EQ-ALPHA-03,BOOKED,2026-08-18,SELL,,,,,MISSING,TRAIN
TRD104105,2026-08-15,TATASTEEL,INE104105,TATASTEEL,750,172.59,129442.5,MORGANSTANLEY-BROKER,EQ-CORE-01,BOOKED,2026-08-16,SELL,172.59,750,2026-08-15,MORGANSTANLEY-BROKER,RECEIVED,TRAIN
TRD104106,2026-08-04,INFY,INE104106,INFY,250,1882.86,470715.0,ICICI-CUST,EQ-ALPHA-03,BOOKED,2026-08-05,SELL,1882.86,250,2026-08-04,ICICI-CUST,RECEIVED,TRAIN
TRD104107,2026-08-12,HINDUNILVR,INE104107,HINDUNILVR,1000,2758.99,2758990.0,MORGANSTANLEY-BROKER,EQ-CORE-01,BOOKED,2026-08-13,BUY,2794.94,925,2026-08-12,MORGANSTANLEY-BROKER,RECEIVED,TRAIN
TRD104108,2026-08-16,TATASTEEL,INE104108,TATASTEEL,100,172.33,17233.0,HDFC-CUST,EQ-ALPHA-03,BOOKED,2026-08-17,SELL,172.33,100,2026-08-16,HDFC-CUST,RECEIVED,TRAIN
TRD104109,2026-08-14,MARUTI,INE104109,MARUTI,500,12927.39,6463695.0,HDFC-CUST,EQ-CORE-01,BOOKED,2026-08-15,BUY,12927.39,500,2026-08-14,HDFC-CUST,RECEIVED,TRAIN
TRD104110,2026-08-12,AXISBANK,INE104110,AXISBANK,2000,1185.93,2371860.0,KOTAK-CUST,EQ-INDEX-04,BOOKED,2026-08-13,BUY,1185.93,2000,2026-08-12,KOTAK-CUST,RECEIVED,TRAIN
TRD104111,2026-08-20,WIPRO,INE104111,WIPRO,1500,607.93,911895.0,KOTAK-CUST,EQ-INDEX-04,BOOKED,2026-08-21,BUY,607.93,1500,2026-08-20,KOTAK-CUST,RECEIVED,TRAIN
TRD104112,2026-08-07,ITC,INE104112,ITC,200,466.97,93394.0,MORGANSTANLEY-BROKER,EQ-CORE-01,BOOKED,2026-08-08,SELL,466.97,200,2026-08-07,MORGANSTANLEY-BROKER,RECEIVED,TEST
TRD104113,2026-08-04,LT,INE104113,LT,250,3687.43,921857.5,HDFC-CUST,EQ-CORE-01,BOOKED,2026-08-05,SELL,3687.43,250,2026-08-04,HDFC-CUST,RECEIVED,TRAIN
TRD104114,2026-08-12,TCS,INE104114,TCS,1500,4140.99,6211485.0,HDFC-CUST,EQ-CORE-02,BOOKED,2026-08-13,BUY,4140.99,1500,2026-08-12,HDFC-CUST,RECEIVED,TRAIN
TRD104115,2026-08-07,BHARTIARTL,INE104115,BHARTIARTL,500,1695.51,847755.0,DEUTSCHE-BROKER,EQ-CORE-01,BOOKED,2026-08-08,BUY,1695.51,500,2026-08-07,DEUTSCHE-BROKER,RECEIVED,TRAIN
TRD104116,2026-08-17,TCS,INE104116,TCS,2000,4125.44,8250880.0,KOTAK-CUST,EQ-ALPHA-03,BOOKED,2026-08-18,BUY,4125.44,2000,2026-08-17,KOTAK-CUST,RECEIVED,TEST
TRD104117,2026-08-20,HINDUNILVR,INE104117,HINDUNILVR,100,2740.4,274040.0,ICICI-CUST,EQ-CORE-02,BOOKED,2026-08-21,SELL,2740.4,100,2026-08-21,ICICI-CUST,RECEIVED,TRAIN
TRD104118,2026-08-10,KOTAKBANK,INE104118,KOTAKBANK,250,1957.68,489420.0,KOTAK-CUST,EQ-ALPHA-03,BOOKED,2026-08-11,BUY,1957.68,250,2026-08-10,KOTAK-CUST,RECEIVED,TEST
TRD104119,2026-08-08,SBIN,INE104119,SBIN,1500,849.01,1273515.0,NOMURA-BROKER,EQ-CORE-01,BOOKED,2026-08-09,BUY,849.01,1500,2026-08-08,NOMURA-BROKER,RECEIVED,TRAIN
TRD104120,2026-08-07,ITC,INE104120,ITC,750,471.24,353430.0,MORGANSTANLEY-BROKER,EQ-CORE-02,BOOKED,2026-08-08,BUY,471.24,750,2026-08-07,MORGANSTANLEY-BROKER,RECEIVED,TEST
TRD104121,2026-08-11,TATASTEEL,INE104121,TATASTEEL,1000,172.93,172930.0,ICICI-CUST,EQ-INDEX-04,BOOKED,2026-08-12,SELL,172.93,1000,2026-08-11,ICICI-CUST,RECEIVED,TRAIN
TRD104122,2026-08-03,TCS,INE104122,TCS,250,4113.44,1028360.0,NOMURA-BROKER,EQ-ALPHA-03,BOOKED,2026-08-04,SELL,4113.44,250,2026-08-03,NOMURA-BROKER,RECEIVED,TRAIN
TRD104123,2026-08-04,MARUTI,INE104123,MARUTI,1500,13031.66,19547490.0,NOMURA-BROKER,EQ-CORE-02,BOOKED,2026-08-05,BUY,13031.66,1500,2026-08-04,NOMURA-BROKER,RECEIVED,TEST
TRD104124,2026-08-18,BHARTIARTL,INE104124,BHARTIARTL,100,1684.0,168400.0,DEUTSCHE-BROKER,EQ-CORE-02,BOOKED,2026-08-19,SELL,1684.0,100,2026-08-18,DEUTSCHE-BROKER,RECEIVED,TRAIN
TRD104125,2026-08-07,SBIN,INE104125,SBIN,750,842.2,631650.0,NOMURA-BROKER,EQ-ALPHA-03,BOOKED,2026-08-08,SELL,842.2,750,2026-08-07,NOMURA-BROKER,RECEIVED,TRAIN
TRD104126,2026-08-07,HDFCBANK,INE104126,HDFCBANK,200,1672.08,334416.0,ICICI-CUST,EQ-CORE-02,BOOKED,2026-08-08,BUY,1672.08,200,2026-08-07,ICICI-CUST,RECEIVED,TRAIN
TRD104127,2026-08-17,TATASTEEL,INE104127,TATASTEEL,2000,172.62,345240.0,NOMURA-BROKER,EQ-ALPHA-03,BOOKED,2026-08-18,BUY,175.84,2000,2026-08-17,NOMURA-BROKER,RECEIVED,TRAIN
TRD104128,2026-08-10,KOTAKBANK,INE104128,KOTAKBANK,1500,1959.53,2939295.0,KOTAK-CUST,EQ-INDEX-04,BOOKED,2026-08-11,BUY,1959.53,1500,2026-08-10,DEUTSCHE-BROKER,RECEIVED,TRAIN
TRD104129,2026-08-02,KOTAKBANK,INE104129,KOTAKBANK,750,1963.81,1472857.5,MORGANSTANLEY-BROKER,EQ-CORE-02,BOOKED,2026-08-03,BUY,1963.81,750,2026-08-02,MORGANSTANLEY-BROKER,RECEIVED,TRAIN
TRD104130,2026-08-07,ITC,INE104130,ITC,2000,469.54,939080.0,KOTAK-CUST,EQ-CORE-01,BOOKED,2026-08-08,SELL,469.54,2000,2026-08-07,NOMURA-BROKER,RECEIVED,TRAIN
TRD104131,2026-08-07,BHARTIARTL,INE104131,BHARTIARTL,200,1683.07,336614.0,HDFC-CUST,EQ-INDEX-04,BOOKED,2026-08-08,BUY,1683.07,200,2026-08-07,HDFC-CUST,RECEIVED,TRAIN
TRD104132,2026-08-16,TATASTEEL,INE104132,TATASTEEL,1500,172.37,258555.0,NOMURA-BROKER,EQ-CORE-02,BOOKED,2026-08-17,BUY,172.37,1500,2026-08-16,DEUTSCHE-BROKER,RECEIVED,TRAIN
TRD104133,2026-08-01,ITC,INE104133,ITC,500,469.87,234935.0,NOMURA-BROKER,EQ-CORE-02,BOOKED,2026-08-02,SELL,469.87,500,2026-08-01,NOMURA-BROKER,RECEIVED,TRAIN
TRD104134,2026-08-09,INFY,INE104134,INFY,250,1893.07,473267.5,ICICI-CUST,EQ-CORE-02,BOOKED,2026-08-10,BUY,1893.07,250,2026-08-09,ICICI-CUST,RECEIVED,TEST
TRD104135,2026-08-08,BHARTIARTL,INE104135,BHARTIARTL,500,1685.07,842535.0,DEUTSCHE-BROKER,EQ-ALPHA-03,BOOKED,2026-08-09,SELL,1685.07,500,2026-08-08,DEUTSCHE-BROKER,RECEIVED,TRAIN
TRD104136,2026-08-18,TATASTEEL,INE104136,TATASTEEL,100,171.75,17175.0,ICICI-CUST,EQ-ALPHA-03,BOOKED,2026-08-19,SELL,171.75,100,2026-08-18,ICICI-CUST,RECEIVED,TRAIN
TRD104137,2026-08-18,ICICIBANK,INE104137,ICICIBANK,250,1238.28,309570.0,KOTAK-CUST,EQ-CORE-02,BOOKED,2026-08-19,BUY,1238.28,250,2026-08-18,KOTAK-CUST,RECEIVED,TEST
TRD104138,2026-08-12,INFY,INE104138,INFY,750,1885.47,1414102.5,ICICI-CUST,EQ-ALPHA-03,BOOKED,2026-08-13,SELL,1885.47,750,2026-08-12,ICICI-CUST,RECEIVED,TRAIN
TRD104139,2026-08-03,BHARTIARTL,INE104139,BHARTIARTL,1000,1693.81,1693810.0,ICICI-CUST,EQ-INDEX-04,BOOKED,2026-08-04,BUY,1693.81,1000,2026-08-03,ICICI-CUST,RECEIVED,TRAIN
TRD104140,2026-08-01,SBIN,INE104140,SBIN,1500,849.74,1274610.0,MORGANSTANLEY-BROKER,EQ-ALPHA-03,BOOKED,2026-08-02,BUY,849.74,1500,2026-08-01,MORGANSTANLEY-BROKER,RECEIVED,TRAIN
TRD104141,2026-08-20,ICICIBANK,INE104141,ICICIBANK,2000,1238.96,2477920.0,MORGANSTANLEY-BROKER,EQ-CORE-01,BOOKED,2026-08-21,BUY,1238.96,2000,2026-08-20,MORGANSTANLEY-BROKER,RECEIVED,TRAIN
TRD104142,2026-08-21,ITC,INE104142,ITC,100,468.06,46806.0,HDFC-CUST,EQ-ALPHA-03,BOOKED,2026-08-22,SELL,468.06,100,2026-08-21,HDFC-CUST,RECEIVED,TEST
TRD104143,2026-08-06,TCS,INE104143,TCS,100,4121.1,412110.0,DEUTSCHE-BROKER,EQ-CORE-01,BOOKED,2026-08-07,BUY,4121.1,100,2026-08-06,DEUTSCHE-BROKER,RECEIVED,TRAIN
TRD104144,2026-08-11,RELIANCE,INE104144,RELIANCE,500,2845.32,1422660.0,MORGANSTANLEY-BROKER,EQ-ALPHA-03,BOOKED,2026-08-12,BUY,2845.32,500,2026-08-12,MORGANSTANLEY-BROKER,RECEIVED,TRAIN
TRD104145,2026-08-06,WIPRO,INE104145,WIPRO,250,607.51,151877.5,HDFC-CUST,EQ-INDEX-04,BOOKED,2026-08-07,SELL,607.51,250,2026-08-07,HDFC-CUST,RECEIVED,TRAIN
TRD104146,2026-08-14,WIPRO,INE104146,WIPRO,1500,609.94,914910.0,MORGANSTANLEY-BROKER,EQ-CORE-02,BOOKED,2026-08-15,BUY,609.94,1500,2026-08-14,MORGANSTANLEY-BROKER,RECEIVED,TRAIN
TRD104147,2026-08-18,AXISBANK,INE104147,AXISBANK,1000,1177.11,1177110.0,DEUTSCHE-BROKER,EQ-CORE-01,BOOKED,2026-08-19,SELL,1177.11,1000,2026-08-18,DEUTSCHE-BROKER,RECEIVED,TEST
TRD104148,2026-08-18,TCS,INE104148,TCS,200,4125.91,825182.0,HDFC-CUST,EQ-CORE-01,BOOKED,2026-08-19,BUY,4125.91,200,2026-08-18,HDFC-CUST,RECEIVED,TRAIN
TRD104149,2026-08-21,HINDUNILVR,INE104149,HINDUNILVR,750,2735.35,2051512.5,NOMURA-BROKER,EQ-CORE-02,BOOKED,2026-08-22,SELL,2735.35,750,2026-08-21,NOMURA-BROKER,RECEIVED,TRAIN
TRD104150,2026-08-06,RELIANCE,INE104150,RELIANCE,1500,2848.35,4272525.0,MORGANSTANLEY-BROKER,EQ-CORE-02,BOOKED,2026-08-07,SELL,2848.35,1500,2026-08-06,MORGANSTANLEY-BROKER,RECEIVED,TRAIN
TRD104151,2026-08-10,BHARTIARTL,INE104151,BHARTIARTL,500,1685.36,842680.0,NOMURA-BROKER,EQ-CORE-02,BOOKED,2026-08-11,BUY,1685.36,500,2026-08-10,NOMURA-BROKER,RECEIVED,TRAIN
TRD104152,2026-08-04,ICICIBANK,INE104152,ICICIBANK,500,1240.46,620230.0,NOMURA-BROKER,EQ-INDEX-04,BOOKED,2026-08-05,SELL,1240.46,500,2026-08-04,NOMURA-BROKER,RECEIVED,TRAIN
TRD104153,2026-08-17,TATASTEEL,INE104153,TATASTEEL,750,172.85,129637.5,DEUTSCHE-BROKER,EQ-ALPHA-03,BOOKED,2026-08-18,SELL,172.85,750,2026-08-17,DEUTSCHE-BROKER,RECEIVED,TRAIN
TRD104154,2026-08-18,INFY,INE104154,INFY,750,1885.56,1414170.0,HDFC-CUST,EQ-INDEX-04,BOOKED,2026-08-19,BUY,1885.56,750,2026-08-18,HDFC-CUST,RECEIVED,TEST
TRD104155,2026-08-15,LT,INE104155,LT,1000,3674.39,3674390.0,KOTAK-CUST,EQ-CORE-02,BOOKED,2026-08-16,SELL,3674.39,1000,2026-08-15,KOTAK-CUST,RECEIVED,TRAIN
TRD104156,2026-08-12,MARUTI,INE104156,MARUTI,100,12990.07,1299007.0,HDFC-CUST,EQ-ALPHA-03,BOOKED,2026-08-13,SELL,12990.07,100,2026-08-12,HDFC-CUST,RECEIVED,TEST
TRD104157,2026-08-01,TATASTEEL,INE104157,TATASTEEL,2000,173.04,346080.0,HDFC-CUST,EQ-INDEX-04,BOOKED,2026-08-02,SELL,173.04,2000,2026-08-01,HDFC-CUST,RECEIVED,TRAIN
TRD104158,2026-08-20,ICICIBANK,INE104158,ICICIBANK,1000,1237.2,1237200.0,ICICI-CUST,EQ-INDEX-04,BOOKED,2026-08-21,SELL,,,,,MISSING,TEST
TRD104159,2026-08-04,SBIN,INE104159,SBIN,100,843.56,84356.0,MORGANSTANLEY-BROKER,EQ-CORE-02,BOOKED,2026-08-05,BUY,843.56,100,2026-08-04,MORGANSTANLEY-BROKER,RECEIVED,TRAIN
TRD104160,2026-08-18,RELIANCE,INE104160,RELIANCE,1000,2844.06,2844060.0,MORGANSTANLEY-BROKER,EQ-INDEX-04,BOOKED,2026-08-19,BUY,2844.06,1000,2026-08-18,MORGANSTANLEY-BROKER,RECEIVED,TRAIN
TRD104161,2026-08-20,TATASTEEL,INE104161,TATASTEEL,750,173.29,129967.5,NOMURA-BROKER,EQ-INDEX-04,BOOKED,2026-08-21,SELL,173.29,750,2026-08-20,NOMURA-BROKER,RECEIVED,TEST
TRD104162,2026-08-19,LT,INE104162,LT,1500,3677.56,5516340.0,MORGANSTANLEY-BROKER,EQ-ALPHA-03,BOOKED,2026-08-20,SELL,3677.56,1500,2026-08-19,MORGANSTANLEY-BROKER,RECEIVED,TRAIN
TRD104163,2026-08-15,RELIANCE,INE104163,RELIANCE,1500,2856.22,4284330.0,NOMURA-BROKER,EQ-CORE-01,BOOKED,2026-08-16,SELL,2856.22,1500,2026-08-15,NOMURA-BROKER,RECEIVED,TRAIN
TRD104164,2026-08-09,AXISBANK,INE104164,AXISBANK,100,1175.35,117535.0,MORGANSTANLEY-BROKER,EQ-INDEX-04,BOOKED,2026-08-10,BUY,1175.35,100,2026-08-09,MORGANSTANLEY-BROKER,RECEIVED,TEST
TRD104165,2026-08-07,TCS,INE104165,TCS,100,4139.84,413984.0,MORGANSTANLEY-BROKER,EQ-ALPHA-03,BOOKED,2026-08-08,SELL,4073.14,100,2026-08-07,MORGANSTANLEY-BROKER,RECEIVED,TEST
TRD104166,2026-08-12,TCS,INE104166,TCS,1000,4116.31,4116310.0,DEUTSCHE-BROKER,EQ-INDEX-04,BOOKED,2026-08-13,SELL,4116.31,1000,2026-08-12,DEUTSCHE-BROKER,RECEIVED,TRAIN
TRD104167,2026-08-17,RELIANCE,INE104167,RELIANCE,1000,2838.43,2838430.0,DEUTSCHE-BROKER,EQ-CORE-01,BOOKED,2026-08-18,BUY,2838.43,1000,2026-08-18,DEUTSCHE-BROKER,RECEIVED,TEST
TRD104168,2026-08-09,BHARTIARTL,INE104168,BHARTIARTL,2000,1693.14,3386280.0,MORGANSTANLEY-BROKER,EQ-CORE-02,BOOKED,2026-08-10,BUY,1693.14,2000,2026-08-09,MORGANSTANLEY-BROKER,RECEIVED,TRAIN
TRD104169,2026-08-12,ICICIBANK,INE104169,ICICIBANK,500,1246.63,623315.0,MORGANSTANLEY-BROKER,EQ-INDEX-04,BOOKED,2026-08-13,SELL,1246.63,500,2026-08-12,MORGANSTANLEY-BROKER,RECEIVED,TRAIN
TRD104170,2026-08-01,RELIANCE,INE104170,RELIANCE,750,2845.49,2134117.5,NOMURA-BROKER,EQ-ALPHA-03,BOOKED,2026-08-02,SELL,2845.49,750,2026-08-01,NOMURA-BROKER,RECEIVED,TRAIN
TRD104171,2026-08-10,BHARTIARTL,INE104171,BHARTIARTL,500,1690.14,845070.0,ICICI-CUST,EQ-CORE-02,BOOKED,2026-08-11,SELL,,,,,MISSING,TEST
TRD104172,2026-08-14,TATASTEEL,INE104172,TATASTEEL,250,172.96,43240.0,ICICI-CUST,EQ-INDEX-04,BOOKED,2026-08-15,BUY,172.96,250,2026-08-14,ICICI-CUST,RECEIVED,TRAIN
TRD104173,2026-08-04,TATASTEEL,INE104173,TATASTEEL,1000,172.97,172970.0,KOTAK-CUST,EQ-CORE-01,BOOKED,2026-08-05,BUY,,,,,MISSING,TRAIN
TRD104174,2026-08-08,SBIN,INE104174,SBIN,100,849.66,84966.0,MORGANSTANLEY-BROKER,EQ-ALPHA-03,BOOKED,2026-08-09,SELL,849.66,100,2026-08-08,MORGANSTANLEY-BROKER,RECEIVED,TRAIN
TRD104175,2026-08-10,BHARTIARTL,INE104175,BHARTIARTL,250,1694.72,423680.0,MORGANSTANLEY-BROKER,EQ-CORE-01,BOOKED,2026-08-11,SELL,1694.72,250,2026-08-10,MORGANSTANLEY-BROKER,RECEIVED,TRAIN
TRD104176,2026-08-10,HINDUNILVR,INE104176,HINDUNILVR,500,2746.08,1373040.0,MORGANSTANLEY-BROKER,EQ-CORE-02,BOOKED,2026-08-11,SELL,2746.08,500,2026-08-10,MORGANSTANLEY-BROKER,RECEIVED,TRAIN
TRD104177,2026-08-07,MARUTI,INE104177,MARUTI,100,13002.22,1300222.0,KOTAK-CUST,EQ-ALPHA-03,BOOKED,2026-08-08,BUY,13002.22,100,2026-08-07,KOTAK-CUST,RECEIVED,TRAIN
TRD104178,2026-08-03,RELIANCE,INE104178,RELIANCE,200,2836.87,567374.0,HDFC-CUST,EQ-INDEX-04,BOOKED,2026-08-04,SELL,2836.87,200,2026-08-03,HDFC-CUST,RECEIVED,TRAIN
TRD104179,2026-08-20,AXISBANK,INE104179,AXISBANK,1000,1175.34,1175340.0,NOMURA-BROKER,EQ-CORE-02,BOOKED,2026-08-21,BUY,1175.34,1000,2026-08-20,NOMURA-BROKER,RECEIVED,TRAIN
TRD104180,2026-08-17,HINDUNILVR,INE104180,HINDUNILVR,750,2749.52,2062140.0,KOTAK-CUST,EQ-CORE-02,BOOKED,2026-08-18,SELL,2749.52,750,2026-08-17,KOTAK-CUST,RECEIVED,TRAIN
TRD104181,2026-08-16,ITC,INE104181,ITC,1000,469.01,469010.0,ICICI-CUST,EQ-CORE-02,BOOKED,2026-08-17,SELL,469.01,1000,2026-08-16,ICICI-CUST,RECEIVED,TRAIN
TRD104182,2026-08-07,SBIN,INE104182,SBIN,1500,842.61,1263915.0,NOMURA-BROKER,EQ-INDEX-04,BOOKED,2026-08-08,BUY,842.61,1500,2026-08-07,NOMURA-BROKER,RECEIVED,TRAIN
TRD104183,2026-08-07,ICICIBANK,INE104183,ICICIBANK,750,1243.03,932272.5,NOMURA-BROKER,EQ-ALPHA-03,BOOKED,2026-08-08,SELL,1243.03,750,2026-08-07,NOMURA-BROKER,RECEIVED,TEST
TRD104184,2026-08-08,LT,INE104184,LT,1500,3689.25,5533875.0,HDFC-CUST,EQ-CORE-01,BOOKED,2026-08-09,BUY,3689.25,1500,2026-08-08,HDFC-CUST,RECEIVED,TRAIN
TRD104185,2026-08-12,KOTAKBANK,INE104185,KOTAKBANK,250,1949.76,487440.0,DEUTSCHE-BROKER,EQ-INDEX-04,BOOKED,2026-08-13,BUY,1949.76,250,2026-08-12,DEUTSCHE-BROKER,RECEIVED,TRAIN
TRD104186,2026-08-08,ITC,INE104186,ITC,100,468.66,46866.0,ICICI-CUST,EQ-INDEX-04,BOOKED,2026-08-09,SELL,468.66,100,2026-08-08,ICICI-CUST,RECEIVED,TRAIN
TRD104187,2026-08-14,ICICIBANK,INE104187,ICICIBANK,1000,1240.32,1240320.0,HDFC-CUST,EQ-INDEX-04,BOOKED,2026-08-15,BUY,1240.32,1000,2026-08-14,HDFC-CUST,RECEIVED,TRAIN
TRD104188,2026-08-15,BHARTIARTL,INE104188,BHARTIARTL,500,1697.89,848945.0,MORGANSTANLEY-BROKER,EQ-ALPHA-03,BOOKED,2026-08-16,BUY,1697.89,500,2026-08-15,MORGANSTANLEY-BROKER,RECEIVED,TRAIN
TRD104189,2026-08-09,LT,INE104189,LT,2000,3691.7,7383400.0,DEUTSCHE-BROKER,EQ-ALPHA-03,BOOKED,2026-08-10,SELL,3691.7,2000,2026-08-09,DEUTSCHE-BROKER,RECEIVED,TRAIN
TRD104190,2026-08-10,KOTAKBANK,INE104190,KOTAKBANK,750,1958.63,1468972.5,MORGANSTANLEY-BROKER,EQ-ALPHA-03,BOOKED,2026-08-11,BUY,1958.63,750,2026-08-10,MORGANSTANLEY-BROKER,RECEIVED,TRAIN
TRD104191,2026-08-15,AXISBANK,INE104191,AXISBANK,1000,1184.36,1184360.0,NOMURA-BROKER,EQ-INDEX-04,BOOKED,2026-08-16,SELL,1184.36,1000,2026-08-15,NOMURA-BROKER,RECEIVED,TRAIN
TRD104192,2026-08-08,TATASTEEL,INE104192,TATASTEEL,100,173.25,17325.0,DEUTSCHE-BROKER,EQ-INDEX-04,BOOKED,2026-08-09,SELL,173.25,100,2026-08-08,DEUTSCHE-BROKER,RECEIVED,TRAIN
TRD104193,2026-08-09,BHARTIARTL,INE104193,BHARTIARTL,2000,1686.7,3373400.0,HDFC-CUST,EQ-CORE-01,BOOKED,2026-08-10,SELL,1686.7,2000,2026-08-09,HDFC-CUST,RECEIVED,TRAIN
TRD104194,2026-08-10,BHARTIARTL,INE104194,BHARTIARTL,2000,1687.94,3375880.0,MORGANSTANLEY-BROKER,EQ-INDEX-04,BOOKED,2026-08-11,SELL,1687.94,2000,2026-08-10,MORGANSTANLEY-BROKER,RECEIVED,TRAIN
TRD104195,2026-08-11,HDFCBANK,INE104195,HDFCBANK,750,1668.3,1251225.0,DEUTSCHE-BROKER,EQ-CORE-02,BOOKED,2026-08-12,BUY,1668.3,750,2026-08-11,DEUTSCHE-BROKER,RECEIVED,TEST
TRD104196,2026-08-21,RELIANCE,INE104196,RELIANCE,100,2858.73,285873.0,NOMURA-BROKER,EQ-CORE-01,BOOKED,2026-08-22,SELL,2858.73,100,2026-08-21,NOMURA-BROKER,RECEIVED,TRAIN
TRD104197,2026-08-12,WIPRO,INE104197,WIPRO,100,612.16,61216.0,DEUTSCHE-BROKER,EQ-ALPHA-03,BOOKED,2026-08-13,BUY,,,,,MISSING,TRAIN
TRD104198,2026-08-11,HDFCBANK,INE104198,HDFCBANK,750,1678.92,1259190.0,HDFC-CUST,EQ-ALPHA-03,BOOKED,2026-08-12,SELL,1678.92,750,2026-08-11,HDFC-CUST,RECEIVED,TRAIN
TRD104199,2026-08-06,SBIN,INE104199,SBIN,500,844.26,422130.0,HDFC-CUST,EQ-CORE-02,BOOKED,2026-08-07,SELL,844.26,500,2026-08-06,HDFC-CUST,RECEIVED,TRAIN
TRD104200,2026-08-01,BHARTIARTL,INE104200,BHARTIARTL,100,1692.62,169262.0,ICICI-CUST,EQ-ALPHA-03,BOOKED,2026-08-02,SELL,1692.62,100,2026-08-01,ICICI-CUST,RECEIVED,TRAIN
TRD104201,2026-08-08,RELIANCE,INE104201,RELIANCE,200,2838.25,567650.0,KOTAK-CUST,EQ-ALPHA-03,BOOKED,2026-08-09,SELL,2838.25,200,2026-08-08,KOTAK-CUST,RECEIVED,TRAIN
TRD104202,2026-08-20,TCS,INE104202,TCS,200,4124.87,824974.0,MORGANSTANLEY-BROKER,EQ-INDEX-04,BOOKED,2026-08-21,SELL,4124.87,300,2026-08-20,MORGANSTANLEY-BROKER,RECEIVED,TRAIN
TRD104203,2026-08-11,TCS,INE104203,TCS,200,4122.71,824542.0,MORGANSTANLEY-BROKER,EQ-CORE-02,BOOKED,2026-08-12,SELL,4122.71,200,2026-08-11,MORGANSTANLEY-BROKER,RECEIVED,TRAIN
TRD104204,2026-08-03,HINDUNILVR,INE104204,HINDUNILVR,750,2742.9,2057175.0,KOTAK-CUST,EQ-ALPHA-03,BOOKED,2026-08-04,SELL,,,,,MISSING,TRAIN
TRD104205,2026-08-17,ITC,INE104205,ITC,1500,470.88,706320.0,NOMURA-BROKER,EQ-INDEX-04,BOOKED,2026-08-18,SELL,470.88,1500,2026-08-17,NOMURA-BROKER,RECEIVED,TRAIN
TRD104206,2026-08-15,KOTAKBANK,INE104206,KOTAKBANK,100,1951.41,195141.0,NOMURA-BROKER,EQ-INDEX-04,BOOKED,2026-08-16,SELL,1951.41,100,2026-08-15,NOMURA-BROKER,RECEIVED,TRAIN
TRD104207,2026-08-05,KOTAKBANK,INE104207,KOTAKBANK,1500,1956.63,2934945.0,NOMURA-BROKER,EQ-CORE-01,BOOKED,2026-08-06,SELL,1956.63,1500,2026-08-05,NOMURA-BROKER,RECEIVED,TEST
TRD104208,2026-08-11,WIPRO,INE104208,WIPRO,250,609.55,152387.5,MORGANSTANLEY-BROKER,EQ-ALPHA-03,BOOKED,2026-08-12,BUY,609.55,250,2026-08-11,MORGANSTANLEY-BROKER,RECEIVED,TRAIN
TRD104209,2026-08-06,LT,INE104209,LT,200,3671.91,734382.0,NOMURA-BROKER,EQ-CORE-02,BOOKED,2026-08-07,BUY,3671.91,200,2026-08-06,NOMURA-BROKER,RECEIVED,TRAIN
TRD104210,2026-08-06,RELIANCE,INE104210,RELIANCE,250,2852.62,713155.0,DEUTSCHE-BROKER,EQ-INDEX-04,BOOKED,2026-08-07,SELL,2886.01,325,2026-08-06,DEUTSCHE-BROKER,RECEIVED,TRAIN
TRD104211,2026-08-16,MARUTI,INE104211,MARUTI,100,12956.06,1295606.0,NOMURA-BROKER,EQ-CORE-02,BOOKED,2026-08-17,SELL,12956.06,100,2026-08-16,NOMURA-BROKER,RECEIVED,TRAIN
TRD104212,2026-08-02,INFY,INE104212,INFY,250,1882.12,470530.0,KOTAK-CUST,EQ-CORE-01,BOOKED,2026-08-03,BUY,1882.12,250,2026-08-02,KOTAK-CUST,RECEIVED,TRAIN
TRD104213,2026-08-13,TATASTEEL,INE104213,TATASTEEL,200,172.51,34502.0,ICICI-CUST,EQ-ALPHA-03,BOOKED,2026-08-14,SELL,172.51,200,2026-08-13,ICICI-CUST,RECEIVED,TRAIN
TRD104214,2026-08-07,ICICIBANK,INE104214,ICICIBANK,2000,1245.36,2490720.0,MORGANSTANLEY-BROKER,EQ-CORE-01,BOOKED,2026-08-08,SELL,,,,,MISSING,TRAIN
TRD104215,2026-08-15,ITC,INE104215,ITC,1000,467.34,467340.0,KOTAK-CUST,EQ-ALPHA-03,BOOKED,2026-08-16,BUY,467.34,1000,2026-08-15,KOTAK-CUST,RECEIVED,TRAIN
TRD104216,2026-08-09,RELIANCE,INE104216,RELIANCE,500,2845.58,1422790.0,KOTAK-CUST,EQ-CORE-01,BOOKED,2026-08-10,BUY,2845.58,500,2026-08-09,KOTAK-CUST,RECEIVED,TRAIN
TRD104217,2026-08-08,TATASTEEL,INE104217,TATASTEEL,250,173.17,43292.5,MORGANSTANLEY-BROKER,EQ-INDEX-04,BOOKED,2026-08-09,BUY,173.17,250,2026-08-08,MORGANSTANLEY-BROKER,RECEIVED,TRAIN
TRD104218,2026-08-18,MARUTI,INE104218,MARUTI,1000,13043.88,13043880.0,NOMURA-BROKER,EQ-INDEX-04,BOOKED,2026-08-19,SELL,13287.02,925,2026-08-18,NOMURA-BROKER,RECEIVED,TRAIN
TRD104219,2026-08-04,ICICIBANK,INE104219,ICICIBANK,2000,1240.54,2481080.0,HDFC-CUST,EQ-CORE-01,BOOKED,2026-08-05,BUY,1240.54,2000,2026-08-04,HDFC-CUST,RECEIVED,TRAIN
TRD104220,2026-08-07,TATASTEEL,INE104220,TATASTEEL,1000,171.72,171720.0,ICICI-CUST,EQ-CORE-02,BOOKED,2026-08-08,SELL,171.72,1000,2026-08-07,ICICI-CUST,RECEIVED,TRAIN
TRD104221,2026-08-14,LT,INE104221,LT,1000,3668.95,3668950.0,KOTAK-CUST,EQ-CORE-01,BOOKED,2026-08-15,SELL,3668.95,1000,2026-08-14,KOTAK-CUST,RECEIVED,TRAIN
TRD104222,2026-08-04,HDFCBANK,INE104222,HDFCBANK,1000,1677.51,1677510.0,DEUTSCHE-BROKER,EQ-ALPHA-03,BOOKED,2026-08-05,SELL,1677.51,1000,2026-08-04,DEUTSCHE-BROKER,RECEIVED,TRAIN
TRD104223,2026-08-17,TATASTEEL,INE104223,TATASTEEL,100,172.98,17298.0,KOTAK-CUST,EQ-CORE-01,BOOKED,2026-08-18,BUY,172.98,100,2026-08-17,KOTAK-CUST,RECEIVED,TEST
TRD104224,2026-08-17,LT,INE104224,LT,1500,3673.9,5510850.0,ICICI-CUST,EQ-INDEX-04,BOOKED,2026-08-18,SELL,3673.9,1500,2026-08-17,ICICI-CUST,RECEIVED,TRAIN
TRD104225,2026-08-07,SBIN,INE104225,SBIN,250,843.19,210797.5,ICICI-CUST,EQ-CORE-02,BOOKED,2026-08-08,SELL,819.21,250,2026-08-07,ICICI-CUST,RECEIVED,TEST
TRD104226,2026-08-02,LT,INE104226,LT,200,3681.91,736382.0,NOMURA-BROKER,EQ-CORE-01,BOOKED,2026-08-03,BUY,3681.91,200,2026-08-02,NOMURA-BROKER,RECEIVED,TRAIN
TRD104227,2026-08-13,LT,INE104227,LT,200,3691.89,738378.0,HDFC-CUST,EQ-ALPHA-03,BOOKED,2026-08-14,BUY,3691.89,200,2026-08-13,HDFC-CUST,RECEIVED,TRAIN
TRD104228,2026-08-06,WIPRO,INE104228,WIPRO,250,609.2,152300.0,ICICI-CUST,EQ-ALPHA-03,BOOKED,2026-08-07,SELL,609.2,250,2026-08-07,ICICI-CUST,RECEIVED,TRAIN
TRD104229,2026-08-02,WIPRO,INE104229,WIPRO,500,613.27,306635.0,MORGANSTANLEY-BROKER,EQ-CORE-01,BOOKED,2026-08-03,BUY,613.27,500,2026-08-02,MORGANSTANLEY-BROKER,RECEIVED,TEST
TRD104230,2026-08-07,TCS,INE104230,TCS,1000,4106.52,4106520.0,KOTAK-CUST,EQ-CORE-01,BOOKED,2026-08-08,BUY,4106.52,1000,2026-08-07,KOTAK-CUST,RECEIVED,TEST
TRD104231,2026-08-08,ICICIBANK,INE104231,ICICIBANK,1500,1235.69,1853535.0,ICICI-CUST,EQ-ALPHA-03,BOOKED,2026-08-09,SELL,1235.69,1500,2026-08-08,ICICI-CUST,RECEIVED,TRAIN
TRD104232,2026-08-03,SBIN,INE104232,SBIN,500,848.55,424275.0,KOTAK-CUST,EQ-CORE-02,BOOKED,2026-08-04,BUY,848.55,500,2026-08-03,KOTAK-CUST,RECEIVED,TEST
TRD104233,2026-08-10,HDFCBANK,INE104233,HDFCBANK,100,1680.37,168037.0,ICICI-CUST,EQ-INDEX-04,BOOKED,2026-08-11,SELL,1644.88,100,2026-08-10,ICICI-CUST,RECEIVED,TRAIN
TRD104234,2026-08-04,LT,INE104234,LT,200,3686.47,737294.0,ICICI-CUST,EQ-INDEX-04,BOOKED,2026-08-05,SELL,3686.47,200,2026-08-04,ICICI-CUST,RECEIVED,TRAIN
TRD104235,2026-08-11,AXISBANK,INE104235,AXISBANK,750,1182.18,886635.0,KOTAK-CUST,EQ-INDEX-04,BOOKED,2026-08-12,SELL,1203.73,675,2026-08-11,KOTAK-CUST,RECEIVED,TRAIN
TRD104236,2026-08-10,WIPRO,INE104236,WIPRO,1500,608.75,913125.0,KOTAK-CUST,EQ-ALPHA-03,BOOKED,2026-08-11,BUY,608.75,1500,2026-08-10,KOTAK-CUST,RECEIVED,TRAIN
TRD104237,2026-08-04,HINDUNILVR,INE104237,HINDUNILVR,250,2748.28,687070.0,HDFC-CUST,EQ-INDEX-04,BOOKED,2026-08-05,SELL,2748.28,250,2026-08-04,HDFC-CUST,RECEIVED,TRAIN
TRD104238,2026-08-10,SBIN,INE104238,SBIN,250,841.84,210460.0,NOMURA-BROKER,EQ-CORE-01,BOOKED,2026-08-11,BUY,841.84,250,2026-08-10,NOMURA-BROKER,RECEIVED,TRAIN
TRD104239,2026-08-13,RELIANCE,INE104239,RELIANCE,1500,2863.95,4295925.0,NOMURA-BROKER,EQ-INDEX-04,BOOKED,2026-08-14,BUY,2863.95,1500,2026-08-13,NOMURA-BROKER,RECEIVED,TEST
TRD104240,2026-08-17,RELIANCE,INE104240,RELIANCE,100,2861.76,286176.0,NOMURA-BROKER,EQ-CORE-02,BOOKED,2026-08-18,BUY,2861.76,100,2026-08-17,NOMURA-BROKER,RECEIVED,TRAIN
TRD104241,2026-08-04,KOTAKBANK,INE104241,KOTAKBANK,750,1948.54,1461405.0,DEUTSCHE-BROKER,EQ-CORE-02,BOOKED,2026-08-05,SELL,1948.54,750,2026-08-04,DEUTSCHE-BROKER,RECEIVED,TRAIN
TRD104242,2026-08-03,MARUTI,INE104242,MARUTI,250,12934.82,3233705.0,NOMURA-BROKER,EQ-INDEX-04,BOOKED,2026-08-04,SELL,12934.82,250,2026-08-03,NOMURA-BROKER,RECEIVED,TRAIN
TRD104243,2026-08-13,TATASTEEL,INE104243,TATASTEEL,1500,171.88,257820.0,MORGANSTANLEY-BROKER,EQ-INDEX-04,BOOKED,2026-08-14,BUY,171.88,1500,2026-08-13,MORGANSTANLEY-BROKER,RECEIVED,TRAIN
TRD104244,2026-08-16,RELIANCE,INE104244,RELIANCE,500,2854.25,1427125.0,MORGANSTANLEY-BROKER,EQ-CORE-01,BOOKED,2026-08-17,BUY,2854.25,500,2026-08-16,MORGANSTANLEY-BROKER,RECEIVED,TEST
TRD104245,2026-08-05,RELIANCE,INE104245,RELIANCE,1000,2852.46,2852460.0,NOMURA-BROKER,EQ-ALPHA-03,BOOKED,2026-08-06,SELL,2852.46,1000,2026-08-05,NOMURA-BROKER,RECEIVED,TRAIN
TRD104246,2026-08-15,INFY,INE104246,INFY,250,1891.27,472817.5,ICICI-CUST,EQ-CORE-02,BOOKED,2026-08-16,BUY,1891.27,250,2026-08-15,ICICI-CUST,RECEIVED,TRAIN
TRD104247,2026-08-21,INFY,INE104247,INFY,100,1881.73,188173.0,NOMURA-BROKER,EQ-INDEX-04,BOOKED,2026-08-22,SELL,1881.73,100,2026-08-21,NOMURA-BROKER,RECEIVED,TRAIN
TRD104248,2026-08-05,LT,INE104248,LT,1000,3684.41,3684410.0,KOTAK-CUST,EQ-CORE-02,BOOKED,2026-08-06,SELL,3684.41,1000,2026-08-05,KOTAK-CUST,RECEIVED,TRAIN
TRD104249,2026-08-03,TCS,INE104249,TCS,250,4125.29,1031322.5,KOTAK-CUST,EQ-ALPHA-03,BOOKED,2026-08-04,BUY,4125.29,250,2026-08-03,KOTAK-CUST,RECEIVED,TRAIN
TRD104250,2026-08-17,TATASTEEL,INE104250,TATASTEEL,100,172.16,17216.0,NOMURA-BROKER,EQ-CORE-01,BOOKED,2026-08-18,BUY,172.16,100,2026-08-17,NOMURA-BROKER,RECEIVED,TRAIN
TRD104251,2026-08-13,TATASTEEL,INE104251,TATASTEEL,1500,171.62,257430.0,ICICI-CUST,EQ-ALPHA-03,BOOKED,2026-08-14,BUY,171.62,1500,2026-08-13,ICICI-CUST,RECEIVED,TRAIN
TRD104252,2026-08-14,INFY,INE104252,INFY,250,1885.8,471450.0,KOTAK-CUST,EQ-ALPHA-03,BOOKED,2026-08-15,SELL,1885.8,250,2026-08-14,KOTAK-CUST,RECEIVED,TRAIN
TRD104253,2026-08-13,ICICIBANK,INE104253,ICICIBANK,2000,1246.44,2492880.0,NOMURA-BROKER,EQ-ALPHA-03,BOOKED,2026-08-14,BUY,1246.44,2000,2026-08-13,NOMURA-BROKER,RECEIVED,TRAIN
TRD104254,2026-08-03,WIPRO,INE104254,WIPRO,100,608.87,60887.0,NOMURA-BROKER,EQ-ALPHA-03,BOOKED,2026-08-04,SELL,608.87,100,2026-08-03,NOMURA-BROKER,RECEIVED,TRAIN
TRD104255,2026-08-04,BHARTIARTL,INE104255,BHARTIARTL,750,1685.4,1264050.0,DEUTSCHE-BROKER,EQ-ALPHA-03,BOOKED,2026-08-05,SELL,1685.4,750,2026-08-04,DEUTSCHE-BROKER,RECEIVED,TEST
TRD104256,2026-08-18,BHARTIARTL,INE104256,BHARTIARTL,250,1685.68,421420.0,DEUTSCHE-BROKER,EQ-INDEX-04,BOOKED,2026-08-19,SELL,1685.68,250,2026-08-18,DEUTSCHE-BROKER,RECEIVED,TRAIN
TRD104257,2026-08-20,SBIN,INE104257,SBIN,1500,847.27,1270905.0,MORGANSTANLEY-BROKER,EQ-CORE-02,BOOKED,2026-08-21,BUY,847.27,1500,2026-08-20,MORGANSTANLEY-BROKER,RECEIVED,TRAIN
TRD104258,2026-08-02,HDFCBANK,INE104258,HDFCBANK,1500,1677.86,2516790.0,DEUTSCHE-BROKER,EQ-CORE-02,BOOKED,2026-08-03,BUY,1677.86,1500,2026-08-02,DEUTSCHE-BROKER,RECEIVED,TRAIN
TRD104259,2026-08-04,MARUTI,INE104259,MARUTI,100,13029.94,1302994.0,NOMURA-BROKER,EQ-CORE-02,BOOKED,2026-08-05,SELL,13029.94,100,2026-08-04,NOMURA-BROKER,RECEIVED,TRAIN
TRD104260,2026-08-19,RELIANCE,INE104260,RELIANCE,750,2849.99,2137492.5,KOTAK-CUST,EQ-INDEX-04,BOOKED,2026-08-20,BUY,2849.99,750,2026-08-19,KOTAK-CUST,RECEIVED,TRAIN
TRD104261,2026-08-01,HINDUNILVR,INE104261,HINDUNILVR,100,2737.76,273776.0,HDFC-CUST,EQ-ALPHA-03,BOOKED,2026-08-02,BUY,2737.76,100,2026-08-01,HDFC-CUST,RECEIVED,TEST
TRD104262,2026-08-17,HINDUNILVR,INE104262,HINDUNILVR,750,2755.4,2066550.0,MORGANSTANLEY-BROKER,EQ-ALPHA-03,BOOKED,2026-08-18,BUY,2755.4,750,2026-08-17,MORGANSTANLEY-BROKER,RECEIVED,TRAIN
TRD104263,2026-08-19,LT,INE104263,LT,250,3696.74,924185.0,KOTAK-CUST,EQ-ALPHA-03,BOOKED,2026-08-20,BUY,3696.74,250,2026-08-19,KOTAK-CUST,RECEIVED,TRAIN
TRD104264,2026-08-19,AXISBANK,INE104264,AXISBANK,200,1177.41,235482.0,NOMURA-BROKER,EQ-CORE-01,BOOKED,2026-08-20,SELL,1177.41,200,2026-08-19,NOMURA-BROKER,RECEIVED,TRAIN
TRD104265,2026-08-18,HDFCBANK,INE104265,HDFCBANK,750,1674.2,1255650.0,HDFC-CUST,EQ-ALPHA-03,BOOKED,2026-08-19,BUY,1674.2,750,2026-08-18,HDFC-CUST,RECEIVED,TRAIN
TRD104266,2026-08-21,WIPRO,INE104266,WIPRO,1500,610.19,915285.0,ICICI-CUST,EQ-ALPHA-03,BOOKED,2026-08-22,BUY,610.19,1500,2026-08-21,ICICI-CUST,RECEIVED,TEST
TRD104267,2026-08-18,INFY,INE104267,INFY,1500,1890.18,2835270.0,KOTAK-CUST,EQ-INDEX-04,BOOKED,2026-08-19,SELL,1890.18,1500,2026-08-18,KOTAK-CUST,RECEIVED,TEST
TRD104268,2026-08-05,MARUTI,INE104268,MARUTI,1000,12964.42,12964420.0,MORGANSTANLEY-BROKER,EQ-CORE-02,BOOKED,2026-08-06,SELL,12964.42,1000,2026-08-05,MORGANSTANLEY-BROKER,RECEIVED,TRAIN
TRD104269,2026-08-06,HINDUNILVR,INE104269,HINDUNILVR,250,2755.83,688957.5,MORGANSTANLEY-BROKER,EQ-CORE-02,BOOKED,2026-08-07,BUY,2703.59,250,2026-08-06,MORGANSTANLEY-BROKER,RECEIVED,TRAIN
TRD104270,2026-08-05,HINDUNILVR,INE104270,HINDUNILVR,200,2746.34,549268.0,HDFC-CUST,EQ-ALPHA-03,BOOKED,2026-08-06,BUY,2746.34,200,2026-08-05,HDFC-CUST,RECEIVED,TRAIN
TRD104271,2026-08-17,RELIANCE,INE104271,RELIANCE,1500,2861.85,4292775.0,KOTAK-CUST,EQ-INDEX-04,BOOKED,2026-08-18,SELL,2861.85,1500,2026-08-17,KOTAK-CUST,RECEIVED,TRAIN
TRD104272,2026-08-14,KOTAKBANK,INE104272,KOTAKBANK,1500,1955.41,2933115.0,NOMURA-BROKER,EQ-INDEX-04,BOOKED,2026-08-15,BUY,1955.41,1500,2026-08-14,NOMURA-BROKER,RECEIVED,TRAIN
TRD104273,2026-08-18,AXISBANK,INE104273,AXISBANK,1500,1177.64,1766460.0,HDFC-CUST,EQ-INDEX-04,BOOKED,2026-08-19,SELL,1177.64,1500,2026-08-18,HDFC-CUST,RECEIVED,TRAIN
TRD104274,2026-08-19,WIPRO,INE104274,WIPRO,750,610.8,458100.0,DEUTSCHE-BROKER,EQ-ALPHA-03,BOOKED,2026-08-20,BUY,610.8,750,2026-08-19,DEUTSCHE-BROKER,RECEIVED,TRAIN
TRD104275,2026-08-07,TCS,INE104275,TCS,500,4114.87,2057435.0,ICICI-CUST,EQ-INDEX-04,BOOKED,2026-08-08,SELL,4114.87,500,2026-08-07,ICICI-CUST,RECEIVED,TEST
TRD104276,2026-08-11,TATASTEEL,INE104276,TATASTEEL,1000,172.77,172770.0,MORGANSTANLEY-BROKER,EQ-CORE-02,BOOKED,2026-08-12,SELL,172.77,1000,2026-08-11,MORGANSTANLEY-BROKER,RECEIVED,TEST
TRD104277,2026-08-03,ICICIBANK,INE104277,ICICIBANK,2000,1246.57,2493140.0,NOMURA-BROKER,EQ-CORE-01,BOOKED,2026-08-04,SELL,1246.57,2000,2026-08-03,NOMURA-BROKER,RECEIVED,TEST
TRD104278,2026-08-06,LT,INE104278,LT,1500,3686.92,5530380.0,DEUTSCHE-BROKER,EQ-INDEX-04,BOOKED,2026-08-07,SELL,3686.92,1500,2026-08-06,DEUTSCHE-BROKER,RECEIVED,TEST
TRD104279,2026-08-21,HINDUNILVR,INE104279,HINDUNILVR,200,2754.91,550982.0,ICICI-CUST,EQ-INDEX-04,BOOKED,2026-08-22,SELL,2754.91,200,2026-08-21,ICICI-CUST,RECEIVED,TEST
TRD104280,2026-08-20,ICICIBANK,INE104280,ICICIBANK,1000,1237.38,1237380.0,DEUTSCHE-BROKER,EQ-ALPHA-03,BOOKED,2026-08-21,SELL,1237.38,1000,2026-08-20,DEUTSCHE-BROKER,RECEIVED,TRAIN
TRD104281,2026-08-14,TCS,INE104281,TCS,1000,4132.23,4132230.0,KOTAK-CUST,EQ-CORE-01,BOOKED,2026-08-15,SELL,4132.23,1000,2026-08-14,KOTAK-CUST,RECEIVED,TRAIN
TRD104282,2026-08-01,ITC,INE104282,ITC,1500,467.67,701505.0,ICICI-CUST,EQ-CORE-02,BOOKED,2026-08-02,SELL,467.67,1500,2026-08-01,ICICI-CUST,RECEIVED,TRAIN
TRD104283,2026-08-04,WIPRO,INE104283,WIPRO,250,607.67,151917.5,DEUTSCHE-BROKER,EQ-CORE-02,BOOKED,2026-08-05,BUY,607.67,250,2026-08-04,DEUTSCHE-BROKER,RECEIVED,TRAIN
TRD104284,2026-08-21,TCS,INE104284,TCS,1000,4123.87,4123870.0,NOMURA-BROKER,EQ-CORE-02,BOOKED,2026-08-22,BUY,4123.87,1000,2026-08-21,NOMURA-BROKER,RECEIVED,TEST
TRD104285,2026-08-17,TATASTEEL,INE104285,TATASTEEL,750,171.84,128880.0,KOTAK-CUST,EQ-CORE-02,BOOKED,2026-08-18,SELL,171.84,750,2026-08-17,KOTAK-CUST,RECEIVED,TEST
TRD104286,2026-08-14,HINDUNILVR,INE104286,HINDUNILVR,250,2745.04,686260.0,MORGANSTANLEY-BROKER,EQ-CORE-01,BOOKED,2026-08-15,SELL,2745.04,250,2026-08-14,MORGANSTANLEY-BROKER,RECEIVED,TEST
TRD104287,2026-08-21,BHARTIARTL,INE104287,BHARTIARTL,100,1698.09,169809.0,MORGANSTANLEY-BROKER,EQ-CORE-01,BOOKED,2026-08-22,SELL,1698.09,100,2026-08-21,MORGANSTANLEY-BROKER,RECEIVED,TRAIN
TRD104288,2026-08-10,RELIANCE,INE104288,RELIANCE,500,2841.85,1420925.0,MORGANSTANLEY-BROKER,EQ-CORE-01,BOOKED,2026-08-11,BUY,2841.85,500,2026-08-10,MORGANSTANLEY-BROKER,RECEIVED,TRAIN
TRD104289,2026-08-15,MARUTI,INE104289,MARUTI,1000,13028.09,13028090.0,NOMURA-BROKER,EQ-CORE-02,BOOKED,2026-08-16,SELL,13028.09,1000,2026-08-15,NOMURA-BROKER,RECEIVED,TRAIN
TRD104290,2026-08-16,HINDUNILVR,INE104290,HINDUNILVR,1500,2742.86,4114290.0,ICICI-CUST,EQ-ALPHA-03,BOOKED,2026-08-17,SELL,2742.86,1500,2026-08-16,ICICI-CUST,RECEIVED,TEST
TRD104291,2026-08-01,ICICIBANK,INE104291,ICICIBANK,750,1239.77,929827.5,KOTAK-CUST,EQ-CORE-02,BOOKED,2026-08-02,BUY,1239.77,750,2026-08-01,KOTAK-CUST,RECEIVED,TRAIN
TRD104292,2026-08-14,TATASTEEL,INE104292,TATASTEEL,1500,171.66,257490.0,DEUTSCHE-BROKER,EQ-ALPHA-03,BOOKED,2026-08-15,SELL,171.66,1500,2026-08-14,DEUTSCHE-BROKER,RECEIVED,TRAIN
TRD104293,2026-08-02,KOTAKBANK,INE104293,KOTAKBANK,250,1955.62,488905.0,NOMURA-BROKER,EQ-ALPHA-03,BOOKED,2026-08-03,BUY,1955.62,250,2026-08-02,NOMURA-BROKER,RECEIVED,TRAIN
TRD104294,2026-08-03,BHARTIARTL,INE104294,BHARTIARTL,750,1692.5,1269375.0,ICICI-CUST,EQ-CORE-02,BOOKED,2026-08-04,SELL,1692.5,750,2026-08-03,ICICI-CUST,RECEIVED,TEST
TRD104295,2026-08-05,BHARTIARTL,INE104295,BHARTIARTL,2000,1694.44,3388880.0,MORGANSTANLEY-BROKER,EQ-ALPHA-03,BOOKED,2026-08-06,BUY,1694.44,2000,2026-08-05,MORGANSTANLEY-BROKER,RECEIVED,TRAIN
TRD104296,2026-08-12,INFY,INE104296,INFY,200,1897.47,379494.0,KOTAK-CUST,EQ-CORE-02,BOOKED,2026-08-13,BUY,1897.47,200,2026-08-12,KOTAK-CUST,RECEIVED,TRAIN
TRD104297,2026-08-15,MARUTI,INE104297,MARUTI,100,13002.53,1300253.0,KOTAK-CUST,EQ-ALPHA-03,BOOKED,2026-08-16,BUY,13002.53,100,2026-08-15,KOTAK-CUST,RECEIVED,TRAIN
TRD104298,2026-08-14,TCS,INE104298,TCS,250,4116.06,1029015.0,KOTAK-CUST,EQ-CORE-02,BOOKED,2026-08-15,SELL,4116.06,250,2026-08-14,KOTAK-CUST,RECEIVED,TRAIN
TRD104299,2026-08-09,BHARTIARTL,INE104299,BHARTIARTL,2000,1692.79,3385580.0,KOTAK-CUST,EQ-INDEX-04,BOOKED,2026-08-10,BUY,1714.29,2000,2026-08-09,KOTAK-CUST,RECEIVED,TRAIN
TRD104300,2026-08-11,ITC,INE104300,ITC,100,470.45,47045.0,ICICI-CUST,EQ-CORE-01,BOOKED,2026-08-12,BUY,470.45,100,2026-08-11,ICICI-CUST,RECEIVED,TRAIN
TRD104301,2026-08-03,ITC,INE104301,ITC,2000,468.31,936620.0,HDFC-CUST,EQ-ALPHA-03,BOOKED,2026-08-04,SELL,468.31,2000,2026-08-03,HDFC-CUST,RECEIVED,TRAIN
TRD104302,2026-08-06,TCS,INE104302,TCS,750,4125.04,3093780.0,KOTAK-CUST,EQ-CORE-02,BOOKED,2026-08-07,BUY,4125.04,750,2026-08-06,HDFC-CUST,RECEIVED,TRAIN
TRD104303,2026-08-06,BHARTIARTL,INE104303,BHARTIARTL,750,1692.43,1269322.5,MORGANSTANLEY-BROKER,EQ-CORE-02,BOOKED,2026-08-07,SELL,1647.89,750,2026-08-06,MORGANSTANLEY-BROKER,RECEIVED,TRAIN
TRD104304,2026-08-15,KOTAKBANK,INE104304,KOTAKBANK,2000,1951.24,3902480.0,DEUTSCHE-BROKER,EQ-ALPHA-03,BOOKED,2026-08-16,SELL,1951.24,2000,2026-08-15,DEUTSCHE-BROKER,RECEIVED,TRAIN
TRD104305,2026-08-02,HINDUNILVR,INE104305,HINDUNILVR,1000,2747.86,2747860.0,DEUTSCHE-BROKER,EQ-CORE-01,BOOKED,2026-08-03,SELL,2799.86,1075,2026-08-02,DEUTSCHE-BROKER,RECEIVED,TRAIN
TRD104306,2026-08-09,SBIN,INE104306,SBIN,750,847.51,635632.5,NOMURA-BROKER,EQ-CORE-02,BOOKED,2026-08-10,SELL,847.51,750,2026-08-09,NOMURA-BROKER,RECEIVED,TRAIN
TRD104307,2026-08-16,HDFCBANK,INE104307,HDFCBANK,1500,1675.82,2513730.0,ICICI-CUST,EQ-ALPHA-03,BOOKED,2026-08-17,SELL,1675.82,1500,2026-08-16,ICICI-CUST,RECEIVED,TRAIN
TRD104308,2026-08-01,HINDUNILVR,INE104308,HINDUNILVR,250,2757.98,689495.0,MORGANSTANLEY-BROKER,EQ-ALPHA-03,BOOKED,2026-08-02,BUY,2757.98,250,2026-08-01,MORGANSTANLEY-BROKER,RECEIVED,TRAIN
TRD104309,2026-08-08,ITC,INE104309,ITC,1500,470.99,706485.0,KOTAK-CUST,EQ-CORE-01,BOOKED,2026-08-09,SELL,470.99,1500,2026-08-08,KOTAK-CUST,RECEIVED,TRAIN
TRD104310,2026-08-15,HDFCBANK,INE104310,HDFCBANK,1000,1676.77,1676770.0,ICICI-CUST,EQ-CORE-01,BOOKED,2026-08-16,BUY,1676.77,1000,2026-08-15,ICICI-CUST,RECEIVED,TEST
TRD104311,2026-08-21,TCS,INE104311,TCS,200,4139.28,827856.0,KOTAK-CUST,EQ-INDEX-04,BOOKED,2026-08-22,SELL,,,,,MISSING,TEST
TRD104312,2026-08-20,MARUTI,INE104312,MARUTI,500,13014.59,6507295.0,KOTAK-CUST,EQ-CORE-02,BOOKED,2026-08-21,BUY,13227.67,575,2026-08-20,KOTAK-CUST,RECEIVED,TEST
TRD104313,2026-08-16,MARUTI,INE104313,MARUTI,750,13005.21,9753907.5,HDFC-CUST,EQ-CORE-02,BOOKED,2026-08-17,SELL,13005.21,750,2026-08-16,HDFC-CUST,RECEIVED,TRAIN
TRD104314,2026-08-11,SBIN,INE104314,SBIN,2000,849.51,1699020.0,DEUTSCHE-BROKER,EQ-ALPHA-03,BOOKED,2026-08-12,BUY,849.51,2000,2026-08-11,DEUTSCHE-BROKER,RECEIVED,TRAIN
TRD104315,2026-08-21,HDFCBANK,INE104315,HDFCBANK,1000,1671.35,1671350.0,DEUTSCHE-BROKER,EQ-ALPHA-03,BOOKED,2026-08-22,BUY,1671.35,1000,2026-08-21,DEUTSCHE-BROKER,RECEIVED,TRAIN
TRD104316,2026-08-12,BHARTIARTL,INE104316,BHARTIARTL,1000,1696.75,1696750.0,DEUTSCHE-BROKER,EQ-CORE-02,BOOKED,2026-08-13,SELL,1696.75,1000,2026-08-12,DEUTSCHE-BROKER,RECEIVED,TEST
TRD104317,2026-08-18,INFY,INE104317,INFY,500,1897.12,948560.0,KOTAK-CUST,EQ-ALPHA-03,BOOKED,2026-08-19,SELL,1929.78,500,2026-08-18,KOTAK-CUST,RECEIVED,TEST
TRD104318,2026-08-19,LT,INE104318,LT,100,3692.44,369244.0,KOTAK-CUST,EQ-INDEX-04,BOOKED,2026-08-20,SELL,3692.44,100,2026-08-19,KOTAK-CUST,RECEIVED,TRAIN
TRD104319,2026-08-17,MARUTI,INE104319,MARUTI,2000,12962.1,25924200.0,ICICI-CUST,EQ-INDEX-04,BOOKED,2026-08-18,SELL,12962.1,2000,2026-08-17,ICICI-CUST,RECEIVED,TRAIN
TRD104320,2026-08-17,RELIANCE,INE104320,RELIANCE,250,2858.69,714672.5,KOTAK-CUST,EQ-CORE-01,BOOKED,2026-08-18,BUY,2858.69,250,2026-08-17,KOTAK-CUST,RECEIVED,TRAIN
TRD104321,2026-08-21,BHARTIARTL,INE104321,BHARTIARTL,250,1685.98,421495.0,NOMURA-BROKER,EQ-ALPHA-03,BOOKED,2026-08-22,SELL,1685.98,250,2026-08-21,NOMURA-BROKER,RECEIVED,TRAIN
TRD104322,2026-08-04,RELIANCE,INE104322,RELIANCE,750,2836.77,2127577.5,KOTAK-CUST,EQ-INDEX-04,BOOKED,2026-08-05,SELL,2836.77,750,2026-08-04,KOTAK-CUST,RECEIVED,TRAIN
TRD104323,2026-08-16,KOTAKBANK,INE104323,KOTAKBANK,200,1950.9,390180.0,NOMURA-BROKER,EQ-INDEX-04,BOOKED,2026-08-17,BUY,1950.9,200,2026-08-16,NOMURA-BROKER,RECEIVED,TEST
TRD104324,2026-08-11,ICICIBANK,INE104324,ICICIBANK,200,1241.49,248298.0,MORGANSTANLEY-BROKER,EQ-ALPHA-03,BOOKED,2026-08-12,BUY,1259.64,125,2026-08-11,MORGANSTANLEY-BROKER,RECEIVED,TRAIN
TRD104325,2026-08-10,LT,INE104325,LT,500,3680.12,1840060.0,KOTAK-CUST,EQ-INDEX-04,BOOKED,2026-08-11,BUY,,,,,MISSING,TRAIN
TRD104326,2026-08-20,TCS,INE104326,TCS,2000,4101.19,8202380.0,DEUTSCHE-BROKER,EQ-CORE-01,BOOKED,2026-08-21,BUY,4101.19,2000,2026-08-20,DEUTSCHE-BROKER,RECEIVED,TRAIN
TRD104327,2026-08-01,TCS,INE104327,TCS,2000,4114.48,8228960.0,NOMURA-BROKER,EQ-CORE-01,BOOKED,2026-08-02,BUY,4114.48,2000,2026-08-01,NOMURA-BROKER,RECEIVED,TRAIN
TRD104328,2026-08-15,ITC,INE104328,ITC,100,470.96,47096.0,MORGANSTANLEY-BROKER,EQ-ALPHA-03,BOOKED,2026-08-16,BUY,,,,,MISSING,TRAIN
TRD104329,2026-08-06,ITC,INE104329,ITC,1500,469.84,704760.0,MORGANSTANLEY-BROKER,EQ-ALPHA-03,BOOKED,2026-08-07,SELL,469.84,1500,2026-08-06,MORGANSTANLEY-BROKER,RECEIVED,TRAIN
TRD104330,2026-08-05,KOTAKBANK,INE104330,KOTAKBANK,200,1953.7,390740.0,ICICI-CUST,EQ-ALPHA-03,BOOKED,2026-08-06,BUY,1953.7,200,2026-08-05,ICICI-CUST,RECEIVED,TEST
TRD104331,2026-08-08,KOTAKBANK,INE104331,KOTAKBANK,1500,1954.63,2931945.0,KOTAK-CUST,EQ-CORE-02,BOOKED,2026-08-09,SELL,1954.63,1500,2026-08-08,KOTAK-CUST,RECEIVED,TRAIN
TRD104332,2026-08-12,ITC,INE104332,ITC,500,468.28,234140.0,NOMURA-BROKER,EQ-INDEX-04,BOOKED,2026-08-13,BUY,468.28,500,2026-08-12,NOMURA-BROKER,RECEIVED,TRAIN
TRD104333,2026-08-05,ITC,INE104333,ITC,100,468.69,46869.0,MORGANSTANLEY-BROKER,EQ-CORE-02,BOOKED,2026-08-06,SELL,468.69,100,2026-08-05,MORGANSTANLEY-BROKER,RECEIVED,TRAIN
TRD104334,2026-08-08,HINDUNILVR,INE104334,HINDUNILVR,200,2758.42,551684.0,KOTAK-CUST,EQ-CORE-01,BOOKED,2026-08-09,BUY,2758.42,200,2026-08-08,KOTAK-CUST,RECEIVED,TRAIN
TRD104335,2026-08-07,AXISBANK,INE104335,AXISBANK,100,1175.23,117523.0,ICICI-CUST,EQ-INDEX-04,BOOKED,2026-08-08,SELL,1175.23,100,2026-08-07,ICICI-CUST,RECEIVED,TRAIN
TRD104336,2026-08-20,INFY,INE104336,INFY,2000,1892.86,3785720.0,HDFC-CUST,EQ-INDEX-04,BOOKED,2026-08-21,SELL,1892.86,2000,2026-08-20,HDFC-CUST,RECEIVED,TRAIN
TRD104337,2026-08-19,MARUTI,INE104337,MARUTI,500,12955.81,6477905.0,DEUTSCHE-BROKER,EQ-INDEX-04,BOOKED,2026-08-20,BUY,12955.81,500,2026-08-19,DEUTSCHE-BROKER,RECEIVED,TRAIN
TRD104338,2026-08-01,WIPRO,INE104338,WIPRO,750,610.47,457852.5,HDFC-CUST,EQ-CORE-01,BOOKED,2026-08-02,BUY,610.47,750,2026-08-01,HDFC-CUST,RECEIVED,TRAIN
TRD104339,2026-08-08,TATASTEEL,INE104339,TATASTEEL,2000,172.75,345500.0,KOTAK-CUST,EQ-INDEX-04,BOOKED,2026-08-09,SELL,172.75,2000,2026-08-08,ICICI-CUST,RECEIVED,TRAIN
TRD104340,2026-08-01,LT,INE104340,LT,250,3676.1,919025.0,MORGANSTANLEY-BROKER,EQ-CORE-02,BOOKED,2026-08-02,SELL,3676.1,250,2026-08-01,MORGANSTANLEY-BROKER,RECEIVED,TRAIN
TRD104341,2026-08-16,INFY,INE104341,INFY,1500,1885.33,2827995.0,MORGANSTANLEY-BROKER,EQ-ALPHA-03,BOOKED,2026-08-17,BUY,1885.33,1500,2026-08-16,MORGANSTANLEY-BROKER,RECEIVED,TRAIN
TRD104342,2026-08-19,INFY,INE104342,INFY,1500,1888.96,2833440.0,ICICI-CUST,EQ-CORE-01,BOOKED,2026-08-20,BUY,1888.96,1500,2026-08-19,ICICI-CUST,RECEIVED,TEST
TRD104343,2026-08-06,KOTAKBANK,INE104343,KOTAKBANK,250,1964.64,491160.0,ICICI-CUST,EQ-ALPHA-03,BOOKED,2026-08-07,BUY,1964.64,250,2026-08-06,ICICI-CUST,RECEIVED,TRAIN
TRD104344,2026-08-03,SBIN,INE104344,SBIN,250,848.18,212045.0,ICICI-CUST,EQ-INDEX-04,BOOKED,2026-08-04,BUY,848.18,250,2026-08-03,ICICI-CUST,RECEIVED,TRAIN
TRD104345,2026-08-10,MARUTI,INE104345,MARUTI,1000,13020.24,13020240.0,DEUTSCHE-BROKER,EQ-ALPHA-03,BOOKED,2026-08-11,SELL,13020.24,1000,2026-08-10,DEUTSCHE-BROKER,RECEIVED,TEST
TRD104346,2026-08-12,ICICIBANK,INE104346,ICICIBANK,750,1239.28,929460.0,NOMURA-BROKER,EQ-CORE-02,BOOKED,2026-08-13,BUY,1239.28,750,2026-08-12,NOMURA-BROKER,RECEIVED,TRAIN
TRD104347,2026-08-03,SBIN,INE104347,SBIN,1000,843.74,843740.0,ICICI-CUST,EQ-CORE-01,BOOKED,2026-08-04,SELL,843.74,1000,2026-08-03,ICICI-CUST,RECEIVED,TRAIN
TRD104348,2026-08-15,TCS,INE104348,TCS,500,4115.89,2057945.0,HDFC-CUST,EQ-CORE-01,BOOKED,2026-08-16,SELL,4115.89,500,2026-08-15,HDFC-CUST,RECEIVED,TRAIN
TRD104349,2026-08-21,INFY,INE104349,INFY,100,1884.74,188474.0,NOMURA-BROKER,EQ-CORE-01,BOOKED,2026-08-22,BUY,1884.74,100,2026-08-21,NOMURA-BROKER,RECEIVED,TRAIN
TRD104350,2026-08-04,ITC,INE104350,ITC,1500,468.96,703440.0,MORGANSTANLEY-BROKER,EQ-ALPHA-03,BOOKED,2026-08-05,SELL,468.96,1500,2026-08-04,MORGANSTANLEY-BROKER,RECEIVED,TEST
TRD104351,2026-08-05,TCS,INE104351,TCS,750,4115.89,3086917.5,HDFC-CUST,EQ-CORE-01,BOOKED,2026-08-06,BUY,4115.89,750,2026-08-05,HDFC-CUST,RECEIVED,TRAIN
TRD104352,2026-08-11,ICICIBANK,INE104352,ICICIBANK,500,1237.06,618530.0,KOTAK-CUST,EQ-CORE-01,BOOKED,2026-08-12,BUY,1237.06,450,2026-08-11,KOTAK-CUST,RECEIVED,TRAIN
TRD104353,2026-08-18,TCS,INE104353,TCS,250,4118.4,1029600.0,HDFC-CUST,EQ-INDEX-04,BOOKED,2026-08-19,BUY,4118.4,250,2026-08-18,HDFC-CUST,RECEIVED,TRAIN
TRD104354,2026-08-13,HDFCBANK,INE104354,HDFCBANK,100,1675.34,167534.0,KOTAK-CUST,EQ-INDEX-04,BOOKED,2026-08-14,SELL,1675.34,100,2026-08-13,KOTAK-CUST,RECEIVED,TRAIN
TRD104355,2026-08-16,RELIANCE,INE104355,RELIANCE,100,2864.51,286451.0,DEUTSCHE-BROKER,EQ-CORE-01,BOOKED,2026-08-17,BUY,2864.51,100,2026-08-16,DEUTSCHE-BROKER,RECEIVED,TRAIN
TRD104356,2026-08-20,HINDUNILVR,INE104356,HINDUNILVR,2000,2742.23,5484460.0,KOTAK-CUST,EQ-CORE-01,BOOKED,2026-08-21,SELL,2776.21,1925,2026-08-20,KOTAK-CUST,RECEIVED,TRAIN
TRD104357,2026-08-03,BHARTIARTL,INE104357,BHARTIARTL,2000,1693.6,3387200.0,NOMURA-BROKER,EQ-INDEX-04,BOOKED,2026-08-04,BUY,1693.6,2000,2026-08-03,NOMURA-BROKER,RECEIVED,TRAIN
TRD104358,2026-08-10,TCS,INE104358,TCS,2000,4106.22,8212440.0,MORGANSTANLEY-BROKER,EQ-INDEX-04,BOOKED,2026-08-11,BUY,4106.22,2000,2026-08-10,MORGANSTANLEY-BROKER,RECEIVED,TRAIN
TRD104359,2026-08-13,KOTAKBANK,INE104359,KOTAKBANK,750,1947.94,1460955.0,MORGANSTANLEY-BROKER,EQ-CORE-02,BOOKED,2026-08-14,BUY,1947.94,750,2026-08-13,MORGANSTANLEY-BROKER,RECEIVED,TRAIN
TRD104360,2026-08-10,HDFCBANK,INE104360,HDFCBANK,250,1673.31,418327.5,NOMURA-BROKER,EQ-ALPHA-03,BOOKED,2026-08-11,SELL,1673.31,250,2026-08-10,NOMURA-BROKER,RECEIVED,TEST
TRD104361,2026-08-04,ICICIBANK,INE104361,ICICIBANK,1500,1240.39,1860585.0,MORGANSTANLEY-BROKER,EQ-CORE-01,BOOKED,2026-08-05,SELL,1240.39,1500,2026-08-05,MORGANSTANLEY-BROKER,RECEIVED,TRAIN
TRD104362,2026-08-08,RELIANCE,INE104362,RELIANCE,1000,2856.71,2856710.0,MORGANSTANLEY-BROKER,EQ-CORE-01,BOOKED,2026-08-09,SELL,2911.79,1000,2026-08-08,MORGANSTANLEY-BROKER,RECEIVED,TEST
TRD104363,2026-08-19,HINDUNILVR,INE104363,HINDUNILVR,750,2753.73,2065297.5,ICICI-CUST,EQ-INDEX-04,BOOKED,2026-08-20,BUY,2753.73,750,2026-08-19,ICICI-CUST,RECEIVED,TRAIN
TRD104364,2026-08-04,HDFCBANK,INE104364,HDFCBANK,750,1669.01,1251757.5,NOMURA-BROKER,EQ-INDEX-04,BOOKED,2026-08-05,BUY,1669.01,750,2026-08-04,NOMURA-BROKER,RECEIVED,TRAIN
TRD104365,2026-08-12,TCS,INE104365,TCS,200,4130.53,826106.0,MORGANSTANLEY-BROKER,EQ-CORE-01,BOOKED,2026-08-13,BUY,4183.32,200,2026-08-12,MORGANSTANLEY-BROKER,RECEIVED,TRAIN
TRD104366,2026-08-15,BHARTIARTL,INE104366,BHARTIARTL,250,1691.75,422937.5,ICICI-CUST,EQ-INDEX-04,BOOKED,2026-08-16,SELL,1691.75,250,2026-08-15,ICICI-CUST,RECEIVED,TRAIN
TRD104367,2026-08-08,INFY,INE104367,INFY,200,1899.01,379802.0,ICICI-CUST,EQ-CORE-02,BOOKED,2026-08-09,SELL,1899.01,200,2026-08-08,ICICI-CUST,RECEIVED,TRAIN
TRD104368,2026-08-11,WIPRO,INE104368,WIPRO,250,612.06,153015.0,HDFC-CUST,EQ-INDEX-04,BOOKED,2026-08-12,BUY,612.06,250,2026-08-11,HDFC-CUST,RECEIVED,TRAIN
TRD104369,2026-08-19,INFY,INE104369,INFY,250,1882.99,470747.5,NOMURA-BROKER,EQ-CORE-01,BOOKED,2026-08-20,SELL,1882.99,250,2026-08-19,NOMURA-BROKER,RECEIVED,TRAIN
TRD104370,2026-08-05,SBIN,INE104370,SBIN,750,845.72,634290.0,MORGANSTANLEY-BROKER,EQ-CORE-02,BOOKED,2026-08-06,BUY,845.72,750,2026-08-05,MORGANSTANLEY-BROKER,RECEIVED,TEST
TRD104371,2026-08-17,HINDUNILVR,INE104371,HINDUNILVR,1000,2746.84,2746840.0,KOTAK-CUST,EQ-CORE-02,BOOKED,2026-08-18,BUY,2746.84,1000,2026-08-17,KOTAK-CUST,RECEIVED,TRAIN
TRD104372,2026-08-08,RELIANCE,INE104372,RELIANCE,1500,2846.57,4269855.0,KOTAK-CUST,EQ-CORE-01,BOOKED,2026-08-09,SELL,2846.57,1500,2026-08-08,KOTAK-CUST,RECEIVED,TRAIN
TRD104373,2026-08-13,ICICIBANK,INE104373,ICICIBANK,1000,1245.99,1245990.0,MORGANSTANLEY-BROKER,EQ-CORE-02,BOOKED,2026-08-14,SELL,1245.99,1000,2026-08-13,MORGANSTANLEY-BROKER,RECEIVED,TRAIN
TRD104374,2026-08-03,TCS,INE104374,TCS,100,4136.25,413625.0,KOTAK-CUST,EQ-CORE-01,BOOKED,2026-08-04,BUY,4136.25,100,2026-08-03,KOTAK-CUST,RECEIVED,TRAIN
TRD104375,2026-08-19,INFY,INE104375,INFY,500,1884.43,942215.0,KOTAK-CUST,EQ-ALPHA-03,BOOKED,2026-08-20,SELL,1884.43,500,2026-08-19,KOTAK-CUST,RECEIVED,TRAIN
TRD104376,2026-08-11,AXISBANK,INE104376,AXISBANK,100,1185.35,118535.0,MORGANSTANLEY-BROKER,EQ-INDEX-04,BOOKED,2026-08-12,BUY,1185.35,100,2026-08-11,MORGANSTANLEY-BROKER,RECEIVED,TRAIN
TRD104377,2026-08-16,ITC,INE104377,ITC,2000,466.94,933880.0,NOMURA-BROKER,EQ-CORE-01,BOOKED,2026-08-17,BUY,466.94,2000,2026-08-16,NOMURA-BROKER,RECEIVED,TRAIN
TRD104378,2026-08-15,RELIANCE,INE104378,RELIANCE,1000,2847.96,2847960.0,ICICI-CUST,EQ-ALPHA-03,BOOKED,2026-08-16,BUY,2847.96,1000,2026-08-15,ICICI-CUST,RECEIVED,TRAIN
TRD104379,2026-08-13,INFY,INE104379,INFY,750,1898.05,1423537.5,ICICI-CUST,EQ-ALPHA-03,BOOKED,2026-08-14,BUY,1898.05,750,2026-08-13,ICICI-CUST,RECEIVED,TRAIN
TRD104380,2026-08-08,BHARTIARTL,INE104380,BHARTIARTL,750,1691.09,1268317.5,NOMURA-BROKER,EQ-ALPHA-03,BOOKED,2026-08-09,BUY,1691.09,750,2026-08-08,ICICI-CUST,RECEIVED,TEST
TRD104381,2026-08-09,HDFCBANK,INE104381,HDFCBANK,2000,1673.28,3346560.0,ICICI-CUST,EQ-INDEX-04,BOOKED,2026-08-10,SELL,1673.28,2000,2026-08-09,ICICI-CUST,RECEIVED,TEST
TRD104382,2026-08-14,ITC,INE104382,ITC,2000,470.61,941220.0,ICICI-CUST,EQ-CORE-01,BOOKED,2026-08-15,SELL,470.61,2000,2026-08-14,ICICI-CUST,RECEIVED,TRAIN
TRD104383,2026-08-21,ICICIBANK,INE104383,ICICIBANK,500,1238.44,619220.0,NOMURA-BROKER,EQ-INDEX-04,BOOKED,2026-08-22,BUY,1238.44,500,2026-08-21,NOMURA-BROKER,RECEIVED,TRAIN
TRD104384,2026-08-16,MARUTI,INE104384,MARUTI,200,12998.05,2599610.0,HDFC-CUST,EQ-CORE-01,BOOKED,2026-08-17,BUY,12998.05,200,2026-08-16,HDFC-CUST,RECEIVED,TRAIN
TRD104385,2026-08-14,HDFCBANK,INE104385,HDFCBANK,250,1671.25,417812.5,NOMURA-BROKER,EQ-INDEX-04,BOOKED,2026-08-15,SELL,1671.25,250,2026-08-14,NOMURA-BROKER,RECEIVED,TRAIN
TRD104386,2026-08-09,TATASTEEL,INE104386,TATASTEEL,2000,173.13,346260.0,KOTAK-CUST,EQ-CORE-01,BOOKED,2026-08-10,BUY,173.13,2000,2026-08-09,KOTAK-CUST,RECEIVED,TRAIN
TRD104387,2026-08-02,ICICIBANK,INE104387,ICICIBANK,750,1245.72,934290.0,MORGANSTANLEY-BROKER,EQ-ALPHA-03,BOOKED,2026-08-03,SELL,1245.72,750,2026-08-02,MORGANSTANLEY-BROKER,RECEIVED,TRAIN
TRD104388,2026-08-18,WIPRO,INE104388,WIPRO,500,612.45,306225.0,ICICI-CUST,EQ-ALPHA-03,BOOKED,2026-08-19,SELL,612.45,500,2026-08-18,ICICI-CUST,RECEIVED,TRAIN
TRD104389,2026-08-06,RELIANCE,INE104389,RELIANCE,1000,2860.34,2860340.0,DEUTSCHE-BROKER,EQ-CORE-01,BOOKED,2026-08-07,SELL,2860.34,1000,2026-08-06,DEUTSCHE-BROKER,RECEIVED,TRAIN
TRD104390,2026-08-10,AXISBANK,INE104390,AXISBANK,1000,1184.0,1184000.0,DEUTSCHE-BROKER,EQ-INDEX-04,BOOKED,2026-08-11,BUY,1184.0,1000,2026-08-10,DEUTSCHE-BROKER,RECEIVED,TRAIN
TRD104391,2026-08-19,TCS,INE104391,TCS,200,4102.26,820452.0,DEUTSCHE-BROKER,EQ-INDEX-04,BOOKED,2026-08-20,SELL,4102.26,150,2026-08-19,DEUTSCHE-BROKER,RECEIVED,TRAIN
TRD104392,2026-08-12,TATASTEEL,INE104392,TATASTEEL,2000,172.21,344420.0,DEUTSCHE-BROKER,EQ-ALPHA-03,BOOKED,2026-08-13,SELL,,,,,MISSING,TRAIN
TRD104393,2026-08-13,INFY,INE104393,INFY,2000,1883.72,3767440.0,NOMURA-BROKER,EQ-CORE-02,BOOKED,2026-08-14,SELL,1883.72,2000,2026-08-13,NOMURA-BROKER,RECEIVED,TRAIN
TRD104394,2026-08-01,LT,INE104394,LT,1000,3671.63,3671630.0,HDFC-CUST,EQ-CORE-01,BOOKED,2026-08-02,SELL,3671.63,1000,2026-08-01,HDFC-CUST,RECEIVED,TRAIN
TRD104395,2026-08-12,KOTAKBANK,INE104395,KOTAKBANK,1500,1956.26,2934390.0,NOMURA-BROKER,EQ-INDEX-04,BOOKED,2026-08-13,BUY,1956.26,1700,2026-08-12,NOMURA-BROKER,RECEIVED,TEST
TRD104396,2026-08-19,MARUTI,INE104396,MARUTI,1500,12964.29,19446435.0,NOMURA-BROKER,EQ-CORE-02,BOOKED,2026-08-20,SELL,12964.29,1500,2026-08-19,NOMURA-BROKER,RECEIVED,TRAIN
TRD104397,2026-08-14,TCS,INE104397,TCS,500,4121.55,2060775.0,MORGANSTANLEY-BROKER,EQ-INDEX-04,BOOKED,2026-08-15,BUY,4121.55,500,2026-08-14,MORGANSTANLEY-BROKER,RECEIVED,TRAIN
TRD104398,2026-08-15,AXISBANK,INE104398,AXISBANK,2000,1184.77,2369540.0,DEUTSCHE-BROKER,EQ-ALPHA-03,BOOKED,2026-08-16,SELL,1184.77,2000,2026-08-16,DEUTSCHE-BROKER,RECEIVED,TRAIN
TRD104399,2026-08-14,RELIANCE,INE104399,RELIANCE,500,2852.48,1426240.0,HDFC-CUST,EQ-INDEX-04,BOOKED,2026-08-15,BUY,2852.48,500,2026-08-14,HDFC-CUST,RECEIVED,TRAIN
TRD104400,2026-08-15,ITC,INE104400,ITC,2000,469.32,938640.0,ICICI-CUST,EQ-CORE-01,BOOKED,2026-08-16,BUY,469.32,2000,2026-08-15,ICICI-CUST,RECEIVED,TEST
TRD104401,2026-08-04,ITC,INE104401,ITC,500,471.19,235595.0,HDFC-CUST,EQ-INDEX-04,BOOKED,2026-08-05,BUY,471.19,500,2026-08-04,HDFC-CUST,RECEIVED,TRAIN
TRD104402,2026-08-21,INFY,INE104402,INFY,100,1888.54,188854.0,HDFC-CUST,EQ-ALPHA-03,BOOKED,2026-08-22,BUY,1888.54,100,2026-08-21,ICICI-CUST,RECEIVED,TEST
TRD104403,2026-08-08,INFY,INE104403,INFY,500,1884.49,942245.0,ICICI-CUST,EQ-CORE-02,BOOKED,2026-08-09,BUY,1884.49,500,2026-08-08,ICICI-CUST,RECEIVED,TRAIN
TRD104404,2026-08-13,AXISBANK,INE104404,AXISBANK,500,1177.33,588665.0,ICICI-CUST,EQ-INDEX-04,BOOKED,2026-08-14,BUY,1206.64,500,2026-08-13,ICICI-CUST,RECEIVED,TRAIN
TRD104405,2026-08-09,MARUTI,INE104405,MARUTI,1500,12988.57,19482855.0,NOMURA-BROKER,EQ-CORE-02,BOOKED,2026-08-10,BUY,12988.57,1500,2026-08-09,NOMURA-BROKER,RECEIVED,TRAIN
TRD104406,2026-08-07,BHARTIARTL,INE104406,BHARTIARTL,1000,1693.01,1693010.0,KOTAK-CUST,EQ-INDEX-04,BOOKED,2026-08-08,SELL,1693.01,1000,2026-08-07,KOTAK-CUST,RECEIVED,TRAIN
TRD104407,2026-08-03,SBIN,INE104407,SBIN,250,846.44,211610.0,HDFC-CUST,EQ-ALPHA-03,BOOKED,2026-08-04,BUY,846.44,250,2026-08-03,HDFC-CUST,RECEIVED,TRAIN
TRD104408,2026-08-13,ITC,INE104408,ITC,100,466.71,46671.0,KOTAK-CUST,EQ-ALPHA-03,BOOKED,2026-08-14,SELL,466.71,100,2026-08-13,KOTAK-CUST,RECEIVED,TRAIN
TRD104409,2026-08-11,ICICIBANK,INE104409,ICICIBANK,2000,1244.27,2488540.0,HDFC-CUST,EQ-CORE-01,BOOKED,2026-08-12,BUY,1244.27,2000,2026-08-11,HDFC-CUST,RECEIVED,TRAIN
TRD104410,2026-08-12,AXISBANK,INE104410,AXISBANK,100,1177.37,117737.0,KOTAK-CUST,EQ-ALPHA-03,BOOKED,2026-08-13,BUY,1177.37,100,2026-08-12,KOTAK-CUST,RECEIVED,TEST
TRD104411,2026-08-15,LT,INE104411,LT,100,3673.67,367367.0,DEUTSCHE-BROKER,EQ-ALPHA-03,BOOKED,2026-08-16,BUY,3673.67,100,2026-08-15,DEUTSCHE-BROKER,RECEIVED,TRAIN
TRD104412,2026-08-16,SBIN,INE104412,SBIN,1000,848.14,848140.0,MORGANSTANLEY-BROKER,EQ-INDEX-04,BOOKED,2026-08-17,SELL,848.14,1000,2026-08-16,MORGANSTANLEY-BROKER,RECEIVED,TRAIN
TRD104413,2026-08-06,LT,INE104413,LT,1500,3662.76,5494140.0,ICICI-CUST,EQ-CORE-02,BOOKED,2026-08-07,BUY,,,,,MISSING,TRAIN
TRD104414,2026-08-03,INFY,INE104414,INFY,200,1885.56,377112.0,DEUTSCHE-BROKER,EQ-CORE-01,BOOKED,2026-08-04,BUY,1908.45,125,2026-08-03,DEUTSCHE-BROKER,RECEIVED,TRAIN
TRD104415,2026-08-14,AXISBANK,INE104415,AXISBANK,1000,1180.96,1180960.0,HDFC-CUST,EQ-CORE-02,BOOKED,2026-08-15,SELL,1180.96,1000,2026-08-14,HDFC-CUST,RECEIVED,TRAIN
TRD104416,2026-08-17,AXISBANK,INE104416,AXISBANK,2000,1176.23,2352460.0,DEUTSCHE-BROKER,EQ-CORE-02,BOOKED,2026-08-18,BUY,1176.23,2000,2026-08-17,DEUTSCHE-BROKER,RECEIVED,TRAIN
TRD104417,2026-08-19,ICICIBANK,INE104417,ICICIBANK,250,1244.59,311147.5,KOTAK-CUST,EQ-INDEX-04,BOOKED,2026-08-20,BUY,1244.59,250,2026-08-19,KOTAK-CUST,RECEIVED,TRAIN
TRD104418,2026-08-19,AXISBANK,INE104418,AXISBANK,200,1179.94,235988.0,DEUTSCHE-BROKER,EQ-ALPHA-03,BOOKED,2026-08-20,SELL,1179.94,200,2026-08-19,DEUTSCHE-BROKER,RECEIVED,TRAIN
TRD104419,2026-08-07,TCS,INE104419,TCS,1500,4100.49,6150735.0,HDFC-CUST,EQ-CORE-01,BOOKED,2026-08-08,SELL,4100.49,1500,2026-08-07,HDFC-CUST,RECEIVED,TRAIN
TRD104420,2026-08-02,RELIANCE,INE104420,RELIANCE,100,2845.49,284549.0,HDFC-CUST,EQ-INDEX-04,BOOKED,2026-08-03,SELL,2845.49,100,2026-08-02,HDFC-CUST,RECEIVED,TRAIN
TRD104421,2026-08-01,SBIN,INE104421,SBIN,200,842.64,168528.0,HDFC-CUST,EQ-CORE-02,BOOKED,2026-08-02,BUY,842.64,200,2026-08-01,HDFC-CUST,RECEIVED,TEST
TRD104422,2026-08-12,TCS,INE104422,TCS,2000,4115.02,8230040.0,KOTAK-CUST,EQ-CORE-01,BOOKED,2026-08-13,SELL,4115.02,2000,2026-08-12,KOTAK-CUST,RECEIVED,TEST
TRD104423,2026-08-03,ICICIBANK,INE104423,ICICIBANK,2000,1242.28,2484560.0,ICICI-CUST,EQ-ALPHA-03,BOOKED,2026-08-04,SELL,1242.28,2000,2026-08-03,ICICI-CUST,RECEIVED,TRAIN
TRD104424,2026-08-11,BHARTIARTL,INE104424,BHARTIARTL,250,1696.73,424182.5,NOMURA-BROKER,EQ-CORE-01,BOOKED,2026-08-12,BUY,1696.73,250,2026-08-11,NOMURA-BROKER,RECEIVED,TRAIN
TRD104425,2026-08-19,SBIN,INE104425,SBIN,250,844.8,211200.0,DEUTSCHE-BROKER,EQ-ALPHA-03,BOOKED,2026-08-20,SELL,844.8,250,2026-08-19,DEUTSCHE-BROKER,RECEIVED,TRAIN
TRD104426,2026-08-13,INFY,INE104426,INFY,100,1885.19,188519.0,ICICI-CUST,EQ-INDEX-04,BOOKED,2026-08-14,SELL,1885.19,100,2026-08-13,ICICI-CUST,RECEIVED,TRAIN
TRD104427,2026-08-19,ICICIBANK,INE104427,ICICIBANK,500,1237.1,618550.0,KOTAK-CUST,EQ-INDEX-04,BOOKED,2026-08-20,BUY,1237.1,500,2026-08-19,KOTAK-CUST,RECEIVED,TRAIN
TRD104428,2026-08-07,TATASTEEL,INE104428,TATASTEEL,500,172.78,86390.0,DEUTSCHE-BROKER,EQ-CORE-01,BOOKED,2026-08-08,SELL,172.78,500,2026-08-07,KOTAK-CUST,RECEIVED,TRAIN
TRD104429,2026-08-11,RELIANCE,INE104429,RELIANCE,200,2860.89,572178.0,DEUTSCHE-BROKER,EQ-CORE-02,BOOKED,2026-08-12,BUY,2860.89,200,2026-08-11,DEUTSCHE-BROKER,RECEIVED,TRAIN
TRD104430,2026-08-09,INFY,INE104430,INFY,1500,1890.02,2835030.0,NOMURA-BROKER,EQ-ALPHA-03,BOOKED,2026-08-10,BUY,1920.95,1425,2026-08-09,NOMURA-BROKER,RECEIVED,TRAIN
TRD104431,2026-08-12,AXISBANK,INE104431,AXISBANK,2000,1174.43,2348860.0,ICICI-CUST,EQ-CORE-01,BOOKED,2026-08-13,SELL,1174.43,2000,2026-08-12,ICICI-CUST,RECEIVED,TEST
TRD104432,2026-08-01,ITC,INE104432,ITC,2000,469.69,939380.0,MORGANSTANLEY-BROKER,EQ-CORE-02,BOOKED,2026-08-02,SELL,469.69,2000,2026-08-01,MORGANSTANLEY-BROKER,RECEIVED,TEST
TRD104433,2026-08-18,TCS,INE104433,TCS,250,4102.05,1025512.5,HDFC-CUST,EQ-ALPHA-03,BOOKED,2026-08-19,BUY,4102.05,250,2026-08-18,HDFC-CUST,RECEIVED,TRAIN
TRD104434,2026-08-19,HDFCBANK,INE104434,HDFCBANK,500,1678.63,839315.0,DEUTSCHE-BROKER,EQ-CORE-01,BOOKED,2026-08-20,SELL,1678.63,500,2026-08-19,DEUTSCHE-BROKER,RECEIVED,TRAIN
TRD104435,2026-08-19,AXISBANK,INE104435,AXISBANK,500,1183.25,591625.0,KOTAK-CUST,EQ-CORE-02,BOOKED,2026-08-20,BUY,1183.25,500,2026-08-19,KOTAK-CUST,RECEIVED,TRAIN
TRD104436,2026-08-04,SBIN,INE104436,SBIN,1000,849.1,849100.0,ICICI-CUST,EQ-INDEX-04,BOOKED,2026-08-05,BUY,849.1,1000,2026-08-04,ICICI-CUST,RECEIVED,TRAIN
TRD104437,2026-08-20,HINDUNILVR,INE104437,HINDUNILVR,2000,2734.16,5468320.0,HDFC-CUST,EQ-CORE-01,BOOKED,2026-08-21,SELL,2734.16,2000,2026-08-21,HDFC-CUST,RECEIVED,TRAIN
TRD104438,2026-08-04,SBIN,INE104438,SBIN,2000,843.93,1687860.0,KOTAK-CUST,EQ-CORE-02,BOOKED,2026-08-05,SELL,843.93,2000,2026-08-04,KOTAK-CUST,RECEIVED,TRAIN
TRD104439,2026-08-19,LT,INE104439,LT,2000,3692.17,7384340.0,DEUTSCHE-BROKER,EQ-CORE-02,BOOKED,2026-08-20,SELL,3692.17,2000,2026-08-19,DEUTSCHE-BROKER,RECEIVED,TRAIN
TRD104440,2026-08-17,INFY,INE104440,INFY,1000,1892.21,1892210.0,MORGANSTANLEY-BROKER,EQ-CORE-02,BOOKED,2026-08-18,BUY,1892.21,1000,2026-08-17,MORGANSTANLEY-BROKER,RECEIVED,TRAIN
TRD104441,2026-08-16,INFY,INE104441,INFY,750,1893.19,1419892.5,NOMURA-BROKER,EQ-INDEX-04,BOOKED,2026-08-17,BUY,1893.19,750,2026-08-16,NOMURA-BROKER,RECEIVED,TRAIN
TRD104442,2026-08-15,HINDUNILVR,INE104442,HINDUNILVR,1500,2751.32,4126980.0,DEUTSCHE-BROKER,EQ-CORE-02,BOOKED,2026-08-16,SELL,2751.32,1500,2026-08-15,DEUTSCHE-BROKER,RECEIVED,TRAIN
TRD104443,2026-08-07,ICICIBANK,INE104443,ICICIBANK,500,1242.48,621240.0,NOMURA-BROKER,EQ-ALPHA-03,BOOKED,2026-08-08,SELL,1242.48,500,2026-08-07,NOMURA-BROKER,RECEIVED,TRAIN
TRD104444,2026-08-06,AXISBANK,INE104444,AXISBANK,2000,1180.47,2360940.0,MORGANSTANLEY-BROKER,EQ-INDEX-04,BOOKED,2026-08-07,SELL,1180.47,2000,2026-08-07,MORGANSTANLEY-BROKER,RECEIVED,TRAIN
TRD104445,2026-08-13,ITC,INE104445,ITC,200,468.14,93628.0,NOMURA-BROKER,EQ-ALPHA-03,BOOKED,2026-08-14,BUY,468.14,200,2026-08-13,NOMURA-BROKER,RECEIVED,TRAIN
TRD104446,2026-08-20,TATASTEEL,INE104446,TATASTEEL,100,173.03,17303.0,MORGANSTANLEY-BROKER,EQ-CORE-01,BOOKED,2026-08-21,BUY,173.03,100,2026-08-20,HDFC-CUST,RECEIVED,TRAIN
TRD104447,2026-08-05,ICICIBANK,INE104447,ICICIBANK,100,1242.55,124255.0,KOTAK-CUST,EQ-INDEX-04,BOOKED,2026-08-06,SELL,1242.55,100,2026-08-05,KOTAK-CUST,RECEIVED,TRAIN
TRD104448,2026-08-19,RELIANCE,INE104448,RELIANCE,100,2856.8,285680.0,KOTAK-CUST,EQ-CORE-01,BOOKED,2026-08-20,BUY,2856.8,100,2026-08-19,KOTAK-CUST,RECEIVED,TRAIN
TRD104449,2026-08-16,BHARTIARTL,INE104449,BHARTIARTL,1000,1690.11,1690110.0,DEUTSCHE-BROKER,EQ-CORE-02,BOOKED,2026-08-17,SELL,1690.11,1100,2026-08-16,DEUTSCHE-BROKER,RECEIVED,TRAIN
TRD104450,2026-08-05,TATASTEEL,INE104450,TATASTEEL,250,172.29,43072.5,HDFC-CUST,EQ-ALPHA-03,BOOKED,2026-08-06,SELL,172.29,250,2026-08-06,HDFC-CUST,RECEIVED,TRAIN
TRD104451,2026-08-08,AXISBANK,INE104451,AXISBANK,250,1185.24,296310.0,DEUTSCHE-BROKER,EQ-CORE-02,BOOKED,2026-08-09,BUY,1185.24,250,2026-08-08,DEUTSCHE-BROKER,RECEIVED,TRAIN
TRD104452,2026-08-09,AXISBANK,INE104452,AXISBANK,200,1182.82,236564.0,NOMURA-BROKER,EQ-CORE-01,BOOKED,2026-08-10,BUY,1182.82,200,2026-08-09,NOMURA-BROKER,RECEIVED,TRAIN
TRD104453,2026-08-08,KOTAKBANK,INE104453,KOTAKBANK,1000,1948.82,1948820.0,ICICI-CUST,EQ-CORE-01,BOOKED,2026-08-09,SELL,1948.82,1000,2026-08-08,ICICI-CUST,RECEIVED,TRAIN
TRD104454,2026-08-03,INFY,INE104454,INFY,250,1888.33,472082.5,KOTAK-CUST,EQ-INDEX-04,BOOKED,2026-08-04,SELL,1888.33,250,2026-08-03,KOTAK-CUST,RECEIVED,TRAIN
TRD104455,2026-08-21,BHARTIARTL,INE104455,BHARTIARTL,100,1696.8,169680.0,ICICI-CUST,EQ-ALPHA-03,BOOKED,2026-08-22,BUY,1696.8,100,2026-08-21,ICICI-CUST,RECEIVED,TEST
TRD104456,2026-08-11,TATASTEEL,INE104456,TATASTEEL,500,171.96,85980.0,MORGANSTANLEY-BROKER,EQ-ALPHA-03,BOOKED,2026-08-12,SELL,171.96,500,2026-08-11,MORGANSTANLEY-BROKER,RECEIVED,TRAIN
TRD104457,2026-08-19,HINDUNILVR,INE104457,HINDUNILVR,750,2736.36,2052270.0,MORGANSTANLEY-BROKER,EQ-CORE-02,BOOKED,2026-08-20,SELL,2785.67,750,2026-08-19,MORGANSTANLEY-BROKER,RECEIVED,TRAIN
TRD104458,2026-08-16,AXISBANK,INE104458,AXISBANK,1500,1182.43,1773645.0,DEUTSCHE-BROKER,EQ-CORE-01,BOOKED,2026-08-17,SELL,1182.43,1500,2026-08-16,DEUTSCHE-BROKER,RECEIVED,TRAIN
TRD104459,2026-08-06,HDFCBANK,INE104459,HDFCBANK,100,1680.05,168005.0,DEUTSCHE-BROKER,EQ-CORE-02,BOOKED,2026-08-07,SELL,1680.05,100,2026-08-06,DEUTSCHE-BROKER,RECEIVED,TRAIN
TRD104460,2026-08-01,ITC,INE104460,ITC,500,468.44,234220.0,ICICI-CUST,EQ-CORE-02,BOOKED,2026-08-02,BUY,468.44,500,2026-08-01,ICICI-CUST,RECEIVED,TRAIN
TRD104461,2026-08-21,AXISBANK,INE104461,AXISBANK,100,1181.13,118113.0,ICICI-CUST,EQ-INDEX-04,BOOKED,2026-08-22,SELL,1181.13,100,2026-08-21,MORGANSTANLEY-BROKER,RECEIVED,TEST
TRD104462,2026-08-21,MARUTI,INE104462,MARUTI,2000,12967.87,25935740.0,KOTAK-CUST,EQ-ALPHA-03,BOOKED,2026-08-22,BUY,12967.87,2000,2026-08-21,KOTAK-CUST,RECEIVED,TRAIN
TRD104463,2026-08-11,ITC,INE104463,ITC,2000,467.73,935460.0,KOTAK-CUST,EQ-ALPHA-03,BOOKED,2026-08-12,BUY,467.73,2000,2026-08-11,KOTAK-CUST,RECEIVED,TRAIN
TRD104464,2026-08-08,WIPRO,INE104464,WIPRO,750,608.37,456277.5,ICICI-CUST,EQ-INDEX-04,BOOKED,2026-08-09,SELL,608.37,750,2026-08-08,ICICI-CUST,RECEIVED,TRAIN
TRD104465,2026-08-02,AXISBANK,INE104465,AXISBANK,250,1182.9,295725.0,NOMURA-BROKER,EQ-INDEX-04,BOOKED,2026-08-03,SELL,1182.9,250,2026-08-02,NOMURA-BROKER,RECEIVED,TRAIN
TRD104466,2026-08-08,SBIN,INE104466,SBIN,750,849.37,637027.5,MORGANSTANLEY-BROKER,EQ-CORE-02,BOOKED,2026-08-09,SELL,849.37,750,2026-08-08,MORGANSTANLEY-BROKER,RECEIVED,TEST
TRD104467,2026-08-09,HDFCBANK,INE104467,HDFCBANK,1500,1676.67,2515005.0,KOTAK-CUST,EQ-CORE-02,BOOKED,2026-08-10,BUY,1676.67,1500,2026-08-09,KOTAK-CUST,RECEIVED,TRAIN
TRD104468,2026-08-16,HINDUNILVR,INE104468,HINDUNILVR,1000,2736.66,2736660.0,MORGANSTANLEY-BROKER,EQ-CORE-02,BOOKED,2026-08-17,SELL,2736.66,1000,2026-08-16,MORGANSTANLEY-BROKER,RECEIVED,TRAIN
TRD104469,2026-08-17,ITC,INE104469,ITC,500,467.72,233860.0,ICICI-CUST,EQ-CORE-02,BOOKED,2026-08-18,BUY,467.72,500,2026-08-17,ICICI-CUST,RECEIVED,TRAIN
TRD104470,2026-08-11,RELIANCE,INE104470,RELIANCE,2000,2842.87,5685740.0,HDFC-CUST,EQ-CORE-02,BOOKED,2026-08-12,BUY,2842.87,2000,2026-08-11,HDFC-CUST,RECEIVED,TEST
TRD104471,2026-08-04,INFY,INE104471,INFY,500,1888.85,944425.0,HDFC-CUST,EQ-CORE-02,BOOKED,2026-08-05,SELL,1888.85,500,2026-08-04,HDFC-CUST,RECEIVED,TRAIN
TRD104472,2026-08-01,HINDUNILVR,INE104472,HINDUNILVR,2000,2757.5,5515000.0,NOMURA-BROKER,EQ-ALPHA-03,BOOKED,2026-08-02,BUY,2757.5,2000,2026-08-01,NOMURA-BROKER,RECEIVED,TRAIN
TRD104473,2026-08-08,WIPRO,INE104473,WIPRO,2000,608.26,1216520.0,HDFC-CUST,EQ-ALPHA-03,BOOKED,2026-08-09,BUY,608.26,2000,2026-08-08,HDFC-CUST,RECEIVED,TRAIN
TRD104474,2026-08-05,SBIN,INE104474,SBIN,200,844.75,168950.0,HDFC-CUST,EQ-CORE-02,BOOKED,2026-08-06,SELL,844.75,200,2026-08-05,HDFC-CUST,RECEIVED,TRAIN
TRD104475,2026-08-03,TCS,INE104475,TCS,100,4120.23,412023.0,KOTAK-CUST,EQ-ALPHA-03,BOOKED,2026-08-04,SELL,4120.23,1,2026-08-03,KOTAK-CUST,RECEIVED,TRAIN
TRD104476,2026-08-19,LT,INE104476,LT,2000,3663.74,7327480.0,KOTAK-CUST,EQ-CORE-01,BOOKED,2026-08-20,SELL,3663.74,2000,2026-08-19,KOTAK-CUST,RECEIVED,TRAIN
TRD104477,2026-08-10,INFY,INE104477,INFY,250,1897.77,474442.5,KOTAK-CUST,EQ-INDEX-04,BOOKED,2026-08-11,SELL,1897.77,250,2026-08-10,KOTAK-CUST,RECEIVED,TRAIN
TRD104478,2026-08-06,TCS,INE104478,TCS,200,4124.61,824922.0,KOTAK-CUST,EQ-ALPHA-03,BOOKED,2026-08-07,BUY,4124.61,200,2026-08-06,KOTAK-CUST,RECEIVED,TRAIN
TRD104479,2026-08-02,INFY,INE104479,INFY,1000,1885.24,1885240.0,DEUTSCHE-BROKER,EQ-CORE-01,BOOKED,2026-08-03,BUY,1885.24,1000,2026-08-03,DEUTSCHE-BROKER,RECEIVED,TRAIN
TRD104480,2026-08-12,MARUTI,INE104480,MARUTI,500,13021.83,6510915.0,ICICI-CUST,EQ-ALPHA-03,BOOKED,2026-08-13,BUY,12766.03,500,2026-08-12,ICICI-CUST,RECEIVED,TRAIN
TRD104481,2026-08-09,WIPRO,INE104481,WIPRO,750,611.03,458272.5,ICICI-CUST,EQ-INDEX-04,BOOKED,2026-08-10,BUY,611.03,750,2026-08-09,ICICI-CUST,RECEIVED,TRAIN
TRD104482,2026-08-11,SBIN,INE104482,SBIN,2000,848.63,1697260.0,KOTAK-CUST,EQ-INDEX-04,BOOKED,2026-08-12,BUY,848.63,2000,2026-08-11,KOTAK-CUST,RECEIVED,TRAIN
TRD104483,2026-08-08,TATASTEEL,INE104483,TATASTEEL,1500,172.33,258495.0,HDFC-CUST,EQ-CORE-02,BOOKED,2026-08-09,SELL,172.33,1500,2026-08-08,HDFC-CUST,RECEIVED,TRAIN
TRD104484,2026-08-14,BHARTIARTL,INE104484,BHARTIARTL,500,1682.24,841120.0,ICICI-CUST,EQ-INDEX-04,BOOKED,2026-08-15,BUY,1682.24,500,2026-08-14,ICICI-CUST,RECEIVED,TRAIN
TRD104485,2026-08-18,MARUTI,INE104485,MARUTI,200,13002.24,2600448.0,NOMURA-BROKER,EQ-ALPHA-03,BOOKED,2026-08-19,SELL,13002.24,200,2026-08-18,NOMURA-BROKER,RECEIVED,TEST
TRD104486,2026-08-01,HDFCBANK,INE104486,HDFCBANK,1000,1669.03,1669030.0,DEUTSCHE-BROKER,EQ-INDEX-04,BOOKED,2026-08-02,BUY,1669.03,1000,2026-08-01,DEUTSCHE-BROKER,RECEIVED,TEST
TRD104487,2026-08-02,SBIN,INE104487,SBIN,100,843.82,84382.0,KOTAK-CUST,EQ-INDEX-04,BOOKED,2026-08-03,SELL,823.72,100,2026-08-02,KOTAK-CUST,RECEIVED,TRAIN
TRD104488,2026-08-15,KOTAKBANK,INE104488,KOTAKBANK,1500,1957.57,2936355.0,ICICI-CUST,EQ-ALPHA-03,BOOKED,2026-08-16,BUY,1957.57,1500,2026-08-15,ICICI-CUST,RECEIVED,TRAIN
TRD104489,2026-08-14,KOTAKBANK,INE104489,KOTAKBANK,500,1959.47,979735.0,ICICI-CUST,EQ-CORE-01,BOOKED,2026-08-15,BUY,1959.47,500,2026-08-14,ICICI-CUST,RECEIVED,TRAIN
TRD104490,2026-08-10,TCS,INE104490,TCS,100,4103.39,410339.0,DEUTSCHE-BROKER,EQ-CORE-01,BOOKED,2026-08-11,BUY,4103.39,100,2026-08-10,DEUTSCHE-BROKER,RECEIVED,TRAIN
TRD104491,2026-08-16,WIPRO,INE104491,WIPRO,500,610.96,305480.0,MORGANSTANLEY-BROKER,EQ-CORE-01,BOOKED,2026-08-17,BUY,610.96,500,2026-08-16,MORGANSTANLEY-BROKER,RECEIVED,TRAIN
TRD104492,2026-08-13,RELIANCE,INE104492,RELIANCE,750,2859.03,2144272.5,NOMURA-BROKER,EQ-CORE-01,BOOKED,2026-08-14,SELL,2859.03,750,2026-08-13,NOMURA-BROKER,RECEIVED,TEST
TRD104493,2026-08-17,HDFCBANK,INE104493,HDFCBANK,200,1673.65,334730.0,DEUTSCHE-BROKER,EQ-ALPHA-03,BOOKED,2026-08-18,BUY,1705.33,125,2026-08-17,DEUTSCHE-BROKER,RECEIVED,TRAIN
TRD104494,2026-08-20,LT,INE104494,LT,1000,3696.07,3696070.0,ICICI-CUST,EQ-ALPHA-03,BOOKED,2026-08-21,BUY,3696.07,1000,2026-08-20,ICICI-CUST,RECEIVED,TEST
TRD104495,2026-08-13,KOTAKBANK,INE104495,KOTAKBANK,1500,1952.45,2928675.0,MORGANSTANLEY-BROKER,EQ-CORE-02,BOOKED,2026-08-14,SELL,1952.45,1500,2026-08-13,MORGANSTANLEY-BROKER,RECEIVED,TEST
TRD104496,2026-08-01,ITC,INE104496,ITC,250,469.01,117252.5,DEUTSCHE-BROKER,EQ-CORE-02,BOOKED,2026-08-02,SELL,469.01,250,2026-08-01,DEUTSCHE-BROKER,RECEIVED,TRAIN
TRD104497,2026-08-18,INFY,INE104497,INFY,100,1894.53,189453.0,ICICI-CUST,EQ-ALPHA-03,BOOKED,2026-08-19,SELL,1894.53,100,2026-08-18,ICICI-CUST,RECEIVED,TEST
TRD104498,2026-08-12,INFY,INE104498,INFY,500,1889.51,944755.0,DEUTSCHE-BROKER,EQ-ALPHA-03,BOOKED,2026-08-13,BUY,1889.51,500,2026-08-12,DEUTSCHE-BROKER,RECEIVED,TRAIN
TRD104499,2026-08-01,ITC,INE104499,ITC,500,469.97,234985.0,MORGANSTANLEY-BROKER,EQ-CORE-02,BOOKED,2026-08-02,BUY,469.97,500,2026-08-01,MORGANSTANLEY-BROKER,RECEIVED,TRAIN
TRD104500,2026-08-17,HINDUNILVR,INE104500,HINDUNILVR,1500,2748.45,4122675.0,MORGANSTANLEY-BROKER,EQ-ALPHA-03,BOOKED,2026-08-18,BUY,2748.45,1500,2026-08-17,MORGANSTANLEY-BROKER,RECEIVED,TRAIN
TRD104501,2026-08-10,KOTAKBANK,INE104501,KOTAKBANK,750,1952.7,1464525.0,MORGANSTANLEY-BROKER,EQ-CORE-02,BOOKED,2026-08-11,SELL,1952.7,750,2026-08-10,MORGANSTANLEY-BROKER,RECEIVED,TRAIN
TRD104502,2026-08-16,ITC,INE104502,ITC,200,467.78,93556.0,KOTAK-CUST,EQ-CORE-01,BOOKED,2026-08-17,SELL,467.78,200,2026-08-16,KOTAK-CUST,RECEIVED,TEST
TRD104503,2026-08-03,BHARTIARTL,INE104503,BHARTIARTL,1500,1689.55,2534325.0,MORGANSTANLEY-BROKER,EQ-ALPHA-03,BOOKED,2026-08-04,SELL,1689.55,1500,2026-08-03,MORGANSTANLEY-BROKER,RECEIVED,TRAIN
TRD104504,2026-08-10,TATASTEEL,INE104504,TATASTEEL,200,171.73,34346.0,KOTAK-CUST,EQ-INDEX-04,BOOKED,2026-08-11,BUY,171.73,200,2026-08-10,KOTAK-CUST,RECEIVED,TRAIN
TRD104505,2026-08-07,SBIN,INE104505,SBIN,1000,848.31,848310.0,KOTAK-CUST,EQ-CORE-02,BOOKED,2026-08-08,BUY,848.31,1000,2026-08-07,KOTAK-CUST,RECEIVED,TRAIN
TRD104506,2026-08-21,LT,INE104506,LT,100,3695.46,369546.0,DEUTSCHE-BROKER,EQ-CORE-02,BOOKED,2026-08-22,BUY,3695.46,100,2026-08-21,DEUTSCHE-BROKER,RECEIVED,TRAIN
TRD104507,2026-08-17,RELIANCE,INE104507,RELIANCE,100,2840.09,284009.0,KOTAK-CUST,EQ-INDEX-04,BOOKED,2026-08-18,SELL,2840.09,100,2026-08-17,KOTAK-CUST,RECEIVED,TRAIN
TRD104508,2026-08-16,HINDUNILVR,INE104508,HINDUNILVR,500,2738.47,1369235.0,NOMURA-BROKER,EQ-INDEX-04,BOOKED,2026-08-17,SELL,2738.47,500,2026-08-16,NOMURA-BROKER,RECEIVED,TRAIN
TRD104509,2026-08-07,HINDUNILVR,INE104509,HINDUNILVR,500,2732.38,1366190.0,ICICI-CUST,EQ-INDEX-04,BOOKED,2026-08-08,SELL,2732.38,500,2026-08-08,ICICI-CUST,RECEIVED,TEST
TRD104510,2026-08-06,WIPRO,INE104510,WIPRO,2000,607.96,1215920.0,DEUTSCHE-BROKER,EQ-CORE-01,BOOKED,2026-08-07,SELL,607.96,2000,2026-08-06,DEUTSCHE-BROKER,RECEIVED,TRAIN
TRD104511,2026-08-01,ICICIBANK,INE104511,ICICIBANK,2000,1242.95,2485900.0,ICICI-CUST,EQ-CORE-02,BOOKED,2026-08-02,SELL,1242.95,2000,2026-08-01,ICICI-CUST,RECEIVED,TRAIN
TRD104512,2026-08-12,KOTAKBANK,INE104512,KOTAKBANK,100,1948.63,194863.0,KOTAK-CUST,EQ-ALPHA-03,BOOKED,2026-08-13,SELL,1948.63,100,2026-08-12,KOTAK-CUST,RECEIVED,TRAIN
TRD104513,2026-08-10,RELIANCE,INE104513,RELIANCE,100,2864.66,286466.0,MORGANSTANLEY-BROKER,EQ-CORE-01,BOOKED,2026-08-11,BUY,2864.66,100,2026-08-10,MORGANSTANLEY-BROKER,RECEIVED,TRAIN
TRD104514,2026-08-16,KOTAKBANK,INE104514,KOTAKBANK,500,1957.03,978515.0,DEUTSCHE-BROKER,EQ-INDEX-04,BOOKED,2026-08-17,BUY,1957.03,500,2026-08-16,DEUTSCHE-BROKER,RECEIVED,TRAIN
TRD104515,2026-08-13,LT,INE104515,LT,2000,3666.72,7333440.0,ICICI-CUST,EQ-INDEX-04,BOOKED,2026-08-14,BUY,3666.72,2000,2026-08-13,ICICI-CUST,RECEIVED,TRAIN
TRD104516,2026-08-10,RELIANCE,INE104516,RELIANCE,500,2859.0,1429500.0,HDFC-CUST,EQ-CORE-02,BOOKED,2026-08-11,BUY,2859.0,500,2026-08-10,HDFC-CUST,RECEIVED,TRAIN
TRD104517,2026-08-10,RELIANCE,INE104517,RELIANCE,100,2852.79,285279.0,HDFC-CUST,EQ-ALPHA-03,BOOKED,2026-08-11,BUY,2852.79,100,2026-08-10,HDFC-CUST,RECEIVED,TRAIN
TRD104518,2026-08-08,AXISBANK,INE104518,AXISBANK,750,1181.65,886237.5,ICICI-CUST,EQ-INDEX-04,BOOKED,2026-08-09,SELL,1181.65,750,2026-08-08,ICICI-CUST,RECEIVED,TRAIN
TRD104519,2026-08-19,TCS,INE104519,TCS,2000,4141.01,8282020.0,NOMURA-BROKER,EQ-INDEX-04,BOOKED,2026-08-20,SELL,4141.01,2000,2026-08-19,NOMURA-BROKER,RECEIVED,TRAIN
TRD104520,2026-08-05,ICICIBANK,INE104520,ICICIBANK,1500,1243.96,1865940.0,MORGANSTANLEY-BROKER,EQ-INDEX-04,BOOKED,2026-08-06,BUY,1243.96,1500,2026-08-05,MORGANSTANLEY-BROKER,RECEIVED,TEST
TRD104521,2026-08-13,SBIN,INE104521,SBIN,200,845.78,169156.0,HDFC-CUST,EQ-CORE-02,BOOKED,2026-08-14,SELL,845.78,200,2026-08-13,HDFC-CUST,RECEIVED,TRAIN
TRD104522,2026-08-21,INFY,INE104522,INFY,2000,1895.55,3791100.0,DEUTSCHE-BROKER,EQ-CORE-01,BOOKED,2026-08-22,BUY,1895.55,2000,2026-08-21,MORGANSTANLEY-BROKER,RECEIVED,TRAIN
TRD104523,2026-08-05,INFY,INE104523,INFY,250,1885.57,471392.5,HDFC-CUST,EQ-ALPHA-03,BOOKED,2026-08-06,BUY,1885.57,250,2026-08-05,HDFC-CUST,RECEIVED,TRAIN
TRD104524,2026-08-15,SBIN,INE104524,SBIN,1500,847.66,1271490.0,ICICI-CUST,EQ-CORE-02,BOOKED,2026-08-16,SELL,847.66,1500,2026-08-15,ICICI-CUST,RECEIVED,TEST
TRD104525,2026-08-02,TCS,INE104525,TCS,1000,4121.52,4121520.0,KOTAK-CUST,EQ-CORE-01,BOOKED,2026-08-03,BUY,4121.52,1000,2026-08-02,KOTAK-CUST,RECEIVED,TRAIN
TRD104526,2026-08-14,HINDUNILVR,INE104526,HINDUNILVR,100,2741.12,274112.0,DEUTSCHE-BROKER,EQ-INDEX-04,BOOKED,2026-08-15,BUY,2741.12,100,2026-08-14,DEUTSCHE-BROKER,RECEIVED,TRAIN
TRD104527,2026-08-07,WIPRO,INE104527,WIPRO,200,612.49,122498.0,MORGANSTANLEY-BROKER,EQ-CORE-02,BOOKED,2026-08-08,SELL,612.49,200,2026-08-07,MORGANSTANLEY-BROKER,RECEIVED,TRAIN
TRD104528,2026-08-16,LT,INE104528,LT,750,3690.14,2767605.0,NOMURA-BROKER,EQ-CORE-01,BOOKED,2026-08-17,SELL,3690.14,750,2026-08-16,NOMURA-BROKER,RECEIVED,TEST
TRD104529,2026-08-11,HINDUNILVR,INE104529,HINDUNILVR,500,2743.3,1371650.0,HDFC-CUST,EQ-INDEX-04,BOOKED,2026-08-12,SELL,2743.3,450,2026-08-11,HDFC-CUST,RECEIVED,TRAIN
TRD104530,2026-08-10,AXISBANK,INE104530,AXISBANK,1000,1184.13,1184130.0,KOTAK-CUST,EQ-ALPHA-03,BOOKED,2026-08-11,BUY,1184.13,1000,2026-08-10,KOTAK-CUST,RECEIVED,TRAIN
TRD104531,2026-08-09,RELIANCE,INE104531,RELIANCE,250,2840.81,710202.5,NOMURA-BROKER,EQ-CORE-02,BOOKED,2026-08-10,SELL,2840.81,250,2026-08-09,NOMURA-BROKER,RECEIVED,TRAIN
TRD104532,2026-08-03,LT,INE104532,LT,1500,3668.79,5503185.0,HDFC-CUST,EQ-INDEX-04,BOOKED,2026-08-04,BUY,3668.79,1500,2026-08-03,HDFC-CUST,RECEIVED,TRAIN
TRD104533,2026-08-02,ITC,INE104533,ITC,200,467.96,93592.0,HDFC-CUST,EQ-CORE-01,BOOKED,2026-08-03,BUY,467.96,200,2026-08-02,HDFC-CUST,RECEIVED,TRAIN
TRD104534,2026-08-13,TATASTEEL,INE104534,TATASTEEL,100,172.79,17279.0,NOMURA-BROKER,EQ-INDEX-04,BOOKED,2026-08-14,BUY,172.79,100,2026-08-13,NOMURA-BROKER,RECEIVED,TRAIN
TRD104535,2026-08-20,TATASTEEL,INE104535,TATASTEEL,750,172.95,129712.5,HDFC-CUST,EQ-INDEX-04,BOOKED,2026-08-21,BUY,172.95,750,2026-08-20,HDFC-CUST,RECEIVED,TRAIN
TRD104536,2026-08-15,BHARTIARTL,INE104536,BHARTIARTL,200,1682.36,336472.0,ICICI-CUST,EQ-CORE-01,BOOKED,2026-08-16,BUY,1712.75,275,2026-08-15,ICICI-CUST,RECEIVED,TEST
TRD104537,2026-08-13,MARUTI,INE104537,MARUTI,250,13010.33,3252582.5,NOMURA-BROKER,EQ-CORE-02,BOOKED,2026-08-14,SELL,13010.33,250,2026-08-13,NOMURA-BROKER,RECEIVED,TRAIN
TRD104538,2026-08-18,WIPRO,INE104538,WIPRO,2000,609.8,1219600.0,NOMURA-BROKER,EQ-CORE-02,BOOKED,2026-08-19,SELL,609.8,2000,2026-08-18,NOMURA-BROKER,RECEIVED,TRAIN
TRD104539,2026-08-03,TCS,INE104539,TCS,100,4109.23,410923.0,KOTAK-CUST,EQ-CORE-01,BOOKED,2026-08-04,BUY,4109.23,100,2026-08-03,KOTAK-CUST,RECEIVED,TRAIN
TRD104540,2026-08-04,HINDUNILVR,INE104540,HINDUNILVR,200,2746.03,549206.0,MORGANSTANLEY-BROKER,EQ-CORE-01,BOOKED,2026-08-05,SELL,2746.03,200,2026-08-04,MORGANSTANLEY-BROKER,RECEIVED,TRAIN
TRD104541,2026-08-08,RELIANCE,INE104541,RELIANCE,1000,2862.52,2862520.0,HDFC-CUST,EQ-ALPHA-03,BOOKED,2026-08-09,BUY,2862.52,1000,2026-08-08,HDFC-CUST,RECEIVED,TRAIN
TRD104542,2026-08-15,ITC,INE104542,ITC,100,468.01,46801.0,ICICI-CUST,EQ-ALPHA-03,BOOKED,2026-08-16,SELL,468.01,100,2026-08-15,ICICI-CUST,RECEIVED,TRAIN
TRD104543,2026-08-13,RELIANCE,INE104543,RELIANCE,750,2858.83,2144122.5,DEUTSCHE-BROKER,EQ-CORE-01,BOOKED,2026-08-14,SELL,2858.83,750,2026-08-13,DEUTSCHE-BROKER,RECEIVED,TEST
TRD104544,2026-08-03,KOTAKBANK,INE104544,KOTAKBANK,2000,1956.22,3912440.0,ICICI-CUST,EQ-CORE-02,BOOKED,2026-08-04,BUY,1956.22,2000,2026-08-03,ICICI-CUST,RECEIVED,TRAIN
TRD104545,2026-08-13,ICICIBANK,INE104545,ICICIBANK,1000,1244.06,1244060.0,KOTAK-CUST,EQ-ALPHA-03,BOOKED,2026-08-14,SELL,1244.06,1000,2026-08-13,KOTAK-CUST,RECEIVED,TRAIN
TRD104546,2026-08-16,INFY,INE104546,INFY,250,1889.5,472375.0,MORGANSTANLEY-BROKER,EQ-ALPHA-03,BOOKED,2026-08-17,BUY,1889.5,250,2026-08-16,MORGANSTANLEY-BROKER,RECEIVED,TRAIN
TRD104547,2026-08-07,ITC,INE104547,ITC,750,466.68,350010.0,DEUTSCHE-BROKER,EQ-ALPHA-03,BOOKED,2026-08-08,SELL,466.68,750,2026-08-07,DEUTSCHE-BROKER,RECEIVED,TRAIN
TRD104548,2026-08-08,AXISBANK,INE104548,AXISBANK,2000,1174.39,2348780.0,HDFC-CUST,EQ-CORE-01,BOOKED,2026-08-09,BUY,1174.39,2000,2026-08-08,HDFC-CUST,RECEIVED,TEST
TRD104549,2026-08-21,BHARTIARTL,INE104549,BHARTIARTL,750,1683.45,1262587.5,DEUTSCHE-BROKER,EQ-ALPHA-03,BOOKED,2026-08-22,BUY,1683.45,750,2026-08-21,DEUTSCHE-BROKER,RECEIVED,TRAIN
TRD104550,2026-08-06,RELIANCE,INE104550,RELIANCE,1500,2836.73,4255095.0,DEUTSCHE-BROKER,EQ-INDEX-04,BOOKED,2026-08-07,SELL,2836.73,1500,2026-08-06,DEUTSCHE-BROKER,RECEIVED,TRAIN
TRD104551,2026-08-18,HDFCBANK,INE104551,HDFCBANK,200,1678.6,335720.0,ICICI-CUST,EQ-ALPHA-03,BOOKED,2026-08-19,SELL,1678.6,200,2026-08-18,ICICI-CUST,RECEIVED,TRAIN
TRD104552,2026-08-02,TATASTEEL,INE104552,TATASTEEL,1500,172.0,258000.0,ICICI-CUST,EQ-CORE-01,BOOKED,2026-08-03,SELL,172.0,1500,2026-08-02,ICICI-CUST,RECEIVED,TRAIN
TRD104553,2026-08-04,KOTAKBANK,INE104553,KOTAKBANK,1000,1951.7,1951700.0,HDFC-CUST,EQ-ALPHA-03,BOOKED,2026-08-05,BUY,1951.7,1000,2026-08-04,HDFC-CUST,RECEIVED,TEST
TRD104554,2026-08-10,BHARTIARTL,INE104554,BHARTIARTL,100,1688.52,168852.0,ICICI-CUST,EQ-CORE-01,BOOKED,2026-08-11,SELL,1688.52,100,2026-08-10,ICICI-CUST,RECEIVED,TEST
TRD104555,2026-08-13,ITC,INE104555,ITC,750,471.01,353257.5,DEUTSCHE-BROKER,EQ-ALPHA-03,BOOKED,2026-08-14,SELL,471.01,750,2026-08-13,DEUTSCHE-BROKER,RECEIVED,TRAIN
TRD104556,2026-08-17,HINDUNILVR,INE104556,HINDUNILVR,750,2745.84,2059380.0,ICICI-CUST,EQ-INDEX-04,BOOKED,2026-08-18,BUY,2745.84,750,2026-08-17,ICICI-CUST,RECEIVED,TRAIN
TRD104557,2026-08-04,TATASTEEL,INE104557,TATASTEEL,500,172.29,86145.0,ICICI-CUST,EQ-CORE-01,BOOKED,2026-08-05,SELL,172.29,500,2026-08-04,ICICI-CUST,RECEIVED,TRAIN
TRD104558,2026-08-03,HINDUNILVR,INE104558,HINDUNILVR,2000,2731.98,5463960.0,DEUTSCHE-BROKER,EQ-INDEX-04,BOOKED,2026-08-04,BUY,2731.98,2000,2026-08-03,DEUTSCHE-BROKER,RECEIVED,TEST
TRD104559,2026-08-10,KOTAKBANK,INE104559,KOTAKBANK,2000,1952.05,3904100.0,MORGANSTANLEY-BROKER,EQ-CORE-02,BOOKED,2026-08-11,BUY,1952.05,2100,2026-08-10,MORGANSTANLEY-BROKER,RECEIVED,TRAIN
TRD104560,2026-08-04,MARUTI,INE104560,MARUTI,100,12972.75,1297275.0,ICICI-CUST,EQ-CORE-01,BOOKED,2026-08-05,SELL,12972.75,100,2026-08-04,ICICI-CUST,RECEIVED,TRAIN
TRD104561,2026-08-02,TCS,INE104561,TCS,1500,4134.44,6201660.0,KOTAK-CUST,EQ-CORE-01,BOOKED,2026-08-03,BUY,4134.44,1500,2026-08-02,KOTAK-CUST,RECEIVED,TEST
TRD104562,2026-08-10,TATASTEEL,INE104562,TATASTEEL,200,172.05,34410.0,ICICI-CUST,EQ-ALPHA-03,BOOKED,2026-08-11,SELL,172.05,200,2026-08-10,ICICI-CUST,RECEIVED,TRAIN
TRD104563,2026-08-08,MARUTI,INE104563,MARUTI,1500,12973.22,19459830.0,HDFC-CUST,EQ-CORE-02,BOOKED,2026-08-09,SELL,12973.22,1500,2026-08-08,HDFC-CUST,RECEIVED,TRAIN
TRD104564,2026-08-11,KOTAKBANK,INE104564,KOTAKBANK,1500,1965.18,2947770.0,KOTAK-CUST,EQ-CORE-02,BOOKED,2026-08-12,BUY,,,,,MISSING,TRAIN
TRD104565,2026-08-01,AXISBANK,INE104565,AXISBANK,200,1180.01,236002.0,HDFC-CUST,EQ-CORE-02,BOOKED,2026-08-02,SELL,1180.01,200,2026-08-01,HDFC-CUST,RECEIVED,TRAIN
TRD104566,2026-08-02,HDFCBANK,INE104566,HDFCBANK,100,1681.51,168151.0,KOTAK-CUST,EQ-CORE-02,BOOKED,2026-08-03,SELL,1681.51,100,2026-08-02,KOTAK-CUST,RECEIVED,TRAIN
TRD104567,2026-08-07,KOTAKBANK,INE104567,KOTAKBANK,1500,1965.09,2947635.0,NOMURA-BROKER,EQ-INDEX-04,BOOKED,2026-08-08,BUY,1965.09,1500,2026-08-07,NOMURA-BROKER,RECEIVED,TEST
TRD104568,2026-08-15,WIPRO,INE104568,WIPRO,2000,611.25,1222500.0,HDFC-CUST,EQ-CORE-01,BOOKED,2026-08-16,SELL,594.69,2000,2026-08-15,HDFC-CUST,RECEIVED,TRAIN
TRD104569,2026-08-05,HDFCBANK,INE104569,HDFCBANK,750,1679.61,1259707.5,KOTAK-CUST,EQ-INDEX-04,BOOKED,2026-08-06,BUY,1679.61,750,2026-08-05,KOTAK-CUST,RECEIVED,TRAIN
TRD104570,2026-08-18,TATASTEEL,INE104570,TATASTEEL,500,172.95,86475.0,KOTAK-CUST,EQ-INDEX-04,BOOKED,2026-08-19,SELL,172.95,500,2026-08-18,KOTAK-CUST,RECEIVED,TRAIN
TRD104571,2026-08-05,KOTAKBANK,INE104571,KOTAKBANK,500,1962.26,981130.0,DEUTSCHE-BROKER,EQ-INDEX-04,BOOKED,2026-08-06,SELL,1962.26,500,2026-08-05,DEUTSCHE-BROKER,RECEIVED,TRAIN
TRD104572,2026-08-03,KOTAKBANK,INE104572,KOTAKBANK,200,1951.02,390204.0,HDFC-CUST,EQ-ALPHA-03,BOOKED,2026-08-04,BUY,1951.02,200,2026-08-03,HDFC-CUST,RECEIVED,TRAIN
TRD104573,2026-08-16,HINDUNILVR,INE104573,HINDUNILVR,200,2756.43,551286.0,MORGANSTANLEY-BROKER,EQ-INDEX-04,BOOKED,2026-08-17,SELL,2756.43,200,2026-08-16,MORGANSTANLEY-BROKER,RECEIVED,TRAIN
TRD104574,2026-08-12,TATASTEEL,INE104574,TATASTEEL,100,172.33,17233.0,KOTAK-CUST,EQ-CORE-01,BOOKED,2026-08-13,SELL,172.33,100,2026-08-12,KOTAK-CUST,RECEIVED,TRAIN
TRD104575,2026-08-15,MARUTI,INE104575,MARUTI,500,13022.15,6511075.0,MORGANSTANLEY-BROKER,EQ-CORE-02,BOOKED,2026-08-16,BUY,13022.15,500,2026-08-15,MORGANSTANLEY-BROKER,RECEIVED,TRAIN
TRD104576,2026-08-11,TATASTEEL,INE104576,TATASTEEL,200,172.26,34452.0,ICICI-CUST,EQ-INDEX-04,BOOKED,2026-08-12,BUY,172.26,200,2026-08-11,ICICI-CUST,RECEIVED,TRAIN
TRD104577,2026-08-13,TATASTEEL,INE104577,TATASTEEL,1000,172.88,172880.0,KOTAK-CUST,EQ-INDEX-04,BOOKED,2026-08-14,BUY,172.88,1000,2026-08-13,KOTAK-CUST,RECEIVED,TRAIN
TRD104578,2026-08-10,MARUTI,INE104578,MARUTI,2000,12917.12,25834240.0,NOMURA-BROKER,EQ-ALPHA-03,BOOKED,2026-08-11,SELL,12917.12,2000,2026-08-10,NOMURA-BROKER,RECEIVED,TEST
TRD104579,2026-08-08,ITC,INE104579,ITC,100,470.53,47053.0,MORGANSTANLEY-BROKER,EQ-CORE-02,BOOKED,2026-08-09,SELL,470.53,100,2026-08-08,MORGANSTANLEY-BROKER,RECEIVED,TRAIN
TRD104580,2026-08-04,KOTAKBANK,INE104580,KOTAKBANK,250,1955.22,488805.0,NOMURA-BROKER,EQ-INDEX-04,BOOKED,2026-08-05,SELL,1955.22,250,2026-08-04,NOMURA-BROKER,RECEIVED,TRAIN
TRD104581,2026-08-05,WIPRO,INE104581,WIPRO,250,609.51,152377.5,MORGANSTANLEY-BROKER,EQ-CORE-01,BOOKED,2026-08-06,SELL,609.51,250,2026-08-05,MORGANSTANLEY-BROKER,RECEIVED,TRAIN
TRD104582,2026-08-02,RELIANCE,INE104582,RELIANCE,250,2847.35,711837.5,ICICI-CUST,EQ-CORE-01,BOOKED,2026-08-03,BUY,2847.35,250,2026-08-02,ICICI-CUST,RECEIVED,TRAIN
TRD104583,2026-08-02,HINDUNILVR,INE104583,HINDUNILVR,200,2750.19,550038.0,ICICI-CUST,EQ-ALPHA-03,BOOKED,2026-08-03,SELL,2750.19,200,2026-08-02,ICICI-CUST,RECEIVED,TEST
TRD104584,2026-08-19,TCS,INE104584,TCS,1500,4103.05,6154575.0,DEUTSCHE-BROKER,EQ-CORE-02,BOOKED,2026-08-20,SELL,4103.05,1500,2026-08-19,DEUTSCHE-BROKER,RECEIVED,TRAIN
TRD104585,2026-08-20,HINDUNILVR,INE104585,HINDUNILVR,750,2758.45,2068837.5,NOMURA-BROKER,EQ-CORE-01,BOOKED,2026-08-21,BUY,2758.45,750,2026-08-20,NOMURA-BROKER,RECEIVED,TRAIN
TRD104586,2026-08-18,TCS,INE104586,TCS,500,4100.2,2050100.0,MORGANSTANLEY-BROKER,EQ-CORE-02,BOOKED,2026-08-19,BUY,4100.2,500,2026-08-18,MORGANSTANLEY-BROKER,RECEIVED,TRAIN
TRD104587,2026-08-13,LT,INE104587,LT,750,3686.26,2764695.0,MORGANSTANLEY-BROKER,EQ-CORE-01,BOOKED,2026-08-14,SELL,3686.26,750,2026-08-13,MORGANSTANLEY-BROKER,RECEIVED,TRAIN
TRD104588,2026-08-07,ITC,INE104588,ITC,250,467.48,116870.0,ICICI-CUST,EQ-CORE-01,BOOKED,2026-08-08,SELL,467.48,250,2026-08-07,ICICI-CUST,RECEIVED,TEST
TRD104589,2026-08-16,KOTAKBANK,INE104589,KOTAKBANK,750,1956.27,1467202.5,NOMURA-BROKER,EQ-INDEX-04,BOOKED,2026-08-17,BUY,1956.27,750,2026-08-16,NOMURA-BROKER,RECEIVED,TRAIN
TRD104590,2026-08-12,KOTAKBANK,INE104590,KOTAKBANK,1500,1962.66,2943990.0,KOTAK-CUST,EQ-INDEX-04,BOOKED,2026-08-13,BUY,1962.66,1500,2026-08-12,KOTAK-CUST,RECEIVED,TRAIN
TRD104591,2026-08-03,AXISBANK,INE104591,AXISBANK,250,1175.84,293960.0,MORGANSTANLEY-BROKER,EQ-CORE-02,BOOKED,2026-08-04,BUY,1175.84,250,2026-08-03,MORGANSTANLEY-BROKER,RECEIVED,TRAIN
TRD104592,2026-08-03,RELIANCE,INE104592,RELIANCE,1500,2842.33,4263495.0,MORGANSTANLEY-BROKER,EQ-INDEX-04,BOOKED,2026-08-04,SELL,2842.33,1500,2026-08-03,MORGANSTANLEY-BROKER,RECEIVED,TRAIN
TRD104593,2026-08-21,TCS,INE104593,TCS,2000,4115.99,8231980.0,NOMURA-BROKER,EQ-CORE-02,BOOKED,2026-08-22,BUY,4115.99,2000,2026-08-21,NOMURA-BROKER,RECEIVED,TRAIN
TRD104594,2026-08-04,INFY,INE104594,INFY,500,1888.66,944330.0,NOMURA-BROKER,EQ-INDEX-04,BOOKED,2026-08-05,BUY,1888.66,500,2026-08-04,NOMURA-BROKER,RECEIVED,TRAIN
TRD104595,2026-08-21,BHARTIARTL,INE104595,BHARTIARTL,500,1687.3,843650.0,MORGANSTANLEY-BROKER,EQ-CORE-01,BOOKED,2026-08-22,SELL,,,,,MISSING,TRAIN
TRD104596,2026-08-01,MARUTI,INE104596,MARUTI,2000,12971.5,25943000.0,HDFC-CUST,EQ-CORE-02,BOOKED,2026-08-02,BUY,12971.5,2000,2026-08-01,HDFC-CUST,RECEIVED,TRAIN
TRD104597,2026-08-08,HINDUNILVR,INE104597,HINDUNILVR,200,2751.45,550290.0,NOMURA-BROKER,EQ-CORE-02,BOOKED,2026-08-09,SELL,2751.45,200,2026-08-08,NOMURA-BROKER,RECEIVED,TRAIN
TRD104598,2026-08-21,INFY,INE104598,INFY,250,1897.59,474397.5,DEUTSCHE-BROKER,EQ-INDEX-04,BOOKED,2026-08-22,BUY,1897.59,250,2026-08-21,DEUTSCHE-BROKER,RECEIVED,TEST
TRD104599,2026-08-08,INFY,INE104599,INFY,1500,1897.64,2846460.0,DEUTSCHE-BROKER,EQ-ALPHA-03,BOOKED,2026-08-09,SELL,1897.64,1500,2026-08-08,DEUTSCHE-BROKER,RECEIVED,TRAIN
TRD104600,2026-08-11,MARUTI,INE104600,MARUTI,250,13036.63,3259157.5,HDFC-CUST,EQ-INDEX-04,BOOKED,2026-08-12,SELL,13036.63,250,2026-08-11,HDFC-CUST,RECEIVED,TRAIN
TRD104601,2026-08-09,ICICIBANK,INE104601,ICICIBANK,750,1243.08,932310.0,HDFC-CUST,EQ-INDEX-04,BOOKED,2026-08-10,SELL,1243.08,750,2026-08-09,HDFC-CUST,RECEIVED,TRAIN
TRD104602,2026-08-04,LT,INE104602,LT,200,3693.84,738768.0,ICICI-CUST,EQ-ALPHA-03,BOOKED,2026-08-05,BUY,3693.84,200,2026-08-04,ICICI-CUST,RECEIVED,TRAIN
TRD104603,2026-08-01,HDFCBANK,INE104603,HDFCBANK,100,1673.96,167396.0,MORGANSTANLEY-BROKER,EQ-CORE-01,BOOKED,2026-08-02,SELL,1673.96,100,2026-08-01,MORGANSTANLEY-BROKER,RECEIVED,TEST
TRD104604,2026-08-11,LT,INE104604,LT,2000,3679.37,7358740.0,KOTAK-CUST,EQ-ALPHA-03,BOOKED,2026-08-12,BUY,3679.37,2000,2026-08-11,KOTAK-CUST,RECEIVED,TRAIN
TRD104605,2026-08-06,HINDUNILVR,INE104605,HINDUNILVR,1500,2751.05,4126575.0,DEUTSCHE-BROKER,EQ-INDEX-04,BOOKED,2026-08-07,BUY,2751.05,1500,2026-08-06,KOTAK-CUST,RECEIVED,TEST
TRD104606,2026-08-05,INFY,INE104606,INFY,1000,1891.76,1891760.0,ICICI-CUST,EQ-ALPHA-03,BOOKED,2026-08-06,SELL,1891.76,1000,2026-08-05,ICICI-CUST,RECEIVED,TRAIN
TRD104607,2026-08-14,HDFCBANK,INE104607,HDFCBANK,2000,1669.64,3339280.0,HDFC-CUST,EQ-INDEX-04,BOOKED,2026-08-15,SELL,1669.64,2000,2026-08-14,HDFC-CUST,RECEIVED,TRAIN
TRD104608,2026-08-07,WIPRO,INE104608,WIPRO,100,608.62,60862.0,KOTAK-CUST,EQ-ALPHA-03,BOOKED,2026-08-08,BUY,608.62,100,2026-08-07,KOTAK-CUST,RECEIVED,TEST
TRD104609,2026-08-11,LT,INE104609,LT,100,3668.2,366820.0,KOTAK-CUST,EQ-INDEX-04,BOOKED,2026-08-12,SELL,3668.2,100,2026-08-11,KOTAK-CUST,RECEIVED,TRAIN
TRD104610,2026-08-19,HINDUNILVR,INE104610,HINDUNILVR,500,2751.68,1375840.0,HDFC-CUST,EQ-ALPHA-03,BOOKED,2026-08-20,SELL,2751.68,500,2026-08-19,HDFC-CUST,RECEIVED,TRAIN
TRD104611,2026-08-03,MARUTI,INE104611,MARUTI,1000,13014.22,13014220.0,MORGANSTANLEY-BROKER,EQ-CORE-02,BOOKED,2026-08-04,SELL,13014.22,1000,2026-08-03,MORGANSTANLEY-BROKER,RECEIVED,TRAIN
TRD104612,2026-08-03,WIPRO,INE104612,WIPRO,2000,608.94,1217880.0,ICICI-CUST,EQ-CORE-01,BOOKED,2026-08-04,SELL,608.94,2000,2026-08-03,ICICI-CUST,RECEIVED,TRAIN
TRD104613,2026-08-15,KOTAKBANK,INE104613,KOTAKBANK,500,1965.24,982620.0,ICICI-CUST,EQ-CORE-02,BOOKED,2026-08-16,SELL,1965.24,500,2026-08-15,ICICI-CUST,RECEIVED,TRAIN
TRD104614,2026-08-21,INFY,INE104614,INFY,1000,1888.28,1888280.0,DEUTSCHE-BROKER,EQ-INDEX-04,BOOKED,2026-08-22,BUY,1888.28,1000,2026-08-21,DEUTSCHE-BROKER,RECEIVED,TRAIN
TRD104615,2026-08-18,TCS,INE104615,TCS,250,4115.18,1028795.0,KOTAK-CUST,EQ-CORE-02,BOOKED,2026-08-19,BUY,4115.18,250,2026-08-18,KOTAK-CUST,RECEIVED,TRAIN
TRD104616,2026-08-18,HDFCBANK,INE104616,HDFCBANK,100,1680.17,168017.0,ICICI-CUST,EQ-ALPHA-03,BOOKED,2026-08-19,SELL,1680.17,100,2026-08-18,ICICI-CUST,RECEIVED,TEST
TRD104617,2026-08-17,HDFCBANK,INE104617,HDFCBANK,100,1679.27,167927.0,NOMURA-BROKER,EQ-CORE-02,BOOKED,2026-08-18,BUY,1679.27,100,2026-08-17,NOMURA-BROKER,RECEIVED,TEST
TRD104618,2026-08-18,KOTAKBANK,INE104618,KOTAKBANK,750,1965.37,1474027.5,HDFC-CUST,EQ-INDEX-04,BOOKED,2026-08-19,BUY,1965.37,750,2026-08-18,HDFC-CUST,RECEIVED,TRAIN
TRD104619,2026-08-02,TATASTEEL,INE104619,TATASTEEL,250,172.97,43242.5,DEUTSCHE-BROKER,EQ-CORE-02,BOOKED,2026-08-03,BUY,172.97,250,2026-08-02,DEUTSCHE-BROKER,RECEIVED,TRAIN
TRD104620,2026-08-14,INFY,INE104620,INFY,2000,1885.19,3770380.0,KOTAK-CUST,EQ-ALPHA-03,BOOKED,2026-08-15,SELL,1910.62,2000,2026-08-14,KOTAK-CUST,RECEIVED,TRAIN
TRD104621,2026-08-05,INFY,INE104621,INFY,250,1880.9,470225.0,ICICI-CUST,EQ-CORE-01,BOOKED,2026-08-06,SELL,1880.9,250,2026-08-05,ICICI-CUST,RECEIVED,TRAIN
TRD104622,2026-08-05,MARUTI,INE104622,MARUTI,100,12986.54,1298654.0,MORGANSTANLEY-BROKER,EQ-INDEX-04,BOOKED,2026-08-06,SELL,12986.54,100,2026-08-05,MORGANSTANLEY-BROKER,RECEIVED,TRAIN
TRD104623,2026-08-06,MARUTI,INE104623,MARUTI,200,12971.8,2594360.0,DEUTSCHE-BROKER,EQ-INDEX-04,BOOKED,2026-08-07,BUY,12971.8,200,2026-08-06,DEUTSCHE-BROKER,RECEIVED,TRAIN
TRD104624,2026-08-06,KOTAKBANK,INE104624,KOTAKBANK,1500,1952.3,2928450.0,MORGANSTANLEY-BROKER,EQ-ALPHA-03,BOOKED,2026-08-07,SELL,1952.3,1500,2026-08-06,MORGANSTANLEY-BROKER,RECEIVED,TRAIN
TRD104625,2026-08-01,SBIN,INE104625,SBIN,200,847.16,169432.0,ICICI-CUST,EQ-ALPHA-03,BOOKED,2026-08-02,BUY,847.16,200,2026-08-01,ICICI-CUST,RECEIVED,TRAIN
TRD104626,2026-08-18,RELIANCE,INE104626,RELIANCE,200,2853.88,570776.0,KOTAK-CUST,EQ-CORE-02,BOOKED,2026-08-19,BUY,2853.88,200,2026-08-18,MORGANSTANLEY-BROKER,RECEIVED,TRAIN
TRD104627,2026-08-02,BHARTIARTL,INE104627,BHARTIARTL,250,1685.46,421365.0,ICICI-CUST,EQ-CORE-02,BOOKED,2026-08-03,SELL,1685.46,250,2026-08-02,ICICI-CUST,RECEIVED,TRAIN
TRD104628,2026-08-08,RELIANCE,INE104628,RELIANCE,2000,2840.09,5680180.0,KOTAK-CUST,EQ-CORE-01,BOOKED,2026-08-09,BUY,2840.09,2000,2026-08-08,KOTAK-CUST,RECEIVED,TRAIN
TRD104629,2026-08-07,WIPRO,INE104629,WIPRO,500,607.32,303660.0,NOMURA-BROKER,EQ-ALPHA-03,BOOKED,2026-08-08,BUY,607.32,500,2026-08-07,NOMURA-BROKER,RECEIVED,TRAIN
TRD104630,2026-08-15,TATASTEEL,INE104630,TATASTEEL,750,171.93,128947.5,KOTAK-CUST,EQ-CORE-02,BOOKED,2026-08-16,BUY,171.93,750,2026-08-15,KOTAK-CUST,RECEIVED,TRAIN
TRD104631,2026-08-18,BHARTIARTL,INE104631,BHARTIARTL,250,1696.31,424077.5,ICICI-CUST,EQ-CORE-01,BOOKED,2026-08-19,SELL,1696.31,250,2026-08-18,ICICI-CUST,RECEIVED,TRAIN
TRD104632,2026-08-14,WIPRO,INE104632,WIPRO,1500,608.65,912975.0,DEUTSCHE-BROKER,EQ-INDEX-04,BOOKED,2026-08-15,SELL,608.65,1500,2026-08-14,DEUTSCHE-BROKER,RECEIVED,TEST
TRD104633,2026-08-07,WIPRO,INE104633,WIPRO,750,607.35,455512.5,ICICI-CUST,EQ-ALPHA-03,BOOKED,2026-08-08,SELL,607.35,750,2026-08-07,ICICI-CUST,RECEIVED,TRAIN
TRD104634,2026-08-01,ICICIBANK,INE104634,ICICIBANK,750,1235.39,926542.5,DEUTSCHE-BROKER,EQ-CORE-01,BOOKED,2026-08-02,SELL,1235.39,750,2026-08-01,DEUTSCHE-BROKER,RECEIVED,TRAIN
TRD104635,2026-08-01,BHARTIARTL,INE104635,BHARTIARTL,750,1691.76,1268820.0,ICICI-CUST,EQ-ALPHA-03,BOOKED,2026-08-02,SELL,1691.76,750,2026-08-01,ICICI-CUST,RECEIVED,TRAIN
TRD104636,2026-08-04,HINDUNILVR,INE104636,HINDUNILVR,1000,2747.04,2747040.0,KOTAK-CUST,EQ-CORE-01,BOOKED,2026-08-05,SELL,2747.04,1000,2026-08-04,KOTAK-CUST,RECEIVED,TRAIN
TRD104637,2026-08-14,BHARTIARTL,INE104637,BHARTIARTL,750,1684.36,1263270.0,NOMURA-BROKER,EQ-CORE-02,BOOKED,2026-08-15,BUY,1684.36,750,2026-08-14,NOMURA-BROKER,RECEIVED,TRAIN
TRD104638,2026-08-04,AXISBANK,INE104638,AXISBANK,250,1177.84,294460.0,KOTAK-CUST,EQ-CORE-01,BOOKED,2026-08-05,SELL,1177.84,250,2026-08-04,KOTAK-CUST,RECEIVED,TRAIN
TRD104639,2026-08-14,MARUTI,INE104639,MARUTI,100,13000.01,1300001.0,MORGANSTANLEY-BROKER,EQ-INDEX-04,BOOKED,2026-08-15,BUY,13000.01,100,2026-08-14,MORGANSTANLEY-BROKER,RECEIVED,TRAIN
TRD104640,2026-08-06,WIPRO,INE104640,WIPRO,500,608.04,304020.0,NOMURA-BROKER,EQ-ALPHA-03,BOOKED,2026-08-07,SELL,608.04,500,2026-08-06,NOMURA-BROKER,RECEIVED,TRAIN
TRD104641,2026-08-05,INFY,INE104641,INFY,500,1894.01,947005.0,NOMURA-BROKER,EQ-CORE-01,BOOKED,2026-08-06,SELL,1894.01,500,2026-08-05,NOMURA-BROKER,RECEIVED,TRAIN
TRD104642,2026-08-21,LT,INE104642,LT,500,3697.97,1848985.0,DEUTSCHE-BROKER,EQ-ALPHA-03,BOOKED,2026-08-22,BUY,3697.97,500,2026-08-21,DEUTSCHE-BROKER,RECEIVED,TRAIN
TRD104643,2026-08-10,SBIN,INE104643,SBIN,750,847.63,635722.5,DEUTSCHE-BROKER,EQ-INDEX-04,BOOKED,2026-08-11,BUY,847.63,750,2026-08-10,DEUTSCHE-BROKER,RECEIVED,TEST
TRD104644,2026-08-02,SBIN,INE104644,SBIN,500,846.41,423205.0,ICICI-CUST,EQ-CORE-01,BOOKED,2026-08-03,BUY,846.41,500,2026-08-02,ICICI-CUST,RECEIVED,TRAIN
TRD104645,2026-08-11,TATASTEEL,INE104645,TATASTEEL,1000,172.93,172930.0,KOTAK-CUST,EQ-INDEX-04,BOOKED,2026-08-12,BUY,172.93,1000,2026-08-11,KOTAK-CUST,RECEIVED,TRAIN
TRD104646,2026-08-18,ITC,INE104646,ITC,2000,469.86,939720.0,MORGANSTANLEY-BROKER,EQ-CORE-02,BOOKED,2026-08-19,SELL,469.86,2000,2026-08-18,MORGANSTANLEY-BROKER,RECEIVED,TEST
TRD104647,2026-08-15,RELIANCE,INE104647,RELIANCE,500,2838.6,1419300.0,KOTAK-CUST,EQ-CORE-01,BOOKED,2026-08-16,BUY,2881.61,500,2026-08-15,KOTAK-CUST,RECEIVED,TEST
TRD104648,2026-08-12,RELIANCE,INE104648,RELIANCE,750,2862.14,2146605.0,MORGANSTANLEY-BROKER,EQ-CORE-01,BOOKED,2026-08-13,SELL,2862.14,750,2026-08-12,MORGANSTANLEY-BROKER,RECEIVED,TRAIN
TRD104649,2026-08-10,TCS,INE104649,TCS,1500,4102.92,6154380.0,HDFC-CUST,EQ-CORE-02,BOOKED,2026-08-11,BUY,4102.92,1500,2026-08-10,HDFC-CUST,RECEIVED,TRAIN
TRD104650,2026-08-10,SBIN,INE104650,SBIN,1000,849.49,849490.0,NOMURA-BROKER,EQ-ALPHA-03,BOOKED,2026-08-11,BUY,849.49,1000,2026-08-10,NOMURA-BROKER,RECEIVED,TRAIN
TRD104651,2026-08-12,RELIANCE,INE104651,RELIANCE,1000,2857.24,2857240.0,MORGANSTANLEY-BROKER,EQ-INDEX-04,BOOKED,2026-08-13,SELL,2857.24,1000,2026-08-12,MORGANSTANLEY-BROKER,RECEIVED,TRAIN
TRD104652,2026-08-20,SBIN,INE104652,SBIN,2000,845.57,1691140.0,ICICI-CUST,EQ-CORE-01,BOOKED,2026-08-21,BUY,845.57,2000,2026-08-20,ICICI-CUST,RECEIVED,TEST
TRD104653,2026-08-18,HINDUNILVR,INE104653,HINDUNILVR,2000,2759.04,5518080.0,HDFC-CUST,EQ-CORE-01,BOOKED,2026-08-19,SELL,2759.04,2000,2026-08-18,HDFC-CUST,RECEIVED,TRAIN
TRD104654,2026-08-05,HINDUNILVR,INE104654,HINDUNILVR,1000,2744.71,2744710.0,DEUTSCHE-BROKER,EQ-ALPHA-03,BOOKED,2026-08-06,SELL,2744.71,1000,2026-08-05,DEUTSCHE-BROKER,RECEIVED,TRAIN
TRD104655,2026-08-13,HINDUNILVR,INE104655,HINDUNILVR,200,2734.28,546856.0,ICICI-CUST,EQ-ALPHA-03,BOOKED,2026-08-14,SELL,2734.28,200,2026-08-13,ICICI-CUST,RECEIVED,TRAIN
TRD104656,2026-08-04,TATASTEEL,INE104656,TATASTEEL,100,172.96,17296.0,KOTAK-CUST,EQ-CORE-02,BOOKED,2026-08-05,BUY,172.96,100,2026-08-04,KOTAK-CUST,RECEIVED,TEST
TRD104657,2026-08-17,TCS,INE104657,TCS,500,4108.45,2054225.0,MORGANSTANLEY-BROKER,EQ-INDEX-04,BOOKED,2026-08-18,BUY,4108.45,500,2026-08-17,MORGANSTANLEY-BROKER,RECEIVED,TRAIN
TRD104658,2026-08-14,RELIANCE,INE104658,RELIANCE,500,2844.01,1422005.0,NOMURA-BROKER,EQ-CORE-01,BOOKED,2026-08-15,BUY,2844.01,500,2026-08-14,NOMURA-BROKER,RECEIVED,TRAIN
TRD104659,2026-08-16,KOTAKBANK,INE104659,KOTAKBANK,500,1946.06,973030.0,KOTAK-CUST,EQ-INDEX-04,BOOKED,2026-08-17,BUY,1976.05,500,2026-08-16,KOTAK-CUST,RECEIVED,TRAIN
TRD104660,2026-08-19,WIPRO,INE104660,WIPRO,200,611.86,122372.0,MORGANSTANLEY-BROKER,EQ-INDEX-04,BOOKED,2026-08-20,BUY,611.86,200,2026-08-19,MORGANSTANLEY-BROKER,RECEIVED,TRAIN
TRD104661,2026-08-11,ITC,INE104661,ITC,200,469.53,93906.0,NOMURA-BROKER,EQ-INDEX-04,BOOKED,2026-08-12,BUY,469.53,200,2026-08-11,NOMURA-BROKER,RECEIVED,TRAIN
TRD104662,2026-08-16,TATASTEEL,INE104662,TATASTEEL,500,171.95,85975.0,NOMURA-BROKER,EQ-ALPHA-03,BOOKED,2026-08-17,BUY,171.95,500,2026-08-16,NOMURA-BROKER,RECEIVED,TRAIN
TRD104663,2026-08-18,LT,INE104663,LT,1000,3688.76,3688760.0,MORGANSTANLEY-BROKER,EQ-INDEX-04,BOOKED,2026-08-19,BUY,3688.76,1000,2026-08-18,MORGANSTANLEY-BROKER,RECEIVED,TRAIN
TRD104664,2026-08-19,LT,INE104664,LT,750,3690.31,2767732.5,DEUTSCHE-BROKER,EQ-INDEX-04,BOOKED,2026-08-20,BUY,3690.31,750,2026-08-19,DEUTSCHE-BROKER,RECEIVED,TRAIN
TRD104665,2026-08-16,RELIANCE,INE104665,RELIANCE,100,2854.63,285463.0,HDFC-CUST,EQ-INDEX-04,BOOKED,2026-08-17,SELL,2854.63,100,2026-08-16,HDFC-CUST,RECEIVED,TRAIN
TRD104666,2026-08-11,AXISBANK,INE104666,AXISBANK,750,1183.58,887685.0,DEUTSCHE-BROKER,EQ-ALPHA-03,BOOKED,2026-08-12,SELL,1183.58,750,2026-08-11,DEUTSCHE-BROKER,RECEIVED,TEST
TRD104667,2026-08-02,ICICIBANK,INE104667,ICICIBANK,200,1245.14,249028.0,DEUTSCHE-BROKER,EQ-INDEX-04,BOOKED,2026-08-03,BUY,1245.14,200,2026-08-02,DEUTSCHE-BROKER,RECEIVED,TRAIN
TRD104668,2026-08-21,WIPRO,INE104668,WIPRO,1500,608.12,912180.0,KOTAK-CUST,EQ-ALPHA-03,BOOKED,2026-08-22,BUY,608.12,1500,2026-08-21,KOTAK-CUST,RECEIVED,TRAIN
TRD104669,2026-08-19,ICICIBANK,INE104669,ICICIBANK,2000,1244.9,2489800.0,ICICI-CUST,EQ-INDEX-04,BOOKED,2026-08-20,BUY,1244.9,2000,2026-08-19,ICICI-CUST,RECEIVED,TEST
TRD104670,2026-08-19,TATASTEEL,INE104670,TATASTEEL,750,172.02,129015.0,NOMURA-BROKER,EQ-CORE-02,BOOKED,2026-08-20,SELL,172.02,750,2026-08-19,NOMURA-BROKER,RECEIVED,TRAIN
TRD104671,2026-08-20,KOTAKBANK,INE104671,KOTAKBANK,100,1954.96,195496.0,NOMURA-BROKER,EQ-INDEX-04,BOOKED,2026-08-21,SELL,1954.96,100,2026-08-20,NOMURA-BROKER,RECEIVED,TRAIN
TRD104672,2026-08-08,LT,INE104672,LT,1000,3678.33,3678330.0,NOMURA-BROKER,EQ-INDEX-04,BOOKED,2026-08-09,SELL,3678.33,1000,2026-08-08,NOMURA-BROKER,RECEIVED,TEST
TRD104673,2026-08-17,BHARTIARTL,INE104673,BHARTIARTL,200,1688.34,337668.0,KOTAK-CUST,EQ-CORE-02,BOOKED,2026-08-18,SELL,1688.34,200,2026-08-17,KOTAK-CUST,RECEIVED,TRAIN
TRD104674,2026-08-07,KOTAKBANK,INE104674,KOTAKBANK,100,1955.48,195548.0,ICICI-CUST,EQ-INDEX-04,BOOKED,2026-08-08,BUY,,,,,MISSING,TRAIN
TRD104675,2026-08-13,HINDUNILVR,INE104675,HINDUNILVR,2000,2744.66,5489320.0,ICICI-CUST,EQ-CORE-02,BOOKED,2026-08-14,SELL,2744.66,2000,2026-08-14,ICICI-CUST,RECEIVED,TRAIN
TRD104676,2026-08-01,KOTAKBANK,INE104676,KOTAKBANK,100,1958.48,195848.0,DEUTSCHE-BROKER,EQ-CORE-02,BOOKED,2026-08-02,SELL,1958.48,100,2026-08-01,DEUTSCHE-BROKER,RECEIVED,TRAIN
TRD104677,2026-08-07,AXISBANK,INE104677,AXISBANK,250,1176.1,294025.0,NOMURA-BROKER,EQ-ALPHA-03,BOOKED,2026-08-08,SELL,,,,,MISSING,TRAIN
TRD104678,2026-08-14,RELIANCE,INE104678,RELIANCE,500,2862.02,1431010.0,MORGANSTANLEY-BROKER,EQ-ALPHA-03,BOOKED,2026-08-15,BUY,2862.02,500,2026-08-14,MORGANSTANLEY-BROKER,RECEIVED,TRAIN
TRD104679,2026-08-02,LT,INE104679,LT,1000,3686.85,3686850.0,NOMURA-BROKER,EQ-CORE-02,BOOKED,2026-08-03,BUY,3686.85,1000,2026-08-02,NOMURA-BROKER,RECEIVED,TRAIN
TRD104680,2026-08-13,TCS,INE104680,TCS,250,4138.46,1034615.0,KOTAK-CUST,EQ-CORE-02,BOOKED,2026-08-14,BUY,4138.46,250,2026-08-13,KOTAK-CUST,RECEIVED,TEST
TRD104681,2026-08-11,ITC,INE104681,ITC,500,468.03,234015.0,ICICI-CUST,EQ-ALPHA-03,BOOKED,2026-08-12,SELL,468.03,500,2026-08-11,ICICI-CUST,RECEIVED,TRAIN
TRD104682,2026-08-02,INFY,INE104682,INFY,750,1892.08,1419060.0,HDFC-CUST,EQ-CORE-02,BOOKED,2026-08-03,BUY,1892.08,750,2026-08-02,HDFC-CUST,RECEIVED,TRAIN
TRD104683,2026-08-03,HDFCBANK,INE104683,HDFCBANK,750,1674.9,1256175.0,KOTAK-CUST,EQ-INDEX-04,BOOKED,2026-08-04,SELL,1674.9,750,2026-08-03,KOTAK-CUST,RECEIVED,TRAIN
TRD104684,2026-08-12,TATASTEEL,INE104684,TATASTEEL,100,172.6,17260.0,KOTAK-CUST,EQ-ALPHA-03,BOOKED,2026-08-13,SELL,172.6,100,2026-08-12,KOTAK-CUST,RECEIVED,TRAIN
TRD104685,2026-08-02,WIPRO,INE104685,WIPRO,2000,613.32,1226640.0,HDFC-CUST,EQ-CORE-01,BOOKED,2026-08-03,BUY,613.32,2000,2026-08-02,HDFC-CUST,RECEIVED,TRAIN
TRD104686,2026-08-03,BHARTIARTL,INE104686,BHARTIARTL,200,1689.9,337980.0,HDFC-CUST,EQ-INDEX-04,BOOKED,2026-08-04,SELL,1689.9,200,2026-08-03,HDFC-CUST,RECEIVED,TRAIN
TRD104687,2026-08-16,ICICIBANK,INE104687,ICICIBANK,1000,1241.59,1241590.0,DEUTSCHE-BROKER,EQ-CORE-01,BOOKED,2026-08-17,BUY,1241.59,1000,2026-08-16,DEUTSCHE-BROKER,RECEIVED,TEST
TRD104688,2026-08-20,TCS,INE104688,TCS,500,4138.35,2069175.0,ICICI-CUST,EQ-CORE-02,BOOKED,2026-08-21,SELL,4138.35,500,2026-08-20,ICICI-CUST,RECEIVED,TRAIN
TRD104689,2026-08-11,KOTAKBANK,INE104689,KOTAKBANK,100,1962.4,196240.0,ICICI-CUST,EQ-INDEX-04,BOOKED,2026-08-12,SELL,1962.4,100,2026-08-11,ICICI-CUST,RECEIVED,TEST
TRD104690,2026-08-05,TCS,INE104690,TCS,250,4107.1,1026775.0,MORGANSTANLEY-BROKER,EQ-CORE-02,BOOKED,2026-08-06,BUY,4107.1,250,2026-08-05,MORGANSTANLEY-BROKER,RECEIVED,TRAIN
TRD104691,2026-08-14,SBIN,INE104691,SBIN,1500,843.88,1265820.0,MORGANSTANLEY-BROKER,EQ-ALPHA-03,BOOKED,2026-08-15,BUY,858.0,1575,2026-08-14,MORGANSTANLEY-BROKER,RECEIVED,TRAIN
TRD104692,2026-08-12,KOTAKBANK,INE104692,KOTAKBANK,100,1964.24,196424.0,KOTAK-CUST,EQ-ALPHA-03,BOOKED,2026-08-13,SELL,1964.24,100,2026-08-12,KOTAK-CUST,RECEIVED,TRAIN
TRD104693,2026-08-14,AXISBANK,INE104693,AXISBANK,1000,1174.95,1174950.0,HDFC-CUST,EQ-ALPHA-03,BOOKED,2026-08-15,SELL,1174.95,1000,2026-08-14,HDFC-CUST,RECEIVED,TRAIN
TRD104694,2026-08-18,RELIANCE,INE104694,RELIANCE,2000,2850.45,5700900.0,MORGANSTANLEY-BROKER,EQ-ALPHA-03,BOOKED,2026-08-19,BUY,2850.45,2000,2026-08-18,MORGANSTANLEY-BROKER,RECEIVED,TRAIN
TRD104695,2026-08-07,HDFCBANK,INE104695,HDFCBANK,250,1675.0,418750.0,MORGANSTANLEY-BROKER,EQ-CORE-01,BOOKED,2026-08-08,SELL,1675.0,250,2026-08-07,MORGANSTANLEY-BROKER,RECEIVED,TRAIN
TRD104696,2026-08-17,KOTAKBANK,INE104696,KOTAKBANK,1500,1946.61,2919915.0,HDFC-CUST,EQ-CORE-02,BOOKED,2026-08-18,SELL,1946.61,1500,2026-08-17,HDFC-CUST,RECEIVED,TRAIN
TRD104697,2026-08-05,AXISBANK,INE104697,AXISBANK,1500,1182.86,1774290.0,DEUTSCHE-BROKER,EQ-CORE-01,BOOKED,2026-08-06,BUY,1182.86,1500,2026-08-05,DEUTSCHE-BROKER,RECEIVED,TRAIN
TRD104698,2026-08-19,KOTAKBANK,INE104698,KOTAKBANK,250,1948.85,487212.5,DEUTSCHE-BROKER,EQ-ALPHA-03,BOOKED,2026-08-20,SELL,1948.85,250,2026-08-19,DEUTSCHE-BROKER,RECEIVED,TRAIN
TRD104699,2026-08-15,KOTAKBANK,INE104699,KOTAKBANK,100,1953.75,195375.0,MORGANSTANLEY-BROKER,EQ-CORE-01,BOOKED,2026-08-16,SELL,1953.75,100,2026-08-15,MORGANSTANLEY-BROKER,RECEIVED,TRAIN
TRD104700,2026-08-03,KOTAKBANK,INE104700,KOTAKBANK,2000,1946.39,3892780.0,KOTAK-CUST,EQ-CORE-01,BOOKED,2026-08-04,BUY,1946.39,2000,2026-08-03,KOTAK-CUST,RECEIVED,TRAIN
TRD104701,2026-08-07,RELIANCE,INE104701,RELIANCE,100,2842.15,284215.0,KOTAK-CUST,EQ-ALPHA-03,BOOKED,2026-08-08,BUY,2842.15,100,2026-08-07,ICICI-CUST,RECEIVED,TEST
TRD104702,2026-08-06,ITC,INE104702,ITC,1500,469.36,704040.0,ICICI-CUST,EQ-INDEX-04,BOOKED,2026-08-07,BUY,469.36,1500,2026-08-06,ICICI-CUST,RECEIVED,TRAIN
TRD104703,2026-08-07,WIPRO,INE104703,WIPRO,200,610.66,122132.0,NOMURA-BROKER,EQ-CORE-02,BOOKED,2026-08-08,BUY,610.66,250,2026-08-07,NOMURA-BROKER,RECEIVED,TEST
TRD104704,2026-08-06,AXISBANK,INE104704,AXISBANK,200,1183.09,236618.0,MORGANSTANLEY-BROKER,EQ-INDEX-04,BOOKED,2026-08-07,BUY,1183.09,200,2026-08-06,MORGANSTANLEY-BROKER,RECEIVED,TEST
TRD104705,2026-08-08,TCS,INE104705,TCS,100,4135.18,413518.0,ICICI-CUST,EQ-INDEX-04,BOOKED,2026-08-09,BUY,4135.18,100,2026-08-08,ICICI-CUST,RECEIVED,TRAIN
TRD104706,2026-08-02,INFY,INE104706,INFY,250,1898.23,474557.5,ICICI-CUST,EQ-CORE-02,BOOKED,2026-08-03,BUY,1898.23,250,2026-08-02,ICICI-CUST,RECEIVED,TRAIN
TRD104707,2026-08-15,LT,INE104707,LT,500,3685.76,1842880.0,NOMURA-BROKER,EQ-ALPHA-03,BOOKED,2026-08-16,BUY,3605.99,500,2026-08-15,NOMURA-BROKER,RECEIVED,TRAIN
TRD104708,2026-08-20,ITC,INE104708,ITC,100,468.04,46804.0,MORGANSTANLEY-BROKER,EQ-ALPHA-03,BOOKED,2026-08-21,SELL,468.04,100,2026-08-20,MORGANSTANLEY-BROKER,RECEIVED,TRAIN
TRD104709,2026-08-18,WIPRO,INE104709,WIPRO,2000,612.12,1224240.0,HDFC-CUST,EQ-CORE-01,BOOKED,2026-08-19,SELL,612.12,2000,2026-08-18,HDFC-CUST,RECEIVED,TRAIN
TRD104710,2026-08-17,HDFCBANK,INE104710,HDFCBANK,250,1669.48,417370.0,NOMURA-BROKER,EQ-CORE-01,BOOKED,2026-08-18,BUY,1669.48,250,2026-08-17,NOMURA-BROKER,RECEIVED,TRAIN
TRD104711,2026-08-18,INFY,INE104711,INFY,1500,1899.3,2848950.0,ICICI-CUST,EQ-ALPHA-03,BOOKED,2026-08-19,SELL,1899.3,1500,2026-08-18,ICICI-CUST,RECEIVED,TEST
TRD104712,2026-08-19,BHARTIARTL,INE104712,BHARTIARTL,1500,1688.13,2532195.0,KOTAK-CUST,EQ-CORE-02,BOOKED,2026-08-20,SELL,1688.13,1500,2026-08-19,KOTAK-CUST,RECEIVED,TEST
TRD104713,2026-08-19,ITC,INE104713,ITC,1500,466.62,699930.0,DEUTSCHE-BROKER,EQ-CORE-01,BOOKED,2026-08-20,SELL,466.62,1500,2026-08-19,DEUTSCHE-BROKER,RECEIVED,TRAIN
TRD104714,2026-08-21,TATASTEEL,INE104714,TATASTEEL,750,172.35,129262.5,KOTAK-CUST,EQ-ALPHA-03,BOOKED,2026-08-22,BUY,172.35,750,2026-08-21,KOTAK-CUST,RECEIVED,TRAIN
TRD104715,2026-08-18,SBIN,INE104715,SBIN,2000,843.21,1686420.0,DEUTSCHE-BROKER,EQ-ALPHA-03,BOOKED,2026-08-19,SELL,843.21,2000,2026-08-18,DEUTSCHE-BROKER,RECEIVED,TRAIN
TRD104716,2026-08-01,ITC,INE104716,ITC,750,466.62,349965.0,NOMURA-BROKER,EQ-ALPHA-03,BOOKED,2026-08-02,SELL,466.62,750,2026-08-01,NOMURA-BROKER,RECEIVED,TRAIN
TRD104717,2026-08-02,SBIN,INE104717,SBIN,2000,845.33,1690660.0,DEUTSCHE-BROKER,EQ-CORE-01,BOOKED,2026-08-03,BUY,845.33,2000,2026-08-02,DEUTSCHE-BROKER,RECEIVED,TRAIN
TRD104718,2026-08-05,TATASTEEL,INE104718,TATASTEEL,2000,173.23,346460.0,MORGANSTANLEY-BROKER,EQ-ALPHA-03,BOOKED,2026-08-06,BUY,173.23,2000,2026-08-05,MORGANSTANLEY-BROKER,RECEIVED,TRAIN
TRD104719,2026-08-05,BHARTIARTL,INE104719,BHARTIARTL,100,1695.4,169540.0,MORGANSTANLEY-BROKER,EQ-CORE-02,BOOKED,2026-08-06,SELL,1695.4,100,2026-08-05,MORGANSTANLEY-BROKER,RECEIVED,TEST
TRD104720,2026-08-13,KOTAKBANK,INE104720,KOTAKBANK,200,1959.76,391952.0,KOTAK-CUST,EQ-CORE-01,BOOKED,2026-08-14,SELL,1959.76,200,2026-08-13,KOTAK-CUST,RECEIVED,TRAIN
TRD104721,2026-08-16,RELIANCE,INE104721,RELIANCE,100,2845.98,284598.0,ICICI-CUST,EQ-INDEX-04,BOOKED,2026-08-17,BUY,2845.98,100,2026-08-16,ICICI-CUST,RECEIVED,TEST
TRD104722,2026-08-13,SBIN,INE104722,SBIN,1500,847.53,1271295.0,MORGANSTANLEY-BROKER,EQ-CORE-01,BOOKED,2026-08-14,BUY,847.53,1500,2026-08-13,MORGANSTANLEY-BROKER,RECEIVED,TRAIN
TRD104723,2026-08-16,TCS,INE104723,TCS,1500,4115.72,6173580.0,MORGANSTANLEY-BROKER,EQ-ALPHA-03,BOOKED,2026-08-17,BUY,4115.72,1500,2026-08-16,MORGANSTANLEY-BROKER,RECEIVED,TEST
TRD104724,2026-08-07,INFY,INE104724,INFY,2000,1891.86,3783720.0,ICICI-CUST,EQ-CORE-02,BOOKED,2026-08-08,SELL,1891.86,2000,2026-08-07,ICICI-CUST,RECEIVED,TRAIN
TRD104725,2026-08-12,INFY,INE104725,INFY,1000,1885.35,1885350.0,NOMURA-BROKER,EQ-ALPHA-03,BOOKED,2026-08-13,BUY,1885.35,1000,2026-08-12,NOMURA-BROKER,RECEIVED,TEST
TRD104726,2026-08-03,MARUTI,INE104726,MARUTI,1500,13017.88,19526820.0,MORGANSTANLEY-BROKER,EQ-CORE-01,BOOKED,2026-08-04,SELL,13017.88,1500,2026-08-03,MORGANSTANLEY-BROKER,RECEIVED,TRAIN
TRD104727,2026-08-01,LT,INE104727,LT,100,3680.97,368097.0,NOMURA-BROKER,EQ-CORE-01,BOOKED,2026-08-02,SELL,3680.97,100,2026-08-01,NOMURA-BROKER,RECEIVED,TRAIN
TRD104728,2026-08-04,RELIANCE,INE104728,RELIANCE,1500,2850.1,4275150.0,KOTAK-CUST,EQ-CORE-02,BOOKED,2026-08-05,BUY,2850.1,1500,2026-08-04,KOTAK-CUST,RECEIVED,TRAIN
TRD104729,2026-08-02,ITC,INE104729,ITC,2000,469.6,939200.0,DEUTSCHE-BROKER,EQ-ALPHA-03,BOOKED,2026-08-03,BUY,469.6,2000,2026-08-02,DEUTSCHE-BROKER,RECEIVED,TRAIN
TRD104730,2026-08-18,ICICIBANK,INE104730,ICICIBANK,500,1237.39,618695.0,MORGANSTANLEY-BROKER,EQ-ALPHA-03,BOOKED,2026-08-19,SELL,1237.39,500,2026-08-18,MORGANSTANLEY-BROKER,RECEIVED,TRAIN
TRD104731,2026-08-05,AXISBANK,INE104731,AXISBANK,1500,1179.7,1769550.0,NOMURA-BROKER,EQ-ALPHA-03,BOOKED,2026-08-06,SELL,1179.7,1500,2026-08-05,NOMURA-BROKER,RECEIVED,TRAIN
TRD104732,2026-08-03,TCS,INE104732,TCS,100,4113.64,411364.0,ICICI-CUST,EQ-CORE-01,BOOKED,2026-08-04,BUY,4113.64,100,2026-08-03,ICICI-CUST,RECEIVED,TRAIN
TRD104733,2026-08-04,RELIANCE,INE104733,RELIANCE,2000,2837.7,5675400.0,DEUTSCHE-BROKER,EQ-ALPHA-03,BOOKED,2026-08-05,BUY,2837.7,2000,2026-08-04,DEUTSCHE-BROKER,RECEIVED,TRAIN
TRD104734,2026-08-02,WIPRO,INE104734,WIPRO,250,607.37,151842.5,HDFC-CUST,EQ-ALPHA-03,BOOKED,2026-08-03,SELL,607.37,250,2026-08-02,HDFC-CUST,RECEIVED,TRAIN
TRD104735,2026-08-21,AXISBANK,INE104735,AXISBANK,2000,1176.28,2352560.0,HDFC-CUST,EQ-CORE-02,BOOKED,2026-08-22,BUY,1176.28,2000,2026-08-21,HDFC-CUST,RECEIVED,TRAIN
TRD104736,2026-08-06,TCS,INE104736,TCS,100,4140.93,414093.0,MORGANSTANLEY-BROKER,EQ-INDEX-04,BOOKED,2026-08-07,SELL,4140.93,100,2026-08-06,MORGANSTANLEY-BROKER,RECEIVED,TRAIN
TRD104737,2026-08-15,TATASTEEL,INE104737,TATASTEEL,2000,172.05,344100.0,NOMURA-BROKER,EQ-ALPHA-03,BOOKED,2026-08-16,BUY,172.05,2000,2026-08-15,NOMURA-BROKER,RECEIVED,TRAIN
TRD104738,2026-08-15,MARUTI,INE104738,MARUTI,1500,12956.8,19435200.0,NOMURA-BROKER,EQ-ALPHA-03,BOOKED,2026-08-16,SELL,12956.8,1500,2026-08-15,NOMURA-BROKER,RECEIVED,TRAIN
TRD104739,2026-08-13,MARUTI,INE104739,MARUTI,250,12960.08,3240020.0,NOMURA-BROKER,EQ-ALPHA-03,BOOKED,2026-08-14,BUY,12960.08,250,2026-08-13,NOMURA-BROKER,RECEIVED,TRAIN
TRD104740,2026-08-10,RELIANCE,INE104740,RELIANCE,750,2838.62,2128965.0,ICICI-CUST,EQ-ALPHA-03,BOOKED,2026-08-11,BUY,2838.62,750,2026-08-10,ICICI-CUST,RECEIVED,TRAIN
TRD104741,2026-08-12,ITC,INE104741,ITC,750,466.74,350055.0,ICICI-CUST,EQ-CORE-02,BOOKED,2026-08-13,BUY,466.74,750,2026-08-12,ICICI-CUST,RECEIVED,TRAIN
TRD104742,2026-08-14,ITC,INE104742,ITC,500,470.63,235315.0,DEUTSCHE-BROKER,EQ-INDEX-04,BOOKED,2026-08-15,SELL,470.63,500,2026-08-14,DEUTSCHE-BROKER,RECEIVED,TRAIN
TRD104743,2026-08-13,LT,INE104743,LT,200,3689.11,737822.0,ICICI-CUST,EQ-ALPHA-03,BOOKED,2026-08-14,SELL,3689.11,200,2026-08-13,ICICI-CUST,RECEIVED,TRAIN
TRD104744,2026-08-15,ITC,INE104744,ITC,200,470.35,94070.0,KOTAK-CUST,EQ-CORE-01,BOOKED,2026-08-16,SELL,478.56,125,2026-08-15,KOTAK-CUST,RECEIVED,TRAIN
TRD104745,2026-08-13,LT,INE104745,LT,750,3684.4,2763300.0,MORGANSTANLEY-BROKER,EQ-CORE-01,BOOKED,2026-08-14,SELL,3684.4,750,2026-08-13,MORGANSTANLEY-BROKER,RECEIVED,TEST
TRD104746,2026-08-07,ICICIBANK,INE104746,ICICIBANK,100,1240.99,124099.0,KOTAK-CUST,EQ-INDEX-04,BOOKED,2026-08-08,BUY,1240.99,100,2026-08-07,KOTAK-CUST,RECEIVED,TRAIN
TRD104747,2026-08-15,ICICIBANK,INE104747,ICICIBANK,100,1242.96,124296.0,KOTAK-CUST,EQ-ALPHA-03,BOOKED,2026-08-16,SELL,1242.96,100,2026-08-15,KOTAK-CUST,RECEIVED,TRAIN
TRD104748,2026-08-09,RELIANCE,INE104748,RELIANCE,1500,2842.21,4263315.0,KOTAK-CUST,EQ-CORE-02,BOOKED,2026-08-10,SELL,2842.21,1500,2026-08-09,KOTAK-CUST,RECEIVED,TRAIN
TRD104749,2026-08-04,INFY,INE104749,INFY,2000,1894.77,3789540.0,ICICI-CUST,EQ-CORE-01,BOOKED,2026-08-05,BUY,1894.77,2000,2026-08-04,ICICI-CUST,RECEIVED,TRAIN
TRD104750,2026-08-17,WIPRO,INE104750,WIPRO,100,612.86,61286.0,KOTAK-CUST,EQ-CORE-01,BOOKED,2026-08-18,SELL,612.86,100,2026-08-17,KOTAK-CUST,RECEIVED,TRAIN
TRD104751,2026-08-20,BHARTIARTL,INE104751,BHARTIARTL,1500,1697.11,2545665.0,MORGANSTANLEY-BROKER,EQ-ALPHA-03,BOOKED,2026-08-21,BUY,1697.11,1500,2026-08-20,MORGANSTANLEY-BROKER,RECEIVED,TEST
TRD104752,2026-08-12,MARUTI,INE104752,MARUTI,250,12925.01,3231252.5,MORGANSTANLEY-BROKER,EQ-INDEX-04,BOOKED,2026-08-13,BUY,12925.01,250,2026-08-12,MORGANSTANLEY-BROKER,RECEIVED,TRAIN
TRD104753,2026-08-15,LT,INE104753,LT,500,3663.67,1831835.0,NOMURA-BROKER,EQ-CORE-02,BOOKED,2026-08-16,SELL,3663.67,500,2026-08-15,NOMURA-BROKER,RECEIVED,TRAIN
TRD104754,2026-08-02,WIPRO,INE104754,WIPRO,100,612.65,61265.0,HDFC-CUST,EQ-CORE-02,BOOKED,2026-08-03,SELL,612.65,100,2026-08-02,HDFC-CUST,RECEIVED,TRAIN
TRD104755,2026-08-16,ICICIBANK,INE104755,ICICIBANK,250,1238.89,309722.5,NOMURA-BROKER,EQ-CORE-02,BOOKED,2026-08-17,BUY,,,,,MISSING,TRAIN
TRD104756,2026-08-06,SBIN,INE104756,SBIN,1000,843.88,843880.0,MORGANSTANLEY-BROKER,EQ-INDEX-04,BOOKED,2026-08-07,BUY,,,,,MISSING,TRAIN
TRD104757,2026-08-10,WIPRO,INE104757,WIPRO,250,613.21,153302.5,DEUTSCHE-BROKER,EQ-ALPHA-03,BOOKED,2026-08-11,SELL,613.21,250,2026-08-10,DEUTSCHE-BROKER,RECEIVED,TRAIN
TRD104758,2026-08-10,ITC,INE104758,ITC,750,468.37,351277.5,HDFC-CUST,EQ-CORE-02,BOOKED,2026-08-11,SELL,468.37,850,2026-08-10,HDFC-CUST,RECEIVED,TEST
TRD104759,2026-08-09,TCS,INE104759,TCS,2000,4129.86,8259720.0,NOMURA-BROKER,EQ-INDEX-04,BOOKED,2026-08-10,BUY,4129.86,2000,2026-08-09,NOMURA-BROKER,RECEIVED,TRAIN
TRD104760,2026-08-15,TCS,INE104760,TCS,750,4117.86,3088395.0,HDFC-CUST,EQ-INDEX-04,BOOKED,2026-08-16,SELL,4117.86,750,2026-08-15,HDFC-CUST,RECEIVED,TRAIN
TRD104761,2026-08-12,LT,INE104761,LT,100,3691.51,369151.0,HDFC-CUST,EQ-CORE-02,BOOKED,2026-08-13,SELL,3691.51,100,2026-08-12,HDFC-CUST,RECEIVED,TEST
TRD104762,2026-08-17,ITC,INE104762,ITC,1500,469.46,704190.0,MORGANSTANLEY-BROKER,EQ-INDEX-04,BOOKED,2026-08-18,SELL,469.46,1500,2026-08-17,MORGANSTANLEY-BROKER,RECEIVED,TRAIN
TRD104763,2026-08-11,ITC,INE104763,ITC,1000,467.93,467930.0,MORGANSTANLEY-BROKER,EQ-ALPHA-03,BOOKED,2026-08-12,SELL,467.93,1000,2026-08-11,MORGANSTANLEY-BROKER,RECEIVED,TRAIN
TRD104764,2026-08-08,HINDUNILVR,INE104764,HINDUNILVR,750,2758.41,2068807.5,KOTAK-CUST,EQ-CORE-01,BOOKED,2026-08-09,BUY,2758.41,750,2026-08-08,KOTAK-CUST,RECEIVED,TRAIN
TRD104765,2026-08-19,TATASTEEL,INE104765,TATASTEEL,250,172.83,43207.5,NOMURA-BROKER,EQ-CORE-02,BOOKED,2026-08-20,SELL,172.83,250,2026-08-19,NOMURA-BROKER,RECEIVED,TRAIN
TRD104766,2026-08-20,TATASTEEL,INE104766,TATASTEEL,100,172.78,17278.0,DEUTSCHE-BROKER,EQ-CORE-02,BOOKED,2026-08-21,SELL,172.78,100,2026-08-20,DEUTSCHE-BROKER,RECEIVED,TRAIN
TRD104767,2026-08-19,SBIN,INE104767,SBIN,200,849.73,169946.0,HDFC-CUST,EQ-ALPHA-03,BOOKED,2026-08-20,SELL,849.73,200,2026-08-19,HDFC-CUST,RECEIVED,TRAIN
TRD104768,2026-08-01,TATASTEEL,INE104768,TATASTEEL,500,172.48,86240.0,ICICI-CUST,EQ-CORE-02,BOOKED,2026-08-02,SELL,172.48,500,2026-08-01,ICICI-CUST,RECEIVED,TRAIN
TRD104769,2026-08-16,MARUTI,INE104769,MARUTI,750,13017.33,9762997.5,MORGANSTANLEY-BROKER,EQ-CORE-02,BOOKED,2026-08-17,SELL,13017.33,750,2026-08-16,KOTAK-CUST,RECEIVED,TRAIN
TRD104770,2026-08-03,WIPRO,INE104770,WIPRO,1000,609.78,609780.0,KOTAK-CUST,EQ-INDEX-04,BOOKED,2026-08-04,SELL,609.78,1000,2026-08-03,KOTAK-CUST,RECEIVED,TEST
TRD104771,2026-08-08,INFY,INE104771,INFY,250,1894.1,473525.0,ICICI-CUST,EQ-INDEX-04,BOOKED,2026-08-09,BUY,1894.1,250,2026-08-08,ICICI-CUST,RECEIVED,TEST
TRD104772,2026-08-09,KOTAKBANK,INE104772,KOTAKBANK,1500,1952.48,2928720.0,MORGANSTANLEY-BROKER,EQ-CORE-01,BOOKED,2026-08-10,SELL,1952.48,1500,2026-08-09,MORGANSTANLEY-BROKER,RECEIVED,TRAIN
TRD104773,2026-08-05,HDFCBANK,INE104773,HDFCBANK,200,1673.17,334634.0,NOMURA-BROKER,EQ-CORE-02,BOOKED,2026-08-06,SELL,1673.17,200,2026-08-05,NOMURA-BROKER,RECEIVED,TRAIN
TRD104774,2026-08-02,KOTAKBANK,INE104774,KOTAKBANK,750,1950.64,1462980.0,HDFC-CUST,EQ-INDEX-04,BOOKED,2026-08-03,BUY,1950.64,750,2026-08-02,HDFC-CUST,RECEIVED,TRAIN
TRD104775,2026-08-14,HINDUNILVR,INE104775,HINDUNILVR,2000,2733.72,5467440.0,NOMURA-BROKER,EQ-CORE-02,BOOKED,2026-08-15,SELL,2733.72,2000,2026-08-14,NOMURA-BROKER,RECEIVED,TRAIN
TRD104776,2026-08-12,ICICIBANK,INE104776,ICICIBANK,2000,1245.42,2490840.0,DEUTSCHE-BROKER,EQ-CORE-02,BOOKED,2026-08-13,BUY,1245.42,2000,2026-08-12,DEUTSCHE-BROKER,RECEIVED,TRAIN
TRD104777,2026-08-03,HINDUNILVR,INE104777,HINDUNILVR,200,2735.44,547088.0,HDFC-CUST,EQ-CORE-01,BOOKED,2026-08-04,SELL,2735.44,200,2026-08-03,HDFC-CUST,RECEIVED,TEST
TRD104778,2026-08-16,LT,INE104778,LT,250,3682.27,920567.5,MORGANSTANLEY-BROKER,EQ-CORE-01,BOOKED,2026-08-17,SELL,3682.27,250,2026-08-16,MORGANSTANLEY-BROKER,RECEIVED,TRAIN
TRD104779,2026-08-10,BHARTIARTL,INE104779,BHARTIARTL,200,1687.34,337468.0,KOTAK-CUST,EQ-ALPHA-03,BOOKED,2026-08-11,SELL,1725.36,200,2026-08-10,KOTAK-CUST,RECEIVED,TRAIN
TRD104780,2026-08-11,BHARTIARTL,INE104780,BHARTIARTL,500,1687.93,843965.0,NOMURA-BROKER,EQ-ALPHA-03,BOOKED,2026-08-12,BUY,1687.93,500,2026-08-11,NOMURA-BROKER,RECEIVED,TRAIN
TRD104781,2026-08-18,LT,INE104781,LT,100,3667.83,366783.0,NOMURA-BROKER,EQ-CORE-02,BOOKED,2026-08-19,SELL,3667.83,100,2026-08-18,NOMURA-BROKER,RECEIVED,TRAIN
TRD104782,2026-08-17,INFY,INE104782,INFY,200,1898.58,379716.0,NOMURA-BROKER,EQ-INDEX-04,BOOKED,2026-08-18,SELL,1931.49,275,2026-08-17,NOMURA-BROKER,RECEIVED,TRAIN
TRD104783,2026-08-11,AXISBANK,INE104783,AXISBANK,100,1185.1,118510.0,MORGANSTANLEY-BROKER,EQ-ALPHA-03,BOOKED,2026-08-12,SELL,1185.1,100,2026-08-11,MORGANSTANLEY-BROKER,RECEIVED,TRAIN
TRD104784,2026-08-17,AXISBANK,INE104784,AXISBANK,750,1176.42,882315.0,HDFC-CUST,EQ-ALPHA-03,BOOKED,2026-08-18,SELL,1176.42,750,2026-08-17,HDFC-CUST,RECEIVED,TRAIN
TRD104785,2026-08-02,TATASTEEL,INE104785,TATASTEEL,100,172.15,17215.0,HDFC-CUST,EQ-CORE-01,BOOKED,2026-08-03,BUY,172.15,100,2026-08-02,HDFC-CUST,RECEIVED,TEST
TRD104786,2026-08-18,MARUTI,INE104786,MARUTI,250,13020.82,3255205.0,MORGANSTANLEY-BROKER,EQ-INDEX-04,BOOKED,2026-08-19,BUY,13020.82,250,2026-08-18,MORGANSTANLEY-BROKER,RECEIVED,TRAIN
TRD104787,2026-08-06,HINDUNILVR,INE104787,HINDUNILVR,250,2737.63,684407.5,ICICI-CUST,EQ-CORE-02,BOOKED,2026-08-07,SELL,2737.63,250,2026-08-06,ICICI-CUST,RECEIVED,TEST
TRD104788,2026-08-05,BHARTIARTL,INE104788,BHARTIARTL,1500,1698.52,2547780.0,DEUTSCHE-BROKER,EQ-INDEX-04,BOOKED,2026-08-06,SELL,1698.52,1500,2026-08-05,DEUTSCHE-BROKER,RECEIVED,TRAIN
TRD104789,2026-08-11,INFY,INE104789,INFY,1500,1898.71,2848065.0,HDFC-CUST,EQ-INDEX-04,BOOKED,2026-08-12,BUY,1898.71,1500,2026-08-11,HDFC-CUST,RECEIVED,TRAIN
TRD104790,2026-08-01,LT,INE104790,LT,2000,3688.94,7377880.0,NOMURA-BROKER,EQ-CORE-02,BOOKED,2026-08-02,BUY,3688.94,2200,2026-08-01,NOMURA-BROKER,RECEIVED,TEST
TRD104791,2026-08-08,RELIANCE,INE104791,RELIANCE,2000,2849.04,5698080.0,KOTAK-CUST,EQ-INDEX-04,BOOKED,2026-08-09,BUY,2849.04,2000,2026-08-08,KOTAK-CUST,RECEIVED,TRAIN
TRD104792,2026-08-18,WIPRO,INE104792,WIPRO,100,609.78,60978.0,HDFC-CUST,EQ-CORE-02,BOOKED,2026-08-19,SELL,620.97,25,2026-08-18,HDFC-CUST,RECEIVED,TEST
TRD104793,2026-08-21,KOTAKBANK,INE104793,KOTAKBANK,1000,1961.83,1961830.0,NOMURA-BROKER,EQ-ALPHA-03,BOOKED,2026-08-22,SELL,1961.83,1000,2026-08-21,NOMURA-BROKER,RECEIVED,TRAIN
TRD104794,2026-08-06,HDFCBANK,INE104794,HDFCBANK,1000,1681.75,1681750.0,HDFC-CUST,EQ-CORE-02,BOOKED,2026-08-07,SELL,1681.75,1000,2026-08-06,HDFC-CUST,RECEIVED,TRAIN
TRD104795,2026-08-11,ITC,INE104795,ITC,100,466.82,46682.0,HDFC-CUST,EQ-ALPHA-03,BOOKED,2026-08-12,SELL,466.82,100,2026-08-11,HDFC-CUST,RECEIVED,TRAIN
TRD104796,2026-08-05,WIPRO,INE104796,WIPRO,2000,608.63,1217260.0,DEUTSCHE-BROKER,EQ-CORE-02,BOOKED,2026-08-06,BUY,608.63,2000,2026-08-05,DEUTSCHE-BROKER,RECEIVED,TRAIN
TRD104797,2026-08-15,INFY,INE104797,INFY,1000,1896.27,1896270.0,ICICI-CUST,EQ-ALPHA-03,BOOKED,2026-08-16,BUY,1896.27,1000,2026-08-15,ICICI-CUST,RECEIVED,TRAIN
TRD104798,2026-08-05,HINDUNILVR,INE104798,HINDUNILVR,750,2733.02,2049765.0,KOTAK-CUST,EQ-ALPHA-03,BOOKED,2026-08-06,SELL,2733.02,750,2026-08-05,KOTAK-CUST,RECEIVED,TRAIN
TRD104799,2026-08-08,ICICIBANK,INE104799,ICICIBANK,1500,1241.06,1861590.0,MORGANSTANLEY-BROKER,EQ-INDEX-04,BOOKED,2026-08-09,SELL,1241.06,1500,2026-08-08,MORGANSTANLEY-BROKER,RECEIVED,TRAIN
TRD104800,2026-08-04,KOTAKBANK,INE104800,KOTAKBANK,100,1951.66,195166.0,DEUTSCHE-BROKER,EQ-INDEX-04,BOOKED,2026-08-05,BUY,1951.66,100,2026-08-04,DEUTSCHE-BROKER,RECEIVED,TEST
TRD104801,2026-08-10,SBIN,INE104801,SBIN,1500,846.76,1270140.0,DEUTSCHE-BROKER,EQ-INDEX-04,BOOKED,2026-08-11,BUY,846.76,1500,2026-08-10,DEUTSCHE-BROKER,RECEIVED,TRAIN
TRD104802,2026-08-11,LT,INE104802,LT,1500,3692.71,5539065.0,DEUTSCHE-BROKER,EQ-CORE-01,BOOKED,2026-08-12,SELL,3692.71,1500,2026-08-11,DEUTSCHE-BROKER,RECEIVED,TRAIN
TRD104803,2026-08-14,ICICIBANK,INE104803,ICICIBANK,750,1243.85,932887.5,DEUTSCHE-BROKER,EQ-CORE-02,BOOKED,2026-08-15,BUY,1243.85,750,2026-08-14,DEUTSCHE-BROKER,RECEIVED,TEST
TRD104804,2026-08-03,INFY,INE104804,INFY,250,1892.64,473160.0,NOMURA-BROKER,EQ-CORE-02,BOOKED,2026-08-04,SELL,1892.64,250,2026-08-03,NOMURA-BROKER,RECEIVED,TEST
TRD104805,2026-08-15,LT,INE104805,LT,1000,3674.71,3674710.0,NOMURA-BROKER,EQ-INDEX-04,BOOKED,2026-08-16,BUY,3674.71,1000,2026-08-15,NOMURA-BROKER,RECEIVED,TRAIN
TRD104806,2026-08-08,RELIANCE,INE104806,RELIANCE,1500,2861.65,4292475.0,NOMURA-BROKER,EQ-ALPHA-03,BOOKED,2026-08-09,SELL,2861.65,1500,2026-08-08,NOMURA-BROKER,RECEIVED,TRAIN
TRD104807,2026-08-14,AXISBANK,INE104807,AXISBANK,750,1185.67,889252.5,KOTAK-CUST,EQ-CORE-01,BOOKED,2026-08-15,SELL,1185.67,750,2026-08-14,KOTAK-CUST,RECEIVED,TRAIN
TRD104808,2026-08-20,BHARTIARTL,INE104808,BHARTIARTL,100,1692.7,169270.0,KOTAK-CUST,EQ-CORE-02,BOOKED,2026-08-21,BUY,1692.7,100,2026-08-20,KOTAK-CUST,RECEIVED,TRAIN
TRD104809,2026-08-02,TCS,INE104809,TCS,250,4139.05,1034762.5,HDFC-CUST,EQ-CORE-02,BOOKED,2026-08-03,BUY,4139.05,250,2026-08-02,HDFC-CUST,RECEIVED,TRAIN
TRD104810,2026-08-17,WIPRO,INE104810,WIPRO,200,608.77,121754.0,DEUTSCHE-BROKER,EQ-CORE-01,BOOKED,2026-08-18,SELL,608.77,200,2026-08-17,DEUTSCHE-BROKER,RECEIVED,TEST
TRD104811,2026-08-14,INFY,INE104811,INFY,500,1885.53,942765.0,MORGANSTANLEY-BROKER,EQ-CORE-01,BOOKED,2026-08-15,SELL,1885.53,700,2026-08-14,MORGANSTANLEY-BROKER,RECEIVED,TRAIN
TRD104812,2026-08-01,TATASTEEL,INE104812,TATASTEEL,200,171.65,34330.0,ICICI-CUST,EQ-ALPHA-03,BOOKED,2026-08-02,BUY,171.65,200,2026-08-01,ICICI-CUST,RECEIVED,TRAIN
TRD104813,2026-08-07,HDFCBANK,INE104813,HDFCBANK,2000,1671.52,3343040.0,KOTAK-CUST,EQ-INDEX-04,BOOKED,2026-08-08,SELL,1671.52,2000,2026-08-07,KOTAK-CUST,RECEIVED,TRAIN
TRD104814,2026-08-15,RELIANCE,INE104814,RELIANCE,250,2854.37,713592.5,DEUTSCHE-BROKER,EQ-CORE-02,BOOKED,2026-08-16,SELL,2854.37,250,2026-08-15,DEUTSCHE-BROKER,RECEIVED,TEST
TRD104815,2026-08-12,TCS,INE104815,TCS,1000,4138.3,4138300.0,MORGANSTANLEY-BROKER,EQ-INDEX-04,BOOKED,2026-08-13,SELL,4032.01,1000,2026-08-12,MORGANSTANLEY-BROKER,RECEIVED,TRAIN
TRD104816,2026-08-16,ITC,INE104816,ITC,750,468.21,351157.5,KOTAK-CUST,EQ-ALPHA-03,BOOKED,2026-08-17,SELL,468.21,750,2026-08-16,KOTAK-CUST,RECEIVED,TRAIN
TRD104817,2026-08-11,SBIN,INE104817,SBIN,100,848.91,84891.0,NOMURA-BROKER,EQ-CORE-02,BOOKED,2026-08-12,SELL,848.91,100,2026-08-11,NOMURA-BROKER,RECEIVED,TRAIN
TRD104818,2026-08-10,INFY,INE104818,INFY,200,1889.22,377844.0,MORGANSTANLEY-BROKER,EQ-ALPHA-03,BOOKED,2026-08-11,SELL,1889.22,200,2026-08-10,MORGANSTANLEY-BROKER,RECEIVED,TRAIN
TRD104819,2026-08-20,TATASTEEL,INE104819,TATASTEEL,200,172.55,34510.0,KOTAK-CUST,EQ-CORE-02,BOOKED,2026-08-21,SELL,172.55,200,2026-08-20,KOTAK-CUST,RECEIVED,TRAIN
TRD104820,2026-08-02,INFY,INE104820,INFY,1000,1883.56,1883560.0,DEUTSCHE-BROKER,EQ-CORE-02,BOOKED,2026-08-03,BUY,1883.56,1000,2026-08-02,DEUTSCHE-BROKER,RECEIVED,TEST
TRD104821,2026-08-03,BHARTIARTL,INE104821,BHARTIARTL,1000,1683.58,1683580.0,MORGANSTANLEY-BROKER,EQ-CORE-02,BOOKED,2026-08-04,BUY,1683.58,1000,2026-08-03,MORGANSTANLEY-BROKER,RECEIVED,TRAIN
TRD104822,2026-08-10,ICICIBANK,INE104822,ICICIBANK,1000,1240.69,1240690.0,KOTAK-CUST,EQ-CORE-02,BOOKED,2026-08-11,BUY,1240.69,1000,2026-08-10,KOTAK-CUST,RECEIVED,TRAIN
TRD104823,2026-08-05,HINDUNILVR,INE104823,HINDUNILVR,500,2732.98,1366490.0,DEUTSCHE-BROKER,EQ-INDEX-04,BOOKED,2026-08-06,SELL,2732.98,500,2026-08-05,DEUTSCHE-BROKER,RECEIVED,TRAIN
TRD104824,2026-08-18,ITC,INE104824,ITC,500,466.68,233340.0,HDFC-CUST,EQ-ALPHA-03,BOOKED,2026-08-19,BUY,466.68,500,2026-08-18,HDFC-CUST,RECEIVED,TRAIN
TRD104825,2026-08-08,HDFCBANK,INE104825,HDFCBANK,1000,1678.27,1678270.0,HDFC-CUST,EQ-CORE-01,BOOKED,2026-08-09,BUY,1678.27,1000,2026-08-08,HDFC-CUST,RECEIVED,TRAIN
TRD104826,2026-08-10,WIPRO,INE104826,WIPRO,750,612.66,459495.0,ICICI-CUST,EQ-CORE-02,BOOKED,2026-08-11,BUY,626.13,750,2026-08-10,ICICI-CUST,RECEIVED,TRAIN
TRD104827,2026-08-21,HINDUNILVR,INE104827,HINDUNILVR,1500,2738.28,4107420.0,ICICI-CUST,EQ-ALPHA-03,BOOKED,2026-08-22,BUY,2738.28,1500,2026-08-21,ICICI-CUST,RECEIVED,TRAIN
TRD104828,2026-08-02,INFY,INE104828,INFY,200,1896.4,379280.0,KOTAK-CUST,EQ-CORE-02,BOOKED,2026-08-03,SELL,1896.4,200,2026-08-02,KOTAK-CUST,RECEIVED,TRAIN
TRD104829,2026-08-02,ITC,INE104829,ITC,1000,469.29,469290.0,NOMURA-BROKER,EQ-CORE-01,BOOKED,2026-08-03,SELL,469.29,1200,2026-08-02,NOMURA-BROKER,RECEIVED,TRAIN
TRD104830,2026-08-09,TATASTEEL,INE104830,TATASTEEL,2000,172.64,345280.0,ICICI-CUST,EQ-CORE-02,BOOKED,2026-08-10,BUY,172.64,2000,2026-08-09,ICICI-CUST,RECEIVED,TEST
TRD104831,2026-08-14,TATASTEEL,INE104831,TATASTEEL,250,172.15,43037.5,ICICI-CUST,EQ-CORE-01,BOOKED,2026-08-15,BUY,172.15,250,2026-08-14,ICICI-CUST,RECEIVED,TRAIN
TRD104832,2026-08-10,HINDUNILVR,INE104832,HINDUNILVR,200,2737.47,547494.0,NOMURA-BROKER,EQ-CORE-02,BOOKED,2026-08-11,SELL,2737.47,200,2026-08-10,NOMURA-BROKER,RECEIVED,TRAIN
TRD104833,2026-08-07,HINDUNILVR,INE104833,HINDUNILVR,1000,2744.86,2744860.0,HDFC-CUST,EQ-INDEX-04,BOOKED,2026-08-08,BUY,2744.86,1000,2026-08-07,HDFC-CUST,RECEIVED,TEST
TRD104834,2026-08-14,TATASTEEL,INE104834,TATASTEEL,2000,172.33,344660.0,ICICI-CUST,EQ-CORE-02,BOOKED,2026-08-15,SELL,172.33,2000,2026-08-14,ICICI-CUST,RECEIVED,TRAIN
TRD104835,2026-08-04,HDFCBANK,INE104835,HDFCBANK,750,1680.55,1260412.5,ICICI-CUST,EQ-CORE-02,BOOKED,2026-08-05,BUY,1680.55,750,2026-08-04,ICICI-CUST,RECEIVED,TEST
TRD104836,2026-08-07,HINDUNILVR,INE104836,HINDUNILVR,250,2748.87,687217.5,MORGANSTANLEY-BROKER,EQ-CORE-01,BOOKED,2026-08-08,BUY,2748.87,250,2026-08-07,MORGANSTANLEY-BROKER,RECEIVED,TRAIN
TRD104837,2026-08-10,RELIANCE,INE104837,RELIANCE,200,2844.51,568902.0,MORGANSTANLEY-BROKER,EQ-CORE-01,BOOKED,2026-08-11,BUY,2844.51,200,2026-08-10,MORGANSTANLEY-BROKER,RECEIVED,TEST
TRD104838,2026-08-21,AXISBANK,INE104838,AXISBANK,100,1180.91,118091.0,MORGANSTANLEY-BROKER,EQ-CORE-01,BOOKED,2026-08-22,SELL,1150.3,100,2026-08-21,MORGANSTANLEY-BROKER,RECEIVED,TRAIN
TRD104839,2026-08-12,KOTAKBANK,INE104839,KOTAKBANK,1500,1951.83,2927745.0,HDFC-CUST,EQ-CORE-02,BOOKED,2026-08-13,BUY,1951.83,1500,2026-08-12,HDFC-CUST,RECEIVED,TEST
TRD104840,2026-08-19,MARUTI,INE104840,MARUTI,200,13002.86,2600572.0,ICICI-CUST,EQ-CORE-02,BOOKED,2026-08-20,BUY,,,,,MISSING,TRAIN
TRD104841,2026-08-13,KOTAKBANK,INE104841,KOTAKBANK,500,1949.68,974840.0,MORGANSTANLEY-BROKER,EQ-CORE-02,BOOKED,2026-08-14,BUY,1949.68,500,2026-08-13,MORGANSTANLEY-BROKER,RECEIVED,TRAIN
TRD104842,2026-08-14,ITC,INE104842,ITC,250,467.65,116912.5,NOMURA-BROKER,EQ-INDEX-04,BOOKED,2026-08-15,SELL,467.65,250,2026-08-14,NOMURA-BROKER,RECEIVED,TEST
TRD104843,2026-08-03,RELIANCE,INE104843,RELIANCE,750,2864.01,2148007.5,DEUTSCHE-BROKER,EQ-CORE-01,BOOKED,2026-08-04,BUY,2864.01,950,2026-08-03,DEUTSCHE-BROKER,RECEIVED,TRAIN
TRD104844,2026-08-19,MARUTI,INE104844,MARUTI,500,13004.76,6502380.0,ICICI-CUST,EQ-CORE-01,BOOKED,2026-08-20,SELL,13004.76,500,2026-08-19,ICICI-CUST,RECEIVED,TRAIN
TRD104845,2026-08-01,ICICIBANK,INE104845,ICICIBANK,100,1238.58,123858.0,ICICI-CUST,EQ-CORE-02,BOOKED,2026-08-02,BUY,1238.58,100,2026-08-01,ICICI-CUST,RECEIVED,TRAIN
TRD104846,2026-08-08,HINDUNILVR,INE104846,HINDUNILVR,250,2732.5,683125.0,KOTAK-CUST,EQ-ALPHA-03,BOOKED,2026-08-09,SELL,2732.5,250,2026-08-08,KOTAK-CUST,RECEIVED,TRAIN
TRD104847,2026-08-03,BHARTIARTL,INE104847,BHARTIARTL,100,1698.14,169814.0,KOTAK-CUST,EQ-INDEX-04,BOOKED,2026-08-04,SELL,1698.14,100,2026-08-03,KOTAK-CUST,RECEIVED,TEST
TRD104848,2026-08-16,SBIN,INE104848,SBIN,100,848.36,84836.0,DEUTSCHE-BROKER,EQ-ALPHA-03,BOOKED,2026-08-17,BUY,848.36,100,2026-08-16,DEUTSCHE-BROKER,RECEIVED,TRAIN
TRD104849,2026-08-03,SBIN,INE104849,SBIN,2000,842.66,1685320.0,DEUTSCHE-BROKER,EQ-CORE-02,BOOKED,2026-08-04,BUY,842.66,2000,2026-08-03,NOMURA-BROKER,RECEIVED,TRAIN
TRD104850,2026-08-16,BHARTIARTL,INE104850,BHARTIARTL,100,1696.07,169607.0,NOMURA-BROKER,EQ-CORE-01,BOOKED,2026-08-17,BUY,1722.53,100,2026-08-16,NOMURA-BROKER,RECEIVED,TRAIN
TRD104851,2026-08-15,KOTAKBANK,INE104851,KOTAKBANK,100,1952.09,195209.0,ICICI-CUST,EQ-CORE-02,BOOKED,2026-08-16,SELL,1911.39,100,2026-08-15,ICICI-CUST,RECEIVED,TRAIN
TRD104852,2026-08-13,MARUTI,INE104852,MARUTI,500,12922.94,6461470.0,DEUTSCHE-BROKER,EQ-CORE-01,BOOKED,2026-08-14,BUY,12922.94,500,2026-08-13,DEUTSCHE-BROKER,RECEIVED,TRAIN
TRD104853,2026-08-20,SBIN,INE104853,SBIN,750,844.78,633585.0,DEUTSCHE-BROKER,EQ-INDEX-04,BOOKED,2026-08-21,BUY,844.78,750,2026-08-20,DEUTSCHE-BROKER,RECEIVED,TRAIN
TRD104854,2026-08-08,MARUTI,INE104854,MARUTI,250,13043.19,3260797.5,HDFC-CUST,EQ-INDEX-04,BOOKED,2026-08-09,BUY,13043.19,250,2026-08-08,HDFC-CUST,RECEIVED,TRAIN
TRD104855,2026-08-11,RELIANCE,INE104855,RELIANCE,2000,2839.33,5678660.0,MORGANSTANLEY-BROKER,EQ-CORE-01,BOOKED,2026-08-12,BUY,2839.33,2000,2026-08-12,MORGANSTANLEY-BROKER,RECEIVED,TRAIN
TRD104856,2026-08-03,AXISBANK,INE104856,AXISBANK,2000,1184.58,2369160.0,KOTAK-CUST,EQ-CORE-01,BOOKED,2026-08-04,SELL,1184.58,1900,2026-08-03,KOTAK-CUST,RECEIVED,TRAIN
TRD104857,2026-08-10,HDFCBANK,INE104857,HDFCBANK,500,1669.88,834940.0,HDFC-CUST,EQ-CORE-01,BOOKED,2026-08-11,SELL,1669.88,500,2026-08-10,HDFC-CUST,RECEIVED,TEST
TRD104858,2026-08-18,SBIN,INE104858,SBIN,2000,843.85,1687700.0,NOMURA-BROKER,EQ-CORE-02,BOOKED,2026-08-19,BUY,843.85,2000,2026-08-18,NOMURA-BROKER,RECEIVED,TRAIN
TRD104859,2026-08-01,HDFCBANK,INE104859,HDFCBANK,2000,1672.44,3344880.0,MORGANSTANLEY-BROKER,EQ-INDEX-04,BOOKED,2026-08-02,BUY,1672.44,2000,2026-08-01,MORGANSTANLEY-BROKER,RECEIVED,TRAIN
TRD104860,2026-08-05,INFY,INE104860,INFY,1000,1898.11,1898110.0,NOMURA-BROKER,EQ-ALPHA-03,BOOKED,2026-08-06,SELL,1898.11,1000,2026-08-05,NOMURA-BROKER,RECEIVED,TRAIN
TRD104861,2026-08-04,WIPRO,INE104861,WIPRO,750,609.47,457102.5,HDFC-CUST,EQ-CORE-01,BOOKED,2026-08-05,SELL,609.47,750,2026-08-04,HDFC-CUST,RECEIVED,TRAIN
TRD104862,2026-08-10,HINDUNILVR,INE104862,HINDUNILVR,100,2758.34,275834.0,MORGANSTANLEY-BROKER,EQ-CORE-02,BOOKED,2026-08-11,BUY,2758.34,100,2026-08-10,MORGANSTANLEY-BROKER,RECEIVED,TRAIN
TRD104863,2026-08-07,BHARTIARTL,INE104863,BHARTIARTL,2000,1691.12,3382240.0,MORGANSTANLEY-BROKER,EQ-INDEX-04,BOOKED,2026-08-08,BUY,1691.12,2000,2026-08-07,MORGANSTANLEY-BROKER,RECEIVED,TEST
TRD104864,2026-08-08,BHARTIARTL,INE104864,BHARTIARTL,500,1684.41,842205.0,MORGANSTANLEY-BROKER,EQ-CORE-01,BOOKED,2026-08-09,BUY,1684.41,500,2026-08-08,MORGANSTANLEY-BROKER,RECEIVED,TRAIN
TRD104865,2026-08-15,ICICIBANK,INE104865,ICICIBANK,500,1239.7,619850.0,KOTAK-CUST,EQ-ALPHA-03,BOOKED,2026-08-16,SELL,1239.7,500,2026-08-15,KOTAK-CUST,RECEIVED,TRAIN
TRD104866,2026-08-16,BHARTIARTL,INE104866,BHARTIARTL,750,1690.69,1268017.5,NOMURA-BROKER,EQ-ALPHA-03,BOOKED,2026-08-17,BUY,1690.69,750,2026-08-16,NOMURA-BROKER,RECEIVED,TEST
TRD104867,2026-08-03,BHARTIARTL,INE104867,BHARTIARTL,500,1690.25,845125.0,HDFC-CUST,EQ-CORE-01,BOOKED,2026-08-04,SELL,1690.25,500,2026-08-03,HDFC-CUST,RECEIVED,TRAIN
TRD104868,2026-08-12,HDFCBANK,INE104868,HDFCBANK,200,1674.49,334898.0,HDFC-CUST,EQ-INDEX-04,BOOKED,2026-08-13,SELL,1674.49,200,2026-08-12,HDFC-CUST,RECEIVED,TRAIN
TRD104869,2026-08-12,BHARTIARTL,INE104869,BHARTIARTL,100,1684.01,168401.0,MORGANSTANLEY-BROKER,EQ-ALPHA-03,BOOKED,2026-08-13,BUY,1684.01,100,2026-08-12,MORGANSTANLEY-BROKER,RECEIVED,TEST
TRD104870,2026-08-09,LT,INE104870,LT,200,3665.83,733166.0,KOTAK-CUST,EQ-CORE-01,BOOKED,2026-08-10,SELL,3665.83,200,2026-08-09,KOTAK-CUST,RECEIVED,TRAIN
TRD104871,2026-08-10,ITC,INE104871,ITC,250,469.11,117277.5,NOMURA-BROKER,EQ-CORE-02,BOOKED,2026-08-11,SELL,469.11,250,2026-08-10,NOMURA-BROKER,RECEIVED,TEST
TRD104872,2026-08-18,TATASTEEL,INE104872,TATASTEEL,200,171.71,34342.0,DEUTSCHE-BROKER,EQ-CORE-01,BOOKED,2026-08-19,BUY,171.71,200,2026-08-18,DEUTSCHE-BROKER,RECEIVED,TRAIN
TRD104873,2026-08-07,ICICIBANK,INE104873,ICICIBANK,1500,1245.98,1868970.0,DEUTSCHE-BROKER,EQ-CORE-01,BOOKED,2026-08-08,BUY,1245.98,1500,2026-08-07,DEUTSCHE-BROKER,RECEIVED,TRAIN
TRD104874,2026-08-01,LT,INE104874,LT,250,3676.46,919115.0,KOTAK-CUST,EQ-ALPHA-03,BOOKED,2026-08-02,SELL,3676.46,250,2026-08-01,KOTAK-CUST,RECEIVED,TEST
TRD104875,2026-08-12,WIPRO,INE104875,WIPRO,750,609.61,457207.5,KOTAK-CUST,EQ-CORE-02,BOOKED,2026-08-13,SELL,609.61,750,2026-08-12,KOTAK-CUST,RECEIVED,TRAIN
TRD104876,2026-08-09,LT,INE104876,LT,500,3675.73,1837865.0,HDFC-CUST,EQ-INDEX-04,BOOKED,2026-08-10,SELL,3675.73,500,2026-08-09,HDFC-CUST,RECEIVED,TEST
TRD104877,2026-08-07,TCS,INE104877,TCS,750,4133.4,3100050.0,KOTAK-CUST,EQ-ALPHA-03,BOOKED,2026-08-08,SELL,4133.4,750,2026-08-07,KOTAK-CUST,RECEIVED,TRAIN
TRD104878,2026-08-12,ICICIBANK,INE104878,ICICIBANK,1000,1245.11,1245110.0,NOMURA-BROKER,EQ-INDEX-04,BOOKED,2026-08-13,SELL,1245.11,1100,2026-08-12,NOMURA-BROKER,RECEIVED,TEST
TRD104879,2026-08-01,RELIANCE,INE104879,RELIANCE,100,2842.83,284283.0,ICICI-CUST,EQ-CORE-01,BOOKED,2026-08-02,SELL,2842.83,100,2026-08-01,ICICI-CUST,RECEIVED,TRAIN
TRD104880,2026-08-05,KOTAKBANK,INE104880,KOTAKBANK,250,1948.9,487225.0,HDFC-CUST,EQ-INDEX-04,BOOKED,2026-08-06,SELL,1899.47,250,2026-08-05,HDFC-CUST,RECEIVED,TRAIN
TRD104881,2026-08-04,TATASTEEL,INE104881,TATASTEEL,750,172.77,129577.5,NOMURA-BROKER,EQ-INDEX-04,BOOKED,2026-08-05,BUY,172.77,750,2026-08-05,NOMURA-BROKER,RECEIVED,TRAIN
TRD104882,2026-08-02,BHARTIARTL,INE104882,BHARTIARTL,500,1690.99,845495.0,MORGANSTANLEY-BROKER,EQ-ALPHA-03,BOOKED,2026-08-03,SELL,1690.99,500,2026-08-02,MORGANSTANLEY-BROKER,RECEIVED,TRAIN
TRD104883,2026-08-20,RELIANCE,INE104883,RELIANCE,500,2843.62,1421810.0,MORGANSTANLEY-BROKER,EQ-CORE-01,BOOKED,2026-08-21,SELL,2843.62,500,2026-08-20,MORGANSTANLEY-BROKER,RECEIVED,TEST
TRD104884,2026-08-04,KOTAKBANK,INE104884,KOTAKBANK,1000,1946.57,1946570.0,ICICI-CUST,EQ-CORE-02,BOOKED,2026-08-05,SELL,1946.57,1000,2026-08-04,DEUTSCHE-BROKER,RECEIVED,TEST
TRD104885,2026-08-01,HINDUNILVR,INE104885,HINDUNILVR,750,2755.38,2066535.0,HDFC-CUST,EQ-ALPHA-03,BOOKED,2026-08-02,SELL,2755.38,750,2026-08-01,DEUTSCHE-BROKER,RECEIVED,TRAIN
TRD104886,2026-08-16,LT,INE104886,LT,750,3668.7,2751525.0,DEUTSCHE-BROKER,EQ-CORE-01,BOOKED,2026-08-17,BUY,3668.7,750,2026-08-16,DEUTSCHE-BROKER,RECEIVED,TRAIN
TRD104887,2026-08-16,WIPRO,INE104887,WIPRO,1500,608.35,912525.0,MORGANSTANLEY-BROKER,EQ-ALPHA-03,BOOKED,2026-08-17,SELL,608.35,1500,2026-08-16,MORGANSTANLEY-BROKER,RECEIVED,TRAIN
TRD104888,2026-08-06,TATASTEEL,INE104888,TATASTEEL,200,172.11,34422.0,MORGANSTANLEY-BROKER,EQ-ALPHA-03,BOOKED,2026-08-07,SELL,172.11,300,2026-08-06,MORGANSTANLEY-BROKER,RECEIVED,TRAIN
TRD104889,2026-08-11,ICICIBANK,INE104889,ICICIBANK,1500,1239.9,1859850.0,KOTAK-CUST,EQ-CORE-02,BOOKED,2026-08-12,BUY,1239.9,1500,2026-08-11,HDFC-CUST,RECEIVED,TRAIN
TRD104890,2026-08-12,WIPRO,INE104890,WIPRO,2000,612.44,1224880.0,DEUTSCHE-BROKER,EQ-CORE-02,BOOKED,2026-08-13,SELL,,,,,MISSING,TRAIN
TRD104891,2026-08-01,SBIN,INE104891,SBIN,250,845.6,211400.0,ICICI-CUST,EQ-INDEX-04,BOOKED,2026-08-02,BUY,845.6,250,2026-08-01,ICICI-CUST,RECEIVED,TRAIN
TRD104892,2026-08-10,KOTAKBANK,INE104892,KOTAKBANK,2000,1949.92,3899840.0,DEUTSCHE-BROKER,EQ-ALPHA-03,BOOKED,2026-08-11,SELL,1949.92,2000,2026-08-10,DEUTSCHE-BROKER,RECEIVED,TEST
TRD104893,2026-08-04,AXISBANK,INE104893,AXISBANK,250,1177.11,294277.5,DEUTSCHE-BROKER,EQ-CORE-02,BOOKED,2026-08-05,BUY,1177.11,250,2026-08-04,DEUTSCHE-BROKER,RECEIVED,TRAIN
TRD104894,2026-08-17,MARUTI,INE104894,MARUTI,250,12969.95,3242487.5,MORGANSTANLEY-BROKER,EQ-INDEX-04,BOOKED,2026-08-18,BUY,12969.95,250,2026-08-17,MORGANSTANLEY-BROKER,RECEIVED,TEST
TRD104895,2026-08-15,KOTAKBANK,INE104895,KOTAKBANK,100,1946.96,194696.0,ICICI-CUST,EQ-INDEX-04,BOOKED,2026-08-16,BUY,1946.96,100,2026-08-15,ICICI-CUST,RECEIVED,TRAIN
TRD104896,2026-08-11,INFY,INE104896,INFY,750,1892.88,1419660.0,DEUTSCHE-BROKER,EQ-INDEX-04,BOOKED,2026-08-12,BUY,1892.88,750,2026-08-11,DEUTSCHE-BROKER,RECEIVED,TRAIN
TRD104897,2026-08-09,WIPRO,INE104897,WIPRO,500,607.55,303775.0,MORGANSTANLEY-BROKER,EQ-ALPHA-03,BOOKED,2026-08-10,SELL,607.55,500,2026-08-09,MORGANSTANLEY-BROKER,RECEIVED,TRAIN
TRD104898,2026-08-21,TCS,INE104898,TCS,750,4107.31,3080482.5,HDFC-CUST,EQ-ALPHA-03,BOOKED,2026-08-22,SELL,4107.31,750,2026-08-21,HDFC-CUST,RECEIVED,TRAIN
TRD104899,2026-08-18,HINDUNILVR,INE104899,HINDUNILVR,250,2753.48,688370.0,HDFC-CUST,EQ-CORE-02,BOOKED,2026-08-19,SELL,2753.48,250,2026-08-18,DEUTSCHE-BROKER,RECEIVED,TRAIN
TRD104900,2026-08-13,INFY,INE104900,INFY,2000,1894.33,3788660.0,NOMURA-BROKER,EQ-INDEX-04,BOOKED,2026-08-14,BUY,1894.33,2000,2026-08-13,NOMURA-BROKER,RECEIVED,TEST
TRD104901,2026-08-05,KOTAKBANK,INE104901,KOTAKBANK,500,1946.87,973435.0,DEUTSCHE-BROKER,EQ-ALPHA-03,BOOKED,2026-08-06,SELL,1946.87,500,2026-08-05,DEUTSCHE-BROKER,RECEIVED,TRAIN
TRD104902,2026-08-16,ICICIBANK,INE104902,ICICIBANK,2000,1246.39,2492780.0,ICICI-CUST,EQ-CORE-01,BOOKED,2026-08-17,SELL,1246.39,2000,2026-08-16,ICICI-CUST,RECEIVED,TEST
TRD104903,2026-08-03,LT,INE104903,LT,250,3694.26,923565.0,MORGANSTANLEY-BROKER,EQ-INDEX-04,BOOKED,2026-08-04,BUY,3694.26,250,2026-08-03,MORGANSTANLEY-BROKER,RECEIVED,TRAIN
TRD104904,2026-08-01,KOTAKBANK,INE104904,KOTAKBANK,750,1947.35,1460512.5,DEUTSCHE-BROKER,EQ-CORE-01,BOOKED,2026-08-02,BUY,1947.35,750,2026-08-01,DEUTSCHE-BROKER,RECEIVED,TRAIN
TRD104905,2026-08-13,BHARTIARTL,INE104905,BHARTIARTL,200,1683.23,336646.0,KOTAK-CUST,EQ-ALPHA-03,BOOKED,2026-08-14,SELL,1683.23,200,2026-08-13,KOTAK-CUST,RECEIVED,TRAIN
TRD104906,2026-08-19,WIPRO,INE104906,WIPRO,200,613.21,122642.0,MORGANSTANLEY-BROKER,EQ-CORE-02,BOOKED,2026-08-20,BUY,613.21,200,2026-08-19,MORGANSTANLEY-BROKER,RECEIVED,TRAIN
TRD104907,2026-08-10,HINDUNILVR,INE104907,HINDUNILVR,2000,2741.85,5483700.0,HDFC-CUST,EQ-ALPHA-03,BOOKED,2026-08-11,SELL,2741.85,2000,2026-08-10,HDFC-CUST,RECEIVED,TRAIN
TRD104908,2026-08-06,HDFCBANK,INE104908,HDFCBANK,1000,1683.07,1683070.0,HDFC-CUST,EQ-INDEX-04,BOOKED,2026-08-07,SELL,1683.07,1000,2026-08-06,HDFC-CUST,RECEIVED,TEST
TRD104909,2026-08-02,ICICIBANK,INE104909,ICICIBANK,2000,1240.28,2480560.0,DEUTSCHE-BROKER,EQ-CORE-01,BOOKED,2026-08-03,BUY,1240.28,2000,2026-08-02,DEUTSCHE-BROKER,RECEIVED,TRAIN
TRD104910,2026-08-04,SBIN,INE104910,SBIN,500,842.83,421415.0,HDFC-CUST,EQ-CORE-01,BOOKED,2026-08-05,BUY,842.83,500,2026-08-04,HDFC-CUST,RECEIVED,TRAIN
TRD104911,2026-08-13,LT,INE104911,LT,250,3689.53,922382.5,DEUTSCHE-BROKER,EQ-CORE-01,BOOKED,2026-08-14,SELL,3689.53,250,2026-08-13,DEUTSCHE-BROKER,RECEIVED,TRAIN
TRD104912,2026-08-01,KOTAKBANK,INE104912,KOTAKBANK,1500,1953.98,2930970.0,HDFC-CUST,EQ-INDEX-04,BOOKED,2026-08-02,SELL,1953.98,1500,2026-08-01,HDFC-CUST,RECEIVED,TRAIN
TRD104913,2026-08-07,TATASTEEL,INE104913,TATASTEEL,500,172.54,86270.0,MORGANSTANLEY-BROKER,EQ-ALPHA-03,BOOKED,2026-08-08,SELL,172.54,500,2026-08-07,MORGANSTANLEY-BROKER,RECEIVED,TRAIN
TRD104914,2026-08-17,TCS,INE104914,TCS,1500,4112.82,6169230.0,HDFC-CUST,EQ-CORE-01,BOOKED,2026-08-18,BUY,4112.82,1500,2026-08-17,HDFC-CUST,RECEIVED,TRAIN
TRD104915,2026-08-16,MARUTI,INE104915,MARUTI,100,12939.62,1293962.0,ICICI-CUST,EQ-CORE-01,BOOKED,2026-08-17,SELL,12939.62,100,2026-08-16,ICICI-CUST,RECEIVED,TRAIN
TRD104916,2026-08-02,RELIANCE,INE104916,RELIANCE,500,2850.14,1425070.0,MORGANSTANLEY-BROKER,EQ-INDEX-04,BOOKED,2026-08-03,SELL,2850.14,500,2026-08-02,MORGANSTANLEY-BROKER,RECEIVED,TRAIN
TRD104917,2026-08-16,HINDUNILVR,INE104917,HINDUNILVR,500,2736.38,1368190.0,NOMURA-BROKER,EQ-CORE-01,BOOKED,2026-08-17,BUY,2736.38,500,2026-08-16,NOMURA-BROKER,RECEIVED,TRAIN
TRD104918,2026-08-14,ICICIBANK,INE104918,ICICIBANK,750,1241.96,931470.0,DEUTSCHE-BROKER,EQ-ALPHA-03,BOOKED,2026-08-15,SELL,1241.96,750,2026-08-14,DEUTSCHE-BROKER,RECEIVED,TRAIN
TRD104919,2026-08-06,MARUTI,INE104919,MARUTI,1500,13036.32,19554480.0,MORGANSTANLEY-BROKER,EQ-INDEX-04,BOOKED,2026-08-07,SELL,13036.32,1500,2026-08-07,MORGANSTANLEY-BROKER,RECEIVED,TRAIN
TRD104920,2026-08-09,RELIANCE,INE104920,RELIANCE,2000,2859.01,5718020.0,KOTAK-CUST,EQ-INDEX-04,BOOKED,2026-08-10,SELL,2859.01,2000,2026-08-09,KOTAK-CUST,RECEIVED,TRAIN
TRD104921,2026-08-13,ITC,INE104921,ITC,250,468.56,117140.0,KOTAK-CUST,EQ-ALPHA-03,BOOKED,2026-08-14,BUY,468.56,250,2026-08-13,KOTAK-CUST,RECEIVED,TRAIN
TRD104922,2026-08-15,HINDUNILVR,INE104922,HINDUNILVR,250,2745.66,686415.0,MORGANSTANLEY-BROKER,EQ-ALPHA-03,BOOKED,2026-08-16,SELL,2745.66,250,2026-08-15,MORGANSTANLEY-BROKER,RECEIVED,TEST
TRD104923,2026-08-02,ITC,INE104923,ITC,1000,466.57,466570.0,HDFC-CUST,EQ-ALPHA-03,BOOKED,2026-08-03,SELL,466.57,1000,2026-08-02,HDFC-CUST,RECEIVED,TRAIN
TRD104924,2026-08-02,HINDUNILVR,INE104924,HINDUNILVR,250,2752.6,688150.0,HDFC-CUST,EQ-INDEX-04,BOOKED,2026-08-03,BUY,2752.6,250,2026-08-02,HDFC-CUST,RECEIVED,TRAIN
TRD104925,2026-08-05,BHARTIARTL,INE104925,BHARTIARTL,500,1682.93,841465.0,NOMURA-BROKER,EQ-INDEX-04,BOOKED,2026-08-06,SELL,1682.93,500,2026-08-05,NOMURA-BROKER,RECEIVED,TRAIN
TRD104926,2026-08-12,SBIN,INE104926,SBIN,250,849.43,212357.5,DEUTSCHE-BROKER,EQ-CORE-02,BOOKED,2026-08-13,BUY,849.43,250,2026-08-12,DEUTSCHE-BROKER,RECEIVED,TEST
TRD104927,2026-08-15,RELIANCE,INE104927,RELIANCE,100,2864.73,286473.0,KOTAK-CUST,EQ-CORE-01,BOOKED,2026-08-16,SELL,2906.2,25,2026-08-15,KOTAK-CUST,RECEIVED,TRAIN
TRD104928,2026-08-17,HDFCBANK,INE104928,HDFCBANK,1000,1668.27,1668270.0,KOTAK-CUST,EQ-CORE-02,BOOKED,2026-08-18,BUY,1668.27,1000,2026-08-17,KOTAK-CUST,RECEIVED,TRAIN
TRD104929,2026-08-16,ICICIBANK,INE104929,ICICIBANK,2000,1239.56,2479120.0,KOTAK-CUST,EQ-CORE-01,BOOKED,2026-08-17,BUY,1275.32,2000,2026-08-16,KOTAK-CUST,RECEIVED,TRAIN
TRD104930,2026-08-21,SBIN,INE104930,SBIN,500,845.45,422725.0,MORGANSTANLEY-BROKER,EQ-CORE-01,BOOKED,2026-08-22,BUY,845.45,500,2026-08-21,MORGANSTANLEY-BROKER,RECEIVED,TRAIN
TRD104931,2026-08-07,WIPRO,INE104931,WIPRO,1000,612.43,612430.0,DEUTSCHE-BROKER,EQ-INDEX-04,BOOKED,2026-08-08,BUY,612.43,1000,2026-08-07,DEUTSCHE-BROKER,RECEIVED,TRAIN
TRD104932,2026-08-08,HDFCBANK,INE104932,HDFCBANK,250,1675.08,418770.0,HDFC-CUST,EQ-ALPHA-03,BOOKED,2026-08-09,BUY,1675.08,250,2026-08-08,HDFC-CUST,RECEIVED,TRAIN
TRD104933,2026-08-06,INFY,INE104933,INFY,1000,1894.03,1894030.0,MORGANSTANLEY-BROKER,EQ-CORE-02,BOOKED,2026-08-07,SELL,1894.03,1000,2026-08-06,MORGANSTANLEY-BROKER,RECEIVED,TRAIN
TRD104934,2026-08-06,INFY,INE104934,INFY,500,1890.25,945125.0,HDFC-CUST,EQ-ALPHA-03,BOOKED,2026-08-07,BUY,1890.25,500,2026-08-06,HDFC-CUST,RECEIVED,TRAIN
TRD104935,2026-08-08,TCS,INE104935,TCS,100,4109.75,410975.0,NOMURA-BROKER,EQ-INDEX-04,BOOKED,2026-08-09,BUY,4109.75,100,2026-08-08,NOMURA-BROKER,RECEIVED,TRAIN
TRD104936,2026-08-07,RELIANCE,INE104936,RELIANCE,750,2840.31,2130232.5,KOTAK-CUST,EQ-CORE-01,BOOKED,2026-08-08,BUY,2840.31,750,2026-08-07,KOTAK-CUST,RECEIVED,TRAIN
TRD104937,2026-08-07,WIPRO,INE104937,WIPRO,2000,607.37,1214740.0,HDFC-CUST,EQ-CORE-02,BOOKED,2026-08-08,BUY,607.37,2000,2026-08-07,HDFC-CUST,RECEIVED,TRAIN
TRD104938,2026-08-18,KOTAKBANK,INE104938,KOTAKBANK,200,1958.29,391658.0,MORGANSTANLEY-BROKER,EQ-CORE-02,BOOKED,2026-08-19,SELL,1958.29,200,2026-08-18,MORGANSTANLEY-BROKER,RECEIVED,TEST
TRD104939,2026-08-03,SBIN,INE104939,SBIN,1500,846.74,1270110.0,HDFC-CUST,EQ-ALPHA-03,BOOKED,2026-08-04,SELL,846.74,1500,2026-08-03,HDFC-CUST,RECEIVED,TEST
TRD104940,2026-08-08,TATASTEEL,INE104940,TATASTEEL,100,172.05,17205.0,DEUTSCHE-BROKER,EQ-CORE-01,BOOKED,2026-08-09,SELL,172.05,100,2026-08-08,DEUTSCHE-BROKER,RECEIVED,TRAIN
TRD104941,2026-08-14,HINDUNILVR,INE104941,HINDUNILVR,200,2744.98,548996.0,MORGANSTANLEY-BROKER,EQ-INDEX-04,BOOKED,2026-08-15,BUY,2744.98,200,2026-08-14,MORGANSTANLEY-BROKER,RECEIVED,TRAIN
TRD104942,2026-08-12,TATASTEEL,INE104942,TATASTEEL,1500,172.1,258150.0,KOTAK-CUST,EQ-ALPHA-03,BOOKED,2026-08-13,BUY,172.1,1500,2026-08-12,KOTAK-CUST,RECEIVED,TEST
TRD104943,2026-08-18,TCS,INE104943,TCS,1000,4120.32,4120320.0,HDFC-CUST,EQ-INDEX-04,BOOKED,2026-08-19,BUY,4120.32,1000,2026-08-18,HDFC-CUST,RECEIVED,TRAIN
TRD104944,2026-08-07,BHARTIARTL,INE104944,BHARTIARTL,750,1682.46,1261845.0,NOMURA-BROKER,EQ-CORE-02,BOOKED,2026-08-08,SELL,1662.24,750,2026-08-07,NOMURA-BROKER,RECEIVED,TEST
TRD104945,2026-08-12,HDFCBANK,INE104945,HDFCBANK,1500,1675.58,2513370.0,MORGANSTANLEY-BROKER,EQ-CORE-02,BOOKED,2026-08-13,SELL,1675.58,1500,2026-08-12,MORGANSTANLEY-BROKER,RECEIVED,TRAIN
TRD104946,2026-08-18,WIPRO,INE104946,WIPRO,250,610.51,152627.5,HDFC-CUST,EQ-CORE-01,BOOKED,2026-08-19,BUY,596.09,250,2026-08-18,HDFC-CUST,RECEIVED,TRAIN
TRD104947,2026-08-20,AXISBANK,INE104947,AXISBANK,2000,1181.59,2363180.0,DEUTSCHE-BROKER,EQ-CORE-02,BOOKED,2026-08-21,BUY,1181.59,2000,2026-08-20,DEUTSCHE-BROKER,RECEIVED,TRAIN
TRD104948,2026-08-06,TCS,INE104948,TCS,1000,4101.09,4101090.0,ICICI-CUST,EQ-ALPHA-03,BOOKED,2026-08-07,SELL,4101.09,1000,2026-08-06,ICICI-CUST,RECEIVED,TRAIN
TRD104949,2026-08-01,SBIN,INE104949,SBIN,1000,847.96,847960.0,HDFC-CUST,EQ-ALPHA-03,BOOKED,2026-08-02,BUY,847.96,1000,2026-08-01,HDFC-CUST,RECEIVED,TEST
TRD104950,2026-08-21,BHARTIARTL,INE104950,BHARTIARTL,1500,1689.29,2533935.0,MORGANSTANLEY-BROKER,EQ-INDEX-04,BOOKED,2026-08-22,BUY,1689.29,1500,2026-08-21,MORGANSTANLEY-BROKER,RECEIVED,TRAIN
TRD104951,2026-08-10,BHARTIARTL,INE104951,BHARTIARTL,2000,1685.72,3371440.0,DEUTSCHE-BROKER,EQ-INDEX-04,BOOKED,2026-08-11,SELL,1685.72,2000,2026-08-10,DEUTSCHE-BROKER,RECEIVED,TRAIN
TRD104952,2026-08-19,TCS,INE104952,TCS,750,4134.3,3100725.0,NOMURA-BROKER,EQ-INDEX-04,BOOKED,2026-08-20,BUY,4134.3,750,2026-08-19,NOMURA-BROKER,RECEIVED,TRAIN
TRD104953,2026-08-03,INFY,INE104953,INFY,1000,1894.54,1894540.0,NOMURA-BROKER,EQ-CORE-01,BOOKED,2026-08-04,BUY,1894.54,1000,2026-08-03,NOMURA-BROKER,RECEIVED,TRAIN
TRD104954,2026-08-05,LT,INE104954,LT,1000,3668.56,3668560.0,DEUTSCHE-BROKER,EQ-INDEX-04,BOOKED,2026-08-06,BUY,3668.56,950,2026-08-05,DEUTSCHE-BROKER,RECEIVED,TRAIN
TRD104955,2026-08-19,INFY,INE104955,INFY,200,1887.0,377400.0,DEUTSCHE-BROKER,EQ-CORE-02,BOOKED,2026-08-20,SELL,1887.0,200,2026-08-19,DEUTSCHE-BROKER,RECEIVED,TRAIN
TRD104956,2026-08-14,ICICIBANK,INE104956,ICICIBANK,500,1241.7,620850.0,HDFC-CUST,EQ-ALPHA-03,BOOKED,2026-08-15,SELL,1241.7,500,2026-08-14,HDFC-CUST,RECEIVED,TRAIN
TRD104957,2026-08-18,TATASTEEL,INE104957,TATASTEEL,750,171.6,128700.0,MORGANSTANLEY-BROKER,EQ-ALPHA-03,BOOKED,2026-08-19,SELL,171.6,750,2026-08-18,MORGANSTANLEY-BROKER,RECEIVED,TRAIN
TRD104958,2026-08-14,HINDUNILVR,INE104958,HINDUNILVR,750,2743.26,2057445.0,NOMURA-BROKER,EQ-ALPHA-03,BOOKED,2026-08-15,BUY,2743.26,750,2026-08-14,NOMURA-BROKER,RECEIVED,TRAIN
TRD104959,2026-08-16,TCS,INE104959,TCS,2000,4102.54,8205080.0,HDFC-CUST,EQ-CORE-01,BOOKED,2026-08-17,BUY,4102.54,2000,2026-08-16,HDFC-CUST,RECEIVED,TRAIN
TRD104960,2026-08-05,INFY,INE104960,INFY,200,1881.15,376230.0,NOMURA-BROKER,EQ-INDEX-04,BOOKED,2026-08-06,BUY,1881.15,200,2026-08-05,NOMURA-BROKER,RECEIVED,TRAIN
TRD104961,2026-08-06,BHARTIARTL,INE104961,BHARTIARTL,1500,1685.69,2528535.0,KOTAK-CUST,EQ-INDEX-04,BOOKED,2026-08-07,SELL,1685.69,1500,2026-08-06,KOTAK-CUST,RECEIVED,TRAIN
TRD104962,2026-08-07,HDFCBANK,INE104962,HDFCBANK,250,1669.67,417417.5,KOTAK-CUST,EQ-INDEX-04,BOOKED,2026-08-08,SELL,1669.67,250,2026-08-07,KOTAK-CUST,RECEIVED,TRAIN
TRD104963,2026-08-03,AXISBANK,INE104963,AXISBANK,500,1181.41,590705.0,DEUTSCHE-BROKER,EQ-INDEX-04,BOOKED,2026-08-04,BUY,1181.41,500,2026-08-03,DEUTSCHE-BROKER,RECEIVED,TRAIN
TRD104964,2026-08-02,HINDUNILVR,INE104964,HINDUNILVR,200,2747.8,549560.0,MORGANSTANLEY-BROKER,EQ-CORE-01,BOOKED,2026-08-03,SELL,2747.8,200,2026-08-02,MORGANSTANLEY-BROKER,RECEIVED,TEST
TRD104965,2026-08-01,LT,INE104965,LT,1500,3676.33,5514495.0,NOMURA-BROKER,EQ-INDEX-04,BOOKED,2026-08-02,BUY,3778.7,1500,2026-08-01,NOMURA-BROKER,RECEIVED,TRAIN
TRD104966,2026-08-10,MARUTI,INE104966,MARUTI,250,12968.75,3242187.5,DEUTSCHE-BROKER,EQ-CORE-02,BOOKED,2026-08-11,SELL,12968.75,250,2026-08-10,DEUTSCHE-BROKER,RECEIVED,TRAIN
TRD104967,2026-08-21,LT,INE104967,LT,1000,3684.35,3684350.0,KOTAK-CUST,EQ-CORE-01,BOOKED,2026-08-22,SELL,3684.35,1000,2026-08-21,KOTAK-CUST,RECEIVED,TRAIN
TRD104968,2026-08-20,BHARTIARTL,INE104968,BHARTIARTL,100,1695.25,169525.0,NOMURA-BROKER,EQ-CORE-01,BOOKED,2026-08-21,BUY,1695.25,100,2026-08-20,NOMURA-BROKER,RECEIVED,TEST
TRD104969,2026-08-10,ITC,INE104969,ITC,200,470.86,94172.0,NOMURA-BROKER,EQ-ALPHA-03,BOOKED,2026-08-11,BUY,470.86,200,2026-08-10,NOMURA-BROKER,RECEIVED,TRAIN
TRD104970,2026-08-16,RELIANCE,INE104970,RELIANCE,750,2846.23,2134672.5,HDFC-CUST,EQ-ALPHA-03,BOOKED,2026-08-17,SELL,2846.23,750,2026-08-16,HDFC-CUST,RECEIVED,TRAIN
TRD104971,2026-08-16,BHARTIARTL,INE104971,BHARTIARTL,750,1686.26,1264695.0,HDFC-CUST,EQ-CORE-02,BOOKED,2026-08-17,SELL,1686.26,750,2026-08-16,HDFC-CUST,RECEIVED,TRAIN
TRD104972,2026-08-11,HINDUNILVR,INE104972,HINDUNILVR,100,2752.3,275230.0,HDFC-CUST,EQ-CORE-01,BOOKED,2026-08-12,SELL,2752.3,100,2026-08-11,HDFC-CUST,RECEIVED,TRAIN
TRD104973,2026-08-03,BHARTIARTL,INE104973,BHARTIARTL,1500,1687.78,2531670.0,MORGANSTANLEY-BROKER,EQ-CORE-02,BOOKED,2026-08-04,SELL,1687.78,1500,2026-08-03,MORGANSTANLEY-BROKER,RECEIVED,TRAIN
TRD104974,2026-08-15,LT,INE104974,LT,750,3688.99,2766742.5,ICICI-CUST,EQ-CORE-02,BOOKED,2026-08-16,SELL,3688.99,750,2026-08-15,ICICI-CUST,RECEIVED,TRAIN
TRD104975,2026-08-12,ICICIBANK,INE104975,ICICIBANK,500,1244.71,622355.0,ICICI-CUST,EQ-INDEX-04,BOOKED,2026-08-13,SELL,1244.71,500,2026-08-12,ICICI-CUST,RECEIVED,TRAIN
TRD104976,2026-08-13,AXISBANK,INE104976,AXISBANK,500,1180.29,590145.0,HDFC-CUST,EQ-ALPHA-03,BOOKED,2026-08-14,BUY,1180.29,500,2026-08-13,HDFC-CUST,RECEIVED,TRAIN
TRD104977,2026-08-19,INFY,INE104977,INFY,500,1881.7,940850.0,NOMURA-BROKER,EQ-INDEX-04,BOOKED,2026-08-20,SELL,1881.7,500,2026-08-19,NOMURA-BROKER,RECEIVED,TRAIN
TRD104978,2026-08-08,BHARTIARTL,INE104978,BHARTIARTL,250,1686.43,421607.5,KOTAK-CUST,EQ-CORE-02,BOOKED,2026-08-09,SELL,1686.43,250,2026-08-08,KOTAK-CUST,RECEIVED,TRAIN
TRD104979,2026-08-06,ICICIBANK,INE104979,ICICIBANK,1500,1241.98,1862970.0,ICICI-CUST,EQ-CORE-02,BOOKED,2026-08-07,BUY,1241.98,1500,2026-08-06,ICICI-CUST,RECEIVED,TRAIN
TRD104980,2026-08-08,KOTAKBANK,INE104980,KOTAKBANK,1000,1953.53,1953530.0,MORGANSTANLEY-BROKER,EQ-INDEX-04,BOOKED,2026-08-09,BUY,1984.35,1000,2026-08-08,MORGANSTANLEY-BROKER,RECEIVED,TRAIN
TRD104981,2026-08-10,RELIANCE,INE104981,RELIANCE,100,2842.22,284222.0,DEUTSCHE-BROKER,EQ-ALPHA-03,BOOKED,2026-08-11,SELL,2842.22,100,2026-08-10,DEUTSCHE-BROKER,RECEIVED,TRAIN
TRD104982,2026-08-19,BHARTIARTL,INE104982,BHARTIARTL,100,1697.24,169724.0,ICICI-CUST,EQ-CORE-02,BOOKED,2026-08-20,SELL,1697.24,100,2026-08-19,ICICI-CUST,RECEIVED,TRAIN
TRD104983,2026-08-15,BHARTIARTL,INE104983,BHARTIARTL,750,1689.41,1267057.5,DEUTSCHE-BROKER,EQ-CORE-01,BOOKED,2026-08-16,BUY,1689.41,750,2026-08-15,DEUTSCHE-BROKER,RECEIVED,TRAIN
TRD104984,2026-08-04,BHARTIARTL,INE104984,BHARTIARTL,200,1685.1,337020.0,KOTAK-CUST,EQ-CORE-01,BOOKED,2026-08-05,BUY,1685.1,200,2026-08-04,KOTAK-CUST,RECEIVED,TEST
TRD104985,2026-08-12,WIPRO,INE104985,WIPRO,1500,611.56,917340.0,MORGANSTANLEY-BROKER,EQ-INDEX-04,BOOKED,2026-08-13,BUY,611.56,1500,2026-08-12,MORGANSTANLEY-BROKER,RECEIVED,TRAIN
TRD104986,2026-08-10,KOTAKBANK,INE104986,KOTAKBANK,100,1946.75,194675.0,ICICI-CUST,EQ-ALPHA-03,BOOKED,2026-08-11,BUY,1946.75,100,2026-08-10,ICICI-CUST,RECEIVED,TEST
TRD104987,2026-08-18,HDFCBANK,INE104987,HDFCBANK,500,1673.07,836535.0,DEUTSCHE-BROKER,EQ-INDEX-04,BOOKED,2026-08-19,BUY,1673.07,500,2026-08-18,DEUTSCHE-BROKER,RECEIVED,TRAIN
TRD104988,2026-08-11,TCS,INE104988,TCS,500,4121.39,2060695.0,NOMURA-BROKER,EQ-CORE-01,BOOKED,2026-08-12,BUY,4121.39,500,2026-08-11,NOMURA-BROKER,RECEIVED,TRAIN
TRD104989,2026-08-16,INFY,INE104989,INFY,1000,1895.69,1895690.0,HDFC-CUST,EQ-CORE-01,BOOKED,2026-08-17,BUY,1895.69,1000,2026-08-16,HDFC-CUST,RECEIVED,TRAIN
TRD104990,2026-08-10,TATASTEEL,INE104990,TATASTEEL,100,171.71,17171.0,KOTAK-CUST,EQ-INDEX-04,BOOKED,2026-08-11,BUY,171.71,100,2026-08-10,KOTAK-CUST,RECEIVED,TRAIN
TRD104991,2026-08-18,LT,INE104991,LT,200,3695.28,739056.0,ICICI-CUST,EQ-INDEX-04,BOOKED,2026-08-19,BUY,3695.28,200,2026-08-18,ICICI-CUST,RECEIVED,TRAIN
TRD104992,2026-08-19,AXISBANK,INE104992,AXISBANK,750,1181.52,886140.0,ICICI-CUST,EQ-CORE-02,BOOKED,2026-08-20,SELL,1181.52,750,2026-08-20,ICICI-CUST,RECEIVED,TEST
TRD104993,2026-08-12,KOTAKBANK,INE104993,KOTAKBANK,1000,1946.63,1946630.0,KOTAK-CUST,EQ-CORE-01,BOOKED,2026-08-13,BUY,1946.63,1000,2026-08-12,KOTAK-CUST,RECEIVED,TRAIN
TRD104994,2026-08-19,KOTAKBANK,INE104994,KOTAKBANK,500,1962.22,981110.0,DEUTSCHE-BROKER,EQ-INDEX-04,BOOKED,2026-08-20,BUY,1962.22,500,2026-08-19,DEUTSCHE-BROKER,RECEIVED,TEST
TRD104995,2026-08-16,LT,INE104995,LT,1500,3691.0,5536500.0,ICICI-CUST,EQ-INDEX-04,BOOKED,2026-08-17,BUY,3691.0,1500,2026-08-16,ICICI-CUST,RECEIVED,TRAIN
TRD104996,2026-08-20,LT,INE104996,LT,100,3685.38,368538.0,HDFC-CUST,EQ-CORE-02,BOOKED,2026-08-21,BUY,3685.38,100,2026-08-20,HDFC-CUST,RECEIVED,TEST
TRD104997,2026-08-04,HINDUNILVR,INE104997,HINDUNILVR,1000,2732.35,2732350.0,MORGANSTANLEY-BROKER,EQ-INDEX-04,BOOKED,2026-08-05,BUY,2732.35,1000,2026-08-04,MORGANSTANLEY-BROKER,RECEIVED,TEST
TRD104998,2026-08-05,INFY,INE104998,INFY,500,1884.77,942385.0,ICICI-CUST,EQ-CORE-02,BOOKED,2026-08-06,SELL,1884.77,500,2026-08-05,ICICI-CUST,RECEIVED,TRAIN
TRD104999,2026-08-05,AXISBANK,INE104999,AXISBANK,1000,1176.27,1176270.0,ICICI-CUST,EQ-ALPHA-03,BOOKED,2026-08-06,BUY,1176.27,1000,2026-08-05,ICICI-CUST,RECEIVED,TRAIN
TRD105000,2026-08-07,KOTAKBANK,INE105000,KOTAKBANK,100,1964.38,196438.0,DEUTSCHE-BROKER,EQ-CORE-01,BOOKED,2026-08-08,SELL,1964.38,100,2026-08-07,DEUTSCHE-BROKER,RECEIVED,TRAIN
TRD105001,2026-08-12,ITC,INE105001,ITC,1000,469.0,469000.0,DEUTSCHE-BROKER,EQ-CORE-02,BOOKED,2026-08-13,SELL,469.0,1000,2026-08-12,DEUTSCHE-BROKER,RECEIVED,TRAIN
TRD105002,2026-08-04,ICICIBANK,INE105002,ICICIBANK,100,1239.42,123942.0,ICICI-CUST,EQ-CORE-02,BOOKED,2026-08-05,SELL,1239.42,100,2026-08-04,ICICI-CUST,RECEIVED,TEST
TRD105003,2026-08-21,HINDUNILVR,INE105003,HINDUNILVR,250,2751.66,687915.0,HDFC-CUST,EQ-CORE-01,BOOKED,2026-08-22,SELL,2751.66,250,2026-08-21,HDFC-CUST,RECEIVED,TRAIN
TRD105004,2026-08-14,AXISBANK,INE105004,AXISBANK,1000,1185.48,1185480.0,KOTAK-CUST,EQ-INDEX-04,BOOKED,2026-08-15,BUY,1185.48,1000,2026-08-14,KOTAK-CUST,RECEIVED,TRAIN
TRD105005,2026-08-14,INFY,INE105005,INFY,200,1883.08,376616.0,ICICI-CUST,EQ-CORE-01,BOOKED,2026-08-15,BUY,1926.3,200,2026-08-14,ICICI-CUST,RECEIVED,TRAIN
TRD105006,2026-08-05,TATASTEEL,INE105006,TATASTEEL,200,172.74,34548.0,NOMURA-BROKER,EQ-CORE-02,BOOKED,2026-08-06,BUY,172.74,200,2026-08-05,NOMURA-BROKER,RECEIVED,TEST
TRD105007,2026-08-12,HDFCBANK,INE105007,HDFCBANK,100,1669.87,166987.0,MORGANSTANLEY-BROKER,EQ-INDEX-04,BOOKED,2026-08-13,BUY,1669.87,100,2026-08-12,MORGANSTANLEY-BROKER,RECEIVED,TEST
TRD105008,2026-08-08,RELIANCE,INE105008,RELIANCE,1500,2858.71,4288065.0,ICICI-CUST,EQ-ALPHA-03,BOOKED,2026-08-09,SELL,2858.71,1500,2026-08-08,ICICI-CUST,RECEIVED,TRAIN
TRD105009,2026-08-17,AXISBANK,INE105009,AXISBANK,1500,1180.9,1771350.0,NOMURA-BROKER,EQ-CORE-01,BOOKED,2026-08-18,BUY,1192.86,1575,2026-08-17,NOMURA-BROKER,RECEIVED,TRAIN
TRD105010,2026-08-19,TATASTEEL,INE105010,TATASTEEL,1500,172.68,259020.0,DEUTSCHE-BROKER,EQ-CORE-01,BOOKED,2026-08-20,SELL,172.68,1500,2026-08-19,DEUTSCHE-BROKER,RECEIVED,TRAIN
TRD105011,2026-08-03,SBIN,INE105011,SBIN,100,844.28,84428.0,ICICI-CUST,EQ-CORE-02,BOOKED,2026-08-04,BUY,844.28,100,2026-08-03,ICICI-CUST,RECEIVED,TRAIN
TRD105012,2026-08-01,MARUTI,INE105012,MARUTI,500,13017.98,6508990.0,MORGANSTANLEY-BROKER,EQ-CORE-01,BOOKED,2026-08-02,SELL,13017.98,500,2026-08-01,MORGANSTANLEY-BROKER,RECEIVED,TRAIN
TRD105013,2026-08-18,HINDUNILVR,INE105013,HINDUNILVR,750,2753.18,2064885.0,ICICI-CUST,EQ-ALPHA-03,BOOKED,2026-08-19,SELL,2753.18,750,2026-08-18,ICICI-CUST,RECEIVED,TEST
TRD105014,2026-08-18,WIPRO,INE105014,WIPRO,1500,612.42,918630.0,NOMURA-BROKER,EQ-CORE-01,BOOKED,2026-08-19,SELL,612.42,1500,2026-08-18,NOMURA-BROKER,RECEIVED,TRAIN
TRD105015,2026-08-18,TATASTEEL,INE105015,TATASTEEL,200,172.03,34406.0,HDFC-CUST,EQ-ALPHA-03,BOOKED,2026-08-19,SELL,172.03,200,2026-08-18,HDFC-CUST,RECEIVED,TRAIN
TRD105016,2026-08-19,AXISBANK,INE105016,AXISBANK,1000,1177.46,1177460.0,KOTAK-CUST,EQ-CORE-01,BOOKED,2026-08-20,SELL,1177.46,1000,2026-08-19,KOTAK-CUST,RECEIVED,TRAIN
TRD105017,2026-08-17,RELIANCE,INE105017,RELIANCE,1000,2859.87,2859870.0,ICICI-CUST,EQ-INDEX-04,BOOKED,2026-08-18,BUY,2859.87,1000,2026-08-17,KOTAK-CUST,RECEIVED,TRAIN
TRD105018,2026-08-13,WIPRO,INE105018,WIPRO,2000,608.9,1217800.0,DEUTSCHE-BROKER,EQ-CORE-02,BOOKED,2026-08-14,SELL,608.9,2000,2026-08-13,DEUTSCHE-BROKER,RECEIVED,TRAIN
TRD105019,2026-08-05,AXISBANK,INE105019,AXISBANK,100,1180.1,118010.0,MORGANSTANLEY-BROKER,EQ-ALPHA-03,BOOKED,2026-08-06,BUY,1180.1,100,2026-08-05,MORGANSTANLEY-BROKER,RECEIVED,TRAIN
TRD105020,2026-08-01,ICICIBANK,INE105020,ICICIBANK,250,1242.85,310712.5,KOTAK-CUST,EQ-ALPHA-03,BOOKED,2026-08-02,SELL,1242.85,250,2026-08-01,KOTAK-CUST,RECEIVED,TRAIN
TRD105021,2026-08-06,TATASTEEL,INE105021,TATASTEEL,2000,173.15,346300.0,KOTAK-CUST,EQ-CORE-02,BOOKED,2026-08-07,SELL,173.15,2000,2026-08-06,KOTAK-CUST,RECEIVED,TRAIN
TRD105022,2026-08-20,ITC,INE105022,ITC,1500,470.09,705135.0,ICICI-CUST,EQ-ALPHA-03,BOOKED,2026-08-21,BUY,470.09,1500,2026-08-20,ICICI-CUST,RECEIVED,TEST
TRD105023,2026-08-10,RELIANCE,INE105023,RELIANCE,200,2847.39,569478.0,DEUTSCHE-BROKER,EQ-CORE-02,BOOKED,2026-08-11,SELL,2847.39,200,2026-08-10,DEUTSCHE-BROKER,RECEIVED,TRAIN
TRD105024,2026-08-13,TCS,INE105024,TCS,2000,4140.91,8281820.0,MORGANSTANLEY-BROKER,EQ-ALPHA-03,BOOKED,2026-08-14,BUY,4140.91,2000,2026-08-13,MORGANSTANLEY-BROKER,RECEIVED,TRAIN
TRD105025,2026-08-15,INFY,INE105025,INFY,1500,1883.3,2824950.0,DEUTSCHE-BROKER,EQ-CORE-01,BOOKED,2026-08-16,BUY,1883.3,1500,2026-08-15,DEUTSCHE-BROKER,RECEIVED,TRAIN
TRD105026,2026-08-18,HINDUNILVR,INE105026,HINDUNILVR,1500,2742.5,4113750.0,DEUTSCHE-BROKER,EQ-INDEX-04,BOOKED,2026-08-19,BUY,2742.5,1500,2026-08-18,DEUTSCHE-BROKER,RECEIVED,TEST
TRD105027,2026-08-17,HINDUNILVR,INE105027,HINDUNILVR,500,2740.34,1370170.0,HDFC-CUST,EQ-ALPHA-03,BOOKED,2026-08-18,SELL,2740.34,500,2026-08-17,HDFC-CUST,RECEIVED,TRAIN
TRD105028,2026-08-02,TATASTEEL,INE105028,TATASTEEL,1500,172.42,258630.0,ICICI-CUST,EQ-INDEX-04,BOOKED,2026-08-03,SELL,172.42,1500,2026-08-02,ICICI-CUST,RECEIVED,TEST
TRD105029,2026-08-16,BHARTIARTL,INE105029,BHARTIARTL,250,1696.13,424032.5,NOMURA-BROKER,EQ-ALPHA-03,BOOKED,2026-08-17,BUY,1696.13,250,2026-08-16,NOMURA-BROKER,RECEIVED,TRAIN
TRD105030,2026-08-16,INFY,INE105030,INFY,200,1897.8,379560.0,HDFC-CUST,EQ-CORE-02,BOOKED,2026-08-17,BUY,1897.8,200,2026-08-16,HDFC-CUST,RECEIVED,TRAIN
TRD105031,2026-08-09,WIPRO,INE105031,WIPRO,250,609.27,152317.5,HDFC-CUST,EQ-CORE-02,BOOKED,2026-08-10,SELL,609.27,250,2026-08-09,HDFC-CUST,RECEIVED,TRAIN
TRD105032,2026-08-13,INFY,INE105032,INFY,1000,1896.5,1896500.0,ICICI-CUST,EQ-CORE-01,BOOKED,2026-08-14,SELL,1896.5,1000,2026-08-13,ICICI-CUST,RECEIVED,TEST
TRD105033,2026-08-03,WIPRO,INE105033,WIPRO,750,610.96,458220.0,DEUTSCHE-BROKER,EQ-CORE-02,BOOKED,2026-08-04,BUY,610.96,750,2026-08-03,DEUTSCHE-BROKER,RECEIVED,TRAIN
TRD105034,2026-08-05,SBIN,INE105034,SBIN,100,844.24,84424.0,ICICI-CUST,EQ-ALPHA-03,BOOKED,2026-08-06,BUY,844.24,100,2026-08-05,ICICI-CUST,RECEIVED,TEST
TRD105035,2026-08-07,SBIN,INE105035,SBIN,500,847.86,423930.0,NOMURA-BROKER,EQ-CORE-01,BOOKED,2026-08-08,SELL,847.86,500,2026-08-07,NOMURA-BROKER,RECEIVED,TRAIN
TRD105036,2026-08-20,SBIN,INE105036,SBIN,1500,841.51,1262265.0,MORGANSTANLEY-BROKER,EQ-CORE-02,BOOKED,2026-08-21,SELL,841.51,1500,2026-08-20,MORGANSTANLEY-BROKER,RECEIVED,TRAIN
TRD105037,2026-08-05,KOTAKBANK,INE105037,KOTAKBANK,250,1950.66,487665.0,NOMURA-BROKER,EQ-CORE-01,BOOKED,2026-08-06,BUY,1950.66,250,2026-08-05,NOMURA-BROKER,RECEIVED,TRAIN
TRD105038,2026-08-19,AXISBANK,INE105038,AXISBANK,200,1184.77,236954.0,KOTAK-CUST,EQ-ALPHA-03,BOOKED,2026-08-20,BUY,1184.77,200,2026-08-19,KOTAK-CUST,RECEIVED,TRAIN
TRD105039,2026-08-09,WIPRO,INE105039,WIPRO,200,612.14,122428.0,NOMURA-BROKER,EQ-CORE-01,BOOKED,2026-08-10,SELL,612.14,200,2026-08-09,NOMURA-BROKER,RECEIVED,TRAIN
TRD105040,2026-08-18,MARUTI,INE105040,MARUTI,100,13019.91,1301991.0,DEUTSCHE-BROKER,EQ-CORE-02,BOOKED,2026-08-19,SELL,13019.91,100,2026-08-18,DEUTSCHE-BROKER,RECEIVED,TRAIN
TRD105041,2026-08-21,WIPRO,INE105041,WIPRO,500,611.45,305725.0,DEUTSCHE-BROKER,EQ-INDEX-04,BOOKED,2026-08-22,BUY,611.45,500,2026-08-21,NOMURA-BROKER,RECEIVED,TRAIN
TRD105042,2026-08-05,WIPRO,INE105042,WIPRO,750,607.57,455677.5,ICICI-CUST,EQ-CORE-01,BOOKED,2026-08-06,SELL,607.57,750,2026-08-05,ICICI-CUST,RECEIVED,TRAIN
TRD105043,2026-08-07,TATASTEEL,INE105043,TATASTEEL,250,171.98,42995.0,DEUTSCHE-BROKER,EQ-CORE-01,BOOKED,2026-08-08,BUY,171.98,250,2026-08-07,DEUTSCHE-BROKER,RECEIVED,TRAIN
TRD105044,2026-08-19,KOTAKBANK,INE105044,KOTAKBANK,100,1964.7,196470.0,DEUTSCHE-BROKER,EQ-CORE-02,BOOKED,2026-08-20,SELL,1964.7,100,2026-08-19,DEUTSCHE-BROKER,RECEIVED,TRAIN
TRD105045,2026-08-15,INFY,INE105045,INFY,1500,1887.35,2831025.0,MORGANSTANLEY-BROKER,EQ-INDEX-04,BOOKED,2026-08-16,BUY,1887.35,1500,2026-08-15,MORGANSTANLEY-BROKER,RECEIVED,TRAIN
TRD105046,2026-08-16,KOTAKBANK,INE105046,KOTAKBANK,1000,1952.99,1952990.0,DEUTSCHE-BROKER,EQ-ALPHA-03,BOOKED,2026-08-17,SELL,1952.99,1000,2026-08-16,DEUTSCHE-BROKER,RECEIVED,TRAIN
TRD105047,2026-08-10,MARUTI,INE105047,MARUTI,250,12969.23,3242307.5,MORGANSTANLEY-BROKER,EQ-CORE-02,BOOKED,2026-08-11,BUY,12969.23,250,2026-08-10,MORGANSTANLEY-BROKER,RECEIVED,TRAIN
TRD105048,2026-08-05,WIPRO,INE105048,WIPRO,2000,612.33,1224660.0,KOTAK-CUST,EQ-ALPHA-03,BOOKED,2026-08-06,SELL,612.33,2000,2026-08-05,KOTAK-CUST,RECEIVED,TRAIN
TRD105049,2026-08-11,WIPRO,INE105049,WIPRO,250,608.08,152020.0,HDFC-CUST,EQ-ALPHA-03,BOOKED,2026-08-12,BUY,608.08,250,2026-08-11,HDFC-CUST,RECEIVED,TEST
TRD105050,2026-08-18,TCS,INE105050,TCS,2000,4140.12,8280240.0,HDFC-CUST,EQ-CORE-01,BOOKED,2026-08-19,SELL,4140.12,2000,2026-08-18,HDFC-CUST,RECEIVED,TRAIN
TRD105051,2026-08-12,RELIANCE,INE105051,RELIANCE,500,2843.42,1421710.0,HDFC-CUST,EQ-CORE-02,BOOKED,2026-08-13,SELL,2843.42,500,2026-08-12,HDFC-CUST,RECEIVED,TRAIN
TRD105052,2026-08-15,INFY,INE105052,INFY,100,1899.51,189951.0,DEUTSCHE-BROKER,EQ-INDEX-04,BOOKED,2026-08-16,SELL,1899.51,100,2026-08-15,DEUTSCHE-BROKER,RECEIVED,TRAIN
TRD105053,2026-08-18,BHARTIARTL,INE105053,BHARTIARTL,1500,1693.93,2540895.0,HDFC-CUST,EQ-INDEX-04,BOOKED,2026-08-19,SELL,1693.93,1500,2026-08-18,HDFC-CUST,RECEIVED,TEST
TRD105054,2026-08-05,SBIN,INE105054,SBIN,2000,842.04,1684080.0,ICICI-CUST,EQ-INDEX-04,BOOKED,2026-08-06,SELL,842.04,2000,2026-08-05,ICICI-CUST,RECEIVED,TRAIN
TRD105055,2026-08-07,HDFCBANK,INE105055,HDFCBANK,200,1678.28,335656.0,NOMURA-BROKER,EQ-INDEX-04,BOOKED,2026-08-08,SELL,,,,,MISSING,TRAIN
TRD105056,2026-08-05,AXISBANK,INE105056,AXISBANK,500,1175.56,587780.0,DEUTSCHE-BROKER,EQ-CORE-02,BOOKED,2026-08-06,BUY,1175.56,500,2026-08-05,DEUTSCHE-BROKER,RECEIVED,TRAIN
TRD105057,2026-08-10,KOTAKBANK,INE105057,KOTAKBANK,100,1955.32,195532.0,NOMURA-BROKER,EQ-CORE-01,BOOKED,2026-08-11,SELL,1955.32,100,2026-08-10,NOMURA-BROKER,RECEIVED,TRAIN
TRD105058,2026-08-21,HINDUNILVR,INE105058,HINDUNILVR,750,2737.91,2053432.5,ICICI-CUST,EQ-CORE-01,BOOKED,2026-08-22,SELL,2737.91,750,2026-08-21,ICICI-CUST,RECEIVED,TEST
TRD105059,2026-08-12,TCS,INE105059,TCS,750,4138.14,3103605.0,HDFC-CUST,EQ-INDEX-04,BOOKED,2026-08-13,SELL,4138.14,750,2026-08-12,HDFC-CUST,RECEIVED,TRAIN
TRD105060,2026-08-07,SBIN,INE105060,SBIN,2000,844.01,1688020.0,HDFC-CUST,EQ-CORE-01,BOOKED,2026-08-08,SELL,844.01,2000,2026-08-07,HDFC-CUST,RECEIVED,TRAIN
TRD105061,2026-08-12,TCS,INE105061,TCS,200,4128.31,825662.0,HDFC-CUST,EQ-CORE-02,BOOKED,2026-08-13,BUY,4128.31,200,2026-08-12,HDFC-CUST,RECEIVED,TRAIN
TRD105062,2026-08-15,TATASTEEL,INE105062,TATASTEEL,750,172.94,129705.0,HDFC-CUST,EQ-INDEX-04,BOOKED,2026-08-16,SELL,172.94,750,2026-08-15,HDFC-CUST,RECEIVED,TRAIN
TRD105063,2026-08-02,RELIANCE,INE105063,RELIANCE,200,2836.96,567392.0,NOMURA-BROKER,EQ-CORE-02,BOOKED,2026-08-03,SELL,2836.96,200,2026-08-02,NOMURA-BROKER,RECEIVED,TRAIN
TRD105064,2026-08-20,HDFCBANK,INE105064,HDFCBANK,750,1671.88,1253910.0,DEUTSCHE-BROKER,EQ-ALPHA-03,BOOKED,2026-08-21,SELL,1690.62,675,2026-08-20,DEUTSCHE-BROKER,RECEIVED,TRAIN
TRD105065,2026-08-17,MARUTI,INE105065,MARUTI,1500,12996.47,19494705.0,MORGANSTANLEY-BROKER,EQ-CORE-01,BOOKED,2026-08-18,SELL,12996.47,1500,2026-08-17,MORGANSTANLEY-BROKER,RECEIVED,TRAIN
TRD105066,2026-08-05,LT,INE105066,LT,1500,3663.73,5495595.0,ICICI-CUST,EQ-ALPHA-03,BOOKED,2026-08-06,BUY,3663.73,1500,2026-08-05,ICICI-CUST,RECEIVED,TRAIN
TRD105067,2026-08-14,ITC,INE105067,ITC,750,467.57,350677.5,HDFC-CUST,EQ-CORE-02,BOOKED,2026-08-15,SELL,467.57,750,2026-08-14,HDFC-CUST,RECEIVED,TRAIN
TRD105068,2026-08-02,TATASTEEL,INE105068,TATASTEEL,750,172.59,129442.5,HDFC-CUST,EQ-CORE-02,BOOKED,2026-08-03,BUY,172.59,750,2026-08-02,HDFC-CUST,RECEIVED,TRAIN
TRD105069,2026-08-20,INFY,INE105069,INFY,250,1884.37,471092.5,KOTAK-CUST,EQ-ALPHA-03,BOOKED,2026-08-21,BUY,1884.37,250,2026-08-20,KOTAK-CUST,RECEIVED,TRAIN
TRD105070,2026-08-15,TATASTEEL,INE105070,TATASTEEL,2000,171.61,343220.0,HDFC-CUST,EQ-CORE-01,BOOKED,2026-08-16,SELL,171.61,2000,2026-08-15,HDFC-CUST,RECEIVED,TRAIN
TRD105071,2026-08-18,WIPRO,INE105071,WIPRO,500,612.17,306085.0,DEUTSCHE-BROKER,EQ-ALPHA-03,BOOKED,2026-08-19,SELL,612.17,500,2026-08-18,DEUTSCHE-BROKER,RECEIVED,TEST
TRD105072,2026-08-15,ITC,INE105072,ITC,2000,467.76,935520.0,ICICI-CUST,EQ-CORE-02,BOOKED,2026-08-16,SELL,474.72,2075,2026-08-15,ICICI-CUST,RECEIVED,TRAIN
TRD105073,2026-08-12,BHARTIARTL,INE105073,BHARTIARTL,1500,1696.48,2544720.0,DEUTSCHE-BROKER,EQ-CORE-01,BOOKED,2026-08-13,BUY,1696.48,1500,2026-08-12,DEUTSCHE-BROKER,RECEIVED,TRAIN
TRD105074,2026-08-05,KOTAKBANK,INE105074,KOTAKBANK,2000,1953.31,3906620.0,HDFC-CUST,EQ-CORE-02,BOOKED,2026-08-06,BUY,1953.31,2000,2026-08-05,HDFC-CUST,RECEIVED,TRAIN
TRD105075,2026-08-21,MARUTI,INE105075,MARUTI,250,13017.31,3254327.5,MORGANSTANLEY-BROKER,EQ-CORE-02,BOOKED,2026-08-22,BUY,13017.31,250,2026-08-21,MORGANSTANLEY-BROKER,RECEIVED,TRAIN
TRD105076,2026-08-17,AXISBANK,INE105076,AXISBANK,500,1184.48,592240.0,DEUTSCHE-BROKER,EQ-CORE-02,BOOKED,2026-08-18,SELL,1184.48,500,2026-08-17,DEUTSCHE-BROKER,RECEIVED,TRAIN
TRD105077,2026-08-05,LT,INE105077,LT,750,3689.81,2767357.5,DEUTSCHE-BROKER,EQ-ALPHA-03,BOOKED,2026-08-06,BUY,3689.81,750,2026-08-05,DEUTSCHE-BROKER,RECEIVED,TEST
TRD105078,2026-08-01,AXISBANK,INE105078,AXISBANK,500,1176.68,588340.0,KOTAK-CUST,EQ-ALPHA-03,BOOKED,2026-08-02,SELL,1176.68,500,2026-08-01,KOTAK-CUST,RECEIVED,TRAIN
TRD105079,2026-08-02,AXISBANK,INE105079,AXISBANK,250,1182.17,295542.5,DEUTSCHE-BROKER,EQ-INDEX-04,BOOKED,2026-08-03,SELL,1182.17,250,2026-08-02,DEUTSCHE-BROKER,RECEIVED,TRAIN
TRD105080,2026-08-08,RELIANCE,INE105080,RELIANCE,750,2851.73,2138797.5,ICICI-CUST,EQ-CORE-02,BOOKED,2026-08-09,BUY,2851.73,750,2026-08-09,ICICI-CUST,RECEIVED,TRAIN
TRD105081,2026-08-11,ICICIBANK,INE105081,ICICIBANK,750,1237.15,927862.5,MORGANSTANLEY-BROKER,EQ-ALPHA-03,BOOKED,2026-08-12,BUY,1258.61,675,2026-08-11,MORGANSTANLEY-BROKER,RECEIVED,TRAIN
TRD105082,2026-08-14,TCS,INE105082,TCS,750,4140.59,3105442.5,KOTAK-CUST,EQ-CORE-01,BOOKED,2026-08-15,BUY,4140.59,750,2026-08-14,KOTAK-CUST,RECEIVED,TRAIN
TRD105083,2026-08-13,ICICIBANK,INE105083,ICICIBANK,250,1236.06,309015.0,NOMURA-BROKER,EQ-CORE-02,BOOKED,2026-08-14,SELL,1236.06,250,2026-08-13,NOMURA-BROKER,RECEIVED,TRAIN
TRD105084,2026-08-01,LT,INE105084,LT,200,3679.19,735838.0,KOTAK-CUST,EQ-CORE-02,BOOKED,2026-08-02,SELL,3679.19,200,2026-08-01,KOTAK-CUST,RECEIVED,TRAIN
TRD105085,2026-08-14,ICICIBANK,INE105085,ICICIBANK,200,1235.63,247126.0,NOMURA-BROKER,EQ-ALPHA-03,BOOKED,2026-08-15,SELL,1235.63,200,2026-08-14,NOMURA-BROKER,RECEIVED,TEST
TRD105086,2026-08-18,TATASTEEL,INE105086,TATASTEEL,1000,172.86,172860.0,NOMURA-BROKER,EQ-ALPHA-03,BOOKED,2026-08-19,SELL,172.86,1000,2026-08-18,HDFC-CUST,RECEIVED,TRAIN
TRD105087,2026-08-16,INFY,INE105087,INFY,200,1892.62,378524.0,MORGANSTANLEY-BROKER,EQ-CORE-02,BOOKED,2026-08-17,BUY,1892.62,200,2026-08-16,MORGANSTANLEY-BROKER,RECEIVED,TRAIN
TRD105088,2026-08-13,HDFCBANK,INE105088,HDFCBANK,1500,1670.06,2505090.0,KOTAK-CUST,EQ-INDEX-04,BOOKED,2026-08-14,BUY,1670.06,1500,2026-08-13,KOTAK-CUST,RECEIVED,TRAIN
TRD105089,2026-08-17,ITC,INE105089,ITC,1500,468.72,703080.0,DEUTSCHE-BROKER,EQ-INDEX-04,BOOKED,2026-08-18,SELL,468.72,1500,2026-08-17,DEUTSCHE-BROKER,RECEIVED,TEST
TRD105090,2026-08-18,SBIN,INE105090,SBIN,500,844.42,422210.0,DEUTSCHE-BROKER,EQ-CORE-01,BOOKED,2026-08-19,BUY,855.03,500,2026-08-18,DEUTSCHE-BROKER,RECEIVED,TRAIN
TRD105091,2026-08-09,MARUTI,INE105091,MARUTI,750,12926.69,9695017.5,MORGANSTANLEY-BROKER,EQ-CORE-01,BOOKED,2026-08-10,SELL,12926.69,750,2026-08-09,MORGANSTANLEY-BROKER,RECEIVED,TRAIN
TRD105092,2026-08-21,HDFCBANK,INE105092,HDFCBANK,100,1682.9,168290.0,MORGANSTANLEY-BROKER,EQ-ALPHA-03,BOOKED,2026-08-22,BUY,1682.9,100,2026-08-21,MORGANSTANLEY-BROKER,RECEIVED,TRAIN
TRD105093,2026-08-07,BHARTIARTL,INE105093,BHARTIARTL,2000,1696.4,3392800.0,HDFC-CUST,EQ-CORE-01,BOOKED,2026-08-08,SELL,1696.4,2000,2026-08-07,HDFC-CUST,RECEIVED,TRAIN
TRD105094,2026-08-01,MARUTI,INE105094,MARUTI,1500,12930.02,19395030.0,ICICI-CUST,EQ-CORE-01,BOOKED,2026-08-02,BUY,13121.83,1575,2026-08-01,ICICI-CUST,RECEIVED,TEST
TRD105095,2026-08-11,TCS,INE105095,TCS,500,4125.27,2062635.0,KOTAK-CUST,EQ-CORE-01,BOOKED,2026-08-12,SELL,4125.27,500,2026-08-11,KOTAK-CUST,RECEIVED,TRAIN
TRD105096,2026-08-14,ICICIBANK,INE105096,ICICIBANK,250,1243.89,310972.5,KOTAK-CUST,EQ-INDEX-04,BOOKED,2026-08-15,BUY,1243.89,250,2026-08-14,KOTAK-CUST,RECEIVED,TRAIN
TRD105097,2026-08-19,HINDUNILVR,INE105097,HINDUNILVR,200,2739.05,547810.0,MORGANSTANLEY-BROKER,EQ-CORE-01,BOOKED,2026-08-20,BUY,2739.05,200,2026-08-19,MORGANSTANLEY-BROKER,RECEIVED,TRAIN
TRD105098,2026-08-13,RELIANCE,INE105098,RELIANCE,1500,2839.02,4258530.0,KOTAK-CUST,EQ-INDEX-04,BOOKED,2026-08-14,BUY,2839.02,1500,2026-08-13,KOTAK-CUST,RECEIVED,TRAIN
TRD105099,2026-08-16,ICICIBANK,INE105099,ICICIBANK,200,1238.85,247770.0,HDFC-CUST,EQ-CORE-01,BOOKED,2026-08-17,SELL,1238.85,200,2026-08-16,HDFC-CUST,RECEIVED,TRAIN
TRD105100,2026-08-08,ITC,INE105100,ITC,1500,468.72,703080.0,DEUTSCHE-BROKER,EQ-INDEX-04,BOOKED,2026-08-09,BUY,468.72,1500,2026-08-08,DEUTSCHE-BROKER,RECEIVED,TEST
TRD105101,2026-08-06,RELIANCE,INE105101,RELIANCE,1500,2839.62,4259430.0,HDFC-CUST,EQ-INDEX-04,BOOKED,2026-08-07,BUY,2839.62,1500,2026-08-06,HDFC-CUST,RECEIVED,TRAIN
TRD105102,2026-08-06,BHARTIARTL,INE105102,BHARTIARTL,750,1685.73,1264297.5,ICICI-CUST,EQ-ALPHA-03,BOOKED,2026-08-07,SELL,,,,,MISSING,TRAIN
TRD105103,2026-08-09,AXISBANK,INE105103,AXISBANK,2000,1185.93,2371860.0,KOTAK-CUST,EQ-INDEX-04,BOOKED,2026-08-10,BUY,1185.93,2000,2026-08-09,KOTAK-CUST,RECEIVED,TRAIN
TRD105104,2026-08-15,KOTAKBANK,INE105104,KOTAKBANK,1000,1953.0,1953000.0,MORGANSTANLEY-BROKER,EQ-CORE-02,BOOKED,2026-08-16,BUY,1953.0,1000,2026-08-15,MORGANSTANLEY-BROKER,RECEIVED,TRAIN
TRD105105,2026-08-04,HINDUNILVR,INE105105,HINDUNILVR,2000,2744.69,5489380.0,ICICI-CUST,EQ-ALPHA-03,BOOKED,2026-08-05,SELL,2744.69,2000,2026-08-04,ICICI-CUST,RECEIVED,TRAIN
TRD105106,2026-08-15,KOTAKBANK,INE105106,KOTAKBANK,200,1962.22,392444.0,NOMURA-BROKER,EQ-INDEX-04,BOOKED,2026-08-16,BUY,1962.22,200,2026-08-15,NOMURA-BROKER,RECEIVED,TRAIN
TRD105107,2026-08-14,KOTAKBANK,INE105107,KOTAKBANK,250,1960.2,490050.0,ICICI-CUST,EQ-INDEX-04,BOOKED,2026-08-15,SELL,1960.2,250,2026-08-14,ICICI-CUST,RECEIVED,TRAIN
TRD105108,2026-08-02,BHARTIARTL,INE105108,BHARTIARTL,1500,1694.7,2542050.0,MORGANSTANLEY-BROKER,EQ-ALPHA-03,BOOKED,2026-08-03,SELL,1694.7,1500,2026-08-02,HDFC-CUST,RECEIVED,TRAIN
TRD105109,2026-08-16,HDFCBANK,INE105109,HDFCBANK,1000,1675.22,1675220.0,MORGANSTANLEY-BROKER,EQ-ALPHA-03,BOOKED,2026-08-17,BUY,1675.22,1000,2026-08-16,MORGANSTANLEY-BROKER,RECEIVED,TRAIN
TRD105110,2026-08-14,WIPRO,INE105110,WIPRO,500,613.36,306680.0,KOTAK-CUST,EQ-ALPHA-03,BOOKED,2026-08-15,SELL,621.74,575,2026-08-14,KOTAK-CUST,RECEIVED,TRAIN
TRD105111,2026-08-05,RELIANCE,INE105111,RELIANCE,250,2847.16,711790.0,DEUTSCHE-BROKER,EQ-INDEX-04,BOOKED,2026-08-06,SELL,2847.16,250,2026-08-05,DEUTSCHE-BROKER,RECEIVED,TRAIN
TRD105112,2026-08-12,KOTAKBANK,INE105112,KOTAKBANK,1500,1963.23,2944845.0,MORGANSTANLEY-BROKER,EQ-INDEX-04,BOOKED,2026-08-13,SELL,1963.23,1500,2026-08-12,MORGANSTANLEY-BROKER,RECEIVED,TEST
TRD105113,2026-08-21,WIPRO,INE105113,WIPRO,1000,610.46,610460.0,NOMURA-BROKER,EQ-INDEX-04,BOOKED,2026-08-22,SELL,610.46,1000,2026-08-21,NOMURA-BROKER,RECEIVED,TRAIN
TRD105114,2026-08-21,AXISBANK,INE105114,AXISBANK,750,1184.02,888015.0,KOTAK-CUST,EQ-INDEX-04,BOOKED,2026-08-22,BUY,1184.02,750,2026-08-21,KOTAK-CUST,RECEIVED,TEST
TRD105115,2026-08-08,SBIN,INE105115,SBIN,1000,848.49,848490.0,KOTAK-CUST,EQ-INDEX-04,BOOKED,2026-08-09,SELL,848.49,1000,2026-08-08,KOTAK-CUST,RECEIVED,TRAIN
TRD105116,2026-08-21,MARUTI,INE105116,MARUTI,1000,12999.18,12999180.0,HDFC-CUST,EQ-ALPHA-03,BOOKED,2026-08-22,BUY,12999.18,1000,2026-08-21,HDFC-CUST,RECEIVED,TRAIN
TRD105117,2026-08-16,HINDUNILVR,INE105117,HINDUNILVR,1000,2738.5,2738500.0,HDFC-CUST,EQ-CORE-01,BOOKED,2026-08-17,SELL,2738.5,1000,2026-08-16,HDFC-CUST,RECEIVED,TRAIN
TRD105118,2026-08-08,KOTAKBANK,INE105118,KOTAKBANK,1500,1952.08,2928120.0,NOMURA-BROKER,EQ-ALPHA-03,BOOKED,2026-08-09,SELL,1952.08,1500,2026-08-08,NOMURA-BROKER,RECEIVED,TEST
TRD105119,2026-08-12,TATASTEEL,INE105119,TATASTEEL,100,172.0,17200.0,KOTAK-CUST,EQ-CORE-01,BOOKED,2026-08-13,SELL,172.0,100,2026-08-12,KOTAK-CUST,RECEIVED,TRAIN
TRD105120,2026-08-18,LT,INE105120,LT,100,3675.53,367553.0,HDFC-CUST,EQ-CORE-02,BOOKED,2026-08-19,SELL,3675.53,100,2026-08-18,HDFC-CUST,RECEIVED,TRAIN
TRD105121,2026-08-06,TATASTEEL,INE105121,TATASTEEL,1500,172.59,258885.0,NOMURA-BROKER,EQ-CORE-01,BOOKED,2026-08-07,BUY,172.59,1500,2026-08-06,NOMURA-BROKER,RECEIVED,TRAIN
TRD105122,2026-08-17,BHARTIARTL,INE105122,BHARTIARTL,1500,1687.07,2530605.0,ICICI-CUST,EQ-ALPHA-03,BOOKED,2026-08-18,BUY,1687.07,1500,2026-08-17,ICICI-CUST,RECEIVED,TEST
TRD105123,2026-08-02,ITC,INE105123,ITC,500,468.71,234355.0,KOTAK-CUST,EQ-CORE-01,BOOKED,2026-08-03,SELL,468.71,500,2026-08-02,KOTAK-CUST,RECEIVED,TRAIN
TRD105124,2026-08-09,RELIANCE,INE105124,RELIANCE,1500,2842.47,4263705.0,ICICI-CUST,EQ-ALPHA-03,BOOKED,2026-08-10,BUY,2842.47,1500,2026-08-09,ICICI-CUST,RECEIVED,TRAIN
TRD105125,2026-08-17,RELIANCE,INE105125,RELIANCE,250,2847.87,711967.5,HDFC-CUST,EQ-INDEX-04,BOOKED,2026-08-18,SELL,2847.87,250,2026-08-17,HDFC-CUST,RECEIVED,TRAIN
TRD105126,2026-08-13,HDFCBANK,INE105126,HDFCBANK,500,1681.75,840875.0,DEUTSCHE-BROKER,EQ-ALPHA-03,BOOKED,2026-08-14,SELL,1681.75,500,2026-08-13,DEUTSCHE-BROKER,RECEIVED,TEST
TRD105127,2026-08-02,ICICIBANK,INE105127,ICICIBANK,1500,1245.31,1867965.0,HDFC-CUST,EQ-CORE-02,BOOKED,2026-08-03,BUY,1245.31,1500,2026-08-02,HDFC-CUST,RECEIVED,TEST
TRD105128,2026-08-19,TATASTEEL,INE105128,TATASTEEL,2000,171.93,343860.0,MORGANSTANLEY-BROKER,EQ-INDEX-04,BOOKED,2026-08-20,SELL,171.93,2000,2026-08-19,MORGANSTANLEY-BROKER,RECEIVED,TEST
TRD105129,2026-08-02,TCS,INE105129,TCS,1000,4124.65,4124650.0,NOMURA-BROKER,EQ-ALPHA-03,BOOKED,2026-08-03,BUY,4004.54,1000,2026-08-02,NOMURA-BROKER,RECEIVED,TEST
TRD105130,2026-08-21,RELIANCE,INE105130,RELIANCE,200,2836.85,567370.0,DEUTSCHE-BROKER,EQ-INDEX-04,BOOKED,2026-08-22,BUY,2836.85,200,2026-08-21,DEUTSCHE-BROKER,RECEIVED,TRAIN
TRD105131,2026-08-20,ITC,INE105131,ITC,200,469.75,93950.0,KOTAK-CUST,EQ-CORE-01,BOOKED,2026-08-21,SELL,464.48,200,2026-08-20,KOTAK-CUST,RECEIVED,TRAIN
TRD105132,2026-08-15,ICICIBANK,INE105132,ICICIBANK,750,1241.94,931455.0,DEUTSCHE-BROKER,EQ-INDEX-04,BOOKED,2026-08-16,BUY,1241.94,750,2026-08-15,DEUTSCHE-BROKER,RECEIVED,TRAIN
TRD105133,2026-08-01,LT,INE105133,LT,500,3698.4,1849200.0,DEUTSCHE-BROKER,EQ-CORE-01,BOOKED,2026-08-02,SELL,3698.4,500,2026-08-01,DEUTSCHE-BROKER,RECEIVED,TRAIN
TRD105134,2026-08-15,ICICIBANK,INE105134,ICICIBANK,500,1245.63,622815.0,NOMURA-BROKER,EQ-ALPHA-03,BOOKED,2026-08-16,SELL,1245.63,500,2026-08-15,ICICI-CUST,RECEIVED,TRAIN
TRD105135,2026-08-07,WIPRO,INE105135,WIPRO,2000,610.52,1221040.0,KOTAK-CUST,EQ-CORE-01,BOOKED,2026-08-08,SELL,610.52,2000,2026-08-07,KOTAK-CUST,RECEIVED,TRAIN
TRD105136,2026-08-06,KOTAKBANK,INE105136,KOTAKBANK,250,1953.94,488485.0,DEUTSCHE-BROKER,EQ-CORE-01,BOOKED,2026-08-07,SELL,1953.94,250,2026-08-06,DEUTSCHE-BROKER,RECEIVED,TRAIN
TRD105137,2026-08-16,MARUTI,INE105137,MARUTI,2000,12958.47,25916940.0,ICICI-CUST,EQ-INDEX-04,BOOKED,2026-08-17,BUY,12958.47,2000,2026-08-16,ICICI-CUST,RECEIVED,TRAIN
TRD105138,2026-08-20,KOTAKBANK,INE105138,KOTAKBANK,200,1964.33,392866.0,HDFC-CUST,EQ-CORE-02,BOOKED,2026-08-21,SELL,1964.33,200,2026-08-20,HDFC-CUST,RECEIVED,TEST
TRD105139,2026-08-19,TATASTEEL,INE105139,TATASTEEL,200,173.08,34616.0,ICICI-CUST,EQ-CORE-02,BOOKED,2026-08-20,BUY,173.08,200,2026-08-19,ICICI-CUST,RECEIVED,TRAIN
TRD105140,2026-08-20,ITC,INE105140,ITC,2000,467.74,935480.0,NOMURA-BROKER,EQ-ALPHA-03,BOOKED,2026-08-21,BUY,467.74,2000,2026-08-20,NOMURA-BROKER,RECEIVED,TRAIN
TRD105141,2026-08-08,WIPRO,INE105141,WIPRO,500,612.85,306425.0,DEUTSCHE-BROKER,EQ-INDEX-04,BOOKED,2026-08-09,SELL,612.85,500,2026-08-08,DEUTSCHE-BROKER,RECEIVED,TRAIN
TRD105142,2026-08-17,RELIANCE,INE105142,RELIANCE,1000,2862.38,2862380.0,ICICI-CUST,EQ-INDEX-04,BOOKED,2026-08-18,BUY,2862.38,1000,2026-08-17,ICICI-CUST,RECEIVED,TRAIN
TRD105143,2026-08-13,HINDUNILVR,INE105143,HINDUNILVR,100,2749.11,274911.0,NOMURA-BROKER,EQ-ALPHA-03,BOOKED,2026-08-14,BUY,2749.11,100,2026-08-13,NOMURA-BROKER,RECEIVED,TRAIN
TRD105144,2026-08-09,TATASTEEL,INE105144,TATASTEEL,100,173.0,17300.0,ICICI-CUST,EQ-INDEX-04,BOOKED,2026-08-10,BUY,173.0,100,2026-08-09,ICICI-CUST,RECEIVED,TRAIN
TRD105145,2026-08-21,ITC,INE105145,ITC,500,470.13,235065.0,KOTAK-CUST,EQ-INDEX-04,BOOKED,2026-08-22,SELL,470.13,500,2026-08-21,KOTAK-CUST,RECEIVED,TRAIN
TRD105146,2026-08-08,LT,INE105146,LT,500,3691.39,1845695.0,KOTAK-CUST,EQ-ALPHA-03,BOOKED,2026-08-09,SELL,,,,,MISSING,TRAIN
TRD105147,2026-08-11,HDFCBANK,INE105147,HDFCBANK,1500,1682.4,2523600.0,NOMURA-BROKER,EQ-ALPHA-03,BOOKED,2026-08-12,BUY,1682.4,1500,2026-08-11,NOMURA-BROKER,RECEIVED,TEST
TRD105148,2026-08-20,MARUTI,INE105148,MARUTI,750,13029.02,9771765.0,HDFC-CUST,EQ-INDEX-04,BOOKED,2026-08-21,BUY,13179.94,825,2026-08-20,HDFC-CUST,RECEIVED,TRAIN
TRD105149,2026-08-07,LT,INE105149,LT,100,3684.36,368436.0,ICICI-CUST,EQ-INDEX-04,BOOKED,2026-08-08,BUY,3723.39,25,2026-08-07,ICICI-CUST,RECEIVED,TRAIN
TRD105150,2026-08-09,HINDUNILVR,INE105150,HINDUNILVR,1500,2753.94,4130910.0,HDFC-CUST,EQ-CORE-01,BOOKED,2026-08-10,SELL,2753.94,1500,2026-08-09,HDFC-CUST,RECEIVED,TRAIN
TRD105151,2026-08-17,ITC,INE105151,ITC,1000,470.05,470050.0,KOTAK-CUST,EQ-ALPHA-03,BOOKED,2026-08-18,SELL,470.05,1000,2026-08-17,KOTAK-CUST,RECEIVED,TRAIN
TRD105152,2026-08-19,TATASTEEL,INE105152,TATASTEEL,100,172.54,17254.0,KOTAK-CUST,EQ-CORE-02,BOOKED,2026-08-20,BUY,172.54,100,2026-08-19,KOTAK-CUST,RECEIVED,TRAIN
TRD105153,2026-08-02,HDFCBANK,INE105153,HDFCBANK,250,1683.1,420775.0,DEUTSCHE-BROKER,EQ-ALPHA-03,BOOKED,2026-08-03,SELL,1683.1,250,2026-08-02,DEUTSCHE-BROKER,RECEIVED,TRAIN
TRD105154,2026-08-20,RELIANCE,INE105154,RELIANCE,1000,2840.65,2840650.0,MORGANSTANLEY-BROKER,EQ-CORE-01,BOOKED,2026-08-21,BUY,2840.65,1000,2026-08-21,MORGANSTANLEY-BROKER,RECEIVED,TRAIN
TRD105155,2026-08-21,WIPRO,INE105155,WIPRO,1000,608.27,608270.0,ICICI-CUST,EQ-CORE-02,BOOKED,2026-08-22,SELL,608.27,1000,2026-08-21,ICICI-CUST,RECEIVED,TRAIN
TRD105156,2026-08-20,BHARTIARTL,INE105156,BHARTIARTL,500,1685.65,842825.0,HDFC-CUST,EQ-CORE-02,BOOKED,2026-08-21,SELL,1685.65,500,2026-08-20,HDFC-CUST,RECEIVED,TRAIN
TRD105157,2026-08-01,MARUTI,INE105157,MARUTI,1500,12960.87,19441305.0,HDFC-CUST,EQ-CORE-01,BOOKED,2026-08-02,SELL,12960.87,1500,2026-08-01,HDFC-CUST,RECEIVED,TRAIN
TRD105158,2026-08-09,AXISBANK,INE105158,AXISBANK,200,1183.83,236766.0,ICICI-CUST,EQ-CORE-02,BOOKED,2026-08-10,SELL,1183.83,200,2026-08-09,ICICI-CUST,RECEIVED,TRAIN
TRD105159,2026-08-05,HDFCBANK,INE105159,HDFCBANK,250,1667.26,416815.0,NOMURA-BROKER,EQ-ALPHA-03,BOOKED,2026-08-06,BUY,1667.26,250,2026-08-05,NOMURA-BROKER,RECEIVED,TRAIN
TRD105160,2026-08-10,TCS,INE105160,TCS,1000,4100.33,4100330.0,HDFC-CUST,EQ-CORE-02,BOOKED,2026-08-11,BUY,4100.33,1000,2026-08-10,HDFC-CUST,RECEIVED,TRAIN
TRD105161,2026-08-13,KOTAKBANK,INE105161,KOTAKBANK,250,1959.61,489902.5,MORGANSTANLEY-BROKER,EQ-CORE-02,BOOKED,2026-08-14,BUY,1959.61,250,2026-08-13,MORGANSTANLEY-BROKER,RECEIVED,TEST
TRD105162,2026-08-02,ICICIBANK,INE105162,ICICIBANK,200,1244.3,248860.0,MORGANSTANLEY-BROKER,EQ-CORE-02,BOOKED,2026-08-03,BUY,1244.3,200,2026-08-02,MORGANSTANLEY-BROKER,RECEIVED,TEST
TRD105163,2026-08-10,TATASTEEL,INE105163,TATASTEEL,1000,172.1,172100.0,NOMURA-BROKER,EQ-INDEX-04,BOOKED,2026-08-11,BUY,172.1,1000,2026-08-10,NOMURA-BROKER,RECEIVED,TEST
TRD105164,2026-08-16,TATASTEEL,INE105164,TATASTEEL,1000,172.35,172350.0,MORGANSTANLEY-BROKER,EQ-INDEX-04,BOOKED,2026-08-17,BUY,172.35,1000,2026-08-16,MORGANSTANLEY-BROKER,RECEIVED,TRAIN
TRD105165,2026-08-11,AXISBANK,INE105165,AXISBANK,250,1177.55,294387.5,NOMURA-BROKER,EQ-ALPHA-03,BOOKED,2026-08-12,BUY,1177.55,250,2026-08-11,NOMURA-BROKER,RECEIVED,TRAIN
TRD105166,2026-08-03,LT,INE105166,LT,200,3675.54,735108.0,MORGANSTANLEY-BROKER,EQ-CORE-02,BOOKED,2026-08-04,SELL,3675.54,200,2026-08-03,MORGANSTANLEY-BROKER,RECEIVED,TRAIN
TRD105167,2026-08-05,INFY,INE105167,INFY,500,1895.3,947650.0,DEUTSCHE-BROKER,EQ-ALPHA-03,BOOKED,2026-08-06,BUY,1895.3,500,2026-08-05,DEUTSCHE-BROKER,RECEIVED,TRAIN
TRD105168,2026-08-04,AXISBANK,INE105168,AXISBANK,1000,1184.59,1184590.0,MORGANSTANLEY-BROKER,EQ-ALPHA-03,BOOKED,2026-08-05,BUY,1184.59,1000,2026-08-04,MORGANSTANLEY-BROKER,RECEIVED,TRAIN
TRD105169,2026-08-15,MARUTI,INE105169,MARUTI,1000,12962.49,12962490.0,NOMURA-BROKER,EQ-INDEX-04,BOOKED,2026-08-16,BUY,12962.49,1000,2026-08-15,NOMURA-BROKER,RECEIVED,TRAIN
TRD105170,2026-08-08,SBIN,INE105170,SBIN,1000,846.38,846380.0,ICICI-CUST,EQ-CORE-01,BOOKED,2026-08-09,SELL,846.38,1000,2026-08-08,ICICI-CUST,RECEIVED,TRAIN
TRD105171,2026-08-09,WIPRO,INE105171,WIPRO,1000,612.46,612460.0,NOMURA-BROKER,EQ-INDEX-04,BOOKED,2026-08-10,SELL,612.46,1000,2026-08-09,NOMURA-BROKER,RECEIVED,TRAIN
TRD105172,2026-08-10,TCS,INE105172,TCS,1000,4100.76,4100760.0,MORGANSTANLEY-BROKER,EQ-ALPHA-03,BOOKED,2026-08-11,BUY,4100.76,1000,2026-08-10,DEUTSCHE-BROKER,RECEIVED,TRAIN
TRD105173,2026-08-17,TATASTEEL,INE105173,TATASTEEL,1000,172.86,172860.0,MORGANSTANLEY-BROKER,EQ-CORE-02,BOOKED,2026-08-18,SELL,172.86,1000,2026-08-17,MORGANSTANLEY-BROKER,RECEIVED,TRAIN
TRD105174,2026-08-02,ICICIBANK,INE105174,ICICIBANK,1500,1243.43,1865145.0,HDFC-CUST,EQ-ALPHA-03,BOOKED,2026-08-03,BUY,1243.43,1500,2026-08-02,HDFC-CUST,RECEIVED,TRAIN
TRD105175,2026-08-12,ITC,INE105175,ITC,1500,469.35,704025.0,KOTAK-CUST,EQ-ALPHA-03,BOOKED,2026-08-13,BUY,,,,,MISSING,TEST
TRD105176,2026-08-03,SBIN,INE105176,SBIN,1000,845.67,845670.0,ICICI-CUST,EQ-CORE-02,BOOKED,2026-08-04,BUY,845.67,1000,2026-08-03,ICICI-CUST,RECEIVED,TRAIN
TRD105177,2026-08-10,ITC,INE105177,ITC,2000,470.19,940380.0,DEUTSCHE-BROKER,EQ-INDEX-04,BOOKED,2026-08-11,SELL,470.19,1950,2026-08-10,DEUTSCHE-BROKER,RECEIVED,TRAIN
TRD105178,2026-08-19,TATASTEEL,INE105178,TATASTEEL,2000,172.06,344120.0,HDFC-CUST,EQ-ALPHA-03,BOOKED,2026-08-20,SELL,172.06,2000,2026-08-19,HDFC-CUST,RECEIVED,TRAIN
TRD105179,2026-08-17,TATASTEEL,INE105179,TATASTEEL,200,171.81,34362.0,DEUTSCHE-BROKER,EQ-CORE-02,BOOKED,2026-08-18,SELL,171.81,200,2026-08-17,DEUTSCHE-BROKER,RECEIVED,TEST
TRD105180,2026-08-16,WIPRO,INE105180,WIPRO,500,610.24,305120.0,MORGANSTANLEY-BROKER,EQ-CORE-01,BOOKED,2026-08-17,BUY,,,,,MISSING,TRAIN
TRD105181,2026-08-11,ITC,INE105181,ITC,100,469.89,46989.0,KOTAK-CUST,EQ-ALPHA-03,BOOKED,2026-08-12,SELL,469.89,100,2026-08-11,KOTAK-CUST,RECEIVED,TRAIN
TRD105182,2026-08-09,AXISBANK,INE105182,AXISBANK,1500,1179.8,1769700.0,NOMURA-BROKER,EQ-CORE-01,BOOKED,2026-08-10,SELL,1193.32,1500,2026-08-09,NOMURA-BROKER,RECEIVED,TRAIN
TRD105183,2026-08-19,BHARTIARTL,INE105183,BHARTIARTL,250,1685.29,421322.5,KOTAK-CUST,EQ-INDEX-04,BOOKED,2026-08-20,SELL,1685.29,250,2026-08-19,KOTAK-CUST,RECEIVED,TRAIN
TRD105184,2026-08-19,TCS,INE105184,TCS,250,4113.74,1028435.0,HDFC-CUST,EQ-ALPHA-03,BOOKED,2026-08-20,BUY,4113.74,250,2026-08-19,HDFC-CUST,RECEIVED,TRAIN
TRD105185,2026-08-14,TATASTEEL,INE105185,TATASTEEL,250,172.93,43232.5,DEUTSCHE-BROKER,EQ-ALPHA-03,BOOKED,2026-08-15,BUY,172.93,250,2026-08-14,DEUTSCHE-BROKER,RECEIVED,TEST
TRD105186,2026-08-05,BHARTIARTL,INE105186,BHARTIARTL,750,1684.04,1263030.0,HDFC-CUST,EQ-INDEX-04,BOOKED,2026-08-06,BUY,1684.04,750,2026-08-05,HDFC-CUST,RECEIVED,TRAIN
TRD105187,2026-08-07,KOTAKBANK,INE105187,KOTAKBANK,2000,1953.69,3907380.0,ICICI-CUST,EQ-ALPHA-03,BOOKED,2026-08-08,SELL,1953.69,2000,2026-08-07,ICICI-CUST,RECEIVED,TRAIN
TRD105188,2026-08-16,TCS,INE105188,TCS,500,4111.53,2055765.0,NOMURA-BROKER,EQ-CORE-01,BOOKED,2026-08-17,BUY,4111.53,500,2026-08-16,NOMURA-BROKER,RECEIVED,TEST
TRD105189,2026-08-11,SBIN,INE105189,SBIN,750,849.49,637117.5,MORGANSTANLEY-BROKER,EQ-CORE-02,BOOKED,2026-08-12,SELL,849.49,750,2026-08-11,HDFC-CUST,RECEIVED,TRAIN
TRD105190,2026-08-11,SBIN,INE105190,SBIN,1000,846.64,846640.0,KOTAK-CUST,EQ-INDEX-04,BOOKED,2026-08-12,BUY,846.64,1000,2026-08-11,KOTAK-CUST,RECEIVED,TRAIN
TRD105191,2026-08-07,TCS,INE105191,TCS,1500,4141.03,6211545.0,HDFC-CUST,EQ-ALPHA-03,BOOKED,2026-08-08,SELL,4141.03,1500,2026-08-07,HDFC-CUST,RECEIVED,TRAIN
TRD105192,2026-08-02,WIPRO,INE105192,WIPRO,1500,609.83,914745.0,MORGANSTANLEY-BROKER,EQ-ALPHA-03,BOOKED,2026-08-03,BUY,609.83,1500,2026-08-02,MORGANSTANLEY-BROKER,RECEIVED,TEST
TRD105193,2026-08-14,ICICIBANK,INE105193,ICICIBANK,200,1234.97,246994.0,NOMURA-BROKER,EQ-CORE-01,BOOKED,2026-08-15,SELL,1234.97,200,2026-08-14,NOMURA-BROKER,RECEIVED,TEST
TRD105194,2026-08-12,HDFCBANK,INE105194,HDFCBANK,200,1674.76,334952.0,KOTAK-CUST,EQ-INDEX-04,BOOKED,2026-08-13,SELL,1674.76,200,2026-08-13,KOTAK-CUST,RECEIVED,TRAIN
TRD105195,2026-08-19,HINDUNILVR,INE105195,HINDUNILVR,250,2734.44,683610.0,DEUTSCHE-BROKER,EQ-CORE-02,BOOKED,2026-08-20,BUY,2734.44,250,2026-08-19,DEUTSCHE-BROKER,RECEIVED,TRAIN
TRD105196,2026-08-20,BHARTIARTL,INE105196,BHARTIARTL,1500,1696.94,2545410.0,NOMURA-BROKER,EQ-CORE-02,BOOKED,2026-08-21,BUY,1696.94,1500,2026-08-21,NOMURA-BROKER,RECEIVED,TRAIN
TRD105197,2026-08-19,KOTAKBANK,INE105197,KOTAKBANK,1500,1946.63,2919945.0,MORGANSTANLEY-BROKER,EQ-ALPHA-03,BOOKED,2026-08-20,BUY,1946.63,1500,2026-08-19,MORGANSTANLEY-BROKER,RECEIVED,TRAIN
TRD105198,2026-08-18,TCS,INE105198,TCS,100,4115.33,411533.0,HDFC-CUST,EQ-CORE-01,BOOKED,2026-08-19,BUY,4115.33,100,2026-08-18,HDFC-CUST,RECEIVED,TRAIN
TRD105199,2026-08-06,TCS,INE105199,TCS,1000,4134.81,4134810.0,ICICI-CUST,EQ-CORE-02,BOOKED,2026-08-07,SELL,4134.81,1000,2026-08-06,KOTAK-CUST,RECEIVED,TRAIN
TRD105200,2026-08-07,ICICIBANK,INE105200,ICICIBANK,100,1235.01,123501.0,NOMURA-BROKER,EQ-CORE-02,BOOKED,2026-08-08,BUY,1235.01,100,2026-08-07,NOMURA-BROKER,RECEIVED,TRAIN
TRD105201,2026-08-19,AXISBANK,INE105201,AXISBANK,1500,1177.22,1765830.0,ICICI-CUST,EQ-CORE-02,BOOKED,2026-08-20,BUY,,,,,MISSING,TRAIN
TRD105202,2026-08-21,KOTAKBANK,INE105202,KOTAKBANK,500,1956.55,978275.0,DEUTSCHE-BROKER,EQ-CORE-02,BOOKED,2026-08-22,BUY,1956.55,500,2026-08-21,DEUTSCHE-BROKER,RECEIVED,TRAIN
TRD105203,2026-08-10,LT,INE105203,LT,500,3681.19,1840595.0,DEUTSCHE-BROKER,EQ-CORE-01,BOOKED,2026-08-11,SELL,,,,,MISSING,TEST
TRD105204,2026-08-08,HINDUNILVR,INE105204,HINDUNILVR,2000,2743.74,5487480.0,NOMURA-BROKER,EQ-ALPHA-03,BOOKED,2026-08-09,BUY,2743.74,2000,2026-08-08,NOMURA-BROKER,RECEIVED,TRAIN
TRD105205,2026-08-10,WIPRO,INE105205,WIPRO,100,610.62,61062.0,MORGANSTANLEY-BROKER,EQ-CORE-01,BOOKED,2026-08-11,BUY,610.62,100,2026-08-10,MORGANSTANLEY-BROKER,RECEIVED,TRAIN
TRD105206,2026-08-13,ICICIBANK,INE105206,ICICIBANK,250,1243.81,310952.5,DEUTSCHE-BROKER,EQ-ALPHA-03,BOOKED,2026-08-14,SELL,1243.81,250,2026-08-13,DEUTSCHE-BROKER,RECEIVED,TRAIN
TRD105207,2026-08-14,ICICIBANK,INE105207,ICICIBANK,250,1243.63,310907.5,KOTAK-CUST,EQ-ALPHA-03,BOOKED,2026-08-15,BUY,1243.63,250,2026-08-14,KOTAK-CUST,RECEIVED,TRAIN
TRD105208,2026-08-07,ICICIBANK,INE105208,ICICIBANK,2000,1242.64,2485280.0,NOMURA-BROKER,EQ-CORE-02,BOOKED,2026-08-08,SELL,1242.64,2000,2026-08-07,NOMURA-BROKER,RECEIVED,TRAIN
TRD105209,2026-08-15,AXISBANK,INE105209,AXISBANK,1500,1179.15,1768725.0,MORGANSTANLEY-BROKER,EQ-ALPHA-03,BOOKED,2026-08-16,BUY,1179.15,1500,2026-08-15,MORGANSTANLEY-BROKER,RECEIVED,TEST
TRD105210,2026-08-10,KOTAKBANK,INE105210,KOTAKBANK,2000,1954.6,3909200.0,KOTAK-CUST,EQ-CORE-02,BOOKED,2026-08-11,SELL,1954.6,2000,2026-08-10,KOTAK-CUST,RECEIVED,TEST
TRD105211,2026-08-10,BHARTIARTL,INE105211,BHARTIARTL,2000,1693.17,3386340.0,KOTAK-CUST,EQ-INDEX-04,BOOKED,2026-08-11,BUY,1693.17,2000,2026-08-10,KOTAK-CUST,RECEIVED,TEST
TRD105212,2026-08-11,HINDUNILVR,INE105212,HINDUNILVR,1000,2738.72,2738720.0,KOTAK-CUST,EQ-INDEX-04,BOOKED,2026-08-12,SELL,2738.72,1000,2026-08-11,KOTAK-CUST,RECEIVED,TRAIN
TRD105213,2026-08-09,ICICIBANK,INE105213,ICICIBANK,250,1237.03,309257.5,ICICI-CUST,EQ-CORE-02,BOOKED,2026-08-10,SELL,1237.03,250,2026-08-09,ICICI-CUST,RECEIVED,TRAIN
TRD105214,2026-08-19,HINDUNILVR,INE105214,HINDUNILVR,100,2755.12,275512.0,DEUTSCHE-BROKER,EQ-ALPHA-03,BOOKED,2026-08-20,SELL,2755.12,100,2026-08-19,DEUTSCHE-BROKER,RECEIVED,TRAIN
TRD105215,2026-08-17,BHARTIARTL,INE105215,BHARTIARTL,1500,1693.23,2539845.0,ICICI-CUST,EQ-CORE-01,BOOKED,2026-08-18,BUY,1693.23,1500,2026-08-17,ICICI-CUST,RECEIVED,TRAIN
TRD105216,2026-08-05,MARUTI,INE105216,MARUTI,250,12989.93,3247482.5,HDFC-CUST,EQ-CORE-02,BOOKED,2026-08-06,SELL,12989.93,250,2026-08-06,HDFC-CUST,RECEIVED,TRAIN
TRD105217,2026-08-02,BHARTIARTL,INE105217,BHARTIARTL,2000,1684.27,3368540.0,HDFC-CUST,EQ-INDEX-04,BOOKED,2026-08-03,BUY,1684.27,2000,2026-08-02,HDFC-CUST,RECEIVED,TRAIN
TRD105218,2026-08-09,HDFCBANK,INE105218,HDFCBANK,2000,1678.67,3357340.0,ICICI-CUST,EQ-INDEX-04,BOOKED,2026-08-10,BUY,1678.67,2000,2026-08-09,ICICI-CUST,RECEIVED,TRAIN
TRD105219,2026-08-10,HDFCBANK,INE105219,HDFCBANK,1500,1675.06,2512590.0,NOMURA-BROKER,EQ-ALPHA-03,BOOKED,2026-08-11,SELL,1675.06,1500,2026-08-10,NOMURA-BROKER,RECEIVED,TRAIN
TRD105220,2026-08-09,LT,INE105220,LT,500,3663.64,1831820.0,KOTAK-CUST,EQ-ALPHA-03,BOOKED,2026-08-10,SELL,3663.64,500,2026-08-09,KOTAK-CUST,RECEIVED,TRAIN
TRD105221,2026-08-15,KOTAKBANK,INE105221,KOTAKBANK,1000,1959.14,1959140.0,NOMURA-BROKER,EQ-INDEX-04,BOOKED,2026-08-16,SELL,1959.14,1000,2026-08-15,NOMURA-BROKER,RECEIVED,TRAIN
TRD105222,2026-08-18,MARUTI,INE105222,MARUTI,2000,12980.31,25960620.0,NOMURA-BROKER,EQ-CORE-01,BOOKED,2026-08-19,BUY,12980.31,2000,2026-08-18,NOMURA-BROKER,RECEIVED,TRAIN
TRD105223,2026-08-05,TATASTEEL,INE105223,TATASTEEL,1000,172.17,172170.0,DEUTSCHE-BROKER,EQ-INDEX-04,BOOKED,2026-08-06,SELL,172.17,1000,2026-08-05,DEUTSCHE-BROKER,RECEIVED,TRAIN
TRD105224,2026-08-09,ICICIBANK,INE105224,ICICIBANK,750,1246.27,934702.5,HDFC-CUST,EQ-INDEX-04,BOOKED,2026-08-10,BUY,1246.27,750,2026-08-09,HDFC-CUST,RECEIVED,TRAIN
TRD105225,2026-08-14,INFY,INE105225,INFY,2000,1881.54,3763080.0,ICICI-CUST,EQ-ALPHA-03,BOOKED,2026-08-15,SELL,1881.54,2000,2026-08-14,ICICI-CUST,RECEIVED,TRAIN
TRD105226,2026-08-09,SBIN,INE105226,SBIN,500,848.84,424420.0,HDFC-CUST,EQ-CORE-01,BOOKED,2026-08-10,BUY,,,,,MISSING,TEST
TRD105227,2026-08-17,ICICIBANK,INE105227,ICICIBANK,250,1235.69,308922.5,DEUTSCHE-BROKER,EQ-INDEX-04,BOOKED,2026-08-18,SELL,1235.69,250,2026-08-17,DEUTSCHE-BROKER,RECEIVED,TEST
TRD105228,2026-08-05,ITC,INE105228,ITC,200,470.61,94122.0,ICICI-CUST,EQ-CORE-02,BOOKED,2026-08-06,SELL,470.61,200,2026-08-05,ICICI-CUST,RECEIVED,TRAIN
TRD105229,2026-08-17,TCS,INE105229,TCS,200,4123.7,824740.0,KOTAK-CUST,EQ-CORE-01,BOOKED,2026-08-18,SELL,4123.7,200,2026-08-17,KOTAK-CUST,RECEIVED,TRAIN
TRD105230,2026-08-08,BHARTIARTL,INE105230,BHARTIARTL,1000,1692.55,1692550.0,HDFC-CUST,EQ-ALPHA-03,BOOKED,2026-08-09,SELL,1692.55,1000,2026-08-08,HDFC-CUST,RECEIVED,TRAIN
TRD105231,2026-08-07,RELIANCE,INE105231,RELIANCE,200,2854.09,570818.0,HDFC-CUST,EQ-CORE-02,BOOKED,2026-08-08,SELL,2854.09,200,2026-08-07,HDFC-CUST,RECEIVED,TEST
TRD105232,2026-08-07,TATASTEEL,INE105232,TATASTEEL,1500,172.3,258450.0,HDFC-CUST,EQ-INDEX-04,BOOKED,2026-08-08,BUY,174.89,1500,2026-08-07,HDFC-CUST,RECEIVED,TRAIN
TRD105233,2026-08-07,HINDUNILVR,INE105233,HINDUNILVR,750,2735.41,2051557.5,MORGANSTANLEY-BROKER,EQ-CORE-01,BOOKED,2026-08-08,BUY,2735.41,750,2026-08-07,MORGANSTANLEY-BROKER,RECEIVED,TRAIN
TRD105234,2026-08-17,BHARTIARTL,INE105234,BHARTIARTL,100,1697.5,169750.0,MORGANSTANLEY-BROKER,EQ-CORE-01,BOOKED,2026-08-18,SELL,1697.5,100,2026-08-17,MORGANSTANLEY-BROKER,RECEIVED,TEST
TRD105235,2026-08-05,RELIANCE,INE105235,RELIANCE,100,2846.61,284661.0,MORGANSTANLEY-BROKER,EQ-CORE-01,BOOKED,2026-08-06,SELL,2846.61,100,2026-08-05,MORGANSTANLEY-BROKER,RECEIVED,TRAIN
TRD105236,2026-08-21,SBIN,INE105236,SBIN,2000,848.98,1697960.0,KOTAK-CUST,EQ-INDEX-04,BOOKED,2026-08-22,SELL,848.98,2000,2026-08-21,KOTAK-CUST,RECEIVED,TEST
TRD105237,2026-08-05,AXISBANK,INE105237,AXISBANK,100,1178.29,117829.0,DEUTSCHE-BROKER,EQ-CORE-01,BOOKED,2026-08-06,BUY,1178.29,100,2026-08-05,DEUTSCHE-BROKER,RECEIVED,TRAIN
TRD105238,2026-08-04,SBIN,INE105238,SBIN,1500,842.18,1263270.0,KOTAK-CUST,EQ-CORE-02,BOOKED,2026-08-05,SELL,842.18,1500,2026-08-04,KOTAK-CUST,RECEIVED,TRAIN
TRD105239,2026-08-01,TATASTEEL,INE105239,TATASTEEL,500,171.66,85830.0,NOMURA-BROKER,EQ-INDEX-04,BOOKED,2026-08-02,SELL,171.66,500,2026-08-01,NOMURA-BROKER,RECEIVED,TRAIN
TRD105240,2026-08-02,WIPRO,INE105240,WIPRO,1000,608.05,608050.0,DEUTSCHE-BROKER,EQ-CORE-01,BOOKED,2026-08-03,BUY,614.83,1075,2026-08-02,DEUTSCHE-BROKER,RECEIVED,TRAIN
TRD105241,2026-08-05,AXISBANK,INE105241,AXISBANK,250,1184.94,296235.0,ICICI-CUST,EQ-INDEX-04,BOOKED,2026-08-06,SELL,1206.55,250,2026-08-05,ICICI-CUST,RECEIVED,TRAIN
TRD105242,2026-08-07,ICICIBANK,INE105242,ICICIBANK,1000,1244.57,1244570.0,DEUTSCHE-BROKER,EQ-CORE-01,BOOKED,2026-08-08,SELL,1244.57,1000,2026-08-07,DEUTSCHE-BROKER,RECEIVED,TEST
TRD105243,2026-08-05,ITC,INE105243,ITC,500,471.09,235545.0,ICICI-CUST,EQ-ALPHA-03,BOOKED,2026-08-06,BUY,471.09,500,2026-08-05,ICICI-CUST,RECEIVED,TRAIN
TRD105244,2026-08-08,TCS,INE105244,TCS,250,4118.42,1029605.0,ICICI-CUST,EQ-CORE-02,BOOKED,2026-08-09,SELL,4118.42,250,2026-08-08,ICICI-CUST,RECEIVED,TEST
TRD105245,2026-08-02,BHARTIARTL,INE105245,BHARTIARTL,1500,1687.89,2531835.0,HDFC-CUST,EQ-CORE-02,BOOKED,2026-08-03,BUY,1687.89,1500,2026-08-02,HDFC-CUST,RECEIVED,TRAIN
TRD105246,2026-08-12,BHARTIARTL,INE105246,BHARTIARTL,200,1697.23,339446.0,KOTAK-CUST,EQ-CORE-01,BOOKED,2026-08-13,SELL,1697.23,200,2026-08-12,KOTAK-CUST,RECEIVED,TRAIN
TRD105247,2026-08-11,HINDUNILVR,INE105247,HINDUNILVR,250,2738.75,684687.5,KOTAK-CUST,EQ-ALPHA-03,BOOKED,2026-08-12,BUY,2738.75,250,2026-08-11,KOTAK-CUST,RECEIVED,TEST
TRD105248,2026-08-02,BHARTIARTL,INE105248,BHARTIARTL,2000,1697.84,3395680.0,NOMURA-BROKER,EQ-CORE-02,BOOKED,2026-08-03,SELL,1697.84,2000,2026-08-02,NOMURA-BROKER,RECEIVED,TEST
TRD105249,2026-08-05,KOTAKBANK,INE105249,KOTAKBANK,2000,1960.54,3921080.0,DEUTSCHE-BROKER,EQ-ALPHA-03,BOOKED,2026-08-06,BUY,1960.54,2000,2026-08-05,DEUTSCHE-BROKER,RECEIVED,TRAIN
TRD105250,2026-08-12,RELIANCE,INE105250,RELIANCE,100,2861.6,286160.0,NOMURA-BROKER,EQ-INDEX-04,BOOKED,2026-08-13,SELL,2861.6,100,2026-08-12,NOMURA-BROKER,RECEIVED,TRAIN
TRD105251,2026-08-11,RELIANCE,INE105251,RELIANCE,1500,2852.75,4279125.0,DEUTSCHE-BROKER,EQ-CORE-01,BOOKED,2026-08-12,BUY,2852.75,1500,2026-08-11,DEUTSCHE-BROKER,RECEIVED,TRAIN
TRD105252,2026-08-03,INFY,INE105252,INFY,200,1894.04,378808.0,DEUTSCHE-BROKER,EQ-INDEX-04,BOOKED,2026-08-04,BUY,1894.04,200,2026-08-03,DEUTSCHE-BROKER,RECEIVED,TRAIN
TRD105253,2026-08-12,HINDUNILVR,INE105253,HINDUNILVR,250,2758.55,689637.5,HDFC-CUST,EQ-CORE-02,BOOKED,2026-08-13,BUY,2758.55,250,2026-08-12,HDFC-CUST,RECEIVED,TRAIN
TRD105254,2026-08-10,RELIANCE,INE105254,RELIANCE,1000,2844.02,2844020.0,NOMURA-BROKER,EQ-ALPHA-03,BOOKED,2026-08-11,BUY,2844.02,1000,2026-08-10,NOMURA-BROKER,RECEIVED,TRAIN
TRD105255,2026-08-02,MARUTI,INE105255,MARUTI,1500,12958.04,19437060.0,DEUTSCHE-BROKER,EQ-ALPHA-03,BOOKED,2026-08-03,BUY,12958.04,1500,2026-08-02,DEUTSCHE-BROKER,RECEIVED,TRAIN
TRD105256,2026-08-08,INFY,INE105256,INFY,200,1894.2,378840.0,ICICI-CUST,EQ-CORE-02,BOOKED,2026-08-09,SELL,1894.2,200,2026-08-08,ICICI-CUST,RECEIVED,TRAIN
TRD105257,2026-08-14,INFY,INE105257,INFY,1500,1893.77,2840655.0,NOMURA-BROKER,EQ-ALPHA-03,BOOKED,2026-08-15,SELL,1893.77,1500,2026-08-14,NOMURA-BROKER,RECEIVED,TRAIN
TRD105258,2026-08-05,WIPRO,INE105258,WIPRO,200,610.8,122160.0,NOMURA-BROKER,EQ-CORE-01,BOOKED,2026-08-06,SELL,610.8,200,2026-08-05,NOMURA-BROKER,RECEIVED,TEST
TRD105259,2026-08-10,TCS,INE105259,TCS,200,4113.46,822692.0,MORGANSTANLEY-BROKER,EQ-CORE-01,BOOKED,2026-08-11,SELL,4113.46,200,2026-08-10,MORGANSTANLEY-BROKER,RECEIVED,TRAIN
TRD105260,2026-08-07,TCS,INE105260,TCS,100,4125.15,412515.0,KOTAK-CUST,EQ-INDEX-04,BOOKED,2026-08-08,SELL,4125.15,100,2026-08-07,KOTAK-CUST,RECEIVED,TRAIN
TRD105261,2026-08-14,WIPRO,INE105261,WIPRO,500,608.67,304335.0,HDFC-CUST,EQ-CORE-02,BOOKED,2026-08-15,BUY,608.67,500,2026-08-15,HDFC-CUST,RECEIVED,TRAIN
TRD105262,2026-08-12,SBIN,INE105262,SBIN,2000,847.36,1694720.0,NOMURA-BROKER,EQ-ALPHA-03,BOOKED,2026-08-13,BUY,863.96,2075,2026-08-12,NOMURA-BROKER,RECEIVED,TRAIN
TRD105263,2026-08-18,ITC,INE105263,ITC,100,466.57,46657.0,KOTAK-CUST,EQ-CORE-01,BOOKED,2026-08-19,SELL,466.57,100,2026-08-18,HDFC-CUST,RECEIVED,TRAIN
TRD105264,2026-08-15,HINDUNILVR,INE105264,HINDUNILVR,750,2738.28,2053710.0,ICICI-CUST,EQ-CORE-02,BOOKED,2026-08-16,BUY,2738.28,750,2026-08-15,ICICI-CUST,RECEIVED,TRAIN
TRD105265,2026-08-09,HINDUNILVR,INE105265,HINDUNILVR,2000,2732.17,5464340.0,DEUTSCHE-BROKER,EQ-CORE-01,BOOKED,2026-08-10,BUY,2732.17,2000,2026-08-09,DEUTSCHE-BROKER,RECEIVED,TEST
TRD105266,2026-08-20,MARUTI,INE105266,MARUTI,250,12959.36,3239840.0,HDFC-CUST,EQ-CORE-02,BOOKED,2026-08-21,BUY,12959.36,250,2026-08-20,HDFC-CUST,RECEIVED,TEST
TRD105267,2026-08-21,TATASTEEL,INE105267,TATASTEEL,2000,171.75,343500.0,MORGANSTANLEY-BROKER,EQ-ALPHA-03,BOOKED,2026-08-22,SELL,171.75,2000,2026-08-21,MORGANSTANLEY-BROKER,RECEIVED,TRAIN
TRD105268,2026-08-20,LT,INE105268,LT,200,3678.46,735692.0,DEUTSCHE-BROKER,EQ-ALPHA-03,BOOKED,2026-08-21,BUY,3678.46,200,2026-08-20,DEUTSCHE-BROKER,RECEIVED,TRAIN
TRD105269,2026-08-08,SBIN,INE105269,SBIN,200,845.55,169110.0,NOMURA-BROKER,EQ-CORE-02,BOOKED,2026-08-09,BUY,845.55,200,2026-08-08,NOMURA-BROKER,RECEIVED,TRAIN
TRD105270,2026-08-12,HINDUNILVR,INE105270,HINDUNILVR,200,2758.81,551762.0,NOMURA-BROKER,EQ-ALPHA-03,BOOKED,2026-08-13,BUY,2758.81,200,2026-08-12,NOMURA-BROKER,RECEIVED,TRAIN
TRD105271,2026-08-18,HINDUNILVR,INE105271,HINDUNILVR,1500,2748.53,4122795.0,HDFC-CUST,EQ-CORE-02,BOOKED,2026-08-19,BUY,2748.53,1500,2026-08-18,HDFC-CUST,RECEIVED,TRAIN
TRD105272,2026-08-13,ITC,INE105272,ITC,500,471.22,235610.0,KOTAK-CUST,EQ-INDEX-04,BOOKED,2026-08-14,BUY,471.22,500,2026-08-13,KOTAK-CUST,RECEIVED,TRAIN
TRD105273,2026-08-02,LT,INE105273,LT,750,3688.35,2766262.5,DEUTSCHE-BROKER,EQ-ALPHA-03,BOOKED,2026-08-03,SELL,3688.35,750,2026-08-02,DEUTSCHE-BROKER,RECEIVED,TRAIN
TRD105274,2026-08-11,TATASTEEL,INE105274,TATASTEEL,1000,173.02,173020.0,MORGANSTANLEY-BROKER,EQ-CORE-02,BOOKED,2026-08-12,SELL,173.02,1000,2026-08-11,MORGANSTANLEY-BROKER,RECEIVED,TRAIN
TRD105275,2026-08-13,ITC,INE105275,ITC,100,469.67,46967.0,KOTAK-CUST,EQ-CORE-01,BOOKED,2026-08-14,SELL,469.67,100,2026-08-13,KOTAK-CUST,RECEIVED,TEST
TRD105276,2026-08-16,BHARTIARTL,INE105276,BHARTIARTL,250,1696.64,424160.0,MORGANSTANLEY-BROKER,EQ-ALPHA-03,BOOKED,2026-08-17,SELL,1696.64,250,2026-08-17,MORGANSTANLEY-BROKER,RECEIVED,TEST
TRD105277,2026-08-19,INFY,INE105277,INFY,250,1889.36,472340.0,NOMURA-BROKER,EQ-CORE-02,BOOKED,2026-08-20,SELL,1889.36,250,2026-08-19,NOMURA-BROKER,RECEIVED,TRAIN
TRD105278,2026-08-21,RELIANCE,INE105278,RELIANCE,250,2864.13,716032.5,NOMURA-BROKER,EQ-INDEX-04,BOOKED,2026-08-22,BUY,2864.13,250,2026-08-21,NOMURA-BROKER,RECEIVED,TRAIN
TRD105279,2026-08-01,TCS,INE105279,TCS,1500,4121.27,6181905.0,NOMURA-BROKER,EQ-CORE-01,BOOKED,2026-08-02,BUY,4121.27,1500,2026-08-01,NOMURA-BROKER,RECEIVED,TRAIN
TRD105280,2026-08-01,AXISBANK,INE105280,AXISBANK,500,1179.49,589745.0,MORGANSTANLEY-BROKER,EQ-CORE-01,BOOKED,2026-08-02,SELL,1164.89,500,2026-08-01,MORGANSTANLEY-BROKER,RECEIVED,TRAIN
TRD105281,2026-08-03,MARUTI,INE105281,MARUTI,100,13020.83,1302083.0,NOMURA-BROKER,EQ-INDEX-04,BOOKED,2026-08-04,BUY,13020.83,100,2026-08-03,NOMURA-BROKER,RECEIVED,TEST
TRD105282,2026-08-16,RELIANCE,INE105282,RELIANCE,500,2864.6,1432300.0,NOMURA-BROKER,EQ-INDEX-04,BOOKED,2026-08-17,BUY,2864.6,500,2026-08-16,NOMURA-BROKER,RECEIVED,TEST
TRD105283,2026-08-17,LT,INE105283,LT,100,3674.44,367444.0,DEUTSCHE-BROKER,EQ-INDEX-04,BOOKED,2026-08-18,SELL,3674.44,100,2026-08-17,DEUTSCHE-BROKER,RECEIVED,TRAIN
TRD105284,2026-08-03,MARUTI,INE105284,MARUTI,2000,13016.98,26033960.0,KOTAK-CUST,EQ-INDEX-04,BOOKED,2026-08-04,BUY,13016.98,2000,2026-08-03,KOTAK-CUST,RECEIVED,TEST
TRD105285,2026-08-04,WIPRO,INE105285,WIPRO,1500,610.39,915585.0,ICICI-CUST,EQ-ALPHA-03,BOOKED,2026-08-05,SELL,610.39,1500,2026-08-04,ICICI-CUST,RECEIVED,TRAIN
TRD105286,2026-08-01,KOTAKBANK,INE105286,KOTAKBANK,1500,1951.9,2927850.0,DEUTSCHE-BROKER,EQ-INDEX-04,BOOKED,2026-08-02,BUY,1951.9,1500,2026-08-01,DEUTSCHE-BROKER,RECEIVED,TRAIN
TRD105287,2026-08-12,KOTAKBANK,INE105287,KOTAKBANK,1000,1964.73,1964730.0,DEUTSCHE-BROKER,EQ-CORE-01,BOOKED,2026-08-13,BUY,,,,,MISSING,TRAIN
TRD105288,2026-08-04,INFY,INE105288,INFY,100,1887.54,188754.0,HDFC-CUST,EQ-ALPHA-03,BOOKED,2026-08-05,SELL,1887.54,100,2026-08-04,HDFC-CUST,RECEIVED,TEST
TRD105289,2026-08-17,HDFCBANK,INE105289,HDFCBANK,2000,1680.18,3360360.0,NOMURA-BROKER,EQ-CORE-02,BOOKED,2026-08-18,SELL,1680.18,2000,2026-08-17,NOMURA-BROKER,RECEIVED,TRAIN
TRD105290,2026-08-04,RELIANCE,INE105290,RELIANCE,100,2850.39,285039.0,DEUTSCHE-BROKER,EQ-INDEX-04,BOOKED,2026-08-05,SELL,2850.39,100,2026-08-04,DEUTSCHE-BROKER,RECEIVED,TRAIN
TRD105291,2026-08-07,TATASTEEL,INE105291,TATASTEEL,1500,172.69,259035.0,KOTAK-CUST,EQ-CORE-01,BOOKED,2026-08-08,BUY,172.69,1500,2026-08-07,ICICI-CUST,RECEIVED,TEST
TRD105292,2026-08-16,WIPRO,INE105292,WIPRO,200,610.29,122058.0,KOTAK-CUST,EQ-INDEX-04,BOOKED,2026-08-17,SELL,610.29,200,2026-08-16,KOTAK-CUST,RECEIVED,TRAIN
TRD105293,2026-08-12,ITC,INE105293,ITC,2000,469.4,938800.0,MORGANSTANLEY-BROKER,EQ-ALPHA-03,BOOKED,2026-08-13,SELL,469.4,2000,2026-08-12,MORGANSTANLEY-BROKER,RECEIVED,TRAIN
TRD105294,2026-08-20,HDFCBANK,INE105294,HDFCBANK,500,1673.07,836535.0,MORGANSTANLEY-BROKER,EQ-INDEX-04,BOOKED,2026-08-21,BUY,1673.07,500,2026-08-20,MORGANSTANLEY-BROKER,RECEIVED,TEST
TRD105295,2026-08-02,INFY,INE105295,INFY,1000,1883.58,1883580.0,ICICI-CUST,EQ-CORE-02,BOOKED,2026-08-03,BUY,1883.58,1000,2026-08-02,ICICI-CUST,RECEIVED,TRAIN
TRD105296,2026-08-14,WIPRO,INE105296,WIPRO,1500,612.74,919110.0,NOMURA-BROKER,EQ-CORE-01,BOOKED,2026-08-15,BUY,612.74,1500,2026-08-14,NOMURA-BROKER,RECEIVED,TRAIN
TRD105297,2026-08-03,BHARTIARTL,INE105297,BHARTIARTL,2000,1683.84,3367680.0,MORGANSTANLEY-BROKER,EQ-INDEX-04,BOOKED,2026-08-04,BUY,1683.84,2000,2026-08-03,MORGANSTANLEY-BROKER,RECEIVED,TRAIN
TRD105298,2026-08-02,HDFCBANK,INE105298,HDFCBANK,1000,1670.83,1670830.0,HDFC-CUST,EQ-CORE-01,BOOKED,2026-08-03,BUY,1670.83,1000,2026-08-02,HDFC-CUST,RECEIVED,TRAIN
TRD105299,2026-08-02,HINDUNILVR,INE105299,HINDUNILVR,2000,2747.16,5494320.0,KOTAK-CUST,EQ-INDEX-04,BOOKED,2026-08-03,BUY,2747.16,2000,2026-08-02,KOTAK-CUST,RECEIVED,TRAIN
TRD105300,2026-08-08,LT,INE105300,LT,2000,3675.51,7351020.0,KOTAK-CUST,EQ-ALPHA-03,BOOKED,2026-08-09,BUY,3675.51,2000,2026-08-08,KOTAK-CUST,RECEIVED,TRAIN
TRD105301,2026-08-20,BHARTIARTL,INE105301,BHARTIARTL,250,1682.85,420712.5,NOMURA-BROKER,EQ-ALPHA-03,BOOKED,2026-08-21,SELL,1682.85,250,2026-08-20,NOMURA-BROKER,RECEIVED,TEST
TRD105302,2026-08-04,ICICIBANK,INE105302,ICICIBANK,2000,1240.85,2481700.0,HDFC-CUST,EQ-CORE-02,BOOKED,2026-08-05,SELL,1240.85,2000,2026-08-04,HDFC-CUST,RECEIVED,TRAIN
TRD105303,2026-08-12,AXISBANK,INE105303,AXISBANK,500,1177.78,588890.0,ICICI-CUST,EQ-INDEX-04,BOOKED,2026-08-13,BUY,1177.78,500,2026-08-12,ICICI-CUST,RECEIVED,TEST
TRD105304,2026-08-05,AXISBANK,INE105304,AXISBANK,250,1183.8,295950.0,MORGANSTANLEY-BROKER,EQ-CORE-02,BOOKED,2026-08-06,BUY,1183.8,250,2026-08-05,MORGANSTANLEY-BROKER,RECEIVED,TEST
TRD105305,2026-08-11,ITC,INE105305,ITC,2000,468.95,937900.0,ICICI-CUST,EQ-CORE-02,BOOKED,2026-08-12,SELL,475.85,2075,2026-08-11,ICICI-CUST,RECEIVED,TRAIN
TRD105306,2026-08-21,KOTAKBANK,INE105306,KOTAKBANK,2000,1953.23,3906460.0,NOMURA-BROKER,EQ-CORE-01,BOOKED,2026-08-22,SELL,1953.23,2000,2026-08-21,NOMURA-BROKER,RECEIVED,TRAIN
TRD105307,2026-08-16,SBIN,INE105307,SBIN,2000,847.23,1694460.0,NOMURA-BROKER,EQ-INDEX-04,BOOKED,2026-08-17,BUY,847.23,2000,2026-08-16,NOMURA-BROKER,RECEIVED,TRAIN
TRD105308,2026-08-05,ITC,INE105308,ITC,750,467.51,350632.5,NOMURA-BROKER,EQ-ALPHA-03,BOOKED,2026-08-06,BUY,467.51,750,2026-08-05,NOMURA-BROKER,RECEIVED,TEST
TRD105309,2026-08-08,ICICIBANK,INE105309,ICICIBANK,1000,1237.16,1237160.0,MORGANSTANLEY-BROKER,EQ-CORE-01,BOOKED,2026-08-09,BUY,1237.16,1000,2026-08-09,MORGANSTANLEY-BROKER,RECEIVED,TRAIN
TRD105310,2026-08-02,WIPRO,INE105310,WIPRO,1000,610.32,610320.0,MORGANSTANLEY-BROKER,EQ-CORE-02,BOOKED,2026-08-03,SELL,610.32,1000,2026-08-02,MORGANSTANLEY-BROKER,RECEIVED,TRAIN
TRD105311,2026-08-17,INFY,INE105311,INFY,100,1892.55,189255.0,ICICI-CUST,EQ-CORE-02,BOOKED,2026-08-18,SELL,1892.55,100,2026-08-17,ICICI-CUST,RECEIVED,TRAIN
TRD105312,2026-08-12,AXISBANK,INE105312,AXISBANK,1000,1179.67,1179670.0,DEUTSCHE-BROKER,EQ-CORE-02,BOOKED,2026-08-13,SELL,1179.67,1000,2026-08-12,DEUTSCHE-BROKER,RECEIVED,TRAIN
TRD105313,2026-08-14,HDFCBANK,INE105313,HDFCBANK,500,1676.48,838240.0,MORGANSTANLEY-BROKER,EQ-INDEX-04,BOOKED,2026-08-15,SELL,1676.48,500,2026-08-14,MORGANSTANLEY-BROKER,RECEIVED,TRAIN
TRD105314,2026-08-13,RELIANCE,INE105314,RELIANCE,1000,2845.5,2845500.0,MORGANSTANLEY-BROKER,EQ-ALPHA-03,BOOKED,2026-08-14,BUY,2845.5,1000,2026-08-13,MORGANSTANLEY-BROKER,RECEIVED,TRAIN
TRD105315,2026-08-04,HINDUNILVR,INE105315,HINDUNILVR,750,2739.18,2054385.0,ICICI-CUST,EQ-CORE-01,BOOKED,2026-08-05,BUY,2739.18,750,2026-08-04,ICICI-CUST,RECEIVED,TRAIN
TRD105316,2026-08-19,ICICIBANK,INE105316,ICICIBANK,250,1245.24,311310.0,DEUTSCHE-BROKER,EQ-ALPHA-03,BOOKED,2026-08-20,BUY,1245.24,250,2026-08-19,DEUTSCHE-BROKER,RECEIVED,TRAIN
TRD105317,2026-08-05,SBIN,INE105317,SBIN,750,848.49,636367.5,ICICI-CUST,EQ-CORE-01,BOOKED,2026-08-06,BUY,848.49,750,2026-08-05,ICICI-CUST,RECEIVED,TRAIN
TRD105318,2026-08-21,MARUTI,INE105318,MARUTI,200,12980.64,2596128.0,MORGANSTANLEY-BROKER,EQ-INDEX-04,BOOKED,2026-08-22,BUY,12980.64,200,2026-08-21,MORGANSTANLEY-BROKER,RECEIVED,TRAIN
TRD105319,2026-08-21,HDFCBANK,INE105319,HDFCBANK,250,1679.6,419900.0,MORGANSTANLEY-BROKER,EQ-CORE-02,BOOKED,2026-08-22,SELL,1679.6,250,2026-08-21,MORGANSTANLEY-BROKER,RECEIVED,TRAIN
TRD105320,2026-08-10,ITC,INE105320,ITC,1000,467.54,467540.0,MORGANSTANLEY-BROKER,EQ-CORE-01,BOOKED,2026-08-11,BUY,467.54,1000,2026-08-10,MORGANSTANLEY-BROKER,RECEIVED,TRAIN
TRD105321,2026-08-02,TCS,INE105321,TCS,1000,4129.68,4129680.0,HDFC-CUST,EQ-ALPHA-03,BOOKED,2026-08-03,SELL,4129.68,1000,2026-08-02,HDFC-CUST,RECEIVED,TRAIN
TRD105322,2026-08-03,SBIN,INE105322,SBIN,1500,841.82,1262730.0,DEUTSCHE-BROKER,EQ-ALPHA-03,BOOKED,2026-08-04,BUY,841.82,1500,2026-08-03,DEUTSCHE-BROKER,RECEIVED,TRAIN
TRD105323,2026-08-11,BHARTIARTL,INE105323,BHARTIARTL,250,1687.05,421762.5,KOTAK-CUST,EQ-ALPHA-03,BOOKED,2026-08-12,SELL,1687.05,250,2026-08-11,KOTAK-CUST,RECEIVED,TRAIN
TRD105324,2026-08-04,INFY,INE105324,INFY,100,1898.09,189809.0,HDFC-CUST,EQ-ALPHA-03,BOOKED,2026-08-05,SELL,1898.09,100,2026-08-04,HDFC-CUST,RECEIVED,TRAIN
TRD105325,2026-08-06,HINDUNILVR,INE105325,HINDUNILVR,1500,2748.98,4123470.0,HDFC-CUST,EQ-CORE-02,BOOKED,2026-08-07,SELL,2748.98,1600,2026-08-06,HDFC-CUST,RECEIVED,TRAIN
TRD105326,2026-08-03,RELIANCE,INE105326,RELIANCE,2000,2860.09,5720180.0,DEUTSCHE-BROKER,EQ-CORE-02,BOOKED,2026-08-04,SELL,2860.09,2000,2026-08-03,DEUTSCHE-BROKER,RECEIVED,TRAIN
TRD105327,2026-08-02,HDFCBANK,INE105327,HDFCBANK,750,1673.27,1254952.5,MORGANSTANLEY-BROKER,EQ-ALPHA-03,BOOKED,2026-08-03,SELL,1673.27,750,2026-08-02,MORGANSTANLEY-BROKER,RECEIVED,TRAIN
TRD105328,2026-08-02,ITC,INE105328,ITC,100,469.94,46994.0,DEUTSCHE-BROKER,EQ-CORE-01,BOOKED,2026-08-03,BUY,469.94,100,2026-08-02,DEUTSCHE-BROKER,RECEIVED,TRAIN
TRD105329,2026-08-19,TATASTEEL,INE105329,TATASTEEL,200,171.68,34336.0,KOTAK-CUST,EQ-CORE-01,BOOKED,2026-08-20,SELL,171.68,200,2026-08-19,KOTAK-CUST,RECEIVED,TEST
TRD105330,2026-08-09,HDFCBANK,INE105330,HDFCBANK,1000,1669.06,1669060.0,NOMURA-BROKER,EQ-CORE-01,BOOKED,2026-08-10,BUY,1669.06,1100,2026-08-09,NOMURA-BROKER,RECEIVED,TRAIN
TRD105331,2026-08-21,RELIANCE,INE105331,RELIANCE,250,2840.96,710240.0,ICICI-CUST,EQ-INDEX-04,BOOKED,2026-08-22,SELL,2840.96,250,2026-08-21,ICICI-CUST,RECEIVED,TRAIN
TRD105332,2026-08-02,BHARTIARTL,INE105332,BHARTIARTL,200,1688.42,337684.0,MORGANSTANLEY-BROKER,EQ-ALPHA-03,BOOKED,2026-08-03,SELL,1688.42,200,2026-08-02,MORGANSTANLEY-BROKER,RECEIVED,TRAIN
TRD105333,2026-08-11,ICICIBANK,INE105333,ICICIBANK,200,1241.16,248232.0,KOTAK-CUST,EQ-CORE-01,BOOKED,2026-08-12,BUY,1241.16,200,2026-08-11,KOTAK-CUST,RECEIVED,TRAIN
TRD105334,2026-08-12,HDFCBANK,INE105334,HDFCBANK,500,1674.11,837055.0,NOMURA-BROKER,EQ-CORE-01,BOOKED,2026-08-13,BUY,1674.11,500,2026-08-12,NOMURA-BROKER,RECEIVED,TRAIN
TRD105335,2026-08-20,LT,INE105335,LT,1000,3697.83,3697830.0,ICICI-CUST,EQ-ALPHA-03,BOOKED,2026-08-21,SELL,3697.83,1000,2026-08-20,ICICI-CUST,RECEIVED,TEST
TRD105336,2026-08-15,WIPRO,INE105336,WIPRO,1000,610.67,610670.0,NOMURA-BROKER,EQ-CORE-01,BOOKED,2026-08-16,SELL,610.67,1000,2026-08-15,NOMURA-BROKER,RECEIVED,TEST
TRD105337,2026-08-19,WIPRO,INE105337,WIPRO,2000,610.65,1221300.0,ICICI-CUST,EQ-ALPHA-03,BOOKED,2026-08-20,BUY,610.65,2000,2026-08-19,ICICI-CUST,RECEIVED,TRAIN
TRD105338,2026-08-06,WIPRO,INE105338,WIPRO,750,610.92,458190.0,ICICI-CUST,EQ-CORE-01,BOOKED,2026-08-07,BUY,610.92,750,2026-08-06,ICICI-CUST,RECEIVED,TRAIN
TRD105339,2026-08-19,KOTAKBANK,INE105339,KOTAKBANK,750,1949.05,1461787.5,MORGANSTANLEY-BROKER,EQ-ALPHA-03,BOOKED,2026-08-20,BUY,1949.05,750,2026-08-19,MORGANSTANLEY-BROKER,RECEIVED,TRAIN
TRD105340,2026-08-03,ICICIBANK,INE105340,ICICIBANK,200,1238.12,247624.0,HDFC-CUST,EQ-ALPHA-03,BOOKED,2026-08-04,SELL,1238.12,200,2026-08-03,DEUTSCHE-BROKER,RECEIVED,TRAIN
TRD105341,2026-08-10,TATASTEEL,INE105341,TATASTEEL,500,172.59,86295.0,HDFC-CUST,EQ-INDEX-04,BOOKED,2026-08-11,SELL,172.59,500,2026-08-10,HDFC-CUST,RECEIVED,TRAIN
TRD105342,2026-08-06,INFY,INE105342,INFY,100,1897.97,189797.0,NOMURA-BROKER,EQ-CORE-01,BOOKED,2026-08-07,BUY,1897.97,100,2026-08-06,NOMURA-BROKER,RECEIVED,TRAIN
TRD105343,2026-08-05,ITC,INE105343,ITC,750,470.73,353047.5,ICICI-CUST,EQ-ALPHA-03,BOOKED,2026-08-06,SELL,470.73,750,2026-08-05,ICICI-CUST,RECEIVED,TRAIN
TRD105344,2026-08-20,BHARTIARTL,INE105344,BHARTIARTL,1500,1688.76,2533140.0,KOTAK-CUST,EQ-CORE-01,BOOKED,2026-08-21,BUY,1688.76,1500,2026-08-20,KOTAK-CUST,RECEIVED,TRAIN
TRD105345,2026-08-20,ITC,INE105345,ITC,250,470.96,117740.0,ICICI-CUST,EQ-CORE-02,BOOKED,2026-08-21,SELL,470.96,250,2026-08-20,ICICI-CUST,RECEIVED,TRAIN
TRD105346,2026-08-04,ITC,INE105346,ITC,1000,471.01,471010.0,DEUTSCHE-BROKER,EQ-ALPHA-03,BOOKED,2026-08-05,SELL,471.01,1000,2026-08-04,DEUTSCHE-BROKER,RECEIVED,TRAIN
TRD105347,2026-08-11,WIPRO,INE105347,WIPRO,200,613.38,122676.0,HDFC-CUST,EQ-CORE-02,BOOKED,2026-08-12,BUY,613.38,200,2026-08-11,HDFC-CUST,RECEIVED,TRAIN
TRD105348,2026-08-04,LT,INE105348,LT,100,3694.59,369459.0,HDFC-CUST,EQ-CORE-01,BOOKED,2026-08-05,SELL,3694.59,100,2026-08-04,HDFC-CUST,RECEIVED,TEST
TRD105349,2026-08-12,TATASTEEL,INE105349,TATASTEEL,250,171.96,42990.0,DEUTSCHE-BROKER,EQ-CORE-02,BOOKED,2026-08-13,BUY,171.96,250,2026-08-12,DEUTSCHE-BROKER,RECEIVED,TRAIN
TRD105350,2026-08-01,ICICIBANK,INE105350,ICICIBANK,250,1241.34,310335.0,NOMURA-BROKER,EQ-CORE-02,BOOKED,2026-08-02,BUY,1241.34,250,2026-08-01,NOMURA-BROKER,RECEIVED,TRAIN
TRD105351,2026-08-13,TATASTEEL,INE105351,TATASTEEL,750,172.27,129202.5,DEUTSCHE-BROKER,EQ-CORE-01,BOOKED,2026-08-14,BUY,172.27,750,2026-08-13,DEUTSCHE-BROKER,RECEIVED,TRAIN
TRD105352,2026-08-05,HINDUNILVR,INE105352,HINDUNILVR,250,2732.15,683037.5,KOTAK-CUST,EQ-CORE-02,BOOKED,2026-08-06,SELL,2732.15,250,2026-08-05,KOTAK-CUST,RECEIVED,TEST
TRD105353,2026-08-15,INFY,INE105353,INFY,500,1891.0,945500.0,ICICI-CUST,EQ-INDEX-04,BOOKED,2026-08-16,SELL,1891.0,550,2026-08-15,ICICI-CUST,RECEIVED,TRAIN
TRD105354,2026-08-05,BHARTIARTL,INE105354,BHARTIARTL,100,1687.2,168720.0,MORGANSTANLEY-BROKER,EQ-CORE-02,BOOKED,2026-08-06,SELL,1687.2,100,2026-08-05,MORGANSTANLEY-BROKER,RECEIVED,TEST
TRD105355,2026-08-16,KOTAKBANK,INE105355,KOTAKBANK,1500,1959.77,2939655.0,KOTAK-CUST,EQ-CORE-01,BOOKED,2026-08-17,SELL,1959.77,1500,2026-08-16,KOTAK-CUST,RECEIVED,TRAIN
TRD105356,2026-08-15,ITC,INE105356,ITC,250,466.91,116727.5,NOMURA-BROKER,EQ-ALPHA-03,BOOKED,2026-08-16,BUY,466.91,250,2026-08-15,NOMURA-BROKER,RECEIVED,TRAIN
TRD105357,2026-08-02,HINDUNILVR,INE105357,HINDUNILVR,750,2755.01,2066257.5,ICICI-CUST,EQ-CORE-02,BOOKED,2026-08-03,BUY,,,,,MISSING,TRAIN
TRD105358,2026-08-12,WIPRO,INE105358,WIPRO,100,612.68,61268.0,ICICI-CUST,EQ-CORE-01,BOOKED,2026-08-13,SELL,612.68,100,2026-08-12,ICICI-CUST,RECEIVED,TRAIN
TRD105359,2026-08-15,TATASTEEL,INE105359,TATASTEEL,250,172.08,43020.0,HDFC-CUST,EQ-ALPHA-03,BOOKED,2026-08-16,SELL,172.08,250,2026-08-15,HDFC-CUST,RECEIVED,TRAIN
TRD105360,2026-08-03,INFY,INE105360,INFY,1500,1887.4,2831100.0,DEUTSCHE-BROKER,EQ-CORE-02,BOOKED,2026-08-04,BUY,1887.4,1500,2026-08-03,DEUTSCHE-BROKER,RECEIVED,TRAIN
TRD105361,2026-08-08,ITC,INE105361,ITC,1500,470.08,705120.0,MORGANSTANLEY-BROKER,EQ-ALPHA-03,BOOKED,2026-08-09,BUY,470.08,1500,2026-08-08,MORGANSTANLEY-BROKER,RECEIVED,TEST
TRD105362,2026-08-06,HDFCBANK,INE105362,HDFCBANK,200,1680.31,336062.0,MORGANSTANLEY-BROKER,EQ-CORE-02,BOOKED,2026-08-07,SELL,1680.31,200,2026-08-06,MORGANSTANLEY-BROKER,RECEIVED,TRAIN
TRD105363,2026-08-21,KOTAKBANK,INE105363,KOTAKBANK,500,1964.9,982450.0,HDFC-CUST,EQ-INDEX-04,BOOKED,2026-08-22,SELL,1964.9,500,2026-08-21,HDFC-CUST,RECEIVED,TRAIN
TRD105364,2026-08-02,LT,INE105364,LT,100,3679.34,367934.0,KOTAK-CUST,EQ-CORE-02,BOOKED,2026-08-03,BUY,3679.34,100,2026-08-02,KOTAK-CUST,RECEIVED,TEST
TRD105365,2026-08-08,SBIN,INE105365,SBIN,2000,847.91,1695820.0,ICICI-CUST,EQ-ALPHA-03,BOOKED,2026-08-09,BUY,847.91,2000,2026-08-08,ICICI-CUST,RECEIVED,TEST
TRD105366,2026-08-19,TCS,INE105366,TCS,200,4130.04,826008.0,MORGANSTANLEY-BROKER,EQ-CORE-02,BOOKED,2026-08-20,BUY,4130.04,200,2026-08-19,MORGANSTANLEY-BROKER,RECEIVED,TRAIN
TRD105367,2026-08-10,KOTAKBANK,INE105367,KOTAKBANK,500,1952.16,976080.0,NOMURA-BROKER,EQ-INDEX-04,BOOKED,2026-08-11,BUY,1952.16,500,2026-08-10,NOMURA-BROKER,RECEIVED,TRAIN
TRD105368,2026-08-21,SBIN,INE105368,SBIN,100,848.26,84826.0,ICICI-CUST,EQ-INDEX-04,BOOKED,2026-08-22,SELL,848.26,100,2026-08-21,ICICI-CUST,RECEIVED,TRAIN
TRD105369,2026-08-18,SBIN,INE105369,SBIN,100,847.49,84749.0,KOTAK-CUST,EQ-ALPHA-03,BOOKED,2026-08-19,SELL,847.49,300,2026-08-18,KOTAK-CUST,RECEIVED,TRAIN
TRD105370,2026-08-17,HDFCBANK,INE105370,HDFCBANK,1000,1674.46,1674460.0,DEUTSCHE-BROKER,EQ-INDEX-04,BOOKED,2026-08-18,BUY,1674.46,1000,2026-08-17,DEUTSCHE-BROKER,RECEIVED,TRAIN
TRD105371,2026-08-01,HINDUNILVR,INE105371,HINDUNILVR,200,2738.4,547680.0,KOTAK-CUST,EQ-ALPHA-03,BOOKED,2026-08-02,BUY,2738.4,200,2026-08-01,KOTAK-CUST,RECEIVED,TRAIN
TRD105372,2026-08-12,AXISBANK,INE105372,AXISBANK,750,1180.87,885652.5,KOTAK-CUST,EQ-CORE-02,BOOKED,2026-08-13,BUY,1180.87,750,2026-08-12,KOTAK-CUST,RECEIVED,TRAIN
TRD105373,2026-08-11,TATASTEEL,INE105373,TATASTEEL,1000,172.59,172590.0,ICICI-CUST,EQ-CORE-02,BOOKED,2026-08-12,BUY,172.59,1000,2026-08-11,ICICI-CUST,RECEIVED,TRAIN
TRD105374,2026-08-20,WIPRO,INE105374,WIPRO,100,611.83,61183.0,ICICI-CUST,EQ-ALPHA-03,BOOKED,2026-08-21,SELL,611.83,100,2026-08-20,ICICI-CUST,RECEIVED,TRAIN
TRD105375,2026-08-12,TCS,INE105375,TCS,1500,4108.72,6163080.0,ICICI-CUST,EQ-CORE-01,BOOKED,2026-08-13,BUY,4108.72,1500,2026-08-12,ICICI-CUST,RECEIVED,TRAIN
TRD105376,2026-08-11,AXISBANK,INE105376,AXISBANK,1500,1180.23,1770345.0,ICICI-CUST,EQ-CORE-02,BOOKED,2026-08-12,SELL,1180.23,1500,2026-08-11,ICICI-CUST,RECEIVED,TRAIN
TRD105377,2026-08-20,HDFCBANK,INE105377,HDFCBANK,1500,1679.49,2519235.0,ICICI-CUST,EQ-ALPHA-03,BOOKED,2026-08-21,BUY,1679.49,1500,2026-08-20,ICICI-CUST,RECEIVED,TRAIN
TRD105378,2026-08-16,ICICIBANK,INE105378,ICICIBANK,200,1240.69,248138.0,HDFC-CUST,EQ-CORE-02,BOOKED,2026-08-17,BUY,1240.69,200,2026-08-16,HDFC-CUST,RECEIVED,TRAIN
TRD105379,2026-08-16,ICICIBANK,INE105379,ICICIBANK,250,1239.8,309950.0,MORGANSTANLEY-BROKER,EQ-INDEX-04,BOOKED,2026-08-17,BUY,1239.8,250,2026-08-16,MORGANSTANLEY-BROKER,RECEIVED,TRAIN
TRD105380,2026-08-06,WIPRO,INE105380,WIPRO,500,612.69,306345.0,HDFC-CUST,EQ-CORE-01,BOOKED,2026-08-07,BUY,612.69,500,2026-08-06,HDFC-CUST,RECEIVED,TRAIN
TRD105381,2026-08-17,LT,INE105381,LT,200,3677.99,735598.0,MORGANSTANLEY-BROKER,EQ-CORE-02,BOOKED,2026-08-18,SELL,,,,,MISSING,TRAIN
TRD105382,2026-08-11,MARUTI,INE105382,MARUTI,750,13002.68,9752010.0,HDFC-CUST,EQ-CORE-01,BOOKED,2026-08-12,BUY,13002.68,750,2026-08-11,HDFC-CUST,RECEIVED,TRAIN
TRD105383,2026-08-11,TATASTEEL,INE105383,TATASTEEL,250,172.35,43087.5,MORGANSTANLEY-BROKER,EQ-INDEX-04,BOOKED,2026-08-12,BUY,172.35,250,2026-08-11,MORGANSTANLEY-BROKER,RECEIVED,TRAIN
TRD105384,2026-08-07,HINDUNILVR,INE105384,HINDUNILVR,2000,2756.34,5512680.0,ICICI-CUST,EQ-CORE-01,BOOKED,2026-08-08,SELL,2756.34,2100,2026-08-07,ICICI-CUST,RECEIVED,TRAIN
TRD105385,2026-08-04,AXISBANK,INE105385,AXISBANK,500,1177.16,588580.0,ICICI-CUST,EQ-INDEX-04,BOOKED,2026-08-05,BUY,1177.16,500,2026-08-04,ICICI-CUST,RECEIVED,TEST
TRD105386,2026-08-11,HDFCBANK,INE105386,HDFCBANK,100,1680.5,168050.0,MORGANSTANLEY-BROKER,EQ-ALPHA-03,BOOKED,2026-08-12,BUY,1680.5,100,2026-08-11,MORGANSTANLEY-BROKER,RECEIVED,TRAIN
TRD105387,2026-08-18,RELIANCE,INE105387,RELIANCE,500,2859.45,1429725.0,ICICI-CUST,EQ-CORE-01,BOOKED,2026-08-19,BUY,,,,,MISSING,TRAIN
TRD105388,2026-08-12,WIPRO,INE105388,WIPRO,1500,609.12,913680.0,NOMURA-BROKER,EQ-CORE-01,BOOKED,2026-08-13,BUY,609.12,1500,2026-08-12,NOMURA-BROKER,RECEIVED,TRAIN
TRD105389,2026-08-17,TATASTEEL,INE105389,TATASTEEL,100,171.81,17181.0,HDFC-CUST,EQ-ALPHA-03,BOOKED,2026-08-18,BUY,171.81,100,2026-08-17,HDFC-CUST,RECEIVED,TEST
TRD105390,2026-08-03,WIPRO,INE105390,WIPRO,750,607.44,455580.0,DEUTSCHE-BROKER,EQ-CORE-01,BOOKED,2026-08-04,BUY,607.44,750,2026-08-03,DEUTSCHE-BROKER,RECEIVED,TEST
TRD105391,2026-08-03,LT,INE105391,LT,750,3697.54,2773155.0,DEUTSCHE-BROKER,EQ-INDEX-04,BOOKED,2026-08-04,SELL,3697.54,750,2026-08-03,DEUTSCHE-BROKER,RECEIVED,TEST
TRD105392,2026-08-03,KOTAKBANK,INE105392,KOTAKBANK,500,1949.51,974755.0,KOTAK-CUST,EQ-INDEX-04,BOOKED,2026-08-04,BUY,1949.51,500,2026-08-03,KOTAK-CUST,RECEIVED,TRAIN
TRD105393,2026-08-09,HDFCBANK,INE105393,HDFCBANK,250,1682.95,420737.5,HDFC-CUST,EQ-ALPHA-03,BOOKED,2026-08-10,SELL,1682.95,250,2026-08-09,HDFC-CUST,RECEIVED,TEST
TRD105394,2026-08-10,ICICIBANK,INE105394,ICICIBANK,500,1243.58,621790.0,KOTAK-CUST,EQ-CORE-02,BOOKED,2026-08-11,BUY,1243.58,500,2026-08-10,KOTAK-CUST,RECEIVED,TRAIN
TRD105395,2026-08-02,RELIANCE,INE105395,RELIANCE,1500,2846.54,4269810.0,ICICI-CUST,EQ-ALPHA-03,BOOKED,2026-08-03,SELL,2846.54,1500,2026-08-02,ICICI-CUST,RECEIVED,TRAIN
TRD105396,2026-08-10,RELIANCE,INE105396,RELIANCE,200,2836.59,567318.0,ICICI-CUST,EQ-CORE-02,BOOKED,2026-08-11,BUY,2836.59,200,2026-08-10,ICICI-CUST,RECEIVED,TEST
TRD105397,2026-08-15,HDFCBANK,INE105397,HDFCBANK,1000,1672.96,1672960.0,MORGANSTANLEY-BROKER,EQ-ALPHA-03,BOOKED,2026-08-16,BUY,1672.96,1000,2026-08-15,MORGANSTANLEY-BROKER,RECEIVED,TRAIN
TRD105398,2026-08-05,RELIANCE,INE105398,RELIANCE,2000,2857.91,5715820.0,NOMURA-BROKER,EQ-CORE-02,BOOKED,2026-08-06,BUY,2857.91,2000,2026-08-05,NOMURA-BROKER,RECEIVED,TEST
TRD105399,2026-08-15,AXISBANK,INE105399,AXISBANK,1000,1179.34,1179340.0,HDFC-CUST,EQ-CORE-01,BOOKED,2026-08-16,SELL,1179.34,1000,2026-08-15,HDFC-CUST,RECEIVED,TRAIN
TRD105400,2026-08-20,BHARTIARTL,INE105400,BHARTIARTL,200,1693.96,338792.0,MORGANSTANLEY-BROKER,EQ-INDEX-04,BOOKED,2026-08-21,SELL,1693.96,200,2026-08-20,MORGANSTANLEY-BROKER,RECEIVED,TEST
TRD105401,2026-08-15,ITC,INE105401,ITC,1500,468.79,703185.0,KOTAK-CUST,EQ-CORE-01,BOOKED,2026-08-16,BUY,468.79,1500,2026-08-15,KOTAK-CUST,RECEIVED,TRAIN
TRD105402,2026-08-03,LT,INE105402,LT,2000,3678.85,7357700.0,HDFC-CUST,EQ-CORE-02,BOOKED,2026-08-04,BUY,3678.85,2000,2026-08-03,HDFC-CUST,RECEIVED,TRAIN
TRD105403,2026-08-21,LT,INE105403,LT,500,3684.37,1842185.0,NOMURA-BROKER,EQ-CORE-02,BOOKED,2026-08-22,BUY,3684.37,500,2026-08-21,NOMURA-BROKER,RECEIVED,TRAIN
TRD105404,2026-08-09,ICICIBANK,INE105404,ICICIBANK,2000,1237.39,2474780.0,KOTAK-CUST,EQ-CORE-01,BOOKED,2026-08-10,SELL,,,,,MISSING,TEST
TRD105405,2026-08-14,SBIN,INE105405,SBIN,1000,847.62,847620.0,MORGANSTANLEY-BROKER,EQ-CORE-01,BOOKED,2026-08-15,SELL,847.62,1200,2026-08-14,MORGANSTANLEY-BROKER,RECEIVED,TRAIN
TRD105406,2026-08-18,MARUTI,INE105406,MARUTI,500,12951.52,6475760.0,MORGANSTANLEY-BROKER,EQ-CORE-01,BOOKED,2026-08-19,SELL,12951.52,500,2026-08-18,MORGANSTANLEY-BROKER,RECEIVED,TEST
TRD105407,2026-08-02,AXISBANK,INE105407,AXISBANK,1500,1183.54,1775310.0,HDFC-CUST,EQ-CORE-01,BOOKED,2026-08-03,SELL,1183.54,1500,2026-08-02,HDFC-CUST,RECEIVED,TRAIN
TRD105408,2026-08-17,TATASTEEL,INE105408,TATASTEEL,2000,172.98,345960.0,KOTAK-CUST,EQ-CORE-02,BOOKED,2026-08-18,BUY,172.98,2000,2026-08-17,KOTAK-CUST,RECEIVED,TRAIN
TRD105409,2026-08-13,HINDUNILVR,INE105409,HINDUNILVR,1000,2738.42,2738420.0,NOMURA-BROKER,EQ-CORE-02,BOOKED,2026-08-14,BUY,2738.42,1000,2026-08-13,NOMURA-BROKER,RECEIVED,TRAIN
TRD105410,2026-08-20,SBIN,INE105410,SBIN,750,848.37,636277.5,HDFC-CUST,EQ-CORE-02,BOOKED,2026-08-21,BUY,848.37,750,2026-08-20,HDFC-CUST,RECEIVED,TRAIN
TRD105411,2026-08-11,ITC,INE105411,ITC,200,469.72,93944.0,KOTAK-CUST,EQ-CORE-01,BOOKED,2026-08-12,SELL,469.72,200,2026-08-11,KOTAK-CUST,RECEIVED,TEST
TRD105412,2026-08-15,HDFCBANK,INE105412,HDFCBANK,1000,1681.02,1681020.0,ICICI-CUST,EQ-CORE-02,BOOKED,2026-08-16,BUY,1681.02,1000,2026-08-15,ICICI-CUST,RECEIVED,TEST
TRD105413,2026-08-03,WIPRO,INE105413,WIPRO,2000,613.18,1226360.0,KOTAK-CUST,EQ-CORE-02,BOOKED,2026-08-04,SELL,613.18,2000,2026-08-03,KOTAK-CUST,RECEIVED,TEST
TRD105414,2026-08-12,LT,INE105414,LT,750,3668.59,2751442.5,KOTAK-CUST,EQ-ALPHA-03,BOOKED,2026-08-13,SELL,3668.59,750,2026-08-12,KOTAK-CUST,RECEIVED,TRAIN
TRD105415,2026-08-09,HINDUNILVR,INE105415,HINDUNILVR,500,2750.37,1375185.0,KOTAK-CUST,EQ-CORE-01,BOOKED,2026-08-10,SELL,2750.37,500,2026-08-09,KOTAK-CUST,RECEIVED,TRAIN
TRD105416,2026-08-17,HINDUNILVR,INE105416,HINDUNILVR,1500,2744.39,4116585.0,MORGANSTANLEY-BROKER,EQ-CORE-02,BOOKED,2026-08-18,BUY,2744.39,1500,2026-08-18,MORGANSTANLEY-BROKER,RECEIVED,TEST
TRD105417,2026-08-02,HINDUNILVR,INE105417,HINDUNILVR,200,2752.8,550560.0,NOMURA-BROKER,EQ-CORE-01,BOOKED,2026-08-03,SELL,2752.8,200,2026-08-02,NOMURA-BROKER,RECEIVED,TRAIN
TRD105418,2026-08-01,HINDUNILVR,INE105418,HINDUNILVR,250,2750.52,687630.0,KOTAK-CUST,EQ-CORE-01,BOOKED,2026-08-02,SELL,2750.52,250,2026-08-01,KOTAK-CUST,RECEIVED,TRAIN
TRD105419,2026-08-06,ITC,INE105419,ITC,200,471.18,94236.0,KOTAK-CUST,EQ-INDEX-04,BOOKED,2026-08-07,BUY,471.18,200,2026-08-06,KOTAK-CUST,RECEIVED,TRAIN
TRD105420,2026-08-16,WIPRO,INE105420,WIPRO,2000,609.54,1219080.0,MORGANSTANLEY-BROKER,EQ-CORE-01,BOOKED,2026-08-17,SELL,609.54,2000,2026-08-16,MORGANSTANLEY-BROKER,RECEIVED,TRAIN
TRD105421,2026-08-10,TCS,INE105421,TCS,100,4139.4,413940.0,MORGANSTANLEY-BROKER,EQ-INDEX-04,BOOKED,2026-08-11,SELL,4139.4,100,2026-08-10,MORGANSTANLEY-BROKER,RECEIVED,TRAIN
TRD105422,2026-08-09,ITC,INE105422,ITC,200,469.0,93800.0,KOTAK-CUST,EQ-CORE-02,BOOKED,2026-08-10,SELL,469.0,200,2026-08-09,KOTAK-CUST,RECEIVED,TRAIN
TRD105423,2026-08-16,INFY,INE105423,INFY,750,1886.53,1414897.5,ICICI-CUST,EQ-ALPHA-03,BOOKED,2026-08-17,SELL,1886.53,750,2026-08-16,ICICI-CUST,RECEIVED,TEST
TRD105424,2026-08-01,ITC,INE105424,ITC,200,467.09,93418.0,ICICI-CUST,EQ-INDEX-04,BOOKED,2026-08-02,SELL,467.09,200,2026-08-01,ICICI-CUST,RECEIVED,TRAIN
TRD105425,2026-08-06,HINDUNILVR,INE105425,HINDUNILVR,100,2738.21,273821.0,KOTAK-CUST,EQ-INDEX-04,BOOKED,2026-08-07,BUY,2738.21,100,2026-08-06,KOTAK-CUST,RECEIVED,TEST
TRD105426,2026-08-08,WIPRO,INE105426,WIPRO,750,611.32,458490.0,ICICI-CUST,EQ-INDEX-04,BOOKED,2026-08-09,BUY,611.32,750,2026-08-08,ICICI-CUST,RECEIVED,TRAIN
TRD105427,2026-08-14,INFY,INE105427,INFY,750,1896.73,1422547.5,MORGANSTANLEY-BROKER,EQ-INDEX-04,BOOKED,2026-08-15,SELL,1896.73,750,2026-08-14,MORGANSTANLEY-BROKER,RECEIVED,TRAIN
TRD105428,2026-08-21,AXISBANK,INE105428,AXISBANK,100,1183.26,118326.0,ICICI-CUST,EQ-ALPHA-03,BOOKED,2026-08-22,BUY,1183.26,100,2026-08-21,ICICI-CUST,RECEIVED,TRAIN
TRD105429,2026-08-15,LT,INE105429,LT,200,3691.29,738258.0,MORGANSTANLEY-BROKER,EQ-CORE-02,BOOKED,2026-08-16,SELL,3691.29,200,2026-08-15,MORGANSTANLEY-BROKER,RECEIVED,TRAIN
TRD105430,2026-08-01,BHARTIARTL,INE105430,BHARTIARTL,250,1686.74,421685.0,KOTAK-CUST,EQ-CORE-01,BOOKED,2026-08-02,BUY,1686.74,250,2026-08-01,KOTAK-CUST,RECEIVED,TRAIN
TRD105431,2026-08-17,TATASTEEL,INE105431,TATASTEEL,500,171.69,85845.0,DEUTSCHE-BROKER,EQ-ALPHA-03,BOOKED,2026-08-18,BUY,167.47,500,2026-08-17,DEUTSCHE-BROKER,RECEIVED,TRAIN
TRD105432,2026-08-09,INFY,INE105432,INFY,500,1882.43,941215.0,KOTAK-CUST,EQ-INDEX-04,BOOKED,2026-08-10,SELL,1882.43,500,2026-08-09,KOTAK-CUST,RECEIVED,TRAIN
TRD105433,2026-08-12,TCS,INE105433,TCS,200,4106.99,821398.0,MORGANSTANLEY-BROKER,EQ-CORE-01,BOOKED,2026-08-13,SELL,4106.99,200,2026-08-12,MORGANSTANLEY-BROKER,RECEIVED,TRAIN
TRD105434,2026-08-08,RELIANCE,INE105434,RELIANCE,100,2843.25,284325.0,DEUTSCHE-BROKER,EQ-ALPHA-03,BOOKED,2026-08-09,BUY,2843.25,100,2026-08-08,DEUTSCHE-BROKER,RECEIVED,TRAIN
TRD105435,2026-08-13,WIPRO,INE105435,WIPRO,250,609.46,152365.0,NOMURA-BROKER,EQ-INDEX-04,BOOKED,2026-08-14,SELL,609.46,250,2026-08-13,NOMURA-BROKER,RECEIVED,TRAIN
TRD105436,2026-08-05,RELIANCE,INE105436,RELIANCE,1000,2842.23,2842230.0,KOTAK-CUST,EQ-CORE-01,BOOKED,2026-08-06,BUY,2842.23,1000,2026-08-05,KOTAK-CUST,RECEIVED,TRAIN
TRD105437,2026-08-11,HDFCBANK,INE105437,HDFCBANK,200,1668.05,333610.0,KOTAK-CUST,EQ-CORE-01,BOOKED,2026-08-12,BUY,1709.92,200,2026-08-11,KOTAK-CUST,RECEIVED,TRAIN
TRD105438,2026-08-01,TCS,INE105438,TCS,100,4126.52,412652.0,DEUTSCHE-BROKER,EQ-CORE-01,BOOKED,2026-08-02,SELL,4126.52,100,2026-08-01,DEUTSCHE-BROKER,RECEIVED,TRAIN
TRD105439,2026-08-21,TCS,INE105439,TCS,500,4130.52,2065260.0,MORGANSTANLEY-BROKER,EQ-CORE-02,BOOKED,2026-08-22,BUY,4130.52,500,2026-08-21,MORGANSTANLEY-BROKER,RECEIVED,TEST
TRD105440,2026-08-05,HINDUNILVR,INE105440,HINDUNILVR,100,2741.77,274177.0,HDFC-CUST,EQ-CORE-01,BOOKED,2026-08-06,SELL,2741.77,100,2026-08-05,HDFC-CUST,RECEIVED,TRAIN
TRD105441,2026-08-14,ICICIBANK,INE105441,ICICIBANK,250,1242.62,310655.0,DEUTSCHE-BROKER,EQ-CORE-02,BOOKED,2026-08-15,SELL,1242.62,250,2026-08-14,DEUTSCHE-BROKER,RECEIVED,TRAIN
TRD105442,2026-08-05,MARUTI,INE105442,MARUTI,500,12987.86,6493930.0,KOTAK-CUST,EQ-INDEX-04,BOOKED,2026-08-06,BUY,12987.86,500,2026-08-05,KOTAK-CUST,RECEIVED,TRAIN
TRD105443,2026-08-11,TCS,INE105443,TCS,1500,4104.62,6156930.0,NOMURA-BROKER,EQ-ALPHA-03,BOOKED,2026-08-12,SELL,4104.62,1500,2026-08-11,NOMURA-BROKER,RECEIVED,TEST
TRD105444,2026-08-03,WIPRO,INE105444,WIPRO,250,609.82,152455.0,MORGANSTANLEY-BROKER,EQ-ALPHA-03,BOOKED,2026-08-04,SELL,609.82,250,2026-08-03,MORGANSTANLEY-BROKER,RECEIVED,TEST
TRD105445,2026-08-11,SBIN,INE105445,SBIN,500,845.08,422540.0,MORGANSTANLEY-BROKER,EQ-CORE-02,BOOKED,2026-08-12,SELL,845.08,500,2026-08-11,MORGANSTANLEY-BROKER,RECEIVED,TRAIN
TRD105446,2026-08-20,LT,INE105446,LT,250,3688.24,922060.0,KOTAK-CUST,EQ-CORE-01,BOOKED,2026-08-21,BUY,3688.24,250,2026-08-20,KOTAK-CUST,RECEIVED,TRAIN
TRD105447,2026-08-06,ICICIBANK,INE105447,ICICIBANK,750,1246.6,934950.0,HDFC-CUST,EQ-CORE-02,BOOKED,2026-08-07,BUY,1246.6,750,2026-08-06,HDFC-CUST,RECEIVED,TRAIN
TRD105448,2026-08-12,SBIN,INE105448,SBIN,1000,846.39,846390.0,MORGANSTANLEY-BROKER,EQ-CORE-01,BOOKED,2026-08-13,BUY,846.39,1000,2026-08-12,MORGANSTANLEY-BROKER,RECEIVED,TRAIN
TRD105449,2026-08-06,KOTAKBANK,INE105449,KOTAKBANK,1000,1963.05,1963050.0,MORGANSTANLEY-BROKER,EQ-CORE-01,BOOKED,2026-08-07,SELL,1963.05,1000,2026-08-06,MORGANSTANLEY-BROKER,RECEIVED,TEST
TRD105450,2026-08-16,RELIANCE,INE105450,RELIANCE,2000,2845.26,5690520.0,NOMURA-BROKER,EQ-CORE-01,BOOKED,2026-08-17,SELL,2905.17,2000,2026-08-16,NOMURA-BROKER,RECEIVED,TEST
TRD105451,2026-08-10,HINDUNILVR,INE105451,HINDUNILVR,500,2741.78,1370890.0,HDFC-CUST,EQ-ALPHA-03,BOOKED,2026-08-11,BUY,2741.78,500,2026-08-10,HDFC-CUST,RECEIVED,TEST
TRD105452,2026-08-16,ICICIBANK,INE105452,ICICIBANK,2000,1240.7,2481400.0,KOTAK-CUST,EQ-ALPHA-03,BOOKED,2026-08-17,SELL,1240.7,2000,2026-08-16,KOTAK-CUST,RECEIVED,TRAIN
TRD105453,2026-08-19,AXISBANK,INE105453,AXISBANK,1500,1177.47,1766205.0,HDFC-CUST,EQ-CORE-01,BOOKED,2026-08-20,SELL,1177.47,1500,2026-08-19,HDFC-CUST,RECEIVED,TEST
TRD105454,2026-08-02,BHARTIARTL,INE105454,BHARTIARTL,750,1695.59,1271692.5,DEUTSCHE-BROKER,EQ-CORE-01,BOOKED,2026-08-03,SELL,1652.1,750,2026-08-02,DEUTSCHE-BROKER,RECEIVED,TRAIN
TRD105455,2026-08-18,AXISBANK,INE105455,AXISBANK,250,1178.95,294737.5,DEUTSCHE-BROKER,EQ-CORE-02,BOOKED,2026-08-19,SELL,1178.95,250,2026-08-18,DEUTSCHE-BROKER,RECEIVED,TRAIN
TRD105456,2026-08-16,SBIN,INE105456,SBIN,1000,848.16,848160.0,DEUTSCHE-BROKER,EQ-CORE-02,BOOKED,2026-08-17,SELL,848.16,1000,2026-08-16,DEUTSCHE-BROKER,RECEIVED,TRAIN
TRD105457,2026-08-13,TATASTEEL,INE105457,TATASTEEL,750,172.71,129532.5,ICICI-CUST,EQ-CORE-01,BOOKED,2026-08-14,BUY,172.71,750,2026-08-13,ICICI-CUST,RECEIVED,TRAIN
TRD105458,2026-08-09,TCS,INE105458,TCS,100,4136.65,413665.0,ICICI-CUST,EQ-INDEX-04,BOOKED,2026-08-10,BUY,4136.65,100,2026-08-09,ICICI-CUST,RECEIVED,TRAIN
TRD105459,2026-08-12,MARUTI,INE105459,MARUTI,1000,12947.98,12947980.0,NOMURA-BROKER,EQ-CORE-02,BOOKED,2026-08-13,SELL,12947.98,1000,2026-08-12,NOMURA-BROKER,RECEIVED,TRAIN
TRD105460,2026-08-02,RELIANCE,INE105460,RELIANCE,200,2857.79,571558.0,MORGANSTANLEY-BROKER,EQ-CORE-02,BOOKED,2026-08-03,BUY,2857.79,200,2026-08-02,MORGANSTANLEY-BROKER,RECEIVED,TRAIN
TRD105461,2026-08-15,MARUTI,INE105461,MARUTI,750,12975.94,9731955.0,MORGANSTANLEY-BROKER,EQ-CORE-02,BOOKED,2026-08-16,SELL,12975.94,750,2026-08-15,MORGANSTANLEY-BROKER,RECEIVED,TRAIN
TRD105462,2026-08-04,INFY,INE105462,INFY,1000,1893.48,1893480.0,NOMURA-BROKER,EQ-INDEX-04,BOOKED,2026-08-05,SELL,1893.48,1000,2026-08-04,NOMURA-BROKER,RECEIVED,TRAIN
TRD105463,2026-08-02,HDFCBANK,INE105463,HDFCBANK,200,1678.31,335662.0,HDFC-CUST,EQ-CORE-02,BOOKED,2026-08-03,SELL,,,,,MISSING,TRAIN
TRD105464,2026-08-19,RELIANCE,INE105464,RELIANCE,500,2857.61,1428805.0,KOTAK-CUST,EQ-CORE-02,BOOKED,2026-08-20,SELL,2857.61,500,2026-08-19,KOTAK-CUST,RECEIVED,TRAIN
TRD105465,2026-08-19,ICICIBANK,INE105465,ICICIBANK,250,1240.3,310075.0,KOTAK-CUST,EQ-CORE-02,BOOKED,2026-08-20,BUY,1240.3,250,2026-08-19,KOTAK-CUST,RECEIVED,TRAIN
TRD105466,2026-08-16,BHARTIARTL,INE105466,BHARTIARTL,200,1695.24,339048.0,MORGANSTANLEY-BROKER,EQ-ALPHA-03,BOOKED,2026-08-17,SELL,1695.24,200,2026-08-16,MORGANSTANLEY-BROKER,RECEIVED,TRAIN
TRD105467,2026-08-10,WIPRO,INE105467,WIPRO,750,609.35,457012.5,MORGANSTANLEY-BROKER,EQ-ALPHA-03,BOOKED,2026-08-11,SELL,609.35,750,2026-08-10,MORGANSTANLEY-BROKER,RECEIVED,TRAIN
TRD105468,2026-08-04,MARUTI,INE105468,MARUTI,2000,13010.25,26020500.0,HDFC-CUST,EQ-INDEX-04,BOOKED,2026-08-05,BUY,13010.25,2000,2026-08-04,HDFC-CUST,RECEIVED,TRAIN
TRD105469,2026-08-10,WIPRO,INE105469,WIPRO,200,610.31,122062.0,NOMURA-BROKER,EQ-CORE-02,BOOKED,2026-08-11,SELL,610.31,200,2026-08-10,NOMURA-BROKER,RECEIVED,TRAIN
TRD105470,2026-08-05,WIPRO,INE105470,WIPRO,200,610.53,122106.0,HDFC-CUST,EQ-ALPHA-03,BOOKED,2026-08-06,BUY,610.53,200,2026-08-05,HDFC-CUST,RECEIVED,TRAIN
TRD105471,2026-08-07,INFY,INE105471,INFY,500,1892.18,946090.0,DEUTSCHE-BROKER,EQ-CORE-02,BOOKED,2026-08-08,SELL,1892.18,500,2026-08-07,DEUTSCHE-BROKER,RECEIVED,TEST
TRD105472,2026-08-09,BHARTIARTL,INE105472,BHARTIARTL,200,1689.75,337950.0,NOMURA-BROKER,EQ-CORE-01,BOOKED,2026-08-10,SELL,1689.75,200,2026-08-09,NOMURA-BROKER,RECEIVED,TEST
TRD105473,2026-08-13,RELIANCE,INE105473,RELIANCE,750,2857.01,2142757.5,KOTAK-CUST,EQ-ALPHA-03,BOOKED,2026-08-14,BUY,2857.01,750,2026-08-13,KOTAK-CUST,RECEIVED,TRAIN
TRD105474,2026-08-08,TCS,INE105474,TCS,250,4122.91,1030727.5,MORGANSTANLEY-BROKER,EQ-CORE-01,BOOKED,2026-08-09,BUY,4122.91,250,2026-08-08,MORGANSTANLEY-BROKER,RECEIVED,TRAIN
TRD105475,2026-08-05,RELIANCE,INE105475,RELIANCE,1000,2836.43,2836430.0,NOMURA-BROKER,EQ-CORE-02,BOOKED,2026-08-06,BUY,2836.43,1000,2026-08-05,NOMURA-BROKER,RECEIVED,TRAIN
TRD105476,2026-08-10,RELIANCE,INE105476,RELIANCE,2000,2858.34,5716680.0,NOMURA-BROKER,EQ-ALPHA-03,BOOKED,2026-08-11,SELL,2858.34,2000,2026-08-10,NOMURA-BROKER,RECEIVED,TEST
TRD105477,2026-08-14,INFY,INE105477,INFY,250,1889.21,472302.5,DEUTSCHE-BROKER,EQ-INDEX-04,BOOKED,2026-08-15,SELL,1889.21,250,2026-08-14,DEUTSCHE-BROKER,RECEIVED,TRAIN
TRD105478,2026-08-11,INFY,INE105478,INFY,500,1892.66,946330.0,NOMURA-BROKER,EQ-ALPHA-03,BOOKED,2026-08-12,BUY,1892.66,500,2026-08-11,NOMURA-BROKER,RECEIVED,TRAIN
TRD105479,2026-08-15,TATASTEEL,INE105479,TATASTEEL,500,173.0,86500.0,HDFC-CUST,EQ-CORE-02,BOOKED,2026-08-16,SELL,173.0,500,2026-08-15,HDFC-CUST,RECEIVED,TRAIN
TRD105480,2026-08-19,LT,INE105480,LT,500,3684.12,1842060.0,HDFC-CUST,EQ-CORE-01,BOOKED,2026-08-20,SELL,3684.12,500,2026-08-19,HDFC-CUST,RECEIVED,TRAIN
TRD105481,2026-08-13,TCS,INE105481,TCS,100,4100.64,410064.0,ICICI-CUST,EQ-INDEX-04,BOOKED,2026-08-14,SELL,4100.64,100,2026-08-13,ICICI-CUST,RECEIVED,TRAIN
TRD105482,2026-08-07,HINDUNILVR,INE105482,HINDUNILVR,250,2733.73,683432.5,NOMURA-BROKER,EQ-ALPHA-03,BOOKED,2026-08-08,SELL,2733.73,250,2026-08-07,NOMURA-BROKER,RECEIVED,TRAIN
TRD105483,2026-08-11,TATASTEEL,INE105483,TATASTEEL,1500,173.26,259890.0,HDFC-CUST,EQ-INDEX-04,BOOKED,2026-08-12,BUY,173.26,1500,2026-08-11,HDFC-CUST,RECEIVED,TRAIN
TRD105484,2026-08-04,SBIN,INE105484,SBIN,1000,845.4,845400.0,ICICI-CUST,EQ-ALPHA-03,BOOKED,2026-08-05,BUY,845.4,1200,2026-08-04,ICICI-CUST,RECEIVED,TRAIN
TRD105485,2026-08-15,RELIANCE,INE105485,RELIANCE,500,2838.11,1419055.0,HDFC-CUST,EQ-CORE-01,BOOKED,2026-08-16,SELL,2838.11,500,2026-08-15,HDFC-CUST,RECEIVED,TRAIN
TRD105486,2026-08-08,RELIANCE,INE105486,RELIANCE,2000,2854.0,5708000.0,DEUTSCHE-BROKER,EQ-INDEX-04,BOOKED,2026-08-09,BUY,2854.0,2000,2026-08-08,DEUTSCHE-BROKER,RECEIVED,TEST
TRD105487,2026-08-07,TCS,INE105487,TCS,250,4125.38,1031345.0,KOTAK-CUST,EQ-CORE-01,BOOKED,2026-08-08,SELL,4125.38,250,2026-08-07,KOTAK-CUST,RECEIVED,TRAIN
TRD105488,2026-08-06,LT,INE105488,LT,1000,3663.65,3663650.0,NOMURA-BROKER,EQ-INDEX-04,BOOKED,2026-08-07,SELL,3663.65,1000,2026-08-06,NOMURA-BROKER,RECEIVED,TEST
TRD105489,2026-08-14,AXISBANK,INE105489,AXISBANK,100,1180.55,118055.0,MORGANSTANLEY-BROKER,EQ-CORE-01,BOOKED,2026-08-15,BUY,1180.55,100,2026-08-14,MORGANSTANLEY-BROKER,RECEIVED,TRAIN
TRD105490,2026-08-06,AXISBANK,INE105490,AXISBANK,100,1179.92,117992.0,ICICI-CUST,EQ-INDEX-04,BOOKED,2026-08-07,BUY,1179.92,100,2026-08-06,ICICI-CUST,RECEIVED,TRAIN
TRD105491,2026-08-04,MARUTI,INE105491,MARUTI,250,13037.6,3259400.0,MORGANSTANLEY-BROKER,EQ-ALPHA-03,BOOKED,2026-08-05,SELL,13037.6,250,2026-08-04,MORGANSTANLEY-BROKER,RECEIVED,TRAIN
TRD105492,2026-08-21,INFY,INE105492,INFY,500,1892.12,946060.0,NOMURA-BROKER,EQ-ALPHA-03,BOOKED,2026-08-22,SELL,1892.12,500,2026-08-21,NOMURA-BROKER,RECEIVED,TRAIN
TRD105493,2026-08-07,HINDUNILVR,INE105493,HINDUNILVR,100,2735.48,273548.0,ICICI-CUST,EQ-ALPHA-03,BOOKED,2026-08-08,SELL,2735.48,100,2026-08-07,ICICI-CUST,RECEIVED,TRAIN
TRD105494,2026-08-15,SBIN,INE105494,SBIN,200,845.26,169052.0,MORGANSTANLEY-BROKER,EQ-CORE-01,BOOKED,2026-08-16,BUY,845.26,200,2026-08-15,MORGANSTANLEY-BROKER,RECEIVED,TRAIN
TRD105495,2026-08-18,INFY,INE105495,INFY,500,1881.11,940555.0,MORGANSTANLEY-BROKER,EQ-CORE-01,BOOKED,2026-08-19,SELL,1881.11,500,2026-08-18,MORGANSTANLEY-BROKER,RECEIVED,TRAIN
TRD105496,2026-08-10,MARUTI,INE105496,MARUTI,100,13030.1,1303010.0,ICICI-CUST,EQ-INDEX-04,BOOKED,2026-08-11,SELL,13030.1,100,2026-08-10,ICICI-CUST,RECEIVED,TRAIN
TRD105497,2026-08-09,RELIANCE,INE105497,RELIANCE,250,2863.46,715865.0,ICICI-CUST,EQ-CORE-02,BOOKED,2026-08-10,BUY,2863.46,250,2026-08-09,ICICI-CUST,RECEIVED,TRAIN
TRD105498,2026-08-18,RELIANCE,INE105498,RELIANCE,2000,2850.88,5701760.0,DEUTSCHE-BROKER,EQ-INDEX-04,BOOKED,2026-08-19,SELL,2850.88,2000,2026-08-18,DEUTSCHE-BROKER,RECEIVED,TRAIN
TRD105499,2026-08-18,LT,INE105499,LT,2000,3673.69,7347380.0,KOTAK-CUST,EQ-CORE-01,BOOKED,2026-08-19,SELL,3673.69,2000,2026-08-18,KOTAK-CUST,RECEIVED,TRAIN
TRD105500,2026-08-02,AXISBANK,INE105500,AXISBANK,200,1177.93,235586.0,KOTAK-CUST,EQ-INDEX-04,BOOKED,2026-08-03,BUY,1177.93,200,2026-08-03,KOTAK-CUST,RECEIVED,TRAIN
TRD105501,2026-08-20,TATASTEEL,INE105501,TATASTEEL,500,172.26,86130.0,KOTAK-CUST,EQ-INDEX-04,BOOKED,2026-08-21,BUY,172.26,500,2026-08-20,KOTAK-CUST,RECEIVED,TRAIN
TRD105502,2026-08-11,ITC,INE105502,ITC,250,468.91,117227.5,ICICI-CUST,EQ-CORE-01,BOOKED,2026-08-12,SELL,468.91,250,2026-08-11,ICICI-CUST,RECEIVED,TEST
TRD105503,2026-08-08,HINDUNILVR,INE105503,HINDUNILVR,250,2732.95,683237.5,NOMURA-BROKER,EQ-ALPHA-03,BOOKED,2026-08-09,SELL,2732.95,250,2026-08-08,NOMURA-BROKER,RECEIVED,TRAIN
TRD105504,2026-08-09,TATASTEEL,INE105504,TATASTEEL,100,172.76,17276.0,DEUTSCHE-BROKER,EQ-CORE-02,BOOKED,2026-08-10,BUY,,,,,MISSING,TRAIN
TRD105505,2026-08-07,ITC,INE105505,ITC,1500,467.78,701670.0,KOTAK-CUST,EQ-CORE-02,BOOKED,2026-08-08,SELL,467.78,1500,2026-08-07,KOTAK-CUST,RECEIVED,TEST
TRD105506,2026-08-13,TCS,INE105506,TCS,1500,4132.46,6198690.0,DEUTSCHE-BROKER,EQ-ALPHA-03,BOOKED,2026-08-14,BUY,4132.46,1500,2026-08-13,DEUTSCHE-BROKER,RECEIVED,TRAIN
TRD105507,2026-08-12,ITC,INE105507,ITC,1500,469.2,703800.0,MORGANSTANLEY-BROKER,EQ-ALPHA-03,BOOKED,2026-08-13,SELL,469.2,1500,2026-08-12,MORGANSTANLEY-BROKER,RECEIVED,TRAIN
TRD105508,2026-08-03,ICICIBANK,INE105508,ICICIBANK,200,1246.48,249296.0,ICICI-CUST,EQ-INDEX-04,BOOKED,2026-08-04,SELL,1246.48,200,2026-08-03,ICICI-CUST,RECEIVED,TRAIN
TRD105509,2026-08-10,ITC,INE105509,ITC,250,471.14,117785.0,ICICI-CUST,EQ-INDEX-04,BOOKED,2026-08-11,BUY,471.14,250,2026-08-10,ICICI-CUST,RECEIVED,TRAIN
TRD105510,2026-08-11,KOTAKBANK,INE105510,KOTAKBANK,2000,1956.44,3912880.0,HDFC-CUST,EQ-INDEX-04,BOOKED,2026-08-12,SELL,1956.44,2000,2026-08-11,HDFC-CUST,RECEIVED,TRAIN
TRD105511,2026-08-09,RELIANCE,INE105511,RELIANCE,200,2863.81,572762.0,MORGANSTANLEY-BROKER,EQ-CORE-02,BOOKED,2026-08-10,BUY,2786.13,200,2026-08-09,MORGANSTANLEY-BROKER,RECEIVED,TRAIN
TRD105512,2026-08-20,BHARTIARTL,INE105512,BHARTIARTL,750,1687.97,1265977.5,MORGANSTANLEY-BROKER,EQ-CORE-02,BOOKED,2026-08-21,SELL,1687.97,750,2026-08-20,MORGANSTANLEY-BROKER,RECEIVED,TRAIN
TRD105513,2026-08-09,HDFCBANK,INE105513,HDFCBANK,2000,1675.98,3351960.0,DEUTSCHE-BROKER,EQ-CORE-01,BOOKED,2026-08-10,SELL,1675.98,2000,2026-08-09,DEUTSCHE-BROKER,RECEIVED,TRAIN
TRD105514,2026-08-07,RELIANCE,INE105514,RELIANCE,2000,2854.16,5708320.0,DEUTSCHE-BROKER,EQ-ALPHA-03,BOOKED,2026-08-08,BUY,2854.16,2000,2026-08-07,DEUTSCHE-BROKER,RECEIVED,TRAIN
TRD105515,2026-08-19,HINDUNILVR,INE105515,HINDUNILVR,2000,2742.12,5484240.0,HDFC-CUST,EQ-INDEX-04,BOOKED,2026-08-20,BUY,2742.12,2000,2026-08-19,HDFC-CUST,RECEIVED,TRAIN
TRD105516,2026-08-08,HINDUNILVR,INE105516,HINDUNILVR,100,2754.76,275476.0,NOMURA-BROKER,EQ-CORE-02,BOOKED,2026-08-09,SELL,2754.76,100,2026-08-08,NOMURA-BROKER,RECEIVED,TRAIN
TRD105517,2026-08-04,HDFCBANK,INE105517,HDFCBANK,1000,1679.83,1679830.0,HDFC-CUST,EQ-ALPHA-03,BOOKED,2026-08-05,SELL,1679.83,1000,2026-08-04,HDFC-CUST,RECEIVED,TRAIN
TRD105518,2026-08-03,TATASTEEL,INE105518,TATASTEEL,2000,173.3,346600.0,HDFC-CUST,EQ-CORE-02,BOOKED,2026-08-04,BUY,173.3,2000,2026-08-04,HDFC-CUST,RECEIVED,TRAIN
TRD105519,2026-08-17,RELIANCE,INE105519,RELIANCE,1000,2849.3,2849300.0,MORGANSTANLEY-BROKER,EQ-ALPHA-03,BOOKED,2026-08-18,BUY,2849.3,1000,2026-08-17,MORGANSTANLEY-BROKER,RECEIVED,TRAIN
TRD105520,2026-08-10,SBIN,INE105520,SBIN,500,842.57,421285.0,HDFC-CUST,EQ-ALPHA-03,BOOKED,2026-08-11,SELL,842.57,500,2026-08-10,HDFC-CUST,RECEIVED,TEST
TRD105521,2026-08-18,BHARTIARTL,INE105521,BHARTIARTL,100,1682.06,168206.0,NOMURA-BROKER,EQ-CORE-01,BOOKED,2026-08-19,SELL,1682.06,50,2026-08-18,NOMURA-BROKER,RECEIVED,TRAIN
TRD105522,2026-08-07,TATASTEEL,INE105522,TATASTEEL,2000,172.99,345980.0,DEUTSCHE-BROKER,EQ-CORE-01,BOOKED,2026-08-08,BUY,172.99,2000,2026-08-07,DEUTSCHE-BROKER,RECEIVED,TRAIN
TRD105523,2026-08-09,RELIANCE,INE105523,RELIANCE,500,2861.96,1430980.0,ICICI-CUST,EQ-CORE-02,BOOKED,2026-08-10,SELL,2861.96,500,2026-08-09,ICICI-CUST,RECEIVED,TRAIN
TRD105524,2026-08-17,SBIN,INE105524,SBIN,500,842.43,421215.0,KOTAK-CUST,EQ-INDEX-04,BOOKED,2026-08-18,SELL,842.43,500,2026-08-17,KOTAK-CUST,RECEIVED,TRAIN
TRD105525,2026-08-15,AXISBANK,INE105525,AXISBANK,2000,1184.57,2369140.0,ICICI-CUST,EQ-INDEX-04,BOOKED,2026-08-16,BUY,1184.57,2000,2026-08-15,ICICI-CUST,RECEIVED,TRAIN
TRD105526,2026-08-09,BHARTIARTL,INE105526,BHARTIARTL,100,1682.37,168237.0,DEUTSCHE-BROKER,EQ-CORE-01,BOOKED,2026-08-10,SELL,1715.23,175,2026-08-09,DEUTSCHE-BROKER,RECEIVED,TRAIN
TRD105527,2026-08-15,HINDUNILVR,INE105527,HINDUNILVR,500,2738.67,1369335.0,ICICI-CUST,EQ-CORE-01,BOOKED,2026-08-16,SELL,2738.67,500,2026-08-15,ICICI-CUST,RECEIVED,TRAIN
TRD105528,2026-08-16,WIPRO,INE105528,WIPRO,200,611.75,122350.0,KOTAK-CUST,EQ-ALPHA-03,BOOKED,2026-08-17,BUY,611.75,200,2026-08-16,KOTAK-CUST,RECEIVED,TRAIN
TRD105529,2026-08-21,BHARTIARTL,INE105529,BHARTIARTL,2000,1683.34,3366680.0,DEUTSCHE-BROKER,EQ-CORE-02,BOOKED,2026-08-22,SELL,1683.34,2000,2026-08-21,DEUTSCHE-BROKER,RECEIVED,TRAIN
TRD105530,2026-08-12,BHARTIARTL,INE105530,BHARTIARTL,250,1696.74,424185.0,DEUTSCHE-BROKER,EQ-INDEX-04,BOOKED,2026-08-13,SELL,1696.74,250,2026-08-13,DEUTSCHE-BROKER,RECEIVED,TRAIN
TRD105531,2026-08-09,MARUTI,INE105531,MARUTI,100,13011.03,1301103.0,KOTAK-CUST,EQ-INDEX-04,BOOKED,2026-08-10,SELL,13186.62,175,2026-08-09,KOTAK-CUST,RECEIVED,TRAIN
TRD105532,2026-08-18,TCS,INE105532,TCS,250,4112.12,1028030.0,NOMURA-BROKER,EQ-INDEX-04,BOOKED,2026-08-19,SELL,4112.12,250,2026-08-18,NOMURA-BROKER,RECEIVED,TEST
TRD105533,2026-08-17,TCS,INE105533,TCS,750,4107.17,3080377.5,KOTAK-CUST,EQ-CORE-02,BOOKED,2026-08-18,BUY,4107.17,750,2026-08-17,KOTAK-CUST,RECEIVED,TRAIN
TRD105534,2026-08-20,ICICIBANK,INE105534,ICICIBANK,200,1243.6,248720.0,MORGANSTANLEY-BROKER,EQ-INDEX-04,BOOKED,2026-08-21,BUY,1243.6,200,2026-08-20,MORGANSTANLEY-BROKER,RECEIVED,TRAIN
TRD105535,2026-08-19,BHARTIARTL,INE105535,BHARTIARTL,500,1693.93,846965.0,HDFC-CUST,EQ-CORE-01,BOOKED,2026-08-20,BUY,1693.93,500,2026-08-19,HDFC-CUST,RECEIVED,TRAIN
TRD105536,2026-08-19,INFY,INE105536,INFY,500,1894.34,947170.0,MORGANSTANLEY-BROKER,EQ-CORE-02,BOOKED,2026-08-20,BUY,1894.34,500,2026-08-19,MORGANSTANLEY-BROKER,RECEIVED,TEST
TRD105537,2026-08-04,SBIN,INE105537,SBIN,100,841.49,84149.0,HDFC-CUST,EQ-CORE-02,BOOKED,2026-08-05,BUY,841.49,100,2026-08-04,HDFC-CUST,RECEIVED,TRAIN
TRD105538,2026-08-09,ICICIBANK,INE105538,ICICIBANK,750,1246.36,934770.0,KOTAK-CUST,EQ-INDEX-04,BOOKED,2026-08-10,SELL,1246.36,750,2026-08-09,KOTAK-CUST,RECEIVED,TRAIN
TRD105539,2026-08-09,TATASTEEL,INE105539,TATASTEEL,2000,171.71,343420.0,ICICI-CUST,EQ-INDEX-04,BOOKED,2026-08-10,SELL,171.71,2000,2026-08-09,ICICI-CUST,RECEIVED,TRAIN
TRD105540,2026-08-14,BHARTIARTL,INE105540,BHARTIARTL,100,1686.96,168696.0,MORGANSTANLEY-BROKER,EQ-CORE-02,BOOKED,2026-08-15,BUY,1686.96,100,2026-08-14,MORGANSTANLEY-BROKER,RECEIVED,TRAIN
TRD105541,2026-08-10,TATASTEEL,INE105541,TATASTEEL,200,172.28,34456.0,KOTAK-CUST,EQ-INDEX-04,BOOKED,2026-08-11,SELL,172.28,200,2026-08-10,KOTAK-CUST,RECEIVED,TRAIN
TRD105542,2026-08-13,ITC,INE105542,ITC,2000,470.08,940160.0,KOTAK-CUST,EQ-INDEX-04,BOOKED,2026-08-14,SELL,470.08,2000,2026-08-13,KOTAK-CUST,RECEIVED,TRAIN
TRD105543,2026-08-16,BHARTIARTL,INE105543,BHARTIARTL,1500,1696.51,2544765.0,DEUTSCHE-BROKER,EQ-CORE-01,BOOKED,2026-08-17,SELL,1696.51,1500,2026-08-16,DEUTSCHE-BROKER,RECEIVED,TEST
TRD105544,2026-08-11,INFY,INE105544,INFY,100,1890.3,189030.0,NOMURA-BROKER,EQ-CORE-02,BOOKED,2026-08-12,SELL,1890.3,100,2026-08-11,NOMURA-BROKER,RECEIVED,TRAIN
TRD105545,2026-08-06,ICICIBANK,INE105545,ICICIBANK,1000,1245.52,1245520.0,ICICI-CUST,EQ-INDEX-04,BOOKED,2026-08-07,SELL,1245.52,1000,2026-08-06,ICICI-CUST,RECEIVED,TRAIN
TRD105546,2026-08-18,RELIANCE,INE105546,RELIANCE,750,2852.59,2139442.5,MORGANSTANLEY-BROKER,EQ-INDEX-04,BOOKED,2026-08-19,BUY,2852.59,750,2026-08-18,MORGANSTANLEY-BROKER,RECEIVED,TRAIN
TRD105547,2026-08-15,AXISBANK,INE105547,AXISBANK,2000,1186.1,2372200.0,KOTAK-CUST,EQ-ALPHA-03,BOOKED,2026-08-16,SELL,1186.1,2000,2026-08-16,KOTAK-CUST,RECEIVED,TRAIN
TRD105548,2026-08-03,INFY,INE105548,INFY,250,1880.94,470235.0,NOMURA-BROKER,EQ-ALPHA-03,BOOKED,2026-08-04,BUY,1880.94,250,2026-08-03,NOMURA-BROKER,RECEIVED,TRAIN
TRD105549,2026-08-18,BHARTIARTL,INE105549,BHARTIARTL,250,1692.0,423000.0,DEUTSCHE-BROKER,EQ-CORE-02,BOOKED,2026-08-19,SELL,1692.0,250,2026-08-18,DEUTSCHE-BROKER,RECEIVED,TEST
TRD105550,2026-08-13,HINDUNILVR,INE105550,HINDUNILVR,750,2732.82,2049615.0,DEUTSCHE-BROKER,EQ-CORE-02,BOOKED,2026-08-14,SELL,2732.82,750,2026-08-13,DEUTSCHE-BROKER,RECEIVED,TRAIN
TRD105551,2026-08-02,BHARTIARTL,INE105551,BHARTIARTL,1500,1685.37,2528055.0,HDFC-CUST,EQ-CORE-02,BOOKED,2026-08-03,BUY,1685.37,1500,2026-08-02,HDFC-CUST,RECEIVED,TRAIN
TRD105552,2026-08-03,ICICIBANK,INE105552,ICICIBANK,500,1235.29,617645.0,MORGANSTANLEY-BROKER,EQ-CORE-02,BOOKED,2026-08-04,BUY,1235.29,500,2026-08-03,MORGANSTANLEY-BROKER,RECEIVED,TRAIN
TRD105553,2026-08-04,HDFCBANK,INE105553,HDFCBANK,100,1681.85,168185.0,ICICI-CUST,EQ-ALPHA-03,BOOKED,2026-08-05,BUY,,,,,MISSING,TRAIN
TRD105554,2026-08-18,BHARTIARTL,INE105554,BHARTIARTL,1000,1686.2,1686200.0,KOTAK-CUST,EQ-ALPHA-03,BOOKED,2026-08-19,SELL,1686.2,1000,2026-08-18,KOTAK-CUST,RECEIVED,TRAIN
TRD105555,2026-08-10,SBIN,INE105555,SBIN,1000,842.5,842500.0,KOTAK-CUST,EQ-CORE-02,BOOKED,2026-08-11,SELL,842.5,1000,2026-08-10,KOTAK-CUST,RECEIVED,TRAIN
TRD105556,2026-08-07,TCS,INE105556,TCS,1000,4103.23,4103230.0,DEUTSCHE-BROKER,EQ-INDEX-04,BOOKED,2026-08-08,SELL,4103.23,1000,2026-08-07,DEUTSCHE-BROKER,RECEIVED,TRAIN
TRD105557,2026-08-17,SBIN,INE105557,SBIN,2000,847.35,1694700.0,HDFC-CUST,EQ-ALPHA-03,BOOKED,2026-08-18,BUY,847.35,2000,2026-08-17,HDFC-CUST,RECEIVED,TRAIN
TRD105558,2026-08-18,TATASTEEL,INE105558,TATASTEEL,2000,173.24,346480.0,HDFC-CUST,EQ-INDEX-04,BOOKED,2026-08-19,BUY,173.24,2000,2026-08-18,HDFC-CUST,RECEIVED,TRAIN
TRD105559,2026-08-13,KOTAKBANK,INE105559,KOTAKBANK,500,1952.34,976170.0,DEUTSCHE-BROKER,EQ-INDEX-04,BOOKED,2026-08-14,BUY,1952.34,500,2026-08-13,DEUTSCHE-BROKER,RECEIVED,TRAIN
TRD105560,2026-08-18,KOTAKBANK,INE105560,KOTAKBANK,500,1961.72,980860.0,NOMURA-BROKER,EQ-ALPHA-03,BOOKED,2026-08-19,SELL,1961.72,500,2026-08-18,NOMURA-BROKER,RECEIVED,TRAIN
TRD105561,2026-08-21,KOTAKBANK,INE105561,KOTAKBANK,750,1947.26,1460445.0,MORGANSTANLEY-BROKER,EQ-CORE-02,BOOKED,2026-08-22,SELL,1947.26,750,2026-08-21,MORGANSTANLEY-BROKER,RECEIVED,TRAIN
TRD105562,2026-08-04,KOTAKBANK,INE105562,KOTAKBANK,1500,1963.6,2945400.0,MORGANSTANLEY-BROKER,EQ-CORE-01,BOOKED,2026-08-05,SELL,1963.6,1500,2026-08-04,MORGANSTANLEY-BROKER,RECEIVED,TRAIN
TRD105563,2026-08-20,INFY,INE105563,INFY,750,1897.12,1422840.0,KOTAK-CUST,EQ-INDEX-04,BOOKED,2026-08-21,SELL,1897.12,750,2026-08-20,KOTAK-CUST,RECEIVED,TEST
TRD105564,2026-08-13,WIPRO,INE105564,WIPRO,250,610.91,152727.5,NOMURA-BROKER,EQ-ALPHA-03,BOOKED,2026-08-14,BUY,610.91,250,2026-08-13,NOMURA-BROKER,RECEIVED,TRAIN
TRD105565,2026-08-16,BHARTIARTL,INE105565,BHARTIARTL,1000,1696.09,1696090.0,MORGANSTANLEY-BROKER,EQ-INDEX-04,BOOKED,2026-08-17,BUY,1696.09,1000,2026-08-16,MORGANSTANLEY-BROKER,RECEIVED,TEST
TRD105566,2026-08-20,BHARTIARTL,INE105566,BHARTIARTL,2000,1691.49,3382980.0,ICICI-CUST,EQ-CORE-01,BOOKED,2026-08-21,BUY,1691.49,2000,2026-08-20,ICICI-CUST,RECEIVED,TRAIN
TRD105567,2026-08-20,INFY,INE105567,INFY,2000,1896.22,3792440.0,ICICI-CUST,EQ-ALPHA-03,BOOKED,2026-08-21,BUY,1896.22,2000,2026-08-20,ICICI-CUST,RECEIVED,TRAIN
TRD105568,2026-08-15,MARUTI,INE105568,MARUTI,100,12939.49,1293949.0,HDFC-CUST,EQ-CORE-01,BOOKED,2026-08-16,BUY,12939.49,100,2026-08-15,HDFC-CUST,RECEIVED,TRAIN
TRD105569,2026-08-19,TCS,INE105569,TCS,1000,4126.39,4126390.0,ICICI-CUST,EQ-ALPHA-03,BOOKED,2026-08-20,SELL,4126.39,1000,2026-08-19,ICICI-CUST,RECEIVED,TEST
TRD105570,2026-08-10,WIPRO,INE105570,WIPRO,1500,608.35,912525.0,NOMURA-BROKER,EQ-ALPHA-03,BOOKED,2026-08-11,SELL,608.35,1500,2026-08-10,NOMURA-BROKER,RECEIVED,TRAIN
TRD105571,2026-08-04,WIPRO,INE105571,WIPRO,250,608.22,152055.0,DEUTSCHE-BROKER,EQ-ALPHA-03,BOOKED,2026-08-05,SELL,608.22,250,2026-08-04,DEUTSCHE-BROKER,RECEIVED,TRAIN
TRD105572,2026-08-08,BHARTIARTL,INE105572,BHARTIARTL,500,1692.63,846315.0,MORGANSTANLEY-BROKER,EQ-CORE-02,BOOKED,2026-08-09,SELL,1692.63,500,2026-08-08,MORGANSTANLEY-BROKER,RECEIVED,TRAIN
TRD105573,2026-08-05,RELIANCE,INE105573,RELIANCE,250,2844.46,711115.0,DEUTSCHE-BROKER,EQ-CORE-02,BOOKED,2026-08-06,SELL,2844.46,250,2026-08-05,DEUTSCHE-BROKER,RECEIVED,TRAIN
TRD105574,2026-08-01,HDFCBANK,INE105574,HDFCBANK,200,1682.81,336562.0,HDFC-CUST,EQ-CORE-01,BOOKED,2026-08-02,SELL,1682.81,200,2026-08-01,HDFC-CUST,RECEIVED,TRAIN
TRD105575,2026-08-20,SBIN,INE105575,SBIN,1000,849.36,849360.0,MORGANSTANLEY-BROKER,EQ-ALPHA-03,BOOKED,2026-08-21,BUY,849.36,1000,2026-08-20,MORGANSTANLEY-BROKER,RECEIVED,TRAIN
TRD105576,2026-08-02,KOTAKBANK,INE105576,KOTAKBANK,750,1963.4,1472550.0,HDFC-CUST,EQ-ALPHA-03,BOOKED,2026-08-03,SELL,,,,,MISSING,TRAIN
TRD105577,2026-08-09,HDFCBANK,INE105577,HDFCBANK,1000,1667.65,1667650.0,KOTAK-CUST,EQ-CORE-01,BOOKED,2026-08-10,BUY,1667.65,1100,2026-08-09,KOTAK-CUST,RECEIVED,TEST
TRD105578,2026-08-17,WIPRO,INE105578,WIPRO,500,613.05,306525.0,ICICI-CUST,EQ-INDEX-04,BOOKED,2026-08-18,BUY,613.05,500,2026-08-17,ICICI-CUST,RECEIVED,TRAIN
TRD105579,2026-08-10,INFY,INE105579,INFY,750,1885.95,1414462.5,HDFC-CUST,EQ-CORE-01,BOOKED,2026-08-11,BUY,1885.95,750,2026-08-11,HDFC-CUST,RECEIVED,TRAIN
TRD105580,2026-08-04,TATASTEEL,INE105580,TATASTEEL,100,172.39,17239.0,NOMURA-BROKER,EQ-CORE-02,BOOKED,2026-08-05,BUY,172.39,100,2026-08-04,NOMURA-BROKER,RECEIVED,TEST
TRD105581,2026-08-08,KOTAKBANK,INE105581,KOTAKBANK,1000,1959.66,1959660.0,HDFC-CUST,EQ-INDEX-04,BOOKED,2026-08-09,SELL,1959.66,1000,2026-08-08,HDFC-CUST,RECEIVED,TEST
TRD105582,2026-08-12,KOTAKBANK,INE105582,KOTAKBANK,500,1955.5,977750.0,KOTAK-CUST,EQ-ALPHA-03,BOOKED,2026-08-13,SELL,1955.5,500,2026-08-12,KOTAK-CUST,RECEIVED,TRAIN
TRD105583,2026-08-15,BHARTIARTL,INE105583,BHARTIARTL,200,1689.34,337868.0,KOTAK-CUST,EQ-INDEX-04,BOOKED,2026-08-16,BUY,1689.34,200,2026-08-15,KOTAK-CUST,RECEIVED,TEST
TRD105584,2026-08-04,SBIN,INE105584,SBIN,1000,843.99,843990.0,KOTAK-CUST,EQ-INDEX-04,BOOKED,2026-08-05,BUY,843.99,1000,2026-08-04,KOTAK-CUST,RECEIVED,TRAIN
TRD105585,2026-08-04,INFY,INE105585,INFY,1500,1888.53,2832795.0,KOTAK-CUST,EQ-CORE-02,BOOKED,2026-08-05,BUY,1888.53,1500,2026-08-04,KOTAK-CUST,RECEIVED,TRAIN
TRD105586,2026-08-06,HINDUNILVR,INE105586,HINDUNILVR,250,2748.54,687135.0,DEUTSCHE-BROKER,EQ-CORE-01,BOOKED,2026-08-07,BUY,2748.54,250,2026-08-06,DEUTSCHE-BROKER,RECEIVED,TRAIN
TRD105587,2026-08-21,TCS,INE105587,TCS,1000,4102.57,4102570.0,ICICI-CUST,EQ-CORE-02,BOOKED,2026-08-22,SELL,4102.57,1000,2026-08-22,ICICI-CUST,RECEIVED,TEST
TRD105588,2026-08-19,MARUTI,INE105588,MARUTI,500,12997.73,6498865.0,ICICI-CUST,EQ-INDEX-04,BOOKED,2026-08-20,BUY,12997.73,500,2026-08-19,ICICI-CUST,RECEIVED,TRAIN
TRD105589,2026-08-10,ITC,INE105589,ITC,1000,468.92,468920.0,DEUTSCHE-BROKER,EQ-INDEX-04,BOOKED,2026-08-11,BUY,468.92,1000,2026-08-10,DEUTSCHE-BROKER,RECEIVED,TEST
TRD105590,2026-08-20,HDFCBANK,INE105590,HDFCBANK,200,1680.75,336150.0,MORGANSTANLEY-BROKER,EQ-CORE-01,BOOKED,2026-08-21,BUY,1680.75,100,2026-08-20,MORGANSTANLEY-BROKER,RECEIVED,TEST
TRD105591,2026-08-04,ITC,INE105591,ITC,200,469.78,93956.0,HDFC-CUST,EQ-INDEX-04,BOOKED,2026-08-05,SELL,478.49,275,2026-08-04,HDFC-CUST,RECEIVED,TEST
TRD105592,2026-08-12,AXISBANK,INE105592,AXISBANK,500,1181.05,590525.0,KOTAK-CUST,EQ-INDEX-04,BOOKED,2026-08-13,BUY,1181.05,500,2026-08-12,KOTAK-CUST,RECEIVED,TRAIN
TRD105593,2026-08-03,ICICIBANK,INE105593,ICICIBANK,250,1235.64,308910.0,DEUTSCHE-BROKER,EQ-CORE-02,BOOKED,2026-08-04,BUY,1235.64,250,2026-08-03,DEUTSCHE-BROKER,RECEIVED,TRAIN
TRD105594,2026-08-11,RELIANCE,INE105594,RELIANCE,1500,2860.66,4290990.0,MORGANSTANLEY-BROKER,EQ-CORE-01,BOOKED,2026-08-12,BUY,2860.66,1500,2026-08-11,MORGANSTANLEY-BROKER,RECEIVED,TRAIN
TRD105595,2026-08-07,RELIANCE,INE105595,RELIANCE,750,2860.03,2145022.5,DEUTSCHE-BROKER,EQ-ALPHA-03,BOOKED,2026-08-08,BUY,2860.03,750,2026-08-07,DEUTSCHE-BROKER,RECEIVED,TRAIN
TRD105596,2026-08-07,BHARTIARTL,INE105596,BHARTIARTL,750,1686.85,1265137.5,HDFC-CUST,EQ-INDEX-04,BOOKED,2026-08-08,BUY,1686.85,750,2026-08-07,HDFC-CUST,RECEIVED,TEST
TRD105597,2026-08-01,ICICIBANK,INE105597,ICICIBANK,250,1236.54,309135.0,NOMURA-BROKER,EQ-CORE-01,BOOKED,2026-08-02,SELL,1236.54,250,2026-08-01,NOMURA-BROKER,RECEIVED,TRAIN
TRD105598,2026-08-15,KOTAKBANK,INE105598,KOTAKBANK,250,1949.15,487287.5,DEUTSCHE-BROKER,EQ-CORE-02,BOOKED,2026-08-16,SELL,1949.15,250,2026-08-15,DEUTSCHE-BROKER,RECEIVED,TRAIN
TRD105599,2026-08-21,INFY,INE105599,INFY,2000,1890.46,3780920.0,MORGANSTANLEY-BROKER,EQ-INDEX-04,BOOKED,2026-08-22,SELL,1890.46,2000,2026-08-21,MORGANSTANLEY-BROKER,RECEIVED,TRAIN
TRD105600,2026-08-20,KOTAKBANK,INE105600,KOTAKBANK,2000,1948.0,3896000.0,HDFC-CUST,EQ-CORE-02,BOOKED,2026-08-21,SELL,1948.0,2000,2026-08-20,HDFC-CUST,RECEIVED,TRAIN
TRD105601,2026-08-19,HDFCBANK,INE105601,HDFCBANK,100,1667.06,166706.0,ICICI-CUST,EQ-CORE-01,BOOKED,2026-08-20,SELL,,,,,MISSING,TRAIN
TRD105602,2026-08-14,HDFCBANK,INE105602,HDFCBANK,250,1672.55,418137.5,NOMURA-BROKER,EQ-INDEX-04,BOOKED,2026-08-15,SELL,1672.55,250,2026-08-14,NOMURA-BROKER,RECEIVED,TEST
TRD105603,2026-08-12,TATASTEEL,INE105603,TATASTEEL,1000,172.08,172080.0,MORGANSTANLEY-BROKER,EQ-INDEX-04,BOOKED,2026-08-13,BUY,172.08,1000,2026-08-12,MORGANSTANLEY-BROKER,RECEIVED,TRAIN
TRD105604,2026-08-10,ITC,INE105604,ITC,250,469.15,117287.5,DEUTSCHE-BROKER,EQ-CORE-01,BOOKED,2026-08-11,BUY,469.15,250,2026-08-10,DEUTSCHE-BROKER,RECEIVED,TRAIN
TRD105605,2026-08-21,ICICIBANK,INE105605,ICICIBANK,750,1244.56,933420.0,HDFC-CUST,EQ-CORE-02,BOOKED,2026-08-22,BUY,1244.56,750,2026-08-21,HDFC-CUST,RECEIVED,TRAIN
TRD105606,2026-08-12,WIPRO,INE105606,WIPRO,750,612.3,459225.0,NOMURA-BROKER,EQ-INDEX-04,BOOKED,2026-08-13,SELL,612.3,750,2026-08-12,NOMURA-BROKER,RECEIVED,TRAIN
TRD105607,2026-08-14,MARUTI,INE105607,MARUTI,200,12958.48,2591696.0,NOMURA-BROKER,EQ-CORE-02,BOOKED,2026-08-15,SELL,12958.48,200,2026-08-14,NOMURA-BROKER,RECEIVED,TRAIN
TRD105608,2026-08-07,TCS,INE105608,TCS,2000,4113.03,8226060.0,KOTAK-CUST,EQ-CORE-01,BOOKED,2026-08-08,SELL,4113.03,2000,2026-08-07,KOTAK-CUST,RECEIVED,TRAIN
TRD105609,2026-08-13,TCS,INE105609,TCS,2000,4116.46,8232920.0,KOTAK-CUST,EQ-ALPHA-03,BOOKED,2026-08-14,SELL,4116.46,2000,2026-08-13,KOTAK-CUST,RECEIVED,TRAIN
TRD105610,2026-08-21,SBIN,INE105610,SBIN,1500,841.48,1262220.0,HDFC-CUST,EQ-CORE-02,BOOKED,2026-08-22,SELL,841.48,1500,2026-08-21,HDFC-CUST,RECEIVED,TRAIN
TRD105611,2026-08-19,WIPRO,INE105611,WIPRO,1000,608.23,608230.0,DEUTSCHE-BROKER,EQ-ALPHA-03,BOOKED,2026-08-20,SELL,608.23,1000,2026-08-19,DEUTSCHE-BROKER,RECEIVED,TRAIN
TRD105612,2026-08-19,KOTAKBANK,INE105612,KOTAKBANK,250,1947.65,486912.5,HDFC-CUST,EQ-CORE-02,BOOKED,2026-08-20,BUY,1947.65,250,2026-08-20,HDFC-CUST,RECEIVED,TRAIN
TRD105613,2026-08-11,SBIN,INE105613,SBIN,200,847.56,169512.0,KOTAK-CUST,EQ-INDEX-04,BOOKED,2026-08-12,SELL,847.56,200,2026-08-11,KOTAK-CUST,RECEIVED,TEST
TRD105614,2026-08-05,MARUTI,INE105614,MARUTI,500,12973.92,6486960.0,HDFC-CUST,EQ-INDEX-04,BOOKED,2026-08-06,SELL,12973.92,700,2026-08-05,HDFC-CUST,RECEIVED,TRAIN
TRD105615,2026-08-10,BHARTIARTL,INE105615,BHARTIARTL,100,1686.56,168656.0,HDFC-CUST,EQ-INDEX-04,BOOKED,2026-08-11,SELL,1686.56,100,2026-08-10,HDFC-CUST,RECEIVED,TRAIN
TRD105616,2026-08-16,HDFCBANK,INE105616,HDFCBANK,100,1669.92,166992.0,ICICI-CUST,EQ-CORE-01,BOOKED,2026-08-17,BUY,1669.92,100,2026-08-16,ICICI-CUST,RECEIVED,TRAIN
TRD105617,2026-08-19,HINDUNILVR,INE105617,HINDUNILVR,2000,2736.13,5472260.0,MORGANSTANLEY-BROKER,EQ-CORE-02,BOOKED,2026-08-20,BUY,2736.13,2000,2026-08-19,MORGANSTANLEY-BROKER,RECEIVED,TRAIN
TRD105618,2026-08-05,RELIANCE,INE105618,RELIANCE,500,2846.56,1423280.0,KOTAK-CUST,EQ-CORE-02,BOOKED,2026-08-06,BUY,2846.56,500,2026-08-05,KOTAK-CUST,RECEIVED,TRAIN
TRD105619,2026-08-10,INFY,INE105619,INFY,1000,1881.47,1881470.0,MORGANSTANLEY-BROKER,EQ-INDEX-04,BOOKED,2026-08-11,BUY,1881.47,1000,2026-08-10,MORGANSTANLEY-BROKER,RECEIVED,TRAIN
TRD105620,2026-08-14,LT,INE105620,LT,750,3662.69,2747017.5,NOMURA-BROKER,EQ-ALPHA-03,BOOKED,2026-08-15,BUY,3662.69,750,2026-08-14,NOMURA-BROKER,RECEIVED,TEST
TRD105621,2026-08-15,AXISBANK,INE105621,AXISBANK,100,1185.22,118522.0,MORGANSTANLEY-BROKER,EQ-CORE-02,BOOKED,2026-08-16,SELL,1185.22,100,2026-08-15,MORGANSTANLEY-BROKER,RECEIVED,TRAIN
TRD105622,2026-08-20,HINDUNILVR,INE105622,HINDUNILVR,2000,2742.93,5485860.0,ICICI-CUST,EQ-CORE-01,BOOKED,2026-08-21,SELL,,,,,MISSING,TRAIN
TRD105623,2026-08-13,LT,INE105623,LT,250,3673.18,918295.0,DEUTSCHE-BROKER,EQ-INDEX-04,BOOKED,2026-08-14,SELL,3673.18,250,2026-08-13,DEUTSCHE-BROKER,RECEIVED,TRAIN
TRD105624,2026-08-08,AXISBANK,INE105624,AXISBANK,750,1182.47,886852.5,DEUTSCHE-BROKER,EQ-CORE-01,BOOKED,2026-08-09,SELL,1182.47,750,2026-08-08,DEUTSCHE-BROKER,RECEIVED,TRAIN
TRD105625,2026-08-12,HDFCBANK,INE105625,HDFCBANK,1500,1675.29,2512935.0,NOMURA-BROKER,EQ-CORE-01,BOOKED,2026-08-13,SELL,1675.29,1500,2026-08-12,NOMURA-BROKER,RECEIVED,TEST
TRD105626,2026-08-21,SBIN,INE105626,SBIN,250,844.2,211050.0,DEUTSCHE-BROKER,EQ-CORE-02,BOOKED,2026-08-22,SELL,844.2,250,2026-08-21,DEUTSCHE-BROKER,RECEIVED,TRAIN
TRD105627,2026-08-19,HINDUNILVR,INE105627,HINDUNILVR,250,2742.22,685555.0,HDFC-CUST,EQ-CORE-02,BOOKED,2026-08-20,BUY,2742.22,250,2026-08-19,HDFC-CUST,RECEIVED,TRAIN
TRD105628,2026-08-06,SBIN,INE105628,SBIN,2000,847.58,1695160.0,DEUTSCHE-BROKER,EQ-CORE-02,BOOKED,2026-08-07,SELL,847.58,2000,2026-08-06,DEUTSCHE-BROKER,RECEIVED,TRAIN
TRD105629,2026-08-20,WIPRO,INE105629,WIPRO,1500,612.92,919380.0,NOMURA-BROKER,EQ-CORE-02,BOOKED,2026-08-21,SELL,612.92,1500,2026-08-20,NOMURA-BROKER,RECEIVED,TRAIN
TRD105630,2026-08-07,RELIANCE,INE105630,RELIANCE,750,2849.57,2137177.5,NOMURA-BROKER,EQ-CORE-02,BOOKED,2026-08-08,SELL,2849.57,750,2026-08-07,NOMURA-BROKER,RECEIVED,TRAIN
TRD105631,2026-08-14,KOTAKBANK,INE105631,KOTAKBANK,750,1963.04,1472280.0,DEUTSCHE-BROKER,EQ-INDEX-04,BOOKED,2026-08-15,BUY,1963.04,750,2026-08-14,DEUTSCHE-BROKER,RECEIVED,TEST
TRD105632,2026-08-10,RELIANCE,INE105632,RELIANCE,1000,2839.1,2839100.0,MORGANSTANLEY-BROKER,EQ-INDEX-04,BOOKED,2026-08-11,BUY,2839.1,1000,2026-08-10,MORGANSTANLEY-BROKER,RECEIVED,TRAIN
TRD105633,2026-08-17,LT,INE105633,LT,100,3697.83,369783.0,DEUTSCHE-BROKER,EQ-CORE-02,BOOKED,2026-08-18,SELL,3697.83,100,2026-08-17,DEUTSCHE-BROKER,RECEIVED,TRAIN
TRD105634,2026-08-20,HINDUNILVR,INE105634,HINDUNILVR,2000,2757.75,5515500.0,HDFC-CUST,EQ-ALPHA-03,BOOKED,2026-08-21,SELL,,,,,MISSING,TRAIN
TRD105635,2026-08-08,AXISBANK,INE105635,AXISBANK,750,1184.85,888637.5,NOMURA-BROKER,EQ-ALPHA-03,BOOKED,2026-08-09,BUY,1184.85,750,2026-08-08,NOMURA-BROKER,RECEIVED,TEST
TRD105636,2026-08-11,LT,INE105636,LT,1500,3684.62,5526930.0,DEUTSCHE-BROKER,EQ-CORE-01,BOOKED,2026-08-12,BUY,3684.62,1500,2026-08-11,DEUTSCHE-BROKER,RECEIVED,TRAIN
TRD105637,2026-08-18,KOTAKBANK,INE105637,KOTAKBANK,750,1951.26,1463445.0,MORGANSTANLEY-BROKER,EQ-CORE-02,BOOKED,2026-08-19,BUY,1951.26,750,2026-08-18,MORGANSTANLEY-BROKER,RECEIVED,TEST
TRD105638,2026-08-18,MARUTI,INE105638,MARUTI,200,12985.77,2597154.0,ICICI-CUST,EQ-CORE-01,BOOKED,2026-08-19,SELL,12985.77,200,2026-08-18,ICICI-CUST,RECEIVED,TRAIN
TRD105639,2026-08-14,AXISBANK,INE105639,AXISBANK,500,1177.51,588755.0,MORGANSTANLEY-BROKER,EQ-CORE-01,BOOKED,2026-08-15,BUY,1177.51,500,2026-08-14,MORGANSTANLEY-BROKER,RECEIVED,TRAIN
TRD105640,2026-08-16,KOTAKBANK,INE105640,KOTAKBANK,500,1955.58,977790.0,MORGANSTANLEY-BROKER,EQ-CORE-02,BOOKED,2026-08-17,BUY,1955.58,500,2026-08-16,MORGANSTANLEY-BROKER,RECEIVED,TRAIN
TRD105641,2026-08-01,TCS,INE105641,TCS,250,4106.74,1026685.0,ICICI-CUST,EQ-INDEX-04,BOOKED,2026-08-02,BUY,4106.74,250,2026-08-01,ICICI-CUST,RECEIVED,TRAIN
TRD105642,2026-08-01,TCS,INE105642,TCS,1000,4107.58,4107580.0,NOMURA-BROKER,EQ-CORE-02,BOOKED,2026-08-02,BUY,4107.58,1000,2026-08-01,NOMURA-BROKER,RECEIVED,TRAIN
TRD105643,2026-08-07,AXISBANK,INE105643,AXISBANK,200,1178.64,235728.0,ICICI-CUST,EQ-CORE-02,BOOKED,2026-08-08,BUY,1146.29,200,2026-08-07,ICICI-CUST,RECEIVED,TRAIN
TRD105644,2026-08-07,MARUTI,INE105644,MARUTI,1500,12997.8,19496700.0,NOMURA-BROKER,EQ-CORE-01,BOOKED,2026-08-08,SELL,13199.71,1575,2026-08-07,NOMURA-BROKER,RECEIVED,TRAIN
TRD105645,2026-08-06,HINDUNILVR,INE105645,HINDUNILVR,100,2748.17,274817.0,ICICI-CUST,EQ-CORE-02,BOOKED,2026-08-07,SELL,2748.17,100,2026-08-06,ICICI-CUST,RECEIVED,TRAIN
TRD105646,2026-08-18,RELIANCE,INE105646,RELIANCE,250,2843.21,710802.5,MORGANSTANLEY-BROKER,EQ-INDEX-04,BOOKED,2026-08-19,SELL,2843.21,250,2026-08-18,ICICI-CUST,RECEIVED,TRAIN
TRD105647,2026-08-06,INFY,INE105647,INFY,100,1896.61,189661.0,MORGANSTANLEY-BROKER,EQ-ALPHA-03,BOOKED,2026-08-07,BUY,1896.61,100,2026-08-06,MORGANSTANLEY-BROKER,RECEIVED,TEST
TRD105648,2026-08-15,TATASTEEL,INE105648,TATASTEEL,500,171.76,85880.0,DEUTSCHE-BROKER,EQ-ALPHA-03,BOOKED,2026-08-16,SELL,171.76,500,2026-08-15,DEUTSCHE-BROKER,RECEIVED,TRAIN
TRD105649,2026-08-01,TATASTEEL,INE105649,TATASTEEL,100,171.6,17160.0,NOMURA-BROKER,EQ-CORE-01,BOOKED,2026-08-02,BUY,171.6,100,2026-08-01,NOMURA-BROKER,RECEIVED,TRAIN
TRD105650,2026-08-07,ITC,INE105650,ITC,1500,470.63,705945.0,HDFC-CUST,EQ-ALPHA-03,BOOKED,2026-08-08,SELL,470.63,1500,2026-08-07,HDFC-CUST,RECEIVED,TRAIN
TRD105651,2026-08-07,LT,INE105651,LT,500,3671.21,1835605.0,MORGANSTANLEY-BROKER,EQ-INDEX-04,BOOKED,2026-08-08,BUY,3671.21,500,2026-08-07,MORGANSTANLEY-BROKER,RECEIVED,TEST
TRD105652,2026-08-16,SBIN,INE105652,SBIN,200,844.02,168804.0,KOTAK-CUST,EQ-INDEX-04,BOOKED,2026-08-17,BUY,844.02,200,2026-08-16,KOTAK-CUST,RECEIVED,TRAIN
TRD105653,2026-08-02,TCS,INE105653,TCS,2000,4140.38,8280760.0,NOMURA-BROKER,EQ-INDEX-04,BOOKED,2026-08-03,BUY,4140.38,2000,2026-08-02,NOMURA-BROKER,RECEIVED,TEST
TRD105654,2026-08-06,INFY,INE105654,INFY,2000,1883.51,3767020.0,ICICI-CUST,EQ-ALPHA-03,BOOKED,2026-08-07,BUY,1883.51,2000,2026-08-06,ICICI-CUST,RECEIVED,TEST
TRD105655,2026-08-17,RELIANCE,INE105655,RELIANCE,500,2854.97,1427485.0,ICICI-CUST,EQ-CORE-02,BOOKED,2026-08-18,SELL,2854.97,500,2026-08-17,ICICI-CUST,RECEIVED,TRAIN
TRD105656,2026-08-07,KOTAKBANK,INE105656,KOTAKBANK,200,1949.42,389884.0,HDFC-CUST,EQ-CORE-01,BOOKED,2026-08-08,SELL,1949.42,200,2026-08-07,HDFC-CUST,RECEIVED,TRAIN
TRD105657,2026-08-20,KOTAKBANK,INE105657,KOTAKBANK,100,1946.41,194641.0,NOMURA-BROKER,EQ-CORE-02,BOOKED,2026-08-21,BUY,1946.41,100,2026-08-20,NOMURA-BROKER,RECEIVED,TEST
TRD105658,2026-08-05,ICICIBANK,INE105658,ICICIBANK,200,1241.38,248276.0,NOMURA-BROKER,EQ-ALPHA-03,BOOKED,2026-08-06,BUY,1241.38,200,2026-08-05,DEUTSCHE-BROKER,RECEIVED,TRAIN
TRD105659,2026-08-12,WIPRO,INE105659,WIPRO,2000,609.64,1219280.0,HDFC-CUST,EQ-CORE-01,BOOKED,2026-08-13,BUY,609.64,2000,2026-08-12,HDFC-CUST,RECEIVED,TEST
TRD105660,2026-08-14,TCS,INE105660,TCS,500,4104.75,2052375.0,DEUTSCHE-BROKER,EQ-ALPHA-03,BOOKED,2026-08-15,SELL,4104.75,500,2026-08-15,DEUTSCHE-BROKER,RECEIVED,TRAIN
TRD105661,2026-08-13,INFY,INE105661,INFY,500,1884.01,942005.0,DEUTSCHE-BROKER,EQ-CORE-01,BOOKED,2026-08-14,BUY,1884.01,500,2026-08-13,DEUTSCHE-BROKER,RECEIVED,TRAIN
TRD105662,2026-08-17,WIPRO,INE105662,WIPRO,200,609.75,121950.0,ICICI-CUST,EQ-CORE-01,BOOKED,2026-08-18,SELL,609.75,200,2026-08-17,ICICI-CUST,RECEIVED,TEST
TRD105663,2026-08-18,TATASTEEL,INE105663,TATASTEEL,2000,172.96,345920.0,DEUTSCHE-BROKER,EQ-CORE-02,BOOKED,2026-08-19,BUY,,,,,MISSING,TEST
TRD105664,2026-08-07,INFY,INE105664,INFY,1000,1882.66,1882660.0,MORGANSTANLEY-BROKER,EQ-INDEX-04,BOOKED,2026-08-08,SELL,1882.66,1000,2026-08-07,MORGANSTANLEY-BROKER,RECEIVED,TRAIN
TRD105665,2026-08-08,HINDUNILVR,INE105665,HINDUNILVR,250,2743.74,685935.0,ICICI-CUST,EQ-CORE-02,BOOKED,2026-08-09,BUY,2743.74,250,2026-08-08,ICICI-CUST,RECEIVED,TEST
TRD105666,2026-08-11,RELIANCE,INE105666,RELIANCE,750,2838.63,2128972.5,HDFC-CUST,EQ-CORE-01,BOOKED,2026-08-12,SELL,2838.63,750,2026-08-11,HDFC-CUST,RECEIVED,TRAIN
TRD105667,2026-08-07,KOTAKBANK,INE105667,KOTAKBANK,100,1952.98,195298.0,ICICI-CUST,EQ-ALPHA-03,BOOKED,2026-08-08,BUY,1952.98,100,2026-08-07,ICICI-CUST,RECEIVED,TRAIN
TRD105668,2026-08-11,RELIANCE,INE105668,RELIANCE,1000,2837.03,2837030.0,KOTAK-CUST,EQ-CORE-01,BOOKED,2026-08-12,SELL,2837.03,1000,2026-08-11,KOTAK-CUST,RECEIVED,TRAIN
TRD105669,2026-08-10,LT,INE105669,LT,1000,3667.78,3667780.0,DEUTSCHE-BROKER,EQ-INDEX-04,BOOKED,2026-08-11,SELL,3667.78,1000,2026-08-10,DEUTSCHE-BROKER,RECEIVED,TEST
TRD105670,2026-08-17,RELIANCE,INE105670,RELIANCE,500,2858.53,1429265.0,KOTAK-CUST,EQ-INDEX-04,BOOKED,2026-08-18,SELL,2858.53,500,2026-08-17,KOTAK-CUST,RECEIVED,TRAIN
TRD105671,2026-08-01,AXISBANK,INE105671,AXISBANK,2000,1174.93,2349860.0,MORGANSTANLEY-BROKER,EQ-CORE-02,BOOKED,2026-08-02,BUY,1155.25,2000,2026-08-01,MORGANSTANLEY-BROKER,RECEIVED,TRAIN
TRD105672,2026-08-10,KOTAKBANK,INE105672,KOTAKBANK,2000,1953.6,3907200.0,ICICI-CUST,EQ-ALPHA-03,BOOKED,2026-08-11,BUY,1953.6,2000,2026-08-10,ICICI-CUST,RECEIVED,TRAIN
TRD105673,2026-08-01,SBIN,INE105673,SBIN,1000,847.44,847440.0,ICICI-CUST,EQ-INDEX-04,BOOKED,2026-08-02,BUY,847.44,1000,2026-08-01,ICICI-CUST,RECEIVED,TRAIN
TRD105674,2026-08-20,ITC,INE105674,ITC,250,468.69,117172.5,DEUTSCHE-BROKER,EQ-CORE-02,BOOKED,2026-08-21,BUY,468.69,250,2026-08-20,DEUTSCHE-BROKER,RECEIVED,TRAIN
TRD105675,2026-08-04,LT,INE105675,LT,250,3682.53,920632.5,NOMURA-BROKER,EQ-CORE-02,BOOKED,2026-08-05,BUY,3682.53,250,2026-08-04,NOMURA-BROKER,RECEIVED,TRAIN
TRD105676,2026-08-06,RELIANCE,INE105676,RELIANCE,1000,2839.32,2839320.0,ICICI-CUST,EQ-CORE-02,BOOKED,2026-08-07,SELL,2839.32,1000,2026-08-06,ICICI-CUST,RECEIVED,TRAIN
TRD105677,2026-08-13,RELIANCE,INE105677,RELIANCE,1500,2861.77,4292655.0,MORGANSTANLEY-BROKER,EQ-CORE-01,BOOKED,2026-08-14,BUY,2861.77,1500,2026-08-13,MORGANSTANLEY-BROKER,RECEIVED,TRAIN
TRD105678,2026-08-06,TATASTEEL,INE105678,TATASTEEL,100,172.22,17222.0,KOTAK-CUST,EQ-CORE-01,BOOKED,2026-08-07,SELL,172.22,100,2026-08-06,KOTAK-CUST,RECEIVED,TEST
TRD105679,2026-08-16,SBIN,INE105679,SBIN,200,841.93,168386.0,NOMURA-BROKER,EQ-ALPHA-03,BOOKED,2026-08-17,SELL,,,,,MISSING,TRAIN
TRD105680,2026-08-15,HINDUNILVR,INE105680,HINDUNILVR,200,2751.61,550322.0,ICICI-CUST,EQ-INDEX-04,BOOKED,2026-08-16,SELL,2751.61,200,2026-08-15,ICICI-CUST,RECEIVED,TRAIN
TRD105681,2026-08-15,LT,INE105681,LT,1000,3696.31,3696310.0,MORGANSTANLEY-BROKER,EQ-INDEX-04,BOOKED,2026-08-16,SELL,3696.31,1000,2026-08-15,MORGANSTANLEY-BROKER,RECEIVED,TRAIN
TRD105682,2026-08-09,HDFCBANK,INE105682,HDFCBANK,200,1669.56,333912.0,ICICI-CUST,EQ-INDEX-04,BOOKED,2026-08-10,BUY,1669.56,200,2026-08-09,ICICI-CUST,RECEIVED,TEST
TRD105683,2026-08-03,ICICIBANK,INE105683,ICICIBANK,750,1241.33,930997.5,HDFC-CUST,EQ-CORE-01,BOOKED,2026-08-04,BUY,1241.33,750,2026-08-03,HDFC-CUST,RECEIVED,TRAIN
TRD105684,2026-08-09,TATASTEEL,INE105684,TATASTEEL,200,171.76,34352.0,KOTAK-CUST,EQ-INDEX-04,BOOKED,2026-08-10,SELL,171.76,200,2026-08-09,KOTAK-CUST,RECEIVED,TRAIN
TRD105685,2026-08-14,HINDUNILVR,INE105685,HINDUNILVR,1500,2744.63,4116945.0,ICICI-CUST,EQ-ALPHA-03,BOOKED,2026-08-15,BUY,2744.63,1500,2026-08-14,ICICI-CUST,RECEIVED,TRAIN
TRD105686,2026-08-04,ICICIBANK,INE105686,ICICIBANK,1500,1243.75,1865625.0,DEUTSCHE-BROKER,EQ-CORE-01,BOOKED,2026-08-05,BUY,1243.75,1500,2026-08-04,DEUTSCHE-BROKER,RECEIVED,TEST
TRD105687,2026-08-10,HINDUNILVR,INE105687,HINDUNILVR,200,2744.22,548844.0,KOTAK-CUST,EQ-CORE-01,BOOKED,2026-08-11,SELL,2744.22,200,2026-08-10,ICICI-CUST,RECEIVED,TRAIN
TRD105688,2026-08-02,MARUTI,INE105688,MARUTI,2000,13013.54,26027080.0,HDFC-CUST,EQ-CORE-02,BOOKED,2026-08-03,BUY,13013.54,2000,2026-08-02,HDFC-CUST,RECEIVED,TRAIN
TRD105689,2026-08-12,LT,INE105689,LT,100,3671.01,367101.0,HDFC-CUST,EQ-ALPHA-03,BOOKED,2026-08-13,SELL,3671.01,100,2026-08-12,HDFC-CUST,RECEIVED,TRAIN
TRD105690,2026-08-05,LT,INE105690,LT,250,3677.96,919490.0,KOTAK-CUST,EQ-CORE-02,BOOKED,2026-08-06,BUY,3677.96,150,2026-08-05,KOTAK-CUST,RECEIVED,TRAIN
TRD105691,2026-08-21,RELIANCE,INE105691,RELIANCE,1000,2854.38,2854380.0,NOMURA-BROKER,EQ-CORE-02,BOOKED,2026-08-22,SELL,2854.38,1000,2026-08-21,NOMURA-BROKER,RECEIVED,TRAIN
TRD105692,2026-08-12,LT,INE105692,LT,2000,3690.6,7381200.0,NOMURA-BROKER,EQ-INDEX-04,BOOKED,2026-08-13,BUY,3690.6,2000,2026-08-12,NOMURA-BROKER,RECEIVED,TRAIN
TRD105693,2026-08-07,ITC,INE105693,ITC,250,469.46,117365.0,HDFC-CUST,EQ-ALPHA-03,BOOKED,2026-08-08,SELL,469.46,250,2026-08-07,HDFC-CUST,RECEIVED,TRAIN
TRD105694,2026-08-09,TATASTEEL,INE105694,TATASTEEL,100,171.87,17187.0,ICICI-CUST,EQ-CORE-02,BOOKED,2026-08-10,SELL,171.87,100,2026-08-09,ICICI-CUST,RECEIVED,TRAIN
TRD105695,2026-08-20,KOTAKBANK,INE105695,KOTAKBANK,1500,1949.74,2924610.0,MORGANSTANLEY-BROKER,EQ-ALPHA-03,BOOKED,2026-08-21,SELL,1949.74,1500,2026-08-20,MORGANSTANLEY-BROKER,RECEIVED,TRAIN
TRD105696,2026-08-15,ICICIBANK,INE105696,ICICIBANK,750,1237.9,928425.0,HDFC-CUST,EQ-CORE-02,BOOKED,2026-08-16,SELL,1237.9,750,2026-08-15,HDFC-CUST,RECEIVED,TRAIN
TRD105697,2026-08-12,WIPRO,INE105697,WIPRO,1500,612.16,918240.0,HDFC-CUST,EQ-CORE-02,BOOKED,2026-08-13,BUY,612.16,1500,2026-08-12,HDFC-CUST,RECEIVED,TRAIN
TRD105698,2026-08-13,LT,INE105698,LT,1500,3686.09,5529135.0,HDFC-CUST,EQ-CORE-02,BOOKED,2026-08-14,SELL,3686.09,1500,2026-08-13,HDFC-CUST,RECEIVED,TRAIN
TRD105699,2026-08-08,HDFCBANK,INE105699,HDFCBANK,1000,1683.13,1683130.0,HDFC-CUST,EQ-ALPHA-03,BOOKED,2026-08-09,BUY,1642.15,1000,2026-08-08,HDFC-CUST,RECEIVED,TRAIN
TRD105700,2026-08-04,BHARTIARTL,INE105700,BHARTIARTL,250,1682.9,420725.0,DEUTSCHE-BROKER,EQ-INDEX-04,BOOKED,2026-08-05,BUY,1682.9,150,2026-08-04,DEUTSCHE-BROKER,RECEIVED,TRAIN
TRD105701,2026-08-04,HDFCBANK,INE105701,HDFCBANK,750,1679.88,1259910.0,KOTAK-CUST,EQ-CORE-02,BOOKED,2026-08-05,BUY,1679.88,750,2026-08-04,KOTAK-CUST,RECEIVED,TRAIN
TRD105702,2026-08-09,SBIN,INE105702,SBIN,1500,847.2,1270800.0,NOMURA-BROKER,EQ-ALPHA-03,BOOKED,2026-08-10,BUY,847.2,1500,2026-08-09,NOMURA-BROKER,RECEIVED,TRAIN
TRD105703,2026-08-06,MARUTI,INE105703,MARUTI,1500,12942.59,19413885.0,MORGANSTANLEY-BROKER,EQ-INDEX-04,BOOKED,2026-08-07,BUY,12942.59,1500,2026-08-06,MORGANSTANLEY-BROKER,RECEIVED,TRAIN
TRD105704,2026-08-15,TATASTEEL,INE105704,TATASTEEL,500,171.92,85960.0,ICICI-CUST,EQ-ALPHA-03,BOOKED,2026-08-16,SELL,171.92,500,2026-08-15,ICICI-CUST,RECEIVED,TEST
TRD105705,2026-08-04,ICICIBANK,INE105705,ICICIBANK,1000,1239.1,1239100.0,NOMURA-BROKER,EQ-ALPHA-03,BOOKED,2026-08-05,BUY,1239.1,1000,2026-08-04,NOMURA-BROKER,RECEIVED,TRAIN
TRD105706,2026-08-03,ICICIBANK,INE105706,ICICIBANK,750,1246.19,934642.5,ICICI-CUST,EQ-CORE-01,BOOKED,2026-08-04,SELL,1246.19,750,2026-08-03,ICICI-CUST,RECEIVED,TRAIN
TRD105707,2026-08-09,SBIN,INE105707,SBIN,750,848.89,636667.5,KOTAK-CUST,EQ-ALPHA-03,BOOKED,2026-08-10,SELL,848.89,750,2026-08-09,KOTAK-CUST,RECEIVED,TRAIN
TRD105708,2026-08-03,KOTAKBANK,INE105708,KOTAKBANK,750,1949.18,1461885.0,NOMURA-BROKER,EQ-ALPHA-03,BOOKED,2026-08-04,BUY,1949.18,750,2026-08-03,NOMURA-BROKER,RECEIVED,TRAIN
TRD105709,2026-08-17,MARUTI,INE105709,MARUTI,750,12964.24,9723180.0,ICICI-CUST,EQ-ALPHA-03,BOOKED,2026-08-18,BUY,12964.24,750,2026-08-17,ICICI-CUST,RECEIVED,TRAIN
TRD105710,2026-08-14,INFY,INE105710,INFY,200,1883.17,376634.0,KOTAK-CUST,EQ-INDEX-04,BOOKED,2026-08-15,BUY,1883.17,200,2026-08-14,KOTAK-CUST,RECEIVED,TRAIN
TRD105711,2026-08-10,TATASTEEL,INE105711,TATASTEEL,750,172.73,129547.5,HDFC-CUST,EQ-INDEX-04,BOOKED,2026-08-11,BUY,172.73,750,2026-08-10,HDFC-CUST,RECEIVED,TRAIN
TRD105712,2026-08-11,ICICIBANK,INE105712,ICICIBANK,2000,1243.63,2487260.0,HDFC-CUST,EQ-INDEX-04,BOOKED,2026-08-12,SELL,1280.92,2000,2026-08-11,HDFC-CUST,RECEIVED,TEST
TRD105713,2026-08-01,HINDUNILVR,INE105713,HINDUNILVR,200,2741.76,548352.0,ICICI-CUST,EQ-INDEX-04,BOOKED,2026-08-02,SELL,2741.76,200,2026-08-01,ICICI-CUST,RECEIVED,TRAIN
TRD105714,2026-08-21,HINDUNILVR,INE105714,HINDUNILVR,200,2739.04,547808.0,ICICI-CUST,EQ-CORE-02,BOOKED,2026-08-22,SELL,2739.04,200,2026-08-21,ICICI-CUST,RECEIVED,TRAIN
TRD105715,2026-08-08,ITC,INE105715,ITC,250,470.86,117715.0,ICICI-CUST,EQ-ALPHA-03,BOOKED,2026-08-09,SELL,470.86,250,2026-08-08,ICICI-CUST,RECEIVED,TRAIN
TRD105716,2026-08-07,MARUTI,INE105716,MARUTI,250,12948.86,3237215.0,ICICI-CUST,EQ-CORE-01,BOOKED,2026-08-08,BUY,12948.86,250,2026-08-07,ICICI-CUST,RECEIVED,TRAIN
TRD105717,2026-08-10,INFY,INE105717,INFY,750,1888.49,1416367.5,HDFC-CUST,EQ-INDEX-04,BOOKED,2026-08-11,SELL,1888.49,750,2026-08-10,HDFC-CUST,RECEIVED,TRAIN
TRD105718,2026-08-02,INFY,INE105718,INFY,750,1884.73,1413547.5,NOMURA-BROKER,EQ-CORE-01,BOOKED,2026-08-03,SELL,1884.73,750,2026-08-02,NOMURA-BROKER,RECEIVED,TRAIN
TRD105719,2026-08-14,KOTAKBANK,INE105719,KOTAKBANK,1500,1946.18,2919270.0,NOMURA-BROKER,EQ-INDEX-04,BOOKED,2026-08-15,BUY,1946.18,1500,2026-08-14,NOMURA-BROKER,RECEIVED,TRAIN
TRD105720,2026-08-20,WIPRO,INE105720,WIPRO,100,609.6,60960.0,NOMURA-BROKER,EQ-INDEX-04,BOOKED,2026-08-21,BUY,609.6,100,2026-08-20,NOMURA-BROKER,RECEIVED,TRAIN
TRD105721,2026-08-20,WIPRO,INE105721,WIPRO,2000,612.87,1225740.0,ICICI-CUST,EQ-CORE-02,BOOKED,2026-08-21,BUY,612.87,2000,2026-08-20,ICICI-CUST,RECEIVED,TRAIN
TRD105722,2026-08-21,LT,INE105722,LT,2000,3683.75,7367500.0,ICICI-CUST,EQ-INDEX-04,BOOKED,2026-08-22,SELL,3683.75,2000,2026-08-21,ICICI-CUST,RECEIVED,TRAIN
TRD105723,2026-08-09,RELIANCE,INE105723,RELIANCE,1500,2838.46,4257690.0,DEUTSCHE-BROKER,EQ-CORE-01,BOOKED,2026-08-10,SELL,2838.46,1500,2026-08-09,DEUTSCHE-BROKER,RECEIVED,TEST
TRD105724,2026-08-06,AXISBANK,INE105724,AXISBANK,100,1175.56,117556.0,KOTAK-CUST,EQ-CORE-01,BOOKED,2026-08-07,BUY,1175.56,100,2026-08-06,KOTAK-CUST,RECEIVED,TRAIN
TRD105725,2026-08-02,WIPRO,INE105725,WIPRO,500,607.8,303900.0,ICICI-CUST,EQ-ALPHA-03,BOOKED,2026-08-03,BUY,607.8,500,2026-08-02,ICICI-CUST,RECEIVED,TRAIN
TRD105726,2026-08-20,INFY,INE105726,INFY,2000,1883.97,3767940.0,MORGANSTANLEY-BROKER,EQ-INDEX-04,BOOKED,2026-08-21,BUY,1883.97,2000,2026-08-20,MORGANSTANLEY-BROKER,RECEIVED,TRAIN
TRD105727,2026-08-06,KOTAKBANK,INE105727,KOTAKBANK,250,1948.13,487032.5,ICICI-CUST,EQ-INDEX-04,BOOKED,2026-08-07,BUY,1948.13,250,2026-08-06,ICICI-CUST,RECEIVED,TRAIN
TRD105728,2026-08-02,ICICIBANK,INE105728,ICICIBANK,750,1236.35,927262.5,DEUTSCHE-BROKER,EQ-INDEX-04,BOOKED,2026-08-03,SELL,1236.35,750,2026-08-02,DEUTSCHE-BROKER,RECEIVED,TEST
TRD105729,2026-08-09,AXISBANK,INE105729,AXISBANK,2000,1180.31,2360620.0,HDFC-CUST,EQ-CORE-01,BOOKED,2026-08-10,BUY,1180.31,2000,2026-08-09,ICICI-CUST,RECEIVED,TRAIN
TRD105730,2026-08-09,KOTAKBANK,INE105730,KOTAKBANK,200,1951.51,390302.0,KOTAK-CUST,EQ-CORE-02,BOOKED,2026-08-10,SELL,1951.51,200,2026-08-09,KOTAK-CUST,RECEIVED,TRAIN
TRD105731,2026-08-08,BHARTIARTL,INE105731,BHARTIARTL,100,1692.79,169279.0,DEUTSCHE-BROKER,EQ-CORE-02,BOOKED,2026-08-09,BUY,1692.79,100,2026-08-08,DEUTSCHE-BROKER,RECEIVED,TRAIN
TRD105732,2026-08-12,WIPRO,INE105732,WIPRO,1500,607.71,911565.0,MORGANSTANLEY-BROKER,EQ-ALPHA-03,BOOKED,2026-08-13,BUY,607.71,1500,2026-08-12,MORGANSTANLEY-BROKER,RECEIVED,TRAIN
TRD105733,2026-08-20,LT,INE105733,LT,1000,3688.98,3688980.0,KOTAK-CUST,EQ-INDEX-04,BOOKED,2026-08-21,SELL,3688.98,1000,2026-08-20,KOTAK-CUST,RECEIVED,TRAIN
TRD105734,2026-08-07,KOTAKBANK,INE105734,KOTAKBANK,2000,1959.56,3919120.0,DEUTSCHE-BROKER,EQ-CORE-02,BOOKED,2026-08-08,BUY,1959.56,2000,2026-08-07,DEUTSCHE-BROKER,RECEIVED,TRAIN
TRD105735,2026-08-16,RELIANCE,INE105735,RELIANCE,1000,2845.21,2845210.0,MORGANSTANLEY-BROKER,EQ-INDEX-04,BOOKED,2026-08-17,BUY,2845.21,1000,2026-08-16,MORGANSTANLEY-BROKER,RECEIVED,TRAIN
TRD105736,2026-08-16,BHARTIARTL,INE105736,BHARTIARTL,2000,1689.29,3378580.0,KOTAK-CUST,EQ-CORE-01,BOOKED,2026-08-17,BUY,1689.29,2000,2026-08-16,KOTAK-CUST,RECEIVED,TRAIN
TRD105737,2026-08-18,SBIN,INE105737,SBIN,500,846.49,423245.0,ICICI-CUST,EQ-ALPHA-03,BOOKED,2026-08-19,BUY,846.49,500,2026-08-18,ICICI-CUST,RECEIVED,TRAIN
TRD105738,2026-08-08,HINDUNILVR,INE105738,HINDUNILVR,750,2754.31,2065732.5,MORGANSTANLEY-BROKER,EQ-CORE-01,BOOKED,2026-08-09,BUY,2807.53,675,2026-08-08,MORGANSTANLEY-BROKER,RECEIVED,TRAIN
TRD105739,2026-08-05,SBIN,INE105739,SBIN,1500,847.65,1271475.0,MORGANSTANLEY-BROKER,EQ-ALPHA-03,BOOKED,2026-08-06,SELL,864.77,1500,2026-08-05,MORGANSTANLEY-BROKER,RECEIVED,TRAIN
TRD105740,2026-08-01,AXISBANK,INE105740,AXISBANK,1500,1179.37,1769055.0,MORGANSTANLEY-BROKER,EQ-INDEX-04,BOOKED,2026-08-02,BUY,1179.37,1500,2026-08-01,MORGANSTANLEY-BROKER,RECEIVED,TRAIN
TRD105741,2026-08-13,SBIN,INE105741,SBIN,750,847.09,635317.5,ICICI-CUST,EQ-INDEX-04,BOOKED,2026-08-14,SELL,847.09,750,2026-08-13,ICICI-CUST,RECEIVED,TRAIN
TRD105742,2026-08-03,MARUTI,INE105742,MARUTI,200,13018.58,2603716.0,ICICI-CUST,EQ-CORE-01,BOOKED,2026-08-04,SELL,13018.58,200,2026-08-03,ICICI-CUST,RECEIVED,TRAIN
TRD105743,2026-08-05,INFY,INE105743,INFY,1500,1883.97,2825955.0,DEUTSCHE-BROKER,EQ-ALPHA-03,BOOKED,2026-08-06,SELL,1883.97,1500,2026-08-05,DEUTSCHE-BROKER,RECEIVED,TRAIN
TRD105744,2026-08-05,TATASTEEL,INE105744,TATASTEEL,200,172.5,34500.0,KOTAK-CUST,EQ-ALPHA-03,BOOKED,2026-08-06,SELL,172.5,200,2026-08-05,KOTAK-CUST,RECEIVED,TRAIN
TRD105745,2026-08-20,RELIANCE,INE105745,RELIANCE,1000,2864.26,2864260.0,NOMURA-BROKER,EQ-CORE-02,BOOKED,2026-08-21,SELL,2864.26,1000,2026-08-20,NOMURA-BROKER,RECEIVED,TRAIN
TRD105746,2026-08-06,BHARTIARTL,INE105746,BHARTIARTL,1000,1686.01,1686010.0,KOTAK-CUST,EQ-CORE-02,BOOKED,2026-08-07,SELL,1686.01,1000,2026-08-06,KOTAK-CUST,RECEIVED,TRAIN
TRD105747,2026-08-19,HINDUNILVR,INE105747,HINDUNILVR,2000,2752.84,5505680.0,KOTAK-CUST,EQ-CORE-01,BOOKED,2026-08-20,SELL,2752.84,2000,2026-08-19,KOTAK-CUST,RECEIVED,TRAIN
TRD105748,2026-08-12,WIPRO,INE105748,WIPRO,1500,612.92,919380.0,KOTAK-CUST,EQ-INDEX-04,BOOKED,2026-08-13,BUY,612.92,1500,2026-08-12,KOTAK-CUST,RECEIVED,TRAIN
TRD105749,2026-08-12,ITC,INE105749,ITC,750,469.18,351885.0,NOMURA-BROKER,EQ-CORE-02,BOOKED,2026-08-13,SELL,469.18,750,2026-08-12,NOMURA-BROKER,RECEIVED,TRAIN
TRD105750,2026-08-11,TCS,INE105750,TCS,250,4107.17,1026792.5,NOMURA-BROKER,EQ-ALPHA-03,BOOKED,2026-08-12,SELL,4107.17,250,2026-08-11,NOMURA-BROKER,RECEIVED,TRAIN
TRD105751,2026-08-16,ITC,INE105751,ITC,100,466.94,46694.0,KOTAK-CUST,EQ-CORE-02,BOOKED,2026-08-17,BUY,466.94,100,2026-08-16,KOTAK-CUST,RECEIVED,TRAIN
TRD105752,2026-08-21,MARUTI,INE105752,MARUTI,2000,12991.55,25983100.0,HDFC-CUST,EQ-ALPHA-03,BOOKED,2026-08-22,SELL,12991.55,2000,2026-08-22,HDFC-CUST,RECEIVED,TEST
TRD105753,2026-08-20,SBIN,INE105753,SBIN,250,843.14,210785.0,DEUTSCHE-BROKER,EQ-INDEX-04,BOOKED,2026-08-21,SELL,843.14,250,2026-08-20,DEUTSCHE-BROKER,RECEIVED,TRAIN
TRD105754,2026-08-08,KOTAKBANK,INE105754,KOTAKBANK,100,1948.7,194870.0,NOMURA-BROKER,EQ-ALPHA-03,BOOKED,2026-08-09,SELL,1948.7,100,2026-08-08,NOMURA-BROKER,RECEIVED,TEST
TRD105755,2026-08-18,RELIANCE,INE105755,RELIANCE,2000,2836.27,5672540.0,KOTAK-CUST,EQ-CORE-01,BOOKED,2026-08-19,SELL,2836.27,2000,2026-08-18,ICICI-CUST,RECEIVED,TEST
TRD105756,2026-08-10,AXISBANK,INE105756,AXISBANK,200,1185.46,237092.0,HDFC-CUST,EQ-INDEX-04,BOOKED,2026-08-11,SELL,1185.46,200,2026-08-10,HDFC-CUST,RECEIVED,TRAIN
TRD105757,2026-08-18,ITC,INE105757,ITC,1000,467.59,467590.0,KOTAK-CUST,EQ-CORE-01,BOOKED,2026-08-19,BUY,467.59,1000,2026-08-18,KOTAK-CUST,RECEIVED,TRAIN
TRD105758,2026-08-08,KOTAKBANK,INE105758,KOTAKBANK,2000,1953.26,3906520.0,KOTAK-CUST,EQ-CORE-02,BOOKED,2026-08-09,SELL,1953.26,2000,2026-08-08,KOTAK-CUST,RECEIVED,TRAIN
TRD105759,2026-08-14,BHARTIARTL,INE105759,BHARTIARTL,200,1687.23,337446.0,NOMURA-BROKER,EQ-CORE-02,BOOKED,2026-08-15,BUY,1687.23,200,2026-08-14,NOMURA-BROKER,RECEIVED,TRAIN
TRD105760,2026-08-05,ICICIBANK,INE105760,ICICIBANK,100,1240.94,124094.0,ICICI-CUST,EQ-INDEX-04,BOOKED,2026-08-06,BUY,1240.94,100,2026-08-05,ICICI-CUST,RECEIVED,TRAIN
TRD105761,2026-08-03,HDFCBANK,INE105761,HDFCBANK,750,1681.65,1261237.5,ICICI-CUST,EQ-INDEX-04,BOOKED,2026-08-04,SELL,1681.65,750,2026-08-03,ICICI-CUST,RECEIVED,TRAIN
TRD105762,2026-08-06,HDFCBANK,INE105762,HDFCBANK,2000,1669.23,3338460.0,NOMURA-BROKER,EQ-INDEX-04,BOOKED,2026-08-07,SELL,1669.23,2000,2026-08-06,NOMURA-BROKER,RECEIVED,TEST
TRD105763,2026-08-17,AXISBANK,INE105763,AXISBANK,500,1182.13,591065.0,ICICI-CUST,EQ-ALPHA-03,BOOKED,2026-08-18,BUY,1182.13,500,2026-08-17,ICICI-CUST,RECEIVED,TRAIN
TRD105764,2026-08-13,WIPRO,INE105764,WIPRO,200,610.23,122046.0,ICICI-CUST,EQ-CORE-02,BOOKED,2026-08-14,BUY,610.23,200,2026-08-13,ICICI-CUST,RECEIVED,TRAIN
TRD105765,2026-08-12,MARUTI,INE105765,MARUTI,500,12923.04,6461520.0,KOTAK-CUST,EQ-ALPHA-03,BOOKED,2026-08-13,BUY,12923.04,500,2026-08-13,KOTAK-CUST,RECEIVED,TEST
TRD105766,2026-08-21,LT,INE105766,LT,750,3670.94,2753205.0,DEUTSCHE-BROKER,EQ-CORE-01,BOOKED,2026-08-22,BUY,3670.94,750,2026-08-21,DEUTSCHE-BROKER,RECEIVED,TRAIN
TRD105767,2026-08-07,KOTAKBANK,INE105767,KOTAKBANK,100,1958.25,195825.0,ICICI-CUST,EQ-CORE-02,BOOKED,2026-08-08,SELL,1958.25,100,2026-08-07,ICICI-CUST,RECEIVED,TRAIN
TRD105768,2026-08-03,TATASTEEL,INE105768,TATASTEEL,100,172.85,17285.0,ICICI-CUST,EQ-CORE-02,BOOKED,2026-08-04,SELL,172.85,100,2026-08-03,ICICI-CUST,RECEIVED,TRAIN
TRD105769,2026-08-15,ITC,INE105769,ITC,1500,468.89,703335.0,DEUTSCHE-BROKER,EQ-INDEX-04,BOOKED,2026-08-16,BUY,468.89,1500,2026-08-15,DEUTSCHE-BROKER,RECEIVED,TRAIN
TRD105770,2026-08-15,MARUTI,INE105770,MARUTI,1500,12959.5,19439250.0,DEUTSCHE-BROKER,EQ-ALPHA-03,BOOKED,2026-08-16,SELL,12959.5,1500,2026-08-15,DEUTSCHE-BROKER,RECEIVED,TRAIN
TRD105771,2026-08-02,SBIN,INE105771,SBIN,750,844.17,633127.5,HDFC-CUST,EQ-ALPHA-03,BOOKED,2026-08-03,BUY,844.17,750,2026-08-02,HDFC-CUST,RECEIVED,TRAIN
TRD105772,2026-08-09,AXISBANK,INE105772,AXISBANK,1000,1183.86,1183860.0,HDFC-CUST,EQ-ALPHA-03,BOOKED,2026-08-10,BUY,1183.86,1000,2026-08-09,HDFC-CUST,RECEIVED,TRAIN
TRD105773,2026-08-20,TCS,INE105773,TCS,100,4105.9,410590.0,HDFC-CUST,EQ-ALPHA-03,BOOKED,2026-08-21,SELL,4105.9,100,2026-08-20,HDFC-CUST,RECEIVED,TRAIN
TRD105774,2026-08-18,HDFCBANK,INE105774,HDFCBANK,500,1680.6,840300.0,MORGANSTANLEY-BROKER,EQ-CORE-02,BOOKED,2026-08-19,BUY,1680.6,500,2026-08-18,MORGANSTANLEY-BROKER,RECEIVED,TRAIN
TRD105775,2026-08-03,WIPRO,INE105775,WIPRO,500,608.45,304225.0,HDFC-CUST,EQ-ALPHA-03,BOOKED,2026-08-04,BUY,608.45,500,2026-08-03,HDFC-CUST,RECEIVED,TRAIN
TRD105776,2026-08-01,ICICIBANK,INE105776,ICICIBANK,1000,1238.77,1238770.0,DEUTSCHE-BROKER,EQ-CORE-01,BOOKED,2026-08-02,BUY,1238.77,1000,2026-08-01,DEUTSCHE-BROKER,RECEIVED,TEST
TRD105777,2026-08-05,BHARTIARTL,INE105777,BHARTIARTL,750,1682.24,1261680.0,DEUTSCHE-BROKER,EQ-CORE-01,BOOKED,2026-08-06,SELL,1682.24,750,2026-08-05,DEUTSCHE-BROKER,RECEIVED,TRAIN
TRD105778,2026-08-11,ITC,INE105778,ITC,750,469.92,352440.0,NOMURA-BROKER,EQ-CORE-01,BOOKED,2026-08-12,SELL,469.92,750,2026-08-11,NOMURA-BROKER,RECEIVED,TEST
TRD105779,2026-08-04,ICICIBANK,INE105779,ICICIBANK,2000,1240.02,2480040.0,DEUTSCHE-BROKER,EQ-ALPHA-03,BOOKED,2026-08-05,BUY,1240.02,2000,2026-08-04,DEUTSCHE-BROKER,RECEIVED,TRAIN
TRD105780,2026-08-15,WIPRO,INE105780,WIPRO,750,611.33,458497.5,NOMURA-BROKER,EQ-INDEX-04,BOOKED,2026-08-16,BUY,611.33,750,2026-08-15,NOMURA-BROKER,RECEIVED,TRAIN
TRD105781,2026-08-02,RELIANCE,INE105781,RELIANCE,250,2852.87,713217.5,DEUTSCHE-BROKER,EQ-ALPHA-03,BOOKED,2026-08-03,SELL,2852.87,250,2026-08-02,DEUTSCHE-BROKER,RECEIVED,TEST
TRD105782,2026-08-02,TATASTEEL,INE105782,TATASTEEL,250,172.18,43045.0,HDFC-CUST,EQ-CORE-02,BOOKED,2026-08-03,SELL,172.18,250,2026-08-02,HDFC-CUST,RECEIVED,TRAIN
TRD105783,2026-08-04,LT,INE105783,LT,500,3678.46,1839230.0,HDFC-CUST,EQ-ALPHA-03,BOOKED,2026-08-05,BUY,3678.46,500,2026-08-04,HDFC-CUST,RECEIVED,TRAIN
TRD105784,2026-08-18,LT,INE105784,LT,750,3681.28,2760960.0,MORGANSTANLEY-BROKER,EQ-CORE-01,BOOKED,2026-08-19,SELL,3681.28,750,2026-08-18,MORGANSTANLEY-BROKER,RECEIVED,TRAIN
TRD105785,2026-08-13,MARUTI,INE105785,MARUTI,1000,13038.63,13038630.0,NOMURA-BROKER,EQ-ALPHA-03,BOOKED,2026-08-14,BUY,13038.63,1000,2026-08-13,ICICI-CUST,RECEIVED,TRAIN
TRD105786,2026-08-13,WIPRO,INE105786,WIPRO,750,609.21,456907.5,NOMURA-BROKER,EQ-ALPHA-03,BOOKED,2026-08-14,SELL,609.21,750,2026-08-13,NOMURA-BROKER,RECEIVED,TRAIN
TRD105787,2026-08-05,BHARTIARTL,INE105787,BHARTIARTL,750,1694.92,1271190.0,HDFC-CUST,EQ-CORE-01,BOOKED,2026-08-06,BUY,1694.92,750,2026-08-05,HDFC-CUST,RECEIVED,TRAIN
TRD105788,2026-08-06,ICICIBANK,INE105788,ICICIBANK,200,1246.61,249322.0,KOTAK-CUST,EQ-CORE-02,BOOKED,2026-08-07,SELL,1246.61,200,2026-08-06,KOTAK-CUST,RECEIVED,TRAIN
TRD105789,2026-08-16,ITC,INE105789,ITC,1000,468.1,468100.0,ICICI-CUST,EQ-CORE-01,BOOKED,2026-08-17,SELL,468.1,1000,2026-08-16,ICICI-CUST,RECEIVED,TRAIN
TRD105790,2026-08-12,HINDUNILVR,INE105790,HINDUNILVR,2000,2748.32,5496640.0,ICICI-CUST,EQ-CORE-01,BOOKED,2026-08-13,SELL,2748.32,2000,2026-08-12,ICICI-CUST,RECEIVED,TRAIN
TRD105791,2026-08-20,BHARTIARTL,INE105791,BHARTIARTL,2000,1697.82,3395640.0,NOMURA-BROKER,EQ-CORE-02,BOOKED,2026-08-21,SELL,1697.82,2000,2026-08-20,NOMURA-BROKER,RECEIVED,TRAIN
TRD105792,2026-08-11,ITC,INE105792,ITC,250,470.11,117527.5,ICICI-CUST,EQ-CORE-02,BOOKED,2026-08-12,BUY,470.11,250,2026-08-11,ICICI-CUST,RECEIVED,TRAIN
TRD105793,2026-08-15,RELIANCE,INE105793,RELIANCE,750,2855.23,2141422.5,DEUTSCHE-BROKER,EQ-CORE-01,BOOKED,2026-08-16,SELL,2855.23,750,2026-08-15,DEUTSCHE-BROKER,RECEIVED,TRAIN
TRD105794,2026-08-14,HDFCBANK,INE105794,HDFCBANK,750,1678.57,1258927.5,ICICI-CUST,EQ-CORE-02,BOOKED,2026-08-15,BUY,1678.57,750,2026-08-14,ICICI-CUST,RECEIVED,TEST
TRD105795,2026-08-10,BHARTIARTL,INE105795,BHARTIARTL,200,1685.69,337138.0,ICICI-CUST,EQ-INDEX-04,BOOKED,2026-08-11,BUY,1685.69,200,2026-08-10,ICICI-CUST,RECEIVED,TRAIN
TRD105796,2026-08-09,HINDUNILVR,INE105796,HINDUNILVR,200,2742.45,548490.0,KOTAK-CUST,EQ-INDEX-04,BOOKED,2026-08-10,SELL,2742.45,200,2026-08-09,KOTAK-CUST,RECEIVED,TEST
TRD105797,2026-08-10,MARUTI,INE105797,MARUTI,250,12978.42,3244605.0,NOMURA-BROKER,EQ-CORE-02,BOOKED,2026-08-11,BUY,12978.42,250,2026-08-10,NOMURA-BROKER,RECEIVED,TEST
TRD105798,2026-08-13,MARUTI,INE105798,MARUTI,250,13013.78,3253445.0,DEUTSCHE-BROKER,EQ-ALPHA-03,BOOKED,2026-08-14,BUY,13013.78,250,2026-08-13,DEUTSCHE-BROKER,RECEIVED,TRAIN
TRD105799,2026-08-13,SBIN,INE105799,SBIN,100,844.95,84495.0,MORGANSTANLEY-BROKER,EQ-CORE-01,BOOKED,2026-08-14,SELL,844.95,100,2026-08-13,MORGANSTANLEY-BROKER,RECEIVED,TRAIN
TRD105800,2026-08-11,SBIN,INE105800,SBIN,2000,842.3,1684600.0,KOTAK-CUST,EQ-INDEX-04,BOOKED,2026-08-12,SELL,842.3,2050,2026-08-11,KOTAK-CUST,RECEIVED,TRAIN
TRD105801,2026-08-19,TCS,INE105801,TCS,1500,4117.23,6175845.0,KOTAK-CUST,EQ-CORE-01,BOOKED,2026-08-20,BUY,4117.23,1500,2026-08-19,KOTAK-CUST,RECEIVED,TEST
TRD105802,2026-08-14,BHARTIARTL,INE105802,BHARTIARTL,500,1688.51,844255.0,NOMURA-BROKER,EQ-CORE-01,BOOKED,2026-08-15,SELL,1688.51,500,2026-08-14,NOMURA-BROKER,RECEIVED,TEST
TRD105803,2026-08-14,AXISBANK,INE105803,AXISBANK,1000,1178.05,1178050.0,ICICI-CUST,EQ-CORE-01,BOOKED,2026-08-15,BUY,1178.05,1000,2026-08-14,ICICI-CUST,RECEIVED,TRAIN
TRD105804,2026-08-07,HDFCBANK,INE105804,HDFCBANK,1000,1673.78,1673780.0,HDFC-CUST,EQ-CORE-02,BOOKED,2026-08-08,SELL,1673.78,1000,2026-08-07,HDFC-CUST,RECEIVED,TRAIN
TRD105805,2026-08-17,TATASTEEL,INE105805,TATASTEEL,1000,173.19,173190.0,HDFC-CUST,EQ-ALPHA-03,BOOKED,2026-08-18,SELL,173.19,1000,2026-08-17,HDFC-CUST,RECEIVED,TRAIN
TRD105806,2026-08-05,AXISBANK,INE105806,AXISBANK,1500,1175.14,1762710.0,ICICI-CUST,EQ-CORE-02,BOOKED,2026-08-06,SELL,1175.14,1500,2026-08-05,ICICI-CUST,RECEIVED,TRAIN
TRD105807,2026-08-10,TATASTEEL,INE105807,TATASTEEL,2000,173.05,346100.0,MORGANSTANLEY-BROKER,EQ-INDEX-04,BOOKED,2026-08-11,SELL,173.05,2000,2026-08-11,MORGANSTANLEY-BROKER,RECEIVED,TRAIN
TRD105808,2026-08-19,LT,INE105808,LT,750,3681.09,2760817.5,MORGANSTANLEY-BROKER,EQ-INDEX-04,BOOKED,2026-08-20,BUY,3681.09,750,2026-08-19,MORGANSTANLEY-BROKER,RECEIVED,TRAIN
TRD105809,2026-08-02,TCS,INE105809,TCS,1500,4138.46,6207690.0,KOTAK-CUST,EQ-CORE-02,BOOKED,2026-08-03,SELL,4138.46,1500,2026-08-02,KOTAK-CUST,RECEIVED,TRAIN
TRD105810,2026-08-07,KOTAKBANK,INE105810,KOTAKBANK,100,1951.0,195100.0,DEUTSCHE-BROKER,EQ-CORE-02,BOOKED,2026-08-08,BUY,1951.0,100,2026-08-07,DEUTSCHE-BROKER,RECEIVED,TRAIN
TRD105811,2026-08-03,HINDUNILVR,INE105811,HINDUNILVR,1000,2754.21,2754210.0,DEUTSCHE-BROKER,EQ-ALPHA-03,BOOKED,2026-08-04,BUY,2754.21,1000,2026-08-03,DEUTSCHE-BROKER,RECEIVED,TRAIN
TRD105812,2026-08-05,HDFCBANK,INE105812,HDFCBANK,100,1682.59,168259.0,DEUTSCHE-BROKER,EQ-ALPHA-03,BOOKED,2026-08-06,SELL,1682.59,100,2026-08-05,DEUTSCHE-BROKER,RECEIVED,TRAIN
TRD105813,2026-08-13,AXISBANK,INE105813,AXISBANK,100,1175.65,117565.0,HDFC-CUST,EQ-CORE-01,BOOKED,2026-08-14,BUY,1175.65,100,2026-08-13,HDFC-CUST,RECEIVED,TRAIN
TRD105814,2026-08-21,AXISBANK,INE105814,AXISBANK,1500,1177.23,1765845.0,ICICI-CUST,EQ-ALPHA-03,BOOKED,2026-08-22,SELL,,,,,MISSING,TRAIN
TRD105815,2026-08-05,HDFCBANK,INE105815,HDFCBANK,1500,1666.9,2500350.0,HDFC-CUST,EQ-CORE-02,BOOKED,2026-08-06,BUY,1666.9,1500,2026-08-05,MORGANSTANLEY-BROKER,RECEIVED,TRAIN
TRD105816,2026-08-16,BHARTIARTL,INE105816,BHARTIARTL,500,1687.84,843920.0,HDFC-CUST,EQ-ALPHA-03,BOOKED,2026-08-17,SELL,1687.84,500,2026-08-16,HDFC-CUST,RECEIVED,TRAIN
TRD105817,2026-08-10,ITC,INE105817,ITC,1000,468.39,468390.0,HDFC-CUST,EQ-ALPHA-03,BOOKED,2026-08-11,BUY,468.39,1000,2026-08-10,HDFC-CUST,RECEIVED,TRAIN
TRD105818,2026-08-02,RELIANCE,INE105818,RELIANCE,750,2861.33,2145997.5,HDFC-CUST,EQ-CORE-02,BOOKED,2026-08-03,SELL,2861.33,750,2026-08-02,HDFC-CUST,RECEIVED,TRAIN
TRD105819,2026-08-05,HDFCBANK,INE105819,HDFCBANK,100,1670.48,167048.0,KOTAK-CUST,EQ-CORE-02,BOOKED,2026-08-06,SELL,1670.48,300,2026-08-05,KOTAK-CUST,RECEIVED,TRAIN
TRD105820,2026-08-11,ICICIBANK,INE105820,ICICIBANK,1500,1237.16,1855740.0,HDFC-CUST,EQ-CORE-02,BOOKED,2026-08-12,SELL,1237.16,1500,2026-08-11,HDFC-CUST,RECEIVED,TRAIN
TRD105821,2026-08-18,MARUTI,INE105821,MARUTI,1500,12925.6,19388400.0,MORGANSTANLEY-BROKER,EQ-CORE-02,BOOKED,2026-08-19,BUY,12925.6,1500,2026-08-18,MORGANSTANLEY-BROKER,RECEIVED,TRAIN
TRD105822,2026-08-14,HDFCBANK,INE105822,HDFCBANK,100,1678.33,167833.0,NOMURA-BROKER,EQ-ALPHA-03,BOOKED,2026-08-15,SELL,1678.33,100,2026-08-14,NOMURA-BROKER,RECEIVED,TRAIN
TRD105823,2026-08-07,INFY,INE105823,INFY,200,1891.48,378296.0,NOMURA-BROKER,EQ-CORE-01,BOOKED,2026-08-08,BUY,,,,,MISSING,TRAIN
TRD105824,2026-08-03,TCS,INE105824,TCS,250,4120.85,1030212.5,DEUTSCHE-BROKER,EQ-INDEX-04,BOOKED,2026-08-04,BUY,4120.85,250,2026-08-03,DEUTSCHE-BROKER,RECEIVED,TRAIN
TRD105825,2026-08-14,HINDUNILVR,INE105825,HINDUNILVR,500,2749.38,1374690.0,DEUTSCHE-BROKER,EQ-INDEX-04,BOOKED,2026-08-15,BUY,2749.38,500,2026-08-14,DEUTSCHE-BROKER,RECEIVED,TRAIN
TRD105826,2026-08-17,BHARTIARTL,INE105826,BHARTIARTL,750,1690.06,1267545.0,ICICI-CUST,EQ-CORE-02,BOOKED,2026-08-18,BUY,1690.06,750,2026-08-17,ICICI-CUST,RECEIVED,TRAIN
TRD105827,2026-08-09,BHARTIARTL,INE105827,BHARTIARTL,1000,1691.78,1691780.0,KOTAK-CUST,EQ-CORE-01,BOOKED,2026-08-10,BUY,1691.78,1000,2026-08-09,KOTAK-CUST,RECEIVED,TRAIN
TRD105828,2026-08-06,HDFCBANK,INE105828,HDFCBANK,2000,1677.06,3354120.0,NOMURA-BROKER,EQ-ALPHA-03,BOOKED,2026-08-07,BUY,1677.06,2000,2026-08-06,NOMURA-BROKER,RECEIVED,TRAIN
TRD105829,2026-08-07,MARUTI,INE105829,MARUTI,500,12978.78,6489390.0,KOTAK-CUST,EQ-CORE-02,BOOKED,2026-08-08,BUY,12978.78,500,2026-08-07,KOTAK-CUST,RECEIVED,TRAIN
TRD105830,2026-08-09,KOTAKBANK,INE105830,KOTAKBANK,500,1948.96,974480.0,NOMURA-BROKER,EQ-ALPHA-03,BOOKED,2026-08-10,BUY,1948.96,500,2026-08-09,DEUTSCHE-BROKER,RECEIVED,TEST
TRD105831,2026-08-11,MARUTI,INE105831,MARUTI,2000,13038.78,26077560.0,DEUTSCHE-BROKER,EQ-INDEX-04,BOOKED,2026-08-12,BUY,13038.78,2000,2026-08-11,DEUTSCHE-BROKER,RECEIVED,TEST
TRD105832,2026-08-08,AXISBANK,INE105832,AXISBANK,1000,1174.91,1174910.0,ICICI-CUST,EQ-ALPHA-03,BOOKED,2026-08-09,SELL,1174.91,1000,2026-08-08,ICICI-CUST,RECEIVED,TEST
TRD105833,2026-08-15,LT,INE105833,LT,2000,3682.19,7364380.0,ICICI-CUST,EQ-CORE-02,BOOKED,2026-08-16,SELL,3682.19,2000,2026-08-15,ICICI-CUST,RECEIVED,TRAIN
TRD105834,2026-08-20,SBIN,INE105834,SBIN,250,843.77,210942.5,KOTAK-CUST,EQ-CORE-01,BOOKED,2026-08-21,SELL,843.77,250,2026-08-20,KOTAK-CUST,RECEIVED,TEST
TRD105835,2026-08-06,INFY,INE105835,INFY,500,1890.45,945225.0,ICICI-CUST,EQ-CORE-01,BOOKED,2026-08-07,SELL,1890.45,500,2026-08-06,ICICI-CUST,RECEIVED,TEST
TRD105836,2026-08-15,TCS,INE105836,TCS,750,4124.34,3093255.0,DEUTSCHE-BROKER,EQ-INDEX-04,BOOKED,2026-08-16,SELL,4124.34,750,2026-08-15,DEUTSCHE-BROKER,RECEIVED,TRAIN
TRD105837,2026-08-03,AXISBANK,INE105837,AXISBANK,200,1177.25,235450.0,DEUTSCHE-BROKER,EQ-ALPHA-03,BOOKED,2026-08-04,SELL,1194.43,275,2026-08-03,DEUTSCHE-BROKER,RECEIVED,TEST
TRD105838,2026-08-06,BHARTIARTL,INE105838,BHARTIARTL,1000,1684.28,1684280.0,HDFC-CUST,EQ-INDEX-04,BOOKED,2026-08-07,BUY,1684.28,1000,2026-08-06,HDFC-CUST,RECEIVED,TRAIN
TRD105839,2026-08-19,MARUTI,INE105839,MARUTI,1000,13000.32,13000320.0,NOMURA-BROKER,EQ-CORE-01,BOOKED,2026-08-20,BUY,13000.32,1000,2026-08-19,NOMURA-BROKER,RECEIVED,TRAIN
TRD105840,2026-08-09,AXISBANK,INE105840,AXISBANK,750,1180.98,885735.0,MORGANSTANLEY-BROKER,EQ-ALPHA-03,BOOKED,2026-08-10,BUY,1206.05,750,2026-08-09,MORGANSTANLEY-BROKER,RECEIVED,TRAIN
TRD105841,2026-08-11,KOTAKBANK,INE105841,KOTAKBANK,750,1960.4,1470300.0,DEUTSCHE-BROKER,EQ-INDEX-04,BOOKED,2026-08-12,SELL,1960.4,750,2026-08-11,DEUTSCHE-BROKER,RECEIVED,TRAIN
TRD105842,2026-08-08,MARUTI,INE105842,MARUTI,1500,12925.07,19387605.0,MORGANSTANLEY-BROKER,EQ-INDEX-04,BOOKED,2026-08-09,SELL,12925.07,1500,2026-08-09,MORGANSTANLEY-BROKER,RECEIVED,TRAIN
TRD105843,2026-08-02,KOTAKBANK,INE105843,KOTAKBANK,1000,1946.24,1946240.0,NOMURA-BROKER,EQ-CORE-01,BOOKED,2026-08-03,SELL,1946.24,1000,2026-08-02,NOMURA-BROKER,RECEIVED,TRAIN
TRD105844,2026-08-15,AXISBANK,INE105844,AXISBANK,1000,1182.85,1182850.0,MORGANSTANLEY-BROKER,EQ-CORE-02,BOOKED,2026-08-16,BUY,1182.85,1000,2026-08-15,MORGANSTANLEY-BROKER,RECEIVED,TRAIN
TRD105845,2026-08-19,HDFCBANK,INE105845,HDFCBANK,1000,1682.89,1682890.0,HDFC-CUST,EQ-INDEX-04,BOOKED,2026-08-20,BUY,1682.89,1000,2026-08-19,HDFC-CUST,RECEIVED,TRAIN
TRD105846,2026-08-10,TATASTEEL,INE105846,TATASTEEL,200,172.59,34518.0,ICICI-CUST,EQ-CORE-02,BOOKED,2026-08-11,SELL,172.59,200,2026-08-10,ICICI-CUST,RECEIVED,TEST
TRD105847,2026-08-18,RELIANCE,INE105847,RELIANCE,1500,2847.16,4270740.0,KOTAK-CUST,EQ-CORE-02,BOOKED,2026-08-19,SELL,2847.16,1500,2026-08-18,KOTAK-CUST,RECEIVED,TEST
TRD105848,2026-08-15,RELIANCE,INE105848,RELIANCE,2000,2851.5,5703000.0,HDFC-CUST,EQ-CORE-01,BOOKED,2026-08-16,BUY,2851.5,2000,2026-08-16,HDFC-CUST,RECEIVED,TRAIN
TRD105849,2026-08-07,RELIANCE,INE105849,RELIANCE,500,2862.65,1431325.0,MORGANSTANLEY-BROKER,EQ-CORE-01,BOOKED,2026-08-08,BUY,,,,,MISSING,TRAIN
TRD105850,2026-08-19,INFY,INE105850,INFY,100,1895.18,189518.0,MORGANSTANLEY-BROKER,EQ-INDEX-04,BOOKED,2026-08-20,SELL,1895.18,100,2026-08-19,MORGANSTANLEY-BROKER,RECEIVED,TEST
TRD105851,2026-08-08,MARUTI,INE105851,MARUTI,2000,12970.73,25941460.0,DEUTSCHE-BROKER,EQ-CORE-02,BOOKED,2026-08-09,BUY,12970.73,2000,2026-08-08,HDFC-CUST,RECEIVED,TRAIN
TRD105852,2026-08-09,HDFCBANK,INE105852,HDFCBANK,2000,1670.57,3341140.0,MORGANSTANLEY-BROKER,EQ-CORE-02,BOOKED,2026-08-10,SELL,1670.57,2000,2026-08-09,MORGANSTANLEY-BROKER,RECEIVED,TEST
TRD105853,2026-08-15,SBIN,INE105853,SBIN,1500,845.46,1268190.0,NOMURA-BROKER,EQ-CORE-01,BOOKED,2026-08-16,BUY,845.46,1500,2026-08-15,NOMURA-BROKER,RECEIVED,TRAIN
TRD105854,2026-08-11,SBIN,INE105854,SBIN,1500,846.95,1270425.0,DEUTSCHE-BROKER,EQ-ALPHA-03,BOOKED,2026-08-12,BUY,846.95,1500,2026-08-11,DEUTSCHE-BROKER,RECEIVED,TEST
TRD105855,2026-08-02,AXISBANK,INE105855,AXISBANK,1500,1180.12,1770180.0,KOTAK-CUST,EQ-ALPHA-03,BOOKED,2026-08-03,SELL,1180.12,1700,2026-08-02,KOTAK-CUST,RECEIVED,TRAIN
TRD105856,2026-08-08,MARUTI,INE105856,MARUTI,2000,12941.22,25882440.0,ICICI-CUST,EQ-INDEX-04,BOOKED,2026-08-09,SELL,13175.52,2000,2026-08-08,ICICI-CUST,RECEIVED,TRAIN
TRD105857,2026-08-11,WIPRO,INE105857,WIPRO,100,610.9,61090.0,KOTAK-CUST,EQ-INDEX-04,BOOKED,2026-08-12,SELL,610.9,100,2026-08-11,KOTAK-CUST,RECEIVED,TRAIN
TRD105858,2026-08-02,WIPRO,INE105858,WIPRO,500,611.68,305840.0,KOTAK-CUST,EQ-INDEX-04,BOOKED,2026-08-03,BUY,611.68,500,2026-08-02,KOTAK-CUST,RECEIVED,TRAIN
TRD105859,2026-08-04,RELIANCE,INE105859,RELIANCE,250,2845.67,711417.5,HDFC-CUST,EQ-CORE-02,BOOKED,2026-08-05,SELL,2845.67,250,2026-08-04,HDFC-CUST,RECEIVED,TRAIN
TRD105860,2026-08-09,MARUTI,INE105860,MARUTI,1500,12931.69,19397535.0,DEUTSCHE-BROKER,EQ-CORE-01,BOOKED,2026-08-10,BUY,12931.69,1500,2026-08-09,DEUTSCHE-BROKER,RECEIVED,TRAIN
TRD105861,2026-08-10,AXISBANK,INE105861,AXISBANK,1000,1180.44,1180440.0,ICICI-CUST,EQ-CORE-01,BOOKED,2026-08-11,SELL,1180.44,1000,2026-08-10,ICICI-CUST,RECEIVED,TRAIN
TRD105862,2026-08-20,BHARTIARTL,INE105862,BHARTIARTL,200,1696.01,339202.0,DEUTSCHE-BROKER,EQ-CORE-01,BOOKED,2026-08-21,BUY,1696.01,200,2026-08-20,DEUTSCHE-BROKER,RECEIVED,TEST
TRD105863,2026-08-02,RELIANCE,INE105863,RELIANCE,200,2862.37,572474.0,ICICI-CUST,EQ-INDEX-04,BOOKED,2026-08-03,BUY,2862.37,200,2026-08-02,ICICI-CUST,RECEIVED,TEST
TRD105864,2026-08-15,LT,INE105864,LT,1000,3671.23,3671230.0,NOMURA-BROKER,EQ-CORE-02,BOOKED,2026-08-16,SELL,3671.23,1000,2026-08-15,NOMURA-BROKER,RECEIVED,TRAIN
TRD105865,2026-08-13,WIPRO,INE105865,WIPRO,2000,609.03,1218060.0,MORGANSTANLEY-BROKER,EQ-CORE-02,BOOKED,2026-08-14,BUY,609.03,2000,2026-08-13,MORGANSTANLEY-BROKER,RECEIVED,TRAIN
TRD105866,2026-08-04,LT,INE105866,LT,750,3665.6,2749200.0,MORGANSTANLEY-BROKER,EQ-ALPHA-03,BOOKED,2026-08-05,SELL,3665.6,750,2026-08-04,MORGANSTANLEY-BROKER,RECEIVED,TRAIN
TRD105867,2026-08-05,ITC,INE105867,ITC,200,469.01,93802.0,ICICI-CUST,EQ-CORE-02,BOOKED,2026-08-06,BUY,469.01,200,2026-08-05,ICICI-CUST,RECEIVED,TRAIN
TRD105868,2026-08-18,SBIN,INE105868,SBIN,750,842.44,631830.0,NOMURA-BROKER,EQ-ALPHA-03,BOOKED,2026-08-19,BUY,842.44,750,2026-08-18,NOMURA-BROKER,RECEIVED,TRAIN
TRD105869,2026-08-19,SBIN,INE105869,SBIN,200,842.25,168450.0,NOMURA-BROKER,EQ-CORE-01,BOOKED,2026-08-20,BUY,842.25,200,2026-08-19,NOMURA-BROKER,RECEIVED,TRAIN
TRD105870,2026-08-01,HINDUNILVR,INE105870,HINDUNILVR,1000,2748.38,2748380.0,MORGANSTANLEY-BROKER,EQ-ALPHA-03,BOOKED,2026-08-02,BUY,2748.38,1000,2026-08-01,MORGANSTANLEY-BROKER,RECEIVED,TRAIN
TRD105871,2026-08-06,KOTAKBANK,INE105871,KOTAKBANK,750,1947.15,1460362.5,KOTAK-CUST,EQ-INDEX-04,BOOKED,2026-08-07,BUY,1947.15,750,2026-08-06,KOTAK-CUST,RECEIVED,TRAIN
TRD105872,2026-08-05,WIPRO,INE105872,WIPRO,500,611.94,305970.0,HDFC-CUST,EQ-INDEX-04,BOOKED,2026-08-06,SELL,611.94,500,2026-08-05,HDFC-CUST,RECEIVED,TRAIN
TRD105873,2026-08-02,ITC,INE105873,ITC,1500,470.55,705825.0,NOMURA-BROKER,EQ-INDEX-04,BOOKED,2026-08-03,BUY,470.55,1500,2026-08-02,NOMURA-BROKER,RECEIVED,TRAIN
TRD105874,2026-08-03,MARUTI,INE105874,MARUTI,1000,13031.44,13031440.0,HDFC-CUST,EQ-ALPHA-03,BOOKED,2026-08-04,BUY,13031.44,1000,2026-08-03,HDFC-CUST,RECEIVED,TRAIN
TRD105875,2026-08-16,KOTAKBANK,INE105875,KOTAKBANK,500,1956.96,978480.0,MORGANSTANLEY-BROKER,EQ-CORE-02,BOOKED,2026-08-17,SELL,1956.96,500,2026-08-16,MORGANSTANLEY-BROKER,RECEIVED,TRAIN
TRD105876,2026-08-21,ICICIBANK,INE105876,ICICIBANK,750,1242.9,932175.0,HDFC-CUST,EQ-CORE-01,BOOKED,2026-08-22,BUY,1242.9,750,2026-08-21,HDFC-CUST,RECEIVED,TRAIN
TRD105877,2026-08-06,LT,INE105877,LT,500,3676.74,1838370.0,NOMURA-BROKER,EQ-CORE-02,BOOKED,2026-08-07,SELL,3676.74,500,2026-08-06,NOMURA-BROKER,RECEIVED,TRAIN
TRD105878,2026-08-13,WIPRO,INE105878,WIPRO,100,608.4,60840.0,HDFC-CUST,EQ-CORE-02,BOOKED,2026-08-14,BUY,608.4,100,2026-08-13,HDFC-CUST,RECEIVED,TRAIN
TRD105879,2026-08-10,ITC,INE105879,ITC,200,468.19,93638.0,MORGANSTANLEY-BROKER,EQ-CORE-01,BOOKED,2026-08-11,SELL,468.19,200,2026-08-10,MORGANSTANLEY-BROKER,RECEIVED,TEST
TRD105880,2026-08-04,TCS,INE105880,TCS,500,4109.35,2054675.0,ICICI-CUST,EQ-INDEX-04,BOOKED,2026-08-05,SELL,4109.35,500,2026-08-04,ICICI-CUST,RECEIVED,TRAIN
TRD105881,2026-08-15,RELIANCE,INE105881,RELIANCE,1000,2848.72,2848720.0,DEUTSCHE-BROKER,EQ-INDEX-04,BOOKED,2026-08-16,SELL,2848.72,1000,2026-08-15,DEUTSCHE-BROKER,RECEIVED,TRAIN
TRD105882,2026-08-18,TCS,INE105882,TCS,250,4140.84,1035210.0,MORGANSTANLEY-BROKER,EQ-CORE-02,BOOKED,2026-08-19,BUY,4140.84,250,2026-08-18,MORGANSTANLEY-BROKER,RECEIVED,TRAIN
TRD105883,2026-08-05,MARUTI,INE105883,MARUTI,500,12922.77,6461385.0,MORGANSTANLEY-BROKER,EQ-INDEX-04,BOOKED,2026-08-06,SELL,12922.77,500,2026-08-05,MORGANSTANLEY-BROKER,RECEIVED,TRAIN
TRD105884,2026-08-12,HINDUNILVR,INE105884,HINDUNILVR,2000,2739.28,5478560.0,MORGANSTANLEY-BROKER,EQ-CORE-02,BOOKED,2026-08-13,BUY,2739.28,2000,2026-08-12,MORGANSTANLEY-BROKER,RECEIVED,TRAIN
TRD105885,2026-08-01,KOTAKBANK,INE105885,KOTAKBANK,100,1950.01,195001.0,DEUTSCHE-BROKER,EQ-INDEX-04,BOOKED,2026-08-02,SELL,1950.01,100,2026-08-01,DEUTSCHE-BROKER,RECEIVED,TRAIN
TRD105886,2026-08-21,LT,INE105886,LT,2000,3665.83,7331660.0,HDFC-CUST,EQ-ALPHA-03,BOOKED,2026-08-22,SELL,3665.83,2000,2026-08-21,HDFC-CUST,RECEIVED,TRAIN
TRD105887,2026-08-11,KOTAKBANK,INE105887,KOTAKBANK,250,1953.31,488327.5,DEUTSCHE-BROKER,EQ-CORE-01,BOOKED,2026-08-12,BUY,1953.31,250,2026-08-11,DEUTSCHE-BROKER,RECEIVED,TEST
TRD105888,2026-08-14,TATASTEEL,INE105888,TATASTEEL,1500,172.07,258105.0,DEUTSCHE-BROKER,EQ-ALPHA-03,BOOKED,2026-08-15,SELL,172.07,1500,2026-08-14,DEUTSCHE-BROKER,RECEIVED,TRAIN
TRD105889,2026-08-15,TCS,INE105889,TCS,750,4113.18,3084885.0,KOTAK-CUST,EQ-CORE-02,BOOKED,2026-08-16,SELL,4113.18,750,2026-08-15,KOTAK-CUST,RECEIVED,TRAIN
TRD105890,2026-08-10,ITC,INE105890,ITC,750,471.12,353340.0,NOMURA-BROKER,EQ-CORE-02,BOOKED,2026-08-11,SELL,471.12,750,2026-08-10,NOMURA-BROKER,RECEIVED,TEST
TRD105891,2026-08-20,INFY,INE105891,INFY,1500,1893.22,2839830.0,MORGANSTANLEY-BROKER,EQ-CORE-01,BOOKED,2026-08-21,BUY,1893.22,1500,2026-08-20,MORGANSTANLEY-BROKER,RECEIVED,TRAIN
TRD105892,2026-08-04,MARUTI,INE105892,MARUTI,1000,13038.19,13038190.0,ICICI-CUST,EQ-ALPHA-03,BOOKED,2026-08-05,SELL,13038.19,900,2026-08-04,ICICI-CUST,RECEIVED,TEST
TRD105893,2026-08-18,ITC,INE105893,ITC,500,470.25,235125.0,KOTAK-CUST,EQ-CORE-01,BOOKED,2026-08-19,SELL,470.25,500,2026-08-18,KOTAK-CUST,RECEIVED,TRAIN
TRD105894,2026-08-14,ITC,INE105894,ITC,1500,467.9,701850.0,DEUTSCHE-BROKER,EQ-CORE-01,BOOKED,2026-08-15,SELL,467.9,1500,2026-08-14,DEUTSCHE-BROKER,RECEIVED,TEST
TRD105895,2026-08-18,RELIANCE,INE105895,RELIANCE,1500,2857.65,4286475.0,ICICI-CUST,EQ-CORE-02,BOOKED,2026-08-19,BUY,2857.65,1500,2026-08-18,ICICI-CUST,RECEIVED,TRAIN
TRD105896,2026-08-11,TCS,INE105896,TCS,500,4110.83,2055415.0,NOMURA-BROKER,EQ-CORE-01,BOOKED,2026-08-12,BUY,4110.83,500,2026-08-11,NOMURA-BROKER,RECEIVED,TRAIN
TRD105897,2026-08-14,HINDUNILVR,INE105897,HINDUNILVR,2000,2740.66,5481320.0,ICICI-CUST,EQ-CORE-02,BOOKED,2026-08-15,SELL,2740.66,2000,2026-08-14,ICICI-CUST,RECEIVED,TRAIN
TRD105898,2026-08-08,WIPRO,INE105898,WIPRO,1000,609.6,609600.0,HDFC-CUST,EQ-CORE-02,BOOKED,2026-08-09,BUY,609.6,1000,2026-08-08,HDFC-CUST,RECEIVED,TRAIN
TRD105899,2026-08-11,ICICIBANK,INE105899,ICICIBANK,1000,1236.31,1236310.0,DEUTSCHE-BROKER,EQ-CORE-01,BOOKED,2026-08-12,SELL,1236.31,1000,2026-08-11,DEUTSCHE-BROKER,RECEIVED,TRAIN
TRD105900,2026-08-11,TCS,INE105900,TCS,1000,4135.73,4135730.0,NOMURA-BROKER,EQ-INDEX-04,BOOKED,2026-08-12,BUY,4135.73,1000,2026-08-11,NOMURA-BROKER,RECEIVED,TEST
TRD105901,2026-08-01,BHARTIARTL,INE105901,BHARTIARTL,500,1691.0,845500.0,NOMURA-BROKER,EQ-CORE-02,BOOKED,2026-08-02,BUY,1691.0,500,2026-08-01,NOMURA-BROKER,RECEIVED,TRAIN
TRD105902,2026-08-13,ICICIBANK,INE105902,ICICIBANK,250,1240.35,310087.5,ICICI-CUST,EQ-INDEX-04,BOOKED,2026-08-14,BUY,1263.69,175,2026-08-13,ICICI-CUST,RECEIVED,TRAIN
TRD105903,2026-08-15,WIPRO,INE105903,WIPRO,1500,610.84,916260.0,NOMURA-BROKER,EQ-ALPHA-03,BOOKED,2026-08-16,SELL,610.84,1550,2026-08-15,NOMURA-BROKER,RECEIVED,TEST
TRD105904,2026-08-07,BHARTIARTL,INE105904,BHARTIARTL,250,1698.05,424512.5,NOMURA-BROKER,EQ-INDEX-04,BOOKED,2026-08-08,BUY,1698.05,250,2026-08-07,NOMURA-BROKER,RECEIVED,TRAIN
TRD105905,2026-08-09,HDFCBANK,INE105905,HDFCBANK,1000,1677.74,1677740.0,DEUTSCHE-BROKER,EQ-INDEX-04,BOOKED,2026-08-10,BUY,1677.74,1000,2026-08-09,DEUTSCHE-BROKER,RECEIVED,TRAIN
TRD105906,2026-08-07,BHARTIARTL,INE105906,BHARTIARTL,200,1691.6,338320.0,ICICI-CUST,EQ-CORE-02,BOOKED,2026-08-08,BUY,1720.0,125,2026-08-07,ICICI-CUST,RECEIVED,TRAIN
TRD105907,2026-08-06,WIPRO,INE105907,WIPRO,750,607.85,455887.5,NOMURA-BROKER,EQ-CORE-02,BOOKED,2026-08-07,BUY,607.85,750,2026-08-06,NOMURA-BROKER,RECEIVED,TRAIN
TRD105908,2026-08-13,LT,INE105908,LT,100,3693.66,369366.0,HDFC-CUST,EQ-ALPHA-03,BOOKED,2026-08-14,BUY,3693.66,100,2026-08-13,HDFC-CUST,RECEIVED,TRAIN
TRD105909,2026-08-04,KOTAKBANK,INE105909,KOTAKBANK,750,1962.89,1472167.5,MORGANSTANLEY-BROKER,EQ-ALPHA-03,BOOKED,2026-08-05,SELL,1962.89,750,2026-08-04,MORGANSTANLEY-BROKER,RECEIVED,TRAIN
TRD105910,2026-08-18,SBIN,INE105910,SBIN,1000,843.72,843720.0,MORGANSTANLEY-BROKER,EQ-CORE-02,BOOKED,2026-08-19,SELL,843.72,1000,2026-08-18,MORGANSTANLEY-BROKER,RECEIVED,TRAIN
TRD105911,2026-08-01,LT,INE105911,LT,500,3664.9,1832450.0,ICICI-CUST,EQ-CORE-02,BOOKED,2026-08-02,SELL,3664.9,500,2026-08-01,ICICI-CUST,RECEIVED,TRAIN
TRD105912,2026-08-06,BHARTIARTL,INE105912,BHARTIARTL,500,1682.42,841210.0,MORGANSTANLEY-BROKER,EQ-CORE-02,BOOKED,2026-08-07,SELL,1682.42,400,2026-08-06,MORGANSTANLEY-BROKER,RECEIVED,TEST
TRD105913,2026-08-10,ITC,INE105913,ITC,500,468.09,234045.0,MORGANSTANLEY-BROKER,EQ-CORE-01,BOOKED,2026-08-11,SELL,468.09,500,2026-08-10,MORGANSTANLEY-BROKER,RECEIVED,TRAIN
TRD105914,2026-08-04,ITC,INE105914,ITC,1500,468.24,702360.0,DEUTSCHE-BROKER,EQ-INDEX-04,BOOKED,2026-08-05,BUY,468.24,1500,2026-08-04,DEUTSCHE-BROKER,RECEIVED,TRAIN
TRD105915,2026-08-12,TCS,INE105915,TCS,500,4106.24,2053120.0,ICICI-CUST,EQ-INDEX-04,BOOKED,2026-08-13,BUY,4173.75,575,2026-08-12,ICICI-CUST,RECEIVED,TRAIN
TRD105916,2026-08-11,MARUTI,INE105916,MARUTI,1500,13032.86,19549290.0,DEUTSCHE-BROKER,EQ-ALPHA-03,BOOKED,2026-08-12,BUY,13032.86,1500,2026-08-11,DEUTSCHE-BROKER,RECEIVED,TRAIN
TRD105917,2026-08-17,ICICIBANK,INE105917,ICICIBANK,2000,1239.39,2478780.0,MORGANSTANLEY-BROKER,EQ-CORE-02,BOOKED,2026-08-18,BUY,1239.39,2000,2026-08-17,MORGANSTANLEY-BROKER,RECEIVED,TRAIN
TRD105918,2026-08-18,RELIANCE,INE105918,RELIANCE,250,2860.51,715127.5,DEUTSCHE-BROKER,EQ-CORE-02,BOOKED,2026-08-19,SELL,2860.51,250,2026-08-18,DEUTSCHE-BROKER,RECEIVED,TRAIN
TRD105919,2026-08-07,BHARTIARTL,INE105919,BHARTIARTL,2000,1697.72,3395440.0,DEUTSCHE-BROKER,EQ-CORE-02,BOOKED,2026-08-08,BUY,1697.72,2000,2026-08-07,ICICI-CUST,RECEIVED,TEST
TRD105920,2026-08-18,BHARTIARTL,INE105920,BHARTIARTL,500,1686.07,843035.0,KOTAK-CUST,EQ-INDEX-04,BOOKED,2026-08-19,BUY,1686.07,500,2026-08-18,NOMURA-BROKER,RECEIVED,TRAIN
TRD105921,2026-08-13,TCS,INE105921,TCS,2000,4106.64,8213280.0,HDFC-CUST,EQ-CORE-01,BOOKED,2026-08-14,BUY,,,,,MISSING,TRAIN
TRD105922,2026-08-02,HDFCBANK,INE105922,HDFCBANK,1500,1672.04,2508060.0,MORGANSTANLEY-BROKER,EQ-ALPHA-03,BOOKED,2026-08-03,SELL,1672.04,1500,2026-08-02,MORGANSTANLEY-BROKER,RECEIVED,TEST
TRD105923,2026-08-14,ICICIBANK,INE105923,ICICIBANK,200,1242.43,248486.0,HDFC-CUST,EQ-ALPHA-03,BOOKED,2026-08-15,BUY,1242.43,200,2026-08-14,HDFC-CUST,RECEIVED,TRAIN
TRD105924,2026-08-04,MARUTI,INE105924,MARUTI,100,12944.79,1294479.0,ICICI-CUST,EQ-CORE-01,BOOKED,2026-08-05,SELL,12944.79,100,2026-08-04,ICICI-CUST,RECEIVED,TRAIN
TRD105925,2026-08-14,BHARTIARTL,INE105925,BHARTIARTL,500,1694.94,847470.0,HDFC-CUST,EQ-CORE-02,BOOKED,2026-08-15,SELL,1724.24,575,2026-08-14,HDFC-CUST,RECEIVED,TRAIN
TRD105926,2026-08-10,SBIN,INE105926,SBIN,1000,843.96,843960.0,ICICI-CUST,EQ-ALPHA-03,BOOKED,2026-08-11,SELL,843.96,1000,2026-08-10,ICICI-CUST,RECEIVED,TEST
TRD105927,2026-08-19,AXISBANK,INE105927,AXISBANK,1500,1176.15,1764225.0,KOTAK-CUST,EQ-CORE-01,BOOKED,2026-08-20,BUY,1176.15,1500,2026-08-19,KOTAK-CUST,RECEIVED,TEST
TRD105928,2026-08-17,KOTAKBANK,INE105928,KOTAKBANK,100,1955.92,195592.0,DEUTSCHE-BROKER,EQ-CORE-01,BOOKED,2026-08-18,BUY,1955.92,100,2026-08-17,DEUTSCHE-BROKER,RECEIVED,TRAIN
TRD105929,2026-08-02,BHARTIARTL,INE105929,BHARTIARTL,1500,1694.58,2541870.0,HDFC-CUST,EQ-INDEX-04,BOOKED,2026-08-03,BUY,1694.58,1500,2026-08-02,HDFC-CUST,RECEIVED,TEST
TRD105930,2026-08-21,ICICIBANK,INE105930,ICICIBANK,1500,1241.93,1862895.0,ICICI-CUST,EQ-INDEX-04,BOOKED,2026-08-22,SELL,1260.87,1500,2026-08-21,ICICI-CUST,RECEIVED,TRAIN
TRD105931,2026-08-21,AXISBANK,INE105931,AXISBANK,1000,1176.7,1176700.0,MORGANSTANLEY-BROKER,EQ-CORE-01,BOOKED,2026-08-22,SELL,1176.7,1000,2026-08-21,MORGANSTANLEY-BROKER,RECEIVED,TEST
TRD105932,2026-08-09,TATASTEEL,INE105932,TATASTEEL,250,173.14,43285.0,ICICI-CUST,EQ-CORE-01,BOOKED,2026-08-10,SELL,173.14,250,2026-08-09,ICICI-CUST,RECEIVED,TEST
TRD105933,2026-08-10,BHARTIARTL,INE105933,BHARTIARTL,2000,1691.17,3382340.0,KOTAK-CUST,EQ-INDEX-04,BOOKED,2026-08-11,BUY,1725.44,2000,2026-08-10,KOTAK-CUST,RECEIVED,TRAIN
TRD105934,2026-08-14,MARUTI,INE105934,MARUTI,250,13033.11,3258277.5,KOTAK-CUST,EQ-CORE-01,BOOKED,2026-08-15,BUY,13033.11,250,2026-08-14,KOTAK-CUST,RECEIVED,TRAIN
TRD105935,2026-08-07,TATASTEEL,INE105935,TATASTEEL,750,171.85,128887.5,MORGANSTANLEY-BROKER,EQ-CORE-02,BOOKED,2026-08-08,SELL,171.85,750,2026-08-07,HDFC-CUST,RECEIVED,TRAIN
TRD105936,2026-08-01,ICICIBANK,INE105936,ICICIBANK,750,1245.11,933832.5,DEUTSCHE-BROKER,EQ-CORE-01,BOOKED,2026-08-02,BUY,1245.11,750,2026-08-01,DEUTSCHE-BROKER,RECEIVED,TRAIN
TRD105937,2026-08-06,KOTAKBANK,INE105937,KOTAKBANK,100,1959.36,195936.0,MORGANSTANLEY-BROKER,EQ-ALPHA-03,BOOKED,2026-08-07,BUY,1959.36,100,2026-08-06,MORGANSTANLEY-BROKER,RECEIVED,TRAIN
TRD105938,2026-08-01,INFY,INE105938,INFY,500,1893.35,946675.0,KOTAK-CUST,EQ-CORE-01,BOOKED,2026-08-02,SELL,1893.35,500,2026-08-01,KOTAK-CUST,RECEIVED,TRAIN
TRD105939,2026-08-18,BHARTIARTL,INE105939,BHARTIARTL,2000,1683.54,3367080.0,KOTAK-CUST,EQ-CORE-02,BOOKED,2026-08-19,BUY,1683.54,2000,2026-08-18,KOTAK-CUST,RECEIVED,TRAIN
TRD105940,2026-08-16,KOTAKBANK,INE105940,KOTAKBANK,500,1961.1,980550.0,ICICI-CUST,EQ-ALPHA-03,BOOKED,2026-08-17,SELL,1961.1,500,2026-08-16,ICICI-CUST,RECEIVED,TRAIN
TRD105941,2026-08-03,AXISBANK,INE105941,AXISBANK,1000,1178.56,1178560.0,HDFC-CUST,EQ-CORE-02,BOOKED,2026-08-04,SELL,1178.56,1000,2026-08-03,HDFC-CUST,RECEIVED,TRAIN
TRD105942,2026-08-06,HINDUNILVR,INE105942,HINDUNILVR,250,2736.17,684042.5,MORGANSTANLEY-BROKER,EQ-CORE-01,BOOKED,2026-08-07,SELL,2736.17,250,2026-08-06,MORGANSTANLEY-BROKER,RECEIVED,TRAIN
TRD105943,2026-08-19,HINDUNILVR,INE105943,HINDUNILVR,250,2733.18,683295.0,NOMURA-BROKER,EQ-ALPHA-03,BOOKED,2026-08-20,BUY,2733.18,250,2026-08-19,NOMURA-BROKER,RECEIVED,TRAIN
TRD105944,2026-08-18,TCS,INE105944,TCS,2000,4136.12,8272240.0,ICICI-CUST,EQ-CORE-01,BOOKED,2026-08-19,BUY,4136.12,2000,2026-08-18,ICICI-CUST,RECEIVED,TRAIN
TRD105945,2026-08-02,BHARTIARTL,INE105945,BHARTIARTL,1500,1684.76,2527140.0,KOTAK-CUST,EQ-CORE-01,BOOKED,2026-08-03,SELL,1684.76,1500,2026-08-02,KOTAK-CUST,RECEIVED,TRAIN
TRD105946,2026-08-05,WIPRO,INE105946,WIPRO,500,613.32,306660.0,KOTAK-CUST,EQ-CORE-01,BOOKED,2026-08-06,BUY,613.32,500,2026-08-05,KOTAK-CUST,RECEIVED,TRAIN
TRD105947,2026-08-08,TATASTEEL,INE105947,TATASTEEL,750,172.0,129000.0,NOMURA-BROKER,EQ-CORE-02,BOOKED,2026-08-09,SELL,176.24,750,2026-08-08,NOMURA-BROKER,RECEIVED,TRAIN
TRD105948,2026-08-20,RELIANCE,INE105948,RELIANCE,250,2850.11,712527.5,DEUTSCHE-BROKER,EQ-CORE-02,BOOKED,2026-08-21,BUY,2850.11,250,2026-08-20,DEUTSCHE-BROKER,RECEIVED,TRAIN
TRD105949,2026-08-10,LT,INE105949,LT,500,3680.36,1840180.0,KOTAK-CUST,EQ-CORE-01,BOOKED,2026-08-11,BUY,3680.36,500,2026-08-10,KOTAK-CUST,RECEIVED,TRAIN
TRD105950,2026-08-07,ITC,INE105950,ITC,1500,468.22,702330.0,MORGANSTANLEY-BROKER,EQ-ALPHA-03,BOOKED,2026-08-08,BUY,,,,,MISSING,TRAIN
TRD105951,2026-08-01,MARUTI,INE105951,MARUTI,1000,13010.81,13010810.0,HDFC-CUST,EQ-CORE-02,BOOKED,2026-08-02,BUY,13010.81,1000,2026-08-01,HDFC-CUST,RECEIVED,TRAIN
TRD105952,2026-08-04,LT,INE105952,LT,1500,3685.32,5527980.0,KOTAK-CUST,EQ-INDEX-04,BOOKED,2026-08-05,BUY,3685.32,1500,2026-08-04,KOTAK-CUST,RECEIVED,TEST
TRD105953,2026-08-02,MARUTI,INE105953,MARUTI,250,12991.78,3247945.0,MORGANSTANLEY-BROKER,EQ-ALPHA-03,BOOKED,2026-08-03,BUY,13212.9,175,2026-08-02,MORGANSTANLEY-BROKER,RECEIVED,TRAIN
TRD105954,2026-08-09,SBIN,INE105954,SBIN,100,847.75,84775.0,NOMURA-BROKER,EQ-INDEX-04,BOOKED,2026-08-10,BUY,847.75,100,2026-08-09,NOMURA-BROKER,RECEIVED,TRAIN
TRD105955,2026-08-04,SBIN,INE105955,SBIN,100,848.44,84844.0,MORGANSTANLEY-BROKER,EQ-CORE-02,BOOKED,2026-08-05,BUY,848.44,100,2026-08-04,KOTAK-CUST,RECEIVED,TRAIN
TRD105956,2026-08-02,ITC,INE105956,ITC,2000,467.35,934700.0,MORGANSTANLEY-BROKER,EQ-CORE-01,BOOKED,2026-08-03,SELL,467.35,2000,2026-08-02,MORGANSTANLEY-BROKER,RECEIVED,TRAIN
TRD105957,2026-08-19,ICICIBANK,INE105957,ICICIBANK,750,1237.79,928342.5,NOMURA-BROKER,EQ-CORE-02,BOOKED,2026-08-20,BUY,1237.79,750,2026-08-19,NOMURA-BROKER,RECEIVED,TRAIN
TRD105958,2026-08-16,WIPRO,INE105958,WIPRO,200,610.18,122036.0,KOTAK-CUST,EQ-CORE-01,BOOKED,2026-08-17,BUY,610.18,200,2026-08-16,KOTAK-CUST,RECEIVED,TRAIN
TRD105959,2026-08-17,HDFCBANK,INE105959,HDFCBANK,750,1672.8,1254600.0,NOMURA-BROKER,EQ-ALPHA-03,BOOKED,2026-08-18,SELL,1672.8,700,2026-08-17,NOMURA-BROKER,RECEIVED,TRAIN
TRD105960,2026-08-16,SBIN,INE105960,SBIN,2000,847.75,1695500.0,KOTAK-CUST,EQ-ALPHA-03,BOOKED,2026-08-17,SELL,847.75,2000,2026-08-16,KOTAK-CUST,RECEIVED,TRAIN
TRD105961,2026-08-15,BHARTIARTL,INE105961,BHARTIARTL,1500,1697.93,2546895.0,HDFC-CUST,EQ-CORE-02,BOOKED,2026-08-16,SELL,1697.93,1500,2026-08-15,HDFC-CUST,RECEIVED,TRAIN
TRD105962,2026-08-16,BHARTIARTL,INE105962,BHARTIARTL,100,1694.92,169492.0,KOTAK-CUST,EQ-CORE-01,BOOKED,2026-08-17,BUY,1694.92,100,2026-08-16,KOTAK-CUST,RECEIVED,TRAIN
TRD105963,2026-08-07,RELIANCE,INE105963,RELIANCE,200,2851.73,570346.0,DEUTSCHE-BROKER,EQ-CORE-02,BOOKED,2026-08-08,BUY,2851.73,200,2026-08-07,DEUTSCHE-BROKER,RECEIVED,TRAIN
TRD105964,2026-08-19,SBIN,INE105964,SBIN,250,848.06,212015.0,NOMURA-BROKER,EQ-ALPHA-03,BOOKED,2026-08-20,BUY,848.06,250,2026-08-19,NOMURA-BROKER,RECEIVED,TRAIN
TRD105965,2026-08-12,ICICIBANK,INE105965,ICICIBANK,500,1241.8,620900.0,ICICI-CUST,EQ-INDEX-04,BOOKED,2026-08-13,BUY,1241.8,500,2026-08-12,ICICI-CUST,RECEIVED,TRAIN
TRD105966,2026-08-11,INFY,INE105966,INFY,1500,1892.34,2838510.0,DEUTSCHE-BROKER,EQ-INDEX-04,BOOKED,2026-08-12,SELL,1892.34,1500,2026-08-11,DEUTSCHE-BROKER,RECEIVED,TRAIN
TRD105967,2026-08-10,INFY,INE105967,INFY,1500,1888.76,2833140.0,MORGANSTANLEY-BROKER,EQ-CORE-01,BOOKED,2026-08-11,BUY,1888.76,1500,2026-08-10,MORGANSTANLEY-BROKER,RECEIVED,TRAIN
TRD105968,2026-08-13,KOTAKBANK,INE105968,KOTAKBANK,200,1954.28,390856.0,DEUTSCHE-BROKER,EQ-CORE-01,BOOKED,2026-08-14,SELL,1954.28,200,2026-08-13,DEUTSCHE-BROKER,RECEIVED,TRAIN
TRD105969,2026-08-21,SBIN,INE105969,SBIN,250,843.58,210895.0,MORGANSTANLEY-BROKER,EQ-CORE-01,BOOKED,2026-08-22,BUY,843.58,250,2026-08-21,MORGANSTANLEY-BROKER,RECEIVED,TEST
TRD105970,2026-08-09,SBIN,INE105970,SBIN,500,845.49,422745.0,HDFC-CUST,EQ-CORE-02,BOOKED,2026-08-10,BUY,845.49,500,2026-08-09,HDFC-CUST,RECEIVED,TRAIN
TRD105971,2026-08-12,RELIANCE,INE105971,RELIANCE,500,2863.51,1431755.0,HDFC-CUST,EQ-ALPHA-03,BOOKED,2026-08-13,BUY,2863.51,500,2026-08-12,HDFC-CUST,RECEIVED,TEST
TRD105972,2026-08-21,WIPRO,INE105972,WIPRO,1500,607.55,911325.0,MORGANSTANLEY-BROKER,EQ-ALPHA-03,BOOKED,2026-08-22,BUY,607.55,1500,2026-08-21,MORGANSTANLEY-BROKER,RECEIVED,TRAIN
TRD105973,2026-08-10,INFY,INE105973,INFY,2000,1897.48,3794960.0,NOMURA-BROKER,EQ-CORE-01,BOOKED,2026-08-11,BUY,1897.48,2000,2026-08-10,NOMURA-BROKER,RECEIVED,TRAIN
TRD105974,2026-08-20,TCS,INE105974,TCS,750,4125.67,3094252.5,DEUTSCHE-BROKER,EQ-ALPHA-03,BOOKED,2026-08-21,SELL,4125.67,750,2026-08-20,DEUTSCHE-BROKER,RECEIVED,TEST
TRD105975,2026-08-07,SBIN,INE105975,SBIN,750,847.52,635640.0,NOMURA-BROKER,EQ-INDEX-04,BOOKED,2026-08-08,SELL,847.52,750,2026-08-07,NOMURA-BROKER,RECEIVED,TRAIN
TRD105976,2026-08-20,RELIANCE,INE105976,RELIANCE,750,2857.94,2143455.0,ICICI-CUST,EQ-INDEX-04,BOOKED,2026-08-21,SELL,2857.94,750,2026-08-20,ICICI-CUST,RECEIVED,TRAIN
TRD105977,2026-08-12,LT,INE105977,LT,200,3683.95,736790.0,DEUTSCHE-BROKER,EQ-ALPHA-03,BOOKED,2026-08-13,SELL,3736.79,125,2026-08-12,DEUTSCHE-BROKER,RECEIVED,TRAIN
TRD105978,2026-08-04,ITC,INE105978,ITC,500,469.41,234705.0,ICICI-CUST,EQ-CORE-02,BOOKED,2026-08-05,SELL,469.41,500,2026-08-04,ICICI-CUST,RECEIVED,TRAIN
TRD105979,2026-08-13,RELIANCE,INE105979,RELIANCE,1000,2849.65,2849650.0,MORGANSTANLEY-BROKER,EQ-CORE-01,BOOKED,2026-08-14,BUY,2849.65,1000,2026-08-13,MORGANSTANLEY-BROKER,RECEIVED,TRAIN
TRD105980,2026-08-04,LT,INE105980,LT,100,3672.54,367254.0,NOMURA-BROKER,EQ-INDEX-04,BOOKED,2026-08-05,SELL,3672.54,100,2026-08-04,NOMURA-BROKER,RECEIVED,TRAIN
TRD105981,2026-08-02,BHARTIARTL,INE105981,BHARTIARTL,750,1697.0,1272750.0,DEUTSCHE-BROKER,EQ-CORE-02,BOOKED,2026-08-03,BUY,1719.42,675,2026-08-02,DEUTSCHE-BROKER,RECEIVED,TRAIN
TRD105982,2026-08-03,TATASTEEL,INE105982,TATASTEEL,2000,172.73,345460.0,NOMURA-BROKER,EQ-INDEX-04,BOOKED,2026-08-04,BUY,175.14,2075,2026-08-03,NOMURA-BROKER,RECEIVED,TRAIN
TRD105983,2026-08-06,BHARTIARTL,INE105983,BHARTIARTL,1000,1690.51,1690510.0,HDFC-CUST,EQ-INDEX-04,BOOKED,2026-08-07,BUY,1690.51,950,2026-08-06,HDFC-CUST,RECEIVED,TEST
TRD105984,2026-08-09,ICICIBANK,INE105984,ICICIBANK,200,1236.07,247214.0,MORGANSTANLEY-BROKER,EQ-ALPHA-03,BOOKED,2026-08-10,SELL,1236.07,100,2026-08-09,MORGANSTANLEY-BROKER,RECEIVED,TRAIN
TRD105985,2026-08-04,LT,INE105985,LT,1500,3678.28,5517420.0,HDFC-CUST,EQ-INDEX-04,BOOKED,2026-08-05,SELL,3678.28,1500,2026-08-04,HDFC-CUST,RECEIVED,TRAIN
TRD105986,2026-08-18,HINDUNILVR,INE105986,HINDUNILVR,2000,2750.93,5501860.0,ICICI-CUST,EQ-CORE-02,BOOKED,2026-08-19,BUY,2750.93,2000,2026-08-18,ICICI-CUST,RECEIVED,TRAIN
TRD105987,2026-08-20,INFY,INE105987,INFY,2000,1895.18,3790360.0,NOMURA-BROKER,EQ-ALPHA-03,BOOKED,2026-08-21,BUY,1895.18,2000,2026-08-20,NOMURA-BROKER,RECEIVED,TEST
TRD105988,2026-08-13,ICICIBANK,INE105988,ICICIBANK,200,1242.35,248470.0,ICICI-CUST,EQ-ALPHA-03,BOOKED,2026-08-14,BUY,1242.35,200,2026-08-13,ICICI-CUST,RECEIVED,TRAIN
TRD105989,2026-08-18,WIPRO,INE105989,WIPRO,1000,611.43,611430.0,KOTAK-CUST,EQ-ALPHA-03,BOOKED,2026-08-19,BUY,611.43,1000,2026-08-18,KOTAK-CUST,RECEIVED,TEST
TRD105990,2026-08-09,ITC,INE105990,ITC,500,466.84,233420.0,HDFC-CUST,EQ-INDEX-04,BOOKED,2026-08-10,SELL,466.84,500,2026-08-09,HDFC-CUST,RECEIVED,TRAIN
TRD105991,2026-08-12,HDFCBANK,INE105991,HDFCBANK,200,1675.7,335140.0,MORGANSTANLEY-BROKER,EQ-INDEX-04,BOOKED,2026-08-13,SELL,1675.7,200,2026-08-12,MORGANSTANLEY-BROKER,RECEIVED,TRAIN
TRD105992,2026-08-14,RELIANCE,INE105992,RELIANCE,2000,2859.67,5719340.0,MORGANSTANLEY-BROKER,EQ-ALPHA-03,BOOKED,2026-08-15,SELL,2859.67,2000,2026-08-14,MORGANSTANLEY-BROKER,RECEIVED,TRAIN
TRD105993,2026-08-10,LT,INE105993,LT,200,3671.72,734344.0,ICICI-CUST,EQ-CORE-01,BOOKED,2026-08-11,BUY,3671.72,200,2026-08-10,ICICI-CUST,RECEIVED,TRAIN
TRD105994,2026-08-15,WIPRO,INE105994,WIPRO,750,607.52,455640.0,KOTAK-CUST,EQ-INDEX-04,BOOKED,2026-08-16,BUY,607.52,750,2026-08-15,KOTAK-CUST,RECEIVED,TRAIN
TRD105995,2026-08-04,INFY,INE105995,INFY,500,1895.48,947740.0,ICICI-CUST,EQ-INDEX-04,BOOKED,2026-08-05,SELL,1895.48,500,2026-08-04,ICICI-CUST,RECEIVED,TEST
TRD105996,2026-08-20,HINDUNILVR,INE105996,HINDUNILVR,100,2744.08,274408.0,DEUTSCHE-BROKER,EQ-CORE-02,BOOKED,2026-08-21,SELL,2744.08,100,2026-08-20,DEUTSCHE-BROKER,RECEIVED,TRAIN
TRD105997,2026-08-18,LT,INE105997,LT,250,3668.24,917060.0,MORGANSTANLEY-BROKER,EQ-ALPHA-03,BOOKED,2026-08-19,SELL,3668.24,250,2026-08-18,MORGANSTANLEY-BROKER,RECEIVED,TRAIN
TRD105998,2026-08-09,INFY,INE105998,INFY,2000,1898.31,3796620.0,KOTAK-CUST,EQ-INDEX-04,BOOKED,2026-08-10,BUY,1898.31,2000,2026-08-09,KOTAK-CUST,RECEIVED,TEST
TRD105999,2026-08-21,TATASTEEL,INE105999,TATASTEEL,1000,171.79,171790.0,MORGANSTANLEY-BROKER,EQ-INDEX-04,BOOKED,2026-08-22,BUY,171.79,1000,2026-08-21,MORGANSTANLEY-BROKER,RECEIVED,TRAIN
